==PROF== Connected to process 27680 (/home/ubuntu/work/target/release/onpair-chunk-bench)
2026-08-24T05:31:49.187345Z  INFO vortex_cuda: vortex-cuda/src/lib.rs:111: Registering CUDA kernels
==WARNING== Unable to access the following 6 metrics: ctc__rx_bytes_data_user.sum, ctc__rx_bytes_data_user.sum.pct_of_peak_sustained_elapsed, ctc__rx_bytes_data_user.sum.per_second, ctc__tx_bytes_data_user.sum, ctc__tx_bytes_data_user.sum.pct_of_peak_sustained_elapsed, ctc__tx_bytes_data_user.sum.per_second.


==PROF== Profiling "onpair_shmem_4tpt_b128": 0%....50%....100% - 38 passes
==PROF== Profiling "onpair_shmem_4tpt_b128": 0%....50%....100% - 38 passes
==PROF== Profiling "onpair_shmem_4tpt_b128": 0%....50%....100% - 38 passes
==PROF== Profiling "onpair_shmem_4tpt_b128": 0%....50%....100% - 38 passes
==PROF== Profiling "onpair_shmem_4tpt_b128": 0%....50%....100% - 38 passes
==PROF== Profiling "onpair_shmem_4tpt_b128": 0%....50%....100% - 38 passes
==PROF== Profiling "onpair_shmem_4tpt_b128": 0%....50%....100% - 38 passes
==PROF== Profiling "onpair_shmem_4tpt_b128": 0%....50%....100% - 38 passes
==PROF== Profiling "onpair_shmem_4tpt_b128": 0%....50%....100% - 38 passes
==PROF== Profiling "onpair_shmem_4tpt_b128": 0%....50%....100% - 38 passes
==PROF== Profiling "onpair_shmem_4tpt_b128": 0%....50%....100% - 38 passes
==PROF== Profiling "onpair_shmem_4tpt_b128": 0%....50%....100% - 38 passes
==PROF== Profiling "onpair_shmem_4tpt_b128": 0%....50%....100% - 38 passes
==PROF== Profiling "onpair_shmem_4tpt_b128": 0%....50%....100% - 38 passes
==PROF== Profiling "onpair_shmem_4tpt_b128": 0%....50%....100% - 38 passes
==PROF== Profiling "onpair_shmem_4tpt_b128": 0%....50%....100% - 38 passes
{
  "files": [
    "/home/ubuntu/work/vortex-bench/data/onpair-bench/loghub-windows/line/bits12_chunk1000mb_thr0.20_seed20260819/part_0000.vortex"
  ],
  "column": "line",
  "rows": 4139945,
  "in_memory_bytes": 156931216,
  "dict_bytes": 25391,
  "gpu": {
    "iterations": 30,
    "decoded_bytes": 999999899,
    "chunks": 1,
    "total_tokens": 99090926,
    "auto_kernel": "onpair_shmem_4tpt_b128",
    "frac_le8": 0.37251443,
    "dict_mean_len": 10.09174,
    "dict_max_len": 16,
    "dict_entries_max": 4096,
    "small_dict": true,
    "distinct_codes": 3551,
    "access_top4096_frac": 1.0,
    "compressed_bytes": 198211355,
    "h2d_gib_s": 9.842227130650251,
    "whole_decompress_gib_s": 47.509602086241244,
    "best_kernel": "onpair_decompress_6tpt",
    "auto_decode_ms": 0.84704,
    "best_decode_ms": 0.806176,
    "validated": false,
    "auto_decode_gib_s": 1099.5023618151426,
    "best_decode_gib_s": 1155.2346888916297,
    "kernels": [
      {
        "kernel": "onpair_shmem_2tpt",
        "role": "production",
        "stage_bytes": null,
        "chunk_size": 64,
        "decode_ms": 0.92688,
        "decode_gib_s": 1004.7929403503133,
        "decode_ns_iters": [
          930144,
          927584,
          930720,
          929472,
          927520,
          936544,
          929856,
          928928,
          930272,
          927872,
          928128,
          929312,
          936288,
          936288,
          935776,
          927840,
          928992,
          929472,
          926880,
          933312,
          928352,
          930304,
          927776,
          930432,
          928768,
          927936,
          930496,
          929440,
          928192,
          928832
        ],
        "chunk_tokens": 64,
        "block_threads": 512,
        "staged_input_bytes": 210637876,
        "applicable": true
      },
      {
        "kernel": "onpair_shmem_4tpt",
        "role": "production",
        "stage_bytes": null,
        "chunk_size": 128,
        "decode_ms": 0.897088,
        "decode_gib_s": 1038.1617863040176,
        "decode_ns_iters": [
          981760,
          904032,
          902240,
          901568,
          905440,
          898432,
          897088,
          899424,
          899424,
          899264,
          897184,
          898464,
          901440,
          900544,
          900704,
          900512,
          902016,
          902016,
          899168,
          899296,
          900640,
          900800,
          901088,
          901792,
          902656,
          898080,
          899712,
          897824,
          898400,
          898272
        ],
        "chunk_tokens": 128,
        "block_threads": 512,
        "staged_input_bytes": 204444692,
        "applicable": true
      },
      {
        "kernel": "onpair_shmem_4tpt_b128",
        "role": "production",
        "stage_bytes": null,
        "chunk_size": 128,
        "decode_ms": 0.84704,
        "decode_gib_s": 1099.5023618151426,
        "decode_ns_iters": [
          1842057824,
          1824898958,
          1805081844,
          1833228946,
          1864610672,
          1837247968,
          1838674188,
          1834960222,
          1860267401,
          1845393419,
          1839597344,
          1854151011,
          1853803396,
          1833182216,
          908800,
          878432,
          884512,
          892992,
          847136,
          855264,
          847104,
          847904,
          847808,
          847680,
          847104,
          849664,
          849472,
          850368,
          849984,
          847040
        ],
        "chunk_tokens": 128,
        "block_threads": 128,
        "staged_input_bytes": 204444692,
        "applicable": true
      },
      {
        "kernel": "onpair_shmem_4tpt_b128o12",
        "role": "production",
        "stage_bytes": null,
        "chunk_size": 128,
        "decode_ms": 0.83856,
        "decode_gib_s": 1110.6211607421037,
        "decode_ns_iters": [
          844704,
          845696,
          841696,
          843840,
          843584,
          844448,
          845184,
          838560,
          848032,
          849472,
          844960,
          842752,
          840928,
          843520,
          843840,
          846144,
          846528,
          845184,
          846560,
          845440,
          847136,
          845120,
          844800,
          844544,
          845664,
          852416,
          844864,
          845600,
          844224,
          846656
        ],
        "chunk_tokens": 128,
        "block_threads": 128,
        "staged_input_bytes": 204444692,
        "applicable": true
      },
      {
        "kernel": "onpair_decompress_1tpt",
        "role": "production",
        "stage_bytes": null,
        "chunk_size": 32,
        "decode_ms": 1.495936,
        "decode_gib_s": 622.5683990170024,
        "decode_ns_iters": [
          1495936,
          1498432,
          1496224,
          1506368,
          1498176,
          1496416,
          1497248,
          1497728,
          1500256,
          1496224,
          1501472,
          1496960,
          1501280,
          1505472,
          1498016,
          1498912,
          1497024,
          1496160,
          1506688,
          1497472,
          1497024,
          1499392,
          1497536,
          1497440,
          1497824,
          1499008,
          1498080,
          1501920,
          1499840,
          1501216
        ],
        "chunk_tokens": 32,
        "block_threads": 256,
        "staged_input_bytes": 223022212,
        "comparison": "tpt-matched",
        "abi_family": "packed",
        "launch_bounds_max_threads": 256,
        "launch_bounds_min_blocks": 4,
        "applicable": true
      },
      {
        "kernel": "onpair_decompress_2tpt",
        "role": "production",
        "stage_bytes": null,
        "chunk_size": 64,
        "decode_ms": 1.0112,
        "decode_gib_s": 921.0071999128742,
        "decode_ns_iters": [
          1017184,
          1017568,
          1014752,
          1015488,
          1014624,
          1015904,
          1013024,
          1015904,
          1011200,
          1018144,
          1020416,
          1016640,
          1017952,
          1017792,
          1018208,
          1018624,
          1015840,
          1013088,
          1015232,
          1016000,
          1016352,
          1013664,
          1016640,
          1017920,
          1014944,
          1017824,
          1018432,
          1018304,
          1019168,
          1019584
        ],
        "chunk_tokens": 64,
        "block_threads": 256,
        "staged_input_bytes": 210635844,
        "comparison": "tpt-matched",
        "abi_family": "packed",
        "launch_bounds_max_threads": 256,
        "launch_bounds_min_blocks": 4,
        "applicable": true
      },
      {
        "kernel": "onpair_decompress_3tpt",
        "role": "production",
        "stage_bytes": null,
        "chunk_size": 96,
        "decode_ms": 0.871744,
        "decode_gib_s": 1068.3440098835192,
        "decode_ns_iters": [
          876992,
          874016,
          875776,
          872960,
          873792,
          873696,
          876128,
          874048,
          872192,
          876224,
          874816,
          871744,
          877152,
          873600,
          872256,
          875200,
          876128,
          872544,
          873696,
          874400,
          876896,
          873632,
          872896,
          875104,
          875040,
          872704,
          876480,
          873504,
          875232,
          876128
        ],
        "chunk_tokens": 96,
        "block_threads": 256,
        "staged_input_bytes": 206507060,
        "comparison": "tpt-matched",
        "abi_family": "packed",
        "launch_bounds_max_threads": 256,
        "launch_bounds_min_blocks": 4,
        "applicable": true
      },
      {
        "kernel": "onpair_decompress",
        "role": "production",
        "stage_bytes": null,
        "chunk_size": 128,
        "decode_ms": 0.82144,
        "decode_gib_s": 1133.7681152024475,
        "decode_ns_iters": [
          827456,
          825536,
          825984,
          824160,
          823232,
          834944,
          823968,
          825536,
          825568,
          827136,
          825216,
          824128,
          825248,
          824000,
          826176,
          827424,
          826688,
          827104,
          825600,
          824128,
          827456,
          821440,
          822976,
          822496,
          824864,
          824064,
          822336,
          822656,
          822272,
          822720
        ],
        "chunk_tokens": 128,
        "block_threads": 256,
        "staged_input_bytes": 204442660,
        "comparison": "tpt-matched",
        "abi_family": "packed",
        "launch_bounds_max_threads": 256,
        "launch_bounds_min_blocks": 4,
        "applicable": true
      },
      {
        "kernel": "onpair_decompress_5tpt",
        "role": "production",
        "stage_bytes": null,
        "chunk_size": 160,
        "decode_ms": 0.829184,
        "decode_gib_s": 1123.179512088871,
        "decode_ns_iters": [
          833504,
          831232,
          830720,
          830880,
          831168,
          829952,
          834496,
          831328,
          833152,
          840384,
          831840,
          830304,
          832576,
          833408,
          834080,
          832320,
          832128,
          830560,
          829600,
          829952,
          830240,
          830656,
          830688,
          830272,
          836832,
          829184,
          830976,
          831104,
          831264,
          831648
        ],
        "chunk_tokens": 160,
        "block_threads": 256,
        "staged_input_bytes": 203204028,
        "comparison": "tpt-matched",
        "abi_family": "packed",
        "launch_bounds_max_threads": 256,
        "launch_bounds_min_blocks": 4,
        "applicable": true
      },
      {
        "kernel": "onpair_decompress_6tpt",
        "role": "production",
        "stage_bytes": null,
        "chunk_size": 192,
        "decode_ms": 0.806176,
        "decode_gib_s": 1155.2346888916297,
        "decode_ns_iters": [
          809728,
          814528,
          809152,
          811808,
          808640,
          810080,
          808352,
          809312,
          809920,
          810592,
          809056,
          815296,
          807808,
          807552,
          807616,
          810016,
          807232,
          807392,
          806560,
          807808,
          806720,
          807136,
          806272,
          807712,
          808320,
          807168,
          807328,
          806176,
          809504,
          806624
        ],
        "chunk_tokens": 192,
        "block_threads": 256,
        "staged_input_bytes": 202378268,
        "comparison": "tpt-matched",
        "abi_family": "packed",
        "launch_bounds_max_threads": 256,
        "launch_bounds_min_blocks": 4,
        "applicable": true
      },
      {
        "kernel": "onpair_decompress_7tpt",
        "role": "production",
        "stage_bytes": null,
        "chunk_size": 224,
        "decode_ms": 0.817696,
        "decode_gib_s": 1138.9593205199712,
        "decode_ns_iters": [
          822016,
          823456,
          822720,
          823136,
          822144,
          821728,
          822464,
          820256,
          821920,
          827872,
          822528,
          817696,
          818560,
          824704,
          820928,
          822880,
          823936,
          823520,
          823136,
          822464,
          822880,
          823264,
          823712,
          825024,
          821376,
          824032,
          818912,
          820192,
          820352,
          823232
        ],
        "chunk_tokens": 224,
        "block_threads": 256,
        "staged_input_bytes": 201788444,
        "comparison": "tpt-matched",
        "abi_family": "packed",
        "launch_bounds_max_threads": 256,
        "launch_bounds_min_blocks": 4,
        "applicable": true
      },
      {
        "kernel": "onpair_decompress_8tpt",
        "role": "production",
        "stage_bytes": null,
        "chunk_size": 256,
        "decode_ms": 0.851776,
        "decode_gib_s": 1093.3889667610952,
        "decode_ns_iters": [
          851776,
          852992,
          856448,
          856160,
          854784,
          853856,
          856416,
          853920,
          855680,
          855104,
          854624,
          854528,
          852000,
          854464,
          854208,
          855104,
          853888,
          855712,
          854880,
          856448,
          852672,
          852224,
          853824,
          854304,
          854080,
          858880,
          856000,
          856320,
          852832,
          853920
        ],
        "chunk_tokens": 256,
        "block_threads": 256,
        "staged_input_bytes": 201346068,
        "comparison": "tpt-matched",
        "abi_family": "packed",
        "launch_bounds_max_threads": 256,
        "launch_bounds_min_blocks": 4,
        "applicable": true
      },
      {
        "kernel": "onpair_shmem_4tpt_split8read",
        "role": "production",
        "stage_bytes": null,
        "chunk_size": 128,
        "decode_ms": 0.889568,
        "decode_gib_s": 1046.9379300423334,
        "decode_ns_iters": [
          892928,
          891744,
          890976,
          890816,
          889568,
          891776,
          891392,
          890880,
          891200,
          890432,
          901248,
          893472,
          892576,
          895040,
          899392,
          892704,
          892672,
          891936,
          898272,
          892480,
          892832,
          892352,
          900544,
          891168,
          894688,
          893248,
          899456,
          892160,
          892960,
          892736
        ],
        "chunk_tokens": 128,
        "block_threads": 512,
        "staged_input_bytes": 204477476,
        "applicable": true
      },
      {
        "kernel": "onpair_shmem_8tpt",
        "role": "production",
        "stage_bytes": null,
        "chunk_size": 256,
        "decode_ms": 0.846336,
        "decode_gib_s": 1100.4169508940877,
        "decode_ns_iters": [
          850048,
          851104,
          847616,
          848096,
          854816,
          846848,
          848032,
          847424,
          848160,
          846336,
          849024,
          850080,
          850400,
          850208,
          851232,
          848896,
          848096,
          851040,
          850400,
          848736,
          850464,
          849280,
          850368,
          859328,
          850944,
          851744,
          860992,
          857024,
          850880,
          849792
        ],
        "chunk_tokens": 256,
        "block_threads": 256,
        "staged_input_bytes": 201348100,
        "applicable": true
      },
      {
        "kernel": "onpair_shmem_8tpt_b128",
        "role": "production",
        "stage_bytes": null,
        "chunk_size": 256,
        "decode_ms": 0.851168,
        "decode_gib_s": 1094.1699882419198,
        "decode_ns_iters": [
          856640,
          856896,
          860544,
          853440,
          853376,
          853472,
          851168,
          852384,
          851264,
          852992,
          854304,
          854528,
          855168,
          853856,
          856032,
          854016,
          854848,
          855264,
          854080,
          856832,
          856352,
          854336,
          853600,
          852352,
          859584,
          851872,
          853984,
          853600,
          853504,
          853728
        ],
        "chunk_tokens": 256,
        "block_threads": 128,
        "staged_input_bytes": 201348100,
        "applicable": true
      },
      {
        "kernel": "onpair_shmem_s8_4tpt",
        "role": "production",
        "stage_bytes": null,
        "chunk_size": 128,
        "decode_ms": 0.0,
        "decode_gib_s": 0.0,
        "chunk_tokens": 128,
        "block_threads": 512,
        "staged_input_bytes": 204411924,
        "applicable": false,
        "reason": "dictionary entry longer than 8 bytes"
      },
      {
        "kernel": "onpair_shmem_s4l1_16tpt",
        "role": "production",
        "stage_bytes": null,
        "chunk_size": 512,
        "decode_ms": 0.0,
        "decode_gib_s": 0.0,
        "chunk_tokens": 512,
        "block_threads": 256,
        "staged_input_bytes": 199750652,
        "applicable": false,
        "reason": "dictionary entry longer than 4 bytes"
      },
      {
        "kernel": "onpair_shmem_const1",
        "role": "production",
        "stage_bytes": null,
        "chunk_size": 512,
        "decode_ms": 0.0,
        "decode_gib_s": 0.0,
        "chunk_tokens": 512,
        "block_threads": 512,
        "staged_input_bytes": 198185948,
        "applicable": false,
        "reason": "not every dictionary entry is exactly 1 byte"
      },
      {
        "kernel": "onpair_shmem_const2",
        "role": "production",
        "stage_bytes": null,
        "chunk_size": 256,
        "decode_ms": 0.0,
        "decode_gib_s": 0.0,
        "chunk_tokens": 256,
        "block_threads": 512,
        "staged_input_bytes": 198190044,
        "applicable": false,
        "reason": "not every dictionary entry is exactly 2 bytes"
      },
      {
        "kernel": "onpair_dg_k1_t64_b1",
        "role": "experimental",
        "stage_bytes": null,
        "chunk_size": 32,
        "decode_ms": 1.463328,
        "decode_gib_s": 636.4413723730418,
        "decode_ns_iters": [
          1471200,
          1469856,
          1474080,
          1471744,
          1466432,
          1477760,
          1471584,
          1467552,
          1470016,
          1468224,
          1466176,
          1467872,
          1482240,
          1467808,
          1468224,
          1471936,
          1467840,
          1467968,
          1467968,
          1474912,
          1466208,
          1466592,
          1466816,
          1463328,
          1467264,
          1465280,
          1465696,
          1466528,
          1466752,
          1464352
        ],
        "chunk_tokens": 32,
        "block_threads": 64,
        "staged_input_bytes": 223022212,
        "applicable": true
      },
      {
        "kernel": "onpair_dg_k1_t64_b2",
        "role": "experimental",
        "stage_bytes": null,
        "chunk_size": 32,
        "decode_ms": 1.46048,
        "decode_gib_s": 637.6824609388,
        "decode_ns_iters": [
          1467840,
          1467232,
          1466464,
          1463872,
          1463232,
          1467040,
          1475104,
          1470784,
          1470048,
          1472512,
          1471744,
          1471360,
          1473504,
          1471360,
          1472256,
          1473024,
          1470848,
          1460480,
          1465856,
          1466336,
          1470240,
          1467520,
          1471200,
          1468800,
          1470336,
          1467616,
          1469920,
          1464672,
          1469472,
          1466304
        ],
        "chunk_tokens": 32,
        "block_threads": 64,
        "staged_input_bytes": 223022212,
        "applicable": true
      },
      {
        "kernel": "onpair_dg_k1_t64_b4",
        "role": "experimental",
        "stage_bytes": null,
        "chunk_size": 32,
        "decode_ms": 1.46592,
        "decode_gib_s": 635.3160339936003,
        "decode_ns_iters": [
          1469120,
          1470560,
          1470944,
          1469952,
          1471904,
          1471584,
          1469696,
          1468576,
          1466176,
          1468640,
          1470432,
          1471136,
          1470464,
          1470368,
          1470432,
          1472128,
          1471488,
          1472064,
          1468544,
          1468864,
          1471392,
          1467904,
          1467040,
          1467808,
          1471616,
          1468160,
          1468736,
          1471520,
          1465920,
          1469856
        ],
        "chunk_tokens": 32,
        "block_threads": 64,
        "staged_input_bytes": 223022212,
        "applicable": true
      },
      {
        "kernel": "onpair_dg_k1_t64_b6",
        "role": "experimental",
        "stage_bytes": null,
        "chunk_size": 32,
        "decode_ms": 1.465088,
        "decode_gib_s": 635.6768197895952,
        "decode_ns_iters": [
          1465088,
          1471104,
          1471104,
          1467712,
          1469952,
          1465568,
          1470848,
          1470912,
          1467168,
          1482240,
          1472384,
          1472672,
          1475104,
          1474464,
          1470880,
          1474144,
          1483200,
          1472800,
          1476416,
          1470688,
          1470368,
          1472096,
          1467392,
          1477440,
          1469312,
          1470912,
          1472704,
          1475680,
          1468032,
          1472384
        ],
        "chunk_tokens": 32,
        "block_threads": 64,
        "staged_input_bytes": 223022212,
        "applicable": true
      },
      {
        "kernel": "onpair_dg_k1_t64_b8",
        "role": "experimental",
        "stage_bytes": null,
        "chunk_size": 32,
        "decode_ms": 1.465216,
        "decode_gib_s": 635.6212876134975,
        "decode_ns_iters": [
          1473280,
          1473408,
          1469568,
          1472544,
          1471072,
          1467552,
          1465216,
          1473280,
          1471296,
          1469056,
          1471840,
          1477920,
          1470144,
          1476032,
          1470496,
          1471808,
          1473760,
          1475264,
          1472736,
          1470016,
          1475104,
          1468192,
          1472416,
          1472064,
          1471264,
          1468512,
          1467840,
          1470496,
          1468096,
          1467968
        ],
        "chunk_tokens": 32,
        "block_threads": 64,
        "staged_input_bytes": 223022212,
        "applicable": true
      },
      {
        "kernel": "onpair_dg_k1_t128_b1",
        "role": "experimental",
        "stage_bytes": null,
        "chunk_size": 32,
        "decode_ms": 1.520096,
        "decode_gib_s": 612.673463091738,
        "decode_ns_iters": [
          1522944,
          1525568,
          1525280,
          1535360,
          1528704,
          1525280,
          1526656,
          1532128,
          1535520,
          1541440,
          1532544,
          1528224,
          1537408,
          1533216,
          1537216,
          1526528,
          1532384,
          1531840,
          1533216,
          1529664,
          1537632,
          1526720,
          1522880,
          1520704,
          1526432,
          1528288,
          1526144,
          1520096,
          1536128,
          1536512
        ],
        "chunk_tokens": 32,
        "block_threads": 128,
        "staged_input_bytes": 223022212,
        "applicable": true
      },
      {
        "kernel": "onpair_dg_k1_t128_b2",
        "role": "experimental",
        "stage_bytes": null,
        "chunk_size": 32,
        "decode_ms": 1.520416,
        "decode_gib_s": 612.5445144959659,
        "decode_ns_iters": [
          1531136,
          1531680,
          1524672,
          1530464,
          1537728,
          1538432,
          1532480,
          1525536,
          1527776,
          1532384,
          1527552,
          1540128,
          1528992,
          1527904,
          1522560,
          1525696,
          1533568,
          1531616,
          1531904,
          1526784,
          1523168,
          1520416,
          1527904,
          1529760,
          1533376,
          1528960,
          1523968,
          1526912,
          1524928,
          1531040
        ],
        "chunk_tokens": 32,
        "block_threads": 128,
        "staged_input_bytes": 223022212,
        "applicable": true
      },
      {
        "kernel": "onpair_dg_k1_t128_b4",
        "role": "experimental",
        "stage_bytes": null,
        "chunk_size": 32,
        "decode_ms": 1.51728,
        "decode_gib_s": 613.8105560950506,
        "decode_ns_iters": [
          1534112,
          1531072,
          1527520,
          1532032,
          1527776,
          1533504,
          1532160,
          1527168,
          1528288,
          1531936,
          1531552,
          1526592,
          1533600,
          1532608,
          1526112,
          1532416,
          1532128,
          1517280,
          1522016,
          1528544,
          1531360,
          1529184,
          1530720,
          1524896,
          1525280,
          1526432,
          1530112,
          1530272,
          1524512,
          1527168
        ],
        "chunk_tokens": 32,
        "block_threads": 128,
        "staged_input_bytes": 223022212,
        "applicable": true
      },
      {
        "kernel": "onpair_dg_k1_t128_b6",
        "role": "experimental",
        "stage_bytes": null,
        "chunk_size": 32,
        "decode_ms": 1.549376,
        "decode_gib_s": 601.0952025537367,
        "decode_ns_iters": [
          1554208,
          1549376,
          1549376,
          1553152,
          1556160,
          1550752,
          1554432,
          1568064,
          1557664,
          1555168,
          1563712,
          1552608,
          1558624,
          1561632,
          1553504,
          1556064,
          1550976,
          1560352,
          1553888,
          1555264,
          1552960,
          1554784,
          1556608,
          1554368,
          1552704,
          1553184,
          1553248,
          1551360,
          1551840,
          1553376
        ],
        "chunk_tokens": 32,
        "block_threads": 128,
        "staged_input_bytes": 223022212,
        "applicable": true
      },
      {
        "kernel": "onpair_dg_k1_t128_b8",
        "role": "experimental",
        "stage_bytes": null,
        "chunk_size": 32,
        "decode_ms": 1.429344,
        "decode_gib_s": 651.573365510261,
        "decode_ns_iters": [
          1431072,
          1437632,
          1431392,
          1433376,
          1430720,
          1432256,
          1434784,
          1431776,
          1432448,
          1432224,
          1434272,
          1434464,
          1429824,
          1434688,
          1441536,
          1435904,
          1432992,
          1434912,
          1430528,
          1432704,
          1434752,
          1431808,
          1429344,
          1435168,
          1434464,
          1440736,
          1433216,
          1432384,
          1434432,
          1435264
        ],
        "chunk_tokens": 32,
        "block_threads": 128,
        "staged_input_bytes": 223022212,
        "applicable": true
      },
      {
        "kernel": "onpair_dg_k1_t256_b1",
        "role": "experimental",
        "stage_bytes": null,
        "chunk_size": 32,
        "decode_ms": 1.751072,
        "decode_gib_s": 531.8584732963,
        "decode_ns_iters": [
          1753440,
          1756192,
          1754944,
          1754656,
          1761632,
          1755360,
          1756960,
          1755872,
          1759968,
          1756224,
          1756896,
          1759136,
          1753952,
          1751840,
          1756032,
          1753472,
          1756288,
          1755072,
          1759808,
          1753024,
          1754048,
          1751072,
          1754688,
          1753824,
          1752608,
          1761184,
          1766208,
          1756768,
          1758016,
          1755648
        ],
        "chunk_tokens": 32,
        "block_threads": 256,
        "staged_input_bytes": 223022212,
        "applicable": true
      },
      {
        "kernel": "onpair_dg_k1_t256_b2",
        "role": "experimental",
        "stage_bytes": null,
        "chunk_size": 32,
        "decode_ms": 1.752352,
        "decode_gib_s": 531.4699789493769,
        "decode_ns_iters": [
          1752512,
          1752832,
          1759328,
          1755808,
          1754368,
          1755552,
          1752352,
          1754816,
          1756864,
          1760608,
          1755040,
          1754880,
          1752896,
          1752768,
          1755744,
          1755264,
          1758272,
          1754848,
          1752928,
          1753216,
          1753248,
          1755136,
          1755904,
          1762880,
          1756640,
          1757952,
          1757216,
          1758400,
          1755264,
          1756128
        ],
        "chunk_tokens": 32,
        "block_threads": 256,
        "staged_input_bytes": 223022212,
        "applicable": true
      },
      {
        "kernel": "onpair_dg_k1_t256_b4",
        "role": "experimental",
        "stage_bytes": null,
        "chunk_size": 32,
        "decode_ms": 1.493856,
        "decode_gib_s": 623.4352444625844,
        "decode_ns_iters": [
          1499776,
          1499936,
          1497568,
          1499776,
          1508928,
          1502752,
          1501184,
          1501408,
          1497248,
          1508704,
          1497408,
          1498432,
          1493856,
          1496704,
          1505824,
          1499744,
          1498720,
          1501024,
          1502304,
          1509248,
          1501440,
          1499904,
          1499872,
          1499584,
          1506240,
          1499584,
          1498016,
          1496928,
          1496320,
          1508640
        ],
        "chunk_tokens": 32,
        "block_threads": 256,
        "staged_input_bytes": 223022212,
        "applicable": true
      },
      {
        "kernel": "onpair_dg_k1_t256_b6",
        "role": "experimental",
        "stage_bytes": null,
        "chunk_size": 32,
        "decode_ms": 1.142752,
        "decode_gib_s": 814.9821488406045,
        "decode_ns_iters": [
          1145056,
          1148960,
          1147904,
          1148320,
          1148768,
          1147040,
          1146720,
          1144000,
          1146112,
          1145312,
          1144736,
          1145376,
          1142752,
          1143456,
          1144800,
          1144928,
          1145632,
          1147616,
          1156352,
          1147904,
          1147520,
          1144288,
          1146848,
          1144448,
          1147424,
          1146112,
          1145824,
          1144032,
          1148384,
          1148032
        ],
        "chunk_tokens": 32,
        "block_threads": 256,
        "staged_input_bytes": 223022212,
        "applicable": true
      },
      {
        "kernel": "onpair_dg_k1_t256_b8",
        "role": "experimental",
        "stage_bytes": null,
        "chunk_size": 32,
        "decode_ms": 1.08016,
        "decode_gib_s": 862.2078956375893,
        "decode_ns_iters": [
          1083808,
          1085728,
          1083040,
          1080704,
          1083712,
          1082528,
          1084064,
          1083840,
          1089568,
          1083552,
          1082720,
          1083616,
          1083200,
          1083264,
          1084512,
          1083200,
          1084960,
          1084416,
          1085728,
          1082432,
          1092896,
          1081952,
          1080160,
          1082016,
          1082304,
          1081824,
          1080576,
          1080192,
          1084064,
          1080288
        ],
        "chunk_tokens": 32,
        "block_threads": 256,
        "staged_input_bytes": 223022212,
        "applicable": true
      },
      {
        "kernel": "onpair_dg_k2_t64_b1",
        "role": "experimental",
        "stage_bytes": null,
        "chunk_size": 64,
        "decode_ms": 0.96,
        "decode_gib_s": 970.1275839082276,
        "decode_ns_iters": [
          965472,
          966016,
          962880,
          962496,
          964672,
          969248,
          960000,
          963264,
          962240,
          960672,
          960128,
          962560,
          961536,
          964672,
          966208,
          966912,
          966112,
          965440,
          964288,
          965280,
          969440,
          963584,
          962592,
          964608,
          962496,
          962656,
          962368,
          961824,
          963744,
          964768
        ],
        "chunk_tokens": 64,
        "block_threads": 64,
        "staged_input_bytes": 210635844,
        "applicable": true
      },
      {
        "kernel": "onpair_dg_k2_t64_b2",
        "role": "experimental",
        "stage_bytes": null,
        "chunk_size": 64,
        "decode_ms": 0.960064,
        "decode_gib_s": 970.0629130473577,
        "decode_ns_iters": [
          962112,
          962560,
          961344,
          964544,
          962752,
          966592,
          964672,
          961440,
          962624,
          960064,
          965152,
          961920,
          967328,
          961600,
          967776,
          963552,
          962208,
          965056,
          964992,
          964512,
          963296,
          963360,
          966112,
          964416,
          966432,
          961984,
          962432,
          965632,
          970080,
          964960
        ],
        "chunk_tokens": 64,
        "block_threads": 64,
        "staged_input_bytes": 210635844,
        "applicable": true
      },
      {
        "kernel": "onpair_dg_k2_t64_b4",
        "role": "experimental",
        "stage_bytes": null,
        "chunk_size": 64,
        "decode_ms": 0.957984,
        "decode_gib_s": 972.1691391003384,
        "decode_ns_iters": [
          966368,
          965440,
          964032,
          964192,
          961600,
          961088,
          971008,
          963968,
          962912,
          965376,
          962048,
          960416,
          959008,
          961312,
          961184,
          959584,
          964512,
          962432,
          960640,
          961408,
          960992,
          959392,
          966080,
          963296,
          963200,
          963040,
          964512,
          957984,
          963136,
          962720
        ],
        "chunk_tokens": 64,
        "block_threads": 64,
        "staged_input_bytes": 210635844,
        "applicable": true
      },
      {
        "kernel": "onpair_dg_k2_t64_b6",
        "role": "experimental",
        "stage_bytes": null,
        "chunk_size": 64,
        "decode_ms": 0.957312,
        "decode_gib_s": 972.851568299466,
        "decode_ns_iters": [
          968416,
          972704,
          964448,
          965760,
          960736,
          965152,
          962112,
          962752,
          961248,
          963104,
          963264,
          962624,
          961984,
          961728,
          961760,
          958240,
          967296,
          960064,
          961376,
          961664,
          962656,
          961824,
          958688,
          957312,
          962720,
          962976,
          961216,
          961280,
          960832,
          964192
        ],
        "chunk_tokens": 64,
        "block_threads": 64,
        "staged_input_bytes": 210635844,
        "applicable": true
      },
      {
        "kernel": "onpair_dg_k2_t64_b8",
        "role": "experimental",
        "stage_bytes": null,
        "chunk_size": 64,
        "decode_ms": 0.957888,
        "decode_gib_s": 972.2665703630263,
        "decode_ns_iters": [
          965248,
          964384,
          963072,
          957952,
          959136,
          961248,
          959232,
          962752,
          961024,
          961376,
          959808,
          960704,
          964256,
          962144,
          964768,
          962752,
          965920,
          961856,
          961184,
          964576,
          962368,
          960832,
          960000,
          960352,
          957888,
          959840,
          961728,
          966944,
          964416,
          966752
        ],
        "chunk_tokens": 64,
        "block_threads": 64,
        "staged_input_bytes": 210635844,
        "applicable": true
      },
      {
        "kernel": "onpair_dg_k2_t128_b1",
        "role": "experimental",
        "stage_bytes": null,
        "chunk_size": 64,
        "decode_ms": 0.963072,
        "decode_gib_s": 967.0330780584405,
        "decode_ns_iters": [
          968672,
          964864,
          965568,
          967424,
          967648,
          968000,
          968000,
          972064,
          972256,
          964800,
          965184,
          965920,
          963072,
          965984,
          970464,
          969216,
          965504,
          967712,
          968160,
          968064,
          968096,
          967968,
          967552,
          964864,
          963936,
          967328,
          969696,
          971552,
          968768,
          965888
        ],
        "chunk_tokens": 64,
        "block_threads": 128,
        "staged_input_bytes": 210635844,
        "applicable": true
      },
      {
        "kernel": "onpair_dg_k2_t128_b2",
        "role": "experimental",
        "stage_bytes": null,
        "chunk_size": 64,
        "decode_ms": 0.960512,
        "decode_gib_s": 969.6104583304513,
        "decode_ns_iters": [
          968000,
          968384,
          963456,
          965280,
          964352,
          968608,
          971520,
          969632,
          971456,
          966944,
          971744,
          964320,
          965568,
          968320,
          967584,
          967456,
          968736,
          963552,
          968608,
          963616,
          969920,
          967680,
          969088,
          966144,
          968544,
          969056,
          966560,
          966592,
          960512,
          965792
        ],
        "chunk_tokens": 64,
        "block_threads": 128,
        "staged_input_bytes": 210635844,
        "applicable": true
      },
      {
        "kernel": "onpair_dg_k2_t128_b4",
        "role": "experimental",
        "stage_bytes": null,
        "chunk_size": 64,
        "decode_ms": 0.961504,
        "decode_gib_s": 968.6100947597705,
        "decode_ns_iters": [
          968128,
          962240,
          966336,
          961504,
          968864,
          965504,
          967872,
          965952,
          966848,
          968160,
          966368,
          967104,
          970656,
          970944,
          967584,
          968384,
          967968,
          969376,
          967744,
          966368,
          965728,
          967072,
          966368,
          967552,
          967936,
          969312,
          969152,
          968768,
          968832,
          964992
        ],
        "chunk_tokens": 64,
        "block_threads": 128,
        "staged_input_bytes": 210635844,
        "applicable": true
      },
      {
        "kernel": "onpair_dg_k2_t128_b6",
        "role": "experimental",
        "stage_bytes": null,
        "chunk_size": 64,
        "decode_ms": 0.962912,
        "decode_gib_s": 967.1937628276504,
        "decode_ns_iters": [
          970144,
          968736,
          968224,
          966592,
          963936,
          965568,
          962944,
          965856,
          962944,
          965248,
          966144,
          966496,
          964800,
          965952,
          967104,
          968352,
          964448,
          969600,
          965888,
          969280,
          968160,
          968480,
          969600,
          974464,
          967520,
          965952,
          970176,
          967552,
          969088,
          962912
        ],
        "chunk_tokens": 64,
        "block_threads": 128,
        "staged_input_bytes": 210635844,
        "applicable": true
      },
      {
        "kernel": "onpair_dg_k2_t128_b8",
        "role": "experimental",
        "stage_bytes": null,
        "chunk_size": 64,
        "decode_ms": 0.96864,
        "decode_gib_s": 961.4743150725744,
        "decode_ns_iters": [
          982336,
          972544,
          972096,
          974016,
          970912,
          977184,
          975680,
          977344,
          977376,
          978464,
          971968,
          973696,
          972992,
          975424,
          974848,
          973792,
          970784,
          970112,
          971296,
          973632,
          973472,
          974976,
          972288,
          972000,
          972544,
          969472,
          968640,
          975072,
          972832,
          971392
        ],
        "chunk_tokens": 64,
        "block_threads": 128,
        "staged_input_bytes": 210635844,
        "applicable": true
      },
      {
        "kernel": "onpair_dg_k2_t256_b1",
        "role": "experimental",
        "stage_bytes": null,
        "chunk_size": 64,
        "decode_ms": 1.005184,
        "decode_gib_s": 926.5194039617606,
        "decode_ns_iters": [
          1009376,
          1013344,
          1006976,
          1005184,
          1006048,
          1007424,
          1006080,
          1008000,
          1009664,
          1008192,
          1011520,
          1008512,
          1010432,
          1006528,
          1011200,
          1008352,
          1007936,
          1007904,
          1009280,
          1013120,
          1008160,
          1007488,
          1007072,
          1009760,
          1008672,
          1007936,
          1006880,
          1008480,
          1012160,
          1008128
        ],
        "chunk_tokens": 64,
        "block_threads": 256,
        "staged_input_bytes": 210635844,
        "applicable": true
      },
      {
        "kernel": "onpair_dg_k2_t256_b2",
        "role": "experimental",
        "stage_bytes": null,
        "chunk_size": 64,
        "decode_ms": 1.001696,
        "decode_gib_s": 929.7456319600943,
        "decode_ns_iters": [
          1005024,
          1009216,
          1016992,
          1006080,
          1007328,
          1006688,
          1008288,
          1009120,
          1012512,
          1001696,
          1010848,
          1017504,
          1012704,
          1007616,
          1006784,
          1007296,
          1011136,
          1009024,
          1009632,
          1010208,
          1012736,
          1010432,
          1009152,
          1007424,
          1009856,
          1006656,
          1009344,
          1007328,
          1008864,
          1009344
        ],
        "chunk_tokens": 64,
        "block_threads": 256,
        "staged_input_bytes": 210635844,
        "applicable": true
      },
      {
        "kernel": "onpair_dg_k2_t256_b4",
        "role": "experimental",
        "stage_bytes": null,
        "chunk_size": 64,
        "decode_ms": 1.01216,
        "decode_gib_s": 920.133655303409,
        "decode_ns_iters": [
          1019200,
          1017056,
          1018944,
          1016352,
          1015648,
          1015488,
          1017504,
          1016128,
          1016832,
          1015104,
          1022656,
          1016512,
          1018304,
          1018496,
          1015744,
          1017408,
          1015968,
          1025344,
          1026912,
          1018848,
          1018784,
          1018144,
          1018880,
          1018080,
          1015264,
          1017440,
          1020800,
          1017760,
          1018656,
          1012160
        ],
        "chunk_tokens": 64,
        "block_threads": 256,
        "staged_input_bytes": 210635844,
        "applicable": true
      },
      {
        "kernel": "onpair_dg_k2_t256_b6",
        "role": "experimental",
        "stage_bytes": null,
        "chunk_size": 64,
        "decode_ms": 0.864576,
        "decode_gib_s": 1077.2014034068704,
        "decode_ns_iters": [
          867840,
          867200,
          867488,
          866816,
          868928,
          865920,
          878112,
          867552,
          867104,
          867648,
          866944,
          867264,
          867680,
          868096,
          867264,
          866112,
          864576,
          865664,
          865888,
          865504,
          866240,
          866752,
          865984,
          865376,
          866176,
          866432,
          871296,
          872160,
          872544,
          865600
        ],
        "chunk_tokens": 64,
        "block_threads": 256,
        "staged_input_bytes": 210635844,
        "applicable": true
      },
      {
        "kernel": "onpair_dg_k2_t256_b8",
        "role": "experimental",
        "stage_bytes": null,
        "chunk_size": 64,
        "decode_ms": 0.894496,
        "decode_gib_s": 1041.1700896950892,
        "decode_ns_iters": [
          899040,
          898080,
          897504,
          895776,
          896768,
          897248,
          896544,
          895232,
          895392,
          897024,
          894496,
          895040,
          894688,
          896512,
          897952,
          897056,
          899200,
          898240,
          899232,
          897280,
          897344,
          895712,
          897664,
          897440,
          898304,
          899328,
          898496,
          901024,
          901056,
          901440
        ],
        "chunk_tokens": 64,
        "block_threads": 256,
        "staged_input_bytes": 210635844,
        "applicable": true
      },
      {
        "kernel": "onpair_dg_k3_t64_b1",
        "role": "experimental",
        "stage_bytes": null,
        "chunk_size": 96,
        "decode_ms": 0.840064,
        "decode_gib_s": 1108.6327714934796,
        "decode_ns_iters": [
          851936,
          850976,
          852288,
          850432,
          850112,
          850272,
          849824,
          848480,
          845088,
          843264,
          840992,
          844448,
          850080,
          842080,
          842688,
          841920,
          844192,
          843520,
          842496,
          844320,
          841664,
          845024,
          846272,
          845664,
          844832,
          842624,
          841440,
          844576,
          840064,
          842112
        ],
        "chunk_tokens": 96,
        "block_threads": 64,
        "staged_input_bytes": 206507060,
        "applicable": true
      },
      {
        "kernel": "onpair_dg_k3_t64_b2",
        "role": "experimental",
        "stage_bytes": null,
        "chunk_size": 96,
        "decode_ms": 0.840768,
        "decode_gib_s": 1107.7044803702074,
        "decode_ns_iters": [
          843808,
          843808,
          845952,
          846368,
          845184,
          851872,
          843808,
          844448,
          842784,
          843328,
          845120,
          846944,
          847232,
          848864,
          844448,
          844928,
          844832,
          844096,
          843808,
          842624,
          840768,
          841312,
          843232,
          842272,
          844160,
          847840,
          844608,
          842784,
          843808,
          842080
        ],
        "chunk_tokens": 96,
        "block_threads": 64,
        "staged_input_bytes": 206507060,
        "applicable": true
      },
      {
        "kernel": "onpair_dg_k3_t64_b4",
        "role": "experimental",
        "stage_bytes": null,
        "chunk_size": 96,
        "decode_ms": 0.83792,
        "decode_gib_s": 1111.4694488159948,
        "decode_ns_iters": [
          852352,
          845184,
          842848,
          844544,
          842752,
          843488,
          843040,
          843584,
          842688,
          843008,
          839360,
          837920,
          843456,
          841344,
          842816,
          841440,
          843904,
          842528,
          842112,
          850240,
          843392,
          841952,
          841952,
          843104,
          841248,
          839936,
          839296,
          841088,
          841472,
          843168
        ],
        "chunk_tokens": 96,
        "block_threads": 64,
        "staged_input_bytes": 206507060,
        "applicable": true
      },
      {
        "kernel": "onpair_dg_k3_t64_b6",
        "role": "experimental",
        "stage_bytes": null,
        "chunk_size": 96,
        "decode_ms": 0.841472,
        "decode_gib_s": 1106.7777425177528,
        "decode_ns_iters": [
          846016,
          842304,
          842528,
          843296,
          845984,
          845312,
          844288,
          844128,
          842720,
          843840,
          843392,
          843968,
          851744,
          849504,
          844032,
          841472,
          854528,
          843872,
          843712,
          845760,
          847040,
          844800,
          847680,
          845728,
          845760,
          845248,
          844448,
          844096,
          844064,
          843136
        ],
        "chunk_tokens": 96,
        "block_threads": 64,
        "staged_input_bytes": 206507060,
        "applicable": true
      },
      {
        "kernel": "onpair_dg_k3_t64_b8",
        "role": "experimental",
        "stage_bytes": null,
        "chunk_size": 96,
        "decode_ms": 0.838976,
        "decode_gib_s": 1110.0704675126565,
        "decode_ns_iters": [
          843008,
          844576,
          846432,
          845696,
          845536,
          846496,
          846368,
          845504,
          852160,
          852768,
          844544,
          845536,
          846048,
          846272,
          846048,
          845856,
          847072,
          847488,
          844640,
          844704,
          846336,
          843968,
          843840,
          843296,
          840864,
          840288,
          838976,
          839840,
          846112,
          842240
        ],
        "chunk_tokens": 96,
        "block_threads": 64,
        "staged_input_bytes": 206507060,
        "applicable": true
      },
      {
        "kernel": "onpair_dg_k3_t128_b1",
        "role": "experimental",
        "stage_bytes": null,
        "chunk_size": 96,
        "decode_ms": 0.844288,
        "decode_gib_s": 1103.086246105474,
        "decode_ns_iters": [
          850368,
          848544,
          845568,
          855456,
          849504,
          849536,
          851232,
          849408,
          849728,
          850656,
          851200,
          849888,
          850400,
          848160,
          848576,
          848960,
          849312,
          848672,
          845312,
          845440,
          844384,
          844896,
          844896,
          844544,
          850144,
          844288,
          847072,
          855552,
          848704,
          850368
        ],
        "chunk_tokens": 96,
        "block_threads": 128,
        "staged_input_bytes": 206507060,
        "applicable": true
      },
      {
        "kernel": "onpair_dg_k3_t128_b2",
        "role": "experimental",
        "stage_bytes": null,
        "chunk_size": 96,
        "decode_ms": 0.845312,
        "decode_gib_s": 1101.749981724971,
        "decode_ns_iters": [
          855264,
          849568,
          849696,
          858880,
          848576,
          848384,
          849472,
          847840,
          847904,
          848512,
          846272,
          846912,
          845312,
          845632,
          848896,
          845952,
          850624,
          848928,
          850848,
          853216,
          858432,
          853184,
          850656,
          852224,
          858816,
          849312,
          849504,
          849216,
          851072,
          851424
        ],
        "chunk_tokens": 96,
        "block_threads": 128,
        "staged_input_bytes": 206507060,
        "applicable": true
      },
      {
        "kernel": "onpair_dg_k3_t128_b4",
        "role": "experimental",
        "stage_bytes": null,
        "chunk_size": 96,
        "decode_ms": 0.846272,
        "decode_gib_s": 1100.5001708102104,
        "decode_ns_iters": [
          859904,
          852800,
          849984,
          851136,
          849120,
          849472,
          847584,
          848064,
          850016,
          847936,
          847968,
          848928,
          848800,
          847008,
          852448,
          846272,
          848864,
          851136,
          853632,
          853856,
          851200,
          850720,
          852480,
          851744,
          852640,
          849920,
          849792,
          848416,
          850688,
          848768
        ],
        "chunk_tokens": 96,
        "block_threads": 128,
        "staged_input_bytes": 206507060,
        "applicable": true
      },
      {
        "kernel": "onpair_dg_k3_t128_b6",
        "role": "experimental",
        "stage_bytes": null,
        "chunk_size": 96,
        "decode_ms": 0.84496,
        "decode_gib_s": 1102.2089572901657,
        "decode_ns_iters": [
          850208,
          850400,
          847008,
          847232,
          847936,
          852704,
          848096,
          847264,
          847648,
          849376,
          848096,
          846048,
          848960,
          849568,
          848512,
          850208,
          852416,
          848672,
          849504,
          847264,
          847648,
          850624,
          848512,
          847360,
          848032,
          848192,
          845408,
          844960,
          849152,
          845312
        ],
        "chunk_tokens": 96,
        "block_threads": 128,
        "staged_input_bytes": 206507060,
        "applicable": true
      },
      {
        "kernel": "onpair_dg_k3_t128_b8",
        "role": "experimental",
        "stage_bytes": null,
        "chunk_size": 96,
        "decode_ms": 0.845728,
        "decode_gib_s": 1101.2080486301725,
        "decode_ns_iters": [
          847008,
          847680,
          847648,
          846720,
          846080,
          848000,
          845728,
          848832,
          849920,
          850528,
          857056,
          856096,
          850048,
          850752,
          849216,
          847040,
          847936,
          846272,
          851072,
          846752,
          849632,
          851296,
          850336,
          850208,
          850304,
          850016,
          851008,
          854304,
          851104,
          851520
        ],
        "chunk_tokens": 96,
        "block_threads": 128,
        "staged_input_bytes": 206507060,
        "applicable": true
      },
      {
        "kernel": "onpair_dg_k3_t256_b1",
        "role": "experimental",
        "stage_bytes": null,
        "chunk_size": 96,
        "decode_ms": 0.868192,
        "decode_gib_s": 1072.7148839794636,
        "decode_ns_iters": [
          873696,
          876608,
          873536,
          874368,
          872064,
          874240,
          875328,
          872096,
          873632,
          872576,
          870336,
          873344,
          868512,
          868192,
          870688,
          871648,
          873312,
          879104,
          877408,
          876192,
          873920,
          871968,
          872000,
          869536,
          878688,
          870176,
          873536,
          871200,
          874464,
          870848
        ],
        "chunk_tokens": 96,
        "block_threads": 256,
        "staged_input_bytes": 206507060,
        "applicable": true
      },
      {
        "kernel": "onpair_dg_k3_t256_b2",
        "role": "experimental",
        "stage_bytes": null,
        "chunk_size": 96,
        "decode_ms": 0.86816,
        "decode_gib_s": 1072.7544237835173,
        "decode_ns_iters": [
          874112,
          872384,
          870944,
          877184,
          877696,
          869760,
          870336,
          871648,
          871968,
          871840,
          868704,
          873824,
          873344,
          873920,
          873920,
          873184,
          871296,
          872096,
          871712,
          870976,
          873248,
          870144,
          870368,
          870208,
          871744,
          872160,
          872448,
          870400,
          872928,
          868160
        ],
        "chunk_tokens": 96,
        "block_threads": 256,
        "staged_input_bytes": 206507060,
        "applicable": true
      },
      {
        "kernel": "onpair_dg_k3_t256_b4",
        "role": "experimental",
        "stage_bytes": null,
        "chunk_size": 96,
        "decode_ms": 0.868672,
        "decode_gib_s": 1072.1221364932892,
        "decode_ns_iters": [
          878912,
          870880,
          871072,
          872896,
          872736,
          874976,
          874080,
          871488,
          874368,
          873472,
          870432,
          871040,
          874528,
          874688,
          873568,
          872896,
          875008,
          876992,
          877472,
          871264,
          872544,
          872896,
          872736,
          870208,
          872928,
          874656,
          871360,
          871296,
          868672,
          875712
        ],
        "chunk_tokens": 96,
        "block_threads": 256,
        "staged_input_bytes": 206507060,
        "applicable": true
      },
      {
        "kernel": "onpair_dg_k3_t256_b6",
        "role": "experimental",
        "stage_bytes": null,
        "chunk_size": 96,
        "decode_ms": 0.822816,
        "decode_gib_s": 1131.8721081650071,
        "decode_ns_iters": [
          825920,
          825728,
          825120,
          834720,
          825664,
          828832,
          822816,
          823424,
          825728,
          824480,
          825248,
          827840,
          825696,
          826272,
          827456,
          827616,
          825344,
          834240,
          827392,
          825024,
          825376,
          826720,
          825728,
          828544,
          826784,
          825120,
          827104,
          824736,
          824192,
          825088
        ],
        "chunk_tokens": 96,
        "block_threads": 256,
        "staged_input_bytes": 206507060,
        "applicable": true
      },
      {
        "kernel": "onpair_dg_k3_t256_b8",
        "role": "experimental",
        "stage_bytes": null,
        "chunk_size": 96,
        "decode_ms": 0.859168,
        "decode_gib_s": 1083.9818062962058,
        "decode_ns_iters": [
          862656,
          861056,
          860896,
          860800,
          862336,
          862720,
          865760,
          861216,
          862784,
          861280,
          860096,
          862176,
          867200,
          865408,
          860704,
          860736,
          859328,
          860640,
          861312,
          860512,
          859776,
          861440,
          861248,
          859328,
          860512,
          861376,
          862400,
          861664,
          859168,
          861760
        ],
        "chunk_tokens": 96,
        "block_threads": 256,
        "staged_input_bytes": 206507060,
        "applicable": true
      },
      {
        "kernel": "onpair_dg_k4_t64_b1",
        "role": "experimental",
        "stage_bytes": null,
        "chunk_size": 128,
        "decode_ms": 0.820928,
        "decode_gib_s": 1134.4752287069007,
        "decode_ns_iters": [
          827072,
          825728,
          825952,
          824640,
          823808,
          824128,
          823488,
          821664,
          831680,
          823200,
          823680,
          823360,
          826368,
          820928,
          824960,
          826432,
          826016,
          824896,
          824864,
          823840,
          823360,
          824768,
          826944,
          822496,
          824128,
          824608,
          824864,
          822848,
          822368,
          822208
        ],
        "chunk_tokens": 128,
        "block_threads": 64,
        "staged_input_bytes": 204442660,
        "applicable": true
      },
      {
        "kernel": "onpair_dg_k4_t64_b2",
        "role": "experimental",
        "stage_bytes": null,
        "chunk_size": 128,
        "decode_ms": 0.82304,
        "decode_gib_s": 1131.5640558805142,
        "decode_ns_iters": [
          825568,
          824800,
          823776,
          824928,
          824576,
          826464,
          827136,
          827040,
          824640,
          834944,
          824864,
          825632,
          823808,
          824000,
          826784,
          825440,
          823744,
          825856,
          826176,
          825024,
          823968,
          824480,
          824192,
          825280,
          830880,
          826016,
          824000,
          823040,
          823840,
          825120
        ],
        "chunk_tokens": 128,
        "block_threads": 64,
        "staged_input_bytes": 204442660,
        "applicable": true
      },
      {
        "kernel": "onpair_dg_k4_t64_b4",
        "role": "experimental",
        "stage_bytes": null,
        "chunk_size": 128,
        "decode_ms": 0.821056,
        "decode_gib_s": 1134.29836765324,
        "decode_ns_iters": [
          825440,
          824416,
          824288,
          825536,
          823840,
          823584,
          823456,
          824896,
          823872,
          825344,
          821472,
          829248,
          824608,
          824288,
          822208,
          824704,
          825248,
          822944,
          821056,
          822272,
          823392,
          822976,
          823328,
          822464,
          822880,
          836000,
          825120,
          824896,
          824640,
          824832
        ],
        "chunk_tokens": 128,
        "block_threads": 64,
        "staged_input_bytes": 204442660,
        "applicable": true
      },
      {
        "kernel": "onpair_dg_k4_t64_b6",
        "role": "experimental",
        "stage_bytes": null,
        "chunk_size": 128,
        "decode_ms": 0.821152,
        "decode_gib_s": 1134.1657580471076,
        "decode_ns_iters": [
          825152,
          827328,
          825440,
          825280,
          825888,
          824832,
          828512,
          824832,
          825472,
          824736,
          823680,
          821152,
          822464,
          821408,
          824224,
          822816,
          825504,
          825472,
          824288,
          824416,
          826656,
          824672,
          823968,
          823104,
          823520,
          825248,
          823360,
          824256,
          826656,
          826976
        ],
        "chunk_tokens": 128,
        "block_threads": 64,
        "staged_input_bytes": 204442660,
        "applicable": true
      },
      {
        "kernel": "onpair_dg_k4_t64_b8",
        "role": "experimental",
        "stage_bytes": null,
        "chunk_size": 128,
        "decode_ms": 0.822912,
        "decode_gib_s": 1131.7400652219173,
        "decode_ns_iters": [
          827584,
          830496,
          824608,
          823840,
          823648,
          823552,
          825888,
          824320,
          825856,
          824032,
          823968,
          826976,
          824704,
          824480,
          824672,
          825888,
          824800,
          823712,
          822912,
          825376,
          826976,
          823584,
          825120,
          824224,
          824192,
          825824,
          826592,
          826304,
          825536,
          824736
        ],
        "chunk_tokens": 128,
        "block_threads": 64,
        "staged_input_bytes": 204442660,
        "applicable": true
      },
      {
        "kernel": "onpair_dg_k4_t128_b1",
        "role": "experimental",
        "stage_bytes": null,
        "chunk_size": 128,
        "decode_ms": 0.828256,
        "decode_gib_s": 1124.4379522175493,
        "decode_ns_iters": [
          833344,
          831040,
          829056,
          829952,
          836096,
          829792,
          829088,
          829344,
          828384,
          830368,
          831872,
          831776,
          832992,
          829600,
          832256,
          830720,
          833280,
          830048,
          831200,
          829184,
          830240,
          832832,
          840192,
          828736,
          829952,
          828256,
          829568,
          830400,
          830656,
          831392
        ],
        "chunk_tokens": 128,
        "block_threads": 128,
        "staged_input_bytes": 204442660,
        "applicable": true
      },
      {
        "kernel": "onpair_dg_k4_t128_b2",
        "role": "experimental",
        "stage_bytes": null,
        "chunk_size": 128,
        "decode_ms": 0.82848,
        "decode_gib_s": 1124.1339326862428,
        "decode_ns_iters": [
          834400,
          833376,
          831808,
          831584,
          832128,
          831392,
          831968,
          830592,
          830816,
          839168,
          830208,
          829760,
          831520,
          829216,
          829280,
          832032,
          830496,
          831200,
          834048,
          833056,
          832224,
          833760,
          830752,
          829024,
          829728,
          835136,
          828480,
          829568,
          830944,
          828800
        ],
        "chunk_tokens": 128,
        "block_threads": 128,
        "staged_input_bytes": 204442660,
        "applicable": true
      },
      {
        "kernel": "onpair_dg_k4_t128_b4",
        "role": "experimental",
        "stage_bytes": null,
        "chunk_size": 128,
        "decode_ms": 0.82704,
        "decode_gib_s": 1126.0912175371184,
        "decode_ns_iters": [
          827648,
          830112,
          830656,
          829632,
          829888,
          830816,
          828672,
          831840,
          834176,
          829952,
          831040,
          829664,
          830560,
          829504,
          830304,
          831648,
          830496,
          830368,
          830496,
          827040,
          831872,
          831552,
          832064,
          833472,
          833152,
          831776,
          829536,
          829056,
          828448,
          835968
        ],
        "chunk_tokens": 128,
        "block_threads": 128,
        "staged_input_bytes": 204442660,
        "applicable": true
      },
      {
        "kernel": "onpair_dg_k4_t128_b6",
        "role": "experimental",
        "stage_bytes": null,
        "chunk_size": 128,
        "decode_ms": 0.828384,
        "decode_gib_s": 1124.2642066383446,
        "decode_ns_iters": [
          828608,
          832288,
          831200,
          840640,
          831776,
          829760,
          831744,
          832000,
          828448,
          828384,
          829856,
          829664,
          832608,
          831936,
          832448,
          829920,
          830784,
          830176,
          829472,
          837120,
          831584,
          831456,
          830528,
          829856,
          830816,
          832128,
          830368,
          831104,
          830592,
          836512
        ],
        "chunk_tokens": 128,
        "block_threads": 128,
        "staged_input_bytes": 204442660,
        "applicable": true
      },
      {
        "kernel": "onpair_dg_k4_t128_b8",
        "role": "experimental",
        "stage_bytes": null,
        "chunk_size": 128,
        "decode_ms": 0.810624,
        "decode_gib_s": 1148.8957649315817,
        "decode_ns_iters": [
          816800,
          814720,
          814016,
          814016,
          814592,
          823072,
          815456,
          817152,
          818208,
          816064,
          815744,
          813792,
          817408,
          816192,
          815392,
          816992,
          815808,
          815776,
          820672,
          813856,
          816928,
          814848,
          813312,
          813760,
          814880,
          814784,
          813696,
          810624,
          811488,
          814944
        ],
        "chunk_tokens": 128,
        "block_threads": 128,
        "staged_input_bytes": 204442660,
        "applicable": true
      },
      {
        "kernel": "onpair_dg_k4_t256_b1",
        "role": "experimental",
        "stage_bytes": null,
        "chunk_size": 128,
        "decode_ms": 0.891264,
        "decode_gib_s": 1044.945695721917,
        "decode_ns_iters": [
          894976,
          897184,
          894848,
          895456,
          894272,
          896064,
          895424,
          896384,
          897792,
          898240,
          896672,
          892064,
          891264,
          892768,
          893696,
          892352,
          891776,
          894560,
          896448,
          895200,
          897792,
          894848,
          896224,
          897536,
          898688,
          895328,
          895168,
          894464,
          894496,
          894624
        ],
        "chunk_tokens": 128,
        "block_threads": 256,
        "staged_input_bytes": 204442660,
        "applicable": true
      },
      {
        "kernel": "onpair_dg_k4_t256_b2",
        "role": "experimental",
        "stage_bytes": null,
        "chunk_size": 128,
        "decode_ms": 0.891872,
        "decode_gib_s": 1044.2333435200326,
        "decode_ns_iters": [
          898112,
          895904,
          896256,
          895904,
          896352,
          893600,
          897696,
          898336,
          898560,
          896032,
          897568,
          896576,
          895968,
          897024,
          891872,
          896128,
          897120,
          898176,
          892896,
          895392,
          894944,
          895008,
          896480,
          897312,
          895200,
          893728,
          893536,
          899392,
          894176,
          897536
        ],
        "chunk_tokens": 128,
        "block_threads": 256,
        "staged_input_bytes": 204442660,
        "applicable": true
      },
      {
        "kernel": "onpair_dg_k4_t256_b4",
        "role": "experimental",
        "stage_bytes": null,
        "chunk_size": 128,
        "decode_ms": 0.820416,
        "decode_gib_s": 1135.1832247931518,
        "decode_ns_iters": [
          824960,
          826080,
          825376,
          827392,
          826848,
          824512,
          828352,
          825856,
          826304,
          825472,
          825472,
          822624,
          832192,
          824320,
          824864,
          824544,
          824192,
          825440,
          823136,
          823072,
          825024,
          821472,
          820416,
          823872,
          823136,
          823424,
          830016,
          823296,
          824416,
          823296
        ],
        "chunk_tokens": 128,
        "block_threads": 256,
        "staged_input_bytes": 204442660,
        "applicable": true
      },
      {
        "kernel": "onpair_dg_k4_t256_b6",
        "role": "experimental",
        "stage_bytes": null,
        "chunk_size": 128,
        "decode_ms": 0.803968,
        "decode_gib_s": 1158.4073999859427,
        "decode_ns_iters": [
          806176,
          808160,
          807168,
          806080,
          806848,
          805344,
          804736,
          804192,
          806368,
          806688,
          805920,
          805120,
          803968,
          805376,
          805280,
          804608,
          804928,
          805216,
          804928,
          804416,
          804704,
          804992,
          804896,
          806848,
          806624,
          806080,
          805152,
          805088,
          809984,
          806752
        ],
        "chunk_tokens": 128,
        "block_threads": 256,
        "staged_input_bytes": 204442660,
        "applicable": true
      },
      {
        "kernel": "onpair_dg_k4_t256_b8",
        "role": "experimental",
        "stage_bytes": null,
        "chunk_size": 128,
        "decode_ms": 0.877888,
        "decode_gib_s": 1060.8670816230529,
        "decode_ns_iters": [
          882496,
          880192,
          881472,
          879680,
          881248,
          881504,
          880224,
          880320,
          880288,
          882016,
          879680,
          880864,
          880192,
          879200,
          880320,
          880128,
          878240,
          881824,
          880480,
          880128,
          884544,
          880032,
          879168,
          879744,
          880064,
          881376,
          880736,
          877888,
          880800,
          880576
        ],
        "chunk_tokens": 128,
        "block_threads": 256,
        "staged_input_bytes": 204442660,
        "applicable": true
      },
      {
        "kernel": "onpair_dg_k5_t64_b1",
        "role": "experimental",
        "stage_bytes": null,
        "chunk_size": 160,
        "decode_ms": 0.826304,
        "decode_gib_s": 1127.094242012502,
        "decode_ns_iters": [
          830336,
          831904,
          829184,
          826816,
          826656,
          828960,
          827136,
          827200,
          826304,
          826656,
          826400,
          827424,
          830080,
          830272,
          830240,
          829056,
          830784,
          832608,
          831488,
          830848,
          837632,
          832128,
          830592,
          832352,
          831488,
          830688,
          830624,
          828960,
          828416,
          831200
        ],
        "chunk_tokens": 160,
        "block_threads": 64,
        "staged_input_bytes": 203204028,
        "applicable": true
      },
      {
        "kernel": "onpair_dg_k5_t64_b2",
        "role": "experimental",
        "stage_bytes": null,
        "chunk_size": 160,
        "decode_ms": 0.828672,
        "decode_gib_s": 1123.873475333906,
        "decode_ns_iters": [
          829888,
          829920,
          830688,
          830400,
          830144,
          830304,
          829984,
          828704,
          831872,
          829440,
          834496,
          829600,
          837952,
          829792,
          832320,
          832192,
          828672,
          833696,
          831136,
          832064,
          829472,
          830048,
          829760,
          830112,
          830592,
          835456,
          828896,
          829952,
          830976,
          831008
        ],
        "chunk_tokens": 160,
        "block_threads": 64,
        "staged_input_bytes": 203204028,
        "applicable": true
      },
      {
        "kernel": "onpair_dg_k5_t64_b4",
        "role": "experimental",
        "stage_bytes": null,
        "chunk_size": 160,
        "decode_ms": 0.82752,
        "decode_gib_s": 1125.438032376134,
        "decode_ns_iters": [
          833312,
          832768,
          830944,
          832384,
          832992,
          832384,
          832096,
          831680,
          830272,
          830432,
          827520,
          831104,
          831872,
          832320,
          832896,
          838240,
          831840,
          830656,
          844064,
          832032,
          831360,
          831328,
          831520,
          833888,
          833696,
          832384,
          832416,
          831968,
          829984,
          831040
        ],
        "chunk_tokens": 160,
        "block_threads": 64,
        "staged_input_bytes": 203204028,
        "applicable": true
      },
      {
        "kernel": "onpair_dg_k5_t64_b6",
        "role": "experimental",
        "stage_bytes": null,
        "chunk_size": 160,
        "decode_ms": 0.828192,
        "decode_gib_s": 1124.5248451468965,
        "decode_ns_iters": [
          831296,
          830432,
          829280,
          828800,
          828192,
          834240,
          830464,
          832256,
          831232,
          831360,
          829664,
          829760,
          831712,
          831360,
          830880,
          832992,
          832960,
          832480,
          834432,
          832000,
          832256,
          838368,
          832512,
          831872,
          839392,
          832192,
          831648,
          829632,
          831136,
          830144
        ],
        "chunk_tokens": 160,
        "block_threads": 64,
        "staged_input_bytes": 203204028,
        "applicable": true
      },
      {
        "kernel": "onpair_dg_k5_t64_b8",
        "role": "experimental",
        "stage_bytes": null,
        "chunk_size": 160,
        "decode_ms": 0.829248,
        "decode_gib_s": 1123.0928269370545,
        "decode_ns_iters": [
          832576,
          834432,
          831552,
          831776,
          831936,
          832736,
          832576,
          830176,
          831584,
          830464,
          831552,
          829248,
          837280,
          832256,
          830528,
          832544,
          830848,
          830048,
          830080,
          832032,
          831456,
          831808,
          833536,
          832928,
          832352,
          832512,
          831424,
          830432,
          837792,
          831040
        ],
        "chunk_tokens": 160,
        "block_threads": 64,
        "staged_input_bytes": 203204028,
        "applicable": true
      },
      {
        "kernel": "onpair_dg_k5_t128_b1",
        "role": "experimental",
        "stage_bytes": null,
        "chunk_size": 160,
        "decode_ms": 0.834304,
        "decode_gib_s": 1116.2867258839685,
        "decode_ns_iters": [
          837568,
          836128,
          834624,
          837248,
          841792,
          835232,
          843168,
          836384,
          835040,
          836704,
          834656,
          835360,
          835712,
          837376,
          835840,
          838496,
          838496,
          838176,
          836352,
          834688,
          834880,
          834912,
          834304,
          845408,
          835520,
          835744,
          835136,
          836704,
          834752,
          836352
        ],
        "chunk_tokens": 160,
        "block_threads": 128,
        "staged_input_bytes": 203204028,
        "applicable": true
      },
      {
        "kernel": "onpair_dg_k5_t128_b2",
        "role": "experimental",
        "stage_bytes": null,
        "chunk_size": 160,
        "decode_ms": 0.83408,
        "decode_gib_s": 1116.5865151447085,
        "decode_ns_iters": [
          838048,
          836896,
          835488,
          836096,
          835424,
          835456,
          836640,
          837184,
          840096,
          838368,
          838336,
          835744,
          834592,
          844576,
          835712,
          835296,
          846976,
          836000,
          835936,
          837280,
          835456,
          836416,
          835712,
          835872,
          835776,
          838464,
          835232,
          836256,
          834080,
          834848
        ],
        "chunk_tokens": 160,
        "block_threads": 128,
        "staged_input_bytes": 203204028,
        "applicable": true
      },
      {
        "kernel": "onpair_dg_k5_t128_b4",
        "role": "experimental",
        "stage_bytes": null,
        "chunk_size": 160,
        "decode_ms": 0.831168,
        "decode_gib_s": 1120.4984799124827,
        "decode_ns_iters": [
          833664,
          837184,
          834528,
          835232,
          835296,
          840960,
          834336,
          835072,
          837152,
          837984,
          836096,
          834656,
          835680,
          835264,
          835808,
          835488,
          835840,
          835072,
          835168,
          838112,
          838464,
          831168,
          839296,
          832864,
          831584,
          831168,
          832288,
          834368,
          834528,
          834880
        ],
        "chunk_tokens": 160,
        "block_threads": 128,
        "staged_input_bytes": 203204028,
        "applicable": true
      },
      {
        "kernel": "onpair_dg_k5_t128_b6",
        "role": "experimental",
        "stage_bytes": null,
        "chunk_size": 160,
        "decode_ms": 0.83072,
        "decode_gib_s": 1121.1027549016499,
        "decode_ns_iters": [
          836288,
          836512,
          837600,
          834880,
          836960,
          836128,
          835488,
          833600,
          832928,
          831104,
          830720,
          832256,
          831456,
          832672,
          832800,
          840128,
          832160,
          835200,
          835968,
          834496,
          835200,
          836544,
          835200,
          836576,
          834240,
          835200,
          833824,
          831328,
          838432,
          835712
        ],
        "chunk_tokens": 160,
        "block_threads": 128,
        "staged_input_bytes": 203204028,
        "applicable": true
      },
      {
        "kernel": "onpair_dg_k5_t128_b8",
        "role": "experimental",
        "stage_bytes": null,
        "chunk_size": 160,
        "decode_ms": 0.821024,
        "decode_gib_s": 1134.34257774669,
        "decode_ns_iters": [
          824448,
          824288,
          823296,
          823264,
          823584,
          824928,
          830368,
          823360,
          823424,
          821216,
          824128,
          824576,
          823200,
          823680,
          823520,
          821024,
          829760,
          823424,
          822112,
          824544,
          824352,
          823008,
          821440,
          823776,
          824448,
          825792,
          822368,
          824576,
          822208,
          823072
        ],
        "chunk_tokens": 160,
        "block_threads": 128,
        "staged_input_bytes": 203204028,
        "applicable": true
      },
      {
        "kernel": "onpair_dg_k5_t256_b1",
        "role": "experimental",
        "stage_bytes": null,
        "chunk_size": 160,
        "decode_ms": 0.888672,
        "decode_gib_s": 1047.9935010351385,
        "decode_ns_iters": [
          893856,
          892768,
          891936,
          890240,
          888672,
          892064,
          897024,
          892256,
          892320,
          890336,
          894048,
          895776,
          893536,
          892576,
          891392,
          893920,
          889600,
          891840,
          892736,
          893856,
          894592,
          893856,
          894688,
          892800,
          891520,
          893888,
          892992,
          893056,
          891392,
          892800
        ],
        "chunk_tokens": 160,
        "block_threads": 256,
        "staged_input_bytes": 203204028,
        "applicable": true
      },
      {
        "kernel": "onpair_dg_k5_t256_b2",
        "role": "experimental",
        "stage_bytes": null,
        "chunk_size": 160,
        "decode_ms": 0.88752,
        "decode_gib_s": 1049.3537954659034,
        "decode_ns_iters": [
          892928,
          897056,
          892704,
          892960,
          889920,
          892832,
          894368,
          895072,
          891616,
          892288,
          889184,
          890560,
          889600,
          889280,
          890496,
          890688,
          891392,
          892032,
          890880,
          887520,
          888864,
          890848,
          891840,
          891680,
          893440,
          893728,
          894272,
          894144,
          892352,
          896352
        ],
        "chunk_tokens": 160,
        "block_threads": 256,
        "staged_input_bytes": 203204028,
        "applicable": true
      },
      {
        "kernel": "onpair_dg_k5_t256_b4",
        "role": "experimental",
        "stage_bytes": null,
        "chunk_size": 160,
        "decode_ms": 0.829664,
        "decode_gib_s": 1122.5296994348298,
        "decode_ns_iters": [
          834784,
          830400,
          833568,
          832352,
          830304,
          831328,
          831488,
          833184,
          830688,
          833248,
          830080,
          830464,
          838272,
          830528,
          841888,
          832128,
          832480,
          831616,
          832704,
          831040,
          832032,
          831744,
          831296,
          833856,
          835232,
          832416,
          829664,
          830784,
          832736,
          831552
        ],
        "chunk_tokens": 160,
        "block_threads": 256,
        "staged_input_bytes": 203204028,
        "applicable": true
      },
      {
        "kernel": "onpair_dg_k5_t256_b6",
        "role": "experimental",
        "stage_bytes": null,
        "chunk_size": 160,
        "decode_ms": 0.85264,
        "decode_gib_s": 1092.2810102175579,
        "decode_ns_iters": [
          855360,
          855904,
          854528,
          852640,
          856448,
          862304,
          856480,
          857952,
          857536,
          856576,
          857344,
          856352,
          857632,
          856096,
          855552,
          856384,
          858176,
          856960,
          857312,
          857536,
          856448,
          857024,
          856256,
          857152,
          856320,
          854304,
          856160,
          855744,
          856256,
          854848
        ],
        "chunk_tokens": 160,
        "block_threads": 256,
        "staged_input_bytes": 203204028,
        "applicable": true
      },
      {
        "kernel": "onpair_dg_k5_t256_b8",
        "role": "experimental",
        "stage_bytes": null,
        "chunk_size": 160,
        "decode_ms": 1.097408,
        "decode_gib_s": 848.6565439215848,
        "decode_ns_iters": [
          1100032,
          1098336,
          1098784,
          1099392,
          1098912,
          1098688,
          1100032,
          1099200,
          1099232,
          1098272,
          1099264,
          1101248,
          1098848,
          1100672,
          1099072,
          1100352,
          1099232,
          1098176,
          1099040,
          1099744,
          1098688,
          1097408,
          1098048,
          1098240,
          1097760,
          1105760,
          1099360,
          1098624,
          1100384,
          1098368
        ],
        "chunk_tokens": 160,
        "block_threads": 256,
        "staged_input_bytes": 203204028,
        "applicable": true
      },
      {
        "kernel": "onpair_dg_k6_t64_b1",
        "role": "experimental",
        "stage_bytes": null,
        "chunk_size": 192,
        "decode_ms": 0.828768,
        "decode_gib_s": 1123.7432919126927,
        "decode_ns_iters": [
          831712,
          831456,
          830912,
          831904,
          832800,
          832640,
          839456,
          832864,
          832064,
          837888,
          829792,
          830496,
          831488,
          831776,
          829408,
          830560,
          833696,
          831296,
          829920,
          830432,
          832384,
          830752,
          835392,
          829536,
          829120,
          831040,
          828768,
          831328,
          829792,
          830528
        ],
        "chunk_tokens": 192,
        "block_threads": 64,
        "staged_input_bytes": 202378268,
        "applicable": true
      },
      {
        "kernel": "onpair_dg_k6_t64_b2",
        "role": "experimental",
        "stage_bytes": null,
        "chunk_size": 192,
        "decode_ms": 0.828384,
        "decode_gib_s": 1124.2642066383446,
        "decode_ns_iters": [
          831072,
          833408,
          831648,
          831808,
          831456,
          831520,
          834688,
          830752,
          830496,
          829408,
          829312,
          829216,
          830528,
          834656,
          830400,
          838240,
          831456,
          828384,
          831968,
          831040,
          831360,
          831104,
          833184,
          833280,
          833024,
          834368,
          834496,
          832672,
          830208,
          836224
        ],
        "chunk_tokens": 192,
        "block_threads": 64,
        "staged_input_bytes": 202378268,
        "applicable": true
      },
      {
        "kernel": "onpair_dg_k6_t64_b4",
        "role": "experimental",
        "stage_bytes": null,
        "chunk_size": 192,
        "decode_ms": 0.827136,
        "decode_gib_s": 1125.9605198563459,
        "decode_ns_iters": [
          831104,
          828448,
          828704,
          827968,
          839136,
          830816,
          831456,
          832000,
          831584,
          831232,
          830752,
          831776,
          831136,
          832032,
          832160,
          832224,
          831744,
          831168,
          830112,
          827776,
          829984,
          830848,
          827136,
          831232,
          828960,
          827904,
          830432,
          829920,
          830048,
          830464
        ],
        "chunk_tokens": 192,
        "block_threads": 64,
        "staged_input_bytes": 202378268,
        "applicable": true
      },
      {
        "kernel": "onpair_dg_k6_t64_b6",
        "role": "experimental",
        "stage_bytes": null,
        "chunk_size": 192,
        "decode_ms": 0.828864,
        "decode_gib_s": 1123.6131386474724,
        "decode_ns_iters": [
          830848,
          832032,
          830496,
          829440,
          830272,
          832512,
          831680,
          830816,
          831744,
          831264,
          836768,
          830688,
          832384,
          829120,
          830528,
          830336,
          828864,
          830208,
          831040,
          829344,
          831392,
          832704,
          833664,
          832288,
          832352,
          837312,
          834112,
          830400,
          831040,
          831456
        ],
        "chunk_tokens": 192,
        "block_threads": 64,
        "staged_input_bytes": 202378268,
        "applicable": true
      },
      {
        "kernel": "onpair_dg_k6_t64_b8",
        "role": "experimental",
        "stage_bytes": null,
        "chunk_size": 192,
        "decode_ms": 0.828128,
        "decode_gib_s": 1124.6117515068909,
        "decode_ns_iters": [
          831328,
          837312,
          832448,
          834272,
          830560,
          830432,
          831168,
          835744,
          831136,
          832384,
          831488,
          832000,
          830688,
          831104,
          831136,
          831296,
          831936,
          836384,
          831968,
          828128,
          831712,
          829728,
          829504,
          831168,
          830112,
          835392,
          831968,
          837248,
          867264,
          832416
        ],
        "chunk_tokens": 192,
        "block_threads": 64,
        "staged_input_bytes": 202378268,
        "applicable": true
      },
      {
        "kernel": "onpair_dg_k6_t128_b1",
        "role": "experimental",
        "stage_bytes": null,
        "chunk_size": 192,
        "decode_ms": 0.801664,
        "decode_gib_s": 1161.7366883780467,
        "decode_ns_iters": [
          806752,
          809792,
          805984,
          803456,
          804672,
          804512,
          805888,
          813248,
          803872,
          806368,
          806048,
          805952,
          804256,
          802176,
          805664,
          806080,
          804256,
          802784,
          805536,
          813824,
          803072,
          802336,
          806944,
          804704,
          806112,
          801760,
          801664,
          803328,
          803200,
          803744
        ],
        "chunk_tokens": 192,
        "block_threads": 128,
        "staged_input_bytes": 202378268,
        "applicable": true
      },
      {
        "kernel": "onpair_dg_k6_t128_b2",
        "role": "experimental",
        "stage_bytes": null,
        "chunk_size": 192,
        "decode_ms": 0.802016,
        "decode_gib_s": 1161.2268091308636,
        "decode_ns_iters": [
          808544,
          806560,
          804096,
          803584,
          803776,
          811520,
          806880,
          806624,
          803840,
          803712,
          803328,
          804160,
          806464,
          802752,
          803264,
          804512,
          812704,
          803136,
          811392,
          802336,
          802016,
          802144,
          803648,
          804800,
          807136,
          807360,
          804704,
          804960,
          806272,
          805568
        ],
        "chunk_tokens": 192,
        "block_threads": 128,
        "staged_input_bytes": 202378268,
        "applicable": true
      },
      {
        "kernel": "onpair_dg_k6_t128_b4",
        "role": "experimental",
        "stage_bytes": null,
        "chunk_size": 192,
        "decode_ms": 0.799424,
        "decode_gib_s": 1164.991894854168,
        "decode_ns_iters": [
          802656,
          805760,
          799424,
          801440,
          801984,
          803488,
          802560,
          803104,
          801408,
          805984,
          803168,
          802176,
          807936,
          803040,
          803680,
          802656,
          800960,
          803424,
          802016,
          802400,
          803328,
          803680,
          804128,
          804096,
          802720,
          800832,
          801792,
          802208,
          801312,
          801728
        ],
        "chunk_tokens": 192,
        "block_threads": 128,
        "staged_input_bytes": 202378268,
        "applicable": true
      },
      {
        "kernel": "onpair_dg_k6_t128_b6",
        "role": "experimental",
        "stage_bytes": null,
        "chunk_size": 192,
        "decode_ms": 0.798592,
        "decode_gib_s": 1166.2056225856238,
        "decode_ns_iters": [
          805312,
          802880,
          802624,
          802176,
          802304,
          801248,
          802656,
          803424,
          803648,
          802720,
          803296,
          802464,
          803296,
          803296,
          801056,
          803424,
          802016,
          812064,
          806016,
          810528,
          801376,
          802208,
          802848,
          803648,
          801376,
          802560,
          801888,
          798592,
          809536,
          801152
        ],
        "chunk_tokens": 192,
        "block_threads": 128,
        "staged_input_bytes": 202378268,
        "applicable": true
      },
      {
        "kernel": "onpair_dg_k6_t128_b8",
        "role": "experimental",
        "stage_bytes": null,
        "chunk_size": 192,
        "decode_ms": 0.79984,
        "decode_gib_s": 1164.38597788545,
        "decode_ns_iters": [
          804544,
          812928,
          802272,
          802176,
          803840,
          804544,
          803296,
          803072,
          802944,
          802688,
          799840,
          802144,
          807776,
          802720,
          800960,
          801440,
          800800,
          802592,
          804128,
          803616,
          802592,
          801856,
          802560,
          808352,
          804224,
          804736,
          802560,
          802656,
          804288,
          802848
        ],
        "chunk_tokens": 192,
        "block_threads": 128,
        "staged_input_bytes": 202378268,
        "applicable": true
      },
      {
        "kernel": "onpair_dg_k6_t256_b1",
        "role": "experimental",
        "stage_bytes": null,
        "chunk_size": 192,
        "decode_ms": 0.798976,
        "decode_gib_s": 1165.6451264517311,
        "decode_ns_iters": [
          801984,
          800576,
          803008,
          804192,
          803456,
          803584,
          803584,
          804704,
          803808,
          803936,
          804448,
          803648,
          804320,
          804128,
          803936,
          805600,
          803648,
          802016,
          802080,
          803264,
          805216,
          803520,
          804448,
          803712,
          802112,
          800896,
          798976,
          801024,
          809504,
          800608
        ],
        "chunk_tokens": 192,
        "block_threads": 256,
        "staged_input_bytes": 202378268,
        "applicable": true
      },
      {
        "kernel": "onpair_dg_k6_t256_b2",
        "role": "experimental",
        "stage_bytes": null,
        "chunk_size": 192,
        "decode_ms": 0.799584,
        "decode_gib_s": 1164.7587752530046,
        "decode_ns_iters": [
          802464,
          802272,
          802144,
          802656,
          803616,
          802560,
          802496,
          803232,
          805408,
          806592,
          805184,
          802848,
          801504,
          801440,
          800608,
          801920,
          799584,
          800480,
          801952,
          801728,
          804672,
          803520,
          809664,
          804896,
          802688,
          803168,
          804128,
          805408,
          802176,
          803552
        ],
        "chunk_tokens": 192,
        "block_threads": 256,
        "staged_input_bytes": 202378268,
        "applicable": true
      },
      {
        "kernel": "onpair_dg_k6_t256_b4",
        "role": "experimental",
        "stage_bytes": null,
        "chunk_size": 192,
        "decode_ms": 0.805376,
        "decode_gib_s": 1156.3822122237295,
        "decode_ns_iters": [
          808928,
          807744,
          807104,
          807008,
          807360,
          807296,
          814944,
          807424,
          811680,
          806784,
          807584,
          806080,
          806848,
          806848,
          807296,
          806656,
          805376,
          815008,
          808192,
          808992,
          810080,
          809088,
          807424,
          806784,
          808288,
          808480,
          808256,
          812800,
          809184,
          813376
        ],
        "chunk_tokens": 192,
        "block_threads": 256,
        "staged_input_bytes": 202378268,
        "applicable": true
      },
      {
        "kernel": "onpair_dg_k6_t256_b6",
        "role": "experimental",
        "stage_bytes": null,
        "chunk_size": 192,
        "decode_ms": 0.895776,
        "decode_gib_s": 1039.682331913222,
        "decode_ns_iters": [
          900096,
          898912,
          898528,
          899616,
          898912,
          897920,
          898816,
          898848,
          898848,
          899936,
          897952,
          897216,
          895776,
          899264,
          899424,
          897344,
          897440,
          899008,
          900608,
          899328,
          898560,
          898944,
          897760,
          899072,
          898912,
          897792,
          900416,
          899424,
          899456,
          898336
        ],
        "chunk_tokens": 192,
        "block_threads": 256,
        "staged_input_bytes": 202378268,
        "applicable": true
      },
      {
        "kernel": "onpair_dg_k6_t256_b8",
        "role": "experimental",
        "stage_bytes": null,
        "chunk_size": 192,
        "decode_ms": 1.146304,
        "decode_gib_s": 812.4568007717835,
        "decode_ns_iters": [
          1152384,
          1148800,
          1146304,
          1149376,
          1150080,
          1152480,
          1149568,
          1151424,
          1151744,
          1152032,
          1150496,
          1151680,
          1152544,
          1148960,
          1151840,
          1152608,
          1149600,
          1151040,
          1149056,
          1151488,
          1154208,
          1149536,
          1153312,
          1151040,
          1151488,
          1152832,
          1156160,
          1149952,
          1151424,
          1153120
        ],
        "chunk_tokens": 192,
        "block_threads": 256,
        "staged_input_bytes": 202378268,
        "applicable": true
      },
      {
        "kernel": "onpair_dg_k7_t64_b1",
        "role": "experimental",
        "stage_bytes": null,
        "chunk_size": 224,
        "decode_ms": 0.81808,
        "decode_gib_s": 1138.4247024152876,
        "decode_ns_iters": [
          818080,
          820224,
          818336,
          818368,
          825376,
          819872,
          819200,
          819264,
          822784,
          823264,
          821664,
          820864,
          821216,
          821184,
          824512,
          826208,
          823200,
          828128,
          821632,
          821568,
          822304,
          820928,
          821344,
          824000,
          825056,
          824864,
          824448,
          822976,
          821984,
          824544
        ],
        "chunk_tokens": 224,
        "block_threads": 64,
        "staged_input_bytes": 201788444,
        "applicable": true
      },
      {
        "kernel": "onpair_dg_k7_t64_b2",
        "role": "experimental",
        "stage_bytes": null,
        "chunk_size": 224,
        "decode_ms": 0.82016,
        "decode_gib_s": 1135.5375543209843,
        "decode_ns_iters": [
          822752,
          821536,
          821920,
          822496,
          820320,
          829888,
          823008,
          832128,
          821376,
          822432,
          822592,
          820992,
          820864,
          820992,
          820576,
          822240,
          820160,
          823296,
          821888,
          828800,
          821856,
          825088,
          822624,
          822400,
          822400,
          823488,
          822720,
          822400,
          822048,
          821888
        ],
        "chunk_tokens": 224,
        "block_threads": 64,
        "staged_input_bytes": 201788444,
        "applicable": true
      },
      {
        "kernel": "onpair_dg_k7_t64_b4",
        "role": "experimental",
        "stage_bytes": null,
        "chunk_size": 224,
        "decode_ms": 0.81872,
        "decode_gib_s": 1137.5347866815255,
        "decode_ns_iters": [
          821984,
          821760,
          821088,
          820768,
          822208,
          820736,
          824512,
          827200,
          821024,
          826624,
          819904,
          820096,
          820032,
          820096,
          819872,
          819872,
          819296,
          819712,
          821056,
          819072,
          826400,
          821536,
          831488,
          818848,
          820352,
          820064,
          818720,
          819424,
          819456,
          819648
        ],
        "chunk_tokens": 224,
        "block_threads": 64,
        "staged_input_bytes": 201788444,
        "applicable": true
      },
      {
        "kernel": "onpair_dg_k7_t64_b6",
        "role": "experimental",
        "stage_bytes": null,
        "chunk_size": 224,
        "decode_ms": 0.818752,
        "decode_gib_s": 1137.4903274152593,
        "decode_ns_iters": [
          820512,
          819808,
          819680,
          820288,
          821920,
          821792,
          823584,
          822688,
          827840,
          820576,
          820224,
          820928,
          821376,
          819360,
          820640,
          821760,
          821024,
          821536,
          821152,
          818752,
          820320,
          826016,
          820608,
          821568,
          821376,
          822272,
          822144,
          821184,
          821472,
          820000
        ],
        "chunk_tokens": 224,
        "block_threads": 64,
        "staged_input_bytes": 201788444,
        "applicable": true
      },
      {
        "kernel": "onpair_dg_k7_t64_b8",
        "role": "experimental",
        "stage_bytes": null,
        "chunk_size": 224,
        "decode_ms": 0.819424,
        "decode_gib_s": 1136.5574849551617,
        "decode_ns_iters": [
          821024,
          820192,
          820224,
          821600,
          819712,
          822048,
          820864,
          822048,
          819744,
          820288,
          820224,
          820800,
          820832,
          819424,
          819648,
          820800,
          819552,
          820032,
          821248,
          819776,
          821344,
          821984,
          823328,
          822400,
          821952,
          821920,
          822336,
          824096,
          822016,
          822624
        ],
        "chunk_tokens": 224,
        "block_threads": 64,
        "staged_input_bytes": 201788444,
        "applicable": true
      },
      {
        "kernel": "onpair_dg_k7_t128_b1",
        "role": "experimental",
        "stage_bytes": null,
        "chunk_size": 224,
        "decode_ms": 0.818912,
        "decode_gib_s": 1137.2680832029553,
        "decode_ns_iters": [
          820960,
          821120,
          821760,
          820192,
          819392,
          820832,
          820096,
          822016,
          821760,
          822016,
          820512,
          819776,
          819488,
          819392,
          818912,
          821216,
          820832,
          824576,
          822336,
          821088,
          820512,
          821472,
          821568,
          827680,
          819936,
          819872,
          822656,
          820768,
          819584,
          821696
        ],
        "chunk_tokens": 224,
        "block_threads": 128,
        "staged_input_bytes": 201788444,
        "applicable": true
      },
      {
        "kernel": "onpair_dg_k7_t128_b2",
        "role": "experimental",
        "stage_bytes": null,
        "chunk_size": 224,
        "decode_ms": 0.816384,
        "decode_gib_s": 1140.7897270792894,
        "decode_ns_iters": [
          822592,
          821536,
          822368,
          821056,
          823296,
          822624,
          821728,
          822848,
          821216,
          822400,
          820000,
          827584,
          820640,
          830784,
          822080,
          821088,
          820672,
          820544,
          819584,
          820768,
          821120,
          821312,
          821600,
          821984,
          821920,
          819424,
          819200,
          816384,
          819488,
          820000
        ],
        "chunk_tokens": 224,
        "block_threads": 128,
        "staged_input_bytes": 201788444,
        "applicable": true
      },
      {
        "kernel": "onpair_dg_k7_t128_b4",
        "role": "experimental",
        "stage_bytes": null,
        "chunk_size": 224,
        "decode_ms": 0.818912,
        "decode_gib_s": 1137.2680832029553,
        "decode_ns_iters": [
          820480,
          820128,
          820160,
          820832,
          821056,
          820704,
          824224,
          819616,
          820992,
          821504,
          822624,
          819264,
          827232,
          819712,
          821216,
          820256,
          819168,
          818912,
          822624,
          820832,
          821888,
          819232,
          820416,
          819680,
          820608,
          827680,
          821792,
          819616,
          822240,
          821792
        ],
        "chunk_tokens": 224,
        "block_threads": 128,
        "staged_input_bytes": 201788444,
        "applicable": true
      },
      {
        "kernel": "onpair_dg_k7_t128_b6",
        "role": "experimental",
        "stage_bytes": null,
        "chunk_size": 224,
        "decode_ms": 0.819136,
        "decode_gib_s": 1136.9570871648891,
        "decode_ns_iters": [
          830688,
          821568,
          821088,
          819168,
          820192,
          822112,
          821696,
          820864,
          819840,
          823808,
          821472,
          822048,
          820672,
          826944,
          820288,
          820896,
          819136,
          821568,
          819936,
          822272,
          824512,
          820160,
          819136,
          819488,
          820576,
          820448,
          820384,
          820576,
          819936,
          820064
        ],
        "chunk_tokens": 224,
        "block_threads": 128,
        "staged_input_bytes": 201788444,
        "applicable": true
      },
      {
        "kernel": "onpair_dg_k7_t128_b8",
        "role": "experimental",
        "stage_bytes": null,
        "chunk_size": 224,
        "decode_ms": 0.818976,
        "decode_gib_s": 1137.1792098326428,
        "decode_ns_iters": [
          823232,
          827648,
          821248,
          821344,
          821536,
          822656,
          821600,
          820672,
          822112,
          821600,
          822048,
          821088,
          819744,
          819072,
          818976,
          820992,
          820960,
          821952,
          819968,
          820352,
          822624,
          820640,
          820512,
          820352,
          820576,
          819552,
          822432,
          822144,
          827488,
          820832
        ],
        "chunk_tokens": 224,
        "block_threads": 128,
        "staged_input_bytes": 201788444,
        "applicable": true
      },
      {
        "kernel": "onpair_dg_k7_t256_b1",
        "role": "experimental",
        "stage_bytes": null,
        "chunk_size": 224,
        "decode_ms": 0.816544,
        "decode_gib_s": 1140.5661918425687,
        "decode_ns_iters": [
          820800,
          821760,
          827648,
          820832,
          828160,
          821792,
          823072,
          824384,
          824160,
          821888,
          820640,
          820896,
          821568,
          822400,
          822880,
          822432,
          826912,
          821184,
          820736,
          817760,
          818176,
          819232,
          817312,
          818016,
          818272,
          820096,
          816544,
          820544,
          821312,
          820064
        ],
        "chunk_tokens": 224,
        "block_threads": 256,
        "staged_input_bytes": 201788444,
        "applicable": true
      },
      {
        "kernel": "onpair_dg_k7_t256_b2",
        "role": "experimental",
        "stage_bytes": null,
        "chunk_size": 224,
        "decode_ms": 0.817824,
        "decode_gib_s": 1138.7810587019928,
        "decode_ns_iters": [
          821728,
          821216,
          824288,
          829664,
          824512,
          823392,
          825472,
          818848,
          817824,
          820640,
          821792,
          817888,
          818432,
          818496,
          821280,
          821184,
          826176,
          822208,
          821504,
          821152,
          824992,
          825312,
          823808,
          823520,
          822688,
          821280,
          821440,
          822208,
          821056,
          820832
        ],
        "chunk_tokens": 224,
        "block_threads": 256,
        "staged_input_bytes": 201788444,
        "applicable": true
      },
      {
        "kernel": "onpair_dg_k7_t256_b4",
        "role": "experimental",
        "stage_bytes": null,
        "chunk_size": 224,
        "decode_ms": 0.81856,
        "decode_gib_s": 1137.7571351542936,
        "decode_ns_iters": [
          821440,
          821600,
          822592,
          820352,
          829664,
          822176,
          822944,
          822624,
          824448,
          824224,
          822880,
          823456,
          824544,
          820544,
          820768,
          820416,
          819456,
          824288,
          818560,
          820352,
          820896,
          822880,
          823104,
          822784,
          823584,
          823616,
          823968,
          824896,
          824480,
          822912
        ],
        "chunk_tokens": 224,
        "block_threads": 256,
        "staged_input_bytes": 201788444,
        "applicable": true
      },
      {
        "kernel": "onpair_dg_k7_t256_b6",
        "role": "experimental",
        "stage_bytes": null,
        "chunk_size": 224,
        "decode_ms": 1.0536,
        "decode_gib_s": 883.9431288457654,
        "decode_ns_iters": [
          1057440,
          1064320,
          1057728,
          1054528,
          1057248,
          1055072,
          1055008,
          1056096,
          1057344,
          1058208,
          1055200,
          1058240,
          1057856,
          1055648,
          1056800,
          1057632,
          1057344,
          1059808,
          1059200,
          1057216,
          1058432,
          1057440,
          1057184,
          1053600,
          1054304,
          1055904,
          1058784,
          1056000,
          1055264,
          1055136
        ],
        "chunk_tokens": 224,
        "block_threads": 256,
        "staged_input_bytes": 201788444,
        "applicable": true
      },
      {
        "kernel": "onpair_dg_k7_t256_b8",
        "role": "experimental",
        "stage_bytes": null,
        "chunk_size": 224,
        "decode_ms": 1.210976,
        "decode_gib_s": 769.0676615819789,
        "decode_ns_iters": [
          1212960,
          1213440,
          1214432,
          1214112,
          1212416,
          1212736,
          1213184,
          1211296,
          1215328,
          1212416,
          1216320,
          1210976,
          1211584,
          1213984,
          1212320,
          1211328,
          1213984,
          1213120,
          1213440,
          1212448,
          1213792,
          1212992,
          1213504,
          1212480,
          1213536,
          1211072,
          1211200,
          1211872,
          1213056,
          1212096
        ],
        "chunk_tokens": 224,
        "block_threads": 256,
        "staged_input_bytes": 201788444,
        "applicable": true
      },
      {
        "kernel": "onpair_dg_k8_t64_b1",
        "role": "experimental",
        "stage_bytes": null,
        "chunk_size": 256,
        "decode_ms": 0.855424,
        "decode_gib_s": 1088.7261528223414,
        "decode_ns_iters": [
          858272,
          859584,
          858688,
          857216,
          858368,
          858144,
          859936,
          861088,
          859040,
          859360,
          857216,
          858368,
          859936,
          859072,
          859776,
          860096,
          859072,
          857856,
          861280,
          863776,
          866720,
          857376,
          857440,
          860224,
          859424,
          858912,
          856576,
          855424,
          858944,
          857280
        ],
        "chunk_tokens": 256,
        "block_threads": 64,
        "staged_input_bytes": 201346068,
        "applicable": true
      },
      {
        "kernel": "onpair_dg_k8_t64_b2",
        "role": "experimental",
        "stage_bytes": null,
        "chunk_size": 256,
        "decode_ms": 0.856736,
        "decode_gib_s": 1087.0588845944355,
        "decode_ns_iters": [
          856736,
          857664,
          862720,
          857248,
          858560,
          858208,
          865312,
          858688,
          857504,
          857824,
          859456,
          858432,
          860544,
          858784,
          858240,
          859296,
          857632,
          857600,
          858496,
          858208,
          858880,
          856864,
          857056,
          856800,
          857216,
          857792,
          858272,
          856928,
          861952,
          862944
        ],
        "chunk_tokens": 256,
        "block_threads": 64,
        "staged_input_bytes": 201346068,
        "applicable": true
      },
      {
        "kernel": "onpair_dg_k8_t64_b4",
        "role": "experimental",
        "stage_bytes": null,
        "chunk_size": 256,
        "decode_ms": 0.855328,
        "decode_gib_s": 1088.8483488812462,
        "decode_ns_iters": [
          856992,
          859168,
          859616,
          859200,
          857248,
          859520,
          860160,
          860448,
          858688,
          857440,
          857664,
          863488,
          857664,
          857920,
          855328,
          866848,
          857120,
          857312,
          857184,
          856864,
          858336,
          857632,
          857216,
          856832,
          857792,
          859584,
          859008,
          858720,
          857344,
          856128
        ],
        "chunk_tokens": 256,
        "block_threads": 64,
        "staged_input_bytes": 201346068,
        "applicable": true
      },
      {
        "kernel": "onpair_dg_k8_t64_b6",
        "role": "experimental",
        "stage_bytes": null,
        "chunk_size": 256,
        "decode_ms": 0.854816,
        "decode_gib_s": 1089.5005247350289,
        "decode_ns_iters": [
          857568,
          859328,
          857248,
          857664,
          856704,
          856608,
          858368,
          858304,
          857408,
          857216,
          854816,
          856896,
          855616,
          856576,
          856768,
          857088,
          857984,
          857728,
          858496,
          865152,
          862720,
          859072,
          858912,
          856928,
          866144,
          858656,
          857824,
          856640,
          856544,
          856672
        ],
        "chunk_tokens": 256,
        "block_threads": 64,
        "staged_input_bytes": 201346068,
        "applicable": true
      },
      {
        "kernel": "onpair_dg_k8_t64_b8",
        "role": "experimental",
        "stage_bytes": null,
        "chunk_size": 256,
        "decode_ms": 0.855424,
        "decode_gib_s": 1088.7261528223414,
        "decode_ns_iters": [
          858080,
          857408,
          857536,
          863104,
          858400,
          859200,
          855872,
          857344,
          867712,
          859104,
          860448,
          858240,
          859456,
          856000,
          856864,
          855776,
          855968,
          855424,
          858688,
          856128,
          857664,
          856800,
          857376,
          857952,
          857056,
          856992,
          857056,
          856896,
          857824,
          856640
        ],
        "chunk_tokens": 256,
        "block_threads": 64,
        "staged_input_bytes": 201346068,
        "applicable": true
      },
      {
        "kernel": "onpair_dg_k8_t128_b1",
        "role": "experimental",
        "stage_bytes": null,
        "chunk_size": 256,
        "decode_ms": 0.852224,
        "decode_gib_s": 1092.8141903442036,
        "decode_ns_iters": [
          853440,
          854944,
          855328,
          853568,
          853120,
          852992,
          852416,
          855360,
          856608,
          856352,
          854816,
          854016,
          861248,
          855136,
          853664,
          853376,
          853408,
          854336,
          855712,
          852224,
          855680,
          855264,
          856640,
          856768,
          856928,
          854816,
          855392,
          853664,
          855456,
          854560
        ],
        "chunk_tokens": 256,
        "block_threads": 128,
        "staged_input_bytes": 201346068,
        "applicable": true
      },
      {
        "kernel": "onpair_dg_k8_t128_b2",
        "role": "experimental",
        "stage_bytes": null,
        "chunk_size": 256,
        "decode_ms": 0.853216,
        "decode_gib_s": 1091.5436191443885,
        "decode_ns_iters": [
          853792,
          855616,
          855904,
          854848,
          856128,
          854432,
          858112,
          855200,
          854944,
          854304,
          855392,
          854720,
          854528,
          853216,
          854400,
          855456,
          854592,
          856192,
          859872,
          856320,
          854624,
          854848,
          861888,
          853824,
          855360,
          855488,
          857408,
          858688,
          854656,
          855936
        ],
        "chunk_tokens": 256,
        "block_threads": 128,
        "staged_input_bytes": 201346068,
        "applicable": true
      },
      {
        "kernel": "onpair_dg_k8_t128_b4",
        "role": "experimental",
        "stage_bytes": null,
        "chunk_size": 256,
        "decode_ms": 0.852704,
        "decode_gib_s": 1092.1990286804078,
        "decode_ns_iters": [
          855424,
          863200,
          860256,
          856960,
          856448,
          854272,
          861184,
          853920,
          853248,
          854272,
          852704,
          856384,
          854464,
          853984,
          853632,
          854656,
          853664,
          853760,
          854048,
          856128,
          855200,
          855616,
          861120,
          853664,
          854432,
          853376,
          854464,
          858688,
          859808,
          855712
        ],
        "chunk_tokens": 256,
        "block_threads": 128,
        "staged_input_bytes": 201346068,
        "applicable": true
      },
      {
        "kernel": "onpair_dg_k8_t128_b6",
        "role": "experimental",
        "stage_bytes": null,
        "chunk_size": 256,
        "decode_ms": 0.852064,
        "decode_gib_s": 1093.0193982516553,
        "decode_ns_iters": [
          855040,
          854592,
          854688,
          854464,
          854624,
          853824,
          854944,
          854240,
          855232,
          861472,
          854720,
          852512,
          855136,
          856096,
          854272,
          856576,
          857664,
          855200,
          855616,
          857152,
          856320,
          853984,
          855296,
          852064,
          853536,
          852256,
          852800,
          854560,
          859552,
          856512
        ],
        "chunk_tokens": 256,
        "block_threads": 128,
        "staged_input_bytes": 201346068,
        "applicable": true
      },
      {
        "kernel": "onpair_dg_k8_t128_b8",
        "role": "experimental",
        "stage_bytes": null,
        "chunk_size": 256,
        "decode_ms": 0.852672,
        "decode_gib_s": 1092.2400179106369,
        "decode_ns_iters": [
          855520,
          854656,
          854016,
          854304,
          854624,
          855008,
          854976,
          854912,
          854016,
          853536,
          853152,
          853376,
          854272,
          853088,
          860096,
          860832,
          853152,
          854400,
          854464,
          853856,
          854400,
          856608,
          854304,
          853376,
          854048,
          853216,
          852672,
          852928,
          855072,
          853920
        ],
        "chunk_tokens": 256,
        "block_threads": 128,
        "staged_input_bytes": 201346068,
        "applicable": true
      },
      {
        "kernel": "onpair_dg_k8_t256_b1",
        "role": "experimental",
        "stage_bytes": null,
        "chunk_size": 256,
        "decode_ms": 0.853248,
        "decode_gib_s": 1091.5026821649724,
        "decode_ns_iters": [
          857344,
          857760,
          856128,
          854816,
          853920,
          857184,
          856032,
          856672,
          854144,
          854752,
          856352,
          854112,
          854016,
          855008,
          854048,
          853408,
          853824,
          853248,
          855712,
          855520,
          859648,
          860512,
          855872,
          854496,
          854368,
          860864,
          853952,
          855808,
          854432,
          854336
        ],
        "chunk_tokens": 256,
        "block_threads": 256,
        "staged_input_bytes": 201346068,
        "applicable": true
      },
      {
        "kernel": "onpair_dg_k8_t256_b2",
        "role": "experimental",
        "stage_bytes": null,
        "chunk_size": 256,
        "decode_ms": 0.853376,
        "decode_gib_s": 1091.3389649485086,
        "decode_ns_iters": [
          854496,
          853696,
          860736,
          860416,
          855616,
          856512,
          855200,
          855168,
          855744,
          854080,
          854496,
          854528,
          855424,
          855424,
          856928,
          856384,
          856640,
          853600,
          853408,
          853376,
          855168,
          858432,
          857088,
          855360,
          853728,
          857248,
          856672,
          854400,
          855648,
          861408
        ],
        "chunk_tokens": 256,
        "block_threads": 256,
        "staged_input_bytes": 201346068,
        "applicable": true
      },
      {
        "kernel": "onpair_dg_k8_t256_b4",
        "role": "experimental",
        "stage_bytes": null,
        "chunk_size": 256,
        "decode_ms": 0.85296,
        "decode_gib_s": 1091.8712255579376,
        "decode_ns_iters": [
          855712,
          858208,
          854720,
          855680,
          856704,
          856160,
          854816,
          855648,
          855200,
          853536,
          855552,
          860512,
          860288,
          855040,
          855744,
          855296,
          855264,
          855872,
          856576,
          856384,
          856640,
          855168,
          855232,
          855680,
          853824,
          855936,
          852960,
          854080,
          855040,
          854048
        ],
        "chunk_tokens": 256,
        "block_threads": 256,
        "staged_input_bytes": 201346068,
        "applicable": true
      },
      {
        "kernel": "onpair_dg_k8_t256_b6",
        "role": "experimental",
        "stage_bytes": null,
        "chunk_size": 256,
        "decode_ms": 1.17552,
        "decode_gib_s": 792.2642579895693,
        "decode_ns_iters": [
          1183680,
          1185120,
          1178720,
          1182656,
          1183488,
          1175520,
          1183232,
          1179808,
          1183648,
          1179328,
          1188448,
          1180064,
          1182016,
          1180192,
          1184672,
          1183872,
          1184192,
          1177472,
          1178656,
          1177280,
          1180992,
          1180256,
          1180832,
          1178208,
          1182400,
          1185344,
          1186272,
          1184992,
          1181120,
          1177472
        ],
        "chunk_tokens": 256,
        "block_threads": 256,
        "staged_input_bytes": 201346068,
        "applicable": true
      },
      {
        "kernel": "onpair_dg_k8_t256_b8",
        "role": "experimental",
        "stage_bytes": null,
        "chunk_size": 256,
        "decode_ms": 1.35856,
        "decode_gib_s": 685.5217881815294,
        "decode_ns_iters": [
          1366592,
          1364192,
          1361408,
          1366080,
          1365376,
          1371104,
          1359136,
          1374048,
          1374272,
          1358560,
          1366432,
          1363552,
          1368960,
          1361856,
          1364128,
          1364000,
          1372608,
          1370176,
          1371104,
          1373376,
          1372128,
          1367104,
          1369184,
          1368832,
          1359424,
          1366688,
          1373024,
          1360352,
          1369376,
          1363808
        ],
        "chunk_tokens": 256,
        "block_threads": 256,
        "staged_input_bytes": 201346068,
        "applicable": true
      },
      {
        "kernel": "onpair_dw_k1_t64_b1",
        "role": "experimental",
        "stage_bytes": null,
        "chunk_size": 32,
        "decode_ms": 1.295872,
        "decode_gib_s": 718.6840062536257,
        "decode_ns_iters": [
          1298752,
          1301504,
          1298336,
          1297632,
          1298720,
          1298176,
          1298560,
          1297792,
          1300192,
          1297696,
          1300320,
          1299552,
          1299680,
          1299296,
          1300800,
          1301536,
          1299584,
          1297184,
          1299136,
          1299616,
          1300096,
          1297568,
          1297376,
          1299232,
          1299712,
          1296864,
          1296352,
          1295872,
          1300416,
          1297312
        ],
        "chunk_tokens": 32,
        "block_threads": 64,
        "staged_input_bytes": 223022196,
        "applicable": true
      },
      {
        "kernel": "onpair_dw_k1_t64_b2",
        "role": "experimental",
        "stage_bytes": null,
        "chunk_size": 32,
        "decode_ms": 1.295488,
        "decode_gib_s": 718.8970338219253,
        "decode_ns_iters": [
          1301472,
          1297472,
          1299488,
          1298624,
          1297600,
          1296128,
          1296288,
          1297280,
          1300416,
          1301248,
          1297792,
          1296160,
          1297088,
          1299072,
          1298240,
          1297504,
          1301088,
          1301440,
          1295808,
          1296448,
          1297184,
          1297696,
          1298784,
          1296000,
          1296416,
          1296064,
          1295488,
          1299264,
          1297056,
          1297120
        ],
        "chunk_tokens": 32,
        "block_threads": 64,
        "staged_input_bytes": 223022196,
        "applicable": true
      },
      {
        "kernel": "onpair_dw_k1_t64_b4",
        "role": "experimental",
        "stage_bytes": null,
        "chunk_size": 32,
        "decode_ms": 1.293632,
        "decode_gib_s": 719.928449939317,
        "decode_ns_iters": [
          1301600,
          1298528,
          1298240,
          1298848,
          1298560,
          1300512,
          1298656,
          1302400,
          1296160,
          1298464,
          1296192,
          1299040,
          1296384,
          1293632,
          1295232,
          1297856,
          1296160,
          1297280,
          1295776,
          1297696,
          1300416,
          1297984,
          1298304,
          1294592,
          1297408,
          1296544,
          1295296,
          1299168,
          1297216,
          1297248
        ],
        "chunk_tokens": 32,
        "block_threads": 64,
        "staged_input_bytes": 223022196,
        "applicable": true
      },
      {
        "kernel": "onpair_dw_k1_t64_b6",
        "role": "experimental",
        "stage_bytes": null,
        "chunk_size": 32,
        "decode_ms": 1.294752,
        "decode_gib_s": 719.3056898555851,
        "decode_ns_iters": [
          1296320,
          1298976,
          1310528,
          1299168,
          1296544,
          1301696,
          1294912,
          1307456,
          1299136,
          1302464,
          1296768,
          1294784,
          1296640,
          1296000,
          1297216,
          1294752,
          1296864,
          1300320,
          1298752,
          1296000,
          1300256,
          1298464,
          1296896,
          1299744,
          1301024,
          1298624,
          1298112,
          1299040,
          1298304,
          1297600
        ],
        "chunk_tokens": 32,
        "block_threads": 64,
        "staged_input_bytes": 223022196,
        "applicable": true
      },
      {
        "kernel": "onpair_dw_k1_t64_b8",
        "role": "experimental",
        "stage_bytes": null,
        "chunk_size": 32,
        "decode_ms": 1.293888,
        "decode_gib_s": 719.7860097256474,
        "decode_ns_iters": [
          1297344,
          1297920,
          1296768,
          1296608,
          1298112,
          1295264,
          1296288,
          1297024,
          1294912,
          1296544,
          1297888,
          1297696,
          1296320,
          1298400,
          1298400,
          1298912,
          1297088,
          1293888,
          1294688,
          1295968,
          1300544,
          1299200,
          1296032,
          1298944,
          1296032,
          1299104,
          1299904,
          1300512,
          1294464,
          1303744
        ],
        "chunk_tokens": 32,
        "block_threads": 64,
        "staged_input_bytes": 223022196,
        "applicable": true
      },
      {
        "kernel": "onpair_dw_k1_t128_b1",
        "role": "experimental",
        "stage_bytes": null,
        "chunk_size": 32,
        "decode_ms": 1.370464,
        "decode_gib_s": 679.5672710497311,
        "decode_ns_iters": [
          1378944,
          1377728,
          1379136,
          1376224,
          1379200,
          1382144,
          1380416,
          1375712,
          1374464,
          1373696,
          1373504,
          1371456,
          1375328,
          1371936,
          1372800,
          1377536,
          1375424,
          1375072,
          1370912,
          1372480,
          1374304,
          1370464,
          1373184,
          1374528,
          1380352,
          1372160,
          1378560,
          1375264,
          1378848,
          1378240
        ],
        "chunk_tokens": 32,
        "block_threads": 128,
        "staged_input_bytes": 223022196,
        "applicable": true
      },
      {
        "kernel": "onpair_dw_k1_t128_b2",
        "role": "experimental",
        "stage_bytes": null,
        "chunk_size": 32,
        "decode_ms": 1.374272,
        "decode_gib_s": 677.6842434044341,
        "decode_ns_iters": [
          1376768,
          1381248,
          1378976,
          1381216,
          1378112,
          1377824,
          1382912,
          1379712,
          1388800,
          1375808,
          1381248,
          1377536,
          1380160,
          1376736,
          1374432,
          1375520,
          1380832,
          1377376,
          1378688,
          1376768,
          1380672,
          1380608,
          1377312,
          1376096,
          1375104,
          1375360,
          1374464,
          1374272,
          1377088,
          1379904
        ],
        "chunk_tokens": 32,
        "block_threads": 128,
        "staged_input_bytes": 223022196,
        "applicable": true
      },
      {
        "kernel": "onpair_dw_k1_t128_b4",
        "role": "experimental",
        "stage_bytes": null,
        "chunk_size": 32,
        "decode_ms": 1.373568,
        "decode_gib_s": 678.0315794717834,
        "decode_ns_iters": [
          1376928,
          1380544,
          1378368,
          1379104,
          1379424,
          1382848,
          1377760,
          1378880,
          1381088,
          1378432,
          1379488,
          1382944,
          1379072,
          1377888,
          1377088,
          1375936,
          1374752,
          1376320,
          1376544,
          1374432,
          1373568,
          1374144,
          1373664,
          1376672,
          1380352,
          1380992,
          1381216,
          1378176,
          1379200,
          1377760
        ],
        "chunk_tokens": 32,
        "block_threads": 128,
        "staged_input_bytes": 223022196,
        "applicable": true
      },
      {
        "kernel": "onpair_dw_k1_t128_b6",
        "role": "experimental",
        "stage_bytes": null,
        "chunk_size": 32,
        "decode_ms": 1.370976,
        "decode_gib_s": 679.3134821848804,
        "decode_ns_iters": [
          1377856,
          1374752,
          1375264,
          1377120,
          1375680,
          1372992,
          1378464,
          1378304,
          1378272,
          1378080,
          1376736,
          1376480,
          1379296,
          1371392,
          1379072,
          1371840,
          1370976,
          1374816,
          1372544,
          1371936,
          1374912,
          1373472,
          1374624,
          1372864,
          1375520,
          1372832,
          1375808,
          1375776,
          1376448,
          1373216
        ],
        "chunk_tokens": 32,
        "block_threads": 128,
        "staged_input_bytes": 223022196,
        "applicable": true
      },
      {
        "kernel": "onpair_dw_k1_t128_b8",
        "role": "experimental",
        "stage_bytes": null,
        "chunk_size": 32,
        "decode_ms": 1.375456,
        "decode_gib_s": 677.1008891246964,
        "decode_ns_iters": [
          1379680,
          1382208,
          1384352,
          1382400,
          1381536,
          1381824,
          1379744,
          1379296,
          1380384,
          1381728,
          1381440,
          1382016,
          1381664,
          1380352,
          1377856,
          1385280,
          1378304,
          1376800,
          1375456,
          1378592,
          1379648,
          1380096,
          1378368,
          1378976,
          1379200,
          1379232,
          1378752,
          1379456,
          1383136,
          1380992
        ],
        "chunk_tokens": 32,
        "block_threads": 128,
        "staged_input_bytes": 223022196,
        "applicable": true
      },
      {
        "kernel": "onpair_dw_k1_t256_b1",
        "role": "experimental",
        "stage_bytes": null,
        "chunk_size": 32,
        "decode_ms": 1.439456,
        "decode_gib_s": 646.9961433707584,
        "decode_ns_iters": [
          1442528,
          1442080,
          1442176,
          1446272,
          1442944,
          1445504,
          1444032,
          1442720,
          1442560,
          1442944,
          1444640,
          1444960,
          1443072,
          1443168,
          1441792,
          1441984,
          1444192,
          1441856,
          1442848,
          1441664,
          1445824,
          1442240,
          1444288,
          1443040,
          1442208,
          1441664,
          1439456,
          1440992,
          1439456,
          1441728
        ],
        "chunk_tokens": 32,
        "block_threads": 256,
        "staged_input_bytes": 223022196,
        "applicable": true
      },
      {
        "kernel": "onpair_dw_k1_t256_b2",
        "role": "experimental",
        "stage_bytes": null,
        "chunk_size": 32,
        "decode_ms": 1.436448,
        "decode_gib_s": 648.3509883768146,
        "decode_ns_iters": [
          1441248,
          1439616,
          1442304,
          1439264,
          1441632,
          1446016,
          1442752,
          1441376,
          1444416,
          1448992,
          1441312,
          1442368,
          1441600,
          1446016,
          1444384,
          1438720,
          1439776,
          1439136,
          1440608,
          1439040,
          1447360,
          1441952,
          1439488,
          1437504,
          1439744,
          1438432,
          1436448,
          1439008,
          1439520,
          1442080
        ],
        "chunk_tokens": 32,
        "block_threads": 256,
        "staged_input_bytes": 223022196,
        "applicable": true
      },
      {
        "kernel": "onpair_dw_k1_t256_b4",
        "role": "experimental",
        "stage_bytes": null,
        "chunk_size": 32,
        "decode_ms": 1.444512,
        "decode_gib_s": 644.7315637058733,
        "decode_ns_iters": [
          1448256,
          1448000,
          1445888,
          1445504,
          1446816,
          1448736,
          1451424,
          1448800,
          1445664,
          1450528,
          1450080,
          1450816,
          1449824,
          1452032,
          1450240,
          1456032,
          1447456,
          1446048,
          1446400,
          1446144,
          1447136,
          1447776,
          1444512,
          1446048,
          1447200,
          1453920,
          1455072,
          1453088,
          1453056,
          1453024
        ],
        "chunk_tokens": 32,
        "block_threads": 256,
        "staged_input_bytes": 223022196,
        "applicable": true
      },
      {
        "kernel": "onpair_dw_k1_t256_b6",
        "role": "experimental",
        "stage_bytes": null,
        "chunk_size": 32,
        "decode_ms": 1.136832,
        "decode_gib_s": 819.2261306436644,
        "decode_ns_iters": [
          1140032,
          1141152,
          1139808,
          1138656,
          1139328,
          1140384,
          1140096,
          1138272,
          1139936,
          1138272,
          1139424,
          1139328,
          1140192,
          1139872,
          1140928,
          1136832,
          1138624,
          1141536,
          1137408,
          1137152,
          1137440,
          1138624,
          1140416,
          1137216,
          1144384,
          1140896,
          1139520,
          1138112,
          1137824,
          1139456
        ],
        "chunk_tokens": 32,
        "block_threads": 256,
        "staged_input_bytes": 223022196,
        "applicable": true
      },
      {
        "kernel": "onpair_dw_k1_t256_b8",
        "role": "experimental",
        "stage_bytes": null,
        "chunk_size": 32,
        "decode_ms": 1.02816,
        "decode_gib_s": 905.8147375426962,
        "decode_ns_iters": [
          1033600,
          1034560,
          1033792,
          1031264,
          1043072,
          1031520,
          1031296,
          1033280,
          1032448,
          1032032,
          1031648,
          1041728,
          1031296,
          1030784,
          1035424,
          1032960,
          1031232,
          1045632,
          1031840,
          1031488,
          1029504,
          1029600,
          1029824,
          1029920,
          1037952,
          1030304,
          1028256,
          1029312,
          1028160,
          1030208
        ],
        "chunk_tokens": 32,
        "block_threads": 256,
        "staged_input_bytes": 223022196,
        "applicable": true
      },
      {
        "kernel": "onpair_dw_k2_t64_b1",
        "role": "experimental",
        "stage_bytes": null,
        "chunk_size": 64,
        "decode_ms": 0.939712,
        "decode_gib_s": 991.0722439980531,
        "decode_ns_iters": [
          944256,
          942880,
          940896,
          942144,
          943008,
          941888,
          941792,
          941824,
          942816,
          944192,
          945696,
          945376,
          950720,
          944992,
          944448,
          949696,
          939712,
          945344,
          945440,
          940800,
          942336,
          944416,
          940896,
          941792,
          942752,
          942560,
          946176,
          941504,
          943712,
          942112
        ],
        "chunk_tokens": 64,
        "block_threads": 64,
        "staged_input_bytes": 210635828,
        "applicable": true
      },
      {
        "kernel": "onpair_dw_k2_t64_b2",
        "role": "experimental",
        "stage_bytes": null,
        "chunk_size": 64,
        "decode_ms": 0.937024,
        "decode_gib_s": 993.9152898451891,
        "decode_ns_iters": [
          942944,
          946144,
          943712,
          940544,
          942912,
          940640,
          945312,
          941600,
          943360,
          943712,
          942784,
          937024,
          945152,
          942752,
          942848,
          940096,
          942752,
          942720,
          947776,
          943776,
          941824,
          942240,
          941376,
          942656,
          942656,
          944288,
          940480,
          942816,
          943808,
          943552
        ],
        "chunk_tokens": 64,
        "block_threads": 64,
        "staged_input_bytes": 210635828,
        "applicable": true
      },
      {
        "kernel": "onpair_dw_k2_t64_b4",
        "role": "experimental",
        "stage_bytes": null,
        "chunk_size": 64,
        "decode_ms": 0.93808,
        "decode_gib_s": 992.7964358603728,
        "decode_ns_iters": [
          952608,
          944960,
          943040,
          943360,
          944704,
          942080,
          942112,
          943136,
          941856,
          941600,
          939840,
          943104,
          945568,
          942624,
          942016,
          941184,
          941920,
          942240,
          942784,
          943552,
          946144,
          949856,
          941024,
          940896,
          941856,
          938080,
          943072,
          942624,
          938880,
          942336
        ],
        "chunk_tokens": 64,
        "block_threads": 64,
        "staged_input_bytes": 210635828,
        "applicable": true
      },
      {
        "kernel": "onpair_dw_k2_t64_b6",
        "role": "experimental",
        "stage_bytes": null,
        "chunk_size": 64,
        "decode_ms": 0.938592,
        "decode_gib_s": 992.2548674524164,
        "decode_ns_iters": [
          940512,
          939040,
          940864,
          939040,
          941120,
          949120,
          940576,
          940416,
          938592,
          941248,
          939264,
          942080,
          938944,
          943712,
          943136,
          940576,
          942912,
          942720,
          942784,
          943712,
          944032,
          941632,
          944896,
          940032,
          941440,
          939584,
          940352,
          951072,
          944512,
          942400
        ],
        "chunk_tokens": 64,
        "block_threads": 64,
        "staged_input_bytes": 210635828,
        "applicable": true
      },
      {
        "kernel": "onpair_dw_k2_t64_b8",
        "role": "experimental",
        "stage_bytes": null,
        "chunk_size": 64,
        "decode_ms": 0.93456,
        "decode_gib_s": 996.5357821347998,
        "decode_ns_iters": [
          942912,
          943968,
          941440,
          943104,
          942656,
          939840,
          939200,
          940448,
          939936,
          941760,
          949440,
          944000,
          943104,
          940640,
          940992,
          945472,
          938624,
          942336,
          943616,
          943200,
          934560,
          938464,
          935872,
          939776,
          944640,
          943616,
          938208,
          940768,
          939456,
          942752
        ],
        "chunk_tokens": 64,
        "block_threads": 64,
        "staged_input_bytes": 210635828,
        "applicable": true
      },
      {
        "kernel": "onpair_dw_k2_t128_b1",
        "role": "experimental",
        "stage_bytes": null,
        "chunk_size": 64,
        "decode_ms": 0.957152,
        "decode_gib_s": 973.0141926798445,
        "decode_ns_iters": [
          962432,
          961376,
          961792,
          962304,
          960480,
          958784,
          959168,
          961792,
          964576,
          963008,
          961568,
          969504,
          964256,
          964064,
          964736,
          959648,
          957152,
          964128,
          964160,
          964704,
          964608,
          963744,
          967008,
          962400,
          964480,
          965888,
          962592,
          958880,
          961664,
          961344
        ],
        "chunk_tokens": 64,
        "block_threads": 128,
        "staged_input_bytes": 210635828,
        "applicable": true
      },
      {
        "kernel": "onpair_dw_k2_t128_b2",
        "role": "experimental",
        "stage_bytes": null,
        "chunk_size": 64,
        "decode_ms": 0.960832,
        "decode_gib_s": 969.2875347114776,
        "decode_ns_iters": [
          963616,
          965056,
          963456,
          963488,
          961824,
          960832,
          966016,
          962624,
          965536,
          963680,
          964288,
          972992,
          964288,
          961856,
          967680,
          967872,
          963040,
          965216,
          964064,
          964352,
          962624,
          964288,
          961824,
          966112,
          967200,
          961888,
          961056,
          962560,
          963744,
          964128
        ],
        "chunk_tokens": 64,
        "block_threads": 128,
        "staged_input_bytes": 210635828,
        "applicable": true
      },
      {
        "kernel": "onpair_dw_k2_t128_b4",
        "role": "experimental",
        "stage_bytes": null,
        "chunk_size": 64,
        "decode_ms": 0.957536,
        "decode_gib_s": 972.6239854709363,
        "decode_ns_iters": [
          963360,
          960896,
          962144,
          961216,
          961856,
          961088,
          961184,
          960576,
          963360,
          970176,
          965152,
          964704,
          962048,
          963616,
          959712,
          962304,
          962304,
          961600,
          957536,
          958592,
          960224,
          964352,
          959200,
          961216,
          971200,
          959328,
          962432,
          962144,
          962432,
          961696
        ],
        "chunk_tokens": 64,
        "block_threads": 128,
        "staged_input_bytes": 210635828,
        "applicable": true
      },
      {
        "kernel": "onpair_dw_k2_t128_b6",
        "role": "experimental",
        "stage_bytes": null,
        "chunk_size": 64,
        "decode_ms": 0.954688,
        "decode_gib_s": 975.5254916285724,
        "decode_ns_iters": [
          968800,
          964608,
          968288,
          954688,
          959456,
          962240,
          960544,
          962080,
          960512,
          963456,
          964640,
          961792,
          964608,
          966368,
          961184,
          964128,
          965184,
          966336,
          966432,
          956576,
          956416,
          961280,
          963584,
          957632,
          963648,
          963296,
          964544,
          957376,
          959360,
          957216
        ],
        "chunk_tokens": 64,
        "block_threads": 128,
        "staged_input_bytes": 210635828,
        "applicable": true
      },
      {
        "kernel": "onpair_dw_k2_t128_b8",
        "role": "experimental",
        "stage_bytes": null,
        "chunk_size": 64,
        "decode_ms": 0.967616,
        "decode_gib_s": 962.4918155052195,
        "decode_ns_iters": [
          973248,
          971712,
          973216,
          972512,
          967616,
          969152,
          968416,
          973536,
          973728,
          973760,
          981632,
          971808,
          975584,
          970400,
          971328,
          975296,
          975008,
          975456,
          971232,
          973568,
          973344,
          977280,
          976128,
          973856,
          973984,
          974144,
          979232,
          972288,
          975936,
          971648
        ],
        "chunk_tokens": 64,
        "block_threads": 128,
        "staged_input_bytes": 210635828,
        "applicable": true
      },
      {
        "kernel": "onpair_dw_k2_t256_b1",
        "role": "experimental",
        "stage_bytes": null,
        "chunk_size": 64,
        "decode_ms": 0.999488,
        "decode_gib_s": 931.7995619276054,
        "decode_ns_iters": [
          1004288,
          1004384,
          1004256,
          1004672,
          1003744,
          1005696,
          1004288,
          1001024,
          999744,
          1001280,
          1001280,
          1002048,
          1001184,
          1001120,
          1002208,
          1000736,
          1003424,
          1007168,
          1002656,
          1000640,
          1001184,
          1004672,
          1002720,
          1003360,
          999488,
          1005088,
          1007008,
          1001152,
          1009888,
          1007008
        ],
        "chunk_tokens": 64,
        "block_threads": 256,
        "staged_input_bytes": 210635828,
        "applicable": true
      },
      {
        "kernel": "onpair_dw_k2_t256_b2",
        "role": "experimental",
        "stage_bytes": null,
        "chunk_size": 64,
        "decode_ms": 1.002432,
        "decode_gib_s": 929.0629993375097,
        "decode_ns_iters": [
          1002432,
          1008128,
          1005152,
          1004192,
          1002720,
          1002912,
          1005216,
          1007680,
          1005952,
          1007776,
          1011776,
          1003872,
          1003456,
          1005600,
          1006336,
          1005920,
          1005088,
          1004928,
          1004928,
          1005984,
          1005504,
          1004832,
          1008480,
          1002912,
          1005056,
          1004800,
          1004256,
          1006016,
          1007168,
          1004992
        ],
        "chunk_tokens": 64,
        "block_threads": 256,
        "staged_input_bytes": 210635828,
        "applicable": true
      },
      {
        "kernel": "onpair_dw_k2_t256_b4",
        "role": "experimental",
        "stage_bytes": null,
        "chunk_size": 64,
        "decode_ms": 1.01008,
        "decode_gib_s": 922.0284339378054,
        "decode_ns_iters": [
          1015904,
          1016608,
          1015072,
          1013760,
          1012288,
          1014304,
          1013344,
          1016864,
          1015424,
          1014752,
          1013568,
          1014368,
          1021024,
          1017632,
          1013600,
          1014496,
          1011680,
          1014560,
          1013024,
          1012576,
          1010336,
          1014368,
          1014176,
          1013952,
          1011744,
          1010080,
          1010816,
          1010304,
          1019008,
          1019680
        ],
        "chunk_tokens": 64,
        "block_threads": 256,
        "staged_input_bytes": 210635828,
        "applicable": true
      },
      {
        "kernel": "onpair_dw_k2_t256_b6",
        "role": "experimental",
        "stage_bytes": null,
        "chunk_size": 64,
        "decode_ms": 0.834816,
        "decode_gib_s": 1115.6020974105652,
        "decode_ns_iters": [
          836640,
          840096,
          838944,
          836160,
          840224,
          846016,
          835680,
          836736,
          847424,
          838752,
          839776,
          838816,
          839520,
          839040,
          837472,
          835328,
          835936,
          834816,
          835104,
          834816,
          835648,
          836096,
          841920,
          836640,
          836096,
          837248,
          838752,
          837728,
          840096,
          839104
        ],
        "chunk_tokens": 64,
        "block_threads": 256,
        "staged_input_bytes": 210635828,
        "applicable": true
      },
      {
        "kernel": "onpair_dw_k2_t256_b8",
        "role": "experimental",
        "stage_bytes": null,
        "chunk_size": 64,
        "decode_ms": 0.871136,
        "decode_gib_s": 1069.0896490925625,
        "decode_ns_iters": [
          878752,
          877632,
          878592,
          878208,
          878496,
          877056,
          878432,
          877792,
          877280,
          877856,
          874624,
          876960,
          875872,
          873344,
          876416,
          876352,
          875840,
          880704,
          875648,
          875776,
          877216,
          876896,
          876960,
          876064,
          876416,
          876160,
          875872,
          880032,
          878112,
          871136
        ],
        "chunk_tokens": 64,
        "block_threads": 256,
        "staged_input_bytes": 210635828,
        "applicable": true
      },
      {
        "kernel": "onpair_dw_k3_t64_b1",
        "role": "experimental",
        "stage_bytes": null,
        "chunk_size": 96,
        "decode_ms": 0.844288,
        "decode_gib_s": 1103.086246105474,
        "decode_ns_iters": [
          846400,
          846368,
          846720,
          846624,
          845920,
          853952,
          845792,
          856224,
          858848,
          852768,
          849792,
          849632,
          855904,
          855520,
          856576,
          854656,
          847456,
          849728,
          850688,
          849248,
          849696,
          852992,
          849120,
          845088,
          851936,
          850688,
          846464,
          853376,
          844288,
          855328
        ],
        "chunk_tokens": 96,
        "block_threads": 64,
        "staged_input_bytes": 206507044,
        "applicable": true
      },
      {
        "kernel": "onpair_dw_k3_t64_b2",
        "role": "experimental",
        "stage_bytes": null,
        "chunk_size": 96,
        "decode_ms": 0.841632,
        "decode_gib_s": 1106.5673364984916,
        "decode_ns_iters": [
          852544,
          850720,
          846816,
          849952,
          852032,
          847424,
          854016,
          857312,
          854240,
          841632,
          848032,
          843712,
          855328,
          855712,
          843072,
          842080,
          849600,
          849216,
          850208,
          851264,
          849152,
          844800,
          851552,
          850848,
          845632,
          855520,
          852512,
          851520,
          847872,
          848736
        ],
        "chunk_tokens": 96,
        "block_threads": 64,
        "staged_input_bytes": 206507044,
        "applicable": true
      },
      {
        "kernel": "onpair_dw_k3_t64_b4",
        "role": "experimental",
        "stage_bytes": null,
        "chunk_size": 96,
        "decode_ms": 0.839488,
        "decode_gib_s": 1109.393440468355,
        "decode_ns_iters": [
          852928,
          848032,
          852128,
          852096,
          851488,
          845952,
          851840,
          839488,
          850144,
          846208,
          852704,
          846144,
          858208,
          848960,
          854560,
          849568,
          857440,
          852032,
          852352,
          850400,
          854272,
          849632,
          850304,
          849696,
          846688,
          856032,
          848640,
          850880,
          842816,
          848576
        ],
        "chunk_tokens": 96,
        "block_threads": 64,
        "staged_input_bytes": 206507044,
        "applicable": true
      },
      {
        "kernel": "onpair_dw_k3_t64_b6",
        "role": "experimental",
        "stage_bytes": null,
        "chunk_size": 96,
        "decode_ms": 0.839552,
        "decode_gib_s": 1109.3088701496733,
        "decode_ns_iters": [
          853920,
          843552,
          850080,
          852832,
          845856,
          855328,
          855552,
          851616,
          848736,
          839552,
          845856,
          851584,
          847040,
          849504,
          845312,
          847616,
          855136,
          856224,
          852224,
          852672,
          844224,
          851168,
          847936,
          845504,
          851232,
          849536,
          855008,
          848352,
          850336,
          856672
        ],
        "chunk_tokens": 96,
        "block_threads": 64,
        "staged_input_bytes": 206507044,
        "applicable": true
      },
      {
        "kernel": "onpair_dw_k3_t64_b8",
        "role": "experimental",
        "stage_bytes": null,
        "chunk_size": 96,
        "decode_ms": 0.841792,
        "decode_gib_s": 1106.3570104632718,
        "decode_ns_iters": [
          854272,
          852608,
          848384,
          854624,
          844608,
          850048,
          846848,
          850208,
          845184,
          849760,
          849376,
          848672,
          843776,
          850272,
          846944,
          849472,
          848064,
          850112,
          846176,
          854400,
          847168,
          852192,
          846528,
          853792,
          851296,
          846176,
          847008,
          841792,
          844000,
          844640
        ],
        "chunk_tokens": 96,
        "block_threads": 64,
        "staged_input_bytes": 206507044,
        "applicable": true
      },
      {
        "kernel": "onpair_dw_k3_t128_b1",
        "role": "experimental",
        "stage_bytes": null,
        "chunk_size": 96,
        "decode_ms": 0.844928,
        "decode_gib_s": 1102.2507013046063,
        "decode_ns_iters": [
          849248,
          859456,
          851392,
          850272,
          855968,
          857344,
          852832,
          853696,
          859776,
          857408,
          850272,
          854432,
          851584,
          844928,
          852768,
          846336,
          850112,
          849088,
          848672,
          853984,
          853216,
          849536,
          854272,
          855584,
          857056,
          852416,
          859008,
          848928,
          856032,
          859136
        ],
        "chunk_tokens": 96,
        "block_threads": 128,
        "staged_input_bytes": 206507044,
        "applicable": true
      },
      {
        "kernel": "onpair_dw_k3_t128_b2",
        "role": "experimental",
        "stage_bytes": null,
        "chunk_size": 96,
        "decode_ms": 0.842784,
        "decode_gib_s": 1105.054771509543,
        "decode_ns_iters": [
          849056,
          852096,
          863104,
          860480,
          849792,
          853088,
          854432,
          861600,
          865568,
          850880,
          852992,
          851840,
          850976,
          857952,
          850784,
          842784,
          848576,
          848608,
          852512,
          845728,
          852608,
          852576,
          850528,
          851552,
          855136,
          853472,
          849280,
          846624,
          845920,
          851392
        ],
        "chunk_tokens": 96,
        "block_threads": 128,
        "staged_input_bytes": 206507044,
        "applicable": true
      },
      {
        "kernel": "onpair_dw_k3_t128_b4",
        "role": "experimental",
        "stage_bytes": null,
        "chunk_size": 96,
        "decode_ms": 0.844832,
        "decode_gib_s": 1102.3759523217616,
        "decode_ns_iters": [
          851136,
          851264,
          862880,
          858944,
          856832,
          858304,
          854592,
          853632,
          861024,
          858368,
          854688,
          854240,
          849664,
          847456,
          848832,
          851968,
          853952,
          849376,
          850176,
          848672,
          848128,
          854432,
          849600,
          849568,
          844832,
          849152,
          848608,
          849792,
          846816,
          850880
        ],
        "chunk_tokens": 96,
        "block_threads": 128,
        "staged_input_bytes": 206507044,
        "applicable": true
      },
      {
        "kernel": "onpair_dw_k3_t128_b6",
        "role": "experimental",
        "stage_bytes": null,
        "chunk_size": 96,
        "decode_ms": 0.84624,
        "decode_gib_s": 1100.5417854886302,
        "decode_ns_iters": [
          855808,
          851712,
          846656,
          849568,
          846848,
          848416,
          849728,
          854496,
          855808,
          846240,
          846304,
          849984,
          849376,
          850112,
          857120,
          851392,
          855296,
          850464,
          857504,
          854592,
          849952,
          853760,
          855104,
          852064,
          853344,
          855680,
          857152,
          853472,
          856384,
          854720
        ],
        "chunk_tokens": 96,
        "block_threads": 128,
        "staged_input_bytes": 206507044,
        "applicable": true
      },
      {
        "kernel": "onpair_dw_k3_t128_b8",
        "role": "experimental",
        "stage_bytes": null,
        "chunk_size": 96,
        "decode_ms": 0.863424,
        "decode_gib_s": 1078.6386300958723,
        "decode_ns_iters": [
          873536,
          874272,
          877024,
          871552,
          864864,
          867136,
          872160,
          874336,
          880928,
          873984,
          878304,
          879808,
          870432,
          882112,
          874656,
          876896,
          876224,
          875264,
          867200,
          874688,
          873760,
          867712,
          870976,
          870304,
          876320,
          867232,
          868224,
          863424,
          876000,
          876576
        ],
        "chunk_tokens": 96,
        "block_threads": 128,
        "staged_input_bytes": 206507044,
        "applicable": true
      },
      {
        "kernel": "onpair_dw_k3_t256_b1",
        "role": "experimental",
        "stage_bytes": null,
        "chunk_size": 96,
        "decode_ms": 0.881824,
        "decode_gib_s": 1056.1319271780974,
        "decode_ns_iters": [
          886176,
          886016,
          887584,
          887904,
          888352,
          885504,
          886976,
          885152,
          886976,
          891264,
          888192,
          887328,
          890784,
          889376,
          885056,
          885824,
          884768,
          887328,
          885504,
          886560,
          884256,
          887808,
          881984,
          885408,
          891072,
          886912,
          888096,
          881824,
          885184,
          884032
        ],
        "chunk_tokens": 96,
        "block_threads": 256,
        "staged_input_bytes": 206507044,
        "applicable": true
      },
      {
        "kernel": "onpair_dw_k3_t256_b2",
        "role": "experimental",
        "stage_bytes": null,
        "chunk_size": 96,
        "decode_ms": 0.877824,
        "decode_gib_s": 1060.944426846268,
        "decode_ns_iters": [
          885600,
          884320,
          882528,
          884000,
          879232,
          886112,
          883552,
          883136,
          883296,
          883552,
          879456,
          880736,
          888800,
          885600,
          880928,
          877824,
          883008,
          882432,
          886944,
          881984,
          882272,
          889600,
          879776,
          882528,
          885408,
          884672,
          880928,
          892576,
          885568,
          887680
        ],
        "chunk_tokens": 96,
        "block_threads": 256,
        "staged_input_bytes": 206507044,
        "applicable": true
      },
      {
        "kernel": "onpair_dw_k3_t256_b4",
        "role": "experimental",
        "stage_bytes": null,
        "chunk_size": 96,
        "decode_ms": 0.889696,
        "decode_gib_s": 1046.7873077454528,
        "decode_ns_iters": [
          896128,
          898240,
          897120,
          896960,
          898240,
          897472,
          895648,
          896192,
          896448,
          898656,
          892832,
          895136,
          893216,
          893376,
          889696,
          894368,
          896192,
          895808,
          893568,
          892960,
          891328,
          890976,
          894784,
          891136,
          893888,
          895168,
          890336,
          892704,
          892320,
          892192
        ],
        "chunk_tokens": 96,
        "block_threads": 256,
        "staged_input_bytes": 206507044,
        "applicable": true
      },
      {
        "kernel": "onpair_dw_k3_t256_b6",
        "role": "experimental",
        "stage_bytes": null,
        "chunk_size": 96,
        "decode_ms": 0.822848,
        "decode_gib_s": 1131.8280904272701,
        "decode_ns_iters": [
          822976,
          824224,
          822848,
          823584,
          823392,
          827008,
          824544,
          826688,
          824928,
          824800,
          826464,
          827136,
          824608,
          827968,
          829792,
          828704,
          825760,
          824576,
          828608,
          826560,
          824256,
          826784,
          826464,
          830592,
          824544,
          827072,
          826592,
          829024,
          828416,
          825952
        ],
        "chunk_tokens": 96,
        "block_threads": 256,
        "staged_input_bytes": 206507044,
        "applicable": true
      },
      {
        "kernel": "onpair_dw_k3_t256_b8",
        "role": "experimental",
        "stage_bytes": null,
        "chunk_size": 96,
        "decode_ms": 0.847904,
        "decode_gib_s": 1098.3819872908944,
        "decode_ns_iters": [
          849728,
          849600,
          847904,
          854592,
          851936,
          851328,
          858144,
          857984,
          852448,
          851968,
          850944,
          852544,
          852832,
          851264,
          851872,
          853088,
          851168,
          850720,
          853248,
          850624,
          847968,
          851360,
          852512,
          850144,
          852768,
          852160,
          852768,
          851424,
          852768,
          857888
        ],
        "chunk_tokens": 96,
        "block_threads": 256,
        "staged_input_bytes": 206507044,
        "applicable": true
      },
      {
        "kernel": "onpair_dw_k4_t64_b1",
        "role": "experimental",
        "stage_bytes": null,
        "chunk_size": 128,
        "decode_ms": 0.804512,
        "decode_gib_s": 1157.624100761578,
        "decode_ns_iters": [
          805984,
          812384,
          806208,
          806528,
          805728,
          806368,
          805792,
          806336,
          808288,
          806336,
          806304,
          807200,
          807552,
          806464,
          808672,
          806848,
          806816,
          805248,
          804832,
          804992,
          804512,
          805376,
          804928,
          804672,
          807264,
          806848,
          805856,
          809120,
          808192,
          805728
        ],
        "chunk_tokens": 128,
        "block_threads": 64,
        "staged_input_bytes": 204442644,
        "applicable": true
      },
      {
        "kernel": "onpair_dw_k4_t64_b2",
        "role": "experimental",
        "stage_bytes": null,
        "chunk_size": 128,
        "decode_ms": 0.801344,
        "decode_gib_s": 1162.200603675698,
        "decode_ns_iters": [
          808512,
          806592,
          806752,
          805408,
          805632,
          805920,
          802016,
          804640,
          803904,
          802368,
          804800,
          803648,
          802816,
          803328,
          804832,
          802848,
          805344,
          809632,
          801344,
          805568,
          806912,
          807744,
          801888,
          804736,
          804576,
          807040,
          807552,
          808352,
          813216,
          807008
        ],
        "chunk_tokens": 128,
        "block_threads": 64,
        "staged_input_bytes": 204442644,
        "applicable": true
      },
      {
        "kernel": "onpair_dw_k4_t64_b4",
        "role": "experimental",
        "stage_bytes": null,
        "chunk_size": 128,
        "decode_ms": 0.799936,
        "decode_gib_s": 1164.2462403891043,
        "decode_ns_iters": [
          815136,
          805632,
          805792,
          805280,
          803520,
          803136,
          802976,
          803040,
          803136,
          807584,
          804288,
          810592,
          807776,
          807872,
          807392,
          807328,
          806944,
          802304,
          803200,
          803680,
          803616,
          802464,
          800576,
          803168,
          803264,
          800608,
          801536,
          802720,
          799936,
          801216
        ],
        "chunk_tokens": 128,
        "block_threads": 64,
        "staged_input_bytes": 204442644,
        "applicable": true
      },
      {
        "kernel": "onpair_dw_k4_t64_b6",
        "role": "experimental",
        "stage_bytes": null,
        "chunk_size": 128,
        "decode_ms": 0.799616,
        "decode_gib_s": 1164.7121625278864,
        "decode_ns_iters": [
          799616,
          803488,
          801856,
          803744,
          803040,
          802912,
          803136,
          802688,
          803520,
          802176,
          802560,
          803648,
          802176,
          809728,
          804064,
          803456,
          804192,
          804608,
          804416,
          809344,
          807264,
          806848,
          805408,
          804704,
          805664,
          806784,
          807808,
          808448,
          816448,
          809216
        ],
        "chunk_tokens": 128,
        "block_threads": 64,
        "staged_input_bytes": 204442644,
        "applicable": true
      },
      {
        "kernel": "onpair_dw_k4_t64_b8",
        "role": "experimental",
        "stage_bytes": null,
        "chunk_size": 128,
        "decode_ms": 0.801696,
        "decode_gib_s": 1161.6903172173722,
        "decode_ns_iters": [
          806208,
          812320,
          804480,
          805024,
          804672,
          804288,
          805568,
          805472,
          803200,
          802016,
          801696,
          804032,
          806112,
          805632,
          804992,
          805312,
          805888,
          804512,
          804864,
          804032,
          805856,
          807104,
          806944,
          803712,
          808000,
          802368,
          803008,
          805504,
          805856,
          806624
        ],
        "chunk_tokens": 128,
        "block_threads": 64,
        "staged_input_bytes": 204442644,
        "applicable": true
      },
      {
        "kernel": "onpair_dw_k4_t128_b1",
        "role": "experimental",
        "stage_bytes": null,
        "chunk_size": 128,
        "decode_ms": 0.804032,
        "decode_gib_s": 1158.3151921215804,
        "decode_ns_iters": [
          805792,
          805152,
          806528,
          807488,
          806176,
          806784,
          805920,
          805760,
          806752,
          805600,
          806240,
          804640,
          808352,
          806464,
          805312,
          806784,
          806720,
          812960,
          806240,
          805696,
          808256,
          806112,
          805440,
          804928,
          804032,
          806176,
          804064,
          807520,
          811584,
          805664
        ],
        "chunk_tokens": 128,
        "block_threads": 128,
        "staged_input_bytes": 204442644,
        "applicable": true
      },
      {
        "kernel": "onpair_dw_k4_t128_b2",
        "role": "experimental",
        "stage_bytes": null,
        "chunk_size": 128,
        "decode_ms": 0.802496,
        "decode_gib_s": 1160.5322401007588,
        "decode_ns_iters": [
          812832,
          805664,
          805888,
          806176,
          804448,
          802592,
          802496,
          806720,
          805664,
          808160,
          809216,
          812896,
          803872,
          803264,
          806752,
          806048,
          807776,
          803264,
          806880,
          804640,
          804512,
          805632,
          813952,
          806208,
          807072,
          807040,
          807392,
          807936,
          806912,
          807328
        ],
        "chunk_tokens": 128,
        "block_threads": 128,
        "staged_input_bytes": 204442644,
        "applicable": true
      },
      {
        "kernel": "onpair_dw_k4_t128_b4",
        "role": "experimental",
        "stage_bytes": null,
        "chunk_size": 128,
        "decode_ms": 0.801728,
        "decode_gib_s": 1161.643949758395,
        "decode_ns_iters": [
          806432,
          805760,
          805504,
          806816,
          805056,
          803904,
          807232,
          808416,
          807808,
          806784,
          804928,
          806144,
          804864,
          803328,
          801728,
          804096,
          808576,
          806240,
          805504,
          806304,
          803744,
          804064,
          805696,
          804352,
          806208,
          809536,
          808672,
          807584,
          806688,
          806496
        ],
        "chunk_tokens": 128,
        "block_threads": 128,
        "staged_input_bytes": 204442644,
        "applicable": true
      },
      {
        "kernel": "onpair_dw_k4_t128_b6",
        "role": "experimental",
        "stage_bytes": null,
        "chunk_size": 128,
        "decode_ms": 0.803424,
        "decode_gib_s": 1159.191759957256,
        "decode_ns_iters": [
          813600,
          805824,
          805248,
          807520,
          804672,
          804128,
          803424,
          804064,
          805152,
          808864,
          807200,
          814080,
          806176,
          805440,
          803456,
          804640,
          807488,
          808032,
          806688,
          805920,
          805856,
          807328,
          813440,
          803488,
          804704,
          806080,
          805888,
          809152,
          805600,
          807200
        ],
        "chunk_tokens": 128,
        "block_threads": 128,
        "staged_input_bytes": 204442644,
        "applicable": true
      },
      {
        "kernel": "onpair_dw_k4_t128_b8",
        "role": "experimental",
        "stage_bytes": null,
        "chunk_size": 128,
        "decode_ms": 0.804512,
        "decode_gib_s": 1157.624100761578,
        "decode_ns_iters": [
          806272,
          804672,
          805216,
          807776,
          805472,
          812704,
          808832,
          806208,
          808640,
          807072,
          806208,
          807552,
          807136,
          806976,
          805536,
          806464,
          812608,
          804512,
          805920,
          806016,
          804896,
          805728,
          804576,
          805856,
          804512,
          805248,
          805792,
          811424,
          807328,
          811104
        ],
        "chunk_tokens": 128,
        "block_threads": 128,
        "staged_input_bytes": 204442644,
        "applicable": true
      },
      {
        "kernel": "onpair_dw_k4_t256_b1",
        "role": "experimental",
        "stage_bytes": null,
        "chunk_size": 128,
        "decode_ms": 0.808896,
        "decode_gib_s": 1151.3500877144882,
        "decode_ns_iters": [
          813344,
          817184,
          814304,
          813376,
          810944,
          817024,
          813216,
          812704,
          813568,
          810144,
          810304,
          821440,
          812608,
          811712,
          814304,
          812928,
          812768,
          814688,
          812800,
          815840,
          813984,
          817248,
          812640,
          820032,
          809408,
          810080,
          808896,
          810624,
          809888,
          812736
        ],
        "chunk_tokens": 128,
        "block_threads": 256,
        "staged_input_bytes": 204442644,
        "applicable": true
      },
      {
        "kernel": "onpair_dw_k4_t256_b2",
        "role": "experimental",
        "stage_bytes": null,
        "chunk_size": 128,
        "decode_ms": 0.807872,
        "decode_gib_s": 1152.8094556463134,
        "decode_ns_iters": [
          807872,
          810048,
          808640,
          811168,
          811520,
          809504,
          817888,
          810496,
          809984,
          809728,
          810656,
          810336,
          809440,
          813952,
          813600,
          814560,
          812096,
          819968,
          811200,
          812192,
          815008,
          813856,
          814112,
          810432,
          813664,
          810848,
          812608,
          812736,
          813248,
          821056
        ],
        "chunk_tokens": 128,
        "block_threads": 256,
        "staged_input_bytes": 204442644,
        "applicable": true
      },
      {
        "kernel": "onpair_dw_k4_t256_b4",
        "role": "experimental",
        "stage_bytes": null,
        "chunk_size": 128,
        "decode_ms": 0.808768,
        "decode_gib_s": 1151.5323066094336,
        "decode_ns_iters": [
          816960,
          811584,
          811040,
          810848,
          812320,
          811808,
          811296,
          812896,
          813856,
          811584,
          810400,
          814624,
          813600,
          821440,
          814560,
          821760,
          812576,
          811552,
          813728,
          812160,
          811488,
          811744,
          810592,
          808768,
          811328,
          820096,
          812352,
          812928,
          813280,
          813696
        ],
        "chunk_tokens": 128,
        "block_threads": 256,
        "staged_input_bytes": 204442644,
        "applicable": true
      },
      {
        "kernel": "onpair_dw_k4_t256_b6",
        "role": "experimental",
        "stage_bytes": null,
        "chunk_size": 128,
        "decode_ms": 0.799296,
        "decode_gib_s": 1165.1784577326778,
        "decode_ns_iters": [
          802752,
          806208,
          802336,
          801184,
          799648,
          801056,
          802112,
          803808,
          809760,
          801344,
          800320,
          801536,
          801472,
          803360,
          802368,
          804992,
          800576,
          801632,
          800288,
          801376,
          800608,
          800096,
          801344,
          799840,
          805120,
          799296,
          801888,
          802112,
          802272,
          807136
        ],
        "chunk_tokens": 128,
        "block_threads": 256,
        "staged_input_bytes": 204442644,
        "applicable": true
      },
      {
        "kernel": "onpair_dw_k4_t256_b8",
        "role": "experimental",
        "stage_bytes": null,
        "chunk_size": 128,
        "decode_ms": 0.830976,
        "decode_gib_s": 1120.7573751250318,
        "decode_ns_iters": [
          833952,
          834240,
          842528,
          832992,
          834144,
          833376,
          832064,
          832640,
          831040,
          833984,
          833152,
          835488,
          834240,
          830976,
          833952,
          833600,
          834304,
          835072,
          841216,
          832640,
          834848,
          834176,
          833792,
          834752,
          834528,
          836096,
          833888,
          834400,
          833248,
          833280
        ],
        "chunk_tokens": 128,
        "block_threads": 256,
        "staged_input_bytes": 204442644,
        "applicable": true
      },
      {
        "kernel": "onpair_dw_k5_t64_b1",
        "role": "experimental",
        "stage_bytes": null,
        "chunk_size": 160,
        "decode_ms": 0.811232,
        "decode_gib_s": 1148.0346935918437,
        "decode_ns_iters": [
          812960,
          814432,
          815136,
          811424,
          813056,
          811232,
          818656,
          811296,
          813600,
          813792,
          814944,
          813600,
          813888,
          812864,
          813696,
          812096,
          812640,
          812384,
          823584,
          812960,
          812320,
          812000,
          812352,
          811808,
          812416,
          811936,
          811680,
          815040,
          812992,
          813440
        ],
        "chunk_tokens": 160,
        "block_threads": 64,
        "staged_input_bytes": 203204012,
        "applicable": true
      },
      {
        "kernel": "onpair_dw_k5_t64_b2",
        "role": "experimental",
        "stage_bytes": null,
        "chunk_size": 160,
        "decode_ms": 0.809664,
        "decode_gib_s": 1150.2579842402508,
        "decode_ns_iters": [
          812736,
          811712,
          809664,
          821216,
          812704,
          812928,
          812960,
          811808,
          814304,
          813984,
          812064,
          812544,
          813216,
          812704,
          812000,
          819936,
          813216,
          814848,
          812832,
          815904,
          812704,
          815232,
          811840,
          813440,
          813312,
          813792,
          813824,
          820608,
          815712,
          813984
        ],
        "chunk_tokens": 160,
        "block_threads": 64,
        "staged_input_bytes": 203204012,
        "applicable": true
      },
      {
        "kernel": "onpair_dw_k5_t64_b4",
        "role": "experimental",
        "stage_bytes": null,
        "chunk_size": 160,
        "decode_ms": 0.809728,
        "decode_gib_s": 1150.1670691292613,
        "decode_ns_iters": [
          813216,
          816896,
          815008,
          815328,
          815104,
          816096,
          815040,
          813344,
          815168,
          816128,
          814688,
          816480,
          817024,
          823136,
          816256,
          813696,
          814816,
          814080,
          815840,
          816864,
          815136,
          813856,
          814656,
          817984,
          812640,
          809728,
          811456,
          814592,
          815840,
          813440
        ],
        "chunk_tokens": 160,
        "block_threads": 64,
        "staged_input_bytes": 203204012,
        "applicable": true
      },
      {
        "kernel": "onpair_dw_k5_t64_b6",
        "role": "experimental",
        "stage_bytes": null,
        "chunk_size": 160,
        "decode_ms": 0.81088,
        "decode_gib_s": 1148.5330511936395,
        "decode_ns_iters": [
          815808,
          817472,
          816000,
          812960,
          815168,
          816032,
          816000,
          813856,
          816224,
          815040,
          815040,
          810880,
          817152,
          815552,
          814944,
          817120,
          816064,
          816192,
          815264,
          817760,
          818272,
          815680,
          813856,
          818976,
          820096,
          816064,
          817216,
          817248,
          816320,
          816736
        ],
        "chunk_tokens": 160,
        "block_threads": 64,
        "staged_input_bytes": 203204012,
        "applicable": true
      },
      {
        "kernel": "onpair_dw_k5_t64_b8",
        "role": "experimental",
        "stage_bytes": null,
        "chunk_size": 160,
        "decode_ms": 0.808928,
        "decode_gib_s": 1151.3045420011404,
        "decode_ns_iters": [
          814784,
          811360,
          810784,
          816288,
          812736,
          813952,
          810816,
          808928,
          811904,
          819040,
          810240,
          810880,
          813408,
          812736,
          813120,
          811584,
          810752,
          815200,
          812960,
          813152,
          814208,
          820480,
          812576,
          817728,
          810688,
          812384,
          814688,
          812768,
          814304,
          813248
        ],
        "chunk_tokens": 160,
        "block_threads": 64,
        "staged_input_bytes": 203204012,
        "applicable": true
      },
      {
        "kernel": "onpair_dw_k5_t128_b1",
        "role": "experimental",
        "stage_bytes": null,
        "chunk_size": 160,
        "decode_ms": 0.809984,
        "decode_gib_s": 1149.8035523564645,
        "decode_ns_iters": [
          813760,
          810976,
          810816,
          814976,
          816512,
          822144,
          812832,
          809984,
          814304,
          811968,
          811392,
          812000,
          814208,
          814464,
          815072,
          814592,
          821344,
          814176,
          813664,
          815488,
          813088,
          815232,
          818048,
          815264,
          813440,
          814656,
          813312,
          812576,
          813184,
          811328
        ],
        "chunk_tokens": 160,
        "block_threads": 128,
        "staged_input_bytes": 203204012,
        "applicable": true
      },
      {
        "kernel": "onpair_dw_k5_t128_b2",
        "role": "experimental",
        "stage_bytes": null,
        "chunk_size": 160,
        "decode_ms": 0.810144,
        "decode_gib_s": 1149.5764710371225,
        "decode_ns_iters": [
          810176,
          810976,
          818208,
          810272,
          810304,
          810144,
          810752,
          810304,
          812640,
          812192,
          812992,
          814176,
          813856,
          812224,
          818272,
          812192,
          813376,
          813024,
          814144,
          813376,
          811008,
          812192,
          813280,
          810880,
          811872,
          811552,
          813472,
          814048,
          813024,
          813408
        ],
        "chunk_tokens": 160,
        "block_threads": 128,
        "staged_input_bytes": 203204012,
        "applicable": true
      },
      {
        "kernel": "onpair_dw_k5_t128_b4",
        "role": "experimental",
        "stage_bytes": null,
        "chunk_size": 160,
        "decode_ms": 0.809376,
        "decode_gib_s": 1150.6672801663237,
        "decode_ns_iters": [
          818208,
          814560,
          815712,
          815424,
          812928,
          813888,
          814784,
          812544,
          812768,
          811840,
          810368,
          811264,
          812032,
          809376,
          810624,
          809504,
          812512,
          810560,
          813568,
          811488,
          812416,
          813824,
          821184,
          812736,
          813472,
          813312,
          811840,
          814944,
          815648,
          816416
        ],
        "chunk_tokens": 160,
        "block_threads": 128,
        "staged_input_bytes": 203204012,
        "applicable": true
      },
      {
        "kernel": "onpair_dw_k5_t128_b6",
        "role": "experimental",
        "stage_bytes": null,
        "chunk_size": 160,
        "decode_ms": 0.809376,
        "decode_gib_s": 1150.6672801663237,
        "decode_ns_iters": [
          812992,
          812928,
          811616,
          813664,
          812128,
          810112,
          809600,
          815936,
          809376,
          812384,
          812000,
          812992,
          814112,
          814752,
          813696,
          812704,
          812192,
          813216,
          813312,
          809760,
          811040,
          812896,
          811712,
          811360,
          811616,
          810944,
          811360,
          811296,
          813248,
          813408
        ],
        "chunk_tokens": 160,
        "block_threads": 128,
        "staged_input_bytes": 203204012,
        "applicable": true
      },
      {
        "kernel": "onpair_dw_k5_t128_b8",
        "role": "experimental",
        "stage_bytes": null,
        "chunk_size": 160,
        "decode_ms": 0.80896,
        "decode_gib_s": 1151.2589998910928,
        "decode_ns_iters": [
          815008,
          814848,
          813888,
          814016,
          812928,
          816672,
          812384,
          811424,
          812352,
          808960,
          810752,
          819072,
          813568,
          810240,
          810560,
          816352,
          810272,
          810624,
          810368,
          809856,
          810400,
          812320,
          814240,
          811424,
          811904,
          810880,
          811712,
          813088,
          812128,
          811552
        ],
        "chunk_tokens": 160,
        "block_threads": 128,
        "staged_input_bytes": 203204012,
        "applicable": true
      },
      {
        "kernel": "onpair_dw_k5_t256_b1",
        "role": "experimental",
        "stage_bytes": null,
        "chunk_size": 160,
        "decode_ms": 0.809536,
        "decode_gib_s": 1150.4398575874309,
        "decode_ns_iters": [
          814528,
          813472,
          814048,
          812704,
          809632,
          811552,
          813504,
          811904,
          812352,
          809536,
          812000,
          817376,
          813984,
          812992,
          813376,
          813600,
          812864,
          814944,
          813952,
          815072,
          814752,
          815136,
          815328,
          819808,
          813696,
          816576,
          811008,
          809760,
          810976,
          811744
        ],
        "chunk_tokens": 160,
        "block_threads": 256,
        "staged_input_bytes": 203204012,
        "applicable": true
      },
      {
        "kernel": "onpair_dw_k5_t256_b2",
        "role": "experimental",
        "stage_bytes": null,
        "chunk_size": 160,
        "decode_ms": 0.808416,
        "decode_gib_s": 1152.0337061016833,
        "decode_ns_iters": [
          811520,
          811232,
          810464,
          813056,
          813824,
          814624,
          813248,
          812672,
          812928,
          812800,
          813024,
          811200,
          811904,
          812640,
          810464,
          809024,
          809536,
          808416,
          815200,
          812416,
          813376,
          814144,
          812000,
          812544,
          813024,
          812000,
          812032,
          812544,
          811392,
          812256
        ],
        "chunk_tokens": 160,
        "block_threads": 256,
        "staged_input_bytes": 203204012,
        "applicable": true
      },
      {
        "kernel": "onpair_dw_k5_t256_b4",
        "role": "experimental",
        "stage_bytes": null,
        "chunk_size": 160,
        "decode_ms": 0.811008,
        "decode_gib_s": 1148.351780194398,
        "decode_ns_iters": [
          816320,
          813056,
          815136,
          815392,
          819424,
          813760,
          815904,
          813920,
          814880,
          816288,
          817408,
          815712,
          816864,
          813728,
          815136,
          821120,
          814624,
          824480,
          813632,
          814368,
          815136,
          813824,
          813408,
          813792,
          812640,
          815168,
          815456,
          821120,
          811008,
          811488
        ],
        "chunk_tokens": 160,
        "block_threads": 256,
        "staged_input_bytes": 203204012,
        "applicable": true
      },
      {
        "kernel": "onpair_dw_k5_t256_b6",
        "role": "experimental",
        "stage_bytes": null,
        "chunk_size": 160,
        "decode_ms": 0.816608,
        "decode_gib_s": 1140.4768022746514,
        "decode_ns_iters": [
          824608,
          817760,
          824608,
          818688,
          818336,
          818336,
          819744,
          817888,
          818144,
          819488,
          817760,
          818016,
          820672,
          822880,
          817568,
          824640,
          819168,
          816608,
          817120,
          817504,
          818208,
          818752,
          817920,
          817568,
          817984,
          816864,
          824960,
          819744,
          827648,
          819104
        ],
        "chunk_tokens": 160,
        "block_threads": 256,
        "staged_input_bytes": 203204012,
        "applicable": true
      },
      {
        "kernel": "onpair_dw_k5_t256_b8",
        "role": "experimental",
        "stage_bytes": null,
        "chunk_size": 160,
        "decode_ms": 0.934528,
        "decode_gib_s": 996.5699053981244,
        "decode_ns_iters": [
          940704,
          940512,
          940128,
          940416,
          939168,
          938432,
          938688,
          938528,
          937888,
          938976,
          934688,
          934528,
          936064,
          937920,
          938912,
          938464,
          940672,
          938784,
          939872,
          938560,
          945184,
          940320,
          938208,
          937184,
          938560,
          938048,
          937824,
          938944,
          944608,
          939968
        ],
        "chunk_tokens": 160,
        "block_threads": 256,
        "staged_input_bytes": 203204012,
        "applicable": true
      },
      {
        "kernel": "onpair_dw_k6_t64_b1",
        "role": "experimental",
        "stage_bytes": null,
        "chunk_size": 192,
        "decode_ms": 0.82448,
        "decode_gib_s": 1129.587716563044,
        "decode_ns_iters": [
          831584,
          825152,
          824800,
          831104,
          826752,
          826656,
          830272,
          830400,
          833376,
          831072,
          828800,
          832512,
          826944,
          827520,
          830592,
          830048,
          824480,
          826528,
          828096,
          829152,
          830656,
          827680,
          825856,
          830752,
          832000,
          831712,
          828224,
          830944,
          826656,
          825088
        ],
        "chunk_tokens": 192,
        "block_threads": 64,
        "staged_input_bytes": 202378252,
        "applicable": true
      },
      {
        "kernel": "onpair_dw_k6_t64_b2",
        "role": "experimental",
        "stage_bytes": null,
        "chunk_size": 192,
        "decode_ms": 0.822176,
        "decode_gib_s": 1132.753182471756,
        "decode_ns_iters": [
          832416,
          826016,
          828448,
          823296,
          831360,
          827808,
          828256,
          827424,
          823616,
          826240,
          824512,
          827360,
          823584,
          822176,
          831648,
          831872,
          827296,
          834176,
          824768,
          831072,
          828224,
          825984,
          829632,
          824032,
          826400,
          824352,
          826432,
          831296,
          825504,
          831616
        ],
        "chunk_tokens": 192,
        "block_threads": 64,
        "staged_input_bytes": 202378252,
        "applicable": true
      },
      {
        "kernel": "onpair_dw_k6_t64_b4",
        "role": "experimental",
        "stage_bytes": null,
        "chunk_size": 192,
        "decode_ms": 0.820352,
        "decode_gib_s": 1135.271786442769,
        "decode_ns_iters": [
          827456,
          828896,
          826976,
          827200,
          833728,
          826656,
          839840,
          831040,
          824768,
          827520,
          828352,
          824864,
          826528,
          827104,
          827552,
          827136,
          829056,
          825696,
          827200,
          829664,
          825312,
          822144,
          825472,
          827040,
          832384,
          820352,
          828096,
          826464,
          829824,
          827808
        ],
        "chunk_tokens": 192,
        "block_threads": 64,
        "staged_input_bytes": 202378252,
        "applicable": true
      },
      {
        "kernel": "onpair_dw_k6_t64_b6",
        "role": "experimental",
        "stage_bytes": null,
        "chunk_size": 192,
        "decode_ms": 0.82112,
        "decode_gib_s": 1134.2099578038515,
        "decode_ns_iters": [
          829408,
          830304,
          825888,
          834432,
          822880,
          827968,
          830016,
          829184,
          825216,
          830656,
          823968,
          826848,
          824192,
          822560,
          823584,
          828320,
          823936,
          829344,
          826112,
          821120,
          830784,
          831104,
          826528,
          829280,
          830144,
          825856,
          828704,
          829312,
          832320,
          831168
        ],
        "chunk_tokens": 192,
        "block_threads": 64,
        "staged_input_bytes": 202378252,
        "applicable": true
      },
      {
        "kernel": "onpair_dw_k6_t64_b8",
        "role": "experimental",
        "stage_bytes": null,
        "chunk_size": 192,
        "decode_ms": 0.819008,
        "decode_gib_s": 1137.1347783561314,
        "decode_ns_iters": [
          832064,
          826048,
          827712,
          822944,
          823456,
          832224,
          827392,
          831328,
          826272,
          832064,
          828800,
          828480,
          822112,
          819008,
          821824,
          827328,
          823744,
          832800,
          827392,
          828416,
          827136,
          828896,
          828448,
          827808,
          834560,
          830464,
          828832,
          823136,
          823872,
          827200
        ],
        "chunk_tokens": 192,
        "block_threads": 64,
        "staged_input_bytes": 202378252,
        "applicable": true
      },
      {
        "kernel": "onpair_dw_k6_t128_b1",
        "role": "experimental",
        "stage_bytes": null,
        "chunk_size": 192,
        "decode_ms": 0.828192,
        "decode_gib_s": 1124.5248451468965,
        "decode_ns_iters": [
          834624,
          834400,
          834784,
          833248,
          831136,
          830368,
          832384,
          833280,
          832960,
          831744,
          833440,
          831808,
          833632,
          836416,
          828192,
          830720,
          832704,
          837152,
          836064,
          835552,
          834720,
          835296,
          833728,
          834944,
          833888,
          834112,
          830944,
          835264,
          834624,
          841632
        ],
        "chunk_tokens": 192,
        "block_threads": 128,
        "staged_input_bytes": 202378252,
        "applicable": true
      },
      {
        "kernel": "onpair_dw_k6_t128_b2",
        "role": "experimental",
        "stage_bytes": null,
        "chunk_size": 192,
        "decode_ms": 0.831008,
        "decode_gib_s": 1120.7142176151115,
        "decode_ns_iters": [
          834848,
          831968,
          836704,
          838848,
          836032,
          831776,
          835264,
          832288,
          836000,
          834464,
          833440,
          833920,
          832416,
          834336,
          833120,
          833152,
          834464,
          833344,
          832256,
          833728,
          831008,
          832608,
          843584,
          836736,
          835616,
          833568,
          834208,
          835552,
          836160,
          833344
        ],
        "chunk_tokens": 192,
        "block_threads": 128,
        "staged_input_bytes": 202378252,
        "applicable": true
      },
      {
        "kernel": "onpair_dw_k6_t128_b4",
        "role": "experimental",
        "stage_bytes": null,
        "chunk_size": 192,
        "decode_ms": 0.831104,
        "decode_gib_s": 1120.5847650256749,
        "decode_ns_iters": [
          834080,
          837440,
          834336,
          837184,
          835424,
          837792,
          838272,
          833696,
          834240,
          834976,
          841952,
          841120,
          833056,
          837536,
          832224,
          834112,
          836544,
          836512,
          835232,
          835136,
          836640,
          833728,
          835424,
          838240,
          839264,
          835520,
          832352,
          839552,
          835072,
          831104
        ],
        "chunk_tokens": 192,
        "block_threads": 128,
        "staged_input_bytes": 202378252,
        "applicable": true
      },
      {
        "kernel": "onpair_dw_k6_t128_b6",
        "role": "experimental",
        "stage_bytes": null,
        "chunk_size": 192,
        "decode_ms": 0.829312,
        "decode_gib_s": 1123.0061551646406,
        "decode_ns_iters": [
          833952,
          835680,
          840992,
          833408,
          833344,
          833376,
          833568,
          834432,
          832640,
          837376,
          836128,
          835680,
          837600,
          834432,
          836928,
          832608,
          837888,
          837312,
          838240,
          843424,
          836096,
          835776,
          835488,
          833952,
          833504,
          834048,
          833184,
          831392,
          829312,
          832768
        ],
        "chunk_tokens": 192,
        "block_threads": 128,
        "staged_input_bytes": 202378252,
        "applicable": true
      },
      {
        "kernel": "onpair_dw_k6_t128_b8",
        "role": "experimental",
        "stage_bytes": null,
        "chunk_size": 192,
        "decode_ms": 0.829504,
        "decode_gib_s": 1122.7462200928487,
        "decode_ns_iters": [
          836416,
          835808,
          833440,
          829760,
          835008,
          832896,
          836000,
          833472,
          840160,
          836192,
          831936,
          835936,
          833248,
          834496,
          835392,
          832864,
          832800,
          832192,
          838208,
          837376,
          834432,
          829504,
          834304,
          832896,
          838656,
          835584,
          833920,
          845184,
          833504,
          836672
        ],
        "chunk_tokens": 192,
        "block_threads": 128,
        "staged_input_bytes": 202378252,
        "applicable": true
      },
      {
        "kernel": "onpair_dw_k6_t256_b1",
        "role": "experimental",
        "stage_bytes": null,
        "chunk_size": 192,
        "decode_ms": 0.836,
        "decode_gib_s": 1114.0221059233236,
        "decode_ns_iters": [
          845888,
          843296,
          839584,
          839456,
          842016,
          845184,
          840416,
          836000,
          846688,
          846208,
          842528,
          842528,
          843072,
          838912,
          843904,
          844480,
          841504,
          849088,
          849920,
          845728,
          845184,
          845280,
          841152,
          844256,
          839520,
          844352,
          844096,
          845888,
          840128,
          841696
        ],
        "chunk_tokens": 192,
        "block_threads": 256,
        "staged_input_bytes": 202378252,
        "applicable": true
      },
      {
        "kernel": "onpair_dw_k6_t256_b2",
        "role": "experimental",
        "stage_bytes": null,
        "chunk_size": 192,
        "decode_ms": 0.837408,
        "decode_gib_s": 1112.1490128490514,
        "decode_ns_iters": [
          841408,
          838336,
          839104,
          844000,
          841792,
          840928,
          841568,
          843456,
          842816,
          841376,
          839680,
          846048,
          844416,
          838272,
          839296,
          840928,
          842144,
          837408,
          846272,
          840032,
          844928,
          840096,
          841408,
          842176,
          839520,
          838624,
          842048,
          840736,
          844992,
          842464
        ],
        "chunk_tokens": 192,
        "block_threads": 256,
        "staged_input_bytes": 202378252,
        "applicable": true
      },
      {
        "kernel": "onpair_dw_k6_t256_b4",
        "role": "experimental",
        "stage_bytes": null,
        "chunk_size": 192,
        "decode_ms": 0.839072,
        "decode_gib_s": 1109.9434620055233,
        "decode_ns_iters": [
          845888,
          842848,
          844960,
          839072,
          849152,
          843264,
          852192,
          843264,
          845760,
          846144,
          842784,
          841760,
          842784,
          843744,
          843808,
          842272,
          843904,
          846720,
          846976,
          848192,
          848832,
          847232,
          844096,
          847488,
          846784,
          841504,
          853088,
          855296,
          844320,
          850208
        ],
        "chunk_tokens": 192,
        "block_threads": 256,
        "staged_input_bytes": 202378252,
        "applicable": true
      },
      {
        "kernel": "onpair_dw_k6_t256_b6",
        "role": "experimental",
        "stage_bytes": null,
        "chunk_size": 192,
        "decode_ms": 0.843456,
        "decode_gib_s": 1104.1743499979827,
        "decode_ns_iters": [
          846880,
          847104,
          846048,
          846432,
          851840,
          846496,
          847488,
          847360,
          843456,
          846784,
          845408,
          851296,
          846336,
          845952,
          846880,
          847776,
          847904,
          850144,
          849056,
          848672,
          846656,
          846752,
          848448,
          845984,
          845824,
          854752,
          853120,
          847360,
          847168,
          845472
        ],
        "chunk_tokens": 192,
        "block_threads": 256,
        "staged_input_bytes": 202378252,
        "applicable": true
      },
      {
        "kernel": "onpair_dw_k6_t256_b8",
        "role": "experimental",
        "stage_bytes": null,
        "chunk_size": 192,
        "decode_ms": 1.075744,
        "decode_gib_s": 865.747315859441,
        "decode_ns_iters": [
          1076096,
          1076896,
          1076448,
          1077216,
          1077312,
          1076096,
          1077472,
          1078048,
          1083104,
          1079232,
          1076992,
          1076448,
          1076512,
          1076000,
          1076096,
          1077728,
          1077952,
          1076640,
          1078880,
          1084832,
          1078528,
          1077920,
          1076960,
          1079264,
          1079456,
          1075744,
          1078816,
          1078720,
          1077184,
          1076992
        ],
        "chunk_tokens": 192,
        "block_threads": 256,
        "staged_input_bytes": 202378252,
        "applicable": true
      },
      {
        "kernel": "onpair_dw_k7_t64_b1",
        "role": "experimental",
        "stage_bytes": null,
        "chunk_size": 224,
        "decode_ms": 0.796352,
        "decode_gib_s": 1169.4859566522073,
        "decode_ns_iters": [
          797984,
          798528,
          799584,
          797376,
          797984,
          797984,
          797120,
          797120,
          797152,
          799168,
          796992,
          799616,
          799296,
          803680,
          797664,
          796768,
          797120,
          796352,
          798336,
          798656,
          796960,
          796448,
          796480,
          805184,
          799904,
          800640,
          798304,
          796896,
          797984,
          799296
        ],
        "chunk_tokens": 224,
        "block_threads": 64,
        "staged_input_bytes": 201788428,
        "applicable": true
      },
      {
        "kernel": "onpair_dw_k7_t64_b2",
        "role": "experimental",
        "stage_bytes": null,
        "chunk_size": 224,
        "decode_ms": 0.79344,
        "decode_gib_s": 1173.7780809536932,
        "decode_ns_iters": [
          796832,
          796384,
          795040,
          795936,
          797728,
          797536,
          797472,
          800064,
          797536,
          798400,
          798368,
          799104,
          798048,
          793440,
          793920,
          797664,
          794496,
          797248,
          797504,
          796480,
          794912,
          797952,
          796192,
          798048,
          796064,
          795360,
          795456,
          798336,
          797536,
          797440
        ],
        "chunk_tokens": 224,
        "block_threads": 64,
        "staged_input_bytes": 201788428,
        "applicable": true
      },
      {
        "kernel": "onpair_dw_k7_t64_b4",
        "role": "experimental",
        "stage_bytes": null,
        "chunk_size": 224,
        "decode_ms": 0.79408,
        "decode_gib_s": 1172.83205791847,
        "decode_ns_iters": [
          799840,
          799072,
          800000,
          798624,
          797376,
          797152,
          795456,
          795680,
          803008,
          797024,
          797664,
          796800,
          799104,
          796768,
          796352,
          795680,
          797408,
          796224,
          804192,
          797472,
          798336,
          798560,
          797952,
          795840,
          795488,
          794080,
          795168,
          794240,
          803392,
          798752
        ],
        "chunk_tokens": 224,
        "block_threads": 64,
        "staged_input_bytes": 201788428,
        "applicable": true
      },
      {
        "kernel": "onpair_dw_k7_t64_b6",
        "role": "experimental",
        "stage_bytes": null,
        "chunk_size": 224,
        "decode_ms": 0.79392,
        "decode_gib_s": 1173.068420687095,
        "decode_ns_iters": [
          798400,
          798880,
          806176,
          798432,
          798432,
          798912,
          798208,
          797504,
          798208,
          797696,
          797504,
          803744,
          796480,
          795008,
          795616,
          796032,
          796192,
          798272,
          797152,
          798272,
          796704,
          804576,
          798464,
          798208,
          796192,
          795872,
          800160,
          793920,
          794848,
          795968
        ],
        "chunk_tokens": 224,
        "block_threads": 64,
        "staged_input_bytes": 201788428,
        "applicable": true
      },
      {
        "kernel": "onpair_dw_k7_t64_b8",
        "role": "experimental",
        "stage_bytes": null,
        "chunk_size": 224,
        "decode_ms": 0.79408,
        "decode_gib_s": 1172.83205791847,
        "decode_ns_iters": [
          798624,
          794272,
          794080,
          803680,
          797344,
          798208,
          798080,
          797120,
          795648,
          797504,
          797952,
          796640,
          795648,
          803648,
          795104,
          795904,
          795968,
          798112,
          796384,
          797600,
          798112,
          796896,
          797920,
          805216,
          797568,
          796544,
          797408,
          796320,
          798592,
          797152
        ],
        "chunk_tokens": 224,
        "block_threads": 64,
        "staged_input_bytes": 201788428,
        "applicable": true
      },
      {
        "kernel": "onpair_dw_k7_t128_b1",
        "role": "experimental",
        "stage_bytes": null,
        "chunk_size": 224,
        "decode_ms": 0.797152,
        "decode_gib_s": 1168.3122924509987,
        "decode_ns_iters": [
          799232,
          798720,
          797152,
          799488,
          798944,
          798272,
          800768,
          797280,
          797920,
          798272,
          797568,
          797184,
          798272,
          799264,
          797376,
          799424,
          806016,
          802944,
          801664,
          800256,
          800992,
          799104,
          800384,
          800480,
          800032,
          798848,
          799744,
          799584,
          800192,
          799840
        ],
        "chunk_tokens": 224,
        "block_threads": 128,
        "staged_input_bytes": 201788428,
        "applicable": true
      },
      {
        "kernel": "onpair_dw_k7_t128_b2",
        "role": "experimental",
        "stage_bytes": null,
        "chunk_size": 224,
        "decode_ms": 0.79616,
        "decode_gib_s": 1169.7679870276056,
        "decode_ns_iters": [
          802240,
          799872,
          800608,
          798688,
          798592,
          798528,
          798368,
          799072,
          797664,
          798336,
          806624,
          800128,
          799936,
          799936,
          800384,
          800416,
          800896,
          799264,
          800672,
          800032,
          800192,
          805824,
          799680,
          800288,
          797472,
          799328,
          796160,
          799424,
          797216,
          800544
        ],
        "chunk_tokens": 224,
        "block_threads": 128,
        "staged_input_bytes": 201788428,
        "applicable": true
      },
      {
        "kernel": "onpair_dw_k7_t128_b4",
        "role": "experimental",
        "stage_bytes": null,
        "chunk_size": 224,
        "decode_ms": 0.795328,
        "decode_gib_s": 1170.9916921721585,
        "decode_ns_iters": [
          800160,
          800800,
          800512,
          801408,
          801120,
          799968,
          799360,
          800800,
          798432,
          796960,
          801024,
          800512,
          800320,
          798240,
          797472,
          804288,
          798624,
          799872,
          800416,
          798368,
          800352,
          801152,
          797760,
          797376,
          798720,
          797696,
          797216,
          806784,
          796544,
          795328
        ],
        "chunk_tokens": 224,
        "block_threads": 128,
        "staged_input_bytes": 201788428,
        "applicable": true
      },
      {
        "kernel": "onpair_dw_k7_t128_b6",
        "role": "experimental",
        "stage_bytes": null,
        "chunk_size": 224,
        "decode_ms": 0.79472,
        "decode_gib_s": 1171.8875585764779,
        "decode_ns_iters": [
          799520,
          796448,
          797184,
          799072,
          796384,
          796000,
          796864,
          795488,
          803392,
          796352,
          795392,
          795008,
          796320,
          796896,
          796416,
          796160,
          798048,
          798400,
          806464,
          798528,
          798304,
          800704,
          794720,
          798944,
          797376,
          796672,
          796640,
          797632,
          802816,
          795584
        ],
        "chunk_tokens": 224,
        "block_threads": 128,
        "staged_input_bytes": 201788428,
        "applicable": true
      },
      {
        "kernel": "onpair_dw_k7_t128_b8",
        "role": "experimental",
        "stage_bytes": null,
        "chunk_size": 224,
        "decode_ms": 0.793184,
        "decode_gib_s": 1174.1569176280643,
        "decode_ns_iters": [
          796960,
          804704,
          796896,
          799232,
          797664,
          797152,
          798144,
          798496,
          796352,
          796832,
          795424,
          809248,
          798496,
          795872,
          796416,
          797344,
          796704,
          795520,
          796192,
          797216,
          796640,
          797056,
          797440,
          796320,
          798144,
          795712,
          794848,
          796768,
          796832,
          793184
        ],
        "chunk_tokens": 224,
        "block_threads": 128,
        "staged_input_bytes": 201788428,
        "applicable": true
      },
      {
        "kernel": "onpair_dw_k7_t256_b1",
        "role": "experimental",
        "stage_bytes": null,
        "chunk_size": 224,
        "decode_ms": 0.795712,
        "decode_gib_s": 1170.4265871972505,
        "decode_ns_iters": [
          796448,
          797408,
          796288,
          797120,
          796192,
          807168,
          799232,
          797248,
          798464,
          796768,
          798336,
          797856,
          797664,
          795712,
          804736,
          795968,
          795840,
          795808,
          796448,
          796832,
          796096,
          796544,
          797120,
          797472,
          804128,
          797664,
          798208,
          797600,
          796640,
          797408
        ],
        "chunk_tokens": 224,
        "block_threads": 256,
        "staged_input_bytes": 201788428,
        "applicable": true
      },
      {
        "kernel": "onpair_dw_k7_t256_b2",
        "role": "experimental",
        "stage_bytes": null,
        "chunk_size": 224,
        "decode_ms": 0.793408,
        "decode_gib_s": 1173.825422168542,
        "decode_ns_iters": [
          796480,
          797536,
          797120,
          795776,
          796704,
          795680,
          794720,
          800960,
          797952,
          793408,
          795840,
          794848,
          795744,
          797024,
          796192,
          799168,
          795584,
          801440,
          796000,
          795776,
          796544,
          799168,
          796640,
          798144,
          798656,
          799168,
          797728,
          804256,
          797376,
          798752
        ],
        "chunk_tokens": 224,
        "block_threads": 256,
        "staged_input_bytes": 201788428,
        "applicable": true
      },
      {
        "kernel": "onpair_dw_k7_t256_b4",
        "role": "experimental",
        "stage_bytes": null,
        "chunk_size": 224,
        "decode_ms": 0.794336,
        "decode_gib_s": 1172.4540755447297,
        "decode_ns_iters": [
          798720,
          797408,
          800224,
          798624,
          798112,
          798656,
          797280,
          798560,
          799424,
          798432,
          807200,
          798688,
          800544,
          796480,
          797376,
          796576,
          796096,
          794944,
          797632,
          798112,
          804320,
          796992,
          794336,
          796192,
          799072,
          797984,
          798240,
          796064,
          798240,
          795680
        ],
        "chunk_tokens": 224,
        "block_threads": 256,
        "staged_input_bytes": 201788428,
        "applicable": true
      },
      {
        "kernel": "onpair_dw_k7_t256_b6",
        "role": "experimental",
        "stage_bytes": null,
        "chunk_size": 224,
        "decode_ms": 0.933696,
        "decode_gib_s": 997.4579312237587,
        "decode_ns_iters": [
          936608,
          935936,
          934752,
          937120,
          937984,
          935488,
          935776,
          935200,
          946624,
          934880,
          936800,
          942592,
          936832,
          933696,
          933728,
          937312,
          935520,
          934272,
          937856,
          936704,
          936512,
          936384,
          935552,
          937568,
          937568,
          939488,
          937376,
          937376,
          937024,
          936352
        ],
        "chunk_tokens": 224,
        "block_threads": 256,
        "staged_input_bytes": 201788428,
        "applicable": true
      },
      {
        "kernel": "onpair_dw_k7_t256_b8",
        "role": "experimental",
        "stage_bytes": null,
        "chunk_size": 224,
        "decode_ms": 1.170048,
        "decode_gib_s": 795.9694649722904,
        "decode_ns_iters": [
          1172448,
          1174624,
          1172288,
          1175072,
          1173376,
          1172192,
          1170336,
          1172288,
          1171520,
          1172352,
          1173248,
          1170048,
          1173088,
          1173408,
          1173568,
          1174720,
          1174912,
          1174208,
          1174912,
          1176736,
          1173856,
          1174080,
          1175872,
          1173664,
          1173632,
          1172800,
          1171328,
          1170848,
          1171936,
          1172768
        ],
        "chunk_tokens": 224,
        "block_threads": 256,
        "staged_input_bytes": 201788428,
        "applicable": true
      },
      {
        "kernel": "onpair_dw_k8_t64_b1",
        "role": "experimental",
        "stage_bytes": null,
        "chunk_size": 256,
        "decode_ms": 0.808416,
        "decode_gib_s": 1152.0337061016833,
        "decode_ns_iters": [
          812704,
          813984,
          814496,
          812288,
          812192,
          812576,
          812256,
          812192,
          810880,
          810944,
          811712,
          809920,
          809728,
          808416,
          809568,
          809024,
          819904,
          813664,
          814176,
          815840,
          814240,
          811360,
          812480,
          813088,
          813088,
          812352,
          811552,
          812736,
          818720,
          812352
        ],
        "chunk_tokens": 256,
        "block_threads": 64,
        "staged_input_bytes": 201346052,
        "applicable": true
      },
      {
        "kernel": "onpair_dw_k8_t64_b2",
        "role": "experimental",
        "stage_bytes": null,
        "chunk_size": 256,
        "decode_ms": 0.811296,
        "decode_gib_s": 1147.9441295802008,
        "decode_ns_iters": [
          815264,
          814112,
          822592,
          814336,
          822368,
          813024,
          813280,
          813120,
          813760,
          815168,
          813536,
          813632,
          811296,
          812640,
          811968,
          812992,
          813408,
          815712,
          813376,
          817152,
          817536,
          814944,
          812832,
          814400,
          814112,
          812992,
          815328,
          822048,
          813120,
          812256
        ],
        "chunk_tokens": 256,
        "block_threads": 64,
        "staged_input_bytes": 201346052,
        "applicable": true
      },
      {
        "kernel": "onpair_dw_k8_t64_b4",
        "role": "experimental",
        "stage_bytes": null,
        "chunk_size": 256,
        "decode_ms": 0.809408,
        "decode_gib_s": 1150.6217884576115,
        "decode_ns_iters": [
          814720,
          821280,
          813792,
          813792,
          814304,
          815744,
          814272,
          813568,
          813984,
          814592,
          812192,
          813120,
          813504,
          820576,
          811776,
          819360,
          809824,
          812448,
          809408,
          813920,
          814208,
          814336,
          811232,
          812928,
          814336,
          819328,
          812832,
          812928,
          815168,
          813408
        ],
        "chunk_tokens": 256,
        "block_threads": 64,
        "staged_input_bytes": 201346052,
        "applicable": true
      },
      {
        "kernel": "onpair_dw_k8_t64_b6",
        "role": "experimental",
        "stage_bytes": null,
        "chunk_size": 256,
        "decode_ms": 0.81168,
        "decode_gib_s": 1147.4010454266443,
        "decode_ns_iters": [
          814848,
          814720,
          814464,
          814784,
          814400,
          816544,
          815744,
          813408,
          816448,
          813728,
          814848,
          812384,
          812992,
          814496,
          814720,
          814592,
          812832,
          813536,
          812704,
          814592,
          812736,
          813088,
          814112,
          813856,
          813088,
          811680,
          813600,
          815744,
          814240,
          815840
        ],
        "chunk_tokens": 256,
        "block_threads": 64,
        "staged_input_bytes": 201346052,
        "applicable": true
      },
      {
        "kernel": "onpair_dw_k8_t64_b8",
        "role": "experimental",
        "stage_bytes": null,
        "chunk_size": 256,
        "decode_ms": 0.812256,
        "decode_gib_s": 1146.5873819976687,
        "decode_ns_iters": [
          815360,
          815520,
          815168,
          816288,
          816320,
          813600,
          813024,
          812608,
          813664,
          818656,
          813312,
          822976,
          815424,
          812256,
          813248,
          813216,
          813824,
          813856,
          816896,
          816640,
          816288,
          814144,
          815072,
          812608,
          812992,
          815136,
          815264,
          816352,
          813920,
          814816
        ],
        "chunk_tokens": 256,
        "block_threads": 64,
        "staged_input_bytes": 201346052,
        "applicable": true
      },
      {
        "kernel": "onpair_dw_k8_t128_b1",
        "role": "experimental",
        "stage_bytes": null,
        "chunk_size": 256,
        "decode_ms": 0.810368,
        "decode_gib_s": 1149.2587078363144,
        "decode_ns_iters": [
          813088,
          813696,
          812416,
          813888,
          812128,
          812096,
          825632,
          815712,
          813952,
          813056,
          811488,
          812032,
          810368,
          813056,
          811936,
          811136,
          812288,
          811488,
          811552,
          810944,
          812448,
          813088,
          812480,
          812448,
          812512,
          811712,
          811712,
          812896,
          812384,
          812480
        ],
        "chunk_tokens": 256,
        "block_threads": 128,
        "staged_input_bytes": 201346052,
        "applicable": true
      },
      {
        "kernel": "onpair_dw_k8_t128_b2",
        "role": "experimental",
        "stage_bytes": null,
        "chunk_size": 256,
        "decode_ms": 0.810912,
        "decode_gib_s": 1148.4877280788771,
        "decode_ns_iters": [
          814240,
          813184,
          812928,
          822400,
          812864,
          813472,
          813632,
          812640,
          813824,
          813088,
          812864,
          812576,
          813376,
          817984,
          812416,
          811904,
          814560,
          812992,
          813920,
          812352,
          812160,
          811392,
          811968,
          812480,
          812736,
          812544,
          811360,
          812096,
          811616,
          810912
        ],
        "chunk_tokens": 256,
        "block_threads": 128,
        "staged_input_bytes": 201346052,
        "applicable": true
      },
      {
        "kernel": "onpair_dw_k8_t128_b4",
        "role": "experimental",
        "stage_bytes": null,
        "chunk_size": 256,
        "decode_ms": 0.809408,
        "decode_gib_s": 1150.6217884576115,
        "decode_ns_iters": [
          812960,
          812448,
          811360,
          809408,
          810336,
          812320,
          815040,
          809472,
          817088,
          811840,
          811136,
          812288,
          812928,
          812928,
          811584,
          810208,
          810816,
          811136,
          810944,
          809600,
          811488,
          811936,
          811456,
          811392,
          810080,
          811104,
          813216,
          813184,
          812768,
          811968
        ],
        "chunk_tokens": 256,
        "block_threads": 128,
        "staged_input_bytes": 201346052,
        "applicable": true
      },
      {
        "kernel": "onpair_dw_k8_t128_b6",
        "role": "experimental",
        "stage_bytes": null,
        "chunk_size": 256,
        "decode_ms": 0.8072,
        "decode_gib_s": 1153.7691780870894,
        "decode_ns_iters": [
          811264,
          810368,
          811712,
          816576,
          811872,
          811360,
          813152,
          820480,
          812160,
          810688,
          811360,
          811328,
          809760,
          809728,
          811136,
          808928,
          810336,
          811584,
          810688,
          810496,
          811840,
          809920,
          807520,
          808736,
          816608,
          807200,
          815424,
          809280,
          808000,
          807584
        ],
        "chunk_tokens": 256,
        "block_threads": 128,
        "staged_input_bytes": 201346052,
        "applicable": true
      },
      {
        "kernel": "onpair_dw_k8_t128_b8",
        "role": "experimental",
        "stage_bytes": null,
        "chunk_size": 256,
        "decode_ms": 0.808576,
        "decode_gib_s": 1151.8057431235882,
        "decode_ns_iters": [
          811488,
          810560,
          812128,
          812224,
          810848,
          811840,
          811552,
          818496,
          810880,
          813120,
          813312,
          811328,
          810912,
          810592,
          811360,
          811136,
          813216,
          809504,
          812128,
          811520,
          813216,
          811296,
          808576,
          809472,
          811008,
          810528,
          812128,
          810624,
          817056,
          812224
        ],
        "chunk_tokens": 256,
        "block_threads": 128,
        "staged_input_bytes": 201346052,
        "applicable": true
      },
      {
        "kernel": "onpair_dw_k8_t256_b1",
        "role": "experimental",
        "stage_bytes": null,
        "chunk_size": 256,
        "decode_ms": 0.810048,
        "decode_gib_s": 1149.712709064029,
        "decode_ns_iters": [
          813728,
          818176,
          812288,
          812384,
          811552,
          811008,
          811072,
          811872,
          810784,
          813504,
          810272,
          810912,
          810240,
          810048,
          811968,
          810304,
          810432,
          810880,
          813408,
          812320,
          812960,
          813088,
          816576,
          811136,
          810944,
          811232,
          811360,
          812128,
          812736,
          810880
        ],
        "chunk_tokens": 256,
        "block_threads": 256,
        "staged_input_bytes": 201346052,
        "applicable": true
      },
      {
        "kernel": "onpair_dw_k8_t256_b2",
        "role": "experimental",
        "stage_bytes": null,
        "chunk_size": 256,
        "decode_ms": 0.809856,
        "decode_gib_s": 1149.9852820154426,
        "decode_ns_iters": [
          812256,
          811424,
          812224,
          810592,
          811584,
          809856,
          813152,
          811776,
          811456,
          810720,
          810688,
          811392,
          812096,
          815040,
          810976,
          814080,
          814528,
          815008,
          814144,
          814560,
          812992,
          813088,
          813632,
          811584,
          811200,
          813408,
          811808,
          813024,
          810112,
          812992
        ],
        "chunk_tokens": 256,
        "block_threads": 256,
        "staged_input_bytes": 201346052,
        "applicable": true
      },
      {
        "kernel": "onpair_dw_k8_t256_b4",
        "role": "experimental",
        "stage_bytes": null,
        "chunk_size": 256,
        "decode_ms": 0.808672,
        "decode_gib_s": 1151.6690086362562,
        "decode_ns_iters": [
          810784,
          811488,
          820736,
          811200,
          811648,
          810752,
          811680,
          812000,
          815872,
          811904,
          811168,
          813280,
          810816,
          810624,
          811200,
          813088,
          809344,
          811392,
          813120,
          811584,
          811808,
          811072,
          816672,
          813120,
          814592,
          808736,
          808672,
          809632,
          814272,
          812032
        ],
        "chunk_tokens": 256,
        "block_threads": 256,
        "staged_input_bytes": 201346052,
        "applicable": true
      },
      {
        "kernel": "onpair_dw_k8_t256_b6",
        "role": "experimental",
        "stage_bytes": null,
        "chunk_size": 256,
        "decode_ms": 1.048992,
        "decode_gib_s": 887.8261040617074,
        "decode_ns_iters": [
          1065088,
          1048992,
          1050656,
          1049312,
          1049888,
          1049728,
          1054848,
          1050720,
          1052640,
          1051296,
          1051264,
          1051776,
          1054368,
          1052064,
          1050464,
          1051264,
          1053216,
          1051360,
          1051744,
          1054400,
          1051584,
          1049888,
          1049504,
          1050880,
          1051392,
          1050624,
          1049824,
          1058624,
          1050368,
          1050240
        ],
        "chunk_tokens": 256,
        "block_threads": 256,
        "staged_input_bytes": 201346052,
        "applicable": true
      },
      {
        "kernel": "onpair_dw_k8_t256_b8",
        "role": "experimental",
        "stage_bytes": null,
        "chunk_size": 256,
        "decode_ms": 1.20496,
        "decode_gib_s": 772.9073832757092,
        "decode_ns_iters": [
          1212512,
          1211392,
          1222528,
          1215360,
          1210464,
          1221696,
          1215200,
          1209280,
          1214880,
          1211456,
          1214368,
          1204960,
          1207968,
          1211072,
          1211712,
          1213856,
          1211936,
          1214944,
          1222112,
          1213312,
          1210912,
          1216832,
          1214688,
          1212320,
          1209792,
          1210304,
          1210304,
          1209376,
          1205632,
          1212768
        ],
        "chunk_tokens": 256,
        "block_threads": 256,
        "staged_input_bytes": 201346052,
        "applicable": true
      },
      {
        "kernel": "onpair_dh_k1_t256_b1_h0",
        "role": "experimental",
        "stage_bytes": null,
        "chunk_size": 32,
        "decode_ms": 1.756832,
        "decode_gib_s": 530.1147067857931,
        "decode_ns_iters": [
          1759264,
          1760896,
          1760160,
          1759296,
          1757408,
          1765152,
          1768032,
          1759456,
          1757248,
          1759456,
          1759360,
          1760320,
          1766272,
          1761632,
          1759008,
          1759168,
          1758752,
          1761056,
          1759776,
          1771968,
          1760736,
          1759904,
          1759616,
          1760320,
          1758272,
          1756832,
          1766048,
          1757920,
          1758432,
          1758432
        ],
        "chunk_tokens": 32,
        "block_threads": 256,
        "staged_input_bytes": 223022212,
        "applicable": true
      },
      {
        "kernel": "onpair_dh_k1_t256_b4_h0",
        "role": "experimental",
        "stage_bytes": null,
        "chunk_size": 32,
        "decode_ms": 1.503008,
        "decode_gib_s": 619.6390708179189,
        "decode_ns_iters": [
          1505696,
          1503008,
          1507008,
          1505920,
          1506336,
          1504608,
          1505184,
          1506208,
          1506240,
          1504864,
          1503744,
          1506144,
          1505504,
          1505888,
          1505376,
          1505088,
          1507552,
          1503264,
          1503232,
          1506752,
          1505600,
          1507520,
          1504704,
          1505120,
          1508480,
          1507040,
          1504800,
          1507584,
          1505152,
          1505536
        ],
        "chunk_tokens": 32,
        "block_threads": 256,
        "staged_input_bytes": 223022212,
        "applicable": true
      },
      {
        "kernel": "onpair_dh_k1_t256_b8_h0",
        "role": "experimental",
        "stage_bytes": null,
        "chunk_size": 32,
        "decode_ms": 1.057568,
        "decode_gib_s": 880.626570160877,
        "decode_ns_iters": [
          1059936,
          1057632,
          1059232,
          1067712,
          1060096,
          1059648,
          1060992,
          1060256,
          1060032,
          1057568,
          1060320,
          1058304,
          1061536,
          1062368,
          1060064,
          1059328,
          1059520,
          1059808,
          1060576,
          1062624,
          1059200,
          1060832,
          1065984,
          1059584,
          1060512,
          1059968,
          1058944,
          1058848,
          1058912,
          1058400
        ],
        "chunk_tokens": 32,
        "block_threads": 256,
        "staged_input_bytes": 223022212,
        "applicable": true
      },
      {
        "kernel": "onpair_dh_k2_t64_b1_h2",
        "role": "experimental",
        "stage_bytes": null,
        "chunk_size": 64,
        "decode_ms": 1.079488,
        "decode_gib_s": 862.744635004649,
        "decode_ns_iters": [
          1084448,
          1082752,
          1085312,
          1084672,
          1082880,
          1086496,
          1092448,
          1084704,
          1085600,
          1083840,
          1080832,
          1079488,
          1083488,
          1084416,
          1083552,
          1084320,
          1083552,
          1083584,
          1085280,
          1087360,
          1084928,
          1088064,
          1085440,
          1085440,
          1083488,
          1085120,
          1082720,
          1080032,
          1082560,
          1082656
        ],
        "chunk_tokens": 64,
        "block_threads": 64,
        "staged_input_bytes": 210635844,
        "applicable": true
      },
      {
        "kernel": "onpair_dh_k2_t64_b2_h2",
        "role": "experimental",
        "stage_bytes": null,
        "chunk_size": 64,
        "decode_ms": 1.079232,
        "decode_gib_s": 862.9492829640878,
        "decode_ns_iters": [
          1082560,
          1084256,
          1081568,
          1087296,
          1083744,
          1094048,
          1090464,
          1081088,
          1082464,
          1084160,
          1084768,
          1081344,
          1082368,
          1079232,
          1084480,
          1086208,
          1083488,
          1089664,
          1082304,
          1080992,
          1083008,
          1084608,
          1086336,
          1084480,
          1085280,
          1096992,
          1085504,
          1083072,
          1085408,
          1084224
        ],
        "chunk_tokens": 64,
        "block_threads": 64,
        "staged_input_bytes": 210635844,
        "applicable": true
      },
      {
        "kernel": "onpair_dh_k2_t64_b4_h2",
        "role": "experimental",
        "stage_bytes": null,
        "chunk_size": 64,
        "decode_ms": 1.081376,
        "decode_gib_s": 861.2383486889837,
        "decode_ns_iters": [
          1094944,
          1086016,
          1089152,
          1083936,
          1086688,
          1084960,
          1091392,
          1086880,
          1086720,
          1085152,
          1091360,
          1089824,
          1088416,
          1085376,
          1084096,
          1087456,
          1083872,
          1083424,
          1083392,
          1083584,
          1084128,
          1084096,
          1090944,
          1082464,
          1084032,
          1083232,
          1083104,
          1084384,
          1086048,
          1081376
        ],
        "chunk_tokens": 64,
        "block_threads": 64,
        "staged_input_bytes": 210635844,
        "applicable": true
      },
      {
        "kernel": "onpair_dh_k2_t64_b6_h2",
        "role": "experimental",
        "stage_bytes": null,
        "chunk_size": 64,
        "decode_ms": 1.082304,
        "decode_gib_s": 860.4998970269893,
        "decode_ns_iters": [
          1083616,
          1087264,
          1085504,
          1082688,
          1086912,
          1088160,
          1086528,
          1086816,
          1085824,
          1085760,
          1084640,
          1082304,
          1084992,
          1082912,
          1085184,
          1086720,
          1089472,
          1086368,
          1086272,
          1087552,
          1085376,
          1084672,
          1084288,
          1085376,
          1085568,
          1082592,
          1091232,
          1083296,
          1084256,
          1087104
        ],
        "chunk_tokens": 64,
        "block_threads": 64,
        "staged_input_bytes": 210635844,
        "applicable": true
      },
      {
        "kernel": "onpair_dh_k2_t64_b8_h2",
        "role": "experimental",
        "stage_bytes": null,
        "chunk_size": 64,
        "decode_ms": 1.076832,
        "decode_gib_s": 864.8725897372092,
        "decode_ns_iters": [
          1083168,
          1084000,
          1088704,
          1080640,
          1082336,
          1083872,
          1083360,
          1076832,
          1085216,
          1082560,
          1082976,
          1083872,
          1084064,
          1092736,
          1082528,
          1084672,
          1084320,
          1081408,
          1083520,
          1084640,
          1085568,
          1084320,
          1084768,
          1083552,
          1083136,
          1084192,
          1087680,
          1083040,
          1087104,
          1083872
        ],
        "chunk_tokens": 64,
        "block_threads": 64,
        "staged_input_bytes": 210635844,
        "applicable": true
      },
      {
        "kernel": "onpair_dh_k2_t128_b1_h2",
        "role": "experimental",
        "stage_bytes": null,
        "chunk_size": 64,
        "decode_ms": 1.08416,
        "decode_gib_s": 859.026786223342,
        "decode_ns_iters": [
          1095360,
          1091776,
          1090080,
          1096480,
          1090848,
          1090208,
          1092160,
          1088480,
          1088032,
          1084160,
          1090176,
          1098592,
          1085632,
          1087328,
          1089280,
          1088576,
          1095680,
          1099264,
          1091904,
          1092416,
          1091520,
          1088864,
          1096800,
          1094560,
          1096736,
          1090624,
          1090784,
          1104896,
          1091840,
          1089664
        ],
        "chunk_tokens": 64,
        "block_threads": 128,
        "staged_input_bytes": 210635844,
        "applicable": true
      },
      {
        "kernel": "onpair_dh_k2_t128_b2_h2",
        "role": "experimental",
        "stage_bytes": null,
        "chunk_size": 64,
        "decode_ms": 1.08432,
        "decode_gib_s": 858.9000300205645,
        "decode_ns_iters": [
          1084352,
          1094112,
          1084320,
          1089216,
          1093024,
          1091552,
          1094752,
          1093184,
          1093216,
          1092000,
          1092224,
          1095072,
          1092224,
          1093152,
          1097600,
          1089376,
          1096480,
          1096800,
          1093216,
          1096128,
          1094112,
          1093664,
          1093408,
          1089664,
          1097184,
          1084896,
          1089440,
          1087168,
          1093344,
          1093728
        ],
        "chunk_tokens": 64,
        "block_threads": 128,
        "staged_input_bytes": 210635844,
        "applicable": true
      },
      {
        "kernel": "onpair_dh_k2_t128_b4_h2",
        "role": "experimental",
        "stage_bytes": null,
        "chunk_size": 64,
        "decode_ms": 1.084704,
        "decode_gib_s": 858.595967703538,
        "decode_ns_iters": [
          1090368,
          1093344,
          1094240,
          1085184,
          1092928,
          1098080,
          1087936,
          1089824,
          1091936,
          1094944,
          1091552,
          1091360,
          1092320,
          1093952,
          1090656,
          1096704,
          1086304,
          1090592,
          1093728,
          1096032,
          1106016,
          1089696,
          1096640,
          1084704,
          1096640,
          1095712,
          1096736,
          1086400,
          1092000,
          1093120
        ],
        "chunk_tokens": 64,
        "block_threads": 128,
        "staged_input_bytes": 210635844,
        "applicable": true
      },
      {
        "kernel": "onpair_dh_k2_t128_b6_h2",
        "role": "experimental",
        "stage_bytes": null,
        "chunk_size": 64,
        "decode_ms": 1.083232,
        "decode_gib_s": 859.7627106214537,
        "decode_ns_iters": [
          1091424,
          1093984,
          1091680,
          1095008,
          1091168,
          1089760,
          1093376,
          1093728,
          1088192,
          1091296,
          1083392,
          1085248,
          1093600,
          1093856,
          1093472,
          1093408,
          1092960,
          1091360,
          1091264,
          1092768,
          1089280,
          1092416,
          1083232,
          1093856,
          1088704,
          1091520,
          1092512,
          1093952,
          1102112,
          1086528
        ],
        "chunk_tokens": 64,
        "block_threads": 128,
        "staged_input_bytes": 210635844,
        "applicable": true
      },
      {
        "kernel": "onpair_dh_k2_t128_b8_h2",
        "role": "experimental",
        "stage_bytes": null,
        "chunk_size": 64,
        "decode_ms": 1.070656,
        "decode_gib_s": 869.8615433452933,
        "decode_ns_iters": [
          1076448,
          1077344,
          1078912,
          1075936,
          1076608,
          1085472,
          1083008,
          1075840,
          1073472,
          1077568,
          1070656,
          1081376,
          1079808,
          1080320,
          1083872,
          1080512,
          1081696,
          1079936,
          1084864,
          1077824,
          1078944,
          1079168,
          1076256,
          1078912,
          1080288,
          1080448,
          1083264,
          1093728,
          1084512,
          1083840
        ],
        "chunk_tokens": 64,
        "block_threads": 128,
        "staged_input_bytes": 210635844,
        "applicable": true
      },
      {
        "kernel": "onpair_dh_k2_t256_b1_h0",
        "role": "experimental",
        "stage_bytes": null,
        "chunk_size": 64,
        "decode_ms": 1.03264,
        "decode_gib_s": 901.8849556010792,
        "decode_ns_iters": [
          1040640,
          1038624,
          1038496,
          1036512,
          1036256,
          1036160,
          1042816,
          1036480,
          1034272,
          1036192,
          1035712,
          1036704,
          1033728,
          1042816,
          1032640,
          1035328,
          1035072,
          1036416,
          1037504,
          1034560,
          1037472,
          1035808,
          1035232,
          1035104,
          1035872,
          1038336,
          1037696,
          1036544,
          1034400,
          1038176
        ],
        "chunk_tokens": 64,
        "block_threads": 256,
        "staged_input_bytes": 210635844,
        "applicable": true
      },
      {
        "kernel": "onpair_dh_k2_t256_b1_h2",
        "role": "experimental",
        "stage_bytes": null,
        "chunk_size": 64,
        "decode_ms": 1.135648,
        "decode_gib_s": 820.0802366154817,
        "decode_ns_iters": [
          1139648,
          1138688,
          1138976,
          1140736,
          1139072,
          1138464,
          1138592,
          1140448,
          1138176,
          1138144,
          1139264,
          1139200,
          1139200,
          1140896,
          1143776,
          1139552,
          1139136,
          1138208,
          1139968,
          1135648,
          1142208,
          1136704,
          1136736,
          1135936,
          1137504,
          1136608,
          1136192,
          1135712,
          1136928,
          1136128
        ],
        "chunk_tokens": 64,
        "block_threads": 256,
        "staged_input_bytes": 210635844,
        "applicable": true
      },
      {
        "kernel": "onpair_dh_k2_t256_b2_h2",
        "role": "experimental",
        "stage_bytes": null,
        "chunk_size": 64,
        "decode_ms": 1.135008,
        "decode_gib_s": 820.5426574543073,
        "decode_ns_iters": [
          1135008,
          1135200,
          1139936,
          1146368,
          1136672,
          1141632,
          1138592,
          1139328,
          1139616,
          1140416,
          1140032,
          1139584,
          1136960,
          1140544,
          1141248,
          1139936,
          1140832,
          1138944,
          1140000,
          1139904,
          1144160,
          1139680,
          1139424,
          1138656,
          1146528,
          1140032,
          1136480,
          1138240,
          1138272,
          1140640
        ],
        "chunk_tokens": 64,
        "block_threads": 256,
        "staged_input_bytes": 210635844,
        "applicable": true
      },
      {
        "kernel": "onpair_dh_k2_t256_b4_h0",
        "role": "experimental",
        "stage_bytes": null,
        "chunk_size": 64,
        "decode_ms": 1.040128,
        "decode_gib_s": 895.3921830312216,
        "decode_ns_iters": [
          1045536,
          1044896,
          1043904,
          1042304,
          1044224,
          1044096,
          1045120,
          1044000,
          1045216,
          1043488,
          1042656,
          1041568,
          1044864,
          1042048,
          1041792,
          1046304,
          1044672,
          1043904,
          1040128,
          1044672,
          1048576,
          1044480,
          1046784,
          1041280,
          1045408,
          1042912,
          1043616,
          1051424,
          1043744,
          1044768
        ],
        "chunk_tokens": 64,
        "block_threads": 256,
        "staged_input_bytes": 210635844,
        "applicable": true
      },
      {
        "kernel": "onpair_dh_k2_t256_b4_h2",
        "role": "experimental",
        "stage_bytes": null,
        "chunk_size": 64,
        "decode_ms": 1.132224,
        "decode_gib_s": 822.5602712465895,
        "decode_ns_iters": [
          1136608,
          1134848,
          1135072,
          1139808,
          1134656,
          1137184,
          1137056,
          1134528,
          1134176,
          1134144,
          1135808,
          1134528,
          1134144,
          1134144,
          1135104,
          1145152,
          1134848,
          1132224,
          1134752,
          1134944,
          1132928,
          1134240,
          1133344,
          1135808,
          1141920,
          1134560,
          1133504,
          1136160,
          1135712,
          1137056
        ],
        "chunk_tokens": 64,
        "block_threads": 256,
        "staged_input_bytes": 210635844,
        "applicable": true
      },
      {
        "kernel": "onpair_dh_k2_t256_b6_h2",
        "role": "experimental",
        "stage_bytes": null,
        "chunk_size": 64,
        "decode_ms": 0.98864,
        "decode_gib_s": 942.0238717348059,
        "decode_ns_iters": [
          992384,
          990368,
          989600,
          991136,
          990720,
          989664,
          991712,
          991776,
          992672,
          992160,
          991648,
          1000352,
          992512,
          991936,
          990208,
          990144,
          992640,
          991264,
          993760,
          992000,
          988640,
          991232,
          989344,
          990144,
          990080,
          990016,
          991008,
          992928,
          989024,
          993088
        ],
        "chunk_tokens": 64,
        "block_threads": 256,
        "staged_input_bytes": 210635844,
        "applicable": true
      },
      {
        "kernel": "onpair_dh_k2_t256_b8_h0",
        "role": "experimental",
        "stage_bytes": null,
        "chunk_size": 64,
        "decode_ms": 0.895456,
        "decode_gib_s": 1040.0538726100428,
        "decode_ns_iters": [
          897664,
          895456,
          898400,
          896032,
          898240,
          896800,
          904864,
          899040,
          898272,
          897248,
          897952,
          899808,
          896992,
          896096,
          896928,
          897856,
          897440,
          897216,
          897248,
          896448,
          898112,
          899296,
          896928,
          899616,
          898272,
          897504,
          897888,
          898944,
          898688,
          897728
        ],
        "chunk_tokens": 64,
        "block_threads": 256,
        "staged_input_bytes": 210635844,
        "applicable": true
      },
      {
        "kernel": "onpair_dh_k2_t256_b8_h2",
        "role": "experimental",
        "stage_bytes": null,
        "chunk_size": 64,
        "decode_ms": 0.910624,
        "decode_gib_s": 1022.7299967405851,
        "decode_ns_iters": [
          913792,
          913248,
          913440,
          911872,
          911136,
          910624,
          912800,
          914720,
          914112,
          915072,
          915584,
          912864,
          914208,
          911968,
          912960,
          913152,
          911936,
          914944,
          915328,
          913056,
          914560,
          916032,
          915104,
          919936,
          916384,
          915584,
          913664,
          915520,
          920960,
          921184
        ],
        "chunk_tokens": 64,
        "block_threads": 256,
        "staged_input_bytes": 210635844,
        "applicable": true
      },
      {
        "kernel": "onpair_dh_k3_t64_b1_h2",
        "role": "experimental",
        "stage_bytes": null,
        "chunk_size": 96,
        "decode_ms": 0.851712,
        "decode_gib_s": 1093.4711270381285,
        "decode_ns_iters": [
          859776,
          858592,
          855232,
          858240,
          855744,
          857472,
          858944,
          856448,
          862464,
          863296,
          856416,
          856544,
          857824,
          858112,
          854880,
          856320,
          855904,
          857024,
          857568,
          857216,
          853312,
          852512,
          853664,
          852896,
          851712,
          856832,
          857024,
          856640,
          855680,
          856576
        ],
        "chunk_tokens": 96,
        "block_threads": 64,
        "staged_input_bytes": 206507060,
        "applicable": true
      },
      {
        "kernel": "onpair_dh_k3_t64_b1_h3",
        "role": "experimental",
        "stage_bytes": null,
        "chunk_size": 96,
        "decode_ms": 0.895232,
        "decode_gib_s": 1040.3141091380764,
        "decode_ns_iters": [
          897280,
          898880,
          895232,
          896192,
          897024,
          898144,
          897472,
          900128,
          896928,
          897408,
          897856,
          897440,
          896928,
          898240,
          897792,
          898688,
          901088,
          901344,
          900128,
          899168,
          896416,
          898624,
          898656,
          896672,
          896224,
          896544,
          897216,
          897088,
          899136,
          898976
        ],
        "chunk_tokens": 96,
        "block_threads": 64,
        "staged_input_bytes": 206507060,
        "applicable": true
      },
      {
        "kernel": "onpair_dh_k3_t64_b2_h2",
        "role": "experimental",
        "stage_bytes": null,
        "chunk_size": 96,
        "decode_ms": 0.851936,
        "decode_gib_s": 1093.1836200746282,
        "decode_ns_iters": [
          855776,
          857504,
          857856,
          856192,
          855776,
          855968,
          857184,
          858016,
          855776,
          856512,
          856512,
          856960,
          853792,
          853952,
          854400,
          851936,
          859392,
          853696,
          853088,
          852960,
          859520,
          853728,
          854816,
          855296,
          856352,
          856672,
          858624,
          858144,
          856160,
          855040
        ],
        "chunk_tokens": 96,
        "block_threads": 64,
        "staged_input_bytes": 206507060,
        "applicable": true
      },
      {
        "kernel": "onpair_dh_k3_t64_b2_h3",
        "role": "experimental",
        "stage_bytes": null,
        "chunk_size": 96,
        "decode_ms": 0.896448,
        "decode_gib_s": 1038.9029598503187,
        "decode_ns_iters": [
          897856,
          897792,
          897280,
          897728,
          897408,
          896448,
          900192,
          898624,
          898464,
          897696,
          899360,
          898336,
          900608,
          898016,
          899136,
          898848,
          898848,
          898880,
          898016,
          898208,
          897792,
          898016,
          899936,
          899104,
          899488,
          900160,
          898688,
          898560,
          898656,
          899328
        ],
        "chunk_tokens": 96,
        "block_threads": 64,
        "staged_input_bytes": 206507060,
        "applicable": true
      },
      {
        "kernel": "onpair_dh_k3_t64_b4_h2",
        "role": "experimental",
        "stage_bytes": null,
        "chunk_size": 96,
        "decode_ms": 0.852384,
        "decode_gib_s": 1092.6090594754223,
        "decode_ns_iters": [
          857344,
          856096,
          861600,
          859712,
          855680,
          853760,
          855200,
          854464,
          852736,
          852384,
          853536,
          855168,
          864448,
          854656,
          854816,
          869440,
          856736,
          856928,
          857568,
          855936,
          855072,
          856896,
          856480,
          856480,
          857792,
          855104,
          857568,
          864640,
          857088,
          858304
        ],
        "chunk_tokens": 96,
        "block_threads": 64,
        "staged_input_bytes": 206507060,
        "applicable": true
      },
      {
        "kernel": "onpair_dh_k3_t64_b4_h3",
        "role": "experimental",
        "stage_bytes": null,
        "chunk_size": 96,
        "decode_ms": 0.897376,
        "decode_gib_s": 1037.8286031183122,
        "decode_ns_iters": [
          899072,
          949152,
          901888,
          899104,
          899072,
          898816,
          899008,
          899712,
          898272,
          898624,
          933600,
          900384,
          899968,
          932832,
          897664,
          897728,
          897376,
          935520,
          901248,
          897824,
          897600,
          897536,
          897568,
          921920,
          960384,
          953120,
          967552,
          951616,
          949600,
          925248
        ],
        "chunk_tokens": 96,
        "block_threads": 64,
        "staged_input_bytes": 206507060,
        "applicable": true
      },
      {
        "kernel": "onpair_dh_k3_t64_b6_h2",
        "role": "experimental",
        "stage_bytes": null,
        "chunk_size": 96,
        "decode_ms": 0.855424,
        "decode_gib_s": 1088.7261528223414,
        "decode_ns_iters": [
          891680,
          862784,
          855424,
          862240,
          858464,
          858976,
          860640,
          860288,
          860768,
          860800,
          860256,
          860928,
          859968,
          861728,
          859232,
          858592,
          857088,
          857408,
          857952,
          858624,
          857024,
          858144,
          857952,
          859552,
          857760,
          868960,
          876928,
          856992,
          855744,
          856192
        ],
        "chunk_tokens": 96,
        "block_threads": 64,
        "staged_input_bytes": 206507060,
        "applicable": true
      },
      {
        "kernel": "onpair_dh_k3_t64_b6_h3",
        "role": "experimental",
        "stage_bytes": null,
        "chunk_size": 96,
        "decode_ms": 0.896,
        "decode_gib_s": 1039.422411330244,
        "decode_ns_iters": [
          897568,
          900576,
          902112,
          899296,
          900096,
          898304,
          898272,
          897056,
          896864,
          898304,
          896736,
          896704,
          897024,
          896000,
          897152,
          898240,
          897344,
          897952,
          898144,
          898112,
          899584,
          898496,
          898688,
          898656,
          900256,
          898272,
          896960,
          897376,
          897760,
          897280
        ],
        "chunk_tokens": 96,
        "block_threads": 64,
        "staged_input_bytes": 206507060,
        "applicable": true
      },
      {
        "kernel": "onpair_dh_k3_t64_b8_h2",
        "role": "experimental",
        "stage_bytes": null,
        "chunk_size": 96,
        "decode_ms": 0.85104,
        "decode_gib_s": 1094.3345560160492,
        "decode_ns_iters": [
          856992,
          855296,
          861568,
          856704,
          856480,
          856352,
          856960,
          855904,
          856640,
          862848,
          858176,
          856736,
          864576,
          858240,
          855616,
          853472,
          854560,
          853536,
          853248,
          852608,
          853184,
          853440,
          852512,
          851040,
          855584,
          853472,
          853536,
          853344,
          854592,
          862496
        ],
        "chunk_tokens": 96,
        "block_threads": 64,
        "staged_input_bytes": 206507060,
        "applicable": true
      },
      {
        "kernel": "onpair_dh_k3_t64_b8_h3",
        "role": "experimental",
        "stage_bytes": null,
        "chunk_size": 96,
        "decode_ms": 0.89536,
        "decode_gib_s": 1040.1653866063912,
        "decode_ns_iters": [
          898080,
          898144,
          900384,
          899424,
          899424,
          896704,
          897632,
          896672,
          897888,
          897440,
          899648,
          898400,
          896800,
          898848,
          897216,
          897760,
          900288,
          898752,
          897440,
          899360,
          897376,
          898464,
          899328,
          898144,
          899296,
          895360,
          896320,
          897344,
          897888,
          896512
        ],
        "chunk_tokens": 96,
        "block_threads": 64,
        "staged_input_bytes": 206507060,
        "applicable": true
      },
      {
        "kernel": "onpair_dh_k3_t128_b1_h2",
        "role": "experimental",
        "stage_bytes": null,
        "chunk_size": 96,
        "decode_ms": 0.859008,
        "decode_gib_s": 1084.183710223768,
        "decode_ns_iters": [
          861408,
          860064,
          860224,
          859264,
          860896,
          861888,
          862496,
          862048,
          860640,
          867936,
          859552,
          859008,
          860256,
          872032,
          863360,
          861536,
          862560,
          860192,
          860704,
          861248,
          862560,
          864064,
          862528,
          860256,
          861792,
          860160,
          860640,
          859936,
          859488,
          860544
        ],
        "chunk_tokens": 96,
        "block_threads": 128,
        "staged_input_bytes": 206507060,
        "applicable": true
      },
      {
        "kernel": "onpair_dh_k3_t128_b1_h3",
        "role": "experimental",
        "stage_bytes": null,
        "chunk_size": 96,
        "decode_ms": 0.904512,
        "decode_gib_s": 1029.640823506928,
        "decode_ns_iters": [
          906400,
          906912,
          904896,
          906432,
          907008,
          906720,
          906720,
          907968,
          905504,
          907584,
          906784,
          905952,
          905216,
          907104,
          905952,
          905600,
          905088,
          908576,
          905920,
          905152,
          904512,
          907840,
          905536,
          905408,
          905280,
          906592,
          906496,
          908928,
          906016,
          908096
        ],
        "chunk_tokens": 96,
        "block_threads": 128,
        "staged_input_bytes": 206507060,
        "applicable": true
      },
      {
        "kernel": "onpair_dh_k3_t128_b2_h2",
        "role": "experimental",
        "stage_bytes": null,
        "chunk_size": 96,
        "decode_ms": 0.860032,
        "decode_gib_s": 1082.8928232343662,
        "decode_ns_iters": [
          863200,
          862912,
          862752,
          863808,
          863232,
          862112,
          862048,
          861760,
          862624,
          861408,
          860128,
          861312,
          862112,
          860032,
          864832,
          863328,
          862528,
          861344,
          862496,
          861472,
          861920,
          868928,
          870400,
          862848,
          863200,
          863168,
          873216,
          861920,
          862912,
          862880
        ],
        "chunk_tokens": 96,
        "block_threads": 128,
        "staged_input_bytes": 206507060,
        "applicable": true
      },
      {
        "kernel": "onpair_dh_k3_t128_b2_h3",
        "role": "experimental",
        "stage_bytes": null,
        "chunk_size": 96,
        "decode_ms": 0.903456,
        "decode_gib_s": 1030.8443140030045,
        "decode_ns_iters": [
          908576,
          906912,
          908832,
          906432,
          908000,
          907776,
          906944,
          906112,
          904032,
          904448,
          907936,
          906720,
          907232,
          905056,
          906336,
          904768,
          906080,
          903456,
          907296,
          906944,
          906080,
          906432,
          905376,
          904960,
          907840,
          909856,
          908800,
          909472,
          907744,
          907552
        ],
        "chunk_tokens": 96,
        "block_threads": 128,
        "staged_input_bytes": 206507060,
        "applicable": true
      },
      {
        "kernel": "onpair_dh_k3_t128_b4_h2",
        "role": "experimental",
        "stage_bytes": null,
        "chunk_size": 96,
        "decode_ms": 0.856928,
        "decode_gib_s": 1086.815322351351,
        "decode_ns_iters": [
          860960,
          860320,
          860928,
          860992,
          862304,
          861120,
          863392,
          863360,
          862816,
          862048,
          865056,
          869312,
          864000,
          862688,
          868704,
          863616,
          862560,
          862624,
          860864,
          860416,
          862144,
          861792,
          861504,
          860672,
          860608,
          862560,
          863136,
          862784,
          858816,
          856928
        ],
        "chunk_tokens": 96,
        "block_threads": 128,
        "staged_input_bytes": 206507060,
        "applicable": true
      },
      {
        "kernel": "onpair_dh_k3_t128_b4_h3",
        "role": "experimental",
        "stage_bytes": null,
        "chunk_size": 96,
        "decode_ms": 0.904672,
        "decode_gib_s": 1029.4587215608512,
        "decode_ns_iters": [
          904960,
          905824,
          907392,
          905312,
          904768,
          904672,
          904672,
          905440,
          908704,
          908672,
          910688,
          908352,
          909312,
          907072,
          907648,
          905952,
          908544,
          908032,
          909504,
          907904,
          908256,
          907616,
          905856,
          908320,
          906656,
          908160,
          906016,
          907904,
          908896,
          907072
        ],
        "chunk_tokens": 96,
        "block_threads": 128,
        "staged_input_bytes": 206507060,
        "applicable": true
      },
      {
        "kernel": "onpair_dh_k3_t128_b6_h2",
        "role": "experimental",
        "stage_bytes": null,
        "chunk_size": 96,
        "decode_ms": 0.85936,
        "decode_gib_s": 1083.7396208246817,
        "decode_ns_iters": [
          860416,
          860736,
          861632,
          867424,
          867040,
          861376,
          864032,
          860256,
          860320,
          862048,
          860992,
          860192,
          862528,
          868000,
          861376,
          861824,
          860416,
          860544,
          861120,
          860128,
          862240,
          860384,
          861536,
          860992,
          860224,
          860896,
          859808,
          859360,
          869120,
          860576
        ],
        "chunk_tokens": 96,
        "block_threads": 128,
        "staged_input_bytes": 206507060,
        "applicable": true
      },
      {
        "kernel": "onpair_dh_k3_t128_b6_h3",
        "role": "experimental",
        "stage_bytes": null,
        "chunk_size": 96,
        "decode_ms": 0.90464,
        "decode_gib_s": 1029.4951367968458,
        "decode_ns_iters": [
          907424,
          905184,
          905696,
          906112,
          905152,
          907552,
          908256,
          908064,
          907040,
          905984,
          907904,
          906240,
          904640,
          905504,
          907840,
          906720,
          905728,
          905344,
          906752,
          905440,
          905824,
          905504,
          905088,
          906048,
          907520,
          906816,
          908640,
          906976,
          907712,
          905888
        ],
        "chunk_tokens": 96,
        "block_threads": 128,
        "staged_input_bytes": 206507060,
        "applicable": true
      },
      {
        "kernel": "onpair_dh_k3_t128_b8_h2",
        "role": "experimental",
        "stage_bytes": null,
        "chunk_size": 96,
        "decode_ms": 0.857472,
        "decode_gib_s": 1086.1258216616968,
        "decode_ns_iters": [
          858240,
          858464,
          858752,
          858848,
          858624,
          861024,
          861152,
          859072,
          860384,
          861248,
          861312,
          858656,
          858848,
          866496,
          858976,
          859712,
          859680,
          863520,
          859488,
          860032,
          860000,
          859936,
          860896,
          858976,
          859104,
          857472,
          858656,
          858464,
          861376,
          861024
        ],
        "chunk_tokens": 96,
        "block_threads": 128,
        "staged_input_bytes": 206507060,
        "applicable": true
      },
      {
        "kernel": "onpair_dh_k3_t128_b8_h3",
        "role": "experimental",
        "stage_bytes": null,
        "chunk_size": 96,
        "decode_ms": 0.872256,
        "decode_gib_s": 1067.7169094301426,
        "decode_ns_iters": [
          876352,
          879616,
          875840,
          876704,
          875488,
          875680,
          876928,
          876576,
          876960,
          876448,
          876768,
          876768,
          874560,
          875424,
          875552,
          875136,
          872256,
          874944,
          875008,
          876224,
          875840,
          883552,
          882016,
          875392,
          876352,
          876224,
          873632,
          874112,
          884288,
          875360
        ],
        "chunk_tokens": 96,
        "block_threads": 128,
        "staged_input_bytes": 206507060,
        "applicable": true
      },
      {
        "kernel": "onpair_dh_k3_t256_b1_h0",
        "role": "experimental",
        "stage_bytes": null,
        "chunk_size": 96,
        "decode_ms": 0.87216,
        "decode_gib_s": 1067.8344346815934,
        "decode_ns_iters": [
          876544,
          872160,
          874784,
          881184,
          882432,
          875168,
          875328,
          876672,
          876448,
          877856,
          874208,
          874880,
          874976,
          876640,
          874336,
          877824,
          876512,
          872864,
          874304,
          874144,
          876384,
          874080,
          872544,
          875520,
          876672,
          874496,
          875424,
          873344,
          876864,
          873024
        ],
        "chunk_tokens": 96,
        "block_threads": 256,
        "staged_input_bytes": 206507060,
        "applicable": true
      },
      {
        "kernel": "onpair_dh_k3_t256_b1_h2",
        "role": "experimental",
        "stage_bytes": null,
        "chunk_size": 96,
        "decode_ms": 0.87472,
        "decode_gib_s": 1064.709256164142,
        "decode_ns_iters": [
          880544,
          879168,
          878848,
          879296,
          879552,
          877248,
          877984,
          877280,
          875616,
          876896,
          876800,
          877376,
          877728,
          874720,
          876192,
          877120,
          875744,
          878368,
          877120,
          885280,
          884736,
          884192,
          878240,
          878976,
          878272,
          878208,
          890176,
          877408,
          879136,
          879072
        ],
        "chunk_tokens": 96,
        "block_threads": 256,
        "staged_input_bytes": 206507060,
        "applicable": true
      },
      {
        "kernel": "onpair_dh_k3_t256_b1_h3",
        "role": "experimental",
        "stage_bytes": null,
        "chunk_size": 96,
        "decode_ms": 0.959104,
        "decode_gib_s": 971.0338821982795,
        "decode_ns_iters": [
          959424,
          959104,
          961056,
          963584,
          961088,
          962176,
          959488,
          960736,
          962016,
          963264,
          959744,
          963776,
          960896,
          967232,
          964160,
          963648,
          959808,
          960160,
          961792,
          960384,
          961344,
          961632,
          963200,
          962944,
          964256,
          960544,
          962816,
          967840,
          961312,
          967648
        ],
        "chunk_tokens": 96,
        "block_threads": 256,
        "staged_input_bytes": 206507060,
        "applicable": true
      },
      {
        "kernel": "onpair_dh_k3_t256_b2_h2",
        "role": "experimental",
        "stage_bytes": null,
        "chunk_size": 96,
        "decode_ms": 0.875904,
        "decode_gib_s": 1063.2700393557952,
        "decode_ns_iters": [
          878816,
          879296,
          880192,
          878208,
          877184,
          878304,
          880224,
          878176,
          878272,
          880096,
          878880,
          877088,
          877536,
          883392,
          885984,
          882816,
          877888,
          877664,
          878080,
          878016,
          878176,
          877152,
          877536,
          878048,
          879232,
          876128,
          877568,
          876416,
          875936,
          875904
        ],
        "chunk_tokens": 96,
        "block_threads": 256,
        "staged_input_bytes": 206507060,
        "applicable": true
      },
      {
        "kernel": "onpair_dh_k3_t256_b2_h3",
        "role": "experimental",
        "stage_bytes": null,
        "chunk_size": 96,
        "decode_ms": 0.955584,
        "decode_gib_s": 974.6107935585972,
        "decode_ns_iters": [
          965952,
          958656,
          957984,
          958912,
          958176,
          959264,
          958688,
          957568,
          957024,
          961184,
          961280,
          958784,
          959648,
          957920,
          957568,
          958112,
          960224,
          955680,
          955584,
          967264,
          961888,
          962400,
          959904,
          960288,
          957760,
          961664,
          958496,
          959104,
          958688,
          964448
        ],
        "chunk_tokens": 96,
        "block_threads": 256,
        "staged_input_bytes": 206507060,
        "applicable": true
      },
      {
        "kernel": "onpair_dh_k3_t256_b4_h0",
        "role": "experimental",
        "stage_bytes": null,
        "chunk_size": 96,
        "decode_ms": 0.87744,
        "decode_gib_s": 1061.408735129352,
        "decode_ns_iters": [
          879488,
          883904,
          882432,
          881600,
          880800,
          886944,
          881568,
          878880,
          877792,
          881216,
          880608,
          881568,
          878688,
          881536,
          880576,
          878880,
          881696,
          877440,
          879136,
          881152,
          879200,
          877504,
          881280,
          880608,
          879264,
          879232,
          880064,
          883712,
          880704,
          882528
        ],
        "chunk_tokens": 96,
        "block_threads": 256,
        "staged_input_bytes": 206507060,
        "applicable": true
      },
      {
        "kernel": "onpair_dh_k3_t256_b4_h2",
        "role": "experimental",
        "stage_bytes": null,
        "chunk_size": 96,
        "decode_ms": 0.877184,
        "decode_gib_s": 1061.7184998266025,
        "decode_ns_iters": [
          878272,
          882944,
          877920,
          878208,
          879104,
          881600,
          882880,
          879520,
          881088,
          880960,
          879744,
          878368,
          878624,
          880352,
          877920,
          879136,
          878112,
          879072,
          878304,
          880352,
          877440,
          879488,
          879168,
          877792,
          879168,
          884736,
          885248,
          877792,
          877248,
          877184
        ],
        "chunk_tokens": 96,
        "block_threads": 256,
        "staged_input_bytes": 206507060,
        "applicable": true
      },
      {
        "kernel": "onpair_dh_k3_t256_b4_h3",
        "role": "experimental",
        "stage_bytes": null,
        "chunk_size": 96,
        "decode_ms": 0.883776,
        "decode_gib_s": 1053.7992438716356,
        "decode_ns_iters": [
          885280,
          885888,
          886816,
          886752,
          885568,
          886656,
          887136,
          887488,
          887040,
          887872,
          887616,
          886496,
          885568,
          886272,
          886304,
          891616,
          894432,
          892448,
          890336,
          890848,
          885344,
          884928,
          884608,
          885376,
          884640,
          883776,
          894720,
          884448,
          886240,
          886080
        ],
        "chunk_tokens": 96,
        "block_threads": 256,
        "staged_input_bytes": 206507060,
        "applicable": true
      },
      {
        "kernel": "onpair_dh_k3_t256_b6_h2",
        "role": "experimental",
        "stage_bytes": null,
        "chunk_size": 96,
        "decode_ms": 0.824544,
        "decode_gib_s": 1129.5000394786675,
        "decode_ns_iters": [
          827744,
          833152,
          824608,
          826496,
          827424,
          824544,
          826208,
          824992,
          825856,
          827328,
          828192,
          825056,
          825888,
          825024,
          830208,
          827264,
          827872,
          826976,
          825632,
          827040,
          827264,
          826304,
          827328,
          827488,
          827008,
          827520,
          827872,
          828000,
          827584,
          826240
        ],
        "chunk_tokens": 96,
        "block_threads": 256,
        "staged_input_bytes": 206507060,
        "applicable": true
      },
      {
        "kernel": "onpair_dh_k3_t256_b6_h3",
        "role": "experimental",
        "stage_bytes": null,
        "chunk_size": 96,
        "decode_ms": 0.833792,
        "decode_gib_s": 1116.9721951660588,
        "decode_ns_iters": [
          836864,
          836192,
          836032,
          836480,
          835648,
          835744,
          834688,
          835232,
          836480,
          836672,
          835776,
          834592,
          834976,
          836352,
          837024,
          837408,
          833984,
          835520,
          835744,
          834592,
          835168,
          833792,
          835104,
          834080,
          833952,
          835776,
          833920,
          835744,
          835488,
          834944
        ],
        "chunk_tokens": 96,
        "block_threads": 256,
        "staged_input_bytes": 206507060,
        "applicable": true
      },
      {
        "kernel": "onpair_dh_k3_t256_b8_h0",
        "role": "experimental",
        "stage_bytes": null,
        "chunk_size": 96,
        "decode_ms": 0.851488,
        "decode_gib_s": 1093.758785269902,
        "decode_ns_iters": [
          854848,
          853312,
          853856,
          853312,
          854336,
          854016,
          859872,
          853888,
          854496,
          853760,
          855072,
          852896,
          854560,
          853664,
          853568,
          853920,
          853120,
          851488,
          853952,
          853568,
          853568,
          853664,
          853600,
          855808,
          854624,
          854880,
          859424,
          853152,
          855616,
          854336
        ],
        "chunk_tokens": 96,
        "block_threads": 256,
        "staged_input_bytes": 206507060,
        "applicable": true
      },
      {
        "kernel": "onpair_dh_k3_t256_b8_h2",
        "role": "experimental",
        "stage_bytes": null,
        "chunk_size": 96,
        "decode_ms": 0.903072,
        "decode_gib_s": 1031.2826447413922,
        "decode_ns_iters": [
          905344,
          904864,
          907776,
          905632,
          905248,
          906528,
          905696,
          905504,
          908576,
          905792,
          909248,
          907424,
          908640,
          906624,
          906368,
          905408,
          906400,
          907648,
          907200,
          905536,
          905728,
          903072,
          906976,
          905824,
          905120,
          905344,
          906080,
          905120,
          912448,
          906464
        ],
        "chunk_tokens": 96,
        "block_threads": 256,
        "staged_input_bytes": 206507060,
        "applicable": true
      },
      {
        "kernel": "onpair_dh_k3_t256_b8_h3",
        "role": "experimental",
        "stage_bytes": null,
        "chunk_size": 96,
        "decode_ms": 0.938432,
        "decode_gib_s": 992.4240440989847,
        "decode_ns_iters": [
          942400,
          940384,
          941344,
          939200,
          941248,
          940224,
          941888,
          950976,
          942336,
          941152,
          939808,
          941600,
          940544,
          941312,
          940608,
          940320,
          939968,
          939712,
          939392,
          939520,
          939648,
          940000,
          938432,
          939776,
          939232,
          939872,
          940000,
          940736,
          940192,
          946912
        ],
        "chunk_tokens": 96,
        "block_threads": 256,
        "staged_input_bytes": 206507060,
        "applicable": true
      },
      {
        "kernel": "onpair_dh_k4_t64_b1_h2",
        "role": "experimental",
        "stage_bytes": null,
        "chunk_size": 128,
        "decode_ms": 0.808032,
        "decode_gib_s": 1152.5811855865838,
        "decode_ns_iters": [
          812640,
          811168,
          810944,
          818784,
          809280,
          817824,
          812192,
          814336,
          812864,
          812608,
          810816,
          811424,
          813600,
          812544,
          811776,
          819968,
          812288,
          810560,
          813792,
          812096,
          808736,
          811648,
          808928,
          808640,
          811744,
          810016,
          809920,
          810336,
          808032,
          809280
        ],
        "chunk_tokens": 128,
        "block_threads": 64,
        "staged_input_bytes": 204442660,
        "applicable": true
      },
      {
        "kernel": "onpair_dh_k4_t64_b1_h3",
        "role": "experimental",
        "stage_bytes": null,
        "chunk_size": 128,
        "decode_ms": 0.806208,
        "decode_gib_s": 1155.18883532773,
        "decode_ns_iters": [
          809632,
          808352,
          806208,
          807424,
          808704,
          809856,
          809088,
          811104,
          812032,
          809376,
          815840,
          811840,
          811456,
          812128,
          813632,
          811712,
          813184,
          811968,
          810528,
          811904,
          812416,
          809792,
          809216,
          809152,
          818528,
          810400,
          810944,
          811424,
          812256,
          813952
        ],
        "chunk_tokens": 128,
        "block_threads": 64,
        "staged_input_bytes": 204442660,
        "applicable": true
      },
      {
        "kernel": "onpair_dh_k4_t64_b1_h4",
        "role": "experimental",
        "stage_bytes": null,
        "chunk_size": 128,
        "decode_ms": 0.811872,
        "decode_gib_s": 1147.129696001215,
        "decode_ns_iters": [
          814432,
          814976,
          811872,
          814272,
          811872,
          814208,
          813824,
          813536,
          812992,
          820480,
          812224,
          813504,
          813536,
          814336,
          813984,
          813024,
          815296,
          814592,
          814656,
          812288,
          814112,
          813152,
          820320,
          818624,
          814496,
          812960,
          813280,
          813280,
          811904,
          812224
        ],
        "chunk_tokens": 128,
        "block_threads": 64,
        "staged_input_bytes": 204442660,
        "applicable": true
      },
      {
        "kernel": "onpair_dh_k4_t64_b2_h2",
        "role": "experimental",
        "stage_bytes": null,
        "chunk_size": 128,
        "decode_ms": 0.809248,
        "decode_gib_s": 1150.84928297864,
        "decode_ns_iters": [
          811616,
          812032,
          813376,
          811936,
          811552,
          812256,
          812288,
          818464,
          811968,
          813280,
          812544,
          810560,
          811392,
          809248,
          809664,
          815264,
          810464,
          810944,
          815008,
          817440,
          811168,
          818656,
          812032,
          813888,
          813024,
          812992,
          811680,
          811648,
          812224,
          812128
        ],
        "chunk_tokens": 128,
        "block_threads": 64,
        "staged_input_bytes": 204442660,
        "applicable": true
      },
      {
        "kernel": "onpair_dh_k4_t64_b2_h3",
        "role": "experimental",
        "stage_bytes": null,
        "chunk_size": 128,
        "decode_ms": 0.807776,
        "decode_gib_s": 1152.9464610880966,
        "decode_ns_iters": [
          815040,
          809888,
          809056,
          814848,
          809120,
          807776,
          809184,
          809120,
          808992,
          810656,
          810240,
          809312,
          808832,
          809760,
          808960,
          811520,
          807936,
          811072,
          812448,
          812416,
          813184,
          812320,
          812384,
          812032,
          811168,
          808800,
          809728,
          811968,
          809856,
          810400
        ],
        "chunk_tokens": 128,
        "block_threads": 64,
        "staged_input_bytes": 204442660,
        "applicable": true
      },
      {
        "kernel": "onpair_dh_k4_t64_b2_h4",
        "role": "experimental",
        "stage_bytes": null,
        "chunk_size": 128,
        "decode_ms": 0.8104,
        "decode_gib_s": 1149.213327433241,
        "decode_ns_iters": [
          814496,
          813280,
          814624,
          813792,
          813696,
          813856,
          812960,
          813152,
          813728,
          812480,
          813664,
          819744,
          811264,
          818976,
          810400,
          812000,
          810528,
          812160,
          813216,
          813088,
          814560,
          815232,
          813248,
          813408,
          814048,
          814464,
          814112,
          815552,
          813344,
          815584
        ],
        "chunk_tokens": 128,
        "block_threads": 64,
        "staged_input_bytes": 204442660,
        "applicable": true
      },
      {
        "kernel": "onpair_dh_k4_t64_b4_h2",
        "role": "experimental",
        "stage_bytes": null,
        "chunk_size": 128,
        "decode_ms": 0.80976,
        "decode_gib_s": 1150.1216169629254,
        "decode_ns_iters": [
          812448,
          814112,
          814272,
          812512,
          811584,
          810816,
          810272,
          809760,
          810688,
          811392,
          812576,
          812992,
          812160,
          811360,
          812160,
          815328,
          812960,
          812832,
          812000,
          812704,
          810656,
          811424,
          811872,
          813344,
          814176,
          813664,
          811840,
          812608,
          813696,
          814016
        ],
        "chunk_tokens": 128,
        "block_threads": 64,
        "staged_input_bytes": 204442660,
        "applicable": true
      },
      {
        "kernel": "onpair_dh_k4_t64_b4_h3",
        "role": "experimental",
        "stage_bytes": null,
        "chunk_size": 128,
        "decode_ms": 0.807808,
        "decode_gib_s": 1152.9007889893373,
        "decode_ns_iters": [
          811424,
          811680,
          812576,
          813152,
          810080,
          818272,
          810624,
          807808,
          810528,
          808800,
          816480,
          810208,
          810400,
          809632,
          809536,
          809088,
          818848,
          807872,
          817184,
          809376,
          811968,
          811872,
          810848,
          808800,
          808608,
          809184,
          808896,
          809536,
          815296,
          812448
        ],
        "chunk_tokens": 128,
        "block_threads": 64,
        "staged_input_bytes": 204442660,
        "applicable": true
      },
      {
        "kernel": "onpair_dh_k4_t64_b4_h4",
        "role": "experimental",
        "stage_bytes": null,
        "chunk_size": 128,
        "decode_ms": 0.811904,
        "decode_gib_s": 1147.0844835742878,
        "decode_ns_iters": [
          814944,
          814304,
          815424,
          812864,
          812608,
          811904,
          812256,
          815744,
          814432,
          814208,
          813792,
          814816,
          814112,
          819744,
          814560,
          815200,
          814816,
          813248,
          814624,
          814176,
          815808,
          813888,
          812512,
          813248,
          817088,
          814432,
          814176,
          813408,
          814464,
          815424
        ],
        "chunk_tokens": 128,
        "block_threads": 64,
        "staged_input_bytes": 204442660,
        "applicable": true
      },
      {
        "kernel": "onpair_dh_k4_t64_b6_h2",
        "role": "experimental",
        "stage_bytes": null,
        "chunk_size": 128,
        "decode_ms": 0.811776,
        "decode_gib_s": 1147.2653546691433,
        "decode_ns_iters": [
          813824,
          814336,
          815296,
          814464,
          813504,
          816128,
          812320,
          813504,
          814848,
          814048,
          819168,
          813472,
          812672,
          812448,
          815424,
          814880,
          815648,
          814240,
          814816,
          812608,
          814784,
          811776,
          812416,
          813984,
          814080,
          813472,
          813600,
          812800,
          814432,
          813600
        ],
        "chunk_tokens": 128,
        "block_threads": 64,
        "staged_input_bytes": 204442660,
        "applicable": true
      },
      {
        "kernel": "onpair_dh_k4_t64_b6_h3",
        "role": "experimental",
        "stage_bytes": null,
        "chunk_size": 128,
        "decode_ms": 0.808736,
        "decode_gib_s": 1151.577870345698,
        "decode_ns_iters": [
          812832,
          814816,
          810816,
          809504,
          809280,
          810304,
          808736,
          810112,
          818560,
          810720,
          811616,
          811264,
          811424,
          814176,
          815264,
          812032,
          813248,
          811872,
          821472,
          813472,
          812064,
          812448,
          813824,
          812160,
          811488,
          810688,
          811168,
          811872,
          813440,
          811712
        ],
        "chunk_tokens": 128,
        "block_threads": 64,
        "staged_input_bytes": 204442660,
        "applicable": true
      },
      {
        "kernel": "onpair_dh_k4_t64_b6_h4",
        "role": "experimental",
        "stage_bytes": null,
        "chunk_size": 128,
        "decode_ms": 0.810944,
        "decode_gib_s": 1148.442408541032,
        "decode_ns_iters": [
          811360,
          812064,
          820000,
          810976,
          811712,
          810944,
          812160,
          811776,
          811392,
          815584,
          815200,
          817216,
          814176,
          815488,
          821760,
          813184,
          813056,
          812992,
          813280,
          811776,
          815200,
          813920,
          814368,
          814400,
          813120,
          813184,
          814528,
          818272,
          815552,
          813344
        ],
        "chunk_tokens": 128,
        "block_threads": 64,
        "staged_input_bytes": 204442660,
        "applicable": true
      },
      {
        "kernel": "onpair_dh_k4_t64_b8_h2",
        "role": "experimental",
        "stage_bytes": null,
        "chunk_size": 128,
        "decode_ms": 0.810656,
        "decode_gib_s": 1148.8504131862323,
        "decode_ns_iters": [
          813856,
          813376,
          813568,
          814432,
          812672,
          810656,
          812800,
          813920,
          813632,
          814784,
          815456,
          816608,
          811936,
          819488,
          813568,
          814688,
          813376,
          813728,
          812416,
          811872,
          811232,
          812064,
          812544,
          811296,
          814944,
          813376,
          812960,
          813408,
          813024,
          815232
        ],
        "chunk_tokens": 128,
        "block_threads": 64,
        "staged_input_bytes": 204442660,
        "applicable": true
      },
      {
        "kernel": "onpair_dh_k4_t64_b8_h3",
        "role": "experimental",
        "stage_bytes": null,
        "chunk_size": 128,
        "decode_ms": 0.808544,
        "decode_gib_s": 1151.8513285014774,
        "decode_ns_iters": [
          811808,
          813376,
          813344,
          813568,
          812512,
          812768,
          814144,
          812608,
          812864,
          813504,
          813504,
          814208,
          812800,
          816704,
          813408,
          814048,
          812192,
          814976,
          812448,
          813632,
          809664,
          811104,
          810176,
          808576,
          809696,
          808544,
          810336,
          812512,
          814176,
          813824
        ],
        "chunk_tokens": 128,
        "block_threads": 64,
        "staged_input_bytes": 204442660,
        "applicable": true
      },
      {
        "kernel": "onpair_dh_k4_t64_b8_h4",
        "role": "experimental",
        "stage_bytes": null,
        "chunk_size": 128,
        "decode_ms": 0.80992,
        "decode_gib_s": 1149.894410005801,
        "decode_ns_iters": [
          815520,
          815072,
          814912,
          813376,
          811616,
          811104,
          812640,
          812608,
          813984,
          815904,
          813792,
          813408,
          815904,
          812640,
          809920,
          815424,
          815264,
          813760,
          815808,
          811936,
          814208,
          814304,
          816032,
          815456,
          814336,
          815424,
          812032,
          810304,
          812736,
          813312
        ],
        "chunk_tokens": 128,
        "block_threads": 64,
        "staged_input_bytes": 204442660,
        "applicable": true
      },
      {
        "kernel": "onpair_dh_k4_t128_b1_h2",
        "role": "experimental",
        "stage_bytes": null,
        "chunk_size": 128,
        "decode_ms": 0.811424,
        "decode_gib_s": 1147.763044415618,
        "decode_ns_iters": [
          813504,
          811424,
          811584,
          813248,
          814752,
          814944,
          816352,
          816576,
          816416,
          817408,
          815360,
          815904,
          817344,
          825088,
          819424,
          818976,
          817312,
          820736,
          815168,
          816800,
          816096,
          815104,
          814880,
          814976,
          816640,
          814848,
          821728,
          813184,
          812864,
          817152
        ],
        "chunk_tokens": 128,
        "block_threads": 128,
        "staged_input_bytes": 204442660,
        "applicable": true
      },
      {
        "kernel": "onpair_dh_k4_t128_b1_h3",
        "role": "experimental",
        "stage_bytes": null,
        "chunk_size": 128,
        "decode_ms": 0.8112,
        "decode_gib_s": 1148.0799809564824,
        "decode_ns_iters": [
          813312,
          814112,
          816224,
          817248,
          815648,
          813568,
          816352,
          814016,
          814592,
          814656,
          814912,
          820064,
          815456,
          815712,
          816608,
          815200,
          816032,
          817920,
          816128,
          814912,
          814944,
          814528,
          811200,
          819328,
          813600,
          812896,
          813728,
          812320,
          813632,
          813280
        ],
        "chunk_tokens": 128,
        "block_threads": 128,
        "staged_input_bytes": 204442660,
        "applicable": true
      },
      {
        "kernel": "onpair_dh_k4_t128_b1_h4",
        "role": "experimental",
        "stage_bytes": null,
        "chunk_size": 128,
        "decode_ms": 0.812064,
        "decode_gib_s": 1146.8584748885537,
        "decode_ns_iters": [
          816864,
          821792,
          815904,
          816064,
          817792,
          815296,
          814336,
          812320,
          813760,
          815680,
          815584,
          818496,
          816320,
          815584,
          814304,
          814848,
          815456,
          814112,
          815968,
          813664,
          819872,
          812736,
          812224,
          812544,
          814496,
          813504,
          814272,
          812544,
          813664,
          812064
        ],
        "chunk_tokens": 128,
        "block_threads": 128,
        "staged_input_bytes": 204442660,
        "applicable": true
      },
      {
        "kernel": "onpair_dh_k4_t128_b2_h2",
        "role": "experimental",
        "stage_bytes": null,
        "chunk_size": 128,
        "decode_ms": 0.81184,
        "decode_gib_s": 1147.174911992386,
        "decode_ns_iters": [
          813728,
          814048,
          812064,
          812896,
          812800,
          811840,
          813248,
          812704,
          812768,
          813888,
          813568,
          812992,
          812544,
          812576,
          813632,
          818176,
          813280,
          816000,
          816480,
          816064,
          814464,
          815616,
          816480,
          815456,
          816416,
          816064,
          817024,
          817088,
          822592,
          816608
        ],
        "chunk_tokens": 128,
        "block_threads": 128,
        "staged_input_bytes": 204442660,
        "applicable": true
      },
      {
        "kernel": "onpair_dh_k4_t128_b2_h3",
        "role": "experimental",
        "stage_bytes": null,
        "chunk_size": 128,
        "decode_ms": 0.81152,
        "decode_gib_s": 1147.6272680302377,
        "decode_ns_iters": [
          816352,
          823936,
          814624,
          815392,
          815872,
          815200,
          811520,
          812704,
          812000,
          812192,
          812096,
          813056,
          812352,
          820992,
          816224,
          815168,
          815904,
          815104,
          814496,
          814848,
          814784,
          814432,
          814048,
          813888,
          816384,
          817056,
          816480,
          814624,
          815200,
          813376
        ],
        "chunk_tokens": 128,
        "block_threads": 128,
        "staged_input_bytes": 204442660,
        "applicable": true
      },
      {
        "kernel": "onpair_dh_k4_t128_b2_h4",
        "role": "experimental",
        "stage_bytes": null,
        "chunk_size": 128,
        "decode_ms": 0.808704,
        "decode_gib_s": 1151.6234376878297,
        "decode_ns_iters": [
          812032,
          813056,
          813728,
          812704,
          814240,
          812384,
          815488,
          812864,
          810688,
          810016,
          815008,
          813056,
          813632,
          810912,
          813408,
          813728,
          813440,
          812384,
          813632,
          813504,
          812288,
          811136,
          808992,
          809280,
          808704,
          811712,
          811520,
          811712,
          810368,
          812224
        ],
        "chunk_tokens": 128,
        "block_threads": 128,
        "staged_input_bytes": 204442660,
        "applicable": true
      },
      {
        "kernel": "onpair_dh_k4_t128_b4_h2",
        "role": "experimental",
        "stage_bytes": null,
        "chunk_size": 128,
        "decode_ms": 0.810464,
        "decode_gib_s": 1149.122577377772,
        "decode_ns_iters": [
          814304,
          813632,
          814784,
          814048,
          813440,
          812800,
          812384,
          813632,
          810464,
          811232,
          811520,
          813312,
          813600,
          813632,
          814656,
          817088,
          824480,
          817056,
          817600,
          815904,
          814368,
          815232,
          816960,
          814880,
          816096,
          812640,
          812512,
          815072,
          815488,
          816320
        ],
        "chunk_tokens": 128,
        "block_threads": 128,
        "staged_input_bytes": 204442660,
        "applicable": true
      },
      {
        "kernel": "onpair_dh_k4_t128_b4_h3",
        "role": "experimental",
        "stage_bytes": null,
        "chunk_size": 128,
        "decode_ms": 0.81296,
        "decode_gib_s": 1145.594470271475,
        "decode_ns_iters": [
          816448,
          822144,
          814528,
          823872,
          815264,
          817888,
          818656,
          814912,
          814720,
          816224,
          817056,
          816928,
          817440,
          816736,
          821504,
          816416,
          823616,
          815104,
          815168,
          816064,
          813984,
          813408,
          813600,
          812960,
          815488,
          817024,
          820032,
          814240,
          814336,
          813120
        ],
        "chunk_tokens": 128,
        "block_threads": 128,
        "staged_input_bytes": 204442660,
        "applicable": true
      },
      {
        "kernel": "onpair_dh_k4_t128_b4_h4",
        "role": "experimental",
        "stage_bytes": null,
        "chunk_size": 128,
        "decode_ms": 0.810624,
        "decode_gib_s": 1148.8957649315817,
        "decode_ns_iters": [
          817408,
          821856,
          815680,
          816768,
          816736,
          815488,
          813120,
          812640,
          814272,
          811776,
          811040,
          813440,
          813728,
          814528,
          814304,
          814272,
          816352,
          810624,
          815936,
          813600,
          811456,
          812768,
          813888,
          814240,
          815488,
          813760,
          814368,
          813184,
          811968,
          815328
        ],
        "chunk_tokens": 128,
        "block_threads": 128,
        "staged_input_bytes": 204442660,
        "applicable": true
      },
      {
        "kernel": "onpair_dh_k4_t128_b6_h2",
        "role": "experimental",
        "stage_bytes": null,
        "chunk_size": 128,
        "decode_ms": 0.811552,
        "decode_gib_s": 1147.5820163734406,
        "decode_ns_iters": [
          815008,
          817056,
          817440,
          815392,
          816896,
          814848,
          817280,
          815904,
          822464,
          813056,
          812800,
          813696,
          814496,
          814240,
          811552,
          813952,
          815392,
          811584,
          812128,
          812224,
          817920,
          812384,
          812896,
          814720,
          816640,
          816032,
          814784,
          814560,
          816544,
          816288
        ],
        "chunk_tokens": 128,
        "block_threads": 128,
        "staged_input_bytes": 204442660,
        "applicable": true
      },
      {
        "kernel": "onpair_dh_k4_t128_b6_h3",
        "role": "experimental",
        "stage_bytes": null,
        "chunk_size": 128,
        "decode_ms": 0.812384,
        "decode_gib_s": 1146.4067245931708,
        "decode_ns_iters": [
          815904,
          816448,
          816096,
          814016,
          814304,
          820768,
          814912,
          814240,
          816128,
          816544,
          816576,
          817504,
          817024,
          818752,
          816032,
          816704,
          815424,
          814816,
          816160,
          816640,
          813888,
          815104,
          814368,
          813728,
          815008,
          812832,
          812384,
          815968,
          814784,
          813344
        ],
        "chunk_tokens": 128,
        "block_threads": 128,
        "staged_input_bytes": 204442660,
        "applicable": true
      },
      {
        "kernel": "onpair_dh_k4_t128_b6_h4",
        "role": "experimental",
        "stage_bytes": null,
        "chunk_size": 128,
        "decode_ms": 0.810976,
        "decode_gib_s": 1148.3970925796798,
        "decode_ns_iters": [
          814368,
          815840,
          821248,
          813440,
          818368,
          813440,
          813984,
          817440,
          814816,
          815904,
          810976,
          815104,
          815584,
          812128,
          819616,
          812768,
          813504,
          813568,
          811168,
          812960,
          813248,
          811744,
          811520,
          812032,
          813184,
          814464,
          822016,
          816992,
          817760,
          815424
        ],
        "chunk_tokens": 128,
        "block_threads": 128,
        "staged_input_bytes": 204442660,
        "applicable": true
      },
      {
        "kernel": "onpair_dh_k4_t128_b8_h2",
        "role": "experimental",
        "stage_bytes": null,
        "chunk_size": 128,
        "decode_ms": 0.811136,
        "decode_gib_s": 1148.1705664055085,
        "decode_ns_iters": [
          815136,
          815712,
          816864,
          814688,
          814816,
          816352,
          816800,
          813984,
          816384,
          816256,
          819072,
          815648,
          821024,
          814688,
          815328,
          813280,
          816448,
          813280,
          812672,
          811488,
          812576,
          812256,
          812672,
          811328,
          811808,
          812512,
          811136,
          814112,
          814048,
          812832
        ],
        "chunk_tokens": 128,
        "block_threads": 128,
        "staged_input_bytes": 204442660,
        "applicable": true
      },
      {
        "kernel": "onpair_dh_k4_t128_b8_h3",
        "role": "experimental",
        "stage_bytes": null,
        "chunk_size": 128,
        "decode_ms": 0.812512,
        "decode_gib_s": 1146.2261241088113,
        "decode_ns_iters": [
          816128,
          815008,
          816000,
          816768,
          816672,
          815872,
          815840,
          813216,
          814912,
          816352,
          814208,
          813120,
          815360,
          816352,
          813952,
          812896,
          814496,
          815872,
          821056,
          812512,
          816160,
          820000,
          815840,
          815424,
          816928,
          816480,
          814624,
          814912,
          817888,
          817024
        ],
        "chunk_tokens": 128,
        "block_threads": 128,
        "staged_input_bytes": 204442660,
        "applicable": true
      },
      {
        "kernel": "onpair_dh_k4_t128_b8_h4",
        "role": "experimental",
        "stage_bytes": null,
        "chunk_size": 128,
        "decode_ms": 0.811616,
        "decode_gib_s": 1147.491523764808,
        "decode_ns_iters": [
          817408,
          817536,
          816224,
          816640,
          817024,
          816960,
          814784,
          822464,
          816992,
          814688,
          814080,
          815040,
          815072,
          814816,
          814176,
          815328,
          817088,
          815520,
          814944,
          813280,
          815552,
          814528,
          814176,
          815136,
          814368,
          813536,
          811616,
          813792,
          815008,
          814336
        ],
        "chunk_tokens": 128,
        "block_threads": 128,
        "staged_input_bytes": 204442660,
        "applicable": true
      },
      {
        "kernel": "onpair_dh_k4_t256_b1_h0",
        "role": "experimental",
        "stage_bytes": null,
        "chunk_size": 128,
        "decode_ms": 0.818208,
        "decode_gib_s": 1138.246607894201,
        "decode_ns_iters": [
          822432,
          820832,
          819360,
          819840,
          821152,
          820096,
          820352,
          818560,
          821344,
          820448,
          818208,
          821728,
          821728,
          821728,
          822080,
          821664,
          821888,
          821216,
          828160,
          821408,
          821824,
          820960,
          822272,
          822688,
          823584,
          822176,
          822560,
          820448,
          821792,
          820288
        ],
        "chunk_tokens": 128,
        "block_threads": 256,
        "staged_input_bytes": 204442660,
        "applicable": true
      },
      {
        "kernel": "onpair_dh_k4_t256_b1_h2",
        "role": "experimental",
        "stage_bytes": null,
        "chunk_size": 128,
        "decode_ms": 0.82336,
        "decode_gib_s": 1131.1242719489635,
        "decode_ns_iters": [
          833888,
          826336,
          828096,
          823360,
          825504,
          834176,
          825888,
          833248,
          827680,
          825024,
          824736,
          827776,
          827488,
          827296,
          828640,
          827456,
          826400,
          827488,
          830880,
          828416,
          833728,
          827392,
          827648,
          824608,
          828064,
          823904,
          823616,
          825472,
          825376,
          824192
        ],
        "chunk_tokens": 128,
        "block_threads": 256,
        "staged_input_bytes": 204442660,
        "applicable": true
      },
      {
        "kernel": "onpair_dh_k4_t256_b1_h3",
        "role": "experimental",
        "stage_bytes": null,
        "chunk_size": 128,
        "decode_ms": 0.827648,
        "decode_gib_s": 1125.2639776232147,
        "decode_ns_iters": [
          834624,
          829792,
          832640,
          831360,
          833952,
          833280,
          833536,
          837696,
          833600,
          830592,
          830144,
          830272,
          831840,
          831648,
          828608,
          828512,
          830112,
          828160,
          829536,
          828864,
          829376,
          829440,
          835360,
          827648,
          827904,
          828896,
          828320,
          829024,
          831168,
          829728
        ],
        "chunk_tokens": 128,
        "block_threads": 256,
        "staged_input_bytes": 204442660,
        "applicable": true
      },
      {
        "kernel": "onpair_dh_k4_t256_b1_h4",
        "role": "experimental",
        "stage_bytes": null,
        "chunk_size": 128,
        "decode_ms": 0.818688,
        "decode_gib_s": 1137.579249423344,
        "decode_ns_iters": [
          821696,
          822784,
          823264,
          819904,
          818688,
          820032,
          821824,
          820896,
          823424,
          829120,
          823840,
          832000,
          822720,
          821856,
          824288,
          824192,
          824928,
          823968,
          823744,
          824320,
          823136,
          825056,
          823072,
          830208,
          824000,
          823840,
          823488,
          824576,
          824608,
          821472
        ],
        "chunk_tokens": 128,
        "block_threads": 256,
        "staged_input_bytes": 204442660,
        "applicable": true
      },
      {
        "kernel": "onpair_dh_k4_t256_b2_h2",
        "role": "experimental",
        "stage_bytes": null,
        "chunk_size": 128,
        "decode_ms": 0.823616,
        "decode_gib_s": 1130.7726908558095,
        "decode_ns_iters": [
          827328,
          826912,
          826464,
          824640,
          823616,
          825056,
          823680,
          826336,
          827296,
          824000,
          831776,
          827104,
          827104,
          827328,
          828352,
          828448,
          827072,
          826848,
          826400,
          828672,
          828032,
          829344,
          827488,
          825504,
          833504,
          824032,
          824768,
          825184,
          825664,
          827488
        ],
        "chunk_tokens": 128,
        "block_threads": 256,
        "staged_input_bytes": 204442660,
        "applicable": true
      },
      {
        "kernel": "onpair_dh_k4_t256_b2_h3",
        "role": "experimental",
        "stage_bytes": null,
        "chunk_size": 128,
        "decode_ms": 0.828608,
        "decode_gib_s": 1123.9602810398867,
        "decode_ns_iters": [
          831616,
          830112,
          831104,
          831584,
          828608,
          830176,
          830912,
          831904,
          832320,
          831424,
          830112,
          830432,
          830720,
          836576,
          832320,
          841120,
          831744,
          832768,
          832096,
          831872,
          833728,
          832000,
          834112,
          831808,
          830368,
          831232,
          832064,
          831552,
          830752,
          834560
        ],
        "chunk_tokens": 128,
        "block_threads": 256,
        "staged_input_bytes": 204442660,
        "applicable": true
      },
      {
        "kernel": "onpair_dh_k4_t256_b2_h4",
        "role": "experimental",
        "stage_bytes": null,
        "chunk_size": 128,
        "decode_ms": 0.819808,
        "decode_gib_s": 1136.0251187496322,
        "decode_ns_iters": [
          824896,
          821376,
          822720,
          820608,
          822016,
          821024,
          823232,
          823904,
          823456,
          822752,
          826368,
          825568,
          826720,
          824608,
          822688,
          829952,
          824160,
          823168,
          824768,
          824640,
          825504,
          822624,
          825792,
          821408,
          825184,
          825888,
          824128,
          821440,
          819808,
          828032
        ],
        "chunk_tokens": 128,
        "block_threads": 256,
        "staged_input_bytes": 204442660,
        "applicable": true
      },
      {
        "kernel": "onpair_dh_k4_t256_b4_h0",
        "role": "experimental",
        "stage_bytes": null,
        "chunk_size": 128,
        "decode_ms": 0.816992,
        "decode_gib_s": 1139.9407589693637,
        "decode_ns_iters": [
          819904,
          819616,
          819488,
          819584,
          818752,
          819616,
          818912,
          818400,
          817504,
          818016,
          820992,
          821856,
          821632,
          820928,
          821056,
          822272,
          819360,
          821952,
          818560,
          820576,
          817184,
          821664,
          820160,
          818080,
          816992,
          820000,
          818976,
          825600,
          823616,
          822272
        ],
        "chunk_tokens": 128,
        "block_threads": 256,
        "staged_input_bytes": 204442660,
        "applicable": true
      },
      {
        "kernel": "onpair_dh_k4_t256_b4_h2",
        "role": "experimental",
        "stage_bytes": null,
        "chunk_size": 128,
        "decode_ms": 0.82368,
        "decode_gib_s": 1130.684829729869,
        "decode_ns_iters": [
          828224,
          834848,
          828000,
          828800,
          834432,
          828576,
          826400,
          825472,
          829152,
          829088,
          826304,
          826816,
          827392,
          827104,
          828192,
          826656,
          824672,
          833024,
          826656,
          825632,
          825984,
          825856,
          824896,
          826176,
          825664,
          825856,
          823680,
          827072,
          825696,
          825024
        ],
        "chunk_tokens": 128,
        "block_threads": 256,
        "staged_input_bytes": 204442660,
        "applicable": true
      },
      {
        "kernel": "onpair_dh_k4_t256_b4_h3",
        "role": "experimental",
        "stage_bytes": null,
        "chunk_size": 128,
        "decode_ms": 0.828256,
        "decode_gib_s": 1124.4379522175493,
        "decode_ns_iters": [
          832256,
          832512,
          831936,
          830432,
          830240,
          830560,
          831424,
          832256,
          831680,
          830528,
          831136,
          829248,
          828256,
          829792,
          831360,
          830272,
          832288,
          831392,
          832736,
          830496,
          838208,
          831008,
          831200,
          828768,
          828832,
          830048,
          828256,
          830912,
          832096,
          831648
        ],
        "chunk_tokens": 128,
        "block_threads": 256,
        "staged_input_bytes": 204442660,
        "applicable": true
      },
      {
        "kernel": "onpair_dh_k4_t256_b4_h4",
        "role": "experimental",
        "stage_bytes": null,
        "chunk_size": 128,
        "decode_ms": 0.82032,
        "decode_gib_s": 1135.316072449652,
        "decode_ns_iters": [
          826624,
          824768,
          823488,
          824800,
          824736,
          826144,
          824704,
          823648,
          829792,
          824832,
          823936,
          824512,
          825568,
          823488,
          826816,
          824864,
          822080,
          821792,
          820320,
          821376,
          832704,
          821696,
          822368,
          823168,
          823008,
          824288,
          822080,
          820992,
          823776,
          821312
        ],
        "chunk_tokens": 128,
        "block_threads": 256,
        "staged_input_bytes": 204442660,
        "applicable": true
      },
      {
        "kernel": "onpair_dh_k4_t256_b6_h2",
        "role": "experimental",
        "stage_bytes": null,
        "chunk_size": 128,
        "decode_ms": 0.804928,
        "decode_gib_s": 1157.0258216286406,
        "decode_ns_iters": [
          807328,
          809280,
          808480,
          808064,
          807104,
          808704,
          806240,
          807104,
          807328,
          808480,
          806592,
          811584,
          809408,
          809376,
          810656,
          810144,
          810240,
          810016,
          819104,
          807616,
          804928,
          807232,
          807456,
          807392,
          806528,
          806784,
          805728,
          807648,
          807808,
          816704
        ],
        "chunk_tokens": 128,
        "block_threads": 256,
        "staged_input_bytes": 204442660,
        "applicable": true
      },
      {
        "kernel": "onpair_dh_k4_t256_b6_h3",
        "role": "experimental",
        "stage_bytes": null,
        "chunk_size": 128,
        "decode_ms": 0.81008,
        "decode_gib_s": 1149.6672928005858,
        "decode_ns_iters": [
          812768,
          819360,
          810912,
          813280,
          811840,
          811136,
          811040,
          811520,
          812320,
          812096,
          810080,
          812256,
          815200,
          819904,
          812960,
          812800,
          812096,
          812928,
          812160,
          812384,
          812224,
          812000,
          811712,
          811840,
          813728,
          818240,
          814432,
          812192,
          814656,
          810720
        ],
        "chunk_tokens": 128,
        "block_threads": 256,
        "staged_input_bytes": 204442660,
        "applicable": true
      },
      {
        "kernel": "onpair_dh_k4_t256_b6_h4",
        "role": "experimental",
        "stage_bytes": null,
        "chunk_size": 128,
        "decode_ms": 0.81248,
        "decode_gib_s": 1146.2712688951094,
        "decode_ns_iters": [
          814592,
          815392,
          813152,
          813376,
          815392,
          815008,
          815488,
          817056,
          816832,
          815232,
          818304,
          816032,
          815360,
          815392,
          816288,
          816832,
          816032,
          816544,
          812800,
          816512,
          816416,
          814656,
          814496,
          814208,
          816896,
          816224,
          812480,
          813280,
          815232,
          817728
        ],
        "chunk_tokens": 128,
        "block_threads": 256,
        "staged_input_bytes": 204442660,
        "applicable": true
      },
      {
        "kernel": "onpair_dh_k4_t256_b8_h0",
        "role": "experimental",
        "stage_bytes": null,
        "chunk_size": 128,
        "decode_ms": 0.953568,
        "decode_gib_s": 976.671281494239,
        "decode_ns_iters": [
          962688,
          954368,
          961184,
          953664,
          954624,
          953568,
          956928,
          955264,
          958560,
          958240,
          957184,
          960640,
          955040,
          956640,
          957440,
          957920,
          956832,
          956800,
          956928,
          958432,
          954304,
          955616,
          954592,
          957152,
          956608,
          955360,
          953984,
          957472,
          956832,
          956192
        ],
        "chunk_tokens": 128,
        "block_threads": 256,
        "staged_input_bytes": 204442660,
        "applicable": true
      },
      {
        "kernel": "onpair_dh_k4_t256_b8_h2",
        "role": "experimental",
        "stage_bytes": null,
        "chunk_size": 128,
        "decode_ms": 0.900192,
        "decode_gib_s": 1034.5820453324386,
        "decode_ns_iters": [
          902144,
          903072,
          903648,
          903776,
          906208,
          903904,
          903648,
          903168,
          904128,
          904896,
          904192,
          903328,
          903616,
          905632,
          902400,
          905888,
          904352,
          903904,
          902560,
          903232,
          902144,
          900928,
          900384,
          900960,
          900224,
          901856,
          900192,
          900480,
          901728,
          904128
        ],
        "chunk_tokens": 128,
        "block_threads": 256,
        "staged_input_bytes": 204442660,
        "applicable": true
      },
      {
        "kernel": "onpair_dh_k4_t256_b8_h3",
        "role": "experimental",
        "stage_bytes": null,
        "chunk_size": 128,
        "decode_ms": 0.933408,
        "decode_gib_s": 997.7656936215443,
        "decode_ns_iters": [
          937440,
          942400,
          934432,
          934848,
          941408,
          942464,
          935136,
          935296,
          938048,
          939392,
          936320,
          937568,
          938560,
          937152,
          935776,
          936928,
          937216,
          935520,
          935776,
          935072,
          934464,
          935744,
          933408,
          936128,
          945024,
          935872,
          934528,
          935808,
          942176,
          934880
        ],
        "chunk_tokens": 128,
        "block_threads": 256,
        "staged_input_bytes": 204442660,
        "applicable": true
      },
      {
        "kernel": "onpair_dh_k4_t256_b8_h4",
        "role": "experimental",
        "stage_bytes": null,
        "chunk_size": 128,
        "decode_ms": 0.958176,
        "decode_gib_s": 971.974335145003,
        "decode_ns_iters": [
          963200,
          964800,
          963552,
          961312,
          965056,
          959552,
          965728,
          960096,
          963008,
          960832,
          960640,
          960096,
          961472,
          959264,
          961440,
          960992,
          958176,
          959392,
          959616,
          958368,
          962176,
          961888,
          966592,
          962528,
          961696,
          961312,
          959008,
          961600,
          963648,
          962656
        ],
        "chunk_tokens": 128,
        "block_threads": 256,
        "staged_input_bytes": 204442660,
        "applicable": true
      },
      {
        "kernel": "onpair_dh_k5_t64_b1_h2",
        "role": "experimental",
        "stage_bytes": null,
        "chunk_size": 160,
        "decode_ms": 0.815424,
        "decode_gib_s": 1142.1327806783936,
        "decode_ns_iters": [
          815424,
          816512,
          820832,
          819648,
          818592,
          818272,
          818624,
          821248,
          820352,
          819264,
          819616,
          817632,
          819680,
          818368,
          829056,
          820064,
          818368,
          819872,
          816288,
          817920,
          817152,
          819776,
          818848,
          818272,
          823712,
          818784,
          818880,
          819936,
          818656,
          819008
        ],
        "chunk_tokens": 160,
        "block_threads": 64,
        "staged_input_bytes": 203204028,
        "applicable": true
      },
      {
        "kernel": "onpair_dh_k5_t64_b1_h3",
        "role": "experimental",
        "stage_bytes": null,
        "chunk_size": 160,
        "decode_ms": 0.814752,
        "decode_gib_s": 1143.074801352925,
        "decode_ns_iters": [
          819392,
          819712,
          822816,
          818656,
          818368,
          818208,
          818336,
          816320,
          816832,
          816896,
          822464,
          814752,
          837280,
          814976,
          815680,
          816320,
          815072,
          815232,
          815808,
          814976,
          816192,
          816864,
          817024,
          817792,
          819232,
          818368,
          817600,
          818912,
          819552,
          819360
        ],
        "chunk_tokens": 160,
        "block_threads": 64,
        "staged_input_bytes": 203204028,
        "applicable": true
      },
      {
        "kernel": "onpair_dh_k5_t64_b1_h4",
        "role": "experimental",
        "stage_bytes": null,
        "chunk_size": 160,
        "decode_ms": 0.814304,
        "decode_gib_s": 1143.7036789109452,
        "decode_ns_iters": [
          818368,
          818112,
          818976,
          818656,
          817664,
          819072,
          818080,
          819872,
          820960,
          828192,
          820960,
          821216,
          820288,
          820768,
          820640,
          819328,
          820128,
          819232,
          821536,
          815904,
          816544,
          816864,
          817024,
          817504,
          815232,
          815296,
          814976,
          814368,
          814304,
          815744
        ],
        "chunk_tokens": 160,
        "block_threads": 64,
        "staged_input_bytes": 203204028,
        "applicable": true
      },
      {
        "kernel": "onpair_dh_k5_t64_b2_h2",
        "role": "experimental",
        "stage_bytes": null,
        "chunk_size": 160,
        "decode_ms": 0.816256,
        "decode_gib_s": 1140.9686183647023,
        "decode_ns_iters": [
          816672,
          816448,
          817152,
          816256,
          818400,
          817824,
          818496,
          826112,
          820448,
          817088,
          816992,
          820000,
          820384,
          819712,
          819648,
          819520,
          817536,
          820032,
          818048,
          820032,
          825056,
          817568,
          819552,
          817952,
          819392,
          822112,
          822272,
          820672,
          819488,
          816416
        ],
        "chunk_tokens": 160,
        "block_threads": 64,
        "staged_input_bytes": 203204028,
        "applicable": true
      },
      {
        "kernel": "onpair_dh_k5_t64_b2_h3",
        "role": "experimental",
        "stage_bytes": null,
        "chunk_size": 160,
        "decode_ms": 0.814624,
        "decode_gib_s": 1143.2544100737255,
        "decode_ns_iters": [
          820736,
          817856,
          819328,
          817248,
          818816,
          816416,
          826336,
          814688,
          817120,
          815328,
          814624,
          819296,
          815968,
          814848,
          817696,
          815968,
          816192,
          815488,
          823360,
          818848,
          820256,
          818624,
          817248,
          819488,
          819328,
          818272,
          817600,
          818976,
          820896,
          820032
        ],
        "chunk_tokens": 160,
        "block_threads": 64,
        "staged_input_bytes": 203204028,
        "applicable": true
      },
      {
        "kernel": "onpair_dh_k5_t64_b2_h4",
        "role": "experimental",
        "stage_bytes": null,
        "chunk_size": 160,
        "decode_ms": 0.815136,
        "decode_gib_s": 1142.5363136358824,
        "decode_ns_iters": [
          820576,
          821056,
          819168,
          816960,
          828672,
          818368,
          818432,
          820192,
          819712,
          823456,
          819392,
          818880,
          819424,
          819424,
          819648,
          819552,
          818816,
          831776,
          818400,
          818432,
          815136,
          817440,
          817952,
          816544,
          816608,
          816352,
          818688,
          819904,
          818368,
          817568
        ],
        "chunk_tokens": 160,
        "block_threads": 64,
        "staged_input_bytes": 203204028,
        "applicable": true
      },
      {
        "kernel": "onpair_dh_k5_t64_b4_h2",
        "role": "experimental",
        "stage_bytes": null,
        "chunk_size": 160,
        "decode_ms": 0.814976,
        "decode_gib_s": 1142.7606218488625,
        "decode_ns_iters": [
          816288,
          816896,
          814976,
          815648,
          815168,
          817216,
          816352,
          817024,
          819040,
          821760,
          819968,
          821312,
          822976,
          822336,
          820640,
          820352,
          826752,
          819392,
          821824,
          818176,
          819584,
          819936,
          819808,
          819200,
          820224,
          820064,
          821184,
          818624,
          818368,
          818720
        ],
        "chunk_tokens": 160,
        "block_threads": 64,
        "staged_input_bytes": 203204028,
        "applicable": true
      },
      {
        "kernel": "onpair_dh_k5_t64_b4_h3",
        "role": "experimental",
        "stage_bytes": null,
        "chunk_size": 160,
        "decode_ms": 0.815264,
        "decode_gib_s": 1142.3569304567582,
        "decode_ns_iters": [
          818368,
          820224,
          818176,
          818400,
          827328,
          817792,
          817824,
          818720,
          819072,
          820128,
          818816,
          820352,
          818272,
          816032,
          815616,
          816128,
          815264,
          821824,
          817440,
          815936,
          818080,
          815744,
          818368,
          817824,
          820032,
          817472,
          816192,
          819360,
          817824,
          816192
        ],
        "chunk_tokens": 160,
        "block_threads": 64,
        "staged_input_bytes": 203204028,
        "applicable": true
      },
      {
        "kernel": "onpair_dh_k5_t64_b4_h4",
        "role": "experimental",
        "stage_bytes": null,
        "chunk_size": 160,
        "decode_ms": 0.815776,
        "decode_gib_s": 1141.6399606655486,
        "decode_ns_iters": [
          819168,
          820096,
          819040,
          824992,
          818496,
          819168,
          819424,
          819744,
          817152,
          817888,
          816320,
          818784,
          817792,
          815776,
          817760,
          819008,
          827776,
          818784,
          818656,
          820384,
          823616,
          819680,
          820448,
          818720,
          818912,
          820864,
          818976,
          818016,
          817696,
          817952
        ],
        "chunk_tokens": 160,
        "block_threads": 64,
        "staged_input_bytes": 203204028,
        "applicable": true
      },
      {
        "kernel": "onpair_dh_k5_t64_b6_h2",
        "role": "experimental",
        "stage_bytes": null,
        "chunk_size": 160,
        "decode_ms": 0.814208,
        "decode_gib_s": 1143.8385284250442,
        "decode_ns_iters": [
          820896,
          821824,
          820448,
          821056,
          827136,
          816864,
          819456,
          818592,
          819136,
          819200,
          818432,
          822144,
          819296,
          821760,
          820096,
          819072,
          818048,
          818400,
          825216,
          819104,
          819008,
          814464,
          814464,
          816320,
          818240,
          814208,
          818624,
          819712,
          820160,
          818592
        ],
        "chunk_tokens": 160,
        "block_threads": 64,
        "staged_input_bytes": 203204028,
        "applicable": true
      },
      {
        "kernel": "onpair_dh_k5_t64_b6_h3",
        "role": "experimental",
        "stage_bytes": null,
        "chunk_size": 160,
        "decode_ms": 0.815808,
        "decode_gib_s": 1141.59517993437,
        "decode_ns_iters": [
          818432,
          819936,
          819360,
          820416,
          819648,
          818912,
          826656,
          818784,
          820064,
          819360,
          818912,
          819488,
          819872,
          819648,
          819584,
          815808,
          819136,
          818432,
          821376,
          817536,
          816608,
          817824,
          817216,
          818016,
          817792,
          818208,
          816832,
          818592,
          821344,
          821984
        ],
        "chunk_tokens": 160,
        "block_threads": 64,
        "staged_input_bytes": 203204028,
        "applicable": true
      },
      {
        "kernel": "onpair_dh_k5_t64_b6_h4",
        "role": "experimental",
        "stage_bytes": null,
        "chunk_size": 160,
        "decode_ms": 0.816064,
        "decode_gib_s": 1141.237060514737,
        "decode_ns_iters": [
          821056,
          818336,
          818880,
          816064,
          819232,
          819616,
          819488,
          826272,
          819392,
          818592,
          819872,
          820096,
          819552,
          818112,
          819616,
          818400,
          818080,
          822816,
          821280,
          818016,
          819360,
          832704,
          820288,
          821120,
          818848,
          818848,
          819360,
          817920,
          820224,
          818400
        ],
        "chunk_tokens": 160,
        "block_threads": 64,
        "staged_input_bytes": 203204028,
        "applicable": true
      },
      {
        "kernel": "onpair_dh_k5_t64_b8_h2",
        "role": "experimental",
        "stage_bytes": null,
        "chunk_size": 160,
        "decode_ms": 0.81456,
        "decode_gib_s": 1143.3442356019182,
        "decode_ns_iters": [
          820672,
          817920,
          817824,
          817312,
          817952,
          818880,
          820160,
          816960,
          818848,
          819424,
          824896,
          816928,
          817600,
          816512,
          817696,
          819680,
          817248,
          814720,
          814560,
          816800,
          817792,
          816960,
          824416,
          818560,
          817152,
          816960,
          816800,
          818080,
          819072,
          815168
        ],
        "chunk_tokens": 160,
        "block_threads": 64,
        "staged_input_bytes": 203204028,
        "applicable": true
      },
      {
        "kernel": "onpair_dh_k5_t64_b8_h3",
        "role": "experimental",
        "stage_bytes": null,
        "chunk_size": 160,
        "decode_ms": 0.816576,
        "decode_gib_s": 1140.52149530711,
        "decode_ns_iters": [
          818368,
          819680,
          818784,
          817408,
          816960,
          818112,
          816576,
          817344,
          817088,
          826784,
          818912,
          816576,
          817408,
          820640,
          818336,
          817568,
          817856,
          818944,
          817312,
          818176,
          817408,
          819648,
          825664,
          817952,
          817536,
          819360,
          822368,
          822848,
          821504,
          819520
        ],
        "chunk_tokens": 160,
        "block_threads": 64,
        "staged_input_bytes": 203204028,
        "applicable": true
      },
      {
        "kernel": "onpair_dh_k5_t64_b8_h4",
        "role": "experimental",
        "stage_bytes": null,
        "chunk_size": 160,
        "decode_ms": 0.818208,
        "decode_gib_s": 1138.246607894201,
        "decode_ns_iters": [
          820704,
          820416,
          819840,
          820512,
          819552,
          819008,
          821728,
          820672,
          820896,
          820864,
          828160,
          819744,
          819488,
          818528,
          821824,
          818976,
          819488,
          821632,
          818720,
          818784,
          818208,
          820064,
          820352,
          830592,
          821024,
          819712,
          820384,
          821024,
          821760,
          820736
        ],
        "chunk_tokens": 160,
        "block_threads": 64,
        "staged_input_bytes": 203204028,
        "applicable": true
      },
      {
        "kernel": "onpair_dh_k5_t128_b1_h2",
        "role": "experimental",
        "stage_bytes": null,
        "chunk_size": 160,
        "decode_ms": 0.81728,
        "decode_gib_s": 1139.5390570574325,
        "decode_ns_iters": [
          818688,
          819552,
          819232,
          818464,
          818496,
          818272,
          817632,
          821184,
          820192,
          818496,
          819136,
          827744,
          818080,
          818336,
          818240,
          819584,
          817920,
          820864,
          820224,
          821440,
          820736,
          818208,
          817728,
          819680,
          819712,
          827040,
          818816,
          820000,
          818368,
          817280
        ],
        "chunk_tokens": 160,
        "block_threads": 128,
        "staged_input_bytes": 203204028,
        "applicable": true
      },
      {
        "kernel": "onpair_dh_k5_t128_b1_h3",
        "role": "experimental",
        "stage_bytes": null,
        "chunk_size": 160,
        "decode_ms": 0.816064,
        "decode_gib_s": 1141.237060514737,
        "decode_ns_iters": [
          818208,
          817056,
          819552,
          818336,
          818752,
          818944,
          817920,
          819136,
          820000,
          819840,
          818432,
          817952,
          819744,
          826848,
          818336,
          818752,
          817056,
          818368,
          818048,
          820768,
          817696,
          818688,
          817408,
          818240,
          817280,
          816512,
          825280,
          817088,
          816064,
          818496
        ],
        "chunk_tokens": 160,
        "block_threads": 128,
        "staged_input_bytes": 203204028,
        "applicable": true
      },
      {
        "kernel": "onpair_dh_k5_t128_b1_h4",
        "role": "experimental",
        "stage_bytes": null,
        "chunk_size": 160,
        "decode_ms": 0.814016,
        "decode_gib_s": 1144.1083228731359,
        "decode_ns_iters": [
          825984,
          819200,
          818912,
          817984,
          818592,
          819552,
          818784,
          817408,
          817600,
          816832,
          819200,
          818464,
          818368,
          817504,
          817856,
          818880,
          827680,
          819488,
          818976,
          818176,
          817760,
          817312,
          817120,
          817152,
          814560,
          820320,
          815200,
          822592,
          814016,
          816672
        ],
        "chunk_tokens": 160,
        "block_threads": 128,
        "staged_input_bytes": 203204028,
        "applicable": true
      },
      {
        "kernel": "onpair_dh_k5_t128_b2_h2",
        "role": "experimental",
        "stage_bytes": null,
        "chunk_size": 160,
        "decode_ms": 0.814848,
        "decode_gib_s": 1142.9401318428693,
        "decode_ns_iters": [
          820224,
          818336,
          818240,
          817984,
          820096,
          816480,
          815296,
          814848,
          817600,
          821120,
          819360,
          819648,
          819360,
          818656,
          818400,
          819840,
          819072,
          818304,
          819744,
          817216,
          815104,
          815840,
          818912,
          817792,
          819648,
          819040,
          819616,
          820128,
          816096,
          816768
        ],
        "chunk_tokens": 160,
        "block_threads": 128,
        "staged_input_bytes": 203204028,
        "applicable": true
      },
      {
        "kernel": "onpair_dh_k5_t128_b2_h3",
        "role": "experimental",
        "stage_bytes": null,
        "chunk_size": 160,
        "decode_ms": 0.813376,
        "decode_gib_s": 1145.0085576066892,
        "decode_ns_iters": [
          824832,
          817568,
          813376,
          823136,
          818496,
          818208,
          817952,
          817952,
          821344,
          821760,
          819968,
          817472,
          819616,
          832128,
          818048,
          818912,
          820448,
          822400,
          819008,
          819168,
          818336,
          818784,
          819296,
          817312,
          813888,
          815392,
          822240,
          815040,
          815616,
          815456
        ],
        "chunk_tokens": 160,
        "block_threads": 128,
        "staged_input_bytes": 203204028,
        "applicable": true
      },
      {
        "kernel": "onpair_dh_k5_t128_b2_h4",
        "role": "experimental",
        "stage_bytes": null,
        "chunk_size": 160,
        "decode_ms": 0.815008,
        "decode_gib_s": 1142.7157531605806,
        "decode_ns_iters": [
          815008,
          815456,
          816448,
          818240,
          819968,
          820128,
          819744,
          818496,
          817920,
          817536,
          819840,
          820256,
          826560,
          818048,
          817024,
          817984,
          818912,
          817440,
          818752,
          820064,
          820864,
          819296,
          818208,
          816672,
          818432,
          816096,
          817376,
          816192,
          818336,
          818880
        ],
        "chunk_tokens": 160,
        "block_threads": 128,
        "staged_input_bytes": 203204028,
        "applicable": true
      },
      {
        "kernel": "onpair_dh_k5_t128_b4_h2",
        "role": "experimental",
        "stage_bytes": null,
        "chunk_size": 160,
        "decode_ms": 0.8152,
        "decode_gib_s": 1142.4466150047822,
        "decode_ns_iters": [
          826816,
          818464,
          819360,
          816032,
          815264,
          815200,
          816352,
          817696,
          817696,
          819360,
          819008,
          819040,
          820224,
          829216,
          818144,
          819200,
          819072,
          823392,
          821344,
          821248,
          820288,
          817536,
          820768,
          821664,
          820864,
          819104,
          816064,
          817952,
          817760,
          817856
        ],
        "chunk_tokens": 160,
        "block_threads": 128,
        "staged_input_bytes": 203204028,
        "applicable": true
      },
      {
        "kernel": "onpair_dh_k5_t128_b4_h3",
        "role": "experimental",
        "stage_bytes": null,
        "chunk_size": 160,
        "decode_ms": 0.811744,
        "decode_gib_s": 1147.3105813555733,
        "decode_ns_iters": [
          819584,
          821856,
          816800,
          816960,
          814560,
          814272,
          814784,
          816448,
          815712,
          815552,
          815488,
          815936,
          816480,
          826144,
          817408,
          816576,
          816384,
          817152,
          811744,
          816544,
          812768,
          813024,
          814336,
          812736,
          812064,
          812064,
          814528,
          814976,
          813696,
          816032
        ],
        "chunk_tokens": 160,
        "block_threads": 128,
        "staged_input_bytes": 203204028,
        "applicable": true
      },
      {
        "kernel": "onpair_dh_k5_t128_b4_h4",
        "role": "experimental",
        "stage_bytes": null,
        "chunk_size": 160,
        "decode_ms": 0.812544,
        "decode_gib_s": 1146.1809828783407,
        "decode_ns_iters": [
          815424,
          815360,
          814816,
          815840,
          815520,
          815328,
          814592,
          817440,
          812544,
          812672,
          812928,
          813504,
          813152,
          815104,
          814560,
          816384,
          815104,
          817536,
          813600,
          813792,
          814528,
          821856,
          815360,
          815744,
          816256,
          814912,
          816704,
          815872,
          815968,
          817472
        ],
        "chunk_tokens": 160,
        "block_threads": 128,
        "staged_input_bytes": 203204028,
        "applicable": true
      },
      {
        "kernel": "onpair_dh_k5_t128_b6_h2",
        "role": "experimental",
        "stage_bytes": null,
        "chunk_size": 160,
        "decode_ms": 0.813952,
        "decode_gib_s": 1144.1982826406206,
        "decode_ns_iters": [
          819456,
          819040,
          819808,
          819072,
          817664,
          820352,
          818144,
          822816,
          815584,
          813952,
          815104,
          817888,
          818304,
          819424,
          814688,
          817280,
          814304,
          816448,
          815648,
          822848,
          815264,
          818624,
          818336,
          819488,
          818016,
          816960,
          819712,
          817760,
          819040,
          819744
        ],
        "chunk_tokens": 160,
        "block_threads": 128,
        "staged_input_bytes": 203204028,
        "applicable": true
      },
      {
        "kernel": "onpair_dh_k5_t128_b6_h3",
        "role": "experimental",
        "stage_bytes": null,
        "chunk_size": 160,
        "decode_ms": 0.812416,
        "decode_gib_s": 1146.3615691368689,
        "decode_ns_iters": [
          815936,
          816512,
          816096,
          814336,
          815488,
          817248,
          817568,
          813088,
          816896,
          814752,
          816032,
          816256,
          812416,
          812896,
          815008,
          814304,
          816416,
          829536,
          818432,
          819296,
          817504,
          816960,
          818624,
          818176,
          818400,
          819392,
          818272,
          819296,
          819360,
          819392
        ],
        "chunk_tokens": 160,
        "block_threads": 128,
        "staged_input_bytes": 203204028,
        "applicable": true
      },
      {
        "kernel": "onpair_dh_k5_t128_b6_h4",
        "role": "experimental",
        "stage_bytes": null,
        "chunk_size": 160,
        "decode_ms": 0.814688,
        "decode_gib_s": 1143.164598658503,
        "decode_ns_iters": [
          818560,
          818624,
          817728,
          816032,
          814976,
          817152,
          815232,
          815936,
          816384,
          814688,
          814912,
          818688,
          818432,
          817696,
          818560,
          815616,
          822080,
          824992,
          817280,
          854144,
          818272,
          816320,
          816192,
          818464,
          817504,
          821088,
          816416,
          817408,
          818560,
          815552
        ],
        "chunk_tokens": 160,
        "block_threads": 128,
        "staged_input_bytes": 203204028,
        "applicable": true
      },
      {
        "kernel": "onpair_dh_k5_t128_b8_h2",
        "role": "experimental",
        "stage_bytes": null,
        "chunk_size": 160,
        "decode_ms": 0.816736,
        "decode_gib_s": 1140.298065166588,
        "decode_ns_iters": [
          819392,
          824672,
          818592,
          816800,
          827584,
          820000,
          816992,
          818976,
          819264,
          820832,
          821760,
          821248,
          819904,
          818272,
          821248,
          818016,
          817024,
          826624,
          817312,
          816736,
          819712,
          818432,
          818880,
          818848,
          818816,
          821376,
          820640,
          818400,
          818592,
          817152
        ],
        "chunk_tokens": 160,
        "block_threads": 128,
        "staged_input_bytes": 203204028,
        "applicable": true
      },
      {
        "kernel": "onpair_dh_k5_t128_b8_h3",
        "role": "experimental",
        "stage_bytes": null,
        "chunk_size": 160,
        "decode_ms": 0.814208,
        "decode_gib_s": 1143.8385284250442,
        "decode_ns_iters": [
          817376,
          816992,
          818912,
          818752,
          826528,
          815552,
          824000,
          818912,
          819040,
          819360,
          819584,
          823968,
          821472,
          819584,
          816480,
          817504,
          815360,
          826464,
          817376,
          824288,
          815200,
          816192,
          816960,
          818336,
          816064,
          814208,
          815648,
          816672,
          817888,
          825664
        ],
        "chunk_tokens": 160,
        "block_threads": 128,
        "staged_input_bytes": 203204028,
        "applicable": true
      },
      {
        "kernel": "onpair_dh_k5_t128_b8_h4",
        "role": "experimental",
        "stage_bytes": null,
        "chunk_size": 160,
        "decode_ms": 0.814208,
        "decode_gib_s": 1143.8385284250442,
        "decode_ns_iters": [
          815616,
          815744,
          816608,
          817344,
          814208,
          815360,
          815328,
          814592,
          815584,
          814304,
          815488,
          815104,
          815360,
          818208,
          818528,
          829312,
          814912,
          823872,
          815968,
          817024,
          817536,
          814688,
          818432,
          817280,
          818208,
          817344,
          817952,
          817184,
          817824,
          817856
        ],
        "chunk_tokens": 160,
        "block_threads": 128,
        "staged_input_bytes": 203204028,
        "applicable": true
      },
      {
        "kernel": "onpair_dh_k5_t256_b1_h0",
        "role": "experimental",
        "stage_bytes": null,
        "chunk_size": 160,
        "decode_ms": 0.823776,
        "decode_gib_s": 1130.5530636385358,
        "decode_ns_iters": [
          825536,
          825024,
          826656,
          833888,
          824544,
          826976,
          825792,
          824864,
          826304,
          827648,
          825216,
          826176,
          826336,
          827072,
          828640,
          825696,
          824288,
          825632,
          835904,
          829056,
          828832,
          829888,
          829952,
          825280,
          825472,
          825376,
          826112,
          825120,
          826944,
          823776
        ],
        "chunk_tokens": 160,
        "block_threads": 256,
        "staged_input_bytes": 203204028,
        "applicable": true
      },
      {
        "kernel": "onpair_dh_k5_t256_b1_h2",
        "role": "experimental",
        "stage_bytes": null,
        "chunk_size": 160,
        "decode_ms": 0.820928,
        "decode_gib_s": 1134.4752287069007,
        "decode_ns_iters": [
          823840,
          823136,
          824416,
          820928,
          823776,
          854080,
          824896,
          836544,
          822944,
          830592,
          822208,
          823840,
          826048,
          826560,
          827296,
          828768,
          829568,
          825888,
          824736,
          822784,
          822816,
          838208,
          831936,
          822656,
          824128,
          824384,
          826752,
          823968,
          825312,
          826912
        ],
        "chunk_tokens": 160,
        "block_threads": 256,
        "staged_input_bytes": 203204028,
        "applicable": true
      },
      {
        "kernel": "onpair_dh_k5_t256_b1_h3",
        "role": "experimental",
        "stage_bytes": null,
        "chunk_size": 160,
        "decode_ms": 0.822208,
        "decode_gib_s": 1132.7090961799186,
        "decode_ns_iters": [
          824000,
          826016,
          824608,
          825024,
          824640,
          825728,
          828960,
          829632,
          825952,
          827072,
          824704,
          824896,
          830752,
          826560,
          834848,
          825344,
          825792,
          823744,
          822208,
          823808,
          823008,
          826656,
          826080,
          829056,
          829280,
          829440,
          834144,
          826592,
          827008,
          828032
        ],
        "chunk_tokens": 160,
        "block_threads": 256,
        "staged_input_bytes": 203204028,
        "applicable": true
      },
      {
        "kernel": "onpair_dh_k5_t256_b1_h4",
        "role": "experimental",
        "stage_bytes": null,
        "chunk_size": 160,
        "decode_ms": 0.820032,
        "decode_gib_s": 1135.7148020466257,
        "decode_ns_iters": [
          823552,
          829984,
          823104,
          823296,
          823168,
          820928,
          820032,
          823232,
          820608,
          822432,
          822272,
          822336,
          821152,
          824544,
          823040,
          822368,
          823136,
          821888,
          826304,
          824704,
          823104,
          825024,
          825792,
          825856,
          824704,
          826912,
          826560,
          824960,
          825792,
          833952
        ],
        "chunk_tokens": 160,
        "block_threads": 256,
        "staged_input_bytes": 203204028,
        "applicable": true
      },
      {
        "kernel": "onpair_dh_k5_t256_b2_h2",
        "role": "experimental",
        "stage_bytes": null,
        "chunk_size": 160,
        "decode_ms": 0.82224,
        "decode_gib_s": 1132.6650133195885,
        "decode_ns_iters": [
          826656,
          826816,
          826528,
          825408,
          837536,
          826912,
          827104,
          829536,
          826656,
          827904,
          826336,
          826144,
          823712,
          823424,
          824640,
          822912,
          822592,
          823264,
          823776,
          826016,
          824096,
          822240,
          825632,
          827520,
          825280,
          822464,
          823616,
          823296,
          823872,
          824480
        ],
        "chunk_tokens": 160,
        "block_threads": 256,
        "staged_input_bytes": 203204028,
        "applicable": true
      },
      {
        "kernel": "onpair_dh_k5_t256_b2_h3",
        "role": "experimental",
        "stage_bytes": null,
        "chunk_size": 160,
        "decode_ms": 0.823936,
        "decode_gib_s": 1130.3335217200104,
        "decode_ns_iters": [
          826560,
          824832,
          824096,
          823936,
          825440,
          824160,
          823968,
          824736,
          825088,
          825248,
          827360,
          828064,
          827264,
          826272,
          827200,
          828192,
          829504,
          827104,
          828480,
          828448,
          826752,
          830336,
          836928,
          828896,
          837792,
          827200,
          828608,
          829792,
          825824,
          828032
        ],
        "chunk_tokens": 160,
        "block_threads": 256,
        "staged_input_bytes": 203204028,
        "applicable": true
      },
      {
        "kernel": "onpair_dh_k5_t256_b2_h4",
        "role": "experimental",
        "stage_bytes": null,
        "chunk_size": 160,
        "decode_ms": 0.821184,
        "decode_gib_s": 1134.121561735127,
        "decode_ns_iters": [
          822848,
          823584,
          822592,
          826240,
          826304,
          826592,
          825984,
          824576,
          824512,
          829024,
          825056,
          836608,
          826656,
          825984,
          824224,
          825536,
          827840,
          825632,
          826112,
          825280,
          822848,
          825600,
          823584,
          821184,
          822976,
          823136,
          823616,
          829824,
          822016,
          821472
        ],
        "chunk_tokens": 160,
        "block_threads": 256,
        "staged_input_bytes": 203204028,
        "applicable": true
      },
      {
        "kernel": "onpair_dh_k5_t256_b4_h0",
        "role": "experimental",
        "stage_bytes": null,
        "chunk_size": 160,
        "decode_ms": 0.82144,
        "decode_gib_s": 1133.7681152024475,
        "decode_ns_iters": [
          836032,
          828352,
          834688,
          826880,
          825920,
          825024,
          825952,
          824480,
          824928,
          827360,
          826272,
          826304,
          826784,
          825472,
          823648,
          833472,
          826976,
          825856,
          826080,
          825536,
          825344,
          825440,
          826944,
          826944,
          824288,
          821440,
          824352,
          824160,
          821696,
          829792
        ],
        "chunk_tokens": 160,
        "block_threads": 256,
        "staged_input_bytes": 203204028,
        "applicable": true
      },
      {
        "kernel": "onpair_dh_k5_t256_b4_h2",
        "role": "experimental",
        "stage_bytes": null,
        "chunk_size": 160,
        "decode_ms": 0.82352,
        "decode_gib_s": 1130.9045081502557,
        "decode_ns_iters": [
          828512,
          828832,
          828032,
          828032,
          828256,
          838976,
          828896,
          840896,
          835712,
          827360,
          827072,
          828128,
          829728,
          828480,
          829056,
          828096,
          827808,
          827616,
          827424,
          827712,
          834848,
          826944,
          834368,
          825728,
          825280,
          825248,
          826592,
          823840,
          823520,
          828128
        ],
        "chunk_tokens": 160,
        "block_threads": 256,
        "staged_input_bytes": 203204028,
        "applicable": true
      },
      {
        "kernel": "onpair_dh_k5_t256_b4_h3",
        "role": "experimental",
        "stage_bytes": null,
        "chunk_size": 160,
        "decode_ms": 0.823616,
        "decode_gib_s": 1130.7726908558095,
        "decode_ns_iters": [
          826624,
          826080,
          827008,
          825792,
          828032,
          824640,
          825728,
          824224,
          824672,
          823616,
          824768,
          824320,
          824192,
          823680,
          824832,
          829408,
          832256,
          829888,
          830464,
          828416,
          829152,
          829632,
          829376,
          828320,
          837536,
          832192,
          827744,
          830528,
          836608,
          829952
        ],
        "chunk_tokens": 160,
        "block_threads": 256,
        "staged_input_bytes": 203204028,
        "applicable": true
      },
      {
        "kernel": "onpair_dh_k5_t256_b4_h4",
        "role": "experimental",
        "stage_bytes": null,
        "chunk_size": 160,
        "decode_ms": 0.823616,
        "decode_gib_s": 1130.7726908558095,
        "decode_ns_iters": [
          824576,
          824128,
          825120,
          824768,
          823872,
          825440,
          826944,
          823904,
          826592,
          827616,
          827136,
          823616,
          832544,
          824448,
          826048,
          826976,
          827200,
          826720,
          827808,
          827360,
          827520,
          829696,
          829088,
          828256,
          830176,
          827328,
          832672,
          835232,
          826880,
          828096
        ],
        "chunk_tokens": 160,
        "block_threads": 256,
        "staged_input_bytes": 203204028,
        "applicable": true
      },
      {
        "kernel": "onpair_dh_k5_t256_b6_h2",
        "role": "experimental",
        "stage_bytes": null,
        "chunk_size": 160,
        "decode_ms": 0.84128,
        "decode_gib_s": 1107.030335384056,
        "decode_ns_iters": [
          846944,
          844000,
          842816,
          844480,
          853120,
          841280,
          841312,
          843808,
          843168,
          845024,
          843808,
          846912,
          846272,
          847072,
          847904,
          846240,
          844256,
          843136,
          848672,
          842240,
          842720,
          843680,
          846272,
          854112,
          846496,
          842336,
          849600,
          844768,
          841600,
          843328
        ],
        "chunk_tokens": 160,
        "block_threads": 256,
        "staged_input_bytes": 203204028,
        "applicable": true
      },
      {
        "kernel": "onpair_dh_k5_t256_b6_h3",
        "role": "experimental",
        "stage_bytes": null,
        "chunk_size": 160,
        "decode_ms": 0.844704,
        "decode_gib_s": 1102.5429979636635,
        "decode_ns_iters": [
          855488,
          847360,
          849248,
          846176,
          846848,
          847744,
          846432,
          846208,
          847168,
          846784,
          845696,
          846016,
          845568,
          845568,
          848224,
          845376,
          845184,
          848224,
          846112,
          847264,
          847488,
          850176,
          857728,
          849568,
          847232,
          848384,
          846144,
          844960,
          844704,
          847808
        ],
        "chunk_tokens": 160,
        "block_threads": 256,
        "staged_input_bytes": 203204028,
        "applicable": true
      },
      {
        "kernel": "onpair_dh_k5_t256_b6_h4",
        "role": "experimental",
        "stage_bytes": null,
        "chunk_size": 160,
        "decode_ms": 0.878752,
        "decode_gib_s": 1059.824023788166,
        "decode_ns_iters": [
          886880,
          882656,
          883232,
          885728,
          882400,
          883232,
          881696,
          882496,
          881536,
          880672,
          884000,
          890752,
          890368,
          889056,
          887264,
          889408,
          887424,
          886528,
          882656,
          878752,
          880704,
          879968,
          880096,
          883232,
          884192,
          881920,
          879392,
          890176,
          880992,
          879584
        ],
        "chunk_tokens": 160,
        "block_threads": 256,
        "staged_input_bytes": 203204028,
        "applicable": true
      },
      {
        "kernel": "onpair_dh_k5_t256_b8_h0",
        "role": "experimental",
        "stage_bytes": null,
        "chunk_size": 160,
        "decode_ms": 1.190688,
        "decode_gib_s": 782.1717196712308,
        "decode_ns_iters": [
          1195584,
          1192928,
          1190688,
          1196896,
          1192320,
          1193824,
          1198688,
          1194144,
          1196128,
          1195456,
          1192832,
          1195488,
          1193600,
          1192448,
          1193184,
          1196128,
          1199392,
          1196576,
          1199424,
          1196384,
          1197440,
          1195232,
          1196768,
          1198720,
          1206752,
          1195584,
          1198880,
          1194240,
          1196192,
          1197152
        ],
        "chunk_tokens": 160,
        "block_threads": 256,
        "staged_input_bytes": 203204028,
        "applicable": true
      },
      {
        "kernel": "onpair_dh_k5_t256_b8_h2",
        "role": "experimental",
        "stage_bytes": null,
        "chunk_size": 160,
        "decode_ms": 1.085792,
        "decode_gib_s": 857.7356257477476,
        "decode_ns_iters": [
          1086976,
          1086688,
          1085792,
          1092288,
          1086016,
          1088800,
          1086784,
          1089600,
          1088512,
          1088704,
          1086304,
          1088000,
          1098208,
          1088512,
          1087840,
          1087680,
          1089376,
          1096576,
          1088576,
          1090496,
          1086816,
          1090240,
          1088448,
          1087648,
          1090144,
          1087904,
          1087616,
          1089184,
          1089504,
          1088864
        ],
        "chunk_tokens": 160,
        "block_threads": 256,
        "staged_input_bytes": 203204028,
        "applicable": true
      },
      {
        "kernel": "onpair_dh_k5_t256_b8_h3",
        "role": "experimental",
        "stage_bytes": null,
        "chunk_size": 160,
        "decode_ms": 1.083136,
        "decode_gib_s": 859.8389127052359,
        "decode_ns_iters": [
          1089888,
          1088480,
          1086976,
          1096672,
          1086656,
          1087264,
          1087200,
          1087712,
          1089568,
          1087968,
          1088160,
          1087392,
          1087552,
          1087648,
          1088736,
          1089216,
          1086944,
          1089152,
          1085536,
          1086016,
          1083136,
          1084928,
          1085792,
          1086848,
          1085600,
          1086944,
          1087040,
          1088224,
          1089952,
          1096064
        ],
        "chunk_tokens": 160,
        "block_threads": 256,
        "staged_input_bytes": 203204028,
        "applicable": true
      },
      {
        "kernel": "onpair_dh_k5_t256_b8_h4",
        "role": "experimental",
        "stage_bytes": null,
        "chunk_size": 160,
        "decode_ms": 1.25632,
        "decode_gib_s": 741.3099214785234,
        "decode_ns_iters": [
          1260992,
          1260128,
          1259360,
          1261504,
          1259072,
          1260224,
          1260640,
          1259808,
          1259008,
          1260896,
          1265760,
          1260640,
          1260128,
          1259200,
          1260096,
          1260064,
          1259072,
          1258848,
          1259840,
          1260960,
          1256320,
          1264448,
          1257536,
          1257408,
          1257760,
          1257152,
          1258112,
          1256864,
          1258496,
          1257632
        ],
        "chunk_tokens": 160,
        "block_threads": 256,
        "staged_input_bytes": 203204028,
        "applicable": true
      },
      {
        "kernel": "onpair_dh_k6_t64_b1_h2",
        "role": "experimental",
        "stage_bytes": null,
        "chunk_size": 192,
        "decode_ms": 0.826016,
        "decode_gib_s": 1127.48721641215,
        "decode_ns_iters": [
          834144,
          831456,
          832864,
          833376,
          831456,
          831840,
          831904,
          830496,
          830656,
          829568,
          840064,
          830912,
          830048,
          828192,
          828672,
          827040,
          829312,
          826816,
          829760,
          826016,
          826464,
          826976,
          828064,
          827008,
          830208,
          828832,
          828320,
          828544,
          829888,
          830624
        ],
        "chunk_tokens": 192,
        "block_threads": 64,
        "staged_input_bytes": 202378268,
        "applicable": true
      },
      {
        "kernel": "onpair_dh_k6_t64_b1_h3",
        "role": "experimental",
        "stage_bytes": null,
        "chunk_size": 192,
        "decode_ms": 0.825536,
        "decode_gib_s": 1128.1427830547648,
        "decode_ns_iters": [
          836960,
          831168,
          831136,
          825536,
          829792,
          829088,
          830432,
          829344,
          827552,
          828544,
          829120,
          828416,
          827520,
          829376,
          828384,
          827296,
          827392,
          827904,
          836768,
          826976,
          828896,
          831232,
          829824,
          829152,
          828096,
          827776,
          829632,
          828832,
          829472,
          828352
        ],
        "chunk_tokens": 192,
        "block_threads": 64,
        "staged_input_bytes": 202378268,
        "applicable": true
      },
      {
        "kernel": "onpair_dh_k6_t64_b1_h4",
        "role": "experimental",
        "stage_bytes": null,
        "chunk_size": 192,
        "decode_ms": 0.825696,
        "decode_gib_s": 1127.924176151875,
        "decode_ns_iters": [
          828160,
          827776,
          828960,
          829024,
          827424,
          828736,
          839008,
          828352,
          828352,
          831168,
          829248,
          826816,
          825696,
          827744,
          827104,
          826752,
          825760,
          827584,
          828608,
          828512,
          826080,
          835008,
          828384,
          829920,
          829600,
          829088,
          830592,
          828864,
          828992,
          828640
        ],
        "chunk_tokens": 192,
        "block_threads": 64,
        "staged_input_bytes": 202378268,
        "applicable": true
      },
      {
        "kernel": "onpair_dh_k6_t64_b2_h2",
        "role": "experimental",
        "stage_bytes": null,
        "chunk_size": 192,
        "decode_ms": 0.82864,
        "decode_gib_s": 1123.9168765107868,
        "decode_ns_iters": [
          836128,
          829824,
          830144,
          832032,
          831136,
          828864,
          829536,
          831552,
          830304,
          831328,
          829696,
          832512,
          841120,
          832384,
          832608,
          833376,
          832608,
          832512,
          832256,
          831712,
          832096,
          832768,
          833312,
          832832,
          830624,
          831712,
          831136,
          830784,
          831552,
          828640
        ],
        "chunk_tokens": 192,
        "block_threads": 64,
        "staged_input_bytes": 202378268,
        "applicable": true
      },
      {
        "kernel": "onpair_dh_k6_t64_b2_h3",
        "role": "experimental",
        "stage_bytes": null,
        "chunk_size": 192,
        "decode_ms": 0.824896,
        "decode_gib_s": 1129.0180587030347,
        "decode_ns_iters": [
          831392,
          830688,
          828384,
          828096,
          837792,
          828384,
          828544,
          827488,
          827488,
          829152,
          829120,
          826944,
          828128,
          828544,
          828448,
          828736,
          831392,
          824896,
          824960,
          836448,
          828512,
          829024,
          828512,
          829760,
          829184,
          828832,
          828768,
          829024,
          828128,
          827776
        ],
        "chunk_tokens": 192,
        "block_threads": 64,
        "staged_input_bytes": 202378268,
        "applicable": true
      },
      {
        "kernel": "onpair_dh_k6_t64_b2_h4",
        "role": "experimental",
        "stage_bytes": null,
        "chunk_size": 192,
        "decode_ms": 0.82512,
        "decode_gib_s": 1128.7115577757156,
        "decode_ns_iters": [
          829728,
          826400,
          827872,
          830400,
          829472,
          830496,
          831520,
          831872,
          832192,
          840320,
          831680,
          831456,
          831520,
          832864,
          831424,
          832320,
          829728,
          830816,
          829376,
          828800,
          828384,
          828736,
          825344,
          827136,
          825120,
          826144,
          829856,
          825504,
          827904,
          827968
        ],
        "chunk_tokens": 192,
        "block_threads": 64,
        "staged_input_bytes": 202378268,
        "applicable": true
      },
      {
        "kernel": "onpair_dh_k6_t64_b4_h2",
        "role": "experimental",
        "stage_bytes": null,
        "chunk_size": 192,
        "decode_ms": 0.826912,
        "decode_gib_s": 1126.2655283172799,
        "decode_ns_iters": [
          836000,
          828160,
          828544,
          831072,
          829312,
          828992,
          828800,
          828064,
          828256,
          828416,
          826912,
          827744,
          827040,
          827584,
          827776,
          841920,
          831488,
          832160,
          831072,
          831680,
          832704,
          832128,
          830752,
          831488,
          831328,
          831648,
          832032,
          831264,
          833440,
          832544
        ],
        "chunk_tokens": 192,
        "block_threads": 64,
        "staged_input_bytes": 202378268,
        "applicable": true
      },
      {
        "kernel": "onpair_dh_k6_t64_b4_h3",
        "role": "experimental",
        "stage_bytes": null,
        "chunk_size": 192,
        "decode_ms": 0.828832,
        "decode_gib_s": 1123.6565197191933,
        "decode_ns_iters": [
          830592,
          829216,
          830656,
          832256,
          831712,
          830080,
          829568,
          838528,
          829088,
          828832,
          828960,
          830880,
          831904,
          831200,
          831840,
          830528,
          833824,
          829408,
          831264,
          830080,
          830656,
          830144,
          841280,
          831776,
          831296,
          831648,
          829632,
          829088,
          830304,
          831168
        ],
        "chunk_tokens": 192,
        "block_threads": 64,
        "staged_input_bytes": 202378268,
        "applicable": true
      },
      {
        "kernel": "onpair_dh_k6_t64_b4_h4",
        "role": "experimental",
        "stage_bytes": null,
        "chunk_size": 192,
        "decode_ms": 0.824832,
        "decode_gib_s": 1129.105660973263,
        "decode_ns_iters": [
          831488,
          832544,
          830784,
          829440,
          830944,
          829824,
          830880,
          830304,
          830016,
          827264,
          828704,
          826464,
          828000,
          829632,
          828896,
          827264,
          829952,
          830048,
          829216,
          827200,
          828896,
          827808,
          827680,
          827136,
          825888,
          830880,
          826304,
          824832,
          834016,
          826816
        ],
        "chunk_tokens": 192,
        "block_threads": 64,
        "staged_input_bytes": 202378268,
        "applicable": true
      },
      {
        "kernel": "onpair_dh_k6_t64_b6_h2",
        "role": "experimental",
        "stage_bytes": null,
        "chunk_size": 192,
        "decode_ms": 0.827616,
        "decode_gib_s": 1125.3074862640385,
        "decode_ns_iters": [
          831680,
          829920,
          828576,
          842336,
          832992,
          830688,
          840416,
          830912,
          833600,
          830400,
          831488,
          831008,
          830624,
          831712,
          832608,
          831520,
          829280,
          832608,
          827616,
          840000,
          831296,
          833152,
          831008,
          832576,
          835200,
          831872,
          832000,
          831936,
          833600,
          833088
        ],
        "chunk_tokens": 192,
        "block_threads": 64,
        "staged_input_bytes": 202378268,
        "applicable": true
      },
      {
        "kernel": "onpair_dh_k6_t64_b6_h3",
        "role": "experimental",
        "stage_bytes": null,
        "chunk_size": 192,
        "decode_ms": 0.824512,
        "decode_gib_s": 1129.5438763194452,
        "decode_ns_iters": [
          834432,
          833728,
          828736,
          826784,
          826016,
          825312,
          826272,
          825056,
          825536,
          826784,
          833344,
          827072,
          828448,
          825920,
          827808,
          824672,
          825600,
          824704,
          825536,
          827488,
          825984,
          824672,
          824512,
          825408,
          825984,
          831424,
          825248,
          825120,
          825280,
          826432
        ],
        "chunk_tokens": 192,
        "block_threads": 64,
        "staged_input_bytes": 202378268,
        "applicable": true
      },
      {
        "kernel": "onpair_dh_k6_t64_b6_h4",
        "role": "experimental",
        "stage_bytes": null,
        "chunk_size": 192,
        "decode_ms": 0.82224,
        "decode_gib_s": 1132.6650133195885,
        "decode_ns_iters": [
          833312,
          824512,
          825120,
          824736,
          825056,
          824864,
          826432,
          825440,
          824000,
          823904,
          825760,
          823744,
          822240,
          824192,
          823776,
          833248,
          825856,
          824896,
          824672,
          824288,
          825472,
          825888,
          825664,
          824032,
          825728,
          824352,
          827776,
          825440,
          826816,
          835456
        ],
        "chunk_tokens": 192,
        "block_threads": 64,
        "staged_input_bytes": 202378268,
        "applicable": true
      },
      {
        "kernel": "onpair_dh_k6_t64_b8_h2",
        "role": "experimental",
        "stage_bytes": null,
        "chunk_size": 192,
        "decode_ms": 0.823296,
        "decode_gib_s": 1131.2122013855264,
        "decode_ns_iters": [
          828192,
          829824,
          825312,
          829856,
          827776,
          827392,
          835008,
          827360,
          827392,
          830016,
          828032,
          827840,
          827808,
          825280,
          823296,
          826752,
          825920,
          825600,
          825856,
          826208,
          824832,
          826304,
          827648,
          829248,
          829056,
          827840,
          827424,
          828832,
          825024,
          825504
        ],
        "chunk_tokens": 192,
        "block_threads": 64,
        "staged_input_bytes": 202378268,
        "applicable": true
      },
      {
        "kernel": "onpair_dh_k6_t64_b8_h3",
        "role": "experimental",
        "stage_bytes": null,
        "chunk_size": 192,
        "decode_ms": 0.822944,
        "decode_gib_s": 1131.6960577535026,
        "decode_ns_iters": [
          827328,
          826560,
          826496,
          825952,
          826976,
          826464,
          825696,
          829952,
          826528,
          827680,
          823840,
          825280,
          825408,
          823872,
          826016,
          824288,
          825088,
          827680,
          825216,
          824320,
          827552,
          825440,
          825696,
          826080,
          833760,
          823648,
          822944,
          823968,
          823744,
          823136
        ],
        "chunk_tokens": 192,
        "block_threads": 64,
        "staged_input_bytes": 202378268,
        "applicable": true
      },
      {
        "kernel": "onpair_dh_k6_t64_b8_h4",
        "role": "experimental",
        "stage_bytes": null,
        "chunk_size": 192,
        "decode_ms": 0.820832,
        "decode_gib_s": 1134.6079106953657,
        "decode_ns_iters": [
          822048,
          821664,
          821600,
          820832,
          822720,
          823968,
          822176,
          823680,
          823808,
          822336,
          822528,
          824288,
          842592,
          845248,
          827424,
          834880,
          824608,
          826752,
          822240,
          822784,
          823904,
          822976,
          824704,
          822624,
          823328,
          824384,
          822176,
          822816,
          821376,
          824064
        ],
        "chunk_tokens": 192,
        "block_threads": 64,
        "staged_input_bytes": 202378268,
        "applicable": true
      },
      {
        "kernel": "onpair_dh_k6_t128_b1_h2",
        "role": "experimental",
        "stage_bytes": null,
        "chunk_size": 192,
        "decode_ms": 0.791104,
        "decode_gib_s": 1177.2440545767668,
        "decode_ns_iters": [
          803424,
          798112,
          794752,
          796896,
          795296,
          795584,
          795616,
          795744,
          795520,
          795776,
          794624,
          794016,
          795456,
          792576,
          795488,
          795360,
          794976,
          795840,
          802112,
          795072,
          793920,
          795584,
          794272,
          791104,
          794848,
          792544,
          796576,
          795808,
          796800,
          795008
        ],
        "chunk_tokens": 192,
        "block_threads": 128,
        "staged_input_bytes": 202378268,
        "applicable": true
      },
      {
        "kernel": "onpair_dh_k6_t128_b1_h3",
        "role": "experimental",
        "stage_bytes": null,
        "chunk_size": 192,
        "decode_ms": 0.788384,
        "decode_gib_s": 1181.305658856469,
        "decode_ns_iters": [
          793088,
          793056,
          790720,
          792032,
          791328,
          792640,
          793280,
          795808,
          794048,
          794688,
          794784,
          796512,
          796192,
          794784,
          795456,
          796416,
          793248,
          792128,
          793024,
          792352,
          791648,
          791232,
          792768,
          792800,
          790816,
          788384,
          797056,
          788736,
          790016,
          790816
        ],
        "chunk_tokens": 192,
        "block_threads": 128,
        "staged_input_bytes": 202378268,
        "applicable": true
      },
      {
        "kernel": "onpair_dh_k6_t128_b1_h4",
        "role": "experimental",
        "stage_bytes": null,
        "chunk_size": 192,
        "decode_ms": 0.789984,
        "decode_gib_s": 1178.9130926093421,
        "decode_ns_iters": [
          795200,
          793888,
          795200,
          793120,
          793792,
          794240,
          793600,
          794528,
          795776,
          793952,
          793696,
          792736,
          802336,
          792992,
          791840,
          791296,
          789984,
          792736,
          791872,
          793024,
          792928,
          792576,
          797536,
          794176,
          791328,
          792544,
          791232,
          791552,
          794752,
          791264
        ],
        "chunk_tokens": 192,
        "block_threads": 128,
        "staged_input_bytes": 202378268,
        "applicable": true
      },
      {
        "kernel": "onpair_dh_k6_t128_b2_h2",
        "role": "experimental",
        "stage_bytes": null,
        "chunk_size": 192,
        "decode_ms": 0.790784,
        "decode_gib_s": 1177.7204401605222,
        "decode_ns_iters": [
          795808,
          795456,
          796896,
          795136,
          796768,
          795552,
          795808,
          795264,
          792960,
          792640,
          790784,
          803168,
          792384,
          800416,
          796672,
          794048,
          793088,
          798240,
          796416,
          795712,
          795936,
          793984,
          792576,
          793696,
          797920,
          799648,
          794880,
          794528,
          794816,
          794624
        ],
        "chunk_tokens": 192,
        "block_threads": 128,
        "staged_input_bytes": 202378268,
        "applicable": true
      },
      {
        "kernel": "onpair_dh_k6_t128_b2_h3",
        "role": "experimental",
        "stage_bytes": null,
        "chunk_size": 192,
        "decode_ms": 0.787264,
        "decode_gib_s": 1182.9862416570534,
        "decode_ns_iters": [
          794240,
          793568,
          796544,
          794496,
          804736,
          796096,
          795808,
          793952,
          797024,
          794624,
          793024,
          794336,
          793216,
          794880,
          802720,
          794528,
          790016,
          790624,
          789184,
          789792,
          790144,
          790560,
          789440,
          790368,
          790944,
          795232,
          787264,
          791040,
          791392,
          790880
        ],
        "chunk_tokens": 192,
        "block_threads": 128,
        "staged_input_bytes": 202378268,
        "applicable": true
      },
      {
        "kernel": "onpair_dh_k6_t128_b2_h4",
        "role": "experimental",
        "stage_bytes": null,
        "chunk_size": 192,
        "decode_ms": 0.790208,
        "decode_gib_s": 1178.5789065055003,
        "decode_ns_iters": [
          793024,
          791232,
          792448,
          791296,
          790208,
          792928,
          792864,
          793312,
          792640,
          790976,
          790368,
          790976,
          791616,
          791136,
          792480,
          804768,
          793760,
          796384,
          792448,
          793344,
          794112,
          794880,
          794752,
          795872,
          794784,
          803264,
          793088,
          794176,
          794304,
          794528
        ],
        "chunk_tokens": 192,
        "block_threads": 128,
        "staged_input_bytes": 202378268,
        "applicable": true
      },
      {
        "kernel": "onpair_dh_k6_t128_b4_h2",
        "role": "experimental",
        "stage_bytes": null,
        "chunk_size": 192,
        "decode_ms": 0.78992,
        "decode_gib_s": 1179.0086091653566,
        "decode_ns_iters": [
          807360,
          799744,
          797792,
          796832,
          797376,
          804224,
          796576,
          797088,
          794720,
          803904,
          795104,
          794592,
          794848,
          792352,
          794112,
          794624,
          796192,
          793952,
          791136,
          789920,
          794912,
          795424,
          793792,
          792800,
          797440,
          794688,
          795360,
          794656,
          794336,
          794464
        ],
        "chunk_tokens": 192,
        "block_threads": 128,
        "staged_input_bytes": 202378268,
        "applicable": true
      },
      {
        "kernel": "onpair_dh_k6_t128_b4_h3",
        "role": "experimental",
        "stage_bytes": null,
        "chunk_size": 192,
        "decode_ms": 0.789984,
        "decode_gib_s": 1178.9130926093421,
        "decode_ns_iters": [
          796800,
          793856,
          800256,
          795520,
          794976,
          794656,
          794112,
          795616,
          795552,
          795040,
          796992,
          797408,
          805440,
          796800,
          793632,
          792992,
          792320,
          789984,
          790112,
          791488,
          791968,
          792000,
          790752,
          793600,
          790080,
          795840,
          794304,
          793920,
          793856,
          790592
        ],
        "chunk_tokens": 192,
        "block_threads": 128,
        "staged_input_bytes": 202378268,
        "applicable": true
      },
      {
        "kernel": "onpair_dh_k6_t128_b4_h4",
        "role": "experimental",
        "stage_bytes": null,
        "chunk_size": 192,
        "decode_ms": 0.789088,
        "decode_gib_s": 1180.2517343463576,
        "decode_ns_iters": [
          792064,
          790624,
          792544,
          792896,
          793600,
          794208,
          792288,
          789088,
          794432,
          792032,
          794464,
          791520,
          792640,
          793312,
          791328,
          801216,
          791968,
          789504,
          790368,
          789696,
          790112,
          790240,
          791392,
          798048,
          794880,
          793856,
          793824,
          793952,
          795008,
          794720
        ],
        "chunk_tokens": 192,
        "block_threads": 128,
        "staged_input_bytes": 202378268,
        "applicable": true
      },
      {
        "kernel": "onpair_dh_k6_t128_b6_h2",
        "role": "experimental",
        "stage_bytes": null,
        "chunk_size": 192,
        "decode_ms": 0.793664,
        "decode_gib_s": 1173.446799340651,
        "decode_ns_iters": [
          795936,
          797504,
          797152,
          795616,
          797120,
          796352,
          807424,
          797184,
          798784,
          797216,
          796640,
          797600,
          797408,
          796992,
          794464,
          796704,
          796224,
          794208,
          804640,
          798176,
          798752,
          795680,
          795872,
          794208,
          793696,
          794944,
          793856,
          795104,
          793664,
          795680
        ],
        "chunk_tokens": 192,
        "block_threads": 128,
        "staged_input_bytes": 202378268,
        "applicable": true
      },
      {
        "kernel": "onpair_dh_k6_t128_b6_h3",
        "role": "experimental",
        "stage_bytes": null,
        "chunk_size": 192,
        "decode_ms": 0.790528,
        "decode_gib_s": 1178.101826313424,
        "decode_ns_iters": [
          793024,
          791104,
          793984,
          795904,
          792736,
          793984,
          794080,
          794496,
          794880,
          802592,
          794464,
          797056,
          794816,
          795200,
          794432,
          794560,
          793568,
          795488,
          793792,
          801664,
          793216,
          794272,
          795552,
          791776,
          791616,
          793120,
          791488,
          791072,
          790528,
          791296
        ],
        "chunk_tokens": 192,
        "block_threads": 128,
        "staged_input_bytes": 202378268,
        "applicable": true
      },
      {
        "kernel": "onpair_dh_k6_t128_b6_h4",
        "role": "experimental",
        "stage_bytes": null,
        "chunk_size": 192,
        "decode_ms": 0.791712,
        "decode_gib_s": 1176.3399829128502,
        "decode_ns_iters": [
          795168,
          793536,
          800160,
          793088,
          793856,
          794880,
          794496,
          794656,
          792896,
          793760,
          793696,
          793824,
          794624,
          793792,
          791712,
          792768,
          792544,
          791904,
          794912,
          792192,
          792736,
          793984,
          800576,
          793504,
          794688,
          793056,
          793280,
          794080,
          793760,
          792256
        ],
        "chunk_tokens": 192,
        "block_threads": 128,
        "staged_input_bytes": 202378268,
        "applicable": true
      },
      {
        "kernel": "onpair_dh_k6_t128_b8_h2",
        "role": "experimental",
        "stage_bytes": null,
        "chunk_size": 192,
        "decode_ms": 0.792992,
        "decode_gib_s": 1174.441205651379,
        "decode_ns_iters": [
          795168,
          794528,
          795712,
          796096,
          795008,
          804160,
          795744,
          796288,
          796928,
          796544,
          797248,
          796704,
          796544,
          795840,
          794976,
          803040,
          794752,
          794496,
          792992,
          794272,
          794528,
          794784,
          796000,
          798080,
          798016,
          803136,
          797792,
          796352,
          797600,
          797184
        ],
        "chunk_tokens": 192,
        "block_threads": 128,
        "staged_input_bytes": 202378268,
        "applicable": true
      },
      {
        "kernel": "onpair_dh_k6_t128_b8_h3",
        "role": "experimental",
        "stage_bytes": null,
        "chunk_size": 192,
        "decode_ms": 0.789152,
        "decode_gib_s": 1180.1560162705011,
        "decode_ns_iters": [
          794688,
          795168,
          795488,
          793920,
          791680,
          790624,
          790048,
          790944,
          800512,
          789632,
          790368,
          789152,
          790336,
          790304,
          789888,
          791136,
          791168,
          793088,
          792064,
          790144,
          792352,
          792896,
          792544,
          791968,
          792960,
          795040,
          795776,
          795360,
          792896,
          792224
        ],
        "chunk_tokens": 192,
        "block_threads": 128,
        "staged_input_bytes": 202378268,
        "applicable": true
      },
      {
        "kernel": "onpair_dh_k6_t128_b8_h4",
        "role": "experimental",
        "stage_bytes": null,
        "chunk_size": 192,
        "decode_ms": 0.792448,
        "decode_gib_s": 1175.247436490342,
        "decode_ns_iters": [
          795616,
          796160,
          794528,
          793280,
          793696,
          793504,
          793344,
          794912,
          795488,
          793248,
          793056,
          793600,
          794112,
          794016,
          792448,
          793760,
          793472,
          793760,
          793888,
          794464,
          794016,
          795648,
          795008,
          795040,
          795936,
          795392,
          793792,
          793920,
          793440,
          792928
        ],
        "chunk_tokens": 192,
        "block_threads": 128,
        "staged_input_bytes": 202378268,
        "applicable": true
      },
      {
        "kernel": "onpair_dh_k6_t256_b1_h0",
        "role": "experimental",
        "stage_bytes": null,
        "chunk_size": 192,
        "decode_ms": 0.794528,
        "decode_gib_s": 1172.170748610368,
        "decode_ns_iters": [
          798944,
          796352,
          794528,
          794656,
          794528,
          807104,
          798752,
          797920,
          798496,
          800224,
          798272,
          798112,
          798592,
          800480,
          798304,
          806400,
          799616,
          795008,
          795488,
          798272,
          797536,
          797568,
          799680,
          797984,
          798464,
          807072,
          799840,
          805632,
          798336,
          798976
        ],
        "chunk_tokens": 192,
        "block_threads": 256,
        "staged_input_bytes": 202378268,
        "applicable": true
      },
      {
        "kernel": "onpair_dh_k6_t256_b1_h2",
        "role": "experimental",
        "stage_bytes": null,
        "chunk_size": 192,
        "decode_ms": 0.795392,
        "decode_gib_s": 1170.8974701177513,
        "decode_ns_iters": [
          799616,
          798368,
          799584,
          801024,
          798336,
          798592,
          798752,
          798432,
          798816,
          796832,
          798080,
          798368,
          798752,
          798080,
          799008,
          798848,
          799552,
          796256,
          797696,
          798208,
          806016,
          797344,
          797216,
          798304,
          799552,
          799392,
          797024,
          795392,
          797600,
          797472
        ],
        "chunk_tokens": 192,
        "block_threads": 256,
        "staged_input_bytes": 202378268,
        "applicable": true
      },
      {
        "kernel": "onpair_dh_k6_t256_b1_h3",
        "role": "experimental",
        "stage_bytes": null,
        "chunk_size": 192,
        "decode_ms": 0.790368,
        "decode_gib_s": 1178.3403181200385,
        "decode_ns_iters": [
          795072,
          792960,
          796640,
          802816,
          792192,
          796736,
          796320,
          795680,
          795456,
          794624,
          795680,
          795520,
          795392,
          804128,
          795104,
          796032,
          795264,
          792992,
          794144,
          791968,
          792736,
          792896,
          793696,
          791232,
          797024,
          790368,
          793216,
          791616,
          791488,
          793856
        ],
        "chunk_tokens": 192,
        "block_threads": 256,
        "staged_input_bytes": 202378268,
        "applicable": true
      },
      {
        "kernel": "onpair_dh_k6_t256_b1_h4",
        "role": "experimental",
        "stage_bytes": null,
        "chunk_size": 192,
        "decode_ms": 0.795968,
        "decode_gib_s": 1170.0501534633283,
        "decode_ns_iters": [
          797824,
          798528,
          798656,
          798016,
          798304,
          798336,
          798496,
          799456,
          797376,
          796320,
          796288,
          796064,
          796096,
          798016,
          795968,
          799872,
          797376,
          798912,
          799840,
          799200,
          796224,
          797696,
          797504,
          798080,
          798048,
          798592,
          799104,
          799520,
          796896,
          796864
        ],
        "chunk_tokens": 192,
        "block_threads": 256,
        "staged_input_bytes": 202378268,
        "applicable": true
      },
      {
        "kernel": "onpair_dh_k6_t256_b2_h2",
        "role": "experimental",
        "stage_bytes": null,
        "chunk_size": 192,
        "decode_ms": 0.793504,
        "decode_gib_s": 1173.6834099789019,
        "decode_ns_iters": [
          797056,
          796096,
          795680,
          795264,
          793504,
          795552,
          793760,
          807232,
          797760,
          797216,
          797856,
          796320,
          795264,
          795552,
          794144,
          794688,
          796672,
          804256,
          796224,
          794496,
          795264,
          798656,
          797600,
          797248,
          797568,
          795584,
          796096,
          808384,
          798240,
          798464
        ],
        "chunk_tokens": 192,
        "block_threads": 256,
        "staged_input_bytes": 202378268,
        "applicable": true
      },
      {
        "kernel": "onpair_dh_k6_t256_b2_h3",
        "role": "experimental",
        "stage_bytes": null,
        "chunk_size": 192,
        "decode_ms": 0.792448,
        "decode_gib_s": 1175.247436490342,
        "decode_ns_iters": [
          796576,
          792448,
          804096,
          796576,
          796832,
          796640,
          797056,
          796960,
          795456,
          792512,
          796672,
          807104,
          795168,
          796608,
          796448,
          799680,
          796992,
          795840,
          798656,
          800416,
          797216,
          807424,
          796256,
          794624,
          796480,
          794560,
          796448,
          795360,
          795328,
          795808
        ],
        "chunk_tokens": 192,
        "block_threads": 256,
        "staged_input_bytes": 202378268,
        "applicable": true
      },
      {
        "kernel": "onpair_dh_k6_t256_b2_h4",
        "role": "experimental",
        "stage_bytes": null,
        "chunk_size": 192,
        "decode_ms": 0.796192,
        "decode_gib_s": 1169.7209725190637,
        "decode_ns_iters": [
          799328,
          798528,
          797696,
          797568,
          808704,
          800832,
          796608,
          798464,
          798656,
          799840,
          799168,
          798880,
          796832,
          797952,
          796640,
          798144,
          798400,
          796192,
          797888,
          800896,
          798016,
          798656,
          798400,
          798560,
          800064,
          808928,
          798336,
          799360,
          798848,
          797248
        ],
        "chunk_tokens": 192,
        "block_threads": 256,
        "staged_input_bytes": 202378268,
        "applicable": true
      },
      {
        "kernel": "onpair_dh_k6_t256_b4_h0",
        "role": "experimental",
        "stage_bytes": null,
        "chunk_size": 192,
        "decode_ms": 0.796576,
        "decode_gib_s": 1169.1570930481191,
        "decode_ns_iters": [
          800384,
          801824,
          801504,
          798560,
          797344,
          799296,
          800320,
          796576,
          797984,
          797984,
          798464,
          798240,
          798560,
          800352,
          799616,
          798400,
          797280,
          799776,
          797952,
          800480,
          801568,
          800896,
          800608,
          801152,
          800416,
          801408,
          802080,
          800448,
          801728,
          808992
        ],
        "chunk_tokens": 192,
        "block_threads": 256,
        "staged_input_bytes": 202378268,
        "applicable": true
      },
      {
        "kernel": "onpair_dh_k6_t256_b4_h2",
        "role": "experimental",
        "stage_bytes": null,
        "chunk_size": 192,
        "decode_ms": 0.798624,
        "decode_gib_s": 1166.1588939875317,
        "decode_ns_iters": [
          801088,
          801888,
          802208,
          811936,
          800928,
          802784,
          807424,
          801504,
          801376,
          802176,
          802112,
          802880,
          801280,
          801408,
          807232,
          798624,
          801440,
          800096,
          801600,
          799552,
          800256,
          800128,
          800992,
          802304,
          801440,
          801664,
          801920,
          800640,
          802944,
          801024
        ],
        "chunk_tokens": 192,
        "block_threads": 256,
        "staged_input_bytes": 202378268,
        "applicable": true
      },
      {
        "kernel": "onpair_dh_k6_t256_b4_h3",
        "role": "experimental",
        "stage_bytes": null,
        "chunk_size": 192,
        "decode_ms": 0.793504,
        "decode_gib_s": 1173.6834099789019,
        "decode_ns_iters": [
          805536,
          795552,
          796192,
          796896,
          796896,
          798432,
          796864,
          795136,
          796640,
          798720,
          799712,
          799168,
          799328,
          799424,
          798432,
          797376,
          797696,
          797664,
          796704,
          803648,
          797408,
          799552,
          799360,
          797792,
          797280,
          795712,
          793504,
          797312,
          796256,
          805600
        ],
        "chunk_tokens": 192,
        "block_threads": 256,
        "staged_input_bytes": 202378268,
        "applicable": true
      },
      {
        "kernel": "onpair_dh_k6_t256_b4_h4",
        "role": "experimental",
        "stage_bytes": null,
        "chunk_size": 192,
        "decode_ms": 0.79424,
        "decode_gib_s": 1172.5957903806136,
        "decode_ns_iters": [
          797344,
          797216,
          803840,
          796896,
          797440,
          800992,
          795936,
          795200,
          796384,
          798496,
          797184,
          798976,
          797280,
          807552,
          796832,
          794240,
          796288,
          796032,
          797120,
          797216,
          796704,
          795904,
          795712,
          806624,
          795200,
          794432,
          795680,
          798016,
          797952,
          798752
        ],
        "chunk_tokens": 192,
        "block_threads": 256,
        "staged_input_bytes": 202378268,
        "applicable": true
      },
      {
        "kernel": "onpair_dh_k6_t256_b6_h2",
        "role": "experimental",
        "stage_bytes": null,
        "chunk_size": 192,
        "decode_ms": 0.86848,
        "decode_gib_s": 1072.3591568624474,
        "decode_ns_iters": [
          870976,
          868576,
          868512,
          871040,
          868864,
          868896,
          868736,
          869920,
          871136,
          871424,
          870976,
          869792,
          870592,
          872544,
          870624,
          871136,
          871104,
          872352,
          873024,
          870560,
          869120,
          870080,
          868992,
          869216,
          870432,
          870208,
          870272,
          868480,
          869824,
          875584
        ],
        "chunk_tokens": 192,
        "block_threads": 256,
        "staged_input_bytes": 202378268,
        "applicable": true
      },
      {
        "kernel": "onpair_dh_k6_t256_b6_h3",
        "role": "experimental",
        "stage_bytes": null,
        "chunk_size": 192,
        "decode_ms": 0.8944,
        "decode_gib_s": 1041.2818431930887,
        "decode_ns_iters": [
          897984,
          898816,
          899200,
          900864,
          900864,
          901472,
          902880,
          900320,
          902080,
          901184,
          901760,
          899232,
          898464,
          899456,
          898464,
          899584,
          901280,
          900128,
          898656,
          897152,
          896928,
          898144,
          897056,
          898784,
          896960,
          894400,
          896928,
          898752,
          896832,
          898272
        ],
        "chunk_tokens": 192,
        "block_threads": 256,
        "staged_input_bytes": 202378268,
        "applicable": true
      },
      {
        "kernel": "onpair_dh_k6_t256_b6_h4",
        "role": "experimental",
        "stage_bytes": null,
        "chunk_size": 192,
        "decode_ms": 0.92768,
        "decode_gib_s": 1003.9264407466999,
        "decode_ns_iters": [
          932704,
          930272,
          929920,
          930688,
          931136,
          931072,
          930400,
          932608,
          931104,
          930592,
          930560,
          930656,
          932416,
          927680,
          930272,
          929760,
          931040,
          929824,
          929600,
          929696,
          930432,
          930176,
          931104,
          931520,
          931936,
          939872,
          932192,
          930976,
          932640,
          931168
        ],
        "chunk_tokens": 192,
        "block_threads": 256,
        "staged_input_bytes": 202378268,
        "applicable": true
      },
      {
        "kernel": "onpair_dh_k6_t256_b8_h0",
        "role": "experimental",
        "stage_bytes": null,
        "chunk_size": 192,
        "decode_ms": 1.211104,
        "decode_gib_s": 768.9863798252657,
        "decode_ns_iters": [
          1215040,
          1211104,
          1215104,
          1212224,
          1214496,
          1214528,
          1215168,
          1214752,
          1217472,
          1214912,
          1214944,
          1228032,
          1216512,
          1216288,
          1222944,
          1217344,
          1213440,
          1213408,
          1214016,
          1213344,
          1214592,
          1214752,
          1215744,
          1212576,
          1218336,
          1211936,
          1212608,
          1215584,
          1213536,
          1215840
        ],
        "chunk_tokens": 192,
        "block_threads": 256,
        "staged_input_bytes": 202378268,
        "applicable": true
      },
      {
        "kernel": "onpair_dh_k6_t256_b8_h2",
        "role": "experimental",
        "stage_bytes": null,
        "chunk_size": 192,
        "decode_ms": 1.14368,
        "decode_gib_s": 814.320859464097,
        "decode_ns_iters": [
          1154112,
          1145952,
          1144352,
          1144864,
          1152736,
          1144544,
          1144960,
          1144192,
          1143680,
          1145568,
          1144128,
          1144192,
          1144224,
          1146144,
          1146752,
          1146624,
          1146560,
          1145856,
          1146560,
          1145216,
          1147872,
          1146496,
          1147488,
          1145824,
          1146176,
          1144960,
          1146496,
          1145024,
          1145184,
          1146720
        ],
        "chunk_tokens": 192,
        "block_threads": 256,
        "staged_input_bytes": 202378268,
        "applicable": true
      },
      {
        "kernel": "onpair_dh_k6_t256_b8_h3",
        "role": "experimental",
        "stage_bytes": null,
        "chunk_size": 192,
        "decode_ms": 1.163072,
        "decode_gib_s": 800.7436173787164,
        "decode_ns_iters": [
          1165152,
          1164384,
          1163840,
          1163648,
          1163264,
          1164000,
          1164288,
          1165728,
          1165952,
          1172896,
          1168128,
          1168416,
          1166528,
          1168000,
          1168704,
          1169312,
          1167648,
          1163744,
          1166240,
          1163072,
          1164640,
          1163744,
          1164128,
          1167136,
          1165824,
          1165088,
          1166464,
          1167872,
          1173792,
          1190304
        ],
        "chunk_tokens": 192,
        "block_threads": 256,
        "staged_input_bytes": 202378268,
        "applicable": true
      },
      {
        "kernel": "onpair_dh_k6_t256_b8_h4",
        "role": "experimental",
        "stage_bytes": null,
        "chunk_size": 192,
        "decode_ms": 1.22048,
        "decode_gib_s": 763.078854673488,
        "decode_ns_iters": [
          1226752,
          1225280,
          1225248,
          1225408,
          1223936,
          1225248,
          1224352,
          1227232,
          1228544,
          1227904,
          1225760,
          1230880,
          1224832,
          1230368,
          1224768,
          1225632,
          1222240,
          1224768,
          1224800,
          1224352,
          1225088,
          1224864,
          1223264,
          1222368,
          1222784,
          1220480,
          1220704,
          1223264,
          1223104,
          1224384
        ],
        "chunk_tokens": 192,
        "block_threads": 256,
        "staged_input_bytes": 202378268,
        "applicable": true
      },
      {
        "kernel": "onpair_dh_k7_t64_b1_h2",
        "role": "experimental",
        "stage_bytes": null,
        "chunk_size": 224,
        "decode_ms": 0.815072,
        "decode_gib_s": 1142.6260263533754,
        "decode_ns_iters": [
          817504,
          817568,
          827584,
          816608,
          825440,
          819712,
          820608,
          818144,
          816672,
          818400,
          815776,
          815072,
          816224,
          817728,
          816416,
          817472,
          815872,
          816768,
          819488,
          816544,
          817792,
          817216,
          816288,
          818368,
          818816,
          818240,
          818912,
          825024,
          817184,
          818336
        ],
        "chunk_tokens": 224,
        "block_threads": 64,
        "staged_input_bytes": 201788444,
        "applicable": true
      },
      {
        "kernel": "onpair_dh_k7_t64_b1_h3",
        "role": "experimental",
        "stage_bytes": null,
        "chunk_size": 224,
        "decode_ms": 0.813792,
        "decode_gib_s": 1144.423243963935,
        "decode_ns_iters": [
          820096,
          820704,
          825472,
          818848,
          814400,
          813792,
          815840,
          815104,
          820064,
          820672,
          820608,
          819200,
          819584,
          821216,
          819680,
          820096,
          819872,
          817280,
          819840,
          819808,
          819456,
          819520,
          823104,
          820544,
          822080,
          822336,
          829056,
          824576,
          822112,
          819296
        ],
        "chunk_tokens": 224,
        "block_threads": 64,
        "staged_input_bytes": 201788444,
        "applicable": true
      },
      {
        "kernel": "onpair_dh_k7_t64_b1_h4",
        "role": "experimental",
        "stage_bytes": null,
        "chunk_size": 224,
        "decode_ms": 0.81536,
        "decode_gib_s": 1142.222430033235,
        "decode_ns_iters": [
          820256,
          818976,
          822496,
          819648,
          819872,
          819744,
          819904,
          820480,
          819200,
          816576,
          815680,
          815360,
          818496,
          824000,
          816384,
          818368,
          816416,
          818304,
          818688,
          818016,
          821568,
          819648,
          818560,
          819456,
          818112,
          826656,
          819072,
          818912,
          819712,
          819680
        ],
        "chunk_tokens": 224,
        "block_threads": 64,
        "staged_input_bytes": 201788444,
        "applicable": true
      },
      {
        "kernel": "onpair_dh_k7_t64_b2_h2",
        "role": "experimental",
        "stage_bytes": null,
        "chunk_size": 224,
        "decode_ms": 0.81712,
        "decode_gib_s": 1139.7621898275634,
        "decode_ns_iters": [
          823136,
          819936,
          824416,
          827680,
          823552,
          821344,
          822624,
          823648,
          823872,
          821312,
          820544,
          819264,
          821056,
          820672,
          820064,
          817536,
          819200,
          818912,
          820480,
          820352,
          820064,
          823392,
          821408,
          820640,
          817120,
          818880,
          819968,
          826208,
          821280,
          818560
        ],
        "chunk_tokens": 224,
        "block_threads": 64,
        "staged_input_bytes": 201788444,
        "applicable": true
      },
      {
        "kernel": "onpair_dh_k7_t64_b2_h3",
        "role": "experimental",
        "stage_bytes": null,
        "chunk_size": 224,
        "decode_ms": 0.81632,
        "decode_gib_s": 1140.8791657094011,
        "decode_ns_iters": [
          820608,
          820352,
          819360,
          817728,
          818112,
          819744,
          817760,
          820160,
          820448,
          817440,
          819904,
          818080,
          818016,
          817856,
          817088,
          825248,
          816320,
          823552,
          818592,
          819584,
          819648,
          817216,
          816896,
          821376,
          820064,
          821696,
          819392,
          827200,
          820416,
          820032
        ],
        "chunk_tokens": 224,
        "block_threads": 64,
        "staged_input_bytes": 201788444,
        "applicable": true
      },
      {
        "kernel": "onpair_dh_k7_t64_b2_h4",
        "role": "experimental",
        "stage_bytes": null,
        "chunk_size": 224,
        "decode_ms": 0.817248,
        "decode_gib_s": 1139.5836766219047,
        "decode_ns_iters": [
          820544,
          819968,
          821280,
          817920,
          817536,
          819904,
          819104,
          819328,
          819040,
          820416,
          820032,
          820416,
          820768,
          820512,
          819616,
          819552,
          818976,
          817248,
          818144,
          818496,
          818176,
          819104,
          819264,
          823136,
          818688,
          819488,
          819200,
          821248,
          818784,
          819264
        ],
        "chunk_tokens": 224,
        "block_threads": 64,
        "staged_input_bytes": 201788444,
        "applicable": true
      },
      {
        "kernel": "onpair_dh_k7_t64_b4_h2",
        "role": "experimental",
        "stage_bytes": null,
        "chunk_size": 224,
        "decode_ms": 0.816,
        "decode_gib_s": 1141.3265693037972,
        "decode_ns_iters": [
          821472,
          820064,
          826464,
          820192,
          828512,
          820384,
          818784,
          819040,
          819296,
          821120,
          821408,
          821952,
          821376,
          820608,
          817856,
          821472,
          820352,
          820128,
          820032,
          818944,
          818464,
          819488,
          818976,
          817056,
          817056,
          816000,
          827552,
          816576,
          817600,
          816512
        ],
        "chunk_tokens": 224,
        "block_threads": 64,
        "staged_input_bytes": 201788444,
        "applicable": true
      },
      {
        "kernel": "onpair_dh_k7_t64_b4_h3",
        "role": "experimental",
        "stage_bytes": null,
        "chunk_size": 224,
        "decode_ms": 0.812256,
        "decode_gib_s": 1146.5873819976687,
        "decode_ns_iters": [
          816768,
          822848,
          815648,
          815200,
          818016,
          818880,
          819840,
          818848,
          819968,
          818624,
          819552,
          822368,
          817952,
          815520,
          816480,
          817152,
          813504,
          812256,
          813760,
          813280,
          816192,
          816960,
          816288,
          816672,
          816640,
          817856,
          818400,
          818080,
          819520,
          819424
        ],
        "chunk_tokens": 224,
        "block_threads": 64,
        "staged_input_bytes": 201788444,
        "applicable": true
      },
      {
        "kernel": "onpair_dh_k7_t64_b4_h4",
        "role": "experimental",
        "stage_bytes": null,
        "chunk_size": 224,
        "decode_ms": 0.815776,
        "decode_gib_s": 1141.6399606655486,
        "decode_ns_iters": [
          827744,
          815776,
          818880,
          818272,
          817568,
          819968,
          820224,
          820064,
          823040,
          818880,
          827712,
          816288,
          820800,
          819456,
          818176,
          817728,
          818432,
          818912,
          818848,
          819840,
          820448,
          821952,
          829600,
          819776,
          821376,
          817664,
          818656,
          818976,
          818432,
          819520
        ],
        "chunk_tokens": 224,
        "block_threads": 64,
        "staged_input_bytes": 201788444,
        "applicable": true
      },
      {
        "kernel": "onpair_dh_k7_t64_b6_h2",
        "role": "experimental",
        "stage_bytes": null,
        "chunk_size": 224,
        "decode_ms": 0.817088,
        "decode_gib_s": 1139.8068268679733,
        "decode_ns_iters": [
          818304,
          819104,
          819424,
          818368,
          817792,
          818592,
          818624,
          817728,
          820128,
          828480,
          818912,
          825664,
          818880,
          819680,
          820768,
          819872,
          820960,
          817408,
          817888,
          817760,
          817088,
          827776,
          817664,
          817920,
          818560,
          819648,
          819904,
          818144,
          820224,
          819712
        ],
        "chunk_tokens": 224,
        "block_threads": 64,
        "staged_input_bytes": 201788444,
        "applicable": true
      },
      {
        "kernel": "onpair_dh_k7_t64_b6_h3",
        "role": "experimental",
        "stage_bytes": null,
        "chunk_size": 224,
        "decode_ms": 0.817504,
        "decode_gib_s": 1139.2268179139166,
        "decode_ns_iters": [
          820320,
          818912,
          819616,
          819200,
          817632,
          818272,
          819296,
          817856,
          828032,
          817504,
          817600,
          819648,
          818144,
          819936,
          819072,
          818528,
          818976,
          819680,
          819648,
          819776,
          827552,
          820352,
          822112,
          820032,
          819616,
          820320,
          821472,
          819328,
          817600,
          820000
        ],
        "chunk_tokens": 224,
        "block_threads": 64,
        "staged_input_bytes": 201788444,
        "applicable": true
      },
      {
        "kernel": "onpair_dh_k7_t64_b6_h4",
        "role": "experimental",
        "stage_bytes": null,
        "chunk_size": 224,
        "decode_ms": 0.815104,
        "decode_gib_s": 1142.5811682336223,
        "decode_ns_iters": [
          821248,
          818624,
          819040,
          818752,
          817760,
          820864,
          820320,
          831232,
          817056,
          816096,
          818400,
          820704,
          819520,
          818080,
          818880,
          816256,
          818464,
          817984,
          816448,
          823232,
          815104,
          816224,
          820256,
          819808,
          820000,
          821056,
          819040,
          818272,
          819072,
          824832
        ],
        "chunk_tokens": 224,
        "block_threads": 64,
        "staged_input_bytes": 201788444,
        "applicable": true
      },
      {
        "kernel": "onpair_dh_k7_t64_b8_h2",
        "role": "experimental",
        "stage_bytes": null,
        "chunk_size": 224,
        "decode_ms": 0.816544,
        "decode_gib_s": 1140.5661918425687,
        "decode_ns_iters": [
          819104,
          818752,
          818336,
          819456,
          819968,
          818304,
          826624,
          818304,
          820288,
          820000,
          820864,
          820704,
          819936,
          818208,
          818720,
          819040,
          819328,
          819424,
          829984,
          818016,
          817088,
          817920,
          819904,
          816704,
          818816,
          816544,
          817824,
          816864,
          816992,
          822464
        ],
        "chunk_tokens": 224,
        "block_threads": 64,
        "staged_input_bytes": 201788444,
        "applicable": true
      },
      {
        "kernel": "onpair_dh_k7_t64_b8_h3",
        "role": "experimental",
        "stage_bytes": null,
        "chunk_size": 224,
        "decode_ms": 0.8168,
        "decode_gib_s": 1140.208717619856,
        "decode_ns_iters": [
          819008,
          818688,
          817984,
          817952,
          817120,
          818528,
          816800,
          816960,
          817920,
          819296,
          818464,
          816864,
          818016,
          817728,
          818528,
          817920,
          828544,
          819552,
          818336,
          822304,
          818272,
          819040,
          818336,
          818176,
          819104,
          819488,
          818976,
          817920,
          826528,
          818208
        ],
        "chunk_tokens": 224,
        "block_threads": 64,
        "staged_input_bytes": 201788444,
        "applicable": true
      },
      {
        "kernel": "onpair_dh_k7_t64_b8_h4",
        "role": "experimental",
        "stage_bytes": null,
        "chunk_size": 224,
        "decode_ms": 0.815584,
        "decode_gib_s": 1141.9087188467388,
        "decode_ns_iters": [
          817856,
          816896,
          817696,
          827552,
          816928,
          827360,
          818560,
          817312,
          815584,
          816352,
          817632,
          816192,
          817408,
          817952,
          819104,
          824448,
          816000,
          817248,
          817504,
          817120,
          817056,
          816576,
          818464,
          817216,
          816800,
          816736,
          817184,
          823616,
          818208,
          816960
        ],
        "chunk_tokens": 224,
        "block_threads": 64,
        "staged_input_bytes": 201788444,
        "applicable": true
      },
      {
        "kernel": "onpair_dh_k7_t128_b1_h2",
        "role": "experimental",
        "stage_bytes": null,
        "chunk_size": 224,
        "decode_ms": 0.815488,
        "decode_gib_s": 1142.0431453950255,
        "decode_ns_iters": [
          815872,
          821088,
          823168,
          816576,
          817824,
          818976,
          818880,
          818112,
          818528,
          816160,
          817056,
          818816,
          819392,
          817728,
          827904,
          817184,
          826144,
          817760,
          817984,
          817792,
          818528,
          817536,
          817728,
          818464,
          818016,
          817504,
          815488,
          816640,
          817536,
          816544
        ],
        "chunk_tokens": 224,
        "block_threads": 128,
        "staged_input_bytes": 201788444,
        "applicable": true
      },
      {
        "kernel": "onpair_dh_k7_t128_b1_h3",
        "role": "experimental",
        "stage_bytes": null,
        "chunk_size": 224,
        "decode_ms": 0.815456,
        "decode_gib_s": 1142.0879612779825,
        "decode_ns_iters": [
          816864,
          816416,
          817024,
          816864,
          817280,
          815872,
          817728,
          815456,
          817344,
          816384,
          816672,
          816896,
          818528,
          819360,
          826496,
          816000,
          816352,
          817472,
          816960,
          816288,
          817120,
          816000,
          817152,
          816224,
          816064,
          818144,
          815808,
          817952,
          817504,
          818880
        ],
        "chunk_tokens": 224,
        "block_threads": 128,
        "staged_input_bytes": 201788444,
        "applicable": true
      },
      {
        "kernel": "onpair_dh_k7_t128_b1_h4",
        "role": "experimental",
        "stage_bytes": null,
        "chunk_size": 224,
        "decode_ms": 0.814784,
        "decode_gib_s": 1143.029907990214,
        "decode_ns_iters": [
          817120,
          827072,
          816672,
          825248,
          815424,
          817440,
          817568,
          817280,
          817728,
          817152,
          818592,
          817824,
          816864,
          826624,
          817504,
          817536,
          817856,
          817088,
          815712,
          814784,
          815136,
          817824,
          815840,
          817600,
          818112,
          817280,
          825088,
          816896,
          817120,
          818240
        ],
        "chunk_tokens": 224,
        "block_threads": 128,
        "staged_input_bytes": 201788444,
        "applicable": true
      },
      {
        "kernel": "onpair_dh_k7_t128_b2_h2",
        "role": "experimental",
        "stage_bytes": null,
        "chunk_size": 224,
        "decode_ms": 0.814208,
        "decode_gib_s": 1143.8385284250442,
        "decode_ns_iters": [
          817024,
          822528,
          816416,
          814400,
          814976,
          816000,
          817760,
          819328,
          818880,
          818400,
          816896,
          818208,
          814752,
          816928,
          816896,
          816768,
          816640,
          815616,
          815840,
          816544,
          814208,
          815104,
          817664,
          816576,
          815744,
          824576,
          817408,
          823136,
          817888,
          815456
        ],
        "chunk_tokens": 224,
        "block_threads": 128,
        "staged_input_bytes": 201788444,
        "applicable": true
      },
      {
        "kernel": "onpair_dh_k7_t128_b2_h3",
        "role": "experimental",
        "stage_bytes": null,
        "chunk_size": 224,
        "decode_ms": 0.814528,
        "decode_gib_s": 1143.389153659418,
        "decode_ns_iters": [
          820128,
          817696,
          817856,
          818272,
          817824,
          817824,
          817184,
          817504,
          817856,
          815296,
          815168,
          814592,
          817152,
          816704,
          816064,
          816768,
          816256,
          814528,
          815232,
          816576,
          815328,
          815072,
          816128,
          816576,
          825696,
          815520,
          815136,
          815648,
          816736,
          818432
        ],
        "chunk_tokens": 224,
        "block_threads": 128,
        "staged_input_bytes": 201788444,
        "applicable": true
      },
      {
        "kernel": "onpair_dh_k7_t128_b2_h4",
        "role": "experimental",
        "stage_bytes": null,
        "chunk_size": 224,
        "decode_ms": 0.812448,
        "decode_gib_s": 1146.3164172376553,
        "decode_ns_iters": [
          817920,
          814400,
          813824,
          814080,
          813152,
          814464,
          814656,
          814496,
          812448,
          816480,
          815808,
          815584,
          814752,
          815808,
          816160,
          815488,
          814528,
          815744,
          816160,
          813408,
          822528,
          815712,
          815264,
          815264,
          815168,
          814208,
          815648,
          815168,
          816032,
          816352
        ],
        "chunk_tokens": 224,
        "block_threads": 128,
        "staged_input_bytes": 201788444,
        "applicable": true
      },
      {
        "kernel": "onpair_dh_k7_t128_b4_h2",
        "role": "experimental",
        "stage_bytes": null,
        "chunk_size": 224,
        "decode_ms": 0.81488,
        "decode_gib_s": 1142.8952490574054,
        "decode_ns_iters": [
          818784,
          817376,
          816416,
          816032,
          816960,
          824576,
          817248,
          815424,
          814880,
          819040,
          817696,
          816640,
          818048,
          817440,
          818976,
          815424,
          815552,
          817568,
          816512,
          815744,
          817536,
          816032,
          815808,
          816960,
          817536,
          817568,
          816608,
          815776,
          824224,
          815712
        ],
        "chunk_tokens": 224,
        "block_threads": 128,
        "staged_input_bytes": 201788444,
        "applicable": true
      },
      {
        "kernel": "onpair_dh_k7_t128_b4_h3",
        "role": "experimental",
        "stage_bytes": null,
        "chunk_size": 224,
        "decode_ms": 0.813088,
        "decode_gib_s": 1145.4141255951367,
        "decode_ns_iters": [
          818272,
          816960,
          815584,
          823680,
          814368,
          816736,
          816096,
          813440,
          813536,
          816448,
          815936,
          817248,
          816544,
          816704,
          815744,
          816128,
          816032,
          814112,
          816160,
          817856,
          815872,
          815168,
          817280,
          817888,
          813088,
          815968,
          821856,
          813952,
          813760,
          815616
        ],
        "chunk_tokens": 224,
        "block_threads": 128,
        "staged_input_bytes": 201788444,
        "applicable": true
      },
      {
        "kernel": "onpair_dh_k7_t128_b4_h4",
        "role": "experimental",
        "stage_bytes": null,
        "chunk_size": 224,
        "decode_ms": 0.812704,
        "decode_gib_s": 1145.9553300486998,
        "decode_ns_iters": [
          813888,
          815968,
          814176,
          816032,
          812928,
          816256,
          817376,
          815552,
          816704,
          816416,
          814880,
          816032,
          815904,
          816960,
          816000,
          814432,
          812704,
          812704,
          813408,
          814880,
          813696,
          822080,
          814240,
          816672,
          816992,
          816480,
          815744,
          815648,
          816896,
          817312
        ],
        "chunk_tokens": 224,
        "block_threads": 128,
        "staged_input_bytes": 201788444,
        "applicable": true
      },
      {
        "kernel": "onpair_dh_k7_t128_b6_h2",
        "role": "experimental",
        "stage_bytes": null,
        "chunk_size": 224,
        "decode_ms": 0.810496,
        "decode_gib_s": 1149.0772077245274,
        "decode_ns_iters": [
          818976,
          817632,
          817024,
          816992,
          815136,
          814848,
          815584,
          823040,
          815648,
          814112,
          812480,
          813280,
          813760,
          813408,
          815968,
          815424,
          813280,
          812832,
          813824,
          810496,
          816352,
          815040,
          815552,
          816064,
          815776,
          816128,
          815616,
          815872,
          818304,
          817248
        ],
        "chunk_tokens": 224,
        "block_threads": 128,
        "staged_input_bytes": 201788444,
        "applicable": true
      },
      {
        "kernel": "onpair_dh_k7_t128_b6_h3",
        "role": "experimental",
        "stage_bytes": null,
        "chunk_size": 224,
        "decode_ms": 0.81344,
        "decode_gib_s": 1144.9184703873652,
        "decode_ns_iters": [
          816224,
          815808,
          815968,
          823456,
          813728,
          825824,
          816384,
          814656,
          814848,
          813664,
          813952,
          814176,
          814816,
          813440,
          822720,
          814112,
          816768,
          816736,
          815360,
          815104,
          815520,
          816960,
          815744,
          818432,
          817120,
          816032,
          817888,
          817888,
          816192,
          815360
        ],
        "chunk_tokens": 224,
        "block_threads": 128,
        "staged_input_bytes": 201788444,
        "applicable": true
      },
      {
        "kernel": "onpair_dh_k7_t128_b6_h4",
        "role": "experimental",
        "stage_bytes": null,
        "chunk_size": 224,
        "decode_ms": 0.8128,
        "decode_gib_s": 1145.8199809939697,
        "decode_ns_iters": [
          817088,
          816000,
          815872,
          816384,
          813600,
          815392,
          814080,
          815040,
          817376,
          815392,
          815200,
          817120,
          825376,
          817312,
          815168,
          815712,
          815904,
          814560,
          815840,
          814176,
          816288,
          814784,
          814688,
          822336,
          816192,
          813952,
          812800,
          813760,
          813696,
          816448
        ],
        "chunk_tokens": 224,
        "block_threads": 128,
        "staged_input_bytes": 201788444,
        "applicable": true
      },
      {
        "kernel": "onpair_dh_k7_t128_b8_h2",
        "role": "experimental",
        "stage_bytes": null,
        "chunk_size": 224,
        "decode_ms": 0.81424,
        "decode_gib_s": 1143.7935750539136,
        "decode_ns_iters": [
          821632,
          820064,
          819520,
          818208,
          817312,
          817632,
          818368,
          816192,
          830496,
          817024,
          827328,
          817952,
          817568,
          817376,
          817632,
          818400,
          818048,
          818368,
          817792,
          816288,
          827488,
          818048,
          814240,
          814304,
          816448,
          816640,
          815712,
          817152,
          818368,
          817024
        ],
        "chunk_tokens": 224,
        "block_threads": 128,
        "staged_input_bytes": 201788444,
        "applicable": true
      },
      {
        "kernel": "onpair_dh_k7_t128_b8_h3",
        "role": "experimental",
        "stage_bytes": null,
        "chunk_size": 224,
        "decode_ms": 0.814912,
        "decode_gib_s": 1142.8503697968597,
        "decode_ns_iters": [
          816096,
          815104,
          816096,
          818016,
          814912,
          821824,
          815968,
          815904,
          815840,
          816352,
          816672,
          819104,
          815008,
          816384,
          817472,
          817440,
          815904,
          825536,
          814976,
          815328,
          816512,
          817056,
          817152,
          816864,
          815584,
          817024,
          816384,
          816864,
          816256,
          824224
        ],
        "chunk_tokens": 224,
        "block_threads": 128,
        "staged_input_bytes": 201788444,
        "applicable": true
      },
      {
        "kernel": "onpair_dh_k7_t128_b8_h4",
        "role": "experimental",
        "stage_bytes": null,
        "chunk_size": 224,
        "decode_ms": 0.818976,
        "decode_gib_s": 1137.1792098326428,
        "decode_ns_iters": [
          823008,
          823520,
          823264,
          831520,
          823488,
          823904,
          824512,
          822720,
          823744,
          823360,
          821760,
          821632,
          821760,
          822944,
          827808,
          823264,
          829696,
          821760,
          823296,
          822272,
          819872,
          820800,
          822272,
          822752,
          821504,
          823136,
          821120,
          819008,
          826016,
          818976
        ],
        "chunk_tokens": 224,
        "block_threads": 128,
        "staged_input_bytes": 201788444,
        "applicable": true
      },
      {
        "kernel": "onpair_dh_k7_t256_b1_h0",
        "role": "experimental",
        "stage_bytes": null,
        "chunk_size": 224,
        "decode_ms": 0.819136,
        "decode_gib_s": 1136.9570871648891,
        "decode_ns_iters": [
          819136,
          819264,
          821504,
          822048,
          820928,
          822208,
          821824,
          821760,
          822592,
          821504,
          822848,
          821088,
          821504,
          821856,
          821664,
          821152,
          821664,
          820256,
          821184,
          821152,
          820896,
          822400,
          821344,
          822560,
          822848,
          821696,
          822720,
          823296,
          822016,
          823040
        ],
        "chunk_tokens": 224,
        "block_threads": 256,
        "staged_input_bytes": 201788444,
        "applicable": true
      },
      {
        "kernel": "onpair_dh_k7_t256_b1_h2",
        "role": "experimental",
        "stage_bytes": null,
        "chunk_size": 224,
        "decode_ms": 0.819168,
        "decode_gib_s": 1136.912673043745,
        "decode_ns_iters": [
          824640,
          831232,
          824096,
          823872,
          824128,
          824224,
          824384,
          824256,
          823616,
          822400,
          823968,
          822848,
          824000,
          823296,
          823552,
          823680,
          825088,
          823936,
          822144,
          823968,
          823584,
          822464,
          827872,
          821536,
          819168,
          820224,
          827488,
          820640,
          831520,
          821984
        ],
        "chunk_tokens": 224,
        "block_threads": 256,
        "staged_input_bytes": 201788444,
        "applicable": true
      },
      {
        "kernel": "onpair_dh_k7_t256_b1_h3",
        "role": "experimental",
        "stage_bytes": null,
        "chunk_size": 224,
        "decode_ms": 0.819616,
        "decode_gib_s": 1136.2912394973969,
        "decode_ns_iters": [
          819616,
          821920,
          826304,
          823744,
          824448,
          823456,
          824320,
          822976,
          821824,
          821856,
          821952,
          822080,
          820992,
          832544,
          822976,
          823648,
          823840,
          824288,
          822848,
          825472,
          822688,
          822976,
          822528,
          822816,
          822720,
          820864,
          829888,
          820544,
          821600,
          822432
        ],
        "chunk_tokens": 224,
        "block_threads": 256,
        "staged_input_bytes": 201788444,
        "applicable": true
      },
      {
        "kernel": "onpair_dh_k7_t256_b1_h4",
        "role": "experimental",
        "stage_bytes": null,
        "chunk_size": 224,
        "decode_ms": 0.815392,
        "decode_gib_s": 1142.1776035966732,
        "decode_ns_iters": [
          820192,
          820864,
          819200,
          819712,
          818688,
          817344,
          817376,
          818464,
          825568,
          819776,
          815392,
          820320,
          819392,
          820000,
          819872,
          818304,
          818976,
          818688,
          819584,
          820384,
          818656,
          818144,
          816544,
          817152,
          827264,
          819264,
          818688,
          817696,
          816992,
          818144
        ],
        "chunk_tokens": 224,
        "block_threads": 256,
        "staged_input_bytes": 201788444,
        "applicable": true
      },
      {
        "kernel": "onpair_dh_k7_t256_b2_h2",
        "role": "experimental",
        "stage_bytes": null,
        "chunk_size": 224,
        "decode_ms": 0.821056,
        "decode_gib_s": 1134.29836765324,
        "decode_ns_iters": [
          824416,
          824320,
          823168,
          824576,
          823168,
          824448,
          822272,
          822368,
          822272,
          824544,
          823840,
          831872,
          824704,
          830624,
          822912,
          824800,
          821056,
          822400,
          822976,
          822624,
          823136,
          824608,
          823680,
          823200,
          824256,
          824928,
          823008,
          821568,
          821920,
          822240
        ],
        "chunk_tokens": 224,
        "block_threads": 256,
        "staged_input_bytes": 201788444,
        "applicable": true
      },
      {
        "kernel": "onpair_dh_k7_t256_b2_h3",
        "role": "experimental",
        "stage_bytes": null,
        "chunk_size": 224,
        "decode_ms": 0.82,
        "decode_gib_s": 1135.7591226242664,
        "decode_ns_iters": [
          823104,
          823744,
          821344,
          822592,
          821664,
          821056,
          821056,
          821216,
          820256,
          820704,
          829536,
          821408,
          824160,
          822208,
          821984,
          821184,
          822080,
          823200,
          822688,
          823552,
          823776,
          823296,
          822496,
          822784,
          821312,
          820000,
          820608,
          822336,
          821088,
          822176
        ],
        "chunk_tokens": 224,
        "block_threads": 256,
        "staged_input_bytes": 201788444,
        "applicable": true
      },
      {
        "kernel": "onpair_dh_k7_t256_b2_h4",
        "role": "experimental",
        "stage_bytes": null,
        "chunk_size": 224,
        "decode_ms": 0.816032,
        "decode_gib_s": 1141.2818131542617,
        "decode_ns_iters": [
          818400,
          819264,
          820768,
          821088,
          820416,
          820832,
          819424,
          818656,
          820224,
          827232,
          820800,
          819008,
          817280,
          818176,
          818368,
          816032,
          819264,
          820256,
          818752,
          819424,
          818432,
          828448,
          820192,
          820832,
          818976,
          821184,
          819968,
          819584,
          818720,
          818400
        ],
        "chunk_tokens": 224,
        "block_threads": 256,
        "staged_input_bytes": 201788444,
        "applicable": true
      },
      {
        "kernel": "onpair_dh_k7_t256_b4_h0",
        "role": "experimental",
        "stage_bytes": null,
        "chunk_size": 224,
        "decode_ms": 0.819808,
        "decode_gib_s": 1136.0251187496322,
        "decode_ns_iters": [
          821632,
          819808,
          820864,
          822080,
          821568,
          820864,
          822496,
          821184,
          822976,
          824032,
          822944,
          824064,
          823776,
          823904,
          821728,
          824576,
          822752,
          823104,
          824352,
          821280,
          832992,
          822048,
          821824,
          822560,
          822784,
          822432,
          822944,
          824000,
          822400,
          824000
        ],
        "chunk_tokens": 224,
        "block_threads": 256,
        "staged_input_bytes": 201788444,
        "applicable": true
      },
      {
        "kernel": "onpair_dh_k7_t256_b4_h2",
        "role": "experimental",
        "stage_bytes": null,
        "chunk_size": 224,
        "decode_ms": 0.821792,
        "decode_gib_s": 1133.2824857772994,
        "decode_ns_iters": [
          826784,
          825920,
          827456,
          824672,
          824768,
          823104,
          821792,
          826880,
          821920,
          828480,
          821888,
          830304,
          822016,
          823904,
          824480,
          826784,
          827360,
          824800,
          824288,
          824320,
          833952,
          825120,
          833696,
          826400,
          825216,
          827328,
          826464,
          826528,
          829664,
          826304
        ],
        "chunk_tokens": 224,
        "block_threads": 256,
        "staged_input_bytes": 201788444,
        "applicable": true
      },
      {
        "kernel": "onpair_dh_k7_t256_b4_h3",
        "role": "experimental",
        "stage_bytes": null,
        "chunk_size": 224,
        "decode_ms": 0.819904,
        "decode_gib_s": 1135.8921051146212,
        "decode_ns_iters": [
          826464,
          824320,
          825952,
          824160,
          824384,
          823360,
          825216,
          825184,
          824992,
          833568,
          825952,
          832928,
          827968,
          825600,
          824224,
          824160,
          825088,
          821600,
          822912,
          821120,
          823456,
          825152,
          821632,
          820384,
          820480,
          819904,
          822336,
          822784,
          824352,
          823424
        ],
        "chunk_tokens": 224,
        "block_threads": 256,
        "staged_input_bytes": 201788444,
        "applicable": true
      },
      {
        "kernel": "onpair_dh_k7_t256_b4_h4",
        "role": "experimental",
        "stage_bytes": null,
        "chunk_size": 224,
        "decode_ms": 0.826752,
        "decode_gib_s": 1126.4834926941796,
        "decode_ns_iters": [
          826752,
          828736,
          830880,
          831936,
          829312,
          829152,
          828800,
          829568,
          831456,
          830848,
          828960,
          828992,
          830112,
          828704,
          827584,
          827072,
          828032,
          827424,
          827936,
          827872,
          827744,
          827616,
          835232,
          827008,
          827808,
          826784,
          828096,
          827872,
          828736,
          826816
        ],
        "chunk_tokens": 224,
        "block_threads": 256,
        "staged_input_bytes": 201788444,
        "applicable": true
      },
      {
        "kernel": "onpair_dh_k7_t256_b6_h2",
        "role": "experimental",
        "stage_bytes": null,
        "chunk_size": 224,
        "decode_ms": 1.034752,
        "decode_gib_s": 900.044146377005,
        "decode_ns_iters": [
          1036480,
          1037440,
          1038112,
          1037536,
          1036192,
          1036384,
          1044736,
          1034752,
          1038240,
          1037600,
          1038464,
          1037568,
          1037632,
          1038496,
          1038656,
          1040928,
          1039072,
          1037792,
          1038496,
          1039328,
          1037216,
          1037440,
          1038144,
          1037056,
          1038112,
          1039168,
          1038048,
          1038560,
          1037376,
          1039104
        ],
        "chunk_tokens": 224,
        "block_threads": 256,
        "staged_input_bytes": 201788444,
        "applicable": true
      },
      {
        "kernel": "onpair_dh_k7_t256_b6_h3",
        "role": "experimental",
        "stage_bytes": null,
        "chunk_size": 224,
        "decode_ms": 1.045888,
        "decode_gib_s": 890.4610059125819,
        "decode_ns_iters": [
          1054400,
          1053824,
          1051456,
          1051040,
          1049600,
          1052608,
          1061408,
          1051488,
          1051232,
          1051872,
          1051040,
          1051104,
          1051232,
          1051488,
          1051936,
          1052800,
          1050848,
          1049760,
          1049344,
          1050080,
          1049696,
          1050016,
          1045888,
          1050880,
          1050080,
          1050848,
          1049856,
          1048480,
          1051296,
          1052736
        ],
        "chunk_tokens": 224,
        "block_threads": 256,
        "staged_input_bytes": 201788444,
        "applicable": true
      },
      {
        "kernel": "onpair_dh_k7_t256_b6_h4",
        "role": "experimental",
        "stage_bytes": null,
        "chunk_size": 224,
        "decode_ms": 1.111424,
        "decode_gib_s": 837.9542645758041,
        "decode_ns_iters": [
          1114720,
          1114112,
          1115232,
          1114624,
          1114656,
          1116480,
          1115328,
          1113888,
          1115744,
          1113952,
          1115584,
          1115040,
          1118752,
          1113952,
          1115648,
          1113952,
          1121888,
          1118720,
          1113440,
          1115296,
          1114080,
          1112352,
          1112288,
          1112800,
          1112544,
          1113408,
          1118112,
          1111424,
          1112800,
          1114880
        ],
        "chunk_tokens": 224,
        "block_threads": 256,
        "staged_input_bytes": 201788444,
        "applicable": true
      },
      {
        "kernel": "onpair_dh_k7_t256_b8_h0",
        "role": "experimental",
        "stage_bytes": null,
        "chunk_size": 224,
        "decode_ms": 1.285568,
        "decode_gib_s": 724.4443549869774,
        "decode_ns_iters": [
          1292000,
          1287104,
          1294848,
          1292896,
          1292576,
          1290400,
          1288096,
          1289792,
          1288576,
          1287264,
          1285568,
          1293216,
          1288832,
          1289440,
          1293408,
          1304288,
          1292128,
          1289824,
          1293440,
          1292608,
          1290720,
          1293056,
          1290016,
          1292000,
          1294304,
          1291424,
          1296992,
          1292672,
          1297120,
          1292416
        ],
        "chunk_tokens": 224,
        "block_threads": 256,
        "staged_input_bytes": 201788444,
        "applicable": true
      },
      {
        "kernel": "onpair_dh_k7_t256_b8_h2",
        "role": "experimental",
        "stage_bytes": null,
        "chunk_size": 224,
        "decode_ms": 1.246656,
        "decode_gib_s": 747.0565100171166,
        "decode_ns_iters": [
          1254656,
          1254080,
          1251200,
          1251040,
          1249632,
          1249536,
          1247488,
          1250240,
          1258400,
          1251232,
          1248352,
          1252000,
          1248480,
          1251520,
          1252448,
          1250624,
          1250208,
          1250048,
          1250688,
          1249568,
          1246656,
          1252608,
          1250752,
          1250048,
          1252640,
          1251104,
          1252384,
          1249280,
          1250464,
          1254144
        ],
        "chunk_tokens": 224,
        "block_threads": 256,
        "staged_input_bytes": 201788444,
        "applicable": true
      },
      {
        "kernel": "onpair_dh_k7_t256_b8_h3",
        "role": "experimental",
        "stage_bytes": null,
        "chunk_size": 224,
        "decode_ms": 1.272064,
        "decode_gib_s": 732.1349244628402,
        "decode_ns_iters": [
          1282752,
          1273152,
          1273120,
          1276736,
          1272192,
          1284672,
          1273952,
          1276064,
          1280192,
          1275200,
          1272768,
          1278112,
          1272192,
          1274880,
          1276640,
          1273344,
          1275200,
          1274112,
          1273280,
          1272768,
          1274496,
          1272064,
          1273344,
          1273504,
          1275232,
          1273024,
          1272896,
          1275360,
          1272192,
          1274400
        ],
        "chunk_tokens": 224,
        "block_threads": 256,
        "staged_input_bytes": 201788444,
        "applicable": true
      },
      {
        "kernel": "onpair_dh_k7_t256_b8_h4",
        "role": "experimental",
        "stage_bytes": null,
        "chunk_size": 224,
        "decode_ms": 1.332448,
        "decode_gib_s": 698.9559671761288,
        "decode_ns_iters": [
          1343360,
          1341536,
          1341312,
          1342400,
          1342208,
          1341344,
          1340192,
          1345504,
          1334976,
          1339616,
          1351744,
          1342304,
          1339552,
          1342624,
          1341824,
          1348096,
          1342432,
          1344448,
          1348192,
          1341248,
          1341408,
          1340576,
          1337760,
          1340000,
          1335072,
          1337344,
          1335552,
          1332448,
          1341920,
          1337120
        ],
        "chunk_tokens": 224,
        "block_threads": 256,
        "staged_input_bytes": 201788444,
        "applicable": true
      },
      {
        "kernel": "onpair_dh_k8_t64_b1_h2",
        "role": "experimental",
        "stage_bytes": null,
        "chunk_size": 256,
        "decode_ms": 0.848064,
        "decode_gib_s": 1098.1747610462164,
        "decode_ns_iters": [
          855936,
          855008,
          854112,
          854784,
          852608,
          860608,
          853344,
          851360,
          851392,
          853024,
          852896,
          856352,
          854592,
          852096,
          852224,
          851968,
          852416,
          853600,
          852224,
          852352,
          849536,
          851616,
          851296,
          851648,
          851648,
          855808,
          848064,
          850848,
          853024,
          852832
        ],
        "chunk_tokens": 256,
        "block_threads": 64,
        "staged_input_bytes": 201346068,
        "applicable": true
      },
      {
        "kernel": "onpair_dh_k8_t64_b1_h3",
        "role": "experimental",
        "stage_bytes": null,
        "chunk_size": 256,
        "decode_ms": 0.85232,
        "decode_gib_s": 1092.6911025810712,
        "decode_ns_iters": [
          854912,
          855488,
          854432,
          855040,
          854048,
          855232,
          861760,
          854432,
          854592,
          856352,
          863040,
          854752,
          854336,
          853536,
          854752,
          860544,
          853120,
          853440,
          853696,
          854464,
          853760,
          853504,
          855776,
          855008,
          852768,
          854784,
          853792,
          859264,
          852320,
          853056
        ],
        "chunk_tokens": 256,
        "block_threads": 64,
        "staged_input_bytes": 201346068,
        "applicable": true
      },
      {
        "kernel": "onpair_dh_k8_t64_b1_h4",
        "role": "experimental",
        "stage_bytes": null,
        "chunk_size": 256,
        "decode_ms": 0.848288,
        "decode_gib_s": 1097.8847756326843,
        "decode_ns_iters": [
          853056,
          852736,
          852960,
          852928,
          850336,
          849312,
          856832,
          850496,
          848832,
          848288,
          848832,
          850816,
          850208,
          849888,
          850336,
          850752,
          853376,
          853120,
          854272,
          851712,
          852448,
          852832,
          852448,
          853376,
          853152,
          860960,
          854272,
          852224,
          860448,
          853312
        ],
        "chunk_tokens": 256,
        "block_threads": 64,
        "staged_input_bytes": 201346068,
        "applicable": true
      },
      {
        "kernel": "onpair_dh_k8_t64_b2_h2",
        "role": "experimental",
        "stage_bytes": null,
        "chunk_size": 256,
        "decode_ms": 0.850112,
        "decode_gib_s": 1095.529154454823,
        "decode_ns_iters": [
          854112,
          852032,
          853216,
          853280,
          852928,
          853792,
          853536,
          852448,
          863616,
          853088,
          852544,
          852608,
          863328,
          852800,
          852064,
          853120,
          853984,
          855200,
          855904,
          855840,
          853184,
          852640,
          852256,
          850112,
          851072,
          852192,
          851648,
          853024,
          850848,
          851616
        ],
        "chunk_tokens": 256,
        "block_threads": 64,
        "staged_input_bytes": 201346068,
        "applicable": true
      },
      {
        "kernel": "onpair_dh_k8_t64_b2_h3",
        "role": "experimental",
        "stage_bytes": null,
        "chunk_size": 256,
        "decode_ms": 0.851104,
        "decode_gib_s": 1094.2522659415283,
        "decode_ns_iters": [
          853184,
          854240,
          851680,
          852832,
          852448,
          852352,
          854400,
          855968,
          851936,
          853728,
          852224,
          852352,
          853088,
          853504,
          863040,
          864128,
          852640,
          853536,
          851104,
          851648,
          853504,
          855168,
          854944,
          852736,
          853664,
          852896,
          853376,
          855680,
          853440,
          854656
        ],
        "chunk_tokens": 256,
        "block_threads": 64,
        "staged_input_bytes": 201346068,
        "applicable": true
      },
      {
        "kernel": "onpair_dh_k8_t64_b2_h4",
        "role": "experimental",
        "stage_bytes": null,
        "chunk_size": 256,
        "decode_ms": 0.84848,
        "decode_gib_s": 1097.6363385723864,
        "decode_ns_iters": [
          853312,
          860576,
          855424,
          852800,
          852096,
          851328,
          852736,
          851104,
          850080,
          852096,
          848480,
          848896,
          848864,
          849280,
          855008,
          852416,
          852064,
          856192,
          854272,
          851360,
          862368,
          860352,
          851392,
          851360,
          853856,
          853152,
          849120,
          855072,
          853472,
          854656
        ],
        "chunk_tokens": 256,
        "block_threads": 64,
        "staged_input_bytes": 201346068,
        "applicable": true
      },
      {
        "kernel": "onpair_dh_k8_t64_b4_h2",
        "role": "experimental",
        "stage_bytes": null,
        "chunk_size": 256,
        "decode_ms": 0.849696,
        "decode_gib_s": 1096.0655111379817,
        "decode_ns_iters": [
          853632,
          853312,
          851808,
          853504,
          862016,
          852800,
          852960,
          852352,
          852800,
          853312,
          853984,
          851520,
          853056,
          851680,
          851104,
          852544,
          852768,
          849952,
          851360,
          852416,
          850080,
          849696,
          849792,
          852416,
          853120,
          852032,
          851264,
          858208,
          851360,
          851680
        ],
        "chunk_tokens": 256,
        "block_threads": 64,
        "staged_input_bytes": 201346068,
        "applicable": true
      },
      {
        "kernel": "onpair_dh_k8_t64_b4_h3",
        "role": "experimental",
        "stage_bytes": null,
        "chunk_size": 256,
        "decode_ms": 0.849632,
        "decode_gib_s": 1096.1480741684618,
        "decode_ns_iters": [
          853440,
          853344,
          852192,
          851424,
          852896,
          852448,
          853376,
          853312,
          854752,
          862592,
          861344,
          856576,
          856288,
          856064,
          856256,
          854080,
          855392,
          855392,
          854016,
          850912,
          853504,
          849632,
          850464,
          850272,
          850560,
          854496,
          854016,
          854752,
          854400,
          854496
        ],
        "chunk_tokens": 256,
        "block_threads": 64,
        "staged_input_bytes": 201346068,
        "applicable": true
      },
      {
        "kernel": "onpair_dh_k8_t64_b4_h4",
        "role": "experimental",
        "stage_bytes": null,
        "chunk_size": 256,
        "decode_ms": 0.849856,
        "decode_gib_s": 1095.8591579654653,
        "decode_ns_iters": [
          854336,
          854752,
          853312,
          852704,
          852896,
          852640,
          851808,
          852288,
          852576,
          853248,
          851296,
          851680,
          850848,
          851680,
          858176,
          853760,
          854016,
          852896,
          852256,
          851008,
          853248,
          852288,
          851168,
          852704,
          853152,
          852448,
          852768,
          852864,
          850592,
          849856
        ],
        "chunk_tokens": 256,
        "block_threads": 64,
        "staged_input_bytes": 201346068,
        "applicable": true
      },
      {
        "kernel": "onpair_dh_k8_t64_b6_h2",
        "role": "experimental",
        "stage_bytes": null,
        "chunk_size": 256,
        "decode_ms": 0.84848,
        "decode_gib_s": 1097.6363385723864,
        "decode_ns_iters": [
          852672,
          854464,
          850880,
          851296,
          849728,
          851552,
          855104,
          853824,
          852352,
          853728,
          851840,
          851648,
          849504,
          854688,
          848480,
          852192,
          853184,
          853792,
          854624,
          853888,
          853344,
          852928,
          853152,
          852768,
          853280,
          851840,
          851104,
          853824,
          852992,
          851648
        ],
        "chunk_tokens": 256,
        "block_threads": 64,
        "staged_input_bytes": 201346068,
        "applicable": true
      },
      {
        "kernel": "onpair_dh_k8_t64_b6_h3",
        "role": "experimental",
        "stage_bytes": null,
        "chunk_size": 256,
        "decode_ms": 0.850368,
        "decode_gib_s": 1095.1993496367438,
        "decode_ns_iters": [
          853280,
          852480,
          851488,
          852224,
          852320,
          853248,
          854944,
          854496,
          854400,
          854368,
          853696,
          853120,
          852608,
          859872,
          852288,
          852608,
          861216,
          859232,
          854624,
          851840,
          852384,
          853056,
          851968,
          851456,
          851168,
          851840,
          850368,
          854272,
          855008,
          853088
        ],
        "chunk_tokens": 256,
        "block_threads": 64,
        "staged_input_bytes": 201346068,
        "applicable": true
      },
      {
        "kernel": "onpair_dh_k8_t64_b6_h4",
        "role": "experimental",
        "stage_bytes": null,
        "chunk_size": 256,
        "decode_ms": 0.849344,
        "decode_gib_s": 1096.519761783092,
        "decode_ns_iters": [
          852160,
          849344,
          849696,
          853280,
          853568,
          854240,
          851488,
          854944,
          856896,
          854720,
          859232,
          852896,
          851392,
          854624,
          851072,
          854688,
          855040,
          853696,
          851776,
          854144,
          854112,
          862080,
          862112,
          854560,
          857664,
          851072,
          851968,
          851872,
          853440,
          851712
        ],
        "chunk_tokens": 256,
        "block_threads": 64,
        "staged_input_bytes": 201346068,
        "applicable": true
      },
      {
        "kernel": "onpair_dh_k8_t64_b8_h2",
        "role": "experimental",
        "stage_bytes": null,
        "chunk_size": 256,
        "decode_ms": 0.848448,
        "decode_gib_s": 1097.6777369407419,
        "decode_ns_iters": [
          848448,
          856544,
          851616,
          852320,
          852096,
          851776,
          852096,
          852032,
          854080,
          853472,
          853440,
          852640,
          851616,
          850912,
          850752,
          850752,
          850944,
          849152,
          849728,
          849120,
          849568,
          848896,
          850752,
          860832,
          854176,
          852544,
          853184,
          851456,
          853664,
          853376
        ],
        "chunk_tokens": 256,
        "block_threads": 64,
        "staged_input_bytes": 201346068,
        "applicable": true
      },
      {
        "kernel": "onpair_dh_k8_t64_b8_h3",
        "role": "experimental",
        "stage_bytes": null,
        "chunk_size": 256,
        "decode_ms": 0.84864,
        "decode_gib_s": 1097.4293935613437,
        "decode_ns_iters": [
          853760,
          855296,
          853280,
          853120,
          851904,
          864416,
          862752,
          853952,
          854592,
          854624,
          853696,
          854400,
          853824,
          854624,
          854752,
          854208,
          855584,
          852480,
          851712,
          851808,
          854208,
          852352,
          850880,
          853152,
          848640,
          851744,
          849984,
          850048,
          850496,
          860704
        ],
        "chunk_tokens": 256,
        "block_threads": 64,
        "staged_input_bytes": 201346068,
        "applicable": true
      },
      {
        "kernel": "onpair_dh_k8_t64_b8_h4",
        "role": "experimental",
        "stage_bytes": null,
        "chunk_size": 256,
        "decode_ms": 0.851328,
        "decode_gib_s": 1093.964348114826,
        "decode_ns_iters": [
          852832,
          852032,
          855328,
          853568,
          853376,
          852480,
          855424,
          852000,
          851648,
          852416,
          852416,
          861920,
          853088,
          855072,
          851744,
          851328,
          852352,
          852384,
          854080,
          851520,
          853280,
          853664,
          854016,
          853376,
          851744,
          852064,
          854432,
          853248,
          851936,
          854464
        ],
        "chunk_tokens": 256,
        "block_threads": 64,
        "staged_input_bytes": 201346068,
        "applicable": true
      },
      {
        "kernel": "onpair_dh_k8_t128_b1_h2",
        "role": "experimental",
        "stage_bytes": null,
        "chunk_size": 256,
        "decode_ms": 0.846144,
        "decode_gib_s": 1100.666648409607,
        "decode_ns_iters": [
          849664,
          849024,
          849600,
          850048,
          848320,
          848192,
          851008,
          850720,
          846912,
          850816,
          846144,
          846336,
          848800,
          860640,
          857344,
          849568,
          848608,
          849440,
          848064,
          849056,
          850240,
          849792,
          848864,
          850432,
          848000,
          849792,
          848672,
          847712,
          850944,
          848960
        ],
        "chunk_tokens": 256,
        "block_threads": 128,
        "staged_input_bytes": 201346068,
        "applicable": true
      },
      {
        "kernel": "onpair_dh_k8_t128_b1_h3",
        "role": "experimental",
        "stage_bytes": null,
        "chunk_size": 256,
        "decode_ms": 0.846304,
        "decode_gib_s": 1100.4585592788153,
        "decode_ns_iters": [
          851680,
          849792,
          848640,
          849568,
          849888,
          847424,
          850976,
          847936,
          846528,
          849248,
          848864,
          847744,
          849472,
          848416,
          856544,
          857728,
          848320,
          851200,
          851296,
          850592,
          850880,
          851904,
          851968,
          849440,
          848864,
          849440,
          849792,
          850432,
          846304,
          847040
        ],
        "chunk_tokens": 256,
        "block_threads": 128,
        "staged_input_bytes": 201346068,
        "applicable": true
      },
      {
        "kernel": "onpair_dh_k8_t128_b1_h4",
        "role": "experimental",
        "stage_bytes": null,
        "chunk_size": 256,
        "decode_ms": 0.845696,
        "decode_gib_s": 1101.249716862677,
        "decode_ns_iters": [
          851680,
          847840,
          847872,
          848096,
          847616,
          849248,
          850432,
          850496,
          848576,
          850784,
          849120,
          849440,
          850592,
          848640,
          845728,
          846304,
          845696,
          852704,
          847328,
          848224,
          846464,
          848096,
          848960,
          848480,
          849984,
          848256,
          848352,
          848672,
          848256,
          851168
        ],
        "chunk_tokens": 256,
        "block_threads": 128,
        "staged_input_bytes": 201346068,
        "applicable": true
      },
      {
        "kernel": "onpair_dh_k8_t128_b2_h2",
        "role": "experimental",
        "stage_bytes": null,
        "chunk_size": 256,
        "decode_ms": 0.847456,
        "decode_gib_s": 1098.9626370595033,
        "decode_ns_iters": [
          849984,
          850304,
          849600,
          848576,
          849472,
          849984,
          848832,
          850240,
          847456,
          848768,
          849760,
          849024,
          850240,
          850656,
          848992,
          849120,
          850080,
          849760,
          850240,
          848960,
          850656,
          858432,
          849280,
          847616,
          851552,
          848992,
          849344,
          849696,
          849408,
          849760
        ],
        "chunk_tokens": 256,
        "block_threads": 128,
        "staged_input_bytes": 201346068,
        "applicable": true
      },
      {
        "kernel": "onpair_dh_k8_t128_b2_h3",
        "role": "experimental",
        "stage_bytes": null,
        "chunk_size": 256,
        "decode_ms": 0.845344,
        "decode_gib_s": 1101.7082756273169,
        "decode_ns_iters": [
          854400,
          846464,
          845792,
          846880,
          847552,
          849024,
          848640,
          848640,
          849760,
          849536,
          852544,
          851296,
          850400,
          850016,
          848512,
          849728,
          848512,
          848832,
          850272,
          846496,
          846720,
          853664,
          845344,
          846592,
          847840,
          847648,
          846656,
          850144,
          852576,
          851680
        ],
        "chunk_tokens": 256,
        "block_threads": 128,
        "staged_input_bytes": 201346068,
        "applicable": true
      },
      {
        "kernel": "onpair_dh_k8_t128_b2_h4",
        "role": "experimental",
        "stage_bytes": null,
        "chunk_size": 256,
        "decode_ms": 0.845728,
        "decode_gib_s": 1101.2080486301725,
        "decode_ns_iters": [
          854912,
          852736,
          848160,
          849344,
          848384,
          848768,
          848928,
          849440,
          849344,
          849600,
          848672,
          848352,
          848256,
          847328,
          850240,
          849728,
          849632,
          849088,
          848128,
          848000,
          847680,
          845856,
          854240,
          845728,
          855904,
          847648,
          849088,
          848576,
          849408,
          848960
        ],
        "chunk_tokens": 256,
        "block_threads": 128,
        "staged_input_bytes": 201346068,
        "applicable": true
      },
      {
        "kernel": "onpair_dh_k8_t128_b4_h2",
        "role": "experimental",
        "stage_bytes": null,
        "chunk_size": 256,
        "decode_ms": 0.844832,
        "decode_gib_s": 1102.3759523217616,
        "decode_ns_iters": [
          849952,
          849472,
          858464,
          849440,
          847296,
          848160,
          848096,
          847584,
          850048,
          850048,
          851264,
          847328,
          849824,
          847296,
          847968,
          844928,
          846848,
          849824,
          847424,
          845920,
          845664,
          845696,
          855456,
          846912,
          845984,
          844864,
          844832,
          848096,
          848416,
          849440
        ],
        "chunk_tokens": 256,
        "block_threads": 128,
        "staged_input_bytes": 201346068,
        "applicable": true
      },
      {
        "kernel": "onpair_dh_k8_t128_b4_h3",
        "role": "experimental",
        "stage_bytes": null,
        "chunk_size": 256,
        "decode_ms": 0.847456,
        "decode_gib_s": 1098.9626370595033,
        "decode_ns_iters": [
          849984,
          849952,
          849952,
          860256,
          850304,
          848896,
          850560,
          851008,
          849536,
          849792,
          849792,
          851488,
          849472,
          850432,
          849728,
          849472,
          849120,
          852160,
          852256,
          849280,
          853792,
          851168,
          849440,
          848544,
          847744,
          858176,
          855584,
          848672,
          847456,
          857792
        ],
        "chunk_tokens": 256,
        "block_threads": 128,
        "staged_input_bytes": 201346068,
        "applicable": true
      },
      {
        "kernel": "onpair_dh_k8_t128_b4_h4",
        "role": "experimental",
        "stage_bytes": null,
        "chunk_size": 256,
        "decode_ms": 0.847392,
        "decode_gib_s": 1099.0456371453809,
        "decode_ns_iters": [
          850560,
          848608,
          848896,
          849408,
          850208,
          848800,
          860480,
          849440,
          848128,
          850080,
          850496,
          849824,
          849568,
          847968,
          848064,
          847488,
          847840,
          848352,
          847648,
          848256,
          848896,
          850304,
          852160,
          850528,
          849600,
          850464,
          852224,
          849824,
          855456,
          847392
        ],
        "chunk_tokens": 256,
        "block_threads": 128,
        "staged_input_bytes": 201346068,
        "applicable": true
      },
      {
        "kernel": "onpair_dh_k8_t128_b6_h2",
        "role": "experimental",
        "stage_bytes": null,
        "chunk_size": 256,
        "decode_ms": 0.844032,
        "decode_gib_s": 1103.420818821915,
        "decode_ns_iters": [
          851552,
          850912,
          850240,
          849920,
          849216,
          848544,
          850080,
          849440,
          848672,
          856768,
          856576,
          850304,
          850848,
          850368,
          849120,
          849664,
          849088,
          849728,
          850208,
          850528,
          850656,
          850688,
          849408,
          846624,
          844384,
          844736,
          846400,
          844032,
          844480,
          844480
        ],
        "chunk_tokens": 256,
        "block_threads": 128,
        "staged_input_bytes": 201346068,
        "applicable": true
      },
      {
        "kernel": "onpair_dh_k8_t128_b6_h3",
        "role": "experimental",
        "stage_bytes": null,
        "chunk_size": 256,
        "decode_ms": 0.848128,
        "decode_gib_s": 1098.091892440644,
        "decode_ns_iters": [
          850144,
          850016,
          849440,
          850976,
          848992,
          850208,
          851328,
          850720,
          850592,
          850816,
          858240,
          857440,
          848128,
          849056,
          850304,
          850400,
          849376,
          850752,
          851200,
          850400,
          849088,
          849312,
          850016,
          850752,
          853376,
          854656,
          853312,
          851808,
          853472,
          853984
        ],
        "chunk_tokens": 256,
        "block_threads": 128,
        "staged_input_bytes": 201346068,
        "applicable": true
      },
      {
        "kernel": "onpair_dh_k8_t128_b6_h4",
        "role": "experimental",
        "stage_bytes": null,
        "chunk_size": 256,
        "decode_ms": 0.847552,
        "decode_gib_s": 1098.8381604336944,
        "decode_ns_iters": [
          852704,
          850816,
          850720,
          849984,
          849472,
          850848,
          850016,
          852768,
          850080,
          849248,
          850080,
          850368,
          851168,
          849568,
          848672,
          849856,
          857408,
          847744,
          848960,
          848128,
          849248,
          848352,
          848608,
          848320,
          847552,
          850944,
          852352,
          851744,
          850976,
          849216
        ],
        "chunk_tokens": 256,
        "block_threads": 128,
        "staged_input_bytes": 201346068,
        "applicable": true
      },
      {
        "kernel": "onpair_dh_k8_t128_b8_h2",
        "role": "experimental",
        "stage_bytes": null,
        "chunk_size": 256,
        "decode_ms": 0.8456,
        "decode_gib_s": 1101.3747404823775,
        "decode_ns_iters": [
          851808,
          849760,
          850208,
          847456,
          845984,
          845600,
          847936,
          849792,
          848896,
          851872,
          849216,
          849088,
          849664,
          848896,
          848448,
          849504,
          854272,
          856352,
          851456,
          849632,
          849152,
          849632,
          849920,
          848448,
          849792,
          848640,
          850432,
          851424,
          852896,
          850240
        ],
        "chunk_tokens": 256,
        "block_threads": 128,
        "staged_input_bytes": 201346068,
        "applicable": true
      },
      {
        "kernel": "onpair_dh_k8_t128_b8_h3",
        "role": "experimental",
        "stage_bytes": null,
        "chunk_size": 256,
        "decode_ms": 0.848384,
        "decode_gib_s": 1097.7605430464253,
        "decode_ns_iters": [
          850432,
          848384,
          850048,
          853056,
          851360,
          852224,
          850400,
          853216,
          852256,
          850432,
          851808,
          851200,
          852512,
          851488,
          848448,
          851296,
          851904,
          852832,
          853440,
          851680,
          852000,
          853824,
          862432,
          859296,
          849696,
          853376,
          861952,
          851552,
          851168,
          852608
        ],
        "chunk_tokens": 256,
        "block_threads": 128,
        "staged_input_bytes": 201346068,
        "applicable": true
      },
      {
        "kernel": "onpair_dh_k8_t128_b8_h4",
        "role": "experimental",
        "stage_bytes": null,
        "chunk_size": 256,
        "decode_ms": 0.853056,
        "decode_gib_s": 1091.7483501105419,
        "decode_ns_iters": [
          862560,
          855648,
          857600,
          856768,
          856000,
          855584,
          866272,
          865664,
          855040,
          855104,
          856064,
          855840,
          856992,
          855040,
          855072,
          856992,
          855520,
          855840,
          857056,
          854944,
          855744,
          855904,
          857024,
          855296,
          856064,
          855008,
          855520,
          857088,
          853056,
          853568
        ],
        "chunk_tokens": 256,
        "block_threads": 128,
        "staged_input_bytes": 201346068,
        "applicable": true
      },
      {
        "kernel": "onpair_dh_k8_t256_b1_h0",
        "role": "experimental",
        "stage_bytes": null,
        "chunk_size": 256,
        "decode_ms": 0.84768,
        "decode_gib_s": 1098.6722354566564,
        "decode_ns_iters": [
          851328,
          851040,
          851264,
          850848,
          850080,
          850304,
          850816,
          850432,
          848992,
          850336,
          849280,
          849120,
          860032,
          847680,
          849312,
          850624,
          850752,
          849440,
          852384,
          851584,
          851168,
          851040,
          848544,
          850784,
          851648,
          849824,
          851648,
          850976,
          850592,
          852256
        ],
        "chunk_tokens": 256,
        "block_threads": 256,
        "staged_input_bytes": 201346068,
        "applicable": true
      },
      {
        "kernel": "onpair_dh_k8_t256_b1_h2",
        "role": "experimental",
        "stage_bytes": null,
        "chunk_size": 256,
        "decode_ms": 0.84624,
        "decode_gib_s": 1100.5417854886302,
        "decode_ns_iters": [
          849440,
          848160,
          848864,
          848992,
          851552,
          849152,
          848288,
          847872,
          850304,
          848960,
          847776,
          847488,
          848192,
          848800,
          849888,
          847776,
          849344,
          848096,
          848064,
          858208,
          859200,
          849920,
          846880,
          848224,
          849600,
          849376,
          846240,
          847488,
          846976,
          848704
        ],
        "chunk_tokens": 256,
        "block_threads": 256,
        "staged_input_bytes": 201346068,
        "applicable": true
      },
      {
        "kernel": "onpair_dh_k8_t256_b1_h3",
        "role": "experimental",
        "stage_bytes": null,
        "chunk_size": 256,
        "decode_ms": 0.850176,
        "decode_gib_s": 1095.4466846298867,
        "decode_ns_iters": [
          852672,
          858848,
          863104,
          853120,
          853248,
          855328,
          852096,
          852032,
          852192,
          851616,
          850912,
          853408,
          852096,
          852320,
          851264,
          852672,
          854144,
          850720,
          852160,
          851360,
          853792,
          853184,
          850816,
          853344,
          850336,
          852960,
          859968,
          854112,
          850176,
          851520
        ],
        "chunk_tokens": 256,
        "block_threads": 256,
        "staged_input_bytes": 201346068,
        "applicable": true
      },
      {
        "kernel": "onpair_dh_k8_t256_b1_h4",
        "role": "experimental",
        "stage_bytes": null,
        "chunk_size": 256,
        "decode_ms": 0.849792,
        "decode_gib_s": 1095.941689909882,
        "decode_ns_iters": [
          851808,
          852224,
          852960,
          857824,
          850656,
          851680,
          851360,
          857312,
          851168,
          850912,
          856512,
          850560,
          851680,
          850368,
          851872,
          851648,
          851264,
          850912,
          852960,
          852384,
          852800,
          851264,
          850080,
          851584,
          852640,
          851904,
          851872,
          849792,
          851520,
          850464
        ],
        "chunk_tokens": 256,
        "block_threads": 256,
        "staged_input_bytes": 201346068,
        "applicable": true
      },
      {
        "kernel": "onpair_dh_k8_t256_b2_h2",
        "role": "experimental",
        "stage_bytes": null,
        "chunk_size": 256,
        "decode_ms": 0.845056,
        "decode_gib_s": 1102.0837442156478,
        "decode_ns_iters": [
          849088,
          850400,
          848544,
          848736,
          849056,
          848992,
          850464,
          849504,
          848384,
          849216,
          847328,
          847168,
          856256,
          855648,
          847264,
          848128,
          848192,
          847456,
          845056,
          845408,
          846336,
          845152,
          848352,
          846784,
          846336,
          845568,
          846976,
          848576,
          849600,
          851808
        ],
        "chunk_tokens": 256,
        "block_threads": 256,
        "staged_input_bytes": 201346068,
        "applicable": true
      },
      {
        "kernel": "onpair_dh_k8_t256_b2_h3",
        "role": "experimental",
        "stage_bytes": null,
        "chunk_size": 256,
        "decode_ms": 0.84912,
        "decode_gib_s": 1096.8090264649265,
        "decode_ns_iters": [
          851584,
          850688,
          849248,
          850496,
          851136,
          851040,
          851840,
          849120,
          851648,
          850848,
          851264,
          850272,
          852448,
          852384,
          861056,
          862656,
          851008,
          850528,
          850528,
          849376,
          853088,
          851360,
          852352,
          852480,
          852192,
          851808,
          851424,
          851584,
          850560,
          852288
        ],
        "chunk_tokens": 256,
        "block_threads": 256,
        "staged_input_bytes": 201346068,
        "applicable": true
      },
      {
        "kernel": "onpair_dh_k8_t256_b2_h4",
        "role": "experimental",
        "stage_bytes": null,
        "chunk_size": 256,
        "decode_ms": 0.84992,
        "decode_gib_s": 1095.7766384505583,
        "decode_ns_iters": [
          850400,
          850880,
          850720,
          852384,
          851392,
          852160,
          850816,
          852576,
          851552,
          851008,
          852128,
          852160,
          853472,
          853568,
          851424,
          854240,
          852576,
          852480,
          852288,
          850848,
          859840,
          858304,
          849920,
          850944,
          857600,
          850624,
          851104,
          851840,
          853216,
          850784
        ],
        "chunk_tokens": 256,
        "block_threads": 256,
        "staged_input_bytes": 201346068,
        "applicable": true
      },
      {
        "kernel": "onpair_dh_k8_t256_b4_h0",
        "role": "experimental",
        "stage_bytes": null,
        "chunk_size": 256,
        "decode_ms": 0.847616,
        "decode_gib_s": 1098.755191681019,
        "decode_ns_iters": [
          853120,
          849920,
          850912,
          862176,
          856864,
          855744,
          849152,
          848416,
          849088,
          851936,
          849760,
          852544,
          851072,
          855360,
          853216,
          852160,
          850528,
          851072,
          850176,
          849824,
          851296,
          850656,
          848544,
          849056,
          849600,
          848640,
          854688,
          847616,
          851104,
          858912
        ],
        "chunk_tokens": 256,
        "block_threads": 256,
        "staged_input_bytes": 201346068,
        "applicable": true
      },
      {
        "kernel": "onpair_dh_k8_t256_b4_h2",
        "role": "experimental",
        "stage_bytes": null,
        "chunk_size": 256,
        "decode_ms": 0.846336,
        "decode_gib_s": 1100.4169508940877,
        "decode_ns_iters": [
          848288,
          848576,
          849472,
          847488,
          846336,
          849504,
          854592,
          846656,
          847232,
          852064,
          846816,
          848192,
          850080,
          848832,
          847776,
          849152,
          847648,
          847200,
          852512,
          850272,
          850144,
          850592,
          848992,
          846688,
          847328,
          846880,
          847520,
          855104,
          854976,
          847904
        ],
        "chunk_tokens": 256,
        "block_threads": 256,
        "staged_input_bytes": 201346068,
        "applicable": true
      },
      {
        "kernel": "onpair_dh_k8_t256_b4_h3",
        "role": "experimental",
        "stage_bytes": null,
        "chunk_size": 256,
        "decode_ms": 0.851616,
        "decode_gib_s": 1093.5943906078544,
        "decode_ns_iters": [
          852672,
          851616,
          852320,
          853472,
          853760,
          853248,
          852992,
          854400,
          853536,
          852640,
          862944,
          853440,
          852256,
          852768,
          860416,
          852608,
          853408,
          852800,
          852480,
          855584,
          853824,
          853824,
          852960,
          853600,
          853536,
          853056,
          854432,
          852960,
          854688,
          852320
        ],
        "chunk_tokens": 256,
        "block_threads": 256,
        "staged_input_bytes": 201346068,
        "applicable": true
      },
      {
        "kernel": "onpair_dh_k8_t256_b4_h4",
        "role": "experimental",
        "stage_bytes": null,
        "chunk_size": 256,
        "decode_ms": 0.855936,
        "decode_gib_s": 1088.0749034412602,
        "decode_ns_iters": [
          856512,
          857312,
          855936,
          857824,
          857600,
          858016,
          857696,
          860032,
          860128,
          858752,
          858784,
          857728,
          859456,
          858880,
          859232,
          857728,
          857760,
          859200,
          865504,
          857568,
          858432,
          859072,
          865600,
          867232,
          857856,
          857888,
          856000,
          866496,
          857760,
          856672
        ],
        "chunk_tokens": 256,
        "block_threads": 256,
        "staged_input_bytes": 201346068,
        "applicable": true
      },
      {
        "kernel": "onpair_dh_k8_t256_b6_h2",
        "role": "experimental",
        "stage_bytes": null,
        "chunk_size": 256,
        "decode_ms": 1.16448,
        "decode_gib_s": 799.7754195451176,
        "decode_ns_iters": [
          1166176,
          1167648,
          1165088,
          1168480,
          1167840,
          1164480,
          1164800,
          1165760,
          1179712,
          1175616,
          1170656,
          1174784,
          1172128,
          1166912,
          1175296,
          1172448,
          1169792,
          1173280,
          1172800,
          1167168,
          1167232,
          1172000,
          1172032,
          1170848,
          1179104,
          1166112,
          1167296,
          1173184,
          1168096,
          1169184
        ],
        "chunk_tokens": 256,
        "block_threads": 256,
        "staged_input_bytes": 201346068,
        "applicable": true
      },
      {
        "kernel": "onpair_dh_k8_t256_b6_h3",
        "role": "experimental",
        "stage_bytes": null,
        "chunk_size": 256,
        "decode_ms": 1.232544,
        "decode_gib_s": 755.6099259352188,
        "decode_ns_iters": [
          1250752,
          1242656,
          1242688,
          1246048,
          1239808,
          1237408,
          1237280,
          1236896,
          1237504,
          1242368,
          1244096,
          1243872,
          1249120,
          1245472,
          1243872,
          1249280,
          1254368,
          1246368,
          1245088,
          1239712,
          1237952,
          1240768,
          1240512,
          1232544,
          1237568,
          1240480,
          1243744,
          1240224,
          1252064,
          1240480
        ],
        "chunk_tokens": 256,
        "block_threads": 256,
        "staged_input_bytes": 201346068,
        "applicable": true
      },
      {
        "kernel": "onpair_dh_k8_t256_b6_h4",
        "role": "experimental",
        "stage_bytes": null,
        "chunk_size": 256,
        "decode_ms": 1.307008,
        "decode_gib_s": 712.5606580463918,
        "decode_ns_iters": [
          1312224,
          1312704,
          1314464,
          1310560,
          1313088,
          1313312,
          1311264,
          1311104,
          1311296,
          1311808,
          1311232,
          1315328,
          1313856,
          1313440,
          1314016,
          1307008,
          1309568,
          1308960,
          1311488,
          1320992,
          1308640,
          1311168,
          1311712,
          1312704,
          1314560,
          1316288,
          1309984,
          1312704,
          1319008,
          1313824
        ],
        "chunk_tokens": 256,
        "block_threads": 256,
        "staged_input_bytes": 201346068,
        "applicable": true
      },
      {
        "kernel": "onpair_dh_k8_t256_b8_h0",
        "role": "experimental",
        "stage_bytes": null,
        "chunk_size": 256,
        "decode_ms": 1.36672,
        "decode_gib_s": 681.4288812279755,
        "decode_ns_iters": [
          1377024,
          1384384,
          1372736,
          1372928,
          1374144,
          1376512,
          1377760,
          1369504,
          1374592,
          1376512,
          1382880,
          1374176,
          1374624,
          1378752,
          1375296,
          1375232,
          1380960,
          1374400,
          1373856,
          1371008,
          1377408,
          1372832,
          1375552,
          1371520,
          1390496,
          1366720,
          1376544,
          1382272,
          1377024,
          1380672
        ],
        "chunk_tokens": 256,
        "block_threads": 256,
        "staged_input_bytes": 201346068,
        "applicable": true
      },
      {
        "kernel": "onpair_dh_k8_t256_b8_h2",
        "role": "experimental",
        "stage_bytes": null,
        "chunk_size": 256,
        "decode_ms": 1.380768,
        "decode_gib_s": 674.4959910367986,
        "decode_ns_iters": [
          1390336,
          1388736,
          1394720,
          1385024,
          1391776,
          1395488,
          1386912,
          1385728,
          1401632,
          1387712,
          1391232,
          1388416,
          1394720,
          1382816,
          1398048,
          1384320,
          1395744,
          1380768,
          1390560,
          1391712,
          1393184,
          1390112,
          1393120,
          1390368,
          1395712,
          1390400,
          1393952,
          1385600,
          1382272,
          1389600
        ],
        "chunk_tokens": 256,
        "block_threads": 256,
        "staged_input_bytes": 201346068,
        "applicable": true
      },
      {
        "kernel": "onpair_dh_k8_t256_b8_h3",
        "role": "experimental",
        "stage_bytes": null,
        "chunk_size": 256,
        "decode_ms": 1.534688,
        "decode_gib_s": 606.8480893522973,
        "decode_ns_iters": [
          1543136,
          1552576,
          1555680,
          1548608,
          1565760,
          1560224,
          1540608,
          1547936,
          1552672,
          1559936,
          1534688,
          1544544,
          1543744,
          1546944,
          1549728,
          1550400,
          1558816,
          1549600,
          1551424,
          1550976,
          1548800,
          1544800,
          1547168,
          1547712,
          1547360,
          1555936,
          1548704,
          1548000,
          1550912,
          1572384
        ],
        "chunk_tokens": 256,
        "block_threads": 256,
        "staged_input_bytes": 201346068,
        "applicable": true
      },
      {
        "kernel": "onpair_dh_k8_t256_b8_h4",
        "role": "experimental",
        "stage_bytes": null,
        "chunk_size": 256,
        "decode_ms": 1.519616,
        "decode_gib_s": 612.8669878126437,
        "decode_ns_iters": [
          1525152,
          1527520,
          1524448,
          1526848,
          1527424,
          1523840,
          1537152,
          1525408,
          1519616,
          1526720,
          1528832,
          1525152,
          1524096,
          1521280,
          1532544,
          1526080,
          1523104,
          1519872,
          1523168,
          1520640,
          1523488,
          1525472,
          1535520,
          1524672,
          1531296,
          1526016,
          1524128,
          1523424,
          1528672,
          1528352
        ],
        "chunk_tokens": 256,
        "block_threads": 256,
        "staged_input_bytes": 201346068,
        "applicable": true
      },
      {
        "kernel": "onpair_ds_k4_t128_b2_s10",
        "role": "experimental",
        "stage_bytes": 10,
        "chunk_size": 128,
        "decode_ms": 0.0,
        "decode_gib_s": 0.0,
        "chunk_tokens": 128,
        "block_threads": 128,
        "staged_input_bytes": 204442660,
        "applicable": false,
        "reason": "staging 1312 B/warp is below this column's largest batch (1516 B + 15 shift)"
      },
      {
        "kernel": "onpair_ds_k4_t128_b2_s12",
        "role": "experimental",
        "stage_bytes": 12,
        "chunk_size": 128,
        "decode_ms": 0.822272,
        "decode_gib_s": 1132.6209338903654,
        "decode_ns_iters": [
          826240,
          824672,
          825568,
          825824,
          835840,
          825664,
          827552,
          826880,
          825408,
          826656,
          827936,
          825792,
          824416,
          822272,
          823360,
          825952,
          825408,
          824352,
          823968,
          834848,
          825600,
          826336,
          824192,
          824000,
          825056,
          823936,
          823968,
          823936,
          824000,
          825568
        ],
        "chunk_tokens": 128,
        "block_threads": 128,
        "staged_input_bytes": 204442660,
        "applicable": true
      },
      {
        "kernel": "onpair_ds_k4_t128_b2_s14",
        "role": "experimental",
        "stage_bytes": 14,
        "chunk_size": 128,
        "decode_ms": 0.820928,
        "decode_gib_s": 1134.4752287069007,
        "decode_ns_iters": [
          824480,
          825664,
          824224,
          824480,
          822176,
          820928,
          830112,
          823200,
          834432,
          823104,
          825664,
          821888,
          824832,
          825248,
          822848,
          823520,
          823520,
          826752,
          823712,
          821792,
          833568,
          828000,
          823776,
          825792,
          825408,
          823424,
          824896,
          826368,
          825536,
          824896
        ],
        "chunk_tokens": 128,
        "block_threads": 128,
        "staged_input_bytes": 204442660,
        "applicable": true
      },
      {
        "kernel": "onpair_ds_k4_t128_b4_s10",
        "role": "experimental",
        "stage_bytes": 10,
        "chunk_size": 128,
        "decode_ms": 0.0,
        "decode_gib_s": 0.0,
        "chunk_tokens": 128,
        "block_threads": 128,
        "staged_input_bytes": 204442660,
        "applicable": false,
        "reason": "staging 1312 B/warp is below this column's largest batch (1516 B + 15 shift)"
      },
      {
        "kernel": "onpair_ds_k4_t128_b4_s12",
        "role": "experimental",
        "stage_bytes": 12,
        "chunk_size": 128,
        "decode_ms": 0.820192,
        "decode_gib_s": 1135.4932510337803,
        "decode_ns_iters": [
          826368,
          826304,
          825024,
          825312,
          826112,
          825568,
          825760,
          824544,
          836512,
          824192,
          832832,
          825120,
          827104,
          823552,
          820192,
          822656,
          821728,
          823840,
          823072,
          821600,
          822816,
          831008,
          823136,
          823872,
          825728,
          825024,
          825728,
          826432,
          829600,
          828768
        ],
        "chunk_tokens": 128,
        "block_threads": 128,
        "staged_input_bytes": 204442660,
        "applicable": true
      },
      {
        "kernel": "onpair_ds_k4_t128_b4_s14",
        "role": "experimental",
        "stage_bytes": 14,
        "chunk_size": 128,
        "decode_ms": 0.822176,
        "decode_gib_s": 1132.753182471756,
        "decode_ns_iters": [
          826304,
          822784,
          826688,
          828416,
          826144,
          824256,
          822816,
          823296,
          827808,
          824320,
          826976,
          824512,
          835360,
          824032,
          824704,
          825504,
          825216,
          827648,
          826784,
          827008,
          829088,
          828800,
          827136,
          825472,
          826272,
          833728,
          824832,
          828096,
          825376,
          822176
        ],
        "chunk_tokens": 128,
        "block_threads": 128,
        "staged_input_bytes": 204442660,
        "applicable": true
      },
      {
        "kernel": "onpair_ds_k4_t128_b8_s10",
        "role": "experimental",
        "stage_bytes": 10,
        "chunk_size": 128,
        "decode_ms": 0.0,
        "decode_gib_s": 0.0,
        "chunk_tokens": 128,
        "block_threads": 128,
        "staged_input_bytes": 204442660,
        "applicable": false,
        "reason": "staging 1312 B/warp is below this column's largest batch (1516 B + 15 shift)"
      },
      {
        "kernel": "onpair_ds_k4_t128_b8_s12",
        "role": "experimental",
        "stage_bytes": 12,
        "chunk_size": 128,
        "decode_ms": 0.808608,
        "decode_gib_s": 1151.7601613537072,
        "decode_ns_iters": [
          813696,
          810016,
          811712,
          810496,
          811040,
          812000,
          812512,
          812992,
          815200,
          813152,
          810912,
          819776,
          811968,
          811872,
          811872,
          808992,
          808608,
          811872,
          811040,
          811104,
          810944,
          811392,
          810592,
          821408,
          812224,
          811296,
          810912,
          812064,
          812512,
          814016
        ],
        "chunk_tokens": 128,
        "block_threads": 128,
        "staged_input_bytes": 204442660,
        "applicable": true
      },
      {
        "kernel": "onpair_ds_k4_t128_b8_s14",
        "role": "experimental",
        "stage_bytes": 14,
        "chunk_size": 128,
        "decode_ms": 0.80752,
        "decode_gib_s": 1153.3119681888975,
        "decode_ns_iters": [
          811296,
          811712,
          812160,
          812384,
          812960,
          812544,
          809088,
          810016,
          821184,
          810080,
          811072,
          810240,
          808128,
          811584,
          811872,
          810656,
          807520,
          812384,
          811072,
          812640,
          810496,
          811424,
          811264,
          812576,
          812832,
          811168,
          810304,
          812736,
          810912,
          810976
        ],
        "chunk_tokens": 128,
        "block_threads": 128,
        "staged_input_bytes": 204442660,
        "applicable": true
      },
      {
        "kernel": "onpair_ds_k4_t256_b2_s10",
        "role": "experimental",
        "stage_bytes": 10,
        "chunk_size": 128,
        "decode_ms": 0.0,
        "decode_gib_s": 0.0,
        "chunk_tokens": 128,
        "block_threads": 256,
        "staged_input_bytes": 204442660,
        "applicable": false,
        "reason": "staging 1312 B/warp is below this column's largest batch (1516 B + 15 shift)"
      },
      {
        "kernel": "onpair_ds_k4_t256_b2_s12",
        "role": "experimental",
        "stage_bytes": 12,
        "chunk_size": 128,
        "decode_ms": 0.890144,
        "decode_gib_s": 1046.2604708360652,
        "decode_ns_iters": [
          892288,
          896032,
          892672,
          893120,
          896448,
          894336,
          894528,
          896064,
          895200,
          892864,
          893888,
          893216,
          891328,
          891072,
          892576,
          893888,
          890144,
          892128,
          895680,
          896928,
          894688,
          893952,
          894016,
          894336,
          893696,
          895776,
          894912,
          896544,
          892096,
          895104
        ],
        "chunk_tokens": 128,
        "block_threads": 256,
        "staged_input_bytes": 204442660,
        "applicable": true
      },
      {
        "kernel": "onpair_ds_k4_t256_b2_s14",
        "role": "experimental",
        "stage_bytes": 14,
        "chunk_size": 128,
        "decode_ms": 0.8872,
        "decode_gib_s": 1049.7322819566034,
        "decode_ns_iters": [
          891424,
          890464,
          889504,
          891552,
          892384,
          887200,
          892576,
          895200,
          888032,
          894432,
          892192,
          893312,
          895168,
          891424,
          892128,
          893920,
          893184,
          896096,
          895168,
          889984,
          894656,
          888192,
          891104,
          891360,
          888992,
          891360,
          892000,
          893920,
          890848,
          892736
        ],
        "chunk_tokens": 128,
        "block_threads": 256,
        "staged_input_bytes": 204442660,
        "applicable": true
      },
      {
        "kernel": "onpair_ds_k4_t256_b4_s10",
        "role": "experimental",
        "stage_bytes": 10,
        "chunk_size": 128,
        "decode_ms": 0.0,
        "decode_gib_s": 0.0,
        "chunk_tokens": 128,
        "block_threads": 256,
        "staged_input_bytes": 204442660,
        "applicable": false,
        "reason": "staging 1312 B/warp is below this column's largest batch (1516 B + 15 shift)"
      },
      {
        "kernel": "onpair_ds_k4_t256_b4_s12",
        "role": "experimental",
        "stage_bytes": 12,
        "chunk_size": 128,
        "decode_ms": 0.815072,
        "decode_gib_s": 1142.6260263533754,
        "decode_ns_iters": [
          818304,
          819936,
          826848,
          818976,
          817856,
          817088,
          820768,
          818400,
          817184,
          820832,
          821792,
          820640,
          819872,
          818496,
          819040,
          817728,
          819008,
          819168,
          816832,
          820320,
          817728,
          819840,
          815968,
          815072,
          815168,
          830464,
          816544,
          823456,
          817600,
          819040
        ],
        "chunk_tokens": 128,
        "block_threads": 256,
        "staged_input_bytes": 204442660,
        "applicable": true
      },
      {
        "kernel": "onpair_ds_k4_t256_b4_s14",
        "role": "experimental",
        "stage_bytes": 14,
        "chunk_size": 128,
        "decode_ms": 0.816512,
        "decode_gib_s": 1140.6108918814402,
        "decode_ns_iters": [
          817824,
          817600,
          816544,
          816512,
          819840,
          820064,
          821184,
          822144,
          817984,
          820224,
          818592,
          818400,
          826880,
          818240,
          822432,
          819680,
          817312,
          820992,
          821056,
          818720,
          816640,
          819840,
          817472,
          817696,
          818976,
          827840,
          818720,
          822176,
          820032,
          823168
        ],
        "chunk_tokens": 128,
        "block_threads": 256,
        "staged_input_bytes": 204442660,
        "applicable": true
      },
      {
        "kernel": "onpair_ds_k4_t256_b8_s10",
        "role": "experimental",
        "stage_bytes": 10,
        "chunk_size": 128,
        "decode_ms": 0.0,
        "decode_gib_s": 0.0,
        "chunk_tokens": 128,
        "block_threads": 256,
        "staged_input_bytes": 204442660,
        "applicable": false,
        "reason": "staging 1312 B/warp is below this column's largest batch (1516 B + 15 shift)"
      },
      {
        "kernel": "onpair_ds_k4_t256_b8_s12",
        "role": "experimental",
        "stage_bytes": 12,
        "chunk_size": 128,
        "decode_ms": 0.832736,
        "decode_gib_s": 1118.3886376377368,
        "decode_ns_iters": [
          844832,
          835808,
          834304,
          836096,
          835072,
          834784,
          836736,
          834080,
          835424,
          835200,
          839072,
          837056,
          836416,
          835712,
          833120,
          833216,
          833248,
          840672,
          834720,
          834912,
          834624,
          836800,
          836096,
          832928,
          835936,
          834912,
          836064,
          832736,
          834400,
          833856
        ],
        "chunk_tokens": 128,
        "block_threads": 256,
        "staged_input_bytes": 204442660,
        "applicable": true
      },
      {
        "kernel": "onpair_ds_k4_t256_b8_s14",
        "role": "experimental",
        "stage_bytes": 14,
        "chunk_size": 128,
        "decode_ms": 0.83312,
        "decode_gib_s": 1117.8731521892387,
        "decode_ns_iters": [
          834304,
          834368,
          833120,
          846048,
          837600,
          836288,
          839520,
          837696,
          838720,
          836128,
          838432,
          835776,
          849920,
          849440,
          836352,
          837440,
          834944,
          841344,
          839104,
          838976,
          837120,
          837440,
          838368,
          836992,
          837344,
          837472,
          837984,
          838272,
          836800,
          835904
        ],
        "chunk_tokens": 128,
        "block_threads": 256,
        "staged_input_bytes": 204442660,
        "applicable": true
      },
      {
        "kernel": "onpair_ds_k6_t128_b2_s10",
        "role": "experimental",
        "stage_bytes": 10,
        "chunk_size": 192,
        "decode_ms": 0.0,
        "decode_gib_s": 0.0,
        "chunk_tokens": 192,
        "block_threads": 128,
        "staged_input_bytes": 202378268,
        "applicable": false,
        "reason": "staging 1952 B/warp is below this column's largest batch (2274 B + 15 shift)"
      },
      {
        "kernel": "onpair_ds_k6_t128_b2_s12",
        "role": "experimental",
        "stage_bytes": 12,
        "chunk_size": 192,
        "decode_ms": 0.796064,
        "decode_gib_s": 1169.9090532317734,
        "decode_ns_iters": [
          801568,
          804672,
          805664,
          803200,
          800352,
          799360,
          803200,
          816160,
          799520,
          800864,
          802240,
          802624,
          800992,
          799008,
          798848,
          800928,
          800608,
          801536,
          800992,
          803936,
          804672,
          803488,
          800832,
          801824,
          798944,
          798624,
          798880,
          796576,
          796064,
          796640
        ],
        "chunk_tokens": 192,
        "block_threads": 128,
        "staged_input_bytes": 202378268,
        "applicable": true
      },
      {
        "kernel": "onpair_ds_k6_t128_b2_s14",
        "role": "experimental",
        "stage_bytes": 14,
        "chunk_size": 192,
        "decode_ms": 0.794784,
        "decode_gib_s": 1171.793192303693,
        "decode_ns_iters": [
          798912,
          796896,
          797536,
          806080,
          795488,
          795392,
          796608,
          796224,
          796672,
          798016,
          798368,
          795040,
          798496,
          799840,
          805184,
          799808,
          798048,
          800448,
          799104,
          801504,
          798656,
          799072,
          797312,
          800416,
          796704,
          808448,
          797312,
          798432,
          800160,
          794784
        ],
        "chunk_tokens": 192,
        "block_threads": 128,
        "staged_input_bytes": 202378268,
        "applicable": true
      },
      {
        "kernel": "onpair_ds_k6_t128_b4_s10",
        "role": "experimental",
        "stage_bytes": 10,
        "chunk_size": 192,
        "decode_ms": 0.0,
        "decode_gib_s": 0.0,
        "chunk_tokens": 192,
        "block_threads": 128,
        "staged_input_bytes": 202378268,
        "applicable": false,
        "reason": "staging 1952 B/warp is below this column's largest batch (2274 B + 15 shift)"
      },
      {
        "kernel": "onpair_ds_k6_t128_b4_s12",
        "role": "experimental",
        "stage_bytes": 12,
        "chunk_size": 192,
        "decode_ms": 0.794208,
        "decode_gib_s": 1172.643036272486,
        "decode_ns_iters": [
          800224,
          796928,
          797312,
          796160,
          797376,
          796288,
          800224,
          799616,
          795520,
          798496,
          804928,
          796672,
          798208,
          799616,
          796512,
          796768,
          795552,
          794208,
          795136,
          794880,
          803904,
          798080,
          796384,
          795552,
          796544,
          796192,
          794528,
          797792,
          795360,
          795136
        ],
        "chunk_tokens": 192,
        "block_threads": 128,
        "staged_input_bytes": 202378268,
        "applicable": true
      },
      {
        "kernel": "onpair_ds_k6_t128_b4_s14",
        "role": "experimental",
        "stage_bytes": 14,
        "chunk_size": 192,
        "decode_ms": 0.791328,
        "decode_gib_s": 1176.9108139126865,
        "decode_ns_iters": [
          796032,
          794048,
          794304,
          793504,
          802752,
          795040,
          797024,
          795136,
          791328,
          794592,
          793504,
          793152,
          794336,
          793056,
          791872,
          792704,
          792928,
          793728,
          794336,
          795168,
          795264,
          795136,
          794528,
          805504,
          794816,
          801888,
          793760,
          794976,
          795424,
          795904
        ],
        "chunk_tokens": 192,
        "block_threads": 128,
        "staged_input_bytes": 202378268,
        "applicable": true
      },
      {
        "kernel": "onpair_ds_k6_t128_b8_s10",
        "role": "experimental",
        "stage_bytes": 10,
        "chunk_size": 192,
        "decode_ms": 0.0,
        "decode_gib_s": 0.0,
        "chunk_tokens": 192,
        "block_threads": 128,
        "staged_input_bytes": 202378268,
        "applicable": false,
        "reason": "staging 1952 B/warp is below this column's largest batch (2274 B + 15 shift)"
      },
      {
        "kernel": "onpair_ds_k6_t128_b8_s12",
        "role": "experimental",
        "stage_bytes": 12,
        "chunk_size": 192,
        "decode_ms": 0.793504,
        "decode_gib_s": 1173.6834099789019,
        "decode_ns_iters": [
          795328,
          794336,
          794624,
          795680,
          796384,
          795232,
          808032,
          802560,
          794624,
          794208,
          795232,
          793504,
          794432,
          794752,
          795296,
          794784,
          804096,
          795040,
          794336,
          795520,
          797184,
          796384,
          794944,
          796160,
          800672,
          797792,
          806368,
          796736,
          796032,
          795008
        ],
        "chunk_tokens": 192,
        "block_threads": 128,
        "staged_input_bytes": 202378268,
        "applicable": true
      },
      {
        "kernel": "onpair_ds_k6_t128_b8_s14",
        "role": "experimental",
        "stage_bytes": 14,
        "chunk_size": 192,
        "decode_ms": 0.791232,
        "decode_gib_s": 1177.0536082361411,
        "decode_ns_iters": [
          797088,
          797952,
          795200,
          795168,
          793792,
          793728,
          795264,
          793120,
          791232,
          796928,
          793376,
          795840,
          795168,
          796576,
          796384,
          794880,
          796640,
          796864,
          797472,
          795392,
          794816,
          795232,
          797504,
          794496,
          796000,
          796352,
          796064,
          797984,
          795136,
          800512
        ],
        "chunk_tokens": 192,
        "block_threads": 128,
        "staged_input_bytes": 202378268,
        "applicable": true
      },
      {
        "kernel": "onpair_ds_k6_t256_b2_s10",
        "role": "experimental",
        "stage_bytes": 10,
        "chunk_size": 192,
        "decode_ms": 0.0,
        "decode_gib_s": 0.0,
        "chunk_tokens": 192,
        "block_threads": 256,
        "staged_input_bytes": 202378268,
        "applicable": false,
        "reason": "staging 1952 B/warp is below this column's largest batch (2274 B + 15 shift)"
      },
      {
        "kernel": "onpair_ds_k6_t256_b2_s12",
        "role": "experimental",
        "stage_bytes": 12,
        "chunk_size": 192,
        "decode_ms": 0.793504,
        "decode_gib_s": 1173.6834099789019,
        "decode_ns_iters": [
          793504,
          796544,
          804992,
          796480,
          795456,
          797024,
          795520,
          796480,
          798944,
          798432,
          799296,
          795136,
          803968,
          795424,
          796288,
          797440,
          797184,
          797120,
          798592,
          796608,
          794112,
          793984,
          806048,
          794720,
          794112,
          794752,
          794176,
          793792,
          793664,
          798912
        ],
        "chunk_tokens": 192,
        "block_threads": 256,
        "staged_input_bytes": 202378268,
        "applicable": true
      },
      {
        "kernel": "onpair_ds_k6_t256_b2_s14",
        "role": "experimental",
        "stage_bytes": 14,
        "chunk_size": 192,
        "decode_ms": 0.793088,
        "decode_gib_s": 1174.2990444337809,
        "decode_ns_iters": [
          793280,
          794304,
          795232,
          795520,
          796768,
          795360,
          803616,
          795616,
          796768,
          795296,
          794464,
          796640,
          795680,
          795232,
          795392,
          806304,
          796864,
          798176,
          798016,
          797408,
          798880,
          799136,
          798240,
          798432,
          797504,
          803200,
          795744,
          795296,
          793088,
          795136
        ],
        "chunk_tokens": 192,
        "block_threads": 256,
        "staged_input_bytes": 202378268,
        "applicable": true
      },
      {
        "kernel": "onpair_ds_k6_t256_b4_s10",
        "role": "experimental",
        "stage_bytes": 10,
        "chunk_size": 192,
        "decode_ms": 0.0,
        "decode_gib_s": 0.0,
        "chunk_tokens": 192,
        "block_threads": 256,
        "staged_input_bytes": 202378268,
        "applicable": false,
        "reason": "staging 1952 B/warp is below this column's largest batch (2274 B + 15 shift)"
      },
      {
        "kernel": "onpair_ds_k6_t256_b4_s12",
        "role": "experimental",
        "stage_bytes": 12,
        "chunk_size": 192,
        "decode_ms": 0.795744,
        "decode_gib_s": 1170.3795197348625,
        "decode_ns_iters": [
          798816,
          799104,
          799072,
          795744,
          799392,
          797184,
          798400,
          797472,
          797920,
          808480,
          800256,
          799072,
          799296,
          798784,
          797600,
          801376,
          803456,
          800800,
          809728,
          800320,
          801440,
          800416,
          802688,
          801600,
          802304,
          802240,
          804608,
          804800,
          803040,
          810880
        ],
        "chunk_tokens": 192,
        "block_threads": 256,
        "staged_input_bytes": 202378268,
        "applicable": true
      },
      {
        "kernel": "onpair_ds_k6_t256_b4_s14",
        "role": "experimental",
        "stage_bytes": 14,
        "chunk_size": 192,
        "decode_ms": 0.79856,
        "decode_gib_s": 1166.2523549287448,
        "decode_ns_iters": [
          801632,
          800320,
          813376,
          802368,
          801120,
          802848,
          800160,
          802496,
          802208,
          802048,
          801248,
          802560,
          799520,
          809504,
          800224,
          803264,
          803712,
          802080,
          802816,
          800320,
          803936,
          802848,
          803264,
          802208,
          808896,
          801888,
          801152,
          798560,
          800032,
          800480
        ],
        "chunk_tokens": 192,
        "block_threads": 256,
        "staged_input_bytes": 202378268,
        "applicable": true
      },
      {
        "kernel": "onpair_ds_k6_t256_b8_s10",
        "role": "experimental",
        "stage_bytes": 10,
        "chunk_size": 192,
        "decode_ms": 0.0,
        "decode_gib_s": 0.0,
        "chunk_tokens": 192,
        "block_threads": 256,
        "staged_input_bytes": 202378268,
        "applicable": false,
        "reason": "staging 1952 B/warp is below this column's largest batch (2274 B + 15 shift)"
      },
      {
        "kernel": "onpair_ds_k6_t256_b8_s12",
        "role": "experimental",
        "stage_bytes": 12,
        "chunk_size": 192,
        "decode_ms": 1.146688,
        "decode_gib_s": 812.1847272770785,
        "decode_ns_iters": [
          1148608,
          1147744,
          1149248,
          1150944,
          1149920,
          1150848,
          1149184,
          1146688,
          1150016,
          1151584,
          1152192,
          1150816,
          1150624,
          1151680,
          1159936,
          1149344,
          1150400,
          1146752,
          1157344,
          1149472,
          1151360,
          1151424,
          1158208,
          1155680,
          1152032,
          1151840,
          1153984,
          1151008,
          1148544,
          1150880
        ],
        "chunk_tokens": 192,
        "block_threads": 256,
        "staged_input_bytes": 202378268,
        "applicable": true
      },
      {
        "kernel": "onpair_ds_k6_t256_b8_s14",
        "role": "experimental",
        "stage_bytes": 14,
        "chunk_size": 192,
        "decode_ms": 1.150432,
        "decode_gib_s": 809.5415292271935,
        "decode_ns_iters": [
          1154400,
          1152160,
          1152288,
          1161600,
          1153664,
          1156736,
          1153600,
          1151552,
          1152576,
          1152224,
          1150848,
          1152768,
          1155232,
          1152160,
          1154144,
          1152288,
          1150432,
          1155072,
          1155584,
          1162176,
          1153440,
          1154272,
          1153408,
          1154016,
          1152864,
          1155296,
          1152480,
          1150720,
          1154080,
          1151008
        ],
        "chunk_tokens": 192,
        "block_threads": 256,
        "staged_input_bytes": 202378268,
        "applicable": true
      },
      {
        "kernel": "onpair_ds_k8_t128_b2_s10",
        "role": "experimental",
        "stage_bytes": 10,
        "chunk_size": 256,
        "decode_ms": 0.0,
        "decode_gib_s": 0.0,
        "chunk_tokens": 256,
        "block_threads": 128,
        "staged_input_bytes": 201346068,
        "applicable": false,
        "reason": "staging 2592 B/warp is below this column's largest batch (3025 B + 15 shift)"
      },
      {
        "kernel": "onpair_ds_k8_t128_b2_s12",
        "role": "experimental",
        "stage_bytes": 12,
        "chunk_size": 256,
        "decode_ms": 0.809408,
        "decode_gib_s": 1150.6217884576115,
        "decode_ns_iters": [
          813024,
          810560,
          812096,
          813440,
          820864,
          812000,
          814080,
          811552,
          810688,
          809408,
          810304,
          809536,
          811680,
          811488,
          812256,
          811616,
          817952,
          810112,
          810656,
          810528,
          811520,
          814080,
          810912,
          812864,
          810400,
          811840,
          809536,
          810624,
          820096,
          812096
        ],
        "chunk_tokens": 256,
        "block_threads": 128,
        "staged_input_bytes": 201346068,
        "applicable": true
      },
      {
        "kernel": "onpair_ds_k8_t128_b2_s14",
        "role": "experimental",
        "stage_bytes": 14,
        "chunk_size": 256,
        "decode_ms": 0.807968,
        "decode_gib_s": 1152.6724827615678,
        "decode_ns_iters": [
          811200,
          811392,
          811904,
          810688,
          820448,
          811776,
          820384,
          813376,
          812896,
          811936,
          811744,
          812576,
          814080,
          811552,
          812160,
          811392,
          823264,
          812448,
          810112,
          810048,
          811168,
          811328,
          808192,
          807968,
          812352,
          812352,
          811328,
          809472,
          817664,
          809952
        ],
        "chunk_tokens": 256,
        "block_threads": 128,
        "staged_input_bytes": 201346068,
        "applicable": true
      },
      {
        "kernel": "onpair_ds_k8_t128_b4_s10",
        "role": "experimental",
        "stage_bytes": 10,
        "chunk_size": 256,
        "decode_ms": 0.0,
        "decode_gib_s": 0.0,
        "chunk_tokens": 256,
        "block_threads": 128,
        "staged_input_bytes": 201346068,
        "applicable": false,
        "reason": "staging 2592 B/warp is below this column's largest batch (3025 B + 15 shift)"
      },
      {
        "kernel": "onpair_ds_k8_t128_b4_s12",
        "role": "experimental",
        "stage_bytes": 12,
        "chunk_size": 256,
        "decode_ms": 0.810432,
        "decode_gib_s": 1149.1679506138682,
        "decode_ns_iters": [
          816672,
          810752,
          810976,
          819616,
          812800,
          811424,
          811744,
          812128,
          811584,
          815264,
          815456,
          813824,
          811776,
          813568,
          810432,
          810912,
          820000,
          811136,
          810688,
          811328,
          811968,
          810432,
          812064,
          812352,
          810976,
          813248,
          812960,
          812608,
          826240,
          811488
        ],
        "chunk_tokens": 256,
        "block_threads": 128,
        "staged_input_bytes": 201346068,
        "applicable": true
      },
      {
        "kernel": "onpair_ds_k8_t128_b4_s14",
        "role": "experimental",
        "stage_bytes": 14,
        "chunk_size": 256,
        "decode_ms": 0.81008,
        "decode_gib_s": 1149.6672928005858,
        "decode_ns_iters": [
          812512,
          812608,
          811008,
          819232,
          810976,
          812608,
          813248,
          811936,
          812448,
          810944,
          812096,
          811232,
          812256,
          813152,
          811872,
          823040,
          813280,
          811168,
          811584,
          815200,
          814272,
          821056,
          813312,
          812704,
          812800,
          810720,
          811840,
          811648,
          820672,
          810080
        ],
        "chunk_tokens": 256,
        "block_threads": 128,
        "staged_input_bytes": 201346068,
        "applicable": true
      },
      {
        "kernel": "onpair_ds_k8_t128_b8_s10",
        "role": "experimental",
        "stage_bytes": 10,
        "chunk_size": 256,
        "decode_ms": 0.0,
        "decode_gib_s": 0.0,
        "chunk_tokens": 256,
        "block_threads": 128,
        "staged_input_bytes": 201346068,
        "applicable": false,
        "reason": "staging 2592 B/warp is below this column's largest batch (3025 B + 15 shift)"
      },
      {
        "kernel": "onpair_ds_k8_t128_b8_s12",
        "role": "experimental",
        "stage_bytes": 12,
        "chunk_size": 256,
        "decode_ms": 0.809824,
        "decode_gib_s": 1150.030723406442,
        "decode_ns_iters": [
          813312,
          810656,
          811360,
          811808,
          820448,
          812512,
          812064,
          812128,
          812064,
          811680,
          811392,
          811168,
          809824,
          812672,
          811296,
          811712,
          821312,
          811808,
          811936,
          811328,
          811296,
          810720,
          811936,
          813952,
          811904,
          811232,
          811360,
          812160,
          823904,
          813952
        ],
        "chunk_tokens": 256,
        "block_threads": 128,
        "staged_input_bytes": 201346068,
        "applicable": true
      },
      {
        "kernel": "onpair_ds_k8_t128_b8_s14",
        "role": "experimental",
        "stage_bytes": 14,
        "chunk_size": 256,
        "decode_ms": 0.807104,
        "decode_gib_s": 1153.906411753502,
        "decode_ns_iters": [
          811808,
          810688,
          807552,
          807104,
          815520,
          807776,
          809184,
          811872,
          813184,
          812832,
          812032,
          811808,
          811616,
          813760,
          813120,
          813440,
          811776,
          809696,
          813056,
          811584,
          810912,
          814432,
          810752,
          811776,
          810880,
          810816,
          811488,
          810272,
          810464,
          808704
        ],
        "chunk_tokens": 256,
        "block_threads": 128,
        "staged_input_bytes": 201346068,
        "applicable": true
      },
      {
        "kernel": "onpair_ds_k8_t256_b2_s10",
        "role": "experimental",
        "stage_bytes": 10,
        "chunk_size": 256,
        "decode_ms": 0.0,
        "decode_gib_s": 0.0,
        "chunk_tokens": 256,
        "block_threads": 256,
        "staged_input_bytes": 201346068,
        "applicable": false,
        "reason": "staging 2592 B/warp is below this column's largest batch (3025 B + 15 shift)"
      },
      {
        "kernel": "onpair_ds_k8_t256_b2_s12",
        "role": "experimental",
        "stage_bytes": 12,
        "chunk_size": 256,
        "decode_ms": 0.812704,
        "decode_gib_s": 1145.9553300486998,
        "decode_ns_iters": [
          817152,
          816160,
          815392,
          817472,
          815040,
          816224,
          815360,
          815360,
          814944,
          816576,
          815360,
          814880,
          814336,
          815232,
          815136,
          828800,
          813920,
          822048,
          813248,
          814624,
          814720,
          815616,
          814624,
          813152,
          812704,
          816096,
          815968,
          813664,
          814880,
          813760
        ],
        "chunk_tokens": 256,
        "block_threads": 256,
        "staged_input_bytes": 201346068,
        "applicable": true
      },
      {
        "kernel": "onpair_ds_k8_t256_b2_s14",
        "role": "experimental",
        "stage_bytes": 14,
        "chunk_size": 256,
        "decode_ms": 0.81264,
        "decode_gib_s": 1146.0455805176935,
        "decode_ns_iters": [
          814528,
          815072,
          813344,
          823328,
          814816,
          818208,
          817792,
          813984,
          813504,
          812640,
          816288,
          815712,
          816192,
          815616,
          815296,
          816960,
          815808,
          815712,
          816064,
          816160,
          816096,
          814752,
          815616,
          814208,
          816992,
          813600,
          823168,
          813504,
          823200,
          813920
        ],
        "chunk_tokens": 256,
        "block_threads": 256,
        "staged_input_bytes": 201346068,
        "applicable": true
      },
      {
        "kernel": "onpair_ds_k8_t256_b4_s10",
        "role": "experimental",
        "stage_bytes": 10,
        "chunk_size": 256,
        "decode_ms": 0.0,
        "decode_gib_s": 0.0,
        "chunk_tokens": 256,
        "block_threads": 256,
        "staged_input_bytes": 201346068,
        "applicable": false,
        "reason": "staging 2592 B/warp is below this column's largest batch (3025 B + 15 shift)"
      },
      {
        "kernel": "onpair_ds_k8_t256_b4_s12",
        "role": "experimental",
        "stage_bytes": 12,
        "chunk_size": 256,
        "decode_ms": 0.81216,
        "decode_gib_s": 1146.7229124210728,
        "decode_ns_iters": [
          815328,
          820800,
          814944,
          815488,
          815680,
          815680,
          812800,
          815072,
          816512,
          815808,
          815744,
          815840,
          815264,
          817152,
          812960,
          813568,
          814720,
          815264,
          812160,
          813824,
          816032,
          818048,
          817376,
          813056,
          822144,
          814144,
          815680,
          815136,
          813184,
          813376
        ],
        "chunk_tokens": 256,
        "block_threads": 256,
        "staged_input_bytes": 201346068,
        "applicable": true
      },
      {
        "kernel": "onpair_ds_k8_t256_b4_s14",
        "role": "experimental",
        "stage_bytes": 14,
        "chunk_size": 256,
        "decode_ms": 0.812736,
        "decode_gib_s": 1145.9102101443746,
        "decode_ns_iters": [
          816288,
          814528,
          813856,
          814912,
          813760,
          815232,
          815552,
          815424,
          816096,
          814144,
          825792,
          813632,
          815392,
          815392,
          817472,
          817344,
          815264,
          814656,
          816352,
          818240,
          815456,
          816448,
          822784,
          816288,
          815232,
          815456,
          812736,
          815200,
          820448,
          816608
        ],
        "chunk_tokens": 256,
        "block_threads": 256,
        "staged_input_bytes": 201346068,
        "applicable": true
      },
      {
        "kernel": "onpair_ds_k8_t256_b8_s10",
        "role": "experimental",
        "stage_bytes": 10,
        "chunk_size": 256,
        "decode_ms": 0.0,
        "decode_gib_s": 0.0,
        "chunk_tokens": 256,
        "block_threads": 256,
        "staged_input_bytes": 201346068,
        "applicable": false,
        "reason": "staging 2592 B/warp is below this column's largest batch (3025 B + 15 shift)"
      },
      {
        "kernel": "onpair_ds_k8_t256_b8_s12",
        "role": "experimental",
        "stage_bytes": 12,
        "chunk_size": 256,
        "decode_ms": 1.335456,
        "decode_gib_s": 697.3816288607775,
        "decode_ns_iters": [
          1341952,
          1344128,
          1341152,
          1340704,
          1337280,
          1342528,
          1341792,
          1343552,
          1343520,
          1336064,
          1340640,
          1335456,
          1335808,
          1344288,
          1339456,
          1340768,
          1337632,
          1344544,
          1347072,
          1339136,
          1340832,
          1344896,
          1338368,
          1336544,
          1337920,
          1335776,
          1338208,
          1337728,
          1344672,
          1342016
        ],
        "chunk_tokens": 256,
        "block_threads": 256,
        "staged_input_bytes": 201346068,
        "applicable": true
      },
      {
        "kernel": "onpair_ds_k8_t256_b8_s14",
        "role": "experimental",
        "stage_bytes": 14,
        "chunk_size": 256,
        "decode_ms": 1.333184,
        "decode_gib_s": 698.5701002651537,
        "decode_ns_iters": [
          1342080,
          1343200,
          1342720,
          1340864,
          1344480,
          1339008,
          1342496,
          1338496,
          1339872,
          1337952,
          1340448,
          1343232,
          1337824,
          1345792,
          1337216,
          1338208,
          1333184,
          1336640,
          1336736,
          1336992,
          1337056,
          1342016,
          1336704,
          1339680,
          1339712,
          1349472,
          1333248,
          1337504,
          1344000,
          1354112
        ],
        "chunk_tokens": 256,
        "block_threads": 256,
        "staged_input_bytes": 201346068,
        "applicable": true
      }
    ]
  }
}
==PROF== Disconnected from process 27680
==PROF== Report: /home/ubuntu/work/ncu_costsurface_loghub-windows_line_b12.ncu-rep
