==PROF== Connected to process 30142 (/home/ubuntu/work/target/release/onpair-chunk-bench)
2026-08-24T05:34:47.789358Z  INFO vortex_cuda: vortex-cuda/src/lib.rs:111: Registering CUDA kernels
==WARNING== Unable to access the following 6 metrics: ctc__rx_bytes_data_user.sum, ctc__rx_bytes_data_user.sum.pct_of_peak_sustained_elapsed, ctc__rx_bytes_data_user.sum.per_second, ctc__tx_bytes_data_user.sum, ctc__tx_bytes_data_user.sum.pct_of_peak_sustained_elapsed, ctc__tx_bytes_data_user.sum.per_second.


==PROF== Profiling "onpair_shmem_4tpt_b128": 0%....50%....100% - 38 passes
==PROF== Profiling "onpair_shmem_4tpt_b128": 0%....50%....100% - 38 passes
==PROF== Profiling "onpair_shmem_4tpt_b128": 0%....50%....100% - 38 passes
==PROF== Profiling "onpair_shmem_4tpt_b128": 0%....50%....100% - 38 passes
==PROF== Profiling "onpair_shmem_4tpt_b128": 0%....50%....100% - 38 passes
==PROF== Profiling "onpair_shmem_4tpt_b128": 0%....50%....100% - 38 passes
==PROF== Profiling "onpair_shmem_4tpt_b128": 0%....50%....100% - 38 passes
==PROF== Profiling "onpair_shmem_4tpt_b128": 0%....50%....100% - 38 passes
==PROF== Profiling "onpair_shmem_4tpt_b128": 0%....50%....100% - 38 passes
==PROF== Profiling "onpair_shmem_4tpt_b128": 0%....50%....100% - 38 passes
==PROF== Profiling "onpair_shmem_4tpt_b128": 0%....50%....100% - 38 passes
==PROF== Profiling "onpair_shmem_4tpt_b128": 0%....50%....100% - 38 passes
==PROF== Profiling "onpair_shmem_4tpt_b128": 0%....50%....100% - 38 passes
==PROF== Profiling "onpair_shmem_4tpt_b128": 0%....50%....100% - 38 passes
==PROF== Profiling "onpair_shmem_4tpt_b128": 0%....50%....100% - 38 passes
==PROF== Profiling "onpair_shmem_4tpt_b128": 0%....50%....100% - 38 passes
{
  "files": [
    "/home/ubuntu/work/vortex-bench/data/onpair-bench/loghub-windows/line/bits16_chunk1000mb_thr0.20_seed20260819/part_0000.vortex"
  ],
  "column": "line",
  "rows": 4139945,
  "in_memory_bytes": 173693770,
  "dict_bytes": 471540,
  "gpu": {
    "iterations": 30,
    "decoded_bytes": 999999899,
    "chunks": 1,
    "total_tokens": 82716293,
    "auto_kernel": "onpair_shmem_4tpt_b128",
    "frac_le8": 0.1756429,
    "dict_mean_len": 12.089515,
    "dict_max_len": 16,
    "dict_entries_max": 55839,
    "small_dict": false,
    "distinct_codes": 37853,
    "access_top4096_frac": 0.9486802,
    "compressed_bytes": 165959981,
    "h2d_gib_s": 9.665717912015483,
    "whole_decompress_gib_s": 55.43432266598985,
    "best_kernel": "onpair_shmem_8tpt",
    "auto_decode_ms": 0.809696,
    "best_decode_ms": 0.803808,
    "validated": false,
    "auto_decode_gib_s": 1150.2125248882278,
    "best_decode_gib_s": 1158.637983886573,
    "kernels": [
      {
        "kernel": "onpair_shmem_2tpt",
        "role": "production",
        "stage_bytes": null,
        "chunk_size": 64,
        "decode_ms": 0.834496,
        "decode_gib_s": 1116.0298917572984,
        "decode_ns_iters": [
          841280,
          839552,
          837920,
          834496,
          835936,
          834720,
          839584,
          836480,
          839168,
          838752,
          834784,
          838720,
          836544,
          838400,
          839008,
          838976,
          842880,
          842048,
          842400,
          838592,
          839456,
          848416,
          838240,
          836704,
          839520,
          837792,
          838592,
          836320,
          839456,
          838144
        ],
        "chunk_tokens": 64,
        "block_threads": 512,
        "staged_input_bytes": 176721417,
        "applicable": true
      },
      {
        "kernel": "onpair_shmem_4tpt",
        "role": "production",
        "stage_bytes": null,
        "chunk_size": 128,
        "decode_ms": 0.851264,
        "decode_gib_s": 1094.0465948893627,
        "decode_ns_iters": [
          858944,
          857344,
          856864,
          855168,
          857792,
          856384,
          860064,
          861952,
          857120,
          860608,
          856576,
          860576,
          859104,
          859936,
          860096,
          857888,
          863904,
          863680,
          859328,
          851968,
          855968,
          855200,
          855840,
          856192,
          856512,
          851264,
          855200,
          856032,
          853216,
          855840
        ],
        "chunk_tokens": 128,
        "block_threads": 512,
        "staged_input_bytes": 171551649,
        "applicable": true
      },
      {
        "kernel": "onpair_shmem_4tpt_b128",
        "role": "production",
        "stage_bytes": null,
        "chunk_size": 128,
        "decode_ms": 0.809696,
        "decode_gib_s": 1150.2125248882278,
        "decode_ns_iters": [
          1819989324,
          1827115536,
          1823734045,
          1824615359,
          1809159160,
          1826561570,
          1830787778,
          1826630712,
          1841956973,
          1840472698,
          1827872872,
          1841236949,
          1836905718,
          1821985722,
          866464,
          836384,
          847808,
          863808,
          814496,
          811200,
          820480,
          811104,
          810784,
          812032,
          811680,
          813472,
          812832,
          817888,
          811360,
          809696
        ],
        "chunk_tokens": 128,
        "block_threads": 128,
        "staged_input_bytes": 171551649,
        "applicable": true
      },
      {
        "kernel": "onpair_shmem_4tpt_b128o12",
        "role": "production",
        "stage_bytes": null,
        "chunk_size": 128,
        "decode_ms": 0.804032,
        "decode_gib_s": 1158.3151921215804,
        "decode_ns_iters": [
          808544,
          807296,
          805344,
          805792,
          807328,
          804864,
          805792,
          808352,
          807392,
          805696,
          804032,
          812896,
          806048,
          808768,
          805984,
          805312,
          806048,
          807296,
          806176,
          805376,
          805760,
          805504,
          804416,
          805184,
          809568,
          808192,
          809152,
          808256,
          811360,
          809088
        ],
        "chunk_tokens": 128,
        "block_threads": 128,
        "staged_input_bytes": 171551649,
        "applicable": true
      },
      {
        "kernel": "onpair_decompress_1tpt",
        "role": "production",
        "stage_bytes": null,
        "chunk_size": 32,
        "decode_ms": 1.352512,
        "decode_gib_s": 688.5872218153321,
        "decode_ns_iters": [
          1355968,
          1358880,
          1352512,
          1359872,
          1358432,
          1356608,
          1358400,
          1357664,
          1356448,
          1361280,
          1357568,
          1360800,
          1355072,
          1358208,
          1357632,
          1358944,
          1356320,
          1358688,
          1359296,
          1356544,
          1356064,
          1358336,
          1357280,
          1360704,
          1356448,
          1357440,
          1358720,
          1363456,
          1356576,
          1359488
        ],
        "chunk_tokens": 32,
        "block_threads": 256,
        "staged_input_bytes": 187033050,
        "comparison": "tpt-matched",
        "abi_family": "packed",
        "launch_bounds_max_threads": 256,
        "launch_bounds_min_blocks": 4,
        "applicable": true
      },
      {
        "kernel": "onpair_decompress_2tpt",
        "role": "production",
        "stage_bytes": null,
        "chunk_size": 64,
        "decode_ms": 0.9712,
        "decode_gib_s": 958.9399511448707,
        "decode_ns_iters": [
          973408,
          975840,
          980832,
          975200,
          975616,
          972960,
          975776,
          973568,
          976512,
          978176,
          977152,
          975968,
          975328,
          976480,
          983072,
          975680,
          976512,
          977152,
          976352,
          972288,
          976608,
          975520,
          976640,
          974240,
          981344,
          976960,
          984704,
          971200,
          974944,
          974464
        ],
        "chunk_tokens": 64,
        "block_threads": 256,
        "staged_input_bytes": 176693514,
        "comparison": "tpt-matched",
        "abi_family": "packed",
        "launch_bounds_max_threads": 256,
        "launch_bounds_min_blocks": 4,
        "applicable": true
      },
      {
        "kernel": "onpair_decompress_3tpt",
        "role": "production",
        "stage_bytes": null,
        "chunk_size": 96,
        "decode_ms": 0.88288,
        "decode_gib_s": 1054.8687030535277,
        "decode_ns_iters": [
          885344,
          883392,
          888320,
          884544,
          883808,
          882944,
          886880,
          882880,
          884928,
          893920,
          893120,
          897984,
          894048,
          887680,
          894336,
          889472,
          889056,
          886720,
          895936,
          891680,
          889344,
          888576,
          892480,
          891200,
          888864,
          891136,
          889152,
          891776,
          886944,
          890176
        ],
        "chunk_tokens": 96,
        "block_threads": 256,
        "staged_input_bytes": 173247002,
        "comparison": "tpt-matched",
        "abi_family": "packed",
        "launch_bounds_max_threads": 256,
        "launch_bounds_min_blocks": 4,
        "applicable": true
      },
      {
        "kernel": "onpair_decompress",
        "role": "production",
        "stage_bytes": null,
        "chunk_size": 128,
        "decode_ms": 0.840736,
        "decode_gib_s": 1107.746641694775,
        "decode_ns_iters": [
          843040,
          845856,
          845664,
          845248,
          843680,
          843776,
          844896,
          844256,
          841728,
          841920,
          843200,
          843520,
          842816,
          848800,
          841024,
          842304,
          840736,
          844672,
          842400,
          843328,
          842656,
          841088,
          842816,
          841280,
          845536,
          844352,
          841536,
          843840,
          842880,
          843424
        ],
        "chunk_tokens": 128,
        "block_threads": 256,
        "staged_input_bytes": 171523746,
        "comparison": "tpt-matched",
        "abi_family": "packed",
        "launch_bounds_max_threads": 256,
        "launch_bounds_min_blocks": 4,
        "applicable": true
      },
      {
        "kernel": "onpair_decompress_5tpt",
        "role": "production",
        "stage_bytes": null,
        "chunk_size": 160,
        "decode_ms": 0.859232,
        "decode_gib_s": 1083.9010657795548,
        "decode_ns_iters": [
          861888,
          862240,
          861632,
          863104,
          862176,
          862080,
          861440,
          862112,
          862304,
          863808,
          862880,
          859232,
          868960,
          867424,
          861600,
          861344,
          861376,
          863232,
          860064,
          863488,
          861664,
          863904,
          863200,
          862816,
          861600,
          862560,
          863808,
          862720,
          860960,
          860832
        ],
        "chunk_tokens": 160,
        "block_threads": 256,
        "staged_input_bytes": 170489786,
        "comparison": "tpt-matched",
        "abi_family": "packed",
        "launch_bounds_max_threads": 256,
        "launch_bounds_min_blocks": 4,
        "applicable": true
      },
      {
        "kernel": "onpair_decompress_6tpt",
        "role": "production",
        "stage_bytes": null,
        "chunk_size": 192,
        "decode_ms": 0.815552,
        "decode_gib_s": 1141.9535241798174,
        "decode_ns_iters": [
          820896,
          819040,
          820512,
          818368,
          816960,
          817536,
          818944,
          822880,
          820928,
          821280,
          823808,
          818368,
          819296,
          816064,
          816928,
          815552,
          817984,
          817664,
          817632,
          820480,
          817216,
          820032,
          819072,
          820640,
          821440,
          819488,
          819488,
          818912,
          821248,
          822176
        ],
        "chunk_tokens": 192,
        "block_threads": 256,
        "staged_input_bytes": 169800490,
        "comparison": "tpt-matched",
        "abi_family": "packed",
        "launch_bounds_max_threads": 256,
        "launch_bounds_min_blocks": 4,
        "applicable": true
      },
      {
        "kernel": "onpair_decompress_7tpt",
        "role": "production",
        "stage_bytes": null,
        "chunk_size": 224,
        "decode_ms": 0.835488,
        "decode_gib_s": 1114.7047959418908,
        "decode_ns_iters": [
          839168,
          842464,
          841504,
          841376,
          843008,
          841664,
          840672,
          842080,
          840512,
          839168,
          842752,
          842720,
          840704,
          840832,
          845728,
          841280,
          840960,
          849056,
          840640,
          839616,
          841280,
          836832,
          837504,
          836768,
          835488,
          837952,
          840864,
          839680,
          840800,
          842944
        ],
        "chunk_tokens": 224,
        "block_threads": 256,
        "staged_input_bytes": 169308130,
        "comparison": "tpt-matched",
        "abi_family": "packed",
        "launch_bounds_max_threads": 256,
        "launch_bounds_min_blocks": 4,
        "applicable": true
      },
      {
        "kernel": "onpair_decompress_8tpt",
        "role": "production",
        "stage_bytes": null,
        "chunk_size": 256,
        "decode_ms": 0.868704,
        "decode_gib_s": 1072.0826432845922,
        "decode_ns_iters": [
          870752,
          871328,
          872768,
          870144,
          873696,
          868704,
          870272,
          870400,
          870848,
          872896,
          872000,
          872064,
          870784,
          874208,
          875392,
          871680,
          870944,
          872832,
          874336,
          873056,
          870368,
          870400,
          873024,
          876864,
          877952,
          875552,
          872832,
          871904,
          873888,
          871264
        ],
        "chunk_tokens": 256,
        "block_threads": 256,
        "staged_input_bytes": 168938858,
        "comparison": "tpt-matched",
        "abi_family": "packed",
        "launch_bounds_max_threads": 256,
        "launch_bounds_min_blocks": 4,
        "applicable": true
      },
      {
        "kernel": "onpair_shmem_4tpt_split8read",
        "role": "production",
        "stage_bytes": null,
        "chunk_size": 128,
        "decode_ms": 0.884768,
        "decode_gib_s": 1052.6177264004784,
        "decode_ns_iters": [
          890592,
          890624,
          888640,
          888096,
          888384,
          887680,
          889056,
          888352,
          888480,
          887360,
          889568,
          887360,
          885152,
          886208,
          885568,
          886976,
          884768,
          886880,
          888480,
          888192,
          885312,
          885056,
          887904,
          888256,
          887680,
          888672,
          888864,
          889632,
          885504,
          885824
        ],
        "chunk_tokens": 128,
        "block_threads": 512,
        "staged_input_bytes": 171998377,
        "applicable": true
      },
      {
        "kernel": "onpair_shmem_8tpt",
        "role": "production",
        "stage_bytes": null,
        "chunk_size": 256,
        "decode_ms": 0.803808,
        "decode_gib_s": 1158.637983886573,
        "decode_ns_iters": [
          806880,
          807424,
          805600,
          806144,
          805632,
          804160,
          806272,
          805472,
          810016,
          806592,
          806560,
          809376,
          809952,
          817824,
          807136,
          816256,
          810880,
          810144,
          811232,
          809312,
          809120,
          806496,
          807968,
          809280,
          808096,
          805856,
          803808,
          804960,
          805760,
          805408
        ],
        "chunk_tokens": 256,
        "block_threads": 256,
        "staged_input_bytes": 168966761,
        "applicable": true
      },
      {
        "kernel": "onpair_shmem_8tpt_b128",
        "role": "production",
        "stage_bytes": null,
        "chunk_size": 256,
        "decode_ms": 0.80768,
        "decode_gib_s": 1153.0834990985272,
        "decode_ns_iters": [
          809216,
          809472,
          809088,
          808960,
          809728,
          808256,
          807904,
          809792,
          809088,
          812128,
          809696,
          808992,
          809024,
          807680,
          810560,
          809248,
          809664,
          808992,
          815136,
          817152,
          808832,
          809056,
          807968,
          808768,
          809408,
          808576,
          809760,
          808032,
          808832,
          808576
        ],
        "chunk_tokens": 256,
        "block_threads": 128,
        "staged_input_bytes": 168966761,
        "applicable": true
      },
      {
        "kernel": "onpair_shmem_s8_4tpt",
        "role": "production",
        "stage_bytes": null,
        "chunk_size": 128,
        "decode_ms": 0.0,
        "decode_gib_s": 0.0,
        "chunk_tokens": 128,
        "block_threads": 512,
        "staged_input_bytes": 171104937,
        "applicable": false,
        "reason": "dictionary entry longer than 8 bytes"
      },
      {
        "kernel": "onpair_shmem_s4l1_16tpt",
        "role": "production",
        "stage_bytes": null,
        "chunk_size": 512,
        "decode_ms": 0.0,
        "decode_gib_s": 0.0,
        "chunk_tokens": 512,
        "block_threads": 256,
        "staged_input_bytes": 167004253,
        "applicable": false,
        "reason": "dictionary entry longer than 4 bytes"
      },
      {
        "kernel": "onpair_shmem_const1",
        "role": "production",
        "stage_bytes": null,
        "chunk_size": 512,
        "decode_ms": 0.0,
        "decode_gib_s": 0.0,
        "chunk_tokens": 512,
        "block_threads": 512,
        "staged_input_bytes": 165488425,
        "applicable": false,
        "reason": "not every dictionary entry is exactly 1 byte"
      },
      {
        "kernel": "onpair_shmem_const2",
        "role": "production",
        "stage_bytes": null,
        "chunk_size": 256,
        "decode_ms": 0.0,
        "decode_gib_s": 0.0,
        "chunk_tokens": 256,
        "block_threads": 512,
        "staged_input_bytes": 165544264,
        "applicable": false,
        "reason": "not every dictionary entry is exactly 2 bytes"
      },
      {
        "kernel": "onpair_dg_k1_t64_b1",
        "role": "experimental",
        "stage_bytes": null,
        "chunk_size": 32,
        "decode_ms": 1.330496,
        "decode_gib_s": 699.9814208775514,
        "decode_ns_iters": [
          1337984,
          1337856,
          1339968,
          1330496,
          1333696,
          1334144,
          1335872,
          1336064,
          1336480,
          1334752,
          1336768,
          1343488,
          1337312,
          1340704,
          1335584,
          1338336,
          1340448,
          1335936,
          1333504,
          1337024,
          1342880,
          1334720,
          1341472,
          1337024,
          1336928,
          1343264,
          1336896,
          1338304,
          1336448,
          1339776
        ],
        "chunk_tokens": 32,
        "block_threads": 64,
        "staged_input_bytes": 187033050,
        "applicable": true
      },
      {
        "kernel": "onpair_dg_k1_t64_b2",
        "role": "experimental",
        "stage_bytes": null,
        "chunk_size": 32,
        "decode_ms": 1.333984,
        "decode_gib_s": 698.1511626465523,
        "decode_ns_iters": [
          1346336,
          1346080,
          1335904,
          1333984,
          1335808,
          1343040,
          1341440,
          1345824,
          1341312,
          1341056,
          1349152,
          1339552,
          1339264,
          1337632,
          1340224,
          1340224,
          1340800,
          1343968,
          1337472,
          1344896,
          1338368,
          1338112,
          1336192,
          1340128,
          1340160,
          1337984,
          1337504,
          1338784,
          1336512,
          1338720
        ],
        "chunk_tokens": 32,
        "block_threads": 64,
        "staged_input_bytes": 187033050,
        "applicable": true
      },
      {
        "kernel": "onpair_dg_k1_t64_b4",
        "role": "experimental",
        "stage_bytes": null,
        "chunk_size": 32,
        "decode_ms": 1.331744,
        "decode_gib_s": 699.3254563579026,
        "decode_ns_iters": [
          1341920,
          1336704,
          1333216,
          1338848,
          1336992,
          1342752,
          1339072,
          1341248,
          1341024,
          1343488,
          1340576,
          1338688,
          1337952,
          1331744,
          1332032,
          1339520,
          1337088,
          1335776,
          1333440,
          1335104,
          1336064,
          1340256,
          1341024,
          1337408,
          1338816,
          1344352,
          1341184,
          1335360,
          1332736,
          1335264
        ],
        "chunk_tokens": 32,
        "block_threads": 64,
        "staged_input_bytes": 187033050,
        "applicable": true
      },
      {
        "kernel": "onpair_dg_k1_t64_b6",
        "role": "experimental",
        "stage_bytes": null,
        "chunk_size": 32,
        "decode_ms": 1.335232,
        "decode_gib_s": 697.498622375661,
        "decode_ns_iters": [
          1337856,
          1343520,
          1338272,
          1341088,
          1338464,
          1338176,
          1348960,
          1338432,
          1340832,
          1342272,
          1344960,
          1335232,
          1349024,
          1339040,
          1339808,
          1343712,
          1338144,
          1340832,
          1342624,
          1336192,
          1337600,
          1337344,
          1342464,
          1342272,
          1340320,
          1337568,
          1339744,
          1340288,
          1337984,
          1341504
        ],
        "chunk_tokens": 32,
        "block_threads": 64,
        "staged_input_bytes": 187033050,
        "applicable": true
      },
      {
        "kernel": "onpair_dg_k1_t64_b8",
        "role": "experimental",
        "stage_bytes": null,
        "chunk_size": 32,
        "decode_ms": 1.33472,
        "decode_gib_s": 697.7661835829975,
        "decode_ns_iters": [
          1341024,
          1336736,
          1344000,
          1339264,
          1340256,
          1340256,
          1337952,
          1337920,
          1341312,
          1340352,
          1341312,
          1340224,
          1339200,
          1341120,
          1341056,
          1339872,
          1343264,
          1338112,
          1339360,
          1341728,
          1336800,
          1340256,
          1342176,
          1337440,
          1345184,
          1341952,
          1337728,
          1334720,
          1336480,
          1337376
        ],
        "chunk_tokens": 32,
        "block_threads": 64,
        "staged_input_bytes": 187033050,
        "applicable": true
      },
      {
        "kernel": "onpair_dg_k1_t128_b1",
        "role": "experimental",
        "stage_bytes": null,
        "chunk_size": 32,
        "decode_ms": 1.383616,
        "decode_gib_s": 673.1076256359412,
        "decode_ns_iters": [
          1387488,
          1396704,
          1396576,
          1399200,
          1390304,
          1384544,
          1388864,
          1386016,
          1390816,
          1383616,
          1392800,
          1388640,
          1393760,
          1390944,
          1389600,
          1393760,
          1392032,
          1384512,
          1387776,
          1395712,
          1394944,
          1392960,
          1396480,
          1384736,
          1386592,
          1395488,
          1388448,
          1398624,
          1391488,
          1395072
        ],
        "chunk_tokens": 32,
        "block_threads": 128,
        "staged_input_bytes": 187033050,
        "applicable": true
      },
      {
        "kernel": "onpair_dg_k1_t128_b2",
        "role": "experimental",
        "stage_bytes": null,
        "chunk_size": 32,
        "decode_ms": 1.38544,
        "decode_gib_s": 672.2214462928013,
        "decode_ns_iters": [
          1403200,
          1396096,
          1388224,
          1392448,
          1395712,
          1397248,
          1397120,
          1405184,
          1399360,
          1397312,
          1396096,
          1400960,
          1394464,
          1400736,
          1392672,
          1406272,
          1394240,
          1393824,
          1400224,
          1394528,
          1391680,
          1403552,
          1403616,
          1407232,
          1405120,
          1398464,
          1391680,
          1385440,
          1388672,
          1389728
        ],
        "chunk_tokens": 32,
        "block_threads": 128,
        "staged_input_bytes": 187033050,
        "applicable": true
      },
      {
        "kernel": "onpair_dg_k1_t128_b4",
        "role": "experimental",
        "stage_bytes": null,
        "chunk_size": 32,
        "decode_ms": 1.37104,
        "decode_gib_s": 679.2817719044656,
        "decode_ns_iters": [
          1394112,
          1392416,
          1396736,
          1388928,
          1404480,
          1397536,
          1384256,
          1397216,
          1381568,
          1382208,
          1392928,
          1390080,
          1395744,
          1395168,
          1395872,
          1394080,
          1402240,
          1395328,
          1395200,
          1388864,
          1383584,
          1387232,
          1374240,
          1395072,
          1395744,
          1396736,
          1371040,
          1392672,
          1388576,
          1383680
        ],
        "chunk_tokens": 32,
        "block_threads": 128,
        "staged_input_bytes": 187033050,
        "applicable": true
      },
      {
        "kernel": "onpair_dg_k1_t128_b6",
        "role": "experimental",
        "stage_bytes": null,
        "chunk_size": 32,
        "decode_ms": 1.440064,
        "decode_gib_s": 646.7229793619579,
        "decode_ns_iters": [
          1444960,
          1453920,
          1443616,
          1445440,
          1444352,
          1443584,
          1447136,
          1442848,
          1456576,
          1445728,
          1449824,
          1447296,
          1440256,
          1440064,
          1441792,
          1442144,
          1440480,
          1442624,
          1441280,
          1447264,
          1442976,
          1440288,
          1444032,
          1448256,
          1446496,
          1444448,
          1441760,
          1441728,
          1440128,
          1444288
        ],
        "chunk_tokens": 32,
        "block_threads": 128,
        "staged_input_bytes": 187033050,
        "applicable": true
      },
      {
        "kernel": "onpair_dg_k1_t128_b8",
        "role": "experimental",
        "stage_bytes": null,
        "chunk_size": 32,
        "decode_ms": 1.324768,
        "decode_gib_s": 703.0079837012205,
        "decode_ns_iters": [
          1337184,
          1324992,
          1343232,
          1336512,
          1332960,
          1332128,
          1326624,
          1328928,
          1331424,
          1335360,
          1329632,
          1328672,
          1328288,
          1328640,
          1329632,
          1333408,
          1335936,
          1329312,
          1324768,
          1331328,
          1335232,
          1332864,
          1331296,
          1334592,
          1334272,
          1330080,
          1331552,
          1330944,
          1334656,
          1335072
        ],
        "chunk_tokens": 32,
        "block_threads": 128,
        "staged_input_bytes": 187033050,
        "applicable": true
      },
      {
        "kernel": "onpair_dg_k1_t256_b1",
        "role": "experimental",
        "stage_bytes": null,
        "chunk_size": 32,
        "decode_ms": 1.590368,
        "decode_gib_s": 585.601873624154,
        "decode_ns_iters": [
          1604576,
          1600640,
          1598208,
          1596448,
          1600448,
          1600128,
          1601920,
          1598208,
          1598432,
          1599776,
          1603488,
          1598752,
          1600704,
          1601952,
          1590368,
          1595968,
          1603936,
          1600832,
          1598464,
          1599712,
          1599168,
          1602816,
          1598432,
          1596480,
          1596800,
          1599264,
          1606496,
          1599744,
          1600896,
          1602336
        ],
        "chunk_tokens": 32,
        "block_threads": 256,
        "staged_input_bytes": 187033050,
        "applicable": true
      },
      {
        "kernel": "onpair_dg_k1_t256_b2",
        "role": "experimental",
        "stage_bytes": null,
        "chunk_size": 32,
        "decode_ms": 1.596192,
        "decode_gib_s": 583.4651975150223,
        "decode_ns_iters": [
          1597152,
          1600896,
          1601184,
          1598496,
          1596192,
          1596704,
          1597536,
          1596320,
          1604576,
          1604352,
          1603296,
          1602016,
          1603456,
          1607232,
          1599104,
          1613696,
          1603648,
          1603296,
          1600064,
          1602432,
          1599552,
          1600544,
          1601312,
          1599136,
          1600800,
          1603072,
          1602240,
          1601664,
          1602720,
          1609984
        ],
        "chunk_tokens": 32,
        "block_threads": 256,
        "staged_input_bytes": 187033050,
        "applicable": true
      },
      {
        "kernel": "onpair_dg_k1_t256_b4",
        "role": "experimental",
        "stage_bytes": null,
        "chunk_size": 32,
        "decode_ms": 1.354432,
        "decode_gib_s": 687.6111023306437,
        "decode_ns_iters": [
          1362496,
          1358784,
          1356928,
          1358464,
          1359712,
          1356352,
          1362752,
          1362624,
          1358560,
          1363904,
          1358720,
          1360448,
          1356064,
          1366336,
          1357056,
          1354432,
          1360448,
          1357824,
          1357312,
          1356704,
          1357440,
          1359328,
          1365728,
          1359808,
          1357824,
          1359424,
          1360288,
          1358592,
          1362624,
          1355072
        ],
        "chunk_tokens": 32,
        "block_threads": 256,
        "staged_input_bytes": 187033050,
        "applicable": true
      },
      {
        "kernel": "onpair_dg_k1_t256_b6",
        "role": "experimental",
        "stage_bytes": null,
        "chunk_size": 32,
        "decode_ms": 1.03568,
        "decode_gib_s": 899.2376801250372,
        "decode_ns_iters": [
          1043648,
          1039552,
          1039712,
          1038528,
          1039264,
          1042368,
          1040192,
          1046432,
          1041152,
          1043360,
          1038048,
          1045536,
          1045056,
          1037312,
          1038272,
          1035680,
          1037728,
          1041088,
          1044256,
          1040864,
          1036608,
          1038176,
          1041920,
          1037024,
          1041792,
          1048032,
          1050432,
          1041696,
          1040064,
          1039552
        ],
        "chunk_tokens": 32,
        "block_threads": 256,
        "staged_input_bytes": 187033050,
        "applicable": true
      },
      {
        "kernel": "onpair_dg_k1_t256_b8",
        "role": "experimental",
        "stage_bytes": null,
        "chunk_size": 32,
        "decode_ms": 1.020544,
        "decode_gib_s": 912.5745490168954,
        "decode_ns_iters": [
          1026080,
          1029472,
          1023968,
          1023904,
          1024384,
          1022880,
          1028192,
          1025984,
          1025984,
          1024320,
          1026976,
          1026048,
          1024576,
          1026176,
          1028000,
          1020544,
          1025440,
          1025312,
          1021632,
          1021696,
          1020960,
          1030368,
          1031456,
          1024864,
          1025056,
          1025536,
          1023776,
          1021440,
          1022432,
          1021760
        ],
        "chunk_tokens": 32,
        "block_threads": 256,
        "staged_input_bytes": 187033050,
        "applicable": true
      },
      {
        "kernel": "onpair_dg_k2_t64_b1",
        "role": "experimental",
        "stage_bytes": null,
        "chunk_size": 64,
        "decode_ms": 0.923104,
        "decode_gib_s": 1008.9030927738353,
        "decode_ns_iters": [
          923104,
          925792,
          926912,
          926016,
          923392,
          925536,
          925760,
          923680,
          934144,
          933312,
          930496,
          932096,
          931200,
          932384,
          928288,
          937600,
          928256,
          932288,
          935456,
          930976,
          927904,
          925760,
          927328,
          924800,
          927616,
          927392,
          927776,
          928512,
          929216,
          931008
        ],
        "chunk_tokens": 64,
        "block_threads": 64,
        "staged_input_bytes": 176693514,
        "applicable": true
      },
      {
        "kernel": "onpair_dg_k2_t64_b2",
        "role": "experimental",
        "stage_bytes": null,
        "chunk_size": 64,
        "decode_ms": 0.92416,
        "decode_gib_s": 1007.7502602924802,
        "decode_ns_iters": [
          932320,
          930272,
          940096,
          928352,
          928448,
          942688,
          937568,
          928800,
          928256,
          930976,
          929696,
          930112,
          932320,
          929184,
          932384,
          935424,
          928384,
          928928,
          928864,
          926752,
          930976,
          931520,
          932096,
          931232,
          930240,
          930272,
          924160,
          928768,
          927008,
          928800
        ],
        "chunk_tokens": 64,
        "block_threads": 64,
        "staged_input_bytes": 176693514,
        "applicable": true
      },
      {
        "kernel": "onpair_dg_k2_t64_b4",
        "role": "experimental",
        "stage_bytes": null,
        "chunk_size": 64,
        "decode_ms": 0.926272,
        "decode_gib_s": 1005.4524810767231,
        "decode_ns_iters": [
          934688,
          929888,
          931936,
          931840,
          930784,
          930624,
          927104,
          929984,
          929792,
          928608,
          937248,
          933728,
          934720,
          930304,
          931072,
          929312,
          927200,
          927584,
          927904,
          927680,
          934304,
          930688,
          927296,
          935392,
          932064,
          930816,
          926272,
          927808,
          927776,
          928704
        ],
        "chunk_tokens": 64,
        "block_threads": 64,
        "staged_input_bytes": 176693514,
        "applicable": true
      },
      {
        "kernel": "onpair_dg_k2_t64_b6",
        "role": "experimental",
        "stage_bytes": null,
        "chunk_size": 64,
        "decode_ms": 0.921088,
        "decode_gib_s": 1011.1112950683306,
        "decode_ns_iters": [
          931008,
          923744,
          921088,
          928960,
          923712,
          921376,
          927392,
          930496,
          931552,
          928832,
          929952,
          927232,
          932128,
          929568,
          932608,
          924256,
          927232,
          927168,
          922784,
          929728,
          925440,
          926368,
          930304,
          926048,
          930912,
          927328,
          930592,
          930272,
          927360,
          927680
        ],
        "chunk_tokens": 64,
        "block_threads": 64,
        "staged_input_bytes": 176693514,
        "applicable": true
      },
      {
        "kernel": "onpair_dg_k2_t64_b8",
        "role": "experimental",
        "stage_bytes": null,
        "chunk_size": 64,
        "decode_ms": 0.924032,
        "decode_gib_s": 1007.8898572256139,
        "decode_ns_iters": [
          929344,
          925728,
          925696,
          934304,
          928896,
          930944,
          924032,
          928640,
          929920,
          927456,
          932960,
          926464,
          928512,
          926752,
          929632,
          932384,
          930848,
          929568,
          927680,
          927872,
          931584,
          927520,
          927392,
          926048,
          930336,
          927040,
          932000,
          929920,
          927488,
          932000
        ],
        "chunk_tokens": 64,
        "block_threads": 64,
        "staged_input_bytes": 176693514,
        "applicable": true
      },
      {
        "kernel": "onpair_dg_k2_t128_b1",
        "role": "experimental",
        "stage_bytes": null,
        "chunk_size": 64,
        "decode_ms": 0.926784,
        "decode_gib_s": 1004.8970208289078,
        "decode_ns_iters": [
          934016,
          934208,
          926784,
          933440,
          929088,
          929536,
          929024,
          934368,
          932416,
          927136,
          933472,
          931360,
          932576,
          931200,
          929664,
          929120,
          933408,
          933312,
          932960,
          935360,
          932128,
          939840,
          934400,
          935200,
          934688,
          933792,
          933824,
          933472,
          936640,
          932096
        ],
        "chunk_tokens": 64,
        "block_threads": 128,
        "staged_input_bytes": 176693514,
        "applicable": true
      },
      {
        "kernel": "onpair_dg_k2_t128_b2",
        "role": "experimental",
        "stage_bytes": null,
        "chunk_size": 64,
        "decode_ms": 0.925504,
        "decode_gib_s": 1006.2868237759086,
        "decode_ns_iters": [
          936032,
          936000,
          933344,
          930752,
          931840,
          931040,
          934848,
          935456,
          935296,
          928672,
          931776,
          930720,
          934912,
          931200,
          928800,
          925504,
          932672,
          932000,
          932288,
          932032,
          933600,
          933984,
          933760,
          932864,
          928800,
          933728,
          934592,
          933248,
          933824,
          933248
        ],
        "chunk_tokens": 64,
        "block_threads": 128,
        "staged_input_bytes": 176693514,
        "applicable": true
      },
      {
        "kernel": "onpair_dg_k2_t128_b4",
        "role": "experimental",
        "stage_bytes": null,
        "chunk_size": 64,
        "decode_ms": 0.925472,
        "decode_gib_s": 1006.3216181061107,
        "decode_ns_iters": [
          934912,
          938048,
          933056,
          933376,
          934656,
          931520,
          932608,
          938304,
          925472,
          936544,
          929856,
          934944,
          939424,
          935392,
          935360,
          935488,
          936320,
          936800,
          930752,
          931904,
          936864,
          942048,
          931040,
          937024,
          932224,
          937216,
          937600,
          936128,
          935520,
          933568
        ],
        "chunk_tokens": 64,
        "block_threads": 128,
        "staged_input_bytes": 176693514,
        "applicable": true
      },
      {
        "kernel": "onpair_dg_k2_t128_b6",
        "role": "experimental",
        "stage_bytes": null,
        "chunk_size": 64,
        "decode_ms": 0.930784,
        "decode_gib_s": 1000.5785236444744,
        "decode_ns_iters": [
          935776,
          937952,
          936544,
          938880,
          938016,
          939008,
          936288,
          936000,
          932672,
          935008,
          937920,
          935648,
          935456,
          933696,
          934176,
          933376,
          931104,
          934400,
          936256,
          934944,
          939040,
          934624,
          934688,
          935648,
          935968,
          936480,
          937952,
          932064,
          930784,
          933664
        ],
        "chunk_tokens": 64,
        "block_threads": 128,
        "staged_input_bytes": 176693514,
        "applicable": true
      },
      {
        "kernel": "onpair_dg_k2_t128_b8",
        "role": "experimental",
        "stage_bytes": null,
        "chunk_size": 64,
        "decode_ms": 0.93232,
        "decode_gib_s": 998.930067521772,
        "decode_ns_iters": [
          942560,
          940352,
          941248,
          936800,
          938464,
          936192,
          936608,
          936224,
          935872,
          935104,
          934976,
          938976,
          932320,
          939776,
          938720,
          948096,
          940896,
          938368,
          940224,
          941472,
          937184,
          937728,
          938176,
          938880,
          941024,
          939200,
          940384,
          937856,
          940000,
          939232
        ],
        "chunk_tokens": 64,
        "block_threads": 128,
        "staged_input_bytes": 176693514,
        "applicable": true
      },
      {
        "kernel": "onpair_dg_k2_t256_b1",
        "role": "experimental",
        "stage_bytes": null,
        "chunk_size": 64,
        "decode_ms": 0.966528,
        "decode_gib_s": 963.5752720582316,
        "decode_ns_iters": [
          969152,
          967040,
          971584,
          971776,
          966688,
          970240,
          968352,
          967200,
          967648,
          971296,
          978496,
          971424,
          978816,
          969376,
          967488,
          966528,
          970720,
          971296,
          969856,
          970496,
          972512,
          973856,
          973600,
          978208,
          972576,
          968832,
          971616,
          970432,
          968544,
          971264
        ],
        "chunk_tokens": 64,
        "block_threads": 256,
        "staged_input_bytes": 176693514,
        "applicable": true
      },
      {
        "kernel": "onpair_dg_k2_t256_b2",
        "role": "experimental",
        "stage_bytes": null,
        "chunk_size": 64,
        "decode_ms": 0.964576,
        "decode_gib_s": 965.5252468980137,
        "decode_ns_iters": [
          971968,
          965088,
          970656,
          966912,
          966336,
          968864,
          969664,
          971168,
          975072,
          966496,
          968256,
          968992,
          965248,
          967744,
          969664,
          969600,
          976384,
          970912,
          969664,
          969664,
          971584,
          974848,
          973600,
          969728,
          971200,
          969760,
          967296,
          966560,
          964576,
          970048
        ],
        "chunk_tokens": 64,
        "block_threads": 256,
        "staged_input_bytes": 176693514,
        "applicable": true
      },
      {
        "kernel": "onpair_dg_k2_t256_b4",
        "role": "experimental",
        "stage_bytes": null,
        "chunk_size": 64,
        "decode_ms": 0.96624,
        "decode_gib_s": 963.8624778025113,
        "decode_ns_iters": [
          976032,
          975136,
          974688,
          973184,
          975840,
          972224,
          975520,
          974400,
          966240,
          973600,
          971744,
          972640,
          970656,
          971616,
          973888,
          972992,
          970944,
          975360,
          971808,
          975392,
          970752,
          969952,
          972544,
          974144,
          973760,
          977152,
          976192,
          974592,
          973984,
          976608
        ],
        "chunk_tokens": 64,
        "block_threads": 256,
        "staged_input_bytes": 176693514,
        "applicable": true
      },
      {
        "kernel": "onpair_dg_k2_t256_b6",
        "role": "experimental",
        "stage_bytes": null,
        "chunk_size": 64,
        "decode_ms": 0.850176,
        "decode_gib_s": 1095.4466846298867,
        "decode_ns_iters": [
          852384,
          853184,
          862496,
          854784,
          853440,
          859424,
          854304,
          852416,
          853920,
          854656,
          853760,
          853312,
          853824,
          854048,
          857312,
          856096,
          856928,
          854656,
          854592,
          856992,
          852928,
          853760,
          853760,
          854016,
          853088,
          854848,
          854368,
          858080,
          853024,
          850176
        ],
        "chunk_tokens": 64,
        "block_threads": 256,
        "staged_input_bytes": 176693514,
        "applicable": true
      },
      {
        "kernel": "onpair_dg_k2_t256_b8",
        "role": "experimental",
        "stage_bytes": null,
        "chunk_size": 64,
        "decode_ms": 0.88128,
        "decode_gib_s": 1056.783860466479,
        "decode_ns_iters": [
          885152,
          884000,
          885760,
          886624,
          881280,
          881664,
          883552,
          883680,
          883232,
          883424,
          884768,
          884480,
          885984,
          883904,
          885664,
          883520,
          885376,
          884800,
          887264,
          884352,
          885056,
          884576,
          885216,
          884544,
          884640,
          886336,
          885152,
          890400,
          891008,
          891264
        ],
        "chunk_tokens": 64,
        "block_threads": 256,
        "staged_input_bytes": 176693514,
        "applicable": true
      },
      {
        "kernel": "onpair_dg_k3_t64_b1",
        "role": "experimental",
        "stage_bytes": null,
        "chunk_size": 96,
        "decode_ms": 0.859488,
        "decode_gib_s": 1083.5782239564699,
        "decode_ns_iters": [
          865568,
          862496,
          863872,
          861760,
          864032,
          862944,
          863712,
          861568,
          864064,
          861440,
          864448,
          868448,
          864256,
          859776,
          859488,
          862400,
          861824,
          863072,
          861600,
          865184,
          867168,
          867008,
          866624,
          866592,
          865824,
          866784,
          864096,
          865088,
          865728,
          868576
        ],
        "chunk_tokens": 96,
        "block_threads": 64,
        "staged_input_bytes": 173247002,
        "applicable": true
      },
      {
        "kernel": "onpair_dg_k3_t64_b2",
        "role": "experimental",
        "stage_bytes": null,
        "chunk_size": 96,
        "decode_ms": 0.859008,
        "decode_gib_s": 1084.183710223768,
        "decode_ns_iters": [
          867296,
          863744,
          863392,
          862720,
          861824,
          860928,
          864256,
          860736,
          861696,
          861216,
          864736,
          860928,
          859008,
          863104,
          861664,
          861152,
          863552,
          862400,
          861536,
          859232,
          859648,
          859296,
          862208,
          863296,
          860800,
          864672,
          869632,
          861056,
          863040,
          861088
        ],
        "chunk_tokens": 96,
        "block_threads": 64,
        "staged_input_bytes": 173247002,
        "applicable": true
      },
      {
        "kernel": "onpair_dg_k3_t64_b4",
        "role": "experimental",
        "stage_bytes": null,
        "chunk_size": 96,
        "decode_ms": 0.857824,
        "decode_gib_s": 1085.6801401591683,
        "decode_ns_iters": [
          861728,
          860672,
          860192,
          861536,
          859488,
          860896,
          861376,
          866784,
          864320,
          857824,
          860064,
          867584,
          859680,
          859072,
          861952,
          860928,
          862624,
          863744,
          862624,
          863136,
          861952,
          862240,
          861664,
          860800,
          861664,
          862304,
          862720,
          863040,
          860896,
          859808
        ],
        "chunk_tokens": 96,
        "block_threads": 64,
        "staged_input_bytes": 173247002,
        "applicable": true
      },
      {
        "kernel": "onpair_dg_k3_t64_b6",
        "role": "experimental",
        "stage_bytes": null,
        "chunk_size": 96,
        "decode_ms": 0.85744,
        "decode_gib_s": 1086.1663563070285,
        "decode_ns_iters": [
          861920,
          860736,
          861728,
          860800,
          859296,
          860480,
          861280,
          860928,
          859552,
          861120,
          859744,
          859008,
          859072,
          860384,
          862176,
          863360,
          862464,
          868640,
          867744,
          862336,
          860608,
          859488,
          860544,
          859136,
          857440,
          860320,
          858432,
          859136,
          858624,
          859296
        ],
        "chunk_tokens": 96,
        "block_threads": 64,
        "staged_input_bytes": 173247002,
        "applicable": true
      },
      {
        "kernel": "onpair_dg_k3_t64_b8",
        "role": "experimental",
        "stage_bytes": null,
        "chunk_size": 96,
        "decode_ms": 0.858464,
        "decode_gib_s": 1084.870746533225,
        "decode_ns_iters": [
          866784,
          861504,
          859424,
          860576,
          859104,
          859712,
          859776,
          860704,
          862272,
          859872,
          861024,
          859040,
          860160,
          858784,
          858944,
          859968,
          863680,
          862912,
          862688,
          860736,
          859904,
          863040,
          860224,
          859552,
          861152,
          868960,
          865728,
          858464,
          859168,
          864416
        ],
        "chunk_tokens": 96,
        "block_threads": 64,
        "staged_input_bytes": 173247002,
        "applicable": true
      },
      {
        "kernel": "onpair_dg_k3_t128_b1",
        "role": "experimental",
        "stage_bytes": null,
        "chunk_size": 96,
        "decode_ms": 0.863968,
        "decode_gib_s": 1077.9594621003307,
        "decode_ns_iters": [
          865856,
          866240,
          864896,
          865120,
          865024,
          870464,
          869440,
          864608,
          863968,
          865920,
          866784,
          864832,
          866944,
          865152,
          866688,
          866368,
          866144,
          864160,
          866240,
          867872,
          866720,
          865088,
          866528,
          866176,
          867488,
          864608,
          871680,
          866624,
          868352,
          866208
        ],
        "chunk_tokens": 96,
        "block_threads": 128,
        "staged_input_bytes": 173247002,
        "applicable": true
      },
      {
        "kernel": "onpair_dg_k3_t128_b2",
        "role": "experimental",
        "stage_bytes": null,
        "chunk_size": 96,
        "decode_ms": 0.861184,
        "decode_gib_s": 1081.4442448441896,
        "decode_ns_iters": [
          866528,
          868640,
          867360,
          863040,
          865536,
          864512,
          864160,
          866944,
          867424,
          867872,
          864704,
          864800,
          862880,
          862464,
          864992,
          865536,
          866496,
          869056,
          866720,
          867904,
          872160,
          872064,
          867360,
          864224,
          866912,
          864000,
          870240,
          865344,
          864192,
          861184
        ],
        "chunk_tokens": 96,
        "block_threads": 128,
        "staged_input_bytes": 173247002,
        "applicable": true
      },
      {
        "kernel": "onpair_dg_k3_t128_b4",
        "role": "experimental",
        "stage_bytes": null,
        "chunk_size": 96,
        "decode_ms": 0.863168,
        "decode_gib_s": 1078.9585347833774,
        "decode_ns_iters": [
          869824,
          865312,
          866336,
          865792,
          866336,
          863168,
          868704,
          865376,
          863648,
          865408,
          865824,
          867680,
          863648,
          864160,
          879296,
          868096,
          865664,
          867808,
          867904,
          867104,
          866688,
          866144,
          869024,
          870176,
          869760,
          866880,
          868608,
          867840,
          865344,
          866368
        ],
        "chunk_tokens": 96,
        "block_threads": 128,
        "staged_input_bytes": 173247002,
        "applicable": true
      },
      {
        "kernel": "onpair_dg_k3_t128_b6",
        "role": "experimental",
        "stage_bytes": null,
        "chunk_size": 96,
        "decode_ms": 0.864512,
        "decode_gib_s": 1077.2811488468622,
        "decode_ns_iters": [
          870720,
          867808,
          868384,
          865088,
          867872,
          866112,
          868128,
          867808,
          871264,
          868384,
          865728,
          868160,
          869600,
          866368,
          871424,
          868576,
          867264,
          869600,
          871392,
          870976,
          866912,
          867008,
          868224,
          873088,
          866752,
          867104,
          866400,
          865216,
          864512,
          866208
        ],
        "chunk_tokens": 96,
        "block_threads": 128,
        "staged_input_bytes": 173247002,
        "applicable": true
      },
      {
        "kernel": "onpair_dg_k3_t128_b8",
        "role": "experimental",
        "stage_bytes": null,
        "chunk_size": 96,
        "decode_ms": 0.866816,
        "decode_gib_s": 1074.4177317353376,
        "decode_ns_iters": [
          875584,
          867584,
          868128,
          867712,
          867840,
          871808,
          867584,
          868960,
          871936,
          868640,
          866816,
          867264,
          875072,
          868224,
          874112,
          867712,
          870144,
          868768,
          867552,
          867456,
          868096,
          867680,
          866976,
          867488,
          869504,
          869344,
          868128,
          867712,
          870208,
          870080
        ],
        "chunk_tokens": 96,
        "block_threads": 128,
        "staged_input_bytes": 173247002,
        "applicable": true
      },
      {
        "kernel": "onpair_dg_k3_t256_b1",
        "role": "experimental",
        "stage_bytes": null,
        "chunk_size": 96,
        "decode_ms": 0.884,
        "decode_gib_s": 1053.5322178188896,
        "decode_ns_iters": [
          889344,
          884384,
          890432,
          884000,
          884736,
          886016,
          891328,
          894496,
          890656,
          887488,
          891072,
          887040,
          886560,
          892032,
          889632,
          897312,
          886112,
          888768,
          890848,
          891648,
          887648,
          891776,
          889472,
          892608,
          885632,
          886400,
          888000,
          884640,
          886816,
          886304
        ],
        "chunk_tokens": 96,
        "block_threads": 256,
        "staged_input_bytes": 173247002,
        "applicable": true
      },
      {
        "kernel": "onpair_dg_k3_t256_b2",
        "role": "experimental",
        "stage_bytes": null,
        "chunk_size": 96,
        "decode_ms": 0.882016,
        "decode_gib_s": 1055.902025078795,
        "decode_ns_iters": [
          888384,
          888864,
          885152,
          884928,
          891264,
          886080,
          890944,
          886112,
          884736,
          886496,
          882016,
          889760,
          886176,
          883296,
          886720,
          885408,
          887296,
          888608,
          887680,
          885888,
          890176,
          890496,
          891904,
          887424,
          889632,
          882816,
          884384,
          889152,
          886752,
          886496
        ],
        "chunk_tokens": 96,
        "block_threads": 256,
        "staged_input_bytes": 173247002,
        "applicable": true
      },
      {
        "kernel": "onpair_dg_k3_t256_b4",
        "role": "experimental",
        "stage_bytes": null,
        "chunk_size": 96,
        "decode_ms": 0.884544,
        "decode_gib_s": 1052.884289025643,
        "decode_ns_iters": [
          889248,
          893792,
          888320,
          896224,
          889888,
          884832,
          888768,
          884544,
          889536,
          894560,
          893952,
          893248,
          889152,
          886336,
          891648,
          891360,
          886112,
          889952,
          892064,
          892512,
          892416,
          888928,
          890656,
          888160,
          889088,
          890016,
          891840,
          891200,
          887712,
          890016
        ],
        "chunk_tokens": 96,
        "block_threads": 256,
        "staged_input_bytes": 173247002,
        "applicable": true
      },
      {
        "kernel": "onpair_dg_k3_t256_b6",
        "role": "experimental",
        "stage_bytes": null,
        "chunk_size": 96,
        "decode_ms": 0.838496,
        "decode_gib_s": 1110.705931276832,
        "decode_ns_iters": [
          848768,
          847712,
          843040,
          849984,
          842976,
          842080,
          843200,
          839744,
          841504,
          844704,
          842720,
          841376,
          843904,
          841568,
          842144,
          842016,
          841504,
          842752,
          840960,
          840128,
          845856,
          840096,
          840544,
          840160,
          840576,
          842048,
          841984,
          840768,
          838496,
          839904
        ],
        "chunk_tokens": 96,
        "block_threads": 256,
        "staged_input_bytes": 173247002,
        "applicable": true
      },
      {
        "kernel": "onpair_dg_k3_t256_b8",
        "role": "experimental",
        "stage_bytes": null,
        "chunk_size": 96,
        "decode_ms": 0.867776,
        "decode_gib_s": 1073.229128890288,
        "decode_ns_iters": [
          868480,
          870592,
          869728,
          869600,
          868896,
          870176,
          870144,
          871008,
          869888,
          868960,
          871520,
          870528,
          871040,
          869952,
          874624,
          873184,
          870624,
          872128,
          872576,
          870592,
          869888,
          868864,
          869760,
          869568,
          867776,
          869440,
          869728,
          870528,
          869344,
          878720
        ],
        "chunk_tokens": 96,
        "block_threads": 256,
        "staged_input_bytes": 173247002,
        "applicable": true
      },
      {
        "kernel": "onpair_dg_k4_t64_b1",
        "role": "experimental",
        "stage_bytes": null,
        "chunk_size": 128,
        "decode_ms": 0.844928,
        "decode_gib_s": 1102.2507013046063,
        "decode_ns_iters": [
          846688,
          846208,
          847680,
          847200,
          847072,
          846944,
          849632,
          844928,
          845856,
          855744,
          846496,
          846048,
          847488,
          847520,
          847328,
          846784,
          849216,
          847424,
          847360,
          845920,
          846944,
          848288,
          848416,
          846208,
          847200,
          845248,
          846016,
          844960,
          853472,
          846720
        ],
        "chunk_tokens": 128,
        "block_threads": 64,
        "staged_input_bytes": 171523746,
        "applicable": true
      },
      {
        "kernel": "onpair_dg_k4_t64_b2",
        "role": "experimental",
        "stage_bytes": null,
        "chunk_size": 128,
        "decode_ms": 0.84256,
        "decode_gib_s": 1105.348557434365,
        "decode_ns_iters": [
          848320,
          846528,
          847904,
          845728,
          852672,
          850816,
          843328,
          843776,
          844448,
          843776,
          842560,
          849088,
          844256,
          845760,
          845120,
          846336,
          845632,
          845792,
          846144,
          847392,
          847584,
          847136,
          845728,
          846624,
          847520,
          852288,
          845824,
          847424,
          847872,
          845728
        ],
        "chunk_tokens": 128,
        "block_threads": 64,
        "staged_input_bytes": 171523746,
        "applicable": true
      },
      {
        "kernel": "onpair_dg_k4_t64_b4",
        "role": "experimental",
        "stage_bytes": null,
        "chunk_size": 128,
        "decode_ms": 0.8448,
        "decode_gib_s": 1102.4177089866223,
        "decode_ns_iters": [
          847648,
          854048,
          853056,
          845088,
          846528,
          846272,
          846528,
          847456,
          848096,
          849952,
          846816,
          848704,
          847200,
          845792,
          846176,
          846624,
          845152,
          845856,
          846944,
          846816,
          844800,
          846816,
          845792,
          852192,
          847040,
          845504,
          846432,
          846176,
          844800,
          845312
        ],
        "chunk_tokens": 128,
        "block_threads": 64,
        "staged_input_bytes": 171523746,
        "applicable": true
      },
      {
        "kernel": "onpair_dg_k4_t64_b6",
        "role": "experimental",
        "stage_bytes": null,
        "chunk_size": 128,
        "decode_ms": 0.844704,
        "decode_gib_s": 1102.5429979636635,
        "decode_ns_iters": [
          844704,
          848096,
          847424,
          847168,
          847968,
          845952,
          846752,
          846432,
          846176,
          847040,
          846880,
          847264,
          846432,
          847616,
          846496,
          845920,
          846400,
          846176,
          845952,
          846272,
          853088,
          846560,
          847456,
          847808,
          846368,
          848064,
          846208,
          846976,
          844832,
          845536
        ],
        "chunk_tokens": 128,
        "block_threads": 64,
        "staged_input_bytes": 171523746,
        "applicable": true
      },
      {
        "kernel": "onpair_dg_k4_t64_b8",
        "role": "experimental",
        "stage_bytes": null,
        "chunk_size": 128,
        "decode_ms": 0.84432,
        "decode_gib_s": 1103.0444387813845,
        "decode_ns_iters": [
          847552,
          847008,
          846688,
          846432,
          847552,
          845728,
          847552,
          847904,
          846208,
          845568,
          845632,
          845600,
          845344,
          844320,
          846656,
          846656,
          847680,
          850400,
          847136,
          845664,
          846016,
          846816,
          847008,
          848800,
          847328,
          847296,
          844640,
          845760,
          845088,
          846624
        ],
        "chunk_tokens": 128,
        "block_threads": 64,
        "staged_input_bytes": 171523746,
        "applicable": true
      },
      {
        "kernel": "onpair_dg_k4_t128_b1",
        "role": "experimental",
        "stage_bytes": null,
        "chunk_size": 128,
        "decode_ms": 0.85136,
        "decode_gib_s": 1093.923229364662,
        "decode_ns_iters": [
          853536,
          853568,
          853056,
          852096,
          851968,
          851360,
          854112,
          853696,
          853312,
          853984,
          852736,
          854176,
          852352,
          852768,
          852384,
          860608,
          858208,
          851520,
          853184,
          859808,
          853888,
          854336,
          853024,
          854720,
          854528,
          856480,
          853664,
          851968,
          852256,
          852576
        ],
        "chunk_tokens": 128,
        "block_threads": 128,
        "staged_input_bytes": 171523746,
        "applicable": true
      },
      {
        "kernel": "onpair_dg_k4_t128_b2",
        "role": "experimental",
        "stage_bytes": null,
        "chunk_size": 128,
        "decode_ms": 0.850528,
        "decode_gib_s": 1094.9933224442918,
        "decode_ns_iters": [
          854688,
          854784,
          856768,
          853184,
          853504,
          850528,
          853952,
          853056,
          856192,
          852512,
          851552,
          851840,
          852960,
          851648,
          852128,
          851616,
          851904,
          860192,
          854144,
          852768,
          863680,
          854048,
          850912,
          854592,
          851744,
          853248,
          853248,
          851680,
          851936,
          853536
        ],
        "chunk_tokens": 128,
        "block_threads": 128,
        "staged_input_bytes": 171523746,
        "applicable": true
      },
      {
        "kernel": "onpair_dg_k4_t128_b4",
        "role": "experimental",
        "stage_bytes": null,
        "chunk_size": 128,
        "decode_ms": 0.848672,
        "decode_gib_s": 1097.3880139228095,
        "decode_ns_iters": [
          857536,
          855840,
          853472,
          852960,
          854144,
          853216,
          856736,
          856224,
          854144,
          852736,
          853120,
          853376,
          852800,
          854912,
          854176,
          853248,
          854624,
          852288,
          862016,
          858976,
          853568,
          851744,
          848800,
          849984,
          850208,
          849760,
          851040,
          848672,
          850400,
          852032
        ],
        "chunk_tokens": 128,
        "block_threads": 128,
        "staged_input_bytes": 171523746,
        "applicable": true
      },
      {
        "kernel": "onpair_dg_k4_t128_b6",
        "role": "experimental",
        "stage_bytes": null,
        "chunk_size": 128,
        "decode_ms": 0.850016,
        "decode_gib_s": 1095.6528824773868,
        "decode_ns_iters": [
          854016,
          854976,
          853440,
          852832,
          852832,
          853920,
          856032,
          854432,
          852640,
          852000,
          852544,
          850016,
          853632,
          854848,
          853056,
          853344,
          854400,
          852928,
          861280,
          853184,
          854336,
          854752,
          860000,
          853088,
          854528,
          853184,
          854240,
          854784,
          853760,
          855744
        ],
        "chunk_tokens": 128,
        "block_threads": 128,
        "staged_input_bytes": 171523746,
        "applicable": true
      },
      {
        "kernel": "onpair_dg_k4_t128_b8",
        "role": "experimental",
        "stage_bytes": null,
        "chunk_size": 128,
        "decode_ms": 0.83712,
        "decode_gib_s": 1112.5316329222794,
        "decode_ns_iters": [
          842176,
          840704,
          840416,
          841760,
          839872,
          839680,
          844032,
          841088,
          840224,
          838752,
          837536,
          837728,
          837184,
          838432,
          838912,
          845408,
          840096,
          840832,
          840288,
          839584,
          838720,
          837632,
          838528,
          840608,
          840352,
          837184,
          837120,
          838272,
          839744,
          837888
        ],
        "chunk_tokens": 128,
        "block_threads": 128,
        "staged_input_bytes": 171523746,
        "applicable": true
      },
      {
        "kernel": "onpair_dg_k4_t256_b1",
        "role": "experimental",
        "stage_bytes": null,
        "chunk_size": 128,
        "decode_ms": 0.910464,
        "decode_gib_s": 1022.9097257573045,
        "decode_ns_iters": [
          910464,
          913696,
          913408,
          916064,
          915168,
          911264,
          914208,
          912544,
          914880,
          912160,
          912480,
          912448,
          911232,
          914144,
          914432,
          922688,
          914624,
          913952,
          911488,
          914048,
          915680,
          913888,
          918176,
          919232,
          913760,
          913600,
          910464,
          916960,
          911552,
          912832
        ],
        "chunk_tokens": 128,
        "block_threads": 256,
        "staged_input_bytes": 171523746,
        "applicable": true
      },
      {
        "kernel": "onpair_dg_k4_t256_b2",
        "role": "experimental",
        "stage_bytes": null,
        "chunk_size": 128,
        "decode_ms": 0.907328,
        "decode_gib_s": 1026.4452111605708,
        "decode_ns_iters": [
          915424,
          915744,
          916352,
          912000,
          913312,
          915072,
          913152,
          919072,
          907328,
          909824,
          912640,
          913824,
          913472,
          912384,
          920288,
          911904,
          913536,
          914432,
          917216,
          913312,
          923232,
          918112,
          913984,
          908384,
          909600,
          909408,
          913824,
          914112,
          913984,
          914400
        ],
        "chunk_tokens": 128,
        "block_threads": 256,
        "staged_input_bytes": 171523746,
        "applicable": true
      },
      {
        "kernel": "onpair_dg_k4_t256_b4",
        "role": "experimental",
        "stage_bytes": null,
        "chunk_size": 128,
        "decode_ms": 0.840416,
        "decode_gib_s": 1108.1684315290265,
        "decode_ns_iters": [
          844000,
          843904,
          844128,
          844576,
          844960,
          843008,
          843136,
          844032,
          845216,
          852480,
          845504,
          843424,
          845024,
          843712,
          842976,
          840672,
          840416,
          842464,
          844160,
          845056,
          844896,
          843360,
          844640,
          843328,
          841536,
          842496,
          842304,
          842400,
          842496,
          849056
        ],
        "chunk_tokens": 128,
        "block_threads": 256,
        "staged_input_bytes": 171523746,
        "applicable": true
      },
      {
        "kernel": "onpair_dg_k4_t256_b6",
        "role": "experimental",
        "stage_bytes": null,
        "chunk_size": 128,
        "decode_ms": 0.824768,
        "decode_gib_s": 1129.1932768389397,
        "decode_ns_iters": [
          827424,
          828416,
          828896,
          835040,
          827840,
          825952,
          827520,
          826304,
          828864,
          827680,
          828256,
          826368,
          826080,
          825952,
          827488,
          828768,
          827968,
          828352,
          834336,
          827936,
          835712,
          827936,
          828096,
          828736,
          829568,
          826816,
          824768,
          826560,
          826912,
          825408
        ],
        "chunk_tokens": 128,
        "block_threads": 256,
        "staged_input_bytes": 171523746,
        "applicable": true
      },
      {
        "kernel": "onpair_dg_k4_t256_b8",
        "role": "experimental",
        "stage_bytes": null,
        "chunk_size": 128,
        "decode_ms": 0.902368,
        "decode_gib_s": 1032.0872200165547,
        "decode_ns_iters": [
          905632,
          907296,
          904864,
          905088,
          902912,
          907040,
          903552,
          905632,
          904288,
          903552,
          904480,
          903040,
          902368,
          903776,
          905056,
          908128,
          907456,
          909952,
          907616,
          904384,
          906496,
          906368,
          905632,
          908000,
          906720,
          907232,
          908320,
          909632,
          911840,
          904768
        ],
        "chunk_tokens": 128,
        "block_threads": 256,
        "staged_input_bytes": 171523746,
        "applicable": true
      },
      {
        "kernel": "onpair_dg_k5_t64_b1",
        "role": "experimental",
        "stage_bytes": null,
        "chunk_size": 160,
        "decode_ms": 0.851232,
        "decode_gib_s": 1094.0877229144328,
        "decode_ns_iters": [
          854336,
          857696,
          856064,
          918048,
          859680,
          856224,
          855104,
          854304,
          856544,
          851232,
          852864,
          853248,
          854752,
          855808,
          853952,
          864960,
          863840,
          856288,
          853856,
          854944,
          854368,
          856864,
          854528,
          854528,
          852736,
          855168,
          855936,
          854368,
          854272,
          853536
        ],
        "chunk_tokens": 160,
        "block_threads": 64,
        "staged_input_bytes": 170489786,
        "applicable": true
      },
      {
        "kernel": "onpair_dg_k5_t64_b2",
        "role": "experimental",
        "stage_bytes": null,
        "chunk_size": 160,
        "decode_ms": 0.849888,
        "decode_gib_s": 1095.8178966544986,
        "decode_ns_iters": [
          862080,
          852320,
          852352,
          855680,
          849888,
          851520,
          852000,
          852672,
          854560,
          853152,
          851328,
          853024,
          855072,
          856352,
          856576,
          854944,
          854816,
          857440,
          856832,
          855200,
          855776,
          863360,
          854592,
          854208,
          854976,
          860800,
          853280,
          854496,
          856512,
          851616
        ],
        "chunk_tokens": 160,
        "block_threads": 64,
        "staged_input_bytes": 170489786,
        "applicable": true
      },
      {
        "kernel": "onpair_dg_k5_t64_b4",
        "role": "experimental",
        "stage_bytes": null,
        "chunk_size": 160,
        "decode_ms": 0.851424,
        "decode_gib_s": 1093.8410011367996,
        "decode_ns_iters": [
          852512,
          855168,
          855264,
          855072,
          854944,
          855488,
          856448,
          855712,
          858944,
          853952,
          853728,
          853184,
          854848,
          851424,
          853600,
          853760,
          854560,
          854688,
          857024,
          854368,
          853280,
          853984,
          857504,
          854400,
          859296,
          852608,
          851744,
          852160,
          852192,
          852768
        ],
        "chunk_tokens": 160,
        "block_threads": 64,
        "staged_input_bytes": 170489786,
        "applicable": true
      },
      {
        "kernel": "onpair_dg_k5_t64_b6",
        "role": "experimental",
        "stage_bytes": null,
        "chunk_size": 160,
        "decode_ms": 0.853216,
        "decode_gib_s": 1091.5436191443885,
        "decode_ns_iters": [
          853216,
          855680,
          856096,
          864832,
          853792,
          857760,
          859008,
          866368,
          863968,
          863040,
          859456,
          862080,
          858912,
          856672,
          857984,
          855328,
          858208,
          858080,
          859200,
          858592,
          857568,
          856064,
          857536,
          856960,
          855840,
          855328,
          853216,
          854528,
          857216,
          856064
        ],
        "chunk_tokens": 160,
        "block_threads": 64,
        "staged_input_bytes": 170489786,
        "applicable": true
      },
      {
        "kernel": "onpair_dg_k5_t64_b8",
        "role": "experimental",
        "stage_bytes": null,
        "chunk_size": 160,
        "decode_ms": 0.849248,
        "decode_gib_s": 1096.6437136759798,
        "decode_ns_iters": [
          857408,
          855680,
          853664,
          855712,
          860064,
          853920,
          855552,
          852544,
          851552,
          851456,
          855232,
          849984,
          857344,
          851200,
          855168,
          853536,
          852224,
          852320,
          854112,
          852480,
          853920,
          852096,
          853920,
          855520,
          854304,
          854016,
          849248,
          849440,
          853088,
          852032
        ],
        "chunk_tokens": 160,
        "block_threads": 64,
        "staged_input_bytes": 170489786,
        "applicable": true
      },
      {
        "kernel": "onpair_dg_k5_t128_b1",
        "role": "experimental",
        "stage_bytes": null,
        "chunk_size": 160,
        "decode_ms": 0.853952,
        "decode_gib_s": 1090.602844834251,
        "decode_ns_iters": [
          861056,
          859616,
          857184,
          855488,
          857504,
          857824,
          858880,
          860128,
          858368,
          857216,
          856960,
          855808,
          857984,
          856608,
          858912,
          860160,
          864128,
          858528,
          857248,
          858464,
          864736,
          857696,
          855488,
          857792,
          858176,
          857632,
          856480,
          857056,
          855616,
          853952
        ],
        "chunk_tokens": 160,
        "block_threads": 128,
        "staged_input_bytes": 170489786,
        "applicable": true
      },
      {
        "kernel": "onpair_dg_k5_t128_b2",
        "role": "experimental",
        "stage_bytes": null,
        "chunk_size": 160,
        "decode_ms": 0.853952,
        "decode_gib_s": 1090.602844834251,
        "decode_ns_iters": [
          862432,
          860320,
          859904,
          859328,
          859520,
          857952,
          858688,
          854880,
          855680,
          854880,
          855712,
          853952,
          854880,
          858464,
          858464,
          856576,
          857984,
          858592,
          857600,
          859840,
          863712,
          859616,
          858784,
          857696,
          857984,
          857024,
          858368,
          857888,
          857472,
          860192
        ],
        "chunk_tokens": 160,
        "block_threads": 128,
        "staged_input_bytes": 170489786,
        "applicable": true
      },
      {
        "kernel": "onpair_dg_k5_t128_b4",
        "role": "experimental",
        "stage_bytes": null,
        "chunk_size": 160,
        "decode_ms": 0.853696,
        "decode_gib_s": 1090.9298866949107,
        "decode_ns_iters": [
          858240,
          857664,
          858432,
          858784,
          858368,
          858816,
          859552,
          859616,
          857984,
          858944,
          858336,
          858912,
          859424,
          857440,
          855872,
          855200,
          853696,
          855488,
          855520,
          856192,
          856864,
          857696,
          857504,
          856352,
          862176,
          863840,
          857312,
          858592,
          856704,
          856896
        ],
        "chunk_tokens": 160,
        "block_threads": 128,
        "staged_input_bytes": 170489786,
        "applicable": true
      },
      {
        "kernel": "onpair_dg_k5_t128_b6",
        "role": "experimental",
        "stage_bytes": null,
        "chunk_size": 160,
        "decode_ms": 0.85456,
        "decode_gib_s": 1089.8269057197838,
        "decode_ns_iters": [
          857824,
          857568,
          857440,
          858080,
          860800,
          865952,
          867008,
          859008,
          858624,
          858848,
          865664,
          859072,
          858592,
          859104,
          860096,
          858144,
          858208,
          856448,
          859008,
          857728,
          857280,
          856256,
          855968,
          855008,
          857504,
          856608,
          857536,
          858752,
          854560,
          857568
        ],
        "chunk_tokens": 160,
        "block_threads": 128,
        "staged_input_bytes": 170489786,
        "applicable": true
      },
      {
        "kernel": "onpair_dg_k5_t128_b8",
        "role": "experimental",
        "stage_bytes": null,
        "chunk_size": 160,
        "decode_ms": 0.841984,
        "decode_gib_s": 1106.1047247357415,
        "decode_ns_iters": [
          847072,
          847136,
          846720,
          847776,
          846656,
          845728,
          853312,
          852544,
          845440,
          846528,
          845952,
          845920,
          846720,
          844032,
          842784,
          841984,
          845152,
          843264,
          844832,
          843104,
          842880,
          845344,
          844416,
          846112,
          843104,
          850144,
          844032,
          845152,
          851776,
          842400
        ],
        "chunk_tokens": 160,
        "block_threads": 128,
        "staged_input_bytes": 170489786,
        "applicable": true
      },
      {
        "kernel": "onpair_dg_k5_t256_b1",
        "role": "experimental",
        "stage_bytes": null,
        "chunk_size": 160,
        "decode_ms": 0.905792,
        "decode_gib_s": 1028.1858092717737,
        "decode_ns_iters": [
          908736,
          907488,
          906912,
          908832,
          908768,
          908992,
          913792,
          908096,
          908032,
          907104,
          908832,
          907232,
          909472,
          910304,
          907936,
          909152,
          905792,
          907072,
          907168,
          907296,
          909120,
          909824,
          908864,
          907584,
          906944,
          906688,
          910464,
          909216,
          908832,
          910368
        ],
        "chunk_tokens": 160,
        "block_threads": 256,
        "staged_input_bytes": 170489786,
        "applicable": true
      },
      {
        "kernel": "onpair_dg_k5_t256_b2",
        "role": "experimental",
        "stage_bytes": null,
        "chunk_size": 160,
        "decode_ms": 0.905472,
        "decode_gib_s": 1028.5491771715729,
        "decode_ns_iters": [
          905856,
          907040,
          907008,
          906592,
          912512,
          915968,
          913024,
          908480,
          908768,
          906816,
          909440,
          906272,
          908480,
          906144,
          907616,
          907776,
          909024,
          908160,
          907808,
          909344,
          907968,
          909632,
          908416,
          911616,
          908256,
          912064,
          913536,
          909664,
          905472,
          908320
        ],
        "chunk_tokens": 160,
        "block_threads": 256,
        "staged_input_bytes": 170489786,
        "applicable": true
      },
      {
        "kernel": "onpair_dg_k5_t256_b4",
        "role": "experimental",
        "stage_bytes": null,
        "chunk_size": 160,
        "decode_ms": 0.856352,
        "decode_gib_s": 1087.5463367305717,
        "decode_ns_iters": [
          861184,
          861472,
          862176,
          863040,
          863968,
          866016,
          858624,
          860192,
          860320,
          863392,
          863392,
          859040,
          857664,
          857184,
          858976,
          860896,
          860000,
          860800,
          865056,
          864896,
          860416,
          859616,
          859072,
          864544,
          861440,
          861664,
          859936,
          860352,
          856416,
          856352
        ],
        "chunk_tokens": 160,
        "block_threads": 256,
        "staged_input_bytes": 170489786,
        "applicable": true
      },
      {
        "kernel": "onpair_dg_k5_t256_b6",
        "role": "experimental",
        "stage_bytes": null,
        "chunk_size": 160,
        "decode_ms": 0.868096,
        "decode_gib_s": 1072.8335121367895,
        "decode_ns_iters": [
          871584,
          869312,
          870880,
          868640,
          871552,
          870656,
          871744,
          871360,
          872768,
          873856,
          873408,
          869760,
          871776,
          870848,
          868096,
          870464,
          872224,
          871936,
          873632,
          872160,
          872320,
          873216,
          873408,
          872608,
          872672,
          872448,
          873440,
          872096,
          873056,
          871936
        ],
        "chunk_tokens": 160,
        "block_threads": 256,
        "staged_input_bytes": 170489786,
        "applicable": true
      },
      {
        "kernel": "onpair_dg_k5_t256_b8",
        "role": "experimental",
        "stage_bytes": null,
        "chunk_size": 160,
        "decode_ms": 1.1168,
        "decode_gib_s": 833.9205592334334,
        "decode_ns_iters": [
          1128640,
          1117504,
          1118624,
          1117472,
          1119360,
          1119904,
          1124864,
          1121408,
          1120160,
          1121120,
          1121056,
          1119904,
          1121312,
          1120416,
          1119904,
          1120032,
          1118240,
          1116800,
          1119200,
          1117184,
          1118688,
          1119040,
          1123584,
          1118752,
          1122272,
          1119168,
          1118016,
          1118688,
          1118752,
          1119136
        ],
        "chunk_tokens": 160,
        "block_threads": 256,
        "staged_input_bytes": 170489786,
        "applicable": true
      },
      {
        "kernel": "onpair_dg_k6_t64_b1",
        "role": "experimental",
        "stage_bytes": null,
        "chunk_size": 192,
        "decode_ms": 0.839424,
        "decode_gib_s": 1109.4780236827855,
        "decode_ns_iters": [
          842336,
          842432,
          843136,
          848544,
          842272,
          841504,
          843072,
          842816,
          842304,
          842752,
          842912,
          843200,
          842496,
          842752,
          842560,
          841472,
          839424,
          839808,
          841184,
          840320,
          842176,
          840832,
          849312,
          840224,
          842048,
          849280,
          842240,
          841632,
          841824,
          841920
        ],
        "chunk_tokens": 192,
        "block_threads": 64,
        "staged_input_bytes": 169800490,
        "applicable": true
      },
      {
        "kernel": "onpair_dg_k6_t64_b2",
        "role": "experimental",
        "stage_bytes": null,
        "chunk_size": 192,
        "decode_ms": 0.840576,
        "decode_gib_s": 1107.957496468967,
        "decode_ns_iters": [
          843552,
          843104,
          841600,
          843680,
          843360,
          843360,
          841312,
          842016,
          841664,
          841376,
          842208,
          842176,
          841952,
          842304,
          843392,
          843808,
          840576,
          841312,
          847872,
          843232,
          843008,
          842496,
          843872,
          844544,
          843200,
          844160,
          842720,
          843264,
          843168,
          843552
        ],
        "chunk_tokens": 192,
        "block_threads": 64,
        "staged_input_bytes": 169800490,
        "applicable": true
      },
      {
        "kernel": "onpair_dg_k6_t64_b4",
        "role": "experimental",
        "stage_bytes": null,
        "chunk_size": 192,
        "decode_ms": 0.83856,
        "decode_gib_s": 1110.6211607421037,
        "decode_ns_iters": [
          842048,
          842368,
          840608,
          841536,
          841824,
          841344,
          842080,
          840352,
          841600,
          840768,
          840736,
          839936,
          838560,
          848544,
          841920,
          841408,
          840064,
          842464,
          841440,
          840384,
          842272,
          841408,
          841504,
          841536,
          841312,
          840800,
          841792,
          841248,
          841920,
          842144
        ],
        "chunk_tokens": 192,
        "block_threads": 64,
        "staged_input_bytes": 169800490,
        "applicable": true
      },
      {
        "kernel": "onpair_dg_k6_t64_b6",
        "role": "experimental",
        "stage_bytes": null,
        "chunk_size": 192,
        "decode_ms": 0.83936,
        "decode_gib_s": 1109.562619795914,
        "decode_ns_iters": [
          841632,
          841600,
          839360,
          839520,
          839744,
          841728,
          843136,
          849056,
          841792,
          841664,
          847616,
          844960,
          846240,
          843040,
          844576,
          842912,
          843008,
          842464,
          841792,
          842400,
          843168,
          842752,
          843264,
          843904,
          844608,
          841280,
          841312,
          848384,
          842752,
          841440
        ],
        "chunk_tokens": 192,
        "block_threads": 64,
        "staged_input_bytes": 169800490,
        "applicable": true
      },
      {
        "kernel": "onpair_dg_k6_t64_b8",
        "role": "experimental",
        "stage_bytes": null,
        "chunk_size": 192,
        "decode_ms": 0.838368,
        "decode_gib_s": 1110.8755111739695,
        "decode_ns_iters": [
          842304,
          845312,
          843968,
          848992,
          842624,
          841856,
          840736,
          841952,
          841952,
          839264,
          839104,
          840480,
          839232,
          842272,
          839744,
          840448,
          838368,
          839584,
          838880,
          838816,
          841728,
          846688,
          842240,
          842048,
          842720,
          845280,
          843136,
          842080,
          843520,
          841984
        ],
        "chunk_tokens": 192,
        "block_threads": 64,
        "staged_input_bytes": 169800490,
        "applicable": true
      },
      {
        "kernel": "onpair_dg_k6_t128_b1",
        "role": "experimental",
        "stage_bytes": null,
        "chunk_size": 192,
        "decode_ms": 0.809312,
        "decode_gib_s": 1150.7582743761348,
        "decode_ns_iters": [
          809568,
          809472,
          810720,
          811040,
          812128,
          810144,
          809728,
          812576,
          810624,
          812672,
          817248,
          811840,
          809760,
          811072,
          809312,
          811552,
          810112,
          811232,
          811168,
          809984,
          810528,
          809568,
          817792,
          809568,
          811104,
          810304,
          809728,
          810976,
          810208,
          811072
        ],
        "chunk_tokens": 192,
        "block_threads": 128,
        "staged_input_bytes": 169800490,
        "applicable": true
      },
      {
        "kernel": "onpair_dg_k6_t128_b2",
        "role": "experimental",
        "stage_bytes": null,
        "chunk_size": 192,
        "decode_ms": 0.8064,
        "decode_gib_s": 1154.9137903669375,
        "decode_ns_iters": [
          810112,
          806560,
          807424,
          807296,
          809792,
          808384,
          811456,
          811584,
          809696,
          811296,
          808160,
          807168,
          807968,
          806432,
          807040,
          806624,
          806560,
          807424,
          811744,
          808128,
          806400,
          809792,
          809696,
          812992,
          812128,
          811456,
          810848,
          810528,
          809888,
          816736
        ],
        "chunk_tokens": 192,
        "block_threads": 128,
        "staged_input_bytes": 169800490,
        "applicable": true
      },
      {
        "kernel": "onpair_dg_k6_t128_b4",
        "role": "experimental",
        "stage_bytes": null,
        "chunk_size": 192,
        "decode_ms": 0.8072,
        "decode_gib_s": 1153.7691780870894,
        "decode_ns_iters": [
          809632,
          811072,
          809248,
          807936,
          807200,
          810368,
          812128,
          814400,
          810336,
          810624,
          810848,
          810336,
          814208,
          812224,
          817216,
          810848,
          820704,
          810624,
          810080,
          809792,
          810720,
          810240,
          810464,
          812416,
          811136,
          810176,
          817888,
          811072,
          811328,
          811968
        ],
        "chunk_tokens": 192,
        "block_threads": 128,
        "staged_input_bytes": 169800490,
        "applicable": true
      },
      {
        "kernel": "onpair_dg_k6_t128_b6",
        "role": "experimental",
        "stage_bytes": null,
        "chunk_size": 192,
        "decode_ms": 0.809856,
        "decode_gib_s": 1149.9852820154426,
        "decode_ns_iters": [
          812192,
          822528,
          813824,
          810752,
          810272,
          814848,
          812384,
          812000,
          813440,
          812416,
          811104,
          810656,
          809856,
          810752,
          810688,
          811648,
          811712,
          812288,
          810880,
          812544,
          812320,
          811520,
          811520,
          813056,
          812896,
          812288,
          811744,
          811008,
          810976,
          810464
        ],
        "chunk_tokens": 192,
        "block_threads": 128,
        "staged_input_bytes": 169800490,
        "applicable": true
      },
      {
        "kernel": "onpair_dg_k6_t128_b8",
        "role": "experimental",
        "stage_bytes": null,
        "chunk_size": 192,
        "decode_ms": 0.80592,
        "decode_gib_s": 1155.6016484910394,
        "decode_ns_iters": [
          811360,
          810144,
          811424,
          810272,
          811552,
          811104,
          810464,
          811648,
          810432,
          810656,
          810176,
          811424,
          811232,
          811296,
          811200,
          811232,
          810272,
          811040,
          811552,
          811392,
          819840,
          813632,
          809248,
          807104,
          805920,
          808032,
          807264,
          809600,
          809600,
          809600
        ],
        "chunk_tokens": 192,
        "block_threads": 128,
        "staged_input_bytes": 169800490,
        "applicable": true
      },
      {
        "kernel": "onpair_dg_k6_t256_b1",
        "role": "experimental",
        "stage_bytes": null,
        "chunk_size": 192,
        "decode_ms": 0.81024,
        "decode_gib_s": 1149.4402652941085,
        "decode_ns_iters": [
          813824,
          814400,
          813856,
          814112,
          814272,
          822016,
          815520,
          814656,
          812992,
          813696,
          812352,
          815552,
          816416,
          816832,
          812832,
          812576,
          810240,
          817952,
          814208,
          813632,
          814496,
          813056,
          812704,
          814688,
          815648,
          814272,
          813152,
          813600,
          821792,
          820256
        ],
        "chunk_tokens": 192,
        "block_threads": 256,
        "staged_input_bytes": 169800490,
        "applicable": true
      },
      {
        "kernel": "onpair_dg_k6_t256_b2",
        "role": "experimental",
        "stage_bytes": null,
        "chunk_size": 192,
        "decode_ms": 0.81216,
        "decode_gib_s": 1146.7229124210728,
        "decode_ns_iters": [
          816352,
          814976,
          815808,
          814048,
          822560,
          815776,
          816640,
          816544,
          817088,
          817536,
          817216,
          818560,
          817408,
          813184,
          815360,
          823008,
          814368,
          821184,
          814720,
          812160,
          815328,
          812896,
          813696,
          815456,
          814656,
          816064,
          814976,
          816288,
          814528,
          815392
        ],
        "chunk_tokens": 192,
        "block_threads": 256,
        "staged_input_bytes": 169800490,
        "applicable": true
      },
      {
        "kernel": "onpair_dg_k6_t256_b4",
        "role": "experimental",
        "stage_bytes": null,
        "chunk_size": 192,
        "decode_ms": 0.817408,
        "decode_gib_s": 1139.3606137349996,
        "decode_ns_iters": [
          821312,
          818944,
          825696,
          819552,
          821632,
          819712,
          820288,
          822080,
          820544,
          821888,
          822208,
          820672,
          819232,
          818144,
          819360,
          826176,
          817856,
          819744,
          819232,
          818624,
          819328,
          821312,
          821984,
          817696,
          817408,
          820416,
          820224,
          819456,
          817440,
          818016
        ],
        "chunk_tokens": 192,
        "block_threads": 256,
        "staged_input_bytes": 169800490,
        "applicable": true
      },
      {
        "kernel": "onpair_dg_k6_t256_b6",
        "role": "experimental",
        "stage_bytes": null,
        "chunk_size": 192,
        "decode_ms": 0.900736,
        "decode_gib_s": 1033.9572089401317,
        "decode_ns_iters": [
          903392,
          902592,
          900736,
          907328,
          904672,
          906784,
          907456,
          907744,
          906624,
          904992,
          907072,
          905056,
          906368,
          907200,
          905248,
          904544,
          903552,
          903552,
          901792,
          902496,
          905024,
          903840,
          906176,
          905952,
          907200,
          906368,
          906560,
          907584,
          907392,
          905536
        ],
        "chunk_tokens": 192,
        "block_threads": 256,
        "staged_input_bytes": 169800490,
        "applicable": true
      },
      {
        "kernel": "onpair_dg_k6_t256_b8",
        "role": "experimental",
        "stage_bytes": null,
        "chunk_size": 192,
        "decode_ms": 1.139872,
        "decode_gib_s": 817.041282312311,
        "decode_ns_iters": [
          1142912,
          1142432,
          1150208,
          1141184,
          1140736,
          1141760,
          1142208,
          1143488,
          1142784,
          1142208,
          1144384,
          1144448,
          1144512,
          1144768,
          1143808,
          1143616,
          1144800,
          1140480,
          1140352,
          1143936,
          1143840,
          1143040,
          1143072,
          1142912,
          1139968,
          1143744,
          1140896,
          1140864,
          1141856,
          1139872
        ],
        "chunk_tokens": 192,
        "block_threads": 256,
        "staged_input_bytes": 169800490,
        "applicable": true
      },
      {
        "kernel": "onpair_dg_k7_t64_b1",
        "role": "experimental",
        "stage_bytes": null,
        "chunk_size": 224,
        "decode_ms": 0.836032,
        "decode_gib_s": 1113.9794655610053,
        "decode_ns_iters": [
          838848,
          840160,
          837120,
          843840,
          838752,
          839584,
          839104,
          840928,
          841632,
          840608,
          839968,
          840096,
          839008,
          839616,
          839520,
          841376,
          840896,
          838912,
          842112,
          843104,
          841888,
          846112,
          840672,
          841664,
          848320,
          836288,
          836416,
          836032,
          846304,
          837600
        ],
        "chunk_tokens": 224,
        "block_threads": 64,
        "staged_input_bytes": 169308130,
        "applicable": true
      },
      {
        "kernel": "onpair_dg_k7_t64_b2",
        "role": "experimental",
        "stage_bytes": null,
        "chunk_size": 224,
        "decode_ms": 0.835008,
        "decode_gib_s": 1115.345578188351,
        "decode_ns_iters": [
          845824,
          836768,
          839264,
          837920,
          840000,
          836192,
          836512,
          837984,
          837824,
          838624,
          838816,
          839872,
          839776,
          838912,
          848064,
          839392,
          837856,
          846848,
          840160,
          839104,
          838976,
          835008,
          835776,
          836000,
          835648,
          839584,
          837472,
          838144,
          838304,
          847392
        ],
        "chunk_tokens": 224,
        "block_threads": 64,
        "staged_input_bytes": 169308130,
        "applicable": true
      },
      {
        "kernel": "onpair_dg_k7_t64_b4",
        "role": "experimental",
        "stage_bytes": null,
        "chunk_size": 224,
        "decode_ms": 0.836672,
        "decode_gib_s": 1113.1273432741846,
        "decode_ns_iters": [
          839072,
          839968,
          837728,
          838528,
          838912,
          838176,
          838816,
          836672,
          844576,
          837920,
          845984,
          837632,
          837056,
          838528,
          837664,
          840128,
          839072,
          838816,
          843296,
          839648,
          867104,
          855104,
          842496,
          841728,
          838816,
          839616,
          837824,
          845056,
          837696,
          837536
        ],
        "chunk_tokens": 224,
        "block_threads": 64,
        "staged_input_bytes": 169308130,
        "applicable": true
      },
      {
        "kernel": "onpair_dg_k7_t64_b6",
        "role": "experimental",
        "stage_bytes": null,
        "chunk_size": 224,
        "decode_ms": 0.834688,
        "decode_gib_s": 1115.7731757877177,
        "decode_ns_iters": [
          836128,
          838560,
          837728,
          837728,
          841824,
          845312,
          838016,
          851104,
          841216,
          839584,
          840288,
          845184,
          841760,
          838624,
          836736,
          838400,
          836544,
          836992,
          838080,
          837568,
          837856,
          836992,
          836256,
          842816,
          836000,
          835488,
          835744,
          836000,
          835136,
          834688
        ],
        "chunk_tokens": 224,
        "block_threads": 64,
        "staged_input_bytes": 169308130,
        "applicable": true
      },
      {
        "kernel": "onpair_dg_k7_t64_b8",
        "role": "experimental",
        "stage_bytes": null,
        "chunk_size": 224,
        "decode_ms": 0.835136,
        "decode_gib_s": 1115.1746309007137,
        "decode_ns_iters": [
          836224,
          837344,
          837664,
          837920,
          838400,
          837216,
          837344,
          837600,
          839552,
          837280,
          836768,
          838304,
          838080,
          837120,
          836352,
          835136,
          840800,
          837248,
          838080,
          836128,
          837184,
          837632,
          835904,
          838272,
          837664,
          838176,
          836576,
          839456,
          838880,
          838240
        ],
        "chunk_tokens": 224,
        "block_threads": 64,
        "staged_input_bytes": 169308130,
        "applicable": true
      },
      {
        "kernel": "onpair_dg_k7_t128_b1",
        "role": "experimental",
        "stage_bytes": null,
        "chunk_size": 224,
        "decode_ms": 0.8344,
        "decode_gib_s": 1116.1582940458993,
        "decode_ns_iters": [
          837248,
          835744,
          836128,
          837504,
          838048,
          838016,
          837056,
          834976,
          837536,
          845344,
          838784,
          837632,
          838304,
          836960,
          835616,
          834816,
          834400,
          835392,
          838016,
          835648,
          836480,
          835328,
          835808,
          837184,
          835424,
          836320,
          842336,
          844992,
          838944,
          838528
        ],
        "chunk_tokens": 224,
        "block_threads": 128,
        "staged_input_bytes": 169308130,
        "applicable": true
      },
      {
        "kernel": "onpair_dg_k7_t128_b2",
        "role": "experimental",
        "stage_bytes": null,
        "chunk_size": 224,
        "decode_ms": 0.834976,
        "decode_gib_s": 1115.3883231995871,
        "decode_ns_iters": [
          836384,
          834976,
          842304,
          836832,
          838336,
          835968,
          836192,
          836000,
          837504,
          835744,
          836256,
          836128,
          835584,
          838880,
          836288,
          836416,
          838016,
          838816,
          836288,
          837440,
          844224,
          837888,
          837664,
          842976,
          838432,
          838560,
          837440,
          838720,
          837088,
          836160
        ],
        "chunk_tokens": 224,
        "block_threads": 128,
        "staged_input_bytes": 169308130,
        "applicable": true
      },
      {
        "kernel": "onpair_dg_k7_t128_b4",
        "role": "experimental",
        "stage_bytes": null,
        "chunk_size": 224,
        "decode_ms": 0.832576,
        "decode_gib_s": 1118.6035635808605,
        "decode_ns_iters": [
          836032,
          836096,
          835328,
          835328,
          835840,
          835072,
          836384,
          837792,
          836032,
          835424,
          837728,
          836672,
          836672,
          838688,
          841568,
          834560,
          835616,
          834880,
          835616,
          834592,
          835008,
          834432,
          837888,
          836608,
          837280,
          836896,
          834752,
          832576,
          835200,
          835392
        ],
        "chunk_tokens": 224,
        "block_threads": 128,
        "staged_input_bytes": 169308130,
        "applicable": true
      },
      {
        "kernel": "onpair_dg_k7_t128_b6",
        "role": "experimental",
        "stage_bytes": null,
        "chunk_size": 224,
        "decode_ms": 0.8336,
        "decode_gib_s": 1117.2294632340434,
        "decode_ns_iters": [
          833600,
          835392,
          835872,
          836192,
          837184,
          834912,
          841248,
          837152,
          838208,
          838560,
          839936,
          839808,
          838944,
          839616,
          837984,
          839008,
          838304,
          836352,
          838336,
          839744,
          839776,
          841792,
          839584,
          837792,
          844992,
          837632,
          837984,
          846016,
          836736,
          838304
        ],
        "chunk_tokens": 224,
        "block_threads": 128,
        "staged_input_bytes": 169308130,
        "applicable": true
      },
      {
        "kernel": "onpair_dg_k7_t128_b8",
        "role": "experimental",
        "stage_bytes": null,
        "chunk_size": 224,
        "decode_ms": 0.83424,
        "decode_gib_s": 1116.3723635307567,
        "decode_ns_iters": [
          837696,
          845760,
          839136,
          839616,
          841248,
          839520,
          839392,
          840192,
          840288,
          838304,
          837824,
          837376,
          837600,
          836800,
          837056,
          834240,
          835072,
          835712,
          842560,
          837120,
          836992,
          837792,
          837184,
          838176,
          836960,
          837536,
          841856,
          836832,
          837600,
          838688
        ],
        "chunk_tokens": 224,
        "block_threads": 128,
        "staged_input_bytes": 169308130,
        "applicable": true
      },
      {
        "kernel": "onpair_dg_k7_t256_b1",
        "role": "experimental",
        "stage_bytes": null,
        "chunk_size": 224,
        "decode_ms": 0.837376,
        "decode_gib_s": 1112.191513193474,
        "decode_ns_iters": [
          839456,
          839040,
          838112,
          839520,
          838496,
          839744,
          838880,
          840512,
          839616,
          839936,
          842432,
          844320,
          838720,
          839680,
          838176,
          837376,
          840384,
          838624,
          840416,
          839424,
          838560,
          837472,
          837440,
          837792,
          839104,
          838688,
          838944,
          839808,
          839840,
          847360
        ],
        "chunk_tokens": 224,
        "block_threads": 256,
        "staged_input_bytes": 169308130,
        "applicable": true
      },
      {
        "kernel": "onpair_dg_k7_t256_b2",
        "role": "experimental",
        "stage_bytes": null,
        "chunk_size": 224,
        "decode_ms": 0.83696,
        "decode_gib_s": 1112.7443134103164,
        "decode_ns_iters": [
          840256,
          839552,
          839712,
          839776,
          841664,
          842144,
          845088,
          837728,
          838368,
          839040,
          837984,
          840800,
          841056,
          840256,
          838336,
          836960,
          837568,
          839488,
          841088,
          839296,
          840032,
          840064,
          841504,
          843360,
          848960,
          842176,
          839872,
          847616,
          840224,
          840448
        ],
        "chunk_tokens": 224,
        "block_threads": 256,
        "staged_input_bytes": 169308130,
        "applicable": true
      },
      {
        "kernel": "onpair_dg_k7_t256_b4",
        "role": "experimental",
        "stage_bytes": null,
        "chunk_size": 224,
        "decode_ms": 0.837344,
        "decode_gib_s": 1112.2340167862892,
        "decode_ns_iters": [
          841248,
          847968,
          847840,
          840320,
          841216,
          843392,
          841248,
          842208,
          840512,
          838848,
          840160,
          841024,
          840768,
          841344,
          838976,
          839040,
          838688,
          839040,
          837856,
          837344,
          845664,
          839872,
          838336,
          840000,
          838432,
          839744,
          839040,
          841056,
          840992,
          841504
        ],
        "chunk_tokens": 224,
        "block_threads": 256,
        "staged_input_bytes": 169308130,
        "applicable": true
      },
      {
        "kernel": "onpair_dg_k7_t256_b6",
        "role": "experimental",
        "stage_bytes": null,
        "chunk_size": 224,
        "decode_ms": 1.063776,
        "decode_gib_s": 875.4873963615446,
        "decode_ns_iters": [
          1069984,
          1069728,
          1069600,
          1068480,
          1074176,
          1070368,
          1068736,
          1069664,
          1067296,
          1066720,
          1073728,
          1069792,
          1066720,
          1066592,
          1065856,
          1067360,
          1066784,
          1069632,
          1070784,
          1069088,
          1067648,
          1067904,
          1066112,
          1066880,
          1067072,
          1068288,
          1065152,
          1063968,
          1066048,
          1063776
        ],
        "chunk_tokens": 224,
        "block_threads": 256,
        "staged_input_bytes": 169308130,
        "applicable": true
      },
      {
        "kernel": "onpair_dg_k7_t256_b8",
        "role": "experimental",
        "stage_bytes": null,
        "chunk_size": 224,
        "decode_ms": 1.182624,
        "decode_gib_s": 787.5051415766114,
        "decode_ns_iters": [
          1185856,
          1185056,
          1184480,
          1186720,
          1186720,
          1187936,
          1187488,
          1189376,
          1184000,
          1185088,
          1186464,
          1186528,
          1191744,
          1187008,
          1185728,
          1186592,
          1185824,
          1182624,
          1184384,
          1195168,
          1186208,
          1186560,
          1186752,
          1185088,
          1185056,
          1186976,
          1184704,
          1185120,
          1184320,
          1185760
        ],
        "chunk_tokens": 224,
        "block_threads": 256,
        "staged_input_bytes": 169308130,
        "applicable": true
      },
      {
        "kernel": "onpair_dg_k8_t64_b1",
        "role": "experimental",
        "stage_bytes": null,
        "chunk_size": 256,
        "decode_ms": 0.8736,
        "decode_gib_s": 1066.0742680310193,
        "decode_ns_iters": [
          876160,
          876544,
          878944,
          877760,
          877728,
          877088,
          879872,
          878688,
          877760,
          877056,
          878112,
          876256,
          877152,
          873600,
          873888,
          879168,
          877536,
          876160,
          877056,
          877216,
          877952,
          876416,
          876320,
          877440,
          884512,
          883808,
          876992,
          876192,
          877920,
          875648
        ],
        "chunk_tokens": 256,
        "block_threads": 64,
        "staged_input_bytes": 168938858,
        "applicable": true
      },
      {
        "kernel": "onpair_dg_k8_t64_b2",
        "role": "experimental",
        "stage_bytes": null,
        "chunk_size": 256,
        "decode_ms": 0.875072,
        "decode_gib_s": 1064.2809740820167,
        "decode_ns_iters": [
          877472,
          876640,
          877312,
          877504,
          877312,
          877440,
          877952,
          876480,
          879296,
          877920,
          879264,
          877056,
          878208,
          879456,
          878208,
          879328,
          879008,
          879008,
          878624,
          877088,
          881312,
          878848,
          878016,
          877696,
          878272,
          875072,
          878464,
          876736,
          879840,
          876192
        ],
        "chunk_tokens": 256,
        "block_threads": 64,
        "staged_input_bytes": 168938858,
        "applicable": true
      },
      {
        "kernel": "onpair_dg_k8_t64_b4",
        "role": "experimental",
        "stage_bytes": null,
        "chunk_size": 256,
        "decode_ms": 0.87568,
        "decode_gib_s": 1063.542025114081,
        "decode_ns_iters": [
          881344,
          879744,
          880704,
          878912,
          879424,
          880032,
          879136,
          880000,
          879584,
          878336,
          879552,
          877856,
          878144,
          875680,
          876864,
          879136,
          878144,
          878752,
          877248,
          878368,
          878016,
          878112,
          877472,
          879424,
          878112,
          877568,
          877664,
          877344,
          876832,
          877696
        ],
        "chunk_tokens": 256,
        "block_threads": 64,
        "staged_input_bytes": 168938858,
        "applicable": true
      },
      {
        "kernel": "onpair_dg_k8_t64_b6",
        "role": "experimental",
        "stage_bytes": null,
        "chunk_size": 256,
        "decode_ms": 0.875072,
        "decode_gib_s": 1064.2809740820167,
        "decode_ns_iters": [
          877728,
          879264,
          878688,
          878560,
          877088,
          876800,
          877152,
          876960,
          877024,
          875744,
          876448,
          876128,
          875776,
          875584,
          877120,
          875072,
          875648,
          876192,
          875968,
          877088,
          878080,
          878144,
          877696,
          876864,
          877280,
          876192,
          875104,
          881568,
          885312,
          883136
        ],
        "chunk_tokens": 256,
        "block_threads": 64,
        "staged_input_bytes": 168938858,
        "applicable": true
      },
      {
        "kernel": "onpair_dg_k8_t64_b8",
        "role": "experimental",
        "stage_bytes": null,
        "chunk_size": 256,
        "decode_ms": 0.872,
        "decode_gib_s": 1068.0303676053882,
        "decode_ns_iters": [
          875648,
          876864,
          877056,
          876064,
          876576,
          874048,
          875744,
          876992,
          875776,
          877504,
          876000,
          876384,
          876256,
          877472,
          876576,
          876800,
          874144,
          874080,
          873152,
          872000,
          878560,
          879680,
          882592,
          882432,
          875488,
          876384,
          878784,
          878464,
          879136,
          888288
        ],
        "chunk_tokens": 256,
        "block_threads": 64,
        "staged_input_bytes": 168938858,
        "applicable": true
      },
      {
        "kernel": "onpair_dg_k8_t128_b1",
        "role": "experimental",
        "stage_bytes": null,
        "chunk_size": 256,
        "decode_ms": 0.872384,
        "decode_gib_s": 1067.5602493304536,
        "decode_ns_iters": [
          876864,
          877440,
          876832,
          874816,
          875072,
          874176,
          873600,
          873984,
          872896,
          874752,
          873088,
          876256,
          872896,
          874016,
          874624,
          875424,
          873440,
          873792,
          877600,
          875680,
          875392,
          880768,
          879264,
          881792,
          872480,
          874144,
          873856,
          872384,
          874560,
          877920
        ],
        "chunk_tokens": 256,
        "block_threads": 128,
        "staged_input_bytes": 168938858,
        "applicable": true
      },
      {
        "kernel": "onpair_dg_k8_t128_b2",
        "role": "experimental",
        "stage_bytes": null,
        "chunk_size": 256,
        "decode_ms": 0.872032,
        "decode_gib_s": 1067.991175268681,
        "decode_ns_iters": [
          874240,
          873376,
          873568,
          874208,
          874016,
          874080,
          873408,
          875168,
          873696,
          875040,
          874016,
          873920,
          873376,
          872864,
          877952,
          878560,
          872192,
          873024,
          875072,
          874528,
          874496,
          883168,
          872448,
          873856,
          875264,
          873280,
          873728,
          872864,
          872032,
          872256
        ],
        "chunk_tokens": 256,
        "block_threads": 128,
        "staged_input_bytes": 168938858,
        "applicable": true
      },
      {
        "kernel": "onpair_dg_k8_t128_b4",
        "role": "experimental",
        "stage_bytes": null,
        "chunk_size": 256,
        "decode_ms": 0.871552,
        "decode_gib_s": 1068.5793625072267,
        "decode_ns_iters": [
          876192,
          875776,
          874208,
          876256,
          874880,
          874880,
          875488,
          874464,
          879520,
          880768,
          880064,
          874016,
          874336,
          876672,
          872896,
          871552,
          874272,
          878784,
          875808,
          874112,
          875744,
          874176,
          875776,
          875520,
          875904,
          876000,
          874080,
          874848,
          873760,
          874496
        ],
        "chunk_tokens": 256,
        "block_threads": 128,
        "staged_input_bytes": 168938858,
        "applicable": true
      },
      {
        "kernel": "onpair_dg_k8_t128_b6",
        "role": "experimental",
        "stage_bytes": null,
        "chunk_size": 256,
        "decode_ms": 0.871904,
        "decode_gib_s": 1068.1479618764204,
        "decode_ns_iters": [
          875040,
          880512,
          881024,
          880736,
          872832,
          874176,
          873184,
          876288,
          873792,
          880864,
          873952,
          875328,
          874656,
          874368,
          877056,
          873472,
          873536,
          873920,
          874912,
          872192,
          872928,
          871904,
          875904,
          876608,
          872160,
          874432,
          872096,
          873248,
          873568,
          874560
        ],
        "chunk_tokens": 256,
        "block_threads": 128,
        "staged_input_bytes": 168938858,
        "applicable": true
      },
      {
        "kernel": "onpair_dg_k8_t128_b8",
        "role": "experimental",
        "stage_bytes": null,
        "chunk_size": 256,
        "decode_ms": 0.86976,
        "decode_gib_s": 1070.7809976912004,
        "decode_ns_iters": [
          874592,
          873600,
          873888,
          872448,
          872928,
          871968,
          874912,
          874272,
          873440,
          872384,
          872320,
          873216,
          873664,
          874336,
          875808,
          875072,
          877920,
          877216,
          873632,
          874080,
          873152,
          874144,
          872480,
          873664,
          872608,
          869760,
          872384,
          870880,
          872288,
          873696
        ],
        "chunk_tokens": 256,
        "block_threads": 128,
        "staged_input_bytes": 168938858,
        "applicable": true
      },
      {
        "kernel": "onpair_dg_k8_t256_b1",
        "role": "experimental",
        "stage_bytes": null,
        "chunk_size": 256,
        "decode_ms": 0.86768,
        "decode_gib_s": 1073.347870818618,
        "decode_ns_iters": [
          869536,
          868320,
          868864,
          869696,
          870400,
          869824,
          872512,
          869984,
          870336,
          871328,
          869920,
          868736,
          869600,
          870400,
          869632,
          869472,
          870848,
          869056,
          869568,
          870944,
          872864,
          872352,
          874208,
          867680,
          870016,
          870944,
          877344,
          869408,
          869856,
          869728
        ],
        "chunk_tokens": 256,
        "block_threads": 256,
        "staged_input_bytes": 168938858,
        "applicable": true
      },
      {
        "kernel": "onpair_dg_k8_t256_b2",
        "role": "experimental",
        "stage_bytes": null,
        "chunk_size": 256,
        "decode_ms": 0.865824,
        "decode_gib_s": 1075.6487237035453,
        "decode_ns_iters": [
          870112,
          869600,
          868096,
          866880,
          867904,
          865824,
          869728,
          873984,
          876448,
          870528,
          873056,
          870240,
          871840,
          871584,
          876736,
          870912,
          871520,
          871616,
          869920,
          868992,
          871424,
          870656,
          872160,
          869600,
          870720,
          870208,
          870528,
          870208,
          872320,
          871680
        ],
        "chunk_tokens": 256,
        "block_threads": 256,
        "staged_input_bytes": 168938858,
        "applicable": true
      },
      {
        "kernel": "onpair_dg_k8_t256_b4",
        "role": "experimental",
        "stage_bytes": null,
        "chunk_size": 256,
        "decode_ms": 0.86928,
        "decode_gib_s": 1071.3722627368609,
        "decode_ns_iters": [
          869344,
          870272,
          878112,
          871968,
          872384,
          871392,
          870944,
          869728,
          870528,
          869536,
          870752,
          871840,
          870144,
          871616,
          870528,
          872224,
          870048,
          871296,
          870080,
          871200,
          871072,
          870528,
          870528,
          869280,
          869632,
          871296,
          869344,
          871040,
          871712,
          872736
        ],
        "chunk_tokens": 256,
        "block_threads": 256,
        "staged_input_bytes": 168938858,
        "applicable": true
      },
      {
        "kernel": "onpair_dg_k8_t256_b6",
        "role": "experimental",
        "stage_bytes": null,
        "chunk_size": 256,
        "decode_ms": 1.158176,
        "decode_gib_s": 804.128630322074,
        "decode_ns_iters": [
          1164640,
          1161792,
          1164352,
          1173216,
          1161184,
          1162784,
          1164800,
          1164288,
          1160256,
          1164416,
          1163328,
          1162848,
          1165216,
          1163136,
          1160640,
          1161280,
          1163232,
          1165408,
          1162528,
          1158176,
          1161248,
          1160960,
          1161536,
          1162016,
          1160064,
          1163712,
          1161248,
          1163008,
          1167520,
          1160384
        ],
        "chunk_tokens": 256,
        "block_threads": 256,
        "staged_input_bytes": 168938858,
        "applicable": true
      },
      {
        "kernel": "onpair_dg_k8_t256_b8",
        "role": "experimental",
        "stage_bytes": null,
        "chunk_size": 256,
        "decode_ms": 1.290336,
        "decode_gib_s": 721.7674160465945,
        "decode_ns_iters": [
          1300160,
          1301600,
          1299424,
          1302752,
          1309824,
          1302272,
          1299840,
          1305760,
          1290336,
          1297472,
          1310752,
          1302176,
          1303424,
          1302112,
          1298016,
          1300000,
          1302848,
          1295424,
          1312320,
          1296512,
          1299136,
          1305920,
          1309728,
          1307264,
          1302176,
          1299776,
          1300704,
          1299744,
          1310304,
          1293760
        ],
        "chunk_tokens": 256,
        "block_threads": 256,
        "staged_input_bytes": 168938858,
        "applicable": true
      },
      {
        "kernel": "onpair_dw_k1_t64_b1",
        "role": "experimental",
        "stage_bytes": null,
        "chunk_size": 32,
        "decode_ms": 1.155232,
        "decode_gib_s": 806.1778764368529,
        "decode_ns_iters": [
          1160928,
          1159776,
          1162976,
          1157632,
          1160608,
          1155232,
          1156512,
          1159168,
          1155776,
          1155904,
          1157728,
          1158016,
          1156064,
          1157536,
          1157344,
          1157216,
          1159264,
          1157440,
          1157920,
          1157728,
          1158752,
          1156896,
          1158784,
          1158176,
          1157856,
          1162272,
          1159200,
          1156544,
          1157344,
          1158400
        ],
        "chunk_tokens": 32,
        "block_threads": 64,
        "staged_input_bytes": 187033034,
        "applicable": true
      },
      {
        "kernel": "onpair_dw_k1_t64_b2",
        "role": "experimental",
        "stage_bytes": null,
        "chunk_size": 32,
        "decode_ms": 1.153152,
        "decode_gib_s": 807.6320212356208,
        "decode_ns_iters": [
          1156928,
          1157440,
          1153568,
          1158720,
          1158976,
          1158400,
          1157056,
          1156192,
          1158144,
          1158048,
          1154496,
          1163200,
          1157856,
          1157408,
          1158368,
          1159296,
          1157952,
          1153152,
          1153792,
          1158080,
          1157792,
          1156800,
          1157376,
          1160128,
          1155040,
          1156992,
          1156800,
          1157536,
          1159328,
          1159392
        ],
        "chunk_tokens": 32,
        "block_threads": 64,
        "staged_input_bytes": 187033034,
        "applicable": true
      },
      {
        "kernel": "onpair_dw_k1_t64_b4",
        "role": "experimental",
        "stage_bytes": null,
        "chunk_size": 32,
        "decode_ms": 1.155392,
        "decode_gib_s": 806.0662360063932,
        "decode_ns_iters": [
          1160864,
          1167008,
          1157824,
          1159264,
          1161088,
          1159840,
          1156288,
          1155392,
          1163040,
          1156128,
          1156992,
          1159680,
          1159296,
          1155872,
          1155616,
          1164096,
          1198720,
          1211712,
          1205248,
          1209440,
          1197408,
          1214112,
          1204704,
          1210496,
          1175520,
          1156704,
          1162784,
          1158208,
          1161248,
          1160704
        ],
        "chunk_tokens": 32,
        "block_threads": 64,
        "staged_input_bytes": 187033034,
        "applicable": true
      },
      {
        "kernel": "onpair_dw_k1_t64_b6",
        "role": "experimental",
        "stage_bytes": null,
        "chunk_size": 32,
        "decode_ms": 1.152896,
        "decode_gib_s": 807.8113555358841,
        "decode_ns_iters": [
          1166752,
          1160544,
          1159584,
          1167456,
          1192480,
          1215616,
          1203680,
          1211392,
          1184032,
          1175296,
          1202880,
          1176960,
          1162432,
          1160800,
          1158464,
          1169216,
          1157536,
          1161344,
          1158784,
          1157216,
          1158112,
          1158464,
          1167744,
          1158496,
          1159232,
          1156192,
          1155616,
          1152896,
          1156576,
          1156128
        ],
        "chunk_tokens": 32,
        "block_threads": 64,
        "staged_input_bytes": 187033034,
        "applicable": true
      },
      {
        "kernel": "onpair_dw_k1_t64_b8",
        "role": "experimental",
        "stage_bytes": null,
        "chunk_size": 32,
        "decode_ms": 1.156224,
        "decode_gib_s": 805.4862038427661,
        "decode_ns_iters": [
          1158656,
          1159392,
          1160896,
          1160864,
          1159424,
          1156224,
          1156704,
          1161664,
          1156928,
          1159296,
          1158528,
          1156768,
          1193888,
          1159488,
          1157120,
          1160192,
          1158528,
          1158048,
          1158752,
          1157600,
          1159808,
          1158752,
          1160448,
          1158048,
          1156352,
          1158016,
          1158176,
          1158880,
          1156320,
          1180192
        ],
        "chunk_tokens": 32,
        "block_threads": 64,
        "staged_input_bytes": 187033034,
        "applicable": true
      },
      {
        "kernel": "onpair_dw_k1_t128_b1",
        "role": "experimental",
        "stage_bytes": null,
        "chunk_size": 32,
        "decode_ms": 1.225856,
        "decode_gib_s": 759.7323670577119,
        "decode_ns_iters": [
          1229312,
          1230784,
          1226752,
          1229824,
          1227520,
          1229056,
          1230272,
          1228320,
          1227840,
          1227360,
          1227904,
          1230528,
          1228832,
          1229760,
          1227712,
          1225856,
          1230944,
          1228576,
          1231584,
          1232768,
          1230528,
          1229600,
          1227328,
          1229056,
          1227008,
          1228160,
          1226624,
          1233088,
          1226368,
          1230336
        ],
        "chunk_tokens": 32,
        "block_threads": 128,
        "staged_input_bytes": 187033034,
        "applicable": true
      },
      {
        "kernel": "onpair_dw_k1_t128_b2",
        "role": "experimental",
        "stage_bytes": null,
        "chunk_size": 32,
        "decode_ms": 1.225696,
        "decode_gib_s": 759.8315410606697,
        "decode_ns_iters": [
          1232064,
          1230528,
          1228480,
          1231232,
          1229184,
          1226048,
          1228416,
          1230016,
          1228960,
          1229824,
          1227776,
          1226176,
          1227904,
          1228640,
          1229152,
          1228384,
          1230144,
          1229856,
          1229280,
          1228192,
          1225728,
          1228352,
          1225696,
          1226400,
          1228896,
          1232416,
          1227904,
          1230752,
          1230560,
          1229888
        ],
        "chunk_tokens": 32,
        "block_threads": 128,
        "staged_input_bytes": 187033034,
        "applicable": true
      },
      {
        "kernel": "onpair_dw_k1_t128_b4",
        "role": "experimental",
        "stage_bytes": null,
        "chunk_size": 32,
        "decode_ms": 1.225216,
        "decode_gib_s": 760.1292184822091,
        "decode_ns_iters": [
          1227232,
          1230880,
          1225728,
          1228352,
          1226720,
          1227520,
          1227200,
          1228864,
          1230176,
          1228160,
          1229152,
          1227616,
          1225536,
          1229376,
          1225216,
          1226592,
          1228608,
          1228864,
          1230016,
          1228896,
          1228160,
          1230528,
          1225920,
          1232128,
          1227520,
          1229248,
          1227488,
          1229472,
          1230336,
          1229504
        ],
        "chunk_tokens": 32,
        "block_threads": 128,
        "staged_input_bytes": 187033034,
        "applicable": true
      },
      {
        "kernel": "onpair_dw_k1_t128_b6",
        "role": "experimental",
        "stage_bytes": null,
        "chunk_size": 32,
        "decode_ms": 1.22384,
        "decode_gib_s": 760.9838545495313,
        "decode_ns_iters": [
          1229664,
          1228192,
          1230560,
          1223840,
          1226944,
          1225120,
          1224928,
          1226720,
          1227680,
          1225664,
          1227616,
          1225440,
          1228576,
          1229408,
          1226816,
          1229952,
          1229120,
          1230112,
          1229408,
          1226048,
          1226880,
          1231488,
          1226496,
          1226560,
          1229248,
          1224928,
          1228640,
          1228896,
          1230112,
          1226784
        ],
        "chunk_tokens": 32,
        "block_threads": 128,
        "staged_input_bytes": 187033034,
        "applicable": true
      },
      {
        "kernel": "onpair_dw_k1_t128_b8",
        "role": "experimental",
        "stage_bytes": null,
        "chunk_size": 32,
        "decode_ms": 1.232,
        "decode_gib_s": 755.943571876541,
        "decode_ns_iters": [
          1235936,
          1238048,
          1232768,
          1234176,
          1237472,
          1235072,
          1236416,
          1236096,
          1234400,
          1233728,
          1232000,
          1233664,
          1235648,
          1235904,
          1233824,
          1233888,
          1234080,
          1236128,
          1233024,
          1239296,
          1234688,
          1235552,
          1237696,
          1234688,
          1234720,
          1237184,
          1232224,
          1235360,
          1237568,
          1234976
        ],
        "chunk_tokens": 32,
        "block_threads": 128,
        "staged_input_bytes": 187033034,
        "applicable": true
      },
      {
        "kernel": "onpair_dw_k1_t256_b1",
        "role": "experimental",
        "stage_bytes": null,
        "chunk_size": 32,
        "decode_ms": 1.284896,
        "decode_gib_s": 724.8232390418357,
        "decode_ns_iters": [
          1290304,
          1292256,
          1291328,
          1291072,
          1288640,
          1289952,
          1296288,
          1289952,
          1289920,
          1291552,
          1292288,
          1297344,
          1290368,
          1289376,
          1286048,
          1287456,
          1289760,
          1290560,
          1290016,
          1288736,
          1290784,
          1288352,
          1288032,
          1288320,
          1286784,
          1286080,
          1284896,
          1286784,
          1289152,
          1292160
        ],
        "chunk_tokens": 32,
        "block_threads": 256,
        "staged_input_bytes": 187033034,
        "applicable": true
      },
      {
        "kernel": "onpair_dw_k1_t256_b2",
        "role": "experimental",
        "stage_bytes": null,
        "chunk_size": 32,
        "decode_ms": 1.287104,
        "decode_gib_s": 723.579819930556,
        "decode_ns_iters": [
          1290784,
          1291904,
          1290784,
          1289024,
          1288736,
          1289984,
          1290624,
          1289312,
          1289888,
          1296896,
          1288928,
          1289248,
          1289920,
          1287104,
          1296640,
          1290176,
          1290432,
          1289984,
          1290400,
          1292960,
          1290048,
          1291008,
          1288896,
          1291232,
          1292640,
          1289536,
          1290720,
          1291424,
          1290560,
          1291968
        ],
        "chunk_tokens": 32,
        "block_threads": 256,
        "staged_input_bytes": 187033034,
        "applicable": true
      },
      {
        "kernel": "onpair_dw_k1_t256_b4",
        "role": "experimental",
        "stage_bytes": null,
        "chunk_size": 32,
        "decode_ms": 1.292,
        "decode_gib_s": 720.8378332445035,
        "decode_ns_iters": [
          1297120,
          1297536,
          1298592,
          1297376,
          1296128,
          1297312,
          1296000,
          1295648,
          1295008,
          1295552,
          1298304,
          1296064,
          1298016,
          1297248,
          1296160,
          1296416,
          1298304,
          1295232,
          1296512,
          1296672,
          1297152,
          1300864,
          1297472,
          1295584,
          1292000,
          1292064,
          1296320,
          1294752,
          1295616,
          1294208
        ],
        "chunk_tokens": 32,
        "block_threads": 256,
        "staged_input_bytes": 187033034,
        "applicable": true
      },
      {
        "kernel": "onpair_dw_k1_t256_b6",
        "role": "experimental",
        "stage_bytes": null,
        "chunk_size": 32,
        "decode_ms": 1.022944,
        "decode_gib_s": 910.4334944551201,
        "decode_ns_iters": [
          1027936,
          1029568,
          1028864,
          1027840,
          1024160,
          1027104,
          1027904,
          1022944,
          1028032,
          1026656,
          1031328,
          1023840,
          1027680,
          1027648,
          1027488,
          1032000,
          1024992,
          1027424,
          1026880,
          1028960,
          1028128,
          1028000,
          1028800,
          1028448,
          1028160,
          1026720,
          1029760,
          1028704,
          1028128,
          1037632
        ],
        "chunk_tokens": 32,
        "block_threads": 256,
        "staged_input_bytes": 187033034,
        "applicable": true
      },
      {
        "kernel": "onpair_dw_k1_t256_b8",
        "role": "experimental",
        "stage_bytes": null,
        "chunk_size": 32,
        "decode_ms": 0.939328,
        "decode_gib_s": 991.4773971944821,
        "decode_ns_iters": [
          941696,
          941504,
          940928,
          940160,
          941952,
          942496,
          939328,
          940704,
          940704,
          942752,
          943200,
          945216,
          946080,
          940800,
          940864,
          939648,
          942464,
          939616,
          939616,
          940064,
          942080,
          947712,
          940192,
          942208,
          955488,
          944352,
          944768,
          942144,
          944704,
          943488
        ],
        "chunk_tokens": 32,
        "block_threads": 256,
        "staged_input_bytes": 187033034,
        "applicable": true
      },
      {
        "kernel": "onpair_dw_k2_t64_b1",
        "role": "experimental",
        "stage_bytes": null,
        "chunk_size": 64,
        "decode_ms": 0.87408,
        "decode_gib_s": 1065.488834605412,
        "decode_ns_iters": [
          879584,
          937472,
          896320,
          881728,
          874080,
          880640,
          881824,
          877856,
          878912,
          879136,
          883488,
          877024,
          879104,
          883584,
          882656,
          881568,
          881056,
          883232,
          880928,
          897344,
          883776,
          881856,
          880128,
          878048,
          879552,
          881152,
          882592,
          877568,
          882272,
          880640
        ],
        "chunk_tokens": 64,
        "block_threads": 64,
        "staged_input_bytes": 176693498,
        "applicable": true
      },
      {
        "kernel": "onpair_dw_k2_t64_b2",
        "role": "experimental",
        "stage_bytes": null,
        "chunk_size": 64,
        "decode_ms": 0.872832,
        "decode_gib_s": 1067.0123008229516,
        "decode_ns_iters": [
          879232,
          883072,
          884064,
          880224,
          884640,
          883584,
          883296,
          876800,
          880960,
          879456,
          883392,
          881088,
          875584,
          883424,
          881024,
          879392,
          882880,
          882560,
          884064,
          872832,
          880640,
          881184,
          879936,
          877088,
          880928,
          881408,
          883264,
          878048,
          879264,
          881760
        ],
        "chunk_tokens": 64,
        "block_threads": 64,
        "staged_input_bytes": 176693498,
        "applicable": true
      },
      {
        "kernel": "onpair_dw_k2_t64_b4",
        "role": "experimental",
        "stage_bytes": null,
        "chunk_size": 64,
        "decode_ms": 0.872128,
        "decode_gib_s": 1067.8736155150373,
        "decode_ns_iters": [
          882016,
          877376,
          880128,
          878080,
          877152,
          878592,
          881248,
          881376,
          883584,
          877952,
          876512,
          880192,
          886048,
          882560,
          876512,
          880736,
          878112,
          878656,
          875776,
          877760,
          879360,
          876320,
          881888,
          878368,
          881504,
          872160,
          878432,
          876832,
          872128,
          882720
        ],
        "chunk_tokens": 64,
        "block_threads": 64,
        "staged_input_bytes": 176693498,
        "applicable": true
      },
      {
        "kernel": "onpair_dw_k2_t64_b6",
        "role": "experimental",
        "stage_bytes": null,
        "chunk_size": 64,
        "decode_ms": 0.873216,
        "decode_gib_s": 1066.5430781752723,
        "decode_ns_iters": [
          879488,
          876544,
          877952,
          878080,
          877120,
          878560,
          879616,
          879808,
          880832,
          880608,
          876000,
          878432,
          881248,
          879456,
          876160,
          880096,
          879520,
          879232,
          877952,
          875744,
          879200,
          877440,
          879424,
          880704,
          874656,
          873472,
          875200,
          873216,
          879520,
          879712
        ],
        "chunk_tokens": 64,
        "block_threads": 64,
        "staged_input_bytes": 176693498,
        "applicable": true
      },
      {
        "kernel": "onpair_dw_k2_t64_b8",
        "role": "experimental",
        "stage_bytes": null,
        "chunk_size": 64,
        "decode_ms": 0.870304,
        "decode_gib_s": 1070.111685746473,
        "decode_ns_iters": [
          877408,
          881664,
          875520,
          874432,
          873344,
          870304,
          874944,
          879904,
          878464,
          880672,
          878240,
          876096,
          877312,
          878624,
          877024,
          879936,
          876480,
          876960,
          876000,
          875296,
          877152,
          884160,
          881792,
          883552,
          882464,
          878368,
          875616,
          877440,
          877856,
          877152
        ],
        "chunk_tokens": 64,
        "block_threads": 64,
        "staged_input_bytes": 176693498,
        "applicable": true
      },
      {
        "kernel": "onpair_dw_k2_t128_b1",
        "role": "experimental",
        "stage_bytes": null,
        "chunk_size": 64,
        "decode_ms": 0.888192,
        "decode_gib_s": 1048.559861552343,
        "decode_ns_iters": [
          893408,
          892160,
          891520,
          894656,
          895040,
          888192,
          892992,
          895648,
          896288,
          894880,
          893504,
          891552,
          892224,
          891712,
          894496,
          890784,
          893088,
          891680,
          892064,
          890816,
          891968,
          890528,
          889216,
          896352,
          890656,
          888768,
          889056,
          893280,
          894368,
          896256
        ],
        "chunk_tokens": 64,
        "block_threads": 128,
        "staged_input_bytes": 176693498,
        "applicable": true
      },
      {
        "kernel": "onpair_dw_k2_t128_b2",
        "role": "experimental",
        "stage_bytes": null,
        "chunk_size": 64,
        "decode_ms": 0.886304,
        "decode_gib_s": 1050.7934981133997,
        "decode_ns_iters": [
          918176,
          938176,
          902656,
          895232,
          894944,
          893760,
          894784,
          892576,
          889344,
          892352,
          887456,
          891392,
          892576,
          889760,
          887424,
          891360,
          889344,
          886304,
          908416,
          894272,
          892032,
          890144,
          893536,
          892512,
          888832,
          893376,
          889088,
          897824,
          893184,
          896096
        ],
        "chunk_tokens": 64,
        "block_threads": 128,
        "staged_input_bytes": 176693498,
        "applicable": true
      },
      {
        "kernel": "onpair_dw_k2_t128_b4",
        "role": "experimental",
        "stage_bytes": null,
        "chunk_size": 64,
        "decode_ms": 0.888672,
        "decode_gib_s": 1047.9935010351385,
        "decode_ns_iters": [
          898592,
          891648,
          892256,
          892448,
          891360,
          894304,
          895040,
          978912,
          908512,
          904768,
          905440,
          904224,
          919360,
          895520,
          895360,
          895456,
          895936,
          895104,
          945344,
          905536,
          896576,
          892864,
          895872,
          892800,
          894592,
          890016,
          888672,
          894816,
          895584,
          892960
        ],
        "chunk_tokens": 64,
        "block_threads": 128,
        "staged_input_bytes": 176693498,
        "applicable": true
      },
      {
        "kernel": "onpair_dw_k2_t128_b6",
        "role": "experimental",
        "stage_bytes": null,
        "chunk_size": 64,
        "decode_ms": 0.884,
        "decode_gib_s": 1053.5322178188896,
        "decode_ns_iters": [
          889152,
          897536,
          889600,
          887936,
          890304,
          888256,
          890976,
          892128,
          891328,
          890816,
          891808,
          884928,
          888256,
          884000,
          891104,
          889632,
          886112,
          889152,
          889184,
          888800,
          887968,
          887712,
          889408,
          890304,
          895264,
          886688,
          892864,
          892352,
          892864,
          890720
        ],
        "chunk_tokens": 64,
        "block_threads": 128,
        "staged_input_bytes": 176693498,
        "applicable": true
      },
      {
        "kernel": "onpair_dw_k2_t128_b8",
        "role": "experimental",
        "stage_bytes": null,
        "chunk_size": 64,
        "decode_ms": 0.891616,
        "decode_gib_s": 1044.5331628771787,
        "decode_ns_iters": [
          898240,
          909728,
          898464,
          897856,
          896000,
          904704,
          898304,
          894496,
          897248,
          898432,
          900352,
          891616,
          894720,
          894688,
          896640,
          898528,
          895264,
          896480,
          895232,
          894496,
          897152,
          895104,
          892480,
          893856,
          897888,
          893280,
          895200,
          897920,
          891936,
          897440
        ],
        "chunk_tokens": 64,
        "block_threads": 128,
        "staged_input_bytes": 176693498,
        "applicable": true
      },
      {
        "kernel": "onpair_dw_k2_t256_b1",
        "role": "experimental",
        "stage_bytes": null,
        "chunk_size": 64,
        "decode_ms": 0.916192,
        "decode_gib_s": 1016.5145303079469,
        "decode_ns_iters": [
          920160,
          919840,
          918752,
          918272,
          922560,
          929184,
          931776,
          923168,
          921888,
          925792,
          920928,
          916192,
          921472,
          923744,
          922400,
          920640,
          919840,
          923840,
          920704,
          921568,
          922656,
          922432,
          922048,
          920384,
          923040,
          921088,
          918944,
          921760,
          921280,
          922624
        ],
        "chunk_tokens": 64,
        "block_threads": 256,
        "staged_input_bytes": 176693498,
        "applicable": true
      },
      {
        "kernel": "onpair_dw_k2_t256_b2",
        "role": "experimental",
        "stage_bytes": null,
        "chunk_size": 64,
        "decode_ms": 0.919008,
        "decode_gib_s": 1013.3997533774444,
        "decode_ns_iters": [
          924128,
          923232,
          922560,
          922976,
          934304,
          922784,
          924032,
          924064,
          922080,
          920768,
          920896,
          930336,
          932384,
          923776,
          921312,
          925472,
          923072,
          921376,
          924096,
          919008,
          922272,
          931136,
          923712,
          923104,
          925376,
          922688,
          922144,
          922080,
          925792,
          925376
        ],
        "chunk_tokens": 64,
        "block_threads": 256,
        "staged_input_bytes": 176693498,
        "applicable": true
      },
      {
        "kernel": "onpair_dw_k2_t256_b4",
        "role": "experimental",
        "stage_bytes": null,
        "chunk_size": 64,
        "decode_ms": 0.928512,
        "decode_gib_s": 1003.0268650829482,
        "decode_ns_iters": [
          929248,
          930464,
          930688,
          937408,
          930560,
          929408,
          933120,
          936576,
          936544,
          937760,
          931680,
          932352,
          934592,
          932064,
          931136,
          935712,
          932064,
          934592,
          932992,
          932800,
          933088,
          933888,
          928512,
          930336,
          931232,
          931168,
          933472,
          934592,
          932768,
          928928
        ],
        "chunk_tokens": 64,
        "block_threads": 256,
        "staged_input_bytes": 176693498,
        "applicable": true
      },
      {
        "kernel": "onpair_dw_k2_t256_b6",
        "role": "experimental",
        "stage_bytes": null,
        "chunk_size": 64,
        "decode_ms": 0.784672,
        "decode_gib_s": 1186.8939895292535,
        "decode_ns_iters": [
          791616,
          784992,
          785312,
          784672,
          786528,
          787872,
          796544,
          787328,
          785088,
          787456,
          786272,
          787328,
          787616,
          788256,
          787648,
          789408,
          792512,
          787200,
          787424,
          789216,
          788576,
          789216,
          788064,
          789120,
          786528,
          787744,
          789472,
          789344,
          788512,
          788736
        ],
        "chunk_tokens": 64,
        "block_threads": 256,
        "staged_input_bytes": 176693498,
        "applicable": true
      },
      {
        "kernel": "onpair_dw_k2_t256_b8",
        "role": "experimental",
        "stage_bytes": null,
        "chunk_size": 64,
        "decode_ms": 0.81648,
        "decode_gib_s": 1140.655595424136,
        "decode_ns_iters": [
          819328,
          820064,
          818048,
          819104,
          823328,
          816480,
          820640,
          819008,
          819488,
          818464,
          818880,
          819488,
          821120,
          821536,
          822624,
          821088,
          828384,
          821408,
          819488,
          818272,
          818720,
          818848,
          819136,
          819264,
          818752,
          818080,
          817920,
          818400,
          817536,
          856960
        ],
        "chunk_tokens": 64,
        "block_threads": 256,
        "staged_input_bytes": 176693498,
        "applicable": true
      },
      {
        "kernel": "onpair_dw_k3_t64_b1",
        "role": "experimental",
        "stage_bytes": null,
        "chunk_size": 96,
        "decode_ms": 0.815488,
        "decode_gib_s": 1142.0431453950255,
        "decode_ns_iters": [
          821728,
          825792,
          819552,
          824576,
          818240,
          822912,
          828416,
          820768,
          824128,
          815648,
          815488,
          823168,
          823424,
          817152,
          820640,
          821440,
          821376,
          830240,
          826272,
          818624,
          829248,
          830848,
          821952,
          821856,
          824928,
          820480,
          826144,
          822400,
          826336,
          824704
        ],
        "chunk_tokens": 96,
        "block_threads": 64,
        "staged_input_bytes": 173246986,
        "applicable": true
      },
      {
        "kernel": "onpair_dw_k3_t64_b2",
        "role": "experimental",
        "stage_bytes": null,
        "chunk_size": 96,
        "decode_ms": 0.817472,
        "decode_gib_s": 1139.271413029313,
        "decode_ns_iters": [
          823264,
          820448,
          824832,
          821184,
          827648,
          823808,
          823648,
          818656,
          825376,
          824096,
          821568,
          822688,
          832064,
          822112,
          824096,
          828608,
          822272,
          824736,
          821216,
          826624,
          823360,
          819392,
          824864,
          823936,
          817472,
          832576,
          825504,
          825088,
          822560,
          824416
        ],
        "chunk_tokens": 96,
        "block_threads": 64,
        "staged_input_bytes": 173246986,
        "applicable": true
      },
      {
        "kernel": "onpair_dw_k3_t64_b4",
        "role": "experimental",
        "stage_bytes": null,
        "chunk_size": 96,
        "decode_ms": 0.817376,
        "decode_gib_s": 1139.40521932611,
        "decode_ns_iters": [
          819776,
          822272,
          819552,
          821344,
          820256,
          820128,
          824192,
          826368,
          822784,
          830304,
          825280,
          819552,
          817376,
          820992,
          825600,
          820448,
          821600,
          824864,
          828320,
          825024,
          830528,
          838144,
          829792,
          825984,
          823488,
          819712,
          826368,
          826496,
          823936,
          824096
        ],
        "chunk_tokens": 96,
        "block_threads": 64,
        "staged_input_bytes": 173246986,
        "applicable": true
      },
      {
        "kernel": "onpair_dw_k3_t64_b6",
        "role": "experimental",
        "stage_bytes": null,
        "chunk_size": 96,
        "decode_ms": 0.81584,
        "decode_gib_s": 1141.5504027160944,
        "decode_ns_iters": [
          825216,
          819520,
          826656,
          828192,
          824736,
          821152,
          821120,
          820800,
          823840,
          824480,
          824704,
          824800,
          821568,
          824448,
          815840,
          818432,
          826400,
          825664,
          832704,
          823552,
          835968,
          828192,
          826752,
          821024,
          827360,
          826016,
          828448,
          824896,
          820544,
          819584
        ],
        "chunk_tokens": 96,
        "block_threads": 64,
        "staged_input_bytes": 173246986,
        "applicable": true
      },
      {
        "kernel": "onpair_dw_k3_t64_b8",
        "role": "experimental",
        "stage_bytes": null,
        "chunk_size": 96,
        "decode_ms": 0.817728,
        "decode_gib_s": 1138.9147498335615,
        "decode_ns_iters": [
          827360,
          826176,
          820864,
          833952,
          821696,
          827584,
          821408,
          820928,
          817728,
          825792,
          824576,
          826592,
          824480,
          820448,
          826144,
          826272,
          828160,
          826272,
          821024,
          823968,
          825056,
          820256,
          825632,
          824064,
          825536,
          822752,
          826240,
          883680,
          832672,
          825216
        ],
        "chunk_tokens": 96,
        "block_threads": 64,
        "staged_input_bytes": 173246986,
        "applicable": true
      },
      {
        "kernel": "onpair_dw_k3_t128_b1",
        "role": "experimental",
        "stage_bytes": null,
        "chunk_size": 96,
        "decode_ms": 0.827744,
        "decode_gib_s": 1125.1334718849046,
        "decode_ns_iters": [
          836768,
          827744,
          839488,
          836864,
          835328,
          833248,
          837632,
          839040,
          847616,
          833344,
          838080,
          835648,
          836160,
          831168,
          828000,
          834048,
          831840,
          832480,
          835936,
          835008,
          835872,
          832224,
          833856,
          843456,
          833120,
          836928,
          835296,
          833280,
          833824,
          833184
        ],
        "chunk_tokens": 96,
        "block_threads": 128,
        "staged_input_bytes": 173246986,
        "applicable": true
      },
      {
        "kernel": "onpair_dw_k3_t128_b2",
        "role": "experimental",
        "stage_bytes": null,
        "chunk_size": 96,
        "decode_ms": 0.825056,
        "decode_gib_s": 1128.799112486787,
        "decode_ns_iters": [
          833920,
          836704,
          837248,
          830080,
          835744,
          832224,
          831552,
          825056,
          836384,
          830272,
          836416,
          833536,
          830592,
          829440,
          826176,
          833824,
          829856,
          837088,
          840224,
          838624,
          835808,
          835488,
          835744,
          832608,
          842528,
          838304,
          840064,
          835392,
          831328,
          831808
        ],
        "chunk_tokens": 96,
        "block_threads": 128,
        "staged_input_bytes": 173246986,
        "applicable": true
      },
      {
        "kernel": "onpair_dw_k3_t128_b4",
        "role": "experimental",
        "stage_bytes": null,
        "chunk_size": 96,
        "decode_ms": 0.826528,
        "decode_gib_s": 1126.7887845927764,
        "decode_ns_iters": [
          828864,
          835040,
          831296,
          833952,
          834240,
          832928,
          836672,
          834496,
          835552,
          835968,
          835648,
          838144,
          836352,
          845664,
          839168,
          835136,
          833504,
          830752,
          835872,
          837280,
          830944,
          834432,
          826752,
          836320,
          836032,
          833696,
          837216,
          826528,
          832800,
          828032
        ],
        "chunk_tokens": 96,
        "block_threads": 128,
        "staged_input_bytes": 173246986,
        "applicable": true
      },
      {
        "kernel": "onpair_dw_k3_t128_b6",
        "role": "experimental",
        "stage_bytes": null,
        "chunk_size": 96,
        "decode_ms": 0.82624,
        "decode_gib_s": 1127.1815459816742,
        "decode_ns_iters": [
          830400,
          841824,
          830816,
          833056,
          830016,
          826240,
          829632,
          827360,
          835936,
          829504,
          830720,
          832576,
          828448,
          832704,
          834400,
          841344,
          833440,
          845216,
          836224,
          833088,
          835456,
          839264,
          833408,
          836512,
          838368,
          839488,
          834144,
          836544,
          842464,
          840480
        ],
        "chunk_tokens": 96,
        "block_threads": 128,
        "staged_input_bytes": 173246986,
        "applicable": true
      },
      {
        "kernel": "onpair_dw_k3_t128_b8",
        "role": "experimental",
        "stage_bytes": null,
        "chunk_size": 96,
        "decode_ms": 0.839968,
        "decode_gib_s": 1108.7594772085347,
        "decode_ns_iters": [
          839968,
          840480,
          841088,
          843328,
          847968,
          845440,
          843616,
          844640,
          843872,
          848864,
          851104,
          844608,
          842848,
          844320,
          843744,
          848096,
          846944,
          845856,
          845216,
          848416,
          848064,
          841440,
          851264,
          845408,
          848576,
          848320,
          843968,
          843584,
          851840,
          849184
        ],
        "chunk_tokens": 96,
        "block_threads": 128,
        "staged_input_bytes": 173246986,
        "applicable": true
      },
      {
        "kernel": "onpair_dw_k3_t256_b1",
        "role": "experimental",
        "stage_bytes": null,
        "chunk_size": 96,
        "decode_ms": 0.847616,
        "decode_gib_s": 1098.755191681019,
        "decode_ns_iters": [
          855712,
          853120,
          856032,
          854368,
          854304,
          850528,
          854080,
          854816,
          853312,
          847616,
          853952,
          849376,
          856384,
          848384,
          853536,
          853696,
          864576,
          852096,
          853632,
          852480,
          853696,
          855008,
          859200,
          853312,
          854208,
          855296,
          859680,
          853152,
          855264,
          857824
        ],
        "chunk_tokens": 96,
        "block_threads": 256,
        "staged_input_bytes": 173246986,
        "applicable": true
      },
      {
        "kernel": "onpair_dw_k3_t256_b2",
        "role": "experimental",
        "stage_bytes": null,
        "chunk_size": 96,
        "decode_ms": 0.846304,
        "decode_gib_s": 1100.4585592788153,
        "decode_ns_iters": [
          856352,
          855904,
          859168,
          854016,
          851072,
          856864,
          850976,
          846304,
          851744,
          846656,
          849696,
          861664,
          849856,
          859296,
          854080,
          852896,
          850272,
          852224,
          855040,
          854176,
          849984,
          852160,
          852768,
          854304,
          854848,
          856448,
          852352,
          853568,
          849504,
          857888
        ],
        "chunk_tokens": 96,
        "block_threads": 256,
        "staged_input_bytes": 173246986,
        "applicable": true
      },
      {
        "kernel": "onpair_dw_k3_t256_b4",
        "role": "experimental",
        "stage_bytes": null,
        "chunk_size": 96,
        "decode_ms": 0.852448,
        "decode_gib_s": 1092.5270286890209,
        "decode_ns_iters": [
          854688,
          857600,
          855616,
          857216,
          853504,
          863584,
          857792,
          855712,
          856800,
          854752,
          857024,
          858976,
          857184,
          860256,
          860288,
          859456,
          860128,
          857024,
          859552,
          858496,
          857984,
          860032,
          856960,
          854848,
          854688,
          852448,
          859104,
          863040,
          856320,
          854560
        ],
        "chunk_tokens": 96,
        "block_threads": 256,
        "staged_input_bytes": 173246986,
        "applicable": true
      },
      {
        "kernel": "onpair_dw_k3_t256_b6",
        "role": "experimental",
        "stage_bytes": null,
        "chunk_size": 96,
        "decode_ms": 0.780032,
        "decode_gib_s": 1193.9541974584358,
        "decode_ns_iters": [
          781888,
          782144,
          782208,
          781728,
          785504,
          781984,
          780960,
          783584,
          784448,
          780832,
          780032,
          781504,
          780384,
          783328,
          782368,
          783040,
          790208,
          782976,
          781376,
          783648,
          783040,
          782944,
          783520,
          784864,
          783008,
          782144,
          790912,
          785824,
          784000,
          783904
        ],
        "chunk_tokens": 96,
        "block_threads": 256,
        "staged_input_bytes": 173246986,
        "applicable": true
      },
      {
        "kernel": "onpair_dw_k3_t256_b8",
        "role": "experimental",
        "stage_bytes": null,
        "chunk_size": 96,
        "decode_ms": 0.798912,
        "decode_gib_s": 1165.7385050567505,
        "decode_ns_iters": [
          804640,
          803232,
          807712,
          802816,
          802016,
          808352,
          803616,
          805920,
          803296,
          804128,
          804352,
          803168,
          801824,
          801984,
          803680,
          804960,
          802496,
          802656,
          802784,
          802432,
          803296,
          802368,
          803456,
          803328,
          802944,
          801984,
          803008,
          801504,
          798912,
          801536
        ],
        "chunk_tokens": 96,
        "block_threads": 256,
        "staged_input_bytes": 173246986,
        "applicable": true
      },
      {
        "kernel": "onpair_dw_k4_t64_b1",
        "role": "experimental",
        "stage_bytes": null,
        "chunk_size": 128,
        "decode_ms": 0.768416,
        "decode_gib_s": 1212.002978272054,
        "decode_ns_iters": [
          773024,
          771136,
          770880,
          770688,
          770624,
          770720,
          769152,
          772896,
          772512,
          772096,
          771104,
          770560,
          770976,
          771456,
          771424,
          771552,
          772960,
          770560,
          770688,
          773312,
          780832,
          771296,
          768416,
          768832,
          770016,
          770848,
          769504,
          770464,
          772160,
          770304
        ],
        "chunk_tokens": 128,
        "block_threads": 64,
        "staged_input_bytes": 171523730,
        "applicable": true
      },
      {
        "kernel": "onpair_dw_k4_t64_b2",
        "role": "experimental",
        "stage_bytes": null,
        "chunk_size": 128,
        "decode_ms": 0.767648,
        "decode_gib_s": 1213.2155370064124,
        "decode_ns_iters": [
          772000,
          770688,
          770080,
          770784,
          769312,
          768224,
          775232,
          769248,
          772832,
          770528,
          770304,
          771136,
          769568,
          769888,
          770560,
          770176,
          770048,
          771232,
          771584,
          770144,
          770144,
          769920,
          769280,
          768896,
          769568,
          769632,
          769920,
          769152,
          768672,
          767648
        ],
        "chunk_tokens": 128,
        "block_threads": 64,
        "staged_input_bytes": 171523730,
        "applicable": true
      },
      {
        "kernel": "onpair_dw_k4_t64_b4",
        "role": "experimental",
        "stage_bytes": null,
        "chunk_size": 128,
        "decode_ms": 0.765344,
        "decode_gib_s": 1216.8678144101193,
        "decode_ns_iters": [
          767616,
          771392,
          768704,
          765344,
          765824,
          769344,
          768320,
          775616,
          770080,
          769952,
          768192,
          767552,
          767520,
          766880,
          769344,
          769504,
          770816,
          771488,
          769184,
          768704,
          772032,
          769792,
          768768,
          768928,
          769760,
          769728,
          769312,
          770784,
          769504,
          775968
        ],
        "chunk_tokens": 128,
        "block_threads": 64,
        "staged_input_bytes": 171523730,
        "applicable": true
      },
      {
        "kernel": "onpair_dw_k4_t64_b6",
        "role": "experimental",
        "stage_bytes": null,
        "chunk_size": 128,
        "decode_ms": 0.764384,
        "decode_gib_s": 1218.396094831784,
        "decode_ns_iters": [
          770208,
          769504,
          771264,
          774688,
          770080,
          768416,
          769728,
          776416,
          768448,
          769024,
          771008,
          769792,
          770144,
          769728,
          767648,
          767456,
          766976,
          766976,
          768256,
          766880,
          767776,
          764384,
          770400,
          766880,
          765760,
          765952,
          769504,
          768064,
          767392,
          777984
        ],
        "chunk_tokens": 128,
        "block_threads": 64,
        "staged_input_bytes": 171523730,
        "applicable": true
      },
      {
        "kernel": "onpair_dw_k4_t64_b8",
        "role": "experimental",
        "stage_bytes": null,
        "chunk_size": 128,
        "decode_ms": 0.76656,
        "decode_gib_s": 1214.9374876746745,
        "decode_ns_iters": [
          771520,
          780576,
          770048,
          770016,
          768192,
          767136,
          766560,
          767296,
          770848,
          771328,
          769664,
          770048,
          769728,
          769664,
          769760,
          778912,
          771392,
          771072,
          772256,
          771424,
          770368,
          770528,
          770496,
          769440,
          772992,
          769824,
          770464,
          770464,
          769984,
          768064
        ],
        "chunk_tokens": 128,
        "block_threads": 64,
        "staged_input_bytes": 171523730,
        "applicable": true
      },
      {
        "kernel": "onpair_dw_k4_t128_b1",
        "role": "experimental",
        "stage_bytes": null,
        "chunk_size": 128,
        "decode_ms": 0.765824,
        "decode_gib_s": 1216.105111033212,
        "decode_ns_iters": [
          769792,
          769824,
          767552,
          766624,
          765824,
          766272,
          769376,
          768640,
          776096,
          768448,
          768992,
          769376,
          769312,
          769376,
          770016,
          769696,
          769440,
          768480,
          768384,
          768192,
          766400,
          765888,
          765952,
          775840,
          776512,
          770656,
          768832,
          770240,
          769792,
          770656
        ],
        "chunk_tokens": 128,
        "block_threads": 128,
        "staged_input_bytes": 171523730,
        "applicable": true
      },
      {
        "kernel": "onpair_dw_k4_t128_b2",
        "role": "experimental",
        "stage_bytes": null,
        "chunk_size": 128,
        "decode_ms": 0.764512,
        "decode_gib_s": 1218.1921023501247,
        "decode_ns_iters": [
          770368,
          777728,
          768864,
          768000,
          766112,
          765408,
          768256,
          769056,
          769984,
          769440,
          769760,
          769312,
          770528,
          769632,
          769088,
          770816,
          776288,
          771488,
          769568,
          768032,
          768992,
          768992,
          764512,
          767328,
          766656,
          769760,
          769632,
          766976,
          766656,
          766304
        ],
        "chunk_tokens": 128,
        "block_threads": 128,
        "staged_input_bytes": 171523730,
        "applicable": true
      },
      {
        "kernel": "onpair_dw_k4_t128_b4",
        "role": "experimental",
        "stage_bytes": null,
        "chunk_size": 128,
        "decode_ms": 0.767552,
        "decode_gib_s": 1213.367277463805,
        "decode_ns_iters": [
          768064,
          767552,
          771744,
          769056,
          769472,
          768608,
          769184,
          769600,
          769120,
          776352,
          777120,
          770272,
          769920,
          770784,
          770656,
          771872,
          770528,
          772192,
          768832,
          767904,
          769088,
          768832,
          770400,
          771936,
          776256,
          770176,
          771712,
          771488,
          769920,
          770624
        ],
        "chunk_tokens": 128,
        "block_threads": 128,
        "staged_input_bytes": 171523730,
        "applicable": true
      },
      {
        "kernel": "onpair_dw_k4_t128_b6",
        "role": "experimental",
        "stage_bytes": null,
        "chunk_size": 128,
        "decode_ms": 0.769376,
        "decode_gib_s": 1210.4906840763144,
        "decode_ns_iters": [
          770816,
          772864,
          773472,
          773440,
          772640,
          772320,
          772000,
          771392,
          771456,
          770400,
          769376,
          770784,
          771968,
          773088,
          772928,
          771936,
          771936,
          771168,
          778304,
          776160,
          771744,
          770592,
          770432,
          769664,
          779392,
          773696,
          780576,
          772000,
          769472,
          770336
        ],
        "chunk_tokens": 128,
        "block_threads": 128,
        "staged_input_bytes": 171523730,
        "applicable": true
      },
      {
        "kernel": "onpair_dw_k4_t128_b8",
        "role": "experimental",
        "stage_bytes": null,
        "chunk_size": 128,
        "decode_ms": 0.76848,
        "decode_gib_s": 1211.9020411095908,
        "decode_ns_iters": [
          768928,
          770144,
          769696,
          770976,
          770656,
          771264,
          769920,
          770016,
          769216,
          769760,
          769056,
          770016,
          777504,
          769728,
          770272,
          769600,
          770432,
          770624,
          770816,
          770176,
          777504,
          770208,
          768640,
          770656,
          769024,
          770208,
          768480,
          770880,
          771360,
          769312
        ],
        "chunk_tokens": 128,
        "block_threads": 128,
        "staged_input_bytes": 171523730,
        "applicable": true
      },
      {
        "kernel": "onpair_dw_k4_t256_b1",
        "role": "experimental",
        "stage_bytes": null,
        "chunk_size": 128,
        "decode_ms": 0.770912,
        "decode_gib_s": 1208.0788475881793,
        "decode_ns_iters": [
          774880,
          772800,
          774528,
          770976,
          773856,
          772896,
          783104,
          774368,
          772736,
          774624,
          773408,
          772576,
          770912,
          771616,
          771168,
          774656,
          773216,
          773344,
          773120,
          772736,
          772896,
          774848,
          773280,
          772480,
          773216,
          773760,
          771712,
          771936,
          772256,
          777344
        ],
        "chunk_tokens": 128,
        "block_threads": 256,
        "staged_input_bytes": 171523730,
        "applicable": true
      },
      {
        "kernel": "onpair_dw_k4_t256_b2",
        "role": "experimental",
        "stage_bytes": null,
        "chunk_size": 128,
        "decode_ms": 0.765952,
        "decode_gib_s": 1215.9018849117158,
        "decode_ns_iters": [
          780576,
          771776,
          773504,
          772704,
          772544,
          770752,
          769408,
          769024,
          768672,
          768448,
          768608,
          770432,
          769568,
          767744,
          765952,
          777536,
          770912,
          769920,
          770560,
          769856,
          769888,
          771904,
          769248,
          770912,
          769792,
          771328,
          770528,
          772416,
          769504,
          769728
        ],
        "chunk_tokens": 128,
        "block_threads": 256,
        "staged_input_bytes": 171523730,
        "applicable": true
      },
      {
        "kernel": "onpair_dw_k4_t256_b4",
        "role": "experimental",
        "stage_bytes": null,
        "chunk_size": 128,
        "decode_ms": 0.769024,
        "decode_gib_s": 1211.0447535472215,
        "decode_ns_iters": [
          771296,
          771104,
          771840,
          771808,
          773152,
          770752,
          771520,
          769280,
          775968,
          776480,
          771776,
          772256,
          769152,
          769792,
          771232,
          770144,
          769984,
          769824,
          770272,
          769760,
          770560,
          771200,
          772128,
          769024,
          771872,
          772576,
          769792,
          773440,
          771872,
          771840
        ],
        "chunk_tokens": 128,
        "block_threads": 256,
        "staged_input_bytes": 171523730,
        "applicable": true
      },
      {
        "kernel": "onpair_dw_k4_t256_b6",
        "role": "experimental",
        "stage_bytes": null,
        "chunk_size": 128,
        "decode_ms": 0.758624,
        "decode_gib_s": 1227.6470037223955,
        "decode_ns_iters": [
          766368,
          766304,
          764000,
          764992,
          762880,
          761984,
          763232,
          761856,
          761888,
          761344,
          761184,
          762272,
          761760,
          763776,
          762112,
          761760,
          761632,
          759872,
          759552,
          760000,
          759264,
          759552,
          759232,
          759616,
          760064,
          758624,
          759680,
          760448,
          766688,
          759584
        ],
        "chunk_tokens": 128,
        "block_threads": 256,
        "staged_input_bytes": 171523730,
        "applicable": true
      },
      {
        "kernel": "onpair_dw_k4_t256_b8",
        "role": "experimental",
        "stage_bytes": null,
        "chunk_size": 128,
        "decode_ms": 0.787904,
        "decode_gib_s": 1182.0253235824396,
        "decode_ns_iters": [
          788896,
          789984,
          788896,
          789472,
          788896,
          789728,
          790144,
          788576,
          788608,
          788256,
          790432,
          791808,
          788576,
          787904,
          789856,
          798848,
          792512,
          792608,
          791200,
          791968,
          791104,
          792576,
          791456,
          790752,
          791200,
          791904,
          790688,
          791392,
          790176,
          792704
        ],
        "chunk_tokens": 128,
        "block_threads": 256,
        "staged_input_bytes": 171523730,
        "applicable": true
      },
      {
        "kernel": "onpair_dw_k5_t64_b1",
        "role": "experimental",
        "stage_bytes": null,
        "chunk_size": 160,
        "decode_ms": 0.76624,
        "decode_gib_s": 1215.4448743890928,
        "decode_ns_iters": [
          771936,
          768864,
          770272,
          768704,
          767072,
          767616,
          767392,
          767968,
          767488,
          766240,
          768768,
          767296,
          770144,
          768384,
          768320,
          767616,
          768000,
          783872,
          774080,
          768608,
          767808,
          768960,
          767168,
          767232,
          766880,
          766688,
          768032,
          768192,
          770624,
          770080
        ],
        "chunk_tokens": 160,
        "block_threads": 64,
        "staged_input_bytes": 170489770,
        "applicable": true
      },
      {
        "kernel": "onpair_dw_k5_t64_b2",
        "role": "experimental",
        "stage_bytes": null,
        "chunk_size": 160,
        "decode_ms": 0.769568,
        "decode_gib_s": 1210.1886780010325,
        "decode_ns_iters": [
          773696,
          771456,
          771264,
          780512,
          772352,
          772032,
          772064,
          772096,
          770752,
          772192,
          771648,
          777952,
          770336,
          770752,
          769568,
          769824,
          771072,
          772000,
          771232,
          770624,
          770176,
          771520,
          770752,
          770848,
          770848,
          771008,
          771840,
          772256,
          772704,
          771072
        ],
        "chunk_tokens": 160,
        "block_threads": 64,
        "staged_input_bytes": 170489770,
        "applicable": true
      },
      {
        "kernel": "onpair_dw_k5_t64_b4",
        "role": "experimental",
        "stage_bytes": null,
        "chunk_size": 160,
        "decode_ms": 0.76864,
        "decode_gib_s": 1211.649771742166,
        "decode_ns_iters": [
          772864,
          772192,
          771904,
          774112,
          771712,
          769760,
          771360,
          771680,
          770944,
          770784,
          771616,
          771456,
          772096,
          779008,
          771136,
          771392,
          772704,
          772096,
          771200,
          771776,
          770688,
          770656,
          769056,
          771712,
          769888,
          770944,
          768640,
          771072,
          775520,
          771168
        ],
        "chunk_tokens": 160,
        "block_threads": 64,
        "staged_input_bytes": 170489770,
        "applicable": true
      },
      {
        "kernel": "onpair_dw_k5_t64_b6",
        "role": "experimental",
        "stage_bytes": null,
        "chunk_size": 160,
        "decode_ms": 0.76912,
        "decode_gib_s": 1210.893593394917,
        "decode_ns_iters": [
          771520,
          772160,
          773664,
          773408,
          772288,
          772096,
          771840,
          771648,
          770848,
          770944,
          769952,
          771584,
          771104,
          771968,
          779104,
          772000,
          769120,
          773344,
          773664,
          772672,
          773344,
          772704,
          780608,
          774048,
          773952,
          774880,
          773184,
          774432,
          773312,
          773440
        ],
        "chunk_tokens": 160,
        "block_threads": 64,
        "staged_input_bytes": 170489770,
        "applicable": true
      },
      {
        "kernel": "onpair_dw_k5_t64_b8",
        "role": "experimental",
        "stage_bytes": null,
        "chunk_size": 160,
        "decode_ms": 0.770496,
        "decode_gib_s": 1208.7311037979412,
        "decode_ns_iters": [
          775040,
          773632,
          773376,
          774368,
          774240,
          773664,
          773728,
          775712,
          770496,
          770720,
          771392,
          771552,
          772064,
          770976,
          772928,
          773696,
          774528,
          773216,
          776704,
          775712,
          774944,
          775296,
          773760,
          773440,
          773984,
          774912,
          774560,
          775456,
          774976,
          777152
        ],
        "chunk_tokens": 160,
        "block_threads": 64,
        "staged_input_bytes": 170489770,
        "applicable": true
      },
      {
        "kernel": "onpair_dw_k5_t128_b1",
        "role": "experimental",
        "stage_bytes": null,
        "chunk_size": 160,
        "decode_ms": 0.769472,
        "decode_gib_s": 1210.3396621994023,
        "decode_ns_iters": [
          773600,
          776608,
          774784,
          774880,
          773440,
          775072,
          774912,
          772544,
          771968,
          777088,
          772160,
          770784,
          769472,
          772032,
          772512,
          771840,
          774144,
          771520,
          771968,
          770688,
          769632,
          770048,
          773408,
          772640,
          772896,
          772192,
          776608,
          774560,
          773504,
          771040
        ],
        "chunk_tokens": 160,
        "block_threads": 128,
        "staged_input_bytes": 170489770,
        "applicable": true
      },
      {
        "kernel": "onpair_dw_k5_t128_b2",
        "role": "experimental",
        "stage_bytes": null,
        "chunk_size": 160,
        "decode_ms": 0.76368,
        "decode_gib_s": 1219.5192758117255,
        "decode_ns_iters": [
          769472,
          769856,
          767552,
          766560,
          769472,
          771904,
          766912,
          766848,
          766880,
          766336,
          766560,
          765280,
          765056,
          764896,
          766016,
          764160,
          766048,
          765152,
          764384,
          763680,
          766112,
          765216,
          765248,
          765600,
          766144,
          766368,
          765824,
          768960,
          767008,
          765888
        ],
        "chunk_tokens": 160,
        "block_threads": 128,
        "staged_input_bytes": 170489770,
        "applicable": true
      },
      {
        "kernel": "onpair_dw_k5_t128_b4",
        "role": "experimental",
        "stage_bytes": null,
        "chunk_size": 160,
        "decode_ms": 0.763136,
        "decode_gib_s": 1220.3886077342681,
        "decode_ns_iters": [
          764384,
          765472,
          763936,
          765472,
          775872,
          766112,
          766720,
          765920,
          763328,
          764928,
          766208,
          773216,
          770272,
          765728,
          764768,
          765408,
          767488,
          766368,
          767008,
          765696,
          766112,
          765984,
          766080,
          766656,
          766912,
          767648,
          765824,
          763584,
          763136,
          763520
        ],
        "chunk_tokens": 160,
        "block_threads": 128,
        "staged_input_bytes": 170489770,
        "applicable": true
      },
      {
        "kernel": "onpair_dw_k5_t128_b6",
        "role": "experimental",
        "stage_bytes": null,
        "chunk_size": 160,
        "decode_ms": 0.762592,
        "decode_gib_s": 1221.259179944057,
        "decode_ns_iters": [
          764576,
          763328,
          764512,
          763264,
          764512,
          764192,
          764192,
          764288,
          763776,
          764224,
          765280,
          765248,
          763136,
          763968,
          764192,
          763040,
          763488,
          766912,
          763168,
          765952,
          766848,
          765472,
          766048,
          765664,
          766080,
          766464,
          762592,
          764768,
          764288,
          763712
        ],
        "chunk_tokens": 160,
        "block_threads": 128,
        "staged_input_bytes": 170489770,
        "applicable": true
      },
      {
        "kernel": "onpair_dw_k5_t128_b8",
        "role": "experimental",
        "stage_bytes": null,
        "chunk_size": 160,
        "decode_ms": 0.763264,
        "decode_gib_s": 1220.1839475619163,
        "decode_ns_iters": [
          765504,
          767616,
          766176,
          766784,
          765984,
          767008,
          767072,
          766688,
          773440,
          765344,
          767360,
          766784,
          766272,
          768672,
          770240,
          771840,
          764032,
          763456,
          764288,
          764032,
          763264,
          763296,
          770400,
          763488,
          763808,
          763360,
          764448,
          763584,
          764800,
          769888
        ],
        "chunk_tokens": 160,
        "block_threads": 128,
        "staged_input_bytes": 170489770,
        "applicable": true
      },
      {
        "kernel": "onpair_dw_k5_t256_b1",
        "role": "experimental",
        "stage_bytes": null,
        "chunk_size": 160,
        "decode_ms": 0.7632,
        "decode_gib_s": 1220.2862690669529,
        "decode_ns_iters": [
          766432,
          765920,
          765856,
          763200,
          764096,
          763584,
          764128,
          764864,
          765344,
          767264,
          766592,
          768064,
          768768,
          768416,
          769216,
          771456,
          770272,
          768608,
          766176,
          768672,
          767584,
          767392,
          767776,
          768224,
          767904,
          768288,
          767680,
          769824,
          771328,
          767648
        ],
        "chunk_tokens": 160,
        "block_threads": 256,
        "staged_input_bytes": 170489770,
        "applicable": true
      },
      {
        "kernel": "onpair_dw_k5_t256_b2",
        "role": "experimental",
        "stage_bytes": null,
        "chunk_size": 160,
        "decode_ms": 0.764576,
        "decode_gib_s": 1218.0901317225475,
        "decode_ns_iters": [
          770080,
          771808,
          772288,
          768384,
          766208,
          767392,
          776480,
          768896,
          769024,
          768032,
          768544,
          766880,
          767392,
          767456,
          767936,
          768416,
          770176,
          769312,
          769600,
          766464,
          766528,
          764736,
          766240,
          765408,
          764576,
          765952,
          765632,
          766080,
          764608,
          766336
        ],
        "chunk_tokens": 160,
        "block_threads": 256,
        "staged_input_bytes": 170489770,
        "applicable": true
      },
      {
        "kernel": "onpair_dw_k5_t256_b4",
        "role": "experimental",
        "stage_bytes": null,
        "chunk_size": 160,
        "decode_ms": 0.765504,
        "decode_gib_s": 1216.6134736747274,
        "decode_ns_iters": [
          767488,
          769664,
          769184,
          769664,
          766720,
          773664,
          767776,
          767072,
          773152,
          771296,
          772832,
          770752,
          770336,
          770848,
          768832,
          768608,
          768704,
          769824,
          769472,
          769184,
          768480,
          766688,
          765504,
          765568,
          767968,
          765760,
          768704,
          773184,
          768704,
          768608
        ],
        "chunk_tokens": 160,
        "block_threads": 256,
        "staged_input_bytes": 170489770,
        "applicable": true
      },
      {
        "kernel": "onpair_dw_k5_t256_b6",
        "role": "experimental",
        "stage_bytes": null,
        "chunk_size": 160,
        "decode_ms": 0.76688,
        "decode_gib_s": 1214.4305244000345,
        "decode_ns_iters": [
          770368,
          769216,
          768736,
          769280,
          768480,
          769600,
          768736,
          768352,
          769504,
          769376,
          769696,
          770208,
          769344,
          768736,
          770240,
          768288,
          766880,
          768896,
          771936,
          772160,
          772512,
          771520,
          771200,
          768928,
          770656,
          770400,
          776448,
          778688,
          773472,
          773952
        ],
        "chunk_tokens": 160,
        "block_threads": 256,
        "staged_input_bytes": 170489770,
        "applicable": true
      },
      {
        "kernel": "onpair_dw_k5_t256_b8",
        "role": "experimental",
        "stage_bytes": null,
        "chunk_size": 160,
        "decode_ms": 0.86768,
        "decode_gib_s": 1073.347870818618,
        "decode_ns_iters": [
          871648,
          872224,
          871424,
          871232,
          872384,
          868224,
          871328,
          870272,
          869728,
          870784,
          871680,
          870656,
          869152,
          867680,
          869440,
          871488,
          871296,
          873856,
          875328,
          876064,
          873792,
          881312,
          882208,
          878816,
          875168,
          870752,
          869568,
          874432,
          874528,
          875648
        ],
        "chunk_tokens": 160,
        "block_threads": 256,
        "staged_input_bytes": 170489770,
        "applicable": true
      },
      {
        "kernel": "onpair_dw_k6_t64_b1",
        "role": "experimental",
        "stage_bytes": null,
        "chunk_size": 192,
        "decode_ms": 0.775616,
        "decode_gib_s": 1200.7520223305069,
        "decode_ns_iters": [
          784128,
          785216,
          782432,
          780768,
          785216,
          783360,
          782432,
          778528,
          780928,
          789120,
          782784,
          783200,
          782912,
          779808,
          780512,
          779168,
          785312,
          778592,
          779136,
          777216,
          779104,
          777248,
          778912,
          777728,
          775616,
          778560,
          780128,
          778880,
          778752,
          780288
        ],
        "chunk_tokens": 192,
        "block_threads": 64,
        "staged_input_bytes": 169800474,
        "applicable": true
      },
      {
        "kernel": "onpair_dw_k6_t64_b2",
        "role": "experimental",
        "stage_bytes": null,
        "chunk_size": 192,
        "decode_ms": 0.77296,
        "decode_gib_s": 1204.877976288422,
        "decode_ns_iters": [
          782176,
          783264,
          783072,
          782496,
          787488,
          779648,
          782432,
          779968,
          780672,
          779040,
          779808,
          779296,
          776608,
          777312,
          776256,
          775200,
          776416,
          777952,
          777088,
          777728,
          776864,
          778592,
          776960,
          775200,
          775808,
          775712,
          778784,
          777472,
          772960,
          778432
        ],
        "chunk_tokens": 192,
        "block_threads": 64,
        "staged_input_bytes": 169800474,
        "applicable": true
      },
      {
        "kernel": "onpair_dw_k6_t64_b4",
        "role": "experimental",
        "stage_bytes": null,
        "chunk_size": 192,
        "decode_ms": 0.774976,
        "decode_gib_s": 1201.7436418055506,
        "decode_ns_iters": [
          774976,
          776576,
          776928,
          778016,
          782528,
          777280,
          778528,
          777280,
          775072,
          779072,
          780128,
          776672,
          776672,
          776192,
          776928,
          778176,
          777376,
          780128,
          779648,
          781440,
          781216,
          785536,
          781952,
          781088,
          781440,
          781408,
          784064,
          783328,
          784736,
          778784
        ],
        "chunk_tokens": 192,
        "block_threads": 64,
        "staged_input_bytes": 169800474,
        "applicable": true
      },
      {
        "kernel": "onpair_dw_k6_t64_b6",
        "role": "experimental",
        "stage_bytes": null,
        "chunk_size": 192,
        "decode_ms": 0.778464,
        "decode_gib_s": 1196.359087320542,
        "decode_ns_iters": [
          782592,
          781920,
          778816,
          791328,
          780832,
          782112,
          780096,
          778464,
          790272,
          783648,
          784064,
          782112,
          781280,
          779168,
          785088,
          791136,
          781536,
          782304,
          784800,
          781824,
          780160,
          785856,
          783040,
          784704,
          797824,
          788224,
          788096,
          782720,
          784992,
          786688
        ],
        "chunk_tokens": 192,
        "block_threads": 64,
        "staged_input_bytes": 169800474,
        "applicable": true
      },
      {
        "kernel": "onpair_dw_k6_t64_b8",
        "role": "experimental",
        "stage_bytes": null,
        "chunk_size": 192,
        "decode_ms": 0.779328,
        "decode_gib_s": 1195.0327468689673,
        "decode_ns_iters": [
          788576,
          786432,
          786528,
          782784,
          785152,
          783872,
          783264,
          784064,
          785824,
          784640,
          779936,
          782176,
          781600,
          780672,
          785280,
          779328,
          784928,
          780544,
          785536,
          782816,
          784032,
          784640,
          786496,
          784128,
          785344,
          786912,
          786432,
          787744,
          785376,
          782816
        ],
        "chunk_tokens": 192,
        "block_threads": 64,
        "staged_input_bytes": 169800474,
        "applicable": true
      },
      {
        "kernel": "onpair_dw_k6_t128_b1",
        "role": "experimental",
        "stage_bytes": null,
        "chunk_size": 192,
        "decode_ms": 0.781984,
        "decode_gib_s": 1190.973831372379,
        "decode_ns_iters": [
          787008,
          789248,
          795936,
          790208,
          784928,
          795840,
          789952,
          785856,
          786784,
          787616,
          787264,
          789344,
          789280,
          784672,
          795328,
          789888,
          790304,
          781984,
          786560,
          790272,
          787072,
          789120,
          790368,
          792192,
          788000,
          784896,
          785728,
          786112,
          790720,
          785248
        ],
        "chunk_tokens": 192,
        "block_threads": 128,
        "staged_input_bytes": 169800474,
        "applicable": true
      },
      {
        "kernel": "onpair_dw_k6_t128_b2",
        "role": "experimental",
        "stage_bytes": null,
        "chunk_size": 192,
        "decode_ms": 0.781696,
        "decode_gib_s": 1191.412621469086,
        "decode_ns_iters": [
          789440,
          787040,
          784704,
          788864,
          784128,
          787744,
          786464,
          787968,
          788576,
          781696,
          791488,
          787456,
          783552,
          783552,
          786912,
          785728,
          786272,
          783360,
          788992,
          788160,
          787296,
          786272,
          789376,
          787776,
          787488,
          788064,
          789088,
          786848,
          785440,
          786112
        ],
        "chunk_tokens": 192,
        "block_threads": 128,
        "staged_input_bytes": 169800474,
        "applicable": true
      },
      {
        "kernel": "onpair_dw_k6_t128_b4",
        "role": "experimental",
        "stage_bytes": null,
        "chunk_size": 192,
        "decode_ms": 0.781472,
        "decode_gib_s": 1191.7541262539137,
        "decode_ns_iters": [
          782752,
          786592,
          783360,
          785920,
          790496,
          786080,
          784704,
          788928,
          788416,
          785984,
          790688,
          789728,
          786688,
          782912,
          784032,
          783200,
          784960,
          782016,
          786080,
          784864,
          794144,
          787712,
          785600,
          794048,
          786976,
          787648,
          787200,
          781472,
          786272,
          785888
        ],
        "chunk_tokens": 192,
        "block_threads": 128,
        "staged_input_bytes": 169800474,
        "applicable": true
      },
      {
        "kernel": "onpair_dw_k6_t128_b6",
        "role": "experimental",
        "stage_bytes": null,
        "chunk_size": 192,
        "decode_ms": 0.78048,
        "decode_gib_s": 1193.268860895729,
        "decode_ns_iters": [
          784832,
          787136,
          787936,
          786528,
          784160,
          788160,
          782528,
          787296,
          784224,
          791616,
          791904,
          781216,
          782240,
          780480,
          780896,
          782016,
          783296,
          789632,
          785824,
          783424,
          784704,
          786592,
          784832,
          784448,
          786400,
          784128,
          786144,
          786176,
          783168,
          783616
        ],
        "chunk_tokens": 192,
        "block_threads": 128,
        "staged_input_bytes": 169800474,
        "applicable": true
      },
      {
        "kernel": "onpair_dw_k6_t128_b8",
        "role": "experimental",
        "stage_bytes": null,
        "chunk_size": 192,
        "decode_ms": 0.783616,
        "decode_gib_s": 1188.4934464736534,
        "decode_ns_iters": [
          783616,
          786080,
          784480,
          787776,
          785888,
          786848,
          787040,
          786560,
          787680,
          786848,
          788864,
          788800,
          787776,
          790656,
          787040,
          785120,
          785728,
          785824,
          787328,
          792512,
          786880,
          786528,
          787136,
          789920,
          788544,
          783840,
          788416,
          786656,
          787168,
          786432
        ],
        "chunk_tokens": 192,
        "block_threads": 128,
        "staged_input_bytes": 169800474,
        "applicable": true
      },
      {
        "kernel": "onpair_dw_k6_t256_b1",
        "role": "experimental",
        "stage_bytes": null,
        "chunk_size": 192,
        "decode_ms": 0.786304,
        "decode_gib_s": 1184.4305517355863,
        "decode_ns_iters": [
          787296,
          793120,
          790912,
          795488,
          796128,
          796640,
          790688,
          789824,
          793408,
          795968,
          795488,
          787840,
          801408,
          791328,
          794112,
          795296,
          789216,
          793568,
          792192,
          792384,
          790784,
          800256,
          792960,
          792000,
          790464,
          786304,
          792608,
          791200,
          791360,
          793792
        ],
        "chunk_tokens": 192,
        "block_threads": 256,
        "staged_input_bytes": 169800474,
        "applicable": true
      },
      {
        "kernel": "onpair_dw_k6_t256_b2",
        "role": "experimental",
        "stage_bytes": null,
        "chunk_size": 192,
        "decode_ms": 0.78768,
        "decode_gib_s": 1182.3614672860788,
        "decode_ns_iters": [
          790240,
          794272,
          792832,
          793152,
          793408,
          790560,
          791072,
          791296,
          794656,
          791488,
          794336,
          793472,
          791264,
          794624,
          788960,
          793472,
          790432,
          795744,
          792864,
          794560,
          792160,
          792384,
          794112,
          793376,
          790688,
          789472,
          795168,
          792448,
          797088,
          787680
        ],
        "chunk_tokens": 192,
        "block_threads": 256,
        "staged_input_bytes": 169800474,
        "applicable": true
      },
      {
        "kernel": "onpair_dw_k6_t256_b4",
        "role": "experimental",
        "stage_bytes": null,
        "chunk_size": 192,
        "decode_ms": 0.782144,
        "decode_gib_s": 1190.7301987254248,
        "decode_ns_iters": [
          782144,
          789760,
          786080,
          793376,
          793184,
          788480,
          789248,
          791616,
          785952,
          795040,
          791168,
          782368,
          785888,
          791712,
          790624,
          793824,
          788096,
          792832,
          790208,
          792000,
          790560,
          790688,
          789632,
          790848,
          791040,
          792288,
          792768,
          793504,
          789312,
          788704
        ],
        "chunk_tokens": 192,
        "block_threads": 256,
        "staged_input_bytes": 169800474,
        "applicable": true
      },
      {
        "kernel": "onpair_dw_k6_t256_b6",
        "role": "experimental",
        "stage_bytes": null,
        "chunk_size": 192,
        "decode_ms": 0.792416,
        "decode_gib_s": 1175.2948963068623,
        "decode_ns_iters": [
          792512,
          793408,
          792736,
          792416,
          792672,
          801504,
          794752,
          795872,
          796000,
          795840,
          793056,
          796160,
          796800,
          796320,
          795136,
          792832,
          794784,
          792992,
          793760,
          793184,
          794720,
          795424,
          795744,
          794304,
          795744,
          794304,
          794336,
          795424,
          793792,
          794688
        ],
        "chunk_tokens": 192,
        "block_threads": 256,
        "staged_input_bytes": 169800474,
        "applicable": true
      },
      {
        "kernel": "onpair_dw_k6_t256_b8",
        "role": "experimental",
        "stage_bytes": null,
        "chunk_size": 192,
        "decode_ms": 0.972576,
        "decode_gib_s": 957.5832434194331,
        "decode_ns_iters": [
          984992,
          981632,
          989216,
          980608,
          981632,
          980384,
          979776,
          980704,
          979584,
          979776,
          979808,
          979040,
          979872,
          978688,
          978208,
          985760,
          979552,
          978816,
          979264,
          978624,
          980096,
          978656,
          978624,
          979072,
          979040,
          978752,
          988576,
          978400,
          983776,
          972576
        ],
        "chunk_tokens": 192,
        "block_threads": 256,
        "staged_input_bytes": 169800474,
        "applicable": true
      },
      {
        "kernel": "onpair_dw_k7_t64_b1",
        "role": "experimental",
        "stage_bytes": null,
        "chunk_size": 224,
        "decode_ms": 0.750208,
        "decode_gib_s": 1241.419020527505,
        "decode_ns_iters": [
          752672,
          753632,
          753792,
          755808,
          755136,
          753312,
          752928,
          752128,
          751712,
          752064,
          750560,
          751168,
          751648,
          751552,
          750528,
          751232,
          750208,
          753792,
          754464,
          752992,
          755200,
          761120,
          756736,
          756992,
          756448,
          754560,
          753792,
          756800,
          756064,
          755808
        ],
        "chunk_tokens": 224,
        "block_threads": 64,
        "staged_input_bytes": 169308114,
        "applicable": true
      },
      {
        "kernel": "onpair_dw_k7_t64_b2",
        "role": "experimental",
        "stage_bytes": null,
        "chunk_size": 224,
        "decode_ms": 0.750368,
        "decode_gib_s": 1241.154314352289,
        "decode_ns_iters": [
          754144,
          753472,
          753728,
          753792,
          753376,
          761984,
          753856,
          754528,
          752000,
          754336,
          750368,
          754336,
          753888,
          755392,
          756256,
          757312,
          755040,
          756928,
          762016,
          756000,
          755872,
          755968,
          756384,
          756096,
          757184,
          756704,
          756224,
          753984,
          753440,
          754592
        ],
        "chunk_tokens": 224,
        "block_threads": 64,
        "staged_input_bytes": 169308114,
        "applicable": true
      },
      {
        "kernel": "onpair_dw_k7_t64_b4",
        "role": "experimental",
        "stage_bytes": null,
        "chunk_size": 224,
        "decode_ms": 0.754176,
        "decode_gib_s": 1234.8874540583345,
        "decode_ns_iters": [
          756896,
          756288,
          756736,
          756640,
          754432,
          754464,
          756320,
          755904,
          760384,
          758048,
          758656,
          755392,
          754560,
          754400,
          758048,
          758752,
          759616,
          757952,
          757088,
          756160,
          755936,
          754176,
          762688,
          758784,
          758752,
          757696,
          759456,
          759488,
          755648,
          756160
        ],
        "chunk_tokens": 224,
        "block_threads": 64,
        "staged_input_bytes": 169308114,
        "applicable": true
      },
      {
        "kernel": "onpair_dw_k7_t64_b6",
        "role": "experimental",
        "stage_bytes": null,
        "chunk_size": 224,
        "decode_ms": 0.753088,
        "decode_gib_s": 1236.6715185368755,
        "decode_ns_iters": [
          756288,
          758080,
          758592,
          758784,
          757632,
          754624,
          762944,
          756800,
          756352,
          756416,
          754880,
          755136,
          754432,
          756576,
          754656,
          759104,
          754240,
          755936,
          753088,
          754400,
          753568,
          753728,
          754752,
          754720,
          754240,
          755872,
          769088,
          762880,
          753792,
          757312
        ],
        "chunk_tokens": 224,
        "block_threads": 64,
        "staged_input_bytes": 169308114,
        "applicable": true
      },
      {
        "kernel": "onpair_dw_k7_t64_b8",
        "role": "experimental",
        "stage_bytes": null,
        "chunk_size": 224,
        "decode_ms": 0.749344,
        "decode_gib_s": 1242.8503872078759,
        "decode_ns_iters": [
          756384,
          756512,
          756352,
          762784,
          764896,
          756256,
          755904,
          756448,
          758624,
          758880,
          760928,
          755168,
          758624,
          755552,
          755424,
          755712,
          755104,
          756576,
          755552,
          756928,
          754976,
          753376,
          753248,
          761440,
          755872,
          754400,
          752800,
          752896,
          750912,
          749344
        ],
        "chunk_tokens": 224,
        "block_threads": 64,
        "staged_input_bytes": 169308114,
        "applicable": true
      },
      {
        "kernel": "onpair_dw_k7_t128_b1",
        "role": "experimental",
        "stage_bytes": null,
        "chunk_size": 224,
        "decode_ms": 0.751424,
        "decode_gib_s": 1239.4100807957936,
        "decode_ns_iters": [
          759264,
          754336,
          753248,
          755040,
          754368,
          753536,
          752384,
          754272,
          754848,
          755552,
          753600,
          753952,
          753920,
          758496,
          760768,
          753376,
          752896,
          752800,
          751680,
          752800,
          751488,
          753184,
          752160,
          751424,
          752480,
          752160,
          757568,
          752736,
          754656,
          755840
        ],
        "chunk_tokens": 224,
        "block_threads": 128,
        "staged_input_bytes": 169308114,
        "applicable": true
      },
      {
        "kernel": "onpair_dw_k7_t128_b2",
        "role": "experimental",
        "stage_bytes": null,
        "chunk_size": 224,
        "decode_ms": 0.750976,
        "decode_gib_s": 1240.1494595724744,
        "decode_ns_iters": [
          755968,
          757728,
          758752,
          756096,
          765280,
          764608,
          757664,
          758944,
          755168,
          756512,
          755168,
          760928,
          754272,
          751456,
          752224,
          752352,
          753440,
          751808,
          753088,
          752352,
          751904,
          753216,
          755040,
          755008,
          761248,
          753824,
          754016,
          754528,
          752064,
          750976
        ],
        "chunk_tokens": 224,
        "block_threads": 128,
        "staged_input_bytes": 169308114,
        "applicable": true
      },
      {
        "kernel": "onpair_dw_k7_t128_b4",
        "role": "experimental",
        "stage_bytes": null,
        "chunk_size": 224,
        "decode_ms": 0.748768,
        "decode_gib_s": 1243.8064668253696,
        "decode_ns_iters": [
          751520,
          753664,
          756160,
          752704,
          752928,
          749216,
          751520,
          751840,
          751072,
          750464,
          750272,
          753056,
          752320,
          751616,
          758528,
          758464,
          752800,
          752128,
          749152,
          749664,
          750080,
          750560,
          749856,
          752704,
          752352,
          751360,
          748768,
          751744,
          750656,
          749120
        ],
        "chunk_tokens": 224,
        "block_threads": 128,
        "staged_input_bytes": 169308114,
        "applicable": true
      },
      {
        "kernel": "onpair_dw_k7_t128_b6",
        "role": "experimental",
        "stage_bytes": null,
        "chunk_size": 224,
        "decode_ms": 0.751648,
        "decode_gib_s": 1239.0407219228928,
        "decode_ns_iters": [
          753408,
          752864,
          752576,
          752160,
          753024,
          756000,
          756224,
          754208,
          754560,
          756256,
          755456,
          755200,
          758272,
          756960,
          757664,
          755584,
          757408,
          754944,
          758784,
          755968,
          753376,
          752992,
          752128,
          753056,
          760384,
          760480,
          753344,
          751648,
          753824,
          754432
        ],
        "chunk_tokens": 224,
        "block_threads": 128,
        "staged_input_bytes": 169308114,
        "applicable": true
      },
      {
        "kernel": "onpair_dw_k7_t128_b8",
        "role": "experimental",
        "stage_bytes": null,
        "chunk_size": 224,
        "decode_ms": 0.752032,
        "decode_gib_s": 1238.4080471999841,
        "decode_ns_iters": [
          755936,
          753056,
          753728,
          753664,
          757088,
          756000,
          756000,
          754944,
          762720,
          752512,
          752128,
          753152,
          752832,
          752672,
          752544,
          753280,
          755296,
          753216,
          755552,
          755168,
          754400,
          757088,
          753024,
          752032,
          754208,
          755360,
          752128,
          752640,
          761344,
          752704
        ],
        "chunk_tokens": 224,
        "block_threads": 128,
        "staged_input_bytes": 169308114,
        "applicable": true
      },
      {
        "kernel": "onpair_dw_k7_t256_b1",
        "role": "experimental",
        "stage_bytes": null,
        "chunk_size": 224,
        "decode_ms": 0.75552,
        "decode_gib_s": 1232.6907038223985,
        "decode_ns_iters": [
          756736,
          756800,
          756096,
          755808,
          755520,
          755616,
          756608,
          758016,
          756384,
          757280,
          756672,
          759808,
          756736,
          757376,
          756544,
          755968,
          756512,
          755744,
          756864,
          756672,
          757696,
          757760,
          757536,
          757664,
          756288,
          756160,
          755808,
          755520,
          755680,
          758976
        ],
        "chunk_tokens": 224,
        "block_threads": 256,
        "staged_input_bytes": 169308114,
        "applicable": true
      },
      {
        "kernel": "onpair_dw_k7_t256_b2",
        "role": "experimental",
        "stage_bytes": null,
        "chunk_size": 224,
        "decode_ms": 0.750304,
        "decode_gib_s": 1241.2601832749106,
        "decode_ns_iters": [
          755808,
          756256,
          753952,
          756640,
          763104,
          753632,
          753120,
          753056,
          752672,
          753824,
          753088,
          753600,
          750368,
          750304,
          750592,
          752768,
          752640,
          758080,
          752896,
          753856,
          753632,
          754048,
          754080,
          753408,
          753536,
          758048,
          756320,
          756896,
          753408,
          751840
        ],
        "chunk_tokens": 224,
        "block_threads": 256,
        "staged_input_bytes": 169308114,
        "applicable": true
      },
      {
        "kernel": "onpair_dw_k7_t256_b4",
        "role": "experimental",
        "stage_bytes": null,
        "chunk_size": 224,
        "decode_ms": 0.749344,
        "decode_gib_s": 1242.8503872078759,
        "decode_ns_iters": [
          749344,
          751168,
          752224,
          752256,
          750752,
          751520,
          749984,
          752832,
          755008,
          755968,
          754880,
          752416,
          753312,
          754784,
          753280,
          753888,
          755232,
          755136,
          754944,
          753984,
          762208,
          756128,
          752800,
          751552,
          753056,
          749600,
          753056,
          752224,
          752768,
          754752
        ],
        "chunk_tokens": 224,
        "block_threads": 256,
        "staged_input_bytes": 169308114,
        "applicable": true
      },
      {
        "kernel": "onpair_dw_k7_t256_b6",
        "role": "experimental",
        "stage_bytes": null,
        "chunk_size": 224,
        "decode_ms": 0.865792,
        "decode_gib_s": 1075.6884800874789,
        "decode_ns_iters": [
          872448,
          872320,
          871776,
          873408,
          873120,
          871776,
          871456,
          871840,
          871456,
          870976,
          870688,
          871328,
          870176,
          868288,
          869568,
          865952,
          866368,
          867104,
          866912,
          868864,
          866304,
          865824,
          866112,
          865792,
          870656,
          873472,
          870656,
          871840,
          870848,
          872800
        ],
        "chunk_tokens": 224,
        "block_threads": 256,
        "staged_input_bytes": 169308114,
        "applicable": true
      },
      {
        "kernel": "onpair_dw_k7_t256_b8",
        "role": "experimental",
        "stage_bytes": null,
        "chunk_size": 224,
        "decode_ms": 1.043808,
        "decode_gib_s": 892.2354307994367,
        "decode_ns_iters": [
          1050656,
          1054432,
          1048768,
          1055776,
          1048448,
          1048704,
          1048256,
          1050240,
          1045120,
          1043808,
          1052192,
          1044544,
          1046496,
          1047200,
          1048352,
          1047264,
          1047456,
          1055040,
          1047872,
          1051040,
          1049856,
          1047968,
          1045344,
          1046464,
          1057568,
          1049088,
          1047424,
          1047968,
          1046976,
          1047232
        ],
        "chunk_tokens": 224,
        "block_threads": 256,
        "staged_input_bytes": 169308114,
        "applicable": true
      },
      {
        "kernel": "onpair_dw_k8_t64_b1",
        "role": "experimental",
        "stage_bytes": null,
        "chunk_size": 256,
        "decode_ms": 0.769632,
        "decode_gib_s": 1210.0880427943464,
        "decode_ns_iters": [
          772800,
          774944,
          773728,
          772608,
          771648,
          769952,
          770144,
          773792,
          777216,
          769632,
          770208,
          770272,
          770944,
          770560,
          771744,
          772608,
          771872,
          773024,
          773408,
          772992,
          772224,
          776192,
          774944,
          776032,
          774784,
          775296,
          774080,
          773632,
          774720,
          773152
        ],
        "chunk_tokens": 256,
        "block_threads": 64,
        "staged_input_bytes": 168938842,
        "applicable": true
      },
      {
        "kernel": "onpair_dw_k8_t64_b2",
        "role": "experimental",
        "stage_bytes": null,
        "chunk_size": 256,
        "decode_ms": 0.768896,
        "decode_gib_s": 1211.2463591329627,
        "decode_ns_iters": [
          773856,
          774240,
          773248,
          775072,
          773888,
          773504,
          774080,
          773568,
          774336,
          773888,
          772864,
          772128,
          772832,
          772160,
          772064,
          771936,
          771520,
          769472,
          777888,
          768896,
          769888,
          769408,
          769312,
          770592,
          771808,
          773024,
          772800,
          771456,
          772256,
          772800
        ],
        "chunk_tokens": 256,
        "block_threads": 64,
        "staged_input_bytes": 168938842,
        "applicable": true
      },
      {
        "kernel": "onpair_dw_k8_t64_b4",
        "role": "experimental",
        "stage_bytes": null,
        "chunk_size": 256,
        "decode_ms": 0.76704,
        "decode_gib_s": 1214.1772013870182,
        "decode_ns_iters": [
          773216,
          774016,
          770816,
          771040,
          770688,
          770880,
          771264,
          770368,
          767616,
          768096,
          767584,
          768192,
          768384,
          767040,
          769408,
          769184,
          767520,
          767712,
          770016,
          770336,
          769344,
          770720,
          769184,
          770112,
          770816,
          771520,
          776160,
          767360,
          767744,
          767168
        ],
        "chunk_tokens": 256,
        "block_threads": 64,
        "staged_input_bytes": 168938842,
        "applicable": true
      },
      {
        "kernel": "onpair_dw_k8_t64_b6",
        "role": "experimental",
        "stage_bytes": null,
        "chunk_size": 256,
        "decode_ms": 0.76784,
        "decode_gib_s": 1212.9121699206846,
        "decode_ns_iters": [
          767840,
          768320,
          767872,
          769664,
          770048,
          769888,
          770272,
          770272,
          769152,
          772896,
          773888,
          779360,
          774496,
          771648,
          771584,
          773312,
          773024,
          771872,
          774272,
          772992,
          772640,
          773088,
          770112,
          770016,
          770496,
          769728,
          776160,
          770272,
          769504,
          770080
        ],
        "chunk_tokens": 256,
        "block_threads": 64,
        "staged_input_bytes": 168938842,
        "applicable": true
      },
      {
        "kernel": "onpair_dw_k8_t64_b8",
        "role": "experimental",
        "stage_bytes": null,
        "chunk_size": 256,
        "decode_ms": 0.76928,
        "decode_gib_s": 1210.6417436458746,
        "decode_ns_iters": [
          774880,
          774784,
          773728,
          774144,
          774688,
          780448,
          773408,
          772896,
          774208,
          774368,
          775136,
          773888,
          772480,
          774016,
          772416,
          772896,
          772768,
          774272,
          774560,
          774496,
          773792,
          772992,
          772992,
          772448,
          772320,
          770912,
          769568,
          769760,
          776032,
          769280
        ],
        "chunk_tokens": 256,
        "block_threads": 64,
        "staged_input_bytes": 168938842,
        "applicable": true
      },
      {
        "kernel": "onpair_dw_k8_t128_b1",
        "role": "experimental",
        "stage_bytes": null,
        "chunk_size": 256,
        "decode_ms": 0.766976,
        "decode_gib_s": 1214.2785179091634,
        "decode_ns_iters": [
          767840,
          770304,
          771392,
          771584,
          768576,
          770560,
          769344,
          769312,
          769696,
          769920,
          770560,
          771040,
          771648,
          766976,
          777088,
          767488,
          768096,
          768544,
          769472,
          771744,
          772704,
          771872,
          771648,
          773376,
          771744,
          771424,
          771488,
          771456,
          771296,
          771456
        ],
        "chunk_tokens": 256,
        "block_threads": 128,
        "staged_input_bytes": 168938842,
        "applicable": true
      },
      {
        "kernel": "onpair_dw_k8_t128_b2",
        "role": "experimental",
        "stage_bytes": null,
        "chunk_size": 256,
        "decode_ms": 0.767008,
        "decode_gib_s": 1214.2278575346,
        "decode_ns_iters": [
          772032,
          771776,
          771904,
          771936,
          771840,
          772736,
          771136,
          772288,
          771584,
          768224,
          768672,
          768096,
          767008,
          767008,
          768576,
          769184,
          771936,
          772512,
          770272,
          772416,
          771968,
          771040,
          771776,
          771232,
          771424,
          771168,
          771136,
          771040,
          771168,
          768672
        ],
        "chunk_tokens": 256,
        "block_threads": 128,
        "staged_input_bytes": 168938842,
        "applicable": true
      },
      {
        "kernel": "onpair_dw_k8_t128_b4",
        "role": "experimental",
        "stage_bytes": null,
        "chunk_size": 256,
        "decode_ms": 0.765344,
        "decode_gib_s": 1216.8678144101193,
        "decode_ns_iters": [
          770176,
          769472,
          768864,
          768352,
          769152,
          769600,
          769888,
          769600,
          770400,
          767936,
          768384,
          769632,
          767840,
          767520,
          767136,
          768640,
          775904,
          767712,
          765536,
          765344,
          767840,
          768192,
          767808,
          779520,
          770336,
          770464,
          770976,
          771040,
          770272,
          769632
        ],
        "chunk_tokens": 256,
        "block_threads": 128,
        "staged_input_bytes": 168938842,
        "applicable": true
      },
      {
        "kernel": "onpair_dw_k8_t128_b6",
        "role": "experimental",
        "stage_bytes": null,
        "chunk_size": 256,
        "decode_ms": 0.76592,
        "decode_gib_s": 1215.9526850740267,
        "decode_ns_iters": [
          767392,
          768960,
          767264,
          768320,
          768192,
          767776,
          767616,
          769120,
          768192,
          769376,
          767488,
          768416,
          768352,
          769120,
          768832,
          767008,
          772576,
          768000,
          767136,
          768416,
          776512,
          771008,
          769280,
          767744,
          765984,
          765920,
          771264,
          770848,
          770624,
          770944
        ],
        "chunk_tokens": 256,
        "block_threads": 128,
        "staged_input_bytes": 168938842,
        "applicable": true
      },
      {
        "kernel": "onpair_dw_k8_t128_b8",
        "role": "experimental",
        "stage_bytes": null,
        "chunk_size": 256,
        "decode_ms": 0.766336,
        "decode_gib_s": 1215.2926138820287,
        "decode_ns_iters": [
          770368,
          771488,
          779680,
          771232,
          771904,
          770144,
          770144,
          770528,
          768160,
          769984,
          767584,
          766336,
          768032,
          767328,
          768192,
          767264,
          767840,
          773504,
          767520,
          768928,
          767360,
          768704,
          768544,
          771520,
          776928,
          770304,
          770912,
          769472,
          770176,
          768192
        ],
        "chunk_tokens": 256,
        "block_threads": 128,
        "staged_input_bytes": 168938842,
        "applicable": true
      },
      {
        "kernel": "onpair_dw_k8_t256_b1",
        "role": "experimental",
        "stage_bytes": null,
        "chunk_size": 256,
        "decode_ms": 0.77056,
        "decode_gib_s": 1208.6307108491208,
        "decode_ns_iters": [
          773856,
          771808,
          772000,
          771936,
          773088,
          774144,
          773216,
          773568,
          772448,
          772800,
          774112,
          771136,
          770848,
          771904,
          772896,
          772192,
          773184,
          770560,
          772736,
          772736,
          771680,
          772736,
          771968,
          771584,
          772672,
          772320,
          773760,
          773504,
          773056,
          773856
        ],
        "chunk_tokens": 256,
        "block_threads": 256,
        "staged_input_bytes": 168938842,
        "applicable": true
      },
      {
        "kernel": "onpair_dw_k8_t256_b2",
        "role": "experimental",
        "stage_bytes": null,
        "chunk_size": 256,
        "decode_ms": 0.768768,
        "decode_gib_s": 1211.448031853431,
        "decode_ns_iters": [
          771392,
          771968,
          771040,
          772032,
          772768,
          773312,
          781344,
          769600,
          769440,
          769472,
          770752,
          770208,
          768832,
          768864,
          769600,
          769344,
          769568,
          770400,
          770624,
          768768,
          769216,
          774144,
          774176,
          773152,
          773984,
          771648,
          772288,
          772032,
          771776,
          773952
        ],
        "chunk_tokens": 256,
        "block_threads": 256,
        "staged_input_bytes": 168938842,
        "applicable": true
      },
      {
        "kernel": "onpair_dw_k8_t256_b4",
        "role": "experimental",
        "stage_bytes": null,
        "chunk_size": 256,
        "decode_ms": 0.765184,
        "decode_gib_s": 1217.122261510824,
        "decode_ns_iters": [
          771808,
          771104,
          771744,
          769600,
          770912,
          771424,
          772736,
          772928,
          771808,
          768032,
          766656,
          766080,
          765536,
          765184,
          767712,
          768768,
          768160,
          768064,
          769920,
          770592,
          770816,
          768640,
          777504,
          770752,
          771200,
          770688,
          770912,
          770752,
          771968,
          770880
        ],
        "chunk_tokens": 256,
        "block_threads": 256,
        "staged_input_bytes": 168938842,
        "applicable": true
      },
      {
        "kernel": "onpair_dw_k8_t256_b6",
        "role": "experimental",
        "stage_bytes": null,
        "chunk_size": 256,
        "decode_ms": 0.960832,
        "decode_gib_s": 969.2875347114776,
        "decode_ns_iters": [
          966496,
          965280,
          964864,
          962304,
          962144,
          961600,
          962176,
          964480,
          962848,
          961472,
          966784,
          961696,
          961344,
          961376,
          964032,
          963488,
          962848,
          964576,
          965312,
          963616,
          963424,
          963072,
          961984,
          962144,
          962176,
          961856,
          961216,
          967264,
          961472,
          960832
        ],
        "chunk_tokens": 256,
        "block_threads": 256,
        "staged_input_bytes": 168938842,
        "applicable": true
      },
      {
        "kernel": "onpair_dw_k8_t256_b8",
        "role": "experimental",
        "stage_bytes": null,
        "chunk_size": 256,
        "decode_ms": 1.089504,
        "decode_gib_s": 854.8132733352961,
        "decode_ns_iters": [
          1090368,
          1092032,
          1091552,
          1090208,
          1092096,
          1090880,
          1091680,
          1089888,
          1089504,
          1091904,
          1092384,
          1094432,
          1093216,
          1093920,
          1092544,
          1093312,
          1092864,
          1092672,
          1092768,
          1090240,
          1090112,
          1092192,
          1091584,
          1091520,
          1091520,
          1092352,
          1092864,
          1094016,
          1092512,
          1094240
        ],
        "chunk_tokens": 256,
        "block_threads": 256,
        "staged_input_bytes": 168938842,
        "applicable": true
      },
      {
        "kernel": "onpair_dh_k1_t256_b1_h0",
        "role": "experimental",
        "stage_bytes": null,
        "chunk_size": 32,
        "decode_ms": 1.605792,
        "decode_gib_s": 579.9770334837253,
        "decode_ns_iters": [
          1611040,
          1610912,
          1617120,
          1612000,
          1611136,
          1609664,
          1610912,
          1609856,
          1609408,
          1609472,
          1609792,
          1611392,
          1610048,
          1610176,
          1609120,
          1609760,
          1610496,
          1610560,
          1609440,
          1610752,
          1607520,
          1607424,
          1605792,
          1608352,
          1607072,
          1606848,
          1610080,
          1609696,
          1610656,
          1609984
        ],
        "chunk_tokens": 32,
        "block_threads": 256,
        "staged_input_bytes": 187033050,
        "applicable": true
      },
      {
        "kernel": "onpair_dh_k1_t256_b4_h0",
        "role": "experimental",
        "stage_bytes": null,
        "chunk_size": 32,
        "decode_ms": 1.37968,
        "decode_gib_s": 675.0278909253584,
        "decode_ns_iters": [
          1383680,
          1383296,
          1392320,
          1386848,
          1390176,
          1385248,
          1387264,
          1386464,
          1387040,
          1383136,
          1383648,
          1385280,
          1383712,
          1385120,
          1382688,
          1379936,
          1379680,
          1379904,
          1384736,
          1386240,
          1383616,
          1384224,
          1383456,
          1383712,
          1384992,
          1381248,
          1380736,
          1381056,
          1381856,
          1380224
        ],
        "chunk_tokens": 32,
        "block_threads": 256,
        "staged_input_bytes": 187033050,
        "applicable": true
      },
      {
        "kernel": "onpair_dh_k1_t256_b8_h0",
        "role": "experimental",
        "stage_bytes": null,
        "chunk_size": 32,
        "decode_ms": 0.991712,
        "decode_gib_s": 939.1057893338977,
        "decode_ns_iters": [
          995488,
          1006112,
          992992,
          993088,
          993728,
          991712,
          996320,
          996064,
          995520,
          995840,
          994400,
          1000288,
          1006080,
          998080,
          1000000,
          997728,
          999168,
          998144,
          998176,
          997984,
          999904,
          998240,
          1004160,
          996416,
          995488,
          995552,
          994688,
          995424,
          993344,
          993440
        ],
        "chunk_tokens": 32,
        "block_threads": 256,
        "staged_input_bytes": 187033050,
        "applicable": true
      },
      {
        "kernel": "onpair_dh_k2_t64_b1_h2",
        "role": "experimental",
        "stage_bytes": null,
        "chunk_size": 64,
        "decode_ms": 1.02848,
        "decode_gib_s": 905.5329034613201,
        "decode_ns_iters": [
          1032128,
          1028480,
          1030336,
          1033216,
          1033792,
          1039520,
          1039072,
          1033248,
          1034112,
          1034368,
          1032992,
          1036128,
          1034304,
          1033152,
          1041120,
          1035776,
          1033152,
          1029472,
          1031552,
          1030240,
          1028704,
          1033696,
          1045664,
          1036064,
          1029792,
          1034496,
          1029600,
          1030464,
          1031712,
          1034848
        ],
        "chunk_tokens": 64,
        "block_threads": 64,
        "staged_input_bytes": 176693514,
        "applicable": true
      },
      {
        "kernel": "onpair_dh_k2_t64_b2_h2",
        "role": "experimental",
        "stage_bytes": null,
        "chunk_size": 64,
        "decode_ms": 1.023776,
        "decode_gib_s": 909.6936053901424,
        "decode_ns_iters": [
          1027936,
          1033312,
          1028480,
          1027104,
          1025216,
          1033408,
          1031136,
          1029568,
          1031616,
          1028672,
          1033536,
          1029344,
          1031104,
          1028000,
          1031328,
          1033728,
          1026752,
          1030304,
          1030080,
          1031808,
          1023776,
          1031104,
          1030432,
          1027616,
          1030336,
          1031936,
          1029856,
          1032032,
          1032448,
          1033184
        ],
        "chunk_tokens": 64,
        "block_threads": 64,
        "staged_input_bytes": 176693514,
        "applicable": true
      },
      {
        "kernel": "onpair_dh_k2_t64_b4_h2",
        "role": "experimental",
        "stage_bytes": null,
        "chunk_size": 64,
        "decode_ms": 1.027104,
        "decode_gib_s": 906.7460359923615,
        "decode_ns_iters": [
          1035424,
          1036352,
          1031456,
          1040736,
          1032960,
          1034976,
          1037728,
          1033760,
          1034720,
          1034496,
          1031616,
          1031584,
          1027712,
          1034592,
          1032416,
          1036864,
          1034944,
          1034720,
          1027104,
          1031392,
          1032416,
          1030912,
          1030944,
          1028608,
          1029280,
          1028480,
          1033728,
          1032352,
          1027136,
          1030240
        ],
        "chunk_tokens": 64,
        "block_threads": 64,
        "staged_input_bytes": 176693514,
        "applicable": true
      },
      {
        "kernel": "onpair_dh_k2_t64_b6_h2",
        "role": "experimental",
        "stage_bytes": null,
        "chunk_size": 64,
        "decode_ms": 1.026496,
        "decode_gib_s": 907.2831073398225,
        "decode_ns_iters": [
          1032512,
          1041152,
          1028864,
          1032416,
          1026752,
          1031552,
          1030208,
          1030784,
          1038560,
          1039008,
          1027232,
          1027840,
          1032640,
          1033920,
          1034720,
          1030496,
          1032544,
          1038400,
          1033792,
          1032704,
          1033760,
          1032768,
          1030240,
          1030528,
          1032256,
          1026496,
          1027936,
          1032416,
          1031840,
          1029888
        ],
        "chunk_tokens": 64,
        "block_threads": 64,
        "staged_input_bytes": 176693514,
        "applicable": true
      },
      {
        "kernel": "onpair_dh_k2_t64_b8_h2",
        "role": "experimental",
        "stage_bytes": null,
        "chunk_size": 64,
        "decode_ms": 1.027168,
        "decode_gib_s": 906.6895391522111,
        "decode_ns_iters": [
          1032800,
          1033792,
          1031424,
          1032224,
          1028672,
          1028576,
          1028352,
          1030656,
          1031488,
          1032832,
          1030208,
          1028992,
          1031200,
          1029120,
          1030432,
          1031296,
          1029024,
          1027168,
          1031648,
          1034080,
          1036256,
          1028640,
          1033984,
          1034368,
          1028224,
          1030688,
          1036064,
          1032256,
          1032832,
          1030784
        ],
        "chunk_tokens": 64,
        "block_threads": 64,
        "staged_input_bytes": 176693514,
        "applicable": true
      },
      {
        "kernel": "onpair_dh_k2_t128_b1_h2",
        "role": "experimental",
        "stage_bytes": null,
        "chunk_size": 64,
        "decode_ms": 1.030464,
        "decode_gib_s": 903.7894390797723,
        "decode_ns_iters": [
          1039552,
          1036864,
          1035104,
          1032704,
          1045664,
          1039072,
          1038912,
          1045824,
          1035808,
          1040672,
          1036544,
          1040064,
          1036224,
          1040512,
          1036512,
          1035904,
          1035968,
          1039840,
          1034080,
          1032320,
          1033760,
          1036672,
          1034944,
          1034464,
          1041376,
          1041088,
          1036224,
          1040320,
          1034560,
          1030464
        ],
        "chunk_tokens": 64,
        "block_threads": 128,
        "staged_input_bytes": 176693514,
        "applicable": true
      },
      {
        "kernel": "onpair_dh_k2_t128_b2_h2",
        "role": "experimental",
        "stage_bytes": null,
        "chunk_size": 64,
        "decode_ms": 1.027872,
        "decode_gib_s": 906.0685382536916,
        "decode_ns_iters": [
          1033376,
          1029536,
          1038400,
          1033888,
          1032288,
          1034080,
          1038944,
          1033120,
          1036672,
          1029600,
          1027872,
          1033376,
          1033728,
          1033408,
          1035712,
          1037952,
          1041184,
          1034816,
          1034720,
          1041504,
          1035808,
          1034432,
          1036064,
          1037984,
          1045248,
          1039232,
          1037568,
          1040992,
          1036032,
          1036928
        ],
        "chunk_tokens": 64,
        "block_threads": 128,
        "staged_input_bytes": 176693514,
        "applicable": true
      },
      {
        "kernel": "onpair_dh_k2_t128_b4_h2",
        "role": "experimental",
        "stage_bytes": null,
        "chunk_size": 64,
        "decode_ms": 1.027072,
        "decode_gib_s": 906.774287052805,
        "decode_ns_iters": [
          1027072,
          1033632,
          1039584,
          1039936,
          1037024,
          1039520,
          1034560,
          1041344,
          1041408,
          1028480,
          1046464,
          1030176,
          1034400,
          1041024,
          1037376,
          1038880,
          1041696,
          1032896,
          1033152,
          1041152,
          1034208,
          1038272,
          1047616,
          1033376,
          1033504,
          1036544,
          1037184,
          1033568,
          1038112,
          1040672
        ],
        "chunk_tokens": 64,
        "block_threads": 128,
        "staged_input_bytes": 176693514,
        "applicable": true
      },
      {
        "kernel": "onpair_dh_k2_t128_b6_h2",
        "role": "experimental",
        "stage_bytes": null,
        "chunk_size": 64,
        "decode_ms": 1.027744,
        "decode_gib_s": 906.1813842278802,
        "decode_ns_iters": [
          1041088,
          1038752,
          1036096,
          1046208,
          1035232,
          1036768,
          1038720,
          1041408,
          1039200,
          1036896,
          1030624,
          1037152,
          1036576,
          1038016,
          1035904,
          1032160,
          1039264,
          1035264,
          1036704,
          1034048,
          1040128,
          1033984,
          1038176,
          1032512,
          1036192,
          1040512,
          1031200,
          1037696,
          1031104,
          1027744
        ],
        "chunk_tokens": 64,
        "block_threads": 128,
        "staged_input_bytes": 176693514,
        "applicable": true
      },
      {
        "kernel": "onpair_dh_k2_t128_b8_h2",
        "role": "experimental",
        "stage_bytes": null,
        "chunk_size": 64,
        "decode_ms": 1.02048,
        "decode_gib_s": 912.6317816634314,
        "decode_ns_iters": [
          1031328,
          1032576,
          1032128,
          1027616,
          1030560,
          1026144,
          1026752,
          1031488,
          1028480,
          1034176,
          1028160,
          1031488,
          1026048,
          1025824,
          1026272,
          1031200,
          1027712,
          1034368,
          1026016,
          1027136,
          1031328,
          1028864,
          1026560,
          1026528,
          1029984,
          1029088,
          1020480,
          1031648,
          1031136,
          1026304
        ],
        "chunk_tokens": 64,
        "block_threads": 128,
        "staged_input_bytes": 176693514,
        "applicable": true
      },
      {
        "kernel": "onpair_dh_k2_t256_b1_h0",
        "role": "experimental",
        "stage_bytes": null,
        "chunk_size": 64,
        "decode_ms": 0.977536,
        "decode_gib_s": 952.724483345778,
        "decode_ns_iters": [
          987296,
          984896,
          985664,
          984352,
          984896,
          979296,
          981792,
          982496,
          983648,
          983616,
          983488,
          983840,
          981888,
          983712,
          987680,
          982208,
          981408,
          983648,
          983168,
          981984,
          981696,
          983808,
          977536,
          983328,
          983840,
          984960,
          981696,
          983360,
          983168,
          986208
        ],
        "chunk_tokens": 64,
        "block_threads": 256,
        "staged_input_bytes": 176693514,
        "applicable": true
      },
      {
        "kernel": "onpair_dh_k2_t256_b1_h2",
        "role": "experimental",
        "stage_bytes": null,
        "chunk_size": 64,
        "decode_ms": 1.101472,
        "decode_gib_s": 845.5253338731247,
        "decode_ns_iters": [
          1103232,
          1102048,
          1106496,
          1102496,
          1101952,
          1102400,
          1109792,
          1102976,
          1104384,
          1103232,
          1102624,
          1102272,
          1105888,
          1102496,
          1106336,
          1105120,
          1105760,
          1105920,
          1106272,
          1105952,
          1105696,
          1102880,
          1101472,
          1103008,
          1105600,
          1108128,
          1108640,
          1107392,
          1105088,
          1104992
        ],
        "chunk_tokens": 64,
        "block_threads": 256,
        "staged_input_bytes": 176693514,
        "applicable": true
      },
      {
        "kernel": "onpair_dh_k2_t256_b2_h2",
        "role": "experimental",
        "stage_bytes": null,
        "chunk_size": 64,
        "decode_ms": 1.100608,
        "decode_gib_s": 846.189088714509,
        "decode_ns_iters": [
          1103264,
          1103808,
          1103680,
          1109280,
          1100608,
          1104544,
          1104480,
          1104480,
          1102528,
          1101760,
          1102784,
          1103776,
          1104704,
          1103648,
          1105408,
          1103424,
          1103808,
          1103360,
          1105472,
          1101760,
          1102464,
          1103904,
          1102432,
          1104000,
          1105312,
          1106496,
          1102720,
          1104192,
          1107552,
          1100992
        ],
        "chunk_tokens": 64,
        "block_threads": 256,
        "staged_input_bytes": 176693514,
        "applicable": true
      },
      {
        "kernel": "onpair_dh_k2_t256_b4_h0",
        "role": "experimental",
        "stage_bytes": null,
        "chunk_size": 64,
        "decode_ms": 0.987936,
        "decode_gib_s": 942.6951549006195,
        "decode_ns_iters": [
          988160,
          989952,
          991904,
          988224,
          995968,
          988288,
          993376,
          993120,
          991744,
          988320,
          987936,
          991776,
          990752,
          989792,
          992384,
          990688,
          999296,
          988608,
          991584,
          988320,
          989536,
          992864,
          992736,
          990848,
          990304,
          993440,
          992032,
          991136,
          1000160,
          992992
        ],
        "chunk_tokens": 64,
        "block_threads": 256,
        "staged_input_bytes": 176693514,
        "applicable": true
      },
      {
        "kernel": "onpair_dh_k2_t256_b4_h2",
        "role": "experimental",
        "stage_bytes": null,
        "chunk_size": 64,
        "decode_ms": 1.096096,
        "decode_gib_s": 849.6723649679394,
        "decode_ns_iters": [
          1098400,
          1110048,
          1103520,
          1099168,
          1096704,
          1098592,
          1097984,
          1096096,
          1098368,
          1099168,
          1098080,
          1099136,
          1100512,
          1097728,
          1099328,
          1098688,
          1103360,
          1099904,
          1100768,
          1100384,
          1100416,
          1100800,
          1107712,
          1102272,
          1101824,
          1098656,
          1098944,
          1099136,
          1101536,
          1102208
        ],
        "chunk_tokens": 64,
        "block_threads": 256,
        "staged_input_bytes": 176693514,
        "applicable": true
      },
      {
        "kernel": "onpair_dh_k2_t256_b6_h2",
        "role": "experimental",
        "stage_bytes": null,
        "chunk_size": 64,
        "decode_ms": 0.97088,
        "decode_gib_s": 959.2560157299548,
        "decode_ns_iters": [
          974016,
          978176,
          973120,
          973504,
          973056,
          973440,
          972064,
          973248,
          973888,
          972704,
          972800,
          972576,
          973088,
          972608,
          973920,
          974848,
          972736,
          972960,
          972608,
          972320,
          972384,
          970880,
          971552,
          971904,
          973088,
          975872,
          973824,
          974880,
          975936,
          972992
        ],
        "chunk_tokens": 64,
        "block_threads": 256,
        "staged_input_bytes": 176693514,
        "applicable": true
      },
      {
        "kernel": "onpair_dh_k2_t256_b8_h0",
        "role": "experimental",
        "stage_bytes": null,
        "chunk_size": 64,
        "decode_ms": 0.882336,
        "decode_gib_s": 1055.519077258435,
        "decode_ns_iters": [
          886560,
          883456,
          883200,
          885568,
          883008,
          883648,
          895712,
          892032,
          889568,
          889504,
          883584,
          885536,
          885536,
          883776,
          884768,
          887296,
          893088,
          887552,
          885984,
          885696,
          894176,
          887552,
          888096,
          885152,
          883328,
          882624,
          882848,
          882336,
          882368,
          882944
        ],
        "chunk_tokens": 64,
        "block_threads": 256,
        "staged_input_bytes": 176693514,
        "applicable": true
      },
      {
        "kernel": "onpair_dh_k2_t256_b8_h2",
        "role": "experimental",
        "stage_bytes": null,
        "chunk_size": 64,
        "decode_ms": 0.887808,
        "decode_gib_s": 1049.0133909042254,
        "decode_ns_iters": [
          897472,
          892736,
          893408,
          893664,
          893632,
          890592,
          892384,
          891424,
          892096,
          890464,
          890720,
          890624,
          893312,
          892096,
          890880,
          888832,
          887808,
          890688,
          890368,
          892288,
          892640,
          892768,
          892640,
          893376,
          892608,
          893056,
          889824,
          891296,
          891040,
          892160
        ],
        "chunk_tokens": 64,
        "block_threads": 256,
        "staged_input_bytes": 176693514,
        "applicable": true
      },
      {
        "kernel": "onpair_dh_k3_t64_b1_h2",
        "role": "experimental",
        "stage_bytes": null,
        "chunk_size": 96,
        "decode_ms": 0.8576,
        "decode_gib_s": 1085.9637133301055,
        "decode_ns_iters": [
          863776,
          860160,
          859744,
          860704,
          858752,
          857600,
          858944,
          861024,
          861504,
          861184,
          860736,
          863328,
          861536,
          862528,
          873760,
          871168,
          864128,
          864608,
          862912,
          863168,
          863200,
          864032,
          862016,
          861056,
          861440,
          861280,
          861376,
          860864,
          861024,
          863104
        ],
        "chunk_tokens": 96,
        "block_threads": 64,
        "staged_input_bytes": 173247002,
        "applicable": true
      },
      {
        "kernel": "onpair_dh_k3_t64_b1_h3",
        "role": "experimental",
        "stage_bytes": null,
        "chunk_size": 96,
        "decode_ms": 0.884768,
        "decode_gib_s": 1052.6177264004784,
        "decode_ns_iters": [
          885440,
          885216,
          884864,
          886112,
          885472,
          887904,
          888128,
          886944,
          886240,
          887872,
          885120,
          886144,
          885984,
          885216,
          886752,
          885120,
          885920,
          889888,
          890464,
          889088,
          888608,
          889024,
          890656,
          890752,
          889536,
          889184,
          892320,
          887680,
          888704,
          884768
        ],
        "chunk_tokens": 96,
        "block_threads": 64,
        "staged_input_bytes": 173247002,
        "applicable": true
      },
      {
        "kernel": "onpair_dh_k3_t64_b2_h2",
        "role": "experimental",
        "stage_bytes": null,
        "chunk_size": 96,
        "decode_ms": 0.860736,
        "decode_gib_s": 1082.0071201296316,
        "decode_ns_iters": [
          861568,
          860736,
          861312,
          861632,
          863456,
          864064,
          862784,
          873376,
          863168,
          865888,
          864960,
          865120,
          865216,
          865568,
          864736,
          863200,
          863200,
          864928,
          862080,
          863136,
          868768,
          867424,
          865152,
          864448,
          864864,
          865312,
          864384,
          866048,
          864960,
          865440
        ],
        "chunk_tokens": 96,
        "block_threads": 64,
        "staged_input_bytes": 173247002,
        "applicable": true
      },
      {
        "kernel": "onpair_dh_k3_t64_b2_h3",
        "role": "experimental",
        "stage_bytes": null,
        "chunk_size": 96,
        "decode_ms": 0.884992,
        "decode_gib_s": 1052.35129871445,
        "decode_ns_iters": [
          890528,
          889632,
          888608,
          890048,
          889536,
          889152,
          888448,
          891392,
          890688,
          891712,
          889472,
          888960,
          887520,
          890560,
          887968,
          889728,
          889088,
          888640,
          888832,
          887840,
          888160,
          890528,
          889280,
          891584,
          891392,
          890976,
          890112,
          884992,
          887392,
          887648
        ],
        "chunk_tokens": 96,
        "block_threads": 64,
        "staged_input_bytes": 173247002,
        "applicable": true
      },
      {
        "kernel": "onpair_dh_k3_t64_b4_h2",
        "role": "experimental",
        "stage_bytes": null,
        "chunk_size": 96,
        "decode_ms": 0.857152,
        "decode_gib_s": 1086.5313043099688,
        "decode_ns_iters": [
          860448,
          859072,
          858624,
          857152,
          859712,
          863520,
          858688,
          862848,
          861632,
          861856,
          861472,
          862304,
          861088,
          862016,
          862880,
          859776,
          859840,
          859808,
          861376,
          861984,
          857632,
          861344,
          864416,
          859776,
          861888,
          858848,
          864448,
          859296,
          859392,
          860192
        ],
        "chunk_tokens": 96,
        "block_threads": 64,
        "staged_input_bytes": 173247002,
        "applicable": true
      },
      {
        "kernel": "onpair_dh_k3_t64_b4_h3",
        "role": "experimental",
        "stage_bytes": null,
        "chunk_size": 96,
        "decode_ms": 0.882144,
        "decode_gib_s": 1055.748812610978,
        "decode_ns_iters": [
          884448,
          885408,
          891008,
          889248,
          883904,
          884992,
          883424,
          883808,
          883904,
          885312,
          884576,
          883424,
          887040,
          882144,
          883296,
          884640,
          884800,
          884288,
          885920,
          886016,
          885568,
          888192,
          892608,
          887744,
          885760,
          885248,
          886816,
          884960,
          885952,
          888864
        ],
        "chunk_tokens": 96,
        "block_threads": 64,
        "staged_input_bytes": 173247002,
        "applicable": true
      },
      {
        "kernel": "onpair_dh_k3_t64_b6_h2",
        "role": "experimental",
        "stage_bytes": null,
        "chunk_size": 96,
        "decode_ms": 0.860512,
        "decode_gib_s": 1082.2887775555698,
        "decode_ns_iters": [
          863392,
          862912,
          861088,
          866752,
          864928,
          863264,
          864032,
          861920,
          863072,
          863904,
          863296,
          862272,
          860896,
          868544,
          867776,
          863488,
          860512,
          868448,
          862336,
          861120,
          866816,
          865024,
          862400,
          861760,
          862176,
          864352,
          864768,
          863648,
          864960,
          861312
        ],
        "chunk_tokens": 96,
        "block_threads": 64,
        "staged_input_bytes": 173247002,
        "applicable": true
      },
      {
        "kernel": "onpair_dh_k3_t64_b6_h3",
        "role": "experimental",
        "stage_bytes": null,
        "chunk_size": 96,
        "decode_ms": 0.883232,
        "decode_gib_s": 1054.4482995995372,
        "decode_ns_iters": [
          886080,
          890240,
          889952,
          891616,
          888480,
          886880,
          886752,
          886336,
          889280,
          888224,
          887776,
          887360,
          884320,
          884896,
          886880,
          888960,
          887552,
          888960,
          888320,
          887296,
          884384,
          883232,
          890720,
          890528,
          889408,
          888544,
          891104,
          892448,
          889984,
          888992
        ],
        "chunk_tokens": 96,
        "block_threads": 64,
        "staged_input_bytes": 173247002,
        "applicable": true
      },
      {
        "kernel": "onpair_dh_k3_t64_b8_h2",
        "role": "experimental",
        "stage_bytes": null,
        "chunk_size": 96,
        "decode_ms": 0.858528,
        "decode_gib_s": 1084.7898735415718,
        "decode_ns_iters": [
          864416,
          861696,
          861760,
          862496,
          862528,
          859424,
          860032,
          863936,
          861120,
          862528,
          860384,
          860256,
          860704,
          863584,
          862272,
          860288,
          861152,
          859552,
          860320,
          859584,
          859424,
          860736,
          861920,
          858528,
          860640,
          860448,
          866080,
          861216,
          861600,
          863552
        ],
        "chunk_tokens": 96,
        "block_threads": 64,
        "staged_input_bytes": 173247002,
        "applicable": true
      },
      {
        "kernel": "onpair_dh_k3_t64_b8_h3",
        "role": "experimental",
        "stage_bytes": null,
        "chunk_size": 96,
        "decode_ms": 0.883648,
        "decode_gib_s": 1053.9518909700453,
        "decode_ns_iters": [
          888256,
          889696,
          888096,
          890240,
          887392,
          885568,
          890752,
          893312,
          891424,
          887104,
          887200,
          884544,
          884384,
          883648,
          884096,
          885088,
          889504,
          885696,
          885568,
          887072,
          886816,
          886752,
          885664,
          891072,
          889696,
          890816,
          889248,
          891520,
          893152,
          889568
        ],
        "chunk_tokens": 96,
        "block_threads": 64,
        "staged_input_bytes": 173247002,
        "applicable": true
      },
      {
        "kernel": "onpair_dh_k3_t128_b1_h2",
        "role": "experimental",
        "stage_bytes": null,
        "chunk_size": 96,
        "decode_ms": 0.862784,
        "decode_gib_s": 1079.4387477652558,
        "decode_ns_iters": [
          866528,
          866560,
          864320,
          865024,
          862784,
          864288,
          863776,
          866944,
          864512,
          866464,
          866368,
          865984,
          865376,
          866784,
          866464,
          866560,
          864416,
          865504,
          872128,
          865248,
          864768,
          862880,
          863456,
          867904,
          866976,
          865216,
          864992,
          863872,
          865984,
          866944
        ],
        "chunk_tokens": 96,
        "block_threads": 128,
        "staged_input_bytes": 173247002,
        "applicable": true
      },
      {
        "kernel": "onpair_dh_k3_t128_b1_h3",
        "role": "experimental",
        "stage_bytes": null,
        "chunk_size": 96,
        "decode_ms": 0.891008,
        "decode_gib_s": 1045.2459243372657,
        "decode_ns_iters": [
          892864,
          894912,
          892832,
          891008,
          891200,
          893024,
          894592,
          895168,
          893824,
          892800,
          896416,
          898464,
          900512,
          897472,
          897952,
          898144,
          898592,
          898784,
          899264,
          898048,
          896864,
          895136,
          896224,
          896384,
          894112,
          892192,
          893472,
          891360,
          892096,
          892800
        ],
        "chunk_tokens": 96,
        "block_threads": 128,
        "staged_input_bytes": 173247002,
        "applicable": true
      },
      {
        "kernel": "onpair_dh_k3_t128_b2_h2",
        "role": "experimental",
        "stage_bytes": null,
        "chunk_size": 96,
        "decode_ms": 0.861632,
        "decode_gib_s": 1080.8819548854947,
        "decode_ns_iters": [
          867296,
          866944,
          867904,
          865088,
          867488,
          868480,
          867904,
          866624,
          867488,
          870016,
          867200,
          868736,
          866304,
          869216,
          866976,
          864896,
          865728,
          874144,
          864352,
          865312,
          861632,
          861888,
          865056,
          864704,
          865152,
          864256,
          865152,
          863904,
          864960,
          866176
        ],
        "chunk_tokens": 96,
        "block_threads": 128,
        "staged_input_bytes": 173247002,
        "applicable": true
      },
      {
        "kernel": "onpair_dh_k3_t128_b2_h3",
        "role": "experimental",
        "stage_bytes": null,
        "chunk_size": 96,
        "decode_ms": 0.889792,
        "decode_gib_s": 1046.674369461513,
        "decode_ns_iters": [
          893984,
          891744,
          894624,
          890880,
          892544,
          891424,
          894016,
          890368,
          891776,
          891392,
          893952,
          896224,
          892608,
          894688,
          894048,
          892256,
          894112,
          894080,
          893536,
          892448,
          893568,
          893184,
          889792,
          891520,
          894752,
          892096,
          893632,
          894944,
          894176,
          893600
        ],
        "chunk_tokens": 96,
        "block_threads": 128,
        "staged_input_bytes": 173247002,
        "applicable": true
      },
      {
        "kernel": "onpair_dh_k3_t128_b4_h2",
        "role": "experimental",
        "stage_bytes": null,
        "chunk_size": 96,
        "decode_ms": 0.861984,
        "decode_gib_s": 1080.440565662354,
        "decode_ns_iters": [
          865920,
          865152,
          865888,
          864736,
          865760,
          866048,
          864768,
          864128,
          864704,
          870144,
          863200,
          862720,
          863808,
          863872,
          862272,
          864448,
          864896,
          863744,
          863840,
          863456,
          866848,
          864608,
          864224,
          863136,
          862624,
          865600,
          865568,
          863872,
          861984,
          863712
        ],
        "chunk_tokens": 96,
        "block_threads": 128,
        "staged_input_bytes": 173247002,
        "applicable": true
      },
      {
        "kernel": "onpair_dh_k3_t128_b4_h3",
        "role": "experimental",
        "stage_bytes": null,
        "chunk_size": 96,
        "decode_ms": 0.889536,
        "decode_gib_s": 1046.9755923896262,
        "decode_ns_iters": [
          892192,
          890976,
          892352,
          893280,
          895296,
          893984,
          897152,
          896512,
          895904,
          896320,
          896896,
          897632,
          897376,
          895456,
          893664,
          893888,
          890496,
          890400,
          890400,
          890016,
          890304,
          890912,
          889536,
          896192,
          897312,
          895296,
          890144,
          893056,
          893856,
          894912
        ],
        "chunk_tokens": 96,
        "block_threads": 128,
        "staged_input_bytes": 173247002,
        "applicable": true
      },
      {
        "kernel": "onpair_dh_k3_t128_b6_h2",
        "role": "experimental",
        "stage_bytes": null,
        "chunk_size": 96,
        "decode_ms": 0.860928,
        "decode_gib_s": 1081.7658161331708,
        "decode_ns_iters": [
          865216,
          868000,
          867456,
          866816,
          866176,
          873120,
          867392,
          867168,
          865024,
          866560,
          865984,
          863840,
          865152,
          863872,
          865504,
          864832,
          866944,
          866464,
          864416,
          862944,
          861600,
          861728,
          864192,
          860928,
          861856,
          862176,
          863424,
          862784,
          868768,
          862976
        ],
        "chunk_tokens": 96,
        "block_threads": 128,
        "staged_input_bytes": 173247002,
        "applicable": true
      },
      {
        "kernel": "onpair_dh_k3_t128_b6_h3",
        "role": "experimental",
        "stage_bytes": null,
        "chunk_size": 96,
        "decode_ms": 0.889824,
        "decode_gib_s": 1046.636728782207,
        "decode_ns_iters": [
          891808,
          893312,
          893856,
          895264,
          893600,
          892832,
          894304,
          893440,
          895328,
          894848,
          890624,
          891520,
          891328,
          890432,
          899488,
          898336,
          896032,
          890560,
          891744,
          889824,
          890336,
          891840,
          891776,
          890688,
          892704,
          891456,
          891968,
          890560,
          891136,
          892384
        ],
        "chunk_tokens": 96,
        "block_threads": 128,
        "staged_input_bytes": 173247002,
        "applicable": true
      },
      {
        "kernel": "onpair_dh_k3_t128_b8_h2",
        "role": "experimental",
        "stage_bytes": null,
        "chunk_size": 96,
        "decode_ms": 0.859936,
        "decode_gib_s": 1083.0137132901732,
        "decode_ns_iters": [
          860768,
          860416,
          860960,
          859936,
          860672,
          861856,
          860128,
          861952,
          862016,
          863264,
          862656,
          861856,
          862048,
          861536,
          861792,
          860672,
          861248,
          863776,
          860352,
          861728,
          867040,
          862944,
          860224,
          865056,
          864288,
          862432,
          863840,
          865568,
          864800,
          867072
        ],
        "chunk_tokens": 96,
        "block_threads": 128,
        "staged_input_bytes": 173247002,
        "applicable": true
      },
      {
        "kernel": "onpair_dh_k3_t128_b8_h3",
        "role": "experimental",
        "stage_bytes": null,
        "chunk_size": 96,
        "decode_ms": 0.862784,
        "decode_gib_s": 1079.4387477652558,
        "decode_ns_iters": [
          864128,
          866368,
          863008,
          862784,
          863776,
          864160,
          864384,
          868256,
          865408,
          864864,
          864384,
          863712,
          865952,
          862880,
          863904,
          865280,
          862976,
          866912,
          866464,
          864480,
          872576,
          870304,
          865152,
          865952,
          865408,
          868704,
          868320,
          864160,
          864160,
          864352
        ],
        "chunk_tokens": 96,
        "block_threads": 128,
        "staged_input_bytes": 173247002,
        "applicable": true
      },
      {
        "kernel": "onpair_dh_k3_t256_b1_h0",
        "role": "experimental",
        "stage_bytes": null,
        "chunk_size": 96,
        "decode_ms": 0.878528,
        "decode_gib_s": 1060.094249189438,
        "decode_ns_iters": [
          884992,
          886592,
          888704,
          885728,
          884800,
          886592,
          887328,
          883712,
          882944,
          883936,
          884928,
          891776,
          885376,
          886848,
          880704,
          878880,
          881312,
          883104,
          882272,
          884032,
          878528,
          882304,
          883808,
          882624,
          885792,
          883008,
          883008,
          882144,
          885152,
          884224
        ],
        "chunk_tokens": 96,
        "block_threads": 256,
        "staged_input_bytes": 173247002,
        "applicable": true
      },
      {
        "kernel": "onpair_dh_k3_t256_b1_h2",
        "role": "experimental",
        "stage_bytes": null,
        "chunk_size": 96,
        "decode_ms": 0.876352,
        "decode_gib_s": 1062.7264849648298,
        "decode_ns_iters": [
          880736,
          881280,
          877440,
          877888,
          879680,
          876352,
          879552,
          876608,
          876768,
          878400,
          876768,
          877216,
          880928,
          879520,
          880096,
          881152,
          880800,
          885280,
          885568,
          884768,
          882944,
          889760,
          887424,
          883872,
          880608,
          880192,
          881120,
          881440,
          882336,
          878720
        ],
        "chunk_tokens": 96,
        "block_threads": 256,
        "staged_input_bytes": 173247002,
        "applicable": true
      },
      {
        "kernel": "onpair_dh_k3_t256_b1_h3",
        "role": "experimental",
        "stage_bytes": null,
        "chunk_size": 96,
        "decode_ms": 0.935296,
        "decode_gib_s": 995.7515915302732,
        "decode_ns_iters": [
          943072,
          939392,
          940160,
          943680,
          945312,
          939136,
          938784,
          939616,
          940512,
          941600,
          939264,
          938848,
          943200,
          935296,
          941536,
          939616,
          943456,
          942240,
          949056,
          936512,
          937376,
          939200,
          942464,
          941088,
          940768,
          940704,
          937920,
          939360,
          939008,
          939104
        ],
        "chunk_tokens": 96,
        "block_threads": 256,
        "staged_input_bytes": 173247002,
        "applicable": true
      },
      {
        "kernel": "onpair_dh_k3_t256_b2_h2",
        "role": "experimental",
        "stage_bytes": null,
        "chunk_size": 96,
        "decode_ms": 0.877024,
        "decode_gib_s": 1061.912194594331,
        "decode_ns_iters": [
          882240,
          879872,
          881088,
          879392,
          879840,
          880160,
          879936,
          879552,
          880352,
          879776,
          880480,
          877024,
          878144,
          877280,
          880448,
          881280,
          881472,
          879296,
          881248,
          883680,
          880864,
          889280,
          889536,
          891520,
          891328,
          882496,
          882688,
          883392,
          881920,
          881984
        ],
        "chunk_tokens": 96,
        "block_threads": 256,
        "staged_input_bytes": 173247002,
        "applicable": true
      },
      {
        "kernel": "onpair_dh_k3_t256_b2_h3",
        "role": "experimental",
        "stage_bytes": null,
        "chunk_size": 96,
        "decode_ms": 0.937856,
        "decode_gib_s": 993.0335579789418,
        "decode_ns_iters": [
          944832,
          943680,
          943296,
          946688,
          943328,
          946176,
          944160,
          944448,
          943328,
          940032,
          945536,
          947488,
          944224,
          948896,
          942240,
          941184,
          949792,
          939648,
          943968,
          944064,
          942912,
          944928,
          939200,
          943104,
          940064,
          942976,
          945152,
          941696,
          937856,
          939072
        ],
        "chunk_tokens": 96,
        "block_threads": 256,
        "staged_input_bytes": 173247002,
        "applicable": true
      },
      {
        "kernel": "onpair_dh_k3_t256_b4_h0",
        "role": "experimental",
        "stage_bytes": null,
        "chunk_size": 96,
        "decode_ms": 0.882784,
        "decode_gib_s": 1054.9834167269664,
        "decode_ns_iters": [
          891328,
          886880,
          882784,
          884640,
          887008,
          888000,
          889920,
          889312,
          889472,
          890208,
          889984,
          889920,
          889888,
          886592,
          890720,
          889056,
          887776,
          893760,
          886752,
          895200,
          887264,
          885344,
          884736,
          885760,
          889856,
          886240,
          887488,
          890080,
          892128,
          894432
        ],
        "chunk_tokens": 96,
        "block_threads": 256,
        "staged_input_bytes": 173247002,
        "applicable": true
      },
      {
        "kernel": "onpair_dh_k3_t256_b4_h2",
        "role": "experimental",
        "stage_bytes": null,
        "chunk_size": 96,
        "decode_ms": 0.877824,
        "decode_gib_s": 1060.944426846268,
        "decode_ns_iters": [
          883424,
          882144,
          881120,
          880736,
          878496,
          878976,
          880000,
          885440,
          881696,
          884480,
          880096,
          879168,
          880320,
          881760,
          881760,
          883936,
          881216,
          879680,
          878528,
          877824,
          880256,
          882784,
          882912,
          882848,
          882688,
          886176,
          884000,
          878112,
          878592,
          879776
        ],
        "chunk_tokens": 96,
        "block_threads": 256,
        "staged_input_bytes": 173247002,
        "applicable": true
      },
      {
        "kernel": "onpair_dh_k3_t256_b4_h3",
        "role": "experimental",
        "stage_bytes": null,
        "chunk_size": 96,
        "decode_ms": 0.873184,
        "decode_gib_s": 1066.5821642997334,
        "decode_ns_iters": [
          876160,
          877664,
          874272,
          873600,
          878688,
          881280,
          873856,
          875168,
          874400,
          879712,
          874016,
          874400,
          873184,
          874560,
          873280,
          877376,
          877312,
          873856,
          873920,
          877376,
          876480,
          876192,
          875008,
          877024,
          877056,
          876864,
          876224,
          876800,
          877952,
          879456
        ],
        "chunk_tokens": 96,
        "block_threads": 256,
        "staged_input_bytes": 173247002,
        "applicable": true
      },
      {
        "kernel": "onpair_dh_k3_t256_b6_h2",
        "role": "experimental",
        "stage_bytes": null,
        "chunk_size": 96,
        "decode_ms": 0.837088,
        "decode_gib_s": 1112.5741625156477,
        "decode_ns_iters": [
          839648,
          844448,
          842528,
          841984,
          840864,
          838752,
          845376,
          839008,
          839136,
          839872,
          839200,
          839712,
          840064,
          839520,
          837088,
          839776,
          841600,
          839648,
          839744,
          842464,
          840704,
          847520,
          841312,
          850912,
          843072,
          844992,
          843904,
          843552,
          841664,
          839968
        ],
        "chunk_tokens": 96,
        "block_threads": 256,
        "staged_input_bytes": 173247002,
        "applicable": true
      },
      {
        "kernel": "onpair_dh_k3_t256_b6_h3",
        "role": "experimental",
        "stage_bytes": null,
        "chunk_size": 96,
        "decode_ms": 0.837696,
        "decode_gib_s": 1111.7666558654912,
        "decode_ns_iters": [
          840224,
          841760,
          842464,
          840704,
          840480,
          841408,
          842816,
          839872,
          840032,
          839936,
          838144,
          837696,
          840864,
          841504,
          841536,
          842528,
          844768,
          844288,
          845280,
          844320,
          843936,
          842240,
          842816,
          842688,
          843936,
          842208,
          846176,
          839968,
          843200,
          843040
        ],
        "chunk_tokens": 96,
        "block_threads": 256,
        "staged_input_bytes": 173247002,
        "applicable": true
      },
      {
        "kernel": "onpair_dh_k3_t256_b8_h0",
        "role": "experimental",
        "stage_bytes": null,
        "chunk_size": 96,
        "decode_ms": 0.86016,
        "decode_gib_s": 1082.731678469004,
        "decode_ns_iters": [
          870624,
          867648,
          864640,
          863904,
          863040,
          863168,
          864704,
          863296,
          860352,
          861536,
          872576,
          864064,
          864416,
          860992,
          861600,
          863328,
          861952,
          863552,
          862432,
          863008,
          863008,
          862912,
          863808,
          864032,
          868480,
          868864,
          862976,
          860736,
          860160,
          860992
        ],
        "chunk_tokens": 96,
        "block_threads": 256,
        "staged_input_bytes": 173247002,
        "applicable": true
      },
      {
        "kernel": "onpair_dh_k3_t256_b8_h2",
        "role": "experimental",
        "stage_bytes": null,
        "chunk_size": 96,
        "decode_ms": 0.90352,
        "decode_gib_s": 1030.7712951034825,
        "decode_ns_iters": [
          903520,
          905312,
          906624,
          905984,
          905952,
          904896,
          904512,
          905632,
          911456,
          911168,
          909440,
          908896,
          910624,
          912352,
          911136,
          912032,
          910176,
          910784,
          911296,
          909248,
          909504,
          908640,
          909440,
          910336,
          910624,
          908224,
          908288,
          910368,
          906816,
          907552
        ],
        "chunk_tokens": 96,
        "block_threads": 256,
        "staged_input_bytes": 173247002,
        "applicable": true
      },
      {
        "kernel": "onpair_dh_k3_t256_b8_h3",
        "role": "experimental",
        "stage_bytes": null,
        "chunk_size": 96,
        "decode_ms": 0.930848,
        "decode_gib_s": 1000.5097293563488,
        "decode_ns_iters": [
          931520,
          935680,
          931392,
          931392,
          930848,
          930944,
          933728,
          933408,
          933440,
          933792,
          932608,
          941632,
          937024,
          935392,
          930976,
          932384,
          932288,
          931488,
          935904,
          933152,
          935424,
          933280,
          934336,
          931520,
          932064,
          932384,
          933568,
          935200,
          941664,
          933408
        ],
        "chunk_tokens": 96,
        "block_threads": 256,
        "staged_input_bytes": 173247002,
        "applicable": true
      },
      {
        "kernel": "onpair_dh_k4_t64_b1_h2",
        "role": "experimental",
        "stage_bytes": null,
        "chunk_size": 128,
        "decode_ms": 0.829696,
        "decode_gib_s": 1122.4864053242375,
        "decode_ns_iters": [
          832576,
          829696,
          831328,
          835328,
          833760,
          832704,
          831904,
          834400,
          834816,
          833376,
          832288,
          834336,
          830784,
          832352,
          831840,
          831168,
          830176,
          830816,
          832064,
          833184,
          831872,
          832736,
          832320,
          832928,
          841824,
          833920,
          838400,
          834080,
          834944,
          834176
        ],
        "chunk_tokens": 128,
        "block_threads": 64,
        "staged_input_bytes": 171523746,
        "applicable": true
      },
      {
        "kernel": "onpair_dh_k4_t64_b1_h3",
        "role": "experimental",
        "stage_bytes": null,
        "chunk_size": 128,
        "decode_ms": 0.829216,
        "decode_gib_s": 1123.136167840344,
        "decode_ns_iters": [
          830080,
          829344,
          829216,
          830464,
          831968,
          833088,
          832960,
          832320,
          832480,
          831360,
          832384,
          840000,
          833344,
          830624,
          829536,
          831104,
          829696,
          831040,
          829408,
          830016,
          832672,
          834496,
          832480,
          832416,
          832608,
          833088,
          832928,
          831648,
          832032,
          830720
        ],
        "chunk_tokens": 128,
        "block_threads": 64,
        "staged_input_bytes": 171523746,
        "applicable": true
      },
      {
        "kernel": "onpair_dh_k4_t64_b1_h4",
        "role": "experimental",
        "stage_bytes": null,
        "chunk_size": 128,
        "decode_ms": 0.82384,
        "decode_gib_s": 1130.465236638059,
        "decode_ns_iters": [
          831424,
          830688,
          837216,
          830848,
          831328,
          832288,
          830528,
          831968,
          832544,
          833888,
          832608,
          832448,
          830336,
          830816,
          830656,
          833344,
          835680,
          831424,
          831200,
          831232,
          830784,
          830784,
          827680,
          831424,
          827616,
          830144,
          823840,
          826368,
          825568,
          833088
        ],
        "chunk_tokens": 128,
        "block_threads": 64,
        "staged_input_bytes": 171523746,
        "applicable": true
      },
      {
        "kernel": "onpair_dh_k4_t64_b2_h2",
        "role": "experimental",
        "stage_bytes": null,
        "chunk_size": 128,
        "decode_ms": 0.827392,
        "decode_gib_s": 1125.6121409826278,
        "decode_ns_iters": [
          832224,
          831168,
          838784,
          831680,
          830752,
          833888,
          833664,
          832000,
          833600,
          833376,
          831584,
          831520,
          830112,
          830496,
          830272,
          828576,
          830944,
          829600,
          830944,
          829984,
          829728,
          829824,
          831040,
          829408,
          827808,
          828320,
          828032,
          828160,
          833984,
          827392
        ],
        "chunk_tokens": 128,
        "block_threads": 64,
        "staged_input_bytes": 171523746,
        "applicable": true
      },
      {
        "kernel": "onpair_dh_k4_t64_b2_h3",
        "role": "experimental",
        "stage_bytes": null,
        "chunk_size": 128,
        "decode_ms": 0.825408,
        "decode_gib_s": 1128.3177295978455,
        "decode_ns_iters": [
          828672,
          828160,
          828768,
          826944,
          827456,
          827488,
          826688,
          826592,
          828256,
          827072,
          826624,
          826848,
          826656,
          825568,
          825408,
          825728,
          826208,
          829120,
          828896,
          829440,
          828544,
          828352,
          829024,
          831328,
          830976,
          832480,
          837536,
          831008,
          830912,
          830272
        ],
        "chunk_tokens": 128,
        "block_threads": 64,
        "staged_input_bytes": 171523746,
        "applicable": true
      },
      {
        "kernel": "onpair_dh_k4_t64_b2_h4",
        "role": "experimental",
        "stage_bytes": null,
        "chunk_size": 128,
        "decode_ms": 0.826848,
        "decode_gib_s": 1126.3527039454632,
        "decode_ns_iters": [
          826976,
          829280,
          826976,
          830016,
          830272,
          833056,
          831840,
          832448,
          829984,
          832224,
          829920,
          831840,
          837824,
          830048,
          832672,
          830176,
          829024,
          827616,
          826848,
          827712,
          831776,
          829888,
          827904,
          827936,
          830464,
          838848,
          830592,
          829984,
          830368,
          830528
        ],
        "chunk_tokens": 128,
        "block_threads": 64,
        "staged_input_bytes": 171523746,
        "applicable": true
      },
      {
        "kernel": "onpair_dh_k4_t64_b4_h2",
        "role": "experimental",
        "stage_bytes": null,
        "chunk_size": 128,
        "decode_ms": 0.826624,
        "decode_gib_s": 1126.6579249476165,
        "decode_ns_iters": [
          832864,
          830112,
          831008,
          830240,
          828736,
          830880,
          833120,
          830848,
          831168,
          829984,
          830080,
          831680,
          836544,
          830176,
          830080,
          831072,
          830912,
          831904,
          830368,
          829536,
          826624,
          831936,
          828960,
          831104,
          830848,
          832544,
          830208,
          830432,
          833760,
          830048
        ],
        "chunk_tokens": 128,
        "block_threads": 64,
        "staged_input_bytes": 171523746,
        "applicable": true
      },
      {
        "kernel": "onpair_dh_k4_t64_b4_h3",
        "role": "experimental",
        "stage_bytes": null,
        "chunk_size": 128,
        "decode_ms": 0.824992,
        "decode_gib_s": 1128.886680782236,
        "decode_ns_iters": [
          831072,
          826752,
          828096,
          828000,
          829792,
          827712,
          830720,
          829344,
          832672,
          830656,
          827872,
          835776,
          827680,
          826240,
          824992,
          825824,
          825664,
          832064,
          827008,
          826080,
          826432,
          827936,
          825888,
          832224,
          826752,
          827456,
          825824,
          825088,
          827744,
          828160
        ],
        "chunk_tokens": 128,
        "block_threads": 64,
        "staged_input_bytes": 171523746,
        "applicable": true
      },
      {
        "kernel": "onpair_dh_k4_t64_b4_h4",
        "role": "experimental",
        "stage_bytes": null,
        "chunk_size": 128,
        "decode_ms": 0.824864,
        "decode_gib_s": 1129.0618581389156,
        "decode_ns_iters": [
          829632,
          829248,
          828160,
          829152,
          828992,
          827392,
          828960,
          830688,
          828128,
          828736,
          828928,
          829056,
          829984,
          827904,
          827744,
          827456,
          828032,
          838688,
          826592,
          827552,
          824864,
          833728,
          827424,
          827520,
          827584,
          827968,
          828576,
          828224,
          827872,
          826912
        ],
        "chunk_tokens": 128,
        "block_threads": 64,
        "staged_input_bytes": 171523746,
        "applicable": true
      },
      {
        "kernel": "onpair_dh_k4_t64_b6_h2",
        "role": "experimental",
        "stage_bytes": null,
        "chunk_size": 128,
        "decode_ms": 0.826912,
        "decode_gib_s": 1126.2655283172799,
        "decode_ns_iters": [
          832800,
          831584,
          829856,
          831008,
          831264,
          831392,
          831648,
          829632,
          830656,
          832320,
          830048,
          830752,
          830528,
          830880,
          827616,
          828096,
          826912,
          828416,
          827328,
          833760,
          828896,
          828224,
          827584,
          827104,
          828384,
          828896,
          829792,
          829056,
          831168,
          831136
        ],
        "chunk_tokens": 128,
        "block_threads": 64,
        "staged_input_bytes": 171523746,
        "applicable": true
      },
      {
        "kernel": "onpair_dh_k4_t64_b6_h3",
        "role": "experimental",
        "stage_bytes": null,
        "chunk_size": 128,
        "decode_ms": 0.825152,
        "decode_gib_s": 1128.667785513334,
        "decode_ns_iters": [
          826144,
          826432,
          826016,
          825600,
          831072,
          825728,
          827008,
          827104,
          825728,
          826592,
          825760,
          827232,
          828096,
          825984,
          825152,
          828032,
          834144,
          827968,
          825792,
          828160,
          826400,
          827776,
          828608,
          828960,
          826304,
          825536,
          826944,
          826624,
          825440,
          825984
        ],
        "chunk_tokens": 128,
        "block_threads": 64,
        "staged_input_bytes": 171523746,
        "applicable": true
      },
      {
        "kernel": "onpair_dh_k4_t64_b6_h4",
        "role": "experimental",
        "stage_bytes": null,
        "chunk_size": 128,
        "decode_ms": 0.824096,
        "decode_gib_s": 1130.1140650505504,
        "decode_ns_iters": [
          836288,
          829280,
          825312,
          826432,
          826688,
          826880,
          825280,
          825792,
          825504,
          824096,
          828992,
          829152,
          828256,
          830016,
          827744,
          827424,
          829760,
          830208,
          829792,
          829408,
          827552,
          829664,
          831520,
          830592,
          831040,
          832032,
          839360,
          831648,
          830080,
          830400
        ],
        "chunk_tokens": 128,
        "block_threads": 64,
        "staged_input_bytes": 171523746,
        "applicable": true
      },
      {
        "kernel": "onpair_dh_k4_t64_b8_h2",
        "role": "experimental",
        "stage_bytes": null,
        "chunk_size": 128,
        "decode_ms": 0.828832,
        "decode_gib_s": 1123.6565197191933,
        "decode_ns_iters": [
          828832,
          834784,
          830336,
          831136,
          830464,
          830528,
          832064,
          829632,
          830432,
          834272,
          832288,
          832096,
          836064,
          838784,
          832736,
          832192,
          833760,
          834784,
          830368,
          831360,
          830400,
          830624,
          830368,
          829280,
          828896,
          830496,
          828992,
          829664,
          829408,
          830368
        ],
        "chunk_tokens": 128,
        "block_threads": 64,
        "staged_input_bytes": 171523746,
        "applicable": true
      },
      {
        "kernel": "onpair_dh_k4_t64_b8_h3",
        "role": "experimental",
        "stage_bytes": null,
        "chunk_size": 128,
        "decode_ms": 0.824736,
        "decode_gib_s": 1129.2370898710599,
        "decode_ns_iters": [
          830496,
          828864,
          827680,
          828960,
          828928,
          826752,
          827840,
          827808,
          825888,
          825408,
          826208,
          824864,
          832544,
          834592,
          824736,
          826912,
          826112,
          827360,
          825216,
          825152,
          825664,
          827168,
          828064,
          826784,
          835936,
          828032,
          828000,
          829024,
          828576,
          828384
        ],
        "chunk_tokens": 128,
        "block_threads": 64,
        "staged_input_bytes": 171523746,
        "applicable": true
      },
      {
        "kernel": "onpair_dh_k4_t64_b8_h4",
        "role": "experimental",
        "stage_bytes": null,
        "chunk_size": 128,
        "decode_ms": 0.824064,
        "decode_gib_s": 1130.1579495669007,
        "decode_ns_iters": [
          830848,
          833728,
          830848,
          827392,
          828416,
          828800,
          828544,
          827424,
          830112,
          825760,
          830912,
          826080,
          825856,
          825248,
          825440,
          824064,
          828256,
          827488,
          830720,
          828768,
          829024,
          828896,
          836192,
          829120,
          828256,
          827296,
          828416,
          828448,
          827392,
          827904
        ],
        "chunk_tokens": 128,
        "block_threads": 64,
        "staged_input_bytes": 171523746,
        "applicable": true
      },
      {
        "kernel": "onpair_dh_k4_t128_b1_h2",
        "role": "experimental",
        "stage_bytes": null,
        "chunk_size": 128,
        "decode_ms": 0.828608,
        "decode_gib_s": 1123.9602810398867,
        "decode_ns_iters": [
          831008,
          831744,
          832192,
          831712,
          831584,
          829184,
          832320,
          832768,
          840512,
          833472,
          831776,
          831968,
          832768,
          834048,
          835072,
          832672,
          834880,
          833856,
          834464,
          834432,
          833088,
          831424,
          838176,
          830656,
          831296,
          829696,
          829024,
          828960,
          830144,
          828608
        ],
        "chunk_tokens": 128,
        "block_threads": 128,
        "staged_input_bytes": 171523746,
        "applicable": true
      },
      {
        "kernel": "onpair_dh_k4_t128_b1_h3",
        "role": "experimental",
        "stage_bytes": null,
        "chunk_size": 128,
        "decode_ms": 0.8264,
        "decode_gib_s": 1126.9633114132362,
        "decode_ns_iters": [
          831328,
          830944,
          831872,
          833248,
          830880,
          831648,
          829152,
          837184,
          829696,
          831040,
          828800,
          829760,
          826400,
          828704,
          826752,
          828256,
          827808,
          828128,
          829056,
          829152,
          831616,
          826848,
          826784,
          826912,
          828960,
          827424,
          826752,
          827840,
          828608,
          827520
        ],
        "chunk_tokens": 128,
        "block_threads": 128,
        "staged_input_bytes": 171523746,
        "applicable": true
      },
      {
        "kernel": "onpair_dh_k4_t128_b1_h4",
        "role": "experimental",
        "stage_bytes": null,
        "chunk_size": 128,
        "decode_ms": 0.822784,
        "decode_gib_s": 1131.9161293266502,
        "decode_ns_iters": [
          826560,
          826848,
          826944,
          824832,
          822976,
          822816,
          822848,
          822784,
          823520,
          825120,
          824160,
          824128,
          826656,
          826240,
          824480,
          824640,
          824928,
          829280,
          824480,
          825184,
          824352,
          824096,
          824032,
          824768,
          823712,
          824864,
          823808,
          829344,
          826240,
          826272
        ],
        "chunk_tokens": 128,
        "block_threads": 128,
        "staged_input_bytes": 171523746,
        "applicable": true
      },
      {
        "kernel": "onpair_dh_k4_t128_b2_h2",
        "role": "experimental",
        "stage_bytes": null,
        "chunk_size": 128,
        "decode_ms": 0.829312,
        "decode_gib_s": 1123.0061551646406,
        "decode_ns_iters": [
          831040,
          829472,
          835392,
          830400,
          832288,
          831264,
          831520,
          831552,
          830208,
          829312,
          830176,
          832384,
          835456,
          841280,
          834784,
          841600,
          833856,
          833632,
          835104,
          833440,
          832544,
          833504,
          830560,
          832096,
          832992,
          833920,
          835008,
          840576,
          834688,
          834656
        ],
        "chunk_tokens": 128,
        "block_threads": 128,
        "staged_input_bytes": 171523746,
        "applicable": true
      },
      {
        "kernel": "onpair_dh_k4_t128_b2_h3",
        "role": "experimental",
        "stage_bytes": null,
        "chunk_size": 128,
        "decode_ms": 0.826592,
        "decode_gib_s": 1126.7015414520083,
        "decode_ns_iters": [
          835520,
          833024,
          832544,
          833440,
          834816,
          833504,
          833440,
          832384,
          830560,
          831616,
          832736,
          831072,
          831840,
          835360,
          828064,
          835968,
          828384,
          830752,
          829120,
          827808,
          828032,
          831328,
          827488,
          829056,
          830656,
          829216,
          828896,
          826592,
          834976,
          829216
        ],
        "chunk_tokens": 128,
        "block_threads": 128,
        "staged_input_bytes": 171523746,
        "applicable": true
      },
      {
        "kernel": "onpair_dh_k4_t128_b2_h4",
        "role": "experimental",
        "stage_bytes": null,
        "chunk_size": 128,
        "decode_ms": 0.822592,
        "decode_gib_s": 1132.1803282209144,
        "decode_ns_iters": [
          827744,
          832992,
          826336,
          827360,
          829696,
          829024,
          826912,
          826080,
          826368,
          826496,
          827136,
          828960,
          823456,
          824384,
          824832,
          829728,
          824256,
          823456,
          822592,
          824832,
          827456,
          827264,
          826976,
          824640,
          828064,
          826816,
          827424,
          827584,
          826976,
          827072
        ],
        "chunk_tokens": 128,
        "block_threads": 128,
        "staged_input_bytes": 171523746,
        "applicable": true
      },
      {
        "kernel": "onpair_dh_k4_t128_b4_h2",
        "role": "experimental",
        "stage_bytes": null,
        "chunk_size": 128,
        "decode_ms": 0.828928,
        "decode_gib_s": 1123.5263865521474,
        "decode_ns_iters": [
          832512,
          832384,
          831040,
          831424,
          830304,
          830624,
          830272,
          830464,
          830912,
          835776,
          830560,
          835840,
          828928,
          830208,
          829696,
          830112,
          832832,
          832704,
          832000,
          831264,
          831296,
          831840,
          829664,
          831008,
          835552,
          830976,
          839488,
          833792,
          835072,
          831200
        ],
        "chunk_tokens": 128,
        "block_threads": 128,
        "staged_input_bytes": 171523746,
        "applicable": true
      },
      {
        "kernel": "onpair_dh_k4_t128_b4_h3",
        "role": "experimental",
        "stage_bytes": null,
        "chunk_size": 128,
        "decode_ms": 0.825248,
        "decode_gib_s": 1128.5364890940643,
        "decode_ns_iters": [
          833376,
          832320,
          834272,
          832096,
          832128,
          832800,
          832384,
          828992,
          828672,
          829248,
          829440,
          831392,
          831584,
          829504,
          828448,
          829184,
          826976,
          826688,
          825248,
          826304,
          827360,
          827488,
          826624,
          834656,
          827296,
          827968,
          828448,
          829760,
          827744,
          828864
        ],
        "chunk_tokens": 128,
        "block_threads": 128,
        "staged_input_bytes": 171523746,
        "applicable": true
      },
      {
        "kernel": "onpair_dh_k4_t128_b4_h4",
        "role": "experimental",
        "stage_bytes": null,
        "chunk_size": 128,
        "decode_ms": 0.821888,
        "decode_gib_s": 1133.1501135822623,
        "decode_ns_iters": [
          833600,
          827456,
          826304,
          825888,
          825184,
          825600,
          829088,
          827616,
          832416,
          826336,
          826656,
          826624,
          826528,
          825248,
          823680,
          825408,
          824704,
          824480,
          823808,
          823168,
          822432,
          823456,
          829600,
          825472,
          825280,
          825280,
          825024,
          827648,
          827232,
          821888
        ],
        "chunk_tokens": 128,
        "block_threads": 128,
        "staged_input_bytes": 171523746,
        "applicable": true
      },
      {
        "kernel": "onpair_dh_k4_t128_b6_h2",
        "role": "experimental",
        "stage_bytes": null,
        "chunk_size": 128,
        "decode_ms": 0.827584,
        "decode_gib_s": 1125.3509982695393,
        "decode_ns_iters": [
          829600,
          831936,
          828448,
          829760,
          828352,
          828704,
          828320,
          827584,
          830336,
          828928,
          829472,
          828864,
          831840,
          829280,
          829696,
          829216,
          829696,
          836032,
          828736,
          829952,
          828480,
          829184,
          829056,
          829216,
          829376,
          829408,
          828416,
          829856,
          830048,
          835136
        ],
        "chunk_tokens": 128,
        "block_threads": 128,
        "staged_input_bytes": 171523746,
        "applicable": true
      },
      {
        "kernel": "onpair_dh_k4_t128_b6_h3",
        "role": "experimental",
        "stage_bytes": null,
        "chunk_size": 128,
        "decode_ms": 0.825984,
        "decode_gib_s": 1127.530897150427,
        "decode_ns_iters": [
          829152,
          830144,
          826944,
          827296,
          828832,
          829760,
          829152,
          828608,
          828704,
          826400,
          826912,
          826784,
          825984,
          827488,
          833056,
          827840,
          827360,
          830784,
          830176,
          826464,
          828256,
          828448,
          826944,
          826976,
          826720,
          826336,
          826560,
          826112,
          827616,
          827424
        ],
        "chunk_tokens": 128,
        "block_threads": 128,
        "staged_input_bytes": 171523746,
        "applicable": true
      },
      {
        "kernel": "onpair_dh_k4_t128_b6_h4",
        "role": "experimental",
        "stage_bytes": null,
        "chunk_size": 128,
        "decode_ms": 0.823552,
        "decode_gib_s": 1130.860565637505,
        "decode_ns_iters": [
          824352,
          825408,
          823680,
          823552,
          824832,
          824480,
          824384,
          826080,
          824384,
          824416,
          832672,
          826176,
          831744,
          828128,
          829632,
          829376,
          828512,
          829472,
          828480,
          828832,
          830272,
          829344,
          827808,
          827616,
          827744,
          826976,
          826784,
          827360,
          826912,
          830048
        ],
        "chunk_tokens": 128,
        "block_threads": 128,
        "staged_input_bytes": 171523746,
        "applicable": true
      },
      {
        "kernel": "onpair_dh_k4_t128_b8_h2",
        "role": "experimental",
        "stage_bytes": null,
        "chunk_size": 128,
        "decode_ms": 0.827168,
        "decode_gib_s": 1125.9169607043532,
        "decode_ns_iters": [
          831136,
          828896,
          829216,
          828192,
          827584,
          828000,
          827936,
          827552,
          835200,
          828544,
          836416,
          829088,
          828704,
          829984,
          828992,
          828544,
          828384,
          827392,
          829216,
          829152,
          827424,
          828384,
          827776,
          827168,
          828960,
          827552,
          827744,
          828704,
          828064,
          830464
        ],
        "chunk_tokens": 128,
        "block_threads": 128,
        "staged_input_bytes": 171523746,
        "applicable": true
      },
      {
        "kernel": "onpair_dh_k4_t128_b8_h3",
        "role": "experimental",
        "stage_bytes": null,
        "chunk_size": 128,
        "decode_ms": 0.825408,
        "decode_gib_s": 1128.3177295978455,
        "decode_ns_iters": [
          829280,
          828768,
          829088,
          829984,
          828576,
          829376,
          828832,
          830336,
          829088,
          828224,
          830080,
          825408,
          827232,
          829600,
          828608,
          829504,
          831904,
          831104,
          827552,
          830240,
          827520,
          829184,
          831424,
          830144,
          833344,
          832352,
          830400,
          832736,
          831264,
          828224
        ],
        "chunk_tokens": 128,
        "block_threads": 128,
        "staged_input_bytes": 171523746,
        "applicable": true
      },
      {
        "kernel": "onpair_dh_k4_t128_b8_h4",
        "role": "experimental",
        "stage_bytes": null,
        "chunk_size": 128,
        "decode_ms": 0.825696,
        "decode_gib_s": 1127.924176151875,
        "decode_ns_iters": [
          833504,
          833152,
          832032,
          830816,
          829440,
          836512,
          829472,
          828544,
          830144,
          828608,
          828128,
          831808,
          829728,
          831136,
          828896,
          831040,
          829344,
          827104,
          827040,
          825696,
          827424,
          825696,
          826272,
          825888,
          827584,
          826912,
          826912,
          828864,
          827360,
          826272
        ],
        "chunk_tokens": 128,
        "block_threads": 128,
        "staged_input_bytes": 171523746,
        "applicable": true
      },
      {
        "kernel": "onpair_dh_k4_t256_b1_h0",
        "role": "experimental",
        "stage_bytes": null,
        "chunk_size": 128,
        "decode_ms": 0.836896,
        "decode_gib_s": 1112.829408375591,
        "decode_ns_iters": [
          844704,
          841792,
          840640,
          842080,
          842272,
          846880,
          839264,
          840448,
          841152,
          840448,
          840288,
          839424,
          840992,
          839072,
          839840,
          838976,
          836896,
          837824,
          837376,
          842464,
          840448,
          841696,
          839328,
          839616,
          838240,
          838752,
          837952,
          837920,
          839232,
          838112
        ],
        "chunk_tokens": 128,
        "block_threads": 256,
        "staged_input_bytes": 171523746,
        "applicable": true
      },
      {
        "kernel": "onpair_dh_k4_t256_b1_h2",
        "role": "experimental",
        "stage_bytes": null,
        "chunk_size": 128,
        "decode_ms": 0.836,
        "decode_gib_s": 1114.0221059233236,
        "decode_ns_iters": [
          844768,
          837248,
          836192,
          836768,
          837248,
          846912,
          839040,
          839808,
          839968,
          838848,
          837664,
          839680,
          839040,
          837152,
          837120,
          839264,
          839936,
          838336,
          838048,
          836192,
          843520,
          837152,
          838528,
          836992,
          836000,
          836672,
          838656,
          839552,
          839936,
          838752
        ],
        "chunk_tokens": 128,
        "block_threads": 256,
        "staged_input_bytes": 171523746,
        "applicable": true
      },
      {
        "kernel": "onpair_dh_k4_t256_b1_h3",
        "role": "experimental",
        "stage_bytes": null,
        "chunk_size": 128,
        "decode_ms": 0.835776,
        "decode_gib_s": 1114.320679885398,
        "decode_ns_iters": [
          846368,
          840032,
          839712,
          840448,
          839648,
          839424,
          837984,
          844032,
          836736,
          836192,
          835776,
          836576,
          843680,
          839456,
          838656,
          838656,
          839872,
          841984,
          840160,
          840864,
          842048,
          839328,
          845088,
          840384,
          838848,
          840288,
          839232,
          838048,
          839808,
          839296
        ],
        "chunk_tokens": 128,
        "block_threads": 256,
        "staged_input_bytes": 171523746,
        "applicable": true
      },
      {
        "kernel": "onpair_dh_k4_t256_b1_h4",
        "role": "experimental",
        "stage_bytes": null,
        "chunk_size": 128,
        "decode_ms": 0.833344,
        "decode_gib_s": 1117.5726717320802,
        "decode_ns_iters": [
          836544,
          835680,
          835488,
          833344,
          833472,
          835488,
          837728,
          838368,
          835840,
          838528,
          845280,
          839552,
          838688,
          840672,
          839616,
          837248,
          836000,
          837120,
          838944,
          836960,
          836768,
          835968,
          837408,
          835360,
          836768,
          835872,
          843712,
          836960,
          836800,
          837120
        ],
        "chunk_tokens": 128,
        "block_threads": 256,
        "staged_input_bytes": 171523746,
        "applicable": true
      },
      {
        "kernel": "onpair_dh_k4_t256_b2_h2",
        "role": "experimental",
        "stage_bytes": null,
        "chunk_size": 128,
        "decode_ms": 0.838464,
        "decode_gib_s": 1110.7483213971004,
        "decode_ns_iters": [
          844768,
          839392,
          842944,
          851072,
          843680,
          840608,
          840544,
          840544,
          839808,
          838624,
          840352,
          840000,
          839776,
          841152,
          841792,
          841120,
          847232,
          841824,
          841440,
          841920,
          841792,
          842944,
          840896,
          841216,
          840672,
          839936,
          838976,
          839872,
          838464,
          840256
        ],
        "chunk_tokens": 128,
        "block_threads": 256,
        "staged_input_bytes": 171523746,
        "applicable": true
      },
      {
        "kernel": "onpair_dh_k4_t256_b2_h3",
        "role": "experimental",
        "stage_bytes": null,
        "chunk_size": 128,
        "decode_ms": 0.837504,
        "decode_gib_s": 1112.021531302416,
        "decode_ns_iters": [
          841568,
          846176,
          839808,
          838848,
          841856,
          841728,
          848096,
          840704,
          840096,
          842400,
          841696,
          840256,
          841472,
          838112,
          837504,
          839968,
          838624,
          838784,
          839776,
          840160,
          839200,
          838496,
          839616,
          839008,
          838688,
          839968,
          839456,
          841920,
          840800,
          842496
        ],
        "chunk_tokens": 128,
        "block_threads": 256,
        "staged_input_bytes": 171523746,
        "applicable": true
      },
      {
        "kernel": "onpair_dh_k4_t256_b2_h4",
        "role": "experimental",
        "stage_bytes": null,
        "chunk_size": 128,
        "decode_ms": 0.830464,
        "decode_gib_s": 1121.4483476127787,
        "decode_ns_iters": [
          838144,
          838464,
          835392,
          834048,
          835104,
          835264,
          834976,
          833120,
          831840,
          837088,
          831424,
          830464,
          831872,
          831872,
          831520,
          833984,
          833440,
          834752,
          835360,
          835808,
          837248,
          837312,
          836544,
          842496,
          837760,
          837824,
          833248,
          833216,
          833344,
          834560
        ],
        "chunk_tokens": 128,
        "block_threads": 256,
        "staged_input_bytes": 171523746,
        "applicable": true
      },
      {
        "kernel": "onpair_dh_k4_t256_b4_h0",
        "role": "experimental",
        "stage_bytes": null,
        "chunk_size": 128,
        "decode_ms": 0.838464,
        "decode_gib_s": 1110.7483213971004,
        "decode_ns_iters": [
          840864,
          840512,
          841792,
          840832,
          841728,
          839520,
          839264,
          843808,
          844480,
          843200,
          840960,
          842944,
          846848,
          851712,
          843968,
          842528,
          843456,
          841664,
          845664,
          846752,
          846080,
          844160,
          839840,
          839072,
          839968,
          839168,
          846848,
          838464,
          839488,
          843040
        ],
        "chunk_tokens": 128,
        "block_threads": 256,
        "staged_input_bytes": 171523746,
        "applicable": true
      },
      {
        "kernel": "onpair_dh_k4_t256_b4_h2",
        "role": "experimental",
        "stage_bytes": null,
        "chunk_size": 128,
        "decode_ms": 0.837568,
        "decode_gib_s": 1111.9365598397962,
        "decode_ns_iters": [
          841408,
          841856,
          840608,
          841248,
          842400,
          842496,
          842976,
          845120,
          844800,
          844608,
          844192,
          843200,
          842464,
          840256,
          841664,
          840288,
          846336,
          839584,
          840480,
          839072,
          838912,
          837568,
          838368,
          839040,
          839936,
          838432,
          839488,
          839392,
          840064,
          840064
        ],
        "chunk_tokens": 128,
        "block_threads": 256,
        "staged_input_bytes": 171523746,
        "applicable": true
      },
      {
        "kernel": "onpair_dh_k4_t256_b4_h3",
        "role": "experimental",
        "stage_bytes": null,
        "chunk_size": 128,
        "decode_ms": 0.838624,
        "decode_gib_s": 1110.5364031459849,
        "decode_ns_iters": [
          842368,
          843616,
          842144,
          842400,
          841856,
          841888,
          842496,
          841760,
          843808,
          843360,
          842272,
          842912,
          843264,
          843168,
          844608,
          844576,
          845056,
          844640,
          842144,
          843360,
          839552,
          846272,
          840928,
          839904,
          839680,
          840864,
          838624,
          840480,
          844320,
          843904
        ],
        "chunk_tokens": 128,
        "block_threads": 256,
        "staged_input_bytes": 171523746,
        "applicable": true
      },
      {
        "kernel": "onpair_dh_k4_t256_b4_h4",
        "role": "experimental",
        "stage_bytes": null,
        "chunk_size": 128,
        "decode_ms": 0.830912,
        "decode_gib_s": 1120.8437001173393,
        "decode_ns_iters": [
          838656,
          837952,
          838592,
          837984,
          838720,
          836800,
          838912,
          837280,
          837536,
          835776,
          840000,
          834464,
          834976,
          834880,
          835392,
          834624,
          833184,
          834752,
          833888,
          832032,
          831552,
          832640,
          832000,
          839936,
          832800,
          832448,
          832800,
          831424,
          832640,
          830912
        ],
        "chunk_tokens": 128,
        "block_threads": 256,
        "staged_input_bytes": 171523746,
        "applicable": true
      },
      {
        "kernel": "onpair_dh_k4_t256_b6_h2",
        "role": "experimental",
        "stage_bytes": null,
        "chunk_size": 128,
        "decode_ms": 0.823008,
        "decode_gib_s": 1131.6080530832003,
        "decode_ns_iters": [
          823200,
          825056,
          824384,
          824608,
          824032,
          824672,
          825984,
          834240,
          824672,
          826560,
          825664,
          825152,
          824832,
          823008,
          824160,
          824320,
          826016,
          825152,
          824128,
          831680,
          825728,
          824544,
          824160,
          824064,
          823872,
          824416,
          826624,
          826880,
          827584,
          827680
        ],
        "chunk_tokens": 128,
        "block_threads": 256,
        "staged_input_bytes": 171523746,
        "applicable": true
      },
      {
        "kernel": "onpair_dh_k4_t256_b6_h3",
        "role": "experimental",
        "stage_bytes": null,
        "chunk_size": 128,
        "decode_ms": 0.823328,
        "decode_gib_s": 1131.168234958484,
        "decode_ns_iters": [
          829376,
          830848,
          831616,
          829728,
          837408,
          829056,
          838720,
          830624,
          826400,
          827712,
          827104,
          827584,
          823904,
          824640,
          825280,
          826400,
          825088,
          824128,
          824704,
          825824,
          824896,
          825312,
          826496,
          828928,
          826976,
          826368,
          827040,
          823936,
          823328,
          825312
        ],
        "chunk_tokens": 128,
        "block_threads": 256,
        "staged_input_bytes": 171523746,
        "applicable": true
      },
      {
        "kernel": "onpair_dh_k4_t256_b6_h4",
        "role": "experimental",
        "stage_bytes": null,
        "chunk_size": 128,
        "decode_ms": 0.823488,
        "decode_gib_s": 1130.9484540781389,
        "decode_ns_iters": [
          825568,
          825504,
          824768,
          824448,
          826240,
          825792,
          827648,
          825120,
          826528,
          826912,
          825696,
          826944,
          826304,
          825216,
          826496,
          826208,
          826592,
          830496,
          829664,
          826272,
          826368,
          823968,
          824320,
          825504,
          824768,
          829920,
          825120,
          823488,
          823936,
          826912
        ],
        "chunk_tokens": 128,
        "block_threads": 256,
        "staged_input_bytes": 171523746,
        "applicable": true
      },
      {
        "kernel": "onpair_dh_k4_t256_b8_h0",
        "role": "experimental",
        "stage_bytes": null,
        "chunk_size": 128,
        "decode_ms": 0.959488,
        "decode_gib_s": 970.6452613809641,
        "decode_ns_iters": [
          962784,
          963104,
          962176,
          962592,
          962688,
          960608,
          963008,
          959968,
          961792,
          959488,
          960928,
          961184,
          961376,
          961376,
          961088,
          960928,
          959648,
          959744,
          970784,
          963264,
          962912,
          961920,
          964704,
          962336,
          962528,
          962496,
          961248,
          959904,
          960096,
          962464
        ],
        "chunk_tokens": 128,
        "block_threads": 256,
        "staged_input_bytes": 171523746,
        "applicable": true
      },
      {
        "kernel": "onpair_dh_k4_t256_b8_h2",
        "role": "experimental",
        "stage_bytes": null,
        "chunk_size": 128,
        "decode_ms": 0.916768,
        "decode_gib_s": 1015.8758601433498,
        "decode_ns_iters": [
          924928,
          920672,
          917792,
          917344,
          917632,
          918720,
          917440,
          918368,
          917984,
          916768,
          917120,
          917952,
          919936,
          920768,
          919744,
          918272,
          920128,
          917344,
          917952,
          918784,
          920064,
          921600,
          918304,
          923936,
          920544,
          919488,
          921280,
          921728,
          923648,
          925760
        ],
        "chunk_tokens": 128,
        "block_threads": 256,
        "staged_input_bytes": 171523746,
        "applicable": true
      },
      {
        "kernel": "onpair_dh_k4_t256_b8_h3",
        "role": "experimental",
        "stage_bytes": null,
        "chunk_size": 128,
        "decode_ms": 0.944608,
        "decode_gib_s": 985.9354150630721,
        "decode_ns_iters": [
          950688,
          955968,
          950528,
          950336,
          949024,
          950368,
          950272,
          952192,
          948672,
          948768,
          947456,
          947264,
          947584,
          946240,
          945920,
          945440,
          945920,
          945504,
          945216,
          945888,
          945152,
          945280,
          944992,
          945792,
          944704,
          945504,
          944640,
          952736,
          944608,
          946368
        ],
        "chunk_tokens": 128,
        "block_threads": 256,
        "staged_input_bytes": 171523746,
        "applicable": true
      },
      {
        "kernel": "onpair_dh_k4_t256_b8_h4",
        "role": "experimental",
        "stage_bytes": null,
        "chunk_size": 128,
        "decode_ms": 0.956448,
        "decode_gib_s": 973.730386337677,
        "decode_ns_iters": [
          958368,
          959776,
          957984,
          957888,
          956864,
          960992,
          959840,
          961792,
          961344,
          959392,
          961216,
          959968,
          959648,
          959744,
          959520,
          960512,
          960768,
          962048,
          960928,
          960288,
          959360,
          959552,
          958240,
          957408,
          957504,
          960448,
          956448,
          956864,
          960832,
          962304
        ],
        "chunk_tokens": 128,
        "block_threads": 256,
        "staged_input_bytes": 171523746,
        "applicable": true
      },
      {
        "kernel": "onpair_dh_k5_t64_b1_h2",
        "role": "experimental",
        "stage_bytes": null,
        "chunk_size": 160,
        "decode_ms": 0.832672,
        "decode_gib_s": 1118.474598103333,
        "decode_ns_iters": [
          837344,
          835552,
          836928,
          836800,
          843104,
          836800,
          833024,
          832672,
          836800,
          834976,
          835168,
          836000,
          837824,
          838304,
          838336,
          839488,
          845472,
          838816,
          837536,
          844800,
          840352,
          846816,
          838848,
          839424,
          838848,
          838112,
          837888,
          837152,
          839424,
          839008
        ],
        "chunk_tokens": 160,
        "block_threads": 64,
        "staged_input_bytes": 170489786,
        "applicable": true
      },
      {
        "kernel": "onpair_dh_k5_t64_b1_h3",
        "role": "experimental",
        "stage_bytes": null,
        "chunk_size": 160,
        "decode_ms": 0.833728,
        "decode_gib_s": 1117.0579380228305,
        "decode_ns_iters": [
          839552,
          841568,
          838688,
          834368,
          834624,
          836448,
          835776,
          834752,
          841088,
          835552,
          840224,
          834912,
          835840,
          835104,
          838912,
          838176,
          839904,
          838752,
          834592,
          835968,
          835104,
          835232,
          835200,
          841568,
          834720,
          835200,
          833728,
          835776,
          835040,
          837568
        ],
        "chunk_tokens": 160,
        "block_threads": 64,
        "staged_input_bytes": 170489786,
        "applicable": true
      },
      {
        "kernel": "onpair_dh_k5_t64_b1_h4",
        "role": "experimental",
        "stage_bytes": null,
        "chunk_size": 160,
        "decode_ms": 0.829824,
        "decode_gib_s": 1122.3132622723595,
        "decode_ns_iters": [
          834400,
          835200,
          835584,
          833760,
          834368,
          835520,
          836672,
          836128,
          833312,
          829824,
          834016,
          831840,
          831808,
          832416,
          834496,
          834368,
          836800,
          837120,
          838560,
          837792,
          838976,
          839936,
          839744,
          840000,
          845344,
          840352,
          838752,
          839296,
          840128,
          838880
        ],
        "chunk_tokens": 160,
        "block_threads": 64,
        "staged_input_bytes": 170489786,
        "applicable": true
      },
      {
        "kernel": "onpair_dh_k5_t64_b2_h2",
        "role": "experimental",
        "stage_bytes": null,
        "chunk_size": 160,
        "decode_ms": 0.833344,
        "decode_gib_s": 1117.5726717320802,
        "decode_ns_iters": [
          842176,
          837888,
          835520,
          838048,
          836320,
          834624,
          836736,
          836128,
          837216,
          839168,
          837120,
          840928,
          841120,
          834912,
          834688,
          841984,
          836160,
          836160,
          833952,
          833472,
          833344,
          834080,
          837312,
          835424,
          838880,
          838944,
          837568,
          839136,
          838144,
          837888
        ],
        "chunk_tokens": 160,
        "block_threads": 64,
        "staged_input_bytes": 170489786,
        "applicable": true
      },
      {
        "kernel": "onpair_dh_k5_t64_b2_h3",
        "role": "experimental",
        "stage_bytes": null,
        "chunk_size": 160,
        "decode_ms": 0.832832,
        "decode_gib_s": 1118.2597217108594,
        "decode_ns_iters": [
          839808,
          840928,
          841344,
          839776,
          845344,
          838816,
          837632,
          835744,
          838656,
          835840,
          833152,
          836416,
          834240,
          832832,
          835584,
          837376,
          835584,
          834720,
          841824,
          834848,
          835872,
          835776,
          834976,
          834464,
          836288,
          836096,
          834624,
          835424,
          841024,
          838656
        ],
        "chunk_tokens": 160,
        "block_threads": 64,
        "staged_input_bytes": 170489786,
        "applicable": true
      },
      {
        "kernel": "onpair_dh_k5_t64_b2_h4",
        "role": "experimental",
        "stage_bytes": null,
        "chunk_size": 160,
        "decode_ms": 0.831872,
        "decode_gib_s": 1119.5502199279438,
        "decode_ns_iters": [
          836032,
          835744,
          838208,
          837472,
          837664,
          838464,
          837568,
          843296,
          837952,
          845280,
          835424,
          835936,
          835968,
          834176,
          833824,
          834272,
          835648,
          832256,
          836448,
          833760,
          831872,
          841472,
          833632,
          833568,
          835712,
          835936,
          832832,
          832576,
          835232,
          834592
        ],
        "chunk_tokens": 160,
        "block_threads": 64,
        "staged_input_bytes": 170489786,
        "applicable": true
      },
      {
        "kernel": "onpair_dh_k5_t64_b4_h2",
        "role": "experimental",
        "stage_bytes": null,
        "chunk_size": 160,
        "decode_ms": 0.8352,
        "decode_gib_s": 1115.0891769060088,
        "decode_ns_iters": [
          836160,
          839296,
          839264,
          837280,
          836416,
          836416,
          838784,
          839296,
          839040,
          844864,
          838880,
          846080,
          840032,
          839488,
          839008,
          840800,
          836160,
          835200,
          835328,
          839488,
          838112,
          839264,
          839072,
          840256,
          841696,
          845248,
          838624,
          837984,
          835776,
          836352
        ],
        "chunk_tokens": 160,
        "block_threads": 64,
        "staged_input_bytes": 170489786,
        "applicable": true
      },
      {
        "kernel": "onpair_dh_k5_t64_b4_h3",
        "role": "experimental",
        "stage_bytes": null,
        "chunk_size": 160,
        "decode_ms": 0.8344,
        "decode_gib_s": 1116.1582940458993,
        "decode_ns_iters": [
          837664,
          836160,
          837888,
          835808,
          835936,
          834688,
          835040,
          836672,
          837024,
          836416,
          837536,
          837312,
          835584,
          834496,
          841024,
          834944,
          836256,
          837280,
          835296,
          834784,
          835360,
          836480,
          834816,
          834944,
          834400,
          836896,
          839104,
          837280,
          843840,
          836960
        ],
        "chunk_tokens": 160,
        "block_threads": 64,
        "staged_input_bytes": 170489786,
        "applicable": true
      },
      {
        "kernel": "onpair_dh_k5_t64_b4_h4",
        "role": "experimental",
        "stage_bytes": null,
        "chunk_size": 160,
        "decode_ms": 0.830624,
        "decode_gib_s": 1121.2323272044853,
        "decode_ns_iters": [
          837344,
          837152,
          843456,
          837120,
          840672,
          833984,
          833728,
          835200,
          835264,
          835808,
          832768,
          832768,
          833248,
          832032,
          833472,
          833600,
          839168,
          833280,
          830816,
          833664,
          833504,
          832128,
          832096,
          834656,
          835904,
          834432,
          835104,
          833568,
          832800,
          830624
        ],
        "chunk_tokens": 160,
        "block_threads": 64,
        "staged_input_bytes": 170489786,
        "applicable": true
      },
      {
        "kernel": "onpair_dh_k5_t64_b6_h2",
        "role": "experimental",
        "stage_bytes": null,
        "chunk_size": 160,
        "decode_ms": 0.831136,
        "decode_gib_s": 1120.5416208080248,
        "decode_ns_iters": [
          832128,
          834144,
          832800,
          833856,
          843936,
          831136,
          832608,
          833920,
          834048,
          833152,
          833216,
          833216,
          834336,
          833824,
          834912,
          834432,
          834944,
          833888,
          835136,
          835424,
          834752,
          833088,
          832672,
          834624,
          837184,
          833632,
          835040,
          835648,
          834496,
          836320
        ],
        "chunk_tokens": 160,
        "block_threads": 64,
        "staged_input_bytes": 170489786,
        "applicable": true
      },
      {
        "kernel": "onpair_dh_k5_t64_b6_h3",
        "role": "experimental",
        "stage_bytes": null,
        "chunk_size": 160,
        "decode_ms": 0.83504,
        "decode_gib_s": 1115.302836453222,
        "decode_ns_iters": [
          837568,
          840864,
          838112,
          839456,
          848608,
          838784,
          842176,
          839616,
          839264,
          838944,
          836960,
          836320,
          836608,
          838272,
          837888,
          838656,
          839200,
          837728,
          837312,
          839584,
          847296,
          839104,
          836736,
          835648,
          835040,
          835360,
          835296,
          835392,
          837088,
          836416
        ],
        "chunk_tokens": 160,
        "block_threads": 64,
        "staged_input_bytes": 170489786,
        "applicable": true
      },
      {
        "kernel": "onpair_dh_k5_t64_b6_h4",
        "role": "experimental",
        "stage_bytes": null,
        "chunk_size": 160,
        "decode_ms": 0.8312,
        "decode_gib_s": 1120.455342338665,
        "decode_ns_iters": [
          831264,
          832928,
          832832,
          831200,
          833888,
          835072,
          836128,
          836256,
          839168,
          833632,
          834336,
          834176,
          834400,
          832992,
          835424,
          833376,
          834144,
          833120,
          836000,
          835392,
          835424,
          835520,
          839232,
          833472,
          833568,
          832832,
          831776,
          832960,
          833440,
          833440
        ],
        "chunk_tokens": 160,
        "block_threads": 64,
        "staged_input_bytes": 170489786,
        "applicable": true
      },
      {
        "kernel": "onpair_dh_k5_t64_b8_h2",
        "role": "experimental",
        "stage_bytes": null,
        "chunk_size": 160,
        "decode_ms": 0.834368,
        "decode_gib_s": 1116.201101374811,
        "decode_ns_iters": [
          836480,
          840416,
          838592,
          837664,
          839968,
          840000,
          839328,
          840352,
          842016,
          838496,
          843776,
          837888,
          837760,
          837856,
          837952,
          836032,
          835392,
          835040,
          836576,
          836288,
          834368,
          836928,
          837504,
          837344,
          841952,
          837408,
          834624,
          836992,
          837664,
          835936
        ],
        "chunk_tokens": 160,
        "block_threads": 64,
        "staged_input_bytes": 170489786,
        "applicable": true
      },
      {
        "kernel": "onpair_dh_k5_t64_b8_h3",
        "role": "experimental",
        "stage_bytes": null,
        "chunk_size": 160,
        "decode_ms": 0.836736,
        "decode_gib_s": 1113.04220274005,
        "decode_ns_iters": [
          838016,
          839552,
          838208,
          838656,
          837408,
          840448,
          839968,
          838080,
          836736,
          840416,
          841536,
          838304,
          838720,
          839520,
          845408,
          837728,
          846912,
          838368,
          839168,
          840224,
          840000,
          838752,
          839584,
          838048,
          837472,
          840160,
          837536,
          837568,
          837440,
          837056
        ],
        "chunk_tokens": 160,
        "block_threads": 64,
        "staged_input_bytes": 170489786,
        "applicable": true
      },
      {
        "kernel": "onpair_dh_k5_t64_b8_h4",
        "role": "experimental",
        "stage_bytes": null,
        "chunk_size": 160,
        "decode_ms": 0.832512,
        "decode_gib_s": 1118.689557089746,
        "decode_ns_iters": [
          835808,
          837440,
          833984,
          835424,
          833376,
          835648,
          832640,
          834624,
          833408,
          832512,
          834080,
          835712,
          835808,
          833440,
          834592,
          834752,
          833344,
          833536,
          839296,
          833728,
          834784,
          838176,
          839840,
          835808,
          836608,
          834752,
          837088,
          836896,
          835904,
          836096
        ],
        "chunk_tokens": 160,
        "block_threads": 64,
        "staged_input_bytes": 170489786,
        "applicable": true
      },
      {
        "kernel": "onpair_dh_k5_t128_b1_h2",
        "role": "experimental",
        "stage_bytes": null,
        "chunk_size": 160,
        "decode_ms": 0.831776,
        "decode_gib_s": 1119.679433587767,
        "decode_ns_iters": [
          835008,
          836480,
          835200,
          834080,
          832928,
          836768,
          840736,
          836448,
          834496,
          834880,
          836576,
          836928,
          837344,
          837376,
          836704,
          833856,
          838432,
          836576,
          837728,
          836608,
          842272,
          836256,
          833024,
          834560,
          833120,
          833856,
          831776,
          832864,
          833600,
          832928
        ],
        "chunk_tokens": 160,
        "block_threads": 128,
        "staged_input_bytes": 170489786,
        "applicable": true
      },
      {
        "kernel": "onpair_dh_k5_t128_b1_h3",
        "role": "experimental",
        "stage_bytes": null,
        "chunk_size": 160,
        "decode_ms": 0.830176,
        "decode_gib_s": 1121.8373941813525,
        "decode_ns_iters": [
          833600,
          831744,
          831424,
          835136,
          835040,
          833792,
          841824,
          833024,
          833696,
          833216,
          835136,
          836192,
          836512,
          833312,
          833216,
          833120,
          833696,
          835616,
          835008,
          832384,
          840928,
          833344,
          841664,
          835520,
          832736,
          832896,
          831456,
          830176,
          831808,
          830400
        ],
        "chunk_tokens": 160,
        "block_threads": 128,
        "staged_input_bytes": 170489786,
        "applicable": true
      },
      {
        "kernel": "onpair_dh_k5_t128_b1_h4",
        "role": "experimental",
        "stage_bytes": null,
        "chunk_size": 160,
        "decode_ms": 0.831072,
        "decode_gib_s": 1120.6279125658166,
        "decode_ns_iters": [
          832096,
          831968,
          831712,
          832384,
          832800,
          831392,
          833792,
          837600,
          832288,
          832512,
          831072,
          831904,
          831168,
          832032,
          834848,
          836288,
          837376,
          835968,
          836064,
          833952,
          834816,
          844352,
          834304,
          833120,
          832032,
          831296,
          831072,
          833024,
          831488,
          832736
        ],
        "chunk_tokens": 160,
        "block_threads": 128,
        "staged_input_bytes": 170489786,
        "applicable": true
      },
      {
        "kernel": "onpair_dh_k5_t128_b2_h2",
        "role": "experimental",
        "stage_bytes": null,
        "chunk_size": 160,
        "decode_ms": 0.834496,
        "decode_gib_s": 1116.0298917572984,
        "decode_ns_iters": [
          835232,
          835456,
          838592,
          836864,
          834784,
          835168,
          836192,
          839744,
          838336,
          844448,
          835584,
          837024,
          839776,
          839232,
          839616,
          838688,
          838144,
          838240,
          839168,
          837696,
          836704,
          836992,
          836768,
          837344,
          837120,
          842400,
          835072,
          834496,
          835200,
          835072
        ],
        "chunk_tokens": 160,
        "block_threads": 128,
        "staged_input_bytes": 170489786,
        "applicable": true
      },
      {
        "kernel": "onpair_dh_k5_t128_b2_h3",
        "role": "experimental",
        "stage_bytes": null,
        "chunk_size": 160,
        "decode_ms": 0.830336,
        "decode_gib_s": 1121.621223880331,
        "decode_ns_iters": [
          834944,
          836928,
          832416,
          832576,
          832448,
          830752,
          832992,
          830880,
          833248,
          833696,
          832800,
          833920,
          839808,
          833056,
          830752,
          830336,
          831936,
          831008,
          835296,
          835776,
          835424,
          833504,
          834720,
          833344,
          832512,
          835200,
          832928,
          833856,
          831232,
          831040
        ],
        "chunk_tokens": 160,
        "block_threads": 128,
        "staged_input_bytes": 170489786,
        "applicable": true
      },
      {
        "kernel": "onpair_dh_k5_t128_b2_h4",
        "role": "experimental",
        "stage_bytes": null,
        "chunk_size": 160,
        "decode_ms": 0.830752,
        "decode_gib_s": 1121.0595707887533,
        "decode_ns_iters": [
          841344,
          832928,
          832544,
          833056,
          833664,
          833216,
          833216,
          830752,
          834528,
          836160,
          835200,
          834944,
          840128,
          831936,
          834880,
          834880,
          835040,
          836768,
          835360,
          836576,
          837088,
          836512,
          835456,
          834624,
          834048,
          834432,
          834816,
          841696,
          833920,
          836256
        ],
        "chunk_tokens": 160,
        "block_threads": 128,
        "staged_input_bytes": 170489786,
        "applicable": true
      },
      {
        "kernel": "onpair_dh_k5_t128_b4_h2",
        "role": "experimental",
        "stage_bytes": null,
        "chunk_size": 160,
        "decode_ms": 0.830944,
        "decode_gib_s": 1120.8005359589797,
        "decode_ns_iters": [
          837440,
          840256,
          843936,
          837440,
          838912,
          837056,
          837504,
          837344,
          836992,
          835552,
          835136,
          838240,
          839552,
          836768,
          835136,
          836864,
          835008,
          836032,
          832640,
          844032,
          835744,
          834080,
          834944,
          830944,
          832544,
          832864,
          832288,
          832192,
          832864,
          832800
        ],
        "chunk_tokens": 160,
        "block_threads": 128,
        "staged_input_bytes": 170489786,
        "applicable": true
      },
      {
        "kernel": "onpair_dh_k5_t128_b4_h3",
        "role": "experimental",
        "stage_bytes": null,
        "chunk_size": 160,
        "decode_ms": 0.830208,
        "decode_gib_s": 1121.7941534553975,
        "decode_ns_iters": [
          832128,
          832224,
          832256,
          841952,
          831840,
          833728,
          833056,
          832800,
          833664,
          831776,
          832448,
          830848,
          832064,
          830208,
          830624,
          832128,
          831392,
          837760,
          831264,
          833248,
          832800,
          833216,
          832960,
          836512,
          835488,
          836288,
          835904,
          836576,
          835936,
          838912
        ],
        "chunk_tokens": 160,
        "block_threads": 128,
        "staged_input_bytes": 170489786,
        "applicable": true
      },
      {
        "kernel": "onpair_dh_k5_t128_b4_h4",
        "role": "experimental",
        "stage_bytes": null,
        "chunk_size": 160,
        "decode_ms": 0.831456,
        "decode_gib_s": 1120.1103612841791,
        "decode_ns_iters": [
          834528,
          835840,
          835680,
          833952,
          834880,
          841056,
          834848,
          835360,
          831904,
          831456,
          831840,
          831680,
          831968,
          831456,
          837984,
          834592,
          834880,
          835392,
          833088,
          841376,
          834976,
          833472,
          833696,
          835104,
          835840,
          834368,
          833216,
          832544,
          833728,
          831488
        ],
        "chunk_tokens": 160,
        "block_threads": 128,
        "staged_input_bytes": 170489786,
        "applicable": true
      },
      {
        "kernel": "onpair_dh_k5_t128_b6_h2",
        "role": "experimental",
        "stage_bytes": null,
        "chunk_size": 160,
        "decode_ms": 0.834688,
        "decode_gib_s": 1115.7731757877177,
        "decode_ns_iters": [
          837792,
          835328,
          837632,
          837888,
          838848,
          838016,
          839328,
          844288,
          837472,
          839104,
          841152,
          841088,
          839872,
          839840,
          836672,
          837856,
          836288,
          837760,
          836352,
          839936,
          838720,
          834688,
          835264,
          841216,
          835008,
          844224,
          837408,
          836576,
          837760,
          837792
        ],
        "chunk_tokens": 160,
        "block_threads": 128,
        "staged_input_bytes": 170489786,
        "applicable": true
      },
      {
        "kernel": "onpair_dh_k5_t128_b6_h3",
        "role": "experimental",
        "stage_bytes": null,
        "chunk_size": 160,
        "decode_ms": 0.832352,
        "decode_gib_s": 1118.9045987177283,
        "decode_ns_iters": [
          835840,
          835968,
          837696,
          837184,
          837504,
          835520,
          836384,
          835008,
          833088,
          837152,
          834240,
          840960,
          837024,
          835104,
          844256,
          833952,
          834080,
          835872,
          835232,
          836384,
          836256,
          834336,
          836640,
          832800,
          833600,
          838560,
          832352,
          840704,
          833888,
          834400
        ],
        "chunk_tokens": 160,
        "block_threads": 128,
        "staged_input_bytes": 170489786,
        "applicable": true
      },
      {
        "kernel": "onpair_dh_k5_t128_b6_h4",
        "role": "experimental",
        "stage_bytes": null,
        "chunk_size": 160,
        "decode_ms": 0.828704,
        "decode_gib_s": 1123.8300775088553,
        "decode_ns_iters": [
          832352,
          830240,
          832032,
          829472,
          832224,
          831968,
          833664,
          832672,
          831808,
          833760,
          832512,
          835840,
          841440,
          839040,
          831872,
          832160,
          831552,
          832384,
          831424,
          829632,
          828704,
          829568,
          829728,
          833408,
          831776,
          839360,
          830688,
          831392,
          831584,
          834464
        ],
        "chunk_tokens": 160,
        "block_threads": 128,
        "staged_input_bytes": 170489786,
        "applicable": true
      },
      {
        "kernel": "onpair_dh_k5_t128_b8_h2",
        "role": "experimental",
        "stage_bytes": null,
        "chunk_size": 160,
        "decode_ms": 0.836704,
        "decode_gib_s": 1113.0847713790045,
        "decode_ns_iters": [
          838368,
          836704,
          838272,
          838944,
          836736,
          837888,
          837024,
          836992,
          836960,
          837056,
          838784,
          839360,
          839616,
          837760,
          837024,
          842944,
          839328,
          839648,
          841696,
          838048,
          838368,
          840896,
          839328,
          838784,
          841536,
          839104,
          837024,
          838112,
          837824,
          841088
        ],
        "chunk_tokens": 160,
        "block_threads": 128,
        "staged_input_bytes": 170489786,
        "applicable": true
      },
      {
        "kernel": "onpair_dh_k5_t128_b8_h3",
        "role": "experimental",
        "stage_bytes": null,
        "chunk_size": 160,
        "decode_ms": 0.832832,
        "decode_gib_s": 1118.2597217108594,
        "decode_ns_iters": [
          838528,
          839104,
          836160,
          836160,
          835616,
          836736,
          842624,
          836096,
          837120,
          834496,
          833856,
          834240,
          836320,
          835936,
          836640,
          833920,
          833824,
          835712,
          836608,
          835360,
          841056,
          837152,
          837184,
          839040,
          836608,
          834336,
          832992,
          832832,
          835328,
          834112
        ],
        "chunk_tokens": 160,
        "block_threads": 128,
        "staged_input_bytes": 170489786,
        "applicable": true
      },
      {
        "kernel": "onpair_dh_k5_t128_b8_h4",
        "role": "experimental",
        "stage_bytes": null,
        "chunk_size": 160,
        "decode_ms": 0.829696,
        "decode_gib_s": 1122.4864053242375,
        "decode_ns_iters": [
          833312,
          831360,
          829888,
          830048,
          829696,
          830048,
          833344,
          834976,
          833184,
          836000,
          832832,
          836544,
          835136,
          835648,
          834752,
          832928,
          835360,
          836096,
          833792,
          836320,
          834336,
          832256,
          841632,
          834880,
          834976,
          833696,
          835264,
          835968,
          835584,
          837504
        ],
        "chunk_tokens": 160,
        "block_threads": 128,
        "staged_input_bytes": 170489786,
        "applicable": true
      },
      {
        "kernel": "onpair_dh_k5_t256_b1_h0",
        "role": "experimental",
        "stage_bytes": null,
        "chunk_size": 160,
        "decode_ms": 0.844768,
        "decode_gib_s": 1102.4594688149864,
        "decode_ns_iters": [
          848384,
          848736,
          846976,
          845536,
          844864,
          846912,
          848160,
          845568,
          845600,
          848032,
          846656,
          845376,
          845888,
          845120,
          851488,
          846080,
          847872,
          844768,
          847072,
          847520,
          849472,
          850016,
          850048,
          854528,
          849120,
          847936,
          849408,
          847936,
          846912,
          845024
        ],
        "chunk_tokens": 160,
        "block_threads": 256,
        "staged_input_bytes": 170489786,
        "applicable": true
      },
      {
        "kernel": "onpair_dh_k5_t256_b1_h2",
        "role": "experimental",
        "stage_bytes": null,
        "chunk_size": 160,
        "decode_ms": 0.842112,
        "decode_gib_s": 1105.9365981625942,
        "decode_ns_iters": [
          847232,
          844512,
          845152,
          845760,
          848288,
          844800,
          846752,
          848896,
          855328,
          847808,
          847104,
          848160,
          846880,
          847456,
          847456,
          846176,
          847232,
          844832,
          843296,
          844352,
          844352,
          844544,
          842912,
          842848,
          842464,
          848384,
          842112,
          843936,
          843296,
          845536
        ],
        "chunk_tokens": 160,
        "block_threads": 256,
        "staged_input_bytes": 170489786,
        "applicable": true
      },
      {
        "kernel": "onpair_dh_k5_t256_b1_h3",
        "role": "experimental",
        "stage_bytes": null,
        "chunk_size": 160,
        "decode_ms": 0.83872,
        "decode_gib_s": 1110.4092910052204,
        "decode_ns_iters": [
          846208,
          840512,
          842016,
          839200,
          839936,
          841408,
          842688,
          839968,
          844512,
          843296,
          842496,
          843072,
          843232,
          842944,
          844096,
          843584,
          847840,
          844032,
          848320,
          838720,
          838848,
          840192,
          842592,
          841120,
          839584,
          840736,
          840000,
          841504,
          844064,
          839552
        ],
        "chunk_tokens": 160,
        "block_threads": 256,
        "staged_input_bytes": 170489786,
        "applicable": true
      },
      {
        "kernel": "onpair_dh_k5_t256_b1_h4",
        "role": "experimental",
        "stage_bytes": null,
        "chunk_size": 160,
        "decode_ms": 0.834784,
        "decode_gib_s": 1115.6448620863582,
        "decode_ns_iters": [
          836160,
          838464,
          837184,
          835328,
          838656,
          840544,
          836704,
          843200,
          837568,
          835232,
          837568,
          834784,
          836768,
          837792,
          838304,
          838144,
          840864,
          840256,
          839872,
          841824,
          847872,
          840576,
          840032,
          841472,
          841376,
          840192,
          840256,
          840288,
          839904,
          841440
        ],
        "chunk_tokens": 160,
        "block_threads": 256,
        "staged_input_bytes": 170489786,
        "applicable": true
      },
      {
        "kernel": "onpair_dh_k5_t256_b2_h2",
        "role": "experimental",
        "stage_bytes": null,
        "chunk_size": 160,
        "decode_ms": 0.842848,
        "decode_gib_s": 1104.9708613556638,
        "decode_ns_iters": [
          845312,
          843264,
          844640,
          844640,
          844064,
          844512,
          844288,
          846944,
          846656,
          847264,
          846240,
          849568,
          847776,
          853600,
          843840,
          843488,
          842848,
          846432,
          846368,
          849152,
          847136,
          847776,
          847360,
          845504,
          846656,
          846688,
          847584,
          847872,
          848320,
          846784
        ],
        "chunk_tokens": 160,
        "block_threads": 256,
        "staged_input_bytes": 170489786,
        "applicable": true
      },
      {
        "kernel": "onpair_dh_k5_t256_b2_h3",
        "role": "experimental",
        "stage_bytes": null,
        "chunk_size": 160,
        "decode_ms": 0.837344,
        "decode_gib_s": 1112.2340167862892,
        "decode_ns_iters": [
          839040,
          839840,
          839968,
          839552,
          839072,
          839008,
          845920,
          840384,
          840928,
          840000,
          839584,
          840320,
          841824,
          842112,
          840096,
          841792,
          837344,
          840544,
          841824,
          839648,
          838272,
          844352,
          840416,
          844000,
          840416,
          839712,
          838464,
          840256,
          840576,
          839072
        ],
        "chunk_tokens": 160,
        "block_threads": 256,
        "staged_input_bytes": 170489786,
        "applicable": true
      },
      {
        "kernel": "onpair_dh_k5_t256_b2_h4",
        "role": "experimental",
        "stage_bytes": null,
        "chunk_size": 160,
        "decode_ms": 0.836512,
        "decode_gib_s": 1113.34025160655,
        "decode_ns_iters": [
          837408,
          836512,
          836992,
          836640,
          838080,
          838368,
          837568,
          837248,
          837600,
          847360,
          838688,
          839936,
          847552,
          839456,
          839008,
          839264,
          840576,
          839392,
          838592,
          836992,
          836896,
          842592,
          837280,
          839584,
          837024,
          844576,
          838720,
          840544,
          840960,
          839584
        ],
        "chunk_tokens": 160,
        "block_threads": 256,
        "staged_input_bytes": 170489786,
        "applicable": true
      },
      {
        "kernel": "onpair_dh_k5_t256_b4_h0",
        "role": "experimental",
        "stage_bytes": null,
        "chunk_size": 160,
        "decode_ms": 0.847616,
        "decode_gib_s": 1098.755191681019,
        "decode_ns_iters": [
          850336,
          856384,
          850720,
          849632,
          848320,
          850048,
          850624,
          851744,
          848032,
          849312,
          848960,
          849504,
          848480,
          850176,
          849376,
          847904,
          848992,
          849120,
          848224,
          848256,
          854496,
          849184,
          849056,
          848864,
          850560,
          848672,
          850368,
          850688,
          847616,
          849856
        ],
        "chunk_tokens": 160,
        "block_threads": 256,
        "staged_input_bytes": 170489786,
        "applicable": true
      },
      {
        "kernel": "onpair_dh_k5_t256_b4_h2",
        "role": "experimental",
        "stage_bytes": null,
        "chunk_size": 160,
        "decode_ms": 0.843328,
        "decode_gib_s": 1104.3419411568198,
        "decode_ns_iters": [
          845952,
          845696,
          846496,
          846176,
          846944,
          847328,
          844672,
          845632,
          847168,
          846688,
          843776,
          843808,
          844128,
          844640,
          848960,
          846656,
          843424,
          843328,
          844960,
          845184,
          845760,
          846720,
          846944,
          843968,
          844064,
          847008,
          848480,
          845440,
          844928,
          843872
        ],
        "chunk_tokens": 160,
        "block_threads": 256,
        "staged_input_bytes": 170489786,
        "applicable": true
      },
      {
        "kernel": "onpair_dh_k5_t256_b4_h3",
        "role": "experimental",
        "stage_bytes": null,
        "chunk_size": 160,
        "decode_ms": 0.837824,
        "decode_gib_s": 1111.5968038059286,
        "decode_ns_iters": [
          841408,
          840512,
          841280,
          841728,
          840832,
          847136,
          842528,
          838368,
          838656,
          837824,
          839680,
          841760,
          843648,
          841600,
          842016,
          843200,
          842880,
          842336,
          843808,
          842784,
          843424,
          850240,
          844128,
          843584,
          841280,
          841600,
          841248,
          843264,
          843552,
          845568
        ],
        "chunk_tokens": 160,
        "block_threads": 256,
        "staged_input_bytes": 170489786,
        "applicable": true
      },
      {
        "kernel": "onpair_dh_k5_t256_b4_h4",
        "role": "experimental",
        "stage_bytes": null,
        "chunk_size": 160,
        "decode_ms": 0.838624,
        "decode_gib_s": 1110.5364031459849,
        "decode_ns_iters": [
          842464,
          841376,
          840928,
          841088,
          841728,
          842944,
          843616,
          843968,
          843040,
          842112,
          840672,
          842752,
          842976,
          841376,
          850304,
          841440,
          841888,
          841408,
          838656,
          838624,
          839456,
          840544,
          846400,
          840576,
          840224,
          839360,
          839872,
          840768,
          839232,
          839680
        ],
        "chunk_tokens": 160,
        "block_threads": 256,
        "staged_input_bytes": 170489786,
        "applicable": true
      },
      {
        "kernel": "onpair_dh_k5_t256_b6_h2",
        "role": "experimental",
        "stage_bytes": null,
        "chunk_size": 160,
        "decode_ms": 0.863104,
        "decode_gib_s": 1079.038540606808,
        "decode_ns_iters": [
          864384,
          867936,
          867008,
          868640,
          865696,
          866432,
          864064,
          864480,
          866368,
          867200,
          875392,
          870880,
          867744,
          865952,
          866016,
          867840,
          869024,
          868128,
          868512,
          868192,
          864608,
          866048,
          867392,
          866624,
          868608,
          865088,
          863104,
          866016,
          863424,
          863616
        ],
        "chunk_tokens": 160,
        "block_threads": 256,
        "staged_input_bytes": 170489786,
        "applicable": true
      },
      {
        "kernel": "onpair_dh_k5_t256_b6_h3",
        "role": "experimental",
        "stage_bytes": null,
        "chunk_size": 160,
        "decode_ms": 0.860992,
        "decode_gib_s": 1081.6854053834397,
        "decode_ns_iters": [
          863264,
          860992,
          863328,
          863072,
          862656,
          865792,
          866272,
          867904,
          866176,
          866336,
          866976,
          865600,
          866944,
          865280,
          866208,
          872384,
          863424,
          862496,
          862528,
          863488,
          864384,
          864960,
          865728,
          863968,
          863552,
          863296,
          863808,
          868320,
          866048,
          862336
        ],
        "chunk_tokens": 160,
        "block_threads": 256,
        "staged_input_bytes": 170489786,
        "applicable": true
      },
      {
        "kernel": "onpair_dh_k5_t256_b6_h4",
        "role": "experimental",
        "stage_bytes": null,
        "chunk_size": 160,
        "decode_ms": 0.889024,
        "decode_gib_s": 1047.5785586799664,
        "decode_ns_iters": [
          890272,
          891456,
          889024,
          889568,
          889280,
          892480,
          893248,
          895776,
          893312,
          889408,
          891264,
          891616,
          889888,
          890976,
          891296,
          894016,
          893120,
          892832,
          892192,
          894048,
          892224,
          892704,
          891648,
          893056,
          893344,
          891232,
          890848,
          889920,
          889632,
          892832
        ],
        "chunk_tokens": 160,
        "block_threads": 256,
        "staged_input_bytes": 170489786,
        "applicable": true
      },
      {
        "kernel": "onpair_dh_k5_t256_b8_h0",
        "role": "experimental",
        "stage_bytes": null,
        "chunk_size": 160,
        "decode_ms": 1.26752,
        "decode_gib_s": 734.7595939724016,
        "decode_ns_iters": [
          1276000,
          1283520,
          1271072,
          1271648,
          1273984,
          1274048,
          1272352,
          1274976,
          1274048,
          1274144,
          1272064,
          1273600,
          1269920,
          1271552,
          1270368,
          1273280,
          1272064,
          1276768,
          1268128,
          1271616,
          1268832,
          1270624,
          1273600,
          1272384,
          1268768,
          1267520,
          1269472,
          1268480,
          1271552,
          1267968
        ],
        "chunk_tokens": 160,
        "block_threads": 256,
        "staged_input_bytes": 170489786,
        "applicable": true
      },
      {
        "kernel": "onpair_dh_k5_t256_b8_h2",
        "role": "experimental",
        "stage_bytes": null,
        "chunk_size": 160,
        "decode_ms": 1.098848,
        "decode_gib_s": 847.54441064815,
        "decode_ns_iters": [
          1101664,
          1106240,
          1103488,
          1115232,
          1103648,
          1103776,
          1104000,
          1103296,
          1111872,
          1103104,
          1102688,
          1101504,
          1101760,
          1109088,
          1100032,
          1100160,
          1099872,
          1099712,
          1100480,
          1098848,
          1100640,
          1100416,
          1103520,
          1102496,
          1102528,
          1102400,
          1101600,
          1102688,
          1103200,
          1099424
        ],
        "chunk_tokens": 160,
        "block_threads": 256,
        "staged_input_bytes": 170489786,
        "applicable": true
      },
      {
        "kernel": "onpair_dh_k5_t256_b8_h3",
        "role": "experimental",
        "stage_bytes": null,
        "chunk_size": 160,
        "decode_ms": 1.098112,
        "decode_gib_s": 848.1124699046167,
        "decode_ns_iters": [
          1099712,
          1100544,
          1100480,
          1100160,
          1101536,
          1099936,
          1100480,
          1101408,
          1098784,
          1098144,
          1100640,
          1099776,
          1098240,
          1100064,
          1105440,
          1098112,
          1100256,
          1100672,
          1100576,
          1100320,
          1103072,
          1102240,
          1100192,
          1099648,
          1107872,
          1100000,
          1099936,
          1100896,
          1099456,
          1102080
        ],
        "chunk_tokens": 160,
        "block_threads": 256,
        "staged_input_bytes": 170489786,
        "applicable": true
      },
      {
        "kernel": "onpair_dh_k5_t256_b8_h4",
        "role": "experimental",
        "stage_bytes": null,
        "chunk_size": 160,
        "decode_ms": 1.230272,
        "decode_gib_s": 757.0053456080431,
        "decode_ns_iters": [
          1230272,
          1231488,
          1234688,
          1233888,
          1234752,
          1235104,
          1234144,
          1233056,
          1233280,
          1234528,
          1233888,
          1232544,
          1234176,
          1231936,
          1232128,
          1231680,
          1232064,
          1231488,
          1237440,
          1231520,
          1231360,
          1239040,
          1230720,
          1234528,
          1231360,
          1232256,
          1232736,
          1231520,
          1232448,
          1235424
        ],
        "chunk_tokens": 160,
        "block_threads": 256,
        "staged_input_bytes": 170489786,
        "applicable": true
      },
      {
        "kernel": "onpair_dh_k6_t64_b1_h2",
        "role": "experimental",
        "stage_bytes": null,
        "chunk_size": 192,
        "decode_ms": 0.840928,
        "decode_gib_s": 1107.4937218785656,
        "decode_ns_iters": [
          854368,
          844960,
          846688,
          843936,
          847456,
          853216,
          843872,
          844992,
          850720,
          842240,
          841760,
          840928,
          842560,
          843072,
          845472,
          843648,
          843840,
          843904,
          844192,
          844064,
          843520,
          850944,
          843680,
          844480,
          844512,
          844768,
          846368,
          847008,
          846688,
          846912
        ],
        "chunk_tokens": 192,
        "block_threads": 64,
        "staged_input_bytes": 169800490,
        "applicable": true
      },
      {
        "kernel": "onpair_dh_k6_t64_b1_h3",
        "role": "experimental",
        "stage_bytes": null,
        "chunk_size": 192,
        "decode_ms": 0.841664,
        "decode_gib_s": 1106.525264894184,
        "decode_ns_iters": [
          845184,
          844032,
          844352,
          843488,
          844128,
          844544,
          844448,
          844032,
          843968,
          845088,
          843136,
          844128,
          845312,
          843232,
          851040,
          843456,
          844992,
          844928,
          844960,
          843296,
          845152,
          841664,
          842720,
          845280,
          842944,
          844192,
          843168,
          845472,
          843264,
          846144
        ],
        "chunk_tokens": 192,
        "block_threads": 64,
        "staged_input_bytes": 169800490,
        "applicable": true
      },
      {
        "kernel": "onpair_dh_k6_t64_b1_h4",
        "role": "experimental",
        "stage_bytes": null,
        "chunk_size": 192,
        "decode_ms": 0.839744,
        "decode_gib_s": 1109.0552365386338,
        "decode_ns_iters": [
          842752,
          843712,
          842144,
          844000,
          844736,
          844224,
          846752,
          844032,
          850400,
          844576,
          843296,
          842400,
          842848,
          842688,
          842496,
          842176,
          842528,
          839744,
          843360,
          842336,
          842432,
          842304,
          843808,
          842048,
          842016,
          848992,
          841888,
          842528,
          841984,
          841408
        ],
        "chunk_tokens": 192,
        "block_threads": 64,
        "staged_input_bytes": 169800490,
        "applicable": true
      },
      {
        "kernel": "onpair_dh_k6_t64_b2_h2",
        "role": "experimental",
        "stage_bytes": null,
        "chunk_size": 192,
        "decode_ms": 0.845856,
        "decode_gib_s": 1101.0414072275876,
        "decode_ns_iters": [
          847808,
          853120,
          845856,
          848320,
          853568,
          848096,
          848128,
          848736,
          847648,
          846592,
          848960,
          848832,
          847584,
          848384,
          848896,
          849856,
          847904,
          846816,
          846240,
          846880,
          857152,
          847328,
          846144,
          846400,
          846048,
          846944,
          847232,
          846464,
          848864,
          848128
        ],
        "chunk_tokens": 192,
        "block_threads": 64,
        "staged_input_bytes": 169800490,
        "applicable": true
      },
      {
        "kernel": "onpair_dh_k6_t64_b2_h3",
        "role": "experimental",
        "stage_bytes": null,
        "chunk_size": 192,
        "decode_ms": 0.841792,
        "decode_gib_s": 1106.3570104632718,
        "decode_ns_iters": [
          845728,
          850016,
          846784,
          847136,
          845088,
          844544,
          847360,
          845216,
          844800,
          843232,
          845440,
          846528,
          844576,
          845088,
          843872,
          844864,
          850976,
          844704,
          841888,
          841792,
          843488,
          843136,
          843552,
          845440,
          846784,
          845856,
          843936,
          846528,
          844000,
          843200
        ],
        "chunk_tokens": 192,
        "block_threads": 64,
        "staged_input_bytes": 169800490,
        "applicable": true
      },
      {
        "kernel": "onpair_dh_k6_t64_b2_h4",
        "role": "experimental",
        "stage_bytes": null,
        "chunk_size": 192,
        "decode_ms": 0.838432,
        "decode_gib_s": 1110.7907147531328,
        "decode_ns_iters": [
          841280,
          841632,
          843264,
          843424,
          844640,
          843904,
          840576,
          838432,
          842432,
          848000,
          838720,
          849408,
          841152,
          841024,
          842880,
          842112,
          841120,
          843200,
          842304,
          840672,
          844992,
          845088,
          845088,
          838880,
          844192,
          849632,
          843360,
          843136,
          849440,
          840352
        ],
        "chunk_tokens": 192,
        "block_threads": 64,
        "staged_input_bytes": 169800490,
        "applicable": true
      },
      {
        "kernel": "onpair_dh_k6_t64_b4_h2",
        "role": "experimental",
        "stage_bytes": null,
        "chunk_size": 192,
        "decode_ms": 0.843872,
        "decode_gib_s": 1103.6300298527485,
        "decode_ns_iters": [
          845504,
          843872,
          852544,
          845184,
          847104,
          847328,
          849440,
          846016,
          846272,
          846304,
          846112,
          846560,
          847584,
          845504,
          846720,
          846592,
          846048,
          845664,
          844672,
          846144,
          855840,
          848288,
          847200,
          848000,
          846464,
          845920,
          848576,
          846720,
          846496,
          848064
        ],
        "chunk_tokens": 192,
        "block_threads": 64,
        "staged_input_bytes": 169800490,
        "applicable": true
      },
      {
        "kernel": "onpair_dh_k6_t64_b4_h3",
        "role": "experimental",
        "stage_bytes": null,
        "chunk_size": 192,
        "decode_ms": 0.842976,
        "decode_gib_s": 1104.8030792714128,
        "decode_ns_iters": [
          846688,
          844832,
          846144,
          846144,
          846688,
          846112,
          845376,
          845952,
          846464,
          844256,
          845856,
          844512,
          844160,
          844480,
          851840,
          844256,
          844320,
          843424,
          843488,
          842976,
          844352,
          846432,
          844736,
          844960,
          843872,
          844640,
          844704,
          848128,
          844960,
          843808
        ],
        "chunk_tokens": 192,
        "block_threads": 64,
        "staged_input_bytes": 169800490,
        "applicable": true
      },
      {
        "kernel": "onpair_dh_k6_t64_b4_h4",
        "role": "experimental",
        "stage_bytes": null,
        "chunk_size": 192,
        "decode_ms": 0.83888,
        "decode_gib_s": 1110.197502088378,
        "decode_ns_iters": [
          842240,
          841856,
          841728,
          841248,
          842016,
          843072,
          842048,
          844160,
          843296,
          844480,
          843008,
          840384,
          845696,
          843136,
          843648,
          843744,
          843968,
          842080,
          846944,
          841184,
          843136,
          841792,
          842944,
          842112,
          848992,
          838880,
          841088,
          839936,
          839616,
          839968
        ],
        "chunk_tokens": 192,
        "block_threads": 64,
        "staged_input_bytes": 169800490,
        "applicable": true
      },
      {
        "kernel": "onpair_dh_k6_t64_b6_h2",
        "role": "experimental",
        "stage_bytes": null,
        "chunk_size": 192,
        "decode_ms": 0.842752,
        "decode_gib_s": 1105.0967313656906,
        "decode_ns_iters": [
          854400,
          847904,
          847776,
          845760,
          847616,
          847104,
          846592,
          845920,
          849952,
          846112,
          847360,
          845568,
          846688,
          846080,
          847648,
          846080,
          846784,
          850976,
          842752,
          843552,
          845376,
          843680,
          843648,
          843168,
          845408,
          843712,
          843520,
          843712,
          843840,
          844672
        ],
        "chunk_tokens": 192,
        "block_threads": 64,
        "staged_input_bytes": 169800490,
        "applicable": true
      },
      {
        "kernel": "onpair_dh_k6_t64_b6_h3",
        "role": "experimental",
        "stage_bytes": null,
        "chunk_size": 192,
        "decode_ms": 0.841664,
        "decode_gib_s": 1106.525264894184,
        "decode_ns_iters": [
          846176,
          845600,
          845568,
          844640,
          847520,
          844576,
          842112,
          845376,
          843968,
          845408,
          851104,
          846944,
          843808,
          841664,
          845248,
          845184,
          843648,
          843872,
          844256,
          845792,
          844064,
          845472,
          845920,
          847136,
          847648,
          842656,
          842976,
          843424,
          842560,
          842080
        ],
        "chunk_tokens": 192,
        "block_threads": 64,
        "staged_input_bytes": 169800490,
        "applicable": true
      },
      {
        "kernel": "onpair_dh_k6_t64_b6_h4",
        "role": "experimental",
        "stage_bytes": null,
        "chunk_size": 192,
        "decode_ms": 0.8408,
        "decode_gib_s": 1107.6623222548747,
        "decode_ns_iters": [
          842560,
          842816,
          844288,
          851328,
          843936,
          844128,
          844096,
          843552,
          845984,
          843200,
          841152,
          842208,
          842944,
          842624,
          843424,
          842944,
          843008,
          841504,
          843456,
          841152,
          850944,
          842528,
          842112,
          841472,
          840800,
          840960,
          844256,
          842176,
          842496,
          842880
        ],
        "chunk_tokens": 192,
        "block_threads": 64,
        "staged_input_bytes": 169800490,
        "applicable": true
      },
      {
        "kernel": "onpair_dh_k6_t64_b8_h2",
        "role": "experimental",
        "stage_bytes": null,
        "chunk_size": 192,
        "decode_ms": 0.8424,
        "decode_gib_s": 1105.5585001803163,
        "decode_ns_iters": [
          846848,
          845376,
          844256,
          842400,
          843776,
          843584,
          844448,
          844928,
          842624,
          842432,
          842720,
          843744,
          844448,
          843328,
          847232,
          847776,
          848480,
          845216,
          846976,
          848000,
          845696,
          845888,
          846432,
          846976,
          846624,
          843232,
          844000,
          843168,
          843904,
          849344
        ],
        "chunk_tokens": 192,
        "block_threads": 64,
        "staged_input_bytes": 169800490,
        "applicable": true
      },
      {
        "kernel": "onpair_dh_k6_t64_b8_h3",
        "role": "experimental",
        "stage_bytes": null,
        "chunk_size": 192,
        "decode_ms": 0.839968,
        "decode_gib_s": 1108.7594772085347,
        "decode_ns_iters": [
          841696,
          842144,
          844864,
          844864,
          852640,
          844736,
          844640,
          844384,
          844832,
          845024,
          842592,
          843456,
          845280,
          841952,
          841376,
          840704,
          841440,
          839968,
          841376,
          841248,
          841408,
          843232,
          841344,
          846912,
          844832,
          844032,
          846624,
          844672,
          843808,
          843008
        ],
        "chunk_tokens": 192,
        "block_threads": 64,
        "staged_input_bytes": 169800490,
        "applicable": true
      },
      {
        "kernel": "onpair_dh_k6_t64_b8_h4",
        "role": "experimental",
        "stage_bytes": null,
        "chunk_size": 192,
        "decode_ms": 0.839296,
        "decode_gib_s": 1109.647228810692,
        "decode_ns_iters": [
          841856,
          841024,
          840064,
          841920,
          842944,
          839296,
          839360,
          842624,
          843008,
          841984,
          842944,
          842496,
          844768,
          850432,
          844608,
          844160,
          844736,
          844448,
          843648,
          841504,
          841792,
          844192,
          843616,
          844864,
          844864,
          841824,
          842464,
          843840,
          839616,
          839840
        ],
        "chunk_tokens": 192,
        "block_threads": 64,
        "staged_input_bytes": 169800490,
        "applicable": true
      },
      {
        "kernel": "onpair_dh_k6_t128_b1_h2",
        "role": "experimental",
        "stage_bytes": null,
        "chunk_size": 192,
        "decode_ms": 0.81104,
        "decode_gib_s": 1148.3064713847634,
        "decode_ns_iters": [
          813856,
          813248,
          812800,
          811808,
          812352,
          813472,
          812960,
          813824,
          814144,
          814944,
          812160,
          811648,
          812736,
          812608,
          821472,
          813632,
          813280,
          811040,
          811808,
          813376,
          813920,
          813856,
          815168,
          813440,
          813408,
          819456,
          814496,
          813376,
          812992,
          811872
        ],
        "chunk_tokens": 192,
        "block_threads": 128,
        "staged_input_bytes": 169800490,
        "applicable": true
      },
      {
        "kernel": "onpair_dh_k6_t128_b1_h3",
        "role": "experimental",
        "stage_bytes": null,
        "chunk_size": 192,
        "decode_ms": 0.80624,
        "decode_gib_s": 1155.1429854037242,
        "decode_ns_iters": [
          811232,
          809600,
          807456,
          811520,
          807712,
          806624,
          807392,
          806752,
          814720,
          807424,
          808416,
          806464,
          811136,
          811424,
          810400,
          811136,
          809344,
          810272,
          811648,
          816128,
          810688,
          809664,
          809984,
          811680,
          808832,
          806240,
          808544,
          807264,
          808608,
          806592
        ],
        "chunk_tokens": 192,
        "block_threads": 128,
        "staged_input_bytes": 169800490,
        "applicable": true
      },
      {
        "kernel": "onpair_dh_k6_t128_b1_h4",
        "role": "experimental",
        "stage_bytes": null,
        "chunk_size": 192,
        "decode_ms": 0.80512,
        "decode_gib_s": 1156.749901321416,
        "decode_ns_iters": [
          808160,
          807840,
          807744,
          807648,
          808128,
          805824,
          807264,
          805920,
          807232,
          808128,
          808288,
          808928,
          805888,
          805120,
          805568,
          808544,
          806976,
          809984,
          810240,
          809888,
          808672,
          808128,
          809408,
          815552,
          808992,
          809408,
          806432,
          806112,
          808672,
          805824
        ],
        "chunk_tokens": 192,
        "block_threads": 128,
        "staged_input_bytes": 169800490,
        "applicable": true
      },
      {
        "kernel": "onpair_dh_k6_t128_b2_h2",
        "role": "experimental",
        "stage_bytes": null,
        "chunk_size": 192,
        "decode_ms": 0.806688,
        "decode_gib_s": 1154.5014684139326,
        "decode_ns_iters": [
          811552,
          811488,
          811488,
          812256,
          813504,
          812928,
          819392,
          812128,
          811840,
          811488,
          814624,
          811744,
          809536,
          811296,
          810272,
          810464,
          806816,
          817408,
          808288,
          809536,
          808128,
          806784,
          806688,
          809760,
          809056,
          812160,
          809152,
          816896,
          811424,
          811296
        ],
        "chunk_tokens": 192,
        "block_threads": 128,
        "staged_input_bytes": 169800490,
        "applicable": true
      },
      {
        "kernel": "onpair_dh_k6_t128_b2_h3",
        "role": "experimental",
        "stage_bytes": null,
        "chunk_size": 192,
        "decode_ms": 0.806176,
        "decode_gib_s": 1155.2346888916297,
        "decode_ns_iters": [
          809600,
          809536,
          806176,
          809664,
          807072,
          809088,
          809440,
          813184,
          811136,
          810592,
          811712,
          812064,
          812288,
          811840,
          812640,
          811776,
          812288,
          806208,
          808192,
          807200,
          815008,
          808768,
          811744,
          811968,
          811360,
          849952,
          810368,
          810080,
          811072,
          810624
        ],
        "chunk_tokens": 192,
        "block_threads": 128,
        "staged_input_bytes": 169800490,
        "applicable": true
      },
      {
        "kernel": "onpair_dh_k6_t128_b2_h4",
        "role": "experimental",
        "stage_bytes": null,
        "chunk_size": 192,
        "decode_ms": 0.806816,
        "decode_gib_s": 1154.3183086997512,
        "decode_ns_iters": [
          806816,
          812416,
          807296,
          807936,
          808320,
          808544,
          813088,
          807616,
          808384,
          809952,
          810496,
          809856,
          811840,
          811520,
          809824,
          808448,
          807424,
          806816,
          808544,
          808704,
          808544,
          810208,
          810400,
          811872,
          811616,
          809088,
          817440,
          808800,
          810752,
          809216
        ],
        "chunk_tokens": 192,
        "block_threads": 128,
        "staged_input_bytes": 169800490,
        "applicable": true
      },
      {
        "kernel": "onpair_dh_k6_t128_b4_h2",
        "role": "experimental",
        "stage_bytes": null,
        "chunk_size": 192,
        "decode_ms": 0.809632,
        "decode_gib_s": 1150.3034471857566,
        "decode_ns_iters": [
          818464,
          813088,
          816672,
          814496,
          815264,
          815712,
          816320,
          815232,
          814976,
          814208,
          812800,
          816832,
          809632,
          810464,
          812992,
          813824,
          813920,
          813760,
          814304,
          813120,
          813280,
          814688,
          819712,
          812064,
          814112,
          814624,
          812544,
          809664,
          809920,
          810880
        ],
        "chunk_tokens": 192,
        "block_threads": 128,
        "staged_input_bytes": 169800490,
        "applicable": true
      },
      {
        "kernel": "onpair_dh_k6_t128_b4_h3",
        "role": "experimental",
        "stage_bytes": null,
        "chunk_size": 192,
        "decode_ms": 0.805216,
        "decode_gib_s": 1156.6119905117364,
        "decode_ns_iters": [
          809152,
          805216,
          806208,
          805664,
          806912,
          807072,
          807424,
          810144,
          808672,
          809440,
          809024,
          810752,
          808576,
          810304,
          810336,
          814624,
          807072,
          806400,
          808672,
          809856,
          811008,
          809472,
          809728,
          810688,
          807808,
          808096,
          809536,
          811776,
          810912,
          812832
        ],
        "chunk_tokens": 192,
        "block_threads": 128,
        "staged_input_bytes": 169800490,
        "applicable": true
      },
      {
        "kernel": "onpair_dh_k6_t128_b4_h4",
        "role": "experimental",
        "stage_bytes": null,
        "chunk_size": 192,
        "decode_ms": 0.803168,
        "decode_gib_s": 1159.5612381866538,
        "decode_ns_iters": [
          804960,
          805344,
          807904,
          808000,
          807392,
          808640,
          810368,
          810848,
          809120,
          814688,
          808448,
          807104,
          806816,
          804928,
          805024,
          804416,
          804000,
          803168,
          805312,
          811744,
          805856,
          805536,
          806816,
          805120,
          806368,
          805120,
          807424,
          804992,
          805856,
          819328
        ],
        "chunk_tokens": 192,
        "block_threads": 128,
        "staged_input_bytes": 169800490,
        "applicable": true
      },
      {
        "kernel": "onpair_dh_k6_t128_b6_h2",
        "role": "experimental",
        "stage_bytes": null,
        "chunk_size": 192,
        "decode_ms": 0.808192,
        "decode_gib_s": 1152.3530059093612,
        "decode_ns_iters": [
          814208,
          812672,
          819712,
          812896,
          815680,
          813504,
          816096,
          815072,
          814368,
          816480,
          816256,
          814368,
          812448,
          811040,
          812320,
          810048,
          809856,
          808192,
          810432,
          809344,
          809920,
          809600,
          811488,
          812256,
          820352,
          811936,
          820704,
          813344,
          813856,
          814688
        ],
        "chunk_tokens": 192,
        "block_threads": 128,
        "staged_input_bytes": 169800490,
        "applicable": true
      },
      {
        "kernel": "onpair_dh_k6_t128_b6_h3",
        "role": "experimental",
        "stage_bytes": null,
        "chunk_size": 192,
        "decode_ms": 0.805984,
        "decode_gib_s": 1155.5098867370798,
        "decode_ns_iters": [
          810400,
          808992,
          809504,
          810240,
          809568,
          808704,
          808448,
          811104,
          811040,
          809888,
          810848,
          812448,
          811200,
          809856,
          809408,
          809664,
          808896,
          810304,
          807808,
          812512,
          806496,
          806464,
          807168,
          807456,
          805984,
          806336,
          807008,
          808928,
          809504,
          814624
        ],
        "chunk_tokens": 192,
        "block_threads": 128,
        "staged_input_bytes": 169800490,
        "applicable": true
      },
      {
        "kernel": "onpair_dh_k6_t128_b6_h4",
        "role": "experimental",
        "stage_bytes": null,
        "chunk_size": 192,
        "decode_ms": 0.80416,
        "decode_gib_s": 1158.13082042367,
        "decode_ns_iters": [
          809408,
          808192,
          814688,
          811104,
          806752,
          806304,
          807584,
          806368,
          804512,
          807360,
          804576,
          805760,
          810976,
          804640,
          804800,
          804896,
          804160,
          805120,
          805056,
          804448,
          805248,
          808256,
          812384,
          806944,
          807936,
          807136,
          805056,
          805056,
          806400,
          804704
        ],
        "chunk_tokens": 192,
        "block_threads": 128,
        "staged_input_bytes": 169800490,
        "applicable": true
      },
      {
        "kernel": "onpair_dh_k6_t128_b8_h2",
        "role": "experimental",
        "stage_bytes": null,
        "chunk_size": 192,
        "decode_ms": 0.807744,
        "decode_gib_s": 1152.992136805595,
        "decode_ns_iters": [
          808064,
          808224,
          809472,
          809184,
          808640,
          809312,
          808512,
          809600,
          809472,
          809280,
          808000,
          809536,
          811680,
          809504,
          809536,
          810464,
          807744,
          808832,
          808736,
          809376,
          808544,
          808576,
          808512,
          808704,
          809504,
          819552,
          812160,
          811584,
          811616,
          812448
        ],
        "chunk_tokens": 192,
        "block_threads": 128,
        "staged_input_bytes": 169800490,
        "applicable": true
      },
      {
        "kernel": "onpair_dh_k6_t128_b8_h3",
        "role": "experimental",
        "stage_bytes": null,
        "chunk_size": 192,
        "decode_ms": 0.803904,
        "decode_gib_s": 1158.4996225319173,
        "decode_ns_iters": [
          808480,
          807488,
          808800,
          809568,
          806688,
          807104,
          807456,
          806432,
          807936,
          806688,
          808768,
          807168,
          806304,
          805600,
          804672,
          804256,
          804928,
          803904,
          807296,
          812800,
          808288,
          807104,
          808256,
          806944,
          807168,
          810336,
          809792,
          809312,
          808448,
          808736
        ],
        "chunk_tokens": 192,
        "block_threads": 128,
        "staged_input_bytes": 169800490,
        "applicable": true
      },
      {
        "kernel": "onpair_dh_k6_t128_b8_h4",
        "role": "experimental",
        "stage_bytes": null,
        "chunk_size": 192,
        "decode_ms": 0.805632,
        "decode_gib_s": 1156.014756801987,
        "decode_ns_iters": [
          809920,
          809088,
          809056,
          810080,
          806720,
          807744,
          805632,
          807136,
          806048,
          806048,
          808032,
          810176,
          810752,
          814624,
          808384,
          808256,
          807968,
          808768,
          808384,
          809984,
          810752,
          811648,
          810784,
          809824,
          815296,
          810016,
          808896,
          809920,
          810080,
          809216
        ],
        "chunk_tokens": 192,
        "block_threads": 128,
        "staged_input_bytes": 169800490,
        "applicable": true
      },
      {
        "kernel": "onpair_dh_k6_t256_b1_h0",
        "role": "experimental",
        "stage_bytes": null,
        "chunk_size": 192,
        "decode_ms": 0.811168,
        "decode_gib_s": 1148.1252718942296,
        "decode_ns_iters": [
          821920,
          811168,
          816224,
          815360,
          816736,
          817280,
          816800,
          817888,
          814560,
          815136,
          816224,
          814944,
          824544,
          813408,
          815840,
          815840,
          814432,
          815168,
          815520,
          818240,
          814848,
          815008,
          815008,
          820960,
          817152,
          825952,
          817952,
          816512,
          816672,
          817152
        ],
        "chunk_tokens": 192,
        "block_threads": 256,
        "staged_input_bytes": 169800490,
        "applicable": true
      },
      {
        "kernel": "onpair_dh_k6_t256_b1_h2",
        "role": "experimental",
        "stage_bytes": null,
        "chunk_size": 192,
        "decode_ms": 0.81376,
        "decode_gib_s": 1144.4682468441536,
        "decode_ns_iters": [
          817728,
          816416,
          817408,
          817216,
          817888,
          817696,
          817600,
          816800,
          820064,
          816224,
          819040,
          816128,
          815744,
          818560,
          817536,
          817056,
          816640,
          816544,
          820224,
          816352,
          816576,
          820416,
          816832,
          817152,
          817472,
          816640,
          816576,
          815168,
          813856,
          813760
        ],
        "chunk_tokens": 192,
        "block_threads": 256,
        "staged_input_bytes": 169800490,
        "applicable": true
      },
      {
        "kernel": "onpair_dh_k6_t256_b1_h3",
        "role": "experimental",
        "stage_bytes": null,
        "chunk_size": 192,
        "decode_ms": 0.809664,
        "decode_gib_s": 1150.2579842402508,
        "decode_ns_iters": [
          811328,
          809664,
          810304,
          810400,
          812992,
          814528,
          821056,
          814848,
          813600,
          813600,
          811552,
          813120,
          814080,
          815264,
          814624,
          816448,
          815040,
          819776,
          818432,
          814208,
          814752,
          813728,
          813568,
          812960,
          812608,
          813248,
          812736,
          812256,
          814624,
          813728
        ],
        "chunk_tokens": 192,
        "block_threads": 256,
        "staged_input_bytes": 169800490,
        "applicable": true
      },
      {
        "kernel": "onpair_dh_k6_t256_b1_h4",
        "role": "experimental",
        "stage_bytes": null,
        "chunk_size": 192,
        "decode_ms": 0.805536,
        "decode_gib_s": 1156.1525252153826,
        "decode_ns_iters": [
          813056,
          811168,
          810400,
          807136,
          808416,
          806784,
          805536,
          808896,
          807872,
          807936,
          809440,
          808384,
          807296,
          813472,
          809664,
          812064,
          811168,
          811200,
          811232,
          811456,
          812672,
          812320,
          810944,
          811456,
          816000,
          810944,
          811392,
          808992,
          808544,
          807904
        ],
        "chunk_tokens": 192,
        "block_threads": 256,
        "staged_input_bytes": 169800490,
        "applicable": true
      },
      {
        "kernel": "onpair_dh_k6_t256_b2_h2",
        "role": "experimental",
        "stage_bytes": null,
        "chunk_size": 192,
        "decode_ms": 0.814816,
        "decode_gib_s": 1142.9850181536672,
        "decode_ns_iters": [
          816320,
          817632,
          816000,
          817312,
          816128,
          816960,
          817504,
          817056,
          823712,
          817184,
          814816,
          815968,
          816800,
          815360,
          817312,
          817472,
          816320,
          817280,
          817792,
          815040,
          815872,
          816864,
          816384,
          817600,
          817440,
          819328,
          818144,
          817472,
          820448,
          820192
        ],
        "chunk_tokens": 192,
        "block_threads": 256,
        "staged_input_bytes": 169800490,
        "applicable": true
      },
      {
        "kernel": "onpair_dh_k6_t256_b2_h3",
        "role": "experimental",
        "stage_bytes": null,
        "chunk_size": 192,
        "decode_ms": 0.811296,
        "decode_gib_s": 1147.9441295802008,
        "decode_ns_iters": [
          815264,
          813856,
          814496,
          816384,
          815712,
          823392,
          814560,
          820416,
          812992,
          811296,
          811360,
          811296,
          815744,
          814432,
          814784,
          812768,
          812928,
          811392,
          812512,
          813088,
          812704,
          814464,
          813280,
          814144,
          812480,
          813344,
          813248,
          813952,
          813088,
          819008
        ],
        "chunk_tokens": 192,
        "block_threads": 256,
        "staged_input_bytes": 169800490,
        "applicable": true
      },
      {
        "kernel": "onpair_dh_k6_t256_b2_h4",
        "role": "experimental",
        "stage_bytes": null,
        "chunk_size": 192,
        "decode_ms": 0.80864,
        "decode_gib_s": 1151.7145831914058,
        "decode_ns_iters": [
          810944,
          817408,
          810784,
          812512,
          813216,
          812960,
          812416,
          812224,
          812896,
          813984,
          812576,
          812384,
          818112,
          812096,
          812704,
          810848,
          810176,
          808640,
          810176,
          811328,
          813792,
          813792,
          812352,
          819392,
          811136,
          812032,
          810816,
          810912,
          812064,
          811936
        ],
        "chunk_tokens": 192,
        "block_threads": 256,
        "staged_input_bytes": 169800490,
        "applicable": true
      },
      {
        "kernel": "onpair_dh_k6_t256_b4_h0",
        "role": "experimental",
        "stage_bytes": null,
        "chunk_size": 192,
        "decode_ms": 0.816608,
        "decode_gib_s": 1140.4768022746514,
        "decode_ns_iters": [
          819456,
          821184,
          820896,
          820320,
          820736,
          819136,
          819232,
          821152,
          819904,
          819840,
          819680,
          819040,
          817824,
          818816,
          818816,
          820032,
          822560,
          818880,
          819712,
          820352,
          820736,
          825760,
          820544,
          819552,
          819904,
          818080,
          818592,
          817824,
          818496,
          816608
        ],
        "chunk_tokens": 192,
        "block_threads": 256,
        "staged_input_bytes": 169800490,
        "applicable": true
      },
      {
        "kernel": "onpair_dh_k6_t256_b4_h2",
        "role": "experimental",
        "stage_bytes": null,
        "chunk_size": 192,
        "decode_ms": 0.816416,
        "decode_gib_s": 1140.7450130226482,
        "decode_ns_iters": [
          824032,
          823392,
          823488,
          821344,
          821696,
          820896,
          823072,
          829760,
          823328,
          822496,
          822528,
          820352,
          817472,
          816512,
          817920,
          817984,
          817312,
          816768,
          816416,
          823552,
          817696,
          816672,
          817792,
          817088,
          817152,
          816992,
          818784,
          821920,
          819616,
          820096
        ],
        "chunk_tokens": 192,
        "block_threads": 256,
        "staged_input_bytes": 169800490,
        "applicable": true
      },
      {
        "kernel": "onpair_dh_k6_t256_b4_h3",
        "role": "experimental",
        "stage_bytes": null,
        "chunk_size": 192,
        "decode_ms": 0.808768,
        "decode_gib_s": 1151.5323066094336,
        "decode_ns_iters": [
          811776,
          811104,
          811392,
          809184,
          818944,
          814368,
          811840,
          810208,
          810304,
          811968,
          811392,
          812288,
          811296,
          811424,
          811264,
          819424,
          811712,
          822176,
          811456,
          812448,
          811744,
          810688,
          813120,
          811488,
          808768,
          810912,
          810368,
          810208,
          810112,
          810048
        ],
        "chunk_tokens": 192,
        "block_threads": 256,
        "staged_input_bytes": 169800490,
        "applicable": true
      },
      {
        "kernel": "onpair_dh_k6_t256_b4_h4",
        "role": "experimental",
        "stage_bytes": null,
        "chunk_size": 192,
        "decode_ms": 0.80736,
        "decode_gib_s": 1153.5405278338023,
        "decode_ns_iters": [
          816800,
          809216,
          809856,
          809184,
          810304,
          811584,
          809120,
          811200,
          810400,
          809568,
          810112,
          815936,
          810304,
          811136,
          810368,
          810144,
          809408,
          808768,
          812288,
          807360,
          813376,
          809728,
          810016,
          810368,
          811712,
          810592,
          808928,
          811040,
          808960,
          809344
        ],
        "chunk_tokens": 192,
        "block_threads": 256,
        "staged_input_bytes": 169800490,
        "applicable": true
      },
      {
        "kernel": "onpair_dh_k6_t256_b6_h2",
        "role": "experimental",
        "stage_bytes": null,
        "chunk_size": 192,
        "decode_ms": 0.884,
        "decode_gib_s": 1053.5322178188896,
        "decode_ns_iters": [
          887328,
          885632,
          885472,
          885920,
          885696,
          886080,
          887936,
          887520,
          887296,
          888128,
          889344,
          887584,
          885568,
          887200,
          889536,
          888576,
          885472,
          886784,
          886496,
          887296,
          884000,
          884480,
          886016,
          886336,
          887328,
          886912,
          886336,
          887136,
          885056,
          887232
        ],
        "chunk_tokens": 192,
        "block_threads": 256,
        "staged_input_bytes": 169800490,
        "applicable": true
      },
      {
        "kernel": "onpair_dh_k6_t256_b6_h3",
        "role": "experimental",
        "stage_bytes": null,
        "chunk_size": 192,
        "decode_ms": 0.90768,
        "decode_gib_s": 1026.04715378977,
        "decode_ns_iters": [
          909792,
          907680,
          908032,
          908000,
          912800,
          912160,
          911552,
          912736,
          914048,
          913600,
          914720,
          912128,
          912832,
          912864,
          910592,
          911968,
          909024,
          909792,
          909312,
          910208,
          910176,
          913344,
          910496,
          912288,
          918560,
          910112,
          910784,
          911104,
          911808,
          910944
        ],
        "chunk_tokens": 192,
        "block_threads": 256,
        "staged_input_bytes": 169800490,
        "applicable": true
      },
      {
        "kernel": "onpair_dh_k6_t256_b6_h4",
        "role": "experimental",
        "stage_bytes": null,
        "chunk_size": 192,
        "decode_ms": 0.932992,
        "decode_gib_s": 998.2105747443692,
        "decode_ns_iters": [
          939104,
          936352,
          937568,
          935968,
          937632,
          940576,
          937216,
          940000,
          942112,
          940384,
          941696,
          945792,
          938688,
          937376,
          935040,
          942944,
          934976,
          933824,
          934816,
          934624,
          932992,
          936032,
          937408,
          938752,
          938528,
          937632,
          934976,
          935200,
          934560,
          935680
        ],
        "chunk_tokens": 192,
        "block_threads": 256,
        "staged_input_bytes": 169800490,
        "applicable": true
      },
      {
        "kernel": "onpair_dh_k6_t256_b8_h0",
        "role": "experimental",
        "stage_bytes": null,
        "chunk_size": 192,
        "decode_ms": 1.194848,
        "decode_gib_s": 779.4484993504601,
        "decode_ns_iters": [
          1202112,
          1199072,
          1197984,
          1195168,
          1198240,
          1196928,
          1195616,
          1200512,
          1199424,
          1199680,
          1199104,
          1199392,
          1205408,
          1199584,
          1201216,
          1199296,
          1198976,
          1195744,
          1195648,
          1194848,
          1196352,
          1195360,
          1195200,
          1197312,
          1198720,
          1198560,
          1199200,
          1199424,
          1199680,
          1204416
        ],
        "chunk_tokens": 192,
        "block_threads": 256,
        "staged_input_bytes": 169800490,
        "applicable": true
      },
      {
        "kernel": "onpair_dh_k6_t256_b8_h2",
        "role": "experimental",
        "stage_bytes": null,
        "chunk_size": 192,
        "decode_ms": 1.145664,
        "decode_gib_s": 812.9106618972914,
        "decode_ns_iters": [
          1151136,
          1150912,
          1149792,
          1155520,
          1149792,
          1149760,
          1150240,
          1149696,
          1146624,
          1146848,
          1148512,
          1149152,
          1151328,
          1151456,
          1151392,
          1150624,
          1151104,
          1150336,
          1149152,
          1150144,
          1149440,
          1150208,
          1145664,
          1148960,
          1149440,
          1146560,
          1149728,
          1149024,
          1148640,
          1148736
        ],
        "chunk_tokens": 192,
        "block_threads": 256,
        "staged_input_bytes": 169800490,
        "applicable": true
      },
      {
        "kernel": "onpair_dh_k6_t256_b8_h3",
        "role": "experimental",
        "stage_bytes": null,
        "chunk_size": 192,
        "decode_ms": 1.15856,
        "decode_gib_s": 803.8621051580396,
        "decode_ns_iters": [
          1161248,
          1160960,
          1161152,
          1159456,
          1159360,
          1160448,
          1161696,
          1159584,
          1161952,
          1159648,
          1159584,
          1159168,
          1160608,
          1158560,
          1160416,
          1159456,
          1158976,
          1158976,
          1160960,
          1159552,
          1160928,
          1161760,
          1162016,
          1160832,
          1160736,
          1163520,
          1160224,
          1158912,
          1160960,
          1160640
        ],
        "chunk_tokens": 192,
        "block_threads": 256,
        "staged_input_bytes": 169800490,
        "applicable": true
      },
      {
        "kernel": "onpair_dh_k6_t256_b8_h4",
        "role": "experimental",
        "stage_bytes": null,
        "chunk_size": 192,
        "decode_ms": 1.203776,
        "decode_gib_s": 773.6675931002932,
        "decode_ns_iters": [
          1207488,
          1206848,
          1211296,
          1205920,
          1205984,
          1207552,
          1207712,
          1206624,
          1206080,
          1204224,
          1205024,
          1204640,
          1211520,
          1204928,
          1204000,
          1207200,
          1205984,
          1206784,
          1205856,
          1206752,
          1208352,
          1207872,
          1214592,
          1204800,
          1203776,
          1204320,
          1206848,
          1207008,
          1206976,
          1207712
        ],
        "chunk_tokens": 192,
        "block_threads": 256,
        "staged_input_bytes": 169800490,
        "applicable": true
      },
      {
        "kernel": "onpair_dh_k7_t64_b1_h2",
        "role": "experimental",
        "stage_bytes": null,
        "chunk_size": 224,
        "decode_ms": 0.842176,
        "decode_gib_s": 1105.85255404084,
        "decode_ns_iters": [
          844256,
          842464,
          843648,
          842880,
          845184,
          844032,
          843328,
          844736,
          844800,
          843008,
          842560,
          845312,
          843616,
          842912,
          850304,
          844256,
          845280,
          843328,
          842432,
          842848,
          842432,
          842464,
          842464,
          843488,
          845664,
          844832,
          843776,
          842752,
          842176,
          844768
        ],
        "chunk_tokens": 224,
        "block_threads": 64,
        "staged_input_bytes": 169308130,
        "applicable": true
      },
      {
        "kernel": "onpair_dh_k7_t64_b1_h3",
        "role": "experimental",
        "stage_bytes": null,
        "chunk_size": 224,
        "decode_ms": 0.838592,
        "decode_gib_s": 1110.5787803269034,
        "decode_ns_iters": [
          844032,
          845056,
          842560,
          842208,
          840640,
          842368,
          844000,
          843168,
          852864,
          842368,
          843520,
          843392,
          842208,
          842592,
          842112,
          843232,
          845312,
          844576,
          844224,
          841152,
          839424,
          843232,
          838592,
          839456,
          840128,
          840160,
          846848,
          842656,
          844352,
          844256
        ],
        "chunk_tokens": 224,
        "block_threads": 64,
        "staged_input_bytes": 169308130,
        "applicable": true
      },
      {
        "kernel": "onpair_dh_k7_t64_b1_h4",
        "role": "experimental",
        "stage_bytes": null,
        "chunk_size": 224,
        "decode_ms": 0.838144,
        "decode_gib_s": 1111.1724006279333,
        "decode_ns_iters": [
          844192,
          843360,
          849536,
          842208,
          852032,
          841856,
          842304,
          843200,
          841920,
          840416,
          839776,
          838144,
          842144,
          840960,
          840096,
          840640,
          838432,
          840320,
          840096,
          838976,
          838464,
          839200,
          839360,
          839456,
          840672,
          839520,
          839808,
          838592,
          839200,
          839488
        ],
        "chunk_tokens": 224,
        "block_threads": 64,
        "staged_input_bytes": 169308130,
        "applicable": true
      },
      {
        "kernel": "onpair_dh_k7_t64_b2_h2",
        "role": "experimental",
        "stage_bytes": null,
        "chunk_size": 224,
        "decode_ms": 0.841056,
        "decode_gib_s": 1107.325172820714,
        "decode_ns_iters": [
          842944,
          841056,
          841536,
          841056,
          842592,
          842592,
          842208,
          842304,
          843840,
          842784,
          842240,
          841312,
          842720,
          842112,
          842624,
          841120,
          842048,
          843040,
          843232,
          843264,
          841696,
          845472,
          843104,
          843264,
          843936,
          844416,
          842400,
          841792,
          842720,
          841376
        ],
        "chunk_tokens": 224,
        "block_threads": 64,
        "staged_input_bytes": 169308130,
        "applicable": true
      },
      {
        "kernel": "onpair_dh_k7_t64_b2_h3",
        "role": "experimental",
        "stage_bytes": null,
        "chunk_size": 224,
        "decode_ms": 0.838784,
        "decode_gib_s": 1110.3245657426685,
        "decode_ns_iters": [
          844416,
          844800,
          849984,
          849216,
          843296,
          843008,
          845504,
          842912,
          841184,
          845728,
          844064,
          843584,
          843776,
          842656,
          842624,
          842080,
          841792,
          841792,
          838784,
          840704,
          848448,
          844608,
          844160,
          843456,
          841696,
          845120,
          841632,
          842976,
          843040,
          843968
        ],
        "chunk_tokens": 224,
        "block_threads": 64,
        "staged_input_bytes": 169308130,
        "applicable": true
      },
      {
        "kernel": "onpair_dh_k7_t64_b2_h4",
        "role": "experimental",
        "stage_bytes": null,
        "chunk_size": 224,
        "decode_ms": 0.839424,
        "decode_gib_s": 1109.4780236827855,
        "decode_ns_iters": [
          846336,
          846464,
          843296,
          843904,
          842400,
          842720,
          844512,
          844032,
          842304,
          842912,
          843328,
          841472,
          843744,
          844000,
          851648,
          840320,
          841216,
          841312,
          839424,
          839648,
          840864,
          842336,
          841600,
          841120,
          841696,
          842400,
          841792,
          841856,
          844288,
          843872
        ],
        "chunk_tokens": 224,
        "block_threads": 64,
        "staged_input_bytes": 169308130,
        "applicable": true
      },
      {
        "kernel": "onpair_dh_k7_t64_b4_h2",
        "role": "experimental",
        "stage_bytes": null,
        "chunk_size": 224,
        "decode_ms": 0.837632,
        "decode_gib_s": 1111.8516013618134,
        "decode_ns_iters": [
          841408,
          840352,
          841088,
          842496,
          859104,
          842048,
          842912,
          854304,
          844192,
          844768,
          843392,
          844576,
          843680,
          843456,
          846656,
          845088,
          842208,
          841536,
          841600,
          838304,
          838624,
          839616,
          841984,
          839136,
          846912,
          837632,
          840640,
          838816,
          838272,
          839264
        ],
        "chunk_tokens": 224,
        "block_threads": 64,
        "staged_input_bytes": 169308130,
        "applicable": true
      },
      {
        "kernel": "onpair_dh_k7_t64_b4_h3",
        "role": "experimental",
        "stage_bytes": null,
        "chunk_size": 224,
        "decode_ms": 0.834912,
        "decode_gib_s": 1115.4738230518888,
        "decode_ns_iters": [
          840320,
          840672,
          846048,
          838272,
          836256,
          837568,
          837792,
          837728,
          840224,
          839264,
          838656,
          835968,
          836992,
          838688,
          838848,
          838080,
          838624,
          836704,
          841536,
          835488,
          843616,
          836864,
          836992,
          837856,
          838208,
          837920,
          838464,
          834912,
          839072,
          836832
        ],
        "chunk_tokens": 224,
        "block_threads": 64,
        "staged_input_bytes": 169308130,
        "applicable": true
      },
      {
        "kernel": "onpair_dh_k7_t64_b4_h4",
        "role": "experimental",
        "stage_bytes": null,
        "chunk_size": 224,
        "decode_ms": 0.832064,
        "decode_gib_s": 1119.2918820570276,
        "decode_ns_iters": [
          836064,
          835520,
          836928,
          836480,
          838368,
          838336,
          839392,
          840576,
          841248,
          846976,
          837248,
          836928,
          839776,
          838624,
          839008,
          836320,
          838368,
          834592,
          833408,
          833536,
          836768,
          832064,
          835488,
          840992,
          833984,
          836960,
          837472,
          836064,
          835712,
          838144
        ],
        "chunk_tokens": 224,
        "block_threads": 64,
        "staged_input_bytes": 169308130,
        "applicable": true
      },
      {
        "kernel": "onpair_dh_k7_t64_b6_h2",
        "role": "experimental",
        "stage_bytes": null,
        "chunk_size": 224,
        "decode_ms": 0.834592,
        "decode_gib_s": 1115.9015190079685,
        "decode_ns_iters": [
          839776,
          841216,
          846880,
          839392,
          839936,
          838464,
          840064,
          838880,
          839904,
          837600,
          838016,
          834592,
          835616,
          836576,
          836384,
          834592,
          835072,
          837152,
          837600,
          839296,
          836608,
          838976,
          837568,
          835680,
          840160,
          840672,
          835904,
          835488,
          836992,
          840096
        ],
        "chunk_tokens": 224,
        "block_threads": 64,
        "staged_input_bytes": 169308130,
        "applicable": true
      },
      {
        "kernel": "onpair_dh_k7_t64_b6_h3",
        "role": "experimental",
        "stage_bytes": null,
        "chunk_size": 224,
        "decode_ms": 0.832096,
        "decode_gib_s": 1119.2488373359547,
        "decode_ns_iters": [
          834144,
          833728,
          833472,
          832096,
          841760,
          834208,
          835040,
          833696,
          835264,
          836832,
          837248,
          836608,
          837792,
          837280,
          835616,
          836960,
          835744,
          836320,
          835264,
          844672,
          835040,
          841280,
          836992,
          836448,
          836288,
          835808,
          838368,
          837792,
          834720,
          835040
        ],
        "chunk_tokens": 224,
        "block_threads": 64,
        "staged_input_bytes": 169308130,
        "applicable": true
      },
      {
        "kernel": "onpair_dh_k7_t64_b6_h4",
        "role": "experimental",
        "stage_bytes": null,
        "chunk_size": 224,
        "decode_ms": 0.831968,
        "decode_gib_s": 1119.4210360878044,
        "decode_ns_iters": [
          837152,
          835008,
          835104,
          835872,
          835296,
          835680,
          837632,
          836032,
          836416,
          844192,
          836320,
          837568,
          837504,
          837696,
          835328,
          835136,
          836480,
          834144,
          833984,
          832352,
          832192,
          834976,
          834816,
          831968,
          839328,
          834528,
          837248,
          836256,
          835904,
          841024
        ],
        "chunk_tokens": 224,
        "block_threads": 64,
        "staged_input_bytes": 169308130,
        "applicable": true
      },
      {
        "kernel": "onpair_dh_k7_t64_b8_h2",
        "role": "experimental",
        "stage_bytes": null,
        "chunk_size": 224,
        "decode_ms": 0.83072,
        "decode_gib_s": 1121.1027549016499,
        "decode_ns_iters": [
          833696,
          833888,
          834272,
          833312,
          833664,
          835232,
          833184,
          833696,
          833664,
          833600,
          834656,
          834976,
          833664,
          841760,
          833600,
          830720,
          831744,
          832352,
          833280,
          832768,
          833568,
          834304,
          833600,
          832608,
          834080,
          836864,
          835264,
          835232,
          836448,
          841632
        ],
        "chunk_tokens": 224,
        "block_threads": 64,
        "staged_input_bytes": 169308130,
        "applicable": true
      },
      {
        "kernel": "onpair_dh_k7_t64_b8_h3",
        "role": "experimental",
        "stage_bytes": null,
        "chunk_size": 224,
        "decode_ms": 0.834912,
        "decode_gib_s": 1115.4738230518888,
        "decode_ns_iters": [
          836160,
          837504,
          842304,
          836672,
          835072,
          835456,
          836672,
          834912,
          836224,
          837024,
          835648,
          836224,
          836416,
          836960,
          836960,
          836128,
          844544,
          842112,
          838784,
          836256,
          835520,
          836416,
          836512,
          834912,
          836000,
          836832,
          835904,
          837088,
          835584,
          836640
        ],
        "chunk_tokens": 224,
        "block_threads": 64,
        "staged_input_bytes": 169308130,
        "applicable": true
      },
      {
        "kernel": "onpair_dh_k7_t64_b8_h4",
        "role": "experimental",
        "stage_bytes": null,
        "chunk_size": 224,
        "decode_ms": 0.83584,
        "decode_gib_s": 1114.2353567092966,
        "decode_ns_iters": [
          839232,
          837216,
          837120,
          836224,
          837568,
          837248,
          839872,
          839232,
          845152,
          837312,
          837440,
          837344,
          836896,
          838784,
          835840,
          836160,
          837472,
          836256,
          839104,
          838112,
          837568,
          837152,
          836704,
          846208,
          837376,
          838368,
          837056,
          837760,
          843104,
          836576
        ],
        "chunk_tokens": 224,
        "block_threads": 64,
        "staged_input_bytes": 169308130,
        "applicable": true
      },
      {
        "kernel": "onpair_dh_k7_t128_b1_h2",
        "role": "experimental",
        "stage_bytes": null,
        "chunk_size": 224,
        "decode_ms": 0.830336,
        "decode_gib_s": 1121.621223880331,
        "decode_ns_iters": [
          836800,
          842048,
          834688,
          834848,
          833760,
          832544,
          833696,
          832704,
          835584,
          832576,
          834336,
          836160,
          835552,
          833824,
          833760,
          841184,
          835008,
          842240,
          835104,
          833184,
          834752,
          836000,
          832096,
          830976,
          830400,
          830336,
          831136,
          835840,
          833280,
          842208
        ],
        "chunk_tokens": 224,
        "block_threads": 128,
        "staged_input_bytes": 169308130,
        "applicable": true
      },
      {
        "kernel": "onpair_dh_k7_t128_b1_h3",
        "role": "experimental",
        "stage_bytes": null,
        "chunk_size": 224,
        "decode_ms": 0.830912,
        "decode_gib_s": 1120.8437001173393,
        "decode_ns_iters": [
          830912,
          831328,
          831360,
          832704,
          841952,
          831072,
          837504,
          832096,
          832576,
          831808,
          832128,
          833152,
          832032,
          832320,
          832448,
          833536,
          834720,
          835328,
          835520,
          841056,
          834720,
          834272,
          834912,
          832416,
          834080,
          831712,
          831936,
          832960,
          833824,
          832800
        ],
        "chunk_tokens": 224,
        "block_threads": 128,
        "staged_input_bytes": 169308130,
        "applicable": true
      },
      {
        "kernel": "onpair_dh_k7_t128_b1_h4",
        "role": "experimental",
        "stage_bytes": null,
        "chunk_size": 224,
        "decode_ms": 0.832352,
        "decode_gib_s": 1118.9045987177283,
        "decode_ns_iters": [
          836160,
          834080,
          833760,
          832544,
          832352,
          833792,
          834272,
          834368,
          839712,
          834048,
          834400,
          833504,
          832928,
          834688,
          851872,
          836928,
          835712,
          834208,
          834016,
          834624,
          833184,
          834624,
          834496,
          839776,
          835232,
          845600,
          835040,
          834144,
          834656,
          834784
        ],
        "chunk_tokens": 224,
        "block_threads": 128,
        "staged_input_bytes": 169308130,
        "applicable": true
      },
      {
        "kernel": "onpair_dh_k7_t128_b2_h2",
        "role": "experimental",
        "stage_bytes": null,
        "chunk_size": 224,
        "decode_ms": 0.832896,
        "decode_gib_s": 1118.1737942695108,
        "decode_ns_iters": [
          837792,
          835424,
          836672,
          835264,
          834784,
          835776,
          834624,
          835136,
          833088,
          834144,
          837504,
          836736,
          834016,
          837088,
          840864,
          835584,
          834528,
          832896,
          834240,
          834624,
          833056,
          835424,
          834656,
          833600,
          834016,
          835520,
          836768,
          836896,
          835680,
          845184
        ],
        "chunk_tokens": 224,
        "block_threads": 128,
        "staged_input_bytes": 169308130,
        "applicable": true
      },
      {
        "kernel": "onpair_dh_k7_t128_b2_h3",
        "role": "experimental",
        "stage_bytes": null,
        "chunk_size": 224,
        "decode_ms": 0.831488,
        "decode_gib_s": 1120.067253588625,
        "decode_ns_iters": [
          833472,
          835104,
          833728,
          836064,
          836512,
          832800,
          834816,
          841344,
          834112,
          834016,
          834528,
          835616,
          835360,
          834752,
          833600,
          836256,
          833248,
          832608,
          834336,
          833888,
          833056,
          838848,
          833024,
          831488,
          834464,
          832928,
          834240,
          835424,
          837568,
          835104
        ],
        "chunk_tokens": 224,
        "block_threads": 128,
        "staged_input_bytes": 169308130,
        "applicable": true
      },
      {
        "kernel": "onpair_dh_k7_t128_b2_h4",
        "role": "experimental",
        "stage_bytes": null,
        "chunk_size": 224,
        "decode_ms": 0.83216,
        "decode_gib_s": 1119.1627578252962,
        "decode_ns_iters": [
          832832,
          835136,
          835584,
          837344,
          834272,
          832160,
          835584,
          835008,
          833120,
          833792,
          835360,
          833600,
          834976,
          834080,
          834496,
          835264,
          835552,
          833792,
          835936,
          834368,
          834368,
          835008,
          834496,
          835488,
          833376,
          833024,
          833216,
          840448,
          835168,
          834048
        ],
        "chunk_tokens": 224,
        "block_threads": 128,
        "staged_input_bytes": 169308130,
        "applicable": true
      },
      {
        "kernel": "onpair_dh_k7_t128_b4_h2",
        "role": "experimental",
        "stage_bytes": null,
        "chunk_size": 224,
        "decode_ms": 0.832832,
        "decode_gib_s": 1118.2597217108594,
        "decode_ns_iters": [
          836640,
          836416,
          836384,
          835616,
          836256,
          834880,
          835648,
          835744,
          835936,
          836256,
          835936,
          837088,
          836576,
          837472,
          835680,
          836960,
          834912,
          835744,
          833344,
          834304,
          832832,
          833696,
          834016,
          833184,
          836288,
          834656,
          833120,
          835648,
          835648,
          834240
        ],
        "chunk_tokens": 224,
        "block_threads": 128,
        "staged_input_bytes": 169308130,
        "applicable": true
      },
      {
        "kernel": "onpair_dh_k7_t128_b4_h3",
        "role": "experimental",
        "stage_bytes": null,
        "chunk_size": 224,
        "decode_ms": 0.831264,
        "decode_gib_s": 1120.3690771546687,
        "decode_ns_iters": [
          834432,
          834624,
          836192,
          834272,
          833760,
          831264,
          831456,
          834624,
          841408,
          833216,
          833216,
          834976,
          833120,
          833504,
          833472,
          833248,
          833312,
          832384,
          833664,
          832480,
          831520,
          832640,
          839360,
          831296,
          831584,
          833920,
          834240,
          834304,
          833440,
          834144
        ],
        "chunk_tokens": 224,
        "block_threads": 128,
        "staged_input_bytes": 169308130,
        "applicable": true
      },
      {
        "kernel": "onpair_dh_k7_t128_b4_h4",
        "role": "experimental",
        "stage_bytes": null,
        "chunk_size": 224,
        "decode_ms": 0.830048,
        "decode_gib_s": 1122.0103904254916,
        "decode_ns_iters": [
          835296,
          833184,
          833920,
          832992,
          830784,
          831200,
          830048,
          832864,
          833184,
          834048,
          833600,
          840128,
          834912,
          833632,
          836480,
          834848,
          834528,
          834560,
          835488,
          836064,
          836128,
          837056,
          834048,
          832192,
          833280,
          832000,
          839040,
          833856,
          832320,
          832832
        ],
        "chunk_tokens": 224,
        "block_threads": 128,
        "staged_input_bytes": 169308130,
        "applicable": true
      },
      {
        "kernel": "onpair_dh_k7_t128_b6_h2",
        "role": "experimental",
        "stage_bytes": null,
        "chunk_size": 224,
        "decode_ms": 0.832928,
        "decode_gib_s": 1118.1308355006656,
        "decode_ns_iters": [
          833632,
          833760,
          840864,
          835648,
          835808,
          835904,
          835168,
          836896,
          838144,
          836416,
          836064,
          834272,
          834528,
          833696,
          834048,
          836064,
          837536,
          842304,
          836832,
          835648,
          845344,
          835808,
          835680,
          834144,
          835104,
          835072,
          832928,
          833728,
          833792,
          834688
        ],
        "chunk_tokens": 224,
        "block_threads": 128,
        "staged_input_bytes": 169308130,
        "applicable": true
      },
      {
        "kernel": "onpair_dh_k7_t128_b6_h3",
        "role": "experimental",
        "stage_bytes": null,
        "chunk_size": 224,
        "decode_ms": 0.83056,
        "decode_gib_s": 1121.318725380344,
        "decode_ns_iters": [
          834944,
          834272,
          833632,
          830720,
          831040,
          832032,
          830560,
          830912,
          831328,
          831776,
          830656,
          834944,
          834272,
          832448,
          833536,
          836960,
          836928,
          833760,
          833632,
          834784,
          832992,
          832160,
          841760,
          832576,
          835136,
          835616,
          834304,
          833056,
          833376,
          833728
        ],
        "chunk_tokens": 224,
        "block_threads": 128,
        "staged_input_bytes": 169308130,
        "applicable": true
      },
      {
        "kernel": "onpair_dh_k7_t128_b6_h4",
        "role": "experimental",
        "stage_bytes": null,
        "chunk_size": 224,
        "decode_ms": 0.830464,
        "decode_gib_s": 1121.4483476127787,
        "decode_ns_iters": [
          834656,
          834944,
          833376,
          832768,
          834496,
          833408,
          834368,
          833536,
          833696,
          834176,
          833920,
          841184,
          833312,
          831808,
          830464,
          831360,
          833952,
          833536,
          833984,
          832640,
          831744,
          833632,
          833568,
          832960,
          832064,
          838592,
          832736,
          832832,
          833248,
          833408
        ],
        "chunk_tokens": 224,
        "block_threads": 128,
        "staged_input_bytes": 169308130,
        "applicable": true
      },
      {
        "kernel": "onpair_dh_k7_t128_b8_h2",
        "role": "experimental",
        "stage_bytes": null,
        "chunk_size": 224,
        "decode_ms": 0.834592,
        "decode_gib_s": 1115.9015190079685,
        "decode_ns_iters": [
          837600,
          844864,
          836064,
          837792,
          836512,
          835968,
          835520,
          835200,
          836064,
          834848,
          834592,
          836288,
          836960,
          835584,
          835712,
          836576,
          841440,
          835872,
          836256,
          835360,
          835008,
          835264,
          837440,
          836928,
          838816,
          836256,
          835808,
          836512,
          837568,
          838432
        ],
        "chunk_tokens": 224,
        "block_threads": 128,
        "staged_input_bytes": 169308130,
        "applicable": true
      },
      {
        "kernel": "onpair_dh_k7_t128_b8_h3",
        "role": "experimental",
        "stage_bytes": null,
        "chunk_size": 224,
        "decode_ms": 0.830976,
        "decode_gib_s": 1120.7573751250318,
        "decode_ns_iters": [
          838528,
          835456,
          837024,
          835776,
          834752,
          835136,
          834784,
          834368,
          835680,
          834528,
          831008,
          830976,
          833728,
          834848,
          833632,
          834784,
          833920,
          835232,
          834912,
          834944,
          834944,
          834144,
          834464,
          833888,
          833632,
          833760,
          833568,
          835424,
          835072,
          836032
        ],
        "chunk_tokens": 224,
        "block_threads": 128,
        "staged_input_bytes": 169308130,
        "applicable": true
      },
      {
        "kernel": "onpair_dh_k7_t128_b8_h4",
        "role": "experimental",
        "stage_bytes": null,
        "chunk_size": 224,
        "decode_ms": 0.839168,
        "decode_gib_s": 1109.8164855570021,
        "decode_ns_iters": [
          841856,
          840288,
          840672,
          840096,
          839328,
          840064,
          840800,
          839648,
          841824,
          844096,
          841184,
          841280,
          840672,
          849856,
          841184,
          841184,
          842176,
          839776,
          839168,
          840896,
          840160,
          841920,
          842368,
          841216,
          842464,
          840096,
          840032,
          841824,
          842400,
          848928
        ],
        "chunk_tokens": 224,
        "block_threads": 128,
        "staged_input_bytes": 169308130,
        "applicable": true
      },
      {
        "kernel": "onpair_dh_k7_t256_b1_h0",
        "role": "experimental",
        "stage_bytes": null,
        "chunk_size": 224,
        "decode_ms": 0.836608,
        "decode_gib_s": 1113.2124968347166,
        "decode_ns_iters": [
          840736,
          840960,
          839136,
          839520,
          838016,
          837792,
          844704,
          838432,
          836608,
          838368,
          840448,
          838464,
          838496,
          839328,
          837728,
          837184,
          837504,
          837664,
          838464,
          838688,
          837088,
          845056,
          838752,
          837344,
          837824,
          837600,
          839008,
          837440,
          840064,
          837248
        ],
        "chunk_tokens": 224,
        "block_threads": 256,
        "staged_input_bytes": 169308130,
        "applicable": true
      },
      {
        "kernel": "onpair_dh_k7_t256_b1_h2",
        "role": "experimental",
        "stage_bytes": null,
        "chunk_size": 224,
        "decode_ms": 0.832384,
        "decode_gib_s": 1118.8615837785187,
        "decode_ns_iters": [
          839296,
          839200,
          841856,
          838688,
          838560,
          838688,
          840192,
          836896,
          836608,
          838656,
          838912,
          838944,
          836768,
          843584,
          838528,
          840352,
          838464,
          837024,
          837792,
          837600,
          837408,
          838496,
          837824,
          837440,
          838432,
          836672,
          835360,
          837280,
          843744,
          832384
        ],
        "chunk_tokens": 224,
        "block_threads": 256,
        "staged_input_bytes": 169308130,
        "applicable": true
      },
      {
        "kernel": "onpair_dh_k7_t256_b1_h3",
        "role": "experimental",
        "stage_bytes": null,
        "chunk_size": 224,
        "decode_ms": 0.830432,
        "decode_gib_s": 1121.4915616834353,
        "decode_ns_iters": [
          833952,
          836064,
          833504,
          830432,
          833248,
          831168,
          831776,
          831456,
          834016,
          833088,
          834784,
          836000,
          836576,
          833984,
          833280,
          835232,
          834560,
          843808,
          833984,
          835008,
          835968,
          836320,
          834528,
          835488,
          832640,
          835520,
          835072,
          837728,
          837408,
          837280
        ],
        "chunk_tokens": 224,
        "block_threads": 256,
        "staged_input_bytes": 169308130,
        "applicable": true
      },
      {
        "kernel": "onpair_dh_k7_t256_b1_h4",
        "role": "experimental",
        "stage_bytes": null,
        "chunk_size": 224,
        "decode_ms": 0.829632,
        "decode_gib_s": 1122.5729968852436,
        "decode_ns_iters": [
          831680,
          831200,
          832128,
          830208,
          829952,
          837632,
          831392,
          829632,
          831392,
          831200,
          831232,
          833472,
          833760,
          833696,
          832352,
          833408,
          835040,
          834784,
          833216,
          833376,
          832864,
          834496,
          834240,
          832640,
          833632,
          833376,
          831552,
          834400,
          834976,
          834016
        ],
        "chunk_tokens": 224,
        "block_threads": 256,
        "staged_input_bytes": 169308130,
        "applicable": true
      },
      {
        "kernel": "onpair_dh_k7_t256_b2_h2",
        "role": "experimental",
        "stage_bytes": null,
        "chunk_size": 224,
        "decode_ms": 0.835008,
        "decode_gib_s": 1115.345578188351,
        "decode_ns_iters": [
          842272,
          840288,
          841184,
          840000,
          840224,
          838016,
          839936,
          838528,
          835008,
          835328,
          836416,
          843392,
          839552,
          836160,
          835712,
          836896,
          836064,
          836224,
          838464,
          835552,
          836064,
          835712,
          836352,
          836704,
          836960,
          842784,
          837632,
          836832,
          835776,
          836352
        ],
        "chunk_tokens": 224,
        "block_threads": 256,
        "staged_input_bytes": 169308130,
        "applicable": true
      },
      {
        "kernel": "onpair_dh_k7_t256_b2_h3",
        "role": "experimental",
        "stage_bytes": null,
        "chunk_size": 224,
        "decode_ms": 0.831104,
        "decode_gib_s": 1120.5847650256749,
        "decode_ns_iters": [
          835072,
          835008,
          834240,
          834624,
          834336,
          834432,
          834848,
          831520,
          833664,
          832864,
          833376,
          832480,
          836032,
          835680,
          843136,
          834496,
          837408,
          837120,
          833952,
          834464,
          834304,
          834400,
          833664,
          834432,
          835872,
          834048,
          834752,
          831104,
          836416,
          833312
        ],
        "chunk_tokens": 224,
        "block_threads": 256,
        "staged_input_bytes": 169308130,
        "applicable": true
      },
      {
        "kernel": "onpair_dh_k7_t256_b2_h4",
        "role": "experimental",
        "stage_bytes": null,
        "chunk_size": 224,
        "decode_ms": 0.829728,
        "decode_gib_s": 1122.4431145530805,
        "decode_ns_iters": [
          831104,
          833760,
          833536,
          865792,
          838400,
          833984,
          833152,
          832480,
          834976,
          833600,
          833856,
          832384,
          833472,
          829888,
          829792,
          830816,
          833600,
          832416,
          843808,
          832288,
          839424,
          829728,
          865408,
          833216,
          833952,
          833504,
          833952,
          835488,
          835744,
          834848
        ],
        "chunk_tokens": 224,
        "block_threads": 256,
        "staged_input_bytes": 169308130,
        "applicable": true
      },
      {
        "kernel": "onpair_dh_k7_t256_b4_h0",
        "role": "experimental",
        "stage_bytes": null,
        "chunk_size": 224,
        "decode_ms": 0.838464,
        "decode_gib_s": 1110.7483213971004,
        "decode_ns_iters": [
          852736,
          860128,
          848480,
          839680,
          840736,
          839872,
          840480,
          913568,
          847200,
          846048,
          839712,
          839232,
          839008,
          863456,
          842848,
          839040,
          838464,
          839488,
          838880,
          880704,
          848736,
          843808,
          865888,
          870912,
          845568,
          863776,
          851040,
          839936,
          839520,
          848448
        ],
        "chunk_tokens": 224,
        "block_threads": 256,
        "staged_input_bytes": 169308130,
        "applicable": true
      },
      {
        "kernel": "onpair_dh_k7_t256_b4_h2",
        "role": "experimental",
        "stage_bytes": null,
        "chunk_size": 224,
        "decode_ms": 0.83616,
        "decode_gib_s": 1113.8089367488262,
        "decode_ns_iters": [
          843808,
          842528,
          844192,
          841504,
          879136,
          847008,
          845248,
          845024,
          854816,
          846464,
          843936,
          843840,
          844992,
          842400,
          844000,
          842784,
          841376,
          842016,
          842240,
          840320,
          840576,
          837664,
          838592,
          838880,
          837728,
          837984,
          844736,
          838208,
          838848,
          836160
        ],
        "chunk_tokens": 224,
        "block_threads": 256,
        "staged_input_bytes": 169308130,
        "applicable": true
      },
      {
        "kernel": "onpair_dh_k7_t256_b4_h3",
        "role": "experimental",
        "stage_bytes": null,
        "chunk_size": 224,
        "decode_ms": 0.836224,
        "decode_gib_s": 1113.723691919747,
        "decode_ns_iters": [
          838400,
          836640,
          836224,
          844384,
          849728,
          841632,
          846464,
          839712,
          839712,
          837632,
          839360,
          839744,
          840000,
          839104,
          841312,
          840640,
          842560,
          840256,
          839328,
          840288,
          840320,
          849536,
          841024,
          843840,
          840960,
          845184,
          840064,
          840416,
          838624,
          840608
        ],
        "chunk_tokens": 224,
        "block_threads": 256,
        "staged_input_bytes": 169308130,
        "applicable": true
      },
      {
        "kernel": "onpair_dh_k7_t256_b4_h4",
        "role": "experimental",
        "stage_bytes": null,
        "chunk_size": 224,
        "decode_ms": 0.839968,
        "decode_gib_s": 1108.7594772085347,
        "decode_ns_iters": [
          850528,
          845728,
          845056,
          856928,
          845600,
          844416,
          844512,
          842944,
          843456,
          844928,
          842976,
          845504,
          846592,
          843904,
          846208,
          844384,
          844864,
          843552,
          845312,
          840704,
          843200,
          845664,
          848288,
          839968,
          848544,
          840096,
          840032,
          843776,
          844384,
          842944
        ],
        "chunk_tokens": 224,
        "block_threads": 256,
        "staged_input_bytes": 169308130,
        "applicable": true
      },
      {
        "kernel": "onpair_dh_k7_t256_b6_h2",
        "role": "experimental",
        "stage_bytes": null,
        "chunk_size": 224,
        "decode_ms": 1.048928,
        "decode_gib_s": 887.880274482041,
        "decode_ns_iters": [
          1057600,
          1055968,
          1053312,
          1068288,
          1053280,
          1053344,
          1054368,
          1050656,
          1051744,
          1052320,
          1050624,
          1053568,
          1051328,
          1062112,
          1051072,
          1054304,
          1053248,
          1053824,
          1053472,
          1049952,
          1048928,
          1051840,
          1054336,
          1073376,
          1055456,
          1051616,
          1050432,
          1050368,
          1051328,
          1052032
        ],
        "chunk_tokens": 224,
        "block_threads": 256,
        "staged_input_bytes": 169308130,
        "applicable": true
      },
      {
        "kernel": "onpair_dh_k7_t256_b6_h3",
        "role": "experimental",
        "stage_bytes": null,
        "chunk_size": 224,
        "decode_ms": 1.06016,
        "decode_gib_s": 878.4735139525151,
        "decode_ns_iters": [
          1082368,
          1066208,
          1065952,
          1064640,
          1065344,
          1069344,
          1078624,
          1061952,
          1062080,
          1060896,
          1063136,
          1060160,
          1060832,
          1061600,
          1060736,
          1061344,
          1064288,
          1064288,
          1063040,
          1065280,
          1060992,
          1071904,
          1065440,
          1067392,
          1068096,
          1067520,
          1066912,
          1067232,
          1067264,
          1066368
        ],
        "chunk_tokens": 224,
        "block_threads": 256,
        "staged_input_bytes": 169308130,
        "applicable": true
      },
      {
        "kernel": "onpair_dh_k7_t256_b6_h4",
        "role": "experimental",
        "stage_bytes": null,
        "chunk_size": 224,
        "decode_ms": 1.111904,
        "decode_gib_s": 837.5925264698199,
        "decode_ns_iters": [
          1133344,
          1120320,
          1120224,
          1118016,
          1117728,
          1117600,
          1117728,
          1115808,
          1116416,
          1132288,
          1115616,
          1115360,
          1114336,
          1124480,
          1114304,
          1117312,
          1115712,
          1117184,
          1117312,
          1115328,
          1117408,
          1116384,
          1116896,
          1114688,
          1117024,
          1111904,
          1112736,
          1114400,
          1114464,
          1113056
        ],
        "chunk_tokens": 224,
        "block_threads": 256,
        "staged_input_bytes": 169308130,
        "applicable": true
      },
      {
        "kernel": "onpair_dh_k7_t256_b8_h0",
        "role": "experimental",
        "stage_bytes": null,
        "chunk_size": 224,
        "decode_ms": 1.242688,
        "decode_gib_s": 749.4419198961432,
        "decode_ns_iters": [
          1245440,
          1246144,
          1243648,
          1243488,
          1246432,
          1242688,
          1252384,
          1246688,
          1247744,
          1251584,
          1244672,
          1244224,
          1243520,
          1245056,
          1244480,
          1244480,
          1247008,
          1245984,
          1243296,
          1246464,
          1248384,
          1257696,
          1246816,
          1248224,
          1248768,
          1245344,
          1247776,
          1249696,
          1247776,
          1250432
        ],
        "chunk_tokens": 224,
        "block_threads": 256,
        "staged_input_bytes": 169308130,
        "applicable": true
      },
      {
        "kernel": "onpair_dh_k7_t256_b8_h2",
        "role": "experimental",
        "stage_bytes": null,
        "chunk_size": 224,
        "decode_ms": 1.216896,
        "decode_gib_s": 765.3262731999271,
        "decode_ns_iters": [
          1221568,
          1223520,
          1220608,
          1219808,
          1221024,
          1219424,
          1219616,
          1221184,
          1221888,
          1221184,
          1221312,
          1231936,
          1219968,
          1220928,
          1228896,
          1221184,
          1219744,
          1216896,
          1219392,
          1218208,
          1217568,
          1218112,
          1217184,
          1218144,
          1218720,
          1220544,
          1218336,
          1219584,
          1218432,
          1219680
        ],
        "chunk_tokens": 224,
        "block_threads": 256,
        "staged_input_bytes": 169308130,
        "applicable": true
      },
      {
        "kernel": "onpair_dh_k7_t256_b8_h3",
        "role": "experimental",
        "stage_bytes": null,
        "chunk_size": 224,
        "decode_ms": 1.230048,
        "decode_gib_s": 757.143201364417,
        "decode_ns_iters": [
          1235456,
          1233920,
          1234496,
          1235072,
          1234496,
          1234080,
          1234240,
          1235360,
          1233280,
          1232384,
          1234624,
          1235168,
          1234560,
          1230336,
          1232928,
          1230720,
          1231712,
          1231552,
          1230048,
          1231264,
          1233088,
          1232160,
          1230464,
          1232896,
          1230752,
          1230304,
          1232448,
          1233920,
          1230752,
          1231456
        ],
        "chunk_tokens": 224,
        "block_threads": 256,
        "staged_input_bytes": 169308130,
        "applicable": true
      },
      {
        "kernel": "onpair_dh_k7_t256_b8_h4",
        "role": "experimental",
        "stage_bytes": null,
        "chunk_size": 224,
        "decode_ms": 1.230144,
        "decode_gib_s": 757.0841141784202,
        "decode_ns_iters": [
          1235712,
          1235488,
          1235168,
          1235488,
          1231584,
          1231200,
          1233280,
          1232576,
          1232096,
          1232480,
          1232800,
          1237344,
          1234688,
          1230976,
          1236288,
          1235264,
          1235136,
          1236096,
          1235552,
          1230144,
          1231200,
          1231296,
          1236096,
          1235232,
          1232384,
          1235712,
          1236736,
          1236480,
          1238208,
          1236224
        ],
        "chunk_tokens": 224,
        "block_threads": 256,
        "staged_input_bytes": 169308130,
        "applicable": true
      },
      {
        "kernel": "onpair_dh_k8_t64_b1_h2",
        "role": "experimental",
        "stage_bytes": null,
        "chunk_size": 256,
        "decode_ms": 0.872864,
        "decode_gib_s": 1066.9731831670208,
        "decode_ns_iters": [
          878880,
          875936,
          876992,
          876352,
          876224,
          875840,
          875424,
          883520,
          889056,
          884128,
          883456,
          875744,
          877024,
          877824,
          877120,
          876544,
          891968,
          877952,
          877792,
          876928,
          875168,
          877760,
          876480,
          876640,
          872864,
          874528,
          875808,
          876384,
          876000,
          875136
        ],
        "chunk_tokens": 256,
        "block_threads": 64,
        "staged_input_bytes": 168938858,
        "applicable": true
      },
      {
        "kernel": "onpair_dh_k8_t64_b1_h3",
        "role": "experimental",
        "stage_bytes": null,
        "chunk_size": 256,
        "decode_ms": 0.871552,
        "decode_gib_s": 1068.5793625072267,
        "decode_ns_iters": [
          877216,
          877856,
          876512,
          878144,
          876320,
          876736,
          875840,
          876160,
          874880,
          875424,
          873056,
          873440,
          872000,
          873120,
          871552,
          872736,
          873024,
          874848,
          874048,
          873952,
          874080,
          874304,
          875424,
          874176,
          874592,
          881664,
          890848,
          882688,
          883008,
          875904
        ],
        "chunk_tokens": 256,
        "block_threads": 64,
        "staged_input_bytes": 168938858,
        "applicable": true
      },
      {
        "kernel": "onpair_dh_k8_t64_b1_h4",
        "role": "experimental",
        "stage_bytes": null,
        "chunk_size": 256,
        "decode_ms": 0.872544,
        "decode_gib_s": 1067.3644888417073,
        "decode_ns_iters": [
          873632,
          873216,
          873056,
          873792,
          873920,
          872640,
          874624,
          873312,
          872896,
          872960,
          873280,
          872544,
          873696,
          876256,
          873600,
          873632,
          872896,
          874848,
          875136,
          883552,
          883488,
          873184,
          874112,
          874496,
          882528,
          872640,
          873728,
          873536,
          874656,
          874208
        ],
        "chunk_tokens": 256,
        "block_threads": 64,
        "staged_input_bytes": 168938858,
        "applicable": true
      },
      {
        "kernel": "onpair_dh_k8_t64_b2_h2",
        "role": "experimental",
        "stage_bytes": null,
        "chunk_size": 256,
        "decode_ms": 0.874208,
        "decode_gib_s": 1065.332827601553,
        "decode_ns_iters": [
          877408,
          876960,
          875808,
          877312,
          876160,
          875840,
          876576,
          875712,
          876192,
          877856,
          879936,
          876416,
          877024,
          888928,
          886464,
          885344,
          888672,
          884672,
          875744,
          876000,
          876640,
          875392,
          875264,
          875424,
          875168,
          874208,
          874464,
          875104,
          876288,
          876352
        ],
        "chunk_tokens": 256,
        "block_threads": 64,
        "staged_input_bytes": 168938858,
        "applicable": true
      },
      {
        "kernel": "onpair_dh_k8_t64_b2_h3",
        "role": "experimental",
        "stage_bytes": null,
        "chunk_size": 256,
        "decode_ms": 0.871744,
        "decode_gib_s": 1068.3440098835192,
        "decode_ns_iters": [
          874336,
          875232,
          874016,
          876800,
          876288,
          874880,
          875232,
          875392,
          874656,
          875136,
          874336,
          886208,
          888128,
          886880,
          883136,
          877184,
          875808,
          875872,
          875360,
          875520,
          876672,
          875296,
          874144,
          874048,
          871744,
          872448,
          874048,
          873664,
          874880,
          874720
        ],
        "chunk_tokens": 256,
        "block_threads": 64,
        "staged_input_bytes": 168938858,
        "applicable": true
      },
      {
        "kernel": "onpair_dh_k8_t64_b2_h4",
        "role": "experimental",
        "stage_bytes": null,
        "chunk_size": 256,
        "decode_ms": 0.871616,
        "decode_gib_s": 1068.5009001118594,
        "decode_ns_iters": [
          873920,
          875616,
          876416,
          875232,
          875520,
          880704,
          885792,
          877376,
          873408,
          875264,
          873408,
          872096,
          871616,
          873984,
          872608,
          873152,
          875328,
          874464,
          872896,
          872672,
          873568,
          873312,
          873536,
          873824,
          872448,
          872928,
          871744,
          873472,
          875648,
          873088
        ],
        "chunk_tokens": 256,
        "block_threads": 64,
        "staged_input_bytes": 168938858,
        "applicable": true
      },
      {
        "kernel": "onpair_dh_k8_t64_b4_h2",
        "role": "experimental",
        "stage_bytes": null,
        "chunk_size": 256,
        "decode_ms": 0.873472,
        "decode_gib_s": 1066.2304922789722,
        "decode_ns_iters": [
          884160,
          875904,
          874944,
          875616,
          873888,
          876544,
          875200,
          875872,
          874944,
          875296,
          875904,
          875840,
          878784,
          876096,
          876608,
          876160,
          875072,
          875840,
          875040,
          876064,
          875456,
          875328,
          875680,
          874624,
          873472,
          874752,
          875520,
          874368,
          874368,
          873856
        ],
        "chunk_tokens": 256,
        "block_threads": 64,
        "staged_input_bytes": 168938858,
        "applicable": true
      },
      {
        "kernel": "onpair_dh_k8_t64_b4_h3",
        "role": "experimental",
        "stage_bytes": null,
        "chunk_size": 256,
        "decode_ms": 0.870432,
        "decode_gib_s": 1069.9543221663478,
        "decode_ns_iters": [
          878240,
          875584,
          875680,
          875040,
          877504,
          875936,
          872320,
          873376,
          874752,
          871424,
          870432,
          871520,
          871072,
          874880,
          873600,
          874368,
          874880,
          872512,
          874976,
          873952,
          875968,
          875072,
          874944,
          874656,
          875040,
          881312,
          888672,
          884096,
          875328,
          875840
        ],
        "chunk_tokens": 256,
        "block_threads": 64,
        "staged_input_bytes": 168938858,
        "applicable": true
      },
      {
        "kernel": "onpair_dh_k8_t64_b4_h4",
        "role": "experimental",
        "stage_bytes": null,
        "chunk_size": 256,
        "decode_ms": 0.86992,
        "decode_gib_s": 1070.5840543405122,
        "decode_ns_iters": [
          877440,
          874816,
          875904,
          875104,
          875040,
          874880,
          874528,
          874048,
          873216,
          874688,
          870656,
          869920,
          871168,
          873760,
          874400,
          873024,
          874880,
          871776,
          877440,
          879648,
          872160,
          873632,
          872928,
          873632,
          872800,
          874080,
          883872,
          873120,
          873440,
          873664
        ],
        "chunk_tokens": 256,
        "block_threads": 64,
        "staged_input_bytes": 168938858,
        "applicable": true
      },
      {
        "kernel": "onpair_dh_k8_t64_b6_h2",
        "role": "experimental",
        "stage_bytes": null,
        "chunk_size": 256,
        "decode_ms": 0.873088,
        "decode_gib_s": 1066.6994398639067,
        "decode_ns_iters": [
          875648,
          875712,
          875104,
          874592,
          873728,
          873952,
          873696,
          875584,
          875616,
          883520,
          889568,
          884992,
          874528,
          874816,
          873536,
          874944,
          875008,
          875040,
          873856,
          873088,
          874144,
          874112,
          874720,
          876160,
          874720,
          875584,
          875040,
          873984,
          874912,
          877312
        ],
        "chunk_tokens": 256,
        "block_threads": 64,
        "staged_input_bytes": 168938858,
        "applicable": true
      },
      {
        "kernel": "onpair_dh_k8_t64_b6_h3",
        "role": "experimental",
        "stage_bytes": null,
        "chunk_size": 256,
        "decode_ms": 0.8712,
        "decode_gib_s": 1069.0111117446036,
        "decode_ns_iters": [
          875840,
          874816,
          874464,
          875392,
          873568,
          884224,
          882560,
          871552,
          872736,
          872480,
          871968,
          872864,
          872992,
          872512,
          872864,
          872768,
          876064,
          874624,
          874400,
          876064,
          875232,
          874368,
          874272,
          876448,
          875232,
          875616,
          872352,
          871200,
          872512,
          871424
        ],
        "chunk_tokens": 256,
        "block_threads": 64,
        "staged_input_bytes": 168938858,
        "applicable": true
      },
      {
        "kernel": "onpair_dh_k8_t64_b6_h4",
        "role": "experimental",
        "stage_bytes": null,
        "chunk_size": 256,
        "decode_ms": 0.869184,
        "decode_gib_s": 1071.4905941111417,
        "decode_ns_iters": [
          873984,
          873728,
          873696,
          874912,
          875584,
          874368,
          874272,
          875872,
          875680,
          874432,
          875008,
          874752,
          874080,
          874016,
          869184,
          873376,
          873344,
          872512,
          874176,
          873184,
          874176,
          873184,
          872640,
          873376,
          872608,
          874048,
          873568,
          873472,
          872384,
          881664
        ],
        "chunk_tokens": 256,
        "block_threads": 64,
        "staged_input_bytes": 168938858,
        "applicable": true
      },
      {
        "kernel": "onpair_dh_k8_t64_b8_h2",
        "role": "experimental",
        "stage_bytes": null,
        "chunk_size": 256,
        "decode_ms": 0.872032,
        "decode_gib_s": 1067.991175268681,
        "decode_ns_iters": [
          875392,
          874848,
          875008,
          876224,
          876576,
          872032,
          874016,
          875616,
          875104,
          875712,
          875072,
          875168,
          876704,
          874112,
          873472,
          876480,
          873280,
          873344,
          874880,
          875008,
          882336,
          884768,
          886528,
          875776,
          875296,
          874880,
          880896,
          874080,
          874624,
          874336
        ],
        "chunk_tokens": 256,
        "block_threads": 64,
        "staged_input_bytes": 168938858,
        "applicable": true
      },
      {
        "kernel": "onpair_dh_k8_t64_b8_h3",
        "role": "experimental",
        "stage_bytes": null,
        "chunk_size": 256,
        "decode_ms": 0.871232,
        "decode_gib_s": 1068.9718473975915,
        "decode_ns_iters": [
          877088,
          876928,
          873664,
          875872,
          874880,
          872800,
          873760,
          874432,
          876288,
          874656,
          874720,
          872128,
          871808,
          871712,
          879520,
          881824,
          883136,
          873728,
          874496,
          874496,
          873760,
          873600,
          874560,
          874944,
          874720,
          874176,
          875488,
          871776,
          871232,
          872960
        ],
        "chunk_tokens": 256,
        "block_threads": 64,
        "staged_input_bytes": 168938858,
        "applicable": true
      },
      {
        "kernel": "onpair_dh_k8_t64_b8_h4",
        "role": "experimental",
        "stage_bytes": null,
        "chunk_size": 256,
        "decode_ms": 0.871136,
        "decode_gib_s": 1069.0896490925625,
        "decode_ns_iters": [
          873248,
          874144,
          871136,
          873568,
          882592,
          883904,
          882880,
          876512,
          876384,
          874208,
          875584,
          874752,
          875904,
          873920,
          875296,
          872864,
          872288,
          873056,
          873440,
          873792,
          872384,
          872544,
          874976,
          873632,
          872736,
          876000,
          874336,
          873344,
          873600,
          873984
        ],
        "chunk_tokens": 256,
        "block_threads": 64,
        "staged_input_bytes": 168938858,
        "applicable": true
      },
      {
        "kernel": "onpair_dh_k8_t128_b1_h2",
        "role": "experimental",
        "stage_bytes": null,
        "chunk_size": 256,
        "decode_ms": 0.869024,
        "decode_gib_s": 1071.6878711656968,
        "decode_ns_iters": [
          871680,
          870464,
          879392,
          870496,
          870048,
          871040,
          872864,
          870400,
          871584,
          870880,
          869600,
          870528,
          870048,
          870272,
          870336,
          870176,
          869024,
          869696,
          870336,
          871840,
          872864,
          872672,
          871808,
          869728,
          869888,
          869472,
          870656,
          869792,
          872256,
          870560
        ],
        "chunk_tokens": 256,
        "block_threads": 128,
        "staged_input_bytes": 168938858,
        "applicable": true
      },
      {
        "kernel": "onpair_dh_k8_t128_b1_h3",
        "role": "experimental",
        "stage_bytes": null,
        "chunk_size": 256,
        "decode_ms": 0.86752,
        "decode_gib_s": 1073.5458324325646,
        "decode_ns_iters": [
          872128,
          872096,
          876384,
          870048,
          871680,
          872928,
          871872,
          871936,
          873088,
          871392,
          870880,
          870592,
          867520,
          870144,
          869664,
          870400,
          870720,
          872000,
          868096,
          874816,
          882304,
          870656,
          870176,
          870976,
          869568,
          870752,
          870112,
          869024,
          871616,
          869920
        ],
        "chunk_tokens": 256,
        "block_threads": 128,
        "staged_input_bytes": 168938858,
        "applicable": true
      },
      {
        "kernel": "onpair_dh_k8_t128_b1_h4",
        "role": "experimental",
        "stage_bytes": null,
        "chunk_size": 256,
        "decode_ms": 0.866432,
        "decode_gib_s": 1074.8939103725377,
        "decode_ns_iters": [
          870432,
          869792,
          867104,
          870528,
          868640,
          866432,
          872768,
          878976,
          868896,
          870144,
          869664,
          877184,
          870240,
          869664,
          870304,
          867328,
          870336,
          869728,
          870240,
          870432,
          869536,
          869984,
          870944,
          870592,
          869664,
          870400,
          867648,
          867104,
          869024,
          870368
        ],
        "chunk_tokens": 256,
        "block_threads": 128,
        "staged_input_bytes": 168938858,
        "applicable": true
      },
      {
        "kernel": "onpair_dh_k8_t128_b2_h2",
        "role": "experimental",
        "stage_bytes": null,
        "chunk_size": 256,
        "decode_ms": 0.866848,
        "decode_gib_s": 1074.3780692253988,
        "decode_ns_iters": [
          872448,
          873088,
          872416,
          871904,
          872288,
          872800,
          872416,
          870496,
          869728,
          870304,
          870336,
          871328,
          870624,
          867968,
          868896,
          866848,
          867168,
          870336,
          870016,
          871488,
          871360,
          872416,
          870496,
          870912,
          872960,
          871840,
          873920,
          883808,
          881184,
          868128
        ],
        "chunk_tokens": 256,
        "block_threads": 128,
        "staged_input_bytes": 168938858,
        "applicable": true
      },
      {
        "kernel": "onpair_dh_k8_t128_b2_h3",
        "role": "experimental",
        "stage_bytes": null,
        "chunk_size": 256,
        "decode_ms": 0.86928,
        "decode_gib_s": 1071.3722627368609,
        "decode_ns_iters": [
          872768,
          870624,
          872000,
          872096,
          872096,
          874528,
          872160,
          871840,
          873472,
          872224,
          871680,
          872512,
          871328,
          871584,
          872160,
          871264,
          870880,
          870336,
          871520,
          882464,
          883168,
          872064,
          871552,
          869280,
          877920,
          871808,
          871648,
          871968,
          873728,
          872384
        ],
        "chunk_tokens": 256,
        "block_threads": 128,
        "staged_input_bytes": 168938858,
        "applicable": true
      },
      {
        "kernel": "onpair_dh_k8_t128_b2_h4",
        "role": "experimental",
        "stage_bytes": null,
        "chunk_size": 256,
        "decode_ms": 0.86496,
        "decode_gib_s": 1076.723178588488,
        "decode_ns_iters": [
          870816,
          870208,
          870720,
          869920,
          870592,
          871296,
          870048,
          870528,
          869568,
          878272,
          882336,
          865984,
          867968,
          865568,
          867648,
          866080,
          865632,
          864960,
          865792,
          866208,
          866336,
          867232,
          866304,
          865952,
          869600,
          870080,
          868672,
          871040,
          871296,
          870720
        ],
        "chunk_tokens": 256,
        "block_threads": 128,
        "staged_input_bytes": 168938858,
        "applicable": true
      },
      {
        "kernel": "onpair_dh_k8_t128_b4_h2",
        "role": "experimental",
        "stage_bytes": null,
        "chunk_size": 256,
        "decode_ms": 0.864704,
        "decode_gib_s": 1077.0419479404495,
        "decode_ns_iters": [
          871552,
          871008,
          870592,
          869760,
          869664,
          870464,
          870400,
          871360,
          872864,
          870848,
          872256,
          871904,
          873152,
          871040,
          871840,
          871680,
          870144,
          870240,
          871296,
          867648,
          864704,
          867456,
          868256,
          868480,
          870560,
          872704,
          882144,
          879328,
          872064,
          871232
        ],
        "chunk_tokens": 256,
        "block_threads": 128,
        "staged_input_bytes": 168938858,
        "applicable": true
      },
      {
        "kernel": "onpair_dh_k8_t128_b4_h3",
        "role": "experimental",
        "stage_bytes": null,
        "chunk_size": 256,
        "decode_ms": 0.86768,
        "decode_gib_s": 1073.347870818618,
        "decode_ns_iters": [
          868800,
          873760,
          871328,
          870784,
          871712,
          870688,
          870944,
          867680,
          867904,
          869696,
          869696,
          869056,
          870400,
          870976,
          871264,
          869632,
          882176,
          880928,
          867680,
          869184,
          870208,
          880128,
          870976,
          868256,
          868704,
          869888,
          869600,
          870464,
          868704,
          868320
        ],
        "chunk_tokens": 256,
        "block_threads": 128,
        "staged_input_bytes": 168938858,
        "applicable": true
      },
      {
        "kernel": "onpair_dh_k8_t128_b4_h4",
        "role": "experimental",
        "stage_bytes": null,
        "chunk_size": 256,
        "decode_ms": 0.866112,
        "decode_gib_s": 1075.291048446273,
        "decode_ns_iters": [
          869056,
          868928,
          870784,
          877728,
          880256,
          869024,
          869664,
          868992,
          869024,
          875200,
          870816,
          871488,
          869920,
          868864,
          869024,
          869248,
          868096,
          868448,
          870176,
          866112,
          866784,
          867584,
          869312,
          870080,
          869024,
          870016,
          870656,
          870496,
          871808,
          869536
        ],
        "chunk_tokens": 256,
        "block_threads": 128,
        "staged_input_bytes": 168938858,
        "applicable": true
      },
      {
        "kernel": "onpair_dh_k8_t128_b6_h2",
        "role": "experimental",
        "stage_bytes": null,
        "chunk_size": 256,
        "decode_ms": 0.868544,
        "decode_gib_s": 1072.2801384292545,
        "decode_ns_iters": [
          872992,
          871712,
          879200,
          872032,
          870272,
          871264,
          870688,
          871232,
          871040,
          871136,
          869920,
          870368,
          870624,
          871712,
          869088,
          869856,
          869184,
          868544,
          870368,
          869056,
          871168,
          871232,
          869632,
          878464,
          870112,
          871200,
          871840,
          869984,
          870752,
          870912
        ],
        "chunk_tokens": 256,
        "block_threads": 128,
        "staged_input_bytes": 168938858,
        "applicable": true
      },
      {
        "kernel": "onpair_dh_k8_t128_b6_h3",
        "role": "experimental",
        "stage_bytes": null,
        "chunk_size": 256,
        "decode_ms": 0.867968,
        "decode_gib_s": 1072.9917238330197,
        "decode_ns_iters": [
          872320,
          873312,
          871680,
          870592,
          874752,
          872000,
          870784,
          871360,
          871328,
          868480,
          867968,
          872544,
          877632,
          870208,
          871168,
          871712,
          871328,
          871808,
          870848,
          871328,
          869984,
          872992,
          873472,
          871296,
          871456,
          870944,
          870272,
          870720,
          871328,
          872416
        ],
        "chunk_tokens": 256,
        "block_threads": 128,
        "staged_input_bytes": 168938858,
        "applicable": true
      },
      {
        "kernel": "onpair_dh_k8_t128_b6_h4",
        "role": "experimental",
        "stage_bytes": null,
        "chunk_size": 256,
        "decode_ms": 0.86592,
        "decode_gib_s": 1075.5294721820703,
        "decode_ns_iters": [
          880000,
          878592,
          878112,
          869376,
          869472,
          868128,
          878432,
          867776,
          865920,
          865984,
          867552,
          867392,
          868448,
          866016,
          870176,
          868960,
          869728,
          870560,
          869632,
          868736,
          869504,
          869856,
          870304,
          869920,
          869376,
          871904,
          870880,
          868800,
          869184,
          870240
        ],
        "chunk_tokens": 256,
        "block_threads": 128,
        "staged_input_bytes": 168938858,
        "applicable": true
      },
      {
        "kernel": "onpair_dh_k8_t128_b8_h2",
        "role": "experimental",
        "stage_bytes": null,
        "chunk_size": 256,
        "decode_ms": 0.86656,
        "decode_gib_s": 1074.7351372690853,
        "decode_ns_iters": [
          868864,
          867616,
          868352,
          870208,
          871776,
          868800,
          871616,
          869024,
          869504,
          866560,
          868832,
          868224,
          867808,
          868000,
          866752,
          875072,
          867776,
          867328,
          868512,
          878496,
          870880,
          870336,
          869952,
          869568,
          871168,
          870528,
          869952,
          870400,
          870976,
          871040
        ],
        "chunk_tokens": 256,
        "block_threads": 128,
        "staged_input_bytes": 168938858,
        "applicable": true
      },
      {
        "kernel": "onpair_dh_k8_t128_b8_h3",
        "role": "experimental",
        "stage_bytes": null,
        "chunk_size": 256,
        "decode_ms": 0.870528,
        "decode_gib_s": 1069.8363298502732,
        "decode_ns_iters": [
          872192,
          872256,
          871392,
          880448,
          883872,
          873088,
          870976,
          871456,
          872352,
          871008,
          870528,
          871200,
          870688,
          872704,
          872000,
          871616,
          871328,
          870880,
          871136,
          871264,
          872512,
          871040,
          872128,
          872192,
          872288,
          871296,
          871808,
          872416,
          873216,
          872736
        ],
        "chunk_tokens": 256,
        "block_threads": 128,
        "staged_input_bytes": 168938858,
        "applicable": true
      },
      {
        "kernel": "onpair_dh_k8_t128_b8_h4",
        "role": "experimental",
        "stage_bytes": null,
        "chunk_size": 256,
        "decode_ms": 0.873344,
        "decode_gib_s": 1066.386762320344,
        "decode_ns_iters": [
          882880,
          877024,
          876928,
          875424,
          875008,
          876864,
          873344,
          876256,
          876256,
          876768,
          873632,
          875872,
          875264,
          876128,
          875136,
          876928,
          875776,
          877408,
          875904,
          876704,
          876224,
          874752,
          874816,
          874624,
          876448,
          876064,
          874784,
          875488,
          876032,
          875296
        ],
        "chunk_tokens": 256,
        "block_threads": 128,
        "staged_input_bytes": 168938858,
        "applicable": true
      },
      {
        "kernel": "onpair_dh_k8_t256_b1_h0",
        "role": "experimental",
        "stage_bytes": null,
        "chunk_size": 256,
        "decode_ms": 0.864352,
        "decode_gib_s": 1077.4805641126513,
        "decode_ns_iters": [
          865760,
          865344,
          867680,
          867488,
          865280,
          867520,
          868640,
          866304,
          864992,
          865632,
          866688,
          867008,
          864352,
          865696,
          865824,
          867008,
          866976,
          877888,
          880544,
          865824,
          864736,
          865216,
          867680,
          866816,
          865376,
          864832,
          864832,
          865984,
          866368,
          865216
        ],
        "chunk_tokens": 256,
        "block_threads": 256,
        "staged_input_bytes": 168938858,
        "applicable": true
      },
      {
        "kernel": "onpair_dh_k8_t256_b1_h2",
        "role": "experimental",
        "stage_bytes": null,
        "chunk_size": 256,
        "decode_ms": 0.863616,
        "decode_gib_s": 1078.3988260429385,
        "decode_ns_iters": [
          867552,
          867552,
          867584,
          866656,
          863616,
          864384,
          864000,
          867360,
          875744,
          877984,
          867136,
          866912,
          867200,
          867008,
          866144,
          865984,
          868512,
          867168,
          868320,
          868096,
          866720,
          867328,
          866752,
          866848,
          866848,
          868224,
          866592,
          867584,
          867648,
          867840
        ],
        "chunk_tokens": 256,
        "block_threads": 256,
        "staged_input_bytes": 168938858,
        "applicable": true
      },
      {
        "kernel": "onpair_dh_k8_t256_b1_h3",
        "role": "experimental",
        "stage_bytes": null,
        "chunk_size": 256,
        "decode_ms": 0.87008,
        "decode_gib_s": 1070.3871834220975,
        "decode_ns_iters": [
          881504,
          874208,
          872896,
          870720,
          870080,
          870464,
          871040,
          871776,
          870720,
          870592,
          871264,
          872608,
          870240,
          872992,
          870624,
          871840,
          871552,
          871744,
          872512,
          874144,
          874912,
          873184,
          871584,
          873728,
          870688,
          871584,
          872544,
          871680,
          871424,
          872544
        ],
        "chunk_tokens": 256,
        "block_threads": 256,
        "staged_input_bytes": 168938858,
        "applicable": true
      },
      {
        "kernel": "onpair_dh_k8_t256_b1_h4",
        "role": "experimental",
        "stage_bytes": null,
        "chunk_size": 256,
        "decode_ms": 0.868448,
        "decode_gib_s": 1072.398670446473,
        "decode_ns_iters": [
          870720,
          871040,
          869344,
          868736,
          869024,
          870080,
          869344,
          871200,
          869984,
          871008,
          870528,
          870304,
          869504,
          871168,
          870272,
          872320,
          870272,
          872096,
          870688,
          869440,
          878176,
          883072,
          870208,
          869600,
          869664,
          877056,
          870432,
          868448,
          869120,
          869696
        ],
        "chunk_tokens": 256,
        "block_threads": 256,
        "staged_input_bytes": 168938858,
        "applicable": true
      },
      {
        "kernel": "onpair_dh_k8_t256_b2_h2",
        "role": "experimental",
        "stage_bytes": null,
        "chunk_size": 256,
        "decode_ms": 0.866272,
        "decode_gib_s": 1075.0924427338045,
        "decode_ns_iters": [
          867392,
          868544,
          869856,
          868960,
          868064,
          868288,
          867712,
          868864,
          877248,
          877920,
          867776,
          866272,
          866848,
          873280,
          867296,
          866848,
          867264,
          868864,
          867456,
          867680,
          867808,
          867232,
          868704,
          869632,
          869472,
          868480,
          866912,
          867008,
          869120,
          867808
        ],
        "chunk_tokens": 256,
        "block_threads": 256,
        "staged_input_bytes": 168938858,
        "applicable": true
      },
      {
        "kernel": "onpair_dh_k8_t256_b2_h3",
        "role": "experimental",
        "stage_bytes": null,
        "chunk_size": 256,
        "decode_ms": 0.868736,
        "decode_gib_s": 1072.0431529853702,
        "decode_ns_iters": [
          871200,
          885120,
          869696,
          870848,
          869600,
          870432,
          868736,
          872192,
          869408,
          871872,
          870880,
          870400,
          869248,
          869600,
          870080,
          871392,
          872128,
          871424,
          871168,
          871712,
          870496,
          870784,
          869952,
          870656,
          870304,
          869984,
          870752,
          871552,
          871296,
          872704
        ],
        "chunk_tokens": 256,
        "block_threads": 256,
        "staged_input_bytes": 168938858,
        "applicable": true
      },
      {
        "kernel": "onpair_dh_k8_t256_b2_h4",
        "role": "experimental",
        "stage_bytes": null,
        "chunk_size": 256,
        "decode_ms": 0.867296,
        "decode_gib_s": 1073.8231014000971,
        "decode_ns_iters": [
          873056,
          871232,
          870528,
          870560,
          869696,
          870240,
          869888,
          870592,
          869440,
          870400,
          867776,
          870784,
          869888,
          869920,
          869952,
          869664,
          871392,
          871648,
          875616,
          884320,
          880384,
          870912,
          870624,
          871808,
          872576,
          871968,
          870016,
          867296,
          869088,
          868448
        ],
        "chunk_tokens": 256,
        "block_threads": 256,
        "staged_input_bytes": 168938858,
        "applicable": true
      },
      {
        "kernel": "onpair_dh_k8_t256_b4_h0",
        "role": "experimental",
        "stage_bytes": null,
        "chunk_size": 256,
        "decode_ms": 0.864352,
        "decode_gib_s": 1077.4805641126513,
        "decode_ns_iters": [
          867648,
          866464,
          866688,
          867072,
          867168,
          866656,
          866720,
          875200,
          867168,
          866240,
          865856,
          866400,
          864832,
          866176,
          865792,
          864384,
          864352,
          866432,
          865920,
          866528,
          866688,
          866944,
          865120,
          867072,
          866688,
          866976,
          866592,
          864992,
          865536,
          866496
        ],
        "chunk_tokens": 256,
        "block_threads": 256,
        "staged_input_bytes": 168938858,
        "applicable": true
      },
      {
        "kernel": "onpair_dh_k8_t256_b4_h2",
        "role": "experimental",
        "stage_bytes": null,
        "chunk_size": 256,
        "decode_ms": 0.86288,
        "decode_gib_s": 1079.3186544500957,
        "decode_ns_iters": [
          862880,
          867808,
          868224,
          866976,
          868960,
          867712,
          866336,
          867264,
          866368,
          867072,
          866848,
          866528,
          866976,
          867552,
          864000,
          865920,
          867136,
          867008,
          867168,
          867456,
          868000,
          876384,
          869024,
          867360,
          867488,
          867264,
          866880,
          867136,
          865344,
          864608
        ],
        "chunk_tokens": 256,
        "block_threads": 256,
        "staged_input_bytes": 168938858,
        "applicable": true
      },
      {
        "kernel": "onpair_dh_k8_t256_b4_h3",
        "role": "experimental",
        "stage_bytes": null,
        "chunk_size": 256,
        "decode_ms": 0.867296,
        "decode_gib_s": 1073.8231014000971,
        "decode_ns_iters": [
          870880,
          869248,
          867296,
          869376,
          868224,
          880960,
          881568,
          872224,
          870688,
          870848,
          872224,
          877952,
          871104,
          870688,
          869088,
          870048,
          870528,
          869600,
          869600,
          870368,
          872480,
          871712,
          871648,
          869984,
          872288,
          871840,
          871648,
          872448,
          872832,
          871936
        ],
        "chunk_tokens": 256,
        "block_threads": 256,
        "staged_input_bytes": 168938858,
        "applicable": true
      },
      {
        "kernel": "onpair_dh_k8_t256_b4_h4",
        "role": "experimental",
        "stage_bytes": null,
        "chunk_size": 256,
        "decode_ms": 0.871872,
        "decode_gib_s": 1068.1871657214574,
        "decode_ns_iters": [
          886752,
          884000,
          875744,
          875680,
          877824,
          875744,
          875872,
          875936,
          876160,
          878368,
          876288,
          877184,
          875264,
          875072,
          874368,
          871872,
          872512,
          872960,
          872736,
          872992,
          873824,
          876896,
          875680,
          878368,
          877056,
          879104,
          878624,
          877824,
          877120,
          877216
        ],
        "chunk_tokens": 256,
        "block_threads": 256,
        "staged_input_bytes": 168938858,
        "applicable": true
      },
      {
        "kernel": "onpair_dh_k8_t256_b6_h2",
        "role": "experimental",
        "stage_bytes": null,
        "chunk_size": 256,
        "decode_ms": 1.137504,
        "decode_gib_s": 818.7421587545173,
        "decode_ns_iters": [
          1141984,
          1142688,
          1142112,
          1143808,
          1142240,
          1142208,
          1142176,
          1145312,
          1142304,
          1141984,
          1143040,
          1142016,
          1142624,
          1143648,
          1142496,
          1143104,
          1139744,
          1140256,
          1140672,
          1152224,
          1143968,
          1141472,
          1143680,
          1140928,
          1145888,
          1140384,
          1137504,
          1139296,
          1141088,
          1139776
        ],
        "chunk_tokens": 256,
        "block_threads": 256,
        "staged_input_bytes": 168938858,
        "applicable": true
      },
      {
        "kernel": "onpair_dh_k8_t256_b6_h3",
        "role": "experimental",
        "stage_bytes": null,
        "chunk_size": 256,
        "decode_ms": 1.191808,
        "decode_gib_s": 781.4366748267327,
        "decode_ns_iters": [
          1191808,
          1222304,
          1222944,
          1220608,
          1219584,
          1207840,
          1205504,
          1213216,
          1200544,
          1222048,
          1216864,
          1218592,
          1205728,
          1217984,
          1206528,
          1224192,
          1208032,
          1221696,
          1213216,
          1195552,
          1205184,
          1206976,
          1207136,
          1219648,
          1220544,
          1211456,
          1207104,
          1213376,
          1229088,
          1211968
        ],
        "chunk_tokens": 256,
        "block_threads": 256,
        "staged_input_bytes": 168938858,
        "applicable": true
      },
      {
        "kernel": "onpair_dh_k8_t256_b6_h4",
        "role": "experimental",
        "stage_bytes": null,
        "chunk_size": 256,
        "decode_ms": 1.195808,
        "decode_gib_s": 778.8227546160407,
        "decode_ns_iters": [
          1203424,
          1203808,
          1200192,
          1195808,
          1196608,
          1200448,
          1202752,
          1196064,
          1196608,
          1196864,
          1196832,
          1202368,
          1202112,
          1199584,
          1196320,
          1208160,
          1196704,
          1202432,
          1203552,
          1206464,
          1200000,
          1198400,
          1207488,
          1198496,
          1200864,
          1203328,
          1202656,
          1200448,
          1196448,
          1201312
        ],
        "chunk_tokens": 256,
        "block_threads": 256,
        "staged_input_bytes": 168938858,
        "applicable": true
      },
      {
        "kernel": "onpair_dh_k8_t256_b8_h0",
        "role": "experimental",
        "stage_bytes": null,
        "chunk_size": 256,
        "decode_ms": 1.291552,
        "decode_gib_s": 721.0878699052755,
        "decode_ns_iters": [
          1303072,
          1292480,
          1301600,
          1295264,
          1295776,
          1291552,
          1297280,
          1299392,
          1300000,
          1297152,
          1296928,
          1297024,
          1303584,
          1296928,
          1303168,
          1303200,
          1303040,
          1297760,
          1304160,
          1301664,
          1298752,
          1297888,
          1299360,
          1295584,
          1302048,
          1296288,
          1302848,
          1300128,
          1298560,
          1294240
        ],
        "chunk_tokens": 256,
        "block_threads": 256,
        "staged_input_bytes": 168938858,
        "applicable": true
      },
      {
        "kernel": "onpair_dh_k8_t256_b8_h2",
        "role": "experimental",
        "stage_bytes": null,
        "chunk_size": 256,
        "decode_ms": 1.279264,
        "decode_gib_s": 728.0142961514578,
        "decode_ns_iters": [
          1286752,
          1288672,
          1282976,
          1287552,
          1301952,
          1304384,
          1290272,
          1297888,
          1295456,
          1280864,
          1293376,
          1295168,
          1292704,
          1299296,
          1292736,
          1279264,
          1291232,
          1295296,
          1289056,
          1295072,
          1298752,
          1299776,
          1285408,
          1286880,
          1290880,
          1282816,
          1290144,
          1285088,
          1300768,
          1287488
        ],
        "chunk_tokens": 256,
        "block_threads": 256,
        "staged_input_bytes": 168938858,
        "applicable": true
      },
      {
        "kernel": "onpair_dh_k8_t256_b8_h3",
        "role": "experimental",
        "stage_bytes": null,
        "chunk_size": 256,
        "decode_ms": 1.4336,
        "decode_gib_s": 649.6390070814024,
        "decode_ns_iters": [
          1448608,
          1451264,
          1444832,
          1440256,
          1436448,
          1453952,
          1446528,
          1450688,
          1437696,
          1441088,
          1458816,
          1447296,
          1441888,
          1443712,
          1441792,
          1441120,
          1433600,
          1445312,
          1447648,
          1444064,
          1439008,
          1449376,
          1465152,
          1448640,
          1446432,
          1454720,
          1453664,
          1440608,
          1440544,
          1456224
        ],
        "chunk_tokens": 256,
        "block_threads": 256,
        "staged_input_bytes": 168938858,
        "applicable": true
      },
      {
        "kernel": "onpair_dh_k8_t256_b8_h4",
        "role": "experimental",
        "stage_bytes": null,
        "chunk_size": 256,
        "decode_ms": 1.441792,
        "decode_gib_s": 645.947876359349,
        "decode_ns_iters": [
          1446752,
          1441792,
          1443360,
          1444864,
          1442976,
          1444192,
          1445376,
          1447488,
          1448384,
          1447520,
          1446432,
          1449344,
          1445440,
          1444544,
          1445664,
          1445248,
          1443712,
          1445792,
          1448096,
          1454176,
          1442784,
          1446208,
          1443712,
          1445344,
          1449888,
          1444320,
          1451872,
          1441984,
          1443904,
          1445088
        ],
        "chunk_tokens": 256,
        "block_threads": 256,
        "staged_input_bytes": 168938858,
        "applicable": true
      },
      {
        "kernel": "onpair_ds_k4_t128_b2_s10",
        "role": "experimental",
        "stage_bytes": 10,
        "chunk_size": 128,
        "decode_ms": 0.0,
        "decode_gib_s": 0.0,
        "chunk_tokens": 128,
        "block_threads": 128,
        "staged_input_bytes": 171523746,
        "applicable": false,
        "reason": "staging 1312 B/warp is below this column's largest batch (1694 B + 15 shift)"
      },
      {
        "kernel": "onpair_ds_k4_t128_b2_s12",
        "role": "experimental",
        "stage_bytes": 12,
        "chunk_size": 128,
        "decode_ms": 0.0,
        "decode_gib_s": 0.0,
        "chunk_tokens": 128,
        "block_threads": 128,
        "staged_input_bytes": 171523746,
        "applicable": false,
        "reason": "staging 1568 B/warp is below this column's largest batch (1694 B + 15 shift)"
      },
      {
        "kernel": "onpair_ds_k4_t128_b2_s14",
        "role": "experimental",
        "stage_bytes": 14,
        "chunk_size": 128,
        "decode_ms": 0.843936,
        "decode_gib_s": 1103.5463359210871,
        "decode_ns_iters": [
          851488,
          849536,
          847904,
          848096,
          849696,
          850048,
          845248,
          847520,
          856320,
          847264,
          846720,
          843936,
          846848,
          845184,
          847456,
          849408,
          851296,
          847776,
          848480,
          848512,
          848032,
          845568,
          846368,
          847840,
          850848,
          850400,
          856416,
          847424,
          852800,
          852672
        ],
        "chunk_tokens": 128,
        "block_threads": 128,
        "staged_input_bytes": 171523746,
        "applicable": true
      },
      {
        "kernel": "onpair_ds_k4_t128_b4_s10",
        "role": "experimental",
        "stage_bytes": 10,
        "chunk_size": 128,
        "decode_ms": 0.0,
        "decode_gib_s": 0.0,
        "chunk_tokens": 128,
        "block_threads": 128,
        "staged_input_bytes": 171523746,
        "applicable": false,
        "reason": "staging 1312 B/warp is below this column's largest batch (1694 B + 15 shift)"
      },
      {
        "kernel": "onpair_ds_k4_t128_b4_s12",
        "role": "experimental",
        "stage_bytes": 12,
        "chunk_size": 128,
        "decode_ms": 0.0,
        "decode_gib_s": 0.0,
        "chunk_tokens": 128,
        "block_threads": 128,
        "staged_input_bytes": 171523746,
        "applicable": false,
        "reason": "staging 1568 B/warp is below this column's largest batch (1694 B + 15 shift)"
      },
      {
        "kernel": "onpair_ds_k4_t128_b4_s14",
        "role": "experimental",
        "stage_bytes": 14,
        "chunk_size": 128,
        "decode_ms": 0.847168,
        "decode_gib_s": 1099.336236203325,
        "decode_ns_iters": [
          850400,
          852928,
          849632,
          859264,
          849184,
          847168,
          847744,
          848352,
          847232,
          851616,
          848096,
          848832,
          847936,
          847648,
          850592,
          850048,
          847936,
          849568,
          849344,
          847584,
          849120,
          848864,
          849408,
          857312,
          847360,
          848256,
          861536,
          849440,
          848064,
          847328
        ],
        "chunk_tokens": 128,
        "block_threads": 128,
        "staged_input_bytes": 171523746,
        "applicable": true
      },
      {
        "kernel": "onpair_ds_k4_t128_b8_s10",
        "role": "experimental",
        "stage_bytes": 10,
        "chunk_size": 128,
        "decode_ms": 0.0,
        "decode_gib_s": 0.0,
        "chunk_tokens": 128,
        "block_threads": 128,
        "staged_input_bytes": 171523746,
        "applicable": false,
        "reason": "staging 1312 B/warp is below this column's largest batch (1694 B + 15 shift)"
      },
      {
        "kernel": "onpair_ds_k4_t128_b8_s12",
        "role": "experimental",
        "stage_bytes": 12,
        "chunk_size": 128,
        "decode_ms": 0.0,
        "decode_gib_s": 0.0,
        "chunk_tokens": 128,
        "block_threads": 128,
        "staged_input_bytes": 171523746,
        "applicable": false,
        "reason": "staging 1568 B/warp is below this column's largest batch (1694 B + 15 shift)"
      },
      {
        "kernel": "onpair_ds_k4_t128_b8_s14",
        "role": "experimental",
        "stage_bytes": 14,
        "chunk_size": 128,
        "decode_ms": 0.82896,
        "decode_gib_s": 1123.483015527768,
        "decode_ns_iters": [
          843200,
          834048,
          843776,
          838560,
          830496,
          830208,
          832416,
          830496,
          831616,
          829440,
          829888,
          829568,
          829152,
          830976,
          839872,
          832704,
          832064,
          832448,
          832096,
          834848,
          832352,
          832768,
          831456,
          832928,
          832384,
          829120,
          831008,
          828960,
          830496,
          830496
        ],
        "chunk_tokens": 128,
        "block_threads": 128,
        "staged_input_bytes": 171523746,
        "applicable": true
      },
      {
        "kernel": "onpair_ds_k4_t256_b2_s10",
        "role": "experimental",
        "stage_bytes": 10,
        "chunk_size": 128,
        "decode_ms": 0.0,
        "decode_gib_s": 0.0,
        "chunk_tokens": 128,
        "block_threads": 256,
        "staged_input_bytes": 171523746,
        "applicable": false,
        "reason": "staging 1312 B/warp is below this column's largest batch (1694 B + 15 shift)"
      },
      {
        "kernel": "onpair_ds_k4_t256_b2_s12",
        "role": "experimental",
        "stage_bytes": 12,
        "chunk_size": 128,
        "decode_ms": 0.0,
        "decode_gib_s": 0.0,
        "chunk_tokens": 128,
        "block_threads": 256,
        "staged_input_bytes": 171523746,
        "applicable": false,
        "reason": "staging 1568 B/warp is below this column's largest batch (1694 B + 15 shift)"
      },
      {
        "kernel": "onpair_ds_k4_t256_b2_s14",
        "role": "experimental",
        "stage_bytes": 14,
        "chunk_size": 128,
        "decode_ms": 0.90256,
        "decode_gib_s": 1031.8676659190508,
        "decode_ns_iters": [
          908416,
          908160,
          905120,
          908864,
          907488,
          911872,
          911168,
          910496,
          907200,
          908224,
          905056,
          909632,
          908480,
          915584,
          905184,
          908288,
          905472,
          903872,
          902560,
          907808,
          904256,
          907808,
          908704,
          906496,
          910752,
          907776,
          909024,
          910784,
          909824,
          908448
        ],
        "chunk_tokens": 128,
        "block_threads": 256,
        "staged_input_bytes": 171523746,
        "applicable": true
      },
      {
        "kernel": "onpair_ds_k4_t256_b4_s10",
        "role": "experimental",
        "stage_bytes": 10,
        "chunk_size": 128,
        "decode_ms": 0.0,
        "decode_gib_s": 0.0,
        "chunk_tokens": 128,
        "block_threads": 256,
        "staged_input_bytes": 171523746,
        "applicable": false,
        "reason": "staging 1312 B/warp is below this column's largest batch (1694 B + 15 shift)"
      },
      {
        "kernel": "onpair_ds_k4_t256_b4_s12",
        "role": "experimental",
        "stage_bytes": 12,
        "chunk_size": 128,
        "decode_ms": 0.0,
        "decode_gib_s": 0.0,
        "chunk_tokens": 128,
        "block_threads": 256,
        "staged_input_bytes": 171523746,
        "applicable": false,
        "reason": "staging 1568 B/warp is below this column's largest batch (1694 B + 15 shift)"
      },
      {
        "kernel": "onpair_ds_k4_t256_b4_s14",
        "role": "experimental",
        "stage_bytes": 14,
        "chunk_size": 128,
        "decode_ms": 0.83392,
        "decode_gib_s": 1116.800748935028,
        "decode_ns_iters": [
          838464,
          838272,
          837888,
          838048,
          838176,
          838656,
          838656,
          836768,
          839200,
          837600,
          838144,
          836736,
          838496,
          837504,
          838688,
          847904,
          836224,
          838624,
          836928,
          837760,
          837024,
          837568,
          837312,
          836832,
          833920,
          836448,
          836032,
          834944,
          835200,
          835712
        ],
        "chunk_tokens": 128,
        "block_threads": 256,
        "staged_input_bytes": 171523746,
        "applicable": true
      },
      {
        "kernel": "onpair_ds_k4_t256_b8_s10",
        "role": "experimental",
        "stage_bytes": 10,
        "chunk_size": 128,
        "decode_ms": 0.0,
        "decode_gib_s": 0.0,
        "chunk_tokens": 128,
        "block_threads": 256,
        "staged_input_bytes": 171523746,
        "applicable": false,
        "reason": "staging 1312 B/warp is below this column's largest batch (1694 B + 15 shift)"
      },
      {
        "kernel": "onpair_ds_k4_t256_b8_s12",
        "role": "experimental",
        "stage_bytes": 12,
        "chunk_size": 128,
        "decode_ms": 0.0,
        "decode_gib_s": 0.0,
        "chunk_tokens": 128,
        "block_threads": 256,
        "staged_input_bytes": 171523746,
        "applicable": false,
        "reason": "staging 1568 B/warp is below this column's largest batch (1694 B + 15 shift)"
      },
      {
        "kernel": "onpair_ds_k4_t256_b8_s14",
        "role": "experimental",
        "stage_bytes": 14,
        "chunk_size": 128,
        "decode_ms": 0.855136,
        "decode_gib_s": 1089.0928233075188,
        "decode_ns_iters": [
          858368,
          858368,
          857632,
          856320,
          856960,
          856608,
          858016,
          857888,
          856352,
          864288,
          864096,
          858304,
          856608,
          869120,
          856736,
          855904,
          855328,
          856832,
          856128,
          855136,
          855712,
          856832,
          855456,
          863808,
          863232,
          857472,
          856288,
          856064,
          856928,
          855680
        ],
        "chunk_tokens": 128,
        "block_threads": 256,
        "staged_input_bytes": 171523746,
        "applicable": true
      },
      {
        "kernel": "onpair_ds_k6_t128_b2_s10",
        "role": "experimental",
        "stage_bytes": 10,
        "chunk_size": 192,
        "decode_ms": 0.0,
        "decode_gib_s": 0.0,
        "chunk_tokens": 192,
        "block_threads": 128,
        "staged_input_bytes": 169800490,
        "applicable": false,
        "reason": "staging 1952 B/warp is below this column's largest batch (2540 B + 15 shift)"
      },
      {
        "kernel": "onpair_ds_k6_t128_b2_s12",
        "role": "experimental",
        "stage_bytes": 12,
        "chunk_size": 192,
        "decode_ms": 0.0,
        "decode_gib_s": 0.0,
        "chunk_tokens": 192,
        "block_threads": 128,
        "staged_input_bytes": 169800490,
        "applicable": false,
        "reason": "staging 2336 B/warp is below this column's largest batch (2540 B + 15 shift)"
      },
      {
        "kernel": "onpair_ds_k6_t128_b2_s14",
        "role": "experimental",
        "stage_bytes": 14,
        "chunk_size": 192,
        "decode_ms": 0.804416,
        "decode_gib_s": 1157.7622530530202,
        "decode_ns_iters": [
          805024,
          805248,
          805504,
          807936,
          807264,
          808192,
          807232,
          808224,
          816672,
          807200,
          807296,
          806656,
          806016,
          805440,
          807392,
          805504,
          805088,
          806816,
          807200,
          807552,
          807808,
          805888,
          804416,
          805216,
          805344,
          807296,
          807168,
          804960,
          806720,
          815552
        ],
        "chunk_tokens": 192,
        "block_threads": 128,
        "staged_input_bytes": 169800490,
        "applicable": true
      },
      {
        "kernel": "onpair_ds_k6_t128_b4_s10",
        "role": "experimental",
        "stage_bytes": 10,
        "chunk_size": 192,
        "decode_ms": 0.0,
        "decode_gib_s": 0.0,
        "chunk_tokens": 192,
        "block_threads": 128,
        "staged_input_bytes": 169800490,
        "applicable": false,
        "reason": "staging 1952 B/warp is below this column's largest batch (2540 B + 15 shift)"
      },
      {
        "kernel": "onpair_ds_k6_t128_b4_s12",
        "role": "experimental",
        "stage_bytes": 12,
        "chunk_size": 192,
        "decode_ms": 0.0,
        "decode_gib_s": 0.0,
        "chunk_tokens": 192,
        "block_threads": 128,
        "staged_input_bytes": 169800490,
        "applicable": false,
        "reason": "staging 2336 B/warp is below this column's largest batch (2540 B + 15 shift)"
      },
      {
        "kernel": "onpair_ds_k6_t128_b4_s14",
        "role": "experimental",
        "stage_bytes": 14,
        "chunk_size": 192,
        "decode_ms": 0.804256,
        "decode_gib_s": 1157.9925801634038,
        "decode_ns_iters": [
          805056,
          806816,
          807232,
          814400,
          805376,
          804256,
          806656,
          807392,
          806272,
          807264,
          807424,
          806400,
          807232,
          807968,
          807168,
          807488,
          807808,
          806976,
          805408,
          806784,
          806560,
          806912,
          806112,
          805760,
          816768,
          807904,
          815200,
          808512,
          807840,
          808480
        ],
        "chunk_tokens": 192,
        "block_threads": 128,
        "staged_input_bytes": 169800490,
        "applicable": true
      },
      {
        "kernel": "onpair_ds_k6_t128_b8_s10",
        "role": "experimental",
        "stage_bytes": 10,
        "chunk_size": 192,
        "decode_ms": 0.0,
        "decode_gib_s": 0.0,
        "chunk_tokens": 192,
        "block_threads": 128,
        "staged_input_bytes": 169800490,
        "applicable": false,
        "reason": "staging 1952 B/warp is below this column's largest batch (2540 B + 15 shift)"
      },
      {
        "kernel": "onpair_ds_k6_t128_b8_s12",
        "role": "experimental",
        "stage_bytes": 12,
        "chunk_size": 192,
        "decode_ms": 0.0,
        "decode_gib_s": 0.0,
        "chunk_tokens": 192,
        "block_threads": 128,
        "staged_input_bytes": 169800490,
        "applicable": false,
        "reason": "staging 2336 B/warp is below this column's largest batch (2540 B + 15 shift)"
      },
      {
        "kernel": "onpair_ds_k6_t128_b8_s14",
        "role": "experimental",
        "stage_bytes": 14,
        "chunk_size": 192,
        "decode_ms": 0.802304,
        "decode_gib_s": 1160.8099679820848,
        "decode_ns_iters": [
          807904,
          807424,
          806848,
          807680,
          804992,
          803968,
          804096,
          807328,
          818560,
          807040,
          806080,
          807168,
          805760,
          803008,
          802304,
          803648,
          807296,
          807232,
          809088,
          807584,
          814240,
          804480,
          806144,
          806144,
          804512,
          805184,
          806112,
          806432,
          806656,
          819968
        ],
        "chunk_tokens": 192,
        "block_threads": 128,
        "staged_input_bytes": 169800490,
        "applicable": true
      },
      {
        "kernel": "onpair_ds_k6_t256_b2_s10",
        "role": "experimental",
        "stage_bytes": 10,
        "chunk_size": 192,
        "decode_ms": 0.0,
        "decode_gib_s": 0.0,
        "chunk_tokens": 192,
        "block_threads": 256,
        "staged_input_bytes": 169800490,
        "applicable": false,
        "reason": "staging 1952 B/warp is below this column's largest batch (2540 B + 15 shift)"
      },
      {
        "kernel": "onpair_ds_k6_t256_b2_s12",
        "role": "experimental",
        "stage_bytes": 12,
        "chunk_size": 192,
        "decode_ms": 0.0,
        "decode_gib_s": 0.0,
        "chunk_tokens": 192,
        "block_threads": 256,
        "staged_input_bytes": 169800490,
        "applicable": false,
        "reason": "staging 2336 B/warp is below this column's largest batch (2540 B + 15 shift)"
      },
      {
        "kernel": "onpair_ds_k6_t256_b2_s14",
        "role": "experimental",
        "stage_bytes": 14,
        "chunk_size": 192,
        "decode_ms": 0.80736,
        "decode_gib_s": 1153.5405278338023,
        "decode_ns_iters": [
          809792,
          809504,
          810176,
          819968,
          809856,
          809792,
          809568,
          808544,
          810656,
          811136,
          807360,
          808864,
          808672,
          808640,
          819072,
          810432,
          811552,
          811744,
          811872,
          811776,
          811584,
          812576,
          810720,
          811552,
          812960,
          811232,
          810368,
          817696,
          810688,
          809280
        ],
        "chunk_tokens": 192,
        "block_threads": 256,
        "staged_input_bytes": 169800490,
        "applicable": true
      },
      {
        "kernel": "onpair_ds_k6_t256_b4_s10",
        "role": "experimental",
        "stage_bytes": 10,
        "chunk_size": 192,
        "decode_ms": 0.0,
        "decode_gib_s": 0.0,
        "chunk_tokens": 192,
        "block_threads": 256,
        "staged_input_bytes": 169800490,
        "applicable": false,
        "reason": "staging 1952 B/warp is below this column's largest batch (2540 B + 15 shift)"
      },
      {
        "kernel": "onpair_ds_k6_t256_b4_s12",
        "role": "experimental",
        "stage_bytes": 12,
        "chunk_size": 192,
        "decode_ms": 0.0,
        "decode_gib_s": 0.0,
        "chunk_tokens": 192,
        "block_threads": 256,
        "staged_input_bytes": 169800490,
        "applicable": false,
        "reason": "staging 2336 B/warp is below this column's largest batch (2540 B + 15 shift)"
      },
      {
        "kernel": "onpair_ds_k6_t256_b4_s14",
        "role": "experimental",
        "stage_bytes": 14,
        "chunk_size": 192,
        "decode_ms": 0.809408,
        "decode_gib_s": 1150.6217884576115,
        "decode_ns_iters": [
          825664,
          814624,
          814592,
          815648,
          815520,
          813856,
          813600,
          814080,
          813344,
          814240,
          813888,
          815840,
          814304,
          815264,
          815264,
          813664,
          809408,
          813056,
          814112,
          812576,
          813568,
          813280,
          814688,
          825760,
          816384,
          823456,
          814592,
          815776,
          815392,
          815360
        ],
        "chunk_tokens": 192,
        "block_threads": 256,
        "staged_input_bytes": 169800490,
        "applicable": true
      },
      {
        "kernel": "onpair_ds_k6_t256_b8_s10",
        "role": "experimental",
        "stage_bytes": 10,
        "chunk_size": 192,
        "decode_ms": 0.0,
        "decode_gib_s": 0.0,
        "chunk_tokens": 192,
        "block_threads": 256,
        "staged_input_bytes": 169800490,
        "applicable": false,
        "reason": "staging 1952 B/warp is below this column's largest batch (2540 B + 15 shift)"
      },
      {
        "kernel": "onpair_ds_k6_t256_b8_s12",
        "role": "experimental",
        "stage_bytes": 12,
        "chunk_size": 192,
        "decode_ms": 0.0,
        "decode_gib_s": 0.0,
        "chunk_tokens": 192,
        "block_threads": 256,
        "staged_input_bytes": 169800490,
        "applicable": false,
        "reason": "staging 2336 B/warp is below this column's largest batch (2540 B + 15 shift)"
      },
      {
        "kernel": "onpair_ds_k6_t256_b8_s14",
        "role": "experimental",
        "stage_bytes": 14,
        "chunk_size": 192,
        "decode_ms": 1.14576,
        "decode_gib_s": 812.8425504048829,
        "decode_ns_iters": [
          1149344,
          1150144,
          1150176,
          1148128,
          1147712,
          1148096,
          1147872,
          1149184,
          1147328,
          1147168,
          1147392,
          1148416,
          1147904,
          1149408,
          1146112,
          1148352,
          1147104,
          1145760,
          1147776,
          1147808,
          1148384,
          1149888,
          1147808,
          1149248,
          1149120,
          1149600,
          1148576,
          1146464,
          1147360,
          1147872
        ],
        "chunk_tokens": 192,
        "block_threads": 256,
        "staged_input_bytes": 169800490,
        "applicable": true
      },
      {
        "kernel": "onpair_ds_k8_t128_b2_s10",
        "role": "experimental",
        "stage_bytes": 10,
        "chunk_size": 256,
        "decode_ms": 0.0,
        "decode_gib_s": 0.0,
        "chunk_tokens": 256,
        "block_threads": 128,
        "staged_input_bytes": 168938858,
        "applicable": false,
        "reason": "staging 2592 B/warp is below this column's largest batch (3377 B + 15 shift)"
      },
      {
        "kernel": "onpair_ds_k8_t128_b2_s12",
        "role": "experimental",
        "stage_bytes": 12,
        "chunk_size": 256,
        "decode_ms": 0.0,
        "decode_gib_s": 0.0,
        "chunk_tokens": 256,
        "block_threads": 128,
        "staged_input_bytes": 168938858,
        "applicable": false,
        "reason": "staging 3104 B/warp is below this column's largest batch (3377 B + 15 shift)"
      },
      {
        "kernel": "onpair_ds_k8_t128_b2_s14",
        "role": "experimental",
        "stage_bytes": 14,
        "chunk_size": 256,
        "decode_ms": 0.825472,
        "decode_gib_s": 1128.23024954438,
        "decode_ns_iters": [
          827520,
          826912,
          829504,
          828384,
          833440,
          840416,
          831456,
          829120,
          826720,
          827552,
          826464,
          826592,
          827648,
          826592,
          826432,
          826304,
          825472,
          825888,
          828704,
          836320,
          829760,
          832160,
          830112,
          828064,
          829664,
          829440,
          827616,
          827808,
          829024,
          829536
        ],
        "chunk_tokens": 256,
        "block_threads": 128,
        "staged_input_bytes": 168938858,
        "applicable": true
      },
      {
        "kernel": "onpair_ds_k8_t128_b4_s10",
        "role": "experimental",
        "stage_bytes": 10,
        "chunk_size": 256,
        "decode_ms": 0.0,
        "decode_gib_s": 0.0,
        "chunk_tokens": 256,
        "block_threads": 128,
        "staged_input_bytes": 168938858,
        "applicable": false,
        "reason": "staging 2592 B/warp is below this column's largest batch (3377 B + 15 shift)"
      },
      {
        "kernel": "onpair_ds_k8_t128_b4_s12",
        "role": "experimental",
        "stage_bytes": 12,
        "chunk_size": 256,
        "decode_ms": 0.0,
        "decode_gib_s": 0.0,
        "chunk_tokens": 256,
        "block_threads": 128,
        "staged_input_bytes": 168938858,
        "applicable": false,
        "reason": "staging 3104 B/warp is below this column's largest batch (3377 B + 15 shift)"
      },
      {
        "kernel": "onpair_ds_k8_t128_b4_s14",
        "role": "experimental",
        "stage_bytes": 14,
        "chunk_size": 256,
        "decode_ms": 0.824224,
        "decode_gib_s": 1129.9385610609477,
        "decode_ns_iters": [
          824576,
          829408,
          828704,
          827520,
          825408,
          829088,
          827680,
          826656,
          827584,
          827904,
          828160,
          827584,
          827392,
          825696,
          824224,
          825024,
          826496,
          827424,
          826336,
          832480,
          826432,
          827520,
          837632,
          827360,
          838592,
          826624,
          828064,
          828224,
          829312,
          826880
        ],
        "chunk_tokens": 256,
        "block_threads": 128,
        "staged_input_bytes": 168938858,
        "applicable": true
      },
      {
        "kernel": "onpair_ds_k8_t128_b8_s10",
        "role": "experimental",
        "stage_bytes": 10,
        "chunk_size": 256,
        "decode_ms": 0.0,
        "decode_gib_s": 0.0,
        "chunk_tokens": 256,
        "block_threads": 128,
        "staged_input_bytes": 168938858,
        "applicable": false,
        "reason": "staging 2592 B/warp is below this column's largest batch (3377 B + 15 shift)"
      },
      {
        "kernel": "onpair_ds_k8_t128_b8_s12",
        "role": "experimental",
        "stage_bytes": 12,
        "chunk_size": 256,
        "decode_ms": 0.0,
        "decode_gib_s": 0.0,
        "chunk_tokens": 256,
        "block_threads": 128,
        "staged_input_bytes": 168938858,
        "applicable": false,
        "reason": "staging 3104 B/warp is below this column's largest batch (3377 B + 15 shift)"
      },
      {
        "kernel": "onpair_ds_k8_t128_b8_s14",
        "role": "experimental",
        "stage_bytes": 14,
        "chunk_size": 256,
        "decode_ms": 0.827136,
        "decode_gib_s": 1125.9605198563459,
        "decode_ns_iters": [
          828480,
          827552,
          828960,
          829280,
          828992,
          829984,
          828736,
          829856,
          829568,
          827584,
          828608,
          828032,
          827488,
          837824,
          828640,
          827200,
          827840,
          827968,
          827328,
          827456,
          827552,
          827584,
          827136,
          828512,
          827744,
          828352,
          828928,
          827264,
          828672,
          828480
        ],
        "chunk_tokens": 256,
        "block_threads": 128,
        "staged_input_bytes": 168938858,
        "applicable": true
      },
      {
        "kernel": "onpair_ds_k8_t256_b2_s10",
        "role": "experimental",
        "stage_bytes": 10,
        "chunk_size": 256,
        "decode_ms": 0.0,
        "decode_gib_s": 0.0,
        "chunk_tokens": 256,
        "block_threads": 256,
        "staged_input_bytes": 168938858,
        "applicable": false,
        "reason": "staging 2592 B/warp is below this column's largest batch (3377 B + 15 shift)"
      },
      {
        "kernel": "onpair_ds_k8_t256_b2_s12",
        "role": "experimental",
        "stage_bytes": 12,
        "chunk_size": 256,
        "decode_ms": 0.0,
        "decode_gib_s": 0.0,
        "chunk_tokens": 256,
        "block_threads": 256,
        "staged_input_bytes": 168938858,
        "applicable": false,
        "reason": "staging 3104 B/warp is below this column's largest batch (3377 B + 15 shift)"
      },
      {
        "kernel": "onpair_ds_k8_t256_b2_s14",
        "role": "experimental",
        "stage_bytes": 14,
        "chunk_size": 256,
        "decode_ms": 0.825984,
        "decode_gib_s": 1127.530897150427,
        "decode_ns_iters": [
          830848,
          829824,
          829088,
          839296,
          829440,
          827968,
          828288,
          829920,
          828608,
          826880,
          827488,
          825984,
          830944,
          827968,
          829088,
          829536,
          827104,
          837984,
          829152,
          835584,
          829760,
          829440,
          829120,
          830592,
          830048,
          829216,
          829152,
          831456,
          828800,
          831328
        ],
        "chunk_tokens": 256,
        "block_threads": 256,
        "staged_input_bytes": 168938858,
        "applicable": true
      },
      {
        "kernel": "onpair_ds_k8_t256_b4_s10",
        "role": "experimental",
        "stage_bytes": 10,
        "chunk_size": 256,
        "decode_ms": 0.0,
        "decode_gib_s": 0.0,
        "chunk_tokens": 256,
        "block_threads": 256,
        "staged_input_bytes": 168938858,
        "applicable": false,
        "reason": "staging 2592 B/warp is below this column's largest batch (3377 B + 15 shift)"
      },
      {
        "kernel": "onpair_ds_k8_t256_b4_s12",
        "role": "experimental",
        "stage_bytes": 12,
        "chunk_size": 256,
        "decode_ms": 0.0,
        "decode_gib_s": 0.0,
        "chunk_tokens": 256,
        "block_threads": 256,
        "staged_input_bytes": 168938858,
        "applicable": false,
        "reason": "staging 3104 B/warp is below this column's largest batch (3377 B + 15 shift)"
      },
      {
        "kernel": "onpair_ds_k8_t256_b4_s14",
        "role": "experimental",
        "stage_bytes": 14,
        "chunk_size": 256,
        "decode_ms": 0.824352,
        "decode_gib_s": 1129.7631115735735,
        "decode_ns_iters": [
          831744,
          831520,
          830528,
          830144,
          830272,
          831264,
          829728,
          831328,
          830592,
          836768,
          829504,
          827840,
          828352,
          827488,
          826496,
          827040,
          828128,
          824352,
          825472,
          824608,
          825472,
          827424,
          836160,
          825632,
          826496,
          828160,
          827968,
          826496,
          824704,
          827744
        ],
        "chunk_tokens": 256,
        "block_threads": 256,
        "staged_input_bytes": 168938858,
        "applicable": true
      },
      {
        "kernel": "onpair_ds_k8_t256_b8_s10",
        "role": "experimental",
        "stage_bytes": 10,
        "chunk_size": 256,
        "decode_ms": 0.0,
        "decode_gib_s": 0.0,
        "chunk_tokens": 256,
        "block_threads": 256,
        "staged_input_bytes": 168938858,
        "applicable": false,
        "reason": "staging 2592 B/warp is below this column's largest batch (3377 B + 15 shift)"
      },
      {
        "kernel": "onpair_ds_k8_t256_b8_s12",
        "role": "experimental",
        "stage_bytes": 12,
        "chunk_size": 256,
        "decode_ms": 0.0,
        "decode_gib_s": 0.0,
        "chunk_tokens": 256,
        "block_threads": 256,
        "staged_input_bytes": 168938858,
        "applicable": false,
        "reason": "staging 3104 B/warp is below this column's largest batch (3377 B + 15 shift)"
      },
      {
        "kernel": "onpair_ds_k8_t256_b8_s14",
        "role": "experimental",
        "stage_bytes": 14,
        "chunk_size": 256,
        "decode_ms": 1.286272,
        "decode_gib_s": 724.0478534492693,
        "decode_ns_iters": [
          1291328,
          1289760,
          1290240,
          1289568,
          1290784,
          1286560,
          1289280,
          1289216,
          1289984,
          1290880,
          1287424,
          1288320,
          1289440,
          1289696,
          1287872,
          1286272,
          1299840,
          1286592,
          1290464,
          1288192,
          1287040,
          1286688,
          1288384,
          1286944,
          1286880,
          1286496,
          1292352,
          1287392,
          1288448,
          1289440
        ],
        "chunk_tokens": 256,
        "block_threads": 256,
        "staged_input_bytes": 168938858,
        "applicable": true
      }
    ]
  }
}
==PROF== Disconnected from process 30142
==PROF== Report: /home/ubuntu/work/ncu_costsurface_loghub-windows_line_b16.ncu-rep
