==PROF== Connected to process 26877 (/home/ubuntu/work/target/release/onpair-chunk-bench)
2026-08-24T05:31:37.201039Z  INFO vortex_cuda: vortex-cuda/src/lib.rs:111: Registering CUDA kernels
==PROF== Profiling "onpair_shmem_2tpt": 0%....50%....100% - 43 passes
==PROF== Profiling "onpair_shmem_2tpt": 0%....50%....100% - 43 passes
==PROF== Profiling "onpair_shmem_2tpt": 0%....50%....100% - 43 passes
==PROF== Profiling "onpair_shmem_2tpt": 0%....50%....100% - 43 passes
==PROF== Profiling "onpair_shmem_2tpt": 0%....50%....100% - 43 passes
==PROF== Profiling "onpair_shmem_2tpt": 0%....50%....100% - 43 passes
==PROF== Profiling "onpair_shmem_2tpt": 0%....50%....100% - 43 passes
==PROF== Profiling "onpair_shmem_2tpt": 0%....50%....100% - 43 passes
==PROF== Profiling "onpair_shmem_2tpt": 0%....50%....100% - 43 passes
==PROF== Profiling "onpair_shmem_2tpt": 0%....50%....100% - 43 passes
==PROF== Profiling "onpair_shmem_2tpt": 0%....50%....100% - 43 passes
==PROF== Profiling "onpair_shmem_2tpt": 0%....50%....100% - 43 passes
==PROF== Profiling "onpair_shmem_2tpt": 0%....50%....100% - 43 passes
==PROF== Profiling "onpair_shmem_2tpt": 0%....50%....100% - 43 passes
==PROF== Profiling "onpair_shmem_2tpt": 0%....50%....100% - 43 passes
==PROF== Profiling "onpair_shmem_2tpt": 0%....50%....100% - 43 passes
{
  "files": [
    "/home/ubuntu/work/vortex-bench/data/onpair-bench/loghub-windows/line/bits16_chunk1000mb_thr0.20_seed20260819/part_0000.vortex"
  ],
  "column": "line",
  "rows": 4139945,
  "in_memory_bytes": 173693770,
  "dict_bytes": 471540,
  "gpu": {
    "iterations": 30,
    "decoded_bytes": 999999899,
    "chunks": 1,
    "total_tokens": 82716293,
    "auto_kernel": "onpair_shmem_2tpt",
    "frac_le8": 0.1756429,
    "dict_mean_len": 12.089515,
    "dict_max_len": 16,
    "dict_entries_max": 55839,
    "small_dict": false,
    "distinct_codes": 37853,
    "access_top4096_frac": 0.9486802,
    "compressed_bytes": 165959981,
    "h2d_gib_s": 19.792930321561883,
    "whole_decompress_gib_s": 93.33950075561147,
    "best_kernel": "onpair_decompress_8tpt",
    "auto_decode_ms": 2.168832,
    "best_decode_ms": 1.844224,
    "validated": false,
    "auto_decode_gib_s": 429.4119971265172,
    "best_decode_gib_s": 504.99423093501576,
    "kernels": [
      {
        "kernel": "onpair_shmem_2tpt",
        "role": "production",
        "stage_bytes": null,
        "chunk_size": 64,
        "decode_ms": 2.168832,
        "decode_gib_s": 429.4119971265172,
        "decode_ns_iters": [
          1875099659,
          1879924655,
          1874769926,
          1878318071,
          1873547196,
          1877198815,
          1875288129,
          1874906063,
          1879395366,
          1878992915,
          1880337358,
          1880849361,
          1877929926,
          1880507469,
          2187264,
          2173824,
          2271136,
          2208768,
          2182144,
          2189312,
          2245632,
          2226176,
          2174976,
          2202624,
          2224128,
          2170688,
          2168832,
          2180096,
          2222080,
          2168832
        ],
        "chunk_tokens": 64,
        "block_threads": 512,
        "staged_input_bytes": 176721417,
        "applicable": true
      },
      {
        "kernel": "onpair_shmem_4tpt",
        "role": "production",
        "stage_bytes": null,
        "chunk_size": 128,
        "decode_ms": 1.967104,
        "decode_gib_s": 473.4485215585442,
        "decode_ns_iters": [
          1973248,
          1971200,
          1975296,
          1971200,
          1973248,
          1971040,
          1982464,
          1972224,
          1967104,
          1975296,
          1977344,
          1973248,
          1969088,
          1977344,
          1968128,
          1977344,
          1973248,
          1975328,
          1973248,
          1989632,
          1973248,
          1970176,
          1972224,
          1972288,
          1975264,
          1972160,
          1990656,
          1977248,
          1974144,
          1974272
        ],
        "chunk_tokens": 128,
        "block_threads": 512,
        "staged_input_bytes": 171551649,
        "applicable": true
      },
      {
        "kernel": "onpair_shmem_4tpt_b128",
        "role": "production",
        "stage_bytes": null,
        "chunk_size": 128,
        "decode_ms": 1.974272,
        "decode_gib_s": 471.7295694574499,
        "decode_ns_iters": [
          1979392,
          1977344,
          1975488,
          1981440,
          1983488,
          1976320,
          1979392,
          1985536,
          1980416,
          1979392,
          1979392,
          1999872,
          1974432,
          1979392,
          1978208,
          1981440,
          1979520,
          1981440,
          1995776,
          1979392,
          1980416,
          1979392,
          1977344,
          1979392,
          1982464,
          1995776,
          1974272,
          1974272,
          1978368,
          1980416
        ],
        "chunk_tokens": 128,
        "block_threads": 128,
        "staged_input_bytes": 171551649,
        "applicable": true
      },
      {
        "kernel": "onpair_shmem_4tpt_b128o12",
        "role": "production",
        "stage_bytes": null,
        "chunk_size": 128,
        "decode_ms": 2.033568,
        "decode_gib_s": 457.97459467885926,
        "decode_ns_iters": [
          2038784,
          2042976,
          2045920,
          2041856,
          2042880,
          2038784,
          2041856,
          2043904,
          2055168,
          2040800,
          2041856,
          2045952,
          2040704,
          2037760,
          2037760,
          2042880,
          2041856,
          2038848,
          2040832,
          2037856,
          2037760,
          2033568,
          2037760,
          2045952,
          2039808,
          2035712,
          2038784,
          2062336,
          2039808,
          2045952
        ],
        "chunk_tokens": 128,
        "block_threads": 128,
        "staged_input_bytes": 171551649,
        "applicable": true
      },
      {
        "kernel": "onpair_decompress_1tpt",
        "role": "production",
        "stage_bytes": null,
        "chunk_size": 32,
        "decode_ms": 2.413472,
        "decode_gib_s": 385.8849328071336,
        "decode_ns_iters": [
          2451456,
          2432960,
          2417664,
          2432000,
          2432000,
          2429952,
          2450432,
          2474016,
          2447360,
          2456544,
          2421600,
          2432000,
          2434048,
          2413472,
          2429952,
          2435072,
          2433952,
          2416640,
          2425920,
          2433120,
          2450432,
          2456576,
          2455552,
          2455552,
          2422784,
          2427904,
          2456576,
          2425856,
          2422784,
          2423808
        ],
        "chunk_tokens": 32,
        "block_threads": 256,
        "staged_input_bytes": 187033050,
        "comparison": "tpt-matched",
        "abi_family": "packed",
        "launch_bounds_max_threads": 256,
        "launch_bounds_min_blocks": 4,
        "applicable": true
      },
      {
        "kernel": "onpair_decompress_2tpt",
        "role": "production",
        "stage_bytes": null,
        "chunk_size": 64,
        "decode_ms": 2.061216,
        "decode_gib_s": 451.8315792968319,
        "decode_ns_iters": [
          2132992,
          2106368,
          2083840,
          2061216,
          2116608,
          2082816,
          2114560,
          2107392,
          2087936,
          2087936,
          2075648,
          2105344,
          2099104,
          2064384,
          2078720,
          2112608,
          2085888,
          2070528,
          2073600,
          2089856,
          2092032,
          2118656,
          2074624,
          2104320,
          2078720,
          2108416,
          2136256,
          2095104,
          2150400,
          2075648
        ],
        "chunk_tokens": 64,
        "block_threads": 256,
        "staged_input_bytes": 176693514,
        "comparison": "tpt-matched",
        "abi_family": "packed",
        "launch_bounds_max_threads": 256,
        "launch_bounds_min_blocks": 4,
        "applicable": true
      },
      {
        "kernel": "onpair_decompress_3tpt",
        "role": "production",
        "stage_bytes": null,
        "chunk_size": 96,
        "decode_ms": 1.985472,
        "decode_gib_s": 469.0685542540507,
        "decode_ns_iters": [
          1989632,
          1991680,
          1994592,
          1991680,
          1992544,
          1991680,
          1986560,
          1992704,
          1988608,
          1992704,
          1993728,
          1992704,
          1991680,
          1991680,
          1993728,
          1985472,
          1988608,
          2008064,
          1987616,
          1988672,
          1989568,
          1992704,
          1990656,
          2006016,
          1992704,
          1989568,
          1990656,
          1995904,
          1989632,
          2019328
        ],
        "chunk_tokens": 96,
        "block_threads": 256,
        "staged_input_bytes": 173247002,
        "comparison": "tpt-matched",
        "abi_family": "packed",
        "launch_bounds_max_threads": 256,
        "launch_bounds_min_blocks": 4,
        "applicable": true
      },
      {
        "kernel": "onpair_decompress",
        "role": "production",
        "stage_bytes": null,
        "chunk_size": 128,
        "decode_ms": 1.934336,
        "decode_gib_s": 481.4688247294671,
        "decode_ns_iters": [
          1941344,
          1958784,
          1939456,
          1942688,
          1940480,
          1938432,
          1934336,
          1940480,
          1938432,
          1940544,
          1960960,
          1940448,
          1945600,
          1942528,
          1937312,
          1941664,
          1940480,
          1940480,
          1936384,
          1952736,
          1940480,
          1940480,
          1939488,
          1936192,
          1941504,
          1942528,
          1943552,
          1937408,
          1950720,
          1938432
        ],
        "chunk_tokens": 128,
        "block_threads": 256,
        "staged_input_bytes": 171523746,
        "comparison": "tpt-matched",
        "abi_family": "packed",
        "launch_bounds_max_threads": 256,
        "launch_bounds_min_blocks": 4,
        "applicable": true
      },
      {
        "kernel": "onpair_decompress_5tpt",
        "role": "production",
        "stage_bytes": null,
        "chunk_size": 160,
        "decode_ms": 1.88416,
        "decode_gib_s": 494.29054886628444,
        "decode_ns_iters": [
          1890304,
          1886336,
          1890368,
          1909760,
          1892256,
          1892352,
          1888256,
          1890304,
          1892352,
          1899552,
          1891328,
          1903424,
          1893376,
          1891328,
          1893312,
          1890304,
          1887200,
          1887232,
          1901568,
          1887232,
          1889280,
          1887232,
          1894560,
          1889280,
          1884160,
          1892352,
          1890304,
          1894400,
          1893280,
          1888256
        ],
        "chunk_tokens": 160,
        "block_threads": 256,
        "staged_input_bytes": 170489786,
        "comparison": "tpt-matched",
        "abi_family": "packed",
        "launch_bounds_max_threads": 256,
        "launch_bounds_min_blocks": 4,
        "applicable": true
      },
      {
        "kernel": "onpair_decompress_6tpt",
        "role": "production",
        "stage_bytes": null,
        "chunk_size": 192,
        "decode_ms": 1.880064,
        "decode_gib_s": 495.367434593662,
        "decode_ns_iters": [
          1881088,
          1880064,
          1884160,
          1882208,
          1885184,
          1883136,
          1888224,
          1886272,
          1889120,
          1883136,
          1885184,
          1885184,
          1885184,
          1897472,
          1886240,
          1889280,
          1882112,
          1886208,
          1890304,
          1883072,
          1886176,
          1882112,
          1884160,
          1885216,
          1884160,
          1887232,
          1884160,
          1883136,
          1889280,
          1889280
        ],
        "chunk_tokens": 192,
        "block_threads": 256,
        "staged_input_bytes": 169800490,
        "comparison": "tpt-matched",
        "abi_family": "packed",
        "launch_bounds_max_threads": 256,
        "launch_bounds_min_blocks": 4,
        "applicable": true
      },
      {
        "kernel": "onpair_decompress_7tpt",
        "role": "production",
        "stage_bytes": null,
        "chunk_size": 224,
        "decode_ms": 1.849216,
        "decode_gib_s": 503.6309877006789,
        "decode_ns_iters": [
          1859456,
          1850368,
          1849216,
          1855488,
          1854528,
          1856352,
          1857536,
          1855488,
          1855488,
          1857536,
          1854464,
          1855488,
          1859488,
          1852288,
          1851392,
          1850368,
          1850368,
          1852416,
          1851392,
          1850368,
          1869824,
          1866752,
          1867616,
          1851392,
          1850368,
          1849344,
          1850368,
          1851360,
          1851392,
          1853440
        ],
        "chunk_tokens": 224,
        "block_threads": 256,
        "staged_input_bytes": 169308130,
        "comparison": "tpt-matched",
        "abi_family": "packed",
        "launch_bounds_max_threads": 256,
        "launch_bounds_min_blocks": 4,
        "applicable": true
      },
      {
        "kernel": "onpair_decompress_8tpt",
        "role": "production",
        "stage_bytes": null,
        "chunk_size": 256,
        "decode_ms": 1.844224,
        "decode_gib_s": 504.99423093501576,
        "decode_ns_iters": [
          1847296,
          1848320,
          1847360,
          1846272,
          1846272,
          1853440,
          1847296,
          1848320,
          1852416,
          1852416,
          1852416,
          1851392,
          1852416,
          1846368,
          1846272,
          1845248,
          1850208,
          1846272,
          1846368,
          1847296,
          1845248,
          1846272,
          1846272,
          1849344,
          1844224,
          1846240,
          1846272,
          1845248,
          1846272,
          1847296
        ],
        "chunk_tokens": 256,
        "block_threads": 256,
        "staged_input_bytes": 168938858,
        "comparison": "tpt-matched",
        "abi_family": "packed",
        "launch_bounds_max_threads": 256,
        "launch_bounds_min_blocks": 4,
        "applicable": true
      },
      {
        "kernel": "onpair_shmem_4tpt_split8read",
        "role": "production",
        "stage_bytes": null,
        "chunk_size": 128,
        "decode_ms": 1.928192,
        "decode_gib_s": 483.00297924267835,
        "decode_ns_iters": [
          1930240,
          1932288,
          1932288,
          1931264,
          1930240,
          1933248,
          1949664,
          1931264,
          1930240,
          1931360,
          1930240,
          1929216,
          1931264,
          1929216,
          1929216,
          1931264,
          1929216,
          1933312,
          1948672,
          1932288,
          1929216,
          1934336,
          1928192,
          1931232,
          1936384,
          1933216,
          1941664,
          1931264,
          1929216,
          1931264
        ],
        "chunk_tokens": 128,
        "block_threads": 512,
        "staged_input_bytes": 171998377,
        "applicable": true
      },
      {
        "kernel": "onpair_shmem_8tpt",
        "role": "production",
        "stage_bytes": null,
        "chunk_size": 256,
        "decode_ms": 1.941504,
        "decode_gib_s": 479.69124995462204,
        "decode_ns_iters": [
          1941504,
          1949696,
          1946624,
          1944640,
          1949632,
          1943552,
          1947648,
          1947648,
          1945440,
          1944672,
          1945600,
          1945568,
          1945440,
          1961984,
          1943552,
          1955840,
          1947648,
          1943552,
          1949696,
          1949696,
          1956864,
          1951744,
          1950752,
          1963008,
          1947648,
          1950720,
          1966080,
          1947648,
          1950720,
          1948832
        ],
        "chunk_tokens": 256,
        "block_threads": 256,
        "staged_input_bytes": 168966761,
        "applicable": true
      },
      {
        "kernel": "onpair_shmem_8tpt_b128",
        "role": "production",
        "stage_bytes": null,
        "chunk_size": 256,
        "decode_ms": 1.902464,
        "decode_gib_s": 489.53487716555924,
        "decode_ns_iters": [
          1911808,
          1907712,
          1907808,
          1905664,
          1908736,
          1903616,
          1907712,
          1924096,
          1904640,
          1902592,
          1906688,
          1904640,
          1909728,
          1907712,
          1906688,
          1911808,
          1902784,
          1905664,
          1907904,
          1902464,
          1907776,
          1905664,
          1908704,
          1907712,
          1907872,
          1908736,
          1903680,
          1910784,
          1910784,
          1906688
        ],
        "chunk_tokens": 256,
        "block_threads": 128,
        "staged_input_bytes": 168966761,
        "applicable": true
      },
      {
        "kernel": "onpair_shmem_s8_4tpt",
        "role": "production",
        "stage_bytes": null,
        "chunk_size": 128,
        "decode_ms": 0.0,
        "decode_gib_s": 0.0,
        "chunk_tokens": 128,
        "block_threads": 512,
        "staged_input_bytes": 171104937,
        "applicable": false,
        "reason": "dictionary entry longer than 8 bytes"
      },
      {
        "kernel": "onpair_shmem_s4l1_16tpt",
        "role": "production",
        "stage_bytes": null,
        "chunk_size": 512,
        "decode_ms": 0.0,
        "decode_gib_s": 0.0,
        "chunk_tokens": 512,
        "block_threads": 256,
        "staged_input_bytes": 167004253,
        "applicable": false,
        "reason": "dictionary entry longer than 4 bytes"
      },
      {
        "kernel": "onpair_shmem_const1",
        "role": "production",
        "stage_bytes": null,
        "chunk_size": 512,
        "decode_ms": 0.0,
        "decode_gib_s": 0.0,
        "chunk_tokens": 512,
        "block_threads": 512,
        "staged_input_bytes": 165488425,
        "applicable": false,
        "reason": "not every dictionary entry is exactly 1 byte"
      },
      {
        "kernel": "onpair_shmem_const2",
        "role": "production",
        "stage_bytes": null,
        "chunk_size": 256,
        "decode_ms": 0.0,
        "decode_gib_s": 0.0,
        "chunk_tokens": 256,
        "block_threads": 512,
        "staged_input_bytes": 165544264,
        "applicable": false,
        "reason": "not every dictionary entry is exactly 2 bytes"
      },
      {
        "kernel": "onpair_dg_k1_t64_b1",
        "role": "experimental",
        "stage_bytes": null,
        "chunk_size": 32,
        "decode_ms": 2.41152,
        "decode_gib_s": 386.19728658767025,
        "decode_ns_iters": [
          2454528,
          2427904,
          2426880,
          2463744,
          2413568,
          2463744,
          2464768,
          2438144,
          2443328,
          2429952,
          2423712,
          2428928,
          2425696,
          2429952,
          2443264,
          2419712,
          2443264,
          2483104,
          2411520,
          2417664,
          2440096,
          2434208,
          2430976,
          2428928,
          2483200,
          2425952,
          2478080,
          2411520,
          2455552,
          2446336
        ],
        "chunk_tokens": 32,
        "block_threads": 64,
        "staged_input_bytes": 187033050,
        "applicable": true
      },
      {
        "kernel": "onpair_dg_k1_t64_b2",
        "role": "experimental",
        "stage_bytes": null,
        "chunk_size": 32,
        "decode_ms": 2.402304,
        "decode_gib_s": 387.67886185590936,
        "decode_ns_iters": [
          2475008,
          2417664,
          2427936,
          2423680,
          2430976,
          2414592,
          2421792,
          2402304,
          2409408,
          2455552,
          2462624,
          2414592,
          2443104,
          2425856,
          2451296,
          2448384,
          2467776,
          2434048,
          2474880,
          2462720,
          2432000,
          2435072,
          2412544,
          2417664,
          2455552,
          2423808,
          2423808,
          2409344,
          2432000,
          2419712
        ],
        "chunk_tokens": 32,
        "block_threads": 64,
        "staged_input_bytes": 187033050,
        "applicable": true
      },
      {
        "kernel": "onpair_dg_k1_t64_b4",
        "role": "experimental",
        "stage_bytes": null,
        "chunk_size": 32,
        "decode_ms": 2.40032,
        "decode_gib_s": 387.999300323248,
        "decode_ns_iters": [
          2454688,
          2426880,
          2430944,
          2427840,
          2429120,
          2400320,
          2410496,
          2415616,
          2418656,
          2457600,
          2436096,
          2428928,
          2419552,
          2425856,
          2441216,
          2449408,
          2423808,
          2426880,
          2474816,
          2460672,
          2445312,
          2434176,
          2410496,
          2477984,
          2414592,
          2429952,
          2423808,
          2489344,
          2471936,
          2414592
        ],
        "chunk_tokens": 32,
        "block_threads": 64,
        "staged_input_bytes": 187033050,
        "applicable": true
      },
      {
        "kernel": "onpair_dg_k1_t64_b6",
        "role": "experimental",
        "stage_bytes": null,
        "chunk_size": 32,
        "decode_ms": 2.4064,
        "decode_gib_s": 387.0189829421121,
        "decode_ns_iters": [
          2424832,
          2419712,
          2444288,
          2415520,
          2463744,
          2469888,
          2443264,
          2433024,
          2416544,
          2415616,
          2414592,
          2407424,
          2414592,
          2415616,
          2449408,
          2464768,
          2428928,
          2406400,
          2471936,
          2430912,
          2428928,
          2425856,
          2418880,
          2439168,
          2434048,
          2443264,
          2421728,
          2421760,
          2437120,
          2439168
        ],
        "chunk_tokens": 32,
        "block_threads": 64,
        "staged_input_bytes": 187033050,
        "applicable": true
      },
      {
        "kernel": "onpair_dg_k1_t64_b8",
        "role": "experimental",
        "stage_bytes": null,
        "chunk_size": 32,
        "decode_ms": 2.410496,
        "decode_gib_s": 386.36134660746103,
        "decode_ns_iters": [
          2433024,
          2440192,
          2442240,
          2416640,
          2415616,
          2416640,
          2425856,
          2425888,
          2415616,
          2490368,
          2428928,
          2427744,
          2441216,
          2476032,
          2448256,
          2433024,
          2450432,
          2452480,
          2499520,
          2416640,
          2420736,
          2426880,
          2447360,
          2426816,
          2424832,
          2460768,
          2431936,
          2416640,
          2410496,
          2432000
        ],
        "chunk_tokens": 32,
        "block_threads": 64,
        "staged_input_bytes": 187033050,
        "applicable": true
      },
      {
        "kernel": "onpair_dg_k1_t128_b1",
        "role": "experimental",
        "stage_bytes": null,
        "chunk_size": 32,
        "decode_ms": 2.41664,
        "decode_gib_s": 385.37907199744205,
        "decode_ns_iters": [
          2446336,
          2461696,
          2439168,
          2440192,
          2483200,
          2452480,
          2427904,
          2449408,
          2472960,
          2428928,
          2471936,
          2478240,
          2416640,
          2428928,
          2424832,
          2443264,
          2425984,
          2436096,
          2483200,
          2432928,
          2446336,
          2467840,
          2482176,
          2419584,
          2477056,
          2433024,
          2416640,
          2423808,
          2441056,
          2453504
        ],
        "chunk_tokens": 32,
        "block_threads": 128,
        "staged_input_bytes": 187033050,
        "applicable": true
      },
      {
        "kernel": "onpair_dg_k1_t128_b2",
        "role": "experimental",
        "stage_bytes": null,
        "chunk_size": 32,
        "decode_ms": 2.414592,
        "decode_gib_s": 385.7059414393399,
        "decode_ns_iters": [
          2466816,
          2472960,
          2482176,
          2414592,
          2431104,
          2452672,
          2432000,
          2458624,
          2449504,
          2483200,
          2496512,
          2445312,
          2473984,
          2429952,
          2465824,
          2444288,
          2437120,
          2495648,
          2433024,
          2465792,
          2445472,
          2489344,
          2485248,
          2476992,
          2430944,
          2464768,
          2462720,
          2473984,
          2423808,
          2429952
        ],
        "chunk_tokens": 32,
        "block_threads": 128,
        "staged_input_bytes": 187033050,
        "applicable": true
      },
      {
        "kernel": "onpair_dg_k1_t128_b4",
        "role": "experimental",
        "stage_bytes": null,
        "chunk_size": 32,
        "decode_ms": 2.410496,
        "decode_gib_s": 386.36134660746103,
        "decode_ns_iters": [
          2416640,
          2446144,
          2447360,
          2485248,
          2410496,
          2471936,
          2429952,
          2455680,
          2456576,
          2428960,
          2460672,
          2483040,
          2462720,
          2432000,
          2463744,
          2483104,
          2491392,
          2423808,
          2419712,
          2421760,
          2443264,
          2423808,
          2453632,
          2465792,
          2432000,
          2511872,
          2455552,
          2419840,
          2455488,
          2436096
        ],
        "chunk_tokens": 32,
        "block_threads": 128,
        "staged_input_bytes": 187033050,
        "applicable": true
      },
      {
        "kernel": "onpair_dg_k1_t128_b6",
        "role": "experimental",
        "stage_bytes": null,
        "chunk_size": 32,
        "decode_ms": 2.415616,
        "decode_gib_s": 385.5424374370341,
        "decode_ns_iters": [
          2446336,
          2419712,
          2465792,
          2427904,
          2449408,
          2435072,
          2455552,
          2469888,
          2473024,
          2452480,
          2455680,
          2424000,
          2423808,
          2472960,
          2473984,
          2501632,
          2460672,
          2418592,
          2440192,
          2460640,
          2448448,
          2471936,
          2420736,
          2415616,
          2430112,
          2454624,
          2472960,
          2465792,
          2435072,
          2462720
        ],
        "chunk_tokens": 32,
        "block_threads": 128,
        "staged_input_bytes": 187033050,
        "applicable": true
      },
      {
        "kernel": "onpair_dg_k1_t128_b8",
        "role": "experimental",
        "stage_bytes": null,
        "chunk_size": 32,
        "decode_ms": 2.417824,
        "decode_gib_s": 385.1903532068085,
        "decode_ns_iters": [
          2449408,
          2447360,
          2461664,
          2450432,
          2433920,
          2449408,
          2449408,
          2450432,
          2488320,
          2449504,
          2464768,
          2451456,
          2502656,
          2476032,
          2422784,
          2477056,
          2469888,
          2420736,
          2436992,
          2475008,
          2444288,
          2437120,
          2474976,
          2471936,
          2428928,
          2450432,
          2421760,
          2479104,
          2460544,
          2417824
        ],
        "chunk_tokens": 32,
        "block_threads": 128,
        "staged_input_bytes": 187033050,
        "applicable": true
      },
      {
        "kernel": "onpair_dg_k1_t256_b1",
        "role": "experimental",
        "stage_bytes": null,
        "chunk_size": 32,
        "decode_ms": 2.397184,
        "decode_gib_s": 388.50688163774595,
        "decode_ns_iters": [
          2397184,
          2449248,
          2467840,
          2456576,
          2436096,
          2437120,
          2402304,
          2448384,
          2414592,
          2426880,
          2434048,
          2438112,
          2438144,
          2414592,
          2419712,
          2427904,
          2455552,
          2429952,
          2408640,
          2422784,
          2445312,
          2424832,
          2418688,
          2440192,
          2430912,
          2449408,
          2438144,
          2436096,
          2453504,
          2418688
        ],
        "chunk_tokens": 32,
        "block_threads": 256,
        "staged_input_bytes": 187033050,
        "applicable": true
      },
      {
        "kernel": "onpair_dg_k1_t256_b2",
        "role": "experimental",
        "stage_bytes": null,
        "chunk_size": 32,
        "decode_ms": 2.393984,
        "decode_gib_s": 389.02619255262294,
        "decode_ns_iters": [
          2430976,
          2443264,
          2440192,
          2466816,
          2440192,
          2413568,
          2450432,
          2453504,
          2432000,
          2417472,
          2433024,
          2416640,
          2439104,
          2407296,
          2435936,
          2452480,
          2393984,
          2409472,
          2409472,
          2423808,
          2425856,
          2450432,
          2415616,
          2419712,
          2448384,
          2423808,
          2439168,
          2410496,
          2425856,
          2412544
        ],
        "chunk_tokens": 32,
        "block_threads": 256,
        "staged_input_bytes": 187033050,
        "applicable": true
      },
      {
        "kernel": "onpair_dg_k1_t256_b4",
        "role": "experimental",
        "stage_bytes": null,
        "chunk_size": 32,
        "decode_ms": 2.402464,
        "decode_gib_s": 387.6530431057025,
        "decode_ns_iters": [
          2470016,
          2424832,
          2402464,
          2431872,
          2445312,
          2442240,
          2405376,
          2463744,
          2454400,
          2443264,
          2413568,
          2418688,
          2475008,
          2458624,
          2463744,
          2425856,
          2417664,
          2414592,
          2438144,
          2418688,
          2444288,
          2458624,
          2461696,
          2471936,
          2417664,
          2432000,
          2438208,
          2434048,
          2479104,
          2465792
        ],
        "chunk_tokens": 32,
        "block_threads": 256,
        "staged_input_bytes": 187033050,
        "applicable": true
      },
      {
        "kernel": "onpair_dg_k1_t256_b6",
        "role": "experimental",
        "stage_bytes": null,
        "chunk_size": 32,
        "decode_ms": 2.46272,
        "decode_gib_s": 378.16823697046294,
        "decode_ns_iters": [
          2513920,
          2509664,
          2500608,
          2471936,
          2503680,
          2477952,
          2489344,
          2501632,
          2475008,
          2504704,
          2471936,
          2483200,
          2487296,
          2494464,
          2482080,
          2519040,
          2490368,
          2471936,
          2496512,
          2500480,
          2499584,
          2481152,
          2477056,
          2478080,
          2467840,
          2478080,
          2462720,
          2508800,
          2479072,
          2503680
        ],
        "chunk_tokens": 32,
        "block_threads": 256,
        "staged_input_bytes": 187033050,
        "applicable": true
      },
      {
        "kernel": "onpair_dg_k1_t256_b8",
        "role": "experimental",
        "stage_bytes": null,
        "chunk_size": 32,
        "decode_ms": 2.446336,
        "decode_gib_s": 380.70096689575695,
        "decode_ns_iters": [
          2466816,
          2476032,
          2493440,
          2496448,
          2453376,
          2490368,
          2489568,
          2451520,
          2446336,
          2473984,
          2459648,
          2475968,
          2479104,
          2458624,
          2473984,
          2454528,
          2510656,
          2477056,
          2484256,
          2480128,
          2502656,
          2460576,
          2473984,
          2467840,
          2510848,
          2454656,
          2507776,
          2486112,
          2512896,
          2460672
        ],
        "chunk_tokens": 32,
        "block_threads": 256,
        "staged_input_bytes": 187033050,
        "applicable": true
      },
      {
        "kernel": "onpair_dg_k2_t64_b1",
        "role": "experimental",
        "stage_bytes": null,
        "chunk_size": 64,
        "decode_ms": 2.091008,
        "decode_gib_s": 445.39403032025626,
        "decode_ns_iters": [
          2160640,
          2118656,
          2110496,
          2091008,
          2164736,
          2113536,
          2149344,
          2168832,
          2146304,
          2186080,
          2125824,
          2112512,
          2125792,
          2142208,
          2103296,
          2104320,
          2117632,
          2109440,
          2176992,
          2168000,
          2134016,
          2162688,
          2111552,
          2101248,
          2164736,
          2108384,
          2157568,
          2144256,
          2147328,
          2132992
        ],
        "chunk_tokens": 64,
        "block_threads": 64,
        "staged_input_bytes": 176693514,
        "applicable": true
      },
      {
        "kernel": "onpair_dg_k2_t64_b2",
        "role": "experimental",
        "stage_bytes": null,
        "chunk_size": 64,
        "decode_ms": 2.082816,
        "decode_gib_s": 447.1458259164028,
        "decode_ns_iters": [
          2102272,
          2105344,
          2160640,
          2082816,
          2145280,
          2112512,
          2148352,
          2132992,
          2161664,
          2120576,
          2123776,
          2122688,
          2171904,
          2151424,
          2123776,
          2100224,
          2118656,
          2151424,
          2097120,
          2153472,
          2124800,
          2142304,
          2161632,
          2113536,
          2143328,
          2149376,
          2104320,
          2160640,
          2104192,
          2121888
        ],
        "chunk_tokens": 64,
        "block_threads": 64,
        "staged_input_bytes": 176693514,
        "applicable": true
      },
      {
        "kernel": "onpair_dg_k2_t64_b4",
        "role": "experimental",
        "stage_bytes": null,
        "chunk_size": 64,
        "decode_ms": 2.092032,
        "decode_gib_s": 445.17602051589,
        "decode_ns_iters": [
          2092032,
          2145280,
          2125824,
          2151424,
          2096128,
          2141184,
          2164800,
          2119680,
          2102272,
          2156544,
          2178048,
          2152448,
          2114560,
          2113536,
          2123776,
          2215808,
          2116608,
          2107392,
          2168832,
          2108416,
          2136064,
          2107392,
          2144256,
          2174976,
          2135040,
          2156512,
          2174976,
          2146208,
          2144256,
          2122752
        ],
        "chunk_tokens": 64,
        "block_threads": 64,
        "staged_input_bytes": 176693514,
        "applicable": true
      },
      {
        "kernel": "onpair_dg_k2_t64_b6",
        "role": "experimental",
        "stage_bytes": null,
        "chunk_size": 64,
        "decode_ms": 2.097152,
        "decode_gib_s": 444.0891649970525,
        "decode_ns_iters": [
          2099200,
          2202624,
          2145248,
          2115584,
          2128864,
          2105344,
          2129920,
          2138240,
          2101248,
          2107392,
          2111488,
          2124672,
          2097152,
          2162688,
          2125824,
          2108416,
          2148352,
          2121728,
          2124832,
          2128896,
          2150464,
          2163712,
          2131968,
          2150304,
          2159616,
          2113344,
          2154560,
          2188192,
          2166720,
          2134016
        ],
        "chunk_tokens": 64,
        "block_threads": 64,
        "staged_input_bytes": 176693514,
        "applicable": true
      },
      {
        "kernel": "onpair_dg_k2_t64_b8",
        "role": "experimental",
        "stage_bytes": null,
        "chunk_size": 64,
        "decode_ms": 2.088064,
        "decode_gib_s": 446.0219995900022,
        "decode_ns_iters": [
          2137088,
          2147328,
          2151424,
          2127872,
          2152448,
          2153632,
          2184192,
          2115584,
          2167712,
          2184192,
          2088064,
          2174976,
          2093056,
          2161664,
          2126944,
          2150400,
          2154496,
          2128896,
          2137088,
          2185216,
          2099072,
          2121728,
          2135040,
          2100224,
          2104320,
          2138112,
          2104320,
          2155520,
          2125824,
          2169856
        ],
        "chunk_tokens": 64,
        "block_threads": 64,
        "staged_input_bytes": 176693514,
        "applicable": true
      },
      {
        "kernel": "onpair_dg_k2_t128_b1",
        "role": "experimental",
        "stage_bytes": null,
        "chunk_size": 64,
        "decode_ms": 2.082816,
        "decode_gib_s": 447.1458259164028,
        "decode_ns_iters": [
          2135040,
          2151424,
          2113536,
          2110464,
          2109408,
          2100224,
          2144256,
          2131968,
          2113504,
          2132992,
          2118656,
          2092032,
          2087936,
          2151392,
          2087936,
          2103296,
          2127968,
          2119680,
          2128896,
          2117632,
          2100192,
          2113536,
          2145280,
          2114560,
          2138112,
          2099200,
          2109408,
          2082816,
          2131968,
          2147328
        ],
        "chunk_tokens": 64,
        "block_threads": 128,
        "staged_input_bytes": 176693514,
        "applicable": true
      },
      {
        "kernel": "onpair_dg_k2_t128_b2",
        "role": "experimental",
        "stage_bytes": null,
        "chunk_size": 64,
        "decode_ms": 2.074624,
        "decode_gib_s": 448.91145602860973,
        "decode_ns_iters": [
          2081792,
          2146304,
          2096128,
          2098176,
          2096128,
          2127872,
          2104320,
          2082656,
          2144128,
          2184192,
          2092032,
          2074624,
          2123776,
          2109408,
          2115584,
          2097184,
          2118656,
          2098176,
          2148352,
          2083840,
          2091008,
          2150400,
          2076672,
          2106368,
          2122752,
          2084864,
          2088960,
          2101248,
          2091008,
          2152448
        ],
        "chunk_tokens": 64,
        "block_threads": 128,
        "staged_input_bytes": 176693514,
        "applicable": true
      },
      {
        "kernel": "onpair_dg_k2_t128_b4",
        "role": "experimental",
        "stage_bytes": null,
        "chunk_size": 64,
        "decode_ms": 2.0736,
        "decode_gib_s": 449.1331406982535,
        "decode_ns_iters": [
          2147136,
          2157568,
          2087936,
          2142272,
          2108416,
          2143232,
          2100224,
          2073600,
          2075648,
          2100224,
          2119680,
          2156544,
          2131968,
          2122752,
          2143232,
          2106368,
          2152448,
          2121600,
          2092224,
          2117824,
          2075648,
          2125824,
          2141184,
          2106368,
          2136032,
          2091008,
          2109440,
          2123776,
          2099200,
          2179072
        ],
        "chunk_tokens": 64,
        "block_threads": 128,
        "staged_input_bytes": 176693514,
        "applicable": true
      },
      {
        "kernel": "onpair_dg_k2_t128_b6",
        "role": "experimental",
        "stage_bytes": null,
        "chunk_size": 64,
        "decode_ms": 2.075648,
        "decode_gib_s": 448.6899900907564,
        "decode_ns_iters": [
          2146304,
          2078720,
          2125824,
          2075648,
          2146304,
          2114560,
          2087936,
          2169856,
          2124768,
          2108416,
          2107328,
          2132992,
          2125824,
          2112512,
          2148480,
          2171808,
          2100224,
          2134016,
          2127872,
          2123776,
          2115584,
          2114560,
          2194432,
          2173952,
          2098176,
          2113536,
          2123776,
          2090944,
          2094144,
          2112416
        ],
        "chunk_tokens": 64,
        "block_threads": 128,
        "staged_input_bytes": 176693514,
        "applicable": true
      },
      {
        "kernel": "onpair_dg_k2_t128_b8",
        "role": "experimental",
        "stage_bytes": null,
        "chunk_size": 64,
        "decode_ms": 2.077696,
        "decode_gib_s": 448.24771311678825,
        "decode_ns_iters": [
          2134016,
          2109440,
          2098176,
          2093056,
          2117792,
          2116608,
          2119680,
          2120704,
          2089088,
          2118656,
          2100224,
          2094080,
          2138112,
          2115584,
          2096992,
          2169888,
          2126848,
          2077696,
          2119680,
          2100224,
          2134016,
          2131968,
          2096032,
          2095104,
          2144256,
          2134016,
          2101088,
          2102272,
          2086912,
          2096128
        ],
        "chunk_tokens": 64,
        "block_threads": 128,
        "staged_input_bytes": 176693514,
        "applicable": true
      },
      {
        "kernel": "onpair_dg_k2_t256_b1",
        "role": "experimental",
        "stage_bytes": null,
        "chunk_size": 64,
        "decode_ms": 2.05312,
        "decode_gib_s": 453.6132717775379,
        "decode_ns_iters": [
          2130944,
          2105280,
          2097152,
          2103296,
          2119680,
          2063360,
          2078720,
          2113536,
          2066432,
          2105344,
          2068480,
          2073600,
          2162688,
          2082816,
          2102272,
          2078720,
          2069440,
          2074592,
          2053120,
          2072576,
          2095104,
          2078720,
          2138112,
          2072576,
          2081792,
          2062336,
          2088960,
          2070528,
          2067296,
          2107296
        ],
        "chunk_tokens": 64,
        "block_threads": 256,
        "staged_input_bytes": 176693514,
        "applicable": true
      },
      {
        "kernel": "onpair_dg_k2_t256_b2",
        "role": "experimental",
        "stage_bytes": null,
        "chunk_size": 64,
        "decode_ms": 2.059264,
        "decode_gib_s": 452.25987564095635,
        "decode_ns_iters": [
          2100224,
          2061312,
          2096128,
          2064384,
          2075648,
          2068480,
          2103296,
          2078720,
          2085952,
          2078720,
          2130784,
          2064384,
          2085856,
          2059264,
          2109440,
          2085792,
          2107392,
          2081664,
          2091008,
          2100224,
          2123744,
          2084800,
          2080768,
          2074592,
          2110368,
          2079744,
          2081792,
          2122752,
          2091008,
          2075648
        ],
        "chunk_tokens": 64,
        "block_threads": 256,
        "staged_input_bytes": 176693514,
        "applicable": true
      },
      {
        "kernel": "onpair_dg_k2_t256_b4",
        "role": "experimental",
        "stage_bytes": null,
        "chunk_size": 64,
        "decode_ms": 2.055168,
        "decode_gib_s": 453.16124061482975,
        "decode_ns_iters": [
          2095136,
          2062336,
          2091008,
          2125824,
          2073600,
          2062336,
          2136064,
          2061312,
          2066432,
          2089984,
          2065408,
          2080768,
          2138048,
          2064288,
          2073568,
          2080928,
          2081792,
          2083840,
          2073600,
          2057216,
          2055168,
          2092032,
          2086752,
          2071552,
          2114496,
          2093056,
          2062336,
          2104256,
          2080864,
          2143232
        ],
        "chunk_tokens": 64,
        "block_threads": 256,
        "staged_input_bytes": 176693514,
        "applicable": true
      },
      {
        "kernel": "onpair_dg_k2_t256_b6",
        "role": "experimental",
        "stage_bytes": null,
        "chunk_size": 64,
        "decode_ms": 2.138144,
        "decode_gib_s": 435.5751907036656,
        "decode_ns_iters": [
          2143232,
          2144256,
          2160640,
          2138144,
          2153568,
          2153472,
          2147328,
          2151424,
          2148224,
          2146304,
          2150240,
          2145152,
          2143232,
          2141120,
          2161664,
          2141344,
          2155520,
          2163712,
          2157472,
          2145280,
          2146208,
          2142208,
          2146240,
          2152448,
          2150400,
          2149376,
          2148352,
          2145280,
          2148512,
          2144256
        ],
        "chunk_tokens": 64,
        "block_threads": 256,
        "staged_input_bytes": 176693514,
        "applicable": true
      },
      {
        "kernel": "onpair_dg_k2_t256_b8",
        "role": "experimental",
        "stage_bytes": null,
        "chunk_size": 64,
        "decode_ms": 2.143424,
        "decode_gib_s": 434.5022172710105,
        "decode_ns_iters": [
          2149344,
          2148352,
          2145408,
          2144256,
          2144064,
          2145280,
          2150400,
          2144256,
          2148352,
          2147328,
          2146304,
          2159488,
          2147328,
          2156544,
          2150400,
          2163712,
          2152448,
          2143424,
          2163552,
          2146304,
          2149376,
          2168832,
          2144256,
          2147328,
          2150368,
          2155520,
          2145280,
          2147328,
          2148352,
          2151296
        ],
        "chunk_tokens": 64,
        "block_threads": 256,
        "staged_input_bytes": 176693514,
        "applicable": true
      },
      {
        "kernel": "onpair_dg_k3_t64_b1",
        "role": "experimental",
        "stage_bytes": null,
        "chunk_size": 96,
        "decode_ms": 1.982464,
        "decode_gib_s": 469.78027371589013,
        "decode_ns_iters": [
          1991808,
          1993696,
          1987584,
          1992864,
          1992704,
          1990656,
          1992704,
          1992704,
          1990656,
          1993728,
          1982464,
          1993728,
          1989632,
          1990528,
          1991840,
          1983488,
          1985536,
          1999872,
          1990656,
          1991680,
          1992704,
          2009088,
          1999872,
          1994752,
          1991680,
          1991520,
          1982464,
          2014240,
          1991776,
          1990656
        ],
        "chunk_tokens": 96,
        "block_threads": 64,
        "staged_input_bytes": 173247002,
        "applicable": true
      },
      {
        "kernel": "onpair_dg_k3_t64_b2",
        "role": "experimental",
        "stage_bytes": null,
        "chunk_size": 96,
        "decode_ms": 1.985536,
        "decode_gib_s": 469.05343471581403,
        "decode_ns_iters": [
          1993728,
          1992544,
          1991680,
          1992704,
          1990656,
          1991520,
          1990720,
          1992704,
          1990656,
          1989568,
          1990656,
          1986560,
          1994752,
          1991776,
          1993728,
          1992704,
          1994944,
          1993728,
          1989600,
          1985536,
          1989632,
          1992832,
          1995776,
          2011136,
          1990656,
          1991520,
          1991680,
          1992704,
          1994752,
          2008096
        ],
        "chunk_tokens": 96,
        "block_threads": 64,
        "staged_input_bytes": 173247002,
        "applicable": true
      },
      {
        "kernel": "onpair_dg_k3_t64_b4",
        "role": "experimental",
        "stage_bytes": null,
        "chunk_size": 96,
        "decode_ms": 1.987584,
        "decode_gib_s": 468.5701236032784,
        "decode_ns_iters": [
          1990656,
          1989632,
          1992704,
          1990656,
          1988608,
          1993728,
          1990656,
          1992704,
          1997824,
          1991680,
          1989632,
          1992704,
          1993728,
          1988544,
          1988608,
          1988608,
          1989632,
          1993792,
          1991680,
          1991520,
          1989632,
          1991680,
          1991680,
          1992704,
          1989632,
          2002944,
          2006016,
          1994752,
          1987584,
          1988608
        ],
        "chunk_tokens": 96,
        "block_threads": 64,
        "staged_input_bytes": 173247002,
        "applicable": true
      },
      {
        "kernel": "onpair_dg_k3_t64_b6",
        "role": "experimental",
        "stage_bytes": null,
        "chunk_size": 96,
        "decode_ms": 1.987584,
        "decode_gib_s": 468.5701236032784,
        "decode_ns_iters": [
          1991680,
          1992704,
          1991776,
          1990656,
          1993728,
          1988608,
          1991680,
          1991712,
          1992704,
          2012160,
          1992704,
          1991680,
          1994752,
          1987584,
          1987584,
          2006976,
          1990656,
          1991680,
          1989632,
          1992704,
          1991680,
          1991680,
          1991680,
          1994752,
          1990656,
          1992832,
          1993792,
          1989632,
          1994560,
          1990656
        ],
        "chunk_tokens": 96,
        "block_threads": 64,
        "staged_input_bytes": 173247002,
        "applicable": true
      },
      {
        "kernel": "onpair_dg_k3_t64_b8",
        "role": "experimental",
        "stage_bytes": null,
        "chunk_size": 96,
        "decode_ms": 1.98672,
        "decode_gib_s": 468.77389896507736,
        "decode_ns_iters": [
          1990656,
          1990656,
          1992864,
          1992544,
          1990656,
          2010112,
          2005952,
          1991680,
          1987584,
          2002944,
          1990656,
          2004992,
          1990720,
          1989632,
          1991680,
          1993728,
          1986720,
          1987584,
          1996800,
          1991680,
          1992736,
          1992704,
          1991680,
          1992704,
          1987584,
          1991488,
          1991680,
          1991680,
          1993728,
          1992608
        ],
        "chunk_tokens": 96,
        "block_threads": 64,
        "staged_input_bytes": 173247002,
        "applicable": true
      },
      {
        "kernel": "onpair_dg_k3_t128_b1",
        "role": "experimental",
        "stage_bytes": null,
        "chunk_size": 96,
        "decode_ms": 1.990624,
        "decode_gib_s": 467.8545423705826,
        "decode_ns_iters": [
          1999008,
          2010112,
          1992704,
          1993728,
          1990656,
          1992672,
          1993728,
          2011136,
          1995776,
          1998848,
          1994560,
          1994752,
          1995776,
          1992576,
          1999872,
          1998848,
          1990624,
          1991616,
          1994752,
          1994592,
          1998752,
          1991680,
          1993728,
          1992704,
          1993728,
          1991680,
          1994752,
          1990848,
          1994752,
          1993920
        ],
        "chunk_tokens": 96,
        "block_threads": 128,
        "staged_input_bytes": 173247002,
        "applicable": true
      },
      {
        "kernel": "onpair_dg_k3_t128_b2",
        "role": "experimental",
        "stage_bytes": null,
        "chunk_size": 96,
        "decode_ms": 1.987584,
        "decode_gib_s": 468.5701236032784,
        "decode_ns_iters": [
          1993728,
          1993728,
          1991680,
          1992640,
          1991680,
          1991680,
          1988608,
          1993728,
          1996928,
          1991680,
          1994656,
          1991680,
          1992704,
          1991680,
          1988608,
          1995776,
          1991680,
          1996800,
          1989632,
          1991680,
          1991680,
          1993728,
          1989632,
          1995776,
          1996608,
          1991680,
          1987584,
          1994880,
          1991680,
          1990656
        ],
        "chunk_tokens": 96,
        "block_threads": 128,
        "staged_input_bytes": 173247002,
        "applicable": true
      },
      {
        "kernel": "onpair_dg_k3_t128_b4",
        "role": "experimental",
        "stage_bytes": null,
        "chunk_size": 96,
        "decode_ms": 1.985408,
        "decode_gib_s": 469.0836747670496,
        "decode_ns_iters": [
          1985536,
          1993728,
          1993696,
          1989632,
          1995776,
          1994752,
          1985408,
          1995680,
          1994752,
          1992704,
          1994752,
          1996864,
          1987584,
          1992544,
          1998848,
          1998848,
          1996800,
          1992704,
          1989632,
          1993664,
          1995776,
          1992704,
          1992544,
          1993728,
          1991520,
          1991680,
          1993696,
          1989632,
          1993728,
          1988608
        ],
        "chunk_tokens": 96,
        "block_threads": 128,
        "staged_input_bytes": 173247002,
        "applicable": true
      },
      {
        "kernel": "onpair_dg_k3_t128_b6",
        "role": "experimental",
        "stage_bytes": null,
        "chunk_size": 96,
        "decode_ms": 1.98656,
        "decode_gib_s": 468.81165459482645,
        "decode_ns_iters": [
          2017280,
          1993728,
          1992704,
          1993728,
          1988448,
          1994752,
          2006016,
          1993728,
          1991680,
          1988608,
          1996800,
          1986560,
          1986560,
          1997824,
          1993728,
          1992704,
          1992704,
          1992704,
          2000000,
          1990656,
          1989632,
          1992704,
          1992704,
          1992640,
          1992704,
          1993728,
          1987584,
          1991680,
          1999744,
          1992704
        ],
        "chunk_tokens": 96,
        "block_threads": 128,
        "staged_input_bytes": 173247002,
        "applicable": true
      },
      {
        "kernel": "onpair_dg_k3_t128_b8",
        "role": "experimental",
        "stage_bytes": null,
        "chunk_size": 96,
        "decode_ms": 1.98656,
        "decode_gib_s": 468.81165459482645,
        "decode_ns_iters": [
          1993600,
          1994752,
          2009088,
          1996800,
          1995776,
          1995776,
          1992704,
          1991680,
          1994752,
          1991680,
          1986560,
          1987584,
          1992704,
          1993728,
          2018304,
          1996800,
          1996800,
          1993728,
          1996800,
          1990656,
          2013184,
          1992704,
          1995776,
          1999872,
          1991680,
          1993728,
          2006016,
          1995776,
          1991808,
          1993728
        ],
        "chunk_tokens": 96,
        "block_threads": 128,
        "staged_input_bytes": 173247002,
        "applicable": true
      },
      {
        "kernel": "onpair_dg_k3_t256_b1",
        "role": "experimental",
        "stage_bytes": null,
        "chunk_size": 96,
        "decode_ms": 1.983488,
        "decode_gib_s": 469.537743889501,
        "decode_ns_iters": [
          1996800,
          1998688,
          1996672,
          1988672,
          1990656,
          1991680,
          1991680,
          1990656,
          1993728,
          1994752,
          1983488,
          1988608,
          1990656,
          1990816,
          1986560,
          1991552,
          1986560,
          1988608,
          1992704,
          1999840,
          1990656,
          1988608,
          2010112,
          1990656,
          1990656,
          1990656,
          1988768,
          1991808,
          2007040,
          1990656
        ],
        "chunk_tokens": 96,
        "block_threads": 256,
        "staged_input_bytes": 173247002,
        "applicable": true
      },
      {
        "kernel": "onpair_dg_k3_t256_b2",
        "role": "experimental",
        "stage_bytes": null,
        "chunk_size": 96,
        "decode_ms": 1.983488,
        "decode_gib_s": 469.537743889501,
        "decode_ns_iters": [
          1983488,
          1988608,
          1988608,
          1990656,
          1992704,
          1992864,
          1992704,
          1987584,
          1989632,
          1992544,
          1992704,
          1989504,
          2006016,
          1991680,
          1997760,
          1984512,
          1987584,
          1992704,
          2004960,
          1989760,
          1991808,
          1989632,
          1991552,
          1986432,
          1988608,
          1988608,
          1990656,
          1988608,
          1991584,
          1993728
        ],
        "chunk_tokens": 96,
        "block_threads": 256,
        "staged_input_bytes": 173247002,
        "applicable": true
      },
      {
        "kernel": "onpair_dg_k3_t256_b4",
        "role": "experimental",
        "stage_bytes": null,
        "chunk_size": 96,
        "decode_ms": 1.982464,
        "decode_gib_s": 469.78027371589013,
        "decode_ns_iters": [
          1992704,
          1994752,
          2007040,
          1988608,
          1989440,
          1990656,
          1992704,
          1985408,
          2006016,
          1990656,
          1988608,
          1989632,
          1992704,
          1988608,
          1989632,
          1990496,
          1989728,
          1989632,
          1991680,
          2001920,
          1982464,
          1993728,
          1993728,
          1988608,
          1993856,
          1990656,
          1990656,
          1987584,
          1996800,
          1989632
        ],
        "chunk_tokens": 96,
        "block_threads": 256,
        "staged_input_bytes": 173247002,
        "applicable": true
      },
      {
        "kernel": "onpair_dg_k3_t256_b6",
        "role": "experimental",
        "stage_bytes": null,
        "chunk_size": 96,
        "decode_ms": 2.070528,
        "decode_gib_s": 449.79951034320646,
        "decode_ns_iters": [
          2076672,
          2076672,
          2080736,
          2074624,
          2077696,
          2077856,
          2070528,
          2077696,
          2077696,
          2077696,
          2074624,
          2075648,
          2076672,
          2080768,
          2072576,
          2088960,
          2076768,
          2078720,
          2075488,
          2078720,
          2076864,
          2073600,
          2078720,
          2079712,
          2075712,
          2075648,
          2072512,
          2076672,
          2080768,
          2079744
        ],
        "chunk_tokens": 96,
        "block_threads": 256,
        "staged_input_bytes": 173247002,
        "applicable": true
      },
      {
        "kernel": "onpair_dg_k3_t256_b8",
        "role": "experimental",
        "stage_bytes": null,
        "chunk_size": 96,
        "decode_ms": 2.069504,
        "decode_gib_s": 450.0220731885025,
        "decode_ns_iters": [
          2078720,
          2071424,
          2069504,
          2074624,
          2075648,
          2078720,
          2074816,
          2076672,
          2082816,
          2081696,
          2083680,
          2078720,
          2075648,
          2076672,
          2077632,
          2077696,
          2075648,
          2078720,
          2082688,
          2074624,
          2077696,
          2075648,
          2080640,
          2079744,
          2076672,
          2073600,
          2075584,
          2082688,
          2075648,
          2078720
        ],
        "chunk_tokens": 96,
        "block_threads": 256,
        "staged_input_bytes": 173247002,
        "applicable": true
      },
      {
        "kernel": "onpair_dg_k4_t64_b1",
        "role": "experimental",
        "stage_bytes": null,
        "chunk_size": 128,
        "decode_ms": 1.939456,
        "decode_gib_s": 480.19778770536607,
        "decode_ns_iters": [
          1942528,
          1944640,
          1943552,
          1951776,
          1943552,
          1943424,
          1942720,
          1944576,
          1954816,
          1943712,
          1944576,
          1944576,
          1943712,
          1947648,
          1942496,
          1945600,
          1942528,
          1943552,
          1942496,
          1944576,
          1945600,
          1945600,
          1948864,
          1944576,
          1946528,
          1955840,
          1944576,
          1941504,
          1943616,
          1939456
        ],
        "chunk_tokens": 128,
        "block_threads": 64,
        "staged_input_bytes": 171523746,
        "applicable": true
      },
      {
        "kernel": "onpair_dg_k4_t64_b2",
        "role": "experimental",
        "stage_bytes": null,
        "chunk_size": 128,
        "decode_ms": 1.93856,
        "decode_gib_s": 480.41973452041645,
        "decode_ns_iters": [
          1946624,
          1944576,
          1946464,
          1940544,
          1943552,
          1943552,
          1944384,
          1945600,
          1951744,
          1944736,
          1941504,
          1941504,
          1944576,
          1941568,
          1940480,
          1956864,
          1943584,
          1942528,
          1944576,
          1943552,
          1943392,
          1943552,
          1942528,
          1943456,
          1944576,
          1942656,
          1946624,
          1938560,
          1949696,
          1942528
        ],
        "chunk_tokens": 128,
        "block_threads": 64,
        "staged_input_bytes": 171523746,
        "applicable": true
      },
      {
        "kernel": "onpair_dg_k4_t64_b4",
        "role": "experimental",
        "stage_bytes": null,
        "chunk_size": 128,
        "decode_ms": 1.937408,
        "decode_gib_s": 480.7053963604457,
        "decode_ns_iters": [
          1940480,
          1943552,
          1944544,
          1937408,
          1941408,
          1948672,
          1946624,
          1946496,
          1945696,
          1942528,
          1944576,
          1944736,
          1943584,
          1944480,
          1961984,
          1942528,
          1945600,
          1941504,
          1943552,
          1939456,
          1945440,
          1942528,
          1942528,
          1956800,
          1947520,
          1943488,
          1944576,
          1943552,
          1944576,
          1945600
        ],
        "chunk_tokens": 128,
        "block_threads": 64,
        "staged_input_bytes": 171523746,
        "applicable": true
      },
      {
        "kernel": "onpair_dg_k4_t64_b6",
        "role": "experimental",
        "stage_bytes": null,
        "chunk_size": 128,
        "decode_ms": 1.93536,
        "decode_gib_s": 481.21407931955736,
        "decode_ns_iters": [
          1943552,
          1949696,
          1941504,
          1941504,
          1935360,
          1944576,
          1951744,
          1942528,
          1943552,
          1944576,
          1941536,
          1942400,
          1939456,
          1946592,
          1942400,
          1944384,
          1942528,
          1944480,
          1940480,
          1943552,
          1946560,
          1944480,
          1955840,
          1944416,
          1944576,
          1941504,
          1943552,
          1944544,
          1942400,
          1942528
        ],
        "chunk_tokens": 128,
        "block_threads": 64,
        "staged_input_bytes": 171523746,
        "applicable": true
      },
      {
        "kernel": "onpair_dg_k4_t64_b8",
        "role": "experimental",
        "stage_bytes": null,
        "chunk_size": 128,
        "decode_ms": 1.940384,
        "decode_gib_s": 479.9681303040524,
        "decode_ns_iters": [
          1944576,
          1941504,
          1942528,
          1944576,
          1940480,
          1945600,
          1941504,
          1942528,
          1945600,
          1941504,
          1940384,
          1942656,
          1945600,
          1945536,
          1944576,
          1941504,
          1942528,
          1945600,
          1944576,
          1944576,
          1947648,
          1958912,
          1943552,
          1945536,
          1944576,
          1941504,
          1946528,
          1944576,
          1944544,
          1944576
        ],
        "chunk_tokens": 128,
        "block_threads": 64,
        "staged_input_bytes": 171523746,
        "applicable": true
      },
      {
        "kernel": "onpair_dg_k4_t128_b1",
        "role": "experimental",
        "stage_bytes": null,
        "chunk_size": 128,
        "decode_ms": 1.938432,
        "decode_gib_s": 480.4514579577197,
        "decode_ns_iters": [
          1946624,
          1939488,
          1940384,
          1948672,
          1953792,
          1946624,
          1944576,
          1942528,
          1945600,
          1939456,
          1942528,
          1959936,
          1945600,
          1943680,
          1942528,
          1941504,
          1945600,
          1943552,
          1938432,
          1957984,
          1944576,
          1943392,
          1944576,
          1947808,
          1943552,
          1945600,
          1939456,
          1958912,
          1947648,
          1940480
        ],
        "chunk_tokens": 128,
        "block_threads": 128,
        "staged_input_bytes": 171523746,
        "applicable": true
      },
      {
        "kernel": "onpair_dg_k4_t128_b2",
        "role": "experimental",
        "stage_bytes": null,
        "chunk_size": 128,
        "decode_ms": 1.94048,
        "decode_gib_s": 479.9443851788725,
        "decode_ns_iters": [
          1968128,
          1941664,
          1946624,
          1946624,
          1945600,
          1945600,
          1942528,
          1958912,
          1947616,
          1943552,
          1944576,
          1947648,
          1943552,
          1943552,
          1944576,
          1943552,
          1945600,
          1954752,
          1948672,
          1943520,
          1946624,
          1943552,
          1944576,
          1950720,
          1958912,
          1940480,
          1945408,
          1945600,
          1945600,
          1946624
        ],
        "chunk_tokens": 128,
        "block_threads": 128,
        "staged_input_bytes": 171523746,
        "applicable": true
      },
      {
        "kernel": "onpair_dg_k4_t128_b4",
        "role": "experimental",
        "stage_bytes": null,
        "chunk_size": 128,
        "decode_ms": 1.938432,
        "decode_gib_s": 480.4514579577197,
        "decode_ns_iters": [
          1945536,
          1945504,
          1943648,
          1946624,
          1945600,
          1955840,
          1944576,
          1946624,
          1940480,
          1941504,
          1945600,
          1942528,
          1943552,
          1944576,
          1958848,
          1943552,
          1942528,
          1938432,
          1942688,
          1945600,
          1944576,
          1942528,
          1958912,
          1946624,
          1948640,
          1944576,
          1946464,
          1943552,
          1944544,
          1947648
        ],
        "chunk_tokens": 128,
        "block_threads": 128,
        "staged_input_bytes": 171523746,
        "applicable": true
      },
      {
        "kernel": "onpair_dg_k4_t128_b6",
        "role": "experimental",
        "stage_bytes": null,
        "chunk_size": 128,
        "decode_ms": 1.94048,
        "decode_gib_s": 479.9443851788725,
        "decode_ns_iters": [
          1946528,
          1941504,
          1952768,
          1940480,
          1947648,
          1941504,
          1942528,
          1944576,
          1942528,
          1946464,
          1948672,
          1963008,
          1944576,
          1949696,
          1944576,
          1942528,
          1943552,
          1942528,
          1943456,
          1946624,
          1949664,
          1942464,
          1944576,
          1943552,
          1942528,
          1948672,
          1943648,
          1948672,
          1961824,
          1944576
        ],
        "chunk_tokens": 128,
        "block_threads": 128,
        "staged_input_bytes": 171523746,
        "applicable": true
      },
      {
        "kernel": "onpair_dg_k4_t128_b8",
        "role": "experimental",
        "stage_bytes": null,
        "chunk_size": 128,
        "decode_ms": 1.933312,
        "decode_gib_s": 481.7238399968026,
        "decode_ns_iters": [
          1936384,
          1956704,
          1941504,
          1938272,
          1942528,
          1939424,
          1945536,
          1937408,
          1935360,
          1933312,
          1955840,
          1938432,
          1940448,
          1938560,
          1936384,
          1936384,
          1937408,
          1938432,
          1940480,
          1952768,
          1940480,
          1937408,
          1938432,
          1939456,
          1941504,
          1938432,
          1939456,
          1940480,
          1953792,
          1938528
        ],
        "chunk_tokens": 128,
        "block_threads": 128,
        "staged_input_bytes": 171523746,
        "applicable": true
      },
      {
        "kernel": "onpair_dg_k4_t256_b1",
        "role": "experimental",
        "stage_bytes": null,
        "chunk_size": 128,
        "decode_ms": 1.939456,
        "decode_gib_s": 480.19778770536607,
        "decode_ns_iters": [
          1971200,
          1944576,
          1946624,
          1947648,
          1943712,
          1944512,
          1946624,
          1946624,
          1944576,
          1955840,
          1946432,
          1947552,
          1946624,
          1946496,
          1945536,
          1946592,
          1939456,
          1963008,
          1946624,
          1945600,
          1946624,
          1945568,
          1945600,
          1947680,
          1948672,
          1959936,
          1941504,
          1944576,
          1941504,
          1946624
        ],
        "chunk_tokens": 128,
        "block_threads": 256,
        "staged_input_bytes": 171523746,
        "applicable": true
      },
      {
        "kernel": "onpair_dg_k4_t256_b2",
        "role": "experimental",
        "stage_bytes": null,
        "chunk_size": 128,
        "decode_ms": 1.938432,
        "decode_gib_s": 480.4514579577197,
        "decode_ns_iters": [
          1941504,
          1938432,
          1946816,
          1946624,
          1945600,
          1947648,
          1960960,
          1944576,
          1951744,
          1942528,
          1945600,
          1946624,
          1946624,
          1947648,
          1965056,
          1945504,
          1946624,
          1941408,
          1940480,
          1944576,
          1945600,
          1945600,
          1942528,
          1964032,
          1941504,
          1944576,
          1941504,
          1948864,
          1947648,
          1944576
        ],
        "chunk_tokens": 128,
        "block_threads": 256,
        "staged_input_bytes": 171523746,
        "applicable": true
      },
      {
        "kernel": "onpair_dg_k4_t256_b4",
        "role": "experimental",
        "stage_bytes": null,
        "chunk_size": 128,
        "decode_ms": 1.934336,
        "decode_gib_s": 481.4688247294671,
        "decode_ns_iters": [
          1942528,
          1939456,
          1940480,
          1936384,
          1939456,
          1957696,
          1939456,
          1942560,
          1939456,
          1939456,
          1941504,
          1937408,
          1939456,
          1950720,
          1940480,
          1939648,
          1941504,
          1940480,
          1941568,
          1934336,
          1935456,
          1939456,
          1958848,
          1940384,
          1942528,
          1942528,
          1941504,
          1940480,
          1940576,
          1938432
        ],
        "chunk_tokens": 128,
        "block_threads": 256,
        "staged_input_bytes": 171523746,
        "applicable": true
      },
      {
        "kernel": "onpair_dg_k4_t256_b6",
        "role": "experimental",
        "stage_bytes": null,
        "chunk_size": 128,
        "decode_ms": 1.939424,
        "decode_gib_s": 480.2057108460545,
        "decode_ns_iters": [
          1944576,
          1947456,
          1945600,
          1942528,
          1939424,
          1944576,
          1945600,
          1944576,
          1946624,
          1948640,
          1944576,
          1947552,
          1945600,
          1950720,
          1945600,
          1946624,
          1946528,
          1943552,
          1947648,
          1946624,
          1958912,
          1946624,
          1948640,
          1945600,
          1948832,
          1945600,
          1946624,
          1942528,
          1967072,
          1945568
        ],
        "chunk_tokens": 128,
        "block_threads": 256,
        "staged_input_bytes": 171523746,
        "applicable": true
      },
      {
        "kernel": "onpair_dg_k4_t256_b8",
        "role": "experimental",
        "stage_bytes": null,
        "chunk_size": 128,
        "decode_ms": 1.937408,
        "decode_gib_s": 480.7053963604457,
        "decode_ns_iters": [
          1943552,
          1943552,
          1938432,
          1939424,
          1941504,
          1941504,
          1942528,
          1941376,
          1941504,
          1940576,
          1952960,
          1937408,
          1938432,
          1940480,
          1940480,
          1939456,
          1940480,
          1938432,
          1940480,
          1939328,
          1942528,
          1940480,
          1937408,
          1939296,
          1943552,
          1939456,
          1941504,
          1939456,
          1938432,
          1939456
        ],
        "chunk_tokens": 128,
        "block_threads": 256,
        "staged_input_bytes": 171523746,
        "applicable": true
      },
      {
        "kernel": "onpair_dg_k5_t64_b1",
        "role": "experimental",
        "stage_bytes": null,
        "chunk_size": 160,
        "decode_ms": 1.897472,
        "decode_gib_s": 490.8227792304173,
        "decode_ns_iters": [
          1900544,
          1912832,
          1903616,
          1901568,
          1903616,
          1901568,
          1902656,
          1897472,
          1901568,
          1903616,
          1899520,
          1903616,
          1904640,
          1901568,
          1917952,
          1897472,
          1903616,
          1900544,
          1901568,
          1900544,
          1900544,
          1900544,
          1901568,
          1902592,
          1902592,
          1900544,
          1901472,
          1914880,
          1903424,
          1898496
        ],
        "chunk_tokens": 160,
        "block_threads": 64,
        "staged_input_bytes": 170489786,
        "applicable": true
      },
      {
        "kernel": "onpair_dg_k5_t64_b2",
        "role": "experimental",
        "stage_bytes": null,
        "chunk_size": 160,
        "decode_ms": 1.896448,
        "decode_gib_s": 491.08780232935385,
        "decode_ns_iters": [
          1902592,
          1900544,
          1912864,
          1902592,
          1901568,
          1903616,
          1902624,
          1901568,
          1904640,
          1901568,
          1901568,
          1903616,
          1903616,
          1903744,
          1919008,
          1901568,
          1900640,
          1902592,
          1899520,
          1899520,
          1900544,
          1903616,
          1903616,
          1902592,
          1901568,
          1899520,
          1901568,
          1916928,
          1896448,
          1896448
        ],
        "chunk_tokens": 160,
        "block_threads": 64,
        "staged_input_bytes": 170489786,
        "applicable": true
      },
      {
        "kernel": "onpair_dg_k5_t64_b4",
        "role": "experimental",
        "stage_bytes": null,
        "chunk_size": 160,
        "decode_ms": 1.897472,
        "decode_gib_s": 490.8227792304173,
        "decode_ns_iters": [
          1900544,
          1902464,
          1916928,
          1902592,
          1903616,
          1904640,
          1899392,
          1897536,
          1900544,
          1901568,
          1902592,
          1902784,
          1901568,
          1902592,
          1904640,
          1918976,
          1897632,
          1905760,
          1900480,
          1901568,
          1906688,
          1899520,
          1902592,
          1903616,
          1905664,
          1902528,
          1902592,
          1897472,
          1902592,
          1917824
        ],
        "chunk_tokens": 160,
        "block_threads": 64,
        "staged_input_bytes": 170489786,
        "applicable": true
      },
      {
        "kernel": "onpair_dg_k5_t64_b6",
        "role": "experimental",
        "stage_bytes": null,
        "chunk_size": 160,
        "decode_ms": 1.89536,
        "decode_gib_s": 491.3697031444678,
        "decode_ns_iters": [
          1904640,
          1904640,
          1903616,
          1896448,
          1914880,
          1898400,
          1899520,
          1897376,
          1906688,
          1900544,
          1900544,
          1905664,
          1903616,
          1902592,
          1896448,
          1900544,
          1904640,
          1903648,
          1900544,
          1912832,
          1902592,
          1898496,
          1905664,
          1895360,
          1896448,
          1899520,
          1901568,
          1902560,
          1901568,
          1904640
        ],
        "chunk_tokens": 160,
        "block_threads": 64,
        "staged_input_bytes": 170489786,
        "applicable": true
      },
      {
        "kernel": "onpair_dg_k5_t64_b8",
        "role": "experimental",
        "stage_bytes": null,
        "chunk_size": 160,
        "decode_ms": 1.897472,
        "decode_gib_s": 490.8227792304173,
        "decode_ns_iters": [
          1903456,
          1901568,
          1900544,
          1902592,
          1900544,
          1903616,
          1903776,
          1904480,
          1904640,
          1914880,
          1901568,
          1899520,
          1901568,
          1900544,
          1903456,
          1903616,
          1902592,
          1901568,
          1904640,
          1903616,
          1900544,
          1902592,
          1899520,
          1915904,
          1897472,
          1897472,
          1897472,
          1905664,
          1918944,
          1897472
        ],
        "chunk_tokens": 160,
        "block_threads": 64,
        "staged_input_bytes": 170489786,
        "applicable": true
      },
      {
        "kernel": "onpair_dg_k5_t128_b1",
        "role": "experimental",
        "stage_bytes": null,
        "chunk_size": 160,
        "decode_ms": 1.905664,
        "decode_gib_s": 488.7128478849884,
        "decode_ns_iters": [
          1918144,
          1913856,
          1906656,
          1906688,
          1909856,
          1911808,
          1910784,
          1909760,
          1912832,
          1909760,
          1910784,
          1925120,
          1906624,
          1905664,
          1910784,
          1910784,
          1909760,
          1910784,
          1910656,
          1909760,
          1909760,
          1911808,
          1910784,
          1923072,
          1907712,
          1908736,
          1907680,
          1907712,
          1910784,
          1907712
        ],
        "chunk_tokens": 160,
        "block_threads": 128,
        "staged_input_bytes": 170489786,
        "applicable": true
      },
      {
        "kernel": "onpair_dg_k5_t128_b2",
        "role": "experimental",
        "stage_bytes": null,
        "chunk_size": 160,
        "decode_ms": 1.905664,
        "decode_gib_s": 488.7128478849884,
        "decode_ns_iters": [
          1911808,
          1913856,
          1912672,
          1910784,
          1909920,
          1909760,
          1907712,
          1906688,
          1908928,
          1909632,
          1910784,
          1913856,
          1905664,
          1911808,
          1911808,
          1909760,
          1912832,
          1910784,
          1910752,
          1909920,
          1911808,
          1909760,
          1909664,
          1928288,
          1906688,
          1910784,
          1911680,
          1911808,
          1908736,
          1910784
        ],
        "chunk_tokens": 160,
        "block_threads": 128,
        "staged_input_bytes": 170489786,
        "applicable": true
      },
      {
        "kernel": "onpair_dg_k5_t128_b4",
        "role": "experimental",
        "stage_bytes": null,
        "chunk_size": 160,
        "decode_ms": 1.90464,
        "decode_gib_s": 488.9755967279372,
        "decode_ns_iters": [
          1907712,
          1905664,
          1911808,
          1909760,
          1912768,
          1908672,
          1910784,
          1912832,
          1911808,
          1922048,
          1904640,
          1913856,
          1911648,
          1911808,
          1911808,
          1912832,
          1907712,
          1914880,
          1908736,
          1909760,
          1926144,
          1908736,
          1920000,
          1907616,
          1910784,
          1905696,
          1915904,
          1910720,
          1909568,
          1909760
        ],
        "chunk_tokens": 160,
        "block_threads": 128,
        "staged_input_bytes": 170489786,
        "applicable": true
      },
      {
        "kernel": "onpair_dg_k5_t128_b6",
        "role": "experimental",
        "stage_bytes": null,
        "chunk_size": 160,
        "decode_ms": 1.905568,
        "decode_gib_s": 488.73746859303816,
        "decode_ns_iters": [
          1910784,
          1912832,
          1908768,
          1905568,
          1906688,
          1908736,
          1929056,
          1910752,
          1913824,
          1909760,
          1910784,
          1911808,
          1907680,
          1913888,
          1914880,
          1910784,
          1912832,
          1909760,
          1928192,
          1913856,
          1912672,
          1911808,
          1911744,
          1910784,
          1911808,
          1910784,
          1914880,
          1911808,
          1910784,
          1906688
        ],
        "chunk_tokens": 160,
        "block_threads": 128,
        "staged_input_bytes": 170489786,
        "applicable": true
      },
      {
        "kernel": "onpair_dg_k5_t128_b8",
        "role": "experimental",
        "stage_bytes": null,
        "chunk_size": 160,
        "decode_ms": 1.90464,
        "decode_gib_s": 488.9755967279372,
        "decode_ns_iters": [
          1905664,
          1905664,
          1906880,
          1905856,
          1905632,
          1904640,
          1909760,
          1923968,
          1908736,
          1905664,
          1910784,
          1906528,
          1907712,
          1904640,
          1905664,
          1907776,
          1906688,
          1916960,
          1913856,
          1910656,
          1912832,
          1927168,
          1911648,
          1906688,
          1906688,
          1908896,
          1912800,
          1912736,
          1913856,
          1912832
        ],
        "chunk_tokens": 160,
        "block_threads": 128,
        "staged_input_bytes": 170489786,
        "applicable": true
      },
      {
        "kernel": "onpair_dg_k5_t256_b1",
        "role": "experimental",
        "stage_bytes": null,
        "chunk_size": 160,
        "decode_ms": 1.885184,
        "decode_gib_s": 494.022058617036,
        "decode_ns_iters": [
          1894400,
          1893376,
          1894400,
          1892352,
          1892352,
          1895424,
          1894464,
          1895328,
          1893376,
          1890368,
          1895424,
          1897472,
          1888256,
          1891328,
          1899456,
          1892352,
          1886208,
          1893376,
          1891328,
          1885184,
          1893216,
          1891328,
          1892224,
          1891360,
          1894400,
          1891328,
          1893376,
          1891328,
          1902720,
          1887424
        ],
        "chunk_tokens": 160,
        "block_threads": 256,
        "staged_input_bytes": 170489786,
        "applicable": true
      },
      {
        "kernel": "onpair_dg_k5_t256_b2",
        "role": "experimental",
        "stage_bytes": null,
        "chunk_size": 160,
        "decode_ms": 1.885184,
        "decode_gib_s": 494.022058617036,
        "decode_ns_iters": [
          1893376,
          1891328,
          1891328,
          1892352,
          1895328,
          1910784,
          1893280,
          1885184,
          1887104,
          1897472,
          1892352,
          1890304,
          1891328,
          1889184,
          1893376,
          1890304,
          1891520,
          1898496,
          1890304,
          1891328,
          1892352,
          1886208,
          1902592,
          1891360,
          1892416,
          1885248,
          1889312,
          1894400,
          1889280,
          1892352
        ],
        "chunk_tokens": 160,
        "block_threads": 256,
        "staged_input_bytes": 170489786,
        "applicable": true
      },
      {
        "kernel": "onpair_dg_k5_t256_b4",
        "role": "experimental",
        "stage_bytes": null,
        "chunk_size": 160,
        "decode_ms": 1.886016,
        "decode_gib_s": 493.80412496601224,
        "decode_ns_iters": [
          1894592,
          1894208,
          1890304,
          1890304,
          1889280,
          1893344,
          1891328,
          1889280,
          1893376,
          1892352,
          1892224,
          1892352,
          1892320,
          1886208,
          1889280,
          1902592,
          1888256,
          1890304,
          1886016,
          1886112,
          1893184,
          1890304,
          1891200,
          1892352,
          1891328,
          1893376,
          1889280,
          1893376,
          1892352,
          1893376
        ],
        "chunk_tokens": 160,
        "block_threads": 256,
        "staged_input_bytes": 170489786,
        "applicable": true
      },
      {
        "kernel": "onpair_dg_k5_t256_b6",
        "role": "experimental",
        "stage_bytes": null,
        "chunk_size": 160,
        "decode_ms": 1.889248,
        "decode_gib_s": 492.9593576660653,
        "decode_ns_iters": [
          1894400,
          1893280,
          1894400,
          1895232,
          1893248,
          1896640,
          1891328,
          1894400,
          1910784,
          1890304,
          1891328,
          1889248,
          1889280,
          1889408,
          1890304,
          1896416,
          1893376,
          1898496,
          1897472,
          1895424,
          1890304,
          1896448,
          1893376,
          1894400,
          1896448,
          1906688,
          1893376,
          1896448,
          1902592,
          1891328
        ],
        "chunk_tokens": 160,
        "block_threads": 256,
        "staged_input_bytes": 170489786,
        "applicable": true
      },
      {
        "kernel": "onpair_dg_k5_t256_b8",
        "role": "experimental",
        "stage_bytes": null,
        "chunk_size": 160,
        "decode_ms": 1.885184,
        "decode_gib_s": 494.022058617036,
        "decode_ns_iters": [
          1891424,
          1885184,
          1886208,
          1898496,
          1888256,
          1891328,
          1885184,
          1886208,
          1891328,
          1891328,
          1889280,
          1893376,
          1891168,
          1893376,
          1889344,
          1886336,
          1892352,
          1894336,
          1889280,
          1890304,
          1902592,
          1890304,
          1890304,
          1897472,
          1891328,
          1893376,
          1887232,
          1890304,
          1892352,
          1885184
        ],
        "chunk_tokens": 160,
        "block_threads": 256,
        "staged_input_bytes": 170489786,
        "applicable": true
      },
      {
        "kernel": "onpair_dg_k6_t64_b1",
        "role": "experimental",
        "stage_bytes": null,
        "chunk_size": 192,
        "decode_ms": 1.870848,
        "decode_gib_s": 497.807668261611,
        "decode_ns_iters": [
          1875968,
          1878016,
          1872928,
          1875968,
          1876992,
          1876992,
          1874944,
          1878208,
          1875968,
          1876928,
          1879040,
          1878016,
          1876992,
          1875968,
          1874944,
          1874944,
          1872896,
          1893248,
          1875968,
          1870848,
          1875968,
          1878016,
          1875968,
          1875968,
          1876000,
          1876064,
          1875104,
          1870848,
          1874944,
          1875968
        ],
        "chunk_tokens": 192,
        "block_threads": 64,
        "staged_input_bytes": 169800490,
        "applicable": true
      },
      {
        "kernel": "onpair_dg_k6_t64_b2",
        "role": "experimental",
        "stage_bytes": null,
        "chunk_size": 192,
        "decode_ms": 1.869824,
        "decode_gib_s": 498.0802902047992,
        "decode_ns_iters": [
          1874944,
          1876992,
          1879040,
          1878016,
          1878016,
          1878016,
          1876992,
          1876992,
          1876992,
          1876992,
          1874944,
          1875968,
          1876992,
          1875968,
          1877920,
          1873920,
          1872896,
          1889344,
          1892352,
          1870848,
          1869824,
          1872800,
          1871744,
          1878176,
          1870848,
          1873920,
          1870816,
          1873920,
          1881088,
          1881088
        ],
        "chunk_tokens": 192,
        "block_threads": 64,
        "staged_input_bytes": 169800490,
        "applicable": true
      },
      {
        "kernel": "onpair_dg_k6_t64_b4",
        "role": "experimental",
        "stage_bytes": null,
        "chunk_size": 192,
        "decode_ms": 1.870848,
        "decode_gib_s": 497.807668261611,
        "decode_ns_iters": [
          1875968,
          1879040,
          1876992,
          1878016,
          1876992,
          1881088,
          1876960,
          1878016,
          1873920,
          1874944,
          1877888,
          1876064,
          1876992,
          1876992,
          1871872,
          1878016,
          1878016,
          1872992,
          1876992,
          1891328,
          1876992,
          1879040,
          1887232,
          1871872,
          1876992,
          1870848,
          1872896,
          1870848,
          1878016,
          1873920
        ],
        "chunk_tokens": 192,
        "block_threads": 64,
        "staged_input_bytes": 169800490,
        "applicable": true
      },
      {
        "kernel": "onpair_dg_k6_t64_b6",
        "role": "experimental",
        "stage_bytes": null,
        "chunk_size": 192,
        "decode_ms": 1.870848,
        "decode_gib_s": 497.807668261611,
        "decode_ns_iters": [
          1877184,
          1879040,
          1880064,
          1875840,
          1875776,
          1874944,
          1874944,
          1872896,
          1878016,
          1878016,
          1876992,
          1878016,
          1880064,
          1875968,
          1875968,
          1876960,
          1876992,
          1876992,
          1876864,
          1891328,
          1878016,
          1876960,
          1878944,
          1885184,
          1873824,
          1870848,
          1870848,
          1875968,
          1874944,
          1876992
        ],
        "chunk_tokens": 192,
        "block_threads": 64,
        "staged_input_bytes": 169800490,
        "applicable": true
      },
      {
        "kernel": "onpair_dg_k6_t64_b8",
        "role": "experimental",
        "stage_bytes": null,
        "chunk_size": 192,
        "decode_ms": 1.871872,
        "decode_gib_s": 497.5353445918837,
        "decode_ns_iters": [
          1874944,
          1876992,
          1875968,
          1877984,
          1878016,
          1877856,
          1878016,
          1875968,
          1875136,
          1876992,
          1876992,
          1873920,
          1876992,
          1879040,
          1873920,
          1874944,
          1875968,
          1876864,
          1878016,
          1891392,
          1875968,
          1873920,
          1872064,
          1871872,
          1884192,
          1874944,
          1875968,
          1874944,
          1880064,
          1879040
        ],
        "chunk_tokens": 192,
        "block_threads": 64,
        "staged_input_bytes": 169800490,
        "applicable": true
      },
      {
        "kernel": "onpair_dg_k6_t128_b1",
        "role": "experimental",
        "stage_bytes": null,
        "chunk_size": 192,
        "decode_ms": 1.87904,
        "decode_gib_s": 495.63738959889014,
        "decode_ns_iters": [
          1886208,
          1883136,
          1884160,
          1887232,
          1886176,
          1883136,
          1887232,
          1885184,
          1882112,
          1888224,
          1883136,
          1885216,
          1884128,
          1885184,
          1885184,
          1901568,
          1899520,
          1887136,
          1880064,
          1887104,
          1880064,
          1882112,
          1879040,
          1886208,
          1887232,
          1882112,
          1885184,
          1881088,
          1884000,
          1881152
        ],
        "chunk_tokens": 192,
        "block_threads": 128,
        "staged_input_bytes": 169800490,
        "applicable": true
      },
      {
        "kernel": "onpair_dg_k6_t128_b2",
        "role": "experimental",
        "stage_bytes": null,
        "chunk_size": 192,
        "decode_ms": 1.87904,
        "decode_gib_s": 495.63738959889014,
        "decode_ns_iters": [
          1883136,
          1882112,
          1880064,
          1884160,
          1882112,
          1881152,
          1893376,
          1900544,
          1879040,
          1881088,
          1882112,
          1880064,
          1893216,
          1887200,
          1880064,
          1879040,
          1880064,
          1882048,
          1880064,
          1880064,
          1882112,
          1880064,
          1881088,
          1881088,
          1881088,
          1879040,
          1883136,
          1879040,
          1882080,
          1880000
        ],
        "chunk_tokens": 192,
        "block_threads": 128,
        "staged_input_bytes": 169800490,
        "applicable": true
      },
      {
        "kernel": "onpair_dg_k6_t128_b4",
        "role": "experimental",
        "stage_bytes": null,
        "chunk_size": 192,
        "decode_ms": 1.87904,
        "decode_gib_s": 495.63738959889014,
        "decode_ns_iters": [
          1886208,
          1885184,
          1886208,
          1887232,
          1882112,
          1882112,
          1887168,
          1884192,
          1888128,
          1885184,
          1890432,
          1901568,
          1881088,
          1884128,
          1879040,
          1880064,
          1884160,
          1888256,
          1879968,
          1886208,
          1879040,
          1883104,
          1885184,
          1887232,
          1884160,
          1884160,
          1887232,
          1885184,
          1888256,
          1889440
        ],
        "chunk_tokens": 192,
        "block_threads": 128,
        "staged_input_bytes": 169800490,
        "applicable": true
      },
      {
        "kernel": "onpair_dg_k6_t128_b6",
        "role": "experimental",
        "stage_bytes": null,
        "chunk_size": 192,
        "decode_ms": 1.881024,
        "decode_gib_s": 495.11461871400815,
        "decode_ns_iters": [
          1886208,
          1886208,
          1885184,
          1888256,
          1886208,
          1883008,
          1882112,
          1888256,
          1887232,
          1900544,
          1884224,
          1884160,
          1893280,
          1881088,
          1881088,
          1881024,
          1882112,
          1889472,
          1885152,
          1883136,
          1886208,
          1885152,
          1885184,
          1884160,
          1887360,
          1885056,
          1888256,
          1882048,
          1884160,
          1895424
        ],
        "chunk_tokens": 192,
        "block_threads": 128,
        "staged_input_bytes": 169800490,
        "applicable": true
      },
      {
        "kernel": "onpair_dg_k6_t128_b8",
        "role": "experimental",
        "stage_bytes": null,
        "chunk_size": 192,
        "decode_ms": 1.881088,
        "decode_gib_s": 495.097773496986,
        "decode_ns_iters": [
          1887232,
          1886208,
          1886208,
          1883136,
          1888256,
          1881952,
          1900544,
          1887232,
          1881280,
          1895424,
          1886208,
          1881088,
          1885184,
          1885184,
          1887232,
          1886208,
          1886208,
          1889280,
          1884160,
          1886176,
          1887232,
          1881088,
          1887232,
          1891200,
          1898464,
          1887200,
          1884160,
          1886208,
          1886208,
          1886208
        ],
        "chunk_tokens": 192,
        "block_threads": 128,
        "staged_input_bytes": 169800490,
        "applicable": true
      },
      {
        "kernel": "onpair_dg_k6_t256_b1",
        "role": "experimental",
        "stage_bytes": null,
        "chunk_size": 192,
        "decode_ms": 1.881056,
        "decode_gib_s": 495.10619596221403,
        "decode_ns_iters": [
          1886048,
          1905664,
          1892352,
          1888256,
          1897472,
          1888256,
          1881056,
          1883008,
          1888256,
          1889280,
          1890496,
          1886208,
          1890304,
          1885184,
          1883136,
          1887232,
          1891392,
          1882112,
          1884160,
          1896448,
          1899456,
          1886208,
          1887168,
          1889184,
          1886208,
          1886112,
          1887232,
          1888256,
          1888256,
          1886144
        ],
        "chunk_tokens": 192,
        "block_threads": 256,
        "staged_input_bytes": 169800490,
        "applicable": true
      },
      {
        "kernel": "onpair_dg_k6_t256_b2",
        "role": "experimental",
        "stage_bytes": null,
        "chunk_size": 192,
        "decode_ms": 1.880064,
        "decode_gib_s": 495.367434593662,
        "decode_ns_iters": [
          1887232,
          1880064,
          1885184,
          1880064,
          1885184,
          1888256,
          1888160,
          1888096,
          1889280,
          1886208,
          1884160,
          1887104,
          1887232,
          1888256,
          1898496,
          1889280,
          1888256,
          1889280,
          1886208,
          1884160,
          1888192,
          1887424,
          1886240,
          1886208,
          1890304,
          1884160,
          1885184,
          1888256,
          1889280,
          1885184
        ],
        "chunk_tokens": 192,
        "block_threads": 256,
        "staged_input_bytes": 169800490,
        "applicable": true
      },
      {
        "kernel": "onpair_dg_k6_t256_b4",
        "role": "experimental",
        "stage_bytes": null,
        "chunk_size": 192,
        "decode_ms": 1.878016,
        "decode_gib_s": 495.907638993437,
        "decode_ns_iters": [
          1882112,
          1884160,
          1880064,
          1878016,
          1880064,
          1886208,
          1884160,
          1884160,
          1884064,
          1888256,
          1881088,
          1897472,
          1881088,
          1881088,
          1885344,
          1882112,
          1881920,
          1886208,
          1883136,
          1881088,
          1887232,
          1880064,
          1885184,
          1883136,
          1889280,
          1885184,
          1885184,
          1887232,
          1887232,
          1887136
        ],
        "chunk_tokens": 192,
        "block_threads": 256,
        "staged_input_bytes": 169800490,
        "applicable": true
      },
      {
        "kernel": "onpair_dg_k6_t256_b6",
        "role": "experimental",
        "stage_bytes": null,
        "chunk_size": 192,
        "decode_ms": 1.869824,
        "decode_gib_s": 498.0802902047992,
        "decode_ns_iters": [
          1869824,
          1880064,
          1872992,
          1876896,
          1874944,
          1873888,
          1873920,
          1876992,
          1872896,
          1870784,
          1873920,
          1878016,
          1888256,
          1892352,
          1874016,
          1873920,
          1873920,
          1870848,
          1869824,
          1876992,
          1876960,
          1876992,
          1875968,
          1875968,
          1873920,
          1873920,
          1875968,
          1874816,
          1869824,
          1872736
        ],
        "chunk_tokens": 192,
        "block_threads": 256,
        "staged_input_bytes": 169800490,
        "applicable": true
      },
      {
        "kernel": "onpair_dg_k6_t256_b8",
        "role": "experimental",
        "stage_bytes": null,
        "chunk_size": 192,
        "decode_ms": 1.874944,
        "decode_gib_s": 496.7201583364082,
        "decode_ns_iters": [
          1882112,
          1883136,
          1882944,
          1882112,
          1881088,
          1880064,
          1880064,
          1882112,
          1884160,
          1881088,
          1882112,
          1880064,
          1876992,
          1891296,
          1882112,
          1881088,
          1881088,
          1883136,
          1879040,
          1884032,
          1880992,
          1879040,
          1880256,
          1880128,
          1882112,
          1883136,
          1880064,
          1882112,
          1880064,
          1874944
        ],
        "chunk_tokens": 192,
        "block_threads": 256,
        "staged_input_bytes": 169800490,
        "applicable": true
      },
      {
        "kernel": "onpair_dg_k7_t64_b1",
        "role": "experimental",
        "stage_bytes": null,
        "chunk_size": 224,
        "decode_ms": 1.864608,
        "decode_gib_s": 499.4736054719804,
        "decode_ns_iters": [
          1870848,
          1871872,
          1870688,
          1874944,
          1867744,
          1875968,
          1871872,
          1868800,
          1870816,
          1870816,
          1871872,
          1873856,
          1864608,
          1867840,
          1882112,
          1889280,
          1866752,
          1865728,
          1866752,
          1873920,
          1870848,
          1870848,
          1870848,
          1871872,
          1866752,
          1866752,
          1871872,
          1872896,
          1870848,
          1869824
        ],
        "chunk_tokens": 224,
        "block_threads": 64,
        "staged_input_bytes": 169308130,
        "applicable": true
      },
      {
        "kernel": "onpair_dg_k7_t64_b2",
        "role": "experimental",
        "stage_bytes": null,
        "chunk_size": 224,
        "decode_ms": 1.864544,
        "decode_gib_s": 499.4907497768347,
        "decode_ns_iters": [
          1872896,
          1871904,
          1876992,
          1864800,
          1869824,
          1865792,
          1872896,
          1873920,
          1870848,
          1871872,
          1872064,
          1872896,
          1871872,
          1874080,
          1880064,
          1872864,
          1871872,
          1869824,
          1872896,
          1871840,
          1872736,
          1883136,
          1885184,
          1864544,
          1869824,
          1870848,
          1869824,
          1871872,
          1872896,
          1872928
        ],
        "chunk_tokens": 224,
        "block_threads": 64,
        "staged_input_bytes": 169308130,
        "applicable": true
      },
      {
        "kernel": "onpair_dg_k7_t64_b4",
        "role": "experimental",
        "stage_bytes": null,
        "chunk_size": 224,
        "decode_ms": 1.866752,
        "decode_gib_s": 498.89995058363326,
        "decode_ns_iters": [
          1871872,
          1872928,
          1885184,
          1871936,
          1871008,
          1866752,
          1869824,
          1873920,
          1869760,
          1882272,
          1872832,
          1870816,
          1870848,
          1872896,
          1871680,
          1871872,
          1870848,
          1873920,
          1871872,
          1869824,
          1871840,
          1871872,
          1871872,
          1871776,
          1873920,
          1869984,
          1867680,
          1888256,
          1870848,
          1867776
        ],
        "chunk_tokens": 224,
        "block_threads": 64,
        "staged_input_bytes": 169308130,
        "applicable": true
      },
      {
        "kernel": "onpair_dg_k7_t64_b6",
        "role": "experimental",
        "stage_bytes": null,
        "chunk_size": 224,
        "decode_ms": 1.866752,
        "decode_gib_s": 498.89995058363326,
        "decode_ns_iters": [
          1871872,
          1871872,
          1872896,
          1874944,
          1866752,
          1874112,
          1870848,
          1867776,
          1887232,
          1872896,
          1870848,
          1872896,
          1871872,
          1874752,
          1866816,
          1867776,
          1875968,
          1873824,
          1875968,
          1870848,
          1872896,
          1871872,
          1872864,
          1872896,
          1872064,
          1871840,
          1873920,
          1872896,
          1871872,
          1872896
        ],
        "chunk_tokens": 224,
        "block_threads": 64,
        "staged_input_bytes": 169308130,
        "applicable": true
      },
      {
        "kernel": "onpair_dg_k7_t64_b8",
        "role": "experimental",
        "stage_bytes": null,
        "chunk_size": 224,
        "decode_ms": 1.8656,
        "decode_gib_s": 499.2080191637535,
        "decode_ns_iters": [
          1871872,
          1876864,
          1866752,
          1865728,
          1871872,
          1872032,
          1872896,
          1870848,
          1869824,
          1869824,
          1867776,
          1867776,
          1868800,
          1881056,
          1873920,
          1873760,
          1866752,
          1876992,
          1873056,
          1871872,
          1874944,
          1872800,
          1869952,
          1874944,
          1871872,
          1867776,
          1865600,
          1866752,
          1866912,
          1873920
        ],
        "chunk_tokens": 224,
        "block_threads": 64,
        "staged_input_bytes": 169308130,
        "applicable": true
      },
      {
        "kernel": "onpair_dg_k7_t128_b1",
        "role": "experimental",
        "stage_bytes": null,
        "chunk_size": 224,
        "decode_ms": 1.862784,
        "decode_gib_s": 499.96267981252714,
        "decode_ns_iters": [
          1872896,
          1866848,
          1867776,
          1865728,
          1873920,
          1870848,
          1866752,
          1866752,
          1868800,
          1869792,
          1868608,
          1869664,
          1865728,
          1866752,
          1866752,
          1866624,
          1867776,
          1867776,
          1862784,
          1865728,
          1865728,
          1867776,
          1866752,
          1868800,
          1867776,
          1865728,
          1864704,
          1869696,
          1874944,
          1869824
        ],
        "chunk_tokens": 224,
        "block_threads": 128,
        "staged_input_bytes": 169308130,
        "applicable": true
      },
      {
        "kernel": "onpair_dg_k7_t128_b2",
        "role": "experimental",
        "stage_bytes": null,
        "chunk_size": 224,
        "decode_ms": 1.8656,
        "decode_gib_s": 499.2080191637535,
        "decode_ns_iters": [
          1870848,
          1868736,
          1867904,
          1865600,
          1866752,
          1871872,
          1865728,
          1865920,
          1885184,
          1890304,
          1868864,
          1865728,
          1866752,
          1883136,
          1866752,
          1868800,
          1866752,
          1866752,
          1870848,
          1868768,
          1866720,
          1865728,
          1866752,
          1866752,
          1866752,
          1868800,
          1866752,
          1866752,
          1866720,
          1866656
        ],
        "chunk_tokens": 224,
        "block_threads": 128,
        "staged_input_bytes": 169308130,
        "applicable": true
      },
      {
        "kernel": "onpair_dg_k7_t128_b4",
        "role": "experimental",
        "stage_bytes": null,
        "chunk_size": 224,
        "decode_ms": 1.86368,
        "decode_gib_s": 499.72231313954035,
        "decode_ns_iters": [
          1868800,
          1867776,
          1868800,
          1867776,
          1896448,
          1907712,
          1868800,
          1865728,
          1867776,
          1869824,
          1869760,
          1864704,
          1866784,
          1867776,
          1866752,
          1868672,
          1864704,
          1864800,
          1869824,
          1868800,
          1867744,
          1869824,
          1867712,
          1868800,
          1866752,
          1867776,
          1867680,
          1871872,
          1867776,
          1863680
        ],
        "chunk_tokens": 224,
        "block_threads": 128,
        "staged_input_bytes": 169308130,
        "applicable": true
      },
      {
        "kernel": "onpair_dg_k7_t128_b6",
        "role": "experimental",
        "stage_bytes": null,
        "chunk_size": 224,
        "decode_ms": 1.86368,
        "decode_gib_s": 499.72231313954035,
        "decode_ns_iters": [
          1867776,
          1868800,
          1868800,
          1903616,
          1898496,
          1896448,
          1893408,
          1895424,
          1899520,
          1896448,
          1871872,
          1896448,
          1896448,
          1870848,
          1868800,
          1866752,
          1902592,
          1906688,
          1897472,
          1894400,
          1906816,
          1895424,
          1897472,
          1871840,
          1864704,
          1863680,
          1868672,
          1868800,
          1867776,
          1865728
        ],
        "chunk_tokens": 224,
        "block_threads": 128,
        "staged_input_bytes": 169308130,
        "applicable": true
      },
      {
        "kernel": "onpair_dg_k7_t128_b8",
        "role": "experimental",
        "stage_bytes": null,
        "chunk_size": 224,
        "decode_ms": 1.86368,
        "decode_gib_s": 499.72231313954035,
        "decode_ns_iters": [
          1867776,
          1867776,
          1868800,
          1869888,
          1869824,
          1882048,
          1880064,
          1876992,
          1881088,
          1863680,
          1868800,
          1866784,
          1864704,
          1866752,
          1865728,
          1866752,
          1866560,
          1865728,
          1866752,
          1865728,
          1867776,
          1869824,
          1866752,
          1868704,
          1867808,
          1864704,
          1867776,
          1866752,
          1866752,
          1864704
        ],
        "chunk_tokens": 224,
        "block_threads": 128,
        "staged_input_bytes": 169308130,
        "applicable": true
      },
      {
        "kernel": "onpair_dg_k7_t256_b1",
        "role": "experimental",
        "stage_bytes": null,
        "chunk_size": 224,
        "decode_ms": 1.849344,
        "decode_gib_s": 503.59612952046695,
        "decode_ns_iters": [
          1852416,
          1851232,
          1851264,
          1851392,
          1854464,
          1852416,
          1853440,
          1850240,
          1853568,
          1853440,
          1851392,
          1852224,
          1854464,
          1849344,
          1851392,
          1853376,
          1851360,
          1852416,
          1852416,
          1851392,
          1852416,
          1849344,
          1854560,
          1852416,
          1854464,
          1851392,
          1854464,
          1854464,
          1852416,
          1851392
        ],
        "chunk_tokens": 224,
        "block_threads": 256,
        "staged_input_bytes": 169308130,
        "applicable": true
      },
      {
        "kernel": "onpair_dg_k7_t256_b2",
        "role": "experimental",
        "stage_bytes": null,
        "chunk_size": 224,
        "decode_ms": 1.849312,
        "decode_gib_s": 503.60484361313746,
        "decode_ns_iters": [
          1852416,
          1850368,
          1853440,
          1849312,
          1851392,
          1853440,
          1851552,
          1849344,
          1850368,
          1850368,
          1850368,
          1851392,
          1853440,
          1851392,
          1850208,
          1854464,
          1850496,
          1852416,
          1856512,
          1860512,
          1851456,
          1851392,
          1853440,
          1851232,
          1853440,
          1858560,
          1852416,
          1850368,
          1853440,
          1852416
        ],
        "chunk_tokens": 224,
        "block_threads": 256,
        "staged_input_bytes": 169308130,
        "applicable": true
      },
      {
        "kernel": "onpair_dg_k7_t256_b4",
        "role": "experimental",
        "stage_bytes": null,
        "chunk_size": 224,
        "decode_ms": 1.849344,
        "decode_gib_s": 503.59612952046695,
        "decode_ns_iters": [
          1851392,
          1850528,
          1854464,
          1855424,
          1853440,
          1853440,
          1850368,
          1852320,
          1851392,
          1853440,
          1851392,
          1853440,
          1851264,
          1853408,
          1852416,
          1855424,
          1854464,
          1851392,
          1853440,
          1853440,
          1853440,
          1852608,
          1850368,
          1854464,
          1852416,
          1852320,
          1849344,
          1849344,
          1851392,
          1852416
        ],
        "chunk_tokens": 224,
        "block_threads": 256,
        "staged_input_bytes": 169308130,
        "applicable": true
      },
      {
        "kernel": "onpair_dg_k7_t256_b6",
        "role": "experimental",
        "stage_bytes": null,
        "chunk_size": 224,
        "decode_ms": 1.913856,
        "decode_gib_s": 486.6209790871928,
        "decode_ns_iters": [
          1916928,
          1925120,
          1917952,
          1915904,
          1916928,
          1917952,
          1913856,
          1917888,
          1915904,
          1915840,
          1938432,
          1918976,
          1925120,
          1916928,
          1917952,
          1915968,
          1916928,
          1916928,
          1916928,
          1917952,
          1927040,
          1917952,
          1919968,
          1917952,
          1933312,
          1918880,
          1917952,
          1916928,
          1918848,
          1916832
        ],
        "chunk_tokens": 224,
        "block_threads": 256,
        "staged_input_bytes": 169308130,
        "applicable": true
      },
      {
        "kernel": "onpair_dg_k7_t256_b8",
        "role": "experimental",
        "stage_bytes": null,
        "chunk_size": 224,
        "decode_ms": 1.851392,
        "decode_gib_s": 503.03905415595324,
        "decode_ns_iters": [
          1863680,
          1864704,
          1868800,
          1864512,
          1859584,
          1857536,
          1857536,
          1865728,
          1860608,
          1851392,
          1859456,
          1852416,
          1852416,
          1857536,
          1859584,
          1857472,
          1858560,
          1858624,
          1860608,
          1855488,
          1852416,
          1859584,
          1857536,
          1856608,
          1856512,
          1856512,
          1857536,
          1856512,
          1856512,
          1855456
        ],
        "chunk_tokens": 224,
        "block_threads": 256,
        "staged_input_bytes": 169308130,
        "applicable": true
      },
      {
        "kernel": "onpair_dg_k8_t64_b1",
        "role": "experimental",
        "stage_bytes": null,
        "chunk_size": 256,
        "decode_ms": 1.847296,
        "decode_gib_s": 504.1544400853455,
        "decode_ns_iters": [
          1854464,
          1851456,
          1849344,
          1850368,
          1849344,
          1850304,
          1850368,
          1847296,
          1851552,
          1851424,
          1849344,
          1852352,
          1856384,
          1854464,
          1855488,
          1856512,
          1854624,
          1854464,
          1854528,
          1857504,
          1856512,
          1854464,
          1855488,
          1855488,
          1853408,
          1851392,
          1850208,
          1854464,
          1855488,
          1855424
        ],
        "chunk_tokens": 256,
        "block_threads": 64,
        "staged_input_bytes": 168938858,
        "applicable": true
      },
      {
        "kernel": "onpair_dg_k8_t64_b2",
        "role": "experimental",
        "stage_bytes": null,
        "chunk_size": 256,
        "decode_ms": 1.84832,
        "decode_gib_s": 503.8751301462401,
        "decode_ns_iters": [
          1856704,
          1849440,
          1855488,
          1854464,
          1853440,
          1854464,
          1854624,
          1855488,
          1856512,
          1854464,
          1854464,
          1855488,
          1853568,
          1852416,
          1855488,
          1855552,
          1854368,
          1856672,
          1849440,
          1854336,
          1851392,
          1848320,
          1852224,
          1850368,
          1851392,
          1851392,
          1850368,
          1851392,
          1850368,
          1851392
        ],
        "chunk_tokens": 256,
        "block_threads": 64,
        "staged_input_bytes": 168938858,
        "applicable": true
      },
      {
        "kernel": "onpair_dg_k8_t64_b4",
        "role": "experimental",
        "stage_bytes": null,
        "chunk_size": 256,
        "decode_ms": 1.848192,
        "decode_gib_s": 503.9100269625117,
        "decode_ns_iters": [
          1858560,
          1855488,
          1856448,
          1855488,
          1854464,
          1856512,
          1855488,
          1854496,
          1852416,
          1850368,
          1855680,
          1855488,
          1856512,
          1854464,
          1853440,
          1855360,
          1851392,
          1849280,
          1855488,
          1855488,
          1855488,
          1853600,
          1855488,
          1850368,
          1849504,
          1851392,
          1848192,
          1850368,
          1851392,
          1851232
        ],
        "chunk_tokens": 256,
        "block_threads": 64,
        "staged_input_bytes": 168938858,
        "applicable": true
      },
      {
        "kernel": "onpair_dg_k8_t64_b6",
        "role": "experimental",
        "stage_bytes": null,
        "chunk_size": 256,
        "decode_ms": 1.848256,
        "decode_gib_s": 503.89257795018574,
        "decode_ns_iters": [
          1849344,
          1851392,
          1850368,
          1850368,
          1852416,
          1851392,
          1850368,
          1857536,
          1848416,
          1849344,
          1848320,
          1850368,
          1854464,
          1849440,
          1850464,
          1850368,
          1848256,
          1852416,
          1850368,
          1849472,
          1849344,
          1851392,
          1849504,
          1851232,
          1855488,
          1851392,
          1850464,
          1855488,
          1851488,
          1855424
        ],
        "chunk_tokens": 256,
        "block_threads": 64,
        "staged_input_bytes": 168938858,
        "applicable": true
      },
      {
        "kernel": "onpair_dg_k8_t64_b8",
        "role": "experimental",
        "stage_bytes": null,
        "chunk_size": 256,
        "decode_ms": 1.850368,
        "decode_gib_s": 503.317437694501,
        "decode_ns_iters": [
          1850368,
          1852416,
          1850368,
          1853440,
          1850560,
          1881120,
          1871872,
          1875968,
          1872896,
          1873888,
          1873088,
          1874944,
          1872896,
          1874944,
          1875968,
          1873920,
          1873824,
          1871872,
          1871872,
          1874080,
          1890336,
          1887232,
          1871872,
          1871872,
          1881088,
          1873920,
          1872896,
          1872896,
          1873888,
          1872832
        ],
        "chunk_tokens": 256,
        "block_threads": 64,
        "staged_input_bytes": 168938858,
        "applicable": true
      },
      {
        "kernel": "onpair_dg_k8_t128_b1",
        "role": "experimental",
        "stage_bytes": null,
        "chunk_size": 256,
        "decode_ms": 1.869824,
        "decode_gib_s": 498.0802902047992,
        "decode_ns_iters": [
          1871840,
          1873920,
          1873920,
          1871808,
          1871872,
          1872896,
          1869824,
          1870848,
          1870912,
          1871872,
          1870848,
          1871872,
          1873920,
          1870816,
          1886208,
          1895424,
          1869824,
          1878016,
          1869824,
          1871872,
          1871872,
          1872896,
          1872896,
          1869824,
          1871872,
          1869856,
          1869824,
          1870848,
          1871872,
          1871744
        ],
        "chunk_tokens": 256,
        "block_threads": 128,
        "staged_input_bytes": 168938858,
        "applicable": true
      },
      {
        "kernel": "onpair_dg_k8_t128_b2",
        "role": "experimental",
        "stage_bytes": null,
        "chunk_size": 256,
        "decode_ms": 1.869824,
        "decode_gib_s": 498.0802902047992,
        "decode_ns_iters": [
          1870720,
          1873920,
          1870848,
          1872896,
          1870848,
          1871872,
          1872896,
          1870848,
          1872896,
          1872896,
          1888256,
          1871872,
          1871872,
          1872896,
          1884160,
          1869824,
          1870752,
          1871872,
          1873920,
          1870848,
          1871872,
          1870720,
          1871872,
          1869824,
          1871968,
          1869824,
          1871744,
          1871776,
          1876992,
          1872736
        ],
        "chunk_tokens": 256,
        "block_threads": 128,
        "staged_input_bytes": 168938858,
        "applicable": true
      },
      {
        "kernel": "onpair_dg_k8_t128_b4",
        "role": "experimental",
        "stage_bytes": null,
        "chunk_size": 256,
        "decode_ms": 1.869696,
        "decode_gib_s": 498.1143889444586,
        "decode_ns_iters": [
          1871872,
          1873920,
          1871872,
          1871808,
          1871872,
          1889280,
          1870848,
          1873920,
          1870848,
          1881088,
          1870848,
          1871872,
          1869824,
          1872768,
          1870848,
          1872864,
          1870848,
          1871872,
          1869920,
          1870880,
          1872768,
          1870848,
          1871936,
          1872896,
          1870848,
          1885184,
          1871872,
          1871872,
          1872832,
          1869696
        ],
        "chunk_tokens": 256,
        "block_threads": 128,
        "staged_input_bytes": 168938858,
        "applicable": true
      },
      {
        "kernel": "onpair_dg_k8_t128_b6",
        "role": "experimental",
        "stage_bytes": null,
        "chunk_size": 256,
        "decode_ms": 1.869824,
        "decode_gib_s": 498.0802902047992,
        "decode_ns_iters": [
          1885184,
          1896448,
          1869824,
          1871872,
          1881088,
          1870848,
          1872032,
          1870848,
          1871872,
          1870784,
          1870848,
          1869824,
          1871872,
          1870912,
          1869824,
          1871840,
          1871872,
          1872896,
          1870848,
          1872832,
          1887232,
          1872896,
          1874944,
          1871872,
          1871872,
          1870848,
          1871872,
          1870848,
          1870880,
          1871712
        ],
        "chunk_tokens": 256,
        "block_threads": 128,
        "staged_input_bytes": 168938858,
        "applicable": true
      },
      {
        "kernel": "onpair_dg_k8_t128_b8",
        "role": "experimental",
        "stage_bytes": null,
        "chunk_size": 256,
        "decode_ms": 1.86976,
        "decode_gib_s": 498.0973389910462,
        "decode_ns_iters": [
          1871712,
          1870688,
          1871840,
          1869824,
          1869824,
          1873920,
          1869760,
          1870848,
          1871872,
          1872896,
          1869824,
          1872896,
          1870912,
          1872864,
          1872000,
          1871872,
          1886208,
          1872896,
          1873920,
          1871840,
          1870848,
          1871872,
          1871872,
          1871872,
          1871968,
          1871872,
          1870848,
          1870848,
          1872896,
          1874784
        ],
        "chunk_tokens": 256,
        "block_threads": 128,
        "staged_input_bytes": 168938858,
        "applicable": true
      },
      {
        "kernel": "onpair_dg_k8_t256_b1",
        "role": "experimental",
        "stage_bytes": null,
        "chunk_size": 256,
        "decode_ms": 1.867776,
        "decode_gib_s": 498.6264308738834,
        "decode_ns_iters": [
          1870752,
          1868800,
          1870848,
          1869824,
          1868800,
          1868800,
          1870848,
          1867776,
          1869824,
          1868800,
          1867776,
          1868800,
          1872896,
          1870720,
          1869824,
          1882112,
          1873056,
          1867808,
          1869824,
          1868800,
          1869824,
          1868992,
          1869824,
          1867840,
          1869792,
          1870848,
          1868800,
          1870848,
          1868800,
          1868800
        ],
        "chunk_tokens": 256,
        "block_threads": 256,
        "staged_input_bytes": 168938858,
        "applicable": true
      },
      {
        "kernel": "onpair_dg_k8_t256_b2",
        "role": "experimental",
        "stage_bytes": null,
        "chunk_size": 256,
        "decode_ms": 1.867776,
        "decode_gib_s": 498.6264308738834,
        "decode_ns_iters": [
          1868800,
          1870848,
          1868896,
          1867776,
          1868800,
          1870848,
          1869664,
          1868800,
          1868800,
          1870752,
          1868800,
          1869664,
          1869728,
          1870848,
          1867904,
          1868672,
          1870816,
          1870848,
          1882016,
          1885184,
          1869856,
          1870880,
          1868800,
          1869824,
          1868736,
          1869760,
          1868800,
          1868800,
          1868800,
          1871872
        ],
        "chunk_tokens": 256,
        "block_threads": 256,
        "staged_input_bytes": 168938858,
        "applicable": true
      },
      {
        "kernel": "onpair_dg_k8_t256_b4",
        "role": "experimental",
        "stage_bytes": null,
        "chunk_size": 256,
        "decode_ms": 1.867776,
        "decode_gib_s": 498.6264308738834,
        "decode_ns_iters": [
          1872736,
          1870848,
          1875968,
          1871680,
          1870880,
          1868800,
          1868800,
          1868800,
          1869824,
          1869824,
          1868800,
          1869696,
          1868800,
          1868800,
          1871872,
          1868800,
          1869984,
          1870848,
          1869920,
          1868800,
          1869920,
          1870848,
          1890304,
          1871872,
          1867776,
          1870848,
          1869728,
          1868800,
          1869824,
          1869824
        ],
        "chunk_tokens": 256,
        "block_threads": 256,
        "staged_input_bytes": 168938858,
        "applicable": true
      },
      {
        "kernel": "onpair_dg_k8_t256_b6",
        "role": "experimental",
        "stage_bytes": null,
        "chunk_size": 256,
        "decode_ms": 2.029568,
        "decode_gib_s": 458.87719975477467,
        "decode_ns_iters": [
          2033664,
          2031616,
          2033504,
          2034688,
          2030592,
          2033728,
          2035712,
          2033664,
          2047040,
          2033664,
          2029568,
          2032800,
          2033664,
          2045952,
          2032640,
          2038784,
          2039808,
          2037664,
          2048000,
          2043904,
          2034688,
          2031552,
          2032640,
          2031616,
          2039808,
          2038784,
          2034688,
          2035712,
          2033664,
          2036736
        ],
        "chunk_tokens": 256,
        "block_threads": 256,
        "staged_input_bytes": 168938858,
        "applicable": true
      },
      {
        "kernel": "onpair_dg_k8_t256_b8",
        "role": "experimental",
        "stage_bytes": null,
        "chunk_size": 256,
        "decode_ms": 1.8688,
        "decode_gib_s": 498.3532109117607,
        "decode_ns_iters": [
          1871872,
          1870848,
          1872736,
          1872736,
          1870848,
          1870848,
          1870848,
          1871872,
          1870848,
          1870912,
          1872896,
          1872992,
          1872000,
          1873024,
          1869824,
          1870848,
          1871008,
          1870848,
          1872000,
          1872896,
          1885184,
          1871872,
          1870848,
          1868800,
          1869824,
          1881088,
          1869824,
          1870848,
          1868800,
          1869824
        ],
        "chunk_tokens": 256,
        "block_threads": 256,
        "staged_input_bytes": 168938858,
        "applicable": true
      },
      {
        "kernel": "onpair_dw_k1_t64_b1",
        "role": "experimental",
        "stage_bytes": null,
        "chunk_size": 32,
        "decode_ms": 2.480128,
        "decode_gib_s": 375.51387692566607,
        "decode_ns_iters": [
          2502624,
          2492416,
          2537472,
          2500608,
          2508800,
          2544640,
          2507616,
          2481152,
          2512896,
          2533376,
          2565120,
          2544640,
          2492416,
          2480128,
          2534400,
          2538496,
          2539680,
          2521088,
          2534464,
          2543808,
          2525184,
          2493440,
          2526208,
          2497536,
          2492416,
          2500736,
          2523136,
          2520064,
          2534304,
          2507776
        ],
        "chunk_tokens": 32,
        "block_threads": 64,
        "staged_input_bytes": 187033034,
        "applicable": true
      },
      {
        "kernel": "onpair_dw_k1_t64_b2",
        "role": "experimental",
        "stage_bytes": null,
        "chunk_size": 32,
        "decode_ms": 2.48832,
        "decode_gib_s": 374.2776172485446,
        "decode_ns_iters": [
          2544640,
          2529152,
          2521088,
          2565120,
          2505728,
          2523136,
          2540480,
          2553856,
          2497408,
          2505888,
          2553856,
          2529280,
          2505728,
          2529280,
          2512896,
          2503680,
          2488320,
          2511904,
          2495488,
          2515968,
          2511872,
          2524224,
          2563072,
          2532352,
          2502656,
          2505728,
          2511872,
          2509696,
          2489344,
          2552832
        ],
        "chunk_tokens": 32,
        "block_threads": 64,
        "staged_input_bytes": 187033034,
        "applicable": true
      },
      {
        "kernel": "onpair_dw_k1_t64_b4",
        "role": "experimental",
        "stage_bytes": null,
        "chunk_size": 32,
        "decode_ms": 2.490432,
        "decode_gib_s": 373.9602127469846,
        "decode_ns_iters": [
          2535424,
          2537472,
          2533376,
          2533536,
          2547712,
          2534400,
          2493440,
          2541568,
          2551808,
          2531328,
          2503680,
          2563904,
          2539456,
          2531328,
          2511872,
          2544640,
          2525184,
          2522112,
          2548736,
          2508800,
          2490432,
          2528256,
          2512832,
          2532352,
          2521088,
          2494464,
          2508800,
          2531328,
          2549760,
          2550784
        ],
        "chunk_tokens": 32,
        "block_threads": 64,
        "staged_input_bytes": 187033034,
        "applicable": true
      },
      {
        "kernel": "onpair_dw_k1_t64_b6",
        "role": "experimental",
        "stage_bytes": null,
        "chunk_size": 32,
        "decode_ms": 2.493344,
        "decode_gib_s": 373.5234610835482,
        "decode_ns_iters": [
          2536448,
          2515968,
          2507872,
          2547712,
          2547712,
          2493344,
          2501632,
          2547712,
          2531328,
          2499584,
          2538496,
          2496544,
          2540544,
          2548736,
          2542528,
          2541568,
          2505728,
          2541568,
          2521088,
          2538496,
          2540544,
          2535424,
          2557952,
          2550784,
          2569216,
          2519040,
          2537472,
          2546688,
          2562048,
          2499456
        ],
        "chunk_tokens": 32,
        "block_threads": 64,
        "staged_input_bytes": 187033034,
        "applicable": true
      },
      {
        "kernel": "onpair_dw_k1_t64_b8",
        "role": "experimental",
        "stage_bytes": null,
        "chunk_size": 32,
        "decode_ms": 2.477056,
        "decode_gib_s": 375.97958243652886,
        "decode_ns_iters": [
          2532352,
          2533376,
          2534400,
          2515968,
          2537440,
          2509728,
          2495488,
          2541568,
          2522176,
          2488320,
          2567168,
          2532352,
          2561024,
          2477056,
          2526208,
          2506752,
          2489344,
          2503680,
          2493440,
          2514848,
          2542592,
          2529472,
          2523040,
          2519232,
          2527232,
          2546752,
          2521088,
          2498560,
          2516992,
          2485248
        ],
        "chunk_tokens": 32,
        "block_threads": 64,
        "staged_input_bytes": 187033034,
        "applicable": true
      },
      {
        "kernel": "onpair_dw_k1_t128_b1",
        "role": "experimental",
        "stage_bytes": null,
        "chunk_size": 32,
        "decode_ms": 2.490368,
        "decode_gib_s": 373.96982315541254,
        "decode_ns_iters": [
          2546688,
          2536448,
          2569216,
          2513920,
          2539520,
          2553856,
          2549760,
          2516992,
          2545664,
          2505632,
          2540544,
          2534400,
          2523136,
          2540544,
          2548608,
          2552704,
          2504704,
          2527232,
          2556928,
          2546624,
          2535424,
          2546688,
          2536352,
          2501632,
          2498624,
          2532352,
          2490368,
          2512832,
          2506752,
          2503680
        ],
        "chunk_tokens": 32,
        "block_threads": 128,
        "staged_input_bytes": 187033034,
        "applicable": true
      },
      {
        "kernel": "onpair_dw_k1_t128_b2",
        "role": "experimental",
        "stage_bytes": null,
        "chunk_size": 32,
        "decode_ms": 2.477056,
        "decode_gib_s": 375.97958243652886,
        "decode_ns_iters": [
          2497536,
          2482144,
          2479104,
          2525184,
          2501632,
          2493440,
          2493440,
          2492320,
          2499488,
          2477056,
          2479104,
          2520064,
          2497632,
          2497536,
          2506752,
          2533376,
          2498560,
          2492416,
          2498464,
          2520064,
          2537472,
          2520064,
          2482176,
          2519040,
          2499584,
          2514944,
          2544640,
          2542592,
          2519040,
          2484064
        ],
        "chunk_tokens": 32,
        "block_threads": 128,
        "staged_input_bytes": 187033034,
        "applicable": true
      },
      {
        "kernel": "onpair_dw_k1_t128_b4",
        "role": "experimental",
        "stage_bytes": null,
        "chunk_size": 32,
        "decode_ms": 2.479104,
        "decode_gib_s": 375.6689838554165,
        "decode_ns_iters": [
          2509920,
          2504736,
          2479104,
          2513728,
          2530304,
          2518016,
          2516992,
          2525344,
          2536448,
          2523136,
          2513920,
          2537472,
          2514944,
          2531328,
          2530304,
          2519040,
          2516960,
          2529216,
          2521088,
          2527264,
          2526208,
          2519040,
          2524128,
          2543616,
          2521088,
          2499584,
          2491392,
          2530304,
          2515968,
          2518016
        ],
        "chunk_tokens": 32,
        "block_threads": 128,
        "staged_input_bytes": 187033034,
        "applicable": true
      },
      {
        "kernel": "onpair_dw_k1_t128_b6",
        "role": "experimental",
        "stage_bytes": null,
        "chunk_size": 32,
        "decode_ms": 2.477024,
        "decode_gib_s": 375.9844396145933,
        "decode_ns_iters": [
          2545568,
          2477024,
          2516992,
          2496512,
          2507776,
          2524160,
          2531328,
          2545632,
          2535424,
          2526208,
          2537472,
          2479104,
          2483232,
          2530304,
          2555904,
          2525184,
          2511872,
          2530304,
          2495488,
          2532544,
          2540704,
          2518016,
          2528256,
          2509824,
          2509760,
          2503648,
          2527232,
          2483136,
          2546688,
          2503680
        ],
        "chunk_tokens": 32,
        "block_threads": 128,
        "staged_input_bytes": 187033034,
        "applicable": true
      },
      {
        "kernel": "onpair_dw_k1_t128_b8",
        "role": "experimental",
        "stage_bytes": null,
        "chunk_size": 32,
        "decode_ms": 2.479104,
        "decode_gib_s": 375.6689838554165,
        "decode_ns_iters": [
          2479104,
          2542592,
          2522112,
          2498560,
          2525184,
          2518016,
          2543616,
          2484064,
          2537312,
          2535424,
          2529280,
          2513920,
          2503680,
          2523136,
          2529280,
          2520064,
          2538368,
          2486272,
          2508800,
          2525184,
          2524160,
          2501632,
          2521088,
          2518016,
          2516992,
          2507776,
          2497536,
          2511872,
          2501632,
          2516992
        ],
        "chunk_tokens": 32,
        "block_threads": 128,
        "staged_input_bytes": 187033034,
        "applicable": true
      },
      {
        "kernel": "onpair_dw_k1_t256_b1",
        "role": "experimental",
        "stage_bytes": null,
        "chunk_size": 32,
        "decode_ms": 2.473888,
        "decode_gib_s": 376.46105262319816,
        "decode_ns_iters": [
          2505728,
          2491328,
          2497536,
          2537472,
          2490368,
          2499488,
          2502656,
          2483200,
          2488384,
          2482176,
          2504608,
          2491456,
          2529344,
          2496512,
          2508800,
          2514944,
          2473888,
          2511872,
          2484224,
          2512896,
          2480128,
          2502656,
          2501632,
          2506752,
          2498560,
          2498560,
          2506752,
          2504704,
          2515968,
          2484224
        ],
        "chunk_tokens": 32,
        "block_threads": 256,
        "staged_input_bytes": 187033034,
        "applicable": true
      },
      {
        "kernel": "onpair_dw_k1_t256_b2",
        "role": "experimental",
        "stage_bytes": null,
        "chunk_size": 32,
        "decode_ms": 2.460544,
        "decode_gib_s": 378.50267280402153,
        "decode_ns_iters": [
          2493440,
          2461600,
          2496512,
          2503680,
          2510848,
          2498560,
          2493440,
          2519040,
          2475008,
          2476032,
          2502656,
          2492416,
          2495552,
          2504608,
          2478080,
          2496384,
          2494464,
          2509824,
          2473984,
          2491392,
          2512800,
          2515104,
          2498560,
          2520000,
          2503552,
          2460544,
          2501632,
          2516992,
          2505728,
          2513792
        ],
        "chunk_tokens": 32,
        "block_threads": 256,
        "staged_input_bytes": 187033034,
        "applicable": true
      },
      {
        "kernel": "onpair_dw_k1_t256_b4",
        "role": "experimental",
        "stage_bytes": null,
        "chunk_size": 32,
        "decode_ms": 2.468864,
        "decode_gib_s": 377.22712978596576,
        "decode_ns_iters": [
          2515968,
          2484128,
          2515968,
          2486272,
          2513920,
          2502592,
          2485248,
          2498432,
          2481152,
          2491392,
          2504704,
          2518016,
          2470912,
          2488448,
          2468864,
          2519968,
          2502656,
          2490336,
          2514944,
          2482144,
          2491392,
          2503680,
          2504704,
          2504704,
          2522112,
          2491392,
          2475136,
          2513920,
          2500448,
          2477056
        ],
        "chunk_tokens": 32,
        "block_threads": 256,
        "staged_input_bytes": 187033034,
        "applicable": true
      },
      {
        "kernel": "onpair_dw_k1_t256_b6",
        "role": "experimental",
        "stage_bytes": null,
        "chunk_size": 32,
        "decode_ms": 2.485376,
        "decode_gib_s": 374.7209599480716,
        "decode_ns_iters": [
          2531328,
          2511872,
          2548736,
          2548928,
          2538336,
          2501632,
          2500608,
          2490368,
          2485376,
          2532352,
          2507744,
          2510784,
          2485408,
          2514944,
          2516992,
          2512064,
          2492416,
          2515968,
          2492416,
          2498560,
          2496512,
          2495488,
          2511840,
          2527232,
          2503680,
          2542496,
          2503680,
          2546688,
          2542624,
          2504704
        ],
        "chunk_tokens": 32,
        "block_threads": 256,
        "staged_input_bytes": 187033034,
        "applicable": true
      },
      {
        "kernel": "onpair_dw_k1_t256_b8",
        "role": "experimental",
        "stage_bytes": null,
        "chunk_size": 32,
        "decode_ms": 2.487296,
        "decode_gib_s": 374.4317043696843,
        "decode_ns_iters": [
          2492512,
          2515968,
          2500608,
          2544832,
          2521088,
          2498656,
          2528256,
          2511872,
          2547680,
          2500672,
          2500608,
          2496512,
          2537472,
          2505568,
          2505728,
          2497536,
          2497536,
          2501632,
          2492416,
          2523136,
          2535424,
          2500608,
          2524160,
          2487296,
          2532352,
          2495488,
          2506752,
          2496512,
          2493440,
          2524160
        ],
        "chunk_tokens": 32,
        "block_threads": 256,
        "staged_input_bytes": 187033034,
        "applicable": true
      },
      {
        "kernel": "onpair_dw_k2_t64_b1",
        "role": "experimental",
        "stage_bytes": null,
        "chunk_size": 64,
        "decode_ms": 2.152448,
        "decode_gib_s": 432.6805946308104,
        "decode_ns_iters": [
          2224128,
          2208800,
          2214912,
          2222944,
          2223104,
          2202624,
          2217984,
          2189120,
          2200576,
          2225152,
          2195456,
          2200576,
          2230272,
          2192256,
          2216960,
          2152448,
          2183168,
          2198528,
          2209792,
          2199552,
          2166816,
          2230272,
          2217984,
          2243584,
          2232224,
          2167808,
          2210816,
          2236416,
          2194432,
          2176160
        ],
        "chunk_tokens": 64,
        "block_threads": 64,
        "staged_input_bytes": 176693498,
        "applicable": true
      },
      {
        "kernel": "onpair_dw_k2_t64_b2",
        "role": "experimental",
        "stage_bytes": null,
        "chunk_size": 64,
        "decode_ms": 2.149344,
        "decode_gib_s": 433.3054553165517,
        "decode_ns_iters": [
          2215904,
          2214080,
          2213888,
          2179264,
          2199552,
          2193408,
          2219872,
          2157568,
          2190336,
          2243584,
          2191360,
          2149344,
          2251776,
          2170720,
          2219008,
          2196480,
          2232320,
          2171904,
          2153344,
          2247680,
          2200576,
          2202432,
          2191360,
          2213856,
          2232256,
          2192384,
          2213728,
          2215936,
          2198528,
          2225152
        ],
        "chunk_tokens": 64,
        "block_threads": 64,
        "staged_input_bytes": 176693498,
        "applicable": true
      },
      {
        "kernel": "onpair_dw_k2_t64_b4",
        "role": "experimental",
        "stage_bytes": null,
        "chunk_size": 64,
        "decode_ms": 2.16064,
        "decode_gib_s": 431.04009948529074,
        "decode_ns_iters": [
          2209696,
          2233312,
          2209792,
          2211840,
          2234368,
          2200416,
          2234368,
          2195456,
          2224128,
          2188288,
          2204672,
          2225152,
          2204672,
          2228224,
          2233344,
          2216960,
          2235392,
          2251776,
          2244608,
          2224128,
          2160640,
          2161664,
          2223104,
          2191360,
          2234368,
          2249728,
          2189248,
          2256896,
          2253824,
          2254848
        ],
        "chunk_tokens": 64,
        "block_threads": 64,
        "staged_input_bytes": 176693498,
        "applicable": true
      },
      {
        "kernel": "onpair_dw_k2_t64_b6",
        "role": "experimental",
        "stage_bytes": null,
        "chunk_size": 64,
        "decode_ms": 2.158592,
        "decode_gib_s": 431.4490559364153,
        "decode_ns_iters": [
          2203648,
          2256928,
          2273280,
          2252800,
          2248704,
          2216960,
          2253824,
          2158592,
          2218016,
          2197504,
          2227200,
          2212864,
          2260000,
          2247648,
          2230272,
          2234368,
          2241536,
          2267136,
          2217120,
          2220032,
          2209920,
          2185216,
          2165760,
          2165920,
          2187264,
          2197472,
          2189312,
          2224000,
          2232352,
          2216960
        ],
        "chunk_tokens": 64,
        "block_threads": 64,
        "staged_input_bytes": 176693498,
        "applicable": true
      },
      {
        "kernel": "onpair_dw_k2_t64_b8",
        "role": "experimental",
        "stage_bytes": null,
        "chunk_size": 64,
        "decode_ms": 2.144256,
        "decode_gib_s": 434.33362460074665,
        "decode_ns_iters": [
          2202624,
          2172096,
          2178112,
          2186240,
          2144256,
          2170784,
          2180096,
          2178016,
          2198528,
          2226176,
          2159808,
          2194272,
          2221920,
          2208768,
          2228224,
          2226176,
          2185216,
          2177184,
          2216960,
          2171904,
          2232320,
          2236352,
          2205696,
          2194432,
          2155520,
          2227360,
          2194400,
          2232320,
          2166784,
          2159616
        ],
        "chunk_tokens": 64,
        "block_threads": 64,
        "staged_input_bytes": 176693498,
        "applicable": true
      },
      {
        "kernel": "onpair_dw_k2_t128_b1",
        "role": "experimental",
        "stage_bytes": null,
        "chunk_size": 64,
        "decode_ms": 2.134048,
        "decode_gib_s": 436.41121500167685,
        "decode_ns_iters": [
          2214912,
          2209792,
          2248736,
          2225024,
          2275328,
          2173952,
          2156512,
          2212864,
          2182144,
          2173952,
          2201600,
          2187264,
          2163712,
          2163712,
          2172928,
          2174976,
          2134048,
          2167936,
          2145280,
          2140160,
          2153472,
          2169856,
          2196640,
          2143136,
          2232320,
          2181120,
          2161664,
          2173888,
          2219008,
          2153472
        ],
        "chunk_tokens": 64,
        "block_threads": 128,
        "staged_input_bytes": 176693498,
        "applicable": true
      },
      {
        "kernel": "onpair_dw_k2_t128_b2",
        "role": "experimental",
        "stage_bytes": null,
        "chunk_size": 64,
        "decode_ms": 2.138112,
        "decode_gib_s": 435.58170972890963,
        "decode_ns_iters": [
          2151424,
          2222080,
          2180096,
          2157568,
          2200480,
          2147328,
          2155520,
          2186240,
          2160640,
          2211968,
          2185216,
          2191360,
          2182144,
          2153312,
          2144256,
          2182144,
          2203648,
          2211840,
          2240512,
          2210816,
          2166784,
          2215872,
          2244608,
          2189184,
          2177152,
          2138112,
          2185216,
          2153472,
          2229376,
          2200704
        ],
        "chunk_tokens": 64,
        "block_threads": 128,
        "staged_input_bytes": 176693498,
        "applicable": true
      },
      {
        "kernel": "onpair_dw_k2_t128_b4",
        "role": "experimental",
        "stage_bytes": null,
        "chunk_size": 64,
        "decode_ms": 2.127872,
        "decode_gib_s": 437.6778681010411,
        "decode_ns_iters": [
          2174976,
          2147328,
          2164736,
          2164576,
          2155520,
          2174976,
          2209792,
          2159616,
          2183168,
          2127872,
          2161664,
          2178912,
          2147328,
          2159616,
          2215936,
          2196480,
          2163712,
          2169952,
          2220032,
          2194432,
          2130752,
          2196480,
          2132992,
          2149376,
          2127936,
          2136064,
          2150400,
          2152448,
          2158592,
          2176864
        ],
        "chunk_tokens": 64,
        "block_threads": 128,
        "staged_input_bytes": 176693498,
        "applicable": true
      },
      {
        "kernel": "onpair_dw_k2_t128_b6",
        "role": "experimental",
        "stage_bytes": null,
        "chunk_size": 64,
        "decode_ms": 2.136064,
        "decode_gib_s": 435.99933361167945,
        "decode_ns_iters": [
          2190336,
          2169984,
          2151424,
          2153472,
          2181120,
          2162688,
          2208704,
          2166784,
          2197504,
          2172960,
          2190336,
          2148512,
          2220032,
          2201600,
          2192384,
          2214912,
          2152448,
          2184192,
          2190176,
          2149280,
          2186240,
          2200576,
          2197504,
          2148352,
          2212864,
          2206720,
          2136064,
          2173952,
          2193280,
          2160640
        ],
        "chunk_tokens": 64,
        "block_threads": 128,
        "staged_input_bytes": 176693498,
        "applicable": true
      },
      {
        "kernel": "onpair_dw_k2_t128_b8",
        "role": "experimental",
        "stage_bytes": null,
        "chunk_size": 64,
        "decode_ms": 2.144256,
        "decode_gib_s": 434.33362460074665,
        "decode_ns_iters": [
          2170880,
          2236416,
          2178048,
          2213888,
          2152448,
          2212800,
          2157568,
          2176000,
          2174976,
          2167744,
          2144256,
          2204672,
          2157568,
          2221184,
          2151424,
          2174976,
          2213888,
          2205696,
          2206720,
          2171840,
          2184192,
          2200448,
          2208704,
          2151424,
          2162688,
          2168896,
          2181216,
          2170784,
          2182144,
          2165760
        ],
        "chunk_tokens": 64,
        "block_threads": 128,
        "staged_input_bytes": 176693498,
        "applicable": true
      },
      {
        "kernel": "onpair_dw_k2_t256_b1",
        "role": "experimental",
        "stage_bytes": null,
        "chunk_size": 64,
        "decode_ms": 2.108416,
        "decode_gib_s": 441.7166633870633,
        "decode_ns_iters": [
          2187264,
          2158592,
          2181120,
          2169856,
          2170880,
          2148352,
          2159616,
          2162688,
          2159552,
          2163712,
          2151424,
          2137088,
          2125824,
          2164736,
          2147520,
          2149312,
          2167808,
          2154496,
          2139136,
          2168864,
          2141184,
          2154400,
          2126848,
          2195456,
          2122752,
          2122752,
          2199648,
          2128992,
          2122752,
          2108416
        ],
        "chunk_tokens": 64,
        "block_threads": 256,
        "staged_input_bytes": 176693498,
        "applicable": true
      },
      {
        "kernel": "onpair_dw_k2_t256_b2",
        "role": "experimental",
        "stage_bytes": null,
        "chunk_size": 64,
        "decode_ms": 2.110464,
        "decode_gib_s": 441.288020336712,
        "decode_ns_iters": [
          2130944,
          2171904,
          2143232,
          2140160,
          2144256,
          2130944,
          2129728,
          2132992,
          2117632,
          2164896,
          2115584,
          2110464,
          2129920,
          2129920,
          2142208,
          2116608,
          2144096,
          2144256,
          2122656,
          2123936,
          2130048,
          2140160,
          2136096,
          2114560,
          2200576,
          2195424,
          2157536,
          2217984,
          2158592,
          2134848
        ],
        "chunk_tokens": 64,
        "block_threads": 256,
        "staged_input_bytes": 176693498,
        "applicable": true
      },
      {
        "kernel": "onpair_dw_k2_t256_b4",
        "role": "experimental",
        "stage_bytes": null,
        "chunk_size": 64,
        "decode_ms": 2.123776,
        "decode_gib_s": 438.5219912796352,
        "decode_ns_iters": [
          2226176,
          2156416,
          2139104,
          2184192,
          2159616,
          2148352,
          2158592,
          2189312,
          2168832,
          2161600,
          2150400,
          2154496,
          2138112,
          2139104,
          2178048,
          2156544,
          2135040,
          2160640,
          2123776,
          2163712,
          2153440,
          2169856,
          2159616,
          2172928,
          2173952,
          2153472,
          2124800,
          2193408,
          2148352,
          2154496
        ],
        "chunk_tokens": 64,
        "block_threads": 256,
        "staged_input_bytes": 176693498,
        "applicable": true
      },
      {
        "kernel": "onpair_dw_k2_t256_b6",
        "role": "experimental",
        "stage_bytes": null,
        "chunk_size": 64,
        "decode_ms": 2.195456,
        "decode_gib_s": 424.2045755195724,
        "decode_ns_iters": [
          2209792,
          2225152,
          2220160,
          2196320,
          2197504,
          2255872,
          2231296,
          2222112,
          2215936,
          2226368,
          2217984,
          2207744,
          2217984,
          2195456,
          2211776,
          2229216,
          2211840,
          2249728,
          2233344,
          2227200,
          2247680,
          2263136,
          2203648,
          2239488,
          2201504,
          2221216,
          2262016,
          2209792,
          2244608,
          2231296
        ],
        "chunk_tokens": 64,
        "block_threads": 256,
        "staged_input_bytes": 176693498,
        "applicable": true
      },
      {
        "kernel": "onpair_dw_k2_t256_b8",
        "role": "experimental",
        "stage_bytes": null,
        "chunk_size": 64,
        "decode_ms": 2.180096,
        "decode_gib_s": 427.1933348586019,
        "decode_ns_iters": [
          2217056,
          2251936,
          2238464,
          2224128,
          2211712,
          2216960,
          2213888,
          2195456,
          2203584,
          2207744,
          2196480,
          2224128,
          2197504,
          2193280,
          2193408,
          2180096,
          2199392,
          2201600,
          2210816,
          2219008,
          2225152,
          2221056,
          2212832,
          2196480,
          2190208,
          2242560,
          2205696,
          2210816,
          2201600,
          2204832
        ],
        "chunk_tokens": 64,
        "block_threads": 256,
        "staged_input_bytes": 176693498,
        "applicable": true
      },
      {
        "kernel": "onpair_dw_k3_t64_b1",
        "role": "experimental",
        "stage_bytes": null,
        "chunk_size": 96,
        "decode_ms": 2.035712,
        "decode_gib_s": 457.4922585080298,
        "decode_ns_iters": [
          2038784,
          2050048,
          2044896,
          2043904,
          2046976,
          2043904,
          2043840,
          2064384,
          2040832,
          2067456,
          2043072,
          2040832,
          2041856,
          2039808,
          2046912,
          2040832,
          2043904,
          2040832,
          2044928,
          2035712,
          2049184,
          2040832,
          2049024,
          2052096,
          2040832,
          2044928,
          2040832,
          2044928,
          2049024,
          2040832
        ],
        "chunk_tokens": 96,
        "block_threads": 64,
        "staged_input_bytes": 173246986,
        "applicable": true
      },
      {
        "kernel": "onpair_dw_k3_t64_b2",
        "role": "experimental",
        "stage_bytes": null,
        "chunk_size": 96,
        "decode_ms": 2.035712,
        "decode_gib_s": 457.4922585080298,
        "decode_ns_iters": [
          2044928,
          2036736,
          2043840,
          2043776,
          2046976,
          2039808,
          2046016,
          2041856,
          2048000,
          2040832,
          2042976,
          2045952,
          2056192,
          2041856,
          2042880,
          2043904,
          2059264,
          2039808,
          2042048,
          2039808,
          2046976,
          2039808,
          2041856,
          2035712,
          2044928,
          2040832,
          2039808,
          2037760,
          2042880,
          2041760
        ],
        "chunk_tokens": 96,
        "block_threads": 64,
        "staged_input_bytes": 173246986,
        "applicable": true
      },
      {
        "kernel": "onpair_dw_k3_t64_b4",
        "role": "experimental",
        "stage_bytes": null,
        "chunk_size": 96,
        "decode_ms": 2.035712,
        "decode_gib_s": 457.4922585080298,
        "decode_ns_iters": [
          2042912,
          2036736,
          2058240,
          2043904,
          2040832,
          2047872,
          2041856,
          2044928,
          2043904,
          2038784,
          2037760,
          2041696,
          2041856,
          2040832,
          2044928,
          2042880,
          2043904,
          2039840,
          2038624,
          2044064,
          2039808,
          2067456,
          2043040,
          2052096,
          2035712,
          2038656,
          2042880,
          2043968,
          2041696,
          2046016
        ],
        "chunk_tokens": 96,
        "block_threads": 64,
        "staged_input_bytes": 173246986,
        "applicable": true
      },
      {
        "kernel": "onpair_dw_k3_t64_b6",
        "role": "experimental",
        "stage_bytes": null,
        "chunk_size": 96,
        "decode_ms": 2.032608,
        "decode_gib_s": 458.1908959090481,
        "decode_ns_iters": [
          2039808,
          2040832,
          2044928,
          2032608,
          2045952,
          2040832,
          2039808,
          2055168,
          2039808,
          2037760,
          2037760,
          2036608,
          2034656,
          2038784,
          2037760,
          2036640,
          2040832,
          2036736,
          2073600,
          2038784,
          2040832,
          2054144,
          2079744,
          2037760,
          2037760,
          2068544,
          2065344,
          2065408,
          2040704,
          2037760
        ],
        "chunk_tokens": 96,
        "block_threads": 64,
        "staged_input_bytes": 173246986,
        "applicable": true
      },
      {
        "kernel": "onpair_dw_k3_t64_b8",
        "role": "experimental",
        "stage_bytes": null,
        "chunk_size": 96,
        "decode_ms": 2.033664,
        "decode_gib_s": 457.9529757874941,
        "decode_ns_iters": [
          2035776,
          2037760,
          2079744,
          2052096,
          2036576,
          2035712,
          2036736,
          2057216,
          2044928,
          2034688,
          2033664,
          2040832,
          2034688,
          2035712,
          2035712,
          2048928,
          2035616,
          2035552,
          2034592,
          2037760,
          2044928,
          2041856,
          2034688,
          2067456,
          2039808,
          2043904,
          2037568,
          2043904,
          2087808,
          2067456
        ],
        "chunk_tokens": 96,
        "block_threads": 64,
        "staged_input_bytes": 173246986,
        "applicable": true
      },
      {
        "kernel": "onpair_dw_k3_t128_b1",
        "role": "experimental",
        "stage_bytes": null,
        "chunk_size": 96,
        "decode_ms": 2.016256,
        "decode_gib_s": 461.906861307244,
        "decode_ns_iters": [
          2019328,
          2016256,
          2032832,
          2041856,
          2020480,
          2030592,
          2035712,
          2040832,
          2054144,
          2076672,
          2062336,
          2042880,
          2017344,
          2022400,
          2035776,
          2034688,
          2039808,
          2036736,
          2055104,
          2058240,
          2029568,
          2055168,
          2050048,
          2041856,
          2060288,
          2041856,
          2051072,
          2019328,
          2044864,
          2055168
        ],
        "chunk_tokens": 96,
        "block_threads": 128,
        "staged_input_bytes": 173246986,
        "applicable": true
      },
      {
        "kernel": "onpair_dw_k3_t128_b2",
        "role": "experimental",
        "stage_bytes": null,
        "chunk_size": 96,
        "decode_ms": 2.014208,
        "decode_gib_s": 462.3765174956601,
        "decode_ns_iters": [
          2045952,
          2053120,
          2048032,
          2052960,
          2035712,
          2046976,
          2014208,
          2047104,
          2023296,
          2027520,
          2028544,
          2055168,
          2027520,
          2026496,
          2043904,
          2027520,
          2035840,
          2046976,
          2039808,
          2031808,
          2045952,
          2030592,
          2034688,
          2032608,
          2059264,
          2039808,
          2033664,
          2065536,
          2037760,
          2051968
        ],
        "chunk_tokens": 96,
        "block_threads": 128,
        "staged_input_bytes": 173246986,
        "applicable": true
      },
      {
        "kernel": "onpair_dw_k3_t128_b4",
        "role": "experimental",
        "stage_bytes": null,
        "chunk_size": 96,
        "decode_ms": 2.0224,
        "decode_gib_s": 460.5035999564371,
        "decode_ns_iters": [
          2043904,
          2031552,
          2044928,
          2046880,
          2022400,
          2059264,
          2060448,
          2055168,
          2081792,
          2078656,
          2060352,
          2048000,
          2053120,
          2051072,
          2078720,
          2061312,
          2069504,
          2079616,
          2062336,
          2056192,
          2035712,
          2026464,
          2046976,
          2042880,
          2041760,
          2036608,
          2055168,
          2065440,
          2059168,
          2069472
        ],
        "chunk_tokens": 96,
        "block_threads": 128,
        "staged_input_bytes": 173246986,
        "applicable": true
      },
      {
        "kernel": "onpair_dw_k3_t128_b6",
        "role": "experimental",
        "stage_bytes": null,
        "chunk_size": 96,
        "decode_ms": 2.019328,
        "decode_gib_s": 461.20416324237493,
        "decode_ns_iters": [
          2019328,
          2028544,
          2053120,
          2065408,
          2047072,
          2040768,
          2019328,
          2030592,
          2025472,
          2038976,
          2081856,
          2059264,
          2058240,
          2052032,
          2071552,
          2070528,
          2079744,
          2066432,
          2069504,
          2076672,
          2050048,
          2068480,
          2072576,
          2065376,
          2056192,
          2062336,
          2067456,
          2068480,
          2060288,
          2072512
        ],
        "chunk_tokens": 96,
        "block_threads": 128,
        "staged_input_bytes": 173246986,
        "applicable": true
      },
      {
        "kernel": "onpair_dw_k3_t128_b8",
        "role": "experimental",
        "stage_bytes": null,
        "chunk_size": 96,
        "decode_ms": 2.029568,
        "decode_gib_s": 458.87719975477467,
        "decode_ns_iters": [
          2078624,
          2067456,
          2052096,
          2054144,
          2065408,
          2050048,
          2064384,
          2067456,
          2056384,
          2074624,
          2058112,
          2049024,
          2069504,
          2068384,
          2062240,
          2055040,
          2092032,
          2089984,
          2074624,
          2070528,
          2069504,
          2071488,
          2067456,
          2076672,
          2083776,
          2072416,
          2055168,
          2087936,
          2037760,
          2029568
        ],
        "chunk_tokens": 96,
        "block_threads": 128,
        "staged_input_bytes": 173246986,
        "applicable": true
      },
      {
        "kernel": "onpair_dw_k3_t256_b1",
        "role": "experimental",
        "stage_bytes": null,
        "chunk_size": 96,
        "decode_ms": 2.003968,
        "decode_gib_s": 464.73919770769714,
        "decode_ns_iters": [
          2006016,
          2008960,
          2035712,
          2014208,
          2003968,
          2022496,
          2037760,
          2048000,
          2054144,
          2068384,
          2064384,
          2055168,
          2060288,
          2086912,
          2060288,
          2080864,
          2067456,
          2065472,
          2063360,
          2061344,
          2040832,
          2030624,
          2025472,
          2025472,
          2046976,
          2057216,
          2029600,
          2033632,
          2028544,
          2052096
        ],
        "chunk_tokens": 96,
        "block_threads": 256,
        "staged_input_bytes": 173246986,
        "applicable": true
      },
      {
        "kernel": "onpair_dw_k3_t256_b2",
        "role": "experimental",
        "stage_bytes": null,
        "chunk_size": 96,
        "decode_ms": 2.006016,
        "decode_gib_s": 464.26473196220695,
        "decode_ns_iters": [
          2028544,
          2024448,
          2064352,
          2053120,
          2030592,
          2028544,
          2014208,
          2014208,
          2029472,
          2029568,
          2023424,
          2015072,
          2041856,
          2076608,
          2040832,
          2022400,
          2022240,
          2034560,
          2068480,
          2031616,
          2020352,
          2037760,
          2045952,
          2060288,
          2019328,
          2006016,
          2016256,
          2017280,
          2039808,
          2022336
        ],
        "chunk_tokens": 96,
        "block_threads": 256,
        "staged_input_bytes": 173246986,
        "applicable": true
      },
      {
        "kernel": "onpair_dw_k3_t256_b4",
        "role": "experimental",
        "stage_bytes": null,
        "chunk_size": 96,
        "decode_ms": 2.012128,
        "decode_gib_s": 462.85449064467986,
        "decode_ns_iters": [
          2043872,
          2021376,
          2028544,
          2019136,
          2035616,
          2106368,
          2027424,
          2015232,
          2037760,
          2037760,
          2037760,
          2037856,
          2028544,
          2022400,
          2012128,
          2024448,
          2049024,
          2041856,
          2042880,
          2028544,
          2019328,
          2047104,
          2040672,
          2031776,
          2026496,
          2046976,
          2023424,
          2019328,
          2044928,
          2014144
        ],
        "chunk_tokens": 96,
        "block_threads": 256,
        "staged_input_bytes": 173246986,
        "applicable": true
      },
      {
        "kernel": "onpair_dw_k3_t256_b6",
        "role": "experimental",
        "stage_bytes": null,
        "chunk_size": 96,
        "decode_ms": 2.110464,
        "decode_gib_s": 441.288020336712,
        "decode_ns_iters": [
          2112512,
          2111488,
          2114720,
          2114656,
          2114560,
          2112512,
          2113440,
          2111488,
          2131968,
          2116608,
          2112512,
          2117632,
          2118656,
          2116608,
          2110464,
          2117472,
          2113536,
          2114560,
          2114560,
          2139136,
          2122752,
          2115584,
          2135040,
          2127808,
          2118656,
          2111488,
          2134016,
          2116608,
          2112608,
          2115488
        ],
        "chunk_tokens": 96,
        "block_threads": 256,
        "staged_input_bytes": 173246986,
        "applicable": true
      },
      {
        "kernel": "onpair_dw_k3_t256_b8",
        "role": "experimental",
        "stage_bytes": null,
        "chunk_size": 96,
        "decode_ms": 2.107392,
        "decode_gib_s": 441.93129733428736,
        "decode_ns_iters": [
          2119680,
          2113536,
          2113536,
          2113536,
          2121760,
          2114560,
          2117632,
          2130816,
          2112512,
          2115584,
          2113536,
          2111488,
          2113536,
          2115584,
          2112512,
          2112352,
          2115584,
          2111488,
          2111488,
          2111488,
          2108416,
          2113504,
          2137216,
          2109440,
          2115584,
          2120704,
          2117504,
          2112512,
          2118656,
          2107392
        ],
        "chunk_tokens": 96,
        "block_threads": 256,
        "staged_input_bytes": 173246986,
        "applicable": true
      },
      {
        "kernel": "onpair_dw_k4_t64_b1",
        "role": "experimental",
        "stage_bytes": null,
        "chunk_size": 128,
        "decode_ms": 1.973248,
        "decode_gib_s": 471.9743694416001,
        "decode_ns_iters": [
          1982304,
          1978368,
          1978432,
          1976320,
          1978400,
          1975296,
          1978368,
          1976320,
          1994752,
          1981344,
          1977344,
          1978272,
          1977344,
          1977344,
          1980256,
          1977344,
          1976320,
          1977344,
          1975296,
          1975296,
          1977344,
          1978272,
          1981440,
          2006016,
          1974272,
          1979200,
          1977344,
          1978368,
          1973248,
          1974272
        ],
        "chunk_tokens": 128,
        "block_threads": 64,
        "staged_input_bytes": 171523730,
        "applicable": true
      },
      {
        "kernel": "onpair_dw_k4_t64_b2",
        "role": "experimental",
        "stage_bytes": null,
        "chunk_size": 128,
        "decode_ms": 1.974272,
        "decode_gib_s": 471.7295694574499,
        "decode_ns_iters": [
          1977472,
          1978368,
          1977344,
          1982464,
          1976320,
          1976320,
          1976320,
          1976320,
          1977344,
          1974272,
          1995776,
          1977312,
          1977344,
          1979360,
          1976160,
          1975296,
          1981440,
          1975296,
          1980544,
          1979392,
          1977216,
          1977344,
          1978368,
          1976480,
          1977344,
          1997824,
          1978400,
          1976128,
          1978304,
          1978304
        ],
        "chunk_tokens": 128,
        "block_threads": 64,
        "staged_input_bytes": 171523730,
        "applicable": true
      },
      {
        "kernel": "onpair_dw_k4_t64_b4",
        "role": "experimental",
        "stage_bytes": null,
        "chunk_size": 128,
        "decode_ms": 1.974464,
        "decode_gib_s": 471.6836977285473,
        "decode_ns_iters": [
          1977344,
          1977344,
          1974464,
          1982496,
          1977280,
          1980256,
          1976288,
          1978368,
          1977344,
          1977216,
          1978368,
          1975200,
          1977344,
          1977216,
          1980416,
          1986560,
          1975168,
          1980416,
          1975168,
          1979392,
          1976320,
          1979392,
          1975296,
          1976320,
          1977504,
          1976224,
          1976320,
          1998848,
          1977312,
          1975296
        ],
        "chunk_tokens": 128,
        "block_threads": 64,
        "staged_input_bytes": 171523730,
        "applicable": true
      },
      {
        "kernel": "onpair_dw_k4_t64_b6",
        "role": "experimental",
        "stage_bytes": null,
        "chunk_size": 128,
        "decode_ms": 1.97312,
        "decode_gib_s": 472.0049873053329,
        "decode_ns_iters": [
          1982432,
          1977344,
          1977344,
          1974272,
          1975296,
          1976320,
          1973120,
          2009952,
          1984512,
          1977344,
          1978368,
          1977344,
          1979392,
          1977344,
          1975296,
          1979392,
          1978368,
          1976320,
          1977344,
          1978368,
          1977280,
          1978368,
          1980416,
          1980416,
          1976320,
          1975296,
          1978368,
          1977344,
          1976320,
          1978368
        ],
        "chunk_tokens": 128,
        "block_threads": 64,
        "staged_input_bytes": 171523730,
        "applicable": true
      },
      {
        "kernel": "onpair_dw_k4_t64_b8",
        "role": "experimental",
        "stage_bytes": null,
        "chunk_size": 128,
        "decode_ms": 1.973248,
        "decode_gib_s": 471.9743694416001,
        "decode_ns_iters": [
          1977344,
          1979392,
          1979264,
          1977344,
          1975296,
          1977344,
          1975296,
          1978368,
          1978368,
          2007040,
          1974272,
          1980416,
          1973248,
          1973248,
          1983488,
          1978496,
          1975296,
          1979392,
          1975296,
          1974272,
          1978368,
          1978368,
          1977344,
          1975296,
          1999904,
          1977344,
          1977344,
          1974272,
          1979392,
          1977344
        ],
        "chunk_tokens": 128,
        "block_threads": 64,
        "staged_input_bytes": 171523730,
        "applicable": true
      },
      {
        "kernel": "onpair_dw_k4_t128_b1",
        "role": "experimental",
        "stage_bytes": null,
        "chunk_size": 128,
        "decode_ms": 1.972224,
        "decode_gib_s": 472.21942363134133,
        "decode_ns_iters": [
          1973152,
          1977344,
          1974272,
          1972224,
          1976320,
          1974144,
          1976320,
          1977344,
          1977312,
          1975296,
          1976320,
          2004992,
          1973312,
          1974272,
          1977216,
          1976320,
          1978176,
          1976320,
          1975264,
          1977344,
          1975296,
          1975296,
          1976160,
          1975296,
          1974368,
          1976320,
          2000992,
          1975200,
          1976320,
          1974272
        ],
        "chunk_tokens": 128,
        "block_threads": 128,
        "staged_input_bytes": 171523730,
        "applicable": true
      },
      {
        "kernel": "onpair_dw_k4_t128_b2",
        "role": "experimental",
        "stage_bytes": null,
        "chunk_size": 128,
        "decode_ms": 1.972224,
        "decode_gib_s": 472.21942363134133,
        "decode_ns_iters": [
          1979392,
          1976160,
          1975296,
          1978368,
          1973408,
          1976256,
          1999872,
          1973248,
          1973280,
          1975296,
          1972224,
          1976320,
          1975296,
          1976320,
          1978368,
          1974272,
          1975456,
          1974272,
          1976320,
          1975296,
          1975296,
          1997824,
          1975296,
          1974272,
          1975296,
          1977344,
          1974272,
          1976288,
          1974272,
          1978368
        ],
        "chunk_tokens": 128,
        "block_threads": 128,
        "staged_input_bytes": 171523730,
        "applicable": true
      },
      {
        "kernel": "onpair_dw_k4_t128_b4",
        "role": "experimental",
        "stage_bytes": null,
        "chunk_size": 128,
        "decode_ms": 1.973248,
        "decode_gib_s": 471.9743694416001,
        "decode_ns_iters": [
          1975296,
          1991680,
          1975232,
          1975296,
          1976320,
          1975296,
          1976320,
          1975296,
          1973248,
          1976320,
          1975296,
          1977344,
          1977344,
          1975200,
          1976320,
          1973248,
          1993728,
          1973248,
          1973248,
          1974272,
          1977248,
          1980416,
          1980416,
          1974272,
          1979392,
          1977280,
          1976256,
          1977344,
          1977344,
          1976320
        ],
        "chunk_tokens": 128,
        "block_threads": 128,
        "staged_input_bytes": 171523730,
        "applicable": true
      },
      {
        "kernel": "onpair_dw_k4_t128_b6",
        "role": "experimental",
        "stage_bytes": null,
        "chunk_size": 128,
        "decode_ms": 1.972224,
        "decode_gib_s": 472.21942363134133,
        "decode_ns_iters": [
          1978368,
          1974272,
          1972224,
          1978368,
          1973248,
          1978368,
          1974272,
          1975296,
          1976320,
          1979360,
          1973248,
          2004896,
          1977344,
          1977344,
          1978368,
          1975296,
          1978368,
          1976192,
          1977344,
          1979392,
          1982464,
          1978368,
          1977344,
          1976320,
          1974272,
          1977408,
          2002944,
          1977344,
          1972224,
          1975296
        ],
        "chunk_tokens": 128,
        "block_threads": 128,
        "staged_input_bytes": 171523730,
        "applicable": true
      },
      {
        "kernel": "onpair_dw_k4_t128_b8",
        "role": "experimental",
        "stage_bytes": null,
        "chunk_size": 128,
        "decode_ms": 1.970176,
        "decode_gib_s": 472.71029621307866,
        "decode_ns_iters": [
          1972224,
          1973280,
          1973248,
          1973248,
          1973248,
          1971200,
          1973248,
          1972288,
          1984512,
          1975296,
          1972224,
          1973248,
          1976224,
          1972224,
          1999872,
          1975296,
          1975232,
          1974272,
          1972224,
          1971200,
          1976320,
          1972224,
          1975392,
          1986560,
          1973248,
          1975200,
          1970176,
          1974272,
          1972352,
          1990656
        ],
        "chunk_tokens": 128,
        "block_threads": 128,
        "staged_input_bytes": 171523730,
        "applicable": true
      },
      {
        "kernel": "onpair_dw_k4_t256_b1",
        "role": "experimental",
        "stage_bytes": null,
        "chunk_size": 128,
        "decode_ms": 1.973248,
        "decode_gib_s": 471.9743694416001,
        "decode_ns_iters": [
          1976320,
          1975296,
          1996800,
          1978368,
          1978368,
          1976416,
          1978176,
          1973248,
          1975296,
          1976320,
          1976320,
          1979392,
          1975296,
          1975296,
          1979392,
          1976320,
          1974272,
          2002944,
          1978336,
          1978368,
          1975296,
          1974272,
          1974272,
          1974272,
          1977344,
          1979360,
          1976320,
          1977440,
          1979392,
          1977344
        ],
        "chunk_tokens": 128,
        "block_threads": 256,
        "staged_input_bytes": 171523730,
        "applicable": true
      },
      {
        "kernel": "onpair_dw_k4_t256_b2",
        "role": "experimental",
        "stage_bytes": null,
        "chunk_size": 128,
        "decode_ms": 1.973248,
        "decode_gib_s": 471.9743694416001,
        "decode_ns_iters": [
          1977344,
          1976128,
          1974272,
          1979392,
          1998912,
          1980288,
          1975296,
          1973248,
          1975296,
          1976320,
          1976384,
          1975296,
          1979392,
          1986464,
          1977344,
          1975296,
          1976384,
          1981440,
          1980480,
          2005024,
          1978368,
          1975296,
          1975296,
          1974336,
          1973248,
          1976320,
          1977344,
          1977344,
          1985568,
          1978208
        ],
        "chunk_tokens": 128,
        "block_threads": 256,
        "staged_input_bytes": 171523730,
        "applicable": true
      },
      {
        "kernel": "onpair_dw_k4_t256_b4",
        "role": "experimental",
        "stage_bytes": null,
        "chunk_size": 128,
        "decode_ms": 1.970176,
        "decode_gib_s": 472.71029621307866,
        "decode_ns_iters": [
          1985536,
          1976320,
          1974272,
          1973248,
          1976128,
          1978368,
          1976320,
          1975296,
          1975296,
          1975296,
          1973248,
          1978368,
          1976320,
          1977344,
          2002944,
          1973248,
          1975296,
          1974240,
          1975168,
          1975296,
          1974368,
          1977312,
          1978368,
          1970176,
          1975296,
          1973248,
          1972224,
          1974272,
          1975296,
          1997824
        ],
        "chunk_tokens": 128,
        "block_threads": 256,
        "staged_input_bytes": 171523730,
        "applicable": true
      },
      {
        "kernel": "onpair_dw_k4_t256_b6",
        "role": "experimental",
        "stage_bytes": null,
        "chunk_size": 128,
        "decode_ms": 2.011136,
        "decode_gib_s": 463.0827952718754,
        "decode_ns_iters": [
          2014208,
          2017280,
          2016256,
          2014208,
          2014368,
          2016256,
          2024448,
          2015328,
          2017280,
          2016256,
          2015232,
          2013184,
          2028544,
          2019168,
          2017280,
          2011136,
          2016384,
          2019328,
          2039808,
          2016256,
          2012160,
          2020192,
          2017280,
          2017280,
          2014176,
          2016256,
          2016256,
          2016256,
          2016256,
          2013184
        ],
        "chunk_tokens": 128,
        "block_threads": 256,
        "staged_input_bytes": 171523730,
        "applicable": true
      },
      {
        "kernel": "onpair_dw_k4_t256_b8",
        "role": "experimental",
        "stage_bytes": null,
        "chunk_size": 128,
        "decode_ms": 2.01216,
        "decode_gib_s": 462.84712972720774,
        "decode_ns_iters": [
          2015232,
          2016256,
          2024448,
          2018304,
          2017280,
          2013184,
          2015232,
          2013184,
          2018304,
          2013184,
          2014208,
          2012160,
          2018240,
          2038784,
          2012160,
          2017280,
          2017408,
          2017440,
          2015232,
          2036640,
          2018272,
          2016256,
          2015264,
          2013152,
          2017280,
          2040832,
          2028544,
          2017408,
          2015392,
          2017280
        ],
        "chunk_tokens": 128,
        "block_threads": 256,
        "staged_input_bytes": 171523730,
        "applicable": true
      },
      {
        "kernel": "onpair_dw_k5_t64_b1",
        "role": "experimental",
        "stage_bytes": null,
        "chunk_size": 160,
        "decode_ms": 1.941504,
        "decode_gib_s": 479.69124995462204,
        "decode_ns_iters": [
          1944704,
          1945600,
          1945568,
          1942496,
          1945408,
          1943552,
          1975200,
          1946624,
          1942720,
          1946624,
          1943392,
          1944576,
          1944576,
          1944640,
          1941504,
          1943520,
          1943552,
          1973248,
          1942528,
          1945792,
          1943552,
          1942528,
          1946720,
          1947648,
          1941504,
          1945600,
          1944576,
          1942528,
          1948672,
          1941504
        ],
        "chunk_tokens": 160,
        "block_threads": 64,
        "staged_input_bytes": 170489770,
        "applicable": true
      },
      {
        "kernel": "onpair_dw_k5_t64_b2",
        "role": "experimental",
        "stage_bytes": null,
        "chunk_size": 160,
        "decode_ms": 1.94048,
        "decode_gib_s": 479.9443851788725,
        "decode_ns_iters": [
          1943552,
          1945472,
          1945600,
          1943552,
          1948672,
          1944576,
          1947648,
          1943552,
          1945600,
          1942528,
          1944480,
          1944576,
          1953792,
          1949696,
          1947648,
          1947648,
          1943552,
          1946624,
          1947616,
          1942688,
          1943456,
          1944576,
          1940480,
          1972288,
          1944576,
          1942528,
          1948672,
          1943552,
          1943552,
          1945600
        ],
        "chunk_tokens": 160,
        "block_threads": 64,
        "staged_input_bytes": 170489770,
        "applicable": true
      },
      {
        "kernel": "onpair_dw_k5_t64_b4",
        "role": "experimental",
        "stage_bytes": null,
        "chunk_size": 160,
        "decode_ms": 1.942528,
        "decode_gib_s": 479.43838160989105,
        "decode_ns_iters": [
          1947520,
          1946496,
          1945600,
          1942528,
          1947584,
          1945536,
          1942624,
          1960928,
          1948608,
          1949696,
          1944576,
          1944800,
          1944704,
          1945600,
          1944576,
          1945600,
          1946624,
          1944576,
          1967104,
          1944576,
          1947488,
          1943552,
          1946624,
          1944576,
          1946624,
          1944576,
          1947648,
          1944576,
          1944576,
          1947840
        ],
        "chunk_tokens": 160,
        "block_threads": 64,
        "staged_input_bytes": 170489770,
        "applicable": true
      },
      {
        "kernel": "onpair_dw_k5_t64_b6",
        "role": "experimental",
        "stage_bytes": null,
        "chunk_size": 160,
        "decode_ms": 1.94048,
        "decode_gib_s": 479.9443851788725,
        "decode_ns_iters": [
          1945600,
          1940480,
          1943552,
          1946624,
          1945600,
          1946624,
          1948576,
          1945600,
          1944416,
          1944576,
          1943552,
          1943552,
          1946624,
          1964032,
          1945600,
          1945600,
          1946464,
          1943552,
          1944576,
          1945600,
          1945568,
          1944576,
          1945536,
          1943552,
          1963008,
          1944736,
          1944576,
          1941504,
          1944576,
          1943552
        ],
        "chunk_tokens": 160,
        "block_threads": 64,
        "staged_input_bytes": 170489770,
        "applicable": true
      },
      {
        "kernel": "onpair_dw_k5_t64_b8",
        "role": "experimental",
        "stage_bytes": null,
        "chunk_size": 160,
        "decode_ms": 1.942528,
        "decode_gib_s": 479.43838160989105,
        "decode_ns_iters": [
          1942528,
          1943552,
          1948672,
          1942528,
          1944576,
          1942592,
          1945472,
          1944576,
          1942624,
          1969152,
          1945536,
          1942528,
          1942528,
          1943552,
          1942688,
          1947648,
          1944576,
          1948672,
          1946496,
          1944416,
          1947648,
          1945600,
          1944576,
          1949696,
          1942528,
          1943392,
          1951744,
          1946752,
          1945600,
          1945600
        ],
        "chunk_tokens": 160,
        "block_threads": 64,
        "staged_input_bytes": 170489770,
        "applicable": true
      },
      {
        "kernel": "onpair_dw_k5_t128_b1",
        "role": "experimental",
        "stage_bytes": null,
        "chunk_size": 160,
        "decode_ms": 1.942528,
        "decode_gib_s": 479.43838160989105,
        "decode_ns_iters": [
          1949696,
          1951584,
          1945600,
          1945632,
          1946816,
          1944448,
          1945600,
          1942528,
          1944576,
          1945600,
          1945792,
          1942528,
          1947552,
          1945472,
          1947616,
          1947648,
          1952768,
          1946624,
          1946624,
          1947648,
          1948672,
          1947648,
          1944576,
          1944576,
          1948672,
          1972032,
          1946720,
          1945792,
          1946656,
          1945600
        ],
        "chunk_tokens": 160,
        "block_threads": 128,
        "staged_input_bytes": 170489770,
        "applicable": true
      },
      {
        "kernel": "onpair_dw_k5_t128_b2",
        "role": "experimental",
        "stage_bytes": null,
        "chunk_size": 160,
        "decode_ms": 1.942528,
        "decode_gib_s": 479.43838160989105,
        "decode_ns_iters": [
          1944576,
          1954624,
          1944576,
          1942624,
          1948672,
          1945600,
          1945600,
          1945600,
          1944736,
          1959936,
          1946624,
          1943552,
          1945600,
          1944576,
          1947520,
          1948480,
          1948672,
          1950720,
          1944576,
          1945600,
          1946624,
          1948672,
          1947648,
          1946624,
          1949696,
          1942528,
          1946624,
          1944704,
          1944672,
          1947648
        ],
        "chunk_tokens": 160,
        "block_threads": 128,
        "staged_input_bytes": 170489770,
        "applicable": true
      },
      {
        "kernel": "onpair_dw_k5_t128_b4",
        "role": "experimental",
        "stage_bytes": null,
        "chunk_size": 160,
        "decode_ms": 1.944576,
        "decode_gib_s": 478.9334438725452,
        "decode_ns_iters": [
          1951744,
          1948672,
          1946464,
          1948672,
          1975200,
          1946624,
          1948672,
          1947648,
          1947648,
          1946688,
          1946528,
          1945792,
          1946624,
          1948640,
          1965216,
          1946624,
          1945600,
          1945600,
          1944576,
          1946624,
          1946624,
          1950720,
          1948672,
          1948480,
          1946624,
          1969152,
          1944576,
          1944576,
          1945600,
          1944576
        ],
        "chunk_tokens": 160,
        "block_threads": 128,
        "staged_input_bytes": 170489770,
        "applicable": true
      },
      {
        "kernel": "onpair_dw_k5_t128_b6",
        "role": "experimental",
        "stage_bytes": null,
        "chunk_size": 160,
        "decode_ms": 1.943552,
        "decode_gib_s": 479.1857797228469,
        "decode_ns_iters": [
          1948672,
          1946624,
          1946720,
          1945600,
          1944576,
          1946624,
          1948864,
          1943552,
          1944576,
          1947648,
          1949696,
          1953888,
          1946624,
          1946624,
          1945568,
          1945600,
          1947584,
          1945472,
          1946624,
          1945600,
          1971200,
          1948672,
          1949696,
          1946624,
          1945600,
          1945600,
          1945600,
          1948672,
          1948576,
          1943552
        ],
        "chunk_tokens": 160,
        "block_threads": 128,
        "staged_input_bytes": 170489770,
        "applicable": true
      },
      {
        "kernel": "onpair_dw_k5_t128_b8",
        "role": "experimental",
        "stage_bytes": null,
        "chunk_size": 160,
        "decode_ms": 1.944576,
        "decode_gib_s": 478.9334438725452,
        "decode_ns_iters": [
          1945600,
          1949664,
          1944576,
          1946624,
          1961984,
          1946624,
          1947648,
          1944576,
          1945504,
          1948672,
          1946624,
          1945600,
          1946624,
          1948832,
          1966080,
          1949664,
          1946624,
          1946624,
          1948672,
          1948672,
          1948672,
          1945600,
          1947648,
          1947648,
          1964032,
          1945600,
          1945600,
          1947648,
          1946560,
          1948768
        ],
        "chunk_tokens": 160,
        "block_threads": 128,
        "staged_input_bytes": 170489770,
        "applicable": true
      },
      {
        "kernel": "onpair_dw_k5_t256_b1",
        "role": "experimental",
        "stage_bytes": null,
        "chunk_size": 160,
        "decode_ms": 1.949696,
        "decode_gib_s": 477.67574050103116,
        "decode_ns_iters": [
          1958912,
          1952768,
          1951744,
          1953792,
          1950784,
          1952768,
          1953792,
          1951648,
          1955840,
          1954816,
          1949696,
          1950720,
          1950720,
          1953792,
          1953632,
          1953792,
          1950720,
          1955840,
          1955840,
          1960800,
          1959840,
          1956864,
          1952768,
          1952864,
          1955840,
          1955840,
          1952768,
          1954848,
          1951712,
          1951744
        ],
        "chunk_tokens": 160,
        "block_threads": 256,
        "staged_input_bytes": 170489770,
        "applicable": true
      },
      {
        "kernel": "onpair_dw_k5_t256_b2",
        "role": "experimental",
        "stage_bytes": null,
        "chunk_size": 160,
        "decode_ms": 1.948672,
        "decode_gib_s": 477.9267524508478,
        "decode_ns_iters": [
          1954816,
          1950720,
          1959936,
          1951744,
          1951744,
          1955680,
          1953792,
          1953888,
          1953792,
          1956864,
          1981440,
          1952768,
          1952768,
          1953952,
          1950816,
          1951744,
          1952768,
          1953792,
          1948672,
          1953920,
          1955840,
          1956864,
          1950784,
          1950720,
          1949696,
          1953792,
          1952768,
          1951744,
          1952832,
          1968128
        ],
        "chunk_tokens": 160,
        "block_threads": 256,
        "staged_input_bytes": 170489770,
        "applicable": true
      },
      {
        "kernel": "onpair_dw_k5_t256_b4",
        "role": "experimental",
        "stage_bytes": null,
        "chunk_size": 160,
        "decode_ms": 1.949696,
        "decode_gib_s": 477.67574050103116,
        "decode_ns_iters": [
          1957888,
          1949696,
          1952768,
          1950720,
          1952768,
          1954816,
          1951744,
          1952768,
          1953728,
          1954816,
          1951744,
          1952768,
          1953792,
          1952768,
          1954816,
          1953792,
          1956032,
          1954816,
          1952608,
          1953792,
          1954816,
          1951744,
          1983488,
          1951744,
          1953792,
          1950720,
          1951744,
          1955840,
          1954816,
          1951744
        ],
        "chunk_tokens": 160,
        "block_threads": 256,
        "staged_input_bytes": 170489770,
        "applicable": true
      },
      {
        "kernel": "onpair_dw_k5_t256_b6",
        "role": "experimental",
        "stage_bytes": null,
        "chunk_size": 160,
        "decode_ms": 1.96608,
        "decode_gib_s": 473.6951093301892,
        "decode_ns_iters": [
          1970368,
          1968128,
          1971200,
          1968128,
          1987584,
          1970176,
          1969152,
          1969120,
          1969152,
          1969152,
          1972192,
          1966080,
          1966176,
          1973248,
          1973248,
          1971200,
          1969152,
          1971200,
          1970176,
          1973248,
          1968128,
          1969152,
          1974272,
          1967104,
          1969152,
          1967104,
          1967104,
          1973248,
          1970080,
          1995776
        ],
        "chunk_tokens": 160,
        "block_threads": 256,
        "staged_input_bytes": 170489770,
        "applicable": true
      },
      {
        "kernel": "onpair_dw_k5_t256_b8",
        "role": "experimental",
        "stage_bytes": null,
        "chunk_size": 160,
        "decode_ms": 1.95072,
        "decode_gib_s": 477.4249920808207,
        "decode_ns_iters": [
          1952768,
          1953792,
          1952768,
          1956864,
          1955648,
          1951744,
          1954816,
          1952768,
          1950720,
          1952768,
          1951744,
          1950720,
          1955840,
          1955840,
          1950720,
          1963008,
          1954816,
          1955840,
          1952640,
          1953792,
          1951776,
          1953792,
          1968128,
          1954816,
          1951744,
          1951712,
          1953792,
          1951744,
          1950912,
          1951744
        ],
        "chunk_tokens": 160,
        "block_threads": 256,
        "staged_input_bytes": 170489770,
        "applicable": true
      },
      {
        "kernel": "onpair_dw_k6_t64_b1",
        "role": "experimental",
        "stage_bytes": null,
        "chunk_size": 192,
        "decode_ms": 1.953664,
        "decode_gib_s": 476.7055545640901,
        "decode_ns_iters": [
          1958912,
          1957888,
          1955840,
          1959072,
          1960864,
          1960960,
          1959840,
          1954816,
          1957888,
          1962176,
          1960960,
          1955840,
          1959936,
          1953728,
          1956864,
          1965056,
          1957056,
          1960064,
          1958912,
          1956864,
          1963008,
          1953664,
          1955840,
          1960896,
          1984512,
          1960960,
          1959936,
          1958912,
          1956864,
          1955840
        ],
        "chunk_tokens": 192,
        "block_threads": 64,
        "staged_input_bytes": 169800474,
        "applicable": true
      },
      {
        "kernel": "onpair_dw_k6_t64_b2",
        "role": "experimental",
        "stage_bytes": null,
        "chunk_size": 192,
        "decode_ms": 1.954816,
        "decode_gib_s": 476.42462541328615,
        "decode_ns_iters": [
          1959936,
          1956704,
          1960928,
          1960960,
          1958912,
          1957888,
          1958912,
          1957760,
          1970208,
          1956864,
          1958912,
          1964032,
          1955808,
          1960960,
          1957888,
          1960960,
          1981440,
          1954816,
          1959936,
          1956864,
          1959936,
          1954816,
          1958880,
          1956864,
          1963008,
          1977344,
          1963008,
          1968128,
          1957888,
          1963008
        ],
        "chunk_tokens": 192,
        "block_threads": 64,
        "staged_input_bytes": 169800474,
        "applicable": true
      },
      {
        "kernel": "onpair_dw_k6_t64_b4",
        "role": "experimental",
        "stage_bytes": null,
        "chunk_size": 192,
        "decode_ms": 1.954816,
        "decode_gib_s": 476.42462541328615,
        "decode_ns_iters": [
          1961984,
          1957888,
          1957888,
          1954816,
          1963008,
          1958912,
          1960960,
          1955840,
          1960960,
          1960960,
          1959936,
          1957888,
          1958912,
          1955840,
          1957888,
          1955840,
          1957888,
          1977344,
          1957888,
          1959936,
          1985440,
          1959936,
          1957888,
          1957888,
          1959936,
          1956864,
          1961984,
          1966080,
          1960000,
          1956832
        ],
        "chunk_tokens": 192,
        "block_threads": 64,
        "staged_input_bytes": 169800474,
        "applicable": true
      },
      {
        "kernel": "onpair_dw_k6_t64_b6",
        "role": "experimental",
        "stage_bytes": null,
        "chunk_size": 192,
        "decode_ms": 1.95584,
        "decode_gib_s": 476.17518843663004,
        "decode_ns_iters": [
          1955840,
          1959936,
          1958912,
          1961984,
          1959936,
          1961984,
          1959936,
          1956864,
          1983488,
          1957888,
          1958784,
          1959936,
          1956864,
          1960960,
          1957888,
          1959936,
          1955840,
          1972224,
          1958848,
          1957888,
          1961984,
          1959936,
          1959936,
          1956864,
          1960960,
          1960960,
          1956864,
          1962912,
          1958048,
          1961984
        ],
        "chunk_tokens": 192,
        "block_threads": 64,
        "staged_input_bytes": 169800474,
        "applicable": true
      },
      {
        "kernel": "onpair_dw_k6_t64_b8",
        "role": "experimental",
        "stage_bytes": null,
        "chunk_size": 192,
        "decode_ms": 1.954816,
        "decode_gib_s": 476.42462541328615,
        "decode_ns_iters": [
          1968128,
          1960960,
          1958848,
          1963008,
          1961984,
          1958912,
          1959936,
          1961920,
          1977344,
          1965056,
          1973248,
          1956704,
          1959040,
          1958016,
          1963008,
          1958912,
          1956864,
          1980416,
          1955840,
          1958816,
          1960128,
          1957888,
          1958912,
          1954816,
          1960960,
          1960960,
          1960960,
          1957888,
          1960960,
          1960832
        ],
        "chunk_tokens": 192,
        "block_threads": 64,
        "staged_input_bytes": 169800474,
        "applicable": true
      },
      {
        "kernel": "onpair_dw_k6_t128_b1",
        "role": "experimental",
        "stage_bytes": null,
        "chunk_size": 192,
        "decode_ms": 1.954816,
        "decode_gib_s": 476.42462541328615,
        "decode_ns_iters": [
          1958912,
          1957888,
          1960960,
          1957888,
          1960960,
          1955904,
          1962944,
          1959776,
          1958912,
          1986560,
          1959936,
          1960960,
          1958912,
          1961984,
          1961984,
          1960960,
          1958848,
          1955840,
          1977344,
          1959968,
          1963968,
          1956960,
          1957056,
          1957888,
          1954816,
          1965984,
          1954816,
          1956672,
          1963008,
          1965056
        ],
        "chunk_tokens": 192,
        "block_threads": 128,
        "staged_input_bytes": 169800474,
        "applicable": true
      },
      {
        "kernel": "onpair_dw_k6_t128_b2",
        "role": "experimental",
        "stage_bytes": null,
        "chunk_size": 192,
        "decode_ms": 1.95584,
        "decode_gib_s": 476.17518843663004,
        "decode_ns_iters": [
          1958016,
          1960064,
          1957888,
          1964000,
          1958912,
          1955840,
          1961984,
          1959936,
          1959936,
          1966080,
          1964032,
          1957888,
          1965056,
          1960960,
          1958912,
          1957888,
          1960960,
          1957888,
          1955840,
          1973248,
          1957888,
          1961152,
          1965056,
          1956736,
          1958784,
          1960960,
          1963008,
          1964032,
          1974272,
          1956864
        ],
        "chunk_tokens": 192,
        "block_threads": 128,
        "staged_input_bytes": 169800474,
        "applicable": true
      },
      {
        "kernel": "onpair_dw_k6_t128_b4",
        "role": "experimental",
        "stage_bytes": null,
        "chunk_size": 192,
        "decode_ms": 1.95472,
        "decode_gib_s": 476.4480235286376,
        "decode_ns_iters": [
          1957728,
          1973248,
          1958944,
          1964032,
          1960960,
          1955840,
          1959936,
          1958912,
          1959936,
          1963008,
          1960960,
          1958912,
          1965056,
          1960960,
          1958912,
          1960960,
          1958912,
          1958912,
          1958912,
          1960960,
          1963104,
          1960960,
          1956768,
          1957856,
          1963008,
          1959936,
          1958912,
          1954720,
          1958912,
          1986560
        ],
        "chunk_tokens": 192,
        "block_threads": 128,
        "staged_input_bytes": 169800474,
        "applicable": true
      },
      {
        "kernel": "onpair_dw_k6_t128_b6",
        "role": "experimental",
        "stage_bytes": null,
        "chunk_size": 192,
        "decode_ms": 1.95584,
        "decode_gib_s": 476.17518843663004,
        "decode_ns_iters": [
          1970176,
          1957888,
          1962080,
          1964032,
          1959104,
          1959936,
          1958912,
          1960960,
          1957888,
          1959936,
          1965920,
          1984512,
          1964032,
          1959936,
          1960960,
          1962816,
          1959936,
          1960960,
          1960960,
          1963008,
          1989632,
          1958912,
          1961984,
          1958912,
          1958912,
          1960960,
          1955840,
          1961984,
          1960960,
          1979392
        ],
        "chunk_tokens": 192,
        "block_threads": 128,
        "staged_input_bytes": 169800474,
        "applicable": true
      },
      {
        "kernel": "onpair_dw_k6_t128_b8",
        "role": "experimental",
        "stage_bytes": null,
        "chunk_size": 192,
        "decode_ms": 1.95584,
        "decode_gib_s": 476.17518843663004,
        "decode_ns_iters": [
          1958048,
          1960064,
          1975296,
          1963008,
          1958912,
          1956864,
          1956864,
          1964032,
          1960768,
          1958016,
          1960960,
          1963008,
          1964032,
          1964032,
          1961984,
          1960992,
          1955840,
          1959936,
          1959936,
          1961984,
          1964032,
          1959840,
          1957888,
          1960960,
          1961984,
          1958080,
          1964032,
          1957888,
          1960800,
          1961152
        ],
        "chunk_tokens": 192,
        "block_threads": 128,
        "staged_input_bytes": 169800474,
        "applicable": true
      },
      {
        "kernel": "onpair_dw_k6_t256_b1",
        "role": "experimental",
        "stage_bytes": null,
        "chunk_size": 192,
        "decode_ms": 1.915904,
        "decode_gib_s": 486.1008070090665,
        "decode_ns_iters": [
          1923136,
          1918976,
          1918976,
          1920064,
          1919168,
          1937344,
          1927168,
          1918976,
          1917952,
          1920960,
          1915904,
          1918976,
          1918976,
          1920000,
          1918880,
          1922048,
          1916992,
          1920992,
          1926144,
          1929152,
          1942528,
          1920000,
          1929216,
          1917952,
          1921952,
          1921216,
          1923072,
          1921024,
          1921024,
          1923072
        ],
        "chunk_tokens": 192,
        "block_threads": 256,
        "staged_input_bytes": 169800474,
        "applicable": true
      },
      {
        "kernel": "onpair_dw_k6_t256_b2",
        "role": "experimental",
        "stage_bytes": null,
        "chunk_size": 192,
        "decode_ms": 1.918944,
        "decode_gib_s": 485.33072385223255,
        "decode_ns_iters": [
          1923072,
          1924096,
          1922048,
          1922048,
          1921024,
          1924096,
          1918944,
          1921024,
          1924096,
          1921216,
          1943552,
          1928192,
          1921024,
          1926144,
          1923072,
          1922944,
          1925120,
          1924000,
          1922048,
          1924096,
          1920000,
          1918976,
          1923072,
          1922048,
          1947648,
          1918976,
          1918944,
          1920992,
          1923072,
          1921216
        ],
        "chunk_tokens": 192,
        "block_threads": 256,
        "staged_input_bytes": 169800474,
        "applicable": true
      },
      {
        "kernel": "onpair_dw_k6_t256_b4",
        "role": "experimental",
        "stage_bytes": null,
        "chunk_size": 192,
        "decode_ms": 1.91488,
        "decode_gib_s": 486.3607539646863,
        "decode_ns_iters": [
          1950720,
          1920000,
          1928096,
          1916928,
          1921024,
          1926144,
          1914880,
          1921024,
          1921024,
          1920000,
          1918976,
          1921024,
          1917952,
          1922048,
          1942528,
          1923072,
          1917952,
          1923072,
          1920000,
          1920992,
          1916928,
          1918976,
          1921024,
          1937408,
          1920000,
          1924096,
          1921024,
          1921024,
          1920000,
          1941504
        ],
        "chunk_tokens": 192,
        "block_threads": 256,
        "staged_input_bytes": 169800474,
        "applicable": true
      },
      {
        "kernel": "onpair_dw_k6_t256_b6",
        "role": "experimental",
        "stage_bytes": null,
        "chunk_size": 192,
        "decode_ms": 1.954848,
        "decode_gib_s": 476.41682655219154,
        "decode_ns_iters": [
          1963008,
          1963008,
          1990656,
          1966240,
          1965056,
          1973248,
          1958912,
          1969152,
          1966080,
          1954848,
          1962016,
          1992704,
          1961984,
          1958848,
          1959936,
          1959936,
          1968128,
          1964032,
          1960768,
          1966080,
          1987744,
          1963072,
          1959936,
          1961984,
          1964032,
          1962976,
          1960960,
          1964032,
          1958880,
          1972224
        ],
        "chunk_tokens": 192,
        "block_threads": 256,
        "staged_input_bytes": 169800474,
        "applicable": true
      },
      {
        "kernel": "onpair_dw_k6_t256_b8",
        "role": "experimental",
        "stage_bytes": null,
        "chunk_size": 192,
        "decode_ms": 1.91488,
        "decode_gib_s": 486.3607539646863,
        "decode_ns_iters": [
          1923072,
          1923072,
          1924096,
          1922048,
          1945600,
          1922048,
          1922144,
          1923072,
          1916928,
          1923072,
          1922176,
          1914880,
          1920000,
          1924096,
          1920000,
          1921056,
          1921024,
          1916928,
          1947808,
          1926144,
          1925088,
          1921888,
          1926144,
          1924096,
          1921024,
          1923072,
          1917952,
          1920000,
          1920000,
          1917952
        ],
        "chunk_tokens": 192,
        "block_threads": 256,
        "staged_input_bytes": 169800474,
        "applicable": true
      },
      {
        "kernel": "onpair_dw_k7_t64_b1",
        "role": "experimental",
        "stage_bytes": null,
        "chunk_size": 224,
        "decode_ms": 1.913856,
        "decode_gib_s": 486.6209790871928,
        "decode_ns_iters": [
          1916928,
          1916928,
          1915712,
          1917952,
          1916832,
          1915904,
          1913856,
          1915904,
          1917952,
          1929216,
          1916928,
          1913856,
          1918784,
          1916928,
          1915904,
          1915072,
          1922048,
          1916928,
          1916864,
          1918976,
          1913856,
          1917952,
          1914880,
          1917952,
          1935360,
          1915904,
          1917920,
          1916928,
          1917952,
          1915840
        ],
        "chunk_tokens": 224,
        "block_threads": 64,
        "staged_input_bytes": 169308114,
        "applicable": true
      },
      {
        "kernel": "onpair_dw_k7_t64_b2",
        "role": "experimental",
        "stage_bytes": null,
        "chunk_size": 224,
        "decode_ms": 1.911968,
        "decode_gib_s": 487.10149989534267,
        "decode_ns_iters": [
          1947648,
          1917952,
          1927008,
          1917952,
          1913856,
          1916928,
          1918976,
          1920000,
          1914880,
          1916928,
          1918976,
          1917824,
          1916928,
          1916864,
          1945408,
          1918976,
          1915904,
          1911968,
          1912832,
          1916928,
          1917920,
          1917952,
          1915904,
          1913856,
          1916000,
          1914880,
          1913856,
          1914880,
          1916928,
          1935296
        ],
        "chunk_tokens": 224,
        "block_threads": 64,
        "staged_input_bytes": 169308114,
        "applicable": true
      },
      {
        "kernel": "onpair_dw_k7_t64_b4",
        "role": "experimental",
        "stage_bytes": null,
        "chunk_size": 224,
        "decode_ms": 1.912832,
        "decode_gib_s": 486.8814828233208,
        "decode_ns_iters": [
          1915904,
          1916928,
          1915904,
          1913856,
          1916928,
          1938432,
          1918976,
          1916928,
          1914880,
          1916800,
          1915904,
          1913856,
          1917952,
          1913856,
          1914688,
          1923104,
          1914880,
          1913856,
          1918976,
          1917856,
          1916928,
          1926144,
          1912832,
          1915904,
          1914880,
          1915904,
          1915744,
          1916928,
          1915904,
          1914880
        ],
        "chunk_tokens": 224,
        "block_threads": 64,
        "staged_input_bytes": 169308114,
        "applicable": true
      },
      {
        "kernel": "onpair_dw_k7_t64_b6",
        "role": "experimental",
        "stage_bytes": null,
        "chunk_size": 224,
        "decode_ms": 1.912832,
        "decode_gib_s": 486.8814828233208,
        "decode_ns_iters": [
          1915872,
          1913856,
          1918048,
          1912832,
          1915872,
          1915904,
          1915904,
          1917952,
          1917952,
          1914880,
          1916928,
          1917952,
          1945504,
          1920000,
          1914880,
          1917024,
          1916736,
          1915904,
          1913856,
          1914880,
          1913856,
          1915936,
          1916096,
          1917952,
          1915776,
          1913856,
          1916928,
          1948576,
          1914784,
          1913856
        ],
        "chunk_tokens": 224,
        "block_threads": 64,
        "staged_input_bytes": 169308114,
        "applicable": true
      },
      {
        "kernel": "onpair_dw_k7_t64_b8",
        "role": "experimental",
        "stage_bytes": null,
        "chunk_size": 224,
        "decode_ms": 1.911808,
        "decode_gib_s": 487.14226562076243,
        "decode_ns_iters": [
          1913856,
          1916928,
          1916928,
          1949696,
          1914880,
          1917952,
          1915904,
          1913856,
          1916928,
          1913888,
          1916928,
          1915904,
          1920000,
          1913856,
          1916928,
          1915904,
          1914880,
          1917952,
          1949696,
          1918944,
          1914880,
          1911808,
          1912704,
          1914880,
          1916928,
          1914880,
          1915904,
          1915904,
          1912832,
          1915840
        ],
        "chunk_tokens": 224,
        "block_threads": 64,
        "staged_input_bytes": 169308114,
        "applicable": true
      },
      {
        "kernel": "onpair_dw_k7_t128_b1",
        "role": "experimental",
        "stage_bytes": null,
        "chunk_size": 224,
        "decode_ms": 1.90976,
        "decode_gib_s": 487.66467019515466,
        "decode_ns_iters": [
          1911840,
          1914880,
          1913856,
          1914880,
          1914976,
          1911808,
          1913856,
          1925984,
          1913856,
          1912832,
          1946624,
          1914880,
          1913856,
          1910784,
          1913856,
          1914880,
          1914880,
          1912832,
          1913856,
          1915904,
          1914880,
          1910784,
          1913856,
          1909760,
          1914752,
          1916832,
          1938432,
          1912672,
          1920992,
          1913728
        ],
        "chunk_tokens": 224,
        "block_threads": 128,
        "staged_input_bytes": 169308114,
        "applicable": true
      },
      {
        "kernel": "onpair_dw_k7_t128_b2",
        "role": "experimental",
        "stage_bytes": null,
        "chunk_size": 224,
        "decode_ms": 1.910656,
        "decode_gib_s": 487.43598039202163,
        "decode_ns_iters": [
          1914880,
          1914848,
          1946528,
          1914880,
          1911808,
          1913728,
          1914048,
          1915904,
          1912672,
          1912832,
          1911808,
          1916928,
          1915904,
          1913856,
          1914880,
          1914880,
          1910656,
          1930176,
          1915904,
          1913856,
          1913856,
          1915904,
          1913856,
          1912832,
          1913856,
          1910784,
          1915904,
          1913792,
          1913856,
          1912832
        ],
        "chunk_tokens": 224,
        "block_threads": 128,
        "staged_input_bytes": 169308114,
        "applicable": true
      },
      {
        "kernel": "onpair_dw_k7_t128_b4",
        "role": "experimental",
        "stage_bytes": null,
        "chunk_size": 224,
        "decode_ms": 1.90976,
        "decode_gib_s": 487.66467019515466,
        "decode_ns_iters": [
          1916832,
          1910784,
          1910880,
          1915904,
          1913856,
          1914880,
          1912832,
          1913952,
          1922080,
          1939264,
          1914880,
          1912832,
          1924096,
          1917920,
          1912832,
          1912736,
          1914880,
          1911808,
          1923072,
          1918976,
          1920000,
          1918944,
          1915904,
          1937408,
          1913856,
          1916832,
          1912832,
          1912864,
          1915904,
          1909760
        ],
        "chunk_tokens": 224,
        "block_threads": 128,
        "staged_input_bytes": 169308114,
        "applicable": true
      },
      {
        "kernel": "onpair_dw_k7_t128_b6",
        "role": "experimental",
        "stage_bytes": null,
        "chunk_size": 224,
        "decode_ms": 1.910912,
        "decode_gib_s": 487.3706798386836,
        "decode_ns_iters": [
          1916928,
          1923008,
          1912832,
          1916928,
          1912800,
          1918048,
          1910912,
          1914720,
          1916928,
          1913856,
          1912832,
          1917920,
          1913856,
          1931264,
          1913760,
          1912832,
          1912832,
          1912768,
          1912832,
          1915904,
          1911808,
          1915904,
          1912832,
          1914880,
          1911808,
          1913856,
          1912832,
          1912832,
          1915904,
          1936384
        ],
        "chunk_tokens": 224,
        "block_threads": 128,
        "staged_input_bytes": 169308114,
        "applicable": true
      },
      {
        "kernel": "onpair_dw_k7_t128_b8",
        "role": "experimental",
        "stage_bytes": null,
        "chunk_size": 224,
        "decode_ms": 1.908736,
        "decode_gib_s": 487.92629287229795,
        "decode_ns_iters": [
          1913856,
          1912768,
          1916832,
          1913856,
          1914880,
          1936384,
          1912832,
          1910784,
          1909760,
          1911712,
          1909760,
          1913792,
          1909760,
          1912832,
          1911968,
          1908736,
          1912832,
          1909792,
          1909760,
          1909760,
          1912832,
          1930240,
          1914784,
          1912832,
          1911744,
          1911776,
          1910784,
          1912832,
          1912832,
          1914880
        ],
        "chunk_tokens": 224,
        "block_threads": 128,
        "staged_input_bytes": 169308114,
        "applicable": true
      },
      {
        "kernel": "onpair_dw_k7_t256_b1",
        "role": "experimental",
        "stage_bytes": null,
        "chunk_size": 224,
        "decode_ms": 1.911808,
        "decode_gib_s": 487.14226562076243,
        "decode_ns_iters": [
          1915904,
          1914880,
          1913856,
          1913856,
          1917952,
          1916928,
          1917760,
          1914880,
          1915904,
          1913856,
          1915872,
          1911808,
          1915904,
          1944576,
          1918976,
          1911808,
          1924256,
          1917856,
          1916928,
          1920992,
          1914880,
          1917792,
          1917952,
          1920032,
          1918976,
          1915904,
          1914880,
          1923072,
          1938432,
          1919904
        ],
        "chunk_tokens": 224,
        "block_threads": 256,
        "staged_input_bytes": 169308114,
        "applicable": true
      },
      {
        "kernel": "onpair_dw_k7_t256_b2",
        "role": "experimental",
        "stage_bytes": null,
        "chunk_size": 224,
        "decode_ms": 1.911808,
        "decode_gib_s": 487.14226562076243,
        "decode_ns_iters": [
          1913856,
          1915904,
          1911808,
          1942528,
          1914880,
          1915904,
          1912832,
          1913856,
          1914880,
          1915904,
          1919872,
          1914880,
          1912832,
          1915904,
          1918976,
          1916928,
          1913984,
          1913856,
          1915904,
          1940480,
          1915872,
          1916928,
          1917952,
          1913856,
          1914880,
          1915904,
          1913824,
          1915904,
          1915904,
          1917952
        ],
        "chunk_tokens": 224,
        "block_threads": 256,
        "staged_input_bytes": 169308114,
        "applicable": true
      },
      {
        "kernel": "onpair_dw_k7_t256_b4",
        "role": "experimental",
        "stage_bytes": null,
        "chunk_size": 224,
        "decode_ms": 1.912832,
        "decode_gib_s": 486.8814828233208,
        "decode_ns_iters": [
          1915904,
          1913856,
          1913856,
          1915904,
          1912832,
          1913856,
          1915904,
          1912832,
          1913856,
          1914880,
          1943552,
          1917952,
          1912832,
          1913856,
          1913856,
          1913856,
          1916928,
          1917888,
          1913856,
          1914880,
          1912832,
          1916928,
          1912832,
          1916064,
          1914880,
          1948672,
          1914880,
          1913856,
          1918848,
          1915904
        ],
        "chunk_tokens": 224,
        "block_threads": 256,
        "staged_input_bytes": 169308114,
        "applicable": true
      },
      {
        "kernel": "onpair_dw_k7_t256_b6",
        "role": "experimental",
        "stage_bytes": null,
        "chunk_size": 224,
        "decode_ms": 2.066528,
        "decode_gib_s": 450.6701484576539,
        "decode_ns_iters": [
          2076672,
          2071552,
          2071552,
          2068480,
          2074624,
          2072576,
          2076672,
          2076672,
          2070528,
          2072416,
          2073600,
          2069536,
          2092032,
          2085888,
          2075648,
          2071552,
          2069504,
          2075648,
          2074560,
          2071552,
          2068480,
          2102272,
          2077664,
          2071552,
          2066528,
          2074624,
          2075648,
          2077568,
          2073600,
          2071552
        ],
        "chunk_tokens": 224,
        "block_threads": 256,
        "staged_input_bytes": 169308114,
        "applicable": true
      },
      {
        "kernel": "onpair_dw_k7_t256_b8",
        "role": "experimental",
        "stage_bytes": null,
        "chunk_size": 224,
        "decode_ms": 1.912832,
        "decode_gib_s": 486.8814828233208,
        "decode_ns_iters": [
          1914880,
          1915904,
          1912832,
          1914880,
          1913856,
          1915904,
          1944672,
          1915840,
          1914880,
          1916768,
          1918976,
          1923936,
          1917920,
          1916928,
          1917952,
          1914880,
          1918880,
          1915904,
          1914784,
          1914880,
          1915904,
          1947648,
          1914880,
          1917952,
          1921024,
          1913856,
          1916864,
          1916064,
          1915904,
          1917952
        ],
        "chunk_tokens": 224,
        "block_threads": 256,
        "staged_input_bytes": 169308114,
        "applicable": true
      },
      {
        "kernel": "onpair_dw_k8_t64_b1",
        "role": "experimental",
        "stage_bytes": null,
        "chunk_size": 256,
        "decode_ms": 1.892352,
        "decode_gib_s": 492.15076294045633,
        "decode_ns_iters": [
          1896448,
          1894592,
          1897472,
          1893376,
          1894400,
          1894400,
          1894400,
          1897376,
          1893376,
          1892352,
          1894400,
          1897472,
          1896384,
          1895456,
          1896448,
          1897472,
          1895424,
          1913792,
          1903616,
          1895424,
          1893472,
          1903616,
          1894304,
          1896448,
          1894400,
          1895424,
          1895328,
          1893376,
          1893376,
          1894400
        ],
        "chunk_tokens": 256,
        "block_threads": 64,
        "staged_input_bytes": 168938842,
        "applicable": true
      },
      {
        "kernel": "onpair_dw_k8_t64_b2",
        "role": "experimental",
        "stage_bytes": null,
        "chunk_size": 256,
        "decode_ms": 1.89328,
        "decode_gib_s": 491.9095329543958,
        "decode_ns_iters": [
          1894368,
          1893280,
          1897440,
          1898496,
          1895424,
          1894528,
          1894496,
          1896448,
          1896448,
          1895296,
          1896288,
          1895392,
          1897472,
          1898496,
          1893280,
          1895424,
          1895360,
          1897408,
          1893376,
          1922048,
          1895424,
          1896256,
          1902592,
          1895424,
          1898496,
          1894400,
          1893472,
          1896448,
          1896416,
          1895424
        ],
        "chunk_tokens": 256,
        "block_threads": 64,
        "staged_input_bytes": 168938842,
        "applicable": true
      },
      {
        "kernel": "onpair_dw_k8_t64_b4",
        "role": "experimental",
        "stage_bytes": null,
        "chunk_size": 256,
        "decode_ms": 1.891232,
        "decode_gib_s": 492.4422178515901,
        "decode_ns_iters": [
          1894400,
          1897472,
          1897472,
          1893216,
          1893504,
          1895424,
          1891232,
          1896608,
          1897408,
          1896448,
          1898496,
          1892352,
          1896448,
          1894400,
          1895424,
          1895424,
          1896448,
          1892352,
          1894400,
          1897472,
          1927168,
          1900544,
          1891328,
          1901568,
          1894304,
          1895424,
          1893376,
          1895264,
          1896448,
          1897408
        ],
        "chunk_tokens": 256,
        "block_threads": 64,
        "staged_input_bytes": 168938842,
        "applicable": true
      },
      {
        "kernel": "onpair_dw_k8_t64_b6",
        "role": "experimental",
        "stage_bytes": null,
        "chunk_size": 256,
        "decode_ms": 1.892352,
        "decode_gib_s": 492.15076294045633,
        "decode_ns_iters": [
          1896320,
          1896448,
          1893376,
          1894400,
          1896448,
          1895424,
          1896448,
          1895424,
          1894400,
          1894400,
          1896448,
          1896448,
          1898432,
          1895424,
          1894400,
          1895424,
          1895424,
          1897472,
          1893216,
          1896448,
          1896448,
          1928192,
          1896576,
          1896448,
          1903520,
          1893184,
          1895424,
          1892352,
          1896448,
          1894400
        ],
        "chunk_tokens": 256,
        "block_threads": 64,
        "staged_input_bytes": 168938842,
        "applicable": true
      },
      {
        "kernel": "onpair_dw_k8_t64_b8",
        "role": "experimental",
        "stage_bytes": null,
        "chunk_size": 256,
        "decode_ms": 1.891328,
        "decode_gib_s": 492.4172224764285,
        "decode_ns_iters": [
          1896448,
          1891328,
          1897472,
          1895424,
          1895424,
          1896448,
          1895488,
          1896352,
          1892352,
          1900544,
          1894400,
          1894336,
          1897472,
          1893376,
          1894400,
          1896448,
          1896448,
          1897472,
          1895424,
          1895424,
          1896448,
          1920000,
          1898336,
          1894400,
          1896448,
          1898496,
          1897344,
          1894336,
          1892512,
          1896352
        ],
        "chunk_tokens": 256,
        "block_threads": 64,
        "staged_input_bytes": 168938842,
        "applicable": true
      },
      {
        "kernel": "onpair_dw_k8_t128_b1",
        "role": "experimental",
        "stage_bytes": null,
        "chunk_size": 256,
        "decode_ms": 1.887232,
        "decode_gib_s": 493.4859522050805,
        "decode_ns_iters": [
          1923072,
          1894400,
          1891328,
          1894432,
          1891328,
          1895360,
          1891328,
          1894400,
          1894400,
          1895424,
          1893376,
          1887232,
          1894400,
          1894400,
          1891264,
          1893376,
          1892352,
          1893376,
          1893280,
          1895424,
          1894400,
          1895424,
          1891328,
          1916928,
          1894400,
          1896448,
          1892352,
          1899520,
          1891488,
          1892288
        ],
        "chunk_tokens": 256,
        "block_threads": 128,
        "staged_input_bytes": 168938842,
        "applicable": true
      },
      {
        "kernel": "onpair_dw_k8_t128_b2",
        "role": "experimental",
        "stage_bytes": null,
        "chunk_size": 256,
        "decode_ms": 1.88928,
        "decode_gib_s": 492.9510080834489,
        "decode_ns_iters": [
          1893376,
          1893376,
          1907712,
          1916992,
          1894400,
          1892384,
          1892352,
          1892352,
          1895424,
          1892352,
          1890400,
          1893376,
          1892352,
          1893376,
          1894400,
          1893376,
          1893376,
          1893376,
          1892352,
          1889280,
          1893376,
          1891360,
          1893376,
          1891296,
          1895424,
          1893376,
          1908736,
          1898496,
          1896448,
          1893376
        ],
        "chunk_tokens": 256,
        "block_threads": 128,
        "staged_input_bytes": 168938842,
        "applicable": true
      },
      {
        "kernel": "onpair_dw_k8_t128_b4",
        "role": "experimental",
        "stage_bytes": null,
        "chunk_size": 256,
        "decode_ms": 1.88928,
        "decode_gib_s": 492.9510080834489,
        "decode_ns_iters": [
          1894400,
          1892352,
          1893376,
          1895424,
          1889280,
          1896480,
          1914880,
          1892448,
          1894336,
          1892352,
          1894400,
          1893376,
          1890432,
          1893376,
          1895424,
          1892320,
          1892352,
          1891328,
          1893376,
          1891520,
          1892352,
          1894400,
          1896448,
          1889280,
          1894240,
          1891328,
          1891328,
          1890400,
          1895424,
          1893376
        ],
        "chunk_tokens": 256,
        "block_threads": 128,
        "staged_input_bytes": 168938842,
        "applicable": true
      },
      {
        "kernel": "onpair_dw_k8_t128_b6",
        "role": "experimental",
        "stage_bytes": null,
        "chunk_size": 256,
        "decode_ms": 1.88928,
        "decode_gib_s": 492.9510080834489,
        "decode_ns_iters": [
          1911616,
          1895328,
          1891328,
          1890304,
          1909696,
          1894400,
          1893280,
          1892352,
          1894240,
          1911904,
          1899520,
          1895424,
          1892352,
          1895424,
          1894400,
          1892320,
          1894400,
          1889280,
          1892352,
          1895424,
          1894400,
          1890400,
          1894400,
          1895328,
          1891200,
          1892352,
          1895424,
          1892352,
          1892352,
          1894400
        ],
        "chunk_tokens": 256,
        "block_threads": 128,
        "staged_input_bytes": 168938842,
        "applicable": true
      },
      {
        "kernel": "onpair_dw_k8_t128_b8",
        "role": "experimental",
        "stage_bytes": null,
        "chunk_size": 256,
        "decode_ms": 1.887232,
        "decode_gib_s": 493.4859522050805,
        "decode_ns_iters": [
          1896448,
          1889312,
          1888128,
          1888256,
          1901568,
          1890304,
          1891328,
          1888256,
          1887232,
          1892512,
          1890304,
          1897568,
          1890304,
          1888288,
          1904640,
          1898656,
          1891328,
          1891328,
          1894400,
          1891328,
          1891328,
          1891328,
          1888256,
          1893376,
          1890208,
          1890304,
          1890304,
          1895424,
          1890304,
          1893376
        ],
        "chunk_tokens": 256,
        "block_threads": 128,
        "staged_input_bytes": 168938842,
        "applicable": true
      },
      {
        "kernel": "onpair_dw_k8_t256_b1",
        "role": "experimental",
        "stage_bytes": null,
        "chunk_size": 256,
        "decode_ms": 1.924096,
        "decode_gib_s": 484.0311920776814,
        "decode_ns_iters": [
          1934336,
          1924096,
          1930240,
          1932288,
          1930240,
          1927104,
          1927168,
          1928288,
          1928192,
          1961984,
          1928192,
          1928192,
          1929280,
          1928160,
          1932192,
          1929216,
          1933216,
          1925120,
          1927168,
          1929216,
          1930240,
          1929216,
          1959072,
          1929376,
          1929216,
          1924960,
          1924096,
          1932192,
          1931104,
          1930240
        ],
        "chunk_tokens": 256,
        "block_threads": 256,
        "staged_input_bytes": 168938842,
        "applicable": true
      },
      {
        "kernel": "onpair_dw_k8_t256_b2",
        "role": "experimental",
        "stage_bytes": null,
        "chunk_size": 256,
        "decode_ms": 1.924096,
        "decode_gib_s": 484.0311920776814,
        "decode_ns_iters": [
          1930240,
          1928192,
          1931264,
          1924096,
          1929216,
          1929216,
          1925952,
          1933216,
          1929216,
          1957952,
          1930240,
          1926144,
          1929216,
          1926144,
          1929216,
          1927168,
          1928192,
          1929216,
          1932288,
          1928192,
          1934336,
          1934336,
          1928064,
          1932288,
          1928192,
          1927168,
          1933248,
          1927168,
          1925984,
          1927168
        ],
        "chunk_tokens": 256,
        "block_threads": 256,
        "staged_input_bytes": 168938842,
        "applicable": true
      },
      {
        "kernel": "onpair_dw_k8_t256_b4",
        "role": "experimental",
        "stage_bytes": null,
        "chunk_size": 256,
        "decode_ms": 1.921024,
        "decode_gib_s": 484.8052291652256,
        "decode_ns_iters": [
          1925120,
          1925056,
          1926144,
          1930176,
          1926144,
          1930240,
          1926144,
          1926144,
          1928192,
          1950688,
          1929280,
          1924096,
          1923072,
          1926144,
          1927168,
          1926144,
          1928192,
          1926016,
          1927168,
          1921024,
          1925120,
          1928192,
          1948672,
          1924192,
          1939456,
          1927168,
          1926976,
          1927168,
          1926304,
          1931264
        ],
        "chunk_tokens": 256,
        "block_threads": 256,
        "staged_input_bytes": 168938842,
        "applicable": true
      },
      {
        "kernel": "onpair_dw_k8_t256_b6",
        "role": "experimental",
        "stage_bytes": null,
        "chunk_size": 256,
        "decode_ms": 2.12576,
        "decode_gib_s": 438.11271288946,
        "decode_ns_iters": [
          2130944,
          2134112,
          2128000,
          2138112,
          2134848,
          2128896,
          2130048,
          2125760,
          2141184,
          2132160,
          2134016,
          2129088,
          2133824,
          2129920,
          2130944,
          2161664,
          2135040,
          2137088,
          2131968,
          2134016,
          2132064,
          2128896,
          2166784,
          2131968,
          2131968,
          2137056,
          2135040,
          2127872,
          2127872,
          2170912
        ],
        "chunk_tokens": 256,
        "block_threads": 256,
        "staged_input_bytes": 168938842,
        "applicable": true
      },
      {
        "kernel": "onpair_dw_k8_t256_b8",
        "role": "experimental",
        "stage_bytes": null,
        "chunk_size": 256,
        "decode_ms": 1.916928,
        "decode_gib_s": 485.8411377745531,
        "decode_ns_iters": [
          1920000,
          1954816,
          1922048,
          1926336,
          1928192,
          1921024,
          1925984,
          1920960,
          1925120,
          1918976,
          1920000,
          1919968,
          1922976,
          1921024,
          1923072,
          1953792,
          1919968,
          1923072,
          1923072,
          1923072,
          1925120,
          1922048,
          1922144,
          1922048,
          1916928,
          1920000,
          1924096,
          1920000,
          1921024,
          1950720
        ],
        "chunk_tokens": 256,
        "block_threads": 256,
        "staged_input_bytes": 168938842,
        "applicable": true
      },
      {
        "kernel": "onpair_dh_k1_t256_b1_h0",
        "role": "experimental",
        "stage_bytes": null,
        "chunk_size": 32,
        "decode_ms": 2.390016,
        "decode_gib_s": 389.672069371878,
        "decode_ns_iters": [
          2410496,
          2420736,
          2409472,
          2404352,
          2407488,
          2402304,
          2401216,
          2428928,
          2410496,
          2401280,
          2417664,
          2416640,
          2419712,
          2400256,
          2395136,
          2444288,
          2422784,
          2455552,
          2392064,
          2415616,
          2415616,
          2404352,
          2444288,
          2409600,
          2445312,
          2427904,
          2409472,
          2398144,
          2398208,
          2390016
        ],
        "chunk_tokens": 32,
        "block_threads": 256,
        "staged_input_bytes": 187033050,
        "applicable": true
      },
      {
        "kernel": "onpair_dh_k1_t256_b4_h0",
        "role": "experimental",
        "stage_bytes": null,
        "chunk_size": 32,
        "decode_ms": 2.397184,
        "decode_gib_s": 388.50688163774595,
        "decode_ns_iters": [
          2404352,
          2406400,
          2423840,
          2399072,
          2407424,
          2443168,
          2417504,
          2397184,
          2412416,
          2414592,
          2416640,
          2422816,
          2409312,
          2413568,
          2413568,
          2400256,
          2400256,
          2416640,
          2437984,
          2423808,
          2482176,
          2420576,
          2421760,
          2412544,
          2415616,
          2408448,
          2415616,
          2413568,
          2407424,
          2418592
        ],
        "chunk_tokens": 32,
        "block_threads": 256,
        "staged_input_bytes": 187033050,
        "applicable": true
      },
      {
        "kernel": "onpair_dh_k1_t256_b8_h0",
        "role": "experimental",
        "stage_bytes": null,
        "chunk_size": 32,
        "decode_ms": 2.440192,
        "decode_gib_s": 381.6595089861365,
        "decode_ns_iters": [
          2440192,
          2464768,
          2464768,
          2481152,
          2469888,
          2466816,
          2469888,
          2453504,
          2462720,
          2450432,
          2467840,
          2465792,
          2533376,
          2451456,
          2475168,
          2455552,
          2476032,
          2463744,
          2457632,
          2447360,
          2465792,
          2483200,
          2457600,
          2448384,
          2453376,
          2508800,
          2494528,
          2445312,
          2455552,
          2499584
        ],
        "chunk_tokens": 32,
        "block_threads": 256,
        "staged_input_bytes": 187033050,
        "applicable": true
      },
      {
        "kernel": "onpair_dh_k2_t64_b1_h2",
        "role": "experimental",
        "stage_bytes": null,
        "chunk_size": 64,
        "decode_ms": 2.07872,
        "decode_gib_s": 448.02690143544993,
        "decode_ns_iters": [
          2162688,
          2096128,
          2129920,
          2147328,
          2172928,
          2138112,
          2114400,
          2114560,
          2147456,
          2107392,
          2132064,
          2135040,
          2153472,
          2159616,
          2108416,
          2160640,
          2078720,
          2113536,
          2150464,
          2165760,
          2118656,
          2126848,
          2138112,
          2081792,
          2130944,
          2108416,
          2148352,
          2140160,
          2167808,
          2092032
        ],
        "chunk_tokens": 64,
        "block_threads": 64,
        "staged_input_bytes": 176693514,
        "applicable": true
      },
      {
        "kernel": "onpair_dh_k2_t64_b2_h2",
        "role": "experimental",
        "stage_bytes": null,
        "chunk_size": 64,
        "decode_ms": 2.10944,
        "decode_gib_s": 441.5022378223123,
        "decode_ns_iters": [
          2164736,
          2143232,
          2112512,
          2158592,
          2145248,
          2123776,
          2173952,
          2165760,
          2157568,
          2119648,
          2127872,
          2114560,
          2128896,
          2152448,
          2143232,
          2134016,
          2173952,
          2112512,
          2144256,
          2135040,
          2162528,
          2145408,
          2120704,
          2123776,
          2178048,
          2109440,
          2134016,
          2197504,
          2119680,
          2134880
        ],
        "chunk_tokens": 64,
        "block_threads": 64,
        "staged_input_bytes": 176693514,
        "applicable": true
      },
      {
        "kernel": "onpair_dh_k2_t64_b4_h2",
        "role": "experimental",
        "stage_bytes": null,
        "chunk_size": 64,
        "decode_ms": 2.08384,
        "decode_gib_s": 446.9260982378198,
        "decode_ns_iters": [
          2113536,
          2097152,
          2137088,
          2083840,
          2134208,
          2105280,
          2169856,
          2183168,
          2111488,
          2155488,
          2176000,
          2154496,
          2093056,
          2123776,
          2165760,
          2101248,
          2099200,
          2147328,
          2177024,
          2110464,
          2105344,
          2121696,
          2122752,
          2166784,
          2138112,
          2134016,
          2109440,
          2137088,
          2168832,
          2114560
        ],
        "chunk_tokens": 64,
        "block_threads": 64,
        "staged_input_bytes": 176693514,
        "applicable": true
      },
      {
        "kernel": "onpair_dh_k2_t64_b6_h2",
        "role": "experimental",
        "stage_bytes": null,
        "chunk_size": 64,
        "decode_ms": 2.094144,
        "decode_gib_s": 444.72704864226074,
        "decode_ns_iters": [
          2156544,
          2152448,
          2138080,
          2185344,
          2130944,
          2154496,
          2114560,
          2184192,
          2150400,
          2130944,
          2137088,
          2187264,
          2094144,
          2161536,
          2165760,
          2126016,
          2110464,
          2116672,
          2125952,
          2129888,
          2106368,
          2153472,
          2159712,
          2145280,
          2155520,
          2116608,
          2163776,
          2141184,
          2199424,
          2102272
        ],
        "chunk_tokens": 64,
        "block_threads": 64,
        "staged_input_bytes": 176693514,
        "applicable": true
      },
      {
        "kernel": "onpair_dh_k2_t64_b8_h2",
        "role": "experimental",
        "stage_bytes": null,
        "chunk_size": 64,
        "decode_ms": 2.085888,
        "decode_gib_s": 446.4872900903109,
        "decode_ns_iters": [
          2151424,
          2140064,
          2142208,
          2085888,
          2151520,
          2168832,
          2134048,
          2104448,
          2163776,
          2143232,
          2091008,
          2149376,
          2115584,
          2164800,
          2162688,
          2148352,
          2170880,
          2141184,
          2172928,
          2161664,
          2143232,
          2181120,
          2164736,
          2102272,
          2152448,
          2132992,
          2163712,
          2117632,
          2098176,
          2154496
        ],
        "chunk_tokens": 64,
        "block_threads": 64,
        "staged_input_bytes": 176693514,
        "applicable": true
      },
      {
        "kernel": "onpair_dh_k2_t128_b1_h2",
        "role": "experimental",
        "stage_bytes": null,
        "chunk_size": 64,
        "decode_ms": 2.076672,
        "decode_gib_s": 448.46874256112596,
        "decode_ns_iters": [
          2086912,
          2143296,
          2132992,
          2102272,
          2110464,
          2103296,
          2081792,
          2134016,
          2125824,
          2119552,
          2115584,
          2101248,
          2099168,
          2097184,
          2094080,
          2123680,
          2111488,
          2093248,
          2176928,
          2147424,
          2102272,
          2123776,
          2085888,
          2124992,
          2084864,
          2117632,
          2119680,
          2076672,
          2125760,
          2097152
        ],
        "chunk_tokens": 64,
        "block_threads": 128,
        "staged_input_bytes": 176693514,
        "applicable": true
      },
      {
        "kernel": "onpair_dh_k2_t128_b2_h2",
        "role": "experimental",
        "stage_bytes": null,
        "chunk_size": 64,
        "decode_ms": 2.080768,
        "decode_gib_s": 447.5859300757694,
        "decode_ns_iters": [
          2099200,
          2135040,
          2114560,
          2119680,
          2105344,
          2092032,
          2120704,
          2116608,
          2099200,
          2097152,
          2097152,
          2097152,
          2129920,
          2094112,
          2121728,
          2137088,
          2145280,
          2085888,
          2097152,
          2138112,
          2110464,
          2099008,
          2132992,
          2090016,
          2080768,
          2115584,
          2111488,
          2087936,
          2124800,
          2083840
        ],
        "chunk_tokens": 64,
        "block_threads": 128,
        "staged_input_bytes": 176693514,
        "applicable": true
      },
      {
        "kernel": "onpair_dh_k2_t128_b4_h2",
        "role": "experimental",
        "stage_bytes": null,
        "chunk_size": 64,
        "decode_ms": 2.078592,
        "decode_gib_s": 448.05449099770345,
        "decode_ns_iters": [
          2096128,
          2117632,
          2128896,
          2078592,
          2140352,
          2083680,
          2089984,
          2094080,
          2113536,
          2130080,
          2133952,
          2108416,
          2106272,
          2088864,
          2091008,
          2141184,
          2098176,
          2137056,
          2138016,
          2125824,
          2171904,
          2120704,
          2093056,
          2129920,
          2087936,
          2137216,
          2151424,
          2120704,
          2094016,
          2134016
        ],
        "chunk_tokens": 64,
        "block_threads": 128,
        "staged_input_bytes": 176693514,
        "applicable": true
      },
      {
        "kernel": "onpair_dh_k2_t128_b6_h2",
        "role": "experimental",
        "stage_bytes": null,
        "chunk_size": 64,
        "decode_ms": 2.081792,
        "decode_gib_s": 447.3657697560075,
        "decode_ns_iters": [
          2123776,
          2103104,
          2084704,
          2097152,
          2089984,
          2105344,
          2091008,
          2089984,
          2111488,
          2093056,
          2098176,
          2081792,
          2103296,
          2105248,
          2086912,
          2124960,
          2141184,
          2131968,
          2118720,
          2130752,
          2092032,
          2084768,
          2109440,
          2126752,
          2116608,
          2156544,
          2084864,
          2112352,
          2103296,
          2103296
        ],
        "chunk_tokens": 64,
        "block_threads": 128,
        "staged_input_bytes": 176693514,
        "applicable": true
      },
      {
        "kernel": "onpair_dh_k2_t128_b8_h2",
        "role": "experimental",
        "stage_bytes": null,
        "chunk_size": 64,
        "decode_ms": 2.095968,
        "decode_gib_s": 444.34002835534625,
        "decode_ns_iters": [
          2117632,
          2151424,
          2135040,
          2147328,
          2188288,
          2143232,
          2139136,
          2132992,
          2109440,
          2148352,
          2117504,
          2129824,
          2145280,
          2154304,
          2122752,
          2115424,
          2147328,
          2154496,
          2108416,
          2107264,
          2174944,
          2121728,
          2137088,
          2111488,
          2131968,
          2112576,
          2110368,
          2112512,
          2141280,
          2095968
        ],
        "chunk_tokens": 64,
        "block_threads": 128,
        "staged_input_bytes": 176693514,
        "applicable": true
      },
      {
        "kernel": "onpair_dh_k2_t256_b1_h0",
        "role": "experimental",
        "stage_bytes": null,
        "chunk_size": 64,
        "decode_ms": 2.050048,
        "decode_gib_s": 454.29301194503665,
        "decode_ns_iters": [
          2083840,
          2132992,
          2109440,
          2050048,
          2086912,
          2072448,
          2098176,
          2073600,
          2078752,
          2066432,
          2052096,
          2064384,
          2069504,
          2062336,
          2133024,
          2122752,
          2104320,
          2108352,
          2086912,
          2091008,
          2112512,
          2066400,
          2095104,
          2060288,
          2062336,
          2095104,
          2077696,
          2113536,
          2123776,
          2073600
        ],
        "chunk_tokens": 64,
        "block_threads": 256,
        "staged_input_bytes": 176693514,
        "applicable": true
      },
      {
        "kernel": "onpair_dh_k2_t256_b1_h2",
        "role": "experimental",
        "stage_bytes": null,
        "chunk_size": 64,
        "decode_ms": 2.04896,
        "decode_gib_s": 454.5342420310296,
        "decode_ns_iters": [
          2082816,
          2065408,
          2089984,
          2114432,
          2111488,
          2111488,
          2134016,
          2113440,
          2092960,
          2083840,
          2072576,
          2074624,
          2066432,
          2075648,
          2087936,
          2109408,
          2067456,
          2095104,
          2097120,
          2155520,
          2106368,
          2098176,
          2110464,
          2075648,
          2112512,
          2048960,
          2157568,
          2056128,
          2078624,
          2089984
        ],
        "chunk_tokens": 64,
        "block_threads": 256,
        "staged_input_bytes": 176693514,
        "applicable": true
      },
      {
        "kernel": "onpair_dh_k2_t256_b2_h2",
        "role": "experimental",
        "stage_bytes": null,
        "chunk_size": 64,
        "decode_ms": 2.059264,
        "decode_gib_s": 452.25987564095635,
        "decode_ns_iters": [
          2162688,
          2083840,
          2074624,
          2114560,
          2072576,
          2164736,
          2080768,
          2114560,
          2105344,
          2109440,
          2137088,
          2103296,
          2096128,
          2131968,
          2111488,
          2126848,
          2076672,
          2144256,
          2111488,
          2145280,
          2089984,
          2125824,
          2120832,
          2071552,
          2121728,
          2105344,
          2059264,
          2067456,
          2084864,
          2119680
        ],
        "chunk_tokens": 64,
        "block_threads": 256,
        "staged_input_bytes": 176693514,
        "applicable": true
      },
      {
        "kernel": "onpair_dh_k2_t256_b4_h0",
        "role": "experimental",
        "stage_bytes": null,
        "chunk_size": 64,
        "decode_ms": 2.044928,
        "decode_gib_s": 455.43045063293107,
        "decode_ns_iters": [
          2071552,
          2092032,
          2067456,
          2072576,
          2112512,
          2140160,
          2076672,
          2067456,
          2091008,
          2075808,
          2044928,
          2063360,
          2082816,
          2065376,
          2046976,
          2119552,
          2115584,
          2085888,
          2127872,
          2086080,
          2068480,
          2077696,
          2081792,
          2115584,
          2075648,
          2088864,
          2061184,
          2117632,
          2116608,
          2083840
        ],
        "chunk_tokens": 64,
        "block_threads": 256,
        "staged_input_bytes": 176693514,
        "applicable": true
      },
      {
        "kernel": "onpair_dh_k2_t256_b4_h2",
        "role": "experimental",
        "stage_bytes": null,
        "chunk_size": 64,
        "decode_ms": 2.080768,
        "decode_gib_s": 447.5859300757694,
        "decode_ns_iters": [
          2102336,
          2135040,
          2107392,
          2161664,
          2121728,
          2105344,
          2097152,
          2087936,
          2100224,
          2108416,
          2111488,
          2150400,
          2109504,
          2141184,
          2105344,
          2109440,
          2146304,
          2082816,
          2107392,
          2119680,
          2103296,
          2118624,
          2096128,
          2085888,
          2113536,
          2143232,
          2131872,
          2083648,
          2150400,
          2080768
        ],
        "chunk_tokens": 64,
        "block_threads": 256,
        "staged_input_bytes": 176693514,
        "applicable": true
      },
      {
        "kernel": "onpair_dh_k2_t256_b6_h2",
        "role": "experimental",
        "stage_bytes": null,
        "chunk_size": 64,
        "decode_ms": 2.14528,
        "decode_gib_s": 434.12630544819245,
        "decode_ns_iters": [
          2153472,
          2150464,
          2148352,
          2152384,
          2156544,
          2153472,
          2155520,
          2152416,
          2150400,
          2154528,
          2148352,
          2148352,
          2164544,
          2148256,
          2145280,
          2145280,
          2151424,
          2150400,
          2146304,
          2149280,
          2148352,
          2146144,
          2172928,
          2153472,
          2150304,
          2152448,
          2145280,
          2153472,
          2151424,
          2146304
        ],
        "chunk_tokens": 64,
        "block_threads": 256,
        "staged_input_bytes": 176693514,
        "applicable": true
      },
      {
        "kernel": "onpair_dh_k2_t256_b8_h0",
        "role": "experimental",
        "stage_bytes": null,
        "chunk_size": 64,
        "decode_ms": 2.149376,
        "decode_gib_s": 433.2990042467667,
        "decode_ns_iters": [
          2153472,
          2160640,
          2150400,
          2159616,
          2162688,
          2153472,
          2149376,
          2157568,
          2166784,
          2157568,
          2161664,
          2155520,
          2158592,
          2164544,
          2155520,
          2158592,
          2155520,
          2155520,
          2157568,
          2152448,
          2153472,
          2161664,
          2154496,
          2156544,
          2157568,
          2159616,
          2158592,
          2153568,
          2157568,
          2156736
        ],
        "chunk_tokens": 64,
        "block_threads": 256,
        "staged_input_bytes": 176693514,
        "applicable": true
      },
      {
        "kernel": "onpair_dh_k2_t256_b8_h2",
        "role": "experimental",
        "stage_bytes": null,
        "chunk_size": 64,
        "decode_ms": 2.144256,
        "decode_gib_s": 434.33362460074665,
        "decode_ns_iters": [
          2153472,
          2154496,
          2152352,
          2152480,
          2148352,
          2163712,
          2154528,
          2154496,
          2166784,
          2150400,
          2153472,
          2168832,
          2162688,
          2154496,
          2172064,
          2148352,
          2152608,
          2155520,
          2154496,
          2150272,
          2153472,
          2150496,
          2152448,
          2155520,
          2158592,
          2148352,
          2152448,
          2150464,
          2149376,
          2144256
        ],
        "chunk_tokens": 64,
        "block_threads": 256,
        "staged_input_bytes": 176693514,
        "applicable": true
      },
      {
        "kernel": "onpair_dh_k3_t64_b1_h2",
        "role": "experimental",
        "stage_bytes": null,
        "chunk_size": 96,
        "decode_ms": 1.993632,
        "decode_gib_s": 467.1486415506465,
        "decode_ns_iters": [
          1999872,
          2011136,
          1999872,
          1993632,
          1997952,
          1997824,
          2000832,
          2018304,
          2007040,
          1999872,
          1998848,
          1998848,
          1999872,
          2012160,
          2001952,
          1995776,
          1995776,
          1997824,
          2002944,
          2001728,
          1998848,
          1998848,
          1999776,
          1999808,
          1995776,
          2000896,
          1998848,
          1998880,
          1996800,
          1998848
        ],
        "chunk_tokens": 96,
        "block_threads": 64,
        "staged_input_bytes": 173247002,
        "applicable": true
      },
      {
        "kernel": "onpair_dh_k3_t64_b1_h3",
        "role": "experimental",
        "stage_bytes": null,
        "chunk_size": 96,
        "decode_ms": 1.998816,
        "decode_gib_s": 465.93707502436365,
        "decode_ns_iters": [
          2009088,
          2001920,
          1998848,
          2003872,
          2004992,
          2000896,
          2006176,
          2006016,
          2006016,
          2004128,
          1998816,
          2004992,
          2004992,
          2010112,
          2004992,
          2003968,
          2004992,
          2005856,
          2003968,
          2002944,
          1999872,
          2001920,
          2009088,
          2006016,
          2004992,
          2003968,
          2025472,
          2004992,
          2007040,
          2004896
        ],
        "chunk_tokens": 96,
        "block_threads": 64,
        "staged_input_bytes": 173247002,
        "applicable": true
      },
      {
        "kernel": "onpair_dh_k3_t64_b2_h2",
        "role": "experimental",
        "stage_bytes": null,
        "chunk_size": 96,
        "decode_ms": 1.992704,
        "decode_gib_s": 467.3661921448938,
        "decode_ns_iters": [
          2000896,
          1996800,
          1998848,
          2027360,
          1997760,
          2001920,
          1999872,
          2001920,
          1998848,
          1998848,
          2009088,
          1997664,
          1999872,
          1998848,
          1999936,
          1996800,
          1999872,
          2000896,
          2001920,
          2001920,
          2000736,
          1992704,
          2007040,
          1998848,
          2000896,
          2000896,
          1996800,
          2006016,
          2000896,
          1998848
        ],
        "chunk_tokens": 96,
        "block_threads": 64,
        "staged_input_bytes": 173247002,
        "applicable": true
      },
      {
        "kernel": "onpair_dh_k3_t64_b2_h3",
        "role": "experimental",
        "stage_bytes": null,
        "chunk_size": 96,
        "decode_ms": 1.999872,
        "decode_gib_s": 465.69104450279735,
        "decode_ns_iters": [
          2006016,
          2008064,
          2001824,
          2001920,
          2011136,
          2006976,
          2006016,
          2004864,
          2006944,
          2004992,
          2001952,
          1999872,
          2009024,
          2006016,
          2007040,
          2006976,
          2016256,
          2009088,
          2006016,
          2007040,
          2006912,
          2025472,
          2012160,
          2010112,
          2006016,
          2004992,
          2008064,
          2000896,
          2001920,
          2006016
        ],
        "chunk_tokens": 96,
        "block_threads": 64,
        "staged_input_bytes": 173247002,
        "applicable": true
      },
      {
        "kernel": "onpair_dh_k3_t64_b4_h2",
        "role": "experimental",
        "stage_bytes": null,
        "chunk_size": 96,
        "decode_ms": 1.994752,
        "decode_gib_s": 466.88635005850267,
        "decode_ns_iters": [
          2004992,
          1999808,
          2000896,
          1994752,
          2020352,
          2002944,
          2002912,
          1998848,
          1996800,
          2003968,
          2003840,
          2001920,
          1998848,
          1998848,
          2000896,
          1994752,
          2000992,
          2000896,
          2002944,
          1999872,
          2009088,
          2000032,
          1994752,
          2003968,
          1997824,
          1999872,
          1997824,
          2003968,
          2003104,
          2001920
        ],
        "chunk_tokens": 96,
        "block_threads": 64,
        "staged_input_bytes": 173247002,
        "applicable": true
      },
      {
        "kernel": "onpair_dh_k3_t64_b4_h3",
        "role": "experimental",
        "stage_bytes": null,
        "chunk_size": 96,
        "decode_ms": 1.999872,
        "decode_gib_s": 465.69104450279735,
        "decode_ns_iters": [
          2016256,
          2007136,
          2007040,
          2009088,
          2012128,
          2007104,
          2007936,
          2009088,
          2000896,
          2006016,
          2001920,
          2004032,
          2001920,
          2007040,
          2001728,
          2002944,
          2003968,
          2016256,
          2008096,
          2008128,
          2008064,
          2006016,
          2011136,
          2006144,
          1999872,
          2007936,
          2007040,
          2006016,
          2006880,
          2008000
        ],
        "chunk_tokens": 96,
        "block_threads": 64,
        "staged_input_bytes": 173247002,
        "applicable": true
      },
      {
        "kernel": "onpair_dh_k3_t64_b6_h2",
        "role": "experimental",
        "stage_bytes": null,
        "chunk_size": 96,
        "decode_ms": 1.994688,
        "decode_gib_s": 466.9013302089843,
        "decode_ns_iters": [
          1995680,
          2001920,
          1994688,
          2000896,
          1999872,
          2000928,
          2017280,
          1999872,
          1999872,
          2001920,
          1996704,
          1999872,
          1999808,
          2000896,
          2000768,
          1996928,
          1998848,
          1998848,
          2000896,
          2001920,
          1999680,
          1998848,
          2000800,
          2001824,
          1998848,
          2002944,
          1996800,
          2000896,
          1999808,
          1999680
        ],
        "chunk_tokens": 96,
        "block_threads": 64,
        "staged_input_bytes": 173247002,
        "applicable": true
      },
      {
        "kernel": "onpair_dh_k3_t64_b6_h3",
        "role": "experimental",
        "stage_bytes": null,
        "chunk_size": 96,
        "decode_ms": 2.000896,
        "decode_gib_s": 465.45271745852784,
        "decode_ns_iters": [
          2009024,
          2025472,
          2016256,
          2005856,
          2007040,
          2006016,
          2006016,
          2008064,
          2004992,
          2006016,
          2006080,
          2003968,
          2004992,
          2004992,
          2002944,
          2004992,
          2000896,
          2005184,
          2001920,
          2023488,
          2001920,
          2004992,
          2000896,
          2015232,
          2007040,
          2035584,
          2017280,
          2009088,
          2010112,
          2007040
        ],
        "chunk_tokens": 96,
        "block_threads": 64,
        "staged_input_bytes": 173247002,
        "applicable": true
      },
      {
        "kernel": "onpair_dh_k3_t64_b8_h2",
        "role": "experimental",
        "stage_bytes": null,
        "chunk_size": 96,
        "decode_ms": 1.997824,
        "decode_gib_s": 466.1684315294533,
        "decode_ns_iters": [
          2001920,
          2002944,
          2004992,
          2011136,
          1999872,
          2000864,
          1997824,
          2001920,
          2000768,
          1999776,
          2001856,
          2001920,
          2001920,
          2001920,
          2000896,
          1999744,
          1998848,
          2000896,
          2008064,
          2001920,
          2000896,
          1998848,
          1999872,
          2000896,
          2001920,
          2001920,
          2013184,
          2009088,
          2000896,
          2000896
        ],
        "chunk_tokens": 96,
        "block_threads": 64,
        "staged_input_bytes": 173247002,
        "applicable": true
      },
      {
        "kernel": "onpair_dh_k3_t64_b8_h3",
        "role": "experimental",
        "stage_bytes": null,
        "chunk_size": 96,
        "decode_ms": 1.999872,
        "decode_gib_s": 465.69104450279735,
        "decode_ns_iters": [
          2008064,
          2008064,
          2008064,
          2007904,
          2011136,
          2007040,
          2006016,
          2007040,
          2022400,
          2008064,
          2004992,
          2005888,
          2006016,
          2006048,
          2004992,
          2010112,
          2005920,
          2003904,
          2007040,
          2009088,
          2006016,
          2015072,
          2007040,
          2003968,
          2006016,
          2016288,
          1999872,
          2003968,
          2007040,
          2004992
        ],
        "chunk_tokens": 96,
        "block_threads": 64,
        "staged_input_bytes": 173247002,
        "applicable": true
      },
      {
        "kernel": "onpair_dh_k3_t128_b1_h2",
        "role": "experimental",
        "stage_bytes": null,
        "chunk_size": 96,
        "decode_ms": 1.997824,
        "decode_gib_s": 466.1684315294533,
        "decode_ns_iters": [
          2004128,
          2000800,
          1998848,
          1997824,
          2007136,
          2001024,
          2002944,
          2004992,
          2001920,
          2002080,
          2002944,
          2003968,
          2000896,
          2001920,
          2000896,
          2001888,
          2003968,
          2002976,
          2003968,
          2004992,
          2019168,
          2000896,
          2001920,
          2001888,
          2001920,
          2000864,
          2012160,
          2015072,
          2002944,
          2001920
        ],
        "chunk_tokens": 96,
        "block_threads": 128,
        "staged_input_bytes": 173247002,
        "applicable": true
      },
      {
        "kernel": "onpair_dh_k3_t128_b1_h3",
        "role": "experimental",
        "stage_bytes": null,
        "chunk_size": 96,
        "decode_ms": 1.999872,
        "decode_gib_s": 465.69104450279735,
        "decode_ns_iters": [
          2001920,
          2004992,
          1999872,
          1999872,
          2002944,
          2003008,
          2001920,
          2000896,
          2001920,
          2001856,
          2020352,
          2003968,
          2002944,
          2003968,
          2002976,
          2000736,
          2003904,
          2000896,
          2000768,
          2003008,
          2001920,
          2002944,
          2001920,
          2019520,
          2000896,
          2000896,
          2001984,
          1999872,
          2009088,
          2009280
        ],
        "chunk_tokens": 96,
        "block_threads": 128,
        "staged_input_bytes": 173247002,
        "applicable": true
      },
      {
        "kernel": "onpair_dh_k3_t128_b2_h2",
        "role": "experimental",
        "stage_bytes": null,
        "chunk_size": 96,
        "decode_ms": 1.995776,
        "decode_gib_s": 466.6467983139884,
        "decode_ns_iters": [
          2003968,
          1997984,
          2003968,
          2000800,
          2001920,
          2004992,
          2002944,
          1997824,
          1996800,
          1999872,
          2003968,
          1999872,
          2003968,
          1996800,
          1999808,
          1997824,
          1995776,
          2003936,
          1998848,
          2019328,
          2012064,
          1997920,
          1997824,
          2000896,
          2002944,
          2015200,
          2003808,
          2001920,
          2001920,
          2003872
        ],
        "chunk_tokens": 96,
        "block_threads": 128,
        "staged_input_bytes": 173247002,
        "applicable": true
      },
      {
        "kernel": "onpair_dh_k3_t128_b2_h3",
        "role": "experimental",
        "stage_bytes": null,
        "chunk_size": 96,
        "decode_ms": 1.999872,
        "decode_gib_s": 465.69104450279735,
        "decode_ns_iters": [
          2007040,
          2006944,
          2006016,
          2005984,
          2009184,
          2007968,
          2004000,
          2010112,
          2008064,
          2009088,
          2008064,
          2009056,
          2006016,
          2007040,
          2013184,
          2008064,
          2008096,
          2007040,
          2009088,
          2026400,
          2009280,
          2002944,
          2008224,
          2011136,
          2008064,
          2004992,
          2007040,
          2009088,
          2010112,
          1999872
        ],
        "chunk_tokens": 96,
        "block_threads": 128,
        "staged_input_bytes": 173247002,
        "applicable": true
      },
      {
        "kernel": "onpair_dh_k3_t128_b4_h2",
        "role": "experimental",
        "stage_bytes": null,
        "chunk_size": 96,
        "decode_ms": 1.9968,
        "decode_gib_s": 466.407492263571,
        "decode_ns_iters": [
          2002944,
          1996960,
          2020352,
          1999872,
          2003968,
          2000832,
          2002944,
          2001920,
          2001920,
          2013184,
          2002944,
          2000896,
          2001920,
          2000896,
          1998848,
          2000896,
          2000896,
          2000896,
          2004992,
          1997824,
          2014208,
          1998912,
          1996800,
          2002112,
          2024448,
          2001920,
          2002944,
          2004992,
          2009088,
          1999712
        ],
        "chunk_tokens": 96,
        "block_threads": 128,
        "staged_input_bytes": 173247002,
        "applicable": true
      },
      {
        "kernel": "onpair_dh_k3_t128_b4_h3",
        "role": "experimental",
        "stage_bytes": null,
        "chunk_size": 96,
        "decode_ms": 2.003968,
        "decode_gib_s": 464.73919770769714,
        "decode_ns_iters": [
          2006016,
          2011136,
          2007040,
          2009088,
          2003968,
          2014208,
          2006912,
          2006016,
          2007040,
          2006016,
          2004992,
          2008032,
          2008064,
          2003968,
          2025472,
          2007040,
          2007040,
          2006016,
          2006016,
          2004992,
          2009056,
          2009952,
          2008064,
          2008064,
          2008064,
          2026336,
          2006016,
          2009088,
          2007040,
          2009088
        ],
        "chunk_tokens": 96,
        "block_threads": 128,
        "staged_input_bytes": 173247002,
        "applicable": true
      },
      {
        "kernel": "onpair_dh_k3_t128_b6_h2",
        "role": "experimental",
        "stage_bytes": null,
        "chunk_size": 96,
        "decode_ms": 1.995776,
        "decode_gib_s": 466.6467983139884,
        "decode_ns_iters": [
          2006912,
          2002944,
          2001920,
          1996800,
          1997824,
          2002848,
          1999872,
          2003968,
          1996800,
          1996736,
          2000736,
          2003872,
          2000896,
          2010112,
          2002944,
          1999872,
          1998848,
          2003936,
          1999872,
          2000896,
          2002944,
          2001888,
          2000896,
          2000896,
          1999872,
          1996800,
          2002944,
          1995776,
          2011136,
          2001920
        ],
        "chunk_tokens": 96,
        "block_threads": 128,
        "staged_input_bytes": 173247002,
        "applicable": true
      },
      {
        "kernel": "onpair_dh_k3_t128_b6_h3",
        "role": "experimental",
        "stage_bytes": null,
        "chunk_size": 96,
        "decode_ms": 2.00304,
        "decode_gib_s": 464.9545094216284,
        "decode_ns_iters": [
          2006016,
          2008064,
          2006016,
          2011104,
          2005984,
          2010112,
          2006880,
          2007968,
          2007040,
          2025472,
          2015232,
          2006016,
          2007040,
          2008960,
          2016256,
          2003040,
          2004992,
          2004032,
          2010112,
          2009088,
          2007040,
          2007040,
          2004992,
          2010112,
          2008064,
          2008064,
          2027520,
          2014176,
          2003968,
          2008064
        ],
        "chunk_tokens": 96,
        "block_threads": 128,
        "staged_input_bytes": 173247002,
        "applicable": true
      },
      {
        "kernel": "onpair_dh_k3_t128_b8_h2",
        "role": "experimental",
        "stage_bytes": null,
        "chunk_size": 96,
        "decode_ms": 1.995776,
        "decode_gib_s": 466.6467983139884,
        "decode_ns_iters": [
          2008064,
          2002880,
          2003072,
          2004992,
          1999872,
          1998944,
          1999872,
          2000992,
          1998848,
          1996800,
          2014144,
          1999872,
          1996800,
          1995776,
          1998848,
          1998848,
          1997824,
          1996800,
          1996800,
          1999872,
          2004992,
          1998848,
          1999744,
          2013184,
          2018304,
          2003968,
          1999904,
          2003968,
          2008064,
          1997824
        ],
        "chunk_tokens": 96,
        "block_threads": 128,
        "staged_input_bytes": 173247002,
        "applicable": true
      },
      {
        "kernel": "onpair_dh_k3_t128_b8_h3",
        "role": "experimental",
        "stage_bytes": null,
        "chunk_size": 96,
        "decode_ms": 2.00192,
        "decode_gib_s": 465.21463422709115,
        "decode_ns_iters": [
          2010112,
          2004992,
          2004992,
          2008064,
          2008064,
          2014208,
          2022400,
          2008064,
          2003968,
          2009088,
          2006016,
          2009088,
          2015232,
          2003840,
          2010112,
          2008064,
          2009088,
          2008064,
          2006016,
          2003968,
          2004992,
          2003968,
          2002944,
          2002848,
          2006016,
          2012160,
          2002944,
          2001920,
          2002944,
          2011136
        ],
        "chunk_tokens": 96,
        "block_threads": 128,
        "staged_input_bytes": 173247002,
        "applicable": true
      },
      {
        "kernel": "onpair_dh_k3_t256_b1_h0",
        "role": "experimental",
        "stage_bytes": null,
        "chunk_size": 96,
        "decode_ms": 1.98144,
        "decode_gib_s": 470.0230542191025,
        "decode_ns_iters": [
          1986560,
          2004064,
          1988608,
          1987584,
          1984512,
          1989632,
          1990496,
          1987776,
          1988608,
          1991680,
          1985408,
          1992608,
          1990624,
          1981440,
          2001920,
          1984512,
          1987584,
          1984512,
          1983488,
          1988608,
          1983488,
          1988608,
          1986560,
          1985536,
          1986560,
          1989696,
          1984544,
          2001824,
          1994752,
          1987584
        ],
        "chunk_tokens": 96,
        "block_threads": 256,
        "staged_input_bytes": 173247002,
        "applicable": true
      },
      {
        "kernel": "onpair_dh_k3_t256_b1_h2",
        "role": "experimental",
        "stage_bytes": null,
        "chunk_size": 96,
        "decode_ms": 1.992704,
        "decode_gib_s": 467.3661921448938,
        "decode_ns_iters": [
          1998848,
          2002944,
          2002944,
          1999872,
          2019328,
          2002752,
          1992704,
          2001952,
          2001920,
          2000960,
          2017280,
          2000896,
          2001920,
          2002080,
          2001920,
          1998848,
          2012160,
          2005888,
          1995776,
          2001920,
          2001888,
          2000896,
          2016256,
          1997824,
          1995776,
          2000896,
          1998752,
          1995776,
          1995776,
          1996800
        ],
        "chunk_tokens": 96,
        "block_threads": 256,
        "staged_input_bytes": 173247002,
        "applicable": true
      },
      {
        "kernel": "onpair_dh_k3_t256_b1_h3",
        "role": "experimental",
        "stage_bytes": null,
        "chunk_size": 96,
        "decode_ms": 1.9968,
        "decode_gib_s": 466.407492263571,
        "decode_ns_iters": [
          2005024,
          2007168,
          2003840,
          1996800,
          1999008,
          1998848,
          1999872,
          2006016,
          2004992,
          2002944,
          2009088,
          2005920,
          2007040,
          2029568,
          2002944,
          2003968,
          2003968,
          2003968,
          2006976,
          2023424,
          2004000,
          2004992,
          2003968,
          2006944,
          2004000,
          1997920,
          1998848,
          2004992,
          2004992,
          2009088
        ],
        "chunk_tokens": 96,
        "block_threads": 256,
        "staged_input_bytes": 173247002,
        "applicable": true
      },
      {
        "kernel": "onpair_dh_k3_t256_b2_h2",
        "role": "experimental",
        "stage_bytes": null,
        "chunk_size": 96,
        "decode_ms": 1.994752,
        "decode_gib_s": 466.88635005850267,
        "decode_ns_iters": [
          2000896,
          2001920,
          2018304,
          2000896,
          2001920,
          2000896,
          2003968,
          2000896,
          2003968,
          2013184,
          2004128,
          1999872,
          2001824,
          2001920,
          1999872,
          2003968,
          2003872,
          2002944,
          2006016,
          2007104,
          2007040,
          1994752,
          1996800,
          2001920,
          2003968,
          2000896,
          1995616,
          2006016,
          2004864,
          2002944
        ],
        "chunk_tokens": 96,
        "block_threads": 256,
        "staged_input_bytes": 173247002,
        "applicable": true
      },
      {
        "kernel": "onpair_dh_k3_t256_b2_h3",
        "role": "experimental",
        "stage_bytes": null,
        "chunk_size": 96,
        "decode_ms": 2.000896,
        "decode_gib_s": 465.45271745852784,
        "decode_ns_iters": [
          2003968,
          2006016,
          2005952,
          2001792,
          2002944,
          2004992,
          2008064,
          2004992,
          2003104,
          2004032,
          2006016,
          2003776,
          2002944,
          2002944,
          2020352,
          2001920,
          2006016,
          2003936,
          2006016,
          2006016,
          2012160,
          2010080,
          2008992,
          2002944,
          2007040,
          2004992,
          2002944,
          2011136,
          2006016,
          2000896
        ],
        "chunk_tokens": 96,
        "block_threads": 256,
        "staged_input_bytes": 173247002,
        "applicable": true
      },
      {
        "kernel": "onpair_dh_k3_t256_b4_h0",
        "role": "experimental",
        "stage_bytes": null,
        "chunk_size": 96,
        "decode_ms": 1.978368,
        "decode_gib_s": 470.75290368217566,
        "decode_ns_iters": [
          1988608,
          1986560,
          1990656,
          1985536,
          1983392,
          1980416,
          1986560,
          1983488,
          1982592,
          1984544,
          1986560,
          1979392,
          1981440,
          1981440,
          1978368,
          1985472,
          1981440,
          1981440,
          2008032,
          1983488,
          1986560,
          1983488,
          1984512,
          1988608,
          1984512,
          1981440,
          1988608,
          1979392,
          1986560,
          1985536
        ],
        "chunk_tokens": 96,
        "block_threads": 256,
        "staged_input_bytes": 173247002,
        "applicable": true
      },
      {
        "kernel": "onpair_dh_k3_t256_b4_h2",
        "role": "experimental",
        "stage_bytes": null,
        "chunk_size": 96,
        "decode_ms": 1.9968,
        "decode_gib_s": 466.407492263571,
        "decode_ns_iters": [
          1998848,
          2004096,
          2000896,
          1999872,
          1999872,
          1996800,
          2006016,
          2002944,
          2004864,
          2004992,
          1998848,
          2004992,
          2000832,
          2008064,
          2015136,
          1999776,
          2006016,
          2001952,
          2001920,
          2002944,
          2010112,
          1997824,
          2001920,
          1999712,
          2001920,
          2002944,
          2015232,
          2011168,
          2002944,
          2002944
        ],
        "chunk_tokens": 96,
        "block_threads": 256,
        "staged_input_bytes": 173247002,
        "applicable": true
      },
      {
        "kernel": "onpair_dh_k3_t256_b4_h3",
        "role": "experimental",
        "stage_bytes": null,
        "chunk_size": 96,
        "decode_ms": 1.9968,
        "decode_gib_s": 466.407492263571,
        "decode_ns_iters": [
          2004032,
          1999872,
          1999872,
          2027520,
          2011136,
          2002944,
          2002944,
          2001792,
          2002944,
          2004992,
          2003968,
          2001920,
          2004992,
          2003968,
          2001952,
          1999872,
          2001920,
          1996800,
          1998848,
          1997824,
          2003904,
          2016256,
          1997824,
          2003968,
          2008064,
          2004992,
          2005856,
          2013376,
          2014208,
          2004896
        ],
        "chunk_tokens": 96,
        "block_threads": 256,
        "staged_input_bytes": 173247002,
        "applicable": true
      },
      {
        "kernel": "onpair_dh_k3_t256_b6_h2",
        "role": "experimental",
        "stage_bytes": null,
        "chunk_size": 96,
        "decode_ms": 2.069504,
        "decode_gib_s": 450.0220731885025,
        "decode_ns_iters": [
          2078720,
          2082816,
          2098176,
          2075648,
          2072576,
          2074624,
          2076672,
          2080704,
          2085888,
          2077696,
          2096128,
          2078720,
          2078720,
          2076672,
          2069504,
          2079744,
          2076672,
          2077696,
          2077696,
          2081792,
          2078720,
          2076672,
          2073600,
          2072576,
          2074624,
          2075776,
          2073600,
          2080768,
          2082880,
          2077824
        ],
        "chunk_tokens": 96,
        "block_threads": 256,
        "staged_input_bytes": 173247002,
        "applicable": true
      },
      {
        "kernel": "onpair_dh_k3_t256_b6_h3",
        "role": "experimental",
        "stage_bytes": null,
        "chunk_size": 96,
        "decode_ms": 2.075648,
        "decode_gib_s": 448.6899900907564,
        "decode_ns_iters": [
          2078720,
          2088960,
          2095040,
          2084864,
          2081792,
          2093056,
          2084864,
          2092032,
          2095104,
          2082816,
          2086912,
          2081792,
          2083840,
          2081728,
          2081888,
          2080768,
          2086912,
          2091008,
          2075648,
          2082816,
          2083808,
          2080768,
          2082816,
          2084864,
          2083840,
          2083840,
          2084768,
          2083840,
          2086912,
          2083840
        ],
        "chunk_tokens": 96,
        "block_threads": 256,
        "staged_input_bytes": 173247002,
        "applicable": true
      },
      {
        "kernel": "onpair_dh_k3_t256_b8_h0",
        "role": "experimental",
        "stage_bytes": null,
        "chunk_size": 96,
        "decode_ms": 2.069504,
        "decode_gib_s": 450.0220731885025,
        "decode_ns_iters": [
          2077696,
          2071552,
          2074624,
          2069504,
          2075648,
          2075840,
          2071552,
          2083840,
          2076736,
          2074624,
          2072704,
          2078720,
          2087808,
          2077696,
          2081792,
          2074624,
          2075648,
          2079744,
          2073632,
          2077696,
          2073600,
          2076672,
          2072576,
          2073600,
          2075648,
          2078656,
          2081760,
          2074688,
          2077696,
          2073600
        ],
        "chunk_tokens": 96,
        "block_threads": 256,
        "staged_input_bytes": 173247002,
        "applicable": true
      },
      {
        "kernel": "onpair_dh_k3_t256_b8_h2",
        "role": "experimental",
        "stage_bytes": null,
        "chunk_size": 96,
        "decode_ms": 2.072576,
        "decode_gib_s": 449.3550444238949,
        "decode_ns_iters": [
          2079680,
          2089984,
          2076672,
          2076576,
          2076672,
          2091008,
          2087936,
          2076608,
          2075648,
          2098176,
          2080768,
          2077696,
          2079744,
          2091008,
          2075648,
          2081792,
          2075648,
          2095104,
          2078720,
          2080768,
          2083840,
          2094144,
          2078720,
          2078720,
          2081792,
          2094080,
          2073600,
          2072576,
          2076672,
          2079744
        ],
        "chunk_tokens": 96,
        "block_threads": 256,
        "staged_input_bytes": 173247002,
        "applicable": true
      },
      {
        "kernel": "onpair_dh_k3_t256_b8_h3",
        "role": "experimental",
        "stage_bytes": null,
        "chunk_size": 96,
        "decode_ms": 2.075648,
        "decode_gib_s": 448.6899900907564,
        "decode_ns_iters": [
          2085888,
          2079712,
          2081792,
          2078720,
          2081792,
          2075648,
          2087936,
          2080768,
          2078720,
          2081792,
          2087936,
          2081792,
          2084864,
          2080768,
          2080768,
          2081920,
          2083840,
          2094080,
          2083680,
          2088928,
          2081760,
          2082816,
          2084864,
          2083968,
          2082816,
          2084864,
          2081632,
          2082816,
          2080768,
          2084864
        ],
        "chunk_tokens": 96,
        "block_threads": 256,
        "staged_input_bytes": 173247002,
        "applicable": true
      },
      {
        "kernel": "onpair_dh_k4_t64_b1_h2",
        "role": "experimental",
        "stage_bytes": null,
        "chunk_size": 128,
        "decode_ms": 1.93536,
        "decode_gib_s": 481.21407931955736,
        "decode_ns_iters": [
          1941504,
          1947648,
          1943552,
          1943552,
          1945440,
          1968128,
          1958016,
          1940480,
          1943552,
          1937408,
          1938560,
          1939392,
          1937472,
          1936448,
          1939456,
          1952768,
          1937600,
          1939456,
          1941504,
          1938432,
          1936384,
          1935360,
          1939392,
          1939456,
          1945568,
          1940608,
          1958912,
          1947648,
          1939456,
          1936480
        ],
        "chunk_tokens": 128,
        "block_threads": 64,
        "staged_input_bytes": 171523746,
        "applicable": true
      },
      {
        "kernel": "onpair_dh_k4_t64_b1_h3",
        "role": "experimental",
        "stage_bytes": null,
        "chunk_size": 128,
        "decode_ms": 1.943712,
        "decode_gib_s": 479.14633472031784,
        "decode_ns_iters": [
          1965056,
          1946624,
          1946784,
          1948736,
          1946624,
          1951744,
          1946528,
          1947648,
          1943712,
          1945600,
          1966080,
          1946464,
          1956864,
          1944480,
          1951808,
          1953792,
          1954816,
          1951904,
          1952768,
          1966080,
          1954816,
          1953792,
          1951744,
          1948672,
          1953792,
          1952768,
          1951936,
          1956864,
          1951744,
          1959936
        ],
        "chunk_tokens": 128,
        "block_threads": 64,
        "staged_input_bytes": 171523746,
        "applicable": true
      },
      {
        "kernel": "onpair_dh_k4_t64_b1_h4",
        "role": "experimental",
        "stage_bytes": null,
        "chunk_size": 128,
        "decode_ms": 1.951744,
        "decode_gib_s": 477.1745067754268,
        "decode_ns_iters": [
          1976320,
          1969152,
          1957888,
          1958912,
          1959936,
          1959936,
          1959904,
          1960960,
          1959936,
          1956864,
          1958912,
          1955712,
          1960960,
          1959936,
          1959936,
          1961024,
          1955808,
          1956864,
          1957888,
          1952768,
          1955840,
          1953792,
          1954816,
          1958912,
          1951744,
          1973248,
          1954880,
          1963008,
          1957888,
          1958912
        ],
        "chunk_tokens": 128,
        "block_threads": 64,
        "staged_input_bytes": 171523746,
        "applicable": true
      },
      {
        "kernel": "onpair_dh_k4_t64_b2_h2",
        "role": "experimental",
        "stage_bytes": null,
        "chunk_size": 128,
        "decode_ms": 1.937408,
        "decode_gib_s": 480.7053963604457,
        "decode_ns_iters": [
          1937600,
          1939456,
          1939392,
          1939456,
          1940480,
          1938432,
          1942528,
          1937408,
          1942528,
          1959936,
          1940480,
          1937408,
          1940480,
          1939456,
          1938432,
          1944576,
          1944576,
          1945600,
          1941504,
          1945600,
          1944416,
          1944768,
          1946624,
          1943552,
          1943552,
          1945600,
          1940480,
          1945600,
          1941504,
          1944576
        ],
        "chunk_tokens": 128,
        "block_threads": 64,
        "staged_input_bytes": 171523746,
        "applicable": true
      },
      {
        "kernel": "onpair_dh_k4_t64_b2_h3",
        "role": "experimental",
        "stage_bytes": null,
        "chunk_size": 128,
        "decode_ms": 1.946624,
        "decode_gib_s": 478.42956860282135,
        "decode_ns_iters": [
          1953952,
          1949632,
          1950656,
          1957856,
          1951744,
          1951584,
          1953792,
          1949696,
          1951744,
          1966080,
          1946624,
          1948672,
          1951744,
          1953792,
          1953792,
          1950720,
          1952768,
          1953792,
          1952768,
          1954752,
          1951744,
          1952768,
          1954816,
          1953792,
          1953792,
          1956864,
          1948672,
          1948672,
          1949696,
          1947648
        ],
        "chunk_tokens": 128,
        "block_threads": 64,
        "staged_input_bytes": 171523746,
        "applicable": true
      },
      {
        "kernel": "onpair_dh_k4_t64_b2_h4",
        "role": "experimental",
        "stage_bytes": null,
        "chunk_size": 128,
        "decode_ms": 1.952768,
        "decode_gib_s": 476.92428417092987,
        "decode_ns_iters": [
          1960992,
          1960864,
          1960960,
          1959936,
          1958752,
          1958912,
          1963008,
          1954816,
          1954976,
          1955840,
          1956864,
          1953792,
          1955840,
          1954816,
          1955840,
          1953792,
          1968128,
          1957888,
          1956864,
          1952768,
          1953856,
          1957792,
          1957760,
          1963008,
          1954976,
          1973248,
          1956864,
          1964032,
          1960960,
          1959936
        ],
        "chunk_tokens": 128,
        "block_threads": 64,
        "staged_input_bytes": 171523746,
        "applicable": true
      },
      {
        "kernel": "onpair_dh_k4_t64_b4_h2",
        "role": "experimental",
        "stage_bytes": null,
        "chunk_size": 128,
        "decode_ms": 1.937408,
        "decode_gib_s": 480.7053963604457,
        "decode_ns_iters": [
          1948512,
          1945600,
          1943424,
          1944576,
          1940480,
          1947648,
          1942528,
          1937408,
          1950720,
          1939456,
          1944576,
          1943552,
          1944576,
          1945440,
          1941504,
          1943552,
          1942528,
          1944576,
          1942528,
          1937440,
          1943552,
          1944512,
          1944576,
          1942528,
          1943552,
          1941504,
          1943552,
          1944576,
          1938432,
          1940480
        ],
        "chunk_tokens": 128,
        "block_threads": 64,
        "staged_input_bytes": 171523746,
        "applicable": true
      },
      {
        "kernel": "onpair_dh_k4_t64_b4_h3",
        "role": "experimental",
        "stage_bytes": null,
        "chunk_size": 128,
        "decode_ms": 1.944576,
        "decode_gib_s": 478.9334438725452,
        "decode_ns_iters": [
          1953792,
          1952608,
          1951648,
          1950720,
          1950720,
          1945600,
          1946528,
          1952768,
          1958912,
          1950720,
          1954976,
          1952768,
          1954816,
          1944576,
          1945600,
          1969152,
          1951744,
          1953792,
          1952768,
          1951744,
          1949696,
          1952768,
          1950784,
          1969152,
          1951744,
          1953600,
          1950912,
          1952704,
          1950720,
          1949696
        ],
        "chunk_tokens": 128,
        "block_threads": 64,
        "staged_input_bytes": 171523746,
        "applicable": true
      },
      {
        "kernel": "onpair_dh_k4_t64_b4_h4",
        "role": "experimental",
        "stage_bytes": null,
        "chunk_size": 128,
        "decode_ms": 1.953664,
        "decode_gib_s": 476.7055545640901,
        "decode_ns_iters": [
          1959936,
          1956864,
          1958912,
          1957888,
          1953792,
          1953664,
          1963008,
          1957888,
          1960960,
          1957888,
          1958912,
          1956864,
          1957920,
          1954816,
          1955840,
          1953792,
          1960960,
          1958912,
          1957856,
          1957888,
          1969152,
          1953792,
          1954784,
          1959936,
          1953728,
          1963008,
          1959904,
          1957888,
          1973248,
          1958912
        ],
        "chunk_tokens": 128,
        "block_threads": 64,
        "staged_input_bytes": 171523746,
        "applicable": true
      },
      {
        "kernel": "onpair_dh_k4_t64_b6_h2",
        "role": "experimental",
        "stage_bytes": null,
        "chunk_size": 128,
        "decode_ms": 1.935232,
        "decode_gib_s": 481.24590775260975,
        "decode_ns_iters": [
          1943552,
          1954816,
          1940480,
          1935360,
          1937408,
          1939456,
          1937408,
          1936384,
          1938432,
          1938432,
          1935232,
          1942528,
          1959936,
          1937312,
          1938432,
          1937248,
          1936384,
          1938560,
          1937408,
          1938432,
          1937408,
          1942528,
          1938432,
          1958912,
          1938336,
          1946496,
          1937408,
          1942528,
          1938336,
          1936512
        ],
        "chunk_tokens": 128,
        "block_threads": 64,
        "staged_input_bytes": 171523746,
        "applicable": true
      },
      {
        "kernel": "onpair_dh_k4_t64_b6_h3",
        "role": "experimental",
        "stage_bytes": null,
        "chunk_size": 128,
        "decode_ms": 1.944576,
        "decode_gib_s": 478.9334438725452,
        "decode_ns_iters": [
          1945504,
          1946592,
          1944576,
          1947584,
          1947648,
          1945504,
          1946624,
          1944576,
          1969152,
          1945600,
          1957824,
          1946656,
          1946624,
          1947616,
          1946720,
          1949600,
          1948736,
          1944576,
          1946624,
          1947648,
          1945600,
          1945600,
          1947648,
          1946624,
          1946464,
          1948672,
          1946624,
          1950752,
          1946624,
          1963008
        ],
        "chunk_tokens": 128,
        "block_threads": 64,
        "staged_input_bytes": 171523746,
        "applicable": true
      },
      {
        "kernel": "onpair_dh_k4_t64_b6_h4",
        "role": "experimental",
        "stage_bytes": null,
        "chunk_size": 128,
        "decode_ms": 1.951744,
        "decode_gib_s": 477.1745067754268,
        "decode_ns_iters": [
          1953792,
          1955840,
          1954624,
          1956736,
          1952768,
          1955904,
          1952768,
          1953792,
          1951744,
          1953792,
          1951744,
          1961952,
          1969152,
          1953792,
          1967104,
          1955840,
          1959936,
          1958912,
          1956864,
          1957888,
          1973248,
          1957888,
          1954784,
          1959936,
          1961984,
          1956864,
          1958944,
          1957888,
          1974272,
          1959936
        ],
        "chunk_tokens": 128,
        "block_threads": 64,
        "staged_input_bytes": 171523746,
        "applicable": true
      },
      {
        "kernel": "onpair_dh_k4_t64_b8_h2",
        "role": "experimental",
        "stage_bytes": null,
        "chunk_size": 128,
        "decode_ms": 1.937408,
        "decode_gib_s": 480.7053963604457,
        "decode_ns_iters": [
          1945632,
          1945728,
          1944576,
          1943552,
          1945600,
          1943552,
          1943392,
          1942528,
          1937408,
          1960992,
          1947648,
          1941504,
          1943616,
          1944544,
          1944576,
          1945504,
          1939456,
          1945408,
          1959936,
          1942528,
          1941504,
          1942400,
          1942368,
          1942528,
          1941440,
          1943552,
          1943552,
          1959936,
          1939456,
          1950816
        ],
        "chunk_tokens": 128,
        "block_threads": 64,
        "staged_input_bytes": 171523746,
        "applicable": true
      },
      {
        "kernel": "onpair_dh_k4_t64_b8_h3",
        "role": "experimental",
        "stage_bytes": null,
        "chunk_size": 128,
        "decode_ms": 1.945536,
        "decode_gib_s": 478.697120254726,
        "decode_ns_iters": [
          1965056,
          1953792,
          1952768,
          1952768,
          1951744,
          1947648,
          1950784,
          1948672,
          1952768,
          1963168,
          1946592,
          1948544,
          1968128,
          1951776,
          1952768,
          1950720,
          1952768,
          1948544,
          1967104,
          1952768,
          1951744,
          1954816,
          1952768,
          1951744,
          1951744,
          1949696,
          1964032,
          1945536,
          1947648,
          1947648
        ],
        "chunk_tokens": 128,
        "block_threads": 64,
        "staged_input_bytes": 171523746,
        "applicable": true
      },
      {
        "kernel": "onpair_dh_k4_t64_b8_h4",
        "role": "experimental",
        "stage_bytes": null,
        "chunk_size": 128,
        "decode_ms": 1.952608,
        "decode_gib_s": 476.96336415291677,
        "decode_ns_iters": [
          1959936,
          1954816,
          1952608,
          1959936,
          1958912,
          1965056,
          1959936,
          1975488,
          1957888,
          1959808,
          1959936,
          1959776,
          1959872,
          1959936,
          1959936,
          1977344,
          1957984,
          1960032,
          1958912,
          1960960,
          1959072,
          1965056,
          1959968,
          1959936,
          1958912,
          1959936,
          1959936,
          1959008,
          1957888,
          1961984
        ],
        "chunk_tokens": 128,
        "block_threads": 64,
        "staged_input_bytes": 171523746,
        "applicable": true
      },
      {
        "kernel": "onpair_dh_k4_t128_b1_h2",
        "role": "experimental",
        "stage_bytes": null,
        "chunk_size": 128,
        "decode_ms": 1.94064,
        "decode_gib_s": 479.90481519081254,
        "decode_ns_iters": [
          1946624,
          1947712,
          1945600,
          1953632,
          1942528,
          1941504,
          1944576,
          1941504,
          1948672,
          1948672,
          1945600,
          1946624,
          1944576,
          1948672,
          1948672,
          1946624,
          1949696,
          1941504,
          1943552,
          1942528,
          1946784,
          1946624,
          1959936,
          1950720,
          1945600,
          1940640,
          1946624,
          1948768,
          1947648,
          1947648
        ],
        "chunk_tokens": 128,
        "block_threads": 128,
        "staged_input_bytes": 171523746,
        "applicable": true
      },
      {
        "kernel": "onpair_dh_k4_t128_b1_h3",
        "role": "experimental",
        "stage_bytes": null,
        "chunk_size": 128,
        "decode_ms": 1.946624,
        "decode_gib_s": 478.42956860282135,
        "decode_ns_iters": [
          1954816,
          1948672,
          1949536,
          1954688,
          1949696,
          1952768,
          1954976,
          1948672,
          1946624,
          1955840,
          1956800,
          1955840,
          1965056,
          1955840,
          1955936,
          1952768,
          1953696,
          1950720,
          1954816,
          1954816,
          1955680,
          1953888,
          1950720,
          1949568,
          1955840,
          1954816,
          1953728,
          1954816,
          1954784,
          1971200
        ],
        "chunk_tokens": 128,
        "block_threads": 128,
        "staged_input_bytes": 171523746,
        "applicable": true
      },
      {
        "kernel": "onpair_dh_k4_t128_b1_h4",
        "role": "experimental",
        "stage_bytes": null,
        "chunk_size": 128,
        "decode_ms": 1.953792,
        "decode_gib_s": 476.67432385427855,
        "decode_ns_iters": [
          1958912,
          1973248,
          1956864,
          1959936,
          1959936,
          1959776,
          1959936,
          1959936,
          1955840,
          1975296,
          1960960,
          1961984,
          1959936,
          1956864,
          1957024,
          1957888,
          1953792,
          1970240,
          1958912,
          1961984,
          1958912,
          1955840,
          1956768,
          1956864,
          1958912,
          1959904,
          1956704,
          1958912,
          1961984,
          1959936
        ],
        "chunk_tokens": 128,
        "block_threads": 128,
        "staged_input_bytes": 171523746,
        "applicable": true
      },
      {
        "kernel": "onpair_dh_k4_t128_b2_h2",
        "role": "experimental",
        "stage_bytes": null,
        "chunk_size": 128,
        "decode_ms": 1.94048,
        "decode_gib_s": 479.9443851788725,
        "decode_ns_iters": [
          1943552,
          1945600,
          1948672,
          1947648,
          1946624,
          1967200,
          1942528,
          1947648,
          1945600,
          1946624,
          1950720,
          1946624,
          1946624,
          1944576,
          1959936,
          1945600,
          1940480,
          1941504,
          1940480,
          1946624,
          1945600,
          1947648,
          1941504,
          1945632,
          1957888,
          1947648,
          1946496,
          1949696,
          1946624,
          1945600
        ],
        "chunk_tokens": 128,
        "block_threads": 128,
        "staged_input_bytes": 171523746,
        "applicable": true
      },
      {
        "kernel": "onpair_dh_k4_t128_b2_h3",
        "role": "experimental",
        "stage_bytes": null,
        "chunk_size": 128,
        "decode_ms": 1.948672,
        "decode_gib_s": 477.9267524508478,
        "decode_ns_iters": [
          1949696,
          1955840,
          1955840,
          1952768,
          1954816,
          1970176,
          1953792,
          1956864,
          1952768,
          1952608,
          1955840,
          1954816,
          1953792,
          1963072,
          1948672,
          1957888,
          1951872,
          1954848,
          1952768,
          1954816,
          1954816,
          1957888,
          1954816,
          1950816,
          1955840,
          1949696,
          1953792,
          1952768,
          1950720,
          1950656
        ],
        "chunk_tokens": 128,
        "block_threads": 128,
        "staged_input_bytes": 171523746,
        "applicable": true
      },
      {
        "kernel": "onpair_dh_k4_t128_b2_h4",
        "role": "experimental",
        "stage_bytes": null,
        "chunk_size": 128,
        "decode_ms": 1.951744,
        "decode_gib_s": 477.1745067754268,
        "decode_ns_iters": [
          1951744,
          1959904,
          1957920,
          1971104,
          1955840,
          1952768,
          1964032,
          1958912,
          1957888,
          1958912,
          1957888,
          1976320,
          1954816,
          1962112,
          1956864,
          1960960,
          1957888,
          1958080,
          1955648,
          1975296,
          1960960,
          1956864,
          1959072,
          1955840,
          1952768,
          1955840,
          1959936,
          1973248,
          1957888,
          1957888
        ],
        "chunk_tokens": 128,
        "block_threads": 128,
        "staged_input_bytes": 171523746,
        "applicable": true
      },
      {
        "kernel": "onpair_dh_k4_t128_b4_h2",
        "role": "experimental",
        "stage_bytes": null,
        "chunk_size": 128,
        "decode_ms": 1.94048,
        "decode_gib_s": 479.9443851788725,
        "decode_ns_iters": [
          1943552,
          1941504,
          1946688,
          1951744,
          1948672,
          1946624,
          1945600,
          1948672,
          1963008,
          1946496,
          1945600,
          1946624,
          1948544,
          1949760,
          1945600,
          1946624,
          1958912,
          1947648,
          1944576,
          1940480,
          1940480,
          1948672,
          1948672,
          1947648,
          1945600,
          1954816,
          1945600,
          1944576,
          1943552,
          1943456
        ],
        "chunk_tokens": 128,
        "block_threads": 128,
        "staged_input_bytes": 171523746,
        "applicable": true
      },
      {
        "kernel": "onpair_dh_k4_t128_b4_h3",
        "role": "experimental",
        "stage_bytes": null,
        "chunk_size": 128,
        "decode_ms": 1.946624,
        "decode_gib_s": 478.42956860282135,
        "decode_ns_iters": [
          1962048,
          1954816,
          1952640,
          1955840,
          1953760,
          1956000,
          1972160,
          1950720,
          1952768,
          1957024,
          1952768,
          1952768,
          1954816,
          1946624,
          1969152,
          1953792,
          1952768,
          1949696,
          1956864,
          1954848,
          1954816,
          1949696,
          1947648,
          1955680,
          1965056,
          1951744,
          1954816,
          1952768,
          1965056,
          1951744
        ],
        "chunk_tokens": 128,
        "block_threads": 128,
        "staged_input_bytes": 171523746,
        "applicable": true
      },
      {
        "kernel": "onpair_dh_k4_t128_b4_h4",
        "role": "experimental",
        "stage_bytes": null,
        "chunk_size": 128,
        "decode_ms": 1.951648,
        "decode_gib_s": 477.1979786067459,
        "decode_ns_iters": [
          1959936,
          1955808,
          1958912,
          1971200,
          1957888,
          1958816,
          1955840,
          1951648,
          1956864,
          1960896,
          1958912,
          1974272,
          1960960,
          1956960,
          1959936,
          1958912,
          1963936,
          1958912,
          1954816,
          1958912,
          1965056,
          1958912,
          1955840,
          1956864,
          1956864,
          1956864,
          1958912,
          1957888,
          1952672,
          1958912
        ],
        "chunk_tokens": 128,
        "block_threads": 128,
        "staged_input_bytes": 171523746,
        "applicable": true
      },
      {
        "kernel": "onpair_dh_k4_t128_b6_h2",
        "role": "experimental",
        "stage_bytes": null,
        "chunk_size": 128,
        "decode_ms": 1.938432,
        "decode_gib_s": 480.4514579577197,
        "decode_ns_iters": [
          1946624,
          1947648,
          1944576,
          1948672,
          1948672,
          1944512,
          1946624,
          1947744,
          1946624,
          1945600,
          1951936,
          1946624,
          1951904,
          1949696,
          1943552,
          1943712,
          1958912,
          1945600,
          1959936,
          1948512,
          1950720,
          1946624,
          1938432,
          1946624,
          1945600,
          1947648,
          1948672,
          1947648,
          1943552,
          1950720
        ],
        "chunk_tokens": 128,
        "block_threads": 128,
        "staged_input_bytes": 171523746,
        "applicable": true
      },
      {
        "kernel": "onpair_dh_k4_t128_b6_h3",
        "role": "experimental",
        "stage_bytes": null,
        "chunk_size": 128,
        "decode_ms": 1.948672,
        "decode_gib_s": 477.9267524508478,
        "decode_ns_iters": [
          1953792,
          1953792,
          1953792,
          1954816,
          1951872,
          1956864,
          1954816,
          1954816,
          1951744,
          1951648,
          1953728,
          1955744,
          1953952,
          1950720,
          1949696,
          1950720,
          1951744,
          1948704,
          1948672,
          1948672,
          1948672,
          1953792,
          1955840,
          1952768,
          1949696,
          1950720,
          1956768,
          1951744,
          1954816,
          1951744
        ],
        "chunk_tokens": 128,
        "block_threads": 128,
        "staged_input_bytes": 171523746,
        "applicable": true
      },
      {
        "kernel": "onpair_dh_k4_t128_b6_h4",
        "role": "experimental",
        "stage_bytes": null,
        "chunk_size": 128,
        "decode_ms": 1.953792,
        "decode_gib_s": 476.67432385427855,
        "decode_ns_iters": [
          1966080,
          1958912,
          1957024,
          1975296,
          1959744,
          1953792,
          1958912,
          1954816,
          1957888,
          1960960,
          1956864,
          1971200,
          1955840,
          1953792,
          1953792,
          1955808,
          1959936,
          1955680,
          1957888,
          1958912,
          1955840,
          1960960,
          1955840,
          1954816,
          1957888,
          1959936,
          1958912,
          1978304,
          1955840,
          1958752
        ],
        "chunk_tokens": 128,
        "block_threads": 128,
        "staged_input_bytes": 171523746,
        "applicable": true
      },
      {
        "kernel": "onpair_dh_k4_t128_b8_h2",
        "role": "experimental",
        "stage_bytes": null,
        "chunk_size": 128,
        "decode_ms": 1.939456,
        "decode_gib_s": 480.19778770536607,
        "decode_ns_iters": [
          1945440,
          1939456,
          1942688,
          1947648,
          1946624,
          1948864,
          1949696,
          1945600,
          1966080,
          1946624,
          1949696,
          1947680,
          1947648,
          1945792,
          1948672,
          1946624,
          1946624,
          1947648,
          1949696,
          1945600,
          1947648,
          1944576,
          1946624,
          1946624,
          1946624,
          1963008,
          1945600,
          1957888,
          1942528,
          1945600
        ],
        "chunk_tokens": 128,
        "block_threads": 128,
        "staged_input_bytes": 171523746,
        "applicable": true
      },
      {
        "kernel": "onpair_dh_k4_t128_b8_h3",
        "role": "experimental",
        "stage_bytes": null,
        "chunk_size": 128,
        "decode_ms": 1.949696,
        "decode_gib_s": 477.67574050103116,
        "decode_ns_iters": [
          1960128,
          1950720,
          1954816,
          1954816,
          1956864,
          1955840,
          1967104,
          1949696,
          1964032,
          1955840,
          1955872,
          1952576,
          1953664,
          1957024,
          1950720,
          1951744,
          1956864,
          1952768,
          1956864,
          1952896,
          1954816,
          1954816,
          1952768,
          1969152,
          1958848,
          1953792,
          1954816,
          1955840,
          1953792,
          1953792
        ],
        "chunk_tokens": 128,
        "block_threads": 128,
        "staged_input_bytes": 171523746,
        "applicable": true
      },
      {
        "kernel": "onpair_dh_k4_t128_b8_h4",
        "role": "experimental",
        "stage_bytes": null,
        "chunk_size": 128,
        "decode_ms": 1.959936,
        "decode_gib_s": 475.1800469769924,
        "decode_ns_iters": [
          1963008,
          1961856,
          1961984,
          1963008,
          1970144,
          1961152,
          1965056,
          1961984,
          1960960,
          1963040,
          1984512,
          1959936,
          1961984,
          1964032,
          1962112,
          1960960,
          1960960,
          1959936,
          1959936,
          1973120,
          1963008,
          1959936,
          1961792,
          1959936,
          1961824,
          1980416,
          1960960,
          1964032,
          1966080,
          1963008
        ],
        "chunk_tokens": 128,
        "block_threads": 128,
        "staged_input_bytes": 171523746,
        "applicable": true
      },
      {
        "kernel": "onpair_dh_k4_t256_b1_h0",
        "role": "experimental",
        "stage_bytes": null,
        "chunk_size": 128,
        "decode_ms": 1.941408,
        "decode_gib_s": 479.714970038188,
        "decode_ns_iters": [
          1949696,
          1947648,
          1943552,
          1950720,
          1946624,
          1948672,
          1946624,
          1947584,
          1947552,
          1948672,
          1941408,
          1942624,
          1948672,
          1941504,
          1948672,
          1967968,
          1946624,
          1941504,
          1944576,
          1947648,
          1943552,
          1945600,
          1948672,
          1948672,
          1942528,
          1948672,
          1946624,
          1942528,
          1941504,
          1946624
        ],
        "chunk_tokens": 128,
        "block_threads": 256,
        "staged_input_bytes": 171523746,
        "applicable": true
      },
      {
        "kernel": "onpair_dh_k4_t256_b1_h2",
        "role": "experimental",
        "stage_bytes": null,
        "chunk_size": 128,
        "decode_ms": 1.944576,
        "decode_gib_s": 478.9334438725452,
        "decode_ns_iters": [
          1950624,
          1953792,
          1945600,
          1951744,
          1951648,
          1966080,
          1948672,
          1953600,
          1950560,
          1951744,
          1951680,
          1947584,
          1944576,
          1947648,
          1968128,
          1948672,
          1954880,
          1951744,
          1949696,
          1950720,
          1951744,
          1955840,
          1968160,
          1950720,
          1948672,
          1951744,
          1955840,
          1950720,
          1948672,
          1949696
        ],
        "chunk_tokens": 128,
        "block_threads": 256,
        "staged_input_bytes": 171523746,
        "applicable": true
      },
      {
        "kernel": "onpair_dh_k4_t256_b1_h3",
        "role": "experimental",
        "stage_bytes": null,
        "chunk_size": 128,
        "decode_ms": 1.954816,
        "decode_gib_s": 476.42462541328615,
        "decode_ns_iters": [
          1963008,
          1957888,
          1977344,
          1959936,
          1956864,
          1956864,
          1958912,
          1963008,
          1956864,
          1960960,
          1976320,
          1958944,
          1960960,
          1954816,
          1961984,
          1956864,
          1960960,
          1960960,
          1959936,
          1956864,
          1956864,
          1962048,
          1960800,
          1959936,
          1956960,
          1958752,
          1963008,
          1959904,
          1957728,
          1960000
        ],
        "chunk_tokens": 128,
        "block_threads": 256,
        "staged_input_bytes": 171523746,
        "applicable": true
      },
      {
        "kernel": "onpair_dh_k4_t256_b1_h4",
        "role": "experimental",
        "stage_bytes": null,
        "chunk_size": 128,
        "decode_ms": 1.957888,
        "decode_gib_s": 475.6770972353365,
        "decode_ns_iters": [
          1973248,
          1964032,
          1964032,
          1969120,
          1984512,
          1963008,
          1964032,
          1957888,
          1963008,
          1964032,
          1964032,
          1964032,
          1964032,
          1966080,
          1964096,
          1965056,
          1958912,
          1957888,
          1958912,
          1966080,
          1965056,
          1962944,
          1963040,
          1963008,
          1961984,
          1968128,
          1970176,
          1966080,
          1963936,
          1965056
        ],
        "chunk_tokens": 128,
        "block_threads": 256,
        "staged_input_bytes": 171523746,
        "applicable": true
      },
      {
        "kernel": "onpair_dh_k4_t256_b2_h2",
        "role": "experimental",
        "stage_bytes": null,
        "chunk_size": 128,
        "decode_ms": 1.943552,
        "decode_gib_s": 479.1857797228469,
        "decode_ns_iters": [
          1951744,
          1954688,
          1949696,
          1952768,
          1953792,
          1953632,
          1949696,
          1947648,
          1949696,
          1950656,
          1950720,
          1951744,
          1947648,
          1949696,
          1946624,
          1943552,
          1944576,
          1945792,
          1949696,
          1950816,
          1950720,
          1952768,
          1964032,
          1950720,
          1949696,
          1951744,
          1951744,
          1944576,
          1949696,
          1949696
        ],
        "chunk_tokens": 128,
        "block_threads": 256,
        "staged_input_bytes": 171523746,
        "applicable": true
      },
      {
        "kernel": "onpair_dh_k4_t256_b2_h3",
        "role": "experimental",
        "stage_bytes": null,
        "chunk_size": 128,
        "decode_ms": 1.952768,
        "decode_gib_s": 476.92428417092987,
        "decode_ns_iters": [
          1960960,
          1959840,
          1960000,
          1953792,
          1961984,
          1960960,
          1960960,
          1957888,
          1958912,
          1960960,
          1957952,
          1952832,
          1954816,
          1952768,
          1958912,
          1958912,
          1958912,
          1976224,
          1958912,
          1958912,
          1959104,
          1958880,
          1960960,
          1957888,
          1958912,
          1957888,
          1957888,
          1960960,
          1958912,
          1953792
        ],
        "chunk_tokens": 128,
        "block_threads": 256,
        "staged_input_bytes": 171523746,
        "applicable": true
      },
      {
        "kernel": "onpair_dh_k4_t256_b2_h4",
        "role": "experimental",
        "stage_bytes": null,
        "chunk_size": 128,
        "decode_ms": 1.958912,
        "decode_gib_s": 475.4284421923488,
        "decode_ns_iters": [
          1968128,
          1965056,
          1965056,
          1964032,
          1966112,
          1958912,
          1959936,
          1958912,
          1963008,
          1966080,
          1966976,
          1979392,
          1964128,
          1966048,
          1965056,
          1963200,
          1966080,
          1966080,
          1981440,
          1968128,
          1966080,
          1961984,
          1966080,
          1967104,
          1965056,
          1982464,
          1965056,
          1964032,
          1971200,
          1964032
        ],
        "chunk_tokens": 128,
        "block_threads": 256,
        "staged_input_bytes": 171523746,
        "applicable": true
      },
      {
        "kernel": "onpair_dh_k4_t256_b4_h0",
        "role": "experimental",
        "stage_bytes": null,
        "chunk_size": 128,
        "decode_ms": 1.938432,
        "decode_gib_s": 480.4514579577197,
        "decode_ns_iters": [
          1947648,
          1945600,
          1945600,
          1945600,
          1944576,
          1964032,
          1944480,
          1943520,
          1945600,
          1946624,
          1943552,
          1945600,
          1941504,
          1938432,
          1948512,
          1954816,
          1946560,
          1944480,
          1942528,
          1945600,
          1941504,
          1940480,
          1944576,
          1946464,
          1945568,
          1945472,
          1946624,
          1943552,
          1949600,
          1942528
        ],
        "chunk_tokens": 128,
        "block_threads": 256,
        "staged_input_bytes": 171523746,
        "applicable": true
      },
      {
        "kernel": "onpair_dh_k4_t256_b4_h2",
        "role": "experimental",
        "stage_bytes": null,
        "chunk_size": 128,
        "decode_ms": 1.946624,
        "decode_gib_s": 478.42956860282135,
        "decode_ns_iters": [
          1955936,
          1952672,
          1952960,
          1951744,
          1950720,
          1951744,
          1952704,
          1949696,
          1953728,
          1953920,
          1952768,
          1956864,
          1946624,
          1953792,
          1953792,
          1951744,
          1952768,
          1950720,
          1951584,
          1951744,
          1953664,
          1951744,
          1949888,
          1948672,
          1949632,
          1951744,
          1947648,
          1960960,
          1952768,
          1950720
        ],
        "chunk_tokens": 128,
        "block_threads": 256,
        "staged_input_bytes": 171523746,
        "applicable": true
      },
      {
        "kernel": "onpair_dh_k4_t256_b4_h3",
        "role": "experimental",
        "stage_bytes": null,
        "chunk_size": 128,
        "decode_ms": 1.953792,
        "decode_gib_s": 476.67432385427855,
        "decode_ns_iters": [
          1963008,
          1961984,
          1956864,
          1955840,
          1960960,
          1961056,
          1976320,
          1965056,
          1960800,
          1953792,
          1961792,
          1959936,
          1958912,
          1961984,
          1961952,
          1958912,
          1961984,
          1955968,
          1954816,
          1960960,
          1959936,
          1960960,
          1961984,
          1955840,
          1958784,
          1960000,
          1964032,
          1958912,
          1955840,
          1978368
        ],
        "chunk_tokens": 128,
        "block_threads": 256,
        "staged_input_bytes": 171523746,
        "applicable": true
      },
      {
        "kernel": "onpair_dh_k4_t256_b4_h4",
        "role": "experimental",
        "stage_bytes": null,
        "chunk_size": 128,
        "decode_ms": 1.961024,
        "decode_gib_s": 474.916411299351,
        "decode_ns_iters": [
          1966080,
          1968192,
          1964032,
          1972224,
          1964032,
          1969088,
          1961024,
          1969152,
          1965984,
          1966112,
          1972352,
          1968128,
          1970176,
          1967104,
          1961024,
          1968096,
          1974240,
          1971072,
          1970048,
          1968128,
          1968128,
          1971200,
          1970176,
          1970176,
          1970176,
          1968256,
          1967104,
          1968128,
          1968128,
          1964032
        ],
        "chunk_tokens": 128,
        "block_threads": 256,
        "staged_input_bytes": 171523746,
        "applicable": true
      },
      {
        "kernel": "onpair_dh_k4_t256_b6_h2",
        "role": "experimental",
        "stage_bytes": null,
        "chunk_size": 128,
        "decode_ms": 1.946624,
        "decode_gib_s": 478.42956860282135,
        "decode_ns_iters": [
          1970176,
          1948672,
          1950720,
          1954816,
          1949696,
          1951744,
          1951744,
          1950720,
          1970080,
          1949696,
          1952768,
          1946624,
          1950592,
          1953760,
          1954784,
          1951744,
          1967008,
          1953792,
          1950592,
          1950720,
          1950720,
          1946624,
          1952768,
          1949696,
          1970176,
          1952672,
          1951712,
          1952768,
          1954816,
          1946624
        ],
        "chunk_tokens": 128,
        "block_threads": 256,
        "staged_input_bytes": 171523746,
        "applicable": true
      },
      {
        "kernel": "onpair_dh_k4_t256_b6_h3",
        "role": "experimental",
        "stage_bytes": null,
        "chunk_size": 128,
        "decode_ms": 1.951744,
        "decode_gib_s": 477.1745067754268,
        "decode_ns_iters": [
          1960960,
          1956864,
          1955776,
          1960800,
          1969184,
          1959936,
          1957888,
          1956864,
          1957888,
          1958912,
          1959936,
          1958912,
          1957824,
          1956864,
          1955744,
          1951744,
          1958912,
          1956864,
          1960960,
          1957888,
          1976288,
          1953728,
          1953792,
          1961984,
          1954816,
          1954816,
          1955808,
          1961888,
          1976448,
          1958912
        ],
        "chunk_tokens": 128,
        "block_threads": 256,
        "staged_input_bytes": 171523746,
        "applicable": true
      },
      {
        "kernel": "onpair_dh_k4_t256_b6_h4",
        "role": "experimental",
        "stage_bytes": null,
        "chunk_size": 128,
        "decode_ms": 1.964992,
        "decode_gib_s": 473.9573904381791,
        "decode_ns_iters": [
          1987552,
          1972224,
          1973248,
          1970176,
          1971200,
          1969280,
          1965056,
          1989632,
          1972224,
          1972224,
          1969152,
          1972224,
          1968128,
          1967104,
          1973248,
          1979392,
          1969152,
          1971200,
          1974272,
          1970176,
          1971200,
          1965056,
          1966080,
          1965056,
          1966080,
          1964992,
          1968128,
          1966080,
          1970176,
          1969152
        ],
        "chunk_tokens": 128,
        "block_threads": 256,
        "staged_input_bytes": 171523746,
        "applicable": true
      },
      {
        "kernel": "onpair_dh_k4_t256_b8_h0",
        "role": "experimental",
        "stage_bytes": null,
        "chunk_size": 128,
        "decode_ms": 1.93952,
        "decode_gib_s": 480.18194220832913,
        "decode_ns_iters": [
          1967104,
          1948672,
          1944576,
          1946624,
          1946496,
          1949696,
          1944576,
          1943552,
          1963136,
          1946624,
          1944576,
          1944736,
          1948672,
          1944576,
          1944576,
          1949696,
          1952768,
          1943552,
          1945600,
          1942528,
          1947648,
          1947808,
          1946624,
          1948672,
          1949696,
          1948672,
          1953792,
          1943552,
          1939520,
          1945536
        ],
        "chunk_tokens": 128,
        "block_threads": 256,
        "staged_input_bytes": 171523746,
        "applicable": true
      },
      {
        "kernel": "onpair_dh_k4_t256_b8_h2",
        "role": "experimental",
        "stage_bytes": null,
        "chunk_size": 128,
        "decode_ms": 1.9456,
        "decode_gib_s": 478.68137363892805,
        "decode_ns_iters": [
          1952672,
          1950720,
          1952768,
          1951904,
          1947648,
          1956864,
          1951744,
          1953792,
          1955840,
          1951744,
          1954816,
          1950720,
          1945600,
          1968128,
          1951616,
          1949728,
          1952768,
          1949696,
          1952768,
          1953792,
          1955840,
          1963936,
          1947552,
          1946624,
          1947648,
          1950720,
          1954816,
          1952768,
          1953792,
          1970176
        ],
        "chunk_tokens": 128,
        "block_threads": 256,
        "staged_input_bytes": 171523746,
        "applicable": true
      },
      {
        "kernel": "onpair_dh_k4_t256_b8_h3",
        "role": "experimental",
        "stage_bytes": null,
        "chunk_size": 128,
        "decode_ms": 1.954816,
        "decode_gib_s": 476.42462541328615,
        "decode_ns_iters": [
          1959936,
          1959936,
          1954816,
          1961984,
          1958912,
          1960960,
          1964032,
          1958912,
          1972160,
          1970176,
          1961888,
          1958912,
          1959936,
          1959840,
          1960960,
          1973248,
          1960960,
          1960960,
          1960960,
          1957888,
          1960960,
          1962016,
          1960960,
          1959936,
          1959936,
          1962912,
          1961984,
          1957888,
          1958912,
          1960960
        ],
        "chunk_tokens": 128,
        "block_threads": 256,
        "staged_input_bytes": 171523746,
        "applicable": true
      },
      {
        "kernel": "onpair_dh_k4_t256_b8_h4",
        "role": "experimental",
        "stage_bytes": null,
        "chunk_size": 128,
        "decode_ms": 1.964032,
        "decode_gib_s": 474.18905626379734,
        "decode_ns_iters": [
          1970176,
          1982368,
          1973248,
          1969152,
          1968128,
          1968128,
          1969152,
          1967104,
          1981440,
          1965056,
          1968128,
          1969152,
          1969152,
          1966080,
          1969152,
          1984512,
          1967104,
          1972224,
          1969152,
          1970176,
          1967104,
          1970240,
          1982560,
          1971104,
          1964032,
          1970176,
          1967104,
          1969152,
          1969152,
          1970368
        ],
        "chunk_tokens": 128,
        "block_threads": 256,
        "staged_input_bytes": 171523746,
        "applicable": true
      },
      {
        "kernel": "onpair_dh_k5_t64_b1_h2",
        "role": "experimental",
        "stage_bytes": null,
        "chunk_size": 160,
        "decode_ms": 1.897472,
        "decode_gib_s": 490.8227792304173,
        "decode_ns_iters": [
          1901568,
          1920000,
          1897472,
          1897472,
          1913856,
          1900544,
          1902592,
          1902592,
          1903712,
          1903616,
          1903456,
          1902592,
          1903616,
          1903616,
          1918944,
          1902592,
          1904640,
          1903616,
          1903616,
          1902400,
          1902592,
          1901568,
          1904640,
          1902592,
          1898496,
          1902592,
          1904640,
          1922976,
          1899520,
          1898400
        ],
        "chunk_tokens": 160,
        "block_threads": 64,
        "staged_input_bytes": 170489786,
        "applicable": true
      },
      {
        "kernel": "onpair_dh_k5_t64_b1_h3",
        "role": "experimental",
        "stage_bytes": null,
        "chunk_size": 160,
        "decode_ms": 1.905664,
        "decode_gib_s": 488.7128478849884,
        "decode_ns_iters": [
          1910784,
          1930240,
          1908736,
          1906816,
          1908736,
          1911712,
          1909760,
          1909760,
          1910784,
          1908736,
          1911808,
          1911840,
          1910784,
          1922048,
          1905664,
          1910784,
          1917952,
          1908544,
          1909792,
          1911808,
          1911968,
          1905664,
          1907712,
          1912832,
          1910592,
          1908736,
          1928192,
          1911808,
          1911808,
          1908736
        ],
        "chunk_tokens": 160,
        "block_threads": 64,
        "staged_input_bytes": 170489786,
        "applicable": true
      },
      {
        "kernel": "onpair_dh_k5_t64_b1_h4",
        "role": "experimental",
        "stage_bytes": null,
        "chunk_size": 160,
        "decode_ms": 1.906688,
        "decode_gib_s": 488.45038126421235,
        "decode_ns_iters": [
          1914880,
          1926144,
          1912832,
          1910784,
          1909664,
          1908736,
          1910784,
          1910784,
          1908736,
          1909760,
          1910784,
          1910784,
          1909760,
          1926144,
          1909760,
          1906688,
          1910784,
          1909760,
          1909760,
          1909728,
          1908736,
          1909760,
          1909600,
          1909760,
          1907840,
          1910784,
          1908736,
          1917952,
          1914880,
          1911808
        ],
        "chunk_tokens": 160,
        "block_threads": 64,
        "staged_input_bytes": 170489786,
        "applicable": true
      },
      {
        "kernel": "onpair_dh_k5_t64_b2_h2",
        "role": "experimental",
        "stage_bytes": null,
        "chunk_size": 160,
        "decode_ms": 1.89952,
        "decode_gib_s": 490.293590250115,
        "decode_ns_iters": [
          1901568,
          1903616,
          1920000,
          1901568,
          1903744,
          1903616,
          1902592,
          1901568,
          1902592,
          1903616,
          1901568,
          1902784,
          1904640,
          1902592,
          1899520,
          1915776,
          1903616,
          1912672,
          1904640,
          1902592,
          1903616,
          1903616,
          1902592,
          1902592,
          1902592,
          1902784,
          1902592,
          1922048,
          1901568,
          1901568
        ],
        "chunk_tokens": 160,
        "block_threads": 64,
        "staged_input_bytes": 170489786,
        "applicable": true
      },
      {
        "kernel": "onpair_dh_k5_t64_b2_h3",
        "role": "experimental",
        "stage_bytes": null,
        "chunk_size": 160,
        "decode_ms": 1.90464,
        "decode_gib_s": 488.9755967279372,
        "decode_ns_iters": [
          1911808,
          1925120,
          1908896,
          1909760,
          1910784,
          1907808,
          1904640,
          1912736,
          1910784,
          1911808,
          1910784,
          1908736,
          1911808,
          1929216,
          1910752,
          1909760,
          1909760,
          1910720,
          1909760,
          1911808,
          1908768,
          1909760,
          1910784,
          1912832,
          1925120,
          1909760,
          1908832,
          1910784,
          1904736,
          1905632
        ],
        "chunk_tokens": 160,
        "block_threads": 64,
        "staged_input_bytes": 170489786,
        "applicable": true
      },
      {
        "kernel": "onpair_dh_k5_t64_b2_h4",
        "role": "experimental",
        "stage_bytes": null,
        "chunk_size": 160,
        "decode_ms": 1.906688,
        "decode_gib_s": 488.45038126421235,
        "decode_ns_iters": [
          1915904,
          1913856,
          1922048,
          1914880,
          1913856,
          1915872,
          1913856,
          1913856,
          1916896,
          1924096,
          1909760,
          1914880,
          1912896,
          1913856,
          1913856,
          1915904,
          1911808,
          1913856,
          1914880,
          1906688,
          1914880,
          1922048,
          1912832,
          1915904,
          1913856,
          1913952,
          1911808,
          1913856,
          1913856,
          1914880
        ],
        "chunk_tokens": 160,
        "block_threads": 64,
        "staged_input_bytes": 170489786,
        "applicable": true
      },
      {
        "kernel": "onpair_dh_k5_t64_b4_h2",
        "role": "experimental",
        "stage_bytes": null,
        "chunk_size": 160,
        "decode_ms": 1.896448,
        "decode_gib_s": 491.08780232935385,
        "decode_ns_iters": [
          1902592,
          1904640,
          1903616,
          1902592,
          1902592,
          1903552,
          1917952,
          1899520,
          1905664,
          1902592,
          1902592,
          1903616,
          1903616,
          1903584,
          1903616,
          1896448,
          1902592,
          1902592,
          1903616,
          1900544,
          1913952,
          1897472,
          1897472,
          1898496,
          1896448,
          1897568,
          1900544,
          1946624,
          1901568,
          1903616
        ],
        "chunk_tokens": 160,
        "block_threads": 64,
        "staged_input_bytes": 170489786,
        "applicable": true
      },
      {
        "kernel": "onpair_dh_k5_t64_b4_h3",
        "role": "experimental",
        "stage_bytes": null,
        "chunk_size": 160,
        "decode_ms": 1.905664,
        "decode_gib_s": 488.7128478849884,
        "decode_ns_iters": [
          1910784,
          1910784,
          1909760,
          1916928,
          1908736,
          1910784,
          1910784,
          1924096,
          1906688,
          1905664,
          1905664,
          1909824,
          1911776,
          1910784,
          1908736,
          1909760,
          1909632,
          1909760,
          1909760,
          1908736,
          1910784,
          1909760,
          1912832,
          1906688,
          1908736,
          1911808,
          1910784,
          1908736,
          1909728,
          1910784
        ],
        "chunk_tokens": 160,
        "block_threads": 64,
        "staged_input_bytes": 170489786,
        "applicable": true
      },
      {
        "kernel": "onpair_dh_k5_t64_b4_h4",
        "role": "experimental",
        "stage_bytes": null,
        "chunk_size": 160,
        "decode_ms": 1.908576,
        "decode_gib_s": 487.96719677492456,
        "decode_ns_iters": [
          1914880,
          1908576,
          1910784,
          1913856,
          1912832,
          1913856,
          1915904,
          1913856,
          1914880,
          1914880,
          1913024,
          1910752,
          1912832,
          1914752,
          1913760,
          1913856,
          1912832,
          1927200,
          1909760,
          1910784,
          1909760,
          1915904,
          1913856,
          1913920,
          1913856,
          1914880,
          1912768,
          1912832,
          1912832,
          1925120
        ],
        "chunk_tokens": 160,
        "block_threads": 64,
        "staged_input_bytes": 170489786,
        "applicable": true
      },
      {
        "kernel": "onpair_dh_k5_t64_b6_h2",
        "role": "experimental",
        "stage_bytes": null,
        "chunk_size": 160,
        "decode_ms": 1.896448,
        "decode_gib_s": 491.08780232935385,
        "decode_ns_iters": [
          1903744,
          1901408,
          1898496,
          1914880,
          1897472,
          1898496,
          1898592,
          1898464,
          1898496,
          1896448,
          1904640,
          1901568,
          1903616,
          1901568,
          1901568,
          1906688,
          1904608,
          1904608,
          1920000,
          1901632,
          1897472,
          1899488,
          1902592,
          1903616,
          1903616,
          1907712,
          1904768,
          1898496,
          1905664,
          1899520
        ],
        "chunk_tokens": 160,
        "block_threads": 64,
        "staged_input_bytes": 170489786,
        "applicable": true
      },
      {
        "kernel": "onpair_dh_k5_t64_b6_h3",
        "role": "experimental",
        "stage_bytes": null,
        "chunk_size": 160,
        "decode_ms": 1.903616,
        "decode_gib_s": 489.238628248501,
        "decode_ns_iters": [
          1910784,
          1911808,
          1913824,
          1906592,
          1910784,
          1923072,
          1911808,
          1909760,
          1910784,
          1910784,
          1907872,
          1909760,
          1911808,
          1908736,
          1910720,
          1910784,
          1908736,
          1920000,
          1903616,
          1905536,
          1912832,
          1909760,
          1912832,
          1909760,
          1909760,
          1908736,
          1912832,
          1908928,
          1909760,
          1911808
        ],
        "chunk_tokens": 160,
        "block_threads": 64,
        "staged_input_bytes": 170489786,
        "applicable": true
      },
      {
        "kernel": "onpair_dh_k5_t64_b6_h4",
        "role": "experimental",
        "stage_bytes": null,
        "chunk_size": 160,
        "decode_ms": 1.908736,
        "decode_gib_s": 487.92629287229795,
        "decode_ns_iters": [
          1913952,
          1913856,
          1909760,
          1908736,
          1913856,
          1914880,
          1913856,
          1913856,
          1916032,
          1916928,
          1914848,
          1912832,
          1915904,
          1912832,
          1912832,
          1929280,
          1914880,
          1910720,
          1911808,
          1914880,
          1913856,
          1914880,
          1913856,
          1913856,
          1913856,
          1913856,
          1912832,
          1929216,
          1912800,
          1914880
        ],
        "chunk_tokens": 160,
        "block_threads": 64,
        "staged_input_bytes": 170489786,
        "applicable": true
      },
      {
        "kernel": "onpair_dh_k5_t64_b8_h2",
        "role": "experimental",
        "stage_bytes": null,
        "chunk_size": 160,
        "decode_ms": 1.898496,
        "decode_gib_s": 490.55804202479146,
        "decode_ns_iters": [
          1904640,
          1923072,
          1903616,
          1906688,
          1898496,
          1901568,
          1902592,
          1903616,
          1902464,
          1902592,
          1905664,
          1903616,
          1903616,
          1903520,
          1903616,
          1915968,
          1898496,
          1904640,
          1899520,
          1905664,
          1904640,
          1900672,
          1901568,
          1904640,
          1905504,
          1903616,
          1901568,
          1901568,
          1904640,
          1898496
        ],
        "chunk_tokens": 160,
        "block_threads": 64,
        "staged_input_bytes": 170489786,
        "applicable": true
      },
      {
        "kernel": "onpair_dh_k5_t64_b8_h3",
        "role": "experimental",
        "stage_bytes": null,
        "chunk_size": 160,
        "decode_ms": 1.905664,
        "decode_gib_s": 488.7128478849884,
        "decode_ns_iters": [
          1906688,
          1911808,
          1909760,
          1909760,
          1925120,
          1906560,
          1907712,
          1910784,
          1912832,
          1910784,
          1909856,
          1910784,
          1912832,
          1908736,
          1909760,
          1908736,
          1910784,
          1927008,
          1910880,
          1909888,
          1906688,
          1905664,
          1909760,
          1909760,
          1911616,
          1910784,
          1909760,
          1911808,
          1909760,
          1909760
        ],
        "chunk_tokens": 160,
        "block_threads": 64,
        "staged_input_bytes": 170489786,
        "applicable": true
      },
      {
        "kernel": "onpair_dh_k5_t64_b8_h4",
        "role": "experimental",
        "stage_bytes": null,
        "chunk_size": 160,
        "decode_ms": 1.907712,
        "decode_gib_s": 488.1881964111451,
        "decode_ns_iters": [
          1914816,
          1913856,
          1911808,
          1929216,
          1914880,
          1913856,
          1913856,
          1912832,
          1908736,
          1913856,
          1911808,
          1913856,
          1912832,
          1913760,
          1913760,
          1911808,
          1927168,
          1910784,
          1920960,
          1913856,
          1914880,
          1913856,
          1910784,
          1913856,
          1913856,
          1907712,
          1911808,
          1915904,
          1914880,
          1927168
        ],
        "chunk_tokens": 160,
        "block_threads": 64,
        "staged_input_bytes": 170489786,
        "applicable": true
      },
      {
        "kernel": "onpair_dh_k5_t128_b1_h2",
        "role": "experimental",
        "stage_bytes": null,
        "chunk_size": 160,
        "decode_ms": 1.906688,
        "decode_gib_s": 488.45038126421235,
        "decode_ns_iters": [
          1913856,
          1913856,
          1933312,
          1906688,
          1908576,
          1921024,
          1910784,
          1912832,
          1913696,
          1912832,
          1910784,
          1922208,
          1907712,
          1912832,
          1913856,
          1930240,
          1914880,
          1914848,
          1912736,
          1913856,
          1912832,
          1913856,
          1914880,
          1912832,
          1921024,
          1911904,
          1907712,
          1909760,
          1914880,
          1908736
        ],
        "chunk_tokens": 160,
        "block_threads": 128,
        "staged_input_bytes": 170489786,
        "applicable": true
      },
      {
        "kernel": "onpair_dh_k5_t128_b1_h3",
        "role": "experimental",
        "stage_bytes": null,
        "chunk_size": 160,
        "decode_ms": 1.915904,
        "decode_gib_s": 486.1008070090665,
        "decode_ns_iters": [
          1922048,
          1936384,
          1916928,
          1916800,
          1915904,
          1923968,
          1921024,
          1923072,
          1922016,
          1924224,
          1923072,
          1918976,
          1918976,
          1940480,
          1922048,
          1930240,
          1923072,
          1922048,
          1923072,
          1922048,
          1923072,
          1922048,
          1924096,
          1921024,
          1924096,
          1922048,
          1921088,
          1920000,
          1916928,
          1922048
        ],
        "chunk_tokens": 160,
        "block_threads": 128,
        "staged_input_bytes": 170489786,
        "applicable": true
      },
      {
        "kernel": "onpair_dh_k5_t128_b1_h4",
        "role": "experimental",
        "stage_bytes": null,
        "chunk_size": 160,
        "decode_ms": 1.918976,
        "decode_gib_s": 485.3226306904821,
        "decode_ns_iters": [
          1925952,
          1925120,
          1926336,
          1926144,
          1927168,
          1918976,
          1921024,
          1927168,
          1940480,
          1924096,
          1925120,
          1925120,
          1925120,
          1927168,
          1926144,
          1925280,
          1923072,
          1925120,
          1927168,
          1922048,
          1921024,
          1930080,
          1920000,
          1927168,
          1924096,
          1927168,
          1924096,
          1924096,
          1926112,
          1928032
        ],
        "chunk_tokens": 160,
        "block_threads": 128,
        "staged_input_bytes": 170489786,
        "applicable": true
      },
      {
        "kernel": "onpair_dh_k5_t128_b2_h2",
        "role": "experimental",
        "stage_bytes": null,
        "chunk_size": 160,
        "decode_ms": 1.906688,
        "decode_gib_s": 488.45038126421235,
        "decode_ns_iters": [
          1913856,
          1911808,
          1912672,
          1930240,
          1906688,
          1912896,
          1923072,
          1911808,
          1910784,
          1910784,
          1911776,
          1911680,
          1913856,
          1916096,
          1912000,
          1910688,
          1921024,
          1910848,
          1906688,
          1908736,
          1912832,
          1912832,
          1911808,
          1913856,
          1911808,
          1912832,
          1912832,
          1911808,
          1912832,
          1928192
        ],
        "chunk_tokens": 160,
        "block_threads": 128,
        "staged_input_bytes": 170489786,
        "applicable": true
      },
      {
        "kernel": "onpair_dh_k5_t128_b2_h3",
        "role": "experimental",
        "stage_bytes": null,
        "chunk_size": 160,
        "decode_ms": 1.917952,
        "decode_gib_s": 485.58174581631783,
        "decode_ns_iters": [
          1926144,
          1924096,
          1935360,
          1924096,
          1923072,
          1923072,
          1923072,
          1920000,
          1918784,
          1923072,
          1926144,
          1921024,
          1924256,
          1921024,
          1930432,
          1923072,
          1922080,
          1918976,
          1920960,
          1924096,
          1925120,
          1922048,
          1923264,
          1917952,
          1922080,
          1917952,
          1935360,
          1924096,
          1924000,
          1926144
        ],
        "chunk_tokens": 160,
        "block_threads": 128,
        "staged_input_bytes": 170489786,
        "applicable": true
      },
      {
        "kernel": "onpair_dh_k5_t128_b2_h4",
        "role": "experimental",
        "stage_bytes": null,
        "chunk_size": 160,
        "decode_ms": 1.918976,
        "decode_gib_s": 485.3226306904821,
        "decode_ns_iters": [
          1924096,
          1944576,
          1926976,
          1927008,
          1926144,
          1926144,
          1927168,
          1928096,
          1925120,
          1935360,
          1923072,
          1928192,
          1927168,
          1926048,
          1925120,
          1926144,
          1928192,
          1918976,
          1925120,
          1924288,
          1942496,
          1920960,
          1922048,
          1924064,
          1922048,
          1923072,
          1926144,
          1927168,
          1927168,
          1928192
        ],
        "chunk_tokens": 160,
        "block_threads": 128,
        "staged_input_bytes": 170489786,
        "applicable": true
      },
      {
        "kernel": "onpair_dh_k5_t128_b4_h2",
        "role": "experimental",
        "stage_bytes": null,
        "chunk_size": 160,
        "decode_ms": 1.905792,
        "decode_gib_s": 488.6800241326958,
        "decode_ns_iters": [
          1912832,
          1912832,
          1914880,
          1912832,
          1914880,
          1928192,
          1912832,
          1918976,
          1908608,
          1908736,
          1907840,
          1912000,
          1911808,
          1910784,
          1912832,
          1912832,
          1912832,
          1911776,
          1923072,
          1909664,
          1906656,
          1907712,
          1908736,
          1910784,
          1908736,
          1909696,
          1905792,
          1913856,
          1912832,
          1914880
        ],
        "chunk_tokens": 160,
        "block_threads": 128,
        "staged_input_bytes": 170489786,
        "applicable": true
      },
      {
        "kernel": "onpair_dh_k5_t128_b4_h3",
        "role": "experimental",
        "stage_bytes": null,
        "chunk_size": 160,
        "decode_ms": 1.915904,
        "decode_gib_s": 486.1008070090665,
        "decode_ns_iters": [
          1924032,
          1917952,
          1917952,
          1925120,
          1921152,
          1922144,
          1924096,
          1922048,
          1923072,
          1924096,
          1924096,
          1916928,
          1917952,
          1918976,
          1920000,
          1922048,
          1923072,
          1922048,
          1922048,
          1916928,
          1917952,
          1922048,
          1915904,
          1924096,
          1921024,
          1922944,
          1923008,
          1921024,
          1923008,
          1917088
        ],
        "chunk_tokens": 160,
        "block_threads": 128,
        "staged_input_bytes": 170489786,
        "applicable": true
      },
      {
        "kernel": "onpair_dh_k5_t128_b4_h4",
        "role": "experimental",
        "stage_bytes": null,
        "chunk_size": 160,
        "decode_ms": 1.915904,
        "decode_gib_s": 486.1008070090665,
        "decode_ns_iters": [
          1924128,
          1924096,
          1926144,
          1941696,
          1924096,
          1927008,
          1918976,
          1921024,
          1926144,
          1925120,
          1924096,
          1930112,
          1926144,
          1924096,
          1941504,
          1928192,
          1921024,
          1920064,
          1926144,
          1926144,
          1925120,
          1925216,
          1924096,
          1924096,
          1923072,
          1944576,
          1925984,
          1928128,
          1915904,
          1920000
        ],
        "chunk_tokens": 160,
        "block_threads": 128,
        "staged_input_bytes": 170489786,
        "applicable": true
      },
      {
        "kernel": "onpair_dh_k5_t128_b6_h2",
        "role": "experimental",
        "stage_bytes": null,
        "chunk_size": 160,
        "decode_ms": 1.90576,
        "decode_gib_s": 488.6882296574063,
        "decode_ns_iters": [
          1912832,
          1919008,
          1912832,
          1913856,
          1906688,
          1905760,
          1907616,
          1911808,
          1912832,
          1913856,
          1916928,
          1929216,
          1913856,
          1911776,
          1913856,
          1912832,
          1912832,
          1913856,
          1912832,
          1912832,
          1912832,
          1916000,
          1912832,
          1918976,
          1911808,
          1912832,
          1913856,
          1912832,
          1912832,
          1912832
        ],
        "chunk_tokens": 160,
        "block_threads": 128,
        "staged_input_bytes": 170489786,
        "applicable": true
      },
      {
        "kernel": "onpair_dh_k5_t128_b6_h3",
        "role": "experimental",
        "stage_bytes": null,
        "chunk_size": 160,
        "decode_ms": 1.916928,
        "decode_gib_s": 485.8411377745531,
        "decode_ns_iters": [
          1921984,
          1923072,
          1923072,
          1921920,
          1925120,
          1916928,
          1921024,
          1940480,
          1925120,
          1922048,
          1923072,
          1921024,
          1924192,
          1918976,
          1918976,
          1925120,
          1922048,
          1923072,
          1941536,
          1923168,
          1926144,
          1928192,
          1920992,
          1922048,
          1923072,
          1923232,
          1922048,
          1924032,
          1922048,
          1937408
        ],
        "chunk_tokens": 160,
        "block_threads": 128,
        "staged_input_bytes": 170489786,
        "applicable": true
      },
      {
        "kernel": "onpair_dh_k5_t128_b6_h4",
        "role": "experimental",
        "stage_bytes": null,
        "chunk_size": 160,
        "decode_ms": 1.918976,
        "decode_gib_s": 485.3226306904821,
        "decode_ns_iters": [
          1926144,
          1927072,
          1941504,
          1925280,
          1926144,
          1920000,
          1925216,
          1924096,
          1926144,
          1925184,
          1925120,
          1925120,
          1925248,
          1924096,
          1923072,
          1918976,
          1923072,
          1923072,
          1924096,
          1925120,
          1925120,
          1925120,
          1925120,
          1928192,
          1928192,
          1923264,
          1928160,
          1926144,
          1920000,
          1926144
        ],
        "chunk_tokens": 160,
        "block_threads": 128,
        "staged_input_bytes": 170489786,
        "applicable": true
      },
      {
        "kernel": "onpair_dh_k5_t128_b8_h2",
        "role": "experimental",
        "stage_bytes": null,
        "chunk_size": 160,
        "decode_ms": 1.912832,
        "decode_gib_s": 486.8814828233208,
        "decode_ns_iters": [
          1923072,
          1922048,
          1921952,
          1920960,
          1913856,
          1912832,
          1918976,
          1918912,
          1934368,
          1922048,
          1920000,
          1919136,
          1915904,
          1913856,
          1919968,
          1918976,
          1920000,
          1921024,
          1918848,
          1920000,
          1937408,
          1915904,
          1912832,
          1922048,
          1921024,
          1918976,
          1921888,
          1918976,
          1920000,
          1924096
        ],
        "chunk_tokens": 160,
        "block_threads": 128,
        "staged_input_bytes": 170489786,
        "applicable": true
      },
      {
        "kernel": "onpair_dh_k5_t128_b8_h3",
        "role": "experimental",
        "stage_bytes": null,
        "chunk_size": 160,
        "decode_ms": 1.913856,
        "decode_gib_s": 486.6209790871928,
        "decode_ns_iters": [
          1914880,
          1918976,
          1920000,
          1922048,
          1936384,
          1922048,
          1921024,
          1921024,
          1920000,
          1921024,
          1920000,
          1920000,
          1920992,
          1921024,
          1921024,
          1915904,
          1935360,
          1914880,
          1916800,
          1915904,
          1913856,
          1918976,
          1921024,
          1920000,
          1914880,
          1922048,
          1923072,
          1920000,
          1933408,
          1918976
        ],
        "chunk_tokens": 160,
        "block_threads": 128,
        "staged_input_bytes": 170489786,
        "applicable": true
      },
      {
        "kernel": "onpair_dh_k5_t128_b8_h4",
        "role": "experimental",
        "stage_bytes": null,
        "chunk_size": 160,
        "decode_ms": 1.916928,
        "decode_gib_s": 485.8411377745531,
        "decode_ns_iters": [
          1927040,
          1917952,
          1918976,
          1920000,
          1918112,
          1924096,
          1923072,
          1925120,
          1924096,
          1916928,
          1923072,
          1921088,
          1923072,
          1927168,
          1925120,
          1923968,
          1922080,
          1923072,
          1925024,
          1920000,
          1918048,
          1920064,
          1922176,
          1926112,
          1938432,
          1924096,
          1923072,
          1918880,
          1918976,
          1925120
        ],
        "chunk_tokens": 160,
        "block_threads": 128,
        "staged_input_bytes": 170489786,
        "applicable": true
      },
      {
        "kernel": "onpair_dh_k5_t256_b1_h0",
        "role": "experimental",
        "stage_bytes": null,
        "chunk_size": 160,
        "decode_ms": 1.887232,
        "decode_gib_s": 493.4859522050805,
        "decode_ns_iters": [
          1893376,
          1893376,
          1892352,
          1893376,
          1893408,
          1892352,
          1894240,
          1892352,
          1895520,
          1894400,
          1892352,
          1895488,
          1894400,
          1909760,
          1887232,
          1889280,
          1888256,
          1887232,
          1897472,
          1888256,
          1888128,
          1888256,
          1891168,
          1893312,
          1894400,
          1892352,
          1894400,
          1897472,
          1891168,
          1889280
        ],
        "chunk_tokens": 160,
        "block_threads": 256,
        "staged_input_bytes": 170489786,
        "applicable": true
      },
      {
        "kernel": "onpair_dh_k5_t256_b1_h2",
        "role": "experimental",
        "stage_bytes": null,
        "chunk_size": 160,
        "decode_ms": 1.886368,
        "decode_gib_s": 493.71198013955836,
        "decode_ns_iters": [
          1893376,
          1893376,
          1893408,
          1893344,
          1889280,
          1892192,
          1895424,
          1887296,
          1890304,
          1904640,
          1907712,
          1891328,
          1886368,
          1898624,
          1891456,
          1894304,
          1890304,
          1889280,
          1890304,
          1893376,
          1892224,
          1894400,
          1892352,
          1891328,
          1893376,
          1890304,
          1905664,
          1892352,
          1891328,
          1892288
        ],
        "chunk_tokens": 160,
        "block_threads": 256,
        "staged_input_bytes": 170489786,
        "applicable": true
      },
      {
        "kernel": "onpair_dh_k5_t256_b1_h3",
        "role": "experimental",
        "stage_bytes": null,
        "chunk_size": 160,
        "decode_ms": 1.898496,
        "decode_gib_s": 490.55804202479146,
        "decode_ns_iters": [
          1905664,
          1923072,
          1903680,
          1903616,
          1905664,
          1904640,
          1906688,
          1902592,
          1904640,
          1905664,
          1904640,
          1905664,
          1904640,
          1904640,
          1900544,
          1916928,
          1899520,
          1900480,
          1899552,
          1905664,
          1905664,
          1903616,
          1904672,
          1903616,
          1906688,
          1898496,
          1903616,
          1903616,
          1903616,
          1906688
        ],
        "chunk_tokens": 160,
        "block_threads": 256,
        "staged_input_bytes": 170489786,
        "applicable": true
      },
      {
        "kernel": "onpair_dh_k5_t256_b1_h4",
        "role": "experimental",
        "stage_bytes": null,
        "chunk_size": 160,
        "decode_ms": 1.907712,
        "decode_gib_s": 488.1881964111451,
        "decode_ns_iters": [
          1916032,
          1910784,
          1907872,
          1929216,
          1911808,
          1908736,
          1910784,
          1912832,
          1909760,
          1909760,
          1912832,
          1909760,
          1909760,
          1908800,
          1909664,
          1908736,
          1920064,
          1911808,
          1918976,
          1914880,
          1908736,
          1911776,
          1909760,
          1910656,
          1907712,
          1918848,
          1912832,
          1910784,
          1922048,
          1907712
        ],
        "chunk_tokens": 160,
        "block_threads": 256,
        "staged_input_bytes": 170489786,
        "applicable": true
      },
      {
        "kernel": "onpair_dh_k5_t256_b2_h2",
        "role": "experimental",
        "stage_bytes": null,
        "chunk_size": 160,
        "decode_ms": 1.886208,
        "decode_gib_s": 493.75385988814514,
        "decode_ns_iters": [
          1891328,
          1892352,
          1892448,
          1903616,
          1903616,
          1887168,
          1888256,
          1888256,
          1889280,
          1897472,
          1890304,
          1892192,
          1888256,
          1892352,
          1891328,
          1893376,
          1891328,
          1896448,
          1892320,
          1894272,
          1890304,
          1892352,
          1890304,
          1907712,
          1886208,
          1893376,
          1893344,
          1894368,
          1893376,
          1892352
        ],
        "chunk_tokens": 160,
        "block_threads": 256,
        "staged_input_bytes": 170489786,
        "applicable": true
      },
      {
        "kernel": "onpair_dh_k5_t256_b2_h3",
        "role": "experimental",
        "stage_bytes": null,
        "chunk_size": 160,
        "decode_ms": 1.899616,
        "decode_gib_s": 490.2688125136335,
        "decode_ns_iters": [
          1902592,
          1906688,
          1907712,
          1908704,
          1906688,
          1906688,
          1899616,
          1903616,
          1908736,
          1906688,
          1906688,
          1903616,
          1920000,
          1907712,
          1902592,
          1900544,
          1906688,
          1907712,
          1906688,
          1907840,
          1904640,
          1906688,
          1906688,
          1906688,
          1904640,
          1901568,
          1914880,
          1902528,
          1900544,
          1916928
        ],
        "chunk_tokens": 160,
        "block_threads": 256,
        "staged_input_bytes": 170489786,
        "applicable": true
      },
      {
        "kernel": "onpair_dh_k5_t256_b2_h4",
        "role": "experimental",
        "stage_bytes": null,
        "chunk_size": 160,
        "decode_ms": 1.902592,
        "decode_gib_s": 489.5019429031019,
        "decode_ns_iters": [
          1904640,
          1918976,
          1902720,
          1907520,
          1902592,
          1905664,
          1905664,
          1910784,
          1909632,
          1909760,
          1911392,
          1904576,
          1910624,
          1905664,
          1905664,
          1906688,
          1905664,
          1921024,
          1908736,
          1910784,
          1914816,
          1911936,
          1906688,
          1912832,
          1909568,
          1909952,
          1906688,
          1903616,
          1913696,
          1912832
        ],
        "chunk_tokens": 160,
        "block_threads": 256,
        "staged_input_bytes": 170489786,
        "applicable": true
      },
      {
        "kernel": "onpair_dh_k5_t256_b4_h0",
        "role": "experimental",
        "stage_bytes": null,
        "chunk_size": 160,
        "decode_ms": 1.888256,
        "decode_gib_s": 493.21833509434026,
        "decode_ns_iters": [
          1896448,
          1892352,
          1895424,
          1893376,
          1896352,
          1897472,
          1893504,
          1897344,
          1892352,
          1905664,
          1896448,
          1893376,
          1890304,
          1889280,
          1893376,
          1892352,
          1895456,
          1893376,
          1894400,
          1893376,
          1893376,
          1893376,
          1896448,
          1888256,
          1891328,
          1896448,
          1906688,
          1892352,
          1892352,
          1892352
        ],
        "chunk_tokens": 160,
        "block_threads": 256,
        "staged_input_bytes": 170489786,
        "applicable": true
      },
      {
        "kernel": "onpair_dh_k5_t256_b4_h2",
        "role": "experimental",
        "stage_bytes": null,
        "chunk_size": 160,
        "decode_ms": 1.894368,
        "decode_gib_s": 491.6270125719493,
        "decode_ns_iters": [
          1894368,
          1902592,
          1913920,
          1902496,
          1908736,
          1900448,
          1899520,
          1894400,
          1897472,
          1899552,
          1899520,
          1897472,
          1900544,
          1900672,
          1902592,
          1901568,
          1895552,
          1912800,
          1895424,
          1896448,
          1894496,
          1901568,
          1901696,
          1901568,
          1900544,
          1899520,
          1901568,
          1895424,
          1901568,
          1900544
        ],
        "chunk_tokens": 160,
        "block_threads": 256,
        "staged_input_bytes": 170489786,
        "applicable": true
      },
      {
        "kernel": "onpair_dh_k5_t256_b4_h3",
        "role": "experimental",
        "stage_bytes": null,
        "chunk_size": 160,
        "decode_ms": 1.89952,
        "decode_gib_s": 490.293590250115,
        "decode_ns_iters": [
          1905760,
          1905664,
          1905664,
          1905664,
          1907552,
          1902592,
          1919104,
          1902592,
          1904640,
          1907680,
          1905728,
          1905664,
          1902592,
          1904640,
          1904576,
          1904640,
          1904672,
          1907872,
          1904640,
          1902592,
          1922048,
          1903776,
          1913856,
          1902592,
          1903584,
          1899520,
          1904640,
          1905664,
          1900672,
          1900480
        ],
        "chunk_tokens": 160,
        "block_threads": 256,
        "staged_input_bytes": 170489786,
        "applicable": true
      },
      {
        "kernel": "onpair_dh_k5_t256_b4_h4",
        "role": "experimental",
        "stage_bytes": null,
        "chunk_size": 160,
        "decode_ms": 1.902464,
        "decode_gib_s": 489.53487716555924,
        "decode_ns_iters": [
          1908736,
          1902464,
          1904480,
          1904640,
          1906688,
          1905664,
          1904672,
          1902592,
          1905664,
          1904640,
          1903712,
          1903616,
          1904640,
          1903616,
          1922048,
          1904800,
          1906688,
          1910784,
          1903616,
          1903616,
          1906688,
          1913856,
          1911808,
          1911808,
          1909952,
          1913856,
          1908736,
          1909760,
          1924096,
          1905664
        ],
        "chunk_tokens": 160,
        "block_threads": 256,
        "staged_input_bytes": 170489786,
        "applicable": true
      },
      {
        "kernel": "onpair_dh_k5_t256_b6_h2",
        "role": "experimental",
        "stage_bytes": null,
        "chunk_size": 160,
        "decode_ms": 1.886144,
        "decode_gib_s": 493.7706137770491,
        "decode_ns_iters": [
          1891328,
          1888352,
          1890304,
          1904576,
          1890304,
          1889280,
          1886144,
          1891328,
          1891328,
          1892352,
          1890304,
          1887360,
          1892352,
          1891328,
          1890304,
          1892352,
          1889440,
          1890304,
          1893376,
          1889440,
          1887232,
          1899456,
          1890304,
          1892224,
          1892352,
          1889408,
          1889280,
          1892352,
          1889280,
          1890272
        ],
        "chunk_tokens": 160,
        "block_threads": 256,
        "staged_input_bytes": 170489786,
        "applicable": true
      },
      {
        "kernel": "onpair_dh_k5_t256_b6_h3",
        "role": "experimental",
        "stage_bytes": null,
        "chunk_size": 160,
        "decode_ms": 1.891328,
        "decode_gib_s": 492.4172224764285,
        "decode_ns_iters": [
          1896448,
          1897472,
          1898496,
          1895392,
          1899424,
          1895424,
          1897472,
          1898464,
          1895424,
          1893344,
          1897472,
          1914752,
          1894592,
          1896448,
          1898432,
          1897568,
          1896320,
          1893376,
          1892352,
          1897472,
          1896448,
          1894304,
          1896320,
          1898496,
          1895424,
          1894464,
          1893376,
          1891328,
          1911840,
          1898368
        ],
        "chunk_tokens": 160,
        "block_threads": 256,
        "staged_input_bytes": 170489786,
        "applicable": true
      },
      {
        "kernel": "onpair_dh_k5_t256_b6_h4",
        "role": "experimental",
        "stage_bytes": null,
        "chunk_size": 160,
        "decode_ms": 1.896448,
        "decode_gib_s": 491.08780232935385,
        "decode_ns_iters": [
          1902592,
          1901568,
          1915936,
          1897472,
          1896448,
          1897472,
          1898400,
          1897472,
          1897312,
          1901568,
          1899520,
          1902592,
          1902624,
          1900544,
          1911808,
          1901408,
          1902592,
          1904640,
          1914784,
          1903552,
          1906688,
          1914848,
          1899520,
          1897472,
          1899520,
          1902528,
          1904640,
          1901568,
          1909600,
          1903584
        ],
        "chunk_tokens": 160,
        "block_threads": 256,
        "staged_input_bytes": 170489786,
        "applicable": true
      },
      {
        "kernel": "onpair_dh_k5_t256_b8_h0",
        "role": "experimental",
        "stage_bytes": null,
        "chunk_size": 160,
        "decode_ms": 1.887232,
        "decode_gib_s": 493.4859522050805,
        "decode_ns_iters": [
          1891328,
          1892256,
          1891520,
          1898496,
          1894272,
          1897472,
          1893376,
          1907744,
          1892352,
          1894272,
          1900544,
          1894400,
          1894368,
          1888256,
          1887232,
          1894400,
          1893376,
          1892512,
          1895424,
          1894400,
          1897472,
          1891328,
          1892352,
          1890304,
          1906688,
          1893216,
          1892352,
          1892352,
          1895424,
          1896288
        ],
        "chunk_tokens": 160,
        "block_threads": 256,
        "staged_input_bytes": 170489786,
        "applicable": true
      },
      {
        "kernel": "onpair_dh_k5_t256_b8_h2",
        "role": "experimental",
        "stage_bytes": null,
        "chunk_size": 160,
        "decode_ms": 1.885088,
        "decode_gib_s": 494.04721718662387,
        "decode_ns_iters": [
          1889280,
          1889280,
          1888256,
          1901568,
          1891424,
          1893376,
          1892320,
          1894400,
          1897472,
          1892352,
          1893376,
          1894400,
          1892352,
          1893376,
          1891328,
          1893376,
          1907712,
          1888160,
          1891424,
          1894400,
          1893376,
          1892352,
          1892352,
          1889280,
          1888256,
          1886208,
          1888256,
          1888256,
          1885088,
          1886208
        ],
        "chunk_tokens": 160,
        "block_threads": 256,
        "staged_input_bytes": 170489786,
        "applicable": true
      },
      {
        "kernel": "onpair_dh_k5_t256_b8_h3",
        "role": "experimental",
        "stage_bytes": null,
        "chunk_size": 160,
        "decode_ms": 1.896448,
        "decode_gib_s": 491.08780232935385,
        "decode_ns_iters": [
          1896448,
          1903616,
          1902592,
          1899520,
          1902592,
          1901568,
          1903616,
          1901568,
          1905504,
          1905664,
          1918976,
          1903616,
          1902592,
          1904640,
          1904736,
          1903808,
          1903616,
          1905664,
          1903744,
          1908608,
          1904576,
          1898496,
          1903616,
          1904640,
          1921024,
          1901632,
          1903520,
          1914880,
          1905664,
          1903616
        ],
        "chunk_tokens": 160,
        "block_threads": 256,
        "staged_input_bytes": 170489786,
        "applicable": true
      },
      {
        "kernel": "onpair_dh_k5_t256_b8_h4",
        "role": "experimental",
        "stage_bytes": null,
        "chunk_size": 160,
        "decode_ms": 1.901568,
        "decode_gib_s": 489.7655411491456,
        "decode_ns_iters": [
          1909760,
          1907712,
          1908864,
          1909760,
          1909760,
          1910784,
          1910688,
          1908736,
          1907712,
          1910688,
          1908736,
          1905664,
          1901568,
          1910784,
          1907744,
          1907712,
          1909760,
          1908736,
          1908736,
          1905664,
          1905664,
          1908672,
          1910784,
          1928192,
          1911808,
          1909824,
          1908608,
          1907872,
          1904640,
          1906688
        ],
        "chunk_tokens": 160,
        "block_threads": 256,
        "staged_input_bytes": 170489786,
        "applicable": true
      },
      {
        "kernel": "onpair_dh_k6_t64_b1_h2",
        "role": "experimental",
        "stage_bytes": null,
        "chunk_size": 192,
        "decode_ms": 1.874944,
        "decode_gib_s": 496.7201583364082,
        "decode_ns_iters": [
          1886336,
          1879904,
          1880064,
          1881088,
          1880896,
          1879040,
          1880064,
          1884160,
          1879968,
          1882112,
          1882112,
          1881088,
          1874944,
          1891328,
          1891328,
          1875936,
          1883008,
          1880064,
          1881088,
          1881056,
          1875968,
          1882112,
          1883136,
          1882016,
          1881920,
          1881088,
          1882112,
          1880992,
          1880064,
          1874944
        ],
        "chunk_tokens": 192,
        "block_threads": 64,
        "staged_input_bytes": 169800490,
        "applicable": true
      },
      {
        "kernel": "onpair_dh_k6_t64_b1_h3",
        "role": "experimental",
        "stage_bytes": null,
        "chunk_size": 192,
        "decode_ms": 1.87904,
        "decode_gib_s": 495.63738959889014,
        "decode_ns_iters": [
          1884160,
          1883136,
          1885184,
          1884160,
          1886208,
          1882112,
          1884160,
          1883136,
          1883136,
          1894400,
          1899520,
          1885184,
          1879040,
          1881056,
          1884064,
          1884160,
          1885184,
          1883296,
          1884160,
          1885344,
          1885120,
          1883136,
          1884160,
          1882112,
          1885184,
          1885184,
          1883072,
          1886208,
          1884160,
          1883136
        ],
        "chunk_tokens": 192,
        "block_threads": 64,
        "staged_input_bytes": 169800490,
        "applicable": true
      },
      {
        "kernel": "onpair_dh_k6_t64_b1_h4",
        "role": "experimental",
        "stage_bytes": null,
        "chunk_size": 192,
        "decode_ms": 1.881088,
        "decode_gib_s": 495.097773496986,
        "decode_ns_iters": [
          1882112,
          1885184,
          1885312,
          1887232,
          1887232,
          1886080,
          1885184,
          1900544,
          1898496,
          1882112,
          1881088,
          1886208,
          1884256,
          1886208,
          1887136,
          1888256,
          1881088,
          1886208,
          1887232,
          1889280,
          1886208,
          1886208,
          1887232,
          1885184,
          1881984,
          1886208,
          1885184,
          1904640,
          1886144,
          1886208
        ],
        "chunk_tokens": 192,
        "block_threads": 64,
        "staged_input_bytes": 169800490,
        "applicable": true
      },
      {
        "kernel": "onpair_dh_k6_t64_b2_h2",
        "role": "experimental",
        "stage_bytes": null,
        "chunk_size": 192,
        "decode_ms": 1.87392,
        "decode_gib_s": 496.99159011691984,
        "decode_ns_iters": [
          1874944,
          1878016,
          1878976,
          1890304,
          1893344,
          1874752,
          1874944,
          1876992,
          1878016,
          1874944,
          1876992,
          1877984,
          1874944,
          1873920,
          1875904,
          1875968,
          1874944,
          1875968,
          1874944,
          1874944,
          1877920,
          1878016,
          1875968,
          1876064,
          1875968,
          1875968,
          1874944,
          1875968,
          1885152,
          1880064
        ],
        "chunk_tokens": 192,
        "block_threads": 64,
        "staged_input_bytes": 169800490,
        "applicable": true
      },
      {
        "kernel": "onpair_dh_k6_t64_b2_h3",
        "role": "experimental",
        "stage_bytes": null,
        "chunk_size": 192,
        "decode_ms": 1.87904,
        "decode_gib_s": 495.63738959889014,
        "decode_ns_iters": [
          1879968,
          1880064,
          1885184,
          1883136,
          1883104,
          1885184,
          1884160,
          1888256,
          1884160,
          1885184,
          1879040,
          1884160,
          1880064,
          1880960,
          1895424,
          1896448,
          1885184,
          1881088,
          1880192,
          1883232,
          1883136,
          1883136,
          1884224,
          1885184,
          1884224,
          1879040,
          1880064,
          1886208,
          1886208,
          1883136
        ],
        "chunk_tokens": 192,
        "block_threads": 64,
        "staged_input_bytes": 169800490,
        "applicable": true
      },
      {
        "kernel": "onpair_dh_k6_t64_b2_h4",
        "role": "experimental",
        "stage_bytes": null,
        "chunk_size": 192,
        "decode_ms": 1.880064,
        "decode_gib_s": 495.367434593662,
        "decode_ns_iters": [
          1887232,
          1881088,
          1887232,
          1886208,
          1887232,
          1888256,
          1885184,
          1887232,
          1886272,
          1885184,
          1880192,
          1881088,
          1893376,
          1899520,
          1887104,
          1886208,
          1887232,
          1885056,
          1887232,
          1887232,
          1886336,
          1880064,
          1886208,
          1886208,
          1887232,
          1884160,
          1894400,
          1884064,
          1887232,
          1885184
        ],
        "chunk_tokens": 192,
        "block_threads": 64,
        "staged_input_bytes": 169800490,
        "applicable": true
      },
      {
        "kernel": "onpair_dh_k6_t64_b4_h2",
        "role": "experimental",
        "stage_bytes": null,
        "chunk_size": 192,
        "decode_ms": 1.874944,
        "decode_gib_s": 496.7201583364082,
        "decode_ns_iters": [
          1875872,
          1875968,
          1883136,
          1881088,
          1880064,
          1874944,
          1879904,
          1879040,
          1879968,
          1881088,
          1874944,
          1898496,
          1883136,
          1875968,
          1875968,
          1883136,
          1882112,
          1880064,
          1881088,
          1882112,
          1879040,
          1886208,
          1881088,
          1879968,
          1876992,
          1876992,
          1874944,
          1883136,
          1884160,
          1881088
        ],
        "chunk_tokens": 192,
        "block_threads": 64,
        "staged_input_bytes": 169800490,
        "applicable": true
      },
      {
        "kernel": "onpair_dh_k6_t64_b4_h3",
        "role": "experimental",
        "stage_bytes": null,
        "chunk_size": 192,
        "decode_ms": 1.878016,
        "decode_gib_s": 495.907638993437,
        "decode_ns_iters": [
          1879936,
          1885184,
          1885184,
          1887232,
          1883136,
          1887232,
          1885184,
          1883136,
          1885184,
          1884096,
          1896448,
          1885184,
          1883136,
          1885280,
          1880064,
          1878016,
          1887232,
          1886208,
          1885184,
          1884160,
          1884160,
          1885184,
          1885184,
          1886208,
          1885184,
          1880992,
          1878016,
          1880064,
          1888256,
          1883136
        ],
        "chunk_tokens": 192,
        "block_threads": 64,
        "staged_input_bytes": 169800490,
        "applicable": true
      },
      {
        "kernel": "onpair_dh_k6_t64_b4_h4",
        "role": "experimental",
        "stage_bytes": null,
        "chunk_size": 192,
        "decode_ms": 1.878176,
        "decode_gib_s": 495.865393100486,
        "decode_ns_iters": [
          1885184,
          1882112,
          1888192,
          1887232,
          1886208,
          1887232,
          1890304,
          1898400,
          1887136,
          1881088,
          1878176,
          1885280,
          1887232,
          1886208,
          1884160,
          1888096,
          1886208,
          1885376,
          1885184,
          1888256,
          1888256,
          1887232,
          1886240,
          1885184,
          1887232,
          1887232,
          1903712,
          1887232,
          1885184,
          1885184
        ],
        "chunk_tokens": 192,
        "block_threads": 64,
        "staged_input_bytes": 169800490,
        "applicable": true
      },
      {
        "kernel": "onpair_dh_k6_t64_b6_h2",
        "role": "experimental",
        "stage_bytes": null,
        "chunk_size": 192,
        "decode_ms": 1.875968,
        "decode_gib_s": 496.449022878801,
        "decode_ns_iters": [
          1878016,
          1884160,
          1889280,
          1882112,
          1883136,
          1881088,
          1881952,
          1883136,
          1882112,
          1879040,
          1880032,
          1881088,
          1881280,
          1882112,
          1876992,
          1879200,
          1881088,
          1880064,
          1882112,
          1880064,
          1883136,
          1881088,
          1876992,
          1879040,
          1898496,
          1880192,
          1875968,
          1889280,
          1881088,
          1881088
        ],
        "chunk_tokens": 192,
        "block_threads": 64,
        "staged_input_bytes": 169800490,
        "applicable": true
      },
      {
        "kernel": "onpair_dh_k6_t64_b6_h3",
        "role": "experimental",
        "stage_bytes": null,
        "chunk_size": 192,
        "decode_ms": 1.878016,
        "decode_gib_s": 495.907638993437,
        "decode_ns_iters": [
          1880992,
          1902624,
          1884160,
          1884160,
          1885184,
          1883136,
          1880064,
          1885184,
          1883136,
          1884352,
          1887168,
          1883136,
          1883104,
          1886208,
          1882144,
          1881088,
          1880960,
          1886208,
          1885184,
          1886336,
          1886208,
          1894400,
          1885184,
          1878016,
          1881088,
          1884160,
          1886208,
          1884160,
          1885120,
          1886176
        ],
        "chunk_tokens": 192,
        "block_threads": 64,
        "staged_input_bytes": 169800490,
        "applicable": true
      },
      {
        "kernel": "onpair_dh_k6_t64_b6_h4",
        "role": "experimental",
        "stage_bytes": null,
        "chunk_size": 192,
        "decode_ms": 1.880992,
        "decode_gib_s": 495.1230417523831,
        "decode_ns_iters": [
          1881088,
          1880992,
          1887168,
          1886208,
          1885184,
          1887232,
          1886208,
          1881088,
          1885184,
          1883136,
          1886176,
          1886208,
          1884160,
          1886208,
          1886208,
          1884160,
          1883136,
          1886144,
          1897472,
          1885216,
          1883136,
          1882112,
          1887232,
          1886208,
          1882112,
          1882048,
          1886208,
          1886208,
          1886208,
          1886208
        ],
        "chunk_tokens": 192,
        "block_threads": 64,
        "staged_input_bytes": 169800490,
        "applicable": true
      },
      {
        "kernel": "onpair_dh_k6_t64_b8_h2",
        "role": "experimental",
        "stage_bytes": null,
        "chunk_size": 192,
        "decode_ms": 1.875968,
        "decode_gib_s": 496.449022878801,
        "decode_ns_iters": [
          1882016,
          1879040,
          1883136,
          1887168,
          1880064,
          1883136,
          1880064,
          1879008,
          1906688,
          1879040,
          1875968,
          1878016,
          1879104,
          1879040,
          1880064,
          1879040,
          1880160,
          1881088,
          1879040,
          1877984,
          1879936,
          1876992,
          1879040,
          1892352,
          1896320,
          1878016,
          1876992,
          1878016,
          1877984,
          1875968
        ],
        "chunk_tokens": 192,
        "block_threads": 64,
        "staged_input_bytes": 169800490,
        "applicable": true
      },
      {
        "kernel": "onpair_dh_k6_t64_b8_h3",
        "role": "experimental",
        "stage_bytes": null,
        "chunk_size": 192,
        "decode_ms": 1.878176,
        "decode_gib_s": 495.865393100486,
        "decode_ns_iters": [
          1881088,
          1882016,
          1881088,
          1892352,
          1895424,
          1880928,
          1880064,
          1882112,
          1882112,
          1881952,
          1879904,
          1880032,
          1880064,
          1880064,
          1882112,
          1883136,
          1879040,
          1883008,
          1879200,
          1878176,
          1881088,
          1882112,
          1879040,
          1879968,
          1882112,
          1880064,
          1881088,
          1881088,
          1880064,
          1880064
        ],
        "chunk_tokens": 192,
        "block_threads": 64,
        "staged_input_bytes": 169800490,
        "applicable": true
      },
      {
        "kernel": "onpair_dh_k6_t64_b8_h4",
        "role": "experimental",
        "stage_bytes": null,
        "chunk_size": 192,
        "decode_ms": 1.879904,
        "decode_gib_s": 495.4095956771721,
        "decode_ns_iters": [
          1883072,
          1882016,
          1883008,
          1883136,
          1883136,
          1880064,
          1880064,
          1882112,
          1883136,
          1880128,
          1883296,
          1883136,
          1880064,
          1883136,
          1884224,
          1881984,
          1897568,
          1882112,
          1882112,
          1882112,
          1880064,
          1883008,
          1882112,
          1881184,
          1881088,
          1883136,
          1883136,
          1883136,
          1879904,
          1880064
        ],
        "chunk_tokens": 192,
        "block_threads": 64,
        "staged_input_bytes": 169800490,
        "applicable": true
      },
      {
        "kernel": "onpair_dh_k6_t128_b1_h2",
        "role": "experimental",
        "stage_bytes": null,
        "chunk_size": 192,
        "decode_ms": 1.885184,
        "decode_gib_s": 494.022058617036,
        "decode_ns_iters": [
          1887232,
          1887232,
          1888256,
          1887328,
          1887232,
          1886208,
          1888256,
          1889280,
          1887232,
          1887232,
          1886080,
          1890304,
          1888256,
          1888256,
          1887232,
          1889280,
          1888224,
          1886208,
          1887232,
          1889280,
          1887232,
          1885184,
          1888256,
          1886208,
          1900544,
          1889152,
          1888256,
          1890304,
          1887232,
          1887232
        ],
        "chunk_tokens": 192,
        "block_threads": 128,
        "staged_input_bytes": 169800490,
        "applicable": true
      },
      {
        "kernel": "onpair_dh_k6_t128_b1_h3",
        "role": "experimental",
        "stage_bytes": null,
        "chunk_size": 192,
        "decode_ms": 1.889152,
        "decode_gib_s": 492.98440811109884,
        "decode_ns_iters": [
          1892352,
          1906688,
          1894400,
          1892352,
          1892384,
          1897472,
          1891328,
          1893376,
          1891328,
          1892384,
          1892352,
          1893216,
          1890368,
          1892352,
          1889280,
          1893216,
          1891328,
          1889280,
          1894400,
          1890208,
          1890304,
          1891360,
          1891328,
          1890304,
          1889152,
          1912672,
          1891328,
          1891328,
          1891328,
          1890304
        ],
        "chunk_tokens": 192,
        "block_threads": 128,
        "staged_input_bytes": 169800490,
        "applicable": true
      },
      {
        "kernel": "onpair_dh_k6_t128_b1_h4",
        "role": "experimental",
        "stage_bytes": null,
        "chunk_size": 192,
        "decode_ms": 1.891328,
        "decode_gib_s": 492.4172224764285,
        "decode_ns_iters": [
          1895424,
          1893376,
          1911808,
          1893376,
          1892352,
          1892352,
          1901568,
          1892352,
          1893376,
          1893376,
          1894400,
          1891360,
          1892352,
          1893376,
          1891328,
          1893376,
          1892352,
          1894400,
          1892352,
          1895424,
          1892192,
          1891328,
          1893472,
          1892480,
          1894400,
          1904640,
          1893376,
          1894432,
          1893376,
          1896352
        ],
        "chunk_tokens": 192,
        "block_threads": 128,
        "staged_input_bytes": 169800490,
        "applicable": true
      },
      {
        "kernel": "onpair_dh_k6_t128_b2_h2",
        "role": "experimental",
        "stage_bytes": null,
        "chunk_size": 192,
        "decode_ms": 1.885024,
        "decode_gib_s": 494.0639909899813,
        "decode_ns_iters": [
          1885184,
          1886208,
          1905664,
          1902560,
          1888096,
          1885024,
          1886208,
          1889280,
          1887200,
          1887232,
          1887232,
          1889280,
          1888192,
          1891328,
          1887232,
          1886208,
          1886208,
          1885152,
          1889280,
          1885184,
          1888128,
          1887232,
          1888224,
          1888128,
          1885184,
          1886208,
          1889152,
          1887168,
          1885184,
          1888416
        ],
        "chunk_tokens": 192,
        "block_threads": 128,
        "staged_input_bytes": 169800490,
        "applicable": true
      },
      {
        "kernel": "onpair_dh_k6_t128_b2_h3",
        "role": "experimental",
        "stage_bytes": null,
        "chunk_size": 192,
        "decode_ms": 1.889472,
        "decode_gib_s": 492.9009165268913,
        "decode_ns_iters": [
          1892352,
          1892352,
          1892352,
          1893376,
          1891328,
          1892352,
          1890304,
          1892352,
          1903616,
          1893312,
          1890304,
          1892352,
          1897472,
          1892192,
          1894400,
          1891328,
          1891328,
          1891328,
          1894400,
          1890304,
          1891360,
          1892352,
          1891328,
          1893280,
          1891456,
          1896288,
          1890304,
          1889472,
          1892224,
          1895552
        ],
        "chunk_tokens": 192,
        "block_threads": 128,
        "staged_input_bytes": 169800490,
        "applicable": true
      },
      {
        "kernel": "onpair_dh_k6_t128_b2_h4",
        "role": "experimental",
        "stage_bytes": null,
        "chunk_size": 192,
        "decode_ms": 1.891328,
        "decode_gib_s": 492.4172224764285,
        "decode_ns_iters": [
          1898496,
          1894400,
          1893376,
          1893376,
          1893376,
          1893376,
          1894400,
          1896448,
          1892352,
          1894400,
          1911808,
          1894400,
          1893376,
          1894240,
          1893376,
          1897472,
          1894400,
          1892352,
          1893376,
          1893568,
          1895488,
          1893376,
          1894400,
          1893376,
          1893376,
          1895264,
          1896320,
          1891328,
          1893376,
          1895424
        ],
        "chunk_tokens": 192,
        "block_threads": 128,
        "staged_input_bytes": 169800490,
        "applicable": true
      },
      {
        "kernel": "onpair_dh_k6_t128_b4_h2",
        "role": "experimental",
        "stage_bytes": null,
        "chunk_size": 192,
        "decode_ms": 1.885184,
        "decode_gib_s": 494.022058617036,
        "decode_ns_iters": [
          1887168,
          1886208,
          1889280,
          1887232,
          1887392,
          1888256,
          1888160,
          1892352,
          1890176,
          1886208,
          1886208,
          1885184,
          1904640,
          1889408,
          1885184,
          1887232,
          1895424,
          1888256,
          1889152,
          1886208,
          1890304,
          1887232,
          1887072,
          1889280,
          1886272,
          1888256,
          1888096,
          1888224,
          1887232,
          1886208
        ],
        "chunk_tokens": 192,
        "block_threads": 128,
        "staged_input_bytes": 169800490,
        "applicable": true
      },
      {
        "kernel": "onpair_dh_k6_t128_b4_h3",
        "role": "experimental",
        "stage_bytes": null,
        "chunk_size": 192,
        "decode_ms": 1.8904,
        "decode_gib_s": 492.6589507786175,
        "decode_ns_iters": [
          1893376,
          1893376,
          1894400,
          1892352,
          1891328,
          1895424,
          1891328,
          1892352,
          1893312,
          1891328,
          1891392,
          1893344,
          1895424,
          1891328,
          1892224,
          1906688,
          1910784,
          1890400,
          1893376,
          1902592,
          1891328,
          1893376,
          1892512,
          1893376,
          1892192,
          1892352,
          1893376,
          1893376,
          1892352,
          1892352
        ],
        "chunk_tokens": 192,
        "block_threads": 128,
        "staged_input_bytes": 169800490,
        "applicable": true
      },
      {
        "kernel": "onpair_dh_k6_t128_b4_h4",
        "role": "experimental",
        "stage_bytes": null,
        "chunk_size": 192,
        "decode_ms": 1.890304,
        "decode_gib_s": 492.68397070095523,
        "decode_ns_iters": [
          1894432,
          1894240,
          1893376,
          1891328,
          1893376,
          1893376,
          1893408,
          1894560,
          1893376,
          1894400,
          1893376,
          1896448,
          1892352,
          1894432,
          1895424,
          1890304,
          1910784,
          1895424,
          1900544,
          1893376,
          1900544,
          1896448,
          1893376,
          1894240,
          1892352,
          1894240,
          1892352,
          1893376,
          1894400,
          1893376
        ],
        "chunk_tokens": 192,
        "block_threads": 128,
        "staged_input_bytes": 169800490,
        "applicable": true
      },
      {
        "kernel": "onpair_dh_k6_t128_b6_h2",
        "role": "experimental",
        "stage_bytes": null,
        "chunk_size": 192,
        "decode_ms": 1.883136,
        "decode_gib_s": 494.55933111145373,
        "decode_ns_iters": [
          1889216,
          1887232,
          1887232,
          1885184,
          1888256,
          1885184,
          1887232,
          1887232,
          1890304,
          1888256,
          1890272,
          1887232,
          1886080,
          1885184,
          1886080,
          1886208,
          1887232,
          1886208,
          1891328,
          1887232,
          1905664,
          1887360,
          1883136,
          1887232,
          1888256,
          1899520,
          1888256,
          1886208,
          1890304,
          1887232
        ],
        "chunk_tokens": 192,
        "block_threads": 128,
        "staged_input_bytes": 169800490,
        "applicable": true
      },
      {
        "kernel": "onpair_dh_k6_t128_b6_h3",
        "role": "experimental",
        "stage_bytes": null,
        "chunk_size": 192,
        "decode_ms": 1.890304,
        "decode_gib_s": 492.68397070095523,
        "decode_ns_iters": [
          1894400,
          1892480,
          1893344,
          1892352,
          1892352,
          1895424,
          1890304,
          1890304,
          1892192,
          1891488,
          1892352,
          1892320,
          1891328,
          1893376,
          1890304,
          1890464,
          1894400,
          1891328,
          1893312,
          1890336,
          1893312,
          1907840,
          1907712,
          1894400,
          1892352,
          1895424,
          1903552,
          1892352,
          1893376,
          1891424
        ],
        "chunk_tokens": 192,
        "block_threads": 128,
        "staged_input_bytes": 169800490,
        "applicable": true
      },
      {
        "kernel": "onpair_dh_k6_t128_b6_h4",
        "role": "experimental",
        "stage_bytes": null,
        "chunk_size": 192,
        "decode_ms": 1.890304,
        "decode_gib_s": 492.68397070095523,
        "decode_ns_iters": [
          1894336,
          1892352,
          1895424,
          1894240,
          1891520,
          1891328,
          1894400,
          1891552,
          1894336,
          1893376,
          1892352,
          1892352,
          1893344,
          1896448,
          1890304,
          1892352,
          1893376,
          1892288,
          1890304,
          1893376,
          1895424,
          1908736,
          1895424,
          1892352,
          1893376,
          1901376,
          1893536,
          1894400,
          1893376,
          1893376
        ],
        "chunk_tokens": 192,
        "block_threads": 128,
        "staged_input_bytes": 169800490,
        "applicable": true
      },
      {
        "kernel": "onpair_dh_k6_t128_b8_h2",
        "role": "experimental",
        "stage_bytes": null,
        "chunk_size": 192,
        "decode_ms": 1.885184,
        "decode_gib_s": 494.022058617036,
        "decode_ns_iters": [
          1887072,
          1887232,
          1888256,
          1887232,
          1885184,
          1888224,
          1886208,
          1886208,
          1886208,
          1888256,
          1885184,
          1887232,
          1887232,
          1885344,
          1885280,
          1886208,
          1889280,
          1886208,
          1887232,
          1888128,
          1886208,
          1886240,
          1888256,
          1890176,
          1889280,
          1890304,
          1903616,
          1887232,
          1887232,
          1889280
        ],
        "chunk_tokens": 192,
        "block_threads": 128,
        "staged_input_bytes": 169800490,
        "applicable": true
      },
      {
        "kernel": "onpair_dh_k6_t128_b8_h3",
        "role": "experimental",
        "stage_bytes": null,
        "chunk_size": 192,
        "decode_ms": 1.887136,
        "decode_gib_s": 493.5110561993934,
        "decode_ns_iters": [
          1892256,
          1904640,
          1904640,
          1887232,
          1888384,
          1890304,
          1890304,
          1889280,
          1889280,
          1887232,
          1889280,
          1892224,
          1889248,
          1887232,
          1889280,
          1889216,
          1889280,
          1891328,
          1887360,
          1891232,
          1887136,
          1888256,
          1889280,
          1888256,
          1887360,
          1891328,
          1890304,
          1904640,
          1891200,
          1889216
        ],
        "chunk_tokens": 192,
        "block_threads": 128,
        "staged_input_bytes": 169800490,
        "applicable": true
      },
      {
        "kernel": "onpair_dh_k6_t128_b8_h4",
        "role": "experimental",
        "stage_bytes": null,
        "chunk_size": 192,
        "decode_ms": 1.890304,
        "decode_gib_s": 492.68397070095523,
        "decode_ns_iters": [
          1894400,
          1894400,
          1894400,
          1895264,
          1912832,
          1894304,
          1890304,
          1894464,
          1894400,
          1893376,
          1895424,
          1894400,
          1893248,
          1897472,
          1893376,
          1896448,
          1894368,
          1897472,
          1894400,
          1895360,
          1895424,
          1895424,
          1894496,
          1894400,
          1894400,
          1894400,
          1895424,
          1911680,
          1895424,
          1895296
        ],
        "chunk_tokens": 192,
        "block_threads": 128,
        "staged_input_bytes": 169800490,
        "applicable": true
      },
      {
        "kernel": "onpair_dh_k6_t256_b1_h0",
        "role": "experimental",
        "stage_bytes": null,
        "chunk_size": 192,
        "decode_ms": 1.878016,
        "decode_gib_s": 495.907638993437,
        "decode_ns_iters": [
          1879168,
          1881088,
          1884160,
          1883136,
          1897472,
          1882112,
          1880928,
          1880928,
          1881088,
          1883136,
          1884160,
          1885184,
          1885184,
          1880064,
          1884160,
          1878016,
          1880064,
          1881088,
          1882112,
          1882112,
          1884096,
          1883136,
          1884160,
          1880064,
          1885184,
          1880096,
          1883072,
          1882272,
          1883200,
          1887072
        ],
        "chunk_tokens": 192,
        "block_threads": 256,
        "staged_input_bytes": 169800490,
        "applicable": true
      },
      {
        "kernel": "onpair_dh_k6_t256_b1_h2",
        "role": "experimental",
        "stage_bytes": null,
        "chunk_size": 192,
        "decode_ms": 1.883136,
        "decode_gib_s": 494.55933111145373,
        "decode_ns_iters": [
          1885184,
          1887232,
          1883264,
          1887232,
          1887232,
          1886208,
          1884160,
          1883136,
          1887232,
          1884160,
          1885152,
          1889280,
          1886144,
          1890304,
          1884160,
          1904640,
          1886208,
          1886208,
          1888256,
          1884288,
          1883328,
          1883136,
          1884160,
          1886208,
          1884160,
          1886240,
          1883136,
          1885184,
          1886144,
          1889280
        ],
        "chunk_tokens": 192,
        "block_threads": 256,
        "staged_input_bytes": 169800490,
        "applicable": true
      },
      {
        "kernel": "onpair_dh_k6_t256_b1_h3",
        "role": "experimental",
        "stage_bytes": null,
        "chunk_size": 192,
        "decode_ms": 1.887232,
        "decode_gib_s": 493.4859522050805,
        "decode_ns_iters": [
          1888256,
          1888288,
          1892192,
          1889280,
          1887232,
          1890304,
          1889280,
          1888288,
          1887232,
          1890208,
          1889280,
          1889248,
          1888256,
          1889280,
          1892352,
          1888256,
          1887232,
          1890304,
          1888256,
          1888256,
          1904640,
          1887424,
          1890304,
          1888256,
          1893376,
          1889280,
          1889280,
          1890304,
          1892256,
          1890304
        ],
        "chunk_tokens": 192,
        "block_threads": 256,
        "staged_input_bytes": 169800490,
        "applicable": true
      },
      {
        "kernel": "onpair_dh_k6_t256_b1_h4",
        "role": "experimental",
        "stage_bytes": null,
        "chunk_size": 192,
        "decode_ms": 1.88928,
        "decode_gib_s": 492.9510080834489,
        "decode_ns_iters": [
          1891488,
          1903616,
          1897472,
          1893376,
          1893376,
          1892352,
          1892352,
          1889280,
          1894400,
          1891328,
          1891328,
          1893376,
          1892256,
          1893376,
          1892192,
          1892352,
          1890304,
          1891328,
          1897472,
          1892352,
          1910784,
          1896608,
          1892352,
          1891328,
          1890304,
          1894400,
          1892352,
          1892352,
          1895424,
          1893376
        ],
        "chunk_tokens": 192,
        "block_threads": 256,
        "staged_input_bytes": 169800490,
        "applicable": true
      },
      {
        "kernel": "onpair_dh_k6_t256_b2_h2",
        "role": "experimental",
        "stage_bytes": null,
        "chunk_size": 192,
        "decode_ms": 1.883136,
        "decode_gib_s": 494.55933111145373,
        "decode_ns_iters": [
          1884160,
          1886208,
          1893376,
          1884160,
          1885184,
          1886208,
          1885056,
          1883136,
          1886272,
          1888256,
          1886080,
          1885184,
          1883200,
          1887232,
          1885184,
          1885184,
          1893376,
          1887232,
          1887136,
          1886208,
          1886208,
          1883136,
          1888256,
          1888256,
          1885152,
          1887136,
          1899616,
          1885184,
          1887104,
          1884320
        ],
        "chunk_tokens": 192,
        "block_threads": 256,
        "staged_input_bytes": 169800490,
        "applicable": true
      },
      {
        "kernel": "onpair_dh_k6_t256_b2_h3",
        "role": "experimental",
        "stage_bytes": null,
        "chunk_size": 192,
        "decode_ms": 1.886176,
        "decode_gib_s": 493.7622366904777,
        "decode_ns_iters": [
          1889280,
          1887072,
          1893280,
          1908736,
          1907712,
          1889280,
          1893376,
          1898464,
          1889344,
          1898592,
          1889376,
          1887232,
          1890144,
          1890304,
          1890304,
          1895424,
          1893376,
          1886176,
          1888256,
          1892352,
          1889120,
          1890304,
          1888256,
          1890496,
          1890304,
          1891328,
          1890304,
          1886208,
          1902464,
          1891328
        ],
        "chunk_tokens": 192,
        "block_threads": 256,
        "staged_input_bytes": 169800490,
        "applicable": true
      },
      {
        "kernel": "onpair_dh_k6_t256_b2_h4",
        "role": "experimental",
        "stage_bytes": null,
        "chunk_size": 192,
        "decode_ms": 1.888256,
        "decode_gib_s": 493.21833509434026,
        "decode_ns_iters": [
          1894400,
          1891456,
          1889280,
          1894368,
          1892352,
          1905664,
          1894400,
          1892352,
          1892352,
          1893248,
          1901568,
          1894400,
          1888256,
          1893376,
          1892352,
          1892352,
          1895424,
          1890304,
          1890304,
          1893216,
          1894400,
          1890112,
          1893376,
          1894336,
          1891328,
          1890304,
          1893376,
          1894400,
          1891328,
          1907712
        ],
        "chunk_tokens": 192,
        "block_threads": 256,
        "staged_input_bytes": 169800490,
        "applicable": true
      },
      {
        "kernel": "onpair_dh_k6_t256_b4_h0",
        "role": "experimental",
        "stage_bytes": null,
        "chunk_size": 192,
        "decode_ms": 1.87696,
        "decode_gib_s": 496.18664252402743,
        "decode_ns_iters": [
          1879936,
          1881952,
          1882112,
          1876960,
          1880064,
          1876992,
          1883136,
          1880064,
          1882112,
          1898496,
          1897472,
          1878016,
          1880928,
          1879040,
          1880064,
          1888256,
          1878016,
          1880064,
          1883136,
          1881088,
          1881088,
          1881088,
          1881088,
          1882112,
          1882176,
          1881088,
          1878016,
          1882112,
          1880064,
          1881088
        ],
        "chunk_tokens": 192,
        "block_threads": 256,
        "staged_input_bytes": 169800490,
        "applicable": true
      },
      {
        "kernel": "onpair_dh_k6_t256_b4_h2",
        "role": "experimental",
        "stage_bytes": null,
        "chunk_size": 192,
        "decode_ms": 1.883136,
        "decode_gib_s": 494.55933111145373,
        "decode_ns_iters": [
          1887232,
          1887360,
          1890304,
          1888256,
          1883136,
          1885312,
          1886208,
          1885184,
          1884160,
          1887232,
          1888256,
          1887232,
          1886208,
          1885024,
          1886208,
          1884160,
          1886080,
          1884160,
          1887232,
          1884160,
          1900480,
          1900544,
          1885184,
          1886144,
          1885184,
          1886208,
          1893376,
          1888256,
          1885184,
          1885184
        ],
        "chunk_tokens": 192,
        "block_threads": 256,
        "staged_input_bytes": 169800490,
        "applicable": true
      },
      {
        "kernel": "onpair_dh_k6_t256_b4_h3",
        "role": "experimental",
        "stage_bytes": null,
        "chunk_size": 192,
        "decode_ms": 1.883136,
        "decode_gib_s": 494.55933111145373,
        "decode_ns_iters": [
          1886208,
          1887232,
          1885184,
          1884160,
          1885184,
          1887232,
          1883136,
          1885184,
          1887232,
          1885184,
          1885184,
          1885184,
          1884160,
          1886208,
          1889184,
          1887232,
          1889280,
          1884160,
          1885152,
          1884160,
          1889152,
          1885184,
          1884128,
          1888256,
          1889408,
          1884064,
          1884160,
          1900544,
          1887232,
          1884160
        ],
        "chunk_tokens": 192,
        "block_threads": 256,
        "staged_input_bytes": 169800490,
        "applicable": true
      },
      {
        "kernel": "onpair_dh_k6_t256_b4_h4",
        "role": "experimental",
        "stage_bytes": null,
        "chunk_size": 192,
        "decode_ms": 1.88928,
        "decode_gib_s": 492.9510080834489,
        "decode_ns_iters": [
          1890304,
          1895264,
          1891328,
          1894400,
          1908736,
          1894464,
          1891328,
          1892352,
          1891392,
          1889280,
          1892352,
          1894400,
          1893376,
          1889280,
          1893376,
          1892352,
          1892352,
          1894400,
          1892352,
          1893376,
          1891328,
          1893408,
          1893376,
          1891328,
          1894272,
          1892352,
          1895424,
          1907712,
          1893408,
          1893376
        ],
        "chunk_tokens": 192,
        "block_threads": 256,
        "staged_input_bytes": 169800490,
        "applicable": true
      },
      {
        "kernel": "onpair_dh_k6_t256_b6_h2",
        "role": "experimental",
        "stage_bytes": null,
        "chunk_size": 192,
        "decode_ms": 1.872832,
        "decode_gib_s": 497.28031160931596,
        "decode_ns_iters": [
          1874912,
          1877920,
          1875936,
          1874944,
          1874944,
          1874944,
          1875968,
          1894400,
          1895424,
          1873920,
          1877952,
          1874944,
          1873920,
          1872896,
          1873920,
          1873920,
          1874944,
          1872832,
          1875968,
          1875968,
          1872896,
          1874944,
          1874944,
          1873984,
          1876032,
          1873920,
          1873760,
          1872896,
          1872896,
          1872896
        ],
        "chunk_tokens": 192,
        "block_threads": 256,
        "staged_input_bytes": 169800490,
        "applicable": true
      },
      {
        "kernel": "onpair_dh_k6_t256_b6_h3",
        "role": "experimental",
        "stage_bytes": null,
        "chunk_size": 192,
        "decode_ms": 1.896448,
        "decode_gib_s": 491.08780232935385,
        "decode_ns_iters": [
          1897472,
          1902592,
          1903616,
          1902592,
          1897472,
          1896448,
          1903616,
          1900544,
          1899520,
          1902592,
          1902592,
          1899648,
          1901568,
          1903616,
          1898624,
          1920960,
          1902592,
          1896448,
          1896448,
          1900544,
          1900544,
          1900544,
          1897600,
          1898496,
          1899520,
          1900544,
          1900576,
          1902784,
          1900384,
          1897472
        ],
        "chunk_tokens": 192,
        "block_threads": 256,
        "staged_input_bytes": 169800490,
        "applicable": true
      },
      {
        "kernel": "onpair_dh_k6_t256_b6_h4",
        "role": "experimental",
        "stage_bytes": null,
        "chunk_size": 192,
        "decode_ms": 1.898496,
        "decode_gib_s": 490.55804202479146,
        "decode_ns_iters": [
          1902592,
          1906752,
          1898496,
          1905664,
          1901536,
          1903616,
          1904640,
          1903616,
          1902592,
          1903616,
          1919904,
          1904704,
          1901568,
          1905536,
          1902592,
          1905632,
          1900544,
          1904640,
          1904480,
          1899520,
          1902592,
          1903616,
          1911808,
          1901568,
          1902592,
          1904544,
          1907712,
          1905632,
          1902592,
          1916928
        ],
        "chunk_tokens": 192,
        "block_threads": 256,
        "staged_input_bytes": 169800490,
        "applicable": true
      },
      {
        "kernel": "onpair_dh_k6_t256_b8_h0",
        "role": "experimental",
        "stage_bytes": null,
        "chunk_size": 192,
        "decode_ms": 1.876992,
        "decode_gib_s": 496.17818325911804,
        "decode_ns_iters": [
          1881088,
          1881088,
          1878016,
          1878016,
          1876992,
          1882112,
          1881952,
          1895296,
          1900544,
          1887232,
          1879008,
          1882112,
          1882112,
          1878016,
          1879040,
          1882112,
          1877920,
          1878016,
          1880032,
          1884160,
          1883136,
          1880128,
          1883232,
          1878016,
          1881088,
          1881088,
          1879232,
          1884160,
          1882112,
          1881088
        ],
        "chunk_tokens": 192,
        "block_threads": 256,
        "staged_input_bytes": 169800490,
        "applicable": true
      },
      {
        "kernel": "onpair_dh_k6_t256_b8_h2",
        "role": "experimental",
        "stage_bytes": null,
        "chunk_size": 192,
        "decode_ms": 1.874816,
        "decode_gib_s": 496.7540710938558,
        "decode_ns_iters": [
          1874944,
          1878016,
          1879040,
          1879040,
          1878016,
          1874944,
          1879040,
          1875936,
          1876992,
          1876992,
          1876992,
          1876096,
          1876896,
          1875968,
          1877184,
          1878016,
          1877152,
          1878016,
          1879040,
          1879040,
          1876992,
          1878016,
          1879200,
          1893408,
          1896352,
          1874816,
          1875968,
          1879040,
          1879936,
          1875968
        ],
        "chunk_tokens": 192,
        "block_threads": 256,
        "staged_input_bytes": 169800490,
        "applicable": true
      },
      {
        "kernel": "onpair_dh_k6_t256_b8_h3",
        "role": "experimental",
        "stage_bytes": null,
        "chunk_size": 192,
        "decode_ms": 1.887328,
        "decode_gib_s": 493.46085076462515,
        "decode_ns_iters": [
          1892352,
          1892352,
          1904480,
          1905664,
          1892352,
          1888256,
          1892352,
          1894400,
          1891328,
          1888384,
          1890304,
          1889408,
          1890304,
          1889472,
          1889440,
          1889376,
          1890304,
          1890208,
          1888256,
          1890304,
          1889280,
          1889280,
          1891168,
          1890304,
          1889280,
          1887328,
          1889152,
          1888416,
          1908736,
          1890304
        ],
        "chunk_tokens": 192,
        "block_threads": 256,
        "staged_input_bytes": 169800490,
        "applicable": true
      },
      {
        "kernel": "onpair_dh_k6_t256_b8_h4",
        "role": "experimental",
        "stage_bytes": null,
        "chunk_size": 192,
        "decode_ms": 1.890304,
        "decode_gib_s": 492.68397070095523,
        "decode_ns_iters": [
          1894400,
          1895424,
          1894240,
          1892352,
          1912832,
          1892224,
          1893376,
          1896288,
          1905664,
          1895392,
          1893376,
          1893376,
          1892352,
          1895424,
          1891328,
          1893376,
          1895424,
          1893376,
          1893376,
          1890304,
          1894400,
          1892384,
          1892352,
          1894400,
          1895424,
          1890304,
          1892352,
          1913856,
          1894400,
          1892352
        ],
        "chunk_tokens": 192,
        "block_threads": 256,
        "staged_input_bytes": 169800490,
        "applicable": true
      },
      {
        "kernel": "onpair_dh_k7_t64_b1_h2",
        "role": "experimental",
        "stage_bytes": null,
        "chunk_size": 224,
        "decode_ms": 1.8688,
        "decode_gib_s": 498.3532109117607,
        "decode_ns_iters": [
          1869888,
          1869760,
          1868960,
          1869952,
          1870848,
          1869920,
          1875968,
          1886208,
          1888256,
          1868800,
          1870848,
          1872896,
          1870848,
          1880064,
          1869824,
          1878016,
          1870848,
          1868800,
          1872864,
          1868800,
          1870848,
          1870848,
          1870848,
          1871872,
          1872896,
          1869920,
          1870912,
          1869824,
          1869824,
          1868800
        ],
        "chunk_tokens": 224,
        "block_threads": 64,
        "staged_input_bytes": 169308130,
        "applicable": true
      },
      {
        "kernel": "onpair_dh_k7_t64_b1_h3",
        "role": "experimental",
        "stage_bytes": null,
        "chunk_size": 224,
        "decode_ms": 1.871872,
        "decode_gib_s": 497.5353445918837,
        "decode_ns_iters": [
          1873920,
          1874944,
          1873920,
          1871872,
          1874816,
          1878016,
          1874944,
          1873920,
          1872896,
          1875968,
          1872896,
          1871872,
          1873920,
          1873088,
          1875968,
          1874912,
          1874880,
          1874944,
          1872032,
          1873056,
          1871872,
          1875072,
          1874944,
          1873792,
          1872896,
          1873920,
          1874784,
          1874944,
          1876992,
          1872896
        ],
        "chunk_tokens": 224,
        "block_threads": 64,
        "staged_input_bytes": 169308130,
        "applicable": true
      },
      {
        "kernel": "onpair_dh_k7_t64_b1_h4",
        "role": "experimental",
        "stage_bytes": null,
        "chunk_size": 224,
        "decode_ms": 1.874944,
        "decode_gib_s": 496.7201583364082,
        "decode_ns_iters": [
          1878016,
          1878016,
          1879968,
          1878016,
          1882944,
          1876992,
          1876992,
          1879040,
          1875968,
          1876960,
          1878016,
          1874944,
          1882112,
          1894400,
          1881088,
          1878016,
          1876992,
          1878016,
          1879040,
          1878016,
          1879040,
          1876992,
          1878016,
          1878016,
          1877184,
          1876992,
          1875968,
          1878016,
          1878016,
          1878016
        ],
        "chunk_tokens": 224,
        "block_threads": 64,
        "staged_input_bytes": 169308130,
        "applicable": true
      },
      {
        "kernel": "onpair_dh_k7_t64_b2_h2",
        "role": "experimental",
        "stage_bytes": null,
        "chunk_size": 224,
        "decode_ms": 1.8688,
        "decode_gib_s": 498.3532109117607,
        "decode_ns_iters": [
          1870848,
          1878016,
          1869696,
          1875968,
          1871872,
          1871872,
          1868800,
          1869952,
          1869824,
          1870848,
          1868800,
          1870848,
          1869824,
          1870848,
          1869824,
          1870848,
          1868800,
          1870880,
          1868800,
          1878016,
          1869824,
          1869824,
          1869632,
          1872896,
          1868800,
          1870848,
          1871872,
          1870848,
          1872896,
          1871872
        ],
        "chunk_tokens": 224,
        "block_threads": 64,
        "staged_input_bytes": 169308130,
        "applicable": true
      },
      {
        "kernel": "onpair_dh_k7_t64_b2_h3",
        "role": "experimental",
        "stage_bytes": null,
        "chunk_size": 224,
        "decode_ms": 1.870848,
        "decode_gib_s": 497.807668261611,
        "decode_ns_iters": [
          1875968,
          1874944,
          1872896,
          1873920,
          1873792,
          1874944,
          1879904,
          1875968,
          1873920,
          1875968,
          1874944,
          1874944,
          1872896,
          1874944,
          1873920,
          1873920,
          1870848,
          1874944,
          1871840,
          1874976,
          1874080,
          1874112,
          1889280,
          1888256,
          1874944,
          1874944,
          1872000,
          1874848,
          1884160,
          1873760
        ],
        "chunk_tokens": 224,
        "block_threads": 64,
        "staged_input_bytes": 169308130,
        "applicable": true
      },
      {
        "kernel": "onpair_dh_k7_t64_b2_h4",
        "role": "experimental",
        "stage_bytes": null,
        "chunk_size": 224,
        "decode_ms": 1.874048,
        "decode_gib_s": 496.95764492259457,
        "decode_ns_iters": [
          1875968,
          1880064,
          1891360,
          1892352,
          1879040,
          1875968,
          1879072,
          1876992,
          1878016,
          1881088,
          1875968,
          1877888,
          1875904,
          1875968,
          1875968,
          1874976,
          1878016,
          1876992,
          1875968,
          1876928,
          1878016,
          1876864,
          1876992,
          1878016,
          1879040,
          1876992,
          1878016,
          1874048,
          1876896,
          1880064
        ],
        "chunk_tokens": 224,
        "block_threads": 64,
        "staged_input_bytes": 169308130,
        "applicable": true
      },
      {
        "kernel": "onpair_dh_k7_t64_b4_h2",
        "role": "experimental",
        "stage_bytes": null,
        "chunk_size": 224,
        "decode_ms": 1.866752,
        "decode_gib_s": 498.89995058363326,
        "decode_ns_iters": [
          1870848,
          1870848,
          1869824,
          1870848,
          1868800,
          1870848,
          1868800,
          1868800,
          1878016,
          1876032,
          1874912,
          1873888,
          1873760,
          1870944,
          1885184,
          1884160,
          1868800,
          1870848,
          1871872,
          1869824,
          1868800,
          1866752,
          1869824,
          1876864,
          1875968,
          1875968,
          1868800,
          1869824,
          1869824,
          1873920
        ],
        "chunk_tokens": 224,
        "block_threads": 64,
        "staged_input_bytes": 169308130,
        "applicable": true
      },
      {
        "kernel": "onpair_dh_k7_t64_b4_h3",
        "role": "experimental",
        "stage_bytes": null,
        "chunk_size": 224,
        "decode_ms": 1.871872,
        "decode_gib_s": 497.5353445918837,
        "decode_ns_iters": [
          1876992,
          1874944,
          1873920,
          1878016,
          1879008,
          1879040,
          1879040,
          1878016,
          1879040,
          1878912,
          1872896,
          1877088,
          1880064,
          1878016,
          1895424,
          1875968,
          1878016,
          1880064,
          1872896,
          1872896,
          1879200,
          1878016,
          1879040,
          1876992,
          1878016,
          1878016,
          1876992,
          1878016,
          1882112,
          1871872
        ],
        "chunk_tokens": 224,
        "block_threads": 64,
        "staged_input_bytes": 169308130,
        "applicable": true
      },
      {
        "kernel": "onpair_dh_k7_t64_b4_h4",
        "role": "experimental",
        "stage_bytes": null,
        "chunk_size": 224,
        "decode_ms": 1.875136,
        "decode_gib_s": 496.6692978812729,
        "decode_ns_iters": [
          1884064,
          1882112,
          1881248,
          1881088,
          1882048,
          1884160,
          1883136,
          1883136,
          1876992,
          1875968,
          1880064,
          1896448,
          1883136,
          1881088,
          1880960,
          1881088,
          1875968,
          1875136,
          1875968,
          1880064,
          1881088,
          1882112,
          1882112,
          1881056,
          1876160,
          1883136,
          1876960,
          1883136,
          1883104,
          1882112
        ],
        "chunk_tokens": 224,
        "block_threads": 64,
        "staged_input_bytes": 169308130,
        "applicable": true
      },
      {
        "kernel": "onpair_dh_k7_t64_b6_h2",
        "role": "experimental",
        "stage_bytes": null,
        "chunk_size": 224,
        "decode_ms": 1.867776,
        "decode_gib_s": 498.6264308738834,
        "decode_ns_iters": [
          1870848,
          1874944,
          1879008,
          1871872,
          1874944,
          1873920,
          1867776,
          1891328,
          1872896,
          1869824,
          1869824,
          1870912,
          1873920,
          1873920,
          1875968,
          1872832,
          1874944,
          1874944,
          1871872,
          1868800,
          1869824,
          1868800,
          1875968,
          1873920,
          1874080,
          1873728,
          1872896,
          1870848,
          1874944,
          1867968
        ],
        "chunk_tokens": 224,
        "block_threads": 64,
        "staged_input_bytes": 169308130,
        "applicable": true
      },
      {
        "kernel": "onpair_dh_k7_t64_b6_h3",
        "role": "experimental",
        "stage_bytes": null,
        "chunk_size": 224,
        "decode_ms": 1.871872,
        "decode_gib_s": 497.5353445918837,
        "decode_ns_iters": [
          1877024,
          1879040,
          1879008,
          1871872,
          1875968,
          1879008,
          1878016,
          1877056,
          1888256,
          1890304,
          1871872,
          1871872,
          1872896,
          1874944,
          1871872,
          1879040,
          1877888,
          1879040,
          1875968,
          1884160,
          1878944,
          1878016,
          1873920,
          1874944,
          1871872,
          1879040,
          1881088,
          1875968,
          1876992,
          1880064
        ],
        "chunk_tokens": 224,
        "block_threads": 64,
        "staged_input_bytes": 169308130,
        "applicable": true
      },
      {
        "kernel": "onpair_dh_k7_t64_b6_h4",
        "role": "experimental",
        "stage_bytes": null,
        "chunk_size": 224,
        "decode_ms": 1.874944,
        "decode_gib_s": 496.7201583364082,
        "decode_ns_iters": [
          1880064,
          1880064,
          1874944,
          1882112,
          1882112,
          1883008,
          1884160,
          1893376,
          1895424,
          1880064,
          1878016,
          1878016,
          1883136,
          1883232,
          1880064,
          1881088,
          1881088,
          1882112,
          1881088,
          1879040,
          1874944,
          1876992,
          1884160,
          1882080,
          1880992,
          1881984,
          1882112,
          1876864,
          1876960,
          1890304
        ],
        "chunk_tokens": 224,
        "block_threads": 64,
        "staged_input_bytes": 169308130,
        "applicable": true
      },
      {
        "kernel": "onpair_dh_k7_t64_b8_h2",
        "role": "experimental",
        "stage_bytes": null,
        "chunk_size": 224,
        "decode_ms": 1.8688,
        "decode_gib_s": 498.3532109117607,
        "decode_ns_iters": [
          1874944,
          1874944,
          1873920,
          1872896,
          1871872,
          1873920,
          1883136,
          1872896,
          1872896,
          1874944,
          1872960,
          1870848,
          1870848,
          1878016,
          1873920,
          1875968,
          1874944,
          1872800,
          1872960,
          1874944,
          1878016,
          1874976,
          1869824,
          1872896,
          1868800,
          1873920,
          1872896,
          1872896,
          1875904,
          1889280
        ],
        "chunk_tokens": 224,
        "block_threads": 64,
        "staged_input_bytes": 169308130,
        "applicable": true
      },
      {
        "kernel": "onpair_dh_k7_t64_b8_h3",
        "role": "experimental",
        "stage_bytes": null,
        "chunk_size": 224,
        "decode_ms": 1.870848,
        "decode_gib_s": 497.807668261611,
        "decode_ns_iters": [
          1887232,
          1878016,
          1878016,
          1875968,
          1880064,
          1889280,
          1876992,
          1879040,
          1871904,
          1873920,
          1874944,
          1880064,
          1878176,
          1878016,
          1876992,
          1875968,
          1876992,
          1879040,
          1879040,
          1874112,
          1872896,
          1871872,
          1880064,
          1878016,
          1879040,
          1879040,
          1878016,
          1870848,
          1890176,
          1876992
        ],
        "chunk_tokens": 224,
        "block_threads": 64,
        "staged_input_bytes": 169308130,
        "applicable": true
      },
      {
        "kernel": "onpair_dh_k7_t64_b8_h4",
        "role": "experimental",
        "stage_bytes": null,
        "chunk_size": 224,
        "decode_ms": 1.874976,
        "decode_gib_s": 496.7116808705277,
        "decode_ns_iters": [
          1881248,
          1881088,
          1881056,
          1876992,
          1893472,
          1893376,
          1875968,
          1879040,
          1879200,
          1874976,
          1882112,
          1881088,
          1881024,
          1883136,
          1876992,
          1876992,
          1875968,
          1884160,
          1880064,
          1880192,
          1883136,
          1881024,
          1876992,
          1878016,
          1881088,
          1881088,
          1897344,
          1896448,
          1884160,
          1875968
        ],
        "chunk_tokens": 224,
        "block_threads": 64,
        "staged_input_bytes": 169308130,
        "applicable": true
      },
      {
        "kernel": "onpair_dh_k7_t128_b1_h2",
        "role": "experimental",
        "stage_bytes": null,
        "chunk_size": 224,
        "decode_ms": 1.868768,
        "decode_gib_s": 498.3617445032762,
        "decode_ns_iters": [
          1878944,
          1875968,
          1874944,
          1869824,
          1890304,
          1873920,
          1873920,
          1872896,
          1868800,
          1868768,
          1874944,
          1872896,
          1873760,
          1871872,
          1880000,
          1874880,
          1873824,
          1874944,
          1871776,
          1871872,
          1868800,
          1869824,
          1873920,
          1873920,
          1877888,
          1875968,
          1873984,
          1885216,
          1873920,
          1870880
        ],
        "chunk_tokens": 224,
        "block_threads": 128,
        "staged_input_bytes": 169308130,
        "applicable": true
      },
      {
        "kernel": "onpair_dh_k7_t128_b1_h3",
        "role": "experimental",
        "stage_bytes": null,
        "chunk_size": 224,
        "decode_ms": 1.871776,
        "decode_gib_s": 497.560862278338,
        "decode_ns_iters": [
          1876992,
          1880064,
          1893344,
          1874912,
          1874784,
          1871776,
          1879040,
          1878016,
          1876992,
          1880224,
          1876992,
          1876992,
          1875968,
          1880064,
          1874944,
          1872896,
          1874944,
          1880064,
          1877856,
          1879040,
          1876992,
          1878016,
          1873984,
          1873920,
          1872832,
          1889280,
          1890304,
          1878912,
          1880032,
          1874944
        ],
        "chunk_tokens": 224,
        "block_threads": 128,
        "staged_input_bytes": 169308130,
        "applicable": true
      },
      {
        "kernel": "onpair_dh_k7_t128_b1_h4",
        "role": "experimental",
        "stage_bytes": null,
        "chunk_size": 224,
        "decode_ms": 1.877024,
        "decode_gib_s": 496.16972428264023,
        "decode_ns_iters": [
          1880064,
          1880064,
          1900544,
          1883104,
          1878976,
          1887232,
          1882112,
          1882112,
          1880064,
          1877024,
          1882112,
          1883136,
          1884224,
          1885184,
          1887200,
          1881088,
          1887072,
          1885184,
          1878016,
          1879040,
          1882112,
          1900544,
          1882112,
          1882112,
          1884160,
          1887232,
          1880064,
          1880064,
          1879040,
          1884160
        ],
        "chunk_tokens": 224,
        "block_threads": 128,
        "staged_input_bytes": 169308130,
        "applicable": true
      },
      {
        "kernel": "onpair_dh_k7_t128_b2_h2",
        "role": "experimental",
        "stage_bytes": null,
        "chunk_size": 224,
        "decode_ms": 1.865728,
        "decode_gib_s": 499.17377053455726,
        "decode_ns_iters": [
          1874944,
          1873984,
          1873792,
          1874880,
          1872896,
          1876992,
          1868800,
          1870784,
          1870848,
          1875104,
          1874944,
          1874944,
          1872896,
          1874944,
          1871744,
          1875936,
          1868800,
          1874944,
          1891328,
          1872992,
          1875968,
          1865728,
          1869856,
          1869824,
          1883136,
          1867776,
          1874944,
          1875968,
          1873824,
          1871872
        ],
        "chunk_tokens": 224,
        "block_threads": 128,
        "staged_input_bytes": 169308130,
        "applicable": true
      },
      {
        "kernel": "onpair_dh_k7_t128_b2_h3",
        "role": "experimental",
        "stage_bytes": null,
        "chunk_size": 224,
        "decode_ms": 1.870848,
        "decode_gib_s": 497.807668261611,
        "decode_ns_iters": [
          1878016,
          1878016,
          1880064,
          1876992,
          1875968,
          1875968,
          1878880,
          1876992,
          1878016,
          1879040,
          1878016,
          1876992,
          1876992,
          1874944,
          1873920,
          1871872,
          1890304,
          1888256,
          1875808,
          1870848,
          1875968,
          1881088,
          1873856,
          1884320,
          1871872,
          1871872,
          1872896,
          1871904,
          1874912,
          1878016
        ],
        "chunk_tokens": 224,
        "block_threads": 128,
        "staged_input_bytes": 169308130,
        "applicable": true
      },
      {
        "kernel": "onpair_dh_k7_t128_b2_h4",
        "role": "experimental",
        "stage_bytes": null,
        "chunk_size": 224,
        "decode_ms": 1.876992,
        "decode_gib_s": 496.17818325911804,
        "decode_ns_iters": [
          1885152,
          1882112,
          1883136,
          1879040,
          1879040,
          1884160,
          1884000,
          1881216,
          1883136,
          1884160,
          1886208,
          1884160,
          1883168,
          1885184,
          1882080,
          1876992,
          1893376,
          1896448,
          1884160,
          1881088,
          1884160,
          1878016,
          1882080,
          1879040,
          1883328,
          1883136,
          1882112,
          1885184,
          1886208,
          1884000
        ],
        "chunk_tokens": 224,
        "block_threads": 128,
        "staged_input_bytes": 169308130,
        "applicable": true
      },
      {
        "kernel": "onpair_dh_k7_t128_b4_h2",
        "role": "experimental",
        "stage_bytes": null,
        "chunk_size": 224,
        "decode_ms": 1.867776,
        "decode_gib_s": 498.6264308738834,
        "decode_ns_iters": [
          1870848,
          1872928,
          1873920,
          1873920,
          1872000,
          1872896,
          1877824,
          1875968,
          1867776,
          1868800,
          1876992,
          1874944,
          1875840,
          1869824,
          1893376,
          1871872,
          1869824,
          1871872,
          1868800,
          1884160,
          1874944,
          1873920,
          1874944,
          1872896,
          1871872,
          1876992,
          1873920,
          1873920,
          1872896,
          1874944
        ],
        "chunk_tokens": 224,
        "block_threads": 128,
        "staged_input_bytes": 169308130,
        "applicable": true
      },
      {
        "kernel": "onpair_dh_k7_t128_b4_h3",
        "role": "experimental",
        "stage_bytes": null,
        "chunk_size": 224,
        "decode_ms": 1.870848,
        "decode_gib_s": 497.807668261611,
        "decode_ns_iters": [
          1878016,
          1876992,
          1879040,
          1879040,
          1879040,
          1872896,
          1878016,
          1879040,
          1878016,
          1878016,
          1870848,
          1890272,
          1888256,
          1872896,
          1873920,
          1872896,
          1872896,
          1871744,
          1881088,
          1873920,
          1881088,
          1871872,
          1880064,
          1878016,
          1876096,
          1876992,
          1875968,
          1878080,
          1877824,
          1876992
        ],
        "chunk_tokens": 224,
        "block_threads": 128,
        "staged_input_bytes": 169308130,
        "applicable": true
      },
      {
        "kernel": "onpair_dh_k7_t128_b4_h4",
        "role": "experimental",
        "stage_bytes": null,
        "chunk_size": 224,
        "decode_ms": 1.875968,
        "decode_gib_s": 496.449022878801,
        "decode_ns_iters": [
          1880064,
          1880960,
          1884160,
          1881088,
          1879040,
          1879168,
          1882112,
          1882112,
          1883136,
          1881088,
          1891296,
          1878016,
          1878016,
          1879872,
          1875968,
          1891328,
          1883136,
          1883136,
          1876928,
          1883136,
          1883136,
          1882112,
          1883136,
          1884160,
          1882112,
          1884160,
          1882112,
          1881088,
          1883136,
          1887232
        ],
        "chunk_tokens": 224,
        "block_threads": 128,
        "staged_input_bytes": 169308130,
        "applicable": true
      },
      {
        "kernel": "onpair_dh_k7_t128_b6_h2",
        "role": "experimental",
        "stage_bytes": null,
        "chunk_size": 224,
        "decode_ms": 1.866752,
        "decode_gib_s": 498.89995058363326,
        "decode_ns_iters": [
          1867776,
          1872864,
          1873920,
          1867712,
          1870848,
          1873824,
          1875968,
          1870720,
          1866752,
          1891328,
          1876992,
          1867776,
          1868800,
          1866752,
          1883136,
          1874944,
          1875968,
          1875968,
          1870848,
          1871872,
          1875968,
          1870848,
          1876992,
          1873920,
          1872896,
          1874944,
          1870848,
          1872896,
          1872896,
          1872896
        ],
        "chunk_tokens": 224,
        "block_threads": 128,
        "staged_input_bytes": 169308130,
        "applicable": true
      },
      {
        "kernel": "onpair_dh_k7_t128_b6_h3",
        "role": "experimental",
        "stage_bytes": null,
        "chunk_size": 224,
        "decode_ms": 1.870976,
        "decode_gib_s": 497.7736115011088,
        "decode_ns_iters": [
          1876992,
          1875968,
          1871872,
          1870976,
          1879040,
          1877952,
          1880064,
          1872896,
          1895232,
          1876992,
          1871872,
          1871872,
          1875968,
          1890304,
          1877984,
          1880064,
          1879040,
          1876032,
          1875968,
          1878016,
          1878016,
          1878176,
          1879136,
          1876992,
          1878976,
          1871776,
          1875936,
          1880064,
          1893376,
          1882112
        ],
        "chunk_tokens": 224,
        "block_threads": 128,
        "staged_input_bytes": 169308130,
        "applicable": true
      },
      {
        "kernel": "onpair_dh_k7_t128_b6_h4",
        "role": "experimental",
        "stage_bytes": null,
        "chunk_size": 224,
        "decode_ms": 1.876992,
        "decode_gib_s": 496.17818325911804,
        "decode_ns_iters": [
          1881088,
          1878016,
          1880064,
          1898496,
          1883136,
          1880064,
          1879040,
          1880064,
          1887232,
          1876992,
          1878016,
          1878016,
          1883136,
          1881088,
          1882112,
          1884160,
          1884160,
          1881088,
          1884160,
          1884128,
          1884160,
          1885184,
          1882048,
          1895552,
          1886208,
          1883136,
          1881248,
          1884000,
          1880064,
          1879040
        ],
        "chunk_tokens": 224,
        "block_threads": 128,
        "staged_input_bytes": 169308130,
        "applicable": true
      },
      {
        "kernel": "onpair_dh_k7_t128_b8_h2",
        "role": "experimental",
        "stage_bytes": null,
        "chunk_size": 224,
        "decode_ms": 1.86368,
        "decode_gib_s": 499.72231313954035,
        "decode_ns_iters": [
          1865728,
          1869824,
          1864800,
          1866752,
          1867776,
          1869760,
          1870848,
          1866752,
          1865728,
          1864704,
          1869824,
          1871872,
          1870848,
          1870816,
          1869824,
          1863680,
          1871936,
          1869728,
          1872896,
          1868800,
          1870848,
          1870848,
          1869824,
          1866752,
          1864704,
          1864704,
          1864704,
          1874976,
          1883136,
          1863776
        ],
        "chunk_tokens": 224,
        "block_threads": 128,
        "staged_input_bytes": 169308130,
        "applicable": true
      },
      {
        "kernel": "onpair_dh_k7_t128_b8_h3",
        "role": "experimental",
        "stage_bytes": null,
        "chunk_size": 224,
        "decode_ms": 1.871872,
        "decode_gib_s": 497.5353445918837,
        "decode_ns_iters": [
          1873920,
          1871872,
          1875968,
          1871872,
          1883136,
          1873920,
          1891328,
          1891328,
          1871872,
          1875072,
          1872896,
          1873792,
          1882112,
          1873920,
          1875968,
          1874944,
          1874944,
          1871872,
          1875008,
          1875968,
          1874944,
          1876992,
          1878016,
          1878976,
          1882048,
          1877888,
          1880064,
          1878112,
          1878016,
          1879040
        ],
        "chunk_tokens": 224,
        "block_threads": 128,
        "staged_input_bytes": 169308130,
        "applicable": true
      },
      {
        "kernel": "onpair_dh_k7_t128_b8_h4",
        "role": "experimental",
        "stage_bytes": null,
        "chunk_size": 224,
        "decode_ms": 1.870784,
        "decode_gib_s": 497.82469838949794,
        "decode_ns_iters": [
          1873920,
          1880064,
          1870784,
          1878016,
          1875968,
          1877888,
          1891328,
          1888256,
          1876864,
          1871872,
          1875968,
          1887232,
          1873760,
          1875968,
          1876992,
          1870848,
          1876864,
          1876992,
          1874944,
          1874944,
          1875904,
          1876992,
          1875904,
          1875968,
          1875968,
          1876992,
          1891328,
          1878016,
          1876992,
          1875968
        ],
        "chunk_tokens": 224,
        "block_threads": 128,
        "staged_input_bytes": 169308130,
        "applicable": true
      },
      {
        "kernel": "onpair_dh_k7_t256_b1_h0",
        "role": "experimental",
        "stage_bytes": null,
        "chunk_size": 224,
        "decode_ms": 1.84832,
        "decode_gib_s": 503.8751301462401,
        "decode_ns_iters": [
          1855488,
          1856512,
          1858560,
          1851456,
          1851392,
          1852288,
          1851392,
          1852416,
          1852544,
          1851392,
          1851296,
          1850368,
          1850368,
          1850560,
          1850368,
          1867776,
          1867648,
          1867776,
          1852384,
          1851552,
          1850336,
          1849344,
          1851392,
          1850368,
          1855488,
          1850368,
          1851360,
          1854464,
          1848320,
          1852416
        ],
        "chunk_tokens": 224,
        "block_threads": 256,
        "staged_input_bytes": 169308130,
        "applicable": true
      },
      {
        "kernel": "onpair_dh_k7_t256_b1_h2",
        "role": "experimental",
        "stage_bytes": null,
        "chunk_size": 224,
        "decode_ms": 1.849344,
        "decode_gib_s": 503.59612952046695,
        "decode_ns_iters": [
          1853600,
          1853440,
          1853440,
          1854464,
          1852320,
          1860512,
          1854464,
          1849344,
          1852416,
          1849344,
          1852384,
          1853440,
          1850368,
          1851392,
          1854272,
          1853440,
          1859584,
          1854464,
          1852416,
          1853440,
          1852416,
          1852320,
          1852416,
          1851392,
          1853440,
          1855488,
          1853440,
          1853472,
          1869888,
          1862656
        ],
        "chunk_tokens": 224,
        "block_threads": 256,
        "staged_input_bytes": 169308130,
        "applicable": true
      },
      {
        "kernel": "onpair_dh_k7_t256_b1_h3",
        "role": "experimental",
        "stage_bytes": null,
        "chunk_size": 224,
        "decode_ms": 1.851392,
        "decode_gib_s": 503.03905415595324,
        "decode_ns_iters": [
          1854464,
          1853504,
          1852512,
          1853440,
          1851392,
          1851392,
          1855488,
          1854464,
          1854464,
          1853440,
          1854368,
          1855488,
          1854624,
          1854464,
          1853440,
          1856352,
          1854464,
          1855488,
          1857536,
          1855488,
          1857536,
          1856512,
          1864704,
          1859584,
          1860608,
          1855488,
          1861696,
          1852480,
          1853440,
          1854464
        ],
        "chunk_tokens": 224,
        "block_threads": 256,
        "staged_input_bytes": 169308130,
        "applicable": true
      },
      {
        "kernel": "onpair_dh_k7_t256_b1_h4",
        "role": "experimental",
        "stage_bytes": null,
        "chunk_size": 224,
        "decode_ms": 1.85248,
        "decode_gib_s": 502.7436088658979,
        "decode_ns_iters": [
          1856512,
          1856512,
          1859584,
          1857536,
          1859584,
          1858560,
          1859584,
          1864544,
          1863680,
          1856352,
          1863648,
          1863680,
          1860608,
          1857472,
          1857536,
          1854496,
          1854464,
          1872704,
          1873920,
          1872800,
          1856512,
          1853440,
          1856512,
          1859584,
          1863680,
          1863680,
          1857536,
          1861536,
          1853440,
          1852480
        ],
        "chunk_tokens": 224,
        "block_threads": 256,
        "staged_input_bytes": 169308130,
        "applicable": true
      },
      {
        "kernel": "onpair_dh_k7_t256_b2_h2",
        "role": "experimental",
        "stage_bytes": null,
        "chunk_size": 224,
        "decode_ms": 1.852416,
        "decode_gib_s": 502.76097839356737,
        "decode_ns_iters": [
          1873920,
          1860608,
          1857536,
          1855488,
          1852416,
          1856512,
          1865568,
          1852416,
          1858560,
          1858560,
          1856512,
          1857536,
          1855488,
          1855488,
          1856512,
          1858560,
          1856544,
          1857536,
          1858560,
          1858560,
          1856512,
          1855488,
          1855488,
          1854464,
          1858560,
          1861632,
          1852416,
          1857536,
          1859584,
          1855488
        ],
        "chunk_tokens": 224,
        "block_threads": 256,
        "staged_input_bytes": 169308130,
        "applicable": true
      },
      {
        "kernel": "onpair_dh_k7_t256_b2_h3",
        "role": "experimental",
        "stage_bytes": null,
        "chunk_size": 224,
        "decode_ms": 1.851424,
        "decode_gib_s": 503.0303596323146,
        "decode_ns_iters": [
          1856512,
          1855424,
          1855488,
          1853440,
          1852416,
          1858464,
          1865728,
          1860608,
          1858560,
          1859584,
          1855488,
          1855488,
          1855584,
          1858560,
          1858560,
          1859584,
          1854464,
          1853440,
          1853504,
          1853440,
          1852416,
          1857536,
          1854464,
          1881088,
          1870848,
          1867776,
          1853440,
          1853440,
          1851424,
          1857664
        ],
        "chunk_tokens": 224,
        "block_threads": 256,
        "staged_input_bytes": 169308130,
        "applicable": true
      },
      {
        "kernel": "onpair_dh_k7_t256_b2_h4",
        "role": "experimental",
        "stage_bytes": null,
        "chunk_size": 224,
        "decode_ms": 1.851392,
        "decode_gib_s": 503.03905415595324,
        "decode_ns_iters": [
          1859584,
          1856512,
          1861632,
          1861472,
          1860608,
          1859616,
          1854464,
          1852416,
          1856608,
          1854464,
          1858560,
          1851392,
          1854592,
          1854464,
          1873920,
          1880064,
          1872800,
          1856512,
          1856512,
          1856352,
          1857600,
          1856384,
          1856512,
          1863712,
          1859584,
          1860512,
          1861632,
          1858560,
          1859616,
          1868800
        ],
        "chunk_tokens": 224,
        "block_threads": 256,
        "staged_input_bytes": 169308130,
        "applicable": true
      },
      {
        "kernel": "onpair_dh_k7_t256_b4_h0",
        "role": "experimental",
        "stage_bytes": null,
        "chunk_size": 224,
        "decode_ms": 1.850368,
        "decode_gib_s": 503.317437694501,
        "decode_ns_iters": [
          1854528,
          1856448,
          1854304,
          1855488,
          1865728,
          1854464,
          1859584,
          1850368,
          1852416,
          1854464,
          1856512,
          1856480,
          1856480,
          1856512,
          1853440,
          1857536,
          1856512,
          1852416,
          1851392,
          1855488,
          1858688,
          1855488,
          1855488,
          1855488,
          1854528,
          1856512,
          1852416,
          1854464,
          1856512,
          1855488
        ],
        "chunk_tokens": 224,
        "block_threads": 256,
        "staged_input_bytes": 169308130,
        "applicable": true
      },
      {
        "kernel": "onpair_dh_k7_t256_b4_h2",
        "role": "experimental",
        "stage_bytes": null,
        "chunk_size": 224,
        "decode_ms": 1.849344,
        "decode_gib_s": 503.59612952046695,
        "decode_ns_iters": [
          1858560,
          1855488,
          1852416,
          1856512,
          1856512,
          1854464,
          1855488,
          1858560,
          1851392,
          1851392,
          1856512,
          1856512,
          1855488,
          1856512,
          1853440,
          1852416,
          1853440,
          1859584,
          1852416,
          1858656,
          1852416,
          1849344,
          1855488,
          1851392,
          1853440,
          1851328,
          1851392,
          1858560,
          1850368,
          1851392
        ],
        "chunk_tokens": 224,
        "block_threads": 256,
        "staged_input_bytes": 169308130,
        "applicable": true
      },
      {
        "kernel": "onpair_dh_k7_t256_b4_h3",
        "role": "experimental",
        "stage_bytes": null,
        "chunk_size": 224,
        "decode_ms": 1.851392,
        "decode_gib_s": 503.03905415595324,
        "decode_ns_iters": [
          1855488,
          1854464,
          1853440,
          1851424,
          1860608,
          1861632,
          1860608,
          1858560,
          1859584,
          1858528,
          1858560,
          1859424,
          1859584,
          1860672,
          1869824,
          1854464,
          1871936,
          1870848,
          1870848,
          1852416,
          1852416,
          1851392,
          1860608,
          1858560,
          1859584,
          1858560,
          1856512,
          1858400,
          1852576,
          1854464
        ],
        "chunk_tokens": 224,
        "block_threads": 256,
        "staged_input_bytes": 169308130,
        "applicable": true
      },
      {
        "kernel": "onpair_dh_k7_t256_b4_h4",
        "role": "experimental",
        "stage_bytes": null,
        "chunk_size": 224,
        "decode_ms": 1.852416,
        "decode_gib_s": 502.76097839356737,
        "decode_ns_iters": [
          1874880,
          1853440,
          1860608,
          1857536,
          1853440,
          1854464,
          1868608,
          1853440,
          1869760,
          1860608,
          1858400,
          1857472,
          1859584,
          1861632,
          1860608,
          1859680,
          1859584,
          1858560,
          1863680,
          1859552,
          1859584,
          1863680,
          1863808,
          1859584,
          1852416,
          1858560,
          1860608,
          1861632,
          1858560,
          1860608
        ],
        "chunk_tokens": 224,
        "block_threads": 256,
        "staged_input_bytes": 169308130,
        "applicable": true
      },
      {
        "kernel": "onpair_dh_k7_t256_b6_h2",
        "role": "experimental",
        "stage_bytes": null,
        "chunk_size": 224,
        "decode_ms": 1.915904,
        "decode_gib_s": 486.1008070090665,
        "decode_ns_iters": [
          1918944,
          1918976,
          1921024,
          1938432,
          1918048,
          1944576,
          1922048,
          1918976,
          1916928,
          1916928,
          1922048,
          1921024,
          1920000,
          1918976,
          1922048,
          1918976,
          1920000,
          1916928,
          1922048,
          1922048,
          1929216,
          1921024,
          1917952,
          1922048,
          1922048,
          1921024,
          1922048,
          1915904,
          1924960,
          1918976
        ],
        "chunk_tokens": 224,
        "block_threads": 256,
        "staged_input_bytes": 169308130,
        "applicable": true
      },
      {
        "kernel": "onpair_dh_k7_t256_b6_h3",
        "role": "experimental",
        "stage_bytes": null,
        "chunk_size": 224,
        "decode_ms": 1.91488,
        "decode_gib_s": 486.3607539646863,
        "decode_ns_iters": [
          1928320,
          1922048,
          1923072,
          1923072,
          1921024,
          1924096,
          1916832,
          1940480,
          1921024,
          1929216,
          1917952,
          1922176,
          1920000,
          1917952,
          1914880,
          1930240,
          1923104,
          1922048,
          1921024,
          1921088,
          1921024,
          1918976,
          1921024,
          1922048,
          1920000,
          1928192,
          1920000,
          1918976,
          1933312,
          1920000
        ],
        "chunk_tokens": 224,
        "block_threads": 256,
        "staged_input_bytes": 169308130,
        "applicable": true
      },
      {
        "kernel": "onpair_dh_k7_t256_b6_h4",
        "role": "experimental",
        "stage_bytes": null,
        "chunk_size": 224,
        "decode_ms": 1.923072,
        "decode_gib_s": 484.2889296666472,
        "decode_ns_iters": [
          1954816,
          1927168,
          1930240,
          1930112,
          1928032,
          1923072,
          1923072,
          1925120,
          1931264,
          1927040,
          1929216,
          1931264,
          1928064,
          1930240,
          1928192,
          1925120,
          1929216,
          1928224,
          1932288,
          1931264,
          1929216,
          1951744,
          1930240,
          1928128,
          1923072,
          1930240,
          1932288,
          1930240,
          1931264,
          1930240
        ],
        "chunk_tokens": 224,
        "block_threads": 256,
        "staged_input_bytes": 169308130,
        "applicable": true
      },
      {
        "kernel": "onpair_dh_k7_t256_b8_h0",
        "role": "experimental",
        "stage_bytes": null,
        "chunk_size": 224,
        "decode_ms": 1.849344,
        "decode_gib_s": 503.59612952046695,
        "decode_ns_iters": [
          1856512,
          1857536,
          1852416,
          1856512,
          1856512,
          1857536,
          1857536,
          1859584,
          1857536,
          1855648,
          1856512,
          1856512,
          1855424,
          1851584,
          1850368,
          1851392,
          1849344,
          1852416,
          1853440,
          1853440,
          1851392,
          1851584,
          1850208,
          1866720,
          1868800,
          1868800,
          1851392,
          1850496,
          1850368,
          1852416
        ],
        "chunk_tokens": 224,
        "block_threads": 256,
        "staged_input_bytes": 169308130,
        "applicable": true
      },
      {
        "kernel": "onpair_dh_k7_t256_b8_h2",
        "role": "experimental",
        "stage_bytes": null,
        "chunk_size": 224,
        "decode_ms": 1.850368,
        "decode_gib_s": 503.317437694501,
        "decode_ns_iters": [
          1852416,
          1858560,
          1857376,
          1858560,
          1859488,
          1855488,
          1853600,
          1856512,
          1853440,
          1852416,
          1866752,
          1864704,
          1869824,
          1869824,
          1851392,
          1855488,
          1850368,
          1854464,
          1851392,
          1853376,
          1854464,
          1852416,
          1851392,
          1852416,
          1854496,
          1862656,
          1853376,
          1860608,
          1853568,
          1859744
        ],
        "chunk_tokens": 224,
        "block_threads": 256,
        "staged_input_bytes": 169308130,
        "applicable": true
      },
      {
        "kernel": "onpair_dh_k7_t256_b8_h3",
        "role": "experimental",
        "stage_bytes": null,
        "chunk_size": 224,
        "decode_ms": 1.851392,
        "decode_gib_s": 503.03905415595324,
        "decode_ns_iters": [
          1853344,
          1857504,
          1853440,
          1857504,
          1852608,
          1853440,
          1852416,
          1853248,
          1853440,
          1855456,
          1852416,
          1853440,
          1853408,
          1863680,
          1854464,
          1854464,
          1857536,
          1852416,
          1853344,
          1854464,
          1854464,
          1851392,
          1854368,
          1854304,
          1851392,
          1868800,
          1865728,
          1868800,
          1871872,
          1852416
        ],
        "chunk_tokens": 224,
        "block_threads": 256,
        "staged_input_bytes": 169308130,
        "applicable": true
      },
      {
        "kernel": "onpair_dh_k7_t256_b8_h4",
        "role": "experimental",
        "stage_bytes": null,
        "chunk_size": 224,
        "decode_ms": 1.852416,
        "decode_gib_s": 502.76097839356737,
        "decode_ns_iters": [
          1857536,
          1855520,
          1853440,
          1852416,
          1858560,
          1855488,
          1858560,
          1856512,
          1856512,
          1855488,
          1854464,
          1856352,
          1855488,
          1853440,
          1856512,
          1856512,
          1856512,
          1863680,
          1857536,
          1856512,
          1855488,
          1858368,
          1872896,
          1873920,
          1869824,
          1855488,
          1862592,
          1855488,
          1859584,
          1858560
        ],
        "chunk_tokens": 224,
        "block_threads": 256,
        "staged_input_bytes": 169308130,
        "applicable": true
      },
      {
        "kernel": "onpair_dh_k8_t64_b1_h2",
        "role": "experimental",
        "stage_bytes": null,
        "chunk_size": 256,
        "decode_ms": 1.865728,
        "decode_gib_s": 499.17377053455726,
        "decode_ns_iters": [
          1869824,
          1866752,
          1867776,
          1883136,
          1890304,
          1871872,
          1871872,
          1867776,
          1884160,
          1871872,
          1871872,
          1871872,
          1873888,
          1873920,
          1871872,
          1873920,
          1872704,
          1869824,
          1865728,
          1865728,
          1873824,
          1872896,
          1873920,
          1873920,
          1871872,
          1866752,
          1868800,
          1869984,
          1891360,
          1872896
        ],
        "chunk_tokens": 256,
        "block_threads": 64,
        "staged_input_bytes": 168938858,
        "applicable": true
      },
      {
        "kernel": "onpair_dh_k8_t64_b1_h3",
        "role": "experimental",
        "stage_bytes": null,
        "chunk_size": 256,
        "decode_ms": 1.85856,
        "decode_gib_s": 501.0989586302828,
        "decode_ns_iters": [
          1863744,
          1860512,
          1863648,
          1865728,
          1862656,
          1860608,
          1872896,
          1881088,
          1861632,
          1863616,
          1858560,
          1858560,
          1858560,
          1865728,
          1863680,
          1866752,
          1863648,
          1863680,
          1859584,
          1862656,
          1864704,
          1863680,
          1864704,
          1862656,
          1864704,
          1862656,
          1863616,
          1859584,
          1859584,
          1865728
        ],
        "chunk_tokens": 256,
        "block_threads": 64,
        "staged_input_bytes": 168938858,
        "applicable": true
      },
      {
        "kernel": "onpair_dh_k8_t64_b1_h4",
        "role": "experimental",
        "stage_bytes": null,
        "chunk_size": 256,
        "decode_ms": 1.866752,
        "decode_gib_s": 498.89995058363326,
        "decode_ns_iters": [
          1869824,
          1868800,
          1878944,
          1870848,
          1869824,
          1876992,
          1876032,
          1873856,
          1876896,
          1876128,
          1874944,
          1873920,
          1875968,
          1867776,
          1873792,
          1885120,
          1875936,
          1873824,
          1876992,
          1874944,
          1873920,
          1866752,
          1876960,
          1873920,
          1876992,
          1872960,
          1875968,
          1879040,
          1873824,
          1875968
        ],
        "chunk_tokens": 256,
        "block_threads": 64,
        "staged_input_bytes": 168938858,
        "applicable": true
      },
      {
        "kernel": "onpair_dh_k8_t64_b2_h2",
        "role": "experimental",
        "stage_bytes": null,
        "chunk_size": 256,
        "decode_ms": 1.865728,
        "decode_gib_s": 499.17377053455726,
        "decode_ns_iters": [
          1872896,
          1873920,
          1872896,
          1871872,
          1872704,
          1872896,
          1873920,
          1872896,
          1867776,
          1876992,
          1871872,
          1867776,
          1866752,
          1868704,
          1868800,
          1883136,
          1886208,
          1867776,
          1866752,
          1868800,
          1866752,
          1867680,
          1866656,
          1866688,
          1867776,
          1867776,
          1867776,
          1869824,
          1865728,
          1868736
        ],
        "chunk_tokens": 256,
        "block_threads": 64,
        "staged_input_bytes": 168938858,
        "applicable": true
      },
      {
        "kernel": "onpair_dh_k8_t64_b2_h3",
        "role": "experimental",
        "stage_bytes": null,
        "chunk_size": 256,
        "decode_ms": 1.856512,
        "decode_gib_s": 501.6517429200019,
        "decode_ns_iters": [
          1862656,
          1863680,
          1870848,
          1862656,
          1860608,
          1856512,
          1864704,
          1857664,
          1863680,
          1862656,
          1863680,
          1862656,
          1864704,
          1861632,
          1861632,
          1863680,
          1862656,
          1863552,
          1861632,
          1862656,
          1862656,
          1862656,
          1862656,
          1862784,
          1858560,
          1857536,
          1861632,
          1858528,
          1859424,
          1876000
        ],
        "chunk_tokens": 256,
        "block_threads": 64,
        "staged_input_bytes": 168938858,
        "applicable": true
      },
      {
        "kernel": "onpair_dh_k8_t64_b2_h4",
        "role": "experimental",
        "stage_bytes": null,
        "chunk_size": 256,
        "decode_ms": 1.867776,
        "decode_gib_s": 498.6264308738834,
        "decode_ns_iters": [
          1871776,
          1869696,
          1876992,
          1871904,
          1874944,
          1872992,
          1873920,
          1868800,
          1894400,
          1868800,
          1869824,
          1867776,
          1875808,
          1881216,
          1874848,
          1874880,
          1874944,
          1869824,
          1873888,
          1874944,
          1871936,
          1870848,
          1868672,
          1871872,
          1875840,
          1873920,
          1870720,
          1874944,
          1874944,
          1876992
        ],
        "chunk_tokens": 256,
        "block_threads": 64,
        "staged_input_bytes": 168938858,
        "applicable": true
      },
      {
        "kernel": "onpair_dh_k8_t64_b4_h2",
        "role": "experimental",
        "stage_bytes": null,
        "chunk_size": 256,
        "decode_ms": 1.865728,
        "decode_gib_s": 499.17377053455726,
        "decode_ns_iters": [
          1875136,
          1871872,
          1871872,
          1867776,
          1865728,
          1874976,
          1872896,
          1871872,
          1866752,
          1893376,
          1869856,
          1868800,
          1868800,
          1866816,
          1865728,
          1873792,
          1875968,
          1871872,
          1872896,
          1867776,
          1868640,
          1871872,
          1872832,
          1873024,
          1873824,
          1872896,
          1873888,
          1872992,
          1872896,
          1867776
        ],
        "chunk_tokens": 256,
        "block_threads": 64,
        "staged_input_bytes": 168938858,
        "applicable": true
      },
      {
        "kernel": "onpair_dh_k8_t64_b4_h3",
        "role": "experimental",
        "stage_bytes": null,
        "chunk_size": 256,
        "decode_ms": 1.856576,
        "decode_gib_s": 501.6344499508226,
        "decode_ns_iters": [
          1864704,
          1864704,
          1864608,
          1863584,
          1863680,
          1863520,
          1857536,
          1857536,
          1863680,
          1862656,
          1862656,
          1865728,
          1862656,
          1858464,
          1874944,
          1874944,
          1874880,
          1862656,
          1858560,
          1856576,
          1857472,
          1857536,
          1857536,
          1858560,
          1857536,
          1871872,
          1861728,
          1864704,
          1863520,
          1862656
        ],
        "chunk_tokens": 256,
        "block_threads": 64,
        "staged_input_bytes": 168938858,
        "applicable": true
      },
      {
        "kernel": "onpair_dh_k8_t64_b4_h4",
        "role": "experimental",
        "stage_bytes": null,
        "chunk_size": 256,
        "decode_ms": 1.8688,
        "decode_gib_s": 498.3532109117607,
        "decode_ns_iters": [
          1874848,
          1873984,
          1873920,
          1873920,
          1874880,
          1868800,
          1869632,
          1874944,
          1873856,
          1878144,
          1881088,
          1873920,
          1872896,
          1872896,
          1870848,
          1871712,
          1875008,
          1875040,
          1873824,
          1882144,
          1891328,
          1873728,
          1870848,
          1870848,
          1876064,
          1872896,
          1881984,
          1873920,
          1872896,
          1873920
        ],
        "chunk_tokens": 256,
        "block_threads": 64,
        "staged_input_bytes": 168938858,
        "applicable": true
      },
      {
        "kernel": "onpair_dh_k8_t64_b6_h2",
        "role": "experimental",
        "stage_bytes": null,
        "chunk_size": 256,
        "decode_ms": 1.865728,
        "decode_gib_s": 499.17377053455726,
        "decode_ns_iters": [
          1873920,
          1872896,
          1874944,
          1874944,
          1869824,
          1866752,
          1873920,
          1870848,
          1873792,
          1872896,
          1872896,
          1868736,
          1867776,
          1868800,
          1869824,
          1866752,
          1886208,
          1870848,
          1873920,
          1870848,
          1885184,
          1887232,
          1867648,
          1867776,
          1870848,
          1865728,
          1868800,
          1872896,
          1865728,
          1878016
        ],
        "chunk_tokens": 256,
        "block_threads": 64,
        "staged_input_bytes": 168938858,
        "applicable": true
      },
      {
        "kernel": "onpair_dh_k8_t64_b6_h3",
        "role": "experimental",
        "stage_bytes": null,
        "chunk_size": 256,
        "decode_ms": 1.857536,
        "decode_gib_s": 501.3751984090206,
        "decode_ns_iters": [
          1860608,
          1859584,
          1880064,
          1863680,
          1863680,
          1862752,
          1862656,
          1859584,
          1860608,
          1863680,
          1865728,
          1866752,
          1861632,
          1863680,
          1862592,
          1862656,
          1860608,
          1861632,
          1860608,
          1859584,
          1859584,
          1864704,
          1863616,
          1863680,
          1862656,
          1862656,
          1857536,
          1867776,
          1860480,
          1865696
        ],
        "chunk_tokens": 256,
        "block_threads": 64,
        "staged_input_bytes": 168938858,
        "applicable": true
      },
      {
        "kernel": "onpair_dh_k8_t64_b6_h4",
        "role": "experimental",
        "stage_bytes": null,
        "chunk_size": 256,
        "decode_ms": 1.867776,
        "decode_gib_s": 498.6264308738834,
        "decode_ns_iters": [
          1869824,
          1871936,
          1868864,
          1870720,
          1869824,
          1878016,
          1870848,
          1870016,
          1886208,
          1872896,
          1875968,
          1867776,
          1870848,
          1871712,
          1875968,
          1878848,
          1874944,
          1873920,
          1872896,
          1868800,
          1876992,
          1874944,
          1875968,
          1872896,
          1875968,
          1873920,
          1874944,
          1870720,
          1873920,
          1876896
        ],
        "chunk_tokens": 256,
        "block_threads": 64,
        "staged_input_bytes": 168938858,
        "applicable": true
      },
      {
        "kernel": "onpair_dh_k8_t64_b8_h2",
        "role": "experimental",
        "stage_bytes": null,
        "chunk_size": 256,
        "decode_ms": 1.867776,
        "decode_gib_s": 498.6264308738834,
        "decode_ns_iters": [
          1873920,
          1872896,
          1871872,
          1871872,
          1875968,
          1871872,
          1872896,
          1872896,
          1884160,
          1876992,
          1870848,
          1867776,
          1867776,
          1873920,
          1874944,
          1872896,
          1870848,
          1873952,
          1873920,
          1874784,
          1873952,
          1871840,
          1867776,
          1868800,
          1867776,
          1872832,
          1871872,
          1873920,
          1872896,
          1873920
        ],
        "chunk_tokens": 256,
        "block_threads": 64,
        "staged_input_bytes": 168938858,
        "applicable": true
      },
      {
        "kernel": "onpair_dh_k8_t64_b8_h3",
        "role": "experimental",
        "stage_bytes": null,
        "chunk_size": 256,
        "decode_ms": 1.856512,
        "decode_gib_s": 501.6517429200019,
        "decode_ns_iters": [
          1880064,
          1862624,
          1859680,
          1858560,
          1862656,
          1862656,
          1865728,
          1863648,
          1861632,
          1859584,
          1861536,
          1859712,
          1859520,
          1856512,
          1856512,
          1859584,
          1872896,
          1876992,
          1876896,
          1859520,
          1862656,
          1858528,
          1859456,
          1857696,
          1858528,
          1858560,
          1866688,
          1863680,
          1864704,
          1866752
        ],
        "chunk_tokens": 256,
        "block_threads": 64,
        "staged_input_bytes": 168938858,
        "applicable": true
      },
      {
        "kernel": "onpair_dh_k8_t64_b8_h4",
        "role": "experimental",
        "stage_bytes": null,
        "chunk_size": 256,
        "decode_ms": 1.8688,
        "decode_gib_s": 498.3532109117607,
        "decode_ns_iters": [
          1875968,
          1870720,
          1868800,
          1881088,
          1870848,
          1870848,
          1875968,
          1879136,
          1875840,
          1875968,
          1874944,
          1874848,
          1870816,
          1876992,
          1870976,
          1874944,
          1874816,
          1874944,
          1874944,
          1873824,
          1873920,
          1870752,
          1893376,
          1871872,
          1870688,
          1869984,
          1874048,
          1869824,
          1870848,
          1869824
        ],
        "chunk_tokens": 256,
        "block_threads": 64,
        "staged_input_bytes": 168938858,
        "applicable": true
      },
      {
        "kernel": "onpair_dh_k8_t128_b1_h2",
        "role": "experimental",
        "stage_bytes": null,
        "chunk_size": 256,
        "decode_ms": 1.864704,
        "decode_gib_s": 499.44789122128685,
        "decode_ns_iters": [
          1870848,
          1882144,
          1882304,
          1867776,
          1870848,
          1867776,
          1864704,
          1867776,
          1872832,
          1871712,
          1867776,
          1865728,
          1865664,
          1867776,
          1875968,
          1871872,
          1873792,
          1870816,
          1869824,
          1869824,
          1870848,
          1866752,
          1865760,
          1870848,
          1875968,
          1870848,
          1872032,
          1871872,
          1869824,
          1866752
        ],
        "chunk_tokens": 256,
        "block_threads": 128,
        "staged_input_bytes": 168938858,
        "applicable": true
      },
      {
        "kernel": "onpair_dh_k8_t128_b1_h3",
        "role": "experimental",
        "stage_bytes": null,
        "chunk_size": 256,
        "decode_ms": 1.855488,
        "decode_gib_s": 501.9285926677502,
        "decode_ns_iters": [
          1862688,
          1861632,
          1860736,
          1861632,
          1864704,
          1861632,
          1856512,
          1856640,
          1862656,
          1862784,
          1874816,
          1879040,
          1862656,
          1862656,
          1857408,
          1857536,
          1858560,
          1869824,
          1862656,
          1863648,
          1862656,
          1863680,
          1861632,
          1863680,
          1858560,
          1857536,
          1857536,
          1855488,
          1864704,
          1863552
        ],
        "chunk_tokens": 256,
        "block_threads": 128,
        "staged_input_bytes": 168938858,
        "applicable": true
      },
      {
        "kernel": "onpair_dh_k8_t128_b1_h4",
        "role": "experimental",
        "stage_bytes": null,
        "chunk_size": 256,
        "decode_ms": 1.867776,
        "decode_gib_s": 498.6264308738834,
        "decode_ns_iters": [
          1875968,
          1872832,
          1870848,
          1868608,
          1867776,
          1872896,
          1871872,
          1872896,
          1881088,
          1872800,
          1867776,
          1873920,
          1867776,
          1871904,
          1870976,
          1872896,
          1874944,
          1872896,
          1886208,
          1885184,
          1867776,
          1871872,
          1872896,
          1874784,
          1876992,
          1873920,
          1869824,
          1871872,
          1876992,
          1871872
        ],
        "chunk_tokens": 256,
        "block_threads": 128,
        "staged_input_bytes": 168938858,
        "applicable": true
      },
      {
        "kernel": "onpair_dh_k8_t128_b2_h2",
        "role": "experimental",
        "stage_bytes": null,
        "chunk_size": 256,
        "decode_ms": 1.86368,
        "decode_gib_s": 499.72231313954035,
        "decode_ns_iters": [
          1871872,
          1874944,
          1867776,
          1863680,
          1871872,
          1872896,
          1870848,
          1870848,
          1871872,
          1874944,
          1869824,
          1867776,
          1866688,
          1865696,
          1864704,
          1870848,
          1872896,
          1871872,
          1869824,
          1884096,
          1883136,
          1865728,
          1867776,
          1864768,
          1866752,
          1865728,
          1866752,
          1874944,
          1867744,
          1869824
        ],
        "chunk_tokens": 256,
        "block_threads": 128,
        "staged_input_bytes": 168938858,
        "applicable": true
      },
      {
        "kernel": "onpair_dh_k8_t128_b2_h3",
        "role": "experimental",
        "stage_bytes": null,
        "chunk_size": 256,
        "decode_ms": 1.856512,
        "decode_gib_s": 501.6517429200019,
        "decode_ns_iters": [
          1876992,
          1862656,
          1863776,
          1869824,
          1862656,
          1862528,
          1861632,
          1856512,
          1856512,
          1864704,
          1859584,
          1862528,
          1863680,
          1862656,
          1858560,
          1862656,
          1863680,
          1861632,
          1858560,
          1861632,
          1861632,
          1861600,
          1863680,
          1861632,
          1861632,
          1862656,
          1862528,
          1858560,
          1857472,
          1857600
        ],
        "chunk_tokens": 256,
        "block_threads": 128,
        "staged_input_bytes": 168938858,
        "applicable": true
      },
      {
        "kernel": "onpair_dh_k8_t128_b2_h4",
        "role": "experimental",
        "stage_bytes": null,
        "chunk_size": 256,
        "decode_ms": 1.865728,
        "decode_gib_s": 499.17377053455726,
        "decode_ns_iters": [
          1872864,
          1868800,
          1866752,
          1869824,
          1867776,
          1868800,
          1867776,
          1867776,
          1868928,
          1869824,
          1870848,
          1867776,
          1883136,
          1883136,
          1868800,
          1867776,
          1868800,
          1869824,
          1868800,
          1870848,
          1868800,
          1865728,
          1867776,
          1865728,
          1869632,
          1867776,
          1874944,
          1874944,
          1874944,
          1875936
        ],
        "chunk_tokens": 256,
        "block_threads": 128,
        "staged_input_bytes": 168938858,
        "applicable": true
      },
      {
        "kernel": "onpair_dh_k8_t128_b4_h2",
        "role": "experimental",
        "stage_bytes": null,
        "chunk_size": 256,
        "decode_ms": 1.864704,
        "decode_gib_s": 499.44789122128685,
        "decode_ns_iters": [
          1865728,
          1872896,
          1867776,
          1872896,
          1872896,
          1872896,
          1869984,
          1874816,
          1872832,
          1872896,
          1871872,
          1871872,
          1870848,
          1871872,
          1871872,
          1873920,
          1872896,
          1885184,
          1888160,
          1867712,
          1867776,
          1866752,
          1865888,
          1864704,
          1866752,
          1865728,
          1865888,
          1872896,
          1870848,
          1873920
        ],
        "chunk_tokens": 256,
        "block_threads": 128,
        "staged_input_bytes": 168938858,
        "applicable": true
      },
      {
        "kernel": "onpair_dh_k8_t128_b4_h3",
        "role": "experimental",
        "stage_bytes": null,
        "chunk_size": 256,
        "decode_ms": 1.856384,
        "decode_gib_s": 501.6863324354759,
        "decode_ns_iters": [
          1858560,
          1860608,
          1861632,
          1862656,
          1865728,
          1862624,
          1862592,
          1858560,
          1856384,
          1863680,
          1863680,
          1863680,
          1861632,
          1862656,
          1857376,
          1860608,
          1862592,
          1862656,
          1862656,
          1862496,
          1862656,
          1861632,
          1859584,
          1863680,
          1863680,
          1863680,
          1862688,
          1858560,
          1881088,
          1862752
        ],
        "chunk_tokens": 256,
        "block_threads": 128,
        "staged_input_bytes": 168938858,
        "applicable": true
      },
      {
        "kernel": "onpair_dh_k8_t128_b4_h4",
        "role": "experimental",
        "stage_bytes": null,
        "chunk_size": 256,
        "decode_ms": 1.867776,
        "decode_gib_s": 498.6264308738834,
        "decode_ns_iters": [
          1872896,
          1876992,
          1872896,
          1872896,
          1883136,
          1885184,
          1867776,
          1869824,
          1867776,
          1880064,
          1873920,
          1875968,
          1871872,
          1872896,
          1872896,
          1874944,
          1873856,
          1872896,
          1872896,
          1873920,
          1872832,
          1869824,
          1872960,
          1872896,
          1870848,
          1871872,
          1872896,
          1885184,
          1871872,
          1869824
        ],
        "chunk_tokens": 256,
        "block_threads": 128,
        "staged_input_bytes": 168938858,
        "applicable": true
      },
      {
        "kernel": "onpair_dh_k8_t128_b6_h2",
        "role": "experimental",
        "stage_bytes": null,
        "chunk_size": 256,
        "decode_ms": 1.865728,
        "decode_gib_s": 499.17377053455726,
        "decode_ns_iters": [
          1870848,
          1872896,
          1867776,
          1892352,
          1866752,
          1871872,
          1866752,
          1865728,
          1896448,
          1872064,
          1870816,
          1871872,
          1872896,
          1870848,
          1870976,
          1873920,
          1870848,
          1870848,
          1869664,
          1870848,
          1865728,
          1873920,
          1871872,
          1870848,
          1872928,
          1866752,
          1866752,
          1888288,
          1867776,
          1865728
        ],
        "chunk_tokens": 256,
        "block_threads": 128,
        "staged_input_bytes": 168938858,
        "applicable": true
      },
      {
        "kernel": "onpair_dh_k8_t128_b6_h3",
        "role": "experimental",
        "stage_bytes": null,
        "chunk_size": 256,
        "decode_ms": 1.856512,
        "decode_gib_s": 501.6517429200019,
        "decode_ns_iters": [
          1862656,
          1861696,
          1864768,
          1856512,
          1871872,
          1876864,
          1861632,
          1857376,
          1856640,
          1858560,
          1862656,
          1879040,
          1859584,
          1863680,
          1861632,
          1864704,
          1861536,
          1862656,
          1860608,
          1862528,
          1861632,
          1864544,
          1860608,
          1862656,
          1861600,
          1864608,
          1861632,
          1861632,
          1861632,
          1857536
        ],
        "chunk_tokens": 256,
        "block_threads": 128,
        "staged_input_bytes": 168938858,
        "applicable": true
      },
      {
        "kernel": "onpair_dh_k8_t128_b6_h4",
        "role": "experimental",
        "stage_bytes": null,
        "chunk_size": 256,
        "decode_ms": 1.866752,
        "decode_gib_s": 498.89995058363326,
        "decode_ns_iters": [
          1873920,
          1873920,
          1874944,
          1872896,
          1873920,
          1866752,
          1869824,
          1874880,
          1868800,
          1885184,
          1872896,
          1873920,
          1872896,
          1867776,
          1873920,
          1868768,
          1881952,
          1872896,
          1873824,
          1874944,
          1875968,
          1871904,
          1874112,
          1873920,
          1871872,
          1871872,
          1873920,
          1872896,
          1875968,
          1872896
        ],
        "chunk_tokens": 256,
        "block_threads": 128,
        "staged_input_bytes": 168938858,
        "applicable": true
      },
      {
        "kernel": "onpair_dh_k8_t128_b8_h2",
        "role": "experimental",
        "stage_bytes": null,
        "chunk_size": 256,
        "decode_ms": 1.865728,
        "decode_gib_s": 499.17377053455726,
        "decode_ns_iters": [
          1873920,
          1873920,
          1869824,
          1866592,
          1868800,
          1874976,
          1869856,
          1871872,
          1869824,
          1871712,
          1865728,
          1866752,
          1869824,
          1870816,
          1871872,
          1866752,
          1888256,
          1872832,
          1867776,
          1870848,
          1867776,
          1874944,
          1871872,
          1872832,
          1866752,
          1872896,
          1865728,
          1866752,
          1871872,
          1873920
        ],
        "chunk_tokens": 256,
        "block_threads": 128,
        "staged_input_bytes": 168938858,
        "applicable": true
      },
      {
        "kernel": "onpair_dh_k8_t128_b8_h3",
        "role": "experimental",
        "stage_bytes": null,
        "chunk_size": 256,
        "decode_ms": 1.855616,
        "decode_gib_s": 501.89396973937414,
        "decode_ns_iters": [
          1859584,
          1857536,
          1856512,
          1857536,
          1856512,
          1859584,
          1862720,
          1861632,
          1857536,
          1859616,
          1857536,
          1857536,
          1856512,
          1857632,
          1856512,
          1855616,
          1861600,
          1858560,
          1859584,
          1857536,
          1856512,
          1856512,
          1858560,
          1860608,
          1858400,
          1858560,
          1859584,
          1866752,
          1862656,
          1862656
        ],
        "chunk_tokens": 256,
        "block_threads": 128,
        "staged_input_bytes": 168938858,
        "applicable": true
      },
      {
        "kernel": "onpair_dh_k8_t128_b8_h4",
        "role": "experimental",
        "stage_bytes": null,
        "chunk_size": 256,
        "decode_ms": 1.865728,
        "decode_gib_s": 499.17377053455726,
        "decode_ns_iters": [
          1874944,
          1869696,
          1869824,
          1872896,
          1884160,
          1872896,
          1873984,
          1867616,
          1868800,
          1876000,
          1872896,
          1874880,
          1874816,
          1872896,
          1875968,
          1872896,
          1870848,
          1870784,
          1865728,
          1872896,
          1873920,
          1871040,
          1872896,
          1874944,
          1890304,
          1891328,
          1865728,
          1867776,
          1867776,
          1865728
        ],
        "chunk_tokens": 256,
        "block_threads": 128,
        "staged_input_bytes": 168938858,
        "applicable": true
      },
      {
        "kernel": "onpair_dh_k8_t256_b1_h0",
        "role": "experimental",
        "stage_bytes": null,
        "chunk_size": 256,
        "decode_ms": 1.851392,
        "decode_gib_s": 503.03905415595324,
        "decode_ns_iters": [
          1857536,
          1860512,
          1859584,
          1855488,
          1852416,
          1852416,
          1856512,
          1852416,
          1852416,
          1852416,
          1853440,
          1854432,
          1853440,
          1854464,
          1853504,
          1852416,
          1854464,
          1853440,
          1852576,
          1852416,
          1852480,
          1855360,
          1851392,
          1854400,
          1854304,
          1854464,
          1853440,
          1852416,
          1853440,
          1853440
        ],
        "chunk_tokens": 256,
        "block_threads": 256,
        "staged_input_bytes": 168938858,
        "applicable": true
      },
      {
        "kernel": "onpair_dh_k8_t256_b1_h2",
        "role": "experimental",
        "stage_bytes": null,
        "chunk_size": 256,
        "decode_ms": 1.862656,
        "decode_gib_s": 499.99703678612605,
        "decode_ns_iters": [
          1863680,
          1864544,
          1864704,
          1866752,
          1864704,
          1865728,
          1864544,
          1864672,
          1864704,
          1864704,
          1863680,
          1863680,
          1863808,
          1863680,
          1862656,
          1865728,
          1864704,
          1864832,
          1863680,
          1863680,
          1864704,
          1864864,
          1863680,
          1864704,
          1864704,
          1868800,
          1862656,
          1863680,
          1864768,
          1863680
        ],
        "chunk_tokens": 256,
        "block_threads": 256,
        "staged_input_bytes": 168938858,
        "applicable": true
      },
      {
        "kernel": "onpair_dh_k8_t256_b1_h3",
        "role": "experimental",
        "stage_bytes": null,
        "chunk_size": 256,
        "decode_ms": 1.852384,
        "decode_gib_s": 502.7696636074909,
        "decode_ns_iters": [
          1854464,
          1854496,
          1854464,
          1855488,
          1855488,
          1853536,
          1853440,
          1856512,
          1855488,
          1853440,
          1855488,
          1857536,
          1854432,
          1856544,
          1854464,
          1854464,
          1853440,
          1852384,
          1852416,
          1853440,
          1856512,
          1854464,
          1857408,
          1854464,
          1853440,
          1855488,
          1856512,
          1853440,
          1855488,
          1856512
        ],
        "chunk_tokens": 256,
        "block_threads": 256,
        "staged_input_bytes": 168938858,
        "applicable": true
      },
      {
        "kernel": "onpair_dh_k8_t256_b1_h4",
        "role": "experimental",
        "stage_bytes": null,
        "chunk_size": 256,
        "decode_ms": 1.864608,
        "decode_gib_s": 499.4736054719804,
        "decode_ns_iters": [
          1866816,
          1864704,
          1868768,
          1866752,
          1866752,
          1866752,
          1866752,
          1866752,
          1875968,
          1866688,
          1873920,
          1865728,
          1871968,
          1866752,
          1872896,
          1864704,
          1873024,
          1864608,
          1865728,
          1865728,
          1870848,
          1872896,
          1871840,
          1865728,
          1864704,
          1887232,
          1865728,
          1865728,
          1867776,
          1865728
        ],
        "chunk_tokens": 256,
        "block_threads": 256,
        "staged_input_bytes": 168938858,
        "applicable": true
      },
      {
        "kernel": "onpair_dh_k8_t256_b2_h2",
        "role": "experimental",
        "stage_bytes": null,
        "chunk_size": 256,
        "decode_ms": 1.86368,
        "decode_gib_s": 499.72231313954035,
        "decode_ns_iters": [
          1864704,
          1874944,
          1863680,
          1863680,
          1870848,
          1864704,
          1864704,
          1881152,
          1882112,
          1869824,
          1865728,
          1868800,
          1864608,
          1870848,
          1864704,
          1884224,
          1868800,
          1870848,
          1864608,
          1866752,
          1872736,
          1872896,
          1872896,
          1868800,
          1870816,
          1868800,
          1867776,
          1864704,
          1869824,
          1869824
        ],
        "chunk_tokens": 256,
        "block_threads": 256,
        "staged_input_bytes": 168938858,
        "applicable": true
      },
      {
        "kernel": "onpair_dh_k8_t256_b2_h3",
        "role": "experimental",
        "stage_bytes": null,
        "chunk_size": 256,
        "decode_ms": 1.853344,
        "decode_gib_s": 502.5092376546925,
        "decode_ns_iters": [
          1856544,
          1859584,
          1862656,
          1853440,
          1855360,
          1859584,
          1858560,
          1861632,
          1861632,
          1859552,
          1858464,
          1853440,
          1853504,
          1859712,
          1858400,
          1860608,
          1860608,
          1858624,
          1857536,
          1853440,
          1854464,
          1853440,
          1853344,
          1853440,
          1856384,
          1854464,
          1854464,
          1857536,
          1855488,
          1856512
        ],
        "chunk_tokens": 256,
        "block_threads": 256,
        "staged_input_bytes": 168938858,
        "applicable": true
      },
      {
        "kernel": "onpair_dh_k8_t256_b2_h4",
        "role": "experimental",
        "stage_bytes": null,
        "chunk_size": 256,
        "decode_ms": 1.86368,
        "decode_gib_s": 499.72231313954035,
        "decode_ns_iters": [
          1866752,
          1864576,
          1867648,
          1865728,
          1866752,
          1865728,
          1865728,
          1865728,
          1866752,
          1866752,
          1864704,
          1864704,
          1868800,
          1864704,
          1864704,
          1865728,
          1866752,
          1864704,
          1865728,
          1865728,
          1864704,
          1865728,
          1863680,
          1865632,
          1865728,
          1869856,
          1867776,
          1864672,
          1868672,
          1865728
        ],
        "chunk_tokens": 256,
        "block_threads": 256,
        "staged_input_bytes": 168938858,
        "applicable": true
      },
      {
        "kernel": "onpair_dh_k8_t256_b4_h0",
        "role": "experimental",
        "stage_bytes": null,
        "chunk_size": 256,
        "decode_ms": 1.851392,
        "decode_gib_s": 503.03905415595324,
        "decode_ns_iters": [
          1853440,
          1854464,
          1854400,
          1854464,
          1854464,
          1852416,
          1853408,
          1853440,
          1853440,
          1853440,
          1854304,
          1852416,
          1852416,
          1854464,
          1852416,
          1852320,
          1853440,
          1852608,
          1853408,
          1852576,
          1854464,
          1854464,
          1852416,
          1854464,
          1852224,
          1851392,
          1853440,
          1852416,
          1851392,
          1856416
        ],
        "chunk_tokens": 256,
        "block_threads": 256,
        "staged_input_bytes": 168938858,
        "applicable": true
      },
      {
        "kernel": "onpair_dh_k8_t256_b4_h2",
        "role": "experimental",
        "stage_bytes": null,
        "chunk_size": 256,
        "decode_ms": 1.862656,
        "decode_gib_s": 499.99703678612605,
        "decode_ns_iters": [
          1865728,
          1866752,
          1867968,
          1864704,
          1862656,
          1864704,
          1865568,
          1867776,
          1863680,
          1865568,
          1872896,
          1869824,
          1868800,
          1871040,
          1865728,
          1865728,
          1871872,
          1870848,
          1869824,
          1870848,
          1869824,
          1869824,
          1869728,
          1869824,
          1865728,
          1871872,
          1864704,
          1865728,
          1865728,
          1881088
        ],
        "chunk_tokens": 256,
        "block_threads": 256,
        "staged_input_bytes": 168938858,
        "applicable": true
      },
      {
        "kernel": "onpair_dh_k8_t256_b4_h3",
        "role": "experimental",
        "stage_bytes": null,
        "chunk_size": 256,
        "decode_ms": 1.85344,
        "decode_gib_s": 502.4832098972173,
        "decode_ns_iters": [
          1854464,
          1855488,
          1855488,
          1853440,
          1855360,
          1854464,
          1854464,
          1854464,
          1862496,
          1854464,
          1856352,
          1856512,
          1854464,
          1854464,
          1855488,
          1853632,
          1856512,
          1854464,
          1855488,
          1856512,
          1856512,
          1862656,
          1859584,
          1860672,
          1860608,
          1859456,
          1861664,
          1854528,
          1862656,
          1856352
        ],
        "chunk_tokens": 256,
        "block_threads": 256,
        "staged_input_bytes": 168938858,
        "applicable": true
      },
      {
        "kernel": "onpair_dh_k8_t256_b4_h4",
        "role": "experimental",
        "stage_bytes": null,
        "chunk_size": 256,
        "decode_ms": 1.86368,
        "decode_gib_s": 499.72231313954035,
        "decode_ns_iters": [
          1866752,
          1865888,
          1866752,
          1865728,
          1867776,
          1865728,
          1865728,
          1865728,
          1864704,
          1865632,
          1865600,
          1865728,
          1865728,
          1864704,
          1866752,
          1863680,
          1867776,
          1863680,
          1881088,
          1882112,
          1866752,
          1865728,
          1865728,
          1866752,
          1864704,
          1867776,
          1865728,
          1864704,
          1864704,
          1866752
        ],
        "chunk_tokens": 256,
        "block_threads": 256,
        "staged_input_bytes": 168938858,
        "applicable": true
      },
      {
        "kernel": "onpair_dh_k8_t256_b6_h2",
        "role": "experimental",
        "stage_bytes": null,
        "chunk_size": 256,
        "decode_ms": 1.927168,
        "decode_gib_s": 483.25962269604855,
        "decode_ns_iters": [
          1944512,
          1928192,
          1930112,
          1933312,
          1935360,
          1929216,
          1935360,
          1932288,
          1933312,
          1932288,
          1949696,
          1930240,
          1942528,
          1932288,
          1933312,
          1932288,
          1931264,
          1933312,
          1936384,
          1933312,
          1944576,
          1927168,
          1941504,
          1934336,
          1935232,
          1935360,
          1933312,
          1934336,
          1934336,
          1935360
        ],
        "chunk_tokens": 256,
        "block_threads": 256,
        "staged_input_bytes": 168938858,
        "applicable": true
      },
      {
        "kernel": "onpair_dh_k8_t256_b6_h3",
        "role": "experimental",
        "stage_bytes": null,
        "chunk_size": 256,
        "decode_ms": 1.969152,
        "decode_gib_s": 472.9561153998769,
        "decode_ns_iters": [
          1995776,
          1974272,
          1969152,
          1971200,
          1978368,
          1969152,
          1971200,
          1994752,
          1984512,
          1977344,
          1975296,
          1975296,
          1972352,
          1977280,
          1987552,
          1976320,
          1975296,
          1975296,
          1984512,
          1977344,
          1980384,
          1992608,
          1973248,
          1977344,
          1972224,
          1971200,
          1974112,
          1980416,
          1975488,
          1987584
        ],
        "chunk_tokens": 256,
        "block_threads": 256,
        "staged_input_bytes": 168938858,
        "applicable": true
      },
      {
        "kernel": "onpair_dh_k8_t256_b6_h4",
        "role": "experimental",
        "stage_bytes": null,
        "chunk_size": 256,
        "decode_ms": 1.921024,
        "decode_gib_s": 484.8052291652256,
        "decode_ns_iters": [
          1925120,
          1941600,
          1925120,
          1925120,
          1931264,
          1922048,
          1921024,
          1931264,
          1931264,
          1929216,
          1927168,
          1930240,
          1938432,
          1926144,
          1946624,
          1923072,
          1923072,
          1930240,
          1924096,
          1926240,
          1928224,
          1929312,
          1927200,
          1947648,
          1923072,
          1931264,
          1926144,
          1930240,
          1925312,
          1930336
        ],
        "chunk_tokens": 256,
        "block_threads": 256,
        "staged_input_bytes": 168938858,
        "applicable": true
      },
      {
        "kernel": "onpair_dh_k8_t256_b8_h0",
        "role": "experimental",
        "stage_bytes": null,
        "chunk_size": 256,
        "decode_ms": 1.84832,
        "decode_gib_s": 503.8751301462401,
        "decode_ns_iters": [
          1849344,
          1851520,
          1855552,
          1853440,
          1854368,
          1855584,
          1851392,
          1854432,
          1856512,
          1853440,
          1850336,
          1854400,
          1853440,
          1854464,
          1852384,
          1854464,
          1852416,
          1853440,
          1852416,
          1852416,
          1856512,
          1853440,
          1852416,
          1854464,
          1856512,
          1848320,
          1853376,
          1855488,
          1854464,
          1849344
        ],
        "chunk_tokens": 256,
        "block_threads": 256,
        "staged_input_bytes": 168938858,
        "applicable": true
      },
      {
        "kernel": "onpair_dh_k8_t256_b8_h2",
        "role": "experimental",
        "stage_bytes": null,
        "chunk_size": 256,
        "decode_ms": 1.86368,
        "decode_gib_s": 499.72231313954035,
        "decode_ns_iters": [
          1863680,
          1864704,
          1864832,
          1864704,
          1866688,
          1864704,
          1864672,
          1870688,
          1872896,
          1867776,
          1868800,
          1868800,
          1870848,
          1865728,
          1865728,
          1864704,
          1883136,
          1881088,
          1869824,
          1863680,
          1870752,
          1866752,
          1864576,
          1865888,
          1889152,
          1869824,
          1870848,
          1869824,
          1871872,
          1869824
        ],
        "chunk_tokens": 256,
        "block_threads": 256,
        "staged_input_bytes": 168938858,
        "applicable": true
      },
      {
        "kernel": "onpair_dh_k8_t256_b8_h3",
        "role": "experimental",
        "stage_bytes": null,
        "chunk_size": 256,
        "decode_ms": 1.854528,
        "decode_gib_s": 502.1884169728893,
        "decode_ns_iters": [
          1861600,
          1859584,
          1862656,
          1861632,
          1859584,
          1865696,
          1859584,
          1861632,
          1860608,
          1861632,
          1859584,
          1860608,
          1860608,
          1860608,
          1856512,
          1862848,
          1860608,
          1859584,
          1859584,
          1858560,
          1861632,
          1855488,
          1861632,
          1862656,
          1859584,
          1862656,
          1861632,
          1854528,
          1862656,
          1859584
        ],
        "chunk_tokens": 256,
        "block_threads": 256,
        "staged_input_bytes": 168938858,
        "applicable": true
      },
      {
        "kernel": "onpair_dh_k8_t256_b8_h4",
        "role": "experimental",
        "stage_bytes": null,
        "chunk_size": 256,
        "decode_ms": 1.865728,
        "decode_gib_s": 499.17377053455726,
        "decode_ns_iters": [
          1865728,
          1866848,
          1867936,
          1866880,
          1866752,
          1865728,
          1865728,
          1870848,
          1871872,
          1872896,
          1871872,
          1865728,
          1866752,
          1865728,
          1883136,
          1882112,
          1865728,
          1866752,
          1871872,
          1870848,
          1872896,
          1869792,
          1868800,
          1870848,
          1871872,
          1870848,
          1871840,
          1870848,
          1870848,
          1871872
        ],
        "chunk_tokens": 256,
        "block_threads": 256,
        "staged_input_bytes": 168938858,
        "applicable": true
      },
      {
        "kernel": "onpair_ds_k4_t128_b2_s10",
        "role": "experimental",
        "stage_bytes": 10,
        "chunk_size": 128,
        "decode_ms": 0.0,
        "decode_gib_s": 0.0,
        "chunk_tokens": 128,
        "block_threads": 128,
        "staged_input_bytes": 171523746,
        "applicable": false,
        "reason": "staging 1312 B/warp is below this column's largest batch (1694 B + 15 shift)"
      },
      {
        "kernel": "onpair_ds_k4_t128_b2_s12",
        "role": "experimental",
        "stage_bytes": 12,
        "chunk_size": 128,
        "decode_ms": 0.0,
        "decode_gib_s": 0.0,
        "chunk_tokens": 128,
        "block_threads": 128,
        "staged_input_bytes": 171523746,
        "applicable": false,
        "reason": "staging 1568 B/warp is below this column's largest batch (1694 B + 15 shift)"
      },
      {
        "kernel": "onpair_ds_k4_t128_b2_s14",
        "role": "experimental",
        "stage_bytes": 14,
        "chunk_size": 128,
        "decode_ms": 1.941504,
        "decode_gib_s": 479.69124995462204,
        "decode_ns_iters": [
          1944576,
          1946528,
          1943552,
          1945600,
          1945600,
          1943552,
          1946784,
          1945600,
          1945600,
          1947488,
          1944576,
          1949696,
          1944576,
          1943552,
          1947648,
          1962976,
          1941504,
          1955840,
          1945600,
          1947648,
          1946624,
          1944608,
          1947648,
          1942528,
          1961984,
          1946624,
          1945696,
          1946624,
          1948672,
          1944384
        ],
        "chunk_tokens": 128,
        "block_threads": 128,
        "staged_input_bytes": 171523746,
        "applicable": true
      },
      {
        "kernel": "onpair_ds_k4_t128_b4_s10",
        "role": "experimental",
        "stage_bytes": 10,
        "chunk_size": 128,
        "decode_ms": 0.0,
        "decode_gib_s": 0.0,
        "chunk_tokens": 128,
        "block_threads": 128,
        "staged_input_bytes": 171523746,
        "applicable": false,
        "reason": "staging 1312 B/warp is below this column's largest batch (1694 B + 15 shift)"
      },
      {
        "kernel": "onpair_ds_k4_t128_b4_s12",
        "role": "experimental",
        "stage_bytes": 12,
        "chunk_size": 128,
        "decode_ms": 0.0,
        "decode_gib_s": 0.0,
        "chunk_tokens": 128,
        "block_threads": 128,
        "staged_input_bytes": 171523746,
        "applicable": false,
        "reason": "staging 1568 B/warp is below this column's largest batch (1694 B + 15 shift)"
      },
      {
        "kernel": "onpair_ds_k4_t128_b4_s14",
        "role": "experimental",
        "stage_bytes": 14,
        "chunk_size": 128,
        "decode_ms": 1.941472,
        "decode_gib_s": 479.69915638850233,
        "decode_ns_iters": [
          1946560,
          1945600,
          1942528,
          1943712,
          1947520,
          1949696,
          1941472,
          1945600,
          1945600,
          1946624,
          1946624,
          1943648,
          1946624,
          1948672,
          1957888,
          1942528,
          1946624,
          1946624,
          1944576,
          1945728,
          1944576,
          1947648,
          1946624,
          1946624,
          1951744,
          1944576,
          1949632,
          1944576,
          1948672,
          1944576
        ],
        "chunk_tokens": 128,
        "block_threads": 128,
        "staged_input_bytes": 171523746,
        "applicable": true
      },
      {
        "kernel": "onpair_ds_k4_t128_b8_s10",
        "role": "experimental",
        "stage_bytes": 10,
        "chunk_size": 128,
        "decode_ms": 0.0,
        "decode_gib_s": 0.0,
        "chunk_tokens": 128,
        "block_threads": 128,
        "staged_input_bytes": 171523746,
        "applicable": false,
        "reason": "staging 1312 B/warp is below this column's largest batch (1694 B + 15 shift)"
      },
      {
        "kernel": "onpair_ds_k4_t128_b8_s12",
        "role": "experimental",
        "stage_bytes": 12,
        "chunk_size": 128,
        "decode_ms": 0.0,
        "decode_gib_s": 0.0,
        "chunk_tokens": 128,
        "block_threads": 128,
        "staged_input_bytes": 171523746,
        "applicable": false,
        "reason": "staging 1568 B/warp is below this column's largest batch (1694 B + 15 shift)"
      },
      {
        "kernel": "onpair_ds_k4_t128_b8_s14",
        "role": "experimental",
        "stage_bytes": 14,
        "chunk_size": 128,
        "decode_ms": 1.935232,
        "decode_gib_s": 481.24590775260975,
        "decode_ns_iters": [
          1939456,
          1940480,
          1941376,
          1940480,
          1950720,
          1936416,
          1935264,
          1936384,
          1935232,
          1940480,
          1939456,
          1939584,
          1939520,
          1941504,
          1955840,
          1935296,
          1943552,
          1939456,
          1941568,
          1940480,
          1938400,
          1949696,
          1940512,
          1957888,
          1940480,
          1939584,
          1942528,
          1940480,
          1939456,
          1941504
        ],
        "chunk_tokens": 128,
        "block_threads": 128,
        "staged_input_bytes": 171523746,
        "applicable": true
      },
      {
        "kernel": "onpair_ds_k4_t256_b2_s10",
        "role": "experimental",
        "stage_bytes": 10,
        "chunk_size": 128,
        "decode_ms": 0.0,
        "decode_gib_s": 0.0,
        "chunk_tokens": 128,
        "block_threads": 256,
        "staged_input_bytes": 171523746,
        "applicable": false,
        "reason": "staging 1312 B/warp is below this column's largest batch (1694 B + 15 shift)"
      },
      {
        "kernel": "onpair_ds_k4_t256_b2_s12",
        "role": "experimental",
        "stage_bytes": 12,
        "chunk_size": 128,
        "decode_ms": 0.0,
        "decode_gib_s": 0.0,
        "chunk_tokens": 128,
        "block_threads": 256,
        "staged_input_bytes": 171523746,
        "applicable": false,
        "reason": "staging 1568 B/warp is below this column's largest batch (1694 B + 15 shift)"
      },
      {
        "kernel": "onpair_ds_k4_t256_b2_s14",
        "role": "experimental",
        "stage_bytes": 14,
        "chunk_size": 128,
        "decode_ms": 1.94048,
        "decode_gib_s": 479.9443851788725,
        "decode_ns_iters": [
          1946624,
          1948640,
          1946624,
          1946624,
          1947648,
          1947648,
          1948672,
          1950592,
          1948672,
          1949696,
          1946624,
          1948672,
          1961984,
          1948576,
          1944576,
          1940480,
          1943552,
          1945568,
          1946624,
          1949696,
          1944576,
          1968128,
          1949696,
          1948672,
          1949696,
          1945600,
          1941472,
          1943520,
          1941504,
          1947648
        ],
        "chunk_tokens": 128,
        "block_threads": 256,
        "staged_input_bytes": 171523746,
        "applicable": true
      },
      {
        "kernel": "onpair_ds_k4_t256_b4_s10",
        "role": "experimental",
        "stage_bytes": 10,
        "chunk_size": 128,
        "decode_ms": 0.0,
        "decode_gib_s": 0.0,
        "chunk_tokens": 128,
        "block_threads": 256,
        "staged_input_bytes": 171523746,
        "applicable": false,
        "reason": "staging 1312 B/warp is below this column's largest batch (1694 B + 15 shift)"
      },
      {
        "kernel": "onpair_ds_k4_t256_b4_s12",
        "role": "experimental",
        "stage_bytes": 12,
        "chunk_size": 128,
        "decode_ms": 0.0,
        "decode_gib_s": 0.0,
        "chunk_tokens": 128,
        "block_threads": 256,
        "staged_input_bytes": 171523746,
        "applicable": false,
        "reason": "staging 1568 B/warp is below this column's largest batch (1694 B + 15 shift)"
      },
      {
        "kernel": "onpair_ds_k4_t256_b4_s14",
        "role": "experimental",
        "stage_bytes": 14,
        "chunk_size": 128,
        "decode_ms": 1.934336,
        "decode_gib_s": 481.4688247294671,
        "decode_ns_iters": [
          1942528,
          1942528,
          1939456,
          1935360,
          1935360,
          1940480,
          1939456,
          1942528,
          1941504,
          1939648,
          1934464,
          1934336,
          1941504,
          1952768,
          1944576,
          1954848,
          1939456,
          1940480,
          1940480,
          1940352,
          1940480,
          1939456,
          1958912,
          1943424,
          1943552,
          1938432,
          1936384,
          1938432,
          1937408,
          1945600
        ],
        "chunk_tokens": 128,
        "block_threads": 256,
        "staged_input_bytes": 171523746,
        "applicable": true
      },
      {
        "kernel": "onpair_ds_k4_t256_b8_s10",
        "role": "experimental",
        "stage_bytes": 10,
        "chunk_size": 128,
        "decode_ms": 0.0,
        "decode_gib_s": 0.0,
        "chunk_tokens": 128,
        "block_threads": 256,
        "staged_input_bytes": 171523746,
        "applicable": false,
        "reason": "staging 1312 B/warp is below this column's largest batch (1694 B + 15 shift)"
      },
      {
        "kernel": "onpair_ds_k4_t256_b8_s12",
        "role": "experimental",
        "stage_bytes": 12,
        "chunk_size": 128,
        "decode_ms": 0.0,
        "decode_gib_s": 0.0,
        "chunk_tokens": 128,
        "block_threads": 256,
        "staged_input_bytes": 171523746,
        "applicable": false,
        "reason": "staging 1568 B/warp is below this column's largest batch (1694 B + 15 shift)"
      },
      {
        "kernel": "onpair_ds_k4_t256_b8_s14",
        "role": "experimental",
        "stage_bytes": 14,
        "chunk_size": 128,
        "decode_ms": 1.98032,
        "decode_gib_s": 470.28888288352306,
        "decode_ns_iters": [
          1994912,
          1985536,
          1981536,
          1989632,
          1986688,
          1985536,
          1984512,
          1986560,
          1987584,
          1990656,
          1980320,
          1982464,
          1987584,
          1985696,
          1986432,
          1987584,
          1986656,
          1984512,
          1988608,
          1981408,
          1983488,
          1989792,
          1988608,
          1989632,
          1983488,
          1987456,
          1988672,
          1994560,
          1991680,
          1983488
        ],
        "chunk_tokens": 128,
        "block_threads": 256,
        "staged_input_bytes": 171523746,
        "applicable": true
      },
      {
        "kernel": "onpair_ds_k6_t128_b2_s10",
        "role": "experimental",
        "stage_bytes": 10,
        "chunk_size": 192,
        "decode_ms": 0.0,
        "decode_gib_s": 0.0,
        "chunk_tokens": 192,
        "block_threads": 128,
        "staged_input_bytes": 169800490,
        "applicable": false,
        "reason": "staging 1952 B/warp is below this column's largest batch (2540 B + 15 shift)"
      },
      {
        "kernel": "onpair_ds_k6_t128_b2_s12",
        "role": "experimental",
        "stage_bytes": 12,
        "chunk_size": 192,
        "decode_ms": 0.0,
        "decode_gib_s": 0.0,
        "chunk_tokens": 192,
        "block_threads": 128,
        "staged_input_bytes": 169800490,
        "applicable": false,
        "reason": "staging 2336 B/warp is below this column's largest batch (2540 B + 15 shift)"
      },
      {
        "kernel": "onpair_ds_k6_t128_b2_s14",
        "role": "experimental",
        "stage_bytes": 14,
        "chunk_size": 192,
        "decode_ms": 1.880064,
        "decode_gib_s": 495.367434593662,
        "decode_ns_iters": [
          1883200,
          1884160,
          1897472,
          1898496,
          1881088,
          1881248,
          1882112,
          1889280,
          1881088,
          1882112,
          1880064,
          1881088,
          1880064,
          1888256,
          1888256,
          1886208,
          1885184,
          1887072,
          1887136,
          1885184,
          1888256,
          1881216,
          1886272,
          1890304,
          1882112,
          1903776,
          1887232,
          1887232,
          1888256,
          1888256
        ],
        "chunk_tokens": 192,
        "block_threads": 128,
        "staged_input_bytes": 169800490,
        "applicable": true
      },
      {
        "kernel": "onpair_ds_k6_t128_b4_s10",
        "role": "experimental",
        "stage_bytes": 10,
        "chunk_size": 192,
        "decode_ms": 0.0,
        "decode_gib_s": 0.0,
        "chunk_tokens": 192,
        "block_threads": 128,
        "staged_input_bytes": 169800490,
        "applicable": false,
        "reason": "staging 1952 B/warp is below this column's largest batch (2540 B + 15 shift)"
      },
      {
        "kernel": "onpair_ds_k6_t128_b4_s12",
        "role": "experimental",
        "stage_bytes": 12,
        "chunk_size": 192,
        "decode_ms": 0.0,
        "decode_gib_s": 0.0,
        "chunk_tokens": 192,
        "block_threads": 128,
        "staged_input_bytes": 169800490,
        "applicable": false,
        "reason": "staging 2336 B/warp is below this column's largest batch (2540 B + 15 shift)"
      },
      {
        "kernel": "onpair_ds_k6_t128_b4_s14",
        "role": "experimental",
        "stage_bytes": 14,
        "chunk_size": 192,
        "decode_ms": 1.883136,
        "decode_gib_s": 494.55933111145373,
        "decode_ns_iters": [
          1903616,
          1887072,
          1891328,
          1886208,
          1887104,
          1886208,
          1885184,
          1885184,
          1888256,
          1887232,
          1884160,
          1888096,
          1889280,
          1887232,
          1885344,
          1888320,
          1886208,
          1903616,
          1888256,
          1884160,
          1883136,
          1886208,
          1887136,
          1888416,
          1884160,
          1886208,
          1885184,
          1885184,
          1887232,
          1886208
        ],
        "chunk_tokens": 192,
        "block_threads": 128,
        "staged_input_bytes": 169800490,
        "applicable": true
      },
      {
        "kernel": "onpair_ds_k6_t128_b8_s10",
        "role": "experimental",
        "stage_bytes": 10,
        "chunk_size": 192,
        "decode_ms": 0.0,
        "decode_gib_s": 0.0,
        "chunk_tokens": 192,
        "block_threads": 128,
        "staged_input_bytes": 169800490,
        "applicable": false,
        "reason": "staging 1952 B/warp is below this column's largest batch (2540 B + 15 shift)"
      },
      {
        "kernel": "onpair_ds_k6_t128_b8_s12",
        "role": "experimental",
        "stage_bytes": 12,
        "chunk_size": 192,
        "decode_ms": 0.0,
        "decode_gib_s": 0.0,
        "chunk_tokens": 192,
        "block_threads": 128,
        "staged_input_bytes": 169800490,
        "applicable": false,
        "reason": "staging 2336 B/warp is below this column's largest batch (2540 B + 15 shift)"
      },
      {
        "kernel": "onpair_ds_k6_t128_b8_s14",
        "role": "experimental",
        "stage_bytes": 14,
        "chunk_size": 192,
        "decode_ms": 1.878016,
        "decode_gib_s": 495.907638993437,
        "decode_ns_iters": [
          1881088,
          1878016,
          1888256,
          1885184,
          1883136,
          1883136,
          1887360,
          1886208,
          1881088,
          1887232,
          1895264,
          1887168,
          1888256,
          1902592,
          1887232,
          1885344,
          1889184,
          1886208,
          1885184,
          1887232,
          1884160,
          1887232,
          1886208,
          1888256,
          1885184,
          1887232,
          1886208,
          1886208,
          1889280,
          1888256
        ],
        "chunk_tokens": 192,
        "block_threads": 128,
        "staged_input_bytes": 169800490,
        "applicable": true
      },
      {
        "kernel": "onpair_ds_k6_t256_b2_s10",
        "role": "experimental",
        "stage_bytes": 10,
        "chunk_size": 192,
        "decode_ms": 0.0,
        "decode_gib_s": 0.0,
        "chunk_tokens": 192,
        "block_threads": 256,
        "staged_input_bytes": 169800490,
        "applicable": false,
        "reason": "staging 1952 B/warp is below this column's largest batch (2540 B + 15 shift)"
      },
      {
        "kernel": "onpair_ds_k6_t256_b2_s12",
        "role": "experimental",
        "stage_bytes": 12,
        "chunk_size": 192,
        "decode_ms": 0.0,
        "decode_gib_s": 0.0,
        "chunk_tokens": 192,
        "block_threads": 256,
        "staged_input_bytes": 169800490,
        "applicable": false,
        "reason": "staging 2336 B/warp is below this column's largest batch (2540 B + 15 shift)"
      },
      {
        "kernel": "onpair_ds_k6_t256_b2_s14",
        "role": "experimental",
        "stage_bytes": 14,
        "chunk_size": 192,
        "decode_ms": 1.88416,
        "decode_gib_s": 494.29054886628444,
        "decode_ns_iters": [
          1888160,
          1888256,
          1892352,
          1892192,
          1890144,
          1892352,
          1886208,
          1886208,
          1903616,
          1893248,
          1888096,
          1886208,
          1892352,
          1888288,
          1890304,
          1886208,
          1888256,
          1885120,
          1889280,
          1890304,
          1884160,
          1891328,
          1885184,
          1889280,
          1887232,
          1887104,
          1896448,
          1900384,
          1884160,
          1884160
        ],
        "chunk_tokens": 192,
        "block_threads": 256,
        "staged_input_bytes": 169800490,
        "applicable": true
      },
      {
        "kernel": "onpair_ds_k6_t256_b4_s10",
        "role": "experimental",
        "stage_bytes": 10,
        "chunk_size": 192,
        "decode_ms": 0.0,
        "decode_gib_s": 0.0,
        "chunk_tokens": 192,
        "block_threads": 256,
        "staged_input_bytes": 169800490,
        "applicable": false,
        "reason": "staging 1952 B/warp is below this column's largest batch (2540 B + 15 shift)"
      },
      {
        "kernel": "onpair_ds_k6_t256_b4_s12",
        "role": "experimental",
        "stage_bytes": 12,
        "chunk_size": 192,
        "decode_ms": 0.0,
        "decode_gib_s": 0.0,
        "chunk_tokens": 192,
        "block_threads": 256,
        "staged_input_bytes": 169800490,
        "applicable": false,
        "reason": "staging 2336 B/warp is below this column's largest batch (2540 B + 15 shift)"
      },
      {
        "kernel": "onpair_ds_k6_t256_b4_s14",
        "role": "experimental",
        "stage_bytes": 14,
        "chunk_size": 192,
        "decode_ms": 1.878144,
        "decode_gib_s": 495.8738417032445,
        "decode_ns_iters": [
          1879040,
          1883136,
          1886208,
          1887232,
          1897600,
          1881088,
          1883008,
          1884160,
          1878144,
          1884160,
          1883008,
          1888256,
          1889408,
          1886208,
          1887232,
          1889280,
          1886208,
          1887136,
          1889280,
          1882112,
          1889280,
          1882112,
          1882112,
          1892352,
          1885088,
          1882112,
          1902592,
          1889280,
          1889248,
          1885184
        ],
        "chunk_tokens": 192,
        "block_threads": 256,
        "staged_input_bytes": 169800490,
        "applicable": true
      },
      {
        "kernel": "onpair_ds_k6_t256_b8_s10",
        "role": "experimental",
        "stage_bytes": 10,
        "chunk_size": 192,
        "decode_ms": 0.0,
        "decode_gib_s": 0.0,
        "chunk_tokens": 192,
        "block_threads": 256,
        "staged_input_bytes": 169800490,
        "applicable": false,
        "reason": "staging 1952 B/warp is below this column's largest batch (2540 B + 15 shift)"
      },
      {
        "kernel": "onpair_ds_k6_t256_b8_s12",
        "role": "experimental",
        "stage_bytes": 12,
        "chunk_size": 192,
        "decode_ms": 0.0,
        "decode_gib_s": 0.0,
        "chunk_tokens": 192,
        "block_threads": 256,
        "staged_input_bytes": 169800490,
        "applicable": false,
        "reason": "staging 2336 B/warp is below this column's largest batch (2540 B + 15 shift)"
      },
      {
        "kernel": "onpair_ds_k6_t256_b8_s14",
        "role": "experimental",
        "stage_bytes": 14,
        "chunk_size": 192,
        "decode_ms": 1.878016,
        "decode_gib_s": 495.907638993437,
        "decode_ns_iters": [
          1883200,
          1880064,
          1878016,
          1891424,
          1897472,
          1886208,
          1882112,
          1885056,
          1880064,
          1881088,
          1884128,
          1882112,
          1883136,
          1881088,
          1883136,
          1883136,
          1884160,
          1882112,
          1879040,
          1878016,
          1880064,
          1883136,
          1884160,
          1882112,
          1897472,
          1884160,
          1882112,
          1892352,
          1881088,
          1879040
        ],
        "chunk_tokens": 192,
        "block_threads": 256,
        "staged_input_bytes": 169800490,
        "applicable": true
      },
      {
        "kernel": "onpair_ds_k8_t128_b2_s10",
        "role": "experimental",
        "stage_bytes": 10,
        "chunk_size": 256,
        "decode_ms": 0.0,
        "decode_gib_s": 0.0,
        "chunk_tokens": 256,
        "block_threads": 128,
        "staged_input_bytes": 168938858,
        "applicable": false,
        "reason": "staging 2592 B/warp is below this column's largest batch (3377 B + 15 shift)"
      },
      {
        "kernel": "onpair_ds_k8_t128_b2_s12",
        "role": "experimental",
        "stage_bytes": 12,
        "chunk_size": 256,
        "decode_ms": 0.0,
        "decode_gib_s": 0.0,
        "chunk_tokens": 256,
        "block_threads": 128,
        "staged_input_bytes": 168938858,
        "applicable": false,
        "reason": "staging 3104 B/warp is below this column's largest batch (3377 B + 15 shift)"
      },
      {
        "kernel": "onpair_ds_k8_t128_b2_s14",
        "role": "experimental",
        "stage_bytes": 14,
        "chunk_size": 256,
        "decode_ms": 1.864832,
        "decode_gib_s": 499.41360967202326,
        "decode_ns_iters": [
          1868800,
          1871872,
          1869824,
          1869824,
          1873920,
          1869824,
          1876992,
          1879040,
          1871840,
          1872896,
          1870848,
          1868800,
          1870720,
          1873920,
          1868672,
          1874944,
          1872896,
          1871872,
          1873920,
          1871776,
          1864832,
          1867776,
          1865728,
          1869824,
          1869824,
          1883104,
          1892352,
          1866752,
          1869824,
          1866752
        ],
        "chunk_tokens": 256,
        "block_threads": 128,
        "staged_input_bytes": 168938858,
        "applicable": true
      },
      {
        "kernel": "onpair_ds_k8_t128_b4_s10",
        "role": "experimental",
        "stage_bytes": 10,
        "chunk_size": 256,
        "decode_ms": 0.0,
        "decode_gib_s": 0.0,
        "chunk_tokens": 256,
        "block_threads": 128,
        "staged_input_bytes": 168938858,
        "applicable": false,
        "reason": "staging 2592 B/warp is below this column's largest batch (3377 B + 15 shift)"
      },
      {
        "kernel": "onpair_ds_k8_t128_b4_s12",
        "role": "experimental",
        "stage_bytes": 12,
        "chunk_size": 256,
        "decode_ms": 0.0,
        "decode_gib_s": 0.0,
        "chunk_tokens": 256,
        "block_threads": 128,
        "staged_input_bytes": 168938858,
        "applicable": false,
        "reason": "staging 3104 B/warp is below this column's largest batch (3377 B + 15 shift)"
      },
      {
        "kernel": "onpair_ds_k8_t128_b4_s14",
        "role": "experimental",
        "stage_bytes": 14,
        "chunk_size": 256,
        "decode_ms": 1.86368,
        "decode_gib_s": 499.72231313954035,
        "decode_ns_iters": [
          1866752,
          1863808,
          1867776,
          1870848,
          1866624,
          1866752,
          1866752,
          1868800,
          1863680,
          1869824,
          1864704,
          1867776,
          1870848,
          1869824,
          1863680,
          1882112,
          1889280,
          1866752,
          1865728,
          1868800,
          1865728,
          1866816,
          1866752,
          1872896,
          1871872,
          1870848,
          1869984,
          1870848,
          1872896,
          1873920
        ],
        "chunk_tokens": 256,
        "block_threads": 128,
        "staged_input_bytes": 168938858,
        "applicable": true
      },
      {
        "kernel": "onpair_ds_k8_t128_b8_s10",
        "role": "experimental",
        "stage_bytes": 10,
        "chunk_size": 256,
        "decode_ms": 0.0,
        "decode_gib_s": 0.0,
        "chunk_tokens": 256,
        "block_threads": 128,
        "staged_input_bytes": 168938858,
        "applicable": false,
        "reason": "staging 2592 B/warp is below this column's largest batch (3377 B + 15 shift)"
      },
      {
        "kernel": "onpair_ds_k8_t128_b8_s12",
        "role": "experimental",
        "stage_bytes": 12,
        "chunk_size": 256,
        "decode_ms": 0.0,
        "decode_gib_s": 0.0,
        "chunk_tokens": 256,
        "block_threads": 128,
        "staged_input_bytes": 168938858,
        "applicable": false,
        "reason": "staging 3104 B/warp is below this column's largest batch (3377 B + 15 shift)"
      },
      {
        "kernel": "onpair_ds_k8_t128_b8_s14",
        "role": "experimental",
        "stage_bytes": 14,
        "chunk_size": 256,
        "decode_ms": 1.865728,
        "decode_gib_s": 499.17377053455726,
        "decode_ns_iters": [
          1869824,
          1867744,
          1871008,
          1872896,
          1872992,
          1871872,
          1870848,
          1871744,
          1872896,
          1874816,
          1873920,
          1873920,
          1869824,
          1870848,
          1874944,
          1866592,
          1868800,
          1873920,
          1871872,
          1871872,
          1870848,
          1868800,
          1867776,
          1882112,
          1887232,
          1868800,
          1865728,
          1867776,
          1866752,
          1872896
        ],
        "chunk_tokens": 256,
        "block_threads": 128,
        "staged_input_bytes": 168938858,
        "applicable": true
      },
      {
        "kernel": "onpair_ds_k8_t256_b2_s10",
        "role": "experimental",
        "stage_bytes": 10,
        "chunk_size": 256,
        "decode_ms": 0.0,
        "decode_gib_s": 0.0,
        "chunk_tokens": 256,
        "block_threads": 256,
        "staged_input_bytes": 168938858,
        "applicable": false,
        "reason": "staging 2592 B/warp is below this column's largest batch (3377 B + 15 shift)"
      },
      {
        "kernel": "onpair_ds_k8_t256_b2_s12",
        "role": "experimental",
        "stage_bytes": 12,
        "chunk_size": 256,
        "decode_ms": 0.0,
        "decode_gib_s": 0.0,
        "chunk_tokens": 256,
        "block_threads": 256,
        "staged_input_bytes": 168938858,
        "applicable": false,
        "reason": "staging 3104 B/warp is below this column's largest batch (3377 B + 15 shift)"
      },
      {
        "kernel": "onpair_ds_k8_t256_b2_s14",
        "role": "experimental",
        "stage_bytes": 14,
        "chunk_size": 256,
        "decode_ms": 1.845248,
        "decode_gib_s": 504.7139899633537,
        "decode_ns_iters": [
          1851424,
          1855488,
          1847296,
          1847296,
          1845280,
          1849184,
          1845248,
          1850336,
          1854464,
          1848320,
          1847328,
          1847168,
          1848320,
          1847296,
          1851392,
          1847296,
          1847104,
          1847296,
          1846176,
          1846272,
          1846272,
          1848320,
          1846368,
          1853408,
          1852416,
          1848320,
          1846208,
          1855392,
          1853440,
          1848320
        ],
        "chunk_tokens": 256,
        "block_threads": 256,
        "staged_input_bytes": 168938858,
        "applicable": true
      },
      {
        "kernel": "onpair_ds_k8_t256_b4_s10",
        "role": "experimental",
        "stage_bytes": 10,
        "chunk_size": 256,
        "decode_ms": 0.0,
        "decode_gib_s": 0.0,
        "chunk_tokens": 256,
        "block_threads": 256,
        "staged_input_bytes": 168938858,
        "applicable": false,
        "reason": "staging 2592 B/warp is below this column's largest batch (3377 B + 15 shift)"
      },
      {
        "kernel": "onpair_ds_k8_t256_b4_s12",
        "role": "experimental",
        "stage_bytes": 12,
        "chunk_size": 256,
        "decode_ms": 0.0,
        "decode_gib_s": 0.0,
        "chunk_tokens": 256,
        "block_threads": 256,
        "staged_input_bytes": 168938858,
        "applicable": false,
        "reason": "staging 3104 B/warp is below this column's largest batch (3377 B + 15 shift)"
      },
      {
        "kernel": "onpair_ds_k8_t256_b4_s14",
        "role": "experimental",
        "stage_bytes": 14,
        "chunk_size": 256,
        "decode_ms": 1.845248,
        "decode_gib_s": 504.7139899633537,
        "decode_ns_iters": [
          1848320,
          1847296,
          1849344,
          1847296,
          1848352,
          1848320,
          1852416,
          1852416,
          1846272,
          1853440,
          1850368,
          1852416,
          1853440,
          1850368,
          1851392,
          1853440,
          1852288,
          1851488,
          1852416,
          1852416,
          1853568,
          1851392,
          1852416,
          1853440,
          1853376,
          1852256,
          1853440,
          1854400,
          1849344,
          1845248
        ],
        "chunk_tokens": 256,
        "block_threads": 256,
        "staged_input_bytes": 168938858,
        "applicable": true
      },
      {
        "kernel": "onpair_ds_k8_t256_b8_s10",
        "role": "experimental",
        "stage_bytes": 10,
        "chunk_size": 256,
        "decode_ms": 0.0,
        "decode_gib_s": 0.0,
        "chunk_tokens": 256,
        "block_threads": 256,
        "staged_input_bytes": 168938858,
        "applicable": false,
        "reason": "staging 2592 B/warp is below this column's largest batch (3377 B + 15 shift)"
      },
      {
        "kernel": "onpair_ds_k8_t256_b8_s12",
        "role": "experimental",
        "stage_bytes": 12,
        "chunk_size": 256,
        "decode_ms": 0.0,
        "decode_gib_s": 0.0,
        "chunk_tokens": 256,
        "block_threads": 256,
        "staged_input_bytes": 168938858,
        "applicable": false,
        "reason": "staging 3104 B/warp is below this column's largest batch (3377 B + 15 shift)"
      },
      {
        "kernel": "onpair_ds_k8_t256_b8_s14",
        "role": "experimental",
        "stage_bytes": 14,
        "chunk_size": 256,
        "decode_ms": 1.847296,
        "decode_gib_s": 504.1544400853455,
        "decode_ns_iters": [
          1850368,
          1849344,
          1849344,
          1851392,
          1849344,
          1849280,
          1848320,
          1848320,
          1848320,
          1851392,
          1847296,
          1849344,
          1849344,
          1850368,
          1847296,
          1848384,
          1847360,
          1847360,
          1848320,
          1849344,
          1847296,
          1849344,
          1847296,
          1849344,
          1855296,
          1852416,
          1854464,
          1853536,
          1854304,
          1854432
        ],
        "chunk_tokens": 256,
        "block_threads": 256,
        "staged_input_bytes": 168938858,
        "applicable": true
      }
    ]
  }
}
==PROF== Disconnected from process 26877
==PROF== Report: /home/ubuntu/work/ncu_costsurface_loghub-windows_line_b16.ncu-rep
