==PROF== Connected to process 30985 (/home/ubuntu/work/target/release/onpair-chunk-bench)
2026-08-24T05:39:27.960104Z  INFO vortex_cuda: vortex-cuda/src/lib.rs:111: Registering CUDA kernels
==PROF== Profiling "onpair_shmem_2tpt": 0%....50%....100% - 43 passes
==PROF== Profiling "onpair_shmem_2tpt": 0%....50%....100% - 43 passes
==PROF== Profiling "onpair_shmem_2tpt": 0%....50%....100% - 43 passes
==PROF== Profiling "onpair_shmem_2tpt": 0%....50%....100% - 43 passes
==PROF== Profiling "onpair_shmem_2tpt": 0%....50%....100% - 43 passes
==PROF== Profiling "onpair_shmem_2tpt": 0%....50%....100% - 43 passes
==PROF== Profiling "onpair_shmem_2tpt": 0%....50%....100% - 43 passes
==PROF== Profiling "onpair_shmem_2tpt": 0%....50%....100% - 43 passes
==PROF== Profiling "onpair_shmem_2tpt": 0%....50%....100% - 43 passes
==PROF== Profiling "onpair_shmem_2tpt": 0%....50%....100% - 43 passes
==PROF== Profiling "onpair_shmem_2tpt": 0%....50%....100% - 43 passes
==PROF== Profiling "onpair_shmem_2tpt": 0%....50%....100% - 43 passes
==PROF== Profiling "onpair_shmem_2tpt": 0%....50%....100% - 43 passes
==PROF== Profiling "onpair_shmem_2tpt": 0%....50%....100% - 43 passes
==PROF== Profiling "onpair_shmem_2tpt": 0%....50%....100% - 43 passes
==PROF== Profiling "onpair_shmem_2tpt": 0%....50%....100% - 43 passes
{
  "files": [
    "/home/ubuntu/work/vortex-bench/data/onpair-bench/clickbench/URL/bits16_chunk1000mb_thr0.20_seed20260819/part_0000.vortex"
  ],
  "column": "URL",
  "rows": 12254692,
  "in_memory_bytes": 258577261,
  "dict_bytes": 488066,
  "gpu": {
    "iterations": 30,
    "decoded_bytes": 999999995,
    "chunks": 1,
    "total_tokens": 116713512,
    "auto_kernel": "onpair_shmem_2tpt",
    "frac_le8": 0.50503004,
    "dict_mean_len": 8.567988,
    "dict_max_len": 16,
    "dict_entries_max": 65536,
    "small_dict": false,
    "distinct_codes": 64428,
    "access_top4096_frac": 0.54048973,
    "compressed_bytes": 233980642,
    "h2d_gib_s": 19.855039941788203,
    "whole_decompress_gib_s": 70.52097342151835,
    "best_kernel": "onpair_decompress_2tpt",
    "auto_decode_ms": 2.2312,
    "best_decode_ms": 2.178048,
    "validated": false,
    "auto_decode_gib_s": 417.40882482917965,
    "best_decode_gib_s": 427.59506216523494,
    "kernels": [
      {
        "kernel": "onpair_shmem_2tpt",
        "role": "production",
        "stage_bytes": null,
        "chunk_size": 64,
        "decode_ms": 2.2312,
        "decode_gib_s": 417.40882482917965,
        "decode_ns_iters": [
          2025124788,
          2026101828,
          2019055605,
          2030632019,
          2026398659,
          2024609804,
          2022144079,
          2024196148,
          2032829523,
          2025608063,
          2044509172,
          2026961803,
          2028610706,
          2018662453,
          2234368,
          2248576,
          2231200,
          2235392,
          2236416,
          2232320,
          2238464,
          2234304,
          2252768,
          2235264,
          2239488,
          2238464,
          2236512,
          2250752,
          2234368,
          2231296
        ],
        "chunk_tokens": 64,
        "block_threads": 512,
        "staged_input_bytes": 249130352,
        "applicable": true
      },
      {
        "kernel": "onpair_shmem_4tpt",
        "role": "production",
        "stage_bytes": null,
        "chunk_size": 128,
        "decode_ms": 2.27328,
        "decode_gib_s": 409.68229604750206,
        "decode_ns_iters": [
          2280448,
          2281472,
          2279392,
          2293760,
          2282496,
          2276352,
          2273280,
          2290688,
          2286784,
          2285536,
          2283584,
          2283520,
          2301984,
          2291712,
          2287616,
          2297856,
          2297856,
          2296832,
          2300896,
          2298880,
          2300928,
          2297856,
          2298880,
          2305024,
          2309120,
          2306048,
          2315136,
          2316352,
          2298880,
          2306112
        ],
        "chunk_tokens": 128,
        "block_threads": 512,
        "staged_input_bytes": 241835760,
        "applicable": true
      },
      {
        "kernel": "onpair_shmem_4tpt_b128",
        "role": "production",
        "stage_bytes": null,
        "chunk_size": 128,
        "decode_ms": 2.29888,
        "decode_gib_s": 405.1201323944119,
        "decode_ns_iters": [
          2323456,
          2320384,
          2320320,
          2318336,
          2320384,
          2320384,
          2313216,
          2326528,
          2321408,
          2305024,
          2302976,
          2312192,
          2305952,
          2303840,
          2302976,
          2313216,
          2302048,
          2302816,
          2303840,
          2305024,
          2301088,
          2302976,
          2304000,
          2305024,
          2308096,
          2302816,
          2302976,
          2305088,
          2307968,
          2298880
        ],
        "chunk_tokens": 128,
        "block_threads": 128,
        "staged_input_bytes": 241835760,
        "applicable": true
      },
      {
        "kernel": "onpair_shmem_4tpt_b128o12",
        "role": "production",
        "stage_bytes": null,
        "chunk_size": 128,
        "decode_ms": 2.383872,
        "decode_gib_s": 390.6764163339582,
        "decode_ns_iters": [
          2395136,
          2407424,
          2409408,
          2428832,
          2404352,
          2403264,
          2407424,
          2404352,
          2418560,
          2404352,
          2400192,
          2406400,
          2405376,
          2404352,
          2407392,
          2385824,
          2392256,
          2398144,
          2397184,
          2394112,
          2409472,
          2393088,
          2395136,
          2395008,
          2397184,
          2383872,
          2399232,
          2395136,
          2394112,
          2395136
        ],
        "chunk_tokens": 128,
        "block_threads": 128,
        "staged_input_bytes": 241835760,
        "applicable": true
      },
      {
        "kernel": "onpair_decompress_1tpt",
        "role": "production",
        "stage_bytes": null,
        "chunk_size": 32,
        "decode_ms": 2.44112,
        "decode_gib_s": 381.5144564621426,
        "decode_ns_iters": [
          2446336,
          2468768,
          2441216,
          2445184,
          2443104,
          2442240,
          2451456,
          2445312,
          2441216,
          2451456,
          2450304,
          2441120,
          2479040,
          2444288,
          2465632,
          2456576,
          2454528,
          2460672,
          2459648,
          2452480,
          2461696,
          2457600,
          2458624,
          2453504,
          2456576,
          2470912,
          2480288,
          2457600,
          2467680,
          2472960
        ],
        "chunk_tokens": 32,
        "block_threads": 256,
        "staged_input_bytes": 263686792,
        "comparison": "tpt-matched",
        "abi_family": "packed",
        "launch_bounds_max_threads": 256,
        "launch_bounds_min_blocks": 4,
        "applicable": true
      },
      {
        "kernel": "onpair_decompress_2tpt",
        "role": "production",
        "stage_bytes": null,
        "chunk_size": 64,
        "decode_ms": 2.178048,
        "decode_gib_s": 427.59506216523494,
        "decode_ns_iters": [
          2186240,
          2187264,
          2188288,
          2201504,
          2189312,
          2179072,
          2180096,
          2182144,
          2184032,
          2182144,
          2182144,
          2195456,
          2185216,
          2178048,
          2183168,
          2178048,
          2182144,
          2180096,
          2182144,
          2184192,
          2180096,
          2184064,
          2187264,
          2183168,
          2187264,
          2184320,
          2183168,
          2187264,
          2183168,
          2182144
        ],
        "chunk_tokens": 64,
        "block_threads": 256,
        "staged_input_bytes": 249097600,
        "comparison": "tpt-matched",
        "abi_family": "packed",
        "launch_bounds_max_threads": 256,
        "launch_bounds_min_blocks": 4,
        "applicable": true
      },
      {
        "kernel": "onpair_decompress_3tpt",
        "role": "production",
        "stage_bytes": null,
        "chunk_size": 96,
        "decode_ms": 2.45744,
        "decode_gib_s": 378.98079707291555,
        "decode_ns_iters": [
          2493440,
          2493440,
          2493440,
          2493440,
          2494624,
          2475008,
          2470912,
          2473984,
          2475008,
          2472960,
          2470912,
          2475008,
          2479232,
          2473984,
          2471072,
          2473824,
          2475008,
          2477056,
          2473984,
          2487424,
          2467840,
          2460832,
          2470912,
          2466816,
          2463616,
          2457440,
          2477056,
          2468864,
          2476032,
          2471936
        ],
        "chunk_tokens": 96,
        "block_threads": 256,
        "staged_input_bytes": 244234536,
        "comparison": "tpt-matched",
        "abi_family": "packed",
        "launch_bounds_max_threads": 256,
        "launch_bounds_min_blocks": 4,
        "applicable": true
      },
      {
        "kernel": "onpair_decompress",
        "role": "production",
        "stage_bytes": null,
        "chunk_size": 128,
        "decode_ms": 2.418688,
        "decode_gib_s": 385.05279306750833,
        "decode_ns_iters": [
          2435232,
          2434048,
          2440192,
          2438144,
          2420896,
          2425856,
          2432128,
          2421760,
          2423808,
          2422784,
          2424832,
          2423808,
          2425856,
          2419712,
          2425856,
          2422976,
          2424896,
          2421760,
          2423808,
          2427904,
          2421600,
          2424768,
          2418688,
          2426880,
          2420736,
          2423808,
          2439168,
          2435072,
          2436096,
          2438048
        ],
        "chunk_tokens": 128,
        "block_threads": 256,
        "staged_input_bytes": 241803008,
        "comparison": "tpt-matched",
        "abi_family": "packed",
        "launch_bounds_max_threads": 256,
        "launch_bounds_min_blocks": 4,
        "applicable": true
      },
      {
        "kernel": "onpair_decompress_5tpt",
        "role": "production",
        "stage_bytes": null,
        "chunk_size": 160,
        "decode_ms": 2.341888,
        "decode_gib_s": 397.680234904003,
        "decode_ns_iters": [
          2342912,
          2345152,
          2343776,
          2343936,
          2341888,
          2342912,
          2343936,
          2341888,
          2347008,
          2351104,
          2352128,
          2352128,
          2351104,
          2353152,
          2345984,
          2349056,
          2353152,
          2374816,
          2353152,
          2353152,
          2352128,
          2351104,
          2353152,
          2356224,
          2347008,
          2350080,
          2353152,
          2353152,
          2360320,
          2357248
        ],
        "chunk_tokens": 160,
        "block_threads": 256,
        "staged_input_bytes": 240344088,
        "comparison": "tpt-matched",
        "abi_family": "packed",
        "launch_bounds_max_threads": 256,
        "launch_bounds_min_blocks": 4,
        "applicable": true
      },
      {
        "kernel": "onpair_decompress_6tpt",
        "role": "production",
        "stage_bytes": null,
        "chunk_size": 192,
        "decode_ms": 2.328608,
        "decode_gib_s": 399.9481965014574,
        "decode_ns_iters": [
          2354176,
          2345984,
          2341824,
          2333696,
          2337792,
          2332672,
          2344960,
          2344960,
          2344960,
          2362368,
          2377728,
          2362368,
          2359200,
          2353280,
          2357248,
          2360320,
          2356224,
          2339840,
          2337792,
          2337792,
          2331744,
          2340800,
          2341888,
          2328608,
          2356224,
          2359296,
          2357248,
          2360320,
          2364416,
          2356224
        ],
        "chunk_tokens": 192,
        "block_threads": 256,
        "staged_input_bytes": 239371472,
        "comparison": "tpt-matched",
        "abi_family": "packed",
        "launch_bounds_max_threads": 256,
        "launch_bounds_min_blocks": 4,
        "applicable": true
      },
      {
        "kernel": "onpair_decompress_7tpt",
        "role": "production",
        "stage_bytes": null,
        "chunk_size": 224,
        "decode_ms": 2.2272,
        "decode_gib_s": 418.1584814829677,
        "decode_ns_iters": [
          2249728,
          2233248,
          2227200,
          2232320,
          2232320,
          2233280,
          2233344,
          2236416,
          2236416,
          2242560,
          2239488,
          2254784,
          2242560,
          2238464,
          2244608,
          2256896,
          2242496,
          2254848,
          2248704,
          2247648,
          2253760,
          2253824,
          2267136,
          2254848,
          2254848,
          2256896,
          2249728,
          2235392,
          2234368,
          2234368
        ],
        "chunk_tokens": 224,
        "block_threads": 256,
        "staged_input_bytes": 238676752,
        "comparison": "tpt-matched",
        "abi_family": "packed",
        "launch_bounds_max_threads": 256,
        "launch_bounds_min_blocks": 4,
        "applicable": true
      },
      {
        "kernel": "onpair_decompress_8tpt",
        "role": "production",
        "stage_bytes": null,
        "chunk_size": 256,
        "decode_ms": 2.291712,
        "decode_gib_s": 406.3872641758064,
        "decode_ns_iters": [
          2295808,
          2309984,
          2314240,
          2307072,
          2308096,
          2310048,
          2314240,
          2312192,
          2317312,
          2302976,
          2298880,
          2291712,
          2297856,
          2315264,
          2298720,
          2312192,
          2297856,
          2298880,
          2302976,
          2299904,
          2296672,
          2291712,
          2293760,
          2295808,
          2295808,
          2299904,
          2296832,
          2296960,
          2297952,
          2294720
        ],
        "chunk_tokens": 256,
        "block_threads": 256,
        "staged_input_bytes": 238155712,
        "comparison": "tpt-matched",
        "abi_family": "packed",
        "launch_bounds_max_threads": 256,
        "launch_bounds_min_blocks": 4,
        "applicable": true
      },
      {
        "kernel": "onpair_shmem_4tpt_split8read",
        "role": "production",
        "stage_bytes": null,
        "chunk_size": 128,
        "decode_ms": 2.39616,
        "decode_gib_s": 388.6729475322456,
        "decode_ns_iters": [
          2404384,
          2405376,
          2402304,
          2403328,
          2401280,
          2400256,
          2401248,
          2396160,
          2399232,
          2426880,
          2418688,
          2424704,
          2421760,
          2420704,
          2415616,
          2421760,
          2420736,
          2421760,
          2436096,
          2419712,
          2422720,
          2425856,
          2422784,
          2435072,
          2430976,
          2428928,
          2433024,
          2432000,
          2447424,
          2433024
        ],
        "chunk_tokens": 128,
        "block_threads": 512,
        "staged_input_bytes": 242360064,
        "applicable": true
      },
      {
        "kernel": "onpair_shmem_8tpt",
        "role": "production",
        "stage_bytes": null,
        "chunk_size": 256,
        "decode_ms": 2.30912,
        "decode_gib_s": 403.32359078734135,
        "decode_ns_iters": [
          2332672,
          2334720,
          2334720,
          2333696,
          2333696,
          2334720,
          2325504,
          2324480,
          2335744,
          2310144,
          2316288,
          2318304,
          2312192,
          2317312,
          2314240,
          2324640,
          2314240,
          2316288,
          2311168,
          2309120,
          2313216,
          2312192,
          2313120,
          2316288,
          2327552,
          2335744,
          2328576,
          2330464,
          2329472,
          2328576
        ],
        "chunk_tokens": 256,
        "block_threads": 256,
        "staged_input_bytes": 238188464,
        "applicable": true
      },
      {
        "kernel": "onpair_shmem_8tpt_b128",
        "role": "production",
        "stage_bytes": null,
        "chunk_size": 256,
        "decode_ms": 2.304064,
        "decode_gib_s": 404.20863741582946,
        "decode_ns_iters": [
          2320384,
          2312192,
          2328576,
          2316288,
          2336640,
          2320384,
          2332672,
          2315264,
          2315264,
          2319296,
          2313312,
          2315264,
          2316288,
          2322432,
          2320384,
          2324480,
          2323456,
          2313216,
          2317312,
          2315264,
          2314240,
          2317312,
          2320384,
          2318336,
          2313216,
          2310144,
          2312192,
          2309120,
          2304064,
          2313216
        ],
        "chunk_tokens": 256,
        "block_threads": 128,
        "staged_input_bytes": 238188464,
        "applicable": true
      },
      {
        "kernel": "onpair_shmem_s8_4tpt",
        "role": "production",
        "stage_bytes": null,
        "chunk_size": 128,
        "decode_ms": 0.0,
        "decode_gib_s": 0.0,
        "chunk_tokens": 128,
        "block_threads": 512,
        "staged_input_bytes": 241311472,
        "applicable": false,
        "reason": "dictionary entry longer than 8 bytes"
      },
      {
        "kernel": "onpair_shmem_s4l1_16tpt",
        "role": "production",
        "stage_bytes": null,
        "chunk_size": 512,
        "decode_ms": 0.0,
        "decode_gib_s": 0.0,
        "chunk_tokens": 512,
        "block_threads": 256,
        "staged_input_bytes": 235578384,
        "applicable": false,
        "reason": "dictionary entry longer than 4 bytes"
      },
      {
        "kernel": "onpair_shmem_const1",
        "role": "production",
        "stage_bytes": null,
        "chunk_size": 512,
        "decode_ms": 0.0,
        "decode_gib_s": 0.0,
        "chunk_tokens": 512,
        "block_threads": 512,
        "staged_input_bytes": 233492560,
        "applicable": false,
        "reason": "not every dictionary entry is exactly 1 byte"
      },
      {
        "kernel": "onpair_shmem_const2",
        "role": "production",
        "stage_bytes": null,
        "chunk_size": 256,
        "decode_ms": 0.0,
        "decode_gib_s": 0.0,
        "chunk_tokens": 256,
        "block_threads": 512,
        "staged_input_bytes": 233558096,
        "applicable": false,
        "reason": "not every dictionary entry is exactly 2 bytes"
      },
      {
        "kernel": "onpair_dg_k1_t64_b1",
        "role": "experimental",
        "stage_bytes": null,
        "chunk_size": 32,
        "decode_ms": 2.426784,
        "decode_gib_s": 383.7682175087959,
        "decode_ns_iters": [
          2463744,
          2476032,
          2478144,
          2480128,
          2467840,
          2460672,
          2466816,
          2465792,
          2472960,
          2459616,
          2478208,
          2483200,
          2473984,
          2467744,
          2472896,
          2479104,
          2468864,
          2469888,
          2483200,
          2471936,
          2469760,
          2479104,
          2480128,
          2473856,
          2468704,
          2456672,
          2471936,
          2473984,
          2426784,
          2466816
        ],
        "chunk_tokens": 32,
        "block_threads": 64,
        "staged_input_bytes": 263686792,
        "applicable": true
      },
      {
        "kernel": "onpair_dg_k1_t64_b2",
        "role": "experimental",
        "stage_bytes": null,
        "chunk_size": 32,
        "decode_ms": 2.446336,
        "decode_gib_s": 380.7010034430535,
        "decode_ns_iters": [
          2467840,
          2452480,
          2490336,
          2462720,
          2467840,
          2446336,
          2472960,
          2477024,
          2458624,
          2450432,
          2466816,
          2466816,
          2478080,
          2459648,
          2453504,
          2458624,
          2475008,
          2471936,
          2453376,
          2464928,
          2484224,
          2483200,
          2472960,
          2471936,
          2459520,
          2465792,
          2464768,
          2474976,
          2467840,
          2473984
        ],
        "chunk_tokens": 32,
        "block_threads": 64,
        "staged_input_bytes": 263686792,
        "applicable": true
      },
      {
        "kernel": "onpair_dg_k1_t64_b4",
        "role": "experimental",
        "stage_bytes": null,
        "chunk_size": 32,
        "decode_ms": 2.444288,
        "decode_gib_s": 381.0199820802073,
        "decode_ns_iters": [
          2467840,
          2480128,
          2466816,
          2475008,
          2476032,
          2460672,
          2486272,
          2482176,
          2472960,
          2468864,
          2471936,
          2487168,
          2469888,
          2478080,
          2472960,
          2477056,
          2484224,
          2466816,
          2478080,
          2478080,
          2444288,
          2463744,
          2465792,
          2486272,
          2470912,
          2476032,
          2466816,
          2472960,
          2472832,
          2478080
        ],
        "chunk_tokens": 32,
        "block_threads": 64,
        "staged_input_bytes": 263686792,
        "applicable": true
      },
      {
        "kernel": "onpair_dg_k1_t64_b6",
        "role": "experimental",
        "stage_bytes": null,
        "chunk_size": 32,
        "decode_ms": 2.456576,
        "decode_gib_s": 379.11408804729246,
        "decode_ns_iters": [
          2465792,
          2481152,
          2470752,
          2475872,
          2475008,
          2467840,
          2467840,
          2462688,
          2469888,
          2470912,
          2469888,
          2457664,
          2494464,
          2473984,
          2476032,
          2469888,
          2487296,
          2476000,
          2463744,
          2468864,
          2481120,
          2482272,
          2470912,
          2480128,
          2456576,
          2492416,
          2498560,
          2477920,
          2488320,
          2490368
        ],
        "chunk_tokens": 32,
        "block_threads": 64,
        "staged_input_bytes": 263686792,
        "applicable": true
      },
      {
        "kernel": "onpair_dg_k1_t64_b8",
        "role": "experimental",
        "stage_bytes": null,
        "chunk_size": 32,
        "decode_ms": 2.450432,
        "decode_gib_s": 380.06464572731073,
        "decode_ns_iters": [
          2476032,
          2503680,
          2473984,
          2473984,
          2470912,
          2479104,
          2482176,
          2482176,
          2466816,
          2486176,
          2463680,
          2465792,
          2468864,
          2479104,
          2475008,
          2471936,
          2466816,
          2485248,
          2462720,
          2469888,
          2450432,
          2478080,
          2475008,
          2477056,
          2470784,
          2485248,
          2460672,
          2459648,
          2481088,
          2477056
        ],
        "chunk_tokens": 32,
        "block_threads": 64,
        "staged_input_bytes": 263686792,
        "applicable": true
      },
      {
        "kernel": "onpair_dg_k1_t128_b1",
        "role": "experimental",
        "stage_bytes": null,
        "chunk_size": 32,
        "decode_ms": 2.459648,
        "decode_gib_s": 378.6405900189237,
        "decode_ns_iters": [
          2474080,
          2471936,
          2477952,
          2484224,
          2472960,
          2475008,
          2481152,
          2481056,
          2483200,
          2481152,
          2486272,
          2469760,
          2486272,
          2492416,
          2486272,
          2480128,
          2459648,
          2463648,
          2470912,
          2492416,
          2481152,
          2482176,
          2480128,
          2480128,
          2474944,
          2478080,
          2471936,
          2475008,
          2469888,
          2466816
        ],
        "chunk_tokens": 32,
        "block_threads": 128,
        "staged_input_bytes": 263686792,
        "applicable": true
      },
      {
        "kernel": "onpair_dg_k1_t128_b2",
        "role": "experimental",
        "stage_bytes": null,
        "chunk_size": 32,
        "decode_ms": 2.45344,
        "decode_gib_s": 379.59867368220364,
        "decode_ns_iters": [
          2470912,
          2480128,
          2471936,
          2469888,
          2483360,
          2479104,
          2467840,
          2473984,
          2458624,
          2469824,
          2464768,
          2458624,
          2459648,
          2461696,
          2470784,
          2461664,
          2453440,
          2472960,
          2461536,
          2493440,
          2457600,
          2459648,
          2461632,
          2468800,
          2470912,
          2476032,
          2464768,
          2497504,
          2477088,
          2470912
        ],
        "chunk_tokens": 32,
        "block_threads": 128,
        "staged_input_bytes": 263686792,
        "applicable": true
      },
      {
        "kernel": "onpair_dg_k1_t128_b4",
        "role": "experimental",
        "stage_bytes": null,
        "chunk_size": 32,
        "decode_ms": 2.46784,
        "decode_gib_s": 377.3836917947945,
        "decode_ns_iters": [
          2481152,
          2483200,
          2470912,
          2475008,
          2479104,
          2490368,
          2482176,
          2484224,
          2497536,
          2479104,
          2486272,
          2497536,
          2490368,
          2477056,
          2496512,
          2483104,
          2488416,
          2467840,
          2481184,
          2479104,
          2484224,
          2476928,
          2482176,
          2479104,
          2485120,
          2475008,
          2476032,
          2477056,
          2489376,
          2470912
        ],
        "chunk_tokens": 32,
        "block_threads": 128,
        "staged_input_bytes": 263686792,
        "applicable": true
      },
      {
        "kernel": "onpair_dg_k1_t128_b6",
        "role": "experimental",
        "stage_bytes": null,
        "chunk_size": 32,
        "decode_ms": 2.46272,
        "decode_gib_s": 378.1682732746174,
        "decode_ns_iters": [
          2462720,
          2482176,
          2473984,
          2480128,
          2489344,
          2488384,
          2485248,
          2479104,
          2483168,
          2500544,
          2486240,
          2474080,
          2490368,
          2479104,
          2482176,
          2480128,
          2484320,
          2468864,
          2476000,
          2475008,
          2476032,
          2481152,
          2483232,
          2478080,
          2488320,
          2479104,
          2493440,
          2478080,
          2473984,
          2484224
        ],
        "chunk_tokens": 32,
        "block_threads": 128,
        "staged_input_bytes": 263686792,
        "applicable": true
      },
      {
        "kernel": "onpair_dg_k1_t128_b8",
        "role": "experimental",
        "stage_bytes": null,
        "chunk_size": 32,
        "decode_ms": 2.458624,
        "decode_gib_s": 378.79829122259673,
        "decode_ns_iters": [
          2468864,
          2480128,
          2476032,
          2476064,
          2475136,
          2477056,
          2476896,
          2477056,
          2482176,
          2468864,
          2498560,
          2477056,
          2475968,
          2483072,
          2469888,
          2471936,
          2487296,
          2483200,
          2477056,
          2483200,
          2463744,
          2458624,
          2477056,
          2490368,
          2479104,
          2477056,
          2467840,
          2487296,
          2489344,
          2469888
        ],
        "chunk_tokens": 32,
        "block_threads": 128,
        "staged_input_bytes": 263686792,
        "applicable": true
      },
      {
        "kernel": "onpair_dg_k1_t256_b1",
        "role": "experimental",
        "stage_bytes": null,
        "chunk_size": 32,
        "decode_ms": 2.451456,
        "decode_gib_s": 379.9058885653529,
        "decode_ns_iters": [
          2475008,
          2476032,
          2466816,
          2471936,
          2467840,
          2481152,
          2480128,
          2472960,
          2467840,
          2476032,
          2468864,
          2479104,
          2473984,
          2480128,
          2476032,
          2461696,
          2467840,
          2461504,
          2461696,
          2491296,
          2466816,
          2458624,
          2487296,
          2472960,
          2460672,
          2459648,
          2469888,
          2467840,
          2468800,
          2451456
        ],
        "chunk_tokens": 32,
        "block_threads": 256,
        "staged_input_bytes": 263686792,
        "applicable": true
      },
      {
        "kernel": "onpair_dg_k1_t256_b2",
        "role": "experimental",
        "stage_bytes": null,
        "chunk_size": 32,
        "decode_ms": 2.454528,
        "decode_gib_s": 379.43041185876297,
        "decode_ns_iters": [
          2473984,
          2459648,
          2465792,
          2460704,
          2464768,
          2488320,
          2475008,
          2454528,
          2461856,
          2472960,
          2466816,
          2463744,
          2458624,
          2460672,
          2464768,
          2476032,
          2470912,
          2455552,
          2464672,
          2490464,
          2457600,
          2467840,
          2470944,
          2455552,
          2461696,
          2464768,
          2462720,
          2464768,
          2455552,
          2469888
        ],
        "chunk_tokens": 32,
        "block_threads": 256,
        "staged_input_bytes": 263686792,
        "applicable": true
      },
      {
        "kernel": "onpair_dg_k1_t256_b4",
        "role": "experimental",
        "stage_bytes": null,
        "chunk_size": 32,
        "decode_ms": 2.452608,
        "decode_gib_s": 379.7274452170365,
        "decode_ns_iters": [
          2452608,
          2466816,
          2483200,
          2467680,
          2456576,
          2461696,
          2459648,
          2455552,
          2460672,
          2457600,
          2465792,
          2460672,
          2466880,
          2476032,
          2480128,
          2462720,
          2453504,
          2466816,
          2456576,
          2457600,
          2470912,
          2470912,
          2460672,
          2468864,
          2486272,
          2467840,
          2473984,
          2460672,
          2467840,
          2472960
        ],
        "chunk_tokens": 32,
        "block_threads": 256,
        "staged_input_bytes": 263686792,
        "applicable": true
      },
      {
        "kernel": "onpair_dg_k1_t256_b6",
        "role": "experimental",
        "stage_bytes": null,
        "chunk_size": 32,
        "decode_ms": 2.476128,
        "decode_gib_s": 376.1205276782402,
        "decode_ns_iters": [
          2510848,
          2510816,
          2519040,
          2493440,
          2510752,
          2487296,
          2499584,
          2521088,
          2498528,
          2489344,
          2491392,
          2502848,
          2499584,
          2508800,
          2508800,
          2522112,
          2497536,
          2495488,
          2480128,
          2489344,
          2514912,
          2494464,
          2501632,
          2504608,
          2509824,
          2508800,
          2491392,
          2505728,
          2476128,
          2506624
        ],
        "chunk_tokens": 32,
        "block_threads": 256,
        "staged_input_bytes": 263686792,
        "applicable": true
      },
      {
        "kernel": "onpair_dg_k1_t256_b8",
        "role": "experimental",
        "stage_bytes": null,
        "chunk_size": 32,
        "decode_ms": 2.480064,
        "decode_gib_s": 375.52360340655144,
        "decode_ns_iters": [
          2512896,
          2500608,
          2518016,
          2489536,
          2501632,
          2500608,
          2493440,
          2516992,
          2500704,
          2520064,
          2491392,
          2514944,
          2500800,
          2483200,
          2489344,
          2511872,
          2500480,
          2520064,
          2523168,
          2492416,
          2485216,
          2480288,
          2480064,
          2495648,
          2496512,
          2520064,
          2493568,
          2508800,
          2507776,
          2483200
        ],
        "chunk_tokens": 32,
        "block_threads": 256,
        "staged_input_bytes": 263686792,
        "applicable": true
      },
      {
        "kernel": "onpair_dg_k2_t64_b1",
        "role": "experimental",
        "stage_bytes": null,
        "chunk_size": 64,
        "decode_ms": 2.200576,
        "decode_gib_s": 423.2176348187319,
        "decode_ns_iters": [
          2203648,
          2200576,
          2209792,
          2200576,
          2206720,
          2216960,
          2209792,
          2207744,
          2203744,
          2208768,
          2202624,
          2205696,
          2203744,
          2204640,
          2204672,
          2200576,
          2210720,
          2203648,
          2225152,
          2203648,
          2201600,
          2205696,
          2207744,
          2205696,
          2212864,
          2209792,
          2210816,
          2210816,
          2205696,
          2203648
        ],
        "chunk_tokens": 64,
        "block_threads": 64,
        "staged_input_bytes": 249097600,
        "applicable": true
      },
      {
        "kernel": "onpair_dg_k2_t64_b2",
        "role": "experimental",
        "stage_bytes": null,
        "chunk_size": 64,
        "decode_ms": 2.200576,
        "decode_gib_s": 423.2176348187319,
        "decode_ns_iters": [
          2204672,
          2212800,
          2203648,
          2207904,
          2203648,
          2201600,
          2200576,
          2204512,
          2200576,
          2226176,
          2204672,
          2208768,
          2205696,
          2211840,
          2201600,
          2205696,
          2214912,
          2215936,
          2213856,
          2212864,
          2215936,
          2213888,
          2217024,
          2212864,
          2209792,
          2213888,
          2214912,
          2230240,
          2220032,
          2215936
        ],
        "chunk_tokens": 64,
        "block_threads": 64,
        "staged_input_bytes": 249097600,
        "applicable": true
      },
      {
        "kernel": "onpair_dg_k2_t64_b4",
        "role": "experimental",
        "stage_bytes": null,
        "chunk_size": 64,
        "decode_ms": 2.20352,
        "decode_gib_s": 422.6521973745941,
        "decode_ns_iters": [
          2216960,
          2215936,
          2210816,
          2211840,
          2208768,
          2208768,
          2212864,
          2211840,
          2210816,
          2210816,
          2203808,
          2213920,
          2233344,
          2204672,
          2203520,
          2208768,
          2219008,
          2208672,
          2210816,
          2206560,
          2213888,
          2209792,
          2207744,
          2207744,
          2206720,
          2221056,
          2217984,
          2219968,
          2219008,
          2210688
        ],
        "chunk_tokens": 64,
        "block_threads": 64,
        "staged_input_bytes": 249097600,
        "applicable": true
      },
      {
        "kernel": "onpair_dg_k2_t64_b6",
        "role": "experimental",
        "stage_bytes": null,
        "chunk_size": 64,
        "decode_ms": 2.192384,
        "decode_gib_s": 424.79901785401904,
        "decode_ns_iters": [
          2211840,
          2217984,
          2232288,
          2205632,
          2210816,
          2202624,
          2198528,
          2197504,
          2208704,
          2206720,
          2221056,
          2209792,
          2200480,
          2202624,
          2204672,
          2192384,
          2206720,
          2202592,
          2198464,
          2205696,
          2205696,
          2204672,
          2210816,
          2225152,
          2217984,
          2205696,
          2205696,
          2207744,
          2208768,
          2212736
        ],
        "chunk_tokens": 64,
        "block_threads": 64,
        "staged_input_bytes": 249097600,
        "applicable": true
      },
      {
        "kernel": "onpair_dg_k2_t64_b8",
        "role": "experimental",
        "stage_bytes": null,
        "chunk_size": 64,
        "decode_ms": 2.199552,
        "decode_gib_s": 423.41466351278154,
        "decode_ns_iters": [
          2213888,
          2213888,
          2209696,
          2229248,
          2208768,
          2202688,
          2204672,
          2201600,
          2205696,
          2203648,
          2207744,
          2207744,
          2208768,
          2203744,
          2205696,
          2201568,
          2221184,
          2214912,
          2203648,
          2199552,
          2206720,
          2203648,
          2212864,
          2202624,
          2207712,
          2203648,
          2202624,
          2205696,
          2206720,
          2221056
        ],
        "chunk_tokens": 64,
        "block_threads": 64,
        "staged_input_bytes": 249097600,
        "applicable": true
      },
      {
        "kernel": "onpair_dg_k2_t128_b1",
        "role": "experimental",
        "stage_bytes": null,
        "chunk_size": 64,
        "decode_ms": 2.194432,
        "decode_gib_s": 424.40256520086547,
        "decode_ns_iters": [
          2201600,
          2200576,
          2194432,
          2196480,
          2215936,
          2209792,
          2212864,
          2210688,
          2208768,
          2209792,
          2211840,
          2205696,
          2215936,
          2208768,
          2217984,
          2213888,
          2209792,
          2230304,
          2215872,
          2213728,
          2211840,
          2212864,
          2229248,
          2215936,
          2215936,
          2215936,
          2214976,
          2213888,
          2219008,
          2222080
        ],
        "chunk_tokens": 64,
        "block_threads": 128,
        "staged_input_bytes": 249097600,
        "applicable": true
      },
      {
        "kernel": "onpair_dg_k2_t128_b2",
        "role": "experimental",
        "stage_bytes": null,
        "chunk_size": 64,
        "decode_ms": 2.205696,
        "decode_gib_s": 422.2352354807125,
        "decode_ns_iters": [
          2205696,
          2215936,
          2207744,
          2210816,
          2211680,
          2206720,
          2206720,
          2239488,
          2205696,
          2210816,
          2217888,
          2213888,
          2215936,
          2226048,
          2211840,
          2241536,
          2208800,
          2213888,
          2208768,
          2208704,
          2209792,
          2210816,
          2215936,
          2221056,
          2216960,
          2219072,
          2216960,
          2212864,
          2222080,
          2211712
        ],
        "chunk_tokens": 64,
        "block_threads": 128,
        "staged_input_bytes": 249097600,
        "applicable": true
      },
      {
        "kernel": "onpair_dg_k2_t128_b4",
        "role": "experimental",
        "stage_bytes": null,
        "chunk_size": 64,
        "decode_ms": 2.208768,
        "decode_gib_s": 421.6479820238547,
        "decode_ns_iters": [
          2215008,
          2212864,
          2211840,
          2210816,
          2209792,
          2212864,
          2213888,
          2217984,
          2213888,
          2213888,
          2229248,
          2212864,
          2208800,
          2215968,
          2221056,
          2233344,
          2221056,
          2216000,
          2212736,
          2215936,
          2231360,
          2208768,
          2211840,
          2215936,
          2212896,
          2224128,
          2216960,
          2219072,
          2215936,
          2225152
        ],
        "chunk_tokens": 64,
        "block_threads": 128,
        "staged_input_bytes": 249097600,
        "applicable": true
      },
      {
        "kernel": "onpair_dg_k2_t128_b6",
        "role": "experimental",
        "stage_bytes": null,
        "chunk_size": 64,
        "decode_ms": 2.197504,
        "decode_gib_s": 423.8092717732781,
        "decode_ns_iters": [
          2213888,
          2208704,
          2200576,
          2202624,
          2205696,
          2201536,
          2203648,
          2203648,
          2204768,
          2204672,
          2205696,
          2200576,
          2207904,
          2220032,
          2213888,
          2204672,
          2203712,
          2204672,
          2210816,
          2206720,
          2204672,
          2212864,
          2206560,
          2207744,
          2202624,
          2197504,
          2198528,
          2211840,
          2211840,
          2208768
        ],
        "chunk_tokens": 64,
        "block_threads": 128,
        "staged_input_bytes": 249097600,
        "applicable": true
      },
      {
        "kernel": "onpair_dg_k2_t128_b8",
        "role": "experimental",
        "stage_bytes": null,
        "chunk_size": 64,
        "decode_ms": 2.197504,
        "decode_gib_s": 423.8092717732781,
        "decode_ns_iters": [
          2211808,
          2216960,
          2203584,
          2206720,
          2207744,
          2209792,
          2224128,
          2219008,
          2206720,
          2203648,
          2207712,
          2201600,
          2204672,
          2204672,
          2215936,
          2200576,
          2200576,
          2204640,
          2200576,
          2199520,
          2205696,
          2201696,
          2220032,
          2197504,
          2203520,
          2203552,
          2199552,
          2197504,
          2204512,
          2198528
        ],
        "chunk_tokens": 64,
        "block_threads": 128,
        "staged_input_bytes": 249097600,
        "applicable": true
      },
      {
        "kernel": "onpair_dg_k2_t256_b1",
        "role": "experimental",
        "stage_bytes": null,
        "chunk_size": 64,
        "decode_ms": 2.179072,
        "decode_gib_s": 427.3941246360219,
        "decode_ns_iters": [
          2188224,
          2188288,
          2182144,
          2186336,
          2189312,
          2184192,
          2186304,
          2185216,
          2198528,
          2185184,
          2186240,
          2190336,
          2179072,
          2188288,
          2183168,
          2189312,
          2187264,
          2185216,
          2188288,
          2191360,
          2182144,
          2197504,
          2189312,
          2184128,
          2190336,
          2187264,
          2189312,
          2180096,
          2183168,
          2181120
        ],
        "chunk_tokens": 64,
        "block_threads": 256,
        "staged_input_bytes": 249097600,
        "applicable": true
      },
      {
        "kernel": "onpair_dg_k2_t256_b2",
        "role": "experimental",
        "stage_bytes": null,
        "chunk_size": 64,
        "decode_ms": 2.18112,
        "decode_gib_s": 426.99281559880507,
        "decode_ns_iters": [
          2183232,
          2186240,
          2183168,
          2193408,
          2183168,
          2189312,
          2184160,
          2186240,
          2204512,
          2192384,
          2186240,
          2186240,
          2188288,
          2187264,
          2185216,
          2191360,
          2184384,
          2192384,
          2182144,
          2208768,
          2187264,
          2184064,
          2181120,
          2190336,
          2184192,
          2185184,
          2187264,
          2188288,
          2185216,
          2189440
        ],
        "chunk_tokens": 64,
        "block_threads": 256,
        "staged_input_bytes": 249097600,
        "applicable": true
      },
      {
        "kernel": "onpair_dg_k2_t256_b4",
        "role": "experimental",
        "stage_bytes": null,
        "chunk_size": 64,
        "decode_ms": 2.177024,
        "decode_gib_s": 427.7961887231678,
        "decode_ns_iters": [
          2177024,
          2188288,
          2182048,
          2186240,
          2186240,
          2183168,
          2180096,
          2187264,
          2206720,
          2185216,
          2188288,
          2183168,
          2186240,
          2184192,
          2182144,
          2188320,
          2186240,
          2181120,
          2183168,
          2198528,
          2186240,
          2193408,
          2188288,
          2180096,
          2189184,
          2186240,
          2185344,
          2184192,
          2188288,
          2187264
        ],
        "chunk_tokens": 64,
        "block_threads": 256,
        "staged_input_bytes": 249097600,
        "applicable": true
      },
      {
        "kernel": "onpair_dg_k2_t256_b6",
        "role": "experimental",
        "stage_bytes": null,
        "chunk_size": 64,
        "decode_ms": 2.599072,
        "decode_gib_s": 358.32888429365005,
        "decode_ns_iters": [
          2650240,
          2625376,
          2622464,
          2631680,
          2629632,
          2649088,
          2629632,
          2625472,
          2615296,
          2620416,
          2619392,
          2616160,
          2616384,
          2621440,
          2624416,
          2618368,
          2616320,
          2615296,
          2615296,
          2617344,
          2617344,
          2615296,
          2606080,
          2599072,
          2604032,
          2623488,
          2604032,
          2605056,
          2604928,
          2603008
        ],
        "chunk_tokens": 64,
        "block_threads": 256,
        "staged_input_bytes": 249097600,
        "applicable": true
      },
      {
        "kernel": "onpair_dg_k2_t256_b8",
        "role": "experimental",
        "stage_bytes": null,
        "chunk_size": 64,
        "decode_ms": 2.591744,
        "decode_gib_s": 359.34203762364865,
        "decode_ns_iters": [
          2623488,
          2609152,
          2603040,
          2605056,
          2597888,
          2593696,
          2593792,
          2593792,
          2596864,
          2613248,
          2591744,
          2616320,
          2626560,
          2614272,
          2620416,
          2618368,
          2621440,
          2617344,
          2617344,
          2607104,
          2604032,
          2604032,
          2603008,
          2605056,
          2604992,
          2609152,
          2621440,
          2615296,
          2619392,
          2616320
        ],
        "chunk_tokens": 64,
        "block_threads": 256,
        "staged_input_bytes": 249097600,
        "applicable": true
      },
      {
        "kernel": "onpair_dg_k3_t64_b1",
        "role": "experimental",
        "stage_bytes": null,
        "chunk_size": 96,
        "decode_ms": 2.57536,
        "decode_gib_s": 361.628110228809,
        "decode_ns_iters": [
          2593696,
          2596864,
          2594944,
          2612352,
          2598912,
          2595840,
          2596864,
          2599936,
          2595840,
          2591744,
          2606080,
          2596864,
          2596864,
          2595840,
          2596864,
          2595840,
          2597888,
          2594816,
          2596864,
          2595840,
          2597888,
          2595840,
          2580480,
          2575360,
          2578304,
          2591744,
          2577568,
          2576384,
          2577408,
          2580576
        ],
        "chunk_tokens": 96,
        "block_threads": 64,
        "staged_input_bytes": 244234536,
        "applicable": true
      },
      {
        "kernel": "onpair_dg_k3_t64_b2",
        "role": "experimental",
        "stage_bytes": null,
        "chunk_size": 96,
        "decode_ms": 2.557952,
        "decode_gib_s": 364.0891502103502,
        "decode_ns_iters": [
          2577408,
          2577408,
          2576384,
          2582528,
          2579456,
          2574336,
          2557952,
          2561024,
          2558080,
          2558976,
          2557952,
          2573312,
          2596864,
          2595840,
          2608128,
          2593792,
          2596864,
          2594816,
          2595840,
          2597888,
          2617344,
          2595840,
          2595840,
          2596864,
          2594816,
          2594816,
          2593856,
          2594816,
          2594816,
          2612224
        ],
        "chunk_tokens": 96,
        "block_threads": 64,
        "staged_input_bytes": 244234536,
        "applicable": true
      },
      {
        "kernel": "onpair_dg_k3_t64_b4",
        "role": "experimental",
        "stage_bytes": null,
        "chunk_size": 96,
        "decode_ms": 2.557952,
        "decode_gib_s": 364.0891502103502,
        "decode_ns_iters": [
          2596896,
          2567168,
          2573312,
          2558976,
          2558976,
          2561024,
          2557952,
          2558976,
          2580480,
          2596768,
          2596864,
          2594944,
          2595840,
          2590720,
          2590720,
          2596864,
          2593792,
          2596864,
          2594816,
          2594816,
          2599936,
          2595840,
          2597888,
          2595840,
          2597888,
          2594816,
          2597888,
          2595840,
          2596864,
          2599936
        ],
        "chunk_tokens": 96,
        "block_threads": 64,
        "staged_input_bytes": 244234536,
        "applicable": true
      },
      {
        "kernel": "onpair_dg_k3_t64_b6",
        "role": "experimental",
        "stage_bytes": null,
        "chunk_size": 96,
        "decode_ms": 2.590784,
        "decode_gib_s": 359.4751897336349,
        "decode_ns_iters": [
          2595840,
          2590784,
          2595840,
          2597888,
          2594816,
          2597888,
          2598816,
          2595840,
          2601984,
          2595840,
          2596864,
          2594816,
          2600960,
          2595840,
          2596864,
          2595904,
          2594816,
          2601984,
          2595840,
          2618368,
          2633728,
          2633728,
          2651136,
          2633728,
          2636800,
          2633728,
          2630656,
          2620416,
          2613344,
          2619392
        ],
        "chunk_tokens": 96,
        "block_threads": 64,
        "staged_input_bytes": 244234536,
        "applicable": true
      },
      {
        "kernel": "onpair_dg_k3_t64_b8",
        "role": "experimental",
        "stage_bytes": null,
        "chunk_size": 96,
        "decode_ms": 2.591744,
        "decode_gib_s": 359.34203762364865,
        "decode_ns_iters": [
          2618368,
          2623488,
          2598912,
          2595840,
          2601984,
          2595840,
          2596864,
          2614272,
          2596832,
          2595840,
          2596864,
          2593792,
          2597888,
          2597888,
          2596864,
          2595840,
          2617344,
          2597888,
          2598816,
          2593856,
          2591744,
          2595840,
          2596864,
          2596864,
          2595840,
          2612160,
          2595840,
          2598912,
          2596864,
          2599936
        ],
        "chunk_tokens": 96,
        "block_threads": 64,
        "staged_input_bytes": 244234536,
        "applicable": true
      },
      {
        "kernel": "onpair_dg_k3_t128_b1",
        "role": "experimental",
        "stage_bytes": null,
        "chunk_size": 96,
        "decode_ms": 2.549888,
        "decode_gib_s": 365.2405791779347,
        "decode_ns_iters": [
          2551808,
          2549888,
          2550880,
          2552832,
          2551744,
          2556928,
          2552832,
          2568192,
          2552832,
          2556928,
          2553856,
          2552832,
          2555904,
          2569152,
          2568192,
          2569312,
          2563104,
          2569216,
          2568224,
          2569184,
          2551808,
          2553856,
          2551744,
          2556768,
          2556832,
          2556768,
          2577376,
          2558976,
          2554880,
          2554016
        ],
        "chunk_tokens": 96,
        "block_threads": 128,
        "staged_input_bytes": 244234536,
        "applicable": true
      },
      {
        "kernel": "onpair_dg_k3_t128_b2",
        "role": "experimental",
        "stage_bytes": null,
        "chunk_size": 96,
        "decode_ms": 2.543616,
        "decode_gib_s": 366.14118245791246,
        "decode_ns_iters": [
          2543616,
          2556928,
          2555904,
          2551648,
          2557952,
          2552832,
          2552832,
          2569216,
          2555904,
          2557952,
          2558976,
          2551872,
          2552704,
          2550784,
          2551808,
          2560096,
          2555904,
          2557952,
          2555904,
          2558976,
          2555904,
          2552928,
          2566144,
          2554848,
          2581504,
          2555904,
          2547712,
          2550784,
          2554880,
          2554880
        ],
        "chunk_tokens": 96,
        "block_threads": 128,
        "staged_input_bytes": 244234536,
        "applicable": true
      },
      {
        "kernel": "onpair_dg_k3_t128_b4",
        "role": "experimental",
        "stage_bytes": null,
        "chunk_size": 96,
        "decode_ms": 2.546688,
        "decode_gib_s": 365.6995163753336,
        "decode_ns_iters": [
          2552000,
          2550784,
          2556928,
          2551808,
          2557952,
          2547712,
          2567360,
          2555904,
          2555872,
          2546688,
          2549760,
          2552832,
          2553856,
          2564096,
          2554784,
          2551808,
          2549760,
          2548736,
          2554880,
          2552832,
          2575360,
          2551808,
          2552832,
          2551808,
          2551936,
          2555904,
          2562048,
          2574240,
          2553856,
          2549696
        ],
        "chunk_tokens": 96,
        "block_threads": 128,
        "staged_input_bytes": 244234536,
        "applicable": true
      },
      {
        "kernel": "onpair_dg_k3_t128_b6",
        "role": "experimental",
        "stage_bytes": null,
        "chunk_size": 96,
        "decode_ms": 2.538496,
        "decode_gib_s": 366.8796681022407,
        "decode_ns_iters": [
          2549760,
          2540544,
          2542592,
          2538496,
          2544640,
          2545664,
          2543488,
          2564096,
          2545664,
          2541568,
          2538496,
          2545664,
          2550784,
          2552928,
          2570240,
          2554880,
          2555904,
          2551808,
          2551808,
          2555904,
          2554016,
          2573312,
          2549760,
          2557088,
          2552832,
          2551808,
          2552832,
          2552832,
          2575360,
          2552832
        ],
        "chunk_tokens": 96,
        "block_threads": 128,
        "staged_input_bytes": 244234536,
        "applicable": true
      },
      {
        "kernel": "onpair_dg_k3_t128_b8",
        "role": "experimental",
        "stage_bytes": null,
        "chunk_size": 96,
        "decode_ms": 2.545728,
        "decode_gib_s": 365.83742252073495,
        "decode_ns_iters": [
          2548736,
          2551808,
          2551808,
          2549760,
          2548736,
          2571392,
          2553856,
          2561024,
          2549760,
          2551808,
          2550784,
          2550784,
          2570112,
          2550624,
          2554880,
          2554880,
          2555904,
          2548896,
          2549760,
          2552960,
          2558976,
          2556800,
          2554048,
          2553760,
          2548736,
          2554880,
          2580480,
          2545728,
          2549760,
          2547712
        ],
        "chunk_tokens": 96,
        "block_threads": 128,
        "staged_input_bytes": 244234536,
        "applicable": true
      },
      {
        "kernel": "onpair_dg_k3_t256_b1",
        "role": "experimental",
        "stage_bytes": null,
        "chunk_size": 96,
        "decode_ms": 2.468864,
        "decode_gib_s": 377.2271659997739,
        "decode_ns_iters": [
          2481152,
          2478176,
          2477056,
          2476032,
          2478080,
          2480128,
          2483200,
          2479104,
          2478080,
          2485248,
          2482112,
          2482176,
          2482176,
          2487296,
          2477056,
          2472896,
          2470848,
          2468864,
          2483200,
          2473984,
          2473920,
          2498464,
          2492416,
          2494464,
          2497536,
          2495328,
          2491392,
          2493408,
          2492416,
          2495488
        ],
        "chunk_tokens": 96,
        "block_threads": 256,
        "staged_input_bytes": 244234536,
        "applicable": true
      },
      {
        "kernel": "onpair_dg_k3_t256_b2",
        "role": "experimental",
        "stage_bytes": null,
        "chunk_size": 96,
        "decode_ms": 2.468864,
        "decode_gib_s": 377.2271659997739,
        "decode_ns_iters": [
          2491392,
          2494464,
          2491392,
          2490368,
          2491392,
          2480128,
          2477056,
          2475008,
          2478144,
          2481152,
          2480128,
          2481152,
          2515072,
          2478080,
          2481152,
          2514944,
          2485248,
          2482112,
          2516992,
          2484224,
          2482176,
          2506752,
          2473984,
          2468864,
          2471936,
          2469888,
          2476032,
          2501632,
          2491392,
          2491488
        ],
        "chunk_tokens": 96,
        "block_threads": 256,
        "staged_input_bytes": 244234536,
        "applicable": true
      },
      {
        "kernel": "onpair_dg_k3_t256_b4",
        "role": "experimental",
        "stage_bytes": null,
        "chunk_size": 96,
        "decode_ms": 2.476032,
        "decode_gib_s": 376.1351105150764,
        "decode_ns_iters": [
          2484224,
          2488352,
          2487296,
          2476032,
          2479104,
          2476032,
          2480128,
          2478080,
          2479200,
          2477184,
          2487296,
          2478080,
          2477056,
          2499552,
          2477056,
          2478112,
          2477056,
          2484224,
          2488320,
          2489344,
          2494464,
          2498560,
          2488192,
          2497536,
          2494464,
          2496512,
          2491392,
          2495328,
          2495488,
          2491392
        ],
        "chunk_tokens": 96,
        "block_threads": 256,
        "staged_input_bytes": 244234536,
        "applicable": true
      },
      {
        "kernel": "onpair_dg_k3_t256_b6",
        "role": "experimental",
        "stage_bytes": null,
        "chunk_size": 96,
        "decode_ms": 2.594816,
        "decode_gib_s": 358.9166129540074,
        "decode_ns_iters": [
          2604032,
          2599936,
          2595808,
          2598912,
          2601984,
          2622464,
          2597952,
          2603008,
          2599936,
          2599936,
          2598912,
          2594816,
          2602080,
          2597888,
          2632864,
          2609184,
          2610176,
          2602912,
          2614272,
          2609152,
          2606112,
          2609152,
          2607104,
          2612224,
          2611200,
          2612224,
          2613248,
          2608128,
          2648064,
          2609152
        ],
        "chunk_tokens": 96,
        "block_threads": 256,
        "staged_input_bytes": 244234536,
        "applicable": true
      },
      {
        "kernel": "onpair_dg_k3_t256_b8",
        "role": "experimental",
        "stage_bytes": null,
        "chunk_size": 96,
        "decode_ms": 2.60096,
        "decode_gib_s": 358.06877843521835,
        "decode_ns_iters": [
          2600960,
          2604032,
          2611296,
          2629632,
          2606080,
          2612224,
          2615168,
          2607104,
          2613152,
          2601824,
          2605056,
          2609024,
          2610176,
          2609152,
          2608128,
          2612224,
          2609152,
          2642944,
          2616320,
          2607968,
          2611072,
          2614272,
          2607264,
          2609152,
          2605056,
          2613248,
          2618272,
          2608128,
          2611200,
          2611200
        ],
        "chunk_tokens": 96,
        "block_threads": 256,
        "staged_input_bytes": 244234536,
        "applicable": true
      },
      {
        "kernel": "onpair_dg_k4_t64_b1",
        "role": "experimental",
        "stage_bytes": null,
        "chunk_size": 128,
        "decode_ms": 2.533312,
        "decode_gib_s": 367.6304260820877,
        "decode_ns_iters": [
          2556928,
          2550784,
          2551808,
          2558912,
          2590720,
          2550816,
          2553792,
          2552832,
          2540544,
          2535424,
          2533312,
          2545664,
          2539520,
          2537472,
          2536576,
          2560000,
          2550784,
          2557952,
          2558080,
          2555904,
          2552832,
          2551808,
          2557952,
          2557920,
          2555904,
          2556928,
          2589696,
          2556928,
          2555904,
          2555808
        ],
        "chunk_tokens": 128,
        "block_threads": 64,
        "staged_input_bytes": 241803008,
        "applicable": true
      },
      {
        "kernel": "onpair_dg_k4_t64_b2",
        "role": "experimental",
        "stage_bytes": null,
        "chunk_size": 128,
        "decode_ms": 2.533376,
        "decode_gib_s": 367.6211387330051,
        "decode_ns_iters": [
          2535424,
          2535424,
          2534400,
          2570240,
          2538400,
          2540544,
          2540416,
          2537472,
          2538336,
          2537472,
          2541568,
          2539424,
          2539520,
          2540544,
          2540544,
          2534336,
          2540544,
          2541568,
          2537472,
          2533376,
          2536448,
          2536448,
          2536448,
          2533376,
          2543488,
          2535424,
          2538496,
          2541568,
          2540480,
          2536448
        ],
        "chunk_tokens": 128,
        "block_threads": 64,
        "staged_input_bytes": 241803008,
        "applicable": true
      },
      {
        "kernel": "onpair_dg_k4_t64_b4",
        "role": "experimental",
        "stage_bytes": null,
        "chunk_size": 128,
        "decode_ms": 2.531328,
        "decode_gib_s": 367.9185668387762,
        "decode_ns_iters": [
          2538368,
          2562112,
          2537472,
          2538368,
          2540544,
          2538496,
          2533376,
          2532288,
          2560000,
          2539520,
          2543616,
          2540576,
          2538336,
          2533408,
          2540544,
          2565120,
          2538496,
          2538496,
          2532384,
          2531328,
          2534400,
          2532352,
          2535424,
          2532352,
          2531328,
          2531328,
          2534400,
          2532352,
          2570240,
          2532352
        ],
        "chunk_tokens": 128,
        "block_threads": 64,
        "staged_input_bytes": 241803008,
        "applicable": true
      },
      {
        "kernel": "onpair_dg_k4_t64_b6",
        "role": "experimental",
        "stage_bytes": null,
        "chunk_size": 128,
        "decode_ms": 2.531328,
        "decode_gib_s": 367.9185668387762,
        "decode_ns_iters": [
          2533376,
          2566144,
          2534400,
          2534400,
          2534400,
          2534400,
          2532352,
          2537472,
          2531328,
          2533376,
          2533568,
          2533376,
          2534336,
          2531328,
          2541568,
          2533376,
          2533376,
          2533376,
          2533376,
          2534400,
          2531328,
          2533376,
          2534400,
          2531360,
          2550784,
          2535424,
          2540544,
          2535584,
          2533376,
          2532352
        ],
        "chunk_tokens": 128,
        "block_threads": 64,
        "staged_input_bytes": 241803008,
        "applicable": true
      },
      {
        "kernel": "onpair_dg_k4_t64_b8",
        "role": "experimental",
        "stage_bytes": null,
        "chunk_size": 128,
        "decode_ms": 2.531328,
        "decode_gib_s": 367.9185668387762,
        "decode_ns_iters": [
          2560128,
          2532352,
          2532416,
          2536448,
          2540544,
          2532352,
          2542592,
          2539520,
          2534400,
          2539520,
          2539520,
          2539520,
          2535552,
          2537472,
          2538496,
          2532352,
          2547712,
          2539520,
          2539456,
          2536448,
          2536448,
          2554880,
          2536448,
          2538496,
          2540544,
          2538496,
          2540544,
          2531328,
          2538432,
          2534400
        ],
        "chunk_tokens": 128,
        "block_threads": 64,
        "staged_input_bytes": 241803008,
        "applicable": true
      },
      {
        "kernel": "onpair_dg_k4_t128_b1",
        "role": "experimental",
        "stage_bytes": null,
        "chunk_size": 128,
        "decode_ms": 2.482176,
        "decode_gib_s": 375.20408301380144,
        "decode_ns_iters": [
          2504704,
          2502560,
          2491232,
          2484224,
          2491328,
          2487296,
          2483200,
          2487296,
          2482176,
          2498432,
          2497472,
          2504704,
          2501632,
          2501728,
          2500512,
          2504704,
          2503680,
          2500608,
          2502656,
          2502656,
          2498720,
          2495456,
          2497536,
          2499488,
          2504704,
          2504704,
          2500608,
          2503584,
          2502656,
          2498560
        ],
        "chunk_tokens": 128,
        "block_threads": 128,
        "staged_input_bytes": 241803008,
        "applicable": true
      },
      {
        "kernel": "onpair_dg_k4_t128_b2",
        "role": "experimental",
        "stage_bytes": null,
        "chunk_size": 128,
        "decode_ms": 2.495488,
        "decode_gib_s": 373.2025840071624,
        "decode_ns_iters": [
          2528288,
          2504704,
          2503680,
          2505728,
          2502656,
          2503744,
          2500608,
          2503712,
          2503680,
          2504640,
          2504704,
          2503680,
          2505728,
          2504704,
          2497568,
          2499584,
          2503840,
          2498560,
          2498656,
          2497696,
          2500608,
          2500608,
          2501632,
          2497536,
          2499584,
          2495488,
          2497536,
          2499584,
          2498560,
          2498560
        ],
        "chunk_tokens": 128,
        "block_threads": 128,
        "staged_input_bytes": 241803008,
        "applicable": true
      },
      {
        "kernel": "onpair_dg_k4_t128_b4",
        "role": "experimental",
        "stage_bytes": null,
        "chunk_size": 128,
        "decode_ms": 2.495552,
        "decode_gib_s": 373.19301299226214,
        "decode_ns_iters": [
          2514944,
          2519904,
          2515936,
          2517856,
          2515968,
          2504704,
          2495552,
          2499584,
          2498560,
          2497536,
          2499584,
          2500608,
          2496512,
          2498624,
          2498560,
          2506752,
          2504704,
          2504704,
          2502656,
          2498560,
          2504704,
          2501504,
          2498432,
          2503680,
          2504704,
          2499552,
          2499584,
          2508800,
          2500608,
          2498560
        ],
        "chunk_tokens": 128,
        "block_threads": 128,
        "staged_input_bytes": 241803008,
        "applicable": true
      },
      {
        "kernel": "onpair_dg_k4_t128_b6",
        "role": "experimental",
        "stage_bytes": null,
        "chunk_size": 128,
        "decode_ms": 2.497536,
        "decode_gib_s": 372.8965548279847,
        "decode_ns_iters": [
          2499584,
          2505728,
          2535424,
          2500608,
          2502656,
          2528256,
          2497536,
          2514944,
          2504704,
          2501632,
          2502848,
          2503680,
          2502688,
          2503680,
          2500608,
          2503680,
          2498432,
          2503584,
          2504704,
          2499744,
          2503680,
          2506752,
          2499584,
          2503712,
          2504704,
          2498560,
          2502656,
          2503584,
          2501632,
          2502656
        ],
        "chunk_tokens": 128,
        "block_threads": 128,
        "staged_input_bytes": 241803008,
        "applicable": true
      },
      {
        "kernel": "onpair_dg_k4_t128_b8",
        "role": "experimental",
        "stage_bytes": null,
        "chunk_size": 128,
        "decode_ms": 2.497536,
        "decode_gib_s": 372.8965548279847,
        "decode_ns_iters": [
          2504704,
          2504672,
          2504672,
          2503680,
          2510848,
          2507616,
          2501632,
          2505632,
          2506752,
          2505728,
          2501472,
          2498560,
          2503680,
          2499584,
          2499584,
          2509824,
          2501632,
          2497536,
          2498560,
          2498400,
          2501632,
          2501632,
          2498560,
          2502656,
          2503648,
          2503712,
          2503680,
          2506752,
          2499584,
          2504704
        ],
        "chunk_tokens": 128,
        "block_threads": 128,
        "staged_input_bytes": 241803008,
        "applicable": true
      },
      {
        "kernel": "onpair_dg_k4_t256_b1",
        "role": "experimental",
        "stage_bytes": null,
        "chunk_size": 128,
        "decode_ms": 2.44736,
        "decode_gib_s": 380.54171432027397,
        "decode_ns_iters": [
          2450432,
          2447360,
          2450432,
          2455552,
          2459648,
          2458624,
          2462720,
          2464768,
          2449408,
          2459616,
          2456576,
          2453504,
          2456576,
          2467840,
          2458624,
          2457472,
          2459648,
          2459648,
          2459648,
          2460672,
          2457536,
          2462720,
          2457568,
          2453504,
          2454496,
          2456576,
          2486272,
          2454528,
          2453568,
          2454528
        ],
        "chunk_tokens": 128,
        "block_threads": 256,
        "staged_input_bytes": 241803008,
        "applicable": true
      },
      {
        "kernel": "onpair_dg_k4_t256_b2",
        "role": "experimental",
        "stage_bytes": null,
        "chunk_size": 128,
        "decode_ms": 2.44736,
        "decode_gib_s": 380.54171432027397,
        "decode_ns_iters": [
          2452480,
          2455552,
          2452320,
          2490368,
          2454624,
          2451456,
          2447360,
          2449408,
          2452480,
          2450432,
          2450432,
          2451328,
          2456576,
          2452480,
          2453504,
          2453504,
          2468864,
          2453536,
          2464768,
          2461568,
          2463744,
          2462720,
          2472000,
          2468864,
          2470912,
          2470912,
          2468928,
          2491392,
          2456576,
          2457600
        ],
        "chunk_tokens": 128,
        "block_threads": 256,
        "staged_input_bytes": 241803008,
        "applicable": true
      },
      {
        "kernel": "onpair_dg_k4_t256_b4",
        "role": "experimental",
        "stage_bytes": null,
        "chunk_size": 128,
        "decode_ms": 2.451456,
        "decode_gib_s": 379.9058885653529,
        "decode_ns_iters": [
          2453504,
          2461632,
          2496480,
          2451456,
          2463744,
          2461696,
          2451456,
          2457568,
          2461696,
          2457600,
          2461696,
          2459648,
          2458464,
          2489344,
          2462592,
          2456576,
          2458624,
          2453568,
          2460672,
          2458720,
          2460672,
          2458624,
          2455552,
          2459648,
          2497536,
          2459584,
          2460672,
          2452480,
          2453504,
          2453504
        ],
        "chunk_tokens": 128,
        "block_threads": 256,
        "staged_input_bytes": 241803008,
        "applicable": true
      },
      {
        "kernel": "onpair_dg_k4_t256_b6",
        "role": "experimental",
        "stage_bytes": null,
        "chunk_size": 128,
        "decode_ms": 2.455552,
        "decode_gib_s": 379.27218399727053,
        "decode_ns_iters": [
          2471776,
          2468864,
          2469888,
          2469888,
          2475040,
          2471936,
          2508800,
          2493440,
          2477920,
          2457760,
          2455552,
          2490368,
          2463744,
          2461664,
          2456576,
          2460672,
          2460672,
          2458624,
          2458624,
          2455552,
          2460576,
          2461696,
          2460672,
          2466816,
          2474944,
          2473984,
          2473888,
          2465792,
          2469792,
          2474112
        ],
        "chunk_tokens": 128,
        "block_threads": 256,
        "staged_input_bytes": 241803008,
        "applicable": true
      },
      {
        "kernel": "onpair_dg_k4_t256_b8",
        "role": "experimental",
        "stage_bytes": null,
        "chunk_size": 128,
        "decode_ms": 2.450592,
        "decode_gib_s": 380.0398311750246,
        "decode_ns_iters": [
          2457600,
          2455488,
          2453504,
          2452480,
          2453504,
          2458624,
          2450592,
          2453664,
          2453504,
          2452480,
          2451456,
          2457600,
          2457600,
          2454528,
          2462720,
          2492416,
          2454528,
          2454528,
          2452480,
          2454592,
          2453504,
          2458624,
          2457408,
          2454560,
          2455552,
          2452480,
          2453504,
          2458624,
          2455552,
          2453472
        ],
        "chunk_tokens": 128,
        "block_threads": 256,
        "staged_input_bytes": 241803008,
        "applicable": true
      },
      {
        "kernel": "onpair_dg_k5_t64_b1",
        "role": "experimental",
        "stage_bytes": null,
        "chunk_size": 160,
        "decode_ms": 2.5088,
        "decode_gib_s": 371.2223253981448,
        "decode_ns_iters": [
          2511808,
          2512896,
          2510848,
          2511872,
          2513920,
          2514944,
          2511872,
          2511872,
          2511872,
          2513920,
          2510848,
          2511872,
          2511872,
          2513920,
          2508800,
          2509952,
          2510848,
          2510688,
          2510944,
          2512896,
          2512896,
          2512896,
          2511936,
          2510848,
          2511872,
          2510848,
          2511808,
          2511872,
          2511712,
          2511872
        ],
        "chunk_tokens": 160,
        "block_threads": 64,
        "staged_input_bytes": 240344088,
        "applicable": true
      },
      {
        "kernel": "onpair_dg_k5_t64_b2",
        "role": "experimental",
        "stage_bytes": null,
        "chunk_size": 160,
        "decode_ms": 2.5088,
        "decode_gib_s": 371.2223253981448,
        "decode_ns_iters": [
          2512896,
          2512896,
          2508800,
          2512000,
          2511872,
          2511872,
          2510816,
          2511680,
          2513920,
          2511872,
          2511872,
          2511872,
          2509824,
          2508800,
          2511872,
          2508800,
          2509728,
          2519040,
          2512896,
          2509824,
          2513920,
          2510848,
          2509824,
          2511872,
          2510848,
          2522112,
          2513920,
          2515104,
          2510848,
          2514944
        ],
        "chunk_tokens": 160,
        "block_threads": 64,
        "staged_input_bytes": 240344088,
        "applicable": true
      },
      {
        "kernel": "onpair_dg_k5_t64_b4",
        "role": "experimental",
        "stage_bytes": null,
        "chunk_size": 160,
        "decode_ms": 2.5088,
        "decode_gib_s": 371.2223253981448,
        "decode_ns_iters": [
          2513920,
          2518016,
          2519040,
          2516992,
          2512000,
          2513920,
          2511872,
          2513920,
          2510848,
          2510752,
          2512832,
          2510848,
          2509824,
          2511872,
          2510848,
          2508800,
          2509824,
          2510848,
          2509824,
          2510816,
          2519936,
          2516992,
          2513920,
          2512896,
          2514944,
          2512896,
          2510848,
          2512896,
          2511872,
          2510848
        ],
        "chunk_tokens": 160,
        "block_threads": 64,
        "staged_input_bytes": 240344088,
        "applicable": true
      },
      {
        "kernel": "onpair_dg_k5_t64_b6",
        "role": "experimental",
        "stage_bytes": null,
        "chunk_size": 160,
        "decode_ms": 2.509824,
        "decode_gib_s": 371.07086790104233,
        "decode_ns_iters": [
          2510848,
          2513920,
          2511872,
          2512896,
          2510848,
          2511872,
          2511872,
          2511872,
          2518016,
          2512896,
          2516992,
          2516992,
          2518016,
          2512896,
          2514944,
          2551712,
          2515968,
          2514976,
          2521088,
          2517952,
          2515968,
          2516992,
          2518016,
          2511808,
          2509824,
          2512896,
          2512896,
          2512960,
          2510848,
          2512032
        ],
        "chunk_tokens": 160,
        "block_threads": 64,
        "staged_input_bytes": 240344088,
        "applicable": true
      },
      {
        "kernel": "onpair_dg_k5_t64_b8",
        "role": "experimental",
        "stage_bytes": null,
        "chunk_size": 160,
        "decode_ms": 2.510848,
        "decode_gib_s": 370.9195339418657,
        "decode_ns_iters": [
          2517152,
          2518016,
          2515840,
          2521088,
          2514944,
          2513760,
          2514944,
          2513920,
          2510848,
          2514944,
          2538432,
          2511872,
          2510848,
          2552832,
          2518016,
          2515968,
          2518016,
          2515968,
          2516992,
          2515968,
          2514944,
          2512896,
          2515936,
          2515968,
          2512896,
          2520992,
          2545568,
          2516992,
          2514944,
          2519040
        ],
        "chunk_tokens": 160,
        "block_threads": 64,
        "staged_input_bytes": 240344088,
        "applicable": true
      },
      {
        "kernel": "onpair_dg_k5_t128_b1",
        "role": "experimental",
        "stage_bytes": null,
        "chunk_size": 160,
        "decode_ms": 2.436256,
        "decode_gib_s": 382.27615240716307,
        "decode_ns_iters": [
          2452640,
          2441376,
          2440192,
          2437248,
          2444288,
          2441216,
          2439360,
          2439168,
          2438144,
          2436256,
          2438144,
          2439168,
          2439168,
          2439168,
          2441216,
          2442240,
          2452480,
          2457600,
          2454528,
          2472960,
          2453504,
          2480128,
          2456480,
          2456576,
          2454528,
          2454528,
          2456576,
          2455552,
          2458624,
          2456384
        ],
        "chunk_tokens": 160,
        "block_threads": 128,
        "staged_input_bytes": 240344088,
        "applicable": true
      },
      {
        "kernel": "onpair_dg_k5_t128_b2",
        "role": "experimental",
        "stage_bytes": null,
        "chunk_size": 160,
        "decode_ms": 2.45248,
        "decode_gib_s": 379.7472639772254,
        "decode_ns_iters": [
          2473984,
          2475008,
          2471936,
          2473984,
          2478080,
          2472960,
          2476032,
          2485248,
          2459648,
          2456576,
          2452480,
          2456608,
          2454528,
          2454528,
          2460544,
          2456608,
          2454528,
          2454528,
          2455552,
          2453504,
          2457600,
          2456576,
          2466816,
          2473984,
          2486272,
          2474016,
          2480128,
          2476032,
          2477984,
          2478080
        ],
        "chunk_tokens": 160,
        "block_threads": 128,
        "staged_input_bytes": 240344088,
        "applicable": true
      },
      {
        "kernel": "onpair_dg_k5_t128_b4",
        "role": "experimental",
        "stage_bytes": null,
        "chunk_size": 160,
        "decode_ms": 2.452512,
        "decode_gib_s": 379.74230909323404,
        "decode_ns_iters": [
          2454528,
          2455552,
          2456576,
          2458624,
          2458624,
          2456576,
          2452512,
          2454528,
          2455488,
          2457600,
          2456480,
          2457600,
          2453632,
          2456576,
          2453504,
          2458624,
          2480128,
          2454528,
          2456576,
          2453504,
          2468736,
          2477056,
          2475008,
          2473984,
          2490304,
          2473984,
          2474880,
          2473984,
          2459648,
          2457600
        ],
        "chunk_tokens": 160,
        "block_threads": 128,
        "staged_input_bytes": 240344088,
        "applicable": true
      },
      {
        "kernel": "onpair_dg_k5_t128_b6",
        "role": "experimental",
        "stage_bytes": null,
        "chunk_size": 160,
        "decode_ms": 2.453376,
        "decode_gib_s": 379.60857608408395,
        "decode_ns_iters": [
          2455552,
          2455552,
          2455552,
          2453376,
          2456512,
          2456640,
          2454528,
          2455680,
          2460672,
          2478176,
          2454528,
          2457600,
          2454528,
          2463744,
          2461696,
          2458528,
          2457600,
          2456576,
          2462720,
          2455552,
          2463744,
          2460672,
          2460672,
          2462720,
          2462720,
          2488320,
          2459648,
          2462720,
          2459648,
          2462720
        ],
        "chunk_tokens": 160,
        "block_threads": 128,
        "staged_input_bytes": 240344088,
        "applicable": true
      },
      {
        "kernel": "onpair_dg_k5_t128_b8",
        "role": "experimental",
        "stage_bytes": null,
        "chunk_size": 160,
        "decode_ms": 2.4616,
        "decode_gib_s": 378.34033553740073,
        "decode_ns_iters": [
          2468864,
          2461600,
          2469888,
          2469728,
          2475008,
          2463744,
          2467840,
          2466816,
          2494464,
          2470912,
          2463744,
          2462720,
          2461696,
          2462720,
          2461696,
          2464768,
          2495488,
          2462720,
          2464768,
          2462720,
          2464768,
          2464768,
          2463744,
          2470912,
          2492288,
          2463744,
          2463744,
          2464768,
          2463584,
          2464736
        ],
        "chunk_tokens": 160,
        "block_threads": 128,
        "staged_input_bytes": 240344088,
        "applicable": true
      },
      {
        "kernel": "onpair_dg_k5_t256_b1",
        "role": "experimental",
        "stage_bytes": null,
        "chunk_size": 160,
        "decode_ms": 2.3552,
        "decode_gib_s": 395.43247705454553,
        "decode_ns_iters": [
          2356224,
          2355200,
          2356224,
          2358272,
          2358272,
          2357248,
          2361344,
          2355200,
          2395136,
          2367328,
          2366464,
          2383872,
          2365440,
          2402304,
          2378752,
          2370560,
          2368512,
          2363392,
          2367488,
          2371584,
          2371584,
          2375712,
          2377728,
          2371584,
          2369568,
          2364608,
          2382848,
          2366464,
          2393024,
          2371584
        ],
        "chunk_tokens": 160,
        "block_threads": 256,
        "staged_input_bytes": 240344088,
        "applicable": true
      },
      {
        "kernel": "onpair_dg_k5_t256_b2",
        "role": "experimental",
        "stage_bytes": null,
        "chunk_size": 160,
        "decode_ms": 2.355104,
        "decode_gib_s": 395.4485958831821,
        "decode_ns_iters": [
          2366464,
          2364416,
          2373632,
          2377728,
          2375776,
          2374656,
          2380800,
          2370560,
          2387968,
          2360320,
          2364416,
          2358272,
          2366304,
          2355200,
          2365312,
          2369536,
          2371584,
          2366464,
          2369536,
          2367488,
          2384832,
          2370560,
          2370560,
          2383904,
          2355200,
          2355104,
          2361344,
          2358272,
          2359296,
          2356160
        ],
        "chunk_tokens": 160,
        "block_threads": 256,
        "staged_input_bytes": 240344088,
        "applicable": true
      },
      {
        "kernel": "onpair_dg_k5_t256_b4",
        "role": "experimental",
        "stage_bytes": null,
        "chunk_size": 160,
        "decode_ms": 2.370624,
        "decode_gib_s": 392.8596732163623,
        "decode_ns_iters": [
          2370624,
          2370624,
          2371584,
          2375680,
          2372608,
          2371584,
          2376704,
          2391040,
          2387040,
          2408448,
          2383872,
          2384896,
          2384896,
          2393920,
          2381824,
          2372608,
          2374656,
          2373632,
          2386944,
          2374656,
          2375680,
          2374656,
          2404352,
          2374656,
          2373632,
          2375616,
          2373632,
          2374656,
          2374656,
          2375680
        ],
        "chunk_tokens": 160,
        "block_threads": 256,
        "staged_input_bytes": 240344088,
        "applicable": true
      },
      {
        "kernel": "onpair_dg_k5_t256_b6",
        "role": "experimental",
        "stage_bytes": null,
        "chunk_size": 160,
        "decode_ms": 2.332672,
        "decode_gib_s": 399.2514035230266,
        "decode_ns_iters": [
          2332672,
          2340992,
          2341888,
          2342912,
          2341760,
          2341952,
          2349984,
          2355136,
          2351104,
          2348032,
          2353152,
          2350080,
          2345984,
          2348992,
          2355200,
          2354176,
          2359296,
          2359296,
          2359200,
          2365440,
          2374656,
          2361344,
          2384896,
          2336864,
          2336768,
          2334880,
          2335744,
          2334720,
          2334720,
          2334720
        ],
        "chunk_tokens": 160,
        "block_threads": 256,
        "staged_input_bytes": 240344088,
        "applicable": true
      },
      {
        "kernel": "onpair_dg_k5_t256_b8",
        "role": "experimental",
        "stage_bytes": null,
        "chunk_size": 160,
        "decode_ms": 2.372608,
        "decode_gib_s": 392.5311597865579,
        "decode_ns_iters": [
          2392064,
          2390016,
          2391040,
          2389024,
          2387840,
          2388992,
          2391040,
          2388992,
          2419712,
          2384896,
          2384896,
          2391040,
          2393088,
          2382784,
          2381824,
          2376704,
          2372800,
          2372768,
          2378592,
          2374496,
          2379776,
          2410432,
          2378752,
          2377600,
          2378752,
          2378752,
          2378752,
          2375680,
          2373632,
          2372608
        ],
        "chunk_tokens": 160,
        "block_threads": 256,
        "staged_input_bytes": 240344088,
        "applicable": true
      },
      {
        "kernel": "onpair_dg_k6_t64_b1",
        "role": "experimental",
        "stage_bytes": null,
        "chunk_size": 192,
        "decode_ms": 2.455552,
        "decode_gib_s": 379.27218399727053,
        "decode_ns_iters": [
          2456576,
          2455552,
          2463744,
          2460672,
          2461568,
          2464800,
          2460672,
          2490368,
          2458624,
          2461696,
          2460576,
          2457504,
          2461696,
          2458624,
          2463744,
          2461696,
          2460672,
          2461696,
          2480128,
          2458624,
          2458528,
          2463744,
          2458528,
          2461696,
          2460576,
          2458624,
          2455552,
          2458592,
          2455552,
          2455648
        ],
        "chunk_tokens": 192,
        "block_threads": 64,
        "staged_input_bytes": 239371472,
        "applicable": true
      },
      {
        "kernel": "onpair_dg_k6_t64_b2",
        "role": "experimental",
        "stage_bytes": null,
        "chunk_size": 192,
        "decode_ms": 2.438144,
        "decode_gib_s": 381.9801332320264,
        "decode_ns_iters": [
          2455552,
          2456576,
          2455552,
          2456672,
          2456576,
          2458624,
          2456576,
          2456576,
          2490368,
          2456576,
          2454528,
          2442240,
          2438144,
          2439104,
          2438144,
          2438144,
          2446336,
          2440064,
          2445312,
          2438144,
          2455552,
          2458624,
          2455552,
          2456576,
          2457600,
          2457600,
          2458624,
          2455552,
          2456576,
          2456576
        ],
        "chunk_tokens": 192,
        "block_threads": 64,
        "staged_input_bytes": 239371472,
        "applicable": true
      },
      {
        "kernel": "onpair_dg_k6_t64_b4",
        "role": "experimental",
        "stage_bytes": null,
        "chunk_size": 192,
        "decode_ms": 2.453632,
        "decode_gib_s": 379.5689695760675,
        "decode_ns_iters": [
          2457600,
          2457600,
          2455552,
          2455552,
          2455680,
          2458624,
          2454528,
          2455552,
          2489344,
          2457600,
          2456576,
          2456576,
          2454528,
          2458624,
          2458624,
          2457600,
          2455552,
          2456576,
          2457600,
          2456576,
          2463712,
          2476032,
          2458624,
          2453632,
          2458784,
          2470912,
          2463744,
          2461696,
          2462720,
          2473984
        ],
        "chunk_tokens": 192,
        "block_threads": 64,
        "staged_input_bytes": 239371472,
        "applicable": true
      },
      {
        "kernel": "onpair_dg_k6_t64_b6",
        "role": "experimental",
        "stage_bytes": null,
        "chunk_size": 192,
        "decode_ms": 2.454592,
        "decode_gib_s": 379.4205187497009,
        "decode_ns_iters": [
          2457600,
          2460672,
          2456576,
          2455552,
          2456576,
          2458496,
          2455424,
          2454592,
          2464768,
          2491392,
          2458624,
          2458720,
          2461696,
          2458784,
          2459648,
          2456576,
          2460672,
          2466816,
          2463744,
          2460640,
          2484192,
          2462688,
          2463744,
          2482176,
          2475936,
          2475008,
          2480128,
          2478208,
          2480128,
          2481152
        ],
        "chunk_tokens": 192,
        "block_threads": 64,
        "staged_input_bytes": 239371472,
        "applicable": true
      },
      {
        "kernel": "onpair_dg_k6_t64_b8",
        "role": "experimental",
        "stage_bytes": null,
        "chunk_size": 192,
        "decode_ms": 2.453504,
        "decode_gib_s": 379.58877179693434,
        "decode_ns_iters": [
          2457600,
          2458624,
          2457600,
          2492416,
          2457600,
          2453504,
          2475008,
          2473984,
          2478080,
          2476032,
          2475008,
          2508800,
          2475008,
          2469888,
          2457600,
          2456736,
          2454688,
          2457600,
          2466816,
          2477056,
          2457600,
          2492416,
          2492352,
          2491392,
          2494464,
          2494464,
          2493440,
          2495488,
          2494464,
          2493440
        ],
        "chunk_tokens": 192,
        "block_threads": 64,
        "staged_input_bytes": 239371472,
        "applicable": true
      },
      {
        "kernel": "onpair_dg_k6_t128_b1",
        "role": "experimental",
        "stage_bytes": null,
        "chunk_size": 192,
        "decode_ms": 2.4064,
        "decode_gib_s": 387.0190200959382,
        "decode_ns_iters": [
          2446336,
          2452480,
          2480128,
          2445312,
          2416512,
          2413568,
          2407424,
          2408448,
          2411520,
          2410496,
          2410496,
          2410496,
          2410496,
          2410496,
          2406400,
          2410496,
          2426880,
          2409472,
          2407424,
          2417664,
          2447360,
          2445312,
          2446336,
          2445312,
          2448224,
          2448352,
          2446336,
          2437120,
          2426880,
          2424736
        ],
        "chunk_tokens": 192,
        "block_threads": 128,
        "staged_input_bytes": 239371472,
        "applicable": true
      },
      {
        "kernel": "onpair_dg_k6_t128_b2",
        "role": "experimental",
        "stage_bytes": null,
        "chunk_size": 192,
        "decode_ms": 2.4064,
        "decode_gib_s": 387.0190200959382,
        "decode_ns_iters": [
          2426880,
          2430976,
          2425856,
          2429952,
          2426880,
          2426848,
          2426880,
          2457600,
          2430976,
          2428064,
          2422784,
          2413568,
          2409472,
          2409472,
          2407424,
          2411520,
          2408448,
          2406400,
          2427744,
          2444288,
          2448384,
          2448384,
          2445312,
          2443264,
          2444288,
          2448224,
          2435072,
          2425856,
          2425856,
          2427904
        ],
        "chunk_tokens": 192,
        "block_threads": 128,
        "staged_input_bytes": 239371472,
        "applicable": true
      },
      {
        "kernel": "onpair_dg_k6_t128_b4",
        "role": "experimental",
        "stage_bytes": null,
        "chunk_size": 192,
        "decode_ms": 2.407424,
        "decode_gib_s": 386.8544012018098,
        "decode_ns_iters": [
          2427904,
          2421760,
          2412448,
          2410400,
          2408544,
          2445184,
          2407424,
          2408448,
          2413568,
          2410496,
          2407424,
          2409664,
          2428928,
          2414400,
          2411680,
          2410496,
          2410496,
          2412544,
          2410496,
          2407424,
          2410464,
          2411520,
          2407424,
          2411520,
          2409472,
          2435072,
          2424832,
          2427808,
          2427904,
          2428032
        ],
        "chunk_tokens": 192,
        "block_threads": 128,
        "staged_input_bytes": 239371472,
        "applicable": true
      },
      {
        "kernel": "onpair_dg_k6_t128_b6",
        "role": "experimental",
        "stage_bytes": null,
        "chunk_size": 192,
        "decode_ms": 2.407424,
        "decode_gib_s": 386.8544012018098,
        "decode_ns_iters": [
          2438240,
          2448384,
          2446336,
          2444288,
          2445312,
          2449312,
          2444288,
          2448384,
          2424832,
          2414592,
          2408448,
          2408448,
          2434976,
          2410368,
          2410496,
          2407424,
          2410656,
          2409472,
          2407424,
          2409472,
          2412544,
          2411648,
          2411520,
          2409472,
          2415616,
          2409312,
          2408480,
          2410496,
          2408608,
          2411520
        ],
        "chunk_tokens": 192,
        "block_threads": 128,
        "staged_input_bytes": 239371472,
        "applicable": true
      },
      {
        "kernel": "onpair_dg_k6_t128_b8",
        "role": "experimental",
        "stage_bytes": null,
        "chunk_size": 192,
        "decode_ms": 2.40832,
        "decode_gib_s": 386.7104745045782,
        "decode_ns_iters": [
          2425856,
          2426688,
          2458624,
          2428992,
          2428928,
          2429760,
          2428928,
          2411616,
          2409472,
          2417664,
          2408320,
          2411392,
          2414592,
          2411520,
          2409472,
          2430976,
          2433024,
          2429952,
          2427744,
          2429952,
          2427840,
          2446336,
          2428928,
          2426880,
          2429952,
          2427904,
          2428928,
          2428928,
          2426880,
          2428768
        ],
        "chunk_tokens": 192,
        "block_threads": 128,
        "staged_input_bytes": 239371472,
        "applicable": true
      },
      {
        "kernel": "onpair_dg_k6_t256_b1",
        "role": "experimental",
        "stage_bytes": null,
        "chunk_size": 192,
        "decode_ms": 2.354176,
        "decode_gib_s": 395.6044790019377,
        "decode_ns_iters": [
          2361344,
          2357216,
          2354176,
          2357248,
          2356224,
          2355200,
          2366464,
          2376704,
          2372608,
          2374656,
          2375680,
          2373632,
          2390016,
          2379776,
          2377728,
          2380704,
          2374656,
          2375680,
          2371584,
          2374656,
          2377728,
          2376704,
          2375680,
          2377728,
          2376704,
          2372448,
          2379776,
          2373632,
          2374656,
          2408448
        ],
        "chunk_tokens": 192,
        "block_threads": 256,
        "staged_input_bytes": 239371472,
        "applicable": true
      },
      {
        "kernel": "onpair_dg_k6_t256_b2",
        "role": "experimental",
        "stage_bytes": null,
        "chunk_size": 192,
        "decode_ms": 2.353152,
        "decode_gib_s": 395.77663064641195,
        "decode_ns_iters": [
          2370560,
          2364416,
          2363392,
          2369536,
          2366464,
          2363392,
          2360192,
          2359232,
          2355200,
          2360320,
          2353152,
          2354176,
          2358272,
          2361472,
          2374560,
          2364416,
          2368512,
          2363328,
          2368512,
          2365440,
          2368512,
          2372608,
          2378752,
          2410336,
          2374656,
          2373632,
          2380800,
          2377728,
          2379616,
          2373632
        ],
        "chunk_tokens": 192,
        "block_threads": 256,
        "staged_input_bytes": 239371472,
        "applicable": true
      },
      {
        "kernel": "onpair_dg_k6_t256_b4",
        "role": "experimental",
        "stage_bytes": null,
        "chunk_size": 192,
        "decode_ms": 2.35008,
        "decode_gib_s": 396.2939857191524,
        "decode_ns_iters": [
          2358272,
          2350080,
          2351104,
          2353152,
          2355040,
          2353152,
          2352064,
          2369536,
          2357248,
          2353152,
          2363392,
          2351104,
          2352320,
          2365440,
          2376704,
          2387968,
          2370560,
          2376704,
          2373696,
          2369536,
          2371456,
          2362368,
          2358272,
          2365344,
          2361472,
          2356224,
          2361344,
          2354176,
          2359296,
          2390016
        ],
        "chunk_tokens": 192,
        "block_threads": 256,
        "staged_input_bytes": 239371472,
        "applicable": true
      },
      {
        "kernel": "onpair_dg_k6_t256_b6",
        "role": "experimental",
        "stage_bytes": null,
        "chunk_size": 192,
        "decode_ms": 2.272256,
        "decode_gib_s": 409.86692078659524,
        "decode_ns_iters": [
          2305024,
          2294784,
          2295808,
          2293760,
          2296832,
          2296832,
          2299744,
          2290624,
          2293760,
          2297856,
          2296832,
          2297856,
          2295808,
          2290816,
          2284544,
          2283424,
          2286592,
          2306048,
          2289664,
          2282496,
          2280320,
          2302816,
          2272256,
          2273280,
          2278400,
          2279424,
          2275328,
          2275328,
          2275328,
          2286592
        ],
        "chunk_tokens": 192,
        "block_threads": 256,
        "staged_input_bytes": 239371472,
        "applicable": true
      },
      {
        "kernel": "onpair_dg_k6_t256_b8",
        "role": "experimental",
        "stage_bytes": null,
        "chunk_size": 192,
        "decode_ms": 2.34592,
        "decode_gib_s": 396.9967304762591,
        "decode_ns_iters": [
          2380800,
          2376704,
          2374656,
          2376704,
          2379776,
          2363392,
          2363392,
          2358272,
          2360320,
          2376704,
          2357248,
          2388992,
          2359264,
          2369536,
          2362368,
          2367488,
          2367488,
          2372512,
          2371584,
          2369536,
          2369440,
          2348032,
          2345920,
          2348032,
          2345984,
          2359296,
          2350176,
          2347008,
          2347008,
          2349056
        ],
        "chunk_tokens": 192,
        "block_threads": 256,
        "staged_input_bytes": 239371472,
        "applicable": true
      },
      {
        "kernel": "onpair_dg_k7_t64_b1",
        "role": "experimental",
        "stage_bytes": null,
        "chunk_size": 224,
        "decode_ms": 2.470912,
        "decode_gib_s": 376.9145036160194,
        "decode_ns_iters": [
          2472960,
          2472960,
          2499584,
          2473984,
          2471936,
          2478080,
          2470912,
          2473920,
          2478080,
          2475008,
          2475008,
          2473984,
          2481152,
          2476032,
          2478080,
          2485248,
          2515968,
          2488320,
          2478080,
          2472960,
          2471936,
          2475008,
          2476032,
          2470912,
          2475008,
          2477952,
          2476032,
          2480128,
          2473888,
          2473984
        ],
        "chunk_tokens": 224,
        "block_threads": 64,
        "staged_input_bytes": 238676752,
        "applicable": true
      },
      {
        "kernel": "onpair_dg_k7_t64_b2",
        "role": "experimental",
        "stage_bytes": null,
        "chunk_size": 224,
        "decode_ms": 2.46784,
        "decode_gib_s": 377.3836917947945,
        "decode_ns_iters": [
          2472832,
          2472960,
          2471936,
          2472800,
          2472032,
          2470784,
          2470912,
          2469888,
          2471808,
          2470912,
          2479136,
          2476032,
          2476032,
          2477024,
          2469728,
          2472960,
          2477056,
          2472960,
          2477056,
          2500736,
          2471936,
          2469888,
          2479104,
          2471936,
          2467840,
          2468864,
          2474976,
          2473984,
          2478080,
          2475936
        ],
        "chunk_tokens": 224,
        "block_threads": 64,
        "staged_input_bytes": 238676752,
        "applicable": true
      },
      {
        "kernel": "onpair_dg_k7_t64_b4",
        "role": "experimental",
        "stage_bytes": null,
        "chunk_size": 224,
        "decode_ms": 2.468864,
        "decode_gib_s": 377.2271659997739,
        "decode_ns_iters": [
          2478080,
          2472928,
          2478080,
          2476032,
          2477920,
          2476032,
          2471936,
          2476032,
          2480128,
          2472896,
          2471936,
          2491392,
          2468864,
          2470912,
          2475008,
          2475008,
          2470912,
          2472960,
          2475008,
          2500608,
          2470880,
          2472064,
          2468864,
          2484224,
          2487360,
          2489344,
          2488320,
          2490368,
          2488320,
          2491392
        ],
        "chunk_tokens": 224,
        "block_threads": 64,
        "staged_input_bytes": 238676752,
        "applicable": true
      },
      {
        "kernel": "onpair_dg_k7_t64_b6",
        "role": "experimental",
        "stage_bytes": null,
        "chunk_size": 224,
        "decode_ms": 2.468864,
        "decode_gib_s": 377.2271659997739,
        "decode_ns_iters": [
          2473984,
          2475008,
          2473984,
          2471936,
          2470912,
          2499584,
          2471040,
          2469888,
          2469888,
          2470816,
          2471936,
          2475008,
          2471936,
          2475008,
          2473920,
          2472960,
          2471936,
          2470912,
          2469888,
          2472928,
          2475008,
          2473024,
          2470912,
          2468864,
          2490368,
          2471936,
          2470912,
          2470912,
          2471936,
          2469952
        ],
        "chunk_tokens": 224,
        "block_threads": 64,
        "staged_input_bytes": 238676752,
        "applicable": true
      },
      {
        "kernel": "onpair_dg_k7_t64_b8",
        "role": "experimental",
        "stage_bytes": null,
        "chunk_size": 224,
        "decode_ms": 2.467712,
        "decode_gib_s": 377.40326665302337,
        "decode_ns_iters": [
          2472864,
          2469888,
          2470912,
          2471936,
          2473984,
          2470784,
          2467712,
          2470912,
          2469024,
          2470912,
          2469888,
          2470912,
          2479072,
          2471936,
          2470912,
          2470912,
          2472960,
          2472832,
          2469888,
          2470912,
          2473984,
          2472960,
          2480128,
          2505728,
          2491392,
          2491392,
          2490368,
          2479136,
          2469888,
          2471936
        ],
        "chunk_tokens": 224,
        "block_threads": 64,
        "staged_input_bytes": 238676752,
        "applicable": true
      },
      {
        "kernel": "onpair_dg_k7_t128_b1",
        "role": "experimental",
        "stage_bytes": null,
        "chunk_size": 224,
        "decode_ms": 2.379776,
        "decode_gib_s": 391.3488370161165,
        "decode_ns_iters": [
          2384896,
          2379776,
          2386784,
          2399136,
          2402272,
          2397184,
          2399232,
          2401280,
          2401280,
          2440032,
          2399232,
          2387008,
          2390016,
          2382848,
          2382016,
          2382848,
          2384896,
          2390016,
          2386944,
          2406400,
          2404352,
          2400256,
          2401280,
          2401120,
          2403168,
          2398304,
          2401280,
          2399232,
          2403296,
          2403328
        ],
        "chunk_tokens": 224,
        "block_threads": 128,
        "staged_input_bytes": 238676752,
        "applicable": true
      },
      {
        "kernel": "onpair_dg_k7_t128_b2",
        "role": "experimental",
        "stage_bytes": null,
        "chunk_size": 224,
        "decode_ms": 2.346976,
        "decode_gib_s": 396.81810549356516,
        "decode_ns_iters": [
          2403200,
          2386944,
          2365440,
          2366464,
          2365440,
          2367488,
          2382848,
          2364416,
          2397056,
          2354176,
          2351104,
          2349216,
          2346976,
          2347008,
          2349056,
          2348032,
          2350080,
          2370400,
          2401280,
          2402144,
          2400128,
          2400256,
          2398208,
          2403328,
          2400448,
          2407424,
          2402176,
          2400384,
          2401280,
          2402304
        ],
        "chunk_tokens": 224,
        "block_threads": 128,
        "staged_input_bytes": 238676752,
        "applicable": true
      },
      {
        "kernel": "onpair_dg_k7_t128_b4",
        "role": "experimental",
        "stage_bytes": null,
        "chunk_size": 224,
        "decode_ms": 2.3808,
        "decode_gib_s": 391.18051493567947,
        "decode_ns_iters": [
          2404352,
          2400256,
          2398208,
          2400256,
          2398336,
          2402304,
          2399232,
          2396256,
          2436096,
          2402304,
          2400256,
          2401280,
          2398208,
          2404352,
          2401280,
          2427904,
          2399136,
          2380800,
          2381824,
          2382848,
          2383872,
          2383872,
          2380800,
          2384064,
          2427904,
          2400256,
          2400256,
          2403328,
          2398240,
          2399232
        ],
        "chunk_tokens": 224,
        "block_threads": 128,
        "staged_input_bytes": 238676752,
        "applicable": true
      },
      {
        "kernel": "onpair_dg_k7_t128_b6",
        "role": "experimental",
        "stage_bytes": null,
        "chunk_size": 224,
        "decode_ms": 2.379776,
        "decode_gib_s": 391.3488370161165,
        "decode_ns_iters": [
          2403328,
          2400320,
          2402304,
          2400160,
          2401280,
          2419712,
          2401312,
          2402304,
          2401280,
          2398304,
          2397184,
          2409472,
          2412544,
          2407424,
          2406400,
          2397184,
          2388992,
          2396160,
          2382848,
          2388928,
          2384896,
          2386944,
          2385856,
          2387808,
          2405376,
          2379776,
          2381824,
          2382848,
          2385920,
          2387040
        ],
        "chunk_tokens": 224,
        "block_threads": 128,
        "staged_input_bytes": 238676752,
        "applicable": true
      },
      {
        "kernel": "onpair_dg_k7_t128_b8",
        "role": "experimental",
        "stage_bytes": null,
        "chunk_size": 224,
        "decode_ms": 2.383904,
        "decode_gib_s": 390.6711721440401,
        "decode_ns_iters": [
          2401280,
          2390016,
          2394112,
          2391040,
          2390016,
          2388992,
          2397184,
          2383904,
          2386944,
          2386944,
          2386944,
          2391040,
          2393216,
          2387968,
          2440192,
          2407424,
          2406400,
          2411520,
          2407424,
          2405376,
          2407520,
          2409472,
          2410496,
          2408448,
          2411520,
          2404352,
          2409472,
          2408448,
          2408448,
          2407424
        ],
        "chunk_tokens": 224,
        "block_threads": 128,
        "staged_input_bytes": 238676752,
        "applicable": true
      },
      {
        "kernel": "onpair_dg_k7_t256_b1",
        "role": "experimental",
        "stage_bytes": null,
        "chunk_size": 224,
        "decode_ms": 2.255872,
        "decode_gib_s": 412.8437118590353,
        "decode_ns_iters": [
          2262016,
          2268160,
          2255872,
          2263040,
          2264992,
          2262016,
          2273280,
          2279424,
          2266112,
          2268160,
          2268160,
          2265248,
          2267136,
          2272256,
          2265088,
          2258944,
          2286592,
          2259968,
          2259968,
          2262016,
          2259968,
          2260992,
          2259968,
          2292736,
          2261056,
          2266112,
          2263040,
          2256896,
          2265088,
          2262016
        ],
        "chunk_tokens": 224,
        "block_threads": 256,
        "staged_input_bytes": 238676752,
        "applicable": true
      },
      {
        "kernel": "onpair_dg_k7_t256_b2",
        "role": "experimental",
        "stage_bytes": null,
        "chunk_size": 224,
        "decode_ms": 2.256896,
        "decode_gib_s": 412.6563962002971,
        "decode_ns_iters": [
          2287616,
          2289664,
          2285568,
          2283648,
          2282496,
          2314240,
          2266112,
          2256896,
          2258944,
          2259936,
          2269184,
          2259808,
          2263968,
          2263040,
          2289824,
          2263200,
          2263936,
          2259968,
          2259968,
          2257920,
          2258944,
          2297856,
          2264128,
          2267136,
          2268224,
          2266080,
          2275328,
          2266112,
          2271264,
          2268160
        ],
        "chunk_tokens": 224,
        "block_threads": 256,
        "staged_input_bytes": 238676752,
        "applicable": true
      },
      {
        "kernel": "onpair_dg_k7_t256_b4",
        "role": "experimental",
        "stage_bytes": null,
        "chunk_size": 224,
        "decode_ms": 2.256896,
        "decode_gib_s": 412.6563962002971,
        "decode_ns_iters": [
          2259968,
          2257952,
          2258944,
          2260992,
          2261920,
          2258944,
          2283424,
          2259968,
          2260992,
          2258944,
          2256896,
          2258944,
          2259968,
          2271232,
          2265088,
          2285568,
          2256896,
          2265088,
          2257920,
          2258944,
          2268160,
          2258944,
          2265088,
          2287616,
          2286592,
          2286592,
          2282496,
          2286592,
          2283648,
          2284544
        ],
        "chunk_tokens": 224,
        "block_threads": 256,
        "staged_input_bytes": 238676752,
        "applicable": true
      },
      {
        "kernel": "onpair_dg_k7_t256_b6",
        "role": "experimental",
        "stage_bytes": null,
        "chunk_size": 224,
        "decode_ms": 2.627584,
        "decode_gib_s": 354.44064584000574,
        "decode_ns_iters": [
          2707456,
          2677760,
          2677760,
          2674688,
          2679808,
          2676736,
          2660352,
          2661376,
          2661376,
          2668736,
          2666528,
          2664384,
          2662400,
          2636800,
          2628544,
          2628768,
          2629632,
          2630656,
          2632704,
          2634752,
          2627584,
          2628608,
          2630656,
          2634720,
          2659328,
          2629632,
          2633728,
          2633728,
          2631552,
          2629632
        ],
        "chunk_tokens": 224,
        "block_threads": 256,
        "staged_input_bytes": 238676752,
        "applicable": true
      },
      {
        "kernel": "onpair_dg_k7_t256_b8",
        "role": "experimental",
        "stage_bytes": null,
        "chunk_size": 224,
        "decode_ms": 2.221056,
        "decode_gib_s": 419.31521310532725,
        "decode_ns_iters": [
          2231168,
          2232320,
          2230272,
          2225024,
          2222016,
          2223104,
          2225152,
          2222080,
          2225152,
          2221056,
          2224128,
          2250656,
          2257920,
          2256896,
          2260832,
          2260992,
          2260992,
          2258944,
          2264064,
          2257920,
          2255872,
          2257920,
          2264192,
          2258944,
          2260032,
          2262016,
          2263040,
          2267136,
          2266112,
          2272256
        ],
        "chunk_tokens": 224,
        "block_threads": 256,
        "staged_input_bytes": 238676752,
        "applicable": true
      },
      {
        "kernel": "onpair_dg_k8_t64_b1",
        "role": "experimental",
        "stage_bytes": null,
        "chunk_size": 256,
        "decode_ms": 2.439168,
        "decode_gib_s": 381.8197721349516,
        "decode_ns_iters": [
          2485248,
          2484224,
          2511712,
          2444288,
          2442240,
          2442240,
          2440192,
          2439232,
          2441120,
          2439296,
          2442240,
          2442240,
          2442240,
          2443200,
          2448384,
          2468864,
          2440192,
          2444128,
          2446336,
          2442240,
          2441216,
          2439168,
          2440192,
          2442240,
          2441184,
          2444256,
          2440256,
          2440192,
          2443264,
          2444288
        ],
        "chunk_tokens": 256,
        "block_threads": 64,
        "staged_input_bytes": 238155712,
        "applicable": true
      },
      {
        "kernel": "onpair_dg_k8_t64_b2",
        "role": "experimental",
        "stage_bytes": null,
        "chunk_size": 256,
        "decode_ms": 2.418688,
        "decode_gib_s": 385.05279306750833,
        "decode_ns_iters": [
          2443232,
          2435072,
          2421760,
          2421760,
          2419712,
          2418688,
          2421760,
          2423808,
          2420736,
          2438144,
          2441216,
          2443104,
          2442240,
          2441120,
          2438144,
          2442240,
          2442240,
          2424832,
          2421760,
          2420736,
          2423808,
          2423936,
          2421824,
          2423808,
          2428896,
          2429856,
          2449248,
          2441120,
          2443200,
          2441216
        ],
        "chunk_tokens": 256,
        "block_threads": 64,
        "staged_input_bytes": 238155712,
        "applicable": true
      },
      {
        "kernel": "onpair_dg_k8_t64_b4",
        "role": "experimental",
        "stage_bytes": null,
        "chunk_size": 256,
        "decode_ms": 2.40128,
        "decode_gib_s": 387.8442205652259,
        "decode_ns_iters": [
          2424832,
          2422784,
          2420736,
          2423808,
          2424832,
          2425856,
          2423808,
          2416640,
          2405536,
          2403328,
          2402304,
          2405376,
          2405376,
          2401280,
          2409472,
          2406400,
          2403328,
          2405216,
          2406560,
          2407424,
          2404352,
          2406400,
          2404384,
          2407392,
          2412544,
          2409472,
          2405376,
          2407488,
          2412672,
          2406464
        ],
        "chunk_tokens": 256,
        "block_threads": 64,
        "staged_input_bytes": 238155712,
        "applicable": true
      },
      {
        "kernel": "onpair_dg_k8_t64_b6",
        "role": "experimental",
        "stage_bytes": null,
        "chunk_size": 256,
        "decode_ms": 2.402304,
        "decode_gib_s": 387.67889907308387,
        "decode_ns_iters": [
          2406400,
          2408448,
          2402304,
          2405376,
          2405376,
          2404352,
          2430848,
          2470912,
          2444288,
          2445312,
          2443232,
          2447360,
          2443104,
          2445312,
          2444288,
          2444288,
          2444288,
          2446336,
          2443264,
          2454528,
          2472960,
          2438144,
          2419712,
          2433024,
          2423744,
          2430976,
          2426784,
          2420736,
          2423808,
          2427904
        ],
        "chunk_tokens": 256,
        "block_threads": 64,
        "staged_input_bytes": 238155712,
        "applicable": true
      },
      {
        "kernel": "onpair_dg_k8_t64_b8",
        "role": "experimental",
        "stage_bytes": null,
        "chunk_size": 256,
        "decode_ms": 2.40128,
        "decode_gib_s": 387.8442205652259,
        "decode_ns_iters": [
          2421760,
          2428928,
          2435072,
          2422848,
          2428928,
          2424832,
          2412416,
          2440032,
          2410432,
          2405376,
          2406336,
          2411520,
          2438144,
          2402240,
          2406400,
          2409472,
          2417664,
          2427008,
          2401280,
          2412544,
          2407424,
          2401280,
          2408448,
          2407424,
          2406400,
          2404352,
          2403200,
          2407424,
          2427904,
          2437120
        ],
        "chunk_tokens": 256,
        "block_threads": 64,
        "staged_input_bytes": 238155712,
        "applicable": true
      },
      {
        "kernel": "onpair_dg_k8_t128_b1",
        "role": "experimental",
        "stage_bytes": null,
        "chunk_size": 256,
        "decode_ms": 2.358272,
        "decode_gib_s": 394.9173674448349,
        "decode_ns_iters": [
          2363392,
          2358272,
          2359296,
          2367456,
          2374656,
          2360448,
          2359296,
          2377728,
          2361248,
          2364416,
          2361344,
          2365408,
          2379776,
          2379776,
          2378752,
          2376800,
          2377728,
          2377728,
          2385920,
          2373632,
          2367488,
          2369536,
          2365632,
          2365440,
          2361344,
          2364416,
          2361344,
          2395168,
          2402240,
          2405440
        ],
        "chunk_tokens": 256,
        "block_threads": 128,
        "staged_input_bytes": 238155712,
        "applicable": true
      },
      {
        "kernel": "onpair_dg_k8_t128_b2",
        "role": "experimental",
        "stage_bytes": null,
        "chunk_size": 256,
        "decode_ms": 2.36032,
        "decode_gib_s": 394.57470595464406,
        "decode_ns_iters": [
          2406400,
          2397184,
          2398208,
          2388928,
          2376704,
          2385952,
          2382848,
          2381824,
          2386944,
          2377728,
          2403328,
          2360320,
          2360320,
          2362368,
          2365440,
          2365472,
          2366592,
          2365408,
          2365440,
          2372672,
          2399232,
          2399232,
          2399232,
          2405376,
          2407424,
          2415616,
          2425856,
          2403328,
          2403328,
          2403328
        ],
        "chunk_tokens": 256,
        "block_threads": 128,
        "staged_input_bytes": 238155712,
        "applicable": true
      },
      {
        "kernel": "onpair_dg_k8_t128_b4",
        "role": "experimental",
        "stage_bytes": null,
        "chunk_size": 256,
        "decode_ms": 2.3808,
        "decode_gib_s": 391.18051493567947,
        "decode_ns_iters": [
          2427904,
          2395136,
          2387968,
          2386816,
          2386944,
          2385824,
          2385920,
          2403168,
          2385920,
          2385888,
          2385920,
          2386944,
          2385792,
          2396128,
          2411520,
          2383808,
          2383872,
          2383872,
          2382848,
          2383840,
          2383872,
          2381824,
          2391040,
          2420736,
          2385952,
          2387968,
          2383872,
          2383872,
          2385920,
          2380800
        ],
        "chunk_tokens": 256,
        "block_threads": 128,
        "staged_input_bytes": 238155712,
        "applicable": true
      },
      {
        "kernel": "onpair_dg_k8_t128_b6",
        "role": "experimental",
        "stage_bytes": null,
        "chunk_size": 256,
        "decode_ms": 2.36032,
        "decode_gib_s": 394.57470595464406,
        "decode_ns_iters": [
          2381824,
          2381824,
          2385920,
          2385920,
          2383872,
          2380960,
          2410496,
          2379776,
          2372608,
          2368512,
          2364224,
          2367488,
          2378752,
          2368448,
          2360320,
          2390016,
          2376704,
          2378752,
          2383680,
          2378752,
          2377728,
          2379776,
          2383872,
          2394112,
          2394112,
          2401280,
          2399232,
          2398208,
          2396160,
          2399232
        ],
        "chunk_tokens": 256,
        "block_threads": 128,
        "staged_input_bytes": 238155712,
        "applicable": true
      },
      {
        "kernel": "onpair_dg_k8_t128_b8",
        "role": "experimental",
        "stage_bytes": null,
        "chunk_size": 256,
        "decode_ms": 2.382848,
        "decode_gib_s": 390.8443047810291,
        "decode_ns_iters": [
          2405376,
          2382848,
          2386944,
          2388800,
          2390016,
          2382848,
          2388992,
          2400256,
          2405376,
          2407424,
          2406336,
          2408448,
          2415616,
          2403328,
          2401344,
          2408448,
          2404352,
          2428896,
          2406400,
          2406400,
          2401280,
          2408448,
          2401280,
          2395296,
          2384896,
          2382848,
          2387040,
          2389056,
          2388992,
          2388928
        ],
        "chunk_tokens": 256,
        "block_threads": 128,
        "staged_input_bytes": 238155712,
        "applicable": true
      },
      {
        "kernel": "onpair_dg_k8_t256_b1",
        "role": "experimental",
        "stage_bytes": null,
        "chunk_size": 256,
        "decode_ms": 2.28848,
        "decode_gib_s": 406.9612013034266,
        "decode_ns_iters": [
          2339840,
          2340864,
          2339840,
          2339008,
          2344960,
          2341888,
          2326528,
          2304000,
          2311168,
          2308096,
          2309120,
          2312064,
          2310144,
          2307072,
          2307072,
          2291712,
          2288480,
          2289664,
          2315264,
          2297856,
          2321408,
          2292736,
          2332672,
          2327552,
          2353152,
          2323456,
          2328576,
          2323456,
          2323456,
          2324416
        ],
        "chunk_tokens": 256,
        "block_threads": 256,
        "staged_input_bytes": 238155712,
        "applicable": true
      },
      {
        "kernel": "onpair_dg_k8_t256_b2",
        "role": "experimental",
        "stage_bytes": null,
        "chunk_size": 256,
        "decode_ms": 2.33984,
        "decode_gib_s": 398.0283138842252,
        "decode_ns_iters": [
          2340864,
          2339840,
          2344064,
          2345920,
          2345984,
          2344960,
          2360320,
          2362368,
          2364416,
          2362368,
          2358272,
          2360320,
          2387968,
          2359296,
          2364416,
          2351104,
          2340864,
          2351104,
          2341888,
          2345824,
          2344960,
          2345984,
          2348032,
          2345984,
          2364320,
          2345984,
          2340864,
          2339840,
          2345856,
          2339840
        ],
        "chunk_tokens": 256,
        "block_threads": 256,
        "staged_input_bytes": 238155712,
        "applicable": true
      },
      {
        "kernel": "onpair_dg_k8_t256_b4",
        "role": "experimental",
        "stage_bytes": null,
        "chunk_size": 256,
        "decode_ms": 2.271168,
        "decode_gib_s": 410.0632669881161,
        "decode_ns_iters": [
          2349056,
          2328576,
          2326528,
          2325504,
          2324480,
          2320480,
          2293760,
          2290688,
          2309120,
          2291712,
          2290656,
          2300928,
          2288640,
          2291872,
          2289664,
          2290688,
          2289664,
          2289664,
          2289664,
          2290688,
          2288704,
          2287616,
          2290688,
          2282496,
          2271232,
          2273280,
          2274304,
          2274144,
          2301952,
          2271168
        ],
        "chunk_tokens": 256,
        "block_threads": 256,
        "staged_input_bytes": 238155712,
        "applicable": true
      },
      {
        "kernel": "onpair_dg_k8_t256_b6",
        "role": "experimental",
        "stage_bytes": null,
        "chunk_size": 256,
        "decode_ms": 2.953216,
        "decode_gib_s": 315.3587715760939,
        "decode_ns_iters": [
          3000320,
          3000320,
          2997248,
          2995296,
          2979840,
          2975744,
          2974720,
          2976768,
          2971648,
          2974720,
          2973792,
          2975744,
          2976768,
          2971648,
          2973600,
          2969600,
          2975744,
          2954240,
          2953216,
          2972672,
          2955264,
          2954240,
          2954400,
          2955264,
          2956384,
          2954240,
          2973696,
          2955264,
          2954240,
          2955136
        ],
        "chunk_tokens": 256,
        "block_threads": 256,
        "staged_input_bytes": 238155712,
        "applicable": true
      },
      {
        "kernel": "onpair_dg_k8_t256_b8",
        "role": "experimental",
        "stage_bytes": null,
        "chunk_size": 256,
        "decode_ms": 2.326528,
        "decode_gib_s": 400.3057646238797,
        "decode_ns_iters": [
          2331648,
          2328672,
          2329632,
          2331744,
          2326528,
          2341824,
          2349056,
          2352000,
          2351104,
          2350144,
          2344896,
          2350080,
          2342912,
          2380800,
          2362368,
          2366464,
          2362368,
          2359104,
          2361344,
          2362240,
          2366464,
          2357248,
          2346848,
          2345856,
          2345984,
          2344960,
          2343936,
          2346080,
          2341888,
          2341888
        ],
        "chunk_tokens": 256,
        "block_threads": 256,
        "staged_input_bytes": 238155712,
        "applicable": true
      },
      {
        "kernel": "onpair_dw_k1_t64_b1",
        "role": "experimental",
        "stage_bytes": null,
        "chunk_size": 32,
        "decode_ms": 2.436064,
        "decode_gib_s": 382.3062817556787,
        "decode_ns_iters": [
          2451456,
          2440192,
          2475008,
          2457664,
          2487296,
          2489344,
          2436064,
          2472992,
          2477056,
          2476032,
          2484224,
          2472928,
          2496704,
          2482176,
          2500608,
          2489344,
          2476032,
          2475008,
          2475008,
          2492416,
          2472960,
          2471936,
          2496512,
          2481152,
          2508768,
          2473984,
          2491232,
          2519104,
          2469888,
          2512896
        ],
        "chunk_tokens": 32,
        "block_threads": 64,
        "staged_input_bytes": 263686776,
        "applicable": true
      },
      {
        "kernel": "onpair_dw_k1_t64_b2",
        "role": "experimental",
        "stage_bytes": null,
        "chunk_size": 32,
        "decode_ms": 2.45952,
        "decode_gib_s": 378.66029548808945,
        "decode_ns_iters": [
          2478080,
          2473984,
          2488320,
          2490208,
          2487296,
          2459520,
          2476032,
          2473984,
          2475008,
          2488320,
          2486272,
          2481152,
          2498560,
          2505760,
          2485248,
          2487296,
          2487136,
          2493440,
          2476032,
          2471936,
          2486336,
          2488320,
          2495488,
          2490368,
          2490368,
          2481152,
          2493440,
          2483200,
          2468864,
          2487296
        ],
        "chunk_tokens": 32,
        "block_threads": 64,
        "staged_input_bytes": 263686776,
        "applicable": true
      },
      {
        "kernel": "onpair_dw_k1_t64_b4",
        "role": "experimental",
        "stage_bytes": null,
        "chunk_size": 32,
        "decode_ms": 2.460672,
        "decode_gib_s": 378.48302006885336,
        "decode_ns_iters": [
          2470016,
          2468864,
          2483200,
          2477024,
          2478080,
          2464768,
          2487296,
          2473888,
          2466816,
          2496512,
          2489344,
          2489344,
          2487296,
          2460672,
          2480128,
          2482176,
          2477056,
          2478048,
          2507936,
          2468864,
          2478080,
          2490368,
          2488320,
          2483200,
          2460672,
          2467840,
          2491392,
          2480128,
          2467840,
          2478080
        ],
        "chunk_tokens": 32,
        "block_threads": 64,
        "staged_input_bytes": 263686776,
        "applicable": true
      },
      {
        "kernel": "onpair_dw_k1_t64_b6",
        "role": "experimental",
        "stage_bytes": null,
        "chunk_size": 32,
        "decode_ms": 2.462592,
        "decode_gib_s": 378.18792961191525,
        "decode_ns_iters": [
          2471936,
          2496448,
          2466752,
          2468864,
          2494464,
          2484224,
          2484032,
          2471936,
          2476032,
          2483008,
          2505760,
          2498624,
          2473984,
          2490240,
          2470912,
          2480128,
          2505728,
          2466816,
          2473984,
          2477056,
          2478080,
          2478080,
          2462688,
          2487296,
          2497600,
          2468864,
          2463872,
          2475008,
          2495328,
          2462592
        ],
        "chunk_tokens": 32,
        "block_threads": 64,
        "staged_input_bytes": 263686776,
        "applicable": true
      },
      {
        "kernel": "onpair_dw_k1_t64_b8",
        "role": "experimental",
        "stage_bytes": null,
        "chunk_size": 32,
        "decode_ms": 2.456576,
        "decode_gib_s": 379.11408804729246,
        "decode_ns_iters": [
          2482176,
          2461696,
          2469888,
          2472960,
          2475872,
          2479104,
          2493376,
          2460672,
          2518016,
          2494464,
          2481152,
          2497376,
          2486240,
          2467840,
          2491392,
          2483328,
          2480128,
          2478272,
          2486432,
          2456576,
          2506752,
          2502656,
          2488320,
          2486176,
          2487296,
          2499584,
          2499584,
          2476992,
          2501632,
          2464768
        ],
        "chunk_tokens": 32,
        "block_threads": 64,
        "staged_input_bytes": 263686776,
        "applicable": true
      },
      {
        "kernel": "onpair_dw_k1_t128_b1",
        "role": "experimental",
        "stage_bytes": null,
        "chunk_size": 32,
        "decode_ms": 2.475008,
        "decode_gib_s": 376.2907311648551,
        "decode_ns_iters": [
          2504864,
          2511872,
          2505568,
          2484224,
          2488448,
          2515968,
          2489344,
          2500608,
          2482112,
          2511872,
          2493568,
          2483200,
          2499584,
          2507776,
          2501536,
          2491392,
          2488320,
          2484160,
          2520064,
          2480032,
          2483200,
          2487296,
          2497536,
          2475008,
          2484224,
          2486272,
          2494464,
          2497536,
          2499584,
          2503680
        ],
        "chunk_tokens": 32,
        "block_threads": 128,
        "staged_input_bytes": 263686776,
        "applicable": true
      },
      {
        "kernel": "onpair_dw_k1_t128_b2",
        "role": "experimental",
        "stage_bytes": null,
        "chunk_size": 32,
        "decode_ms": 2.474944,
        "decode_gib_s": 376.3004617312011,
        "decode_ns_iters": [
          2490368,
          2495488,
          2491392,
          2497536,
          2486272,
          2491392,
          2490368,
          2492320,
          2494464,
          2483200,
          2495488,
          2503648,
          2502656,
          2474944,
          2493472,
          2497536,
          2479104,
          2483200,
          2491392,
          2481152,
          2492288,
          2521088,
          2490368,
          2485248,
          2510848,
          2493440,
          2484160,
          2509824,
          2489280,
          2490496
        ],
        "chunk_tokens": 32,
        "block_threads": 128,
        "staged_input_bytes": 263686776,
        "applicable": true
      },
      {
        "kernel": "onpair_dw_k1_t128_b4",
        "role": "experimental",
        "stage_bytes": null,
        "chunk_size": 32,
        "decode_ms": 2.4688,
        "decode_gib_s": 377.2369450578685,
        "decode_ns_iters": [
          2521088,
          2487296,
          2486144,
          2498528,
          2502784,
          2495488,
          2482048,
          2485248,
          2489344,
          2498720,
          2476032,
          2488160,
          2491264,
          2492288,
          2503680,
          2519040,
          2478080,
          2506752,
          2493440,
          2495488,
          2496512,
          2491392,
          2487264,
          2515968,
          2504736,
          2497376,
          2482016,
          2505568,
          2468800,
          2489472
        ],
        "chunk_tokens": 32,
        "block_threads": 128,
        "staged_input_bytes": 263686776,
        "applicable": true
      },
      {
        "kernel": "onpair_dw_k1_t128_b6",
        "role": "experimental",
        "stage_bytes": null,
        "chunk_size": 32,
        "decode_ms": 2.46784,
        "decode_gib_s": 377.3836917947945,
        "decode_ns_iters": [
          2491360,
          2481024,
          2486272,
          2489344,
          2496704,
          2478080,
          2485152,
          2487296,
          2469888,
          2492416,
          2499584,
          2494400,
          2495488,
          2484224,
          2512896,
          2501632,
          2499584,
          2492416,
          2497472,
          2492416,
          2486112,
          2491360,
          2473888,
          2469888,
          2481152,
          2467840,
          2478080,
          2500704,
          2508800,
          2475008
        ],
        "chunk_tokens": 32,
        "block_threads": 128,
        "staged_input_bytes": 263686776,
        "applicable": true
      },
      {
        "kernel": "onpair_dw_k1_t128_b8",
        "role": "experimental",
        "stage_bytes": null,
        "chunk_size": 32,
        "decode_ms": 2.470912,
        "decode_gib_s": 376.9145036160194,
        "decode_ns_iters": [
          2494464,
          2500608,
          2470912,
          2493440,
          2502656,
          2500608,
          2491264,
          2482176,
          2484224,
          2484224,
          2491392,
          2490368,
          2504672,
          2522112,
          2518912,
          2480128,
          2476032,
          2492416,
          2499584,
          2493440,
          2495584,
          2516992,
          2488320,
          2491392,
          2492416,
          2505728,
          2484224,
          2478080,
          2492416,
          2506752
        ],
        "chunk_tokens": 32,
        "block_threads": 128,
        "staged_input_bytes": 263686776,
        "applicable": true
      },
      {
        "kernel": "onpair_dw_k1_t256_b1",
        "role": "experimental",
        "stage_bytes": null,
        "chunk_size": 32,
        "decode_ms": 2.464768,
        "decode_gib_s": 377.85404953280215,
        "decode_ns_iters": [
          2482176,
          2494368,
          2492256,
          2494464,
          2472960,
          2485152,
          2484160,
          2485248,
          2478080,
          2494272,
          2467840,
          2493440,
          2472960,
          2485376,
          2480128,
          2482176,
          2479104,
          2475008,
          2494464,
          2472960,
          2495488,
          2478048,
          2482080,
          2473984,
          2496352,
          2484224,
          2500640,
          2489344,
          2464768,
          2481152
        ],
        "chunk_tokens": 32,
        "block_threads": 256,
        "staged_input_bytes": 263686776,
        "applicable": true
      },
      {
        "kernel": "onpair_dw_k1_t256_b2",
        "role": "experimental",
        "stage_bytes": null,
        "chunk_size": 32,
        "decode_ms": 2.466816,
        "decode_gib_s": 377.54034754066197,
        "decode_ns_iters": [
          2471936,
          2488128,
          2483328,
          2487296,
          2494464,
          2485248,
          2485248,
          2493440,
          2489344,
          2488320,
          2471936,
          2494464,
          2477056,
          2500608,
          2488320,
          2478080,
          2480128,
          2481152,
          2478080,
          2490368,
          2478976,
          2494464,
          2472960,
          2496512,
          2498560,
          2488256,
          2521024,
          2478144,
          2499520,
          2466816
        ],
        "chunk_tokens": 32,
        "block_threads": 256,
        "staged_input_bytes": 263686776,
        "applicable": true
      },
      {
        "kernel": "onpair_dw_k1_t256_b4",
        "role": "experimental",
        "stage_bytes": null,
        "chunk_size": 32,
        "decode_ms": 2.4576,
        "decode_gib_s": 378.9561238439395,
        "decode_ns_iters": [
          2483200,
          2504704,
          2482176,
          2492416,
          2497536,
          2490336,
          2475008,
          2489344,
          2483200,
          2497536,
          2506752,
          2476032,
          2473152,
          2487296,
          2492416,
          2457600,
          2477056,
          2467840,
          2484224,
          2488320,
          2462720,
          2463744,
          2479104,
          2479104,
          2485152,
          2467840,
          2483072,
          2516992,
          2469728,
          2474944
        ],
        "chunk_tokens": 32,
        "block_threads": 256,
        "staged_input_bytes": 263686776,
        "applicable": true
      },
      {
        "kernel": "onpair_dw_k1_t256_b6",
        "role": "experimental",
        "stage_bytes": null,
        "chunk_size": 32,
        "decode_ms": 2.5088,
        "decode_gib_s": 371.2223253981448,
        "decode_ns_iters": [
          2519136,
          2512896,
          2516992,
          2508800,
          2510848,
          2528256,
          2512896,
          2526208,
          2537472,
          2583552,
          2532352,
          2537472,
          2541568,
          2539520,
          2524992,
          2519040,
          2567008,
          2519168,
          2522112,
          2518880,
          2533376,
          2526208,
          2521024,
          2539520,
          2524160,
          2515840,
          2538496,
          2533376,
          2515968,
          2529184
        ],
        "chunk_tokens": 32,
        "block_threads": 256,
        "staged_input_bytes": 263686776,
        "applicable": true
      },
      {
        "kernel": "onpair_dw_k1_t256_b8",
        "role": "experimental",
        "stage_bytes": null,
        "chunk_size": 32,
        "decode_ms": 2.502656,
        "decode_gib_s": 372.13367316917135,
        "decode_ns_iters": [
          2520064,
          2519040,
          2524160,
          2522112,
          2508800,
          2539520,
          2570240,
          2510752,
          2516992,
          2515968,
          2515136,
          2516992,
          2516992,
          2521088,
          2510848,
          2518016,
          2560000,
          2521088,
          2530464,
          2525184,
          2521152,
          2529280,
          2512928,
          2502656,
          2527232,
          2518016,
          2520064,
          2515904,
          2519968,
          2538496
        ],
        "chunk_tokens": 32,
        "block_threads": 256,
        "staged_input_bytes": 263686776,
        "applicable": true
      },
      {
        "kernel": "onpair_dw_k2_t64_b1",
        "role": "experimental",
        "stage_bytes": null,
        "chunk_size": 64,
        "decode_ms": 2.190336,
        "decode_gib_s": 425.1962118866081,
        "decode_ns_iters": [
          2196416,
          2190336,
          2197504,
          2214912,
          2190336,
          2193408,
          2199488,
          2194432,
          2195456,
          2197504,
          2193280,
          2200576,
          2207744,
          2201600,
          2198528,
          2207744,
          2199552,
          2200576,
          2202624,
          2228224,
          2214816,
          2198496,
          2215840,
          2199712,
          2208768,
          2197504,
          2196480,
          2215936,
          2202624,
          2207744
        ],
        "chunk_tokens": 64,
        "block_threads": 64,
        "staged_input_bytes": 249097584,
        "applicable": true
      },
      {
        "kernel": "onpair_dw_k2_t64_b2",
        "role": "experimental",
        "stage_bytes": null,
        "chunk_size": 64,
        "decode_ms": 2.192384,
        "decode_gib_s": 424.79901785401904,
        "decode_ns_iters": [
          2194432,
          2197504,
          2204576,
          2202624,
          2206720,
          2199392,
          2195456,
          2196608,
          2203648,
          2205696,
          2215872,
          2211840,
          2197504,
          2210688,
          2195328,
          2195456,
          2200576,
          2197504,
          2215936,
          2202560,
          2199520,
          2212864,
          2200576,
          2192384,
          2195456,
          2195456,
          2203648,
          2201600,
          2205696,
          2193280
        ],
        "chunk_tokens": 64,
        "block_threads": 64,
        "staged_input_bytes": 249097584,
        "applicable": true
      },
      {
        "kernel": "onpair_dw_k2_t64_b4",
        "role": "experimental",
        "stage_bytes": null,
        "chunk_size": 64,
        "decode_ms": 2.19136,
        "decode_gib_s": 424.99752206796956,
        "decode_ns_iters": [
          2205696,
          2214912,
          2197536,
          2197504,
          2225152,
          2220032,
          2199552,
          2194432,
          2198528,
          2201600,
          2198688,
          2201600,
          2192416,
          2196480,
          2193280,
          2227040,
          2199552,
          2192320,
          2197504,
          2197440,
          2191360,
          2198528,
          2199552,
          2197504,
          2195424,
          2199552,
          2195456,
          2200576,
          2202624,
          2194432
        ],
        "chunk_tokens": 64,
        "block_threads": 64,
        "staged_input_bytes": 249097584,
        "applicable": true
      },
      {
        "kernel": "onpair_dw_k2_t64_b6",
        "role": "experimental",
        "stage_bytes": null,
        "chunk_size": 64,
        "decode_ms": 2.19136,
        "decode_gib_s": 424.99752206796956,
        "decode_ns_iters": [
          2195456,
          2233312,
          2202624,
          2196352,
          2204608,
          2200576,
          2196512,
          2198528,
          2194432,
          2236416,
          2191360,
          2205696,
          2196480,
          2203648,
          2201600,
          2197504,
          2198528,
          2199552,
          2193408,
          2204672,
          2208768,
          2203648,
          2194432,
          2198464,
          2201600,
          2194432,
          2202624,
          2196480,
          2223008,
          2200576
        ],
        "chunk_tokens": 64,
        "block_threads": 64,
        "staged_input_bytes": 249097584,
        "applicable": true
      },
      {
        "kernel": "onpair_dw_k2_t64_b8",
        "role": "experimental",
        "stage_bytes": null,
        "chunk_size": 64,
        "decode_ms": 2.190336,
        "decode_gib_s": 425.1962118866081,
        "decode_ns_iters": [
          2193408,
          2197504,
          2194432,
          2227200,
          2198528,
          2199552,
          2195456,
          2195456,
          2198528,
          2207744,
          2198528,
          2203648,
          2200576,
          2191360,
          2200576,
          2196480,
          2199552,
          2201600,
          2200576,
          2198432,
          2194432,
          2194432,
          2194432,
          2198464,
          2190336,
          2215936,
          2200448,
          2193248,
          2207744,
          2198528
        ],
        "chunk_tokens": 64,
        "block_threads": 64,
        "staged_input_bytes": 249097584,
        "applicable": true
      },
      {
        "kernel": "onpair_dw_k2_t128_b1",
        "role": "experimental",
        "stage_bytes": null,
        "chunk_size": 64,
        "decode_ms": 2.199392,
        "decode_gib_s": 423.4454658191289,
        "decode_ns_iters": [
          2201600,
          2211712,
          2223104,
          2208768,
          2206720,
          2205696,
          2200576,
          2203648,
          2204672,
          2206720,
          2199552,
          2244608,
          2200736,
          2208768,
          2205696,
          2203648,
          2210656,
          2199392,
          2203648,
          2220032,
          2208768,
          2201536,
          2210816,
          2202624,
          2205696,
          2207744,
          2209792,
          2212960,
          2202464,
          2205696
        ],
        "chunk_tokens": 64,
        "block_threads": 128,
        "staged_input_bytes": 249097584,
        "applicable": true
      },
      {
        "kernel": "onpair_dw_k2_t128_b2",
        "role": "experimental",
        "stage_bytes": null,
        "chunk_size": 64,
        "decode_ms": 2.198528,
        "decode_gib_s": 423.6118757454377,
        "decode_ns_iters": [
          2209792,
          2211680,
          2200576,
          2204672,
          2212864,
          2212768,
          2202624,
          2203648,
          2211840,
          2198528,
          2211840,
          2206720,
          2201600,
          2219872,
          2210816,
          2218912,
          2203776,
          2206720,
          2206720,
          2204672,
          2205696,
          2213888,
          2204576,
          2205696,
          2205696,
          2209888,
          2205696,
          2210688,
          2208768,
          2214912
        ],
        "chunk_tokens": 64,
        "block_threads": 128,
        "staged_input_bytes": 249097584,
        "applicable": true
      },
      {
        "kernel": "onpair_dw_k2_t128_b4",
        "role": "experimental",
        "stage_bytes": null,
        "chunk_size": 64,
        "decode_ms": 2.2016,
        "decode_gib_s": 423.0207894071882,
        "decode_ns_iters": [
          2211008,
          2208768,
          2208768,
          2209792,
          2235392,
          2213888,
          2206720,
          2204640,
          2206624,
          2213888,
          2202752,
          2208768,
          2241536,
          2203648,
          2201600,
          2214912,
          2215904,
          2204672,
          2208768,
          2207744,
          2236352,
          2205696,
          2204672,
          2212768,
          2207744,
          2206720,
          2205696,
          2207744,
          2209792,
          2210784
        ],
        "chunk_tokens": 64,
        "block_threads": 128,
        "staged_input_bytes": 249097584,
        "applicable": true
      },
      {
        "kernel": "onpair_dw_k2_t128_b6",
        "role": "experimental",
        "stage_bytes": null,
        "chunk_size": 64,
        "decode_ms": 2.198528,
        "decode_gib_s": 423.6118757454377,
        "decode_ns_iters": [
          2226176,
          2210656,
          2207680,
          2204768,
          2208768,
          2209792,
          2214912,
          2206720,
          2206816,
          2211840,
          2202816,
          2204672,
          2203648,
          2211840,
          2205696,
          2202624,
          2220032,
          2202624,
          2198528,
          2213888,
          2210784,
          2205696,
          2202624,
          2203648,
          2225152,
          2203520,
          2203648,
          2202624,
          2198528,
          2203648
        ],
        "chunk_tokens": 64,
        "block_threads": 128,
        "staged_input_bytes": 249097584,
        "applicable": true
      },
      {
        "kernel": "onpair_dw_k2_t128_b8",
        "role": "experimental",
        "stage_bytes": null,
        "chunk_size": 64,
        "decode_ms": 2.195456,
        "decode_gib_s": 424.2046162432158,
        "decode_ns_iters": [
          2205536,
          2211840,
          2201760,
          2198528,
          2201760,
          2203648,
          2201408,
          2201600,
          2200576,
          2200576,
          2198528,
          2201600,
          2207584,
          2212864,
          2200512,
          2202624,
          2201664,
          2200416,
          2204672,
          2195456,
          2203648,
          2234368,
          2203840,
          2205696,
          2208736,
          2198528,
          2204672,
          2204608,
          2197344,
          2231296
        ],
        "chunk_tokens": 64,
        "block_threads": 128,
        "staged_input_bytes": 249097584,
        "applicable": true
      },
      {
        "kernel": "onpair_dw_k2_t256_b1",
        "role": "experimental",
        "stage_bytes": null,
        "chunk_size": 64,
        "decode_ms": 2.18624,
        "decode_gib_s": 425.9928324241005,
        "decode_ns_iters": [
          2192384,
          2193408,
          2195456,
          2190336,
          2191360,
          2196480,
          2188288,
          2214848,
          2189312,
          2190336,
          2194432,
          2195456,
          2189152,
          2192576,
          2194432,
          2192384,
          2189312,
          2198560,
          2219008,
          2199552,
          2186240,
          2192384,
          2189120,
          2188448,
          2187264,
          2203648,
          2190336,
          2194432,
          2194592,
          2187264
        ],
        "chunk_tokens": 64,
        "block_threads": 256,
        "staged_input_bytes": 249097584,
        "applicable": true
      },
      {
        "kernel": "onpair_dw_k2_t256_b2",
        "role": "experimental",
        "stage_bytes": null,
        "chunk_size": 64,
        "decode_ms": 2.183264,
        "decode_gib_s": 426.57350185724937,
        "decode_ns_iters": [
          2191360,
          2195456,
          2189312,
          2191360,
          2186144,
          2187360,
          2191360,
          2219008,
          2186240,
          2185216,
          2193408,
          2191360,
          2196480,
          2183264,
          2188288,
          2193408,
          2187264,
          2189312,
          2209792,
          2194432,
          2192384,
          2188288,
          2190336,
          2187392,
          2193440,
          2189312,
          2192384,
          2190336,
          2191360,
          2190336
        ],
        "chunk_tokens": 64,
        "block_threads": 256,
        "staged_input_bytes": 249097584,
        "applicable": true
      },
      {
        "kernel": "onpair_dw_k2_t256_b4",
        "role": "experimental",
        "stage_bytes": null,
        "chunk_size": 64,
        "decode_ms": 2.182144,
        "decode_gib_s": 426.7924435595752,
        "decode_ns_iters": [
          2189312,
          2191520,
          2188288,
          2191360,
          2191328,
          2194464,
          2186240,
          2203776,
          2199744,
          2195456,
          2192384,
          2192384,
          2192384,
          2188288,
          2193408,
          2185280,
          2192416,
          2182144,
          2190336,
          2189312,
          2189312,
          2187264,
          2196480,
          2193280,
          2191360,
          2189184,
          2209792,
          2194432,
          2193408,
          2204608
        ],
        "chunk_tokens": 64,
        "block_threads": 256,
        "staged_input_bytes": 249097584,
        "applicable": true
      },
      {
        "kernel": "onpair_dw_k2_t256_b6",
        "role": "experimental",
        "stage_bytes": null,
        "chunk_size": 64,
        "decode_ms": 2.22208,
        "decode_gib_s": 419.121980288228,
        "decode_ns_iters": [
          2233344,
          2233344,
          2233344,
          2233280,
          2224128,
          2231296,
          2263104,
          2234368,
          2222080,
          2228224,
          2229248,
          2262016,
          2227200,
          2229248,
          2232320,
          2241536,
          2238464,
          2240512,
          2233344,
          2233344,
          2234528,
          2239488,
          2229248,
          2233344,
          2233344,
          2228224,
          2232320,
          2235424,
          2251776,
          2232320
        ],
        "chunk_tokens": 64,
        "block_threads": 256,
        "staged_input_bytes": 249097584,
        "applicable": true
      },
      {
        "kernel": "onpair_dw_k2_t256_b8",
        "role": "experimental",
        "stage_bytes": null,
        "chunk_size": 64,
        "decode_ms": 2.2272,
        "decode_gib_s": 418.1584814829677,
        "decode_ns_iters": [
          2265280,
          2232160,
          2235392,
          2233344,
          2233344,
          2233248,
          2232320,
          2234368,
          2233344,
          2233344,
          2234368,
          2228224,
          2234368,
          2232320,
          2233344,
          2237440,
          2234368,
          2232320,
          2227200,
          2228224,
          2230208,
          2228224,
          2229248,
          2231296,
          2237440,
          2234368,
          2236416,
          2231296,
          2234400,
          2240512
        ],
        "chunk_tokens": 64,
        "block_threads": 256,
        "staged_input_bytes": 249097584,
        "applicable": true
      },
      {
        "kernel": "onpair_dw_k3_t64_b1",
        "role": "experimental",
        "stage_bytes": null,
        "chunk_size": 96,
        "decode_ms": 2.364416,
        "decode_gib_s": 393.89116380487434,
        "decode_ns_iters": [
          2388992,
          2392064,
          2388992,
          2387968,
          2391040,
          2393088,
          2390016,
          2392064,
          2391040,
          2388096,
          2388992,
          2392064,
          2391168,
          2390016,
          2392064,
          2392064,
          2385920,
          2384832,
          2383872,
          2379776,
          2382848,
          2388992,
          2412544,
          2389952,
          2377728,
          2367488,
          2368512,
          2370624,
          2364416,
          2365440
        ],
        "chunk_tokens": 96,
        "block_threads": 64,
        "staged_input_bytes": 244234520,
        "applicable": true
      },
      {
        "kernel": "onpair_dw_k3_t64_b2",
        "role": "experimental",
        "stage_bytes": null,
        "chunk_size": 96,
        "decode_ms": 2.37056,
        "decode_gib_s": 392.8702795790301,
        "decode_ns_iters": [
          2382848,
          2379776,
          2398208,
          2380672,
          2383872,
          2380800,
          2384768,
          2377728,
          2377568,
          2373632,
          2370560,
          2374528,
          2370560,
          2374656,
          2375680,
          2397184,
          2392160,
          2390016,
          2390016,
          2397024,
          2399232,
          2391040,
          2417664,
          2383872,
          2384896,
          2383872,
          2379776,
          2382848,
          2388960,
          2388992
        ],
        "chunk_tokens": 96,
        "block_threads": 64,
        "staged_input_bytes": 244234520,
        "applicable": true
      },
      {
        "kernel": "onpair_dw_k3_t64_b4",
        "role": "experimental",
        "stage_bytes": null,
        "chunk_size": 96,
        "decode_ms": 2.363392,
        "decode_gib_s": 394.06182722073424,
        "decode_ns_iters": [
          2376704,
          2364416,
          2366464,
          2364416,
          2363392,
          2366432,
          2372608,
          2368512,
          2372608,
          2372608,
          2363392,
          2405376,
          2373536,
          2366464,
          2372512,
          2368512,
          2369536,
          2371584,
          2371584,
          2364416,
          2404384,
          2373632,
          2390016,
          2383872,
          2384896,
          2387968,
          2387872,
          2384928,
          2381824,
          2411648
        ],
        "chunk_tokens": 96,
        "block_threads": 64,
        "staged_input_bytes": 244234520,
        "applicable": true
      },
      {
        "kernel": "onpair_dw_k3_t64_b6",
        "role": "experimental",
        "stage_bytes": null,
        "chunk_size": 96,
        "decode_ms": 2.371616,
        "decode_gib_s": 392.69534779612957,
        "decode_ns_iters": [
          2382848,
          2380928,
          2378752,
          2383968,
          2377728,
          2391040,
          2395136,
          2406400,
          2382848,
          2380800,
          2382816,
          2388992,
          2383872,
          2388992,
          2384896,
          2382848,
          2387808,
          2388992,
          2389952,
          2386944,
          2395136,
          2379776,
          2373632,
          2402304,
          2374688,
          2379776,
          2381824,
          2378752,
          2380800,
          2371616
        ],
        "chunk_tokens": 96,
        "block_threads": 64,
        "staged_input_bytes": 244234520,
        "applicable": true
      },
      {
        "kernel": "onpair_dw_k3_t64_b8",
        "role": "experimental",
        "stage_bytes": null,
        "chunk_size": 96,
        "decode_ms": 2.36544,
        "decode_gib_s": 393.7206481495475,
        "decode_ns_iters": [
          2368512,
          2365440,
          2368448,
          2365568,
          2368480,
          2374656,
          2367488,
          2365440,
          2368512,
          2365440,
          2367488,
          2366432,
          2381664,
          2388992,
          2391936,
          2380800,
          2408256,
          2380800,
          2383872,
          2383872,
          2381824,
          2386944,
          2387968,
          2386080,
          2382848,
          2388096,
          2382848,
          2380800,
          2382848,
          2375680
        ],
        "chunk_tokens": 96,
        "block_threads": 64,
        "staged_input_bytes": 244234520,
        "applicable": true
      },
      {
        "kernel": "onpair_dw_k3_t128_b1",
        "role": "experimental",
        "stage_bytes": null,
        "chunk_size": 96,
        "decode_ms": 2.110464,
        "decode_gib_s": 441.28806270036625,
        "decode_ns_iters": [
          2112576,
          2113536,
          2111392,
          2114656,
          2141184,
          2114624,
          2113408,
          2111488,
          2112480,
          2110464,
          2116608,
          2128896,
          2112512,
          2115424,
          2114528,
          2115712,
          2115584,
          2113536,
          2135008,
          2113536,
          2112512,
          2111488,
          2114560,
          2110528,
          2116608,
          2119680,
          2111488,
          2116512,
          2115584,
          2118656
        ],
        "chunk_tokens": 96,
        "block_threads": 128,
        "staged_input_bytes": 244234520,
        "applicable": true
      },
      {
        "kernel": "onpair_dw_k3_t128_b2",
        "role": "experimental",
        "stage_bytes": null,
        "chunk_size": 96,
        "decode_ms": 2.10944,
        "decode_gib_s": 441.5022802065314,
        "decode_ns_iters": [
          2115584,
          2115584,
          2114560,
          2134016,
          2120576,
          2114560,
          2118656,
          2112512,
          2115584,
          2110464,
          2114464,
          2112512,
          2113376,
          2119680,
          2114560,
          2113536,
          2115584,
          2115584,
          2109440,
          2115584,
          2140160,
          2116608,
          2120704,
          2123776,
          2115648,
          2114560,
          2120704,
          2130944,
          2122752,
          2116608
        ],
        "chunk_tokens": 96,
        "block_threads": 128,
        "staged_input_bytes": 244234520,
        "applicable": true
      },
      {
        "kernel": "onpair_dw_k3_t128_b4",
        "role": "experimental",
        "stage_bytes": null,
        "chunk_size": 96,
        "decode_ms": 2.107392,
        "decode_gib_s": 441.9313397596962,
        "decode_ns_iters": [
          2116608,
          2125824,
          2116608,
          2113536,
          2109440,
          2107392,
          2114432,
          2112512,
          2118656,
          2113536,
          2116608,
          2116608,
          2142208,
          2115584,
          2112544,
          2115584,
          2117632,
          2114400,
          2116608,
          2113536,
          2114560,
          2115584,
          2117568,
          2110464,
          2116736,
          2113536,
          2116608,
          2127872,
          2113536,
          2112512
        ],
        "chunk_tokens": 96,
        "block_threads": 128,
        "staged_input_bytes": 244234520,
        "applicable": true
      },
      {
        "kernel": "onpair_dw_k3_t128_b6",
        "role": "experimental",
        "stage_bytes": null,
        "chunk_size": 96,
        "decode_ms": 2.111488,
        "decode_gib_s": 441.07405297063764,
        "decode_ns_iters": [
          2113536,
          2114560,
          2113536,
          2120704,
          2119680,
          2116608,
          2111488,
          2114528,
          2120704,
          2119680,
          2119616,
          2114560,
          2117632,
          2118656,
          2112512,
          2112512,
          2113536,
          2116480,
          2112512,
          2146144,
          2116608,
          2113536,
          2114624,
          2115584,
          2116672,
          2115584,
          2115584,
          2112512,
          2114528,
          2116608
        ],
        "chunk_tokens": 96,
        "block_threads": 128,
        "staged_input_bytes": 244234520,
        "applicable": true
      },
      {
        "kernel": "onpair_dw_k3_t128_b8",
        "role": "experimental",
        "stage_bytes": null,
        "chunk_size": 96,
        "decode_ms": 2.108416,
        "decode_gib_s": 441.71670579186724,
        "decode_ns_iters": [
          2136064,
          2112512,
          2114560,
          2109440,
          2117632,
          2115584,
          2118656,
          2117632,
          2113536,
          2110464,
          2111488,
          2140160,
          2117632,
          2111488,
          2111392,
          2115584,
          2114560,
          2114560,
          2143232,
          2110464,
          2111488,
          2112512,
          2111584,
          2110464,
          2112512,
          2132992,
          2110464,
          2108416,
          2110528,
          2115584
        ],
        "chunk_tokens": 96,
        "block_threads": 128,
        "staged_input_bytes": 244234520,
        "applicable": true
      },
      {
        "kernel": "onpair_dw_k3_t256_b1",
        "role": "experimental",
        "stage_bytes": null,
        "chunk_size": 96,
        "decode_ms": 2.101248,
        "decode_gib_s": 443.2235366595783,
        "decode_ns_iters": [
          2108416,
          2106464,
          2103296,
          2108320,
          2110464,
          2106368,
          2101248,
          2105344,
          2105344,
          2102272,
          2135008,
          2104320,
          2107392,
          2103296,
          2103264,
          2105344,
          2104288,
          2108416,
          2102272,
          2109440,
          2106272,
          2109440,
          2107392,
          2112512,
          2103488,
          2107392,
          2104320,
          2104256,
          2116608,
          2108416
        ],
        "chunk_tokens": 96,
        "block_threads": 256,
        "staged_input_bytes": 244234520,
        "applicable": true
      },
      {
        "kernel": "onpair_dw_k3_t256_b2",
        "role": "experimental",
        "stage_bytes": null,
        "chunk_size": 96,
        "decode_ms": 2.103296,
        "decode_gib_s": 442.7919655430647,
        "decode_ns_iters": [
          2106368,
          2109440,
          2139136,
          2109440,
          2107392,
          2107488,
          2103296,
          2109440,
          2106368,
          2123776,
          2104224,
          2109440,
          2105344,
          2108416,
          2111488,
          2104320,
          2109440,
          2106368,
          2107392,
          2106368,
          2104320,
          2106304,
          2112512,
          2110464,
          2105408,
          2106368,
          2126848,
          2111488,
          2136064,
          2106240
        ],
        "chunk_tokens": 96,
        "block_threads": 256,
        "staged_input_bytes": 244234520,
        "applicable": true
      },
      {
        "kernel": "onpair_dw_k3_t256_b4",
        "role": "experimental",
        "stage_bytes": null,
        "chunk_size": 96,
        "decode_ms": 2.107264,
        "decode_gib_s": 441.9581836726987,
        "decode_ns_iters": [
          2109344,
          2107584,
          2129792,
          2109632,
          2108544,
          2110464,
          2110432,
          2111488,
          2116608,
          2111488,
          2108416,
          2109440,
          2111488,
          2140160,
          2108416,
          2108480,
          2115584,
          2117632,
          2115488,
          2110368,
          2134048,
          2109440,
          2108416,
          2107264,
          2111488,
          2121728,
          2112512,
          2127872,
          2114560,
          2107392
        ],
        "chunk_tokens": 96,
        "block_threads": 256,
        "staged_input_bytes": 244234520,
        "applicable": true
      },
      {
        "kernel": "onpair_dw_k3_t256_b6",
        "role": "experimental",
        "stage_bytes": null,
        "chunk_size": 96,
        "decode_ms": 2.409472,
        "decode_gib_s": 386.5255831812387,
        "decode_ns_iters": [
          2430976,
          2442240,
          2426880,
          2427904,
          2425760,
          2428832,
          2425856,
          2423808,
          2428928,
          2421760,
          2417664,
          2448352,
          2416640,
          2420736,
          2418656,
          2421760,
          2446176,
          2426880,
          2418688,
          2414752,
          2416640,
          2415616,
          2419744,
          2418688,
          2432000,
          2409472,
          2418688,
          2411552,
          2411520,
          2412544
        ],
        "chunk_tokens": 96,
        "block_threads": 256,
        "staged_input_bytes": 244234520,
        "applicable": true
      },
      {
        "kernel": "onpair_dw_k3_t256_b8",
        "role": "experimental",
        "stage_bytes": null,
        "chunk_size": 96,
        "decode_ms": 2.40128,
        "decode_gib_s": 387.8442205652259,
        "decode_ns_iters": [
          2406400,
          2401280,
          2408448,
          2404352,
          2403328,
          2403328,
          2404352,
          2402304,
          2411456,
          2408448,
          2408448,
          2413568,
          2410464,
          2411488,
          2409472,
          2416640,
          2442240,
          2421760,
          2419712,
          2421760,
          2415616,
          2419712,
          2423808,
          2416640,
          2422784,
          2420736,
          2418688,
          2417664,
          2419712,
          2424800
        ],
        "chunk_tokens": 96,
        "block_threads": 256,
        "staged_input_bytes": 244234520,
        "applicable": true
      },
      {
        "kernel": "onpair_dw_k4_t64_b1",
        "role": "experimental",
        "stage_bytes": null,
        "chunk_size": 128,
        "decode_ms": 2.336768,
        "decode_gib_s": 398.55157634770137,
        "decode_ns_iters": [
          2344960,
          2344960,
          2344960,
          2344960,
          2341888,
          2343808,
          2349056,
          2357248,
          2350080,
          2349056,
          2350080,
          2349056,
          2351104,
          2343936,
          2353152,
          2345984,
          2363392,
          2347008,
          2352128,
          2344960,
          2350080,
          2353152,
          2353152,
          2338816,
          2336768,
          2340864,
          2339840,
          2341888,
          2340864,
          2340864
        ],
        "chunk_tokens": 128,
        "block_threads": 64,
        "staged_input_bytes": 241802992,
        "applicable": true
      },
      {
        "kernel": "onpair_dw_k4_t64_b2",
        "role": "experimental",
        "stage_bytes": null,
        "chunk_size": 128,
        "decode_ms": 2.301952,
        "decode_gib_s": 404.579491648334,
        "decode_ns_iters": [
          2339840,
          2339872,
          2340768,
          2338816,
          2338816,
          2333696,
          2342912,
          2350080,
          2321408,
          2314240,
          2316384,
          2316288,
          2317312,
          2315264,
          2321440,
          2313184,
          2306048,
          2312192,
          2309120,
          2314240,
          2311168,
          2308096,
          2313216,
          2301952,
          2306048,
          2306048,
          2305024,
          2305024,
          2302976,
          2301952
        ],
        "chunk_tokens": 128,
        "block_threads": 64,
        "staged_input_bytes": 241802992,
        "applicable": true
      },
      {
        "kernel": "onpair_dw_k4_t64_b4",
        "role": "experimental",
        "stage_bytes": null,
        "chunk_size": 128,
        "decode_ms": 2.29888,
        "decode_gib_s": 405.1201323944119,
        "decode_ns_iters": [
          2298880,
          2299904,
          2298880,
          2300064,
          2300928,
          2308064,
          2319360,
          2323456,
          2324416,
          2321408,
          2322368,
          2319360,
          2320384,
          2316352,
          2329600,
          2323456,
          2330560,
          2328736,
          2331648,
          2333568,
          2331648,
          2325504,
          2332672,
          2325504,
          2322432,
          2320352,
          2319360,
          2318336,
          2319360,
          2323456
        ],
        "chunk_tokens": 128,
        "block_threads": 64,
        "staged_input_bytes": 241802992,
        "applicable": true
      },
      {
        "kernel": "onpair_dw_k4_t64_b6",
        "role": "experimental",
        "stage_bytes": null,
        "chunk_size": 128,
        "decode_ms": 2.315264,
        "decode_gib_s": 402.2532937750795,
        "decode_ns_iters": [
          2339840,
          2338816,
          2342912,
          2341760,
          2334720,
          2337760,
          2321408,
          2316288,
          2316288,
          2317312,
          2320384,
          2316288,
          2315264,
          2316288,
          2350080,
          2344896,
          2343936,
          2348032,
          2355200,
          2349952,
          2345984,
          2352128,
          2365440,
          2381824,
          2352128,
          2356224,
          2356224,
          2359296,
          2358272,
          2357248
        ],
        "chunk_tokens": 128,
        "block_threads": 64,
        "staged_input_bytes": 241802992,
        "applicable": true
      },
      {
        "kernel": "onpair_dw_k4_t64_b8",
        "role": "experimental",
        "stage_bytes": null,
        "chunk_size": 128,
        "decode_ms": 2.332672,
        "decode_gib_s": 399.2514035230266,
        "decode_ns_iters": [
          2348032,
          2350976,
          2343936,
          2343936,
          2345920,
          2345984,
          2335744,
          2333536,
          2333696,
          2333696,
          2336704,
          2334720,
          2335744,
          2358272,
          2344960,
          2374656,
          2342912,
          2342912,
          2342912,
          2342912,
          2341888,
          2350080,
          2339840,
          2338816,
          2333728,
          2336768,
          2332672,
          2336768,
          2335872,
          2334720
        ],
        "chunk_tokens": 128,
        "block_threads": 64,
        "staged_input_bytes": 241802992,
        "applicable": true
      },
      {
        "kernel": "onpair_dw_k4_t128_b1",
        "role": "experimental",
        "stage_bytes": null,
        "chunk_size": 128,
        "decode_ms": 2.287616,
        "decode_gib_s": 407.1149047562466,
        "decode_ns_iters": [
          2314240,
          2312192,
          2314240,
          2313312,
          2315264,
          2317312,
          2336768,
          2306048,
          2334720,
          2305024,
          2325440,
          2305024,
          2301792,
          2311168,
          2291872,
          2298880,
          2295808,
          2293760,
          2294784,
          2297760,
          2297856,
          2295808,
          2291712,
          2290688,
          2290688,
          2304064,
          2290528,
          2287616,
          2289824,
          2291712
        ],
        "chunk_tokens": 128,
        "block_threads": 128,
        "staged_input_bytes": 241802992,
        "applicable": true
      },
      {
        "kernel": "onpair_dw_k4_t128_b2",
        "role": "experimental",
        "stage_bytes": null,
        "chunk_size": 128,
        "decode_ms": 2.287616,
        "decode_gib_s": 407.1149047562466,
        "decode_ns_iters": [
          2289856,
          2289664,
          2299904,
          2287616,
          2291712,
          2297856,
          2315264,
          2312192,
          2315264,
          2313216,
          2311168,
          2314336,
          2314240,
          2313216,
          2312192,
          2313216,
          2314240,
          2313216,
          2314240,
          2313216,
          2313344,
          2315264,
          2316128,
          2310208,
          2317312,
          2329600,
          2314240,
          2315264,
          2319360,
          2324480
        ],
        "chunk_tokens": 128,
        "block_threads": 128,
        "staged_input_bytes": 241802992,
        "applicable": true
      },
      {
        "kernel": "onpair_dw_k4_t128_b4",
        "role": "experimental",
        "stage_bytes": null,
        "chunk_size": 128,
        "decode_ms": 2.295808,
        "decode_gib_s": 405.6622199935124,
        "decode_ns_iters": [
          2315264,
          2336768,
          2312128,
          2312192,
          2315264,
          2317216,
          2325504,
          2313216,
          2320384,
          2313216,
          2316416,
          2312192,
          2311168,
          2318336,
          2312192,
          2295808,
          2296768,
          2298880,
          2296832,
          2304000,
          2302784,
          2307072,
          2304000,
          2299904,
          2299904,
          2306048,
          2304000,
          2297856,
          2331840,
          2300928
        ],
        "chunk_tokens": 128,
        "block_threads": 128,
        "staged_input_bytes": 241802992,
        "applicable": true
      },
      {
        "kernel": "onpair_dw_k4_t128_b6",
        "role": "experimental",
        "stage_bytes": null,
        "chunk_size": 128,
        "decode_ms": 2.287616,
        "decode_gib_s": 407.1149047562466,
        "decode_ns_iters": [
          2300928,
          2313216,
          2302976,
          2325376,
          2297856,
          2318336,
          2291712,
          2291712,
          2296832,
          2288640,
          2287616,
          2293760,
          2296832,
          2294784,
          2294784,
          2292736,
          2291712,
          2296832,
          2296832,
          2293760,
          2299904,
          2295808,
          2332672,
          2306048,
          2311168,
          2306048,
          2308064,
          2304000,
          2309120,
          2306048
        ],
        "chunk_tokens": 128,
        "block_threads": 128,
        "staged_input_bytes": 241802992,
        "applicable": true
      },
      {
        "kernel": "onpair_dw_k4_t128_b8",
        "role": "experimental",
        "stage_bytes": null,
        "chunk_size": 128,
        "decode_ms": 2.300928,
        "decode_gib_s": 404.75954482663764,
        "decode_ns_iters": [
          2300928,
          2301952,
          2301952,
          2300928,
          2302976,
          2305024,
          2356224,
          2325504,
          2332800,
          2326528,
          2326528,
          2325600,
          2328544,
          2329600,
          2350080,
          2342784,
          2345984,
          2343936,
          2352224,
          2350080,
          2352128,
          2345056,
          2347168,
          2341888,
          2342912,
          2341888,
          2334848,
          2338816,
          2336736,
          2338816
        ],
        "chunk_tokens": 128,
        "block_threads": 128,
        "staged_input_bytes": 241802992,
        "applicable": true
      },
      {
        "kernel": "onpair_dw_k4_t256_b1",
        "role": "experimental",
        "stage_bytes": null,
        "chunk_size": 128,
        "decode_ms": 2.288736,
        "decode_gib_s": 406.91568182563026,
        "decode_ns_iters": [
          2314240,
          2319360,
          2317312,
          2321408,
          2318336,
          2312192,
          2301952,
          2299904,
          2298880,
          2301952,
          2299904,
          2304000,
          2301952,
          2309120,
          2293760,
          2294784,
          2297856,
          2296832,
          2288736,
          2292736,
          2294784,
          2306048,
          2313216,
          2329600,
          2308096,
          2327552,
          2308000,
          2308096,
          2306048,
          2311168
        ],
        "chunk_tokens": 128,
        "block_threads": 256,
        "staged_input_bytes": 241802992,
        "applicable": true
      },
      {
        "kernel": "onpair_dw_k4_t256_b2",
        "role": "experimental",
        "stage_bytes": null,
        "chunk_size": 128,
        "decode_ms": 2.281472,
        "decode_gib_s": 408.2112644638486,
        "decode_ns_iters": [
          2318336,
          2310144,
          2322432,
          2315264,
          2318336,
          2327552,
          2324416,
          2310144,
          2307072,
          2304000,
          2312128,
          2305024,
          2309056,
          2317312,
          2294784,
          2295936,
          2291552,
          2288640,
          2295808,
          2293760,
          2288640,
          2327552,
          2288640,
          2308096,
          2286592,
          2281472,
          2285568,
          2284480,
          2283520,
          2283392
        ],
        "chunk_tokens": 128,
        "block_threads": 256,
        "staged_input_bytes": 241802992,
        "applicable": true
      },
      {
        "kernel": "onpair_dw_k4_t256_b4",
        "role": "experimental",
        "stage_bytes": null,
        "chunk_size": 128,
        "decode_ms": 2.27328,
        "decode_gib_s": 409.68229604750206,
        "decode_ns_iters": [
          2275200,
          2282496,
          2276352,
          2287488,
          2273280,
          2274304,
          2289664,
          2284544,
          2287744,
          2285568,
          2284544,
          2287616,
          2287616,
          2289664,
          2344960,
          2311168,
          2343840,
          2317184,
          2318336,
          2316288,
          2336768,
          2315264,
          2362368,
          2324480,
          2331648,
          2335680,
          2332640,
          2332672,
          2330624,
          2331584
        ],
        "chunk_tokens": 128,
        "block_threads": 256,
        "staged_input_bytes": 241802992,
        "applicable": true
      },
      {
        "kernel": "onpair_dw_k4_t256_b6",
        "role": "experimental",
        "stage_bytes": null,
        "chunk_size": 128,
        "decode_ms": 2.345984,
        "decode_gib_s": 396.9859001420579,
        "decode_ns_iters": [
          2376704,
          2374656,
          2371584,
          2377792,
          2393088,
          2365440,
          2355040,
          2349056,
          2354240,
          2354176,
          2350080,
          2358272,
          2353152,
          2365440,
          2361344,
          2349056,
          2354176,
          2359296,
          2356224,
          2374656,
          2353248,
          2353152,
          2345984,
          2350080,
          2350080,
          2350080,
          2348032,
          2348032,
          2347008,
          2349984
        ],
        "chunk_tokens": 128,
        "block_threads": 256,
        "staged_input_bytes": 241802992,
        "applicable": true
      },
      {
        "kernel": "onpair_dw_k4_t256_b8",
        "role": "experimental",
        "stage_bytes": null,
        "chunk_size": 128,
        "decode_ms": 2.31424,
        "decode_gib_s": 402.4312819581658,
        "decode_ns_iters": [
          2337792,
          2338944,
          2337792,
          2341888,
          2348032,
          2338816,
          2335744,
          2340800,
          2337792,
          2336768,
          2332672,
          2332672,
          2332704,
          2337792,
          2336768,
          2337792,
          2337792,
          2336768,
          2334688,
          2336896,
          2337728,
          2344960,
          2316288,
          2365376,
          2314240,
          2329728,
          2323488,
          2323456,
          2324480,
          2330624
        ],
        "chunk_tokens": 128,
        "block_threads": 256,
        "staged_input_bytes": 241802992,
        "applicable": true
      },
      {
        "kernel": "onpair_dw_k5_t64_b1",
        "role": "experimental",
        "stage_bytes": null,
        "chunk_size": 160,
        "decode_ms": 2.3192,
        "decode_gib_s": 401.57061484945916,
        "decode_ns_iters": [
          2321408,
          2326528,
          2323456,
          2319200,
          2339840,
          2347008,
          2347072,
          2345984,
          2345984,
          2350080,
          2350080,
          2348032,
          2368512,
          2359296,
          2349056,
          2354176,
          2352128,
          2356224,
          2349056,
          2388992,
          2360320,
          2343936,
          2344832,
          2338816,
          2346048,
          2342912,
          2348032,
          2338816,
          2362368,
          2359136
        ],
        "chunk_tokens": 160,
        "block_threads": 64,
        "staged_input_bytes": 240344072,
        "applicable": true
      },
      {
        "kernel": "onpair_dw_k5_t64_b2",
        "role": "experimental",
        "stage_bytes": null,
        "chunk_size": 160,
        "decode_ms": 2.338816,
        "decode_gib_s": 398.2025819726159,
        "decode_ns_iters": [
          2357248,
          2356224,
          2356096,
          2353152,
          2352128,
          2353088,
          2349952,
          2371584,
          2349056,
          2355200,
          2349056,
          2350080,
          2340864,
          2338816,
          2340864,
          2339840,
          2352128,
          2349056,
          2349952,
          2351232,
          2356224,
          2355200,
          2363392,
          2356224,
          2358272,
          2354176,
          2370560,
          2360288,
          2356224,
          2352128
        ],
        "chunk_tokens": 160,
        "block_threads": 64,
        "staged_input_bytes": 240344072,
        "applicable": true
      },
      {
        "kernel": "onpair_dw_k5_t64_b4",
        "role": "experimental",
        "stage_bytes": null,
        "chunk_size": 160,
        "decode_ms": 2.31936,
        "decode_gib_s": 401.54291268232,
        "decode_ns_iters": [
          2356064,
          2350080,
          2356224,
          2349056,
          2344960,
          2327520,
          2322432,
          2321312,
          2323456,
          2324480,
          2319360,
          2335904,
          2327552,
          2332672,
          2329600,
          2327552,
          2330624,
          2336768,
          2329728,
          2355200,
          2349024,
          2351104,
          2352128,
          2352128,
          2352128,
          2349120,
          2351104,
          2374656,
          2357248,
          2350080
        ],
        "chunk_tokens": 160,
        "block_threads": 64,
        "staged_input_bytes": 240344072,
        "applicable": true
      },
      {
        "kernel": "onpair_dw_k5_t64_b6",
        "role": "experimental",
        "stage_bytes": null,
        "chunk_size": 160,
        "decode_ms": 2.328576,
        "decode_gib_s": 399.95369271128175,
        "decode_ns_iters": [
          2354176,
          2379776,
          2351104,
          2336768,
          2330624,
          2333696,
          2333664,
          2328576,
          2333696,
          2332672,
          2330624,
          2349056,
          2344960,
          2340864,
          2340864,
          2346176,
          2341760,
          2338816,
          2340736,
          2344960,
          2363392,
          2359296,
          2354176,
          2353184,
          2353152,
          2348032,
          2355264,
          2383872,
          2367488,
          2357248
        ],
        "chunk_tokens": 160,
        "block_threads": 64,
        "staged_input_bytes": 240344072,
        "applicable": true
      },
      {
        "kernel": "onpair_dw_k5_t64_b8",
        "role": "experimental",
        "stage_bytes": null,
        "chunk_size": 160,
        "decode_ms": 2.317312,
        "decode_gib_s": 401.89778931747895,
        "decode_ns_iters": [
          2352128,
          2352288,
          2352128,
          2343840,
          2342912,
          2342912,
          2339840,
          2339712,
          2343936,
          2343936,
          2339840,
          2324480,
          2319232,
          2320384,
          2320384,
          2320512,
          2324480,
          2320320,
          2319360,
          2325504,
          2327552,
          2323456,
          2322432,
          2319360,
          2320384,
          2323456,
          2332672,
          2325504,
          2324640,
          2317312
        ],
        "chunk_tokens": 160,
        "block_threads": 64,
        "staged_input_bytes": 240344072,
        "applicable": true
      },
      {
        "kernel": "onpair_dw_k5_t128_b1",
        "role": "experimental",
        "stage_bytes": null,
        "chunk_size": 160,
        "decode_ms": 2.308288,
        "decode_gib_s": 403.4689648600459,
        "decode_ns_iters": [
          2310048,
          2308288,
          2312192,
          2318336,
          2313216,
          2314336,
          2313184,
          2317312,
          2317312,
          2314240,
          2320384,
          2317312,
          2319360,
          2314240,
          2315232,
          2319200,
          2316288,
          2315264,
          2319200,
          2315264,
          2347008,
          2318336,
          2336768,
          2316192,
          2313216,
          2315264,
          2314336,
          2324320,
          2314240,
          2315264
        ],
        "chunk_tokens": 160,
        "block_threads": 128,
        "staged_input_bytes": 240344072,
        "applicable": true
      },
      {
        "kernel": "onpair_dw_k5_t128_b2",
        "role": "experimental",
        "stage_bytes": null,
        "chunk_size": 160,
        "decode_ms": 2.313216,
        "decode_gib_s": 402.6094277226448,
        "decode_ns_iters": [
          2314240,
          2316288,
          2320384,
          2316288,
          2315264,
          2317312,
          2313216,
          2315264,
          2325504,
          2313216,
          2341888,
          2352000,
          2375616,
          2345984,
          2352256,
          2344960,
          2346048,
          2343936,
          2347008,
          2354176,
          2344928,
          2348032,
          2345984,
          2345984,
          2345024,
          2349056,
          2342784,
          2339840,
          2335744,
          2336768
        ],
        "chunk_tokens": 160,
        "block_threads": 128,
        "staged_input_bytes": 240344072,
        "applicable": true
      },
      {
        "kernel": "onpair_dw_k5_t128_b4",
        "role": "experimental",
        "stage_bytes": null,
        "chunk_size": 160,
        "decode_ms": 2.302976,
        "decode_gib_s": 404.3995985884636,
        "decode_ns_iters": [
          2336768,
          2335744,
          2340864,
          2330528,
          2327552,
          2325504,
          2323456,
          2325504,
          2324480,
          2326528,
          2334720,
          2327552,
          2320384,
          2344768,
          2314240,
          2343936,
          2313280,
          2315232,
          2314240,
          2310144,
          2308096,
          2306048,
          2302976,
          2304032,
          2309120,
          2308096,
          2302976,
          2313216,
          2304000,
          2308096
        ],
        "chunk_tokens": 160,
        "block_threads": 128,
        "staged_input_bytes": 240344072,
        "applicable": true
      },
      {
        "kernel": "onpair_dw_k5_t128_b6",
        "role": "experimental",
        "stage_bytes": null,
        "chunk_size": 160,
        "decode_ms": 2.294784,
        "decode_gib_s": 405.84323838708383,
        "decode_ns_iters": [
          2302976,
          2308032,
          2312192,
          2296832,
          2299904,
          2323456,
          2302016,
          2294784,
          2300992,
          2300096,
          2313216,
          2354144,
          2356224,
          2371520,
          2344928,
          2342880,
          2345984,
          2347040,
          2347008,
          2362368,
          2349056,
          2356288,
          2358272,
          2352128,
          2348992,
          2359296,
          2355200,
          2367488,
          2369472,
          2366464
        ],
        "chunk_tokens": 160,
        "block_threads": 128,
        "staged_input_bytes": 240344072,
        "applicable": true
      },
      {
        "kernel": "onpair_dw_k5_t128_b8",
        "role": "experimental",
        "stage_bytes": null,
        "chunk_size": 160,
        "decode_ms": 2.336768,
        "decode_gib_s": 398.55157634770137,
        "decode_ns_iters": [
          2369536,
          2371584,
          2367424,
          2347008,
          2347008,
          2352192,
          2344960,
          2348032,
          2347072,
          2345920,
          2361344,
          2336768,
          2355040,
          2338688,
          2352128,
          2337792,
          2351104,
          2338784,
          2371584,
          2347008,
          2371584,
          2348032,
          2345984,
          2345984,
          2343936,
          2345888,
          2356224,
          2347008,
          2355200,
          2361344
        ],
        "chunk_tokens": 160,
        "block_threads": 128,
        "staged_input_bytes": 240344072,
        "applicable": true
      },
      {
        "kernel": "onpair_dw_k5_t256_b1",
        "role": "experimental",
        "stage_bytes": null,
        "chunk_size": 160,
        "decode_ms": 2.307168,
        "decode_gib_s": 403.6648262973765,
        "decode_ns_iters": [
          2328576,
          2327552,
          2321408,
          2308000,
          2314240,
          2312096,
          2313216,
          2340736,
          2312192,
          2330624,
          2319360,
          2312192,
          2309088,
          2307168,
          2309120,
          2310144,
          2312192,
          2310144,
          2323456,
          2321408,
          2318336,
          2321408,
          2319360,
          2319200,
          2321408,
          2326528,
          2333696,
          2345984,
          2322432,
          2328448
        ],
        "chunk_tokens": 160,
        "block_threads": 256,
        "staged_input_bytes": 240344072,
        "applicable": true
      },
      {
        "kernel": "onpair_dw_k5_t256_b2",
        "role": "experimental",
        "stage_bytes": null,
        "chunk_size": 160,
        "decode_ms": 2.311168,
        "decode_gib_s": 402.9661928336087,
        "decode_ns_iters": [
          2322432,
          2325376,
          2327456,
          2325504,
          2311168,
          2314240,
          2312192,
          2311168,
          2312192,
          2338816,
          2326528,
          2336928,
          2314176,
          2322432,
          2319360,
          2321408,
          2329600,
          2322272,
          2316288,
          2319200,
          2317312,
          2319360,
          2317312,
          2315264,
          2316288,
          2315264,
          2320384,
          2318336,
          2319360,
          2319360
        ],
        "chunk_tokens": 160,
        "block_threads": 256,
        "staged_input_bytes": 240344072,
        "applicable": true
      },
      {
        "kernel": "onpair_dw_k5_t256_b4",
        "role": "experimental",
        "stage_bytes": null,
        "chunk_size": 160,
        "decode_ms": 2.31104,
        "decode_gib_s": 402.98851164794445,
        "decode_ns_iters": [
          2321408,
          2332672,
          2319360,
          2320320,
          2318336,
          2343936,
          2311040,
          2347008,
          2319328,
          2335744,
          2318336,
          2317312,
          2335712,
          2331776,
          2329600,
          2332672,
          2332608,
          2325504,
          2330624,
          2327712,
          2327552,
          2328576,
          2329600,
          2330624,
          2331648,
          2325504,
          2334528,
          2329472,
          2329568,
          2330592
        ],
        "chunk_tokens": 160,
        "block_threads": 256,
        "staged_input_bytes": 240344072,
        "applicable": true
      },
      {
        "kernel": "onpair_dw_k5_t256_b6",
        "role": "experimental",
        "stage_bytes": null,
        "chunk_size": 160,
        "decode_ms": 2.2528,
        "decode_gib_s": 413.40668055702486,
        "decode_ns_iters": [
          2283520,
          2291712,
          2279392,
          2282496,
          2273280,
          2314080,
          2275328,
          2274304,
          2273408,
          2278336,
          2279424,
          2272160,
          2273280,
          2276352,
          2269120,
          2278400,
          2275328,
          2273216,
          2271136,
          2263904,
          2262016,
          2294784,
          2259968,
          2252800,
          2258944,
          2256896,
          2265088,
          2281472,
          2305024,
          2271232
        ],
        "chunk_tokens": 160,
        "block_threads": 256,
        "staged_input_bytes": 240344072,
        "applicable": true
      },
      {
        "kernel": "onpair_dw_k5_t256_b8",
        "role": "experimental",
        "stage_bytes": null,
        "chunk_size": 160,
        "decode_ms": 2.29888,
        "decode_gib_s": 405.1201323944119,
        "decode_ns_iters": [
          2322432,
          2321408,
          2316288,
          2299904,
          2301952,
          2301952,
          2298880,
          2300928,
          2302144,
          2301952,
          2338816,
          2322432,
          2338816,
          2318336,
          2319360,
          2320384,
          2316288,
          2318336,
          2316288,
          2322432,
          2322432,
          2315264,
          2320384,
          2319360,
          2321408,
          2318176,
          2327552,
          2318336,
          2344960,
          2340832
        ],
        "chunk_tokens": 160,
        "block_threads": 256,
        "staged_input_bytes": 240344072,
        "applicable": true
      },
      {
        "kernel": "onpair_dw_k6_t64_b1",
        "role": "experimental",
        "stage_bytes": null,
        "chunk_size": 192,
        "decode_ms": 2.350048,
        "decode_gib_s": 396.29938195256676,
        "decode_ns_iters": [
          2365312,
          2360320,
          2365440,
          2354176,
          2354176,
          2350976,
          2352128,
          2350080,
          2353152,
          2350048,
          2359296,
          2358272,
          2358272,
          2372608,
          2366464,
          2367488,
          2365440,
          2391040,
          2375648,
          2355200,
          2355200,
          2363392,
          2355200,
          2352128,
          2351104,
          2354176,
          2359296,
          2357248,
          2354176,
          2357248
        ],
        "chunk_tokens": 192,
        "block_threads": 64,
        "staged_input_bytes": 239371456,
        "applicable": true
      },
      {
        "kernel": "onpair_dw_k6_t64_b2",
        "role": "experimental",
        "stage_bytes": null,
        "chunk_size": 192,
        "decode_ms": 2.330624,
        "decode_gib_s": 399.602239554242,
        "decode_ns_iters": [
          2358272,
          2354144,
          2353152,
          2354176,
          2344960,
          2353152,
          2349056,
          2350080,
          2355200,
          2353152,
          2354176,
          2367488,
          2351104,
          2379776,
          2353184,
          2360320,
          2353152,
          2353152,
          2343936,
          2335744,
          2334784,
          2330624,
          2342912,
          2342848,
          2334720,
          2340736,
          2358272,
          2352128,
          2350080,
          2351008
        ],
        "chunk_tokens": 192,
        "block_threads": 64,
        "staged_input_bytes": 239371456,
        "applicable": true
      },
      {
        "kernel": "onpair_dw_k6_t64_b4",
        "role": "experimental",
        "stage_bytes": null,
        "chunk_size": 192,
        "decode_ms": 2.342912,
        "decode_gib_s": 397.5064236125239,
        "decode_ns_iters": [
          2354240,
          2355200,
          2354176,
          2350080,
          2353152,
          2348032,
          2342912,
          2352128,
          2355200,
          2351104,
          2352128,
          2353088,
          2354176,
          2352032,
          2348032,
          2363392,
          2360320,
          2353152,
          2354176,
          2356224,
          2354176,
          2355040,
          2350080,
          2352128,
          2352128,
          2367488,
          2353152,
          2385920,
          2352128,
          2359296
        ],
        "chunk_tokens": 192,
        "block_threads": 64,
        "staged_input_bytes": 239371456,
        "applicable": true
      },
      {
        "kernel": "onpair_dw_k6_t64_b6",
        "role": "experimental",
        "stage_bytes": null,
        "chunk_size": 192,
        "decode_ms": 2.348064,
        "decode_gib_s": 396.6342356762276,
        "decode_ns_iters": [
          2354176,
          2358368,
          2348064,
          2355200,
          2350080,
          2350080,
          2352128,
          2351168,
          2357184,
          2352128,
          2351104,
          2356288,
          2356224,
          2352128,
          2355200,
          2360320,
          2361344,
          2364416,
          2351104,
          2357248,
          2351104,
          2350048,
          2352128,
          2350080,
          2350080,
          2354176,
          2351104,
          2369536,
          2355200,
          2380736
        ],
        "chunk_tokens": 192,
        "block_threads": 64,
        "staged_input_bytes": 239371456,
        "applicable": true
      },
      {
        "kernel": "onpair_dw_k6_t64_b8",
        "role": "experimental",
        "stage_bytes": null,
        "chunk_size": 192,
        "decode_ms": 2.340864,
        "decode_gib_s": 397.8541982613538,
        "decode_ns_iters": [
          2357088,
          2356384,
          2351232,
          2357152,
          2353216,
          2348032,
          2349056,
          2356224,
          2356256,
          2357248,
          2357248,
          2356096,
          2356224,
          2354176,
          2353152,
          2356224,
          2351104,
          2348032,
          2345120,
          2348896,
          2349056,
          2346944,
          2349056,
          2340864,
          2355200,
          2352992,
          2352128,
          2364352,
          2352128,
          2385792
        ],
        "chunk_tokens": 192,
        "block_threads": 64,
        "staged_input_bytes": 239371456,
        "applicable": true
      },
      {
        "kernel": "onpair_dw_k6_t128_b1",
        "role": "experimental",
        "stage_bytes": null,
        "chunk_size": 192,
        "decode_ms": 2.320384,
        "decode_gib_s": 401.36570927866495,
        "decode_ns_iters": [
          2355200,
          2354176,
          2353056,
          2353152,
          2352224,
          2357248,
          2350080,
          2355200,
          2353152,
          2337792,
          2343936,
          2342848,
          2341952,
          2340864,
          2343936,
          2344960,
          2345856,
          2328576,
          2324480,
          2325504,
          2325504,
          2328576,
          2321408,
          2320384,
          2332672,
          2358272,
          2354208,
          2353216,
          2361344,
          2358272
        ],
        "chunk_tokens": 192,
        "block_threads": 128,
        "staged_input_bytes": 239371456,
        "applicable": true
      },
      {
        "kernel": "onpair_dw_k6_t128_b2",
        "role": "experimental",
        "stage_bytes": null,
        "chunk_size": 192,
        "decode_ms": 2.349056,
        "decode_gib_s": 396.46673811048595,
        "decode_ns_iters": [
          2376704,
          2363392,
          2364416,
          2365408,
          2359296,
          2366464,
          2388000,
          2367488,
          2359296,
          2364416,
          2358144,
          2365440,
          2366464,
          2369504,
          2366464,
          2369536,
          2361344,
          2362272,
          2349056,
          2356224,
          2354176,
          2367488,
          2354176,
          2364416,
          2360320,
          2353056,
          2358304,
          2358272,
          2351104,
          2354176
        ],
        "chunk_tokens": 192,
        "block_threads": 128,
        "staged_input_bytes": 239371456,
        "applicable": true
      },
      {
        "kernel": "onpair_dw_k6_t128_b4",
        "role": "experimental",
        "stage_bytes": null,
        "chunk_size": 192,
        "decode_ms": 2.337664,
        "decode_gib_s": 398.39881606546777,
        "decode_ns_iters": [
          2353984,
          2356224,
          2353152,
          2350080,
          2351008,
          2356224,
          2354176,
          2357248,
          2355200,
          2345152,
          2339840,
          2337664,
          2349056,
          2344992,
          2340736,
          2362368,
          2370560,
          2362368,
          2365280,
          2364416,
          2364416,
          2403456,
          2378752,
          2366464,
          2354176,
          2353152,
          2351104,
          2365440,
          2354176,
          2351104
        ],
        "chunk_tokens": 192,
        "block_threads": 128,
        "staged_input_bytes": 239371456,
        "applicable": true
      },
      {
        "kernel": "onpair_dw_k6_t128_b6",
        "role": "experimental",
        "stage_bytes": null,
        "chunk_size": 192,
        "decode_ms": 2.33984,
        "decode_gib_s": 398.0283138842252,
        "decode_ns_iters": [
          2357408,
          2354272,
          2353120,
          2354176,
          2350080,
          2357216,
          2353152,
          2375680,
          2342912,
          2345984,
          2347168,
          2352128,
          2343936,
          2339840,
          2354176,
          2350080,
          2352128,
          2354176,
          2370560,
          2362368,
          2354176,
          2347936,
          2351104,
          2387968,
          2340864,
          2373760,
          2358272,
          2341888,
          2341888,
          2343936
        ],
        "chunk_tokens": 192,
        "block_threads": 128,
        "staged_input_bytes": 239371456,
        "applicable": true
      },
      {
        "kernel": "onpair_dw_k6_t128_b8",
        "role": "experimental",
        "stage_bytes": null,
        "chunk_size": 192,
        "decode_ms": 2.317312,
        "decode_gib_s": 401.89778931747895,
        "decode_ns_iters": [
          2341888,
          2341888,
          2343936,
          2338816,
          2353152,
          2336768,
          2341888,
          2328576,
          2328576,
          2345984,
          2333696,
          2324480,
          2317312,
          2318336,
          2337792,
          2359296,
          2354080,
          2367488,
          2371584,
          2382720,
          2363392,
          2351104,
          2364416,
          2353152,
          2376704,
          2386048,
          2381824,
          2381824,
          2373632,
          2396288
        ],
        "chunk_tokens": 192,
        "block_threads": 128,
        "staged_input_bytes": 239371456,
        "applicable": true
      },
      {
        "kernel": "onpair_dw_k6_t256_b1",
        "role": "experimental",
        "stage_bytes": null,
        "chunk_size": 192,
        "decode_ms": 2.27328,
        "decode_gib_s": 409.68229604750206,
        "decode_ns_iters": [
          2288640,
          2298880,
          2285568,
          2284544,
          2286528,
          2285504,
          2285568,
          2285536,
          2280448,
          2310144,
          2290688,
          2276352,
          2276352,
          2277376,
          2273280,
          2290688,
          2284544,
          2288640,
          2307072,
          2285568,
          2305024,
          2280448,
          2287456,
          2286784,
          2277376,
          2276352,
          2276352,
          2293760,
          2279392,
          2273280
        ],
        "chunk_tokens": 192,
        "block_threads": 256,
        "staged_input_bytes": 239371456,
        "applicable": true
      },
      {
        "kernel": "onpair_dw_k6_t256_b2",
        "role": "experimental",
        "stage_bytes": null,
        "chunk_size": 192,
        "decode_ms": 2.253792,
        "decode_gib_s": 413.22472080780557,
        "decode_ns_iters": [
          2272256,
          2265024,
          2258944,
          2255872,
          2258816,
          2255872,
          2258944,
          2264064,
          2282336,
          2258944,
          2253792,
          2258944,
          2256896,
          2263904,
          2260992,
          2267136,
          2276352,
          2277376,
          2276352,
          2278304,
          2278400,
          2280448,
          2313216,
          2271392,
          2274304,
          2270208,
          2265088,
          2263040,
          2273344,
          2268160
        ],
        "chunk_tokens": 192,
        "block_threads": 256,
        "staged_input_bytes": 239371456,
        "applicable": true
      },
      {
        "kernel": "onpair_dw_k6_t256_b4",
        "role": "experimental",
        "stage_bytes": null,
        "chunk_size": 192,
        "decode_ms": 2.276224,
        "decode_gib_s": 409.1524252265444,
        "decode_ns_iters": [
          2287616,
          2323456,
          2291712,
          2288640,
          2280448,
          2285568,
          2286592,
          2285568,
          2287616,
          2285568,
          2278400,
          2277376,
          2276352,
          2276352,
          2280448,
          2276224,
          2323456,
          2285568,
          2281472,
          2291904,
          2284448,
          2286592,
          2280448,
          2285440,
          2283520,
          2315264,
          2289664,
          2284544,
          2286592,
          2283456
        ],
        "chunk_tokens": 192,
        "block_threads": 256,
        "staged_input_bytes": 239371456,
        "applicable": true
      },
      {
        "kernel": "onpair_dw_k6_t256_b6",
        "role": "experimental",
        "stage_bytes": null,
        "chunk_size": 192,
        "decode_ms": 2.313216,
        "decode_gib_s": 402.6094277226448,
        "decode_ns_iters": [
          2344960,
          2328576,
          2323456,
          2323456,
          2328544,
          2336768,
          2331616,
          2324480,
          2347008,
          2333696,
          2334624,
          2329600,
          2347008,
          2348032,
          2333696,
          2333568,
          2340864,
          2332672,
          2336768,
          2328576,
          2336768,
          2336768,
          2339840,
          2334720,
          2332672,
          2317280,
          2325504,
          2313280,
          2313216,
          2323456
        ],
        "chunk_tokens": 192,
        "block_threads": 256,
        "staged_input_bytes": 239371456,
        "applicable": true
      },
      {
        "kernel": "onpair_dw_k6_t256_b8",
        "role": "experimental",
        "stage_bytes": null,
        "chunk_size": 192,
        "decode_ms": 2.256896,
        "decode_gib_s": 412.6563962002971,
        "decode_ns_iters": [
          2261088,
          2268160,
          2276352,
          2265088,
          2265088,
          2256896,
          2265088,
          2266112,
          2266112,
          2262016,
          2260992,
          2295808,
          2258944,
          2260160,
          2263040,
          2264064,
          2272256,
          2285568,
          2308096,
          2286688,
          2287616,
          2298752,
          2287616,
          2292800,
          2283456,
          2275328,
          2269184,
          2304000,
          2269184,
          2263040
        ],
        "chunk_tokens": 192,
        "block_threads": 256,
        "staged_input_bytes": 239371456,
        "applicable": true
      },
      {
        "kernel": "onpair_dw_k7_t64_b1",
        "role": "experimental",
        "stage_bytes": null,
        "chunk_size": 224,
        "decode_ms": 2.284544,
        "decode_gib_s": 407.6623474789129,
        "decode_ns_iters": [
          2307072,
          2306048,
          2307072,
          2304000,
          2305024,
          2315296,
          2300928,
          2340864,
          2306048,
          2296768,
          2306048,
          2298880,
          2294784,
          2298880,
          2297856,
          2291808,
          2293760,
          2286592,
          2312064,
          2284544,
          2286592,
          2287616,
          2289760,
          2285568,
          2290688,
          2311168,
          2304000,
          2304000,
          2304000,
          2311360
        ],
        "chunk_tokens": 224,
        "block_threads": 64,
        "staged_input_bytes": 238676736,
        "applicable": true
      },
      {
        "kernel": "onpair_dw_k7_t64_b2",
        "role": "experimental",
        "stage_bytes": null,
        "chunk_size": 224,
        "decode_ms": 2.284544,
        "decode_gib_s": 407.6623474789129,
        "decode_ns_iters": [
          2322432,
          2330624,
          2320384,
          2322432,
          2322432,
          2327552,
          2323456,
          2321472,
          2320384,
          2321408,
          2315296,
          2316192,
          2314240,
          2313248,
          2314240,
          2316288,
          2310144,
          2303872,
          2298720,
          2314240,
          2292736,
          2293760,
          2293824,
          2300832,
          2298880,
          2305024,
          2284544,
          2290656,
          2293760,
          2288512
        ],
        "chunk_tokens": 224,
        "block_threads": 64,
        "staged_input_bytes": 238676736,
        "applicable": true
      },
      {
        "kernel": "onpair_dw_k7_t64_b4",
        "role": "experimental",
        "stage_bytes": null,
        "chunk_size": 224,
        "decode_ms": 2.278272,
        "decode_gib_s": 408.7846271028506,
        "decode_ns_iters": [
          2282496,
          2295808,
          2304000,
          2289664,
          2285568,
          2285568,
          2285568,
          2287712,
          2288640,
          2290688,
          2283520,
          2280448,
          2278400,
          2282368,
          2285568,
          2281472,
          2278272,
          2292736,
          2282496,
          2324320,
          2288480,
          2313216,
          2288640,
          2285568,
          2288640,
          2299904,
          2310144,
          2316288,
          2315264,
          2315072
        ],
        "chunk_tokens": 224,
        "block_threads": 64,
        "staged_input_bytes": 238676736,
        "applicable": true
      },
      {
        "kernel": "onpair_dw_k7_t64_b6",
        "role": "experimental",
        "stage_bytes": null,
        "chunk_size": 224,
        "decode_ms": 2.280448,
        "decode_gib_s": 408.39456543576773,
        "decode_ns_iters": [
          2318336,
          2313216,
          2313216,
          2345920,
          2320384,
          2340864,
          2309120,
          2323456,
          2312192,
          2308000,
          2282496,
          2286592,
          2286592,
          2281472,
          2288640,
          2289664,
          2313216,
          2287616,
          2284384,
          2280448,
          2285728,
          2281472,
          2288640,
          2286560,
          2283520,
          2321408,
          2317312,
          2312192,
          2309184,
          2315264
        ],
        "chunk_tokens": 224,
        "block_threads": 64,
        "staged_input_bytes": 238676736,
        "applicable": true
      },
      {
        "kernel": "onpair_dw_k7_t64_b8",
        "role": "experimental",
        "stage_bytes": null,
        "chunk_size": 224,
        "decode_ms": 2.29888,
        "decode_gib_s": 405.1201323944119,
        "decode_ns_iters": [
          2320384,
          2317312,
          2328576,
          2325504,
          2328576,
          2328576,
          2326528,
          2330624,
          2325504,
          2328576,
          2309120,
          2305024,
          2311168,
          2307072,
          2310144,
          2311168,
          2313216,
          2308096,
          2312192,
          2305024,
          2298880,
          2331616,
          2305024,
          2322432,
          2302816,
          2311168,
          2305024,
          2308096,
          2311168,
          2306048
        ],
        "chunk_tokens": 224,
        "block_threads": 64,
        "staged_input_bytes": 238676736,
        "applicable": true
      },
      {
        "kernel": "onpair_dw_k7_t128_b1",
        "role": "experimental",
        "stage_bytes": null,
        "chunk_size": 224,
        "decode_ms": 2.263936,
        "decode_gib_s": 411.37318809315525,
        "decode_ns_iters": [
          2281312,
          2286432,
          2287616,
          2298880,
          2269184,
          2278240,
          2276352,
          2272256,
          2272256,
          2271232,
          2306048,
          2294784,
          2321408,
          2294784,
          2295808,
          2296832,
          2292736,
          2291712,
          2304000,
          2294784,
          2294784,
          2292736,
          2295648,
          2297856,
          2296736,
          2299040,
          2292736,
          2304992,
          2269184,
          2263936
        ],
        "chunk_tokens": 224,
        "block_threads": 128,
        "staged_input_bytes": 238676736,
        "applicable": true
      },
      {
        "kernel": "onpair_dw_k7_t128_b2",
        "role": "experimental",
        "stage_bytes": null,
        "chunk_size": 224,
        "decode_ms": 2.260992,
        "decode_gib_s": 411.9088302651516,
        "decode_ns_iters": [
          2269184,
          2272256,
          2274304,
          2309120,
          2269024,
          2263040,
          2264064,
          2265088,
          2260992,
          2271232,
          2268160,
          2260992,
          2268160,
          2263040,
          2266112,
          2265088,
          2266112,
          2271328,
          2266112,
          2290688,
          2292736,
          2288640,
          2283520,
          2286592,
          2287616,
          2284544,
          2288640,
          2310144,
          2313216,
          2304000
        ],
        "chunk_tokens": 224,
        "block_threads": 128,
        "staged_input_bytes": 238676736,
        "applicable": true
      },
      {
        "kernel": "onpair_dw_k7_t128_b4",
        "role": "experimental",
        "stage_bytes": null,
        "chunk_size": 224,
        "decode_ms": 2.290624,
        "decode_gib_s": 406.5802898943107,
        "decode_ns_iters": [
          2299904,
          2299904,
          2298880,
          2299904,
          2294720,
          2294624,
          2291712,
          2290624,
          2290688,
          2295808,
          2306048,
          2300832,
          2347008,
          2306048,
          2337792,
          2308096,
          2331648,
          2306976,
          2321408,
          2313216,
          2314240,
          2318304,
          2321408,
          2311168,
          2322432,
          2317312,
          2313216,
          2326528,
          2321408,
          2321408
        ],
        "chunk_tokens": 224,
        "block_threads": 128,
        "staged_input_bytes": 238676736,
        "applicable": true
      },
      {
        "kernel": "onpair_dw_k7_t128_b6",
        "role": "experimental",
        "stage_bytes": null,
        "chunk_size": 224,
        "decode_ms": 2.28864,
        "decode_gib_s": 406.932750436445,
        "decode_ns_iters": [
          2322432,
          2320384,
          2311168,
          2295808,
          2288640,
          2293760,
          2294784,
          2298880,
          2294688,
          2296832,
          2303072,
          2316288,
          2320384,
          2316256,
          2342912,
          2315264,
          2329600,
          2314240,
          2323456,
          2313216,
          2306112,
          2313120,
          2311168,
          2308096,
          2316288,
          2311168,
          2321408,
          2324576,
          2319360,
          2323424
        ],
        "chunk_tokens": 224,
        "block_threads": 128,
        "staged_input_bytes": 238676736,
        "applicable": true
      },
      {
        "kernel": "onpair_dw_k7_t128_b8",
        "role": "experimental",
        "stage_bytes": null,
        "chunk_size": 224,
        "decode_ms": 2.27328,
        "decode_gib_s": 409.68229604750206,
        "decode_ns_iters": [
          2319360,
          2323456,
          2315264,
          2292736,
          2294720,
          2287616,
          2286592,
          2287616,
          2287616,
          2286592,
          2289664,
          2281472,
          2278400,
          2294784,
          2273280,
          2280448,
          2282464,
          2282496,
          2282496,
          2315200,
          2282496,
          2304000,
          2309120,
          2314240,
          2311168,
          2287616,
          2281344,
          2288640,
          2285568,
          2288640
        ],
        "chunk_tokens": 224,
        "block_threads": 128,
        "staged_input_bytes": 238676736,
        "applicable": true
      },
      {
        "kernel": "onpair_dw_k7_t256_b1",
        "role": "experimental",
        "stage_bytes": null,
        "chunk_size": 224,
        "decode_ms": 2.251616,
        "decode_gib_s": 413.62406820650847,
        "decode_ns_iters": [
          2276352,
          2275328,
          2274304,
          2281472,
          2290688,
          2263040,
          2294656,
          2267136,
          2286592,
          2268160,
          2267136,
          2269280,
          2264064,
          2266112,
          2297856,
          2282336,
          2264064,
          2269184,
          2270208,
          2259968,
          2251616,
          2260800,
          2263040,
          2255872,
          2263040,
          2262112,
          2258944,
          2253824,
          2271296,
          2269024
        ],
        "chunk_tokens": 224,
        "block_threads": 256,
        "staged_input_bytes": 238676736,
        "applicable": true
      },
      {
        "kernel": "onpair_dw_k7_t256_b2",
        "role": "experimental",
        "stage_bytes": null,
        "chunk_size": 224,
        "decode_ms": 2.260992,
        "decode_gib_s": 411.9088302651516,
        "decode_ns_iters": [
          2266112,
          2312192,
          2271232,
          2274304,
          2264960,
          2266112,
          2263040,
          2266112,
          2285568,
          2269184,
          2264064,
          2260992,
          2280448,
          2268160,
          2272256,
          2291712,
          2280448,
          2275328,
          2276352,
          2280448,
          2287552,
          2265088,
          2299904,
          2268160,
          2262016,
          2271232,
          2266240,
          2274304,
          2276352,
          2273280
        ],
        "chunk_tokens": 224,
        "block_threads": 256,
        "staged_input_bytes": 238676736,
        "applicable": true
      },
      {
        "kernel": "onpair_dw_k7_t256_b4",
        "role": "experimental",
        "stage_bytes": null,
        "chunk_size": 224,
        "decode_ms": 2.250752,
        "decode_gib_s": 413.7828467813716,
        "decode_ns_iters": [
          2273280,
          2275328,
          2269184,
          2267136,
          2271232,
          2269184,
          2260992,
          2263008,
          2259968,
          2268160,
          2256896,
          2270208,
          2294784,
          2265088,
          2252800,
          2253824,
          2252800,
          2250752,
          2250752,
          2254848,
          2254848,
          2266112,
          2258944,
          2265088,
          2287616,
          2263040,
          2266176,
          2256992,
          2265088,
          2259072
        ],
        "chunk_tokens": 224,
        "block_threads": 256,
        "staged_input_bytes": 238676736,
        "applicable": true
      },
      {
        "kernel": "onpair_dw_k7_t256_b6",
        "role": "experimental",
        "stage_bytes": null,
        "chunk_size": 224,
        "decode_ms": 2.49344,
        "decode_gib_s": 373.5091159036775,
        "decode_ns_iters": [
          2495488,
          2499680,
          2500608,
          2506752,
          2504704,
          2497536,
          2505728,
          2496384,
          2504704,
          2507776,
          2493440,
          2506752,
          2510848,
          2515968,
          2504704,
          2506752,
          2512960,
          2505760,
          2514944,
          2508800,
          2501632,
          2494464,
          2501632,
          2503680,
          2505728,
          2499712,
          2500608,
          2511872,
          2501632,
          2499584
        ],
        "chunk_tokens": 224,
        "block_threads": 256,
        "staged_input_bytes": 238676736,
        "applicable": true
      },
      {
        "kernel": "onpair_dw_k7_t256_b8",
        "role": "experimental",
        "stage_bytes": null,
        "chunk_size": 224,
        "decode_ms": 2.246752,
        "decode_gib_s": 414.5195241659363,
        "decode_ns_iters": [
          2256896,
          2246752,
          2252640,
          2255904,
          2249728,
          2257856,
          2252800,
          2252800,
          2252736,
          2252736,
          2258944,
          2282496,
          2261920,
          2275328,
          2271040,
          2272256,
          2266112,
          2288576,
          2273280,
          2270208,
          2252864,
          2251904,
          2250752,
          2248704,
          2254848,
          2253824,
          2249728,
          2258944,
          2277376,
          2300928
        ],
        "chunk_tokens": 224,
        "block_threads": 256,
        "staged_input_bytes": 238676736,
        "applicable": true
      },
      {
        "kernel": "onpair_dw_k8_t64_b1",
        "role": "experimental",
        "stage_bytes": null,
        "chunk_size": 256,
        "decode_ms": 2.26912,
        "decode_gib_s": 410.4333706277613,
        "decode_ns_iters": [
          2278368,
          2277376,
          2281376,
          2274304,
          2274336,
          2305024,
          2276352,
          2275424,
          2273312,
          2277248,
          2276352,
          2277376,
          2281472,
          2281472,
          2278400,
          2288640,
          2279360,
          2280448,
          2280448,
          2290688,
          2280352,
          2279424,
          2282400,
          2284544,
          2282496,
          2281472,
          2277376,
          2269120,
          2280448,
          2287616
        ],
        "chunk_tokens": 256,
        "block_threads": 64,
        "staged_input_bytes": 238155696,
        "applicable": true
      },
      {
        "kernel": "onpair_dw_k8_t64_b2",
        "role": "experimental",
        "stage_bytes": null,
        "chunk_size": 256,
        "decode_ms": 2.270208,
        "decode_gib_s": 410.2366699257803,
        "decode_ns_iters": [
          2287616,
          2291712,
          2282496,
          2301952,
          2280544,
          2286592,
          2276416,
          2275328,
          2277376,
          2281472,
          2281472,
          2272256,
          2278400,
          2282496,
          2282496,
          2281472,
          2281472,
          2283552,
          2284544,
          2270208,
          2290560,
          2320384,
          2316320,
          2319360,
          2320384,
          2317344,
          2312192,
          2313088,
          2315360,
          2340864
        ],
        "chunk_tokens": 256,
        "block_threads": 64,
        "staged_input_bytes": 238155696,
        "applicable": true
      },
      {
        "kernel": "onpair_dw_k8_t64_b4",
        "role": "experimental",
        "stage_bytes": null,
        "chunk_size": 256,
        "decode_ms": 2.264064,
        "decode_gib_s": 411.34993090251237,
        "decode_ns_iters": [
          2343936,
          2314240,
          2335744,
          2313216,
          2302976,
          2280448,
          2280448,
          2279392,
          2278496,
          2280448,
          2280448,
          2292736,
          2272256,
          2272256,
          2275520,
          2277376,
          2278240,
          2274304,
          2279424,
          2278400,
          2294784,
          2273120,
          2282496,
          2264064,
          2280448,
          2284544,
          2278400,
          2284544,
          2280448,
          2291648
        ],
        "chunk_tokens": 256,
        "block_threads": 64,
        "staged_input_bytes": 238155696,
        "applicable": true
      },
      {
        "kernel": "onpair_dw_k8_t64_b6",
        "role": "experimental",
        "stage_bytes": null,
        "chunk_size": 256,
        "decode_ms": 2.277376,
        "decode_gib_s": 408.9454573855462,
        "decode_ns_iters": [
          2282496,
          2285568,
          2280448,
          2282496,
          2280448,
          2279424,
          2287616,
          2310144,
          2283680,
          2284544,
          2284544,
          2281472,
          2279424,
          2318336,
          2311232,
          2313216,
          2312192,
          2312192,
          2313216,
          2311168,
          2322272,
          2287616,
          2289664,
          2284544,
          2280448,
          2282336,
          2281376,
          2282464,
          2279424,
          2277376
        ],
        "chunk_tokens": 256,
        "block_threads": 64,
        "staged_input_bytes": 238155696,
        "applicable": true
      },
      {
        "kernel": "onpair_dw_k8_t64_b8",
        "role": "experimental",
        "stage_bytes": null,
        "chunk_size": 256,
        "decode_ms": 2.271232,
        "decode_gib_s": 410.05171200426275,
        "decode_ns_iters": [
          2279424,
          2274304,
          2280320,
          2278400,
          2277376,
          2278400,
          2274176,
          2304128,
          2274304,
          2273280,
          2279424,
          2275328,
          2273280,
          2291712,
          2279424,
          2276416,
          2271232,
          2276352,
          2274304,
          2281472,
          2284416,
          2285568,
          2286592,
          2287616,
          2282496,
          2304096,
          2280480,
          2279424,
          2282528,
          2280448
        ],
        "chunk_tokens": 256,
        "block_threads": 64,
        "staged_input_bytes": 238155696,
        "applicable": true
      },
      {
        "kernel": "onpair_dw_k8_t128_b1",
        "role": "experimental",
        "stage_bytes": null,
        "chunk_size": 256,
        "decode_ms": 2.296832,
        "decode_gib_s": 405.481363007336,
        "decode_ns_iters": [
          2304000,
          2308096,
          2310144,
          2311168,
          2304896,
          2334720,
          2302976,
          2321408,
          2301952,
          2302848,
          2299904,
          2302976,
          2299040,
          2296832,
          2311168,
          2319424,
          2314240,
          2309280,
          2312192,
          2314240,
          2316288,
          2314176,
          2312064,
          2315264,
          2307072,
          2314240,
          2308096,
          2316288,
          2312192,
          2309152
        ],
        "chunk_tokens": 256,
        "block_threads": 128,
        "staged_input_bytes": 238155696,
        "applicable": true
      },
      {
        "kernel": "onpair_dw_k8_t128_b2",
        "role": "experimental",
        "stage_bytes": null,
        "chunk_size": 256,
        "decode_ms": 2.306048,
        "decode_gib_s": 403.8608779864363,
        "decode_ns_iters": [
          2310144,
          2308096,
          2313216,
          2345984,
          2306048,
          2328640,
          2307936,
          2312192,
          2306048,
          2308128,
          2310144,
          2308096,
          2311168,
          2306048,
          2311168,
          2322432,
          2320384,
          2315264,
          2321408,
          2312032,
          2319200,
          2315264,
          2314240,
          2314240,
          2342912,
          2314304,
          2341888,
          2317312,
          2310144,
          2315264
        ],
        "chunk_tokens": 256,
        "block_threads": 128,
        "staged_input_bytes": 238155696,
        "applicable": true
      },
      {
        "kernel": "onpair_dw_k8_t128_b4",
        "role": "experimental",
        "stage_bytes": null,
        "chunk_size": 256,
        "decode_ms": 2.269184,
        "decode_gib_s": 410.42179477682976,
        "decode_ns_iters": [
          2319360,
          2317312,
          2314240,
          2317312,
          2313056,
          2314112,
          2296832,
          2288640,
          2299904,
          2290688,
          2295808,
          2295808,
          2295808,
          2291712,
          2293760,
          2284544,
          2269184,
          2274304,
          2275328,
          2307072,
          2270208,
          2273280,
          2274304,
          2270208,
          2275328,
          2275296,
          2281344,
          2270208,
          2271232,
          2277376
        ],
        "chunk_tokens": 256,
        "block_threads": 128,
        "staged_input_bytes": 238155696,
        "applicable": true
      },
      {
        "kernel": "onpair_dw_k8_t128_b6",
        "role": "experimental",
        "stage_bytes": null,
        "chunk_size": 256,
        "decode_ms": 2.259968,
        "decode_gib_s": 412.0954677052355,
        "decode_ns_iters": [
          2279424,
          2275392,
          2283520,
          2275328,
          2275328,
          2275296,
          2279328,
          2280384,
          2282496,
          2284544,
          2278400,
          2304000,
          2288704,
          2287616,
          2278400,
          2260800,
          2267232,
          2270400,
          2271296,
          2259968,
          2269184,
          2265920,
          2268352,
          2286592,
          2283520,
          2289664,
          2282496,
          2283648,
          2280448,
          2286592
        ],
        "chunk_tokens": 256,
        "block_threads": 128,
        "staged_input_bytes": 238155696,
        "applicable": true
      },
      {
        "kernel": "onpair_dw_k8_t128_b8",
        "role": "experimental",
        "stage_bytes": null,
        "chunk_size": 256,
        "decode_ms": 2.271232,
        "decode_gib_s": 410.05171200426275,
        "decode_ns_iters": [
          2281472,
          2284544,
          2286592,
          2310144,
          2284544,
          2280320,
          2283360,
          2296832,
          2288640,
          2296832,
          2292704,
          2294784,
          2294784,
          2289664,
          2294784,
          2295808,
          2282496,
          2282656,
          2281472,
          2281472,
          2285568,
          2296736,
          2285568,
          2288640,
          2274208,
          2274304,
          2275328,
          2271232,
          2279424,
          2278304
        ],
        "chunk_tokens": 256,
        "block_threads": 128,
        "staged_input_bytes": 238155696,
        "applicable": true
      },
      {
        "kernel": "onpair_dw_k8_t256_b1",
        "role": "experimental",
        "stage_bytes": null,
        "chunk_size": 256,
        "decode_ms": 2.284384,
        "decode_gib_s": 407.6909004610721,
        "decode_ns_iters": [
          2298880,
          2302976,
          2301952,
          2306048,
          2297856,
          2302976,
          2298880,
          2301952,
          2288640,
          2284384,
          2317504,
          2288640,
          2287616,
          2288768,
          2287616,
          2294784,
          2293760,
          2301952,
          2298880,
          2295808,
          2294784,
          2331648,
          2295808,
          2295776,
          2305920,
          2301952,
          2304128,
          2304000,
          2303872,
          2304000
        ],
        "chunk_tokens": 256,
        "block_threads": 256,
        "staged_input_bytes": 238155696,
        "applicable": true
      },
      {
        "kernel": "onpair_dw_k8_t256_b2",
        "role": "experimental",
        "stage_bytes": null,
        "chunk_size": 256,
        "decode_ms": 2.296832,
        "decode_gib_s": 405.481363007336,
        "decode_ns_iters": [
          2313216,
          2307008,
          2306048,
          2344960,
          2310144,
          2317312,
          2313216,
          2311168,
          2305184,
          2305024,
          2307072,
          2296832,
          2298880,
          2305024,
          2302976,
          2304000,
          2305024,
          2302976,
          2327520,
          2304000,
          2297856,
          2306048,
          2301952,
          2301952,
          2313152,
          2313184,
          2308096,
          2305024,
          2311168,
          2314176
        ],
        "chunk_tokens": 256,
        "block_threads": 256,
        "staged_input_bytes": 238155696,
        "applicable": true
      },
      {
        "kernel": "onpair_dw_k8_t256_b4",
        "role": "experimental",
        "stage_bytes": null,
        "chunk_size": 256,
        "decode_ms": 2.290688,
        "decode_gib_s": 406.5689303645305,
        "decode_ns_iters": [
          2309120,
          2325504,
          2315264,
          2317312,
          2311168,
          2316320,
          2324480,
          2311168,
          2305024,
          2303840,
          2334720,
          2304000,
          2302976,
          2311168,
          2296704,
          2302976,
          2306048,
          2296832,
          2302976,
          2309120,
          2307072,
          2308096,
          2302976,
          2310112,
          2291744,
          2290688,
          2299904,
          2296768,
          2292736,
          2323392
        ],
        "chunk_tokens": 256,
        "block_threads": 256,
        "staged_input_bytes": 238155696,
        "applicable": true
      },
      {
        "kernel": "onpair_dw_k8_t256_b6",
        "role": "experimental",
        "stage_bytes": null,
        "chunk_size": 256,
        "decode_ms": 2.577408,
        "decode_gib_s": 361.3407617105501,
        "decode_ns_iters": [
          2577408,
          2583552,
          2585600,
          2591744,
          2579456,
          2593792,
          2579456,
          2614272,
          2613248,
          2616320,
          2617344,
          2626560,
          2621440,
          2618336,
          2634752,
          2633728,
          2640896,
          2637920,
          2634752,
          2635776,
          2639872,
          2648128,
          2653184,
          2643968,
          2650240,
          2651136,
          2658304,
          2651136,
          2661408,
          2646080
        ],
        "chunk_tokens": 256,
        "block_threads": 256,
        "staged_input_bytes": 238155696,
        "applicable": true
      },
      {
        "kernel": "onpair_dw_k8_t256_b8",
        "role": "experimental",
        "stage_bytes": null,
        "chunk_size": 256,
        "decode_ms": 2.27952,
        "decode_gib_s": 408.5608241905601,
        "decode_ns_iters": [
          2322432,
          2291712,
          2293728,
          2289760,
          2291712,
          2279520,
          2283520,
          2283648,
          2280384,
          2321408,
          2286464,
          2288640,
          2308096,
          2295808,
          2301952,
          2303936,
          2300928,
          2314240,
          2302976,
          2298880,
          2308096,
          2313216,
          2310144,
          2312192,
          2316288,
          2315264,
          2312192,
          2304000,
          2342912,
          2324480
        ],
        "chunk_tokens": 256,
        "block_threads": 256,
        "staged_input_bytes": 238155696,
        "applicable": true
      },
      {
        "kernel": "onpair_dh_k1_t256_b1_h0",
        "role": "experimental",
        "stage_bytes": null,
        "chunk_size": 32,
        "decode_ms": 2.449344,
        "decode_gib_s": 380.233470659436,
        "decode_ns_iters": [
          2461696,
          2459648,
          2463744,
          2454528,
          2465792,
          2461632,
          2453440,
          2488320,
          2455552,
          2457600,
          2455552,
          2455552,
          2457600,
          2465792,
          2457600,
          2482176,
          2458784,
          2460672,
          2449344,
          2468704,
          2472960,
          2466752,
          2458624,
          2466688,
          2459648,
          2460672,
          2473984,
          2450432,
          2467840,
          2455552
        ],
        "chunk_tokens": 32,
        "block_threads": 256,
        "staged_input_bytes": 263686792,
        "applicable": true
      },
      {
        "kernel": "onpair_dh_k1_t256_b4_h0",
        "role": "experimental",
        "stage_bytes": null,
        "chunk_size": 32,
        "decode_ms": 2.46272,
        "decode_gib_s": 378.1682732746174,
        "decode_ns_iters": [
          2470848,
          2467872,
          2465792,
          2477056,
          2465792,
          2479104,
          2473984,
          2469888,
          2479104,
          2465792,
          2480064,
          2481024,
          2474976,
          2480128,
          2462720,
          2496512,
          2466816,
          2465792,
          2470912,
          2472960,
          2475008,
          2473824,
          2477024,
          2518048,
          2467840,
          2480128,
          2500608,
          2476992,
          2477056,
          2473984
        ],
        "chunk_tokens": 32,
        "block_threads": 256,
        "staged_input_bytes": 263686792,
        "applicable": true
      },
      {
        "kernel": "onpair_dh_k1_t256_b8_h0",
        "role": "experimental",
        "stage_bytes": null,
        "chunk_size": 32,
        "decode_ms": 2.48832,
        "decode_gib_s": 374.2776531791995,
        "decode_ns_iters": [
          2516992,
          2538592,
          2503648,
          2508800,
          2511872,
          2508800,
          2505728,
          2505728,
          2524160,
          2502656,
          2511872,
          2503680,
          2491392,
          2509824,
          2515968,
          2492416,
          2508800,
          2501632,
          2507776,
          2519040,
          2512800,
          2488320,
          2512896,
          2518016,
          2512896,
          2514944,
          2520064,
          2510848,
          2522112,
          2508768
        ],
        "chunk_tokens": 32,
        "block_threads": 256,
        "staged_input_bytes": 263686792,
        "applicable": true
      },
      {
        "kernel": "onpair_dh_k2_t64_b1_h2",
        "role": "experimental",
        "stage_bytes": null,
        "chunk_size": 64,
        "decode_ms": 2.259968,
        "decode_gib_s": 412.0954677052355,
        "decode_ns_iters": [
          2265088,
          2266112,
          2284544,
          2266112,
          2265088,
          2268160,
          2273280,
          2266112,
          2268160,
          2286432,
          2267136,
          2269184,
          2276416,
          2280448,
          2275232,
          2268160,
          2262016,
          2269184,
          2283392,
          2263040,
          2263040,
          2259968,
          2267136,
          2267264,
          2267136,
          2265088,
          2266112,
          2267136,
          2263200,
          2268096
        ],
        "chunk_tokens": 64,
        "block_threads": 64,
        "staged_input_bytes": 249097600,
        "applicable": true
      },
      {
        "kernel": "onpair_dh_k2_t64_b2_h2",
        "role": "experimental",
        "stage_bytes": null,
        "chunk_size": 64,
        "decode_ms": 2.272256,
        "decode_gib_s": 409.86692078659524,
        "decode_ns_iters": [
          2286592,
          2289664,
          2297856,
          2288640,
          2285568,
          2323456,
          2282592,
          2280448,
          2283520,
          2284544,
          2283520,
          2277376,
          2280448,
          2282496,
          2283552,
          2274304,
          2306048,
          2274240,
          2275328,
          2274304,
          2272256,
          2278400,
          2277376,
          2281472,
          2277376,
          2280448,
          2282368,
          2276352,
          2278528,
          2275328
        ],
        "chunk_tokens": 64,
        "block_threads": 64,
        "staged_input_bytes": 249097600,
        "applicable": true
      },
      {
        "kernel": "onpair_dh_k2_t64_b4_h2",
        "role": "experimental",
        "stage_bytes": null,
        "chunk_size": 64,
        "decode_ms": 2.250592,
        "decode_gib_s": 413.8122635994732,
        "decode_ns_iters": [
          2268160,
          2285568,
          2265152,
          2265216,
          2265088,
          2258944,
          2266112,
          2257920,
          2277376,
          2262016,
          2253824,
          2256896,
          2253824,
          2253824,
          2253824,
          2258944,
          2266112,
          2264064,
          2264960,
          2260064,
          2296832,
          2263040,
          2256896,
          2259936,
          2262016,
          2252640,
          2250592,
          2254848,
          2260992,
          2253824
        ],
        "chunk_tokens": 64,
        "block_threads": 64,
        "staged_input_bytes": 249097600,
        "applicable": true
      },
      {
        "kernel": "onpair_dh_k2_t64_b6_h2",
        "role": "experimental",
        "stage_bytes": null,
        "chunk_size": 64,
        "decode_ms": 2.249728,
        "decode_gib_s": 413.9711867207349,
        "decode_ns_iters": [
          2257824,
          2266112,
          2265216,
          2267136,
          2267136,
          2260992,
          2296832,
          2266112,
          2268160,
          2259968,
          2255872,
          2256896,
          2266112,
          2284544,
          2256896,
          2270208,
          2257920,
          2251648,
          2253728,
          2251776,
          2252704,
          2264160,
          2249728,
          2253952,
          2255872,
          2268160,
          2264064,
          2256896,
          2257920,
          2253728
        ],
        "chunk_tokens": 64,
        "block_threads": 64,
        "staged_input_bytes": 249097600,
        "applicable": true
      },
      {
        "kernel": "onpair_dh_k2_t64_b8_h2",
        "role": "experimental",
        "stage_bytes": null,
        "chunk_size": 64,
        "decode_ms": 2.244608,
        "decode_gib_s": 414.9154640627075,
        "decode_ns_iters": [
          2253824,
          2257920,
          2254848,
          2257920,
          2271232,
          2253824,
          2259968,
          2252704,
          2252800,
          2254848,
          2255872,
          2255872,
          2262976,
          2258944,
          2250752,
          2258880,
          2277376,
          2249728,
          2253824,
          2250816,
          2246656,
          2256896,
          2244608,
          2249792,
          2248704,
          2252800,
          2260992,
          2257920,
          2276352,
          2259968
        ],
        "chunk_tokens": 64,
        "block_threads": 64,
        "staged_input_bytes": 249097600,
        "applicable": true
      },
      {
        "kernel": "onpair_dh_k2_t128_b1_h2",
        "role": "experimental",
        "stage_bytes": null,
        "chunk_size": 64,
        "decode_ms": 2.229152,
        "decode_gib_s": 417.7923129328398,
        "decode_ns_iters": [
          2244672,
          2243584,
          2237440,
          2233344,
          2238464,
          2237440,
          2235392,
          2235392,
          2229152,
          2234496,
          2247680,
          2239488,
          2238464,
          2241536,
          2242656,
          2242560,
          2246656,
          2239488,
          2240512,
          2241536,
          2237440,
          2242560,
          2236576,
          2247680,
          2235392,
          2240512,
          2240448,
          2234368,
          2236416,
          2236416
        ],
        "chunk_tokens": 64,
        "block_threads": 128,
        "staged_input_bytes": 249097600,
        "applicable": true
      },
      {
        "kernel": "onpair_dh_k2_t128_b2_h2",
        "role": "experimental",
        "stage_bytes": null,
        "chunk_size": 64,
        "decode_ms": 2.23232,
        "decode_gib_s": 417.1994023969976,
        "decode_ns_iters": [
          2237440,
          2239488,
          2239488,
          2245632,
          2238464,
          2240512,
          2243584,
          2245632,
          2246656,
          2246656,
          2243584,
          2235392,
          2234272,
          2243584,
          2236416,
          2233344,
          2232320,
          2240512,
          2243584,
          2240512,
          2236416,
          2240512,
          2235392,
          2233344,
          2233344,
          2240512,
          2234208,
          2241536,
          2249728,
          2240512
        ],
        "chunk_tokens": 64,
        "block_threads": 128,
        "staged_input_bytes": 249097600,
        "applicable": true
      },
      {
        "kernel": "onpair_dh_k2_t128_b4_h2",
        "role": "experimental",
        "stage_bytes": null,
        "chunk_size": 64,
        "decode_ms": 2.231296,
        "decode_gib_s": 417.39086609704214,
        "decode_ns_iters": [
          2240512,
          2239488,
          2237440,
          2240512,
          2239488,
          2239456,
          2236416,
          2231296,
          2242592,
          2236416,
          2243424,
          2241536,
          2236480,
          2241536,
          2242560,
          2235392,
          2241536,
          2243648,
          2240512,
          2238464,
          2245632,
          2240512,
          2242560,
          2241440,
          2243424,
          2239488,
          2236416,
          2232352,
          2242560,
          2245632
        ],
        "chunk_tokens": 64,
        "block_threads": 128,
        "staged_input_bytes": 249097600,
        "applicable": true
      },
      {
        "kernel": "onpair_dh_k2_t128_b6_h2",
        "role": "experimental",
        "stage_bytes": null,
        "chunk_size": 64,
        "decode_ms": 2.227264,
        "decode_gib_s": 418.146465779928,
        "decode_ns_iters": [
          2227264,
          2235392,
          2235232,
          2234368,
          2232320,
          2240512,
          2235488,
          2244608,
          2239360,
          2242560,
          2245632,
          2240512,
          2246656,
          2240512,
          2241504,
          2237440,
          2243584,
          2247680,
          2242560,
          2244608,
          2240512,
          2244608,
          2236416,
          2241536,
          2235392,
          2243584,
          2238464,
          2242496,
          2237440,
          2232448
        ],
        "chunk_tokens": 64,
        "block_threads": 128,
        "staged_input_bytes": 249097600,
        "applicable": true
      },
      {
        "kernel": "onpair_dh_k2_t128_b8_h2",
        "role": "experimental",
        "stage_bytes": null,
        "chunk_size": 64,
        "decode_ms": 2.233344,
        "decode_gib_s": 417.00811427118504,
        "decode_ns_iters": [
          2262016,
          2251776,
          2243584,
          2240512,
          2243584,
          2263040,
          2249728,
          2238464,
          2242560,
          2234368,
          2257920,
          2246656,
          2233344,
          2235392,
          2239488,
          2255872,
          2254720,
          2234368,
          2234240,
          2234432,
          2243584,
          2237568,
          2237440,
          2241536,
          2243584,
          2243584,
          2247680,
          2246656,
          2249728,
          2239488
        ],
        "chunk_tokens": 64,
        "block_threads": 128,
        "staged_input_bytes": 249097600,
        "applicable": true
      },
      {
        "kernel": "onpair_dh_k2_t256_b1_h0",
        "role": "experimental",
        "stage_bytes": null,
        "chunk_size": 64,
        "decode_ms": 2.217984,
        "decode_gib_s": 419.89598209854785,
        "decode_ns_iters": [
          2231296,
          2228224,
          2229120,
          2230272,
          2227200,
          2226208,
          2230272,
          2226176,
          2224000,
          2217984,
          2226176,
          2223104,
          2221056,
          2226176,
          2223104,
          2223104,
          2223104,
          2221056,
          2251712,
          2221056,
          2220032,
          2221056,
          2222080,
          2222080,
          2222080,
          2225152,
          2228224,
          2222080,
          2222080,
          2222080
        ],
        "chunk_tokens": 64,
        "block_threads": 256,
        "staged_input_bytes": 249097600,
        "applicable": true
      },
      {
        "kernel": "onpair_dh_k2_t256_b1_h2",
        "role": "experimental",
        "stage_bytes": null,
        "chunk_size": 64,
        "decode_ms": 2.212864,
        "decode_gib_s": 420.8675137554163,
        "decode_ns_iters": [
          2215808,
          2213952,
          2216864,
          2216960,
          2212864,
          2215936,
          2236416,
          2221056,
          2216960,
          2217984,
          2212864,
          2214976,
          2219936,
          2214912,
          2234368,
          2212864,
          2217984,
          2224128,
          2220032,
          2218112,
          2220032,
          2222048,
          2246656,
          2223104,
          2224128,
          2223104,
          2223104,
          2226176,
          2221056,
          2223104
        ],
        "chunk_tokens": 64,
        "block_threads": 256,
        "staged_input_bytes": 249097600,
        "applicable": true
      },
      {
        "kernel": "onpair_dh_k2_t256_b2_h2",
        "role": "experimental",
        "stage_bytes": null,
        "chunk_size": 64,
        "decode_ms": 2.212,
        "decode_gib_s": 421.0319032363769,
        "decode_ns_iters": [
          2222240,
          2215936,
          2246656,
          2213888,
          2212000,
          2214912,
          2214816,
          2216864,
          2216960,
          2225088,
          2255872,
          2228224,
          2214912,
          2220032,
          2219936,
          2222080,
          2220960,
          2222080,
          2247680,
          2220032,
          2215936,
          2221056,
          2221056,
          2226176,
          2224128,
          2220032,
          2225152,
          2227200,
          2230272,
          2224128
        ],
        "chunk_tokens": 64,
        "block_threads": 256,
        "staged_input_bytes": 249097600,
        "applicable": true
      },
      {
        "kernel": "onpair_dh_k2_t256_b4_h0",
        "role": "experimental",
        "stage_bytes": null,
        "chunk_size": 64,
        "decode_ms": 2.220032,
        "decode_gib_s": 419.50862418148284,
        "decode_ns_iters": [
          2235392,
          2229248,
          2231232,
          2238464,
          2225152,
          2226176,
          2220032,
          2224128,
          2222080,
          2223136,
          2225152,
          2228224,
          2222080,
          2223104,
          2222080,
          2228224,
          2225152,
          2226176,
          2229248,
          2223104,
          2225152,
          2222080,
          2224128,
          2220032,
          2242560,
          2232320,
          2222080,
          2228064,
          2228224,
          2222080
        ],
        "chunk_tokens": 64,
        "block_threads": 256,
        "staged_input_bytes": 249097600,
        "applicable": true
      },
      {
        "kernel": "onpair_dh_k2_t256_b4_h2",
        "role": "experimental",
        "stage_bytes": null,
        "chunk_size": 64,
        "decode_ms": 2.217984,
        "decode_gib_s": 419.89598209854785,
        "decode_ns_iters": [
          2224128,
          2223104,
          2225152,
          2225152,
          2256896,
          2227200,
          2223104,
          2223104,
          2223104,
          2222080,
          2225152,
          2223104,
          2223104,
          2226176,
          2221056,
          2226048,
          2217984,
          2241536,
          2231296,
          2221056,
          2231296,
          2227200,
          2228064,
          2232320,
          2230272,
          2238464,
          2231296,
          2228224,
          2228128,
          2227200
        ],
        "chunk_tokens": 64,
        "block_threads": 256,
        "staged_input_bytes": 249097600,
        "applicable": true
      },
      {
        "kernel": "onpair_dh_k2_t256_b6_h2",
        "role": "experimental",
        "stage_bytes": null,
        "chunk_size": 64,
        "decode_ms": 2.684928,
        "decode_gib_s": 346.8705939074961,
        "decode_ns_iters": [
          2764800,
          2764800,
          2765760,
          2765824,
          2795520,
          2762752,
          2763776,
          2763776,
          2764800,
          2766848,
          2762752,
          2747488,
          2741184,
          2742272,
          2745344,
          2746368,
          2771968,
          2743296,
          2704384,
          2701312,
          2703296,
          2709504,
          2703360,
          2714464,
          2709504,
          2688000,
          2684928,
          2685952,
          2684928,
          2684928
        ],
        "chunk_tokens": 64,
        "block_threads": 256,
        "staged_input_bytes": 249097600,
        "applicable": true
      },
      {
        "kernel": "onpair_dh_k2_t256_b8_h0",
        "role": "experimental",
        "stage_bytes": null,
        "chunk_size": 64,
        "decode_ms": 2.62144,
        "decode_gib_s": 355.27136610369325,
        "decode_ns_iters": [
          2641920,
          2667520,
          2639872,
          2638752,
          2641920,
          2633728,
          2638880,
          2631648,
          2624512,
          2626560,
          2626560,
          2627584,
          2629632,
          2621440,
          2632704,
          2639840,
          2638848,
          2636736,
          2634752,
          2638848,
          2646016,
          2640896,
          2677600,
          2635776,
          2631680,
          2637824,
          2639872,
          2637824,
          2636800,
          2634752
        ],
        "chunk_tokens": 64,
        "block_threads": 256,
        "staged_input_bytes": 249097600,
        "applicable": true
      },
      {
        "kernel": "onpair_dh_k2_t256_b8_h2",
        "role": "experimental",
        "stage_bytes": null,
        "chunk_size": 64,
        "decode_ms": 2.6624,
        "decode_gib_s": 349.8056527790211,
        "decode_ns_iters": [
          2684928,
          2681856,
          2686976,
          2686976,
          2689024,
          2707456,
          2688000,
          2687872,
          2685952,
          2689024,
          2672640,
          2668544,
          2706432,
          2665472,
          2662400,
          2664416,
          2678656,
          2686912,
          2690048,
          2705408,
          2682880,
          2681856,
          2684928,
          2681856,
          2706432,
          2709504,
          2736128,
          2706432,
          2705408,
          2703360
        ],
        "chunk_tokens": 64,
        "block_threads": 256,
        "staged_input_bytes": 249097600,
        "applicable": true
      },
      {
        "kernel": "onpair_dh_k3_t64_b1_h2",
        "role": "experimental",
        "stage_bytes": null,
        "chunk_size": 96,
        "decode_ms": 2.648064,
        "decode_gib_s": 351.69941888068627,
        "decode_ns_iters": [
          2708480,
          2708480,
          2723840,
          2714624,
          2715648,
          2713600,
          2693120,
          2670592,
          2668544,
          2675712,
          2675712,
          2673664,
          2675712,
          2658208,
          2649184,
          2650080,
          2658304,
          2649216,
          2688000,
          2649088,
          2654208,
          2648064,
          2656256,
          2654208,
          2673664,
          2649088,
          2655392,
          2656256,
          2653184,
          2657280
        ],
        "chunk_tokens": 96,
        "block_threads": 64,
        "staged_input_bytes": 244234536,
        "applicable": true
      },
      {
        "kernel": "onpair_dh_k3_t64_b1_h3",
        "role": "experimental",
        "stage_bytes": null,
        "chunk_size": 96,
        "decode_ms": 2.680832,
        "decode_gib_s": 347.4005718966595,
        "decode_ns_iters": [
          2682880,
          2690048,
          2684928,
          2681856,
          2684928,
          2685824,
          2684928,
          2684928,
          2688000,
          2722816,
          2700288,
          2700288,
          2704384,
          2704384,
          2704384,
          2703360,
          2688000,
          2711552,
          2684832,
          2680960,
          2685952,
          2682880,
          2688000,
          2688928,
          2694144,
          2682880,
          2680832,
          2685952,
          2684928,
          2683904
        ],
        "chunk_tokens": 96,
        "block_threads": 64,
        "staged_input_bytes": 244234536,
        "applicable": true
      },
      {
        "kernel": "onpair_dh_k3_t64_b2_h2",
        "role": "experimental",
        "stage_bytes": null,
        "chunk_size": 96,
        "decode_ms": 2.651296,
        "decode_gib_s": 351.27068798009185,
        "decode_ns_iters": [
          2673664,
          2673664,
          2673664,
          2676608,
          2665472,
          2656256,
          2652160,
          2654208,
          2654176,
          2654208,
          2652160,
          2651296,
          2676736,
          2673664,
          2674688,
          2690048,
          2672640,
          2673664,
          2674688,
          2679808,
          2675712,
          2675712,
          2700288,
          2675712,
          2670592,
          2668544,
          2682880,
          2671712,
          2675712,
          2693120
        ],
        "chunk_tokens": 96,
        "block_threads": 64,
        "staged_input_bytes": 244234536,
        "applicable": true
      },
      {
        "kernel": "onpair_dh_k3_t64_b2_h3",
        "role": "experimental",
        "stage_bytes": null,
        "chunk_size": 96,
        "decode_ms": 2.67776,
        "decode_gib_s": 347.79911939787945,
        "decode_ns_iters": [
          2721792,
          2679808,
          2681856,
          2677760,
          2679680,
          2678784,
          2679808,
          2684928,
          2699360,
          2699264,
          2698240,
          2699264,
          2700256,
          2729984,
          2700288,
          2701312,
          2698240,
          2701312,
          2699264,
          2698208,
          2706432,
          2699264,
          2700288,
          2697216,
          2698272,
          2698304,
          2709504,
          2705408,
          2705408,
          2704384
        ],
        "chunk_tokens": 96,
        "block_threads": 64,
        "staged_input_bytes": 244234536,
        "applicable": true
      },
      {
        "kernel": "onpair_dh_k3_t64_b4_h2",
        "role": "experimental",
        "stage_bytes": null,
        "chunk_size": 96,
        "decode_ms": 2.66752,
        "decode_gib_s": 349.1342407775258,
        "decode_ns_iters": [
          2671584,
          2669568,
          2670592,
          2669568,
          2669696,
          2670752,
          2668544,
          2668640,
          2669568,
          2667520,
          2670592,
          2675712,
          2674688,
          2670592,
          2669568,
          2669568,
          2675712,
          2679808,
          2700288,
          2668544,
          2671616,
          2667520,
          2668544,
          2667520,
          2716672,
          2694144,
          2691072,
          2689024,
          2694048,
          2703360
        ],
        "chunk_tokens": 96,
        "block_threads": 64,
        "staged_input_bytes": 244234536,
        "applicable": true
      },
      {
        "kernel": "onpair_dh_k3_t64_b4_h3",
        "role": "experimental",
        "stage_bytes": null,
        "chunk_size": 96,
        "decode_ms": 2.699328,
        "decode_gib_s": 345.0201568534338,
        "decode_ns_iters": [
          2744320,
          2744320,
          2744256,
          2745344,
          2744256,
          2746368,
          2736128,
          2753536,
          2724864,
          2720768,
          2718720,
          2720768,
          2721792,
          2712576,
          2704384,
          2706368,
          2715648,
          2700352,
          2701312,
          2700288,
          2706400,
          2705408,
          2704384,
          2705408,
          2723840,
          2701312,
          2703360,
          2706432,
          2699328,
          2700288
        ],
        "chunk_tokens": 96,
        "block_threads": 64,
        "staged_input_bytes": 244234536,
        "applicable": true
      },
      {
        "kernel": "onpair_dh_k3_t64_b6_h2",
        "role": "experimental",
        "stage_bytes": null,
        "chunk_size": 96,
        "decode_ms": 2.66752,
        "decode_gib_s": 349.1342407775258,
        "decode_ns_iters": [
          2675712,
          2673600,
          2672640,
          2674560,
          2670592,
          2676672,
          2674688,
          2672640,
          2676736,
          2680832,
          2670592,
          2669568,
          2667520,
          2668544,
          2669568,
          2676896,
          2675712,
          2669568,
          2669568,
          2676736,
          2675712,
          2675840,
          2701312,
          2678784,
          2670592,
          2673664,
          2682880,
          2674784,
          2675712,
          2696192
        ],
        "chunk_tokens": 96,
        "block_threads": 64,
        "staged_input_bytes": 244234536,
        "applicable": true
      },
      {
        "kernel": "onpair_dh_k3_t64_b6_h3",
        "role": "experimental",
        "stage_bytes": null,
        "chunk_size": 96,
        "decode_ms": 2.719744,
        "decode_gib_s": 342.43023238910195,
        "decode_ns_iters": [
          2741248,
          2742112,
          2740224,
          2739296,
          2739200,
          2740160,
          2746432,
          2745344,
          2745344,
          2745344,
          2745248,
          2741248,
          2723776,
          2728960,
          2726912,
          2720768,
          2721792,
          2720640,
          2729824,
          2723840,
          2727936,
          2726816,
          2724864,
          2729984,
          2742272,
          2722816,
          2719744,
          2719744,
          2723008,
          2723840
        ],
        "chunk_tokens": 96,
        "block_threads": 64,
        "staged_input_bytes": 244234536,
        "applicable": true
      },
      {
        "kernel": "onpair_dh_k3_t64_b8_h2",
        "role": "experimental",
        "stage_bytes": null,
        "chunk_size": 96,
        "decode_ms": 2.66752,
        "decode_gib_s": 349.1342407775258,
        "decode_ns_iters": [
          2716768,
          2713600,
          2714624,
          2710528,
          2737152,
          2709504,
          2710528,
          2692096,
          2689024,
          2689024,
          2690048,
          2699264,
          2693120,
          2691072,
          2670592,
          2669568,
          2671776,
          2671616,
          2669760,
          2672640,
          2669472,
          2670592,
          2670496,
          2669568,
          2670592,
          2667520,
          2668544,
          2670720,
          2669504,
          2672640
        ],
        "chunk_tokens": 96,
        "block_threads": 64,
        "staged_input_bytes": 244234536,
        "applicable": true
      },
      {
        "kernel": "onpair_dh_k3_t64_b8_h3",
        "role": "experimental",
        "stage_bytes": null,
        "chunk_size": 96,
        "decode_ms": 2.678784,
        "decode_gib_s": 347.6661686641647,
        "decode_ns_iters": [
          2701312,
          2717696,
          2700384,
          2681760,
          2686976,
          2686976,
          2682880,
          2683744,
          2714592,
          2679680,
          2679808,
          2680832,
          2679808,
          2688000,
          2686976,
          2713600,
          2684928,
          2680832,
          2678784,
          2679808,
          2680832,
          2683904,
          2702208,
          2686976,
          2680992,
          2680800,
          2679808,
          2680832,
          2684928,
          2685952
        ],
        "chunk_tokens": 96,
        "block_threads": 64,
        "staged_input_bytes": 244234536,
        "applicable": true
      },
      {
        "kernel": "onpair_dh_k3_t128_b1_h2",
        "role": "experimental",
        "stage_bytes": null,
        "chunk_size": 96,
        "decode_ms": 2.604032,
        "decode_gib_s": 357.64636147284887,
        "decode_ns_iters": [
          2606080,
          2605056,
          2608128,
          2607072,
          2605120,
          2607104,
          2608960,
          2605056,
          2605056,
          2608128,
          2606080,
          2604032,
          2649984,
          2627584,
          2622464,
          2642944,
          2629632,
          2667520,
          2630528,
          2629696,
          2633728,
          2630656,
          2631680,
          2626560,
          2626560,
          2626560,
          2623488,
          2636800,
          2639872,
          2646016
        ],
        "chunk_tokens": 96,
        "block_threads": 128,
        "staged_input_bytes": 244234536,
        "applicable": true
      },
      {
        "kernel": "onpair_dh_k3_t128_b1_h3",
        "role": "experimental",
        "stage_bytes": null,
        "chunk_size": 96,
        "decode_ms": 2.628608,
        "decode_gib_s": 354.30257001381176,
        "decode_ns_iters": [
          2666496,
          2666496,
          2660352,
          2657280,
          2653184,
          2649056,
          2652160,
          2661408,
          2648064,
          2667520,
          2648928,
          2647968,
          2654208,
          2653184,
          2654208,
          2654208,
          2649984,
          2653184,
          2652160,
          2652160,
          2655232,
          2654208,
          2649088,
          2652128,
          2644992,
          2633728,
          2669568,
          2633888,
          2631648,
          2628608
        ],
        "chunk_tokens": 96,
        "block_threads": 128,
        "staged_input_bytes": 244234536,
        "applicable": true
      },
      {
        "kernel": "onpair_dh_k3_t128_b2_h2",
        "role": "experimental",
        "stage_bytes": null,
        "chunk_size": 96,
        "decode_ms": 2.60608,
        "decode_gib_s": 357.3653034284695,
        "decode_ns_iters": [
          2630656,
          2629632,
          2627584,
          2624512,
          2629632,
          2627584,
          2612160,
          2607104,
          2606080,
          2606080,
          2607072,
          2629632,
          2610176,
          2624512,
          2630656,
          2629632,
          2649088,
          2624512,
          2624512,
          2637824,
          2628608,
          2649088,
          2628608,
          2630656,
          2630656,
          2628608,
          2638688,
          2626528,
          2624512,
          2629440
        ],
        "chunk_tokens": 96,
        "block_threads": 128,
        "staged_input_bytes": 244234536,
        "applicable": true
      },
      {
        "kernel": "onpair_dh_k3_t128_b2_h3",
        "role": "experimental",
        "stage_bytes": null,
        "chunk_size": 96,
        "decode_ms": 2.632704,
        "decode_gib_s": 353.7513408111454,
        "decode_ns_iters": [
          2653088,
          2654400,
          2639872,
          2656256,
          2632704,
          2633760,
          2632704,
          2632704,
          2633920,
          2650112,
          2648064,
          2650112,
          2652096,
          2651136,
          2676736,
          2651136,
          2649088,
          2647040,
          2647040,
          2647040,
          2647200,
          2650112,
          2649216,
          2648032,
          2647040,
          2676704,
          2649088,
          2645984,
          2654208,
          2652160
        ],
        "chunk_tokens": 96,
        "block_threads": 128,
        "staged_input_bytes": 244234536,
        "applicable": true
      },
      {
        "kernel": "onpair_dh_k3_t128_b4_h2",
        "role": "experimental",
        "stage_bytes": null,
        "chunk_size": 96,
        "decode_ms": 2.624512,
        "decode_gib_s": 354.85551979143764,
        "decode_ns_iters": [
          2629632,
          2663424,
          2629632,
          2631680,
          2630656,
          2627584,
          2630656,
          2629632,
          2624512,
          2630656,
          2630624,
          2628608,
          2630656,
          2624512,
          2624512,
          2625472,
          2631680,
          2630656,
          2627456,
          2627584,
          2650112,
          2650112,
          2644992,
          2642944,
          2643968,
          2648928,
          2649952,
          2683904,
          2649088,
          2642944
        ],
        "chunk_tokens": 96,
        "block_threads": 128,
        "staged_input_bytes": 244234536,
        "applicable": true
      },
      {
        "kernel": "onpair_dh_k3_t128_b4_h3",
        "role": "experimental",
        "stage_bytes": null,
        "chunk_size": 96,
        "decode_ms": 2.64704,
        "decode_gib_s": 351.8354728144892,
        "decode_ns_iters": [
          2668448,
          2663328,
          2654208,
          2652160,
          2673664,
          2650112,
          2652160,
          2652160,
          2655232,
          2655232,
          2647040,
          2649088,
          2652160,
          2652160,
          2651136,
          2653184,
          2653184,
          2650112,
          2649088,
          2648000,
          2651136,
          2692224,
          2652160,
          2648064,
          2648000,
          2652160,
          2654368,
          2677760,
          2655232,
          2651008
        ],
        "chunk_tokens": 96,
        "block_threads": 128,
        "staged_input_bytes": 244234536,
        "applicable": true
      },
      {
        "kernel": "onpair_dh_k3_t128_b6_h2",
        "role": "experimental",
        "stage_bytes": null,
        "chunk_size": 96,
        "decode_ms": 2.624512,
        "decode_gib_s": 354.85551979143764,
        "decode_ns_iters": [
          2624512,
          2625536,
          2629472,
          2625536,
          2630560,
          2630656,
          2627584,
          2630656,
          2629632,
          2625536,
          2625536,
          2625504,
          2631744,
          2629568,
          2626560,
          2626560,
          2624512,
          2640896,
          2629664,
          2642944,
          2662240,
          2642944,
          2647040,
          2642944,
          2647040,
          2643936,
          2659392,
          2670592,
          2698080,
          2665472
        ],
        "chunk_tokens": 96,
        "block_threads": 128,
        "staged_input_bytes": 244234536,
        "applicable": true
      },
      {
        "kernel": "onpair_dh_k3_t128_b6_h3",
        "role": "experimental",
        "stage_bytes": null,
        "chunk_size": 96,
        "decode_ms": 2.646944,
        "decode_gib_s": 351.84823326782345,
        "decode_ns_iters": [
          2688000,
          2661376,
          2647040,
          2648064,
          2646944,
          2672640,
          2653184,
          2654208,
          2654208,
          2651136,
          2651136,
          2672640,
          2649088,
          2653184,
          2654208,
          2654208,
          2654208,
          2669568,
          2648000,
          2648064,
          2656128,
          2654208,
          2664448,
          2672640,
          2666400,
          2665472,
          2675712,
          2672672,
          2672800,
          2705408
        ],
        "chunk_tokens": 96,
        "block_threads": 128,
        "staged_input_bytes": 244234536,
        "applicable": true
      },
      {
        "kernel": "onpair_dh_k3_t128_b8_h2",
        "role": "experimental",
        "stage_bytes": null,
        "chunk_size": 96,
        "decode_ms": 2.638848,
        "decode_gib_s": 352.9277055589657,
        "decode_ns_iters": [
          2675744,
          2658304,
          2657280,
          2664352,
          2659328,
          2642944,
          2644992,
          2638848,
          2640896,
          2639872,
          2646112,
          2679968,
          2665472,
          2663424,
          2665440,
          2660448,
          2657280,
          2676736,
          2668544,
          2662560,
          2662528,
          2661376,
          2662400,
          2666496,
          2664384,
          2661376,
          2671616,
          2664448,
          2668544,
          2664448
        ],
        "chunk_tokens": 96,
        "block_threads": 128,
        "staged_input_bytes": 244234536,
        "applicable": true
      },
      {
        "kernel": "onpair_dh_k3_t128_b8_h3",
        "role": "experimental",
        "stage_bytes": null,
        "chunk_size": 96,
        "decode_ms": 2.644992,
        "decode_gib_s": 352.10789671910754,
        "decode_ns_iters": [
          2674688,
          2648064,
          2648000,
          2647040,
          2647040,
          2648064,
          2649984,
          2654208,
          2666496,
          2666496,
          2695008,
          2670528,
          2667520,
          2667520,
          2662400,
          2646208,
          2648064,
          2648928,
          2648064,
          2644992,
          2648064,
          2683904,
          2648064,
          2647040,
          2648064,
          2647008,
          2681824,
          2647040,
          2646016,
          2646016
        ],
        "chunk_tokens": 96,
        "block_threads": 128,
        "staged_input_bytes": 244234536,
        "applicable": true
      },
      {
        "kernel": "onpair_dh_k3_t256_b1_h0",
        "role": "experimental",
        "stage_bytes": null,
        "chunk_size": 96,
        "decode_ms": 2.492416,
        "decode_gib_s": 373.66257075819834,
        "decode_ns_iters": [
          2520064,
          2497568,
          2495488,
          2497536,
          2494464,
          2500608,
          2493440,
          2497536,
          2493440,
          2495488,
          2494464,
          2495488,
          2503680,
          2499584,
          2497536,
          2502656,
          2495456,
          2501472,
          2499584,
          2497536,
          2494464,
          2499584,
          2492416,
          2496512,
          2498560,
          2499584,
          2493440,
          2495488,
          2494464,
          2495424
        ],
        "chunk_tokens": 96,
        "block_threads": 256,
        "staged_input_bytes": 244234536,
        "applicable": true
      },
      {
        "kernel": "onpair_dh_k3_t256_b1_h2",
        "role": "experimental",
        "stage_bytes": null,
        "chunk_size": 96,
        "decode_ms": 2.532352,
        "decode_gib_s": 367.76979265081064,
        "decode_ns_iters": [
          2537472,
          2537536,
          2572288,
          2536448,
          2538400,
          2536448,
          2533376,
          2532352,
          2533312,
          2543616,
          2549760,
          2545664,
          2576384,
          2546592,
          2548608,
          2548736,
          2547712,
          2540544,
          2534400,
          2536448,
          2533376,
          2533376,
          2565120,
          2532352,
          2550880,
          2549696,
          2546688,
          2543584,
          2547712,
          2549760
        ],
        "chunk_tokens": 96,
        "block_threads": 256,
        "staged_input_bytes": 244234536,
        "applicable": true
      },
      {
        "kernel": "onpair_dh_k3_t256_b1_h3",
        "role": "experimental",
        "stage_bytes": null,
        "chunk_size": 96,
        "decode_ms": 2.553856,
        "decode_gib_s": 364.67309431654155,
        "decode_ns_iters": [
          2567232,
          2562048,
          2594816,
          2564160,
          2566144,
          2565088,
          2570080,
          2563072,
          2570240,
          2555904,
          2554880,
          2553856,
          2555776,
          2575360,
          2555808,
          2557952,
          2557952,
          2554016,
          2556928,
          2554880,
          2589856,
          2567168,
          2565120,
          2564096,
          2567008,
          2567168,
          2566144,
          2564096,
          2562944,
          2561024
        ],
        "chunk_tokens": 96,
        "block_threads": 256,
        "staged_input_bytes": 244234536,
        "applicable": true
      },
      {
        "kernel": "onpair_dh_k3_t256_b2_h2",
        "role": "experimental",
        "stage_bytes": null,
        "chunk_size": 96,
        "decode_ms": 2.532352,
        "decode_gib_s": 367.76979265081064,
        "decode_ns_iters": [
          2534400,
          2540544,
          2532352,
          2533376,
          2537472,
          2541568,
          2534240,
          2556928,
          2533376,
          2548736,
          2537408,
          2538496,
          2537472,
          2533376,
          2535424,
          2535424,
          2534368,
          2535296,
          2543520,
          2534400,
          2544640,
          2532352,
          2532352,
          2535424,
          2539520,
          2534240,
          2533280,
          2534400,
          2536480,
          2534400
        ],
        "chunk_tokens": 96,
        "block_threads": 256,
        "staged_input_bytes": 244234536,
        "applicable": true
      },
      {
        "kernel": "onpair_dh_k3_t256_b2_h3",
        "role": "experimental",
        "stage_bytes": null,
        "chunk_size": 96,
        "decode_ms": 2.541568,
        "decode_gib_s": 366.43621967181906,
        "decode_ns_iters": [
          2554816,
          2561024,
          2552704,
          2585600,
          2554880,
          2554848,
          2556928,
          2551808,
          2551936,
          2544640,
          2556928,
          2544640,
          2550784,
          2550784,
          2545664,
          2544640,
          2541568,
          2582528,
          2547616,
          2549760,
          2545664,
          2543616,
          2544672,
          2544640,
          2556928,
          2553856,
          2555904,
          2552800,
          2557952,
          2553856
        ],
        "chunk_tokens": 96,
        "block_threads": 256,
        "staged_input_bytes": 244234536,
        "applicable": true
      },
      {
        "kernel": "onpair_dh_k3_t256_b4_h0",
        "role": "experimental",
        "stage_bytes": null,
        "chunk_size": 96,
        "decode_ms": 2.492416,
        "decode_gib_s": 373.66257075819834,
        "decode_ns_iters": [
          2499584,
          2498560,
          2492416,
          2495488,
          2497664,
          2493472,
          2497536,
          2495488,
          2504640,
          2499584,
          2496512,
          2502656,
          2500608,
          2499584,
          2499584,
          2501632,
          2499584,
          2500608,
          2501632,
          2499584,
          2496512,
          2498624,
          2499488,
          2497536,
          2502720,
          2504640,
          2495488,
          2498400,
          2500608,
          2503680
        ],
        "chunk_tokens": 96,
        "block_threads": 256,
        "staged_input_bytes": 244234536,
        "applicable": true
      },
      {
        "kernel": "onpair_dh_k3_t256_b4_h2",
        "role": "experimental",
        "stage_bytes": null,
        "chunk_size": 96,
        "decode_ms": 2.51904,
        "decode_gib_s": 369.71329155506294,
        "decode_ns_iters": [
          2545664,
          2539520,
          2536448,
          2538496,
          2543616,
          2519040,
          2535424,
          2524160,
          2524160,
          2529280,
          2523136,
          2536448,
          2534400,
          2541568,
          2545632,
          2538496,
          2531424,
          2534400,
          2535424,
          2533088,
          2532192,
          2533376,
          2531232,
          2531328,
          2548736,
          2531328,
          2548896,
          2550784,
          2551808,
          2544640
        ],
        "chunk_tokens": 96,
        "block_threads": 256,
        "staged_input_bytes": 244234536,
        "applicable": true
      },
      {
        "kernel": "onpair_dh_k3_t256_b4_h3",
        "role": "experimental",
        "stage_bytes": null,
        "chunk_size": 96,
        "decode_ms": 2.548736,
        "decode_gib_s": 365.4056638109501,
        "decode_ns_iters": [
          2570240,
          2569216,
          2552832,
          2551808,
          2583552,
          2553856,
          2548736,
          2555904,
          2552768,
          2558048,
          2560000,
          2561024,
          2561024,
          2558848,
          2558976,
          2565120,
          2560064,
          2554880,
          2555904,
          2583552,
          2558976,
          2556928,
          2558976,
          2585600,
          2568192,
          2569216,
          2567168,
          2590720,
          2567168,
          2570240
        ],
        "chunk_tokens": 96,
        "block_threads": 256,
        "staged_input_bytes": 244234536,
        "applicable": true
      },
      {
        "kernel": "onpair_dh_k3_t256_b6_h2",
        "role": "experimental",
        "stage_bytes": null,
        "chunk_size": 96,
        "decode_ms": 2.685952,
        "decode_gib_s": 346.7383519731052,
        "decode_ns_iters": [
          2710528,
          2716672,
          2711520,
          2711552,
          2740224,
          2704384,
          2688000,
          2697216,
          2685952,
          2694144,
          2696192,
          2693120,
          2705408,
          2686976,
          2691072,
          2695168,
          2693120,
          2691072,
          2692992,
          2700288,
          2692096,
          2692096,
          2690048,
          2689024,
          2701312,
          2695168,
          2694144,
          2719744,
          2692160,
          2688000
        ],
        "chunk_tokens": 96,
        "block_threads": 256,
        "staged_input_bytes": 244234536,
        "applicable": true
      },
      {
        "kernel": "onpair_dh_k3_t256_b6_h3",
        "role": "experimental",
        "stage_bytes": null,
        "chunk_size": 96,
        "decode_ms": 2.670592,
        "decode_gib_s": 348.73262930423874,
        "decode_ns_iters": [
          2673632,
          2677760,
          2672704,
          2676736,
          2676736,
          2674528,
          2673856,
          2675712,
          2685888,
          2677760,
          2678784,
          2686976,
          2676736,
          2670592,
          2674688,
          2696192,
          2701184,
          2698240,
          2703360,
          2703424,
          2694144,
          2698240,
          2718720,
          2720768,
          2721664,
          2719584,
          2718720,
          2720960,
          2719744,
          2716672
        ],
        "chunk_tokens": 96,
        "block_threads": 256,
        "staged_input_bytes": 244234536,
        "applicable": true
      },
      {
        "kernel": "onpair_dh_k3_t256_b8_h0",
        "role": "experimental",
        "stage_bytes": null,
        "chunk_size": 96,
        "decode_ms": 2.604032,
        "decode_gib_s": 357.64636147284887,
        "decode_ns_iters": [
          2634752,
          2637824,
          2634752,
          2635776,
          2618368,
          2619392,
          2617344,
          2621440,
          2615296,
          2620416,
          2618496,
          2615296,
          2616320,
          2615296,
          2618432,
          2623488,
          2618368,
          2622496,
          2616320,
          2619392,
          2619392,
          2617280,
          2615296,
          2621440,
          2616320,
          2612320,
          2615296,
          2604032,
          2607008,
          2608128
        ],
        "chunk_tokens": 96,
        "block_threads": 256,
        "staged_input_bytes": 244234536,
        "applicable": true
      },
      {
        "kernel": "onpair_dh_k3_t256_b8_h2",
        "role": "experimental",
        "stage_bytes": null,
        "chunk_size": 96,
        "decode_ms": 2.684928,
        "decode_gib_s": 346.8705939074961,
        "decode_ns_iters": [
          2693120,
          2689024,
          2688000,
          2688000,
          2686976,
          2688000,
          2688896,
          2696192,
          2693120,
          2689984,
          2684928,
          2686976,
          2694144,
          2693120,
          2694144,
          2694144,
          2723840,
          2693984,
          2688960,
          2692096,
          2689024,
          2686976,
          2691936,
          2698240,
          2691072,
          2689024,
          2686976,
          2694144,
          2698240,
          2693120
        ],
        "chunk_tokens": 96,
        "block_threads": 256,
        "staged_input_bytes": 244234536,
        "applicable": true
      },
      {
        "kernel": "onpair_dh_k3_t256_b8_h3",
        "role": "experimental",
        "stage_bytes": null,
        "chunk_size": 96,
        "decode_ms": 2.653184,
        "decode_gib_s": 351.0207245177363,
        "decode_ns_iters": [
          2681856,
          2679808,
          2716672,
          2685952,
          2675712,
          2653184,
          2653184,
          2660352,
          2661376,
          2656256,
          2669568,
          2674688,
          2673664,
          2679808,
          2679808,
          2680832,
          2676736,
          2685952,
          2680832,
          2683904,
          2675712,
          2680832,
          2679840,
          2677728,
          2678784,
          2681856,
          2680832,
          2682880,
          2682880,
          2682880
        ],
        "chunk_tokens": 96,
        "block_threads": 256,
        "staged_input_bytes": 244234536,
        "applicable": true
      },
      {
        "kernel": "onpair_dh_k4_t64_b1_h2",
        "role": "experimental",
        "stage_bytes": null,
        "chunk_size": 128,
        "decode_ms": 2.49952,
        "decode_gib_s": 372.60056729246645,
        "decode_ns_iters": [
          2523136,
          2519040,
          2539392,
          2518016,
          2522112,
          2549760,
          2519104,
          2519040,
          2503680,
          2501632,
          2499520,
          2507776,
          2504672,
          2506752,
          2521216,
          2523104,
          2518016,
          2518016,
          2519040,
          2521280,
          2516992,
          2518016,
          2520064,
          2518880,
          2520960,
          2520064,
          2522080,
          2519040,
          2519040,
          2521088
        ],
        "chunk_tokens": 128,
        "block_threads": 64,
        "staged_input_bytes": 241803008,
        "applicable": true
      },
      {
        "kernel": "onpair_dh_k4_t64_b1_h3",
        "role": "experimental",
        "stage_bytes": null,
        "chunk_size": 128,
        "decode_ms": 2.51904,
        "decode_gib_s": 369.71329155506294,
        "decode_ns_iters": [
          2525184,
          2521088,
          2524160,
          2557952,
          2520032,
          2526176,
          2524096,
          2526080,
          2524160,
          2526208,
          2525184,
          2521088,
          2520064,
          2520064,
          2521984,
          2520064,
          2540544,
          2521088,
          2520160,
          2528192,
          2520064,
          2519040,
          2519040,
          2521088,
          2521984,
          2530304,
          2525184,
          2521088,
          2529152,
          2525184
        ],
        "chunk_tokens": 128,
        "block_threads": 64,
        "staged_input_bytes": 241803008,
        "applicable": true
      },
      {
        "kernel": "onpair_dh_k4_t64_b1_h4",
        "role": "experimental",
        "stage_bytes": null,
        "chunk_size": 128,
        "decode_ms": 2.56512,
        "decode_gib_s": 363.07173541934327,
        "decode_ns_iters": [
          2568192,
          2567136,
          2595840,
          2565120,
          2565120,
          2565120,
          2565120,
          2565120,
          2566144,
          2574336,
          2565120,
          2569120,
          2566144,
          2592768,
          2567168,
          2566144,
          2570144,
          2584576,
          2586624,
          2584576,
          2584448,
          2585504,
          2586624,
          2595840,
          2586624,
          2585600,
          2585600,
          2584576,
          2586624,
          2583552
        ],
        "chunk_tokens": 128,
        "block_threads": 64,
        "staged_input_bytes": 241803008,
        "applicable": true
      },
      {
        "kernel": "onpair_dh_k4_t64_b2_h2",
        "role": "experimental",
        "stage_bytes": null,
        "chunk_size": 128,
        "decode_ms": 2.516992,
        "decode_gib_s": 370.014116039648,
        "decode_ns_iters": [
          2518016,
          2519040,
          2516992,
          2522112,
          2517120,
          2518016,
          2518016,
          2518112,
          2529280,
          2525184,
          2526048,
          2547712,
          2519040,
          2533376,
          2524064,
          2520064,
          2524064,
          2524160,
          2524032,
          2516992,
          2525024,
          2542656,
          2520064,
          2525184,
          2523136,
          2526240,
          2523200,
          2523136,
          2529280,
          2537472
        ],
        "chunk_tokens": 128,
        "block_threads": 64,
        "staged_input_bytes": 241803008,
        "applicable": true
      },
      {
        "kernel": "onpair_dh_k4_t64_b2_h3",
        "role": "experimental",
        "stage_bytes": null,
        "chunk_size": 128,
        "decode_ms": 2.51904,
        "decode_gib_s": 369.71329155506294,
        "decode_ns_iters": [
          2544640,
          2541536,
          2537472,
          2536448,
          2551808,
          2519040,
          2525312,
          2527264,
          2525184,
          2526208,
          2527232,
          2524160,
          2519072,
          2525184,
          2554816,
          2523200,
          2526208,
          2524160,
          2523136,
          2521088,
          2520064,
          2525184,
          2521088,
          2519104,
          2527232,
          2519040,
          2527232,
          2531328,
          2521088,
          2528256
        ],
        "chunk_tokens": 128,
        "block_threads": 64,
        "staged_input_bytes": 241803008,
        "applicable": true
      },
      {
        "kernel": "onpair_dh_k4_t64_b2_h4",
        "role": "experimental",
        "stage_bytes": null,
        "chunk_size": 128,
        "decode_ms": 2.56512,
        "decode_gib_s": 363.07173541934327,
        "decode_ns_iters": [
          2569216,
          2585600,
          2568192,
          2571264,
          2571264,
          2573184,
          2565216,
          2566144,
          2594880,
          2567072,
          2565120,
          2567168,
          2566144,
          2567168,
          2568192,
          2566240,
          2566144,
          2566144,
          2568192,
          2593792,
          2567168,
          2567168,
          2565120,
          2579456,
          2584576,
          2584544,
          2584576,
          2583648,
          2585696,
          2585440
        ],
        "chunk_tokens": 128,
        "block_threads": 64,
        "staged_input_bytes": 241803008,
        "applicable": true
      },
      {
        "kernel": "onpair_dh_k4_t64_b4_h2",
        "role": "experimental",
        "stage_bytes": null,
        "chunk_size": 128,
        "decode_ms": 2.535296,
        "decode_gib_s": 367.34273629543276,
        "decode_ns_iters": [
          2583552,
          2557952,
          2554880,
          2556960,
          2557088,
          2554880,
          2537472,
          2558944,
          2538368,
          2536448,
          2536448,
          2538496,
          2535296,
          2537472,
          2536448,
          2535424,
          2537472,
          2538464,
          2538496,
          2537376,
          2565120,
          2538496,
          2539520,
          2539520,
          2537472,
          2536448,
          2537472,
          2535424,
          2537472,
          2535424
        ],
        "chunk_tokens": 128,
        "block_threads": 64,
        "staged_input_bytes": 241803008,
        "applicable": true
      },
      {
        "kernel": "onpair_dh_k4_t64_b4_h3",
        "role": "experimental",
        "stage_bytes": null,
        "chunk_size": 128,
        "decode_ms": 2.520064,
        "decode_gib_s": 369.56306266779956,
        "decode_ns_iters": [
          2540544,
          2537472,
          2539520,
          2583552,
          2529280,
          2531168,
          2525184,
          2526208,
          2521056,
          2520064,
          2528256,
          2556928,
          2556928,
          2588672,
          2560000,
          2565120,
          2565088,
          2580480,
          2549760,
          2544640,
          2546688,
          2545664,
          2540544,
          2545568,
          2548736,
          2547680,
          2544640,
          2544640,
          2541568,
          2538496
        ],
        "chunk_tokens": 128,
        "block_threads": 64,
        "staged_input_bytes": 241803008,
        "applicable": true
      },
      {
        "kernel": "onpair_dh_k4_t64_b4_h4",
        "role": "experimental",
        "stage_bytes": null,
        "chunk_size": 128,
        "decode_ms": 2.56512,
        "decode_gib_s": 363.07173541934327,
        "decode_ns_iters": [
          2596864,
          2611200,
          2609280,
          2606080,
          2608128,
          2612224,
          2615296,
          2605216,
          2586624,
          2584576,
          2588672,
          2590720,
          2585600,
          2586624,
          2586624,
          2567040,
          2566144,
          2565120,
          2570080,
          2569216,
          2567168,
          2568192,
          2598816,
          2585600,
          2585504,
          2593792,
          2627584,
          2589696,
          2590720,
          2604032
        ],
        "chunk_tokens": 128,
        "block_threads": 64,
        "staged_input_bytes": 241803008,
        "applicable": true
      },
      {
        "kernel": "onpair_dh_k4_t64_b6_h2",
        "role": "experimental",
        "stage_bytes": null,
        "chunk_size": 128,
        "decode_ms": 2.516992,
        "decode_gib_s": 370.014116039648,
        "decode_ns_iters": [
          2559936,
          2555904,
          2564096,
          2561024,
          2592768,
          2542592,
          2543616,
          2544640,
          2541568,
          2537472,
          2550784,
          2541568,
          2531328,
          2520992,
          2520064,
          2518016,
          2519040,
          2522112,
          2516992,
          2519040,
          2520896,
          2518016,
          2521088,
          2519040,
          2522112,
          2520064,
          2518016,
          2519072,
          2521120,
          2518016
        ],
        "chunk_tokens": 128,
        "block_threads": 64,
        "staged_input_bytes": 241803008,
        "applicable": true
      },
      {
        "kernel": "onpair_dh_k4_t64_b6_h3",
        "role": "experimental",
        "stage_bytes": null,
        "chunk_size": 128,
        "decode_ms": 2.499584,
        "decode_gib_s": 372.59102713046076,
        "decode_ns_iters": [
          2520064,
          2521088,
          2508640,
          2501632,
          2499584,
          2503680,
          2499680,
          2501632,
          2500608,
          2509824,
          2543616,
          2542592,
          2543616,
          2544640,
          2544768,
          2543456,
          2544640,
          2549632,
          2528256,
          2526208,
          2520064,
          2525184,
          2551808,
          2525184,
          2535552,
          2545824,
          2542592,
          2541600,
          2538496,
          2562048
        ],
        "chunk_tokens": 128,
        "block_threads": 64,
        "staged_input_bytes": 241803008,
        "applicable": true
      },
      {
        "kernel": "onpair_dh_k4_t64_b6_h4",
        "role": "experimental",
        "stage_bytes": null,
        "chunk_size": 128,
        "decode_ms": 2.564096,
        "decode_gib_s": 363.2167321187918,
        "decode_ns_iters": [
          2570240,
          2569216,
          2567168,
          2568064,
          2568192,
          2568192,
          2567200,
          2568192,
          2566144,
          2566976,
          2567168,
          2568192,
          2570240,
          2568192,
          2575360,
          2569216,
          2570400,
          2571264,
          2573312,
          2569216,
          2568192,
          2567168,
          2567328,
          2569216,
          2568192,
          2584576,
          2568192,
          2566144,
          2564096,
          2565120
        ],
        "chunk_tokens": 128,
        "block_threads": 64,
        "staged_input_bytes": 241803008,
        "applicable": true
      },
      {
        "kernel": "onpair_dh_k4_t64_b8_h2",
        "role": "experimental",
        "stage_bytes": null,
        "chunk_size": 128,
        "decode_ms": 2.499584,
        "decode_gib_s": 372.59102713046076,
        "decode_ns_iters": [
          2520064,
          2521088,
          2518944,
          2519040,
          2506752,
          2499584,
          2501632,
          2501728,
          2499776,
          2502656,
          2549760,
          2507712,
          2551808,
          2519040,
          2572288,
          2521184,
          2521088,
          2548736,
          2537472,
          2523136,
          2519008,
          2521088,
          2518016,
          2521088,
          2519040,
          2519136,
          2527232,
          2522112,
          2521088,
          2519040
        ],
        "chunk_tokens": 128,
        "block_threads": 64,
        "staged_input_bytes": 241803008,
        "applicable": true
      },
      {
        "kernel": "onpair_dh_k4_t64_b8_h3",
        "role": "experimental",
        "stage_bytes": null,
        "chunk_size": 128,
        "decode_ms": 2.501632,
        "decode_gib_s": 372.2859996829533,
        "decode_ns_iters": [
          2521088,
          2527232,
          2504704,
          2503680,
          2502656,
          2502656,
          2504704,
          2501632,
          2502656,
          2516992,
          2523104,
          2518016,
          2520064,
          2522112,
          2529280,
          2520064,
          2521088,
          2520064,
          2520064,
          2520960,
          2520064,
          2521088,
          2521088,
          2522112,
          2521088,
          2520192,
          2520000,
          2519040,
          2521088,
          2522112
        ],
        "chunk_tokens": 128,
        "block_threads": 64,
        "staged_input_bytes": 241803008,
        "applicable": true
      },
      {
        "kernel": "onpair_dh_k4_t64_b8_h4",
        "role": "experimental",
        "stage_bytes": null,
        "chunk_size": 128,
        "decode_ms": 2.564096,
        "decode_gib_s": 363.2167321187918,
        "decode_ns_iters": [
          2566144,
          2567168,
          2570368,
          2564096,
          2566144,
          2567168,
          2565120,
          2585600,
          2566080,
          2568192,
          2565120,
          2565120,
          2570240,
          2565120,
          2565216,
          2569216,
          2565984,
          2566144,
          2586464,
          2568192,
          2564096,
          2567168,
          2564096,
          2566144,
          2567168,
          2572288,
          2566144,
          2565120,
          2576384,
          2594816
        ],
        "chunk_tokens": 128,
        "block_threads": 64,
        "staged_input_bytes": 241803008,
        "applicable": true
      },
      {
        "kernel": "onpair_dh_k4_t128_b1_h2",
        "role": "experimental",
        "stage_bytes": null,
        "chunk_size": 128,
        "decode_ms": 2.490432,
        "decode_gib_s": 373.96024864716867,
        "decode_ns_iters": [
          2501696,
          2490432,
          2498560,
          2494464,
          2496512,
          2492416,
          2494464,
          2496416,
          2493280,
          2493440,
          2494464,
          2498560,
          2494464,
          2491392,
          2491520,
          2499584,
          2499584,
          2497536,
          2497408,
          2498560,
          2494464,
          2496480,
          2498560,
          2500608,
          2495488,
          2496512,
          2501632,
          2497536,
          2494464,
          2492416
        ],
        "chunk_tokens": 128,
        "block_threads": 128,
        "staged_input_bytes": 241803008,
        "applicable": true
      },
      {
        "kernel": "onpair_dh_k4_t128_b1_h3",
        "role": "experimental",
        "stage_bytes": null,
        "chunk_size": 128,
        "decode_ms": 2.494464,
        "decode_gib_s": 373.35578703836404,
        "decode_ns_iters": [
          2503680,
          2503712,
          2496576,
          2494464,
          2501632,
          2495488,
          2498560,
          2497664,
          2505728,
          2522112,
          2536448,
          2535424,
          2535424,
          2577376,
          2531328,
          2536448,
          2537472,
          2521088,
          2515968,
          2523136,
          2518016,
          2513920,
          2520064,
          2546688,
          2537376,
          2540384,
          2537376,
          2539520,
          2535424,
          2537312
        ],
        "chunk_tokens": 128,
        "block_threads": 128,
        "staged_input_bytes": 241803008,
        "applicable": true
      },
      {
        "kernel": "onpair_dh_k4_t128_b1_h4",
        "role": "experimental",
        "stage_bytes": null,
        "chunk_size": 128,
        "decode_ms": 2.541568,
        "decode_gib_s": 366.43621967181906,
        "decode_ns_iters": [
          2605056,
          2581504,
          2581504,
          2581504,
          2591744,
          2583424,
          2580608,
          2564096,
          2563008,
          2565120,
          2563008,
          2563072,
          2565120,
          2562976,
          2548736,
          2543616,
          2574336,
          2543616,
          2544640,
          2541568,
          2543584,
          2553856,
          2557952,
          2591776,
          2556928,
          2564096,
          2565056,
          2586560,
          2575360,
          2581504
        ],
        "chunk_tokens": 128,
        "block_threads": 128,
        "staged_input_bytes": 241803008,
        "applicable": true
      },
      {
        "kernel": "onpair_dh_k4_t128_b2_h2",
        "role": "experimental",
        "stage_bytes": null,
        "chunk_size": 128,
        "decode_ms": 2.491392,
        "decode_gib_s": 373.81615175727694,
        "decode_ns_iters": [
          2531328,
          2532512,
          2533376,
          2525184,
          2495488,
          2491392,
          2492416,
          2493440,
          2496512,
          2491392,
          2494464,
          2501632,
          2508800,
          2508800,
          2506880,
          2508608,
          2507776,
          2508800,
          2509824,
          2531328,
          2528256,
          2528096,
          2527232,
          2529280,
          2528224,
          2538496,
          2520064,
          2506752,
          2523136,
          2508800
        ],
        "chunk_tokens": 128,
        "block_threads": 128,
        "staged_input_bytes": 241803008,
        "applicable": true
      },
      {
        "kernel": "onpair_dh_k4_t128_b2_h3",
        "role": "experimental",
        "stage_bytes": null,
        "chunk_size": 128,
        "decode_ms": 2.512896,
        "decode_gib_s": 370.6172360331926,
        "decode_ns_iters": [
          2512896,
          2519040,
          2518016,
          2521088,
          2520064,
          2513920,
          2515968,
          2520064,
          2512896,
          2534400,
          2567168,
          2536448,
          2540544,
          2537312,
          2538496,
          2530304,
          2533376,
          2552832,
          2538496,
          2531328,
          2533440,
          2532352,
          2534240,
          2533248,
          2533376,
          2533376,
          2533344,
          2538496,
          2533248,
          2533376
        ],
        "chunk_tokens": 128,
        "block_threads": 128,
        "staged_input_bytes": 241803008,
        "applicable": true
      },
      {
        "kernel": "onpair_dh_k4_t128_b2_h4",
        "role": "experimental",
        "stage_bytes": null,
        "chunk_size": 128,
        "decode_ms": 2.53952,
        "decode_gib_s": 366.7317327521995,
        "decode_ns_iters": [
          2592768,
          2577408,
          2581600,
          2582528,
          2615168,
          2577408,
          2577344,
          2563072,
          2600960,
          2563072,
          2563072,
          2562048,
          2598816,
          2562048,
          2563072,
          2564096,
          2575360,
          2560096,
          2558976,
          2557888,
          2555904,
          2542592,
          2541568,
          2541568,
          2542592,
          2543648,
          2551808,
          2545664,
          2539520,
          2539520
        ],
        "chunk_tokens": 128,
        "block_threads": 128,
        "staged_input_bytes": 241803008,
        "applicable": true
      },
      {
        "kernel": "onpair_dh_k4_t128_b4_h2",
        "role": "experimental",
        "stage_bytes": null,
        "chunk_size": 128,
        "decode_ms": 2.490368,
        "decode_gib_s": 373.96985905651917,
        "decode_ns_iters": [
          2496512,
          2492416,
          2495488,
          2494464,
          2507776,
          2510848,
          2510848,
          2506752,
          2508800,
          2507776,
          2508800,
          2502784,
          2490368,
          2495488,
          2492416,
          2492416,
          2493440,
          2497536,
          2504672,
          2514976,
          2508704,
          2518016,
          2510848,
          2506592,
          2515968,
          2507776,
          2508800,
          2515008,
          2508800,
          2507776
        ],
        "chunk_tokens": 128,
        "block_threads": 128,
        "staged_input_bytes": 241803008,
        "applicable": true
      },
      {
        "kernel": "onpair_dh_k4_t128_b4_h3",
        "role": "experimental",
        "stage_bytes": null,
        "chunk_size": 128,
        "decode_ms": 2.496512,
        "decode_gib_s": 373.0495066552316,
        "decode_ns_iters": [
          2514944,
          2511872,
          2497536,
          2496512,
          2496512,
          2499584,
          2507776,
          2498432,
          2499584,
          2513920,
          2512896,
          2512896,
          2514944,
          2512896,
          2514944,
          2511872,
          2512896,
          2509952,
          2514944,
          2514944,
          2513920,
          2514944,
          2514944,
          2512000,
          2514944,
          2512896,
          2512896,
          2513920,
          2513920,
          2512896
        ],
        "chunk_tokens": 128,
        "block_threads": 128,
        "staged_input_bytes": 241803008,
        "applicable": true
      },
      {
        "kernel": "onpair_dh_k4_t128_b4_h4",
        "role": "experimental",
        "stage_bytes": null,
        "chunk_size": 128,
        "decode_ms": 2.55488,
        "decode_gib_s": 364.5269327556933,
        "decode_ns_iters": [
          2588672,
          2577408,
          2574336,
          2577408,
          2599936,
          2576256,
          2573312,
          2558976,
          2554880,
          2555904,
          2559008,
          2571360,
          2558080,
          2561024,
          2563072,
          2584608,
          2563072,
          2563072,
          2563072,
          2565088,
          2560000,
          2558976,
          2558976,
          2560000,
          2555904,
          2555904,
          2555936,
          2557952,
          2559104,
          2587648
        ],
        "chunk_tokens": 128,
        "block_threads": 128,
        "staged_input_bytes": 241803008,
        "applicable": true
      },
      {
        "kernel": "onpair_dh_k4_t128_b6_h2",
        "role": "experimental",
        "stage_bytes": null,
        "chunk_size": 128,
        "decode_ms": 2.491392,
        "decode_gib_s": 373.81615175727694,
        "decode_ns_iters": [
          2526208,
          2528352,
          2528256,
          2529280,
          2494464,
          2497536,
          2492416,
          2495360,
          2500608,
          2491392,
          2493440,
          2531328,
          2493344,
          2493312,
          2493440,
          2494464,
          2494464,
          2494464,
          2498560,
          2508800,
          2510848,
          2508800,
          2521056,
          2513920,
          2512896,
          2514944,
          2518880,
          2495488,
          2495424,
          2501632
        ],
        "chunk_tokens": 128,
        "block_threads": 128,
        "staged_input_bytes": 241803008,
        "applicable": true
      },
      {
        "kernel": "onpair_dh_k4_t128_b6_h3",
        "role": "experimental",
        "stage_bytes": null,
        "chunk_size": 128,
        "decode_ms": 2.495488,
        "decode_gib_s": 373.2025840071624,
        "decode_ns_iters": [
          2500608,
          2535424,
          2498560,
          2500608,
          2512896,
          2495488,
          2499584,
          2495552,
          2499584,
          2503680,
          2497536,
          2499584,
          2500608,
          2499712,
          2496512,
          2501632,
          2500608,
          2501632,
          2516864,
          2502656,
          2500608,
          2504704,
          2504704,
          2502656,
          2501632,
          2499584,
          2499616,
          2505728,
          2503520,
          2505728
        ],
        "chunk_tokens": 128,
        "block_threads": 128,
        "staged_input_bytes": 241803008,
        "applicable": true
      },
      {
        "kernel": "onpair_dh_k4_t128_b6_h4",
        "role": "experimental",
        "stage_bytes": null,
        "chunk_size": 128,
        "decode_ms": 2.520064,
        "decode_gib_s": 369.56306266779956,
        "decode_ns_iters": [
          2544640,
          2548736,
          2543616,
          2544640,
          2545632,
          2540544,
          2545664,
          2533376,
          2525184,
          2527232,
          2520064,
          2524160,
          2521024,
          2521088,
          2523296,
          2538496,
          2539424,
          2541568,
          2539520,
          2538688,
          2574336,
          2539488,
          2537472,
          2548576,
          2542592,
          2538496,
          2542592,
          2560000,
          2538496,
          2543552
        ],
        "chunk_tokens": 128,
        "block_threads": 128,
        "staged_input_bytes": 241803008,
        "applicable": true
      },
      {
        "kernel": "onpair_dh_k4_t128_b8_h2",
        "role": "experimental",
        "stage_bytes": null,
        "chunk_size": 128,
        "decode_ms": 2.48832,
        "decode_gib_s": 374.2776531791995,
        "decode_ns_iters": [
          2496512,
          2492288,
          2500608,
          2497536,
          2498560,
          2488320,
          2497536,
          2492416,
          2498560,
          2499584,
          2491392,
          2497536,
          2500608,
          2492416,
          2489344,
          2498496,
          2496512,
          2497536,
          2494464,
          2512032,
          2510784,
          2512864,
          2504704,
          2508800,
          2511872,
          2507648,
          2505664,
          2499584,
          2497536,
          2497536
        ],
        "chunk_tokens": 128,
        "block_threads": 128,
        "staged_input_bytes": 241803008,
        "applicable": true
      },
      {
        "kernel": "onpair_dh_k4_t128_b8_h3",
        "role": "experimental",
        "stage_bytes": null,
        "chunk_size": 128,
        "decode_ms": 2.499584,
        "decode_gib_s": 372.59102713046076,
        "decode_ns_iters": [
          2501632,
          2501632,
          2528256,
          2500576,
          2502720,
          2500608,
          2499584,
          2502528,
          2500608,
          2506752,
          2504704,
          2500608,
          2502656,
          2503680,
          2503680,
          2500608,
          2514944,
          2529280,
          2539520,
          2540544,
          2544640,
          2540544,
          2537472,
          2547712,
          2543552,
          2542592,
          2544640,
          2543616,
          2538496,
          2544640
        ],
        "chunk_tokens": 128,
        "block_threads": 128,
        "staged_input_bytes": 241803008,
        "applicable": true
      },
      {
        "kernel": "onpair_dh_k4_t128_b8_h4",
        "role": "experimental",
        "stage_bytes": null,
        "chunk_size": 128,
        "decode_ms": 2.556928,
        "decode_gib_s": 364.23496084319373,
        "decode_ns_iters": [
          2584640,
          2578432,
          2581504,
          2582528,
          2581504,
          2582528,
          2576384,
          2569216,
          2560000,
          2562176,
          2558976,
          2556928,
          2594816,
          2556928,
          2556928,
          2564096,
          2561920,
          2556928,
          2561024,
          2564096,
          2560000,
          2556928,
          2564096,
          2563072,
          2561984,
          2563072,
          2563072,
          2563200,
          2561024,
          2580480
        ],
        "chunk_tokens": 128,
        "block_threads": 128,
        "staged_input_bytes": 241803008,
        "applicable": true
      },
      {
        "kernel": "onpair_dh_k4_t256_b1_h0",
        "role": "experimental",
        "stage_bytes": null,
        "chunk_size": 128,
        "decode_ms": 2.465792,
        "decode_gib_s": 377.69713339927523,
        "decode_ns_iters": [
          2497376,
          2498560,
          2498560,
          2497536,
          2495488,
          2473984,
          2472832,
          2468864,
          2475008,
          2477056,
          2472960,
          2477056,
          2504704,
          2473984,
          2473824,
          2465792,
          2467840,
          2466816,
          2467776,
          2471040,
          2484224,
          2489344,
          2490368,
          2484320,
          2475008,
          2489344,
          2516992,
          2487136,
          2467840,
          2483200
        ],
        "chunk_tokens": 128,
        "block_threads": 256,
        "staged_input_bytes": 241803008,
        "applicable": true
      },
      {
        "kernel": "onpair_dh_k4_t256_b1_h2",
        "role": "experimental",
        "stage_bytes": null,
        "chunk_size": 128,
        "decode_ms": 2.453504,
        "decode_gib_s": 379.58877179693434,
        "decode_ns_iters": [
          2456576,
          2458624,
          2457600,
          2461696,
          2453504,
          2473984,
          2460672,
          2459648,
          2458528,
          2457600,
          2464768,
          2457600,
          2458592,
          2459648,
          2473920,
          2457696,
          2464768,
          2458624,
          2491392,
          2484224,
          2482176,
          2496512,
          2488320,
          2485248,
          2490368,
          2496512,
          2468864,
          2475904,
          2487296,
          2473984
        ],
        "chunk_tokens": 128,
        "block_threads": 256,
        "staged_input_bytes": 241803008,
        "applicable": true
      },
      {
        "kernel": "onpair_dh_k4_t256_b1_h3",
        "role": "experimental",
        "stage_bytes": null,
        "chunk_size": 128,
        "decode_ms": 2.46272,
        "decode_gib_s": 378.1682732746174,
        "decode_ns_iters": [
          2478080,
          2467872,
          2468864,
          2493440,
          2465792,
          2465792,
          2468864,
          2464768,
          2466816,
          2466816,
          2471936,
          2466912,
          2467840,
          2470976,
          2481152,
          2469792,
          2472960,
          2477152,
          2468768,
          2470912,
          2499584,
          2468000,
          2468864,
          2467840,
          2464768,
          2471936,
          2465664,
          2462720,
          2465760,
          2463744
        ],
        "chunk_tokens": 128,
        "block_threads": 256,
        "staged_input_bytes": 241803008,
        "applicable": true
      },
      {
        "kernel": "onpair_dh_k4_t256_b1_h4",
        "role": "experimental",
        "stage_bytes": null,
        "chunk_size": 128,
        "decode_ms": 2.468864,
        "decode_gib_s": 377.2271659997739,
        "decode_ns_iters": [
          2481152,
          2479968,
          2475008,
          2487360,
          2476896,
          2479040,
          2514816,
          2486272,
          2487200,
          2518016,
          2479104,
          2489344,
          2513920,
          2483200,
          2476032,
          2498560,
          2470944,
          2469888,
          2495520,
          2471776,
          2471936,
          2473984,
          2468864,
          2479104,
          2485120,
          2485248,
          2475008,
          2482176,
          2482176,
          2481152
        ],
        "chunk_tokens": 128,
        "block_threads": 256,
        "staged_input_bytes": 241803008,
        "applicable": true
      },
      {
        "kernel": "onpair_dh_k4_t256_b2_h2",
        "role": "experimental",
        "stage_bytes": null,
        "chunk_size": 128,
        "decode_ms": 2.448384,
        "decode_gib_s": 380.38255843808224,
        "decode_ns_iters": [
          2458624,
          2453504,
          2455552,
          2452480,
          2466720,
          2455552,
          2452480,
          2469888,
          2448448,
          2450432,
          2448384,
          2448384,
          2466816,
          2464864,
          2456416,
          2498528,
          2462688,
          2461760,
          2463744,
          2455552,
          2452480,
          2449280,
          2452480,
          2449408,
          2452480,
          2461696,
          2489344,
          2457600,
          2463680,
          2459648
        ],
        "chunk_tokens": 128,
        "block_threads": 256,
        "staged_input_bytes": 241803008,
        "applicable": true
      },
      {
        "kernel": "onpair_dh_k4_t256_b2_h3",
        "role": "experimental",
        "stage_bytes": null,
        "chunk_size": 128,
        "decode_ms": 2.460672,
        "decode_gib_s": 378.48302006885336,
        "decode_ns_iters": [
          2462720,
          2479104,
          2464768,
          2463744,
          2469856,
          2460672,
          2464768,
          2464768,
          2471936,
          2510848,
          2464768,
          2467840,
          2469024,
          2462720,
          2464768,
          2475008,
          2470912,
          2468864,
          2483104,
          2480096,
          2480128,
          2486272,
          2482176,
          2484224,
          2483104,
          2480128,
          2469888,
          2467840,
          2468864,
          2465792
        ],
        "chunk_tokens": 128,
        "block_threads": 256,
        "staged_input_bytes": 241803008,
        "applicable": true
      },
      {
        "kernel": "onpair_dh_k4_t256_b2_h4",
        "role": "experimental",
        "stage_bytes": null,
        "chunk_size": 128,
        "decode_ms": 2.477056,
        "decode_gib_s": 375.97961853057245,
        "decode_ns_iters": [
          2477056,
          2481152,
          2484224,
          2478976,
          2483200,
          2482304,
          2485216,
          2487296,
          2487296,
          2481152,
          2481152,
          2480128,
          2485248,
          2479104,
          2482304,
          2490496,
          2481152,
          2483200,
          2485248,
          2483200,
          2483072,
          2485248,
          2483200,
          2488320,
          2486272,
          2482176,
          2484224,
          2482304,
          2485248,
          2483200
        ],
        "chunk_tokens": 128,
        "block_threads": 256,
        "staged_input_bytes": 241803008,
        "applicable": true
      },
      {
        "kernel": "onpair_dh_k4_t256_b4_h0",
        "role": "experimental",
        "stage_bytes": null,
        "chunk_size": 128,
        "decode_ms": 2.451328,
        "decode_gib_s": 379.92572595705906,
        "decode_ns_iters": [
          2473984,
          2469888,
          2463744,
          2463744,
          2471936,
          2475008,
          2471936,
          2469888,
          2463648,
          2457600,
          2463744,
          2456512,
          2452480,
          2460672,
          2465920,
          2463744,
          2466816,
          2468960,
          2463584,
          2462848,
          2460672,
          2468864,
          2451552,
          2452480,
          2451328,
          2488192,
          2456416,
          2459648,
          2457600,
          2473984
        ],
        "chunk_tokens": 128,
        "block_threads": 256,
        "staged_input_bytes": 241803008,
        "applicable": true
      },
      {
        "kernel": "onpair_dh_k4_t256_b4_h2",
        "role": "experimental",
        "stage_bytes": null,
        "chunk_size": 128,
        "decode_ms": 2.443264,
        "decode_gib_s": 381.17967193019894,
        "decode_ns_iters": [
          2452480,
          2463744,
          2460672,
          2456576,
          2462720,
          2478048,
          2449408,
          2446336,
          2448192,
          2448384,
          2443264,
          2445312,
          2459648,
          2460672,
          2456576,
          2456544,
          2454528,
          2461696,
          2462592,
          2463744,
          2458624,
          2492416,
          2464768,
          2461696,
          2459648,
          2456576,
          2459648,
          2457600,
          2461696,
          2458624
        ],
        "chunk_tokens": 128,
        "block_threads": 256,
        "staged_input_bytes": 241803008,
        "applicable": true
      },
      {
        "kernel": "onpair_dh_k4_t256_b4_h3",
        "role": "experimental",
        "stage_bytes": null,
        "chunk_size": 128,
        "decode_ms": 2.461696,
        "decode_gib_s": 378.32558120859187,
        "decode_ns_iters": [
          2467712,
          2465664,
          2466816,
          2461696,
          2495488,
          2464768,
          2478080,
          2465792,
          2466816,
          2466816,
          2465792,
          2466816,
          2468864,
          2465792,
          2467840,
          2465792,
          2467840,
          2469888,
          2478080,
          2478080,
          2481152,
          2480128,
          2478080,
          2501696,
          2476032,
          2479104,
          2476032,
          2477056,
          2476032,
          2475008
        ],
        "chunk_tokens": 128,
        "block_threads": 256,
        "staged_input_bytes": 241803008,
        "applicable": true
      },
      {
        "kernel": "onpair_dh_k4_t256_b4_h4",
        "role": "experimental",
        "stage_bytes": null,
        "chunk_size": 128,
        "decode_ms": 2.477056,
        "decode_gib_s": 375.97961853057245,
        "decode_ns_iters": [
          2493312,
          2490464,
          2490368,
          2491392,
          2489344,
          2492416,
          2495424,
          2490496,
          2492416,
          2480128,
          2477056,
          2479232,
          2512896,
          2479104,
          2479104,
          2485248,
          2507776,
          2501632,
          2498688,
          2500608,
          2507584,
          2506752,
          2504704,
          2503680,
          2499584,
          2502656,
          2504704,
          2500608,
          2509728,
          2505728
        ],
        "chunk_tokens": 128,
        "block_threads": 256,
        "staged_input_bytes": 241803008,
        "applicable": true
      },
      {
        "kernel": "onpair_dh_k4_t256_b6_h2",
        "role": "experimental",
        "stage_bytes": null,
        "chunk_size": 128,
        "decode_ms": 2.46784,
        "decode_gib_s": 377.3836917947945,
        "decode_ns_iters": [
          2484224,
          2482176,
          2511872,
          2485248,
          2487136,
          2483200,
          2481152,
          2467840,
          2470848,
          2471936,
          2469888,
          2470848,
          2473984,
          2503680,
          2484224,
          2486272,
          2500608,
          2483040,
          2484224,
          2484224,
          2484224,
          2483200,
          2469888,
          2467840,
          2473920,
          2470912,
          2472960,
          2501632,
          2469888,
          2471936
        ],
        "chunk_tokens": 128,
        "block_threads": 256,
        "staged_input_bytes": 241803008,
        "applicable": true
      },
      {
        "kernel": "onpair_dh_k4_t256_b6_h3",
        "role": "experimental",
        "stage_bytes": null,
        "chunk_size": 128,
        "decode_ms": 2.499584,
        "decode_gib_s": 372.59102713046076,
        "decode_ns_iters": [
          2516992,
          2520256,
          2520064,
          2520064,
          2507776,
          2504832,
          2506752,
          2499584,
          2503680,
          2505728,
          2502656,
          2505728,
          2518016,
          2520064,
          2520064,
          2529280,
          2520064,
          2519040,
          2526208,
          2521088,
          2526208,
          2546688,
          2522112,
          2531328,
          2522112,
          2519040,
          2521088,
          2521088,
          2520064,
          2520064
        ],
        "chunk_tokens": 128,
        "block_threads": 256,
        "staged_input_bytes": 241803008,
        "applicable": true
      },
      {
        "kernel": "onpair_dh_k4_t256_b6_h4",
        "role": "experimental",
        "stage_bytes": null,
        "chunk_size": 128,
        "decode_ms": 2.469824,
        "decode_gib_s": 377.08054094496845,
        "decode_ns_iters": [
          2497408,
          2495488,
          2498560,
          2477056,
          2469888,
          2470912,
          2471936,
          2469824,
          2471936,
          2479104,
          2475008,
          2494592,
          2471808,
          2471936,
          2469888,
          2470912,
          2469888,
          2484320,
          2483040,
          2480128,
          2481152,
          2492416,
          2512896,
          2481280,
          2479104,
          2479040,
          2481152,
          2482048,
          2483200,
          2483200
        ],
        "chunk_tokens": 128,
        "block_threads": 256,
        "staged_input_bytes": 241803008,
        "applicable": true
      },
      {
        "kernel": "onpair_dh_k4_t256_b8_h0",
        "role": "experimental",
        "stage_bytes": null,
        "chunk_size": 128,
        "decode_ms": 2.4688,
        "decode_gib_s": 377.2369450578685,
        "decode_ns_iters": [
          2479104,
          2479104,
          2480128,
          2477120,
          2478080,
          2480128,
          2482208,
          2493440,
          2486272,
          2482016,
          2481152,
          2500768,
          2480000,
          2488416,
          2500768,
          2471936,
          2472960,
          2470912,
          2469888,
          2468800,
          2468864,
          2468864,
          2472960,
          2484224,
          2480128,
          2499584,
          2479104,
          2477056,
          2476032,
          2478144
        ],
        "chunk_tokens": 128,
        "block_threads": 256,
        "staged_input_bytes": 241803008,
        "applicable": true
      },
      {
        "kernel": "onpair_dh_k4_t256_b8_h2",
        "role": "experimental",
        "stage_bytes": null,
        "chunk_size": 128,
        "decode_ms": 2.454528,
        "decode_gib_s": 379.43041185876297,
        "decode_ns_iters": [
          2455552,
          2455552,
          2467840,
          2459648,
          2454528,
          2492416,
          2460672,
          2462720,
          2461696,
          2456576,
          2462720,
          2458624,
          2461696,
          2457408,
          2462720,
          2458624,
          2469888,
          2462592,
          2460672,
          2483200,
          2463744,
          2457600,
          2465696,
          2455552,
          2457440,
          2459616,
          2456576,
          2472960,
          2462720,
          2467840
        ],
        "chunk_tokens": 128,
        "block_threads": 256,
        "staged_input_bytes": 241803008,
        "applicable": true
      },
      {
        "kernel": "onpair_dh_k4_t256_b8_h3",
        "role": "experimental",
        "stage_bytes": null,
        "chunk_size": 128,
        "decode_ms": 2.463744,
        "decode_gib_s": 378.0110961036802,
        "decode_ns_iters": [
          2479072,
          2479264,
          2476032,
          2479072,
          2480128,
          2479104,
          2479104,
          2477056,
          2481248,
          2477056,
          2508800,
          2480128,
          2466816,
          2464768,
          2463744,
          2465792,
          2463744,
          2469824,
          2467840,
          2474944,
          2486272,
          2523136,
          2488320,
          2492384,
          2488320,
          2488320,
          2490368,
          2475104,
          2471936,
          2476160
        ],
        "chunk_tokens": 128,
        "block_threads": 256,
        "staged_input_bytes": 241803008,
        "applicable": true
      },
      {
        "kernel": "onpair_dh_k4_t256_b8_h4",
        "role": "experimental",
        "stage_bytes": null,
        "chunk_size": 128,
        "decode_ms": 2.480128,
        "decode_gib_s": 375.5139129750019,
        "decode_ns_iters": [
          2485248,
          2480128,
          2483200,
          2480128,
          2487136,
          2486272,
          2485248,
          2483200,
          2484096,
          2486208,
          2488160,
          2487296,
          2486272,
          2487296,
          2484224,
          2485248,
          2485216,
          2487296,
          2486272,
          2486272,
          2485248,
          2485184,
          2484224,
          2487296,
          2488320,
          2483200,
          2485248,
          2483200,
          2486272,
          2487296
        ],
        "chunk_tokens": 128,
        "block_threads": 256,
        "staged_input_bytes": 241803008,
        "applicable": true
      },
      {
        "kernel": "onpair_dh_k5_t64_b1_h2",
        "role": "experimental",
        "stage_bytes": null,
        "chunk_size": 160,
        "decode_ms": 2.582624,
        "decode_gib_s": 360.61097936008713,
        "decode_ns_iters": [
          2605056,
          2604032,
          2612224,
          2605056,
          2602112,
          2607104,
          2601984,
          2585600,
          2585600,
          2584576,
          2585600,
          2584576,
          2585600,
          2585600,
          2583520,
          2588672,
          2585600,
          2582624,
          2593792,
          2586624,
          2586624,
          2599936,
          2604032,
          2604032,
          2605056,
          2605920,
          2604032,
          2606016,
          2608128,
          2604032
        ],
        "chunk_tokens": 160,
        "block_threads": 64,
        "staged_input_bytes": 240344088,
        "applicable": true
      },
      {
        "kernel": "onpair_dh_k5_t64_b1_h3",
        "role": "experimental",
        "stage_bytes": null,
        "chunk_size": 160,
        "decode_ms": 2.51376,
        "decode_gib_s": 370.4898518390243,
        "decode_ns_iters": [
          2532384,
          2532352,
          2532256,
          2527232,
          2513920,
          2514944,
          2521088,
          2521088,
          2519168,
          2514944,
          2514784,
          2513920,
          2513920,
          2513760,
          2515968,
          2514880,
          2521088,
          2528128,
          2523040,
          2537472,
          2539520,
          2536448,
          2534400,
          2536448,
          2580480,
          2536448,
          2535424,
          2536448,
          2537472,
          2533376
        ],
        "chunk_tokens": 160,
        "block_threads": 64,
        "staged_input_bytes": 240344088,
        "applicable": true
      },
      {
        "kernel": "onpair_dh_k5_t64_b1_h4",
        "role": "experimental",
        "stage_bytes": null,
        "chunk_size": 160,
        "decode_ms": 2.536448,
        "decode_gib_s": 367.1758971439058,
        "decode_ns_iters": [
          2554880,
          2582528,
          2547648,
          2545664,
          2542592,
          2540544,
          2537472,
          2536448,
          2589664,
          2561024,
          2563072,
          2560000,
          2583552,
          2564096,
          2561024,
          2562240,
          2580480,
          2561024,
          2560000,
          2560000,
          2563072,
          2554880,
          2562048,
          2561024,
          2560000,
          2553856,
          2555904,
          2567168,
          2563072,
          2566144
        ],
        "chunk_tokens": 160,
        "block_threads": 64,
        "staged_input_bytes": 240344088,
        "applicable": true
      },
      {
        "kernel": "onpair_dh_k5_t64_b2_h2",
        "role": "experimental",
        "stage_bytes": null,
        "chunk_size": 160,
        "decode_ms": 2.601984,
        "decode_gib_s": 357.92786195413413,
        "decode_ns_iters": [
          2608128,
          2608128,
          2629632,
          2604096,
          2606080,
          2609152,
          2610176,
          2609152,
          2608128,
          2604032,
          2602912,
          2613248,
          2604032,
          2610176,
          2610176,
          2611200,
          2606080,
          2605056,
          2610080,
          2604032,
          2606048,
          2603008,
          2604032,
          2601984,
          2623488,
          2603904,
          2605056,
          2606080,
          2641920,
          2603168
        ],
        "chunk_tokens": 160,
        "block_threads": 64,
        "staged_input_bytes": 240344088,
        "applicable": true
      },
      {
        "kernel": "onpair_dh_k5_t64_b2_h3",
        "role": "experimental",
        "stage_bytes": null,
        "chunk_size": 160,
        "decode_ms": 2.532352,
        "decode_gib_s": 367.76979265081064,
        "decode_ns_iters": [
          2534400,
          2533312,
          2554880,
          2532352,
          2534400,
          2533344,
          2533376,
          2534400,
          2538496,
          2548736,
          2570240,
          2571264,
          2578432,
          2574336,
          2573312,
          2584608,
          2576384,
          2558976,
          2550784,
          2556928,
          2556064,
          2555904,
          2555904,
          2556928,
          2587648,
          2555904,
          2556928,
          2554880,
          2578432,
          2552832
        ],
        "chunk_tokens": 160,
        "block_threads": 64,
        "staged_input_bytes": 240344088,
        "applicable": true
      },
      {
        "kernel": "onpair_dh_k5_t64_b2_h4",
        "role": "experimental",
        "stage_bytes": null,
        "chunk_size": 160,
        "decode_ms": 2.582368,
        "decode_gib_s": 360.64672810337856,
        "decode_ns_iters": [
          2597888,
          2598912,
          2602848,
          2600896,
          2599936,
          2600960,
          2600832,
          2598912,
          2596864,
          2596864,
          2594816,
          2593792,
          2597888,
          2604032,
          2597888,
          2601824,
          2593696,
          2595840,
          2599936,
          2601984,
          2597888,
          2597888,
          2598912,
          2598912,
          2629632,
          2599904,
          2600960,
          2600960,
          2582528,
          2582368
        ],
        "chunk_tokens": 160,
        "block_threads": 64,
        "staged_input_bytes": 240344088,
        "applicable": true
      },
      {
        "kernel": "onpair_dh_k5_t64_b4_h2",
        "role": "experimental",
        "stage_bytes": null,
        "chunk_size": 160,
        "decode_ms": 2.604032,
        "decode_gib_s": 357.64636147284887,
        "decode_ns_iters": [
          2624512,
          2625376,
          2622464,
          2614432,
          2609152,
          2604032,
          2605056,
          2609152,
          2643968,
          2610176,
          2614368,
          2609152,
          2608128,
          2630656,
          2607104,
          2609152,
          2609152,
          2611200,
          2609152,
          2607232,
          2605056,
          2614272,
          2640896,
          2609152,
          2609152,
          2611200,
          2610176,
          2639712,
          2611200,
          2612224
        ],
        "chunk_tokens": 160,
        "block_threads": 64,
        "staged_input_bytes": 240344088,
        "applicable": true
      },
      {
        "kernel": "onpair_dh_k5_t64_b4_h3",
        "role": "experimental",
        "stage_bytes": null,
        "chunk_size": 160,
        "decode_ms": 2.515968,
        "decode_gib_s": 370.16471193547204,
        "decode_ns_iters": [
          2534400,
          2549728,
          2538496,
          2535552,
          2540544,
          2540544,
          2535424,
          2515968,
          2558976,
          2524160,
          2519136,
          2521088,
          2519040,
          2520064,
          2532352,
          2538496,
          2534400,
          2533376,
          2565152,
          2534400,
          2545664,
          2535424,
          2533280,
          2533184,
          2541376,
          2532480,
          2533376,
          2531328,
          2576384,
          2540544
        ],
        "chunk_tokens": 160,
        "block_threads": 64,
        "staged_input_bytes": 240344088,
        "applicable": true
      },
      {
        "kernel": "onpair_dh_k5_t64_b4_h4",
        "role": "experimental",
        "stage_bytes": null,
        "chunk_size": 160,
        "decode_ms": 2.535424,
        "decode_gib_s": 367.3241911249817,
        "decode_ns_iters": [
          2562048,
          2557952,
          2555744,
          2557952,
          2565120,
          2559968,
          2556928,
          2556928,
          2556928,
          2594816,
          2562048,
          2557952,
          2545632,
          2560000,
          2538496,
          2535424,
          2541568,
          2544672,
          2542592,
          2543616,
          2576384,
          2541568,
          2541568,
          2544640,
          2542784,
          2539488,
          2544640,
          2554880,
          2563072,
          2561024
        ],
        "chunk_tokens": 160,
        "block_threads": 64,
        "staged_input_bytes": 240344088,
        "applicable": true
      },
      {
        "kernel": "onpair_dh_k5_t64_b6_h2",
        "role": "experimental",
        "stage_bytes": null,
        "chunk_size": 160,
        "decode_ms": 2.584576,
        "decode_gib_s": 360.33862806079816,
        "decode_ns_iters": [
          2612224,
          2600896,
          2622464,
          2592768,
          2591744,
          2589696,
          2591680,
          2589888,
          2586784,
          2584576,
          2584608,
          2585600,
          2584768,
          2587648,
          2585600,
          2589696,
          2605024,
          2613248,
          2604032,
          2605056,
          2604000,
          2603968,
          2603008,
          2608128,
          2604032,
          2605056,
          2606080,
          2641920,
          2601984,
          2614272
        ],
        "chunk_tokens": 160,
        "block_threads": 64,
        "staged_input_bytes": 240344088,
        "applicable": true
      },
      {
        "kernel": "onpair_dh_k5_t64_b6_h3",
        "role": "experimental",
        "stage_bytes": null,
        "chunk_size": 160,
        "decode_ms": 2.531328,
        "decode_gib_s": 367.9185668387762,
        "decode_ns_iters": [
          2533376,
          2544640,
          2538496,
          2537344,
          2538496,
          2536448,
          2533376,
          2537472,
          2545664,
          2538496,
          2536448,
          2537472,
          2536448,
          2533376,
          2531328,
          2551808,
          2533376,
          2541568,
          2540480,
          2537472,
          2539520,
          2538496,
          2559968,
          2538496,
          2538496,
          2538496,
          2537472,
          2539520,
          2557824,
          2593792
        ],
        "chunk_tokens": 160,
        "block_threads": 64,
        "staged_input_bytes": 240344088,
        "applicable": true
      },
      {
        "kernel": "onpair_dh_k5_t64_b6_h4",
        "role": "experimental",
        "stage_bytes": null,
        "chunk_size": 160,
        "decode_ms": 2.55488,
        "decode_gib_s": 364.5269327556933,
        "decode_ns_iters": [
          2576256,
          2576384,
          2571296,
          2561024,
          2556928,
          2557952,
          2557952,
          2583552,
          2562048,
          2563072,
          2565120,
          2558976,
          2558976,
          2554880,
          2555904,
          2557952,
          2561024,
          2561088,
          2564096,
          2563008,
          2564096,
          2561024,
          2591776,
          2561888,
          2564160,
          2561024,
          2598912,
          2561024,
          2560000,
          2563040
        ],
        "chunk_tokens": 160,
        "block_threads": 64,
        "staged_input_bytes": 240344088,
        "applicable": true
      },
      {
        "kernel": "onpair_dh_k5_t64_b8_h2",
        "role": "experimental",
        "stage_bytes": null,
        "chunk_size": 160,
        "decode_ms": 2.584576,
        "decode_gib_s": 360.33862806079816,
        "decode_ns_iters": [
          2611200,
          2647040,
          2610016,
          2609152,
          2612224,
          2610176,
          2633728,
          2590720,
          2590720,
          2589696,
          2592768,
          2590720,
          2585600,
          2585696,
          2589696,
          2589696,
          2587648,
          2584576,
          2590720,
          2589696,
          2586624,
          2590688,
          2591744,
          2626400,
          2590720,
          2590720,
          2593792,
          2589696,
          2590656,
          2584576
        ],
        "chunk_tokens": 160,
        "block_threads": 64,
        "staged_input_bytes": 240344088,
        "applicable": true
      },
      {
        "kernel": "onpair_dh_k5_t64_b8_h3",
        "role": "experimental",
        "stage_bytes": null,
        "chunk_size": 160,
        "decode_ms": 2.512896,
        "decode_gib_s": 370.6172360331926,
        "decode_ns_iters": [
          2520064,
          2525184,
          2518016,
          2519040,
          2521088,
          2518016,
          2519136,
          2519040,
          2518016,
          2516992,
          2512896,
          2518016,
          2530304,
          2533472,
          2531328,
          2532352,
          2532352,
          2546688,
          2537472,
          2538336,
          2538400,
          2538496,
          2532512,
          2537472,
          2542592,
          2537376,
          2537472,
          2537472,
          2538496,
          2533376
        ],
        "chunk_tokens": 160,
        "block_threads": 64,
        "staged_input_bytes": 240344088,
        "applicable": true
      },
      {
        "kernel": "onpair_dh_k5_t64_b8_h4",
        "role": "experimental",
        "stage_bytes": null,
        "chunk_size": 160,
        "decode_ms": 2.536448,
        "decode_gib_s": 367.1758971439058,
        "decode_ns_iters": [
          2554880,
          2561984,
          2536448,
          2536448,
          2539488,
          2536448,
          2541568,
          2541568,
          2549760,
          2556928,
          2555840,
          2560992,
          2563072,
          2561024,
          2569216,
          2560000,
          2561024,
          2557952,
          2563072,
          2567168,
          2560128,
          2560000,
          2560000,
          2594816,
          2560000,
          2562048,
          2564096,
          2593792,
          2562944,
          2561024
        ],
        "chunk_tokens": 160,
        "block_threads": 64,
        "staged_input_bytes": 240344088,
        "applicable": true
      },
      {
        "kernel": "onpair_dh_k5_t128_b1_h2",
        "role": "experimental",
        "stage_bytes": null,
        "chunk_size": 160,
        "decode_ms": 2.54464,
        "decode_gib_s": 365.9938419418329,
        "decode_ns_iters": [
          2549696,
          2555904,
          2549760,
          2547712,
          2549760,
          2568192,
          2548736,
          2551808,
          2551840,
          2548736,
          2545664,
          2549600,
          2553856,
          2549760,
          2549760,
          2550784,
          2558976,
          2549824,
          2548736,
          2544640,
          2556928,
          2562112,
          2568192,
          2602912,
          2569216,
          2569088,
          2568192,
          2581504,
          2590720,
          2586624
        ],
        "chunk_tokens": 160,
        "block_threads": 128,
        "staged_input_bytes": 240344088,
        "applicable": true
      },
      {
        "kernel": "onpair_dh_k5_t128_b1_h3",
        "role": "experimental",
        "stage_bytes": null,
        "chunk_size": 160,
        "decode_ms": 2.50368,
        "decode_gib_s": 371.98147125785465,
        "decode_ns_iters": [
          2528256,
          2552832,
          2518016,
          2504704,
          2504704,
          2503680,
          2506752,
          2507776,
          2506656,
          2503680,
          2528256,
          2523136,
          2520064,
          2525184,
          2552832,
          2521088,
          2525216,
          2524160,
          2524160,
          2525184,
          2525184,
          2524160,
          2525184,
          2526176,
          2562016,
          2542592,
          2546528,
          2543616,
          2544640,
          2537472
        ],
        "chunk_tokens": 160,
        "block_threads": 128,
        "staged_input_bytes": 240344088,
        "applicable": true
      },
      {
        "kernel": "onpair_dh_k5_t128_b1_h4",
        "role": "experimental",
        "stage_bytes": null,
        "chunk_size": 160,
        "decode_ms": 2.543456,
        "decode_gib_s": 366.16421513046254,
        "decode_ns_iters": [
          2547712,
          2549760,
          2543616,
          2547648,
          2549760,
          2587584,
          2548736,
          2548736,
          2544640,
          2544640,
          2544640,
          2543456,
          2564096,
          2543616,
          2555904,
          2569216,
          2570240,
          2561024,
          2565120,
          2567168,
          2562048,
          2571264,
          2551808,
          2551808,
          2549760,
          2548736,
          2548736,
          2562944,
          2549760,
          2553856
        ],
        "chunk_tokens": 160,
        "block_threads": 128,
        "staged_input_bytes": 240344088,
        "applicable": true
      },
      {
        "kernel": "onpair_dh_k5_t128_b2_h2",
        "role": "experimental",
        "stage_bytes": null,
        "chunk_size": 160,
        "decode_ms": 2.543616,
        "decode_gib_s": 366.14118245791246,
        "decode_ns_iters": [
          2583552,
          2585600,
          2586624,
          2583456,
          2572160,
          2570432,
          2564096,
          2577408,
          2570176,
          2570240,
          2567168,
          2567168,
          2567168,
          2569216,
          2564096,
          2562080,
          2570240,
          2570240,
          2569216,
          2552800,
          2550784,
          2544640,
          2551808,
          2549760,
          2550784,
          2543616,
          2558976,
          2551808,
          2550784,
          2544640
        ],
        "chunk_tokens": 160,
        "block_threads": 128,
        "staged_input_bytes": 240344088,
        "applicable": true
      },
      {
        "kernel": "onpair_dh_k5_t128_b2_h3",
        "role": "experimental",
        "stage_bytes": null,
        "chunk_size": 160,
        "decode_ms": 2.481152,
        "decode_gib_s": 375.3589340592054,
        "decode_ns_iters": [
          2486272,
          2483200,
          2481152,
          2494304,
          2483200,
          2481152,
          2497536,
          2481152,
          2484224,
          2484224,
          2483200,
          2483200,
          2482144,
          2491392,
          2483200,
          2482176,
          2498560,
          2528128,
          2526208,
          2525184,
          2527232,
          2524160,
          2528256,
          2525184,
          2507776,
          2503680,
          2505824,
          2507776,
          2507776,
          2505728
        ],
        "chunk_tokens": 160,
        "block_threads": 128,
        "staged_input_bytes": 240344088,
        "applicable": true
      },
      {
        "kernel": "onpair_dh_k5_t128_b2_h4",
        "role": "experimental",
        "stage_bytes": null,
        "chunk_size": 160,
        "decode_ms": 2.505728,
        "decode_gib_s": 371.6774406315712,
        "decode_ns_iters": [
          2548704,
          2548736,
          2544672,
          2549760,
          2552832,
          2547712,
          2537472,
          2511808,
          2511872,
          2506752,
          2510816,
          2543616,
          2512896,
          2510880,
          2511872,
          2509856,
          2510848,
          2511872,
          2511872,
          2506752,
          2512896,
          2516992,
          2508800,
          2506720,
          2509984,
          2510848,
          2505728,
          2530304,
          2508800,
          2505728
        ],
        "chunk_tokens": 160,
        "block_threads": 128,
        "staged_input_bytes": 240344088,
        "applicable": true
      },
      {
        "kernel": "onpair_dh_k5_t128_b4_h2",
        "role": "experimental",
        "stage_bytes": null,
        "chunk_size": 160,
        "decode_ms": 2.54464,
        "decode_gib_s": 365.9938419418329,
        "decode_ns_iters": [
          2577408,
          2544640,
          2547744,
          2549760,
          2549792,
          2544640,
          2546688,
          2554944,
          2548736,
          2548736,
          2547712,
          2579456,
          2569120,
          2569216,
          2566144,
          2589696,
          2570240,
          2568192,
          2570240,
          2596864,
          2569216,
          2569216,
          2568192,
          2595936,
          2567168,
          2567168,
          2568192,
          2594816,
          2566080,
          2568192
        ],
        "chunk_tokens": 160,
        "block_threads": 128,
        "staged_input_bytes": 240344088,
        "applicable": true
      },
      {
        "kernel": "onpair_dh_k5_t128_b4_h3",
        "role": "experimental",
        "stage_bytes": null,
        "chunk_size": 160,
        "decode_ms": 2.481024,
        "decode_gib_s": 375.3782994275209,
        "decode_ns_iters": [
          2499424,
          2483200,
          2488320,
          2488320,
          2489344,
          2487296,
          2486400,
          2487296,
          2491232,
          2506752,
          2504704,
          2501632,
          2505920,
          2505664,
          2504704,
          2505696,
          2490368,
          2484128,
          2481024,
          2489344,
          2486304,
          2483200,
          2488320,
          2502528,
          2527232,
          2524160,
          2525184,
          2525184,
          2525184,
          2520064
        ],
        "chunk_tokens": 160,
        "block_threads": 128,
        "staged_input_bytes": 240344088,
        "applicable": true
      },
      {
        "kernel": "onpair_dh_k5_t128_b4_h4",
        "role": "experimental",
        "stage_bytes": null,
        "chunk_size": 160,
        "decode_ms": 2.502656,
        "decode_gib_s": 372.13367316917135,
        "decode_ns_iters": [
          2525184,
          2525216,
          2524256,
          2525184,
          2547648,
          2529280,
          2519040,
          2512896,
          2505728,
          2515968,
          2506752,
          2507776,
          2510848,
          2508800,
          2508800,
          2509824,
          2504704,
          2505856,
          2508800,
          2507776,
          2506752,
          2505728,
          2506848,
          2514944,
          2510848,
          2506784,
          2510848,
          2502656,
          2511808,
          2524160
        ],
        "chunk_tokens": 160,
        "block_threads": 128,
        "staged_input_bytes": 240344088,
        "applicable": true
      },
      {
        "kernel": "onpair_dh_k5_t128_b6_h2",
        "role": "experimental",
        "stage_bytes": null,
        "chunk_size": 160,
        "decode_ms": 2.542592,
        "decode_gib_s": 366.2886416534252,
        "decode_ns_iters": [
          2569216,
          2564160,
          2579456,
          2563072,
          2550784,
          2543616,
          2551808,
          2547872,
          2548736,
          2548800,
          2549632,
          2564096,
          2548736,
          2549792,
          2550784,
          2551808,
          2547712,
          2550720,
          2550784,
          2547712,
          2549600,
          2546688,
          2544640,
          2543616,
          2553856,
          2542592,
          2543616,
          2542592,
          2548736,
          2552672
        ],
        "chunk_tokens": 160,
        "block_threads": 128,
        "staged_input_bytes": 240344088,
        "applicable": true
      },
      {
        "kernel": "onpair_dh_k5_t128_b6_h3",
        "role": "experimental",
        "stage_bytes": null,
        "chunk_size": 160,
        "decode_ms": 2.46256,
        "decode_gib_s": 378.1928440155227,
        "decode_ns_iters": [
          2483200,
          2465792,
          2462720,
          2462720,
          2497504,
          2462560,
          2462720,
          2467872,
          2475008,
          2481152,
          2481184,
          2486272,
          2487296,
          2488320,
          2491328,
          2486272,
          2509824,
          2507776,
          2504704,
          2504704,
          2503616,
          2503616,
          2504704,
          2515968,
          2522176,
          2525184,
          2521088,
          2519168,
          2542752,
          2525184
        ],
        "chunk_tokens": 160,
        "block_threads": 128,
        "staged_input_bytes": 240344088,
        "applicable": true
      },
      {
        "kernel": "onpair_dh_k5_t128_b6_h4",
        "role": "experimental",
        "stage_bytes": null,
        "chunk_size": 160,
        "decode_ms": 2.505728,
        "decode_gib_s": 371.6774406315712,
        "decode_ns_iters": [
          2532352,
          2533376,
          2530304,
          2532352,
          2529184,
          2534208,
          2507776,
          2508800,
          2531328,
          2511872,
          2509824,
          2514944,
          2510848,
          2511872,
          2510848,
          2513760,
          2510848,
          2514944,
          2506752,
          2506752,
          2511872,
          2513920,
          2507776,
          2505856,
          2509824,
          2505728,
          2506752,
          2513920,
          2513920,
          2545664
        ],
        "chunk_tokens": 160,
        "block_threads": 128,
        "staged_input_bytes": 240344088,
        "applicable": true
      },
      {
        "kernel": "onpair_dh_k5_t128_b8_h2",
        "role": "experimental",
        "stage_bytes": null,
        "chunk_size": 160,
        "decode_ms": 2.530304,
        "decode_gib_s": 368.06746144291975,
        "decode_ns_iters": [
          2551808,
          2553856,
          2561024,
          2552832,
          2534400,
          2538496,
          2534400,
          2556928,
          2530304,
          2536448,
          2537408,
          2539680,
          2538592,
          2535424,
          2562912,
          2537472,
          2535424,
          2536448,
          2537472,
          2532352,
          2538560,
          2562208,
          2536320,
          2536384,
          2535424,
          2541600,
          2554880,
          2555904,
          2567168,
          2555904
        ],
        "chunk_tokens": 160,
        "block_threads": 128,
        "staged_input_bytes": 240344088,
        "applicable": true
      },
      {
        "kernel": "onpair_dh_k5_t128_b8_h3",
        "role": "experimental",
        "stage_bytes": null,
        "chunk_size": 160,
        "decode_ms": 2.4832,
        "decode_gib_s": 375.0493596805999,
        "decode_ns_iters": [
          2521088,
          2487296,
          2490368,
          2483200,
          2487296,
          2490368,
          2488320,
          2489344,
          2489344,
          2505728,
          2528256,
          2522112,
          2521088,
          2530304,
          2527232,
          2520064,
          2506752,
          2538496,
          2506752,
          2500512,
          2508800,
          2500608,
          2498560,
          2507776,
          2501632,
          2499712,
          2509824,
          2500608,
          2506752,
          2506752
        ],
        "chunk_tokens": 160,
        "block_threads": 128,
        "staged_input_bytes": 240344088,
        "applicable": true
      },
      {
        "kernel": "onpair_dh_k5_t128_b8_h4",
        "role": "experimental",
        "stage_bytes": null,
        "chunk_size": 160,
        "decode_ms": 2.5344,
        "decode_gib_s": 367.47260493957765,
        "decode_ns_iters": [
          2560000,
          2554880,
          2563072,
          2561024,
          2557952,
          2557120,
          2563008,
          2591744,
          2561024,
          2556928,
          2551808,
          2550784,
          2556768,
          2554880,
          2552832,
          2556928,
          2550784,
          2554784,
          2551808,
          2554720,
          2550784,
          2570208,
          2551808,
          2552832,
          2552832,
          2561024,
          2553856,
          2555904,
          2539392,
          2534400
        ],
        "chunk_tokens": 160,
        "block_threads": 128,
        "staged_input_bytes": 240344088,
        "applicable": true
      },
      {
        "kernel": "onpair_dh_k5_t256_b1_h0",
        "role": "experimental",
        "stage_bytes": null,
        "chunk_size": 160,
        "decode_ms": 2.367488,
        "decode_gib_s": 393.38005935357046,
        "decode_ns_iters": [
          2392064,
          2390016,
          2393088,
          2391040,
          2371520,
          2378752,
          2375840,
          2409568,
          2376704,
          2367488,
          2373632,
          2391040,
          2379776,
          2375808,
          2372608,
          2368512,
          2376704,
          2372640,
          2395136,
          2391040,
          2393088,
          2384896,
          2381824,
          2383680,
          2385888,
          2392064,
          2379776,
          2385824,
          2384896,
          2380704
        ],
        "chunk_tokens": 160,
        "block_threads": 256,
        "staged_input_bytes": 240344088,
        "applicable": true
      },
      {
        "kernel": "onpair_dh_k5_t256_b1_h2",
        "role": "experimental",
        "stage_bytes": null,
        "chunk_size": 160,
        "decode_ms": 2.400416,
        "decode_gib_s": 387.98382028734426,
        "decode_ns_iters": [
          2414432,
          2412544,
          2418688,
          2403328,
          2402304,
          2404352,
          2403328,
          2405376,
          2403200,
          2404352,
          2411520,
          2408448,
          2441216,
          2411520,
          2411520,
          2416640,
          2413568,
          2411424,
          2419712,
          2433024,
          2413504,
          2412384,
          2413568,
          2411520,
          2412512,
          2412544,
          2433024,
          2400416,
          2403232,
          2402304
        ],
        "chunk_tokens": 160,
        "block_threads": 256,
        "staged_input_bytes": 240344088,
        "applicable": true
      },
      {
        "kernel": "onpair_dh_k5_t256_b1_h3",
        "role": "experimental",
        "stage_bytes": null,
        "chunk_size": 160,
        "decode_ms": 2.343936,
        "decode_gib_s": 397.3327641876168,
        "decode_ns_iters": [
          2348032,
          2353152,
          2355168,
          2347008,
          2347008,
          2344800,
          2351072,
          2345984,
          2343936,
          2348032,
          2345984,
          2362368,
          2348032,
          2349056,
          2345984,
          2350080,
          2348032,
          2353152,
          2347008,
          2356224,
          2345984,
          2349056,
          2344032,
          2350080,
          2346016,
          2364416,
          2381824,
          2384896,
          2419616,
          2386944
        ],
        "chunk_tokens": 160,
        "block_threads": 256,
        "staged_input_bytes": 240344088,
        "applicable": true
      },
      {
        "kernel": "onpair_dh_k5_t256_b1_h4",
        "role": "experimental",
        "stage_bytes": null,
        "chunk_size": 160,
        "decode_ms": 2.38592,
        "decode_gib_s": 390.3410717705814,
        "decode_ns_iters": [
          2400256,
          2410496,
          2387968,
          2390016,
          2392064,
          2390976,
          2388864,
          2387968,
          2387968,
          2391936,
          2385920,
          2393088,
          2390016,
          2410368,
          2390016,
          2390016,
          2387968,
          2392096,
          2386944,
          2391040,
          2388992,
          2391936,
          2388992,
          2388992,
          2429856,
          2418688,
          2414592,
          2414592,
          2416800,
          2417664
        ],
        "chunk_tokens": 160,
        "block_threads": 256,
        "staged_input_bytes": 240344088,
        "applicable": true
      },
      {
        "kernel": "onpair_dh_k5_t256_b2_h2",
        "role": "experimental",
        "stage_bytes": null,
        "chunk_size": 160,
        "decode_ms": 2.424832,
        "decode_gib_s": 384.07715254453325,
        "decode_ns_iters": [
          2450272,
          2445472,
          2447360,
          2447328,
          2445312,
          2448384,
          2444288,
          2445312,
          2428928,
          2426880,
          2425856,
          2428928,
          2425856,
          2432000,
          2425856,
          2426880,
          2424832,
          2433024,
          2442240,
          2428928,
          2427904,
          2424832,
          2425984,
          2435968,
          2430976,
          2427904,
          2424832,
          2425856,
          2424832,
          2432000
        ],
        "chunk_tokens": 160,
        "block_threads": 256,
        "staged_input_bytes": 240344088,
        "applicable": true
      },
      {
        "kernel": "onpair_dh_k5_t256_b2_h3",
        "role": "experimental",
        "stage_bytes": null,
        "chunk_size": 160,
        "decode_ms": 2.34496,
        "decode_gib_s": 397.15925643032955,
        "decode_ns_iters": [
          2377728,
          2376704,
          2376640,
          2369536,
          2373632,
          2371584,
          2399232,
          2362368,
          2364320,
          2362368,
          2364384,
          2358368,
          2358272,
          2369536,
          2368544,
          2366496,
          2382848,
          2377728,
          2375680,
          2397184,
          2378624,
          2374656,
          2366464,
          2351104,
          2345984,
          2352128,
          2344960,
          2355200,
          2356224,
          2355200
        ],
        "chunk_tokens": 160,
        "block_threads": 256,
        "staged_input_bytes": 240344088,
        "applicable": true
      },
      {
        "kernel": "onpair_dh_k5_t256_b2_h4",
        "role": "experimental",
        "stage_bytes": null,
        "chunk_size": 160,
        "decode_ms": 2.362368,
        "decode_gib_s": 394.2326385892738,
        "decode_ns_iters": [
          2394112,
          2422784,
          2394112,
          2391904,
          2393088,
          2394144,
          2383872,
          2375680,
          2376704,
          2390944,
          2372608,
          2378752,
          2408448,
          2378752,
          2399232,
          2393088,
          2393088,
          2394112,
          2393088,
          2394112,
          2397184,
          2397184,
          2387968,
          2374656,
          2362368,
          2368480,
          2365440,
          2368512,
          2369472,
          2366624
        ],
        "chunk_tokens": 160,
        "block_threads": 256,
        "staged_input_bytes": 240344088,
        "applicable": true
      },
      {
        "kernel": "onpair_dh_k5_t256_b4_h0",
        "role": "experimental",
        "stage_bytes": null,
        "chunk_size": 160,
        "decode_ms": 2.362368,
        "decode_gib_s": 394.2326385892738,
        "decode_ns_iters": [
          2381824,
          2380800,
          2382848,
          2409472,
          2376608,
          2383808,
          2363456,
          2363392,
          2362368,
          2370560,
          2375648,
          2369536,
          2374656,
          2399264,
          2413568,
          2385920,
          2388992,
          2384768,
          2387968,
          2381824,
          2384736,
          2383872,
          2379776,
          2408448,
          2378752,
          2383872,
          2378752,
          2385792,
          2387968,
          2384896
        ],
        "chunk_tokens": 160,
        "block_threads": 256,
        "staged_input_bytes": 240344088,
        "applicable": true
      },
      {
        "kernel": "onpair_dh_k5_t256_b4_h2",
        "role": "experimental",
        "stage_bytes": null,
        "chunk_size": 160,
        "decode_ms": 2.36032,
        "decode_gib_s": 394.57470595464406,
        "decode_ns_iters": [
          2363392,
          2360320,
          2363392,
          2362208,
          2371552,
          2373632,
          2378816,
          2375520,
          2380800,
          2374656,
          2373632,
          2378752,
          2381824,
          2373632,
          2407424,
          2372608,
          2375552,
          2375680,
          2378624,
          2375680,
          2409472,
          2405376,
          2403328,
          2428928,
          2406400,
          2410496,
          2406400,
          2407424,
          2404256,
          2403328
        ],
        "chunk_tokens": 160,
        "block_threads": 256,
        "staged_input_bytes": 240344088,
        "applicable": true
      },
      {
        "kernel": "onpair_dh_k5_t256_b4_h3",
        "role": "experimental",
        "stage_bytes": null,
        "chunk_size": 160,
        "decode_ms": 2.347008,
        "decode_gib_s": 396.8126951245439,
        "decode_ns_iters": [
          2380800,
          2378752,
          2379776,
          2383808,
          2378752,
          2362368,
          2367488,
          2365600,
          2360320,
          2362368,
          2365440,
          2367488,
          2379776,
          2381824,
          2380800,
          2377728,
          2374656,
          2379776,
          2373632,
          2364416,
          2347008,
          2348032,
          2358240,
          2353152,
          2355200,
          2356224,
          2355200,
          2391040,
          2374656,
          2373632
        ],
        "chunk_tokens": 160,
        "block_threads": 256,
        "staged_input_bytes": 240344088,
        "applicable": true
      },
      {
        "kernel": "onpair_dh_k5_t256_b4_h4",
        "role": "experimental",
        "stage_bytes": null,
        "chunk_size": 160,
        "decode_ms": 2.365344,
        "decode_gib_s": 393.73662772047777,
        "decode_ns_iters": [
          2391040,
          2390880,
          2384896,
          2377728,
          2365440,
          2367424,
          2365344,
          2366464,
          2384896,
          2367488,
          2375776,
          2388992,
          2390016,
          2386944,
          2394016,
          2394272,
          2395104,
          2398208,
          2385920,
          2406400,
          2376704,
          2373632,
          2379936,
          2382688,
          2382848,
          2381824,
          2384896,
          2377920,
          2399232,
          2377728
        ],
        "chunk_tokens": 160,
        "block_threads": 256,
        "staged_input_bytes": 240344088,
        "applicable": true
      },
      {
        "kernel": "onpair_dh_k5_t256_b6_h2",
        "role": "experimental",
        "stage_bytes": null,
        "chunk_size": 160,
        "decode_ms": 2.345984,
        "decode_gib_s": 396.9859001420579,
        "decode_ns_iters": [
          2353152,
          2348064,
          2350080,
          2347040,
          2354112,
          2349056,
          2347008,
          2350080,
          2349056,
          2345984,
          2381760,
          2375680,
          2373632,
          2372608,
          2382848,
          2376864,
          2380800,
          2383872,
          2362496,
          2357248,
          2359296,
          2363392,
          2355200,
          2356224,
          2363392,
          2356224,
          2372576,
          2386944,
          2365440,
          2370496
        ],
        "chunk_tokens": 160,
        "block_threads": 256,
        "staged_input_bytes": 240344088,
        "applicable": true
      },
      {
        "kernel": "onpair_dh_k5_t256_b6_h3",
        "role": "experimental",
        "stage_bytes": null,
        "chunk_size": 160,
        "decode_ms": 2.332544,
        "decode_gib_s": 399.273312725876,
        "decode_ns_iters": [
          2361344,
          2358272,
          2332544,
          2334624,
          2332576,
          2338816,
          2341888,
          2337888,
          2340864,
          2347008,
          2338816,
          2338816,
          2336768,
          2337792,
          2340864,
          2337792,
          2340864,
          2353152,
          2359296,
          2359296,
          2355200,
          2363392,
          2355200,
          2382848,
          2361344,
          2365440,
          2341888,
          2346912,
          2342912,
          2344864
        ],
        "chunk_tokens": 160,
        "block_threads": 256,
        "staged_input_bytes": 240344088,
        "applicable": true
      },
      {
        "kernel": "onpair_dh_k5_t256_b6_h4",
        "role": "experimental",
        "stage_bytes": null,
        "chunk_size": 160,
        "decode_ms": 2.321408,
        "decode_gib_s": 401.1886622079641,
        "decode_ns_iters": [
          2341888,
          2331616,
          2330560,
          2330624,
          2330624,
          2328576,
          2333504,
          2332512,
          2331648,
          2321408,
          2328576,
          2321600,
          2331648,
          2323456,
          2325504,
          2326528,
          2322528,
          2354176,
          2356224,
          2353120,
          2360320,
          2354016,
          2355200,
          2358272,
          2356224,
          2378752,
          2377728,
          2376704,
          2374656,
          2377600
        ],
        "chunk_tokens": 160,
        "block_threads": 256,
        "staged_input_bytes": 240344088,
        "applicable": true
      },
      {
        "kernel": "onpair_dh_k5_t256_b8_h0",
        "role": "experimental",
        "stage_bytes": null,
        "chunk_size": 160,
        "decode_ms": 2.385088,
        "decode_gib_s": 390.4772360428066,
        "decode_ns_iters": [
          2424832,
          2420736,
          2408512,
          2415616,
          2409568,
          2420736,
          2417568,
          2413536,
          2417824,
          2396160,
          2398208,
          2397184,
          2405376,
          2405376,
          2399232,
          2414688,
          2395136,
          2387840,
          2391040,
          2395072,
          2385920,
          2386944,
          2425856,
          2387968,
          2388992,
          2386848,
          2385088,
          2392928,
          2392064,
          2392064
        ],
        "chunk_tokens": 160,
        "block_threads": 256,
        "staged_input_bytes": 240344088,
        "applicable": true
      },
      {
        "kernel": "onpair_dh_k5_t256_b8_h2",
        "role": "experimental",
        "stage_bytes": null,
        "chunk_size": 160,
        "decode_ms": 2.399232,
        "decode_gib_s": 388.1752869080046,
        "decode_ns_iters": [
          2422752,
          2423808,
          2417664,
          2456576,
          2419712,
          2417568,
          2420736,
          2434048,
          2439168,
          2401280,
          2403328,
          2403328,
          2399232,
          2401280,
          2399232,
          2460640,
          2421920,
          2417664,
          2429856,
          2426944,
          2467840,
          2427904,
          2425856,
          2423808,
          2424832,
          2428896,
          2427904,
          2421760,
          2430816,
          2425856
        ],
        "chunk_tokens": 160,
        "block_threads": 256,
        "staged_input_bytes": 240344088,
        "applicable": true
      },
      {
        "kernel": "onpair_dh_k5_t256_b8_h3",
        "role": "experimental",
        "stage_bytes": null,
        "chunk_size": 160,
        "decode_ms": 2.36032,
        "decode_gib_s": 394.57470595464406,
        "decode_ns_iters": [
          2380800,
          2383872,
          2379776,
          2376704,
          2378752,
          2376704,
          2398208,
          2360320,
          2366464,
          2363392,
          2363552,
          2364416,
          2369536,
          2371584,
          2368512,
          2395136,
          2386816,
          2414464,
          2392064,
          2391040,
          2394112,
          2393088,
          2379776,
          2383744,
          2379776,
          2374656,
          2404352,
          2376704,
          2371584,
          2373632
        ],
        "chunk_tokens": 160,
        "block_threads": 256,
        "staged_input_bytes": 240344088,
        "applicable": true
      },
      {
        "kernel": "onpair_dh_k5_t256_b8_h4",
        "role": "experimental",
        "stage_bytes": null,
        "chunk_size": 160,
        "decode_ms": 2.371584,
        "decode_gib_s": 392.7006464704036,
        "decode_ns_iters": [
          2380800,
          2374656,
          2371584,
          2376704,
          2401280,
          2391040,
          2392064,
          2384832,
          2384896,
          2392064,
          2392064,
          2394112,
          2383872,
          2399168,
          2386944,
          2386944,
          2386944,
          2390016,
          2390016,
          2398176,
          2397184,
          2405376,
          2398208,
          2399232,
          2404352,
          2401216,
          2405376,
          2404320,
          2399232,
          2398208
        ],
        "chunk_tokens": 160,
        "block_threads": 256,
        "staged_input_bytes": 240344088,
        "applicable": true
      },
      {
        "kernel": "onpair_dh_k6_t64_b1_h2",
        "role": "experimental",
        "stage_bytes": null,
        "chunk_size": 192,
        "decode_ms": 2.498656,
        "decode_gib_s": 372.72940731291766,
        "decode_ns_iters": [
          2538496,
          2540352,
          2546592,
          2522112,
          2498656,
          2506752,
          2533376,
          2504704,
          2514944,
          2506752,
          2504896,
          2505728,
          2504704,
          2510848,
          2507776,
          2504704,
          2508704,
          2499616,
          2512896,
          2523136,
          2519040,
          2526208,
          2539520,
          2526112,
          2527232,
          2524128,
          2526208,
          2507776,
          2509824,
          2506944
        ],
        "chunk_tokens": 192,
        "block_threads": 64,
        "staged_input_bytes": 239371472,
        "applicable": true
      },
      {
        "kernel": "onpair_dh_k6_t64_b1_h3",
        "role": "experimental",
        "stage_bytes": null,
        "chunk_size": 192,
        "decode_ms": 2.463744,
        "decode_gib_s": 378.0110961036802,
        "decode_ns_iters": [
          2483200,
          2476032,
          2465792,
          2464736,
          2471872,
          2464640,
          2464768,
          2463744,
          2468864,
          2490368,
          2489344,
          2487296,
          2487296,
          2487296,
          2488320,
          2488320,
          2490368,
          2489344,
          2490240,
          2490208,
          2489344,
          2484224,
          2487296,
          2490368,
          2490368,
          2489344,
          2488256,
          2487296,
          2488320,
          2487488
        ],
        "chunk_tokens": 192,
        "block_threads": 64,
        "staged_input_bytes": 239371472,
        "applicable": true
      },
      {
        "kernel": "onpair_dh_k6_t64_b1_h4",
        "role": "experimental",
        "stage_bytes": null,
        "chunk_size": 192,
        "decode_ms": 2.4832,
        "decode_gib_s": 375.0493596805999,
        "decode_ns_iters": [
          2489344,
          2488320,
          2489344,
          2489280,
          2488320,
          2494464,
          2492416,
          2490368,
          2491328,
          2489248,
          2487296,
          2490368,
          2488320,
          2490368,
          2487296,
          2488320,
          2491392,
          2490368,
          2487296,
          2490368,
          2489344,
          2488320,
          2490368,
          2489344,
          2489344,
          2489408,
          2490368,
          2488320,
          2483200,
          2484224
        ],
        "chunk_tokens": 192,
        "block_threads": 64,
        "staged_input_bytes": 239371472,
        "applicable": true
      },
      {
        "kernel": "onpair_dh_k6_t64_b2_h2",
        "role": "experimental",
        "stage_bytes": null,
        "chunk_size": 192,
        "decode_ms": 2.481024,
        "decode_gib_s": 375.3782994275209,
        "decode_ns_iters": [
          2506752,
          2506752,
          2506752,
          2502656,
          2503680,
          2497536,
          2487296,
          2486272,
          2485248,
          2484224,
          2486272,
          2490368,
          2505728,
          2503680,
          2505728,
          2506752,
          2504704,
          2500736,
          2507776,
          2490304,
          2483200,
          2488320,
          2487296,
          2481024,
          2487296,
          2489184,
          2491392,
          2503680,
          2506752,
          2503680
        ],
        "chunk_tokens": 192,
        "block_threads": 64,
        "staged_input_bytes": 239371472,
        "applicable": true
      },
      {
        "kernel": "onpair_dh_k6_t64_b2_h3",
        "role": "experimental",
        "stage_bytes": null,
        "chunk_size": 192,
        "decode_ms": 2.48208,
        "decode_gib_s": 375.2185948715858,
        "decode_ns_iters": [
          2490368,
          2486272,
          2487296,
          2486272,
          2484224,
          2488320,
          2486144,
          2487296,
          2487296,
          2495488,
          2487168,
          2489344,
          2486272,
          2482080,
          2492416,
          2487264,
          2489344,
          2519040,
          2507776,
          2505824,
          2506656,
          2509824,
          2505728,
          2505664,
          2506752,
          2507776,
          2502688,
          2506752,
          2505728,
          2500608
        ],
        "chunk_tokens": 192,
        "block_threads": 64,
        "staged_input_bytes": 239371472,
        "applicable": true
      },
      {
        "kernel": "onpair_dh_k6_t64_b2_h4",
        "role": "experimental",
        "stage_bytes": null,
        "chunk_size": 192,
        "decode_ms": 2.4832,
        "decode_gib_s": 375.0493596805999,
        "decode_ns_iters": [
          2490368,
          2488320,
          2492416,
          2483200,
          2488320,
          2490400,
          2490368,
          2490368,
          2489344,
          2488288,
          2490368,
          2489248,
          2489376,
          2488320,
          2488192,
          2507776,
          2507776,
          2502656,
          2500640,
          2501632,
          2504640,
          2501696,
          2491392,
          2483200,
          2487296,
          2484224,
          2490368,
          2504704,
          2491392,
          2493440
        ],
        "chunk_tokens": 192,
        "block_threads": 64,
        "staged_input_bytes": 239371472,
        "applicable": true
      },
      {
        "kernel": "onpair_dh_k6_t64_b4_h2",
        "role": "experimental",
        "stage_bytes": null,
        "chunk_size": 192,
        "decode_ms": 2.49856,
        "decode_gib_s": 372.743728371088,
        "decode_ns_iters": [
          2518016,
          2519136,
          2524160,
          2521952,
          2519104,
          2502816,
          2500448,
          2501536,
          2498560,
          2503680,
          2501504,
          2501632,
          2511872,
          2518016,
          2521088,
          2520960,
          2519040,
          2520928,
          2520064,
          2524160,
          2519040,
          2519040,
          2519040,
          2519040,
          2518016,
          2518016,
          2516992,
          2511872,
          2499584,
          2499584
        ],
        "chunk_tokens": 192,
        "block_threads": 64,
        "staged_input_bytes": 239371472,
        "applicable": true
      },
      {
        "kernel": "onpair_dh_k6_t64_b4_h3",
        "role": "experimental",
        "stage_bytes": null,
        "chunk_size": 192,
        "decode_ms": 2.480128,
        "decode_gib_s": 375.5139129750019,
        "decode_ns_iters": [
          2483200,
          2482048,
          2502656,
          2482176,
          2482176,
          2483200,
          2483200,
          2480128,
          2483200,
          2483200,
          2481152,
          2485248,
          2482176,
          2480160,
          2482240,
          2485184,
          2496512,
          2494464,
          2506816,
          2507776,
          2533376,
          2505728,
          2505728,
          2506816,
          2505728,
          2492416,
          2488320,
          2486272,
          2487328,
          2488352
        ],
        "chunk_tokens": 192,
        "block_threads": 64,
        "staged_input_bytes": 239371472,
        "applicable": true
      },
      {
        "kernel": "onpair_dh_k6_t64_b4_h4",
        "role": "experimental",
        "stage_bytes": null,
        "chunk_size": 192,
        "decode_ms": 2.482176,
        "decode_gib_s": 375.20408301380144,
        "decode_ns_iters": [
          2499584,
          2504704,
          2506752,
          2505728,
          2503680,
          2502624,
          2506752,
          2503680,
          2488320,
          2510848,
          2482176,
          2490368,
          2516992,
          2487296,
          2495488,
          2489344,
          2486432,
          2490368,
          2489344,
          2489344,
          2489344,
          2487488,
          2487328,
          2507712,
          2506592,
          2507744,
          2505728,
          2506656,
          2526208,
          2506752
        ],
        "chunk_tokens": 192,
        "block_threads": 64,
        "staged_input_bytes": 239371472,
        "applicable": true
      },
      {
        "kernel": "onpair_dh_k6_t64_b6_h2",
        "role": "experimental",
        "stage_bytes": null,
        "chunk_size": 192,
        "decode_ms": 2.499712,
        "decode_gib_s": 372.57194827198714,
        "decode_ns_iters": [
          2524160,
          2527232,
          2526112,
          2520064,
          2523136,
          2549760,
          2506752,
          2507776,
          2504704,
          2500576,
          2505728,
          2505728,
          2508800,
          2502624,
          2506752,
          2525184,
          2504704,
          2507776,
          2507648,
          2506752,
          2506688,
          2503680,
          2504704,
          2500672,
          2506848,
          2506752,
          2501632,
          2499712,
          2512896,
          2505728
        ],
        "chunk_tokens": 192,
        "block_threads": 64,
        "staged_input_bytes": 239371472,
        "applicable": true
      },
      {
        "kernel": "onpair_dh_k6_t64_b6_h3",
        "role": "experimental",
        "stage_bytes": null,
        "chunk_size": 192,
        "decode_ms": 2.464928,
        "decode_gib_s": 377.82952279290333,
        "decode_ns_iters": [
          2488320,
          2488320,
          2487296,
          2471808,
          2467840,
          2472960,
          2468704,
          2469888,
          2464928,
          2472960,
          2480128,
          2489344,
          2488288,
          2488320,
          2489344,
          2483200,
          2489344,
          2483200,
          2482176,
          2488256,
          2487296,
          2484224,
          2487296,
          2487296,
          2483200,
          2482176,
          2488320,
          2484224,
          2487296,
          2487296
        ],
        "chunk_tokens": 192,
        "block_threads": 64,
        "staged_input_bytes": 239371472,
        "applicable": true
      },
      {
        "kernel": "onpair_dh_k6_t64_b6_h4",
        "role": "experimental",
        "stage_bytes": null,
        "chunk_size": 192,
        "decode_ms": 2.468864,
        "decode_gib_s": 377.2271659997739,
        "decode_ns_iters": [
          2484224,
          2485216,
          2484224,
          2482176,
          2490368,
          2489344,
          2488320,
          2490176,
          2490368,
          2480128,
          2469760,
          2468960,
          2468864,
          2469888,
          2469888,
          2482176,
          2505728,
          2504704,
          2508800,
          2506752,
          2506752,
          2505664,
          2507776,
          2508800,
          2502496,
          2502656,
          2507744,
          2501632,
          2501632,
          2507968
        ],
        "chunk_tokens": 192,
        "block_threads": 64,
        "staged_input_bytes": 239371472,
        "applicable": true
      },
      {
        "kernel": "onpair_dh_k6_t64_b8_h2",
        "role": "experimental",
        "stage_bytes": null,
        "chunk_size": 192,
        "decode_ms": 2.49856,
        "decode_gib_s": 372.743728371088,
        "decode_ns_iters": [
          2539520,
          2538496,
          2570240,
          2538496,
          2538496,
          2536448,
          2498560,
          2508800,
          2503680,
          2503584,
          2501632,
          2500608,
          2507680,
          2501632,
          2506752,
          2504704,
          2504704,
          2507744,
          2524160,
          2501760,
          2509856,
          2561024,
          2523136,
          2518016,
          2522112,
          2524128,
          2524160,
          2523136,
          2527232,
          2519936
        ],
        "chunk_tokens": 192,
        "block_threads": 64,
        "staged_input_bytes": 239371472,
        "applicable": true
      },
      {
        "kernel": "onpair_dh_k6_t64_b8_h3",
        "role": "experimental",
        "stage_bytes": null,
        "chunk_size": 192,
        "decode_ms": 2.482176,
        "decode_gib_s": 375.20408301380144,
        "decode_ns_iters": [
          2499488,
          2514944,
          2507776,
          2491552,
          2487296,
          2487296,
          2488320,
          2487296,
          2487296,
          2486272,
          2490368,
          2486176,
          2487200,
          2487296,
          2486240,
          2484224,
          2486432,
          2485248,
          2485248,
          2486272,
          2487328,
          2486272,
          2487296,
          2486272,
          2488320,
          2482176,
          2483072,
          2487200,
          2487296,
          2486272
        ],
        "chunk_tokens": 192,
        "block_threads": 64,
        "staged_input_bytes": 239371472,
        "applicable": true
      },
      {
        "kernel": "onpair_dh_k6_t64_b8_h4",
        "role": "experimental",
        "stage_bytes": null,
        "chunk_size": 192,
        "decode_ms": 2.4832,
        "decode_gib_s": 375.0493596805999,
        "decode_ns_iters": [
          2488320,
          2520064,
          2488320,
          2486272,
          2489248,
          2490368,
          2486272,
          2493440,
          2487136,
          2488320,
          2487296,
          2487296,
          2485216,
          2483200,
          2487168,
          2488320,
          2507776,
          2504704,
          2504672,
          2508800,
          2505728,
          2500704,
          2501536,
          2506752,
          2503680,
          2501632,
          2506752,
          2505728,
          2505728,
          2507776
        ],
        "chunk_tokens": 192,
        "block_threads": 64,
        "staged_input_bytes": 239371472,
        "applicable": true
      },
      {
        "kernel": "onpair_dh_k6_t128_b1_h2",
        "role": "experimental",
        "stage_bytes": null,
        "chunk_size": 192,
        "decode_ms": 2.450432,
        "decode_gib_s": 380.06464572731073,
        "decode_ns_iters": [
          2450432,
          2490368,
          2450432,
          2451456,
          2461696,
          2452448,
          2456576,
          2456576,
          2450432,
          2459648,
          2452320,
          2451456,
          2459648,
          2457600,
          2478080,
          2476032,
          2473984,
          2477952,
          2476032,
          2478080,
          2475008,
          2469888,
          2457600,
          2462720,
          2456576,
          2455392,
          2477056,
          2457568,
          2461696,
          2488320
        ],
        "chunk_tokens": 192,
        "block_threads": 128,
        "staged_input_bytes": 239371472,
        "applicable": true
      },
      {
        "kernel": "onpair_dh_k6_t128_b1_h3",
        "role": "experimental",
        "stage_bytes": null,
        "chunk_size": 192,
        "decode_ms": 2.436096,
        "decode_gib_s": 382.30125986778256,
        "decode_ns_iters": [
          2473984,
          2476032,
          2472960,
          2479104,
          2487296,
          2436096,
          2441216,
          2440192,
          2437120,
          2441344,
          2439168,
          2436096,
          2489344,
          2459712,
          2457600,
          2460672,
          2453504,
          2460672,
          2458624,
          2465792,
          2481248,
          2477056,
          2472960,
          2506752,
          2481152,
          2479104,
          2497536,
          2452480,
          2440192,
          2438144
        ],
        "chunk_tokens": 192,
        "block_threads": 128,
        "staged_input_bytes": 239371472,
        "applicable": true
      },
      {
        "kernel": "onpair_dh_k6_t128_b1_h4",
        "role": "experimental",
        "stage_bytes": null,
        "chunk_size": 192,
        "decode_ms": 2.436096,
        "decode_gib_s": 382.30125986778256,
        "decode_ns_iters": [
          2437056,
          2448384,
          2445312,
          2436096,
          2438144,
          2444288,
          2440192,
          2443264,
          2445312,
          2444288,
          2477056,
          2519040,
          2483200,
          2484032,
          2516992,
          2480128,
          2483200,
          2509856,
          2461696,
          2460672,
          2460672,
          2458624,
          2465792,
          2456576,
          2464768,
          2507776,
          2484224,
          2492416,
          2509824,
          2487296
        ],
        "chunk_tokens": 192,
        "block_threads": 128,
        "staged_input_bytes": 239371472,
        "applicable": true
      },
      {
        "kernel": "onpair_dh_k6_t128_b2_h2",
        "role": "experimental",
        "stage_bytes": null,
        "chunk_size": 192,
        "decode_ms": 2.45136,
        "decode_gib_s": 379.92076641491485,
        "decode_ns_iters": [
          2497536,
          2481984,
          2473984,
          2476032,
          2509952,
          2478112,
          2477056,
          2499584,
          2480128,
          2463744,
          2451360,
          2458624,
          2455488,
          2458624,
          2457472,
          2458624,
          2455552,
          2461664,
          2457600,
          2453504,
          2459648,
          2457600,
          2458624,
          2476000,
          2475008,
          2480128,
          2480128,
          2476032,
          2484224,
          2473984
        ],
        "chunk_tokens": 192,
        "block_threads": 128,
        "staged_input_bytes": 239371472,
        "applicable": true
      },
      {
        "kernel": "onpair_dh_k6_t128_b2_h3",
        "role": "experimental",
        "stage_bytes": null,
        "chunk_size": 192,
        "decode_ms": 2.436096,
        "decode_gib_s": 382.30125986778256,
        "decode_ns_iters": [
          2436096,
          2437120,
          2437120,
          2437120,
          2466816,
          2441376,
          2442240,
          2438144,
          2437120,
          2469888,
          2442240,
          2440384,
          2440352,
          2438144,
          2443264,
          2437120,
          2436096,
          2442080,
          2436096,
          2436096,
          2438144,
          2448256,
          2480288,
          2475008,
          2473888,
          2475008,
          2479104,
          2483200,
          2478080,
          2483200
        ],
        "chunk_tokens": 192,
        "block_threads": 128,
        "staged_input_bytes": 239371472,
        "applicable": true
      },
      {
        "kernel": "onpair_dh_k6_t128_b2_h4",
        "role": "experimental",
        "stage_bytes": null,
        "chunk_size": 192,
        "decode_ms": 2.439168,
        "decode_gib_s": 381.8197721349516,
        "decode_ns_iters": [
          2481216,
          2480128,
          2475008,
          2510848,
          2460640,
          2447360,
          2443264,
          2439168,
          2445312,
          2444288,
          2443264,
          2464768,
          2482176,
          2479296,
          2481152,
          2478144,
          2480128,
          2482016,
          2476128,
          2476032,
          2458624,
          2462720,
          2460704,
          2462592,
          2462720,
          2483200,
          2460672,
          2462848,
          2461696,
          2457600
        ],
        "chunk_tokens": 192,
        "block_threads": 128,
        "staged_input_bytes": 239371472,
        "applicable": true
      },
      {
        "kernel": "onpair_dh_k6_t128_b4_h2",
        "role": "experimental",
        "stage_bytes": null,
        "chunk_size": 192,
        "decode_ms": 2.450432,
        "decode_gib_s": 380.06464572731073,
        "decode_ns_iters": [
          2477056,
          2475008,
          2468864,
          2491392,
          2458624,
          2456576,
          2457600,
          2452480,
          2457600,
          2458528,
          2459648,
          2454464,
          2453504,
          2460640,
          2468864,
          2455552,
          2450432,
          2460672,
          2495488,
          2497536,
          2494464,
          2493440,
          2497440,
          2492416,
          2491392,
          2499584,
          2471968,
          2461696,
          2459648,
          2454528
        ],
        "chunk_tokens": 192,
        "block_threads": 128,
        "staged_input_bytes": 239371472,
        "applicable": true
      },
      {
        "kernel": "onpair_dh_k6_t128_b4_h3",
        "role": "experimental",
        "stage_bytes": null,
        "chunk_size": 192,
        "decode_ms": 2.435008,
        "decode_gib_s": 382.4720781035897,
        "decode_ns_iters": [
          2435008,
          2443264,
          2442304,
          2442240,
          2440192,
          2441216,
          2436096,
          2438144,
          2436096,
          2444288,
          2442112,
          2440192,
          2437120,
          2442112,
          2437120,
          2436096,
          2443264,
          2438144,
          2438144,
          2436096,
          2441216,
          2444096,
          2440192,
          2437056,
          2437120,
          2442240,
          2442240,
          2441216,
          2442240,
          2443264
        ],
        "chunk_tokens": 192,
        "block_threads": 128,
        "staged_input_bytes": 239371472,
        "applicable": true
      },
      {
        "kernel": "onpair_dh_k6_t128_b4_h4",
        "role": "experimental",
        "stage_bytes": null,
        "chunk_size": 192,
        "decode_ms": 2.43712,
        "decode_gib_s": 382.1406290863255,
        "decode_ns_iters": [
          2443264,
          2439008,
          2445312,
          2443264,
          2443264,
          2442240,
          2465792,
          2440192,
          2446336,
          2445312,
          2445312,
          2456576,
          2440192,
          2437120,
          2455552,
          2457600,
          2464768,
          2459616,
          2461568,
          2466848,
          2461696,
          2460672,
          2483200,
          2462720,
          2457600,
          2465728,
          2461696,
          2463744,
          2459488,
          2462720
        ],
        "chunk_tokens": 192,
        "block_threads": 128,
        "staged_input_bytes": 239371472,
        "applicable": true
      },
      {
        "kernel": "onpair_dh_k6_t128_b6_h2",
        "role": "experimental",
        "stage_bytes": null,
        "chunk_size": 192,
        "decode_ms": 2.45248,
        "decode_gib_s": 379.7472639772254,
        "decode_ns_iters": [
          2475008,
          2479104,
          2484224,
          2478080,
          2468864,
          2463904,
          2480128,
          2456768,
          2456512,
          2461696,
          2452480,
          2452480,
          2454400,
          2453504,
          2452480,
          2452480,
          2453504,
          2453600,
          2453376,
          2488256,
          2471936,
          2476032,
          2476960,
          2471936,
          2469888,
          2479104,
          2474880,
          2488320,
          2496512,
          2496512
        ],
        "chunk_tokens": 192,
        "block_threads": 128,
        "staged_input_bytes": 239371472,
        "applicable": true
      },
      {
        "kernel": "onpair_dh_k6_t128_b6_h3",
        "role": "experimental",
        "stage_bytes": null,
        "chunk_size": 192,
        "decode_ms": 2.435072,
        "decode_gib_s": 382.4620257466168,
        "decode_ns_iters": [
          2512896,
          2480128,
          2476032,
          2471936,
          2442240,
          2441216,
          2444288,
          2435072,
          2442240,
          2438144,
          2438144,
          2444288,
          2454464,
          2461696,
          2455552,
          2458624,
          2493440,
          2456576,
          2448416,
          2442240,
          2439168,
          2441024,
          2440064,
          2436096,
          2439168,
          2440192,
          2439168,
          2436096,
          2437120,
          2436096
        ],
        "chunk_tokens": 192,
        "block_threads": 128,
        "staged_input_bytes": 239371472,
        "applicable": true
      },
      {
        "kernel": "onpair_dh_k6_t128_b6_h4",
        "role": "experimental",
        "stage_bytes": null,
        "chunk_size": 192,
        "decode_ms": 2.4176,
        "decode_gib_s": 385.226079566043,
        "decode_ns_iters": [
          2447360,
          2444288,
          2417600,
          2419712,
          2420640,
          2420736,
          2428928,
          2420768,
          2421920,
          2441216,
          2436224,
          2441216,
          2438144,
          2449408,
          2443104,
          2440192,
          2446336,
          2439168,
          2445312,
          2441216,
          2440192,
          2445312,
          2440128,
          2443264,
          2460544,
          2460672,
          2461696,
          2460672,
          2464704,
          2481152
        ],
        "chunk_tokens": 192,
        "block_threads": 128,
        "staged_input_bytes": 239371472,
        "applicable": true
      },
      {
        "kernel": "onpair_dh_k6_t128_b8_h2",
        "role": "experimental",
        "stage_bytes": null,
        "chunk_size": 192,
        "decode_ms": 2.45856,
        "decode_gib_s": 378.8081519095998,
        "decode_ns_iters": [
          2478016,
          2478080,
          2484224,
          2485248,
          2483200,
          2480128,
          2478080,
          2462592,
          2467840,
          2472960,
          2496512,
          2462720,
          2463744,
          2458560,
          2464768,
          2482176,
          2482016,
          2482176,
          2486240,
          2483168,
          2486144,
          2481152,
          2473888,
          2463744,
          2462848,
          2464768,
          2464768,
          2499584,
          2462720,
          2463744
        ],
        "chunk_tokens": 192,
        "block_threads": 128,
        "staged_input_bytes": 239371472,
        "applicable": true
      },
      {
        "kernel": "onpair_dh_k6_t128_b8_h3",
        "role": "experimental",
        "stage_bytes": null,
        "chunk_size": 192,
        "decode_ms": 2.468864,
        "decode_gib_s": 377.2271659997739,
        "decode_ns_iters": [
          2486272,
          2486272,
          2486272,
          2486272,
          2490368,
          2479168,
          2472960,
          2476000,
          2473984,
          2468864,
          2482048,
          2486272,
          2474976,
          2507776,
          2528256,
          2512768,
          2519040,
          2511872,
          2511872,
          2512896,
          2508800,
          2508800,
          2511872,
          2511872,
          2515072,
          2513920,
          2510752,
          2507776,
          2489504,
          2487296
        ],
        "chunk_tokens": 192,
        "block_threads": 128,
        "staged_input_bytes": 239371472,
        "applicable": true
      },
      {
        "kernel": "onpair_dh_k6_t128_b8_h4",
        "role": "experimental",
        "stage_bytes": null,
        "chunk_size": 192,
        "decode_ms": 2.435072,
        "decode_gib_s": 382.4620257466168,
        "decode_ns_iters": [
          2457600,
          2455552,
          2453504,
          2438144,
          2440192,
          2437120,
          2436096,
          2436096,
          2435072,
          2437120,
          2444192,
          2473984,
          2472960,
          2477056,
          2472960,
          2476032,
          2476032,
          2478080,
          2478080,
          2473984,
          2472928,
          2474912,
          2472960,
          2473856,
          2486272,
          2481056,
          2462592,
          2460672,
          2463744,
          2458624
        ],
        "chunk_tokens": 192,
        "block_threads": 128,
        "staged_input_bytes": 239371472,
        "applicable": true
      },
      {
        "kernel": "onpair_dh_k6_t256_b1_h0",
        "role": "experimental",
        "stage_bytes": null,
        "chunk_size": 192,
        "decode_ms": 2.349056,
        "decode_gib_s": 396.46673811048595,
        "decode_ns_iters": [
          2386944,
          2379776,
          2368512,
          2370560,
          2376704,
          2375680,
          2371584,
          2376704,
          2372608,
          2369536,
          2352128,
          2361344,
          2351104,
          2353152,
          2349056,
          2356352,
          2353152,
          2385920,
          2381824,
          2380800,
          2380800,
          2385920,
          2387968,
          2384896,
          2387968,
          2376576,
          2379776,
          2373632,
          2391040,
          2378752
        ],
        "chunk_tokens": 192,
        "block_threads": 256,
        "staged_input_bytes": 239371472,
        "applicable": true
      },
      {
        "kernel": "onpair_dh_k6_t256_b1_h2",
        "role": "experimental",
        "stage_bytes": null,
        "chunk_size": 192,
        "decode_ms": 2.361344,
        "decode_gib_s": 394.4035981029726,
        "decode_ns_iters": [
          2373632,
          2366528,
          2361344,
          2365440,
          2361344,
          2361344,
          2368512,
          2362368,
          2369536,
          2378720,
          2403328,
          2383872,
          2383872,
          2377664,
          2378752,
          2386816,
          2381824,
          2383872,
          2377728,
          2383872,
          2375680,
          2406400,
          2379776,
          2376704,
          2379776,
          2369408,
          2367488,
          2366464,
          2376800,
          2378752
        ],
        "chunk_tokens": 192,
        "block_threads": 256,
        "staged_input_bytes": 239371472,
        "applicable": true
      },
      {
        "kernel": "onpair_dh_k6_t256_b1_h3",
        "role": "experimental",
        "stage_bytes": null,
        "chunk_size": 192,
        "decode_ms": 2.351104,
        "decode_gib_s": 396.12138380899603,
        "decode_ns_iters": [
          2358272,
          2359296,
          2354176,
          2369504,
          2364448,
          2365440,
          2369536,
          2364416,
          2362368,
          2354176,
          2361344,
          2356224,
          2356224,
          2357248,
          2355200,
          2359264,
          2378752,
          2368512,
          2382848,
          2351104,
          2365440,
          2355200,
          2354176,
          2359296,
          2374656,
          2388992,
          2384896,
          2380800,
          2385920,
          2383872
        ],
        "chunk_tokens": 192,
        "block_threads": 256,
        "staged_input_bytes": 239371472,
        "applicable": true
      },
      {
        "kernel": "onpair_dh_k6_t256_b1_h4",
        "role": "experimental",
        "stage_bytes": null,
        "chunk_size": 192,
        "decode_ms": 2.33472,
        "decode_gib_s": 398.9011829936205,
        "decode_ns_iters": [
          2349056,
          2355200,
          2356224,
          2357184,
          2353152,
          2358272,
          2354208,
          2373632,
          2366464,
          2361344,
          2364448,
          2361344,
          2362432,
          2380768,
          2360320,
          2361344,
          2338912,
          2337792,
          2338784,
          2334720,
          2343936,
          2343936,
          2338720,
          2351104,
          2352128,
          2358272,
          2352128,
          2350080,
          2360320,
          2360320
        ],
        "chunk_tokens": 192,
        "block_threads": 256,
        "staged_input_bytes": 239371472,
        "applicable": true
      },
      {
        "kernel": "onpair_dh_k6_t256_b2_h2",
        "role": "experimental",
        "stage_bytes": null,
        "chunk_size": 192,
        "decode_ms": 2.37056,
        "decode_gib_s": 392.8702795790301,
        "decode_ns_iters": [
          2380800,
          2375680,
          2377664,
          2400256,
          2378752,
          2375680,
          2378752,
          2372672,
          2384896,
          2383872,
          2381792,
          2376704,
          2382848,
          2374656,
          2378752,
          2380800,
          2383712,
          2375680,
          2384896,
          2380800,
          2381856,
          2378752,
          2375680,
          2381824,
          2370560,
          2374656,
          2375648,
          2400384,
          2370560,
          2370560
        ],
        "chunk_tokens": 192,
        "block_threads": 256,
        "staged_input_bytes": 239371472,
        "applicable": true
      },
      {
        "kernel": "onpair_dh_k6_t256_b2_h3",
        "role": "experimental",
        "stage_bytes": null,
        "chunk_size": 192,
        "decode_ms": 2.330624,
        "decode_gib_s": 399.602239554242,
        "decode_ns_iters": [
          2355168,
          2358272,
          2366464,
          2363392,
          2362368,
          2367488,
          2339840,
          2342912,
          2338720,
          2334720,
          2336736,
          2331584,
          2334848,
          2330624,
          2368512,
          2364288,
          2369536,
          2355200,
          2358272,
          2357248,
          2358272,
          2353152,
          2379776,
          2379776,
          2379776,
          2388928,
          2378752,
          2380800,
          2381824,
          2382848
        ],
        "chunk_tokens": 192,
        "block_threads": 256,
        "staged_input_bytes": 239371472,
        "applicable": true
      },
      {
        "kernel": "onpair_dh_k6_t256_b2_h4",
        "role": "experimental",
        "stage_bytes": null,
        "chunk_size": 192,
        "decode_ms": 2.327552,
        "decode_gib_s": 400.1296512210536,
        "decode_ns_iters": [
          2358272,
          2353152,
          2357248,
          2355200,
          2355200,
          2355104,
          2369536,
          2327552,
          2329600,
          2365440,
          2352128,
          2358272,
          2362368,
          2331648,
          2361440,
          2352128,
          2327552,
          2350080,
          2334752,
          2335744,
          2333696,
          2333696,
          2359232,
          2353152,
          2354208,
          2353152,
          2352064,
          2355200,
          2354304,
          2358272
        ],
        "chunk_tokens": 192,
        "block_threads": 256,
        "staged_input_bytes": 239371472,
        "applicable": true
      },
      {
        "kernel": "onpair_dh_k6_t256_b4_h0",
        "role": "experimental",
        "stage_bytes": null,
        "chunk_size": 192,
        "decode_ms": 2.359296,
        "decode_gib_s": 394.745962337437,
        "decode_ns_iters": [
          2404352,
          2403328,
          2402304,
          2404352,
          2412544,
          2380800,
          2372608,
          2390016,
          2370528,
          2377728,
          2373792,
          2373472,
          2378656,
          2373632,
          2376704,
          2387968,
          2380800,
          2380800,
          2382816,
          2380768,
          2382848,
          2369408,
          2367488,
          2362368,
          2397088,
          2366400,
          2365440,
          2359296,
          2365440,
          2384896
        ],
        "chunk_tokens": 192,
        "block_threads": 256,
        "staged_input_bytes": 239371472,
        "applicable": true
      },
      {
        "kernel": "onpair_dh_k6_t256_b4_h2",
        "role": "experimental",
        "stage_bytes": null,
        "chunk_size": 192,
        "decode_ms": 2.357248,
        "decode_gib_s": 395.0889214706581,
        "decode_ns_iters": [
          2385920,
          2384896,
          2384896,
          2388992,
          2415520,
          2365440,
          2365440,
          2358272,
          2357248,
          2364256,
          2361344,
          2360320,
          2370464,
          2383008,
          2382848,
          2382848,
          2382752,
          2382848,
          2381824,
          2387968,
          2388928,
          2412544,
          2383872,
          2384896,
          2381824,
          2385920,
          2381824,
          2396160,
          2393056,
          2390016
        ],
        "chunk_tokens": 192,
        "block_threads": 256,
        "staged_input_bytes": 239371472,
        "applicable": true
      },
      {
        "kernel": "onpair_dh_k6_t256_b4_h3",
        "role": "experimental",
        "stage_bytes": null,
        "chunk_size": 192,
        "decode_ms": 2.356224,
        "decode_gib_s": 395.2606246090633,
        "decode_ns_iters": [
          2376608,
          2375680,
          2384896,
          2378752,
          2382848,
          2379744,
          2381824,
          2374528,
          2405376,
          2370560,
          2378688,
          2381824,
          2376800,
          2382848,
          2381824,
          2379776,
          2373632,
          2401152,
          2375680,
          2378688,
          2356224,
          2368512,
          2363392,
          2360320,
          2359456,
          2364416,
          2373632,
          2373632,
          2368512,
          2377696
        ],
        "chunk_tokens": 192,
        "block_threads": 256,
        "staged_input_bytes": 239371472,
        "applicable": true
      },
      {
        "kernel": "onpair_dh_k6_t256_b4_h4",
        "role": "experimental",
        "stage_bytes": null,
        "chunk_size": 192,
        "decode_ms": 2.33472,
        "decode_gib_s": 398.9011829936205,
        "decode_ns_iters": [
          2364416,
          2358272,
          2368384,
          2348032,
          2342912,
          2340704,
          2342912,
          2342912,
          2334720,
          2337792,
          2341888,
          2372608,
          2367488,
          2373632,
          2369536,
          2361344,
          2385920,
          2369664,
          2368512,
          2372608,
          2371584,
          2381824,
          2382848,
          2377856,
          2388992,
          2376704,
          2372544,
          2409472,
          2375680,
          2381824
        ],
        "chunk_tokens": 192,
        "block_threads": 256,
        "staged_input_bytes": 239371472,
        "applicable": true
      },
      {
        "kernel": "onpair_dh_k6_t256_b6_h2",
        "role": "experimental",
        "stage_bytes": null,
        "chunk_size": 192,
        "decode_ms": 2.271232,
        "decode_gib_s": 410.05171200426275,
        "decode_ns_iters": [
          2299904,
          2298880,
          2307072,
          2296832,
          2281472,
          2279424,
          2310144,
          2273280,
          2279456,
          2274304,
          2274304,
          2271232,
          2278496,
          2278400,
          2280448,
          2288640,
          2279424,
          2272256,
          2284544,
          2312192,
          2311168,
          2308096,
          2305024,
          2311104,
          2306048,
          2304000,
          2313056,
          2311200,
          2308096,
          2309120
        ],
        "chunk_tokens": 192,
        "block_threads": 256,
        "staged_input_bytes": 239371472,
        "applicable": true
      },
      {
        "kernel": "onpair_dh_k6_t256_b6_h3",
        "role": "experimental",
        "stage_bytes": null,
        "chunk_size": 192,
        "decode_ms": 2.420736,
        "decode_gib_s": 384.7270292831873,
        "decode_ns_iters": [
          2467840,
          2467840,
          2439104,
          2429952,
          2425856,
          2421760,
          2427904,
          2427904,
          2428928,
          2425856,
          2430976,
          2427904,
          2423808,
          2426880,
          2426784,
          2421760,
          2427904,
          2427904,
          2427872,
          2422784,
          2422784,
          2420736,
          2423808,
          2427904,
          2427808,
          2427904,
          2429952,
          2425856,
          2426912,
          2423936
        ],
        "chunk_tokens": 192,
        "block_threads": 256,
        "staged_input_bytes": 239371472,
        "applicable": true
      },
      {
        "kernel": "onpair_dh_k6_t256_b6_h4",
        "role": "experimental",
        "stage_bytes": null,
        "chunk_size": 192,
        "decode_ms": 2.308096,
        "decode_gib_s": 403.5025276066791,
        "decode_ns_iters": [
          2345024,
          2333632,
          2334720,
          2338816,
          2339840,
          2335744,
          2336768,
          2342784,
          2343936,
          2333696,
          2313120,
          2316288,
          2324480,
          2321408,
          2321440,
          2322432,
          2325504,
          2315264,
          2312096,
          2308096,
          2312192,
          2312288,
          2310144,
          2312192,
          2314240,
          2353088,
          2343936,
          2344960,
          2352128,
          2349984
        ],
        "chunk_tokens": 192,
        "block_threads": 256,
        "staged_input_bytes": 239371472,
        "applicable": true
      },
      {
        "kernel": "onpair_dh_k6_t256_b8_h0",
        "role": "experimental",
        "stage_bytes": null,
        "chunk_size": 192,
        "decode_ms": 2.393088,
        "decode_gib_s": 389.17188584743457,
        "decode_ns_iters": [
          2403328,
          2430944,
          2434048,
          2428928,
          2435072,
          2430976,
          2437120,
          2429952,
          2425760,
          2419712,
          2413568,
          2415520,
          2409472,
          2417664,
          2416480,
          2415616,
          2401280,
          2399072,
          2398208,
          2396160,
          2393088,
          2399072,
          2398080,
          2413472,
          2403328,
          2403360,
          2406400,
          2399232,
          2396160,
          2398112
        ],
        "chunk_tokens": 192,
        "block_threads": 256,
        "staged_input_bytes": 239371472,
        "applicable": true
      },
      {
        "kernel": "onpair_dh_k6_t256_b8_h2",
        "role": "experimental",
        "stage_bytes": null,
        "chunk_size": 192,
        "decode_ms": 2.379776,
        "decode_gib_s": 391.3488370161165,
        "decode_ns_iters": [
          2404352,
          2402304,
          2438144,
          2403328,
          2400256,
          2406400,
          2403200,
          2390016,
          2381664,
          2397184,
          2379776,
          2385920,
          2384896,
          2380800,
          2384896,
          2404352,
          2404352,
          2400256,
          2404352,
          2400256,
          2400352,
          2403264,
          2403328,
          2425856,
          2421760,
          2425856,
          2424832,
          2419712,
          2417664,
          2417696
        ],
        "chunk_tokens": 192,
        "block_threads": 256,
        "staged_input_bytes": 239371472,
        "applicable": true
      },
      {
        "kernel": "onpair_dh_k6_t256_b8_h3",
        "role": "experimental",
        "stage_bytes": null,
        "chunk_size": 192,
        "decode_ms": 2.296832,
        "decode_gib_s": 405.481363007336,
        "decode_ns_iters": [
          2343936,
          2345984,
          2344960,
          2340864,
          2342912,
          2337664,
          2324512,
          2317312,
          2314240,
          2313216,
          2315136,
          2313216,
          2316288,
          2315264,
          2309120,
          2301920,
          2296832,
          2304000,
          2309120,
          2305120,
          2304864,
          2305984,
          2306048,
          2307072,
          2297856,
          2328576,
          2298880,
          2321344,
          2301952,
          2307072
        ],
        "chunk_tokens": 192,
        "block_threads": 256,
        "staged_input_bytes": 239371472,
        "applicable": true
      },
      {
        "kernel": "onpair_dh_k6_t256_b8_h4",
        "role": "experimental",
        "stage_bytes": null,
        "chunk_size": 192,
        "decode_ms": 2.328576,
        "decode_gib_s": 399.95369271128175,
        "decode_ns_iters": [
          2363392,
          2343936,
          2367488,
          2344960,
          2379776,
          2344960,
          2338816,
          2331648,
          2331648,
          2333696,
          2333632,
          2328576,
          2332672,
          2334560,
          2367488,
          2367488,
          2367488,
          2366464,
          2362368,
          2370560,
          2370496,
          2366464,
          2394976,
          2394112,
          2399232,
          2391936,
          2391040,
          2418688,
          2388992,
          2389952
        ],
        "chunk_tokens": 192,
        "block_threads": 256,
        "staged_input_bytes": 239371472,
        "applicable": true
      },
      {
        "kernel": "onpair_dh_k7_t64_b1_h2",
        "role": "experimental",
        "stage_bytes": null,
        "chunk_size": 224,
        "decode_ms": 2.532352,
        "decode_gib_s": 367.76979265081064,
        "decode_ns_iters": [
          2590720,
          2590720,
          2588672,
          2620416,
          2590720,
          2570240,
          2570112,
          2592768,
          2572288,
          2569216,
          2581504,
          2581536,
          2576384,
          2576384,
          2573312,
          2579456,
          2575360,
          2575360,
          2580480,
          2561024,
          2532352,
          2537472,
          2570176,
          2533376,
          2536448,
          2540416,
          2535424,
          2533376,
          2538496,
          2555904
        ],
        "chunk_tokens": 224,
        "block_threads": 64,
        "staged_input_bytes": 238676752,
        "applicable": true
      },
      {
        "kernel": "onpair_dh_k7_t64_b1_h3",
        "role": "experimental",
        "stage_bytes": null,
        "chunk_size": 224,
        "decode_ms": 2.505728,
        "decode_gib_s": 371.6774406315712,
        "decode_ns_iters": [
          2528160,
          2525184,
          2513920,
          2512928,
          2507776,
          2508800,
          2511872,
          2509696,
          2513920,
          2507776,
          2508832,
          2507776,
          2510848,
          2509824,
          2507776,
          2510848,
          2505728,
          2510848,
          2525184,
          2524096,
          2525184,
          2529216,
          2525120,
          2525152,
          2565120,
          2528256,
          2530304,
          2529280,
          2529280,
          2524160
        ],
        "chunk_tokens": 224,
        "block_threads": 64,
        "staged_input_bytes": 238676752,
        "applicable": true
      },
      {
        "kernel": "onpair_dh_k7_t64_b1_h4",
        "role": "experimental",
        "stage_bytes": null,
        "chunk_size": 224,
        "decode_ms": 2.534368,
        "decode_gib_s": 367.4772448037797,
        "decode_ns_iters": [
          2550784,
          2570240,
          2548736,
          2556928,
          2553856,
          2549760,
          2556928,
          2553952,
          2558976,
          2555776,
          2554880,
          2553856,
          2574144,
          2555904,
          2553856,
          2554752,
          2554880,
          2550784,
          2555904,
          2554048,
          2552832,
          2553856,
          2553824,
          2552832,
          2550784,
          2553856,
          2555040,
          2551808,
          2550784,
          2534368
        ],
        "chunk_tokens": 224,
        "block_threads": 64,
        "staged_input_bytes": 238676752,
        "applicable": true
      },
      {
        "kernel": "onpair_dh_k7_t64_b2_h2",
        "role": "experimental",
        "stage_bytes": null,
        "chunk_size": 224,
        "decode_ms": 2.510752,
        "decode_gib_s": 370.9337162566695,
        "decode_ns_iters": [
          2550720,
          2519040,
          2515968,
          2518944,
          2519040,
          2519040,
          2515840,
          2516832,
          2510752,
          2510848,
          2514944,
          2533376,
          2547712,
          2549760,
          2550784,
          2568160,
          2555904,
          2557856,
          2551808,
          2559968,
          2560000,
          2555904,
          2558976,
          2554880,
          2573312,
          2552704,
          2542592,
          2537472,
          2537472,
          2532352
        ],
        "chunk_tokens": 224,
        "block_threads": 64,
        "staged_input_bytes": 238676752,
        "applicable": true
      },
      {
        "kernel": "onpair_dh_k7_t64_b2_h3",
        "role": "experimental",
        "stage_bytes": null,
        "chunk_size": 224,
        "decode_ms": 2.522112,
        "decode_gib_s": 369.26297085889354,
        "decode_ns_iters": [
          2523328,
          2524160,
          2523136,
          2525184,
          2523040,
          2524160,
          2524160,
          2522112,
          2527232,
          2524096,
          2558880,
          2529280,
          2529280,
          2531328,
          2528256,
          2523136,
          2540544,
          2550784,
          2544640,
          2544640,
          2551808,
          2544640,
          2545824,
          2547712,
          2567232,
          2565120,
          2567008,
          2572288,
          2569216,
          2568192
        ],
        "chunk_tokens": 224,
        "block_threads": 64,
        "staged_input_bytes": 238676752,
        "applicable": true
      },
      {
        "kernel": "onpair_dh_k7_t64_b2_h4",
        "role": "experimental",
        "stage_bytes": null,
        "chunk_size": 224,
        "decode_ms": 2.548736,
        "decode_gib_s": 365.4056638109501,
        "decode_ns_iters": [
          2576384,
          2573312,
          2611328,
          2576384,
          2573312,
          2575360,
          2557952,
          2548736,
          2554880,
          2554880,
          2577408,
          2553696,
          2553856,
          2557952,
          2556928,
          2548736,
          2553856,
          2556928,
          2553856,
          2554880,
          2560000,
          2601856,
          2568192,
          2568192,
          2574336,
          2597888,
          2575232,
          2572416,
          2556928,
          2578432
        ],
        "chunk_tokens": 224,
        "block_threads": 64,
        "staged_input_bytes": 238676752,
        "applicable": true
      },
      {
        "kernel": "onpair_dh_k7_t64_b4_h2",
        "role": "experimental",
        "stage_bytes": null,
        "chunk_size": 224,
        "decode_ms": 2.530304,
        "decode_gib_s": 368.06746144291975,
        "decode_ns_iters": [
          2531264,
          2531328,
          2535424,
          2537472,
          2535424,
          2537440,
          2574272,
          2530304,
          2541440,
          2537472,
          2537472,
          2536448,
          2536448,
          2556928,
          2536448,
          2537472,
          2536448,
          2537472,
          2531264,
          2535424,
          2554880,
          2532352,
          2531296,
          2533376,
          2530304,
          2539520,
          2538496,
          2535424,
          2532352,
          2535424
        ],
        "chunk_tokens": 224,
        "block_threads": 64,
        "staged_input_bytes": 238676752,
        "applicable": true
      },
      {
        "kernel": "onpair_dh_k7_t64_b4_h3",
        "role": "experimental",
        "stage_bytes": null,
        "chunk_size": 224,
        "decode_ms": 2.526208,
        "decode_gib_s": 368.6642469499209,
        "decode_ns_iters": [
          2553856,
          2566144,
          2566144,
          2572224,
          2603008,
          2568192,
          2574272,
          2577248,
          2588672,
          2528256,
          2526368,
          2529280,
          2534368,
          2527264,
          2534400,
          2551808,
          2546688,
          2558976,
          2549600,
          2544704,
          2550784,
          2547840,
          2568192,
          2530304,
          2531328,
          2532256,
          2539520,
          2528256,
          2526208,
          2530304
        ],
        "chunk_tokens": 224,
        "block_threads": 64,
        "staged_input_bytes": 238676752,
        "applicable": true
      },
      {
        "kernel": "onpair_dh_k7_t64_b4_h4",
        "role": "experimental",
        "stage_bytes": null,
        "chunk_size": 224,
        "decode_ms": 2.54976,
        "decode_gib_s": 365.2589145483754,
        "decode_ns_iters": [
          2553856,
          2552832,
          2549760,
          2558976,
          2552832,
          2556928,
          2561024,
          2554816,
          2555808,
          2557888,
          2578432,
          2553856,
          2558976,
          2549760,
          2552832,
          2551712,
          2554880,
          2556032,
          2553760,
          2566144,
          2571264,
          2613248,
          2569312,
          2574304,
          2573312,
          2607104,
          2572288,
          2553856,
          2556928,
          2583616
        ],
        "chunk_tokens": 224,
        "block_threads": 64,
        "staged_input_bytes": 238676752,
        "applicable": true
      },
      {
        "kernel": "onpair_dh_k7_t64_b6_h2",
        "role": "experimental",
        "stage_bytes": null,
        "chunk_size": 224,
        "decode_ms": 2.52928,
        "decode_gib_s": 368.2164766094958,
        "decode_ns_iters": [
          2533376,
          2533440,
          2530432,
          2537600,
          2531328,
          2532352,
          2561024,
          2538368,
          2537472,
          2536256,
          2536448,
          2536448,
          2536288,
          2554912,
          2538336,
          2535296,
          2534400,
          2534400,
          2536448,
          2536448,
          2536640,
          2531328,
          2539648,
          2535424,
          2534400,
          2534400,
          2535424,
          2538496,
          2529280,
          2538496
        ],
        "chunk_tokens": 224,
        "block_threads": 64,
        "staged_input_bytes": 238676752,
        "applicable": true
      },
      {
        "kernel": "onpair_dh_k7_t64_b6_h3",
        "role": "experimental",
        "stage_bytes": null,
        "chunk_size": 224,
        "decode_ms": 2.525184,
        "decode_gib_s": 368.81374583351777,
        "decode_ns_iters": [
          2530304,
          2530304,
          2530304,
          2529248,
          2528256,
          2525184,
          2535360,
          2546688,
          2531328,
          2527232,
          2532192,
          2532352,
          2531264,
          2532352,
          2549760,
          2547712,
          2560000,
          2551744,
          2549760,
          2549632,
          2545664,
          2583360,
          2548736,
          2549760,
          2548736,
          2550656,
          2544832,
          2544640,
          2547712,
          2547712
        ],
        "chunk_tokens": 224,
        "block_threads": 64,
        "staged_input_bytes": 238676752,
        "applicable": true
      },
      {
        "kernel": "onpair_dh_k7_t64_b6_h4",
        "role": "experimental",
        "stage_bytes": null,
        "chunk_size": 224,
        "decode_ms": 2.548736,
        "decode_gib_s": 365.4056638109501,
        "decode_ns_iters": [
          2571168,
          2568032,
          2571264,
          2563072,
          2549760,
          2549760,
          2548736,
          2548736,
          2551808,
          2550784,
          2549760,
          2557952,
          2552832,
          2575168,
          2553856,
          2554880,
          2555872,
          2553856,
          2550784,
          2555904,
          2557952,
          2554880,
          2555904,
          2556736,
          2585600,
          2555904,
          2553856,
          2553856,
          2555072,
          2550688
        ],
        "chunk_tokens": 224,
        "block_threads": 64,
        "staged_input_bytes": 238676752,
        "applicable": true
      },
      {
        "kernel": "onpair_dh_k7_t64_b8_h2",
        "role": "experimental",
        "stage_bytes": null,
        "chunk_size": 224,
        "decode_ms": 2.512896,
        "decode_gib_s": 370.6172360331926,
        "decode_ns_iters": [
          2538624,
          2515968,
          2514944,
          2512896,
          2518016,
          2518016,
          2512896,
          2522112,
          2529280,
          2532352,
          2537472,
          2568192,
          2536448,
          2534400,
          2535360,
          2532416,
          2535328,
          2535392,
          2556832,
          2538496,
          2537504,
          2531328,
          2537472,
          2539520,
          2536448,
          2557088,
          2533376,
          2537504,
          2540416,
          2538496
        ],
        "chunk_tokens": 224,
        "block_threads": 64,
        "staged_input_bytes": 238676752,
        "applicable": true
      },
      {
        "kernel": "onpair_dh_k7_t64_b8_h3",
        "role": "experimental",
        "stage_bytes": null,
        "chunk_size": 224,
        "decode_ms": 2.522112,
        "decode_gib_s": 369.26297085889354,
        "decode_ns_iters": [
          2522112,
          2528320,
          2524160,
          2526208,
          2524160,
          2527232,
          2525024,
          2522112,
          2543616,
          2522112,
          2523136,
          2553856,
          2524160,
          2526144,
          2530304,
          2529376,
          2528256,
          2530176,
          2530336,
          2525184,
          2530272,
          2563072,
          2531328,
          2529280,
          2529152,
          2530304,
          2525184,
          2526048,
          2528256,
          2526208
        ],
        "chunk_tokens": 224,
        "block_threads": 64,
        "staged_input_bytes": 238676752,
        "applicable": true
      },
      {
        "kernel": "onpair_dh_k7_t64_b8_h4",
        "role": "experimental",
        "stage_bytes": null,
        "chunk_size": 224,
        "decode_ms": 2.546624,
        "decode_gib_s": 365.708706883649,
        "decode_ns_iters": [
          2548640,
          2552832,
          2547712,
          2547712,
          2547712,
          2548640,
          2546624,
          2548736,
          2572288,
          2548736,
          2548736,
          2554912,
          2555904,
          2551808,
          2548736,
          2567168,
          2551808,
          2560000,
          2555904,
          2553856,
          2549760,
          2555904,
          2554880,
          2554880,
          2555904,
          2557952,
          2584576,
          2553856,
          2555904,
          2553856
        ],
        "chunk_tokens": 224,
        "block_threads": 64,
        "staged_input_bytes": 238676752,
        "applicable": true
      },
      {
        "kernel": "onpair_dh_k7_t128_b1_h2",
        "role": "experimental",
        "stage_bytes": null,
        "chunk_size": 224,
        "decode_ms": 2.43696,
        "decode_gib_s": 382.16571874748274,
        "decode_ns_iters": [
          2438304,
          2443264,
          2462720,
          2442240,
          2444288,
          2443264,
          2441216,
          2442240,
          2443264,
          2439136,
          2441216,
          2436960,
          2444480,
          2443264,
          2441216,
          2480128,
          2480128,
          2481152,
          2477056,
          2481152,
          2481152,
          2481152,
          2479104,
          2461632,
          2461696,
          2461696,
          2464768,
          2459648,
          2461696,
          2465696
        ],
        "chunk_tokens": 224,
        "block_threads": 128,
        "staged_input_bytes": 238676752,
        "applicable": true
      },
      {
        "kernel": "onpair_dh_k7_t128_b1_h3",
        "role": "experimental",
        "stage_bytes": null,
        "chunk_size": 224,
        "decode_ms": 2.454528,
        "decode_gib_s": 379.43041185876297,
        "decode_ns_iters": [
          2475008,
          2475008,
          2475008,
          2476032,
          2475008,
          2477056,
          2468864,
          2492416,
          2462720,
          2458624,
          2459648,
          2457472,
          2456576,
          2462592,
          2460672,
          2494464,
          2463744,
          2463744,
          2459488,
          2461632,
          2465792,
          2460672,
          2454528,
          2463744,
          2456608,
          2470912,
          2494336,
          2460672,
          2462720,
          2461696
        ],
        "chunk_tokens": 224,
        "block_threads": 128,
        "staged_input_bytes": 238676752,
        "applicable": true
      },
      {
        "kernel": "onpair_dh_k7_t128_b1_h4",
        "role": "experimental",
        "stage_bytes": null,
        "chunk_size": 224,
        "decode_ms": 2.469888,
        "decode_gib_s": 377.07076999396963,
        "decode_ns_iters": [
          2489312,
          2490336,
          2492544,
          2495488,
          2477056,
          2472800,
          2479104,
          2504704,
          2475968,
          2479072,
          2505728,
          2473984,
          2494400,
          2510848,
          2493440,
          2494624,
          2518016,
          2494432,
          2503680,
          2533376,
          2483200,
          2479104,
          2507776,
          2476032,
          2475008,
          2499488,
          2477920,
          2480064,
          2469888,
          2470912
        ],
        "chunk_tokens": 224,
        "block_threads": 128,
        "staged_input_bytes": 238676752,
        "applicable": true
      },
      {
        "kernel": "onpair_dh_k7_t128_b2_h2",
        "role": "experimental",
        "stage_bytes": null,
        "chunk_size": 224,
        "decode_ms": 2.43712,
        "decode_gib_s": 382.1406290863255,
        "decode_ns_iters": [
          2444288,
          2444288,
          2446336,
          2462848,
          2445312,
          2443264,
          2437120,
          2444288,
          2448288,
          2452480,
          2482176,
          2505728,
          2485184,
          2485120,
          2503680,
          2478112,
          2484224,
          2483328,
          2480128,
          2484224,
          2485248,
          2479104,
          2480128,
          2475008,
          2485248,
          2479104,
          2465792,
          2469888,
          2495488,
          2464768
        ],
        "chunk_tokens": 224,
        "block_threads": 128,
        "staged_input_bytes": 238676752,
        "applicable": true
      },
      {
        "kernel": "onpair_dh_k7_t128_b2_h3",
        "role": "experimental",
        "stage_bytes": null,
        "chunk_size": 224,
        "decode_ms": 2.454528,
        "decode_gib_s": 379.43041185876297,
        "decode_ns_iters": [
          2457600,
          2460768,
          2461696,
          2466816,
          2458624,
          2465792,
          2465792,
          2456576,
          2458624,
          2465792,
          2455552,
          2461696,
          2459648,
          2462720,
          2460672,
          2456608,
          2455552,
          2454528,
          2463744,
          2461696,
          2461696,
          2462720,
          2461696,
          2459584,
          2456576,
          2490368,
          2461600,
          2461760,
          2460672,
          2456576
        ],
        "chunk_tokens": 224,
        "block_threads": 128,
        "staged_input_bytes": 238676752,
        "applicable": true
      },
      {
        "kernel": "onpair_dh_k7_t128_b2_h4",
        "role": "experimental",
        "stage_bytes": null,
        "chunk_size": 224,
        "decode_ms": 2.468864,
        "decode_gib_s": 377.2271659997739,
        "decode_ns_iters": [
          2509824,
          2514944,
          2512768,
          2513920,
          2512896,
          2505728,
          2476928,
          2475008,
          2470912,
          2472928,
          2468864,
          2470880,
          2468864,
          2474880,
          2483296,
          2481152,
          2473984,
          2484288,
          2500608,
          2471936,
          2473984,
          2480128,
          2469888,
          2471936,
          2478080,
          2471936,
          2471936,
          2469728,
          2488320,
          2516992
        ],
        "chunk_tokens": 224,
        "block_threads": 128,
        "staged_input_bytes": 238676752,
        "applicable": true
      },
      {
        "kernel": "onpair_dh_k7_t128_b4_h2",
        "role": "experimental",
        "stage_bytes": null,
        "chunk_size": 224,
        "decode_ms": 2.43712,
        "decode_gib_s": 382.1406290863255,
        "decode_ns_iters": [
          2475008,
          2480128,
          2507776,
          2473984,
          2448352,
          2444288,
          2441056,
          2442240,
          2437120,
          2450272,
          2463744,
          2470752,
          2480128,
          2481152,
          2476032,
          2477024,
          2481152,
          2480128,
          2480128,
          2467840,
          2459520,
          2464640,
          2462688,
          2463776,
          2480128,
          2461824,
          2473120,
          2484224,
          2475008,
          2484160
        ],
        "chunk_tokens": 224,
        "block_threads": 128,
        "staged_input_bytes": 238676752,
        "applicable": true
      },
      {
        "kernel": "onpair_dh_k7_t128_b4_h3",
        "role": "experimental",
        "stage_bytes": null,
        "chunk_size": 224,
        "decode_ms": 2.436096,
        "decode_gib_s": 382.30125986778256,
        "decode_ns_iters": [
          2475008,
          2480128,
          2468992,
          2446336,
          2440192,
          2444288,
          2441216,
          2438144,
          2438144,
          2438144,
          2436096,
          2438144,
          2439168,
          2441152,
          2438144,
          2446336,
          2439168,
          2455552,
          2460672,
          2454528,
          2461568,
          2457600,
          2462720,
          2462720,
          2461696,
          2481152,
          2482176,
          2475008,
          2482176,
          2476032
        ],
        "chunk_tokens": 224,
        "block_threads": 128,
        "staged_input_bytes": 238676752,
        "applicable": true
      },
      {
        "kernel": "onpair_dh_k7_t128_b4_h4",
        "role": "experimental",
        "stage_bytes": null,
        "chunk_size": 224,
        "decode_ms": 2.48832,
        "decode_gib_s": 374.2776531791995,
        "decode_ns_iters": [
          2499584,
          2494464,
          2495488,
          2493440,
          2493440,
          2500416,
          2493440,
          2500576,
          2514944,
          2511872,
          2512896,
          2512896,
          2509824,
          2509824,
          2514816,
          2509824,
          2499584,
          2496448,
          2491392,
          2496384,
          2494464,
          2491392,
          2489344,
          2488320,
          2496512,
          2494464,
          2494464,
          2495488,
          2497536,
          2494464
        ],
        "chunk_tokens": 224,
        "block_threads": 128,
        "staged_input_bytes": 238676752,
        "applicable": true
      },
      {
        "kernel": "onpair_dh_k7_t128_b6_h2",
        "role": "experimental",
        "stage_bytes": null,
        "chunk_size": 224,
        "decode_ms": 2.436064,
        "decode_gib_s": 382.3062817556787,
        "decode_ns_iters": [
          2469888,
          2490368,
          2455552,
          2456576,
          2459584,
          2445312,
          2436224,
          2437120,
          2439168,
          2437120,
          2438144,
          2438144,
          2439168,
          2442240,
          2436096,
          2439136,
          2444288,
          2439168,
          2441216,
          2436064,
          2447360,
          2442240,
          2440192,
          2442240,
          2445312,
          2438144,
          2436096,
          2445312,
          2458624,
          2478080
        ],
        "chunk_tokens": 224,
        "block_threads": 128,
        "staged_input_bytes": 238676752,
        "applicable": true
      },
      {
        "kernel": "onpair_dh_k7_t128_b6_h3",
        "role": "experimental",
        "stage_bytes": null,
        "chunk_size": 224,
        "decode_ms": 2.43712,
        "decode_gib_s": 382.1406290863255,
        "decode_ns_iters": [
          2457600,
          2454528,
          2456512,
          2458624,
          2457600,
          2456576,
          2455552,
          2465792,
          2461696,
          2460672,
          2462720,
          2461696,
          2487296,
          2458624,
          2456576,
          2462720,
          2456576,
          2457600,
          2454528,
          2441216,
          2439168,
          2438144,
          2442240,
          2437120,
          2437120,
          2445312,
          2443264,
          2457728,
          2457600,
          2470880
        ],
        "chunk_tokens": 224,
        "block_threads": 128,
        "staged_input_bytes": 238676752,
        "applicable": true
      },
      {
        "kernel": "onpair_dh_k7_t128_b6_h4",
        "role": "experimental",
        "stage_bytes": null,
        "chunk_size": 224,
        "decode_ms": 2.469888,
        "decode_gib_s": 377.07076999396963,
        "decode_ns_iters": [
          2530464,
          2495488,
          2476032,
          2508800,
          2473984,
          2473984,
          2501632,
          2475008,
          2470912,
          2478080,
          2470912,
          2469888,
          2469888,
          2476032,
          2475936,
          2475008,
          2478080,
          2476960,
          2469888,
          2476032,
          2504704,
          2476032,
          2474912,
          2505728,
          2476032,
          2475008,
          2492416,
          2469888,
          2473984,
          2476000
        ],
        "chunk_tokens": 224,
        "block_threads": 128,
        "staged_input_bytes": 238676752,
        "applicable": true
      },
      {
        "kernel": "onpair_dh_k7_t128_b8_h2",
        "role": "experimental",
        "stage_bytes": null,
        "chunk_size": 224,
        "decode_ms": 2.45984,
        "decode_gib_s": 378.6110356603949,
        "decode_ns_iters": [
          2461696,
          2466816,
          2465696,
          2462720,
          2500608,
          2465792,
          2462688,
          2465760,
          2459840,
          2465792,
          2469888,
          2467840,
          2464768,
          2461696,
          2468864,
          2515968,
          2486272,
          2484192,
          2513920,
          2484256,
          2479104,
          2478080,
          2475072,
          2464768,
          2463744,
          2465856,
          2467840,
          2464768,
          2469888,
          2464768
        ],
        "chunk_tokens": 224,
        "block_threads": 128,
        "staged_input_bytes": 238676752,
        "applicable": true
      },
      {
        "kernel": "onpair_dh_k7_t128_b8_h3",
        "role": "experimental",
        "stage_bytes": null,
        "chunk_size": 224,
        "decode_ms": 2.47296,
        "decode_gib_s": 376.60235909956714,
        "decode_ns_iters": [
          2512896,
          2509824,
          2517984,
          2516992,
          2516992,
          2509824,
          2497536,
          2493440,
          2491392,
          2496384,
          2496512,
          2496512,
          2497536,
          2479104,
          2479104,
          2478080,
          2481152,
          2472960,
          2479072,
          2477056,
          2490368,
          2495488,
          2493440,
          2495488,
          2495488,
          2492416,
          2496512,
          2496512,
          2499584,
          2495488
        ],
        "chunk_tokens": 224,
        "block_threads": 128,
        "staged_input_bytes": 238676752,
        "applicable": true
      },
      {
        "kernel": "onpair_dh_k7_t128_b8_h4",
        "role": "experimental",
        "stage_bytes": null,
        "chunk_size": 224,
        "decode_ms": 2.408448,
        "decode_gib_s": 386.6899222897341,
        "decode_ns_iters": [
          2411520,
          2410496,
          2414592,
          2408448,
          2414592,
          2410336,
          2418688,
          2414592,
          2415616,
          2416640,
          2413536,
          2411520,
          2422784,
          2432000,
          2432000,
          2434048,
          2435072,
          2428000,
          2433920,
          2436096,
          2433024,
          2428928,
          2427904,
          2433024,
          2434048,
          2433024,
          2445376,
          2448384,
          2453504,
          2453504
        ],
        "chunk_tokens": 224,
        "block_threads": 128,
        "staged_input_bytes": 238676752,
        "applicable": true
      },
      {
        "kernel": "onpair_dh_k7_t256_b1_h0",
        "role": "experimental",
        "stage_bytes": null,
        "chunk_size": 224,
        "decode_ms": 2.310144,
        "decode_gib_s": 403.1448125999356,
        "decode_ns_iters": [
          2330624,
          2330624,
          2317312,
          2312192,
          2340864,
          2313216,
          2310144,
          2311168,
          2312192,
          2312192,
          2326400,
          2329600,
          2330624,
          2330624,
          2327552,
          2329600,
          2328576,
          2338784,
          2334720,
          2343936,
          2352128,
          2354176,
          2354176,
          2353152,
          2344960,
          2352096,
          2337792,
          2340864,
          2334720,
          2328576
        ],
        "chunk_tokens": 224,
        "block_threads": 256,
        "staged_input_bytes": 238676752,
        "applicable": true
      },
      {
        "kernel": "onpair_dh_k7_t256_b1_h2",
        "role": "experimental",
        "stage_bytes": null,
        "chunk_size": 224,
        "decode_ms": 2.249728,
        "decode_gib_s": 413.9711867207349,
        "decode_ns_iters": [
          2301792,
          2298784,
          2253696,
          2249728,
          2253728,
          2252800,
          2283520,
          2253824,
          2249728,
          2251776,
          2273280,
          2282496,
          2279424,
          2283520,
          2281472,
          2278400,
          2280480,
          2284544,
          2278400,
          2250752,
          2264960,
          2259968,
          2251776,
          2258944,
          2257920,
          2255872,
          2255872,
          2274304,
          2308096,
          2306080
        ],
        "chunk_tokens": 224,
        "block_threads": 256,
        "staged_input_bytes": 238676752,
        "applicable": true
      },
      {
        "kernel": "onpair_dh_k7_t256_b1_h3",
        "role": "experimental",
        "stage_bytes": null,
        "chunk_size": 224,
        "decode_ms": 2.26304,
        "decode_gib_s": 411.53606209296595,
        "decode_ns_iters": [
          2336864,
          2317280,
          2299936,
          2265088,
          2264064,
          2263040,
          2269184,
          2270208,
          2271232,
          2298880,
          2274304,
          2298880,
          2299904,
          2305024,
          2306048,
          2304064,
          2305024,
          2304000,
          2308096,
          2340864,
          2338816,
          2336768,
          2337792,
          2338816,
          2338816,
          2336928,
          2337888,
          2336768,
          2333696,
          2335744
        ],
        "chunk_tokens": 224,
        "block_threads": 256,
        "staged_input_bytes": 238676752,
        "applicable": true
      },
      {
        "kernel": "onpair_dh_k7_t256_b1_h4",
        "role": "experimental",
        "stage_bytes": null,
        "chunk_size": 224,
        "decode_ms": 2.256896,
        "decode_gib_s": 412.6563962002971,
        "decode_ns_iters": [
          2384896,
          2350080,
          2355200,
          2341024,
          2310144,
          2308096,
          2314272,
          2314240,
          2316288,
          2311104,
          2305024,
          2278400,
          2288640,
          2280448,
          2272256,
          2275264,
          2273344,
          2279424,
          2272256,
          2264064,
          2263040,
          2299904,
          2256896,
          2260992,
          2260000,
          2258944,
          2263040,
          2274112,
          2308096,
          2279424
        ],
        "chunk_tokens": 224,
        "block_threads": 256,
        "staged_input_bytes": 238676752,
        "applicable": true
      },
      {
        "kernel": "onpair_dh_k7_t256_b2_h2",
        "role": "experimental",
        "stage_bytes": null,
        "chunk_size": 224,
        "decode_ms": 2.24768,
        "decode_gib_s": 414.3483814238974,
        "decode_ns_iters": [
          2249728,
          2250752,
          2248704,
          2249728,
          2259968,
          2249728,
          2247680,
          2252800,
          2251776,
          2253824,
          2252800,
          2258848,
          2273280,
          2283520,
          2283456,
          2285568,
          2283520,
          2286592,
          2280448,
          2276352,
          2266112,
          2263040,
          2264064,
          2276352,
          2264064,
          2264928,
          2267136,
          2270208,
          2300928,
          2300928
        ],
        "chunk_tokens": 224,
        "block_threads": 256,
        "staged_input_bytes": 238676752,
        "applicable": true
      },
      {
        "kernel": "onpair_dh_k7_t256_b2_h3",
        "role": "experimental",
        "stage_bytes": null,
        "chunk_size": 224,
        "decode_ms": 2.277376,
        "decode_gib_s": 408.9454573855462,
        "decode_ns_iters": [
          2311168,
          2311168,
          2319360,
          2306048,
          2283552,
          2282496,
          2283520,
          2310144,
          2277376,
          2285568,
          2280448,
          2280544,
          2302976,
          2302880,
          2301952,
          2304000,
          2294848,
          2299904,
          2302976,
          2304000,
          2309120,
          2337792,
          2339712,
          2329568,
          2337792,
          2332672,
          2336768,
          2338816,
          2335744,
          2335648
        ],
        "chunk_tokens": 224,
        "block_threads": 256,
        "staged_input_bytes": 238676752,
        "applicable": true
      },
      {
        "kernel": "onpair_dh_k7_t256_b2_h4",
        "role": "experimental",
        "stage_bytes": null,
        "chunk_size": 224,
        "decode_ms": 2.271232,
        "decode_gib_s": 410.05171200426275,
        "decode_ns_iters": [
          2353152,
          2349920,
          2347008,
          2340864,
          2325504,
          2324480,
          2321280,
          2322432,
          2325504,
          2326624,
          2331648,
          2322528,
          2314240,
          2312224,
          2314240,
          2306048,
          2312192,
          2307136,
          2309120,
          2293856,
          2276288,
          2311168,
          2280448,
          2271232,
          2280448,
          2276352,
          2278400,
          2276352,
          2279424,
          2277376
        ],
        "chunk_tokens": 224,
        "block_threads": 256,
        "staged_input_bytes": 238676752,
        "applicable": true
      },
      {
        "kernel": "onpair_dh_k7_t256_b4_h0",
        "role": "experimental",
        "stage_bytes": null,
        "chunk_size": 224,
        "decode_ms": 2.265088,
        "decode_gib_s": 411.16396800427424,
        "decode_ns_iters": [
          2288640,
          2284544,
          2282432,
          2301920,
          2283520,
          2281472,
          2281472,
          2278400,
          2277280,
          2279296,
          2279424,
          2278400,
          2271168,
          2273280,
          2268160,
          2265088,
          2267136,
          2277376,
          2269152,
          2270208,
          2319424,
          2313216,
          2311168,
          2314240,
          2315264,
          2314240,
          2319360,
          2313216,
          2316288,
          2317312
        ],
        "chunk_tokens": 224,
        "block_threads": 256,
        "staged_input_bytes": 238676752,
        "applicable": true
      },
      {
        "kernel": "onpair_dh_k7_t256_b4_h2",
        "role": "experimental",
        "stage_bytes": null,
        "chunk_size": 224,
        "decode_ms": 2.269184,
        "decode_gib_s": 410.42179477682976,
        "decode_ns_iters": [
          2331648,
          2329600,
          2329600,
          2318240,
          2289664,
          2294784,
          2295808,
          2295808,
          2297760,
          2298880,
          2292736,
          2322432,
          2277376,
          2277376,
          2271232,
          2270208,
          2279392,
          2279424,
          2279424,
          2277408,
          2307072,
          2272256,
          2269184,
          2276352,
          2278400,
          2278400,
          2278400,
          2276352,
          2290528,
          2297856
        ],
        "chunk_tokens": 224,
        "block_threads": 256,
        "staged_input_bytes": 238676752,
        "applicable": true
      },
      {
        "kernel": "onpair_dh_k7_t256_b4_h3",
        "role": "experimental",
        "stage_bytes": null,
        "chunk_size": 224,
        "decode_ms": 2.277376,
        "decode_gib_s": 408.9454573855462,
        "decode_ns_iters": [
          2298880,
          2297856,
          2335616,
          2296832,
          2340864,
          2314240,
          2313216,
          2314240,
          2314144,
          2314240,
          2319360,
          2318336,
          2305024,
          2301952,
          2304000,
          2302976,
          2298912,
          2304000,
          2302976,
          2304000,
          2290688,
          2287520,
          2283520,
          2313216,
          2284544,
          2282496,
          2288640,
          2277376,
          2290624,
          2281472
        ],
        "chunk_tokens": 224,
        "block_threads": 256,
        "staged_input_bytes": 238676752,
        "applicable": true
      },
      {
        "kernel": "onpair_dh_k7_t256_b4_h4",
        "role": "experimental",
        "stage_bytes": null,
        "chunk_size": 224,
        "decode_ms": 2.20672,
        "decode_gib_s": 422.0393026568236,
        "decode_ns_iters": [
          2206720,
          2217952,
          2210816,
          2208768,
          2221056,
          2221056,
          2248704,
          2223104,
          2220032,
          2215936,
          2223072,
          2255872,
          2219008,
          2235392,
          2228352,
          2229248,
          2241504,
          2233344,
          2226176,
          2226176,
          2227200,
          2246656,
          2236416,
          2226176,
          2227200,
          2234368,
          2253824,
          2234464,
          2228256,
          2246656
        ],
        "chunk_tokens": 224,
        "block_threads": 256,
        "staged_input_bytes": 238676752,
        "applicable": true
      },
      {
        "kernel": "onpair_dh_k7_t256_b6_h2",
        "role": "experimental",
        "stage_bytes": null,
        "chunk_size": 224,
        "decode_ms": 2.64192,
        "decode_gib_s": 352.51732450599025,
        "decode_ns_iters": [
          2674624,
          2670464,
          2671616,
          2673600,
          2670592,
          2662400,
          2653184,
          2658144,
          2656128,
          2654176,
          2661376,
          2701280,
          2659328,
          2655232,
          2663424,
          2667456,
          2662240,
          2666336,
          2661376,
          2655296,
          2655232,
          2666496,
          2659328,
          2666496,
          2659328,
          2658304,
          2655232,
          2641920,
          2643104,
          2680704
        ],
        "chunk_tokens": 224,
        "block_threads": 256,
        "staged_input_bytes": 238676752,
        "applicable": true
      },
      {
        "kernel": "onpair_dh_k7_t256_b6_h3",
        "role": "experimental",
        "stage_bytes": null,
        "chunk_size": 224,
        "decode_ms": 2.62144,
        "decode_gib_s": 355.27136610369325,
        "decode_ns_iters": [
          2639872,
          2648064,
          2640992,
          2644992,
          2655232,
          2646016,
          2659200,
          2639872,
          2624512,
          2631712,
          2632704,
          2627584,
          2631680,
          2627584,
          2635776,
          2630656,
          2633728,
          2632704,
          2624512,
          2628608,
          2630656,
          2629632,
          2628512,
          2621440,
          2633728,
          2633728,
          2630656,
          2631680,
          2627584,
          2628608
        ],
        "chunk_tokens": 224,
        "block_threads": 256,
        "staged_input_bytes": 238676752,
        "applicable": true
      },
      {
        "kernel": "onpair_dh_k7_t256_b6_h4",
        "role": "experimental",
        "stage_bytes": null,
        "chunk_size": 224,
        "decode_ms": 2.563072,
        "decode_gib_s": 363.36184467657,
        "decode_ns_iters": [
          2586624,
          2585600,
          2591744,
          2582528,
          2563072,
          2563072,
          2569312,
          2567168,
          2569216,
          2565120,
          2573440,
          2578432,
          2588672,
          2585600,
          2584576,
          2586624,
          2584576,
          2587648,
          2588672,
          2583680,
          2579456,
          2578432,
          2581504,
          2581504,
          2580288,
          2594752,
          2618368,
          2618304,
          2618368,
          2617344
        ],
        "chunk_tokens": 224,
        "block_threads": 256,
        "staged_input_bytes": 238676752,
        "applicable": true
      },
      {
        "kernel": "onpair_dh_k7_t256_b8_h0",
        "role": "experimental",
        "stage_bytes": null,
        "chunk_size": 224,
        "decode_ms": 2.274304,
        "decode_gib_s": 409.4978375621138,
        "decode_ns_iters": [
          2304000,
          2312032,
          2307200,
          2308928,
          2302912,
          2301952,
          2306048,
          2313216,
          2305024,
          2328576,
          2289600,
          2285568,
          2291648,
          2283520,
          2286464,
          2287616,
          2282496,
          2293664,
          2280448,
          2277376,
          2292736,
          2275328,
          2274304,
          2280448,
          2274336,
          2309120,
          2325504,
          2321408,
          2326528,
          2322336
        ],
        "chunk_tokens": 224,
        "block_threads": 256,
        "staged_input_bytes": 238676752,
        "applicable": true
      },
      {
        "kernel": "onpair_dh_k7_t256_b8_h2",
        "role": "experimental",
        "stage_bytes": null,
        "chunk_size": 224,
        "decode_ms": 2.304,
        "decode_gib_s": 404.2198654335355,
        "decode_ns_iters": [
          2320384,
          2321280,
          2312192,
          2311360,
          2309120,
          2310144,
          2307072,
          2304000,
          2318336,
          2313216,
          2318336,
          2308096,
          2310144,
          2311168,
          2311072,
          2310016,
          2309120,
          2320384,
          2338816,
          2327552,
          2357248,
          2328576,
          2358272,
          2326368,
          2328640,
          2338720,
          2349056,
          2340864,
          2350080,
          2341888
        ],
        "chunk_tokens": 224,
        "block_threads": 256,
        "staged_input_bytes": 238676752,
        "applicable": true
      },
      {
        "kernel": "onpair_dh_k7_t256_b8_h3",
        "role": "experimental",
        "stage_bytes": null,
        "chunk_size": 224,
        "decode_ms": 2.276352,
        "decode_gib_s": 409.12941845499535,
        "decode_ns_iters": [
          2366464,
          2351104,
          2347008,
          2351104,
          2351104,
          2355200,
          2349056,
          2344960,
          2341888,
          2329600,
          2328576,
          2326720,
          2328576,
          2326528,
          2328576,
          2325504,
          2326528,
          2304000,
          2296832,
          2292736,
          2291712,
          2298880,
          2298880,
          2298848,
          2296832,
          2285568,
          2281472,
          2302976,
          2276352,
          2276352
        ],
        "chunk_tokens": 224,
        "block_threads": 256,
        "staged_input_bytes": 238676752,
        "applicable": true
      },
      {
        "kernel": "onpair_dh_k7_t256_b8_h4",
        "role": "experimental",
        "stage_bytes": null,
        "chunk_size": 224,
        "decode_ms": 2.235392,
        "decode_gib_s": 416.6260637771208,
        "decode_ns_iters": [
          2251712,
          2245472,
          2243584,
          2252800,
          2240512,
          2235392,
          2241536,
          2241344,
          2245600,
          2250752,
          2250592,
          2247680,
          2247680,
          2245728,
          2246656,
          2245632,
          2245632,
          2262016,
          2278400,
          2276352,
          2307072,
          2275264,
          2278400,
          2276352,
          2277376,
          2271232,
          2266112,
          2269152,
          2265088,
          2262016
        ],
        "chunk_tokens": 224,
        "block_threads": 256,
        "staged_input_bytes": 238676752,
        "applicable": true
      },
      {
        "kernel": "onpair_dh_k8_t64_b1_h2",
        "role": "experimental",
        "stage_bytes": null,
        "chunk_size": 256,
        "decode_ms": 2.41136,
        "decode_gib_s": 386.2229488582649,
        "decode_ns_iters": [
          2431840,
          2435072,
          2429952,
          2433024,
          2435072,
          2436096,
          2433024,
          2434048,
          2436096,
          2415616,
          2445312,
          2416640,
          2415616,
          2411360,
          2415616,
          2414592,
          2412544,
          2447552,
          2414624,
          2412512,
          2414592,
          2413664,
          2421760,
          2413568,
          2418688,
          2418688,
          2418688,
          2419712,
          2423808,
          2447360
        ],
        "chunk_tokens": 256,
        "block_threads": 64,
        "staged_input_bytes": 238155712,
        "applicable": true
      },
      {
        "kernel": "onpair_dh_k8_t64_b1_h3",
        "role": "experimental",
        "stage_bytes": null,
        "chunk_size": 256,
        "decode_ms": 2.505728,
        "decode_gib_s": 371.6774406315712,
        "decode_ns_iters": [
          2526208,
          2525184,
          2529280,
          2525184,
          2531328,
          2529280,
          2529280,
          2527168,
          2528256,
          2536448,
          2531328,
          2529280,
          2530304,
          2531328,
          2523104,
          2505728,
          2511872,
          2507776,
          2507616,
          2505728,
          2507776,
          2507744,
          2515904,
          2533376,
          2531328,
          2528256,
          2527232,
          2529280,
          2535296,
          2530176
        ],
        "chunk_tokens": 256,
        "block_threads": 64,
        "staged_input_bytes": 238155712,
        "applicable": true
      },
      {
        "kernel": "onpair_dh_k8_t64_b1_h4",
        "role": "experimental",
        "stage_bytes": null,
        "chunk_size": 256,
        "decode_ms": 2.333696,
        "decode_gib_s": 399.0762164218757,
        "decode_ns_iters": [
          2333696,
          2343936,
          2343936,
          2341888,
          2337792,
          2334720,
          2341888,
          2339840,
          2339840,
          2340864,
          2341888,
          2343936,
          2341888,
          2363296,
          2372576,
          2374656,
          2368640,
          2380800,
          2373600,
          2376704,
          2373632,
          2394112,
          2354112,
          2361344,
          2353216,
          2360256,
          2356224,
          2361344,
          2357248,
          2376704
        ],
        "chunk_tokens": 256,
        "block_threads": 64,
        "staged_input_bytes": 238155712,
        "applicable": true
      },
      {
        "kernel": "onpair_dh_k8_t64_b2_h2",
        "role": "experimental",
        "stage_bytes": null,
        "chunk_size": 256,
        "decode_ms": 2.41152,
        "decode_gib_s": 386.1973236626135,
        "decode_ns_iters": [
          2451456,
          2456768,
          2453504,
          2460608,
          2448512,
          2419712,
          2419712,
          2454432,
          2412544,
          2411520,
          2417696,
          2423808,
          2423936,
          2418688,
          2421760,
          2422784,
          2421760,
          2419712,
          2422784,
          2422784,
          2419712,
          2421760,
          2415616,
          2424832,
          2450432,
          2423808,
          2420864,
          2424832,
          2441216,
          2451456
        ],
        "chunk_tokens": 256,
        "block_threads": 64,
        "staged_input_bytes": 238155712,
        "applicable": true
      },
      {
        "kernel": "onpair_dh_k8_t64_b2_h3",
        "role": "experimental",
        "stage_bytes": null,
        "chunk_size": 256,
        "decode_ms": 2.52416,
        "decode_gib_s": 368.9633660143832,
        "decode_ns_iters": [
          2544544,
          2545664,
          2553856,
          2553856,
          2528256,
          2524160,
          2533376,
          2533376,
          2531360,
          2533312,
          2533376,
          2525184,
          2532448,
          2550784,
          2535424,
          2533248,
          2527232,
          2530304,
          2526208,
          2526208,
          2526208,
          2526208,
          2524160,
          2525056,
          2526208,
          2525184,
          2525184,
          2526208,
          2526208,
          2524160
        ],
        "chunk_tokens": 256,
        "block_threads": 64,
        "staged_input_bytes": 238155712,
        "applicable": true
      },
      {
        "kernel": "onpair_dh_k8_t64_b2_h4",
        "role": "experimental",
        "stage_bytes": null,
        "chunk_size": 256,
        "decode_ms": 2.333696,
        "decode_gib_s": 399.0762164218757,
        "decode_ns_iters": [
          2338816,
          2337792,
          2333696,
          2338816,
          2337728,
          2337792,
          2336704,
          2336672,
          2357248,
          2371584,
          2371584,
          2382848,
          2379776,
          2379776,
          2375680,
          2393088,
          2381824,
          2381824,
          2383872,
          2376704,
          2381856,
          2380800,
          2375680,
          2376704,
          2381824,
          2373664,
          2405376,
          2371584,
          2377728,
          2375872
        ],
        "chunk_tokens": 256,
        "block_threads": 64,
        "staged_input_bytes": 238155712,
        "applicable": true
      },
      {
        "kernel": "onpair_dh_k8_t64_b4_h2",
        "role": "experimental",
        "stage_bytes": null,
        "chunk_size": 256,
        "decode_ms": 2.41152,
        "decode_gib_s": 386.1973236626135,
        "decode_ns_iters": [
          2441216,
          2442240,
          2442240,
          2438144,
          2434048,
          2433024,
          2443264,
          2433024,
          2419712,
          2416640,
          2420736,
          2416512,
          2422784,
          2421760,
          2417664,
          2421760,
          2411520,
          2417664,
          2414592,
          2420736,
          2422784,
          2413568,
          2419712,
          2421760,
          2416640,
          2418688,
          2415616,
          2421760,
          2418624,
          2417664
        ],
        "chunk_tokens": 256,
        "block_threads": 64,
        "staged_input_bytes": 238155712,
        "applicable": true
      },
      {
        "kernel": "onpair_dh_k8_t64_b4_h3",
        "role": "experimental",
        "stage_bytes": null,
        "chunk_size": 256,
        "decode_ms": 2.523136,
        "decode_gib_s": 369.1131076402008,
        "decode_ns_iters": [
          2524160,
          2527232,
          2524160,
          2525184,
          2526208,
          2524160,
          2542592,
          2527232,
          2524288,
          2533376,
          2531328,
          2524160,
          2534400,
          2534336,
          2529280,
          2524160,
          2523136,
          2529280,
          2526208,
          2526208,
          2529280,
          2526208,
          2555904,
          2525152,
          2536448,
          2530304,
          2533440,
          2530304,
          2533280,
          2531264
        ],
        "chunk_tokens": 256,
        "block_threads": 64,
        "staged_input_bytes": 238155712,
        "applicable": true
      },
      {
        "kernel": "onpair_dh_k8_t64_b4_h4",
        "role": "experimental",
        "stage_bytes": null,
        "chunk_size": 256,
        "decode_ms": 2.336768,
        "decode_gib_s": 398.55157634770137,
        "decode_ns_iters": [
          2336768,
          2339776,
          2339904,
          2336768,
          2337664,
          2337792,
          2343936,
          2344960,
          2341888,
          2342016,
          2340864,
          2348032,
          2374656,
          2380800,
          2375552,
          2372608,
          2373632,
          2385856,
          2374656,
          2373728,
          2361344,
          2360320,
          2356224,
          2360320,
          2364256,
          2359296,
          2358272,
          2376864,
          2379776,
          2374656
        ],
        "chunk_tokens": 256,
        "block_threads": 64,
        "staged_input_bytes": 238155712,
        "applicable": true
      },
      {
        "kernel": "onpair_dh_k8_t64_b6_h2",
        "role": "experimental",
        "stage_bytes": null,
        "chunk_size": 256,
        "decode_ms": 2.41248,
        "decode_gib_s": 386.04364386808004,
        "decode_ns_iters": [
          2454528,
          2454528,
          2459648,
          2425856,
          2413568,
          2412480,
          2416640,
          2444288,
          2416640,
          2416640,
          2418688,
          2430976,
          2432000,
          2434912,
          2435072,
          2434048,
          2432128,
          2433056,
          2436992,
          2460672,
          2432000,
          2429952,
          2432000,
          2434048,
          2452480,
          2432000,
          2415616,
          2425856,
          2417664,
          2419712
        ],
        "chunk_tokens": 256,
        "block_threads": 64,
        "staged_input_bytes": 238155712,
        "applicable": true
      },
      {
        "kernel": "onpair_dh_k8_t64_b6_h3",
        "role": "experimental",
        "stage_bytes": null,
        "chunk_size": 256,
        "decode_ms": 2.504704,
        "decode_gib_s": 371.8293937961794,
        "decode_ns_iters": [
          2528256,
          2519040,
          2538496,
          2505728,
          2510848,
          2515968,
          2510848,
          2513856,
          2505696,
          2504704,
          2509824,
          2511872,
          2513984,
          2509824,
          2512896,
          2512960,
          2507648,
          2514944,
          2512832,
          2505728,
          2509824,
          2533376,
          2512896,
          2512896,
          2518016,
          2508832,
          2509824,
          2510848,
          2512896,
          2512896
        ],
        "chunk_tokens": 256,
        "block_threads": 64,
        "staged_input_bytes": 238155712,
        "applicable": true
      },
      {
        "kernel": "onpair_dh_k8_t64_b6_h4",
        "role": "experimental",
        "stage_bytes": null,
        "chunk_size": 256,
        "decode_ms": 2.333696,
        "decode_gib_s": 399.0762164218757,
        "decode_ns_iters": [
          2334720,
          2337664,
          2341888,
          2337792,
          2335808,
          2338656,
          2333696,
          2375680,
          2371584,
          2372608,
          2401152,
          2374720,
          2377728,
          2375680,
          2376704,
          2379776,
          2372672,
          2374656,
          2376704,
          2374656,
          2380800,
          2379680,
          2374656,
          2376704,
          2358272,
          2393088,
          2353152,
          2365440,
          2356224,
          2361248
        ],
        "chunk_tokens": 256,
        "block_threads": 64,
        "staged_input_bytes": 238155712,
        "applicable": true
      },
      {
        "kernel": "onpair_dh_k8_t64_b8_h2",
        "role": "experimental",
        "stage_bytes": null,
        "chunk_size": 256,
        "decode_ms": 2.41152,
        "decode_gib_s": 386.1973236626135,
        "decode_ns_iters": [
          2456736,
          2455552,
          2456576,
          2451456,
          2456736,
          2455616,
          2419712,
          2419712,
          2417664,
          2415776,
          2415552,
          2421920,
          2417664,
          2422720,
          2419680,
          2415616,
          2420736,
          2411520,
          2424832,
          2420736,
          2422784,
          2459648,
          2417536,
          2422784,
          2420736,
          2424704,
          2453504,
          2417696,
          2420736,
          2420736
        ],
        "chunk_tokens": 256,
        "block_threads": 64,
        "staged_input_bytes": 238155712,
        "applicable": true
      },
      {
        "kernel": "onpair_dh_k8_t64_b8_h3",
        "role": "experimental",
        "stage_bytes": null,
        "chunk_size": 256,
        "decode_ms": 2.505568,
        "decode_gib_s": 371.701175126305,
        "decode_ns_iters": [
          2533376,
          2532288,
          2534400,
          2528320,
          2522112,
          2535424,
          2512896,
          2524160,
          2512896,
          2509824,
          2519040,
          2511872,
          2511872,
          2509984,
          2512896,
          2511872,
          2505728,
          2514784,
          2511872,
          2505728,
          2505632,
          2512896,
          2508800,
          2511872,
          2535424,
          2505568,
          2510976,
          2563072,
          2533376,
          2530304
        ],
        "chunk_tokens": 256,
        "block_threads": 64,
        "staged_input_bytes": 238155712,
        "applicable": true
      },
      {
        "kernel": "onpair_dh_k8_t64_b8_h4",
        "role": "experimental",
        "stage_bytes": null,
        "chunk_size": 256,
        "decode_ms": 2.3152,
        "decode_gib_s": 402.26441342383623,
        "decode_ns_iters": [
          2340864,
          2339840,
          2347008,
          2332672,
          2324480,
          2317312,
          2315200,
          2324480,
          2322432,
          2321344,
          2367488,
          2376704,
          2373632,
          2378752,
          2372608,
          2380640,
          2412480,
          2376704,
          2381824,
          2376704,
          2381760,
          2370560,
          2376704,
          2377728,
          2381824,
          2380800,
          2395136,
          2393088,
          2391040,
          2398208
        ],
        "chunk_tokens": 256,
        "block_threads": 64,
        "staged_input_bytes": 238155712,
        "applicable": true
      },
      {
        "kernel": "onpair_dh_k8_t128_b1_h2",
        "role": "experimental",
        "stage_bytes": null,
        "chunk_size": 256,
        "decode_ms": 2.336768,
        "decode_gib_s": 398.55157634770137,
        "decode_ns_iters": [
          2394112,
          2371584,
          2340864,
          2337888,
          2337792,
          2347008,
          2336768,
          2345920,
          2344960,
          2344960,
          2343936,
          2386944,
          2381760,
          2384896,
          2386944,
          2385920,
          2417664,
          2375680,
          2361344,
          2361280,
          2355200,
          2362368,
          2365440,
          2364320,
          2364416,
          2382848,
          2382848,
          2386048,
          2379680,
          2418688
        ],
        "chunk_tokens": 256,
        "block_threads": 128,
        "staged_input_bytes": 238155712,
        "applicable": true
      },
      {
        "kernel": "onpair_dh_k8_t128_b1_h3",
        "role": "experimental",
        "stage_bytes": null,
        "chunk_size": 256,
        "decode_ms": 2.445312,
        "decode_gib_s": 380.86042597380856,
        "decode_ns_iters": [
          2481152,
          2450432,
          2448448,
          2451456,
          2482176,
          2450432,
          2449408,
          2459552,
          2456576,
          2450432,
          2448320,
          2464704,
          2481152,
          2452480,
          2450432,
          2450432,
          2454528,
          2452480,
          2448384,
          2448384,
          2445312,
          2455552,
          2454528,
          2515104,
          2468864,
          2465792,
          2466816,
          2470912,
          2487296,
          2467840
        ],
        "chunk_tokens": 256,
        "block_threads": 128,
        "staged_input_bytes": 238155712,
        "applicable": true
      },
      {
        "kernel": "onpair_dh_k8_t128_b1_h4",
        "role": "experimental",
        "stage_bytes": null,
        "chunk_size": 256,
        "decode_ms": 2.260928,
        "decode_gib_s": 411.92049015221437,
        "decode_ns_iters": [
          2260928,
          2267136,
          2267136,
          2269280,
          2268160,
          2261056,
          2264064,
          2277376,
          2274304,
          2276352,
          2280448,
          2277376,
          2276352,
          2277376,
          2276352,
          2290688,
          2295808,
          2294912,
          2292736,
          2295808,
          2295808,
          2324480,
          2293888,
          2305024,
          2332640,
          2328576,
          2337792,
          2330560,
          2329600,
          2329600
        ],
        "chunk_tokens": 256,
        "block_threads": 128,
        "staged_input_bytes": 238155712,
        "applicable": true
      },
      {
        "kernel": "onpair_dh_k8_t128_b2_h2",
        "role": "experimental",
        "stage_bytes": null,
        "chunk_size": 256,
        "decode_ms": 2.372608,
        "decode_gib_s": 392.5311597865579,
        "decode_ns_iters": [
          2438144,
          2437120,
          2433024,
          2437120,
          2436096,
          2447360,
          2433024,
          2407424,
          2411392,
          2413568,
          2412544,
          2410496,
          2412544,
          2413568,
          2406400,
          2404512,
          2408480,
          2395136,
          2392928,
          2421760,
          2403264,
          2398272,
          2397184,
          2381824,
          2380800,
          2372608,
          2381824,
          2374656,
          2402240,
          2374656
        ],
        "chunk_tokens": 256,
        "block_threads": 128,
        "staged_input_bytes": 238155712,
        "applicable": true
      },
      {
        "kernel": "onpair_dh_k8_t128_b2_h3",
        "role": "experimental",
        "stage_bytes": null,
        "chunk_size": 256,
        "decode_ms": 2.449408,
        "decode_gib_s": 380.2235356293707,
        "decode_ns_iters": [
          2492416,
          2492416,
          2492416,
          2486272,
          2486272,
          2486272,
          2476000,
          2473984,
          2470912,
          2471936,
          2473984,
          2473984,
          2478144,
          2454528,
          2454528,
          2454528,
          2449408,
          2457600,
          2454528,
          2454528,
          2456576,
          2471936,
          2465792,
          2490368,
          2467712,
          2465792,
          2472864,
          2468864,
          2469888,
          2467840
        ],
        "chunk_tokens": 256,
        "block_threads": 128,
        "staged_input_bytes": 238155712,
        "applicable": true
      },
      {
        "kernel": "onpair_dh_k8_t128_b2_h4",
        "role": "experimental",
        "stage_bytes": null,
        "chunk_size": 256,
        "decode_ms": 2.259968,
        "decode_gib_s": 412.0954677052355,
        "decode_ns_iters": [
          2277408,
          2280448,
          2275168,
          2276352,
          2278368,
          2279328,
          2276352,
          2275328,
          2280448,
          2276352,
          2279424,
          2284544,
          2292736,
          2297856,
          2301952,
          2299040,
          2300992,
          2300736,
          2328576,
          2295744,
          2283520,
          2267136,
          2265088,
          2267136,
          2268160,
          2267136,
          2263072,
          2301952,
          2259968,
          2266016
        ],
        "chunk_tokens": 256,
        "block_threads": 128,
        "staged_input_bytes": 238155712,
        "applicable": true
      },
      {
        "kernel": "onpair_dh_k8_t128_b4_h2",
        "role": "experimental",
        "stage_bytes": null,
        "chunk_size": 256,
        "decode_ms": 2.337696,
        "decode_gib_s": 398.3933625068724,
        "decode_ns_iters": [
          2365376,
          2340864,
          2366336,
          2337696,
          2380800,
          2375680,
          2377728,
          2376768,
          2375680,
          2372608,
          2382848,
          2374656,
          2386944,
          2392064,
          2401280,
          2423808,
          2401280,
          2398208,
          2401440,
          2400256,
          2378752,
          2382848,
          2379744,
          2377728,
          2385984,
          2381792,
          2382656,
          2382848,
          2350080,
          2340672
        ],
        "chunk_tokens": 256,
        "block_threads": 128,
        "staged_input_bytes": 238155712,
        "applicable": true
      },
      {
        "kernel": "onpair_dh_k8_t128_b4_h3",
        "role": "experimental",
        "stage_bytes": null,
        "chunk_size": 256,
        "decode_ms": 2.445312,
        "decode_gib_s": 380.86042597380856,
        "decode_ns_iters": [
          2456576,
          2453504,
          2453504,
          2488320,
          2452480,
          2454528,
          2455584,
          2454400,
          2452352,
          2455552,
          2453504,
          2469856,
          2452480,
          2450432,
          2449408,
          2446336,
          2452320,
          2445312,
          2451456,
          2489280,
          2453504,
          2455552,
          2453504,
          2451328,
          2453504,
          2451456,
          2457600,
          2484224,
          2451456,
          2448384
        ],
        "chunk_tokens": 256,
        "block_threads": 128,
        "staged_input_bytes": 238155712,
        "applicable": true
      },
      {
        "kernel": "onpair_dh_k8_t128_b4_h4",
        "role": "experimental",
        "stage_bytes": null,
        "chunk_size": 256,
        "decode_ms": 2.248704,
        "decode_gib_s": 414.15969819009774,
        "decode_ns_iters": [
          2272160,
          2268000,
          2248704,
          2250752,
          2250752,
          2253824,
          2274304,
          2252800,
          2251776,
          2250752,
          2293760,
          2299904,
          2300928,
          2300032,
          2300928,
          2304000,
          2303872,
          2300928,
          2292736,
          2313088,
          2281472,
          2277376,
          2285408,
          2280608,
          2286592,
          2284544,
          2279424,
          2262016,
          2270208,
          2259872
        ],
        "chunk_tokens": 256,
        "block_threads": 128,
        "staged_input_bytes": 238155712,
        "applicable": true
      },
      {
        "kernel": "onpair_dh_k8_t128_b6_h2",
        "role": "experimental",
        "stage_bytes": null,
        "chunk_size": 256,
        "decode_ms": 2.301952,
        "decode_gib_s": 404.579491648334,
        "decode_ns_iters": [
          2341728,
          2342912,
          2323328,
          2325504,
          2326368,
          2324480,
          2325504,
          2323584,
          2325504,
          2325504,
          2327712,
          2322432,
          2321408,
          2326528,
          2325504,
          2325504,
          2322432,
          2325504,
          2315264,
          2306048,
          2304000,
          2310144,
          2304000,
          2338816,
          2301952,
          2327648,
          2310144,
          2305024,
          2302112,
          2304000
        ],
        "chunk_tokens": 256,
        "block_threads": 128,
        "staged_input_bytes": 238155712,
        "applicable": true
      },
      {
        "kernel": "onpair_dh_k8_t128_b6_h3",
        "role": "experimental",
        "stage_bytes": null,
        "chunk_size": 256,
        "decode_ms": 2.39104,
        "decode_gib_s": 389.5052236511584,
        "decode_ns_iters": [
          2408448,
          2411520,
          2409472,
          2398208,
          2393088,
          2393088,
          2391040,
          2421760,
          2393088,
          2397184,
          2452480,
          2447360,
          2450336,
          2448320,
          2448384,
          2451456,
          2448384,
          2448384,
          2447360,
          2451360,
          2447360,
          2448224,
          2447264,
          2451424,
          2448384,
          2449472,
          2449408,
          2448256,
          2449472,
          2448384
        ],
        "chunk_tokens": 256,
        "block_threads": 128,
        "staged_input_bytes": 238155712,
        "applicable": true
      },
      {
        "kernel": "onpair_dh_k8_t128_b6_h4",
        "role": "experimental",
        "stage_bytes": null,
        "chunk_size": 256,
        "decode_ms": 2.259968,
        "decode_gib_s": 412.0954677052355,
        "decode_ns_iters": [
          2259968,
          2263040,
          2263008,
          2260992,
          2289664,
          2262016,
          2261952,
          2262016,
          2266112,
          2269248,
          2283520,
          2314240,
          2284544,
          2305024,
          2278400,
          2281472,
          2277376,
          2294784,
          2299904,
          2301952,
          2301952,
          2302976,
          2301952,
          2302976,
          2302976,
          2282496,
          2275328,
          2265088,
          2266080,
          2263040
        ],
        "chunk_tokens": 256,
        "block_threads": 128,
        "staged_input_bytes": 238155712,
        "applicable": true
      },
      {
        "kernel": "onpair_dh_k8_t128_b8_h2",
        "role": "experimental",
        "stage_bytes": null,
        "chunk_size": 256,
        "decode_ms": 2.270208,
        "decode_gib_s": 410.2366699257803,
        "decode_ns_iters": [
          2301952,
          2281472,
          2270208,
          2270208,
          2281472,
          2275328,
          2279360,
          2274304,
          2276224,
          2304000,
          2328576,
          2329600,
          2328576,
          2329600,
          2331648,
          2330592,
          2331648,
          2318336,
          2312352,
          2310144,
          2309120,
          2307072,
          2313216,
          2307072,
          2304000,
          2327680,
          2344896,
          2352064,
          2349056,
          2345984
        ],
        "chunk_tokens": 256,
        "block_threads": 128,
        "staged_input_bytes": 238155712,
        "applicable": true
      },
      {
        "kernel": "onpair_dh_k8_t128_b8_h3",
        "role": "experimental",
        "stage_bytes": null,
        "chunk_size": 256,
        "decode_ms": 2.44736,
        "decode_gib_s": 380.54171432027397,
        "decode_ns_iters": [
          2497536,
          2467840,
          2502656,
          2469888,
          2475008,
          2472896,
          2471936,
          2465792,
          2464768,
          2450432,
          2451456,
          2449408,
          2447360,
          2450432,
          2452480,
          2452416,
          2450432,
          2455712,
          2472960,
          2454528,
          2451456,
          2454528,
          2449408,
          2453504,
          2449376,
          2452480,
          2452480,
          2449408,
          2448512,
          2451328
        ],
        "chunk_tokens": 256,
        "block_threads": 128,
        "staged_input_bytes": 238155712,
        "applicable": true
      },
      {
        "kernel": "onpair_dh_k8_t128_b8_h4",
        "role": "experimental",
        "stage_bytes": null,
        "chunk_size": 256,
        "decode_ms": 2.272256,
        "decode_gib_s": 409.86692078659524,
        "decode_ns_iters": [
          2273280,
          2274304,
          2272256,
          2274304,
          2274144,
          2290688,
          2272256,
          2282496,
          2291712,
          2289664,
          2291712,
          2291712,
          2294880,
          2289632,
          2292736,
          2294784,
          2290688,
          2290688,
          2293760,
          2290656,
          2291712,
          2292896,
          2297856,
          2309152,
          2294784,
          2292736,
          2294688,
          2291712,
          2294688,
          2291712
        ],
        "chunk_tokens": 256,
        "block_threads": 128,
        "staged_input_bytes": 238155712,
        "applicable": true
      },
      {
        "kernel": "onpair_dh_k8_t256_b1_h0",
        "role": "experimental",
        "stage_bytes": null,
        "chunk_size": 256,
        "decode_ms": 2.37056,
        "decode_gib_s": 392.8702795790301,
        "decode_ns_iters": [
          2395136,
          2433024,
          2443264,
          2435072,
          2429952,
          2428928,
          2442240,
          2439296,
          2398208,
          2396160,
          2397184,
          2399104,
          2397184,
          2394112,
          2421760,
          2381824,
          2383872,
          2370560,
          2370560,
          2371584,
          2371456,
          2373472,
          2372608,
          2392992,
          2391040,
          2392960,
          2390016,
          2425696,
          2392064,
          2393088
        ],
        "chunk_tokens": 256,
        "block_threads": 256,
        "staged_input_bytes": 238155712,
        "applicable": true
      },
      {
        "kernel": "onpair_dh_k8_t256_b1_h2",
        "role": "experimental",
        "stage_bytes": null,
        "chunk_size": 256,
        "decode_ms": 2.289664,
        "decode_gib_s": 406.7507590453733,
        "decode_ns_iters": [
          2293728,
          2290688,
          2291712,
          2291616,
          2293632,
          2290880,
          2308096,
          2291712,
          2292736,
          2289664,
          2290752,
          2290816,
          2290688,
          2293760,
          2292736,
          2325504,
          2290688,
          2292736,
          2295808,
          2291584,
          2290688,
          2290688,
          2293760,
          2323456,
          2327552,
          2328448,
          2327552,
          2325536,
          2333696,
          2327552
        ],
        "chunk_tokens": 256,
        "block_threads": 256,
        "staged_input_bytes": 238155712,
        "applicable": true
      },
      {
        "kernel": "onpair_dh_k8_t256_b1_h3",
        "role": "experimental",
        "stage_bytes": null,
        "chunk_size": 256,
        "decode_ms": 2.387968,
        "decode_gib_s": 390.00630241228765,
        "decode_ns_iters": [
          2424832,
          2424768,
          2426880,
          2423808,
          2425856,
          2425856,
          2426880,
          2427936,
          2433024,
          2426880,
          2425856,
          2424832,
          2423808,
          2425856,
          2425856,
          2414592,
          2391040,
          2390016,
          2390016,
          2391040,
          2391040,
          2397184,
          2401280,
          2388992,
          2391040,
          2394112,
          2391040,
          2390848,
          2388992,
          2387968
        ],
        "chunk_tokens": 256,
        "block_threads": 256,
        "staged_input_bytes": 238155712,
        "applicable": true
      },
      {
        "kernel": "onpair_dh_k8_t256_b1_h4",
        "role": "experimental",
        "stage_bytes": null,
        "chunk_size": 256,
        "decode_ms": 2.242656,
        "decode_gib_s": 415.2766050428,
        "decode_ns_iters": [
          2250752,
          2252800,
          2253824,
          2254720,
          2251648,
          2252768,
          2257920,
          2253824,
          2263040,
          2257920,
          2252800,
          2256896,
          2254912,
          2251776,
          2252800,
          2253824,
          2294784,
          2253824,
          2258944,
          2251776,
          2253952,
          2253824,
          2256896,
          2249728,
          2254848,
          2242656,
          2254752,
          2246656,
          2250688,
          2246656
        ],
        "chunk_tokens": 256,
        "block_threads": 256,
        "staged_input_bytes": 238155712,
        "applicable": true
      },
      {
        "kernel": "onpair_dh_k8_t256_b2_h2",
        "role": "experimental",
        "stage_bytes": null,
        "chunk_size": 256,
        "decode_ms": 2.286656,
        "decode_gib_s": 407.2858225980934,
        "decode_ns_iters": [
          2327552,
          2356224,
          2331648,
          2331648,
          2330624,
          2331648,
          2318336,
          2295808,
          2295808,
          2293760,
          2291840,
          2286656,
          2296832,
          2294784,
          2295808,
          2313216,
          2313088,
          2308096,
          2315264,
          2313216,
          2311168,
          2314240,
          2310144,
          2295808,
          2296832,
          2295808,
          2296832,
          2296832,
          2295936,
          2295808
        ],
        "chunk_tokens": 256,
        "block_threads": 256,
        "staged_input_bytes": 238155712,
        "applicable": true
      },
      {
        "kernel": "onpair_dh_k8_t256_b2_h3",
        "role": "experimental",
        "stage_bytes": null,
        "chunk_size": 256,
        "decode_ms": 2.354112,
        "decode_gib_s": 395.6152340920337,
        "decode_ns_iters": [
          2354176,
          2361344,
          2360160,
          2370560,
          2362304,
          2358272,
          2396160,
          2375680,
          2373632,
          2372608,
          2378752,
          2377728,
          2375680,
          2379584,
          2367488,
          2360320,
          2358272,
          2354176,
          2354112,
          2372608,
          2355200,
          2395136,
          2387968,
          2390016,
          2392064,
          2388960,
          2396192,
          2397184,
          2395136,
          2388992
        ],
        "chunk_tokens": 256,
        "block_threads": 256,
        "staged_input_bytes": 238155712,
        "applicable": true
      },
      {
        "kernel": "onpair_dh_k8_t256_b2_h4",
        "role": "experimental",
        "stage_bytes": null,
        "chunk_size": 256,
        "decode_ms": 2.234368,
        "decode_gib_s": 416.8170014782102,
        "decode_ns_iters": [
          2236416,
          2241536,
          2234368,
          2239456,
          2243712,
          2235392,
          2239488,
          2245632,
          2236416,
          2239488,
          2240512,
          2239424,
          2237440,
          2241536,
          2235392,
          2240448,
          2236416,
          2238368,
          2237280,
          2237440,
          2237408,
          2237440,
          2241376,
          2253824,
          2255840,
          2255776,
          2252640,
          2251776,
          2254848,
          2251776
        ],
        "chunk_tokens": 256,
        "block_threads": 256,
        "staged_input_bytes": 238155712,
        "applicable": true
      },
      {
        "kernel": "onpair_dh_k8_t256_b4_h0",
        "role": "experimental",
        "stage_bytes": null,
        "chunk_size": 256,
        "decode_ms": 2.352128,
        "decode_gib_s": 395.94893218348045,
        "decode_ns_iters": [
          2392064,
          2390016,
          2394112,
          2390016,
          2392064,
          2396160,
          2395136,
          2393088,
          2392064,
          2391008,
          2395136,
          2391040,
          2393088,
          2393088,
          2404352,
          2352128,
          2352128,
          2356224,
          2355200,
          2357248,
          2353152,
          2354176,
          2364416,
          2367488,
          2372608,
          2371584,
          2370560,
          2383872,
          2370560,
          2367392
        ],
        "chunk_tokens": 256,
        "block_threads": 256,
        "staged_input_bytes": 238155712,
        "applicable": true
      },
      {
        "kernel": "onpair_dh_k8_t256_b4_h2",
        "role": "experimental",
        "stage_bytes": null,
        "chunk_size": 256,
        "decode_ms": 2.235392,
        "decode_gib_s": 416.6260637771208,
        "decode_ns_iters": [
          2254848,
          2252800,
          2257920,
          2253824,
          2251904,
          2254848,
          2244608,
          2235392,
          2236416,
          2235392,
          2237440,
          2238464,
          2238464,
          2238464,
          2242560,
          2250752,
          2254848,
          2251776,
          2252800,
          2254848,
          2268160,
          2260992,
          2254848,
          2286592,
          2285440,
          2285568,
          2285568,
          2319424,
          2287616,
          2284544
        ],
        "chunk_tokens": 256,
        "block_threads": 256,
        "staged_input_bytes": 238155712,
        "applicable": true
      },
      {
        "kernel": "onpair_dh_k8_t256_b4_h3",
        "role": "experimental",
        "stage_bytes": null,
        "chunk_size": 256,
        "decode_ms": 2.333696,
        "decode_gib_s": 399.0762164218757,
        "decode_ns_iters": [
          2365344,
          2354176,
          2354144,
          2354176,
          2353152,
          2354176,
          2355200,
          2354176,
          2356224,
          2358272,
          2358240,
          2353184,
          2354176,
          2355200,
          2351104,
          2338688,
          2334720,
          2336768,
          2339840,
          2333696,
          2335744,
          2334720,
          2352128,
          2390016,
          2390176,
          2399232,
          2395136,
          2397056,
          2391040,
          2397184
        ],
        "chunk_tokens": 256,
        "block_threads": 256,
        "staged_input_bytes": 238155712,
        "applicable": true
      },
      {
        "kernel": "onpair_dh_k8_t256_b4_h4",
        "role": "experimental",
        "stage_bytes": null,
        "chunk_size": 256,
        "decode_ms": 2.229248,
        "decode_gib_s": 417.7743211876227,
        "decode_ns_iters": [
          2234368,
          2234368,
          2236416,
          2234368,
          2232512,
          2233344,
          2232320,
          2230272,
          2232288,
          2230176,
          2230272,
          2238464,
          2240512,
          2234368,
          2238464,
          2237440,
          2234368,
          2236416,
          2229248,
          2232320,
          2233344,
          2232320,
          2229248,
          2244608,
          2245696,
          2247680,
          2247680,
          2248704,
          2246656,
          2248704
        ],
        "chunk_tokens": 256,
        "block_threads": 256,
        "staged_input_bytes": 238155712,
        "applicable": true
      },
      {
        "kernel": "onpair_dh_k8_t256_b6_h2",
        "role": "experimental",
        "stage_bytes": null,
        "chunk_size": 256,
        "decode_ms": 2.515968,
        "decode_gib_s": 370.16471193547204,
        "decode_ns_iters": [
          2519040,
          2522048,
          2521088,
          2515968,
          2519040,
          2520064,
          2516992,
          2518016,
          2520064,
          2516992,
          2516992,
          2518016,
          2517024,
          2520064,
          2516992,
          2520064,
          2519040,
          2516992,
          2518912,
          2516992,
          2519040,
          2516992,
          2518176,
          2519040,
          2518016,
          2518016,
          2520064,
          2518016,
          2520064,
          2543616
        ],
        "chunk_tokens": 256,
        "block_threads": 256,
        "staged_input_bytes": 238155712,
        "applicable": true
      },
      {
        "kernel": "onpair_dh_k8_t256_b6_h3",
        "role": "experimental",
        "stage_bytes": null,
        "chunk_size": 256,
        "decode_ms": 2.861056,
        "decode_gib_s": 325.51707130474404,
        "decode_ns_iters": [
          2927616,
          2924544,
          2928640,
          2895872,
          2885632,
          2885632,
          2885568,
          2883584,
          2914304,
          2885632,
          2891744,
          2881536,
          2886656,
          2881536,
          2882560,
          2887680,
          2883584,
          2868224,
          2869248,
          2868256,
          2866176,
          2868224,
          2868224,
          2868160,
          2869248,
          2868064,
          2867136,
          2864128,
          2861056,
          2888704
        ],
        "chunk_tokens": 256,
        "block_threads": 256,
        "staged_input_bytes": 238155712,
        "applicable": true
      },
      {
        "kernel": "onpair_dh_k8_t256_b6_h4",
        "role": "experimental",
        "stage_bytes": null,
        "chunk_size": 256,
        "decode_ms": 2.494592,
        "decode_gib_s": 373.33662978108873,
        "decode_ns_iters": [
          2520064,
          2499552,
          2496416,
          2515968,
          2494592,
          2498752,
          2530304,
          2496512,
          2502656,
          2533376,
          2501600,
          2503680,
          2506752,
          2500608,
          2500608,
          2500608,
          2504704,
          2502816,
          2502656,
          2503680,
          2519040,
          2521088,
          2522112,
          2518016,
          2519040,
          2549760,
          2516992,
          2523136,
          2523200,
          2521088
        ],
        "chunk_tokens": 256,
        "block_threads": 256,
        "staged_input_bytes": 238155712,
        "applicable": true
      },
      {
        "kernel": "onpair_dh_k8_t256_b8_h0",
        "role": "experimental",
        "stage_bytes": null,
        "chunk_size": 256,
        "decode_ms": 2.363392,
        "decode_gib_s": 394.06182722073424,
        "decode_ns_iters": [
          2391936,
          2392064,
          2387968,
          2415616,
          2387968,
          2387968,
          2387968,
          2388992,
          2392064,
          2392064,
          2377728,
          2366464,
          2397184,
          2366464,
          2366496,
          2367488,
          2367488,
          2363392,
          2366528,
          2366464,
          2366464,
          2374656,
          2376704,
          2370560,
          2368512,
          2367488,
          2400256,
          2409472,
          2407360,
          2413408
        ],
        "chunk_tokens": 256,
        "block_threads": 256,
        "staged_input_bytes": 238155712,
        "applicable": true
      },
      {
        "kernel": "onpair_dh_k8_t256_b8_h2",
        "role": "experimental",
        "stage_bytes": null,
        "chunk_size": 256,
        "decode_ms": 2.31936,
        "decode_gib_s": 401.54291268232,
        "decode_ns_iters": [
          2358272,
          2354176,
          2320320,
          2324480,
          2322432,
          2349024,
          2319360,
          2348032,
          2319360,
          2348192,
          2360192,
          2387968,
          2353056,
          2356224,
          2355200,
          2355200,
          2352128,
          2359296,
          2375776,
          2373632,
          2373632,
          2371584,
          2371584,
          2375680,
          2372608,
          2366464,
          2357248,
          2358176,
          2355200,
          2357248
        ],
        "chunk_tokens": 256,
        "block_threads": 256,
        "staged_input_bytes": 238155712,
        "applicable": true
      },
      {
        "kernel": "onpair_dh_k8_t256_b8_h3",
        "role": "experimental",
        "stage_bytes": null,
        "chunk_size": 256,
        "decode_ms": 2.36032,
        "decode_gib_s": 394.57470595464406,
        "decode_ns_iters": [
          2399232,
          2368704,
          2362304,
          2363392,
          2363392,
          2365440,
          2365280,
          2360320,
          2364416,
          2395136,
          2429952,
          2401280,
          2402304,
          2400256,
          2400256,
          2396160,
          2397184,
          2397184,
          2399232,
          2400256,
          2399360,
          2399232,
          2397184,
          2396160,
          2395136,
          2379776,
          2379584,
          2379616,
          2410496,
          2381824
        ],
        "chunk_tokens": 256,
        "block_threads": 256,
        "staged_input_bytes": 238155712,
        "applicable": true
      },
      {
        "kernel": "onpair_dh_k8_t256_b8_h4",
        "role": "experimental",
        "stage_bytes": null,
        "chunk_size": 256,
        "decode_ms": 2.243584,
        "decode_gib_s": 415.10483670719066,
        "decode_ns_iters": [
          2250720,
          2254848,
          2261856,
          2257888,
          2256896,
          2254848,
          2286560,
          2254816,
          2255840,
          2244512,
          2246656,
          2244608,
          2247680,
          2243584,
          2243584,
          2246720,
          2245632,
          2260064,
          2276352,
          2255872,
          2257056,
          2254848,
          2259968,
          2256896,
          2257920,
          2255872,
          2244608,
          2246656,
          2244608,
          2245632
        ],
        "chunk_tokens": 256,
        "block_threads": 256,
        "staged_input_bytes": 238155712,
        "applicable": true
      },
      {
        "kernel": "onpair_ds_k4_t128_b2_s10",
        "role": "experimental",
        "stage_bytes": 10,
        "chunk_size": 128,
        "decode_ms": 0.0,
        "decode_gib_s": 0.0,
        "chunk_tokens": 128,
        "block_threads": 128,
        "staged_input_bytes": 241803008,
        "applicable": false,
        "reason": "staging 1312 B/warp is below this column's largest batch (2048 B + 15 shift)"
      },
      {
        "kernel": "onpair_ds_k4_t128_b2_s12",
        "role": "experimental",
        "stage_bytes": 12,
        "chunk_size": 128,
        "decode_ms": 0.0,
        "decode_gib_s": 0.0,
        "chunk_tokens": 128,
        "block_threads": 128,
        "staged_input_bytes": 241803008,
        "applicable": false,
        "reason": "staging 1568 B/warp is below this column's largest batch (2048 B + 15 shift)"
      },
      {
        "kernel": "onpair_ds_k4_t128_b2_s14",
        "role": "experimental",
        "stage_bytes": 14,
        "chunk_size": 128,
        "decode_ms": 0.0,
        "decode_gib_s": 0.0,
        "chunk_tokens": 128,
        "block_threads": 128,
        "staged_input_bytes": 241803008,
        "applicable": false,
        "reason": "staging 1824 B/warp is below this column's largest batch (2048 B + 15 shift)"
      },
      {
        "kernel": "onpair_ds_k4_t128_b4_s10",
        "role": "experimental",
        "stage_bytes": 10,
        "chunk_size": 128,
        "decode_ms": 0.0,
        "decode_gib_s": 0.0,
        "chunk_tokens": 128,
        "block_threads": 128,
        "staged_input_bytes": 241803008,
        "applicable": false,
        "reason": "staging 1312 B/warp is below this column's largest batch (2048 B + 15 shift)"
      },
      {
        "kernel": "onpair_ds_k4_t128_b4_s12",
        "role": "experimental",
        "stage_bytes": 12,
        "chunk_size": 128,
        "decode_ms": 0.0,
        "decode_gib_s": 0.0,
        "chunk_tokens": 128,
        "block_threads": 128,
        "staged_input_bytes": 241803008,
        "applicable": false,
        "reason": "staging 1568 B/warp is below this column's largest batch (2048 B + 15 shift)"
      },
      {
        "kernel": "onpair_ds_k4_t128_b4_s14",
        "role": "experimental",
        "stage_bytes": 14,
        "chunk_size": 128,
        "decode_ms": 0.0,
        "decode_gib_s": 0.0,
        "chunk_tokens": 128,
        "block_threads": 128,
        "staged_input_bytes": 241803008,
        "applicable": false,
        "reason": "staging 1824 B/warp is below this column's largest batch (2048 B + 15 shift)"
      },
      {
        "kernel": "onpair_ds_k4_t128_b8_s10",
        "role": "experimental",
        "stage_bytes": 10,
        "chunk_size": 128,
        "decode_ms": 0.0,
        "decode_gib_s": 0.0,
        "chunk_tokens": 128,
        "block_threads": 128,
        "staged_input_bytes": 241803008,
        "applicable": false,
        "reason": "staging 1312 B/warp is below this column's largest batch (2048 B + 15 shift)"
      },
      {
        "kernel": "onpair_ds_k4_t128_b8_s12",
        "role": "experimental",
        "stage_bytes": 12,
        "chunk_size": 128,
        "decode_ms": 0.0,
        "decode_gib_s": 0.0,
        "chunk_tokens": 128,
        "block_threads": 128,
        "staged_input_bytes": 241803008,
        "applicable": false,
        "reason": "staging 1568 B/warp is below this column's largest batch (2048 B + 15 shift)"
      },
      {
        "kernel": "onpair_ds_k4_t128_b8_s14",
        "role": "experimental",
        "stage_bytes": 14,
        "chunk_size": 128,
        "decode_ms": 0.0,
        "decode_gib_s": 0.0,
        "chunk_tokens": 128,
        "block_threads": 128,
        "staged_input_bytes": 241803008,
        "applicable": false,
        "reason": "staging 1824 B/warp is below this column's largest batch (2048 B + 15 shift)"
      },
      {
        "kernel": "onpair_ds_k4_t256_b2_s10",
        "role": "experimental",
        "stage_bytes": 10,
        "chunk_size": 128,
        "decode_ms": 0.0,
        "decode_gib_s": 0.0,
        "chunk_tokens": 128,
        "block_threads": 256,
        "staged_input_bytes": 241803008,
        "applicable": false,
        "reason": "staging 1312 B/warp is below this column's largest batch (2048 B + 15 shift)"
      },
      {
        "kernel": "onpair_ds_k4_t256_b2_s12",
        "role": "experimental",
        "stage_bytes": 12,
        "chunk_size": 128,
        "decode_ms": 0.0,
        "decode_gib_s": 0.0,
        "chunk_tokens": 128,
        "block_threads": 256,
        "staged_input_bytes": 241803008,
        "applicable": false,
        "reason": "staging 1568 B/warp is below this column's largest batch (2048 B + 15 shift)"
      },
      {
        "kernel": "onpair_ds_k4_t256_b2_s14",
        "role": "experimental",
        "stage_bytes": 14,
        "chunk_size": 128,
        "decode_ms": 0.0,
        "decode_gib_s": 0.0,
        "chunk_tokens": 128,
        "block_threads": 256,
        "staged_input_bytes": 241803008,
        "applicable": false,
        "reason": "staging 1824 B/warp is below this column's largest batch (2048 B + 15 shift)"
      },
      {
        "kernel": "onpair_ds_k4_t256_b4_s10",
        "role": "experimental",
        "stage_bytes": 10,
        "chunk_size": 128,
        "decode_ms": 0.0,
        "decode_gib_s": 0.0,
        "chunk_tokens": 128,
        "block_threads": 256,
        "staged_input_bytes": 241803008,
        "applicable": false,
        "reason": "staging 1312 B/warp is below this column's largest batch (2048 B + 15 shift)"
      },
      {
        "kernel": "onpair_ds_k4_t256_b4_s12",
        "role": "experimental",
        "stage_bytes": 12,
        "chunk_size": 128,
        "decode_ms": 0.0,
        "decode_gib_s": 0.0,
        "chunk_tokens": 128,
        "block_threads": 256,
        "staged_input_bytes": 241803008,
        "applicable": false,
        "reason": "staging 1568 B/warp is below this column's largest batch (2048 B + 15 shift)"
      },
      {
        "kernel": "onpair_ds_k4_t256_b4_s14",
        "role": "experimental",
        "stage_bytes": 14,
        "chunk_size": 128,
        "decode_ms": 0.0,
        "decode_gib_s": 0.0,
        "chunk_tokens": 128,
        "block_threads": 256,
        "staged_input_bytes": 241803008,
        "applicable": false,
        "reason": "staging 1824 B/warp is below this column's largest batch (2048 B + 15 shift)"
      },
      {
        "kernel": "onpair_ds_k4_t256_b8_s10",
        "role": "experimental",
        "stage_bytes": 10,
        "chunk_size": 128,
        "decode_ms": 0.0,
        "decode_gib_s": 0.0,
        "chunk_tokens": 128,
        "block_threads": 256,
        "staged_input_bytes": 241803008,
        "applicable": false,
        "reason": "staging 1312 B/warp is below this column's largest batch (2048 B + 15 shift)"
      },
      {
        "kernel": "onpair_ds_k4_t256_b8_s12",
        "role": "experimental",
        "stage_bytes": 12,
        "chunk_size": 128,
        "decode_ms": 0.0,
        "decode_gib_s": 0.0,
        "chunk_tokens": 128,
        "block_threads": 256,
        "staged_input_bytes": 241803008,
        "applicable": false,
        "reason": "staging 1568 B/warp is below this column's largest batch (2048 B + 15 shift)"
      },
      {
        "kernel": "onpair_ds_k4_t256_b8_s14",
        "role": "experimental",
        "stage_bytes": 14,
        "chunk_size": 128,
        "decode_ms": 0.0,
        "decode_gib_s": 0.0,
        "chunk_tokens": 128,
        "block_threads": 256,
        "staged_input_bytes": 241803008,
        "applicable": false,
        "reason": "staging 1824 B/warp is below this column's largest batch (2048 B + 15 shift)"
      },
      {
        "kernel": "onpair_ds_k6_t128_b2_s10",
        "role": "experimental",
        "stage_bytes": 10,
        "chunk_size": 192,
        "decode_ms": 0.0,
        "decode_gib_s": 0.0,
        "chunk_tokens": 192,
        "block_threads": 128,
        "staged_input_bytes": 239371472,
        "applicable": false,
        "reason": "staging 1952 B/warp is below this column's largest batch (3072 B + 15 shift)"
      },
      {
        "kernel": "onpair_ds_k6_t128_b2_s12",
        "role": "experimental",
        "stage_bytes": 12,
        "chunk_size": 192,
        "decode_ms": 0.0,
        "decode_gib_s": 0.0,
        "chunk_tokens": 192,
        "block_threads": 128,
        "staged_input_bytes": 239371472,
        "applicable": false,
        "reason": "staging 2336 B/warp is below this column's largest batch (3072 B + 15 shift)"
      },
      {
        "kernel": "onpair_ds_k6_t128_b2_s14",
        "role": "experimental",
        "stage_bytes": 14,
        "chunk_size": 192,
        "decode_ms": 0.0,
        "decode_gib_s": 0.0,
        "chunk_tokens": 192,
        "block_threads": 128,
        "staged_input_bytes": 239371472,
        "applicable": false,
        "reason": "staging 2720 B/warp is below this column's largest batch (3072 B + 15 shift)"
      },
      {
        "kernel": "onpair_ds_k6_t128_b4_s10",
        "role": "experimental",
        "stage_bytes": 10,
        "chunk_size": 192,
        "decode_ms": 0.0,
        "decode_gib_s": 0.0,
        "chunk_tokens": 192,
        "block_threads": 128,
        "staged_input_bytes": 239371472,
        "applicable": false,
        "reason": "staging 1952 B/warp is below this column's largest batch (3072 B + 15 shift)"
      },
      {
        "kernel": "onpair_ds_k6_t128_b4_s12",
        "role": "experimental",
        "stage_bytes": 12,
        "chunk_size": 192,
        "decode_ms": 0.0,
        "decode_gib_s": 0.0,
        "chunk_tokens": 192,
        "block_threads": 128,
        "staged_input_bytes": 239371472,
        "applicable": false,
        "reason": "staging 2336 B/warp is below this column's largest batch (3072 B + 15 shift)"
      },
      {
        "kernel": "onpair_ds_k6_t128_b4_s14",
        "role": "experimental",
        "stage_bytes": 14,
        "chunk_size": 192,
        "decode_ms": 0.0,
        "decode_gib_s": 0.0,
        "chunk_tokens": 192,
        "block_threads": 128,
        "staged_input_bytes": 239371472,
        "applicable": false,
        "reason": "staging 2720 B/warp is below this column's largest batch (3072 B + 15 shift)"
      },
      {
        "kernel": "onpair_ds_k6_t128_b8_s10",
        "role": "experimental",
        "stage_bytes": 10,
        "chunk_size": 192,
        "decode_ms": 0.0,
        "decode_gib_s": 0.0,
        "chunk_tokens": 192,
        "block_threads": 128,
        "staged_input_bytes": 239371472,
        "applicable": false,
        "reason": "staging 1952 B/warp is below this column's largest batch (3072 B + 15 shift)"
      },
      {
        "kernel": "onpair_ds_k6_t128_b8_s12",
        "role": "experimental",
        "stage_bytes": 12,
        "chunk_size": 192,
        "decode_ms": 0.0,
        "decode_gib_s": 0.0,
        "chunk_tokens": 192,
        "block_threads": 128,
        "staged_input_bytes": 239371472,
        "applicable": false,
        "reason": "staging 2336 B/warp is below this column's largest batch (3072 B + 15 shift)"
      },
      {
        "kernel": "onpair_ds_k6_t128_b8_s14",
        "role": "experimental",
        "stage_bytes": 14,
        "chunk_size": 192,
        "decode_ms": 0.0,
        "decode_gib_s": 0.0,
        "chunk_tokens": 192,
        "block_threads": 128,
        "staged_input_bytes": 239371472,
        "applicable": false,
        "reason": "staging 2720 B/warp is below this column's largest batch (3072 B + 15 shift)"
      },
      {
        "kernel": "onpair_ds_k6_t256_b2_s10",
        "role": "experimental",
        "stage_bytes": 10,
        "chunk_size": 192,
        "decode_ms": 0.0,
        "decode_gib_s": 0.0,
        "chunk_tokens": 192,
        "block_threads": 256,
        "staged_input_bytes": 239371472,
        "applicable": false,
        "reason": "staging 1952 B/warp is below this column's largest batch (3072 B + 15 shift)"
      },
      {
        "kernel": "onpair_ds_k6_t256_b2_s12",
        "role": "experimental",
        "stage_bytes": 12,
        "chunk_size": 192,
        "decode_ms": 0.0,
        "decode_gib_s": 0.0,
        "chunk_tokens": 192,
        "block_threads": 256,
        "staged_input_bytes": 239371472,
        "applicable": false,
        "reason": "staging 2336 B/warp is below this column's largest batch (3072 B + 15 shift)"
      },
      {
        "kernel": "onpair_ds_k6_t256_b2_s14",
        "role": "experimental",
        "stage_bytes": 14,
        "chunk_size": 192,
        "decode_ms": 0.0,
        "decode_gib_s": 0.0,
        "chunk_tokens": 192,
        "block_threads": 256,
        "staged_input_bytes": 239371472,
        "applicable": false,
        "reason": "staging 2720 B/warp is below this column's largest batch (3072 B + 15 shift)"
      },
      {
        "kernel": "onpair_ds_k6_t256_b4_s10",
        "role": "experimental",
        "stage_bytes": 10,
        "chunk_size": 192,
        "decode_ms": 0.0,
        "decode_gib_s": 0.0,
        "chunk_tokens": 192,
        "block_threads": 256,
        "staged_input_bytes": 239371472,
        "applicable": false,
        "reason": "staging 1952 B/warp is below this column's largest batch (3072 B + 15 shift)"
      },
      {
        "kernel": "onpair_ds_k6_t256_b4_s12",
        "role": "experimental",
        "stage_bytes": 12,
        "chunk_size": 192,
        "decode_ms": 0.0,
        "decode_gib_s": 0.0,
        "chunk_tokens": 192,
        "block_threads": 256,
        "staged_input_bytes": 239371472,
        "applicable": false,
        "reason": "staging 2336 B/warp is below this column's largest batch (3072 B + 15 shift)"
      },
      {
        "kernel": "onpair_ds_k6_t256_b4_s14",
        "role": "experimental",
        "stage_bytes": 14,
        "chunk_size": 192,
        "decode_ms": 0.0,
        "decode_gib_s": 0.0,
        "chunk_tokens": 192,
        "block_threads": 256,
        "staged_input_bytes": 239371472,
        "applicable": false,
        "reason": "staging 2720 B/warp is below this column's largest batch (3072 B + 15 shift)"
      },
      {
        "kernel": "onpair_ds_k6_t256_b8_s10",
        "role": "experimental",
        "stage_bytes": 10,
        "chunk_size": 192,
        "decode_ms": 0.0,
        "decode_gib_s": 0.0,
        "chunk_tokens": 192,
        "block_threads": 256,
        "staged_input_bytes": 239371472,
        "applicable": false,
        "reason": "staging 1952 B/warp is below this column's largest batch (3072 B + 15 shift)"
      },
      {
        "kernel": "onpair_ds_k6_t256_b8_s12",
        "role": "experimental",
        "stage_bytes": 12,
        "chunk_size": 192,
        "decode_ms": 0.0,
        "decode_gib_s": 0.0,
        "chunk_tokens": 192,
        "block_threads": 256,
        "staged_input_bytes": 239371472,
        "applicable": false,
        "reason": "staging 2336 B/warp is below this column's largest batch (3072 B + 15 shift)"
      },
      {
        "kernel": "onpair_ds_k6_t256_b8_s14",
        "role": "experimental",
        "stage_bytes": 14,
        "chunk_size": 192,
        "decode_ms": 0.0,
        "decode_gib_s": 0.0,
        "chunk_tokens": 192,
        "block_threads": 256,
        "staged_input_bytes": 239371472,
        "applicable": false,
        "reason": "staging 2720 B/warp is below this column's largest batch (3072 B + 15 shift)"
      },
      {
        "kernel": "onpair_ds_k8_t128_b2_s10",
        "role": "experimental",
        "stage_bytes": 10,
        "chunk_size": 256,
        "decode_ms": 0.0,
        "decode_gib_s": 0.0,
        "chunk_tokens": 256,
        "block_threads": 128,
        "staged_input_bytes": 238155712,
        "applicable": false,
        "reason": "staging 2592 B/warp is below this column's largest batch (4096 B + 15 shift)"
      },
      {
        "kernel": "onpair_ds_k8_t128_b2_s12",
        "role": "experimental",
        "stage_bytes": 12,
        "chunk_size": 256,
        "decode_ms": 0.0,
        "decode_gib_s": 0.0,
        "chunk_tokens": 256,
        "block_threads": 128,
        "staged_input_bytes": 238155712,
        "applicable": false,
        "reason": "staging 3104 B/warp is below this column's largest batch (4096 B + 15 shift)"
      },
      {
        "kernel": "onpair_ds_k8_t128_b2_s14",
        "role": "experimental",
        "stage_bytes": 14,
        "chunk_size": 256,
        "decode_ms": 0.0,
        "decode_gib_s": 0.0,
        "chunk_tokens": 256,
        "block_threads": 128,
        "staged_input_bytes": 238155712,
        "applicable": false,
        "reason": "staging 3616 B/warp is below this column's largest batch (4096 B + 15 shift)"
      },
      {
        "kernel": "onpair_ds_k8_t128_b4_s10",
        "role": "experimental",
        "stage_bytes": 10,
        "chunk_size": 256,
        "decode_ms": 0.0,
        "decode_gib_s": 0.0,
        "chunk_tokens": 256,
        "block_threads": 128,
        "staged_input_bytes": 238155712,
        "applicable": false,
        "reason": "staging 2592 B/warp is below this column's largest batch (4096 B + 15 shift)"
      },
      {
        "kernel": "onpair_ds_k8_t128_b4_s12",
        "role": "experimental",
        "stage_bytes": 12,
        "chunk_size": 256,
        "decode_ms": 0.0,
        "decode_gib_s": 0.0,
        "chunk_tokens": 256,
        "block_threads": 128,
        "staged_input_bytes": 238155712,
        "applicable": false,
        "reason": "staging 3104 B/warp is below this column's largest batch (4096 B + 15 shift)"
      },
      {
        "kernel": "onpair_ds_k8_t128_b4_s14",
        "role": "experimental",
        "stage_bytes": 14,
        "chunk_size": 256,
        "decode_ms": 0.0,
        "decode_gib_s": 0.0,
        "chunk_tokens": 256,
        "block_threads": 128,
        "staged_input_bytes": 238155712,
        "applicable": false,
        "reason": "staging 3616 B/warp is below this column's largest batch (4096 B + 15 shift)"
      },
      {
        "kernel": "onpair_ds_k8_t128_b8_s10",
        "role": "experimental",
        "stage_bytes": 10,
        "chunk_size": 256,
        "decode_ms": 0.0,
        "decode_gib_s": 0.0,
        "chunk_tokens": 256,
        "block_threads": 128,
        "staged_input_bytes": 238155712,
        "applicable": false,
        "reason": "staging 2592 B/warp is below this column's largest batch (4096 B + 15 shift)"
      },
      {
        "kernel": "onpair_ds_k8_t128_b8_s12",
        "role": "experimental",
        "stage_bytes": 12,
        "chunk_size": 256,
        "decode_ms": 0.0,
        "decode_gib_s": 0.0,
        "chunk_tokens": 256,
        "block_threads": 128,
        "staged_input_bytes": 238155712,
        "applicable": false,
        "reason": "staging 3104 B/warp is below this column's largest batch (4096 B + 15 shift)"
      },
      {
        "kernel": "onpair_ds_k8_t128_b8_s14",
        "role": "experimental",
        "stage_bytes": 14,
        "chunk_size": 256,
        "decode_ms": 0.0,
        "decode_gib_s": 0.0,
        "chunk_tokens": 256,
        "block_threads": 128,
        "staged_input_bytes": 238155712,
        "applicable": false,
        "reason": "staging 3616 B/warp is below this column's largest batch (4096 B + 15 shift)"
      },
      {
        "kernel": "onpair_ds_k8_t256_b2_s10",
        "role": "experimental",
        "stage_bytes": 10,
        "chunk_size": 256,
        "decode_ms": 0.0,
        "decode_gib_s": 0.0,
        "chunk_tokens": 256,
        "block_threads": 256,
        "staged_input_bytes": 238155712,
        "applicable": false,
        "reason": "staging 2592 B/warp is below this column's largest batch (4096 B + 15 shift)"
      },
      {
        "kernel": "onpair_ds_k8_t256_b2_s12",
        "role": "experimental",
        "stage_bytes": 12,
        "chunk_size": 256,
        "decode_ms": 0.0,
        "decode_gib_s": 0.0,
        "chunk_tokens": 256,
        "block_threads": 256,
        "staged_input_bytes": 238155712,
        "applicable": false,
        "reason": "staging 3104 B/warp is below this column's largest batch (4096 B + 15 shift)"
      },
      {
        "kernel": "onpair_ds_k8_t256_b2_s14",
        "role": "experimental",
        "stage_bytes": 14,
        "chunk_size": 256,
        "decode_ms": 0.0,
        "decode_gib_s": 0.0,
        "chunk_tokens": 256,
        "block_threads": 256,
        "staged_input_bytes": 238155712,
        "applicable": false,
        "reason": "staging 3616 B/warp is below this column's largest batch (4096 B + 15 shift)"
      },
      {
        "kernel": "onpair_ds_k8_t256_b4_s10",
        "role": "experimental",
        "stage_bytes": 10,
        "chunk_size": 256,
        "decode_ms": 0.0,
        "decode_gib_s": 0.0,
        "chunk_tokens": 256,
        "block_threads": 256,
        "staged_input_bytes": 238155712,
        "applicable": false,
        "reason": "staging 2592 B/warp is below this column's largest batch (4096 B + 15 shift)"
      },
      {
        "kernel": "onpair_ds_k8_t256_b4_s12",
        "role": "experimental",
        "stage_bytes": 12,
        "chunk_size": 256,
        "decode_ms": 0.0,
        "decode_gib_s": 0.0,
        "chunk_tokens": 256,
        "block_threads": 256,
        "staged_input_bytes": 238155712,
        "applicable": false,
        "reason": "staging 3104 B/warp is below this column's largest batch (4096 B + 15 shift)"
      },
      {
        "kernel": "onpair_ds_k8_t256_b4_s14",
        "role": "experimental",
        "stage_bytes": 14,
        "chunk_size": 256,
        "decode_ms": 0.0,
        "decode_gib_s": 0.0,
        "chunk_tokens": 256,
        "block_threads": 256,
        "staged_input_bytes": 238155712,
        "applicable": false,
        "reason": "staging 3616 B/warp is below this column's largest batch (4096 B + 15 shift)"
      },
      {
        "kernel": "onpair_ds_k8_t256_b8_s10",
        "role": "experimental",
        "stage_bytes": 10,
        "chunk_size": 256,
        "decode_ms": 0.0,
        "decode_gib_s": 0.0,
        "chunk_tokens": 256,
        "block_threads": 256,
        "staged_input_bytes": 238155712,
        "applicable": false,
        "reason": "staging 2592 B/warp is below this column's largest batch (4096 B + 15 shift)"
      },
      {
        "kernel": "onpair_ds_k8_t256_b8_s12",
        "role": "experimental",
        "stage_bytes": 12,
        "chunk_size": 256,
        "decode_ms": 0.0,
        "decode_gib_s": 0.0,
        "chunk_tokens": 256,
        "block_threads": 256,
        "staged_input_bytes": 238155712,
        "applicable": false,
        "reason": "staging 3104 B/warp is below this column's largest batch (4096 B + 15 shift)"
      },
      {
        "kernel": "onpair_ds_k8_t256_b8_s14",
        "role": "experimental",
        "stage_bytes": 14,
        "chunk_size": 256,
        "decode_ms": 0.0,
        "decode_gib_s": 0.0,
        "chunk_tokens": 256,
        "block_threads": 256,
        "staged_input_bytes": 238155712,
        "applicable": false,
        "reason": "staging 3616 B/warp is below this column's largest batch (4096 B + 15 shift)"
      }
    ]
  }
}
==PROF== Disconnected from process 30985
==PROF== Report: /home/ubuntu/work/ncu_costsurface_clickbench_URL_b16.ncu-rep
