==PROF== Connected to process 27233 (/home/ubuntu/work/target/release/onpair-chunk-bench)
2026-08-24T05:27:00.575945Z  INFO vortex_cuda: vortex-cuda/src/lib.rs:111: Registering CUDA kernels
==PROF== Profiling "onpair_decompress_6tpt": 0%....50%....100% - 40 passes
==PROF== Profiling "onpair_decompress_6tpt": 0%....50%....100% - 40 passes
==PROF== Profiling "onpair_decompress_6tpt": 0%....50%....100% - 40 passes
==PROF== Profiling "onpair_decompress_6tpt": 0%....50%....100% - 40 passes
==PROF== Profiling "onpair_decompress_6tpt": 0%....50%....100% - 40 passes
==PROF== Profiling "onpair_decompress_6tpt": 0%....50%....100% - 40 passes
==PROF== Profiling "onpair_decompress_6tpt": 0%....50%....100% - 40 passes
==PROF== Profiling "onpair_decompress_6tpt": 0%....50%....100% - 40 passes
==PROF== Profiling "onpair_decompress_6tpt": 0%....50%....100% - 40 passes
==PROF== Profiling "onpair_decompress_6tpt": 0%....50%....100% - 40 passes
==PROF== Profiling "onpair_decompress_6tpt": 0%....50%....100% - 40 passes
==PROF== Profiling "onpair_decompress_6tpt": 0%....50%....100% - 40 passes
==PROF== Profiling "onpair_decompress_6tpt": 0%....50%....100% - 40 passes
==PROF== Profiling "onpair_decompress_6tpt": 0%....50%....100% - 40 passes
==PROF== Profiling "onpair_decompress_6tpt": 0%....50%....100% - 40 passes
==PROF== Profiling "onpair_decompress_6tpt": 0%....50%....100% - 40 passes
{
  "files": [
    "/home/ubuntu/work/vortex-bench/data/onpair-bench/clickbench/URL/bits12_chunk1000mb_thr0.20_seed20260819/part_0000.vortex"
  ],
  "column": "URL",
  "rows": 12254692,
  "in_memory_bytes": 346039324,
  "dict_bytes": 21315,
  "gpu": {
    "iterations": 30,
    "decoded_bytes": 999999995,
    "chunks": 1,
    "total_tokens": 213263632,
    "auto_kernel": "onpair_decompress_6tpt",
    "frac_le8": 0.8120539,
    "dict_mean_len": 4.689032,
    "dict_max_len": 16,
    "dict_entries_max": 4096,
    "small_dict": true,
    "distinct_codes": 4012,
    "access_top4096_frac": 1.0,
    "compressed_bytes": 426552691,
    "h2d_gib_s": 23.977882800904446,
    "whole_decompress_gib_s": 51.88659300744207,
    "best_kernel": "onpair_decompress_5tpt",
    "auto_decode_ms": 1.381504,
    "best_decode_ms": 1.34576,
    "validated": false,
    "auto_decode_gib_s": 674.1367161867541,
    "best_decode_gib_s": 692.0420951424218,
    "kernels": [
      {
        "kernel": "onpair_shmem_2tpt",
        "role": "production",
        "stage_bytes": null,
        "chunk_size": 64,
        "decode_ms": 2.051712,
        "decode_gib_s": 453.92461025663715,
        "decode_ns_iters": [
          2056640,
          2056192,
          2054016,
          2056608,
          2055296,
          2055296,
          2053536,
          2053664,
          2053920,
          2054688,
          2056032,
          2054432,
          2055360,
          2051712,
          2051968,
          2054272,
          2052032,
          2052448,
          2051776,
          2054240,
          2053760,
          2052128,
          2052704,
          2052064,
          2052800,
          2052352,
          2054080,
          2054240,
          2055104,
          2053344
        ],
        "chunk_tokens": 64,
        "block_threads": 512,
        "staged_input_bytes": 453254880,
        "applicable": true
      },
      {
        "kernel": "onpair_shmem_4tpt",
        "role": "production",
        "stage_bytes": null,
        "chunk_size": 128,
        "decode_ms": 1.925568,
        "decode_gib_s": 483.6612209794023,
        "decode_ns_iters": [
          1929472,
          1926400,
          1926176,
          1925568,
          1928128,
          1931104,
          1928000,
          1928480,
          1930112,
          1928224,
          1928448,
          1928160,
          1928448,
          1928096,
          1927872,
          1929792,
          1930112,
          1929312,
          1928448,
          1927904,
          1928160,
          1926944,
          1926432,
          1929152,
          1929472,
          1928960,
          1926432,
          1928608,
          1927392,
          1929088
        ],
        "chunk_tokens": 128,
        "block_threads": 512,
        "staged_input_bytes": 439925904,
        "applicable": true
      },
      {
        "kernel": "onpair_shmem_4tpt_b128",
        "role": "production",
        "stage_bytes": null,
        "chunk_size": 128,
        "decode_ms": 2.151712,
        "decode_gib_s": 432.8286359693425,
        "decode_ns_iters": [
          2156544,
          2154272,
          2155488,
          2156160,
          2153504,
          2153344,
          2154784,
          2154752,
          2154848,
          2158208,
          2155360,
          2153024,
          2153344,
          2153184,
          2155264,
          2153216,
          2153056,
          2154624,
          2158752,
          2151712,
          2152800,
          2155264,
          2153184,
          2154336,
          2166688,
          2167712,
          2163872,
          2166944,
          2165728,
          2164448
        ],
        "chunk_tokens": 128,
        "block_threads": 128,
        "staged_input_bytes": 439925904,
        "applicable": true
      },
      {
        "kernel": "onpair_shmem_4tpt_b128o12",
        "role": "production",
        "stage_bytes": null,
        "chunk_size": 128,
        "decode_ms": 2.162464,
        "decode_gib_s": 430.67656615733983,
        "decode_ns_iters": [
          2166816,
          2165632,
          2163392,
          2164480,
          2167136,
          2165696,
          2162464,
          2164640,
          2163808,
          2164416,
          2169312,
          2165824,
          2164096,
          2166176,
          2163776,
          2164704,
          2166176,
          2167296,
          2180448,
          2165632,
          2178624,
          2175968,
          2176128,
          2176064,
          2176416,
          2173856,
          2175904,
          2176480,
          2178688,
          2177248
        ],
        "chunk_tokens": 128,
        "block_threads": 128,
        "staged_input_bytes": 439925904,
        "applicable": true
      },
      {
        "kernel": "onpair_decompress_1tpt",
        "role": "production",
        "stage_bytes": null,
        "chunk_size": 32,
        "decode_ms": 2.039776,
        "decode_gib_s": 456.5808059114657,
        "decode_ns_iters": [
          2096512,
          2094720,
          2104640,
          2101856,
          2099232,
          2101792,
          2096800,
          2096256,
          2094976,
          2095680,
          2095776,
          2092928,
          2087488,
          2042048,
          2045376,
          2041408,
          2044096,
          2043936,
          2041920,
          2040576,
          2042880,
          2045792,
          2042624,
          2042272,
          2043328,
          2039776,
          2044320,
          2046720,
          2041952,
          2043744
        ],
        "chunk_tokens": 32,
        "block_threads": 256,
        "staged_input_bytes": 479910800,
        "comparison": "tpt-matched",
        "abi_family": "packed",
        "launch_bounds_max_threads": 256,
        "launch_bounds_min_blocks": 4,
        "applicable": true
      },
      {
        "kernel": "onpair_decompress_2tpt",
        "role": "production",
        "stage_bytes": null,
        "chunk_size": 64,
        "decode_ms": 1.52032,
        "decode_gib_s": 612.5832521830047,
        "decode_ns_iters": [
          1527456,
          1520320,
          1527168,
          1525440,
          1528224,
          1531296,
          1524864,
          1523488,
          1527488,
          1524160,
          1524480,
          1525088,
          1522944,
          1523584,
          1524512,
          1525984,
          1524448,
          1525024,
          1523360,
          1525824,
          1526848,
          1524672,
          1525440,
          1523104,
          1527680,
          1529120,
          1522112,
          1524608,
          1522176,
          1526208
        ],
        "chunk_tokens": 64,
        "block_threads": 256,
        "staged_input_bytes": 453252848,
        "comparison": "tpt-matched",
        "abi_family": "packed",
        "launch_bounds_max_threads": 256,
        "launch_bounds_min_blocks": 4,
        "applicable": true
      },
      {
        "kernel": "onpair_decompress_3tpt",
        "role": "production",
        "stage_bytes": null,
        "chunk_size": 96,
        "decode_ms": 1.420672,
        "decode_gib_s": 655.550732300535,
        "decode_ns_iters": [
          1423136,
          1423616,
          1422656,
          1422112,
          1420736,
          1422176,
          1422048,
          1421600,
          1423072,
          1424864,
          1421920,
          1422720,
          1425408,
          1422784,
          1424288,
          1420736,
          1422304,
          1422368,
          1422464,
          1422368,
          1422336,
          1421344,
          1420672,
          1423648,
          1429632,
          1423872,
          1429152,
          1422528,
          1428960,
          1422528
        ],
        "chunk_tokens": 96,
        "block_threads": 256,
        "staged_input_bytes": 444366864,
        "comparison": "tpt-matched",
        "abi_family": "packed",
        "launch_bounds_max_threads": 256,
        "launch_bounds_min_blocks": 4,
        "applicable": true
      },
      {
        "kernel": "onpair_decompress",
        "role": "production",
        "stage_bytes": null,
        "chunk_size": 128,
        "decode_ms": 1.383008,
        "decode_gib_s": 673.4036028416796,
        "decode_ns_iters": [
          1385280,
          1386528,
          1383424,
          1384224,
          1390688,
          1384192,
          1383424,
          1387200,
          1386688,
          1383904,
          1383008,
          1385152,
          1383296,
          1387648,
          1385280,
          1386368,
          1385440,
          1385984,
          1384640,
          1384000,
          1384928,
          1385088,
          1392032,
          1384352,
          1384544,
          1383616,
          1384224,
          1386496,
          1384992,
          1383936
        ],
        "chunk_tokens": 128,
        "block_threads": 256,
        "staged_input_bytes": 439923872,
        "comparison": "tpt-matched",
        "abi_family": "packed",
        "launch_bounds_max_threads": 256,
        "launch_bounds_min_blocks": 4,
        "applicable": true
      },
      {
        "kernel": "onpair_decompress_5tpt",
        "role": "production",
        "stage_bytes": null,
        "chunk_size": 160,
        "decode_ms": 1.34576,
        "decode_gib_s": 692.0420951424218,
        "decode_ns_iters": [
          1350208,
          1349952,
          1347744,
          1348352,
          1347552,
          1346688,
          1349728,
          1347616,
          1359520,
          1348640,
          1350528,
          1348160,
          1345760,
          1347424,
          1346848,
          1348800,
          1350112,
          1350368,
          1349600,
          1350400,
          1347968,
          1347936,
          1347072,
          1349760,
          1349696,
          1347072,
          1348672,
          1347616,
          1348096,
          1348160
        ],
        "chunk_tokens": 160,
        "block_threads": 256,
        "staged_input_bytes": 437258072,
        "comparison": "tpt-matched",
        "abi_family": "packed",
        "launch_bounds_max_threads": 256,
        "launch_bounds_min_blocks": 4,
        "applicable": true
      },
      {
        "kernel": "onpair_decompress_6tpt",
        "role": "production",
        "stage_bytes": null,
        "chunk_size": 192,
        "decode_ms": 1.381504,
        "decode_gib_s": 674.1367161867541,
        "decode_ns_iters": [
          2457354307,
          2468508005,
          2456100225,
          2461217880,
          2457237244,
          2460610867,
          2461894035,
          2461374283,
          2468752384,
          2463642359,
          2457990170,
          2462777853,
          2460459948,
          2464541197,
          1440768,
          1381504,
          1388352,
          1388800,
          1387712,
          1387744,
          1387072,
          1395456,
          1387488,
          1385696,
          1385504,
          1387616,
          1384800,
          1384288,
          1385760,
          1383488
        ],
        "chunk_tokens": 192,
        "block_threads": 256,
        "staged_input_bytes": 435480880,
        "comparison": "tpt-matched",
        "abi_family": "packed",
        "launch_bounds_max_threads": 256,
        "launch_bounds_min_blocks": 4,
        "applicable": true
      },
      {
        "kernel": "onpair_decompress_7tpt",
        "role": "production",
        "stage_bytes": null,
        "chunk_size": 224,
        "decode_ms": 1.364416,
        "decode_gib_s": 682.5796311087422,
        "decode_ns_iters": [
          1375264,
          1382176,
          1372480,
          1372384,
          1377024,
          1377696,
          1372000,
          1376192,
          1381728,
          1377632,
          1378336,
          1376160,
          1370656,
          1377568,
          1377888,
          1376704,
          1376576,
          1377120,
          1377600,
          1378688,
          1377248,
          1384192,
          1373120,
          1375264,
          1371936,
          1375744,
          1371456,
          1376192,
          1364448,
          1364416
        ],
        "chunk_tokens": 224,
        "block_threads": 256,
        "staged_input_bytes": 434211448,
        "comparison": "tpt-matched",
        "abi_family": "packed",
        "launch_bounds_max_threads": 256,
        "launch_bounds_min_blocks": 4,
        "applicable": true
      },
      {
        "kernel": "onpair_decompress_8tpt",
        "role": "production",
        "stage_bytes": null,
        "chunk_size": 256,
        "decode_ms": 1.601344,
        "decode_gib_s": 581.5880722436063,
        "decode_ns_iters": [
          1622112,
          1612096,
          1613280,
          1613696,
          1611008,
          1615744,
          1617664,
          1616096,
          1620288,
          1627552,
          1617568,
          1615648,
          1613408,
          1608448,
          1608096,
          1601344,
          1603168,
          1601408,
          1604288,
          1605312,
          1605632,
          1606496,
          1603456,
          1601984,
          1609536,
          1605728,
          1607968,
          1601824,
          1604128,
          1605312
        ],
        "chunk_tokens": 256,
        "block_threads": 256,
        "staged_input_bytes": 433259384,
        "comparison": "tpt-matched",
        "abi_family": "packed",
        "launch_bounds_max_threads": 256,
        "launch_bounds_min_blocks": 4,
        "applicable": true
      },
      {
        "kernel": "onpair_shmem_4tpt_split8read",
        "role": "production",
        "stage_bytes": null,
        "chunk_size": 128,
        "decode_ms": 1.782496,
        "decode_gib_s": 522.4822776370132,
        "decode_ns_iters": [
          1785984,
          1782496,
          1783040,
          1783776,
          1790208,
          1792608,
          1797120,
          1796480,
          1795744,
          1802880,
          1796064,
          1799264,
          1797664,
          1799808,
          1798048,
          1801472,
          1799872,
          1797728,
          1795680,
          1796000,
          1794368,
          1799328,
          1799424,
          1797824,
          1792672,
          1794464,
          1797568,
          1794016,
          1794080,
          1792672
        ],
        "chunk_tokens": 128,
        "block_threads": 512,
        "staged_input_bytes": 439958688,
        "applicable": true
      },
      {
        "kernel": "onpair_shmem_8tpt",
        "role": "production",
        "stage_bytes": null,
        "chunk_size": 256,
        "decode_ms": 1.988192,
        "decode_gib_s": 468.4268772627923,
        "decode_ns_iters": [
          1989056,
          1988512,
          1990720,
          1991968,
          1993408,
          1992544,
          1991776,
          1990240,
          1990784,
          1989120,
          1990912,
          1990688,
          1988192,
          1992448,
          1995328,
          1990240,
          1991872,
          1989312,
          1990144,
          1989056,
          1991616,
          1992032,
          1990624,
          1991904,
          1989760,
          1991136,
          1990272,
          1991648,
          1997824,
          1991200
        ],
        "chunk_tokens": 256,
        "block_threads": 256,
        "staged_input_bytes": 433261416,
        "applicable": true
      },
      {
        "kernel": "onpair_shmem_8tpt_b128",
        "role": "production",
        "stage_bytes": null,
        "chunk_size": 256,
        "decode_ms": 2.030784,
        "decode_gib_s": 458.6024756738607,
        "decode_ns_iters": [
          2031392,
          2031232,
          2032448,
          2031520,
          2031648,
          2031360,
          2030784,
          2032672,
          2032512,
          2031104,
          2034368,
          2041408,
          2031104,
          2031488,
          2031616,
          2031264,
          2033344,
          2032640,
          2032544,
          2032320,
          2032512,
          2030848,
          2032480,
          2032352,
          2032992,
          2031552,
          2032448,
          2032928,
          2033472,
          2032288
        ],
        "chunk_tokens": 256,
        "block_threads": 128,
        "staged_input_bytes": 433261416,
        "applicable": true
      },
      {
        "kernel": "onpair_shmem_s8_4tpt",
        "role": "production",
        "stage_bytes": null,
        "chunk_size": 128,
        "decode_ms": 0.0,
        "decode_gib_s": 0.0,
        "chunk_tokens": 128,
        "block_threads": 512,
        "staged_input_bytes": 439893136,
        "applicable": false,
        "reason": "dictionary entry longer than 8 bytes"
      },
      {
        "kernel": "onpair_shmem_s4l1_16tpt",
        "role": "production",
        "stage_bytes": null,
        "chunk_size": 512,
        "decode_ms": 0.0,
        "decode_gib_s": 0.0,
        "chunk_tokens": 512,
        "block_threads": 256,
        "staged_input_bytes": 429880016,
        "applicable": false,
        "reason": "dictionary entry longer than 4 bytes"
      },
      {
        "kernel": "onpair_shmem_const1",
        "role": "production",
        "stage_bytes": null,
        "chunk_size": 512,
        "decode_ms": 0.0,
        "decode_gib_s": 0.0,
        "chunk_tokens": 512,
        "block_threads": 512,
        "staged_input_bytes": 426531360,
        "applicable": false,
        "reason": "not every dictionary entry is exactly 1 byte"
      },
      {
        "kernel": "onpair_shmem_const2",
        "role": "production",
        "stage_bytes": null,
        "chunk_size": 256,
        "decode_ms": 0.0,
        "decode_gib_s": 0.0,
        "chunk_tokens": 256,
        "block_threads": 512,
        "staged_input_bytes": 426535456,
        "applicable": false,
        "reason": "not every dictionary entry is exactly 2 bytes"
      },
      {
        "kernel": "onpair_dg_k1_t64_b1",
        "role": "experimental",
        "stage_bytes": null,
        "chunk_size": 32,
        "decode_ms": 1.840544,
        "decode_gib_s": 506.00396945623993,
        "decode_ns_iters": [
          1909184,
          1902464,
          1907072,
          1901216,
          1907136,
          1902816,
          1907680,
          1905152,
          1907520,
          1904352,
          1903840,
          1902624,
          1900192,
          1902336,
          1906080,
          1900704,
          1899584,
          1867616,
          1842912,
          1843744,
          1853408,
          1842720,
          1843648,
          1844064,
          1842528,
          1844096,
          1840544,
          1844192,
          1843616,
          1842400
        ],
        "chunk_tokens": 32,
        "block_threads": 64,
        "staged_input_bytes": 479910800,
        "applicable": true
      },
      {
        "kernel": "onpair_dg_k1_t64_b2",
        "role": "experimental",
        "stage_bytes": null,
        "chunk_size": 32,
        "decode_ms": 1.836576,
        "decode_gib_s": 507.0972123989781,
        "decode_ns_iters": [
          1842304,
          1842048,
          1836576,
          1841824,
          1842208,
          1849632,
          1842560,
          1841376,
          1844480,
          1842208,
          1842560,
          1842976,
          1841440,
          1843648,
          1843456,
          1842784,
          1839584,
          1840288,
          1841792,
          1841824,
          1842560,
          1840736,
          1841472,
          1838368,
          1840096,
          1840768,
          1840096,
          1841472,
          1840256,
          1841440
        ],
        "chunk_tokens": 32,
        "block_threads": 64,
        "staged_input_bytes": 479910800,
        "applicable": true
      },
      {
        "kernel": "onpair_dg_k1_t64_b4",
        "role": "experimental",
        "stage_bytes": null,
        "chunk_size": 32,
        "decode_ms": 1.836512,
        "decode_gib_s": 507.11488406221446,
        "decode_ns_iters": [
          1844512,
          1843328,
          1840736,
          1844576,
          1842400,
          1842560,
          1842304,
          1838624,
          1840672,
          1842496,
          1840608,
          1843488,
          1841248,
          1840960,
          1841120,
          1841056,
          1838816,
          1840704,
          1836512,
          1840960,
          1842784,
          1844128,
          1844000,
          1842752,
          1840640,
          1838560,
          1842496,
          1840224,
          1840928,
          1839648
        ],
        "chunk_tokens": 32,
        "block_threads": 64,
        "staged_input_bytes": 479910800,
        "applicable": true
      },
      {
        "kernel": "onpair_dg_k1_t64_b6",
        "role": "experimental",
        "stage_bytes": null,
        "chunk_size": 32,
        "decode_ms": 1.838112,
        "decode_gib_s": 506.67346166004336,
        "decode_ns_iters": [
          1843648,
          1839008,
          1847904,
          1838528,
          1839008,
          1842112,
          1841568,
          1838976,
          1841344,
          1840896,
          1842016,
          1838880,
          1842880,
          1843552,
          1842144,
          1844768,
          1840800,
          1841984,
          1843584,
          1840736,
          1841344,
          1838112,
          1842400,
          1842080,
          1843776,
          1841248,
          1841536,
          1842912,
          1839040,
          1841536
        ],
        "chunk_tokens": 32,
        "block_threads": 64,
        "staged_input_bytes": 479910800,
        "applicable": true
      },
      {
        "kernel": "onpair_dg_k1_t64_b8",
        "role": "experimental",
        "stage_bytes": null,
        "chunk_size": 32,
        "decode_ms": 1.837568,
        "decode_gib_s": 506.82345902783766,
        "decode_ns_iters": [
          1846080,
          1840384,
          1840192,
          1843648,
          1842560,
          1843264,
          1842912,
          1837568,
          1842304,
          1841312,
          1838528,
          1840320,
          1838432,
          1850528,
          1838464,
          1843008,
          1842336,
          1840000,
          1840736,
          1842624,
          1842688,
          1840000,
          1838432,
          1840384,
          1840544,
          1841728,
          1841088,
          1842752,
          1842272,
          1840960
        ],
        "chunk_tokens": 32,
        "block_threads": 64,
        "staged_input_bytes": 479910800,
        "applicable": true
      },
      {
        "kernel": "onpair_dg_k1_t128_b1",
        "role": "experimental",
        "stage_bytes": null,
        "chunk_size": 32,
        "decode_ms": 2.18768,
        "decode_gib_s": 425.7124305012002,
        "decode_ns_iters": [
          2189984,
          2190080,
          2189664,
          2190240,
          2190912,
          2190304,
          2187680,
          2188512,
          2188672,
          2196864,
          2190976,
          2190336,
          2190464,
          2189696,
          2188544,
          2190336,
          2189984,
          2189632,
          2190080,
          2191328,
          2195744,
          2188256,
          2190432,
          2187776,
          2190208,
          2187936,
          2189856,
          2188704,
          2190464,
          2188416
        ],
        "chunk_tokens": 32,
        "block_threads": 128,
        "staged_input_bytes": 479910800,
        "applicable": true
      },
      {
        "kernel": "onpair_dg_k1_t128_b2",
        "role": "experimental",
        "stage_bytes": null,
        "chunk_size": 32,
        "decode_ms": 2.186432,
        "decode_gib_s": 425.95542416085465,
        "decode_ns_iters": [
          2188160,
          2190080,
          2187936,
          2187936,
          2189984,
          2191712,
          2188128,
          2190176,
          2188832,
          2196416,
          2190208,
          2188352,
          2190272,
          2190560,
          2191872,
          2190624,
          2192576,
          2189536,
          2189184,
          2188064,
          2194208,
          2190048,
          2190304,
          2188000,
          2190912,
          2188640,
          2186432,
          2188896,
          2188352,
          2189984
        ],
        "chunk_tokens": 32,
        "block_threads": 128,
        "staged_input_bytes": 479910800,
        "applicable": true
      },
      {
        "kernel": "onpair_dg_k1_t128_b4",
        "role": "experimental",
        "stage_bytes": null,
        "chunk_size": 32,
        "decode_ms": 2.18608,
        "decode_gib_s": 426.0240109963339,
        "decode_ns_iters": [
          2186080,
          2190688,
          2187552,
          2189152,
          2189280,
          2187872,
          2187872,
          2189664,
          2190656,
          2193920,
          2189472,
          2191424,
          2190848,
          2188000,
          2188192,
          2190048,
          2188928,
          2189376,
          2189376,
          2188192,
          2197856,
          2189376,
          2189824,
          2188096,
          2189312,
          2188000,
          2189600,
          2187456,
          2187680,
          2188416
        ],
        "chunk_tokens": 32,
        "block_threads": 128,
        "staged_input_bytes": 479910800,
        "applicable": true
      },
      {
        "kernel": "onpair_dg_k1_t128_b6",
        "role": "experimental",
        "stage_bytes": null,
        "chunk_size": 32,
        "decode_ms": 2.187264,
        "decode_gib_s": 425.7933975774601,
        "decode_ns_iters": [
          2190176,
          2188192,
          2188800,
          2189888,
          2188000,
          2190656,
          2188672,
          2190240,
          2190784,
          2189824,
          2189984,
          2189760,
          2190208,
          2189664,
          2189696,
          2189728,
          2189600,
          2187712,
          2188896,
          2188160,
          2194912,
          2188000,
          2190688,
          2187264,
          2189856,
          2190272,
          2188448,
          2195904,
          2188672,
          2188864
        ],
        "chunk_tokens": 32,
        "block_threads": 128,
        "staged_input_bytes": 479910800,
        "applicable": true
      },
      {
        "kernel": "onpair_dg_k1_t128_b8",
        "role": "experimental",
        "stage_bytes": null,
        "chunk_size": 32,
        "decode_ms": 2.187232,
        "decode_gib_s": 425.7996270897946,
        "decode_ns_iters": [
          2190144,
          2197120,
          2189504,
          2189344,
          2189760,
          2188288,
          2187808,
          2187232,
          2189920,
          2189824,
          2187904,
          2188576,
          2199136,
          2187584,
          2189568,
          2190304,
          2189600,
          2188160,
          2189952,
          2188480,
          2189824,
          2189600,
          2189664,
          2196480,
          2188672,
          2187904,
          2189504,
          2187840,
          2191072,
          2189408
        ],
        "chunk_tokens": 32,
        "block_threads": 128,
        "staged_input_bytes": 479910800,
        "applicable": true
      },
      {
        "kernel": "onpair_dg_k1_t256_b1",
        "role": "experimental",
        "stage_bytes": null,
        "chunk_size": 32,
        "decode_ms": 2.013088,
        "decode_gib_s": 462.63380933116963,
        "decode_ns_iters": [
          2016288,
          2013280,
          2013088,
          2032000,
          2025312,
          2014496,
          2026144,
          2020384,
          2023712,
          2028448,
          2022720,
          2018976,
          2025184,
          2024864,
          2019520,
          2022848,
          2033824,
          2026880,
          2025248,
          2021440,
          2022912,
          2024864,
          2026432,
          2021248,
          2023360,
          2021440,
          2022688,
          2022528,
          2023008,
          2021120
        ],
        "chunk_tokens": 32,
        "block_threads": 256,
        "staged_input_bytes": 479910800,
        "applicable": true
      },
      {
        "kernel": "onpair_dg_k1_t256_b2",
        "role": "experimental",
        "stage_bytes": null,
        "chunk_size": 32,
        "decode_ms": 2.018688,
        "decode_gib_s": 461.35042659334454,
        "decode_ns_iters": [
          2025408,
          2022784,
          2023104,
          2021664,
          2022240,
          2021888,
          2025920,
          2020672,
          2023168,
          2023104,
          2021472,
          2018688,
          2022816,
          2020448,
          2027712,
          2021248,
          2022400,
          2026784,
          2020800,
          2032416,
          2021632,
          2022528,
          2023136,
          2021216,
          2024448,
          2027968,
          2022144,
          2023488,
          2027232,
          2027648
        ],
        "chunk_tokens": 32,
        "block_threads": 256,
        "staged_input_bytes": 479910800,
        "applicable": true
      },
      {
        "kernel": "onpair_dg_k1_t256_b4",
        "role": "experimental",
        "stage_bytes": null,
        "chunk_size": 32,
        "decode_ms": 2.018912,
        "decode_gib_s": 461.2992393719319,
        "decode_ns_iters": [
          2022848,
          2022080,
          2023744,
          2027104,
          2025408,
          2021280,
          2023136,
          2025248,
          2025152,
          2022656,
          2024384,
          2023296,
          2024576,
          2023520,
          2027072,
          2018912,
          2024288,
          2025568,
          2025696,
          2023616,
          2022560,
          2027680,
          2030688,
          2023424,
          2027520,
          2021664,
          2023584,
          2027744,
          2025472,
          2025280
        ],
        "chunk_tokens": 32,
        "block_threads": 256,
        "staged_input_bytes": 479910800,
        "applicable": true
      },
      {
        "kernel": "onpair_dg_k1_t256_b6",
        "role": "experimental",
        "stage_bytes": null,
        "chunk_size": 32,
        "decode_ms": 1.921248,
        "decode_gib_s": 484.748751831552,
        "decode_ns_iters": [
          1925376,
          1923360,
          1922368,
          1922496,
          1924128,
          1923328,
          1943136,
          1922880,
          1922336,
          1923360,
          1921536,
          1922912,
          1924480,
          1923520,
          1922560,
          1923072,
          1924128,
          1923360,
          1921248,
          1922496,
          1922848,
          1922304,
          1921856,
          1922336,
          1921888,
          1923808,
          1924512,
          1923616,
          1924288,
          1923008
        ],
        "chunk_tokens": 32,
        "block_threads": 256,
        "staged_input_bytes": 479910800,
        "applicable": true
      },
      {
        "kernel": "onpair_dg_k1_t256_b8",
        "role": "experimental",
        "stage_bytes": null,
        "chunk_size": 32,
        "decode_ms": 1.921792,
        "decode_gib_s": 484.6115344214492,
        "decode_ns_iters": [
          1923136,
          1923424,
          1923264,
          1921856,
          1922752,
          1925696,
          1924192,
          1924320,
          1924000,
          1924448,
          1923264,
          1924288,
          1922528,
          1923168,
          1923232,
          1924800,
          1924704,
          1925088,
          1923456,
          1921792,
          1923136,
          1923648,
          1923776,
          1922272,
          1924416,
          1925120,
          1924864,
          1935136,
          1929472,
          1931104
        ],
        "chunk_tokens": 32,
        "block_threads": 256,
        "staged_input_bytes": 479910800,
        "applicable": true
      },
      {
        "kernel": "onpair_dg_k2_t64_b1",
        "role": "experimental",
        "stage_bytes": null,
        "chunk_size": 64,
        "decode_ms": 1.589952,
        "decode_gib_s": 585.7551485572304,
        "decode_ns_iters": [
          1597280,
          1596288,
          1600736,
          1593312,
          1593248,
          1599936,
          1592480,
          1592832,
          1593152,
          1595744,
          1592576,
          1593568,
          1594400,
          1589952,
          1594016,
          1594016,
          1593280,
          1591808,
          1593664,
          1593888,
          1592832,
          1593632,
          1593344,
          1596768,
          1591872,
          1593248,
          1593312,
          1593280,
          1595648,
          1594336
        ],
        "chunk_tokens": 64,
        "block_threads": 64,
        "staged_input_bytes": 453252848,
        "applicable": true
      },
      {
        "kernel": "onpair_dg_k2_t64_b2",
        "role": "experimental",
        "stage_bytes": null,
        "chunk_size": 64,
        "decode_ms": 1.589472,
        "decode_gib_s": 585.9320390411821,
        "decode_ns_iters": [
          1594784,
          1592384,
          1592672,
          1592544,
          1594400,
          1592864,
          1594272,
          1594048,
          1598112,
          1593376,
          1589472,
          1598560,
          1590592,
          1595552,
          1592384,
          1594688,
          1593984,
          1595840,
          1592896,
          1591360,
          1592704,
          1595904,
          1593600,
          1593056,
          1593952,
          1593152,
          1593184,
          1592064,
          1592320,
          1593760
        ],
        "chunk_tokens": 64,
        "block_threads": 64,
        "staged_input_bytes": 453252848,
        "applicable": true
      },
      {
        "kernel": "onpair_dg_k2_t64_b4",
        "role": "experimental",
        "stage_bytes": null,
        "chunk_size": 64,
        "decode_ms": 1.59168,
        "decode_gib_s": 585.1192262005338,
        "decode_ns_iters": [
          1597024,
          1594848,
          1593152,
          1593952,
          1595776,
          1595360,
          1594368,
          1592832,
          1594496,
          1592320,
          1595840,
          1594848,
          1592960,
          1594976,
          1599520,
          1591680,
          1594560,
          1601696,
          1593472,
          1593216,
          1593984,
          1592032,
          1592800,
          1593088,
          1592224,
          1594048,
          1593472,
          1593696,
          1595200,
          1592384
        ],
        "chunk_tokens": 64,
        "block_threads": 64,
        "staged_input_bytes": 453252848,
        "applicable": true
      },
      {
        "kernel": "onpair_dg_k2_t64_b6",
        "role": "experimental",
        "stage_bytes": null,
        "chunk_size": 64,
        "decode_ms": 1.590784,
        "decode_gib_s": 585.4487912619599,
        "decode_ns_iters": [
          1595072,
          1594336,
          1592928,
          1592864,
          1594112,
          1592608,
          1591872,
          1593600,
          1592896,
          1595232,
          1593216,
          1593408,
          1592896,
          1595296,
          1591232,
          1594144,
          1593248,
          1592928,
          1591616,
          1592224,
          1592736,
          1593600,
          1591936,
          1599488,
          1590784,
          1591552,
          1602048,
          1591456,
          1594720,
          1592832
        ],
        "chunk_tokens": 64,
        "block_threads": 64,
        "staged_input_bytes": 453252848,
        "applicable": true
      },
      {
        "kernel": "onpair_dg_k2_t64_b8",
        "role": "experimental",
        "stage_bytes": null,
        "chunk_size": 64,
        "decode_ms": 1.589888,
        "decode_gib_s": 585.7787277838852,
        "decode_ns_iters": [
          1593760,
          1593504,
          1593920,
          1592224,
          1593632,
          1591200,
          1592960,
          1593280,
          1593088,
          1593376,
          1590976,
          1592544,
          1592768,
          1591808,
          1592640,
          1595392,
          1589888,
          1593472,
          1595616,
          1595360,
          1592032,
          1594368,
          1592704,
          1592704,
          1591648,
          1592096,
          1593920,
          1594208,
          1594368,
          1593024
        ],
        "chunk_tokens": 64,
        "block_threads": 64,
        "staged_input_bytes": 453252848,
        "applicable": true
      },
      {
        "kernel": "onpair_dg_k2_t128_b1",
        "role": "experimental",
        "stage_bytes": null,
        "chunk_size": 64,
        "decode_ms": 1.496544,
        "decode_gib_s": 622.3155282830746,
        "decode_ns_iters": [
          1499296,
          1502016,
          1502400,
          1498912,
          1501088,
          1501600,
          1498816,
          1500352,
          1500448,
          1499808,
          1501600,
          1500064,
          1500384,
          1496544,
          1497216,
          1500128,
          1497120,
          1500224,
          1499392,
          1501952,
          1499616,
          1498208,
          1501408,
          1499392,
          1507936,
          1499104,
          1497728,
          1499424,
          1499552,
          1499712
        ],
        "chunk_tokens": 64,
        "block_threads": 128,
        "staged_input_bytes": 453252848,
        "applicable": true
      },
      {
        "kernel": "onpair_dg_k2_t128_b2",
        "role": "experimental",
        "stage_bytes": null,
        "chunk_size": 64,
        "decode_ms": 1.497504,
        "decode_gib_s": 621.9165824991891,
        "decode_ns_iters": [
          1499040,
          1501376,
          1500704,
          1499712,
          1504352,
          1499872,
          1498912,
          1499296,
          1499840,
          1498112,
          1501248,
          1499200,
          1497728,
          1500704,
          1497952,
          1499584,
          1498784,
          1497504,
          1499872,
          1506848,
          1501472,
          1500544,
          1498368,
          1498976,
          1501728,
          1500672,
          1499392,
          1499840,
          1500128,
          1498784
        ],
        "chunk_tokens": 64,
        "block_threads": 128,
        "staged_input_bytes": 453252848,
        "applicable": true
      },
      {
        "kernel": "onpair_dg_k2_t128_b4",
        "role": "experimental",
        "stage_bytes": null,
        "chunk_size": 64,
        "decode_ms": 1.49712,
        "decode_gib_s": 622.0760994167906,
        "decode_ns_iters": [
          1502016,
          1501312,
          1509600,
          1497120,
          1499328,
          1500928,
          1500736,
          1501824,
          1499360,
          1509088,
          1501152,
          1500192,
          1500768,
          1502720,
          1499808,
          1501920,
          1500960,
          1499968,
          1500192,
          1498912,
          1500384,
          1499744,
          1502112,
          1499456,
          1499008,
          1498624,
          1502592,
          1501600,
          1501152,
          1500800
        ],
        "chunk_tokens": 64,
        "block_threads": 128,
        "staged_input_bytes": 453252848,
        "applicable": true
      },
      {
        "kernel": "onpair_dg_k2_t128_b6",
        "role": "experimental",
        "stage_bytes": null,
        "chunk_size": 64,
        "decode_ms": 1.486016,
        "decode_gib_s": 626.7244565057615,
        "decode_ns_iters": [
          1497440,
          1498752,
          1501184,
          1500448,
          1499008,
          1502688,
          1501472,
          1503232,
          1500480,
          1499552,
          1501408,
          1497984,
          1491040,
          1487584,
          1488928,
          1486912,
          1486784,
          1486656,
          1488192,
          1488256,
          1488064,
          1486336,
          1486784,
          1487488,
          1486016,
          1486464,
          1487872,
          1486688,
          1494496,
          1487104
        ],
        "chunk_tokens": 64,
        "block_threads": 128,
        "staged_input_bytes": 453252848,
        "applicable": true
      },
      {
        "kernel": "onpair_dg_k2_t128_b8",
        "role": "experimental",
        "stage_bytes": null,
        "chunk_size": 64,
        "decode_ms": 1.487072,
        "decode_gib_s": 626.2794067529115,
        "decode_ns_iters": [
          1489440,
          1487072,
          1488448,
          1491392,
          1500096,
          1499456,
          1499712,
          1498944,
          1501600,
          1502752,
          1501504,
          1501248,
          1500960,
          1502848,
          1502496,
          1506176,
          1501760,
          1500288,
          1500896,
          1501440,
          1501888,
          1499104,
          1506944,
          1501952,
          1503904,
          1499296,
          1504032,
          1500288,
          1501056,
          1507456
        ],
        "chunk_tokens": 64,
        "block_threads": 128,
        "staged_input_bytes": 453252848,
        "applicable": true
      },
      {
        "kernel": "onpair_dg_k2_t256_b1",
        "role": "experimental",
        "stage_bytes": null,
        "chunk_size": 64,
        "decode_ms": 1.484704,
        "decode_gib_s": 627.2782790097323,
        "decode_ns_iters": [
          1494784,
          1488736,
          1487200,
          1485248,
          1489184,
          1490016,
          1487136,
          1486400,
          1488640,
          1486272,
          1490112,
          1489952,
          1490656,
          1486816,
          1490528,
          1488928,
          1484704,
          1485376,
          1490112,
          1487360,
          1490656,
          1486400,
          1488960,
          1487456,
          1489152,
          1497888,
          1491264,
          1486944,
          1485408,
          1486688
        ],
        "chunk_tokens": 64,
        "block_threads": 256,
        "staged_input_bytes": 453252848,
        "applicable": true
      },
      {
        "kernel": "onpair_dg_k2_t256_b2",
        "role": "experimental",
        "stage_bytes": null,
        "chunk_size": 64,
        "decode_ms": 1.485408,
        "decode_gib_s": 626.9809843213889,
        "decode_ns_iters": [
          1487488,
          1487200,
          1485984,
          1487008,
          1491232,
          1493472,
          1490496,
          1487040,
          1487424,
          1489888,
          1486048,
          1489696,
          1487712,
          1489888,
          1488320,
          1486080,
          1489888,
          1489600,
          1491872,
          1490880,
          1487904,
          1496960,
          1486368,
          1489728,
          1487264,
          1485984,
          1485408,
          1490592,
          1489920,
          1489056
        ],
        "chunk_tokens": 64,
        "block_threads": 256,
        "staged_input_bytes": 453252848,
        "applicable": true
      },
      {
        "kernel": "onpair_dg_k2_t256_b4",
        "role": "experimental",
        "stage_bytes": null,
        "chunk_size": 64,
        "decode_ms": 1.484928,
        "decode_gib_s": 627.1836546680147,
        "decode_ns_iters": [
          1484928,
          1489504,
          1486016,
          1487328,
          1490112,
          1487232,
          1487392,
          1488320,
          1485120,
          1490720,
          1496512,
          1490240,
          1489216,
          1487552,
          1489504,
          1488800,
          1488672,
          1488512,
          1487392,
          1489440,
          1488192,
          1488992,
          1488512,
          1488064,
          1488000,
          1489536,
          1494560,
          1489248,
          1488768,
          1490400
        ],
        "chunk_tokens": 64,
        "block_threads": 256,
        "staged_input_bytes": 453252848,
        "applicable": true
      },
      {
        "kernel": "onpair_dg_k2_t256_b6",
        "role": "experimental",
        "stage_bytes": null,
        "chunk_size": 64,
        "decode_ms": 1.42672,
        "decode_gib_s": 652.7717912126175,
        "decode_ns_iters": [
          1430048,
          1434080,
          1426944,
          1434720,
          1428448,
          1429376,
          1426784,
          1430528,
          1429536,
          1428544,
          1428640,
          1427584,
          1428640,
          1428672,
          1428480,
          1429856,
          1427872,
          1427680,
          1427904,
          1429696,
          1428096,
          1427584,
          1429344,
          1428064,
          1429664,
          1428704,
          1427584,
          1426720,
          1429984,
          1428448
        ],
        "chunk_tokens": 64,
        "block_threads": 256,
        "staged_input_bytes": 453252848,
        "applicable": true
      },
      {
        "kernel": "onpair_dg_k2_t256_b8",
        "role": "experimental",
        "stage_bytes": null,
        "chunk_size": 64,
        "decode_ms": 1.415232,
        "decode_gib_s": 658.0705989963947,
        "decode_ns_iters": [
          1431168,
          1429600,
          1430912,
          1429344,
          1427168,
          1429312,
          1429088,
          1430112,
          1428128,
          1429120,
          1430464,
          1430688,
          1430944,
          1428192,
          1428832,
          1428288,
          1428480,
          1418752,
          1417632,
          1418720,
          1417120,
          1415488,
          1415744,
          1416320,
          1416736,
          1417248,
          1416864,
          1419648,
          1415232,
          1423168
        ],
        "chunk_tokens": 64,
        "block_threads": 256,
        "staged_input_bytes": 453252848,
        "applicable": true
      },
      {
        "kernel": "onpair_dg_k3_t64_b1",
        "role": "experimental",
        "stage_bytes": null,
        "chunk_size": 96,
        "decode_ms": 1.493216,
        "decode_gib_s": 623.7025118662441,
        "decode_ns_iters": [
          1493376,
          1493216,
          1493824,
          1493536,
          1493376,
          1495168,
          1494112,
          1493952,
          1493600,
          1496640,
          1493824,
          1495392,
          1495040,
          1495840,
          1494624,
          1494048,
          1495296,
          1493600,
          1494816,
          1494272,
          1494432,
          1495232,
          1502016,
          1493472,
          1495808,
          1495168,
          1494880,
          1494144,
          1493696,
          1494016
        ],
        "chunk_tokens": 96,
        "block_threads": 64,
        "staged_input_bytes": 444366864,
        "applicable": true
      },
      {
        "kernel": "onpair_dg_k3_t64_b2",
        "role": "experimental",
        "stage_bytes": null,
        "chunk_size": 96,
        "decode_ms": 1.492448,
        "decode_gib_s": 624.0234634364921,
        "decode_ns_iters": [
          1494752,
          1494656,
          1494976,
          1494656,
          1494784,
          1494048,
          1493760,
          1492448,
          1494496,
          1494816,
          1492672,
          1492576,
          1493760,
          1494048,
          1493344,
          1508864,
          1507840,
          1509504,
          1508512,
          1506816,
          1506560,
          1507712,
          1507040,
          1507552,
          1508768,
          1506720,
          1508448,
          1516832,
          1508800,
          1505472
        ],
        "chunk_tokens": 96,
        "block_threads": 64,
        "staged_input_bytes": 444366864,
        "applicable": true
      },
      {
        "kernel": "onpair_dg_k3_t64_b4",
        "role": "experimental",
        "stage_bytes": null,
        "chunk_size": 96,
        "decode_ms": 1.49328,
        "decode_gib_s": 623.675780803912,
        "decode_ns_iters": [
          1509344,
          1506944,
          1507872,
          1506848,
          1507936,
          1507456,
          1506752,
          1508032,
          1506656,
          1497280,
          1493280,
          1494400,
          1496320,
          1493472,
          1493792,
          1493376,
          1494624,
          1494528,
          1494592,
          1494272,
          1493568,
          1501344,
          1505984,
          1508096,
          1507552,
          1508384,
          1508000,
          1506944,
          1507808,
          1505376
        ],
        "chunk_tokens": 96,
        "block_threads": 64,
        "staged_input_bytes": 444366864,
        "applicable": true
      },
      {
        "kernel": "onpair_dg_k3_t64_b6",
        "role": "experimental",
        "stage_bytes": null,
        "chunk_size": 96,
        "decode_ms": 1.505952,
        "decode_gib_s": 618.4277918279372,
        "decode_ns_iters": [
          1509248,
          1508416,
          1510400,
          1510112,
          1517664,
          1507232,
          1507648,
          1507200,
          1509568,
          1508224,
          1509728,
          1508416,
          1509088,
          1505952,
          1508384,
          1508256,
          1507328,
          1506272,
          1507712,
          1508480,
          1508864,
          1507296,
          1507488,
          1507296,
          1506912,
          1508320,
          1507200,
          1508224,
          1507488,
          1508224
        ],
        "chunk_tokens": 96,
        "block_threads": 64,
        "staged_input_bytes": 444366864,
        "applicable": true
      },
      {
        "kernel": "onpair_dg_k3_t64_b8",
        "role": "experimental",
        "stage_bytes": null,
        "chunk_size": 96,
        "decode_ms": 1.50608,
        "decode_gib_s": 618.3752323640614,
        "decode_ns_iters": [
          1509888,
          1508192,
          1509248,
          1508256,
          1509952,
          1508320,
          1508800,
          1506432,
          1507136,
          1507968,
          1509184,
          1507872,
          1508960,
          1508224,
          1506080,
          1508416,
          1506944,
          1507424,
          1507968,
          1506944,
          1508352,
          1507520,
          1509152,
          1507264,
          1508480,
          1509728,
          1508544,
          1507936,
          1508032,
          1508512
        ],
        "chunk_tokens": 96,
        "block_threads": 64,
        "staged_input_bytes": 444366864,
        "applicable": true
      },
      {
        "kernel": "onpair_dg_k3_t128_b1",
        "role": "experimental",
        "stage_bytes": null,
        "chunk_size": 96,
        "decode_ms": 1.427392,
        "decode_gib_s": 652.4644736406436,
        "decode_ns_iters": [
          1430976,
          1429024,
          1428672,
          1429248,
          1429632,
          1429216,
          1431040,
          1429824,
          1429728,
          1428288,
          1428608,
          1429536,
          1431328,
          1431104,
          1428704,
          1429824,
          1429056,
          1429536,
          1428512,
          1427392,
          1431296,
          1429088,
          1428736,
          1428064,
          1430496,
          1428032,
          1430016,
          1427680,
          1427616,
          1428896
        ],
        "chunk_tokens": 96,
        "block_threads": 128,
        "staged_input_bytes": 444366864,
        "applicable": true
      },
      {
        "kernel": "onpair_dg_k3_t128_b2",
        "role": "experimental",
        "stage_bytes": null,
        "chunk_size": 96,
        "decode_ms": 1.427904,
        "decode_gib_s": 652.2305210706502,
        "decode_ns_iters": [
          1429792,
          1430016,
          1430048,
          1430016,
          1429920,
          1428320,
          1430048,
          1429664,
          1430080,
          1428096,
          1428608,
          1429600,
          1429312,
          1430976,
          1428320,
          1429888,
          1427904,
          1429824,
          1430144,
          1429600,
          1431072,
          1429920,
          1429920,
          1428160,
          1431680,
          1429024,
          1428160,
          1429568,
          1431264,
          1428032
        ],
        "chunk_tokens": 96,
        "block_threads": 128,
        "staged_input_bytes": 444366864,
        "applicable": true
      },
      {
        "kernel": "onpair_dg_k3_t128_b4",
        "role": "experimental",
        "stage_bytes": null,
        "chunk_size": 96,
        "decode_ms": 1.427264,
        "decode_gib_s": 652.5229880098325,
        "decode_ns_iters": [
          1430912,
          1429152,
          1427968,
          1429600,
          1429248,
          1429024,
          1429664,
          1429440,
          1430272,
          1430880,
          1429312,
          1430464,
          1430368,
          1427264,
          1428896,
          1428992,
          1432640,
          1430080,
          1429216,
          1429696,
          1429856,
          1429184,
          1427808,
          1428672,
          1428736,
          1433536,
          1429664,
          1433600,
          1431424,
          1434368
        ],
        "chunk_tokens": 96,
        "block_threads": 128,
        "staged_input_bytes": 444366864,
        "applicable": true
      },
      {
        "kernel": "onpair_dg_k3_t128_b6",
        "role": "experimental",
        "stage_bytes": null,
        "chunk_size": 96,
        "decode_ms": 1.414304,
        "decode_gib_s": 658.5023940813755,
        "decode_ns_iters": [
          1429376,
          1430496,
          1429120,
          1418624,
          1416160,
          1414400,
          1416448,
          1414752,
          1414528,
          1414304,
          1416704,
          1416608,
          1417088,
          1422368,
          1415776,
          1417184,
          1415808,
          1414912,
          1416352,
          1418848,
          1415808,
          1416544,
          1415040,
          1414560,
          1416672,
          1416320,
          1414912,
          1417056,
          1414944,
          1415456
        ],
        "chunk_tokens": 96,
        "block_threads": 128,
        "staged_input_bytes": 444366864,
        "applicable": true
      },
      {
        "kernel": "onpair_dg_k3_t128_b8",
        "role": "experimental",
        "stage_bytes": null,
        "chunk_size": 96,
        "decode_ms": 1.412864,
        "decode_gib_s": 659.1735439213297,
        "decode_ns_iters": [
          1414656,
          1417344,
          1415968,
          1412864,
          1415808,
          1415296,
          1415552,
          1414880,
          1418752,
          1416416,
          1422720,
          1416480,
          1416960,
          1415680,
          1415488,
          1417088,
          1416416,
          1416416,
          1415072,
          1416704,
          1416352,
          1415392,
          1414208,
          1415744,
          1416192,
          1415648,
          1416768,
          1422176,
          1417696,
          1415488
        ],
        "chunk_tokens": 96,
        "block_threads": 128,
        "staged_input_bytes": 444366864,
        "applicable": true
      },
      {
        "kernel": "onpair_dg_k3_t256_b1",
        "role": "experimental",
        "stage_bytes": null,
        "chunk_size": 96,
        "decode_ms": 1.355904,
        "decode_gib_s": 686.8646821300517,
        "decode_ns_iters": [
          1356576,
          1356992,
          1360480,
          1357888,
          1357920,
          1359360,
          1358368,
          1358528,
          1357728,
          1357664,
          1356640,
          1359968,
          1357696,
          1357344,
          1358112,
          1359040,
          1359840,
          1356608,
          1362912,
          1358016,
          1359328,
          1357248,
          1359808,
          1359808,
          1359232,
          1356128,
          1356864,
          1357568,
          1357440,
          1355904
        ],
        "chunk_tokens": 96,
        "block_threads": 256,
        "staged_input_bytes": 444366864,
        "applicable": true
      },
      {
        "kernel": "onpair_dg_k3_t256_b2",
        "role": "experimental",
        "stage_bytes": null,
        "chunk_size": 96,
        "decode_ms": 1.355232,
        "decode_gib_s": 687.2052681451336,
        "decode_ns_iters": [
          1359296,
          1357088,
          1358688,
          1356416,
          1356864,
          1356416,
          1356608,
          1356832,
          1359136,
          1357376,
          1357376,
          1357184,
          1355520,
          1357024,
          1355968,
          1355648,
          1359424,
          1355232,
          1357376,
          1357056,
          1358784,
          1356288,
          1357888,
          1356672,
          1366528,
          1356672,
          1359904,
          1356512,
          1357088,
          1357728
        ],
        "chunk_tokens": 96,
        "block_threads": 256,
        "staged_input_bytes": 444366864,
        "applicable": true
      },
      {
        "kernel": "onpair_dg_k3_t256_b4",
        "role": "experimental",
        "stage_bytes": null,
        "chunk_size": 96,
        "decode_ms": 1.354016,
        "decode_gib_s": 687.8224259970824,
        "decode_ns_iters": [
          1360160,
          1364000,
          1358816,
          1356608,
          1358720,
          1357088,
          1358624,
          1357728,
          1356480,
          1359360,
          1358048,
          1356512,
          1358816,
          1367040,
          1354880,
          1356832,
          1358528,
          1356576,
          1358272,
          1356384,
          1356384,
          1356864,
          1355840,
          1356736,
          1356864,
          1360352,
          1354016,
          1359008,
          1357920,
          1357600
        ],
        "chunk_tokens": 96,
        "block_threads": 256,
        "staged_input_bytes": 444366864,
        "applicable": true
      },
      {
        "kernel": "onpair_dg_k3_t256_b6",
        "role": "experimental",
        "stage_bytes": null,
        "chunk_size": 96,
        "decode_ms": 1.377952,
        "decode_gib_s": 675.8744643927115,
        "decode_ns_iters": [
          1379840,
          1378048,
          1378848,
          1381408,
          1379840,
          1378976,
          1379328,
          1378720,
          1379392,
          1379808,
          1378144,
          1379904,
          1379904,
          1380416,
          1378080,
          1380320,
          1380320,
          1378848,
          1381184,
          1378848,
          1377952,
          1379776,
          1378720,
          1378720,
          1380128,
          1379424,
          1378656,
          1378144,
          1379040,
          1379904
        ],
        "chunk_tokens": 96,
        "block_threads": 256,
        "staged_input_bytes": 444366864,
        "applicable": true
      },
      {
        "kernel": "onpair_dg_k3_t256_b8",
        "role": "experimental",
        "stage_bytes": null,
        "chunk_size": 96,
        "decode_ms": 1.377472,
        "decode_gib_s": 676.1099826049935,
        "decode_ns_iters": [
          1382688,
          1379808,
          1379552,
          1379840,
          1379520,
          1378496,
          1380480,
          1379104,
          1379264,
          1380288,
          1379104,
          1379776,
          1377504,
          1377856,
          1379072,
          1378976,
          1380032,
          1378688,
          1377472,
          1379584,
          1379968,
          1379360,
          1379296,
          1378624,
          1379008,
          1379232,
          1377600,
          1378624,
          1378464,
          1380160
        ],
        "chunk_tokens": 96,
        "block_threads": 256,
        "staged_input_bytes": 444366864,
        "applicable": true
      },
      {
        "kernel": "onpair_dg_k4_t64_b1",
        "role": "experimental",
        "stage_bytes": null,
        "chunk_size": 128,
        "decode_ms": 1.4288,
        "decode_gib_s": 651.8215075300011,
        "decode_ns_iters": [
          1431104,
          1430080,
          1430752,
          1429664,
          1431264,
          1430240,
          1431744,
          1430720,
          1430816,
          1431840,
          1428800,
          1431296,
          1430560,
          1430880,
          1430144,
          1431456,
          1431232,
          1435808,
          1429856,
          1431328,
          1430080,
          1432448,
          1430496,
          1429952,
          1433216,
          1430272,
          1428896,
          1430848,
          1431840,
          1430976
        ],
        "chunk_tokens": 128,
        "block_threads": 64,
        "staged_input_bytes": 439923872,
        "applicable": true
      },
      {
        "kernel": "onpair_dg_k4_t64_b2",
        "role": "experimental",
        "stage_bytes": null,
        "chunk_size": 128,
        "decode_ms": 1.429472,
        "decode_gib_s": 651.5150838623391,
        "decode_ns_iters": [
          1430752,
          1429472,
          1431872,
          1431328,
          1432192,
          1432320,
          1431328,
          1438272,
          1432000,
          1436768,
          1430816,
          1429696,
          1431680,
          1430400,
          1431072,
          1431200,
          1430016,
          1429472,
          1430368,
          1430848,
          1430016,
          1430752,
          1429696,
          1429728,
          1430560,
          1430272,
          1431424,
          1430912,
          1429792,
          1431520
        ],
        "chunk_tokens": 128,
        "block_threads": 64,
        "staged_input_bytes": 439923872,
        "applicable": true
      },
      {
        "kernel": "onpair_dg_k4_t64_b4",
        "role": "experimental",
        "stage_bytes": null,
        "chunk_size": 128,
        "decode_ms": 1.42896,
        "decode_gib_s": 651.7485233728486,
        "decode_ns_iters": [
          1432256,
          1432352,
          1430144,
          1431520,
          1431136,
          1431424,
          1429920,
          1430912,
          1431296,
          1430656,
          1431168,
          1430880,
          1433280,
          1428960,
          1430784,
          1430496,
          1431552,
          1431456,
          1429824,
          1432128,
          1431200,
          1429472,
          1430688,
          1430592,
          1430720,
          1430688,
          1430976,
          1430144,
          1431200,
          1431008
        ],
        "chunk_tokens": 128,
        "block_threads": 64,
        "staged_input_bytes": 439923872,
        "applicable": true
      },
      {
        "kernel": "onpair_dg_k4_t64_b6",
        "role": "experimental",
        "stage_bytes": null,
        "chunk_size": 128,
        "decode_ms": 1.429408,
        "decode_gib_s": 651.5442546556795,
        "decode_ns_iters": [
          1430560,
          1429824,
          1431392,
          1430240,
          1431072,
          1429408,
          1430304,
          1429952,
          1430880,
          1429472,
          1430624,
          1430176,
          1430144,
          1430592,
          1431232,
          1431040,
          1430176,
          1432032,
          1430944,
          1429920,
          1432800,
          1429472,
          1431744,
          1430432,
          1437280,
          1431648,
          1435072,
          1431200,
          1431296,
          1431488
        ],
        "chunk_tokens": 128,
        "block_threads": 64,
        "staged_input_bytes": 439923872,
        "applicable": true
      },
      {
        "kernel": "onpair_dg_k4_t64_b8",
        "role": "experimental",
        "stage_bytes": null,
        "chunk_size": 128,
        "decode_ms": 1.428992,
        "decode_gib_s": 651.7339285026547,
        "decode_ns_iters": [
          1431648,
          1432032,
          1429536,
          1430400,
          1430400,
          1430624,
          1430592,
          1430336,
          1431840,
          1428992,
          1430112,
          1430816,
          1429088,
          1430240,
          1432352,
          1431200,
          1435840,
          1430624,
          1430464,
          1430656,
          1430816,
          1430688,
          1431072,
          1430944,
          1431904,
          1431136,
          1432032,
          1430304,
          1431680,
          1430656
        ],
        "chunk_tokens": 128,
        "block_threads": 64,
        "staged_input_bytes": 439923872,
        "applicable": true
      },
      {
        "kernel": "onpair_dg_k4_t128_b1",
        "role": "experimental",
        "stage_bytes": null,
        "chunk_size": 128,
        "decode_ms": 1.361568,
        "decode_gib_s": 684.0073870411655,
        "decode_ns_iters": [
          1363648,
          1364544,
          1363424,
          1363648,
          1364960,
          1363168,
          1362624,
          1364576,
          1363808,
          1363168,
          1363744,
          1363488,
          1361568,
          1363968,
          1364032,
          1364352,
          1365152,
          1363680,
          1363360,
          1365312,
          1363776,
          1365056,
          1362624,
          1362592,
          1371296,
          1363264,
          1362976,
          1365248,
          1364576,
          1363488
        ],
        "chunk_tokens": 128,
        "block_threads": 128,
        "staged_input_bytes": 439923872,
        "applicable": true
      },
      {
        "kernel": "onpair_dg_k4_t128_b2",
        "role": "experimental",
        "stage_bytes": null,
        "chunk_size": 128,
        "decode_ms": 1.362656,
        "decode_gib_s": 683.4612477095214,
        "decode_ns_iters": [
          1364800,
          1363456,
          1362656,
          1364384,
          1364064,
          1364416,
          1365344,
          1364096,
          1364512,
          1364800,
          1364064,
          1363072,
          1364128,
          1363680,
          1364768,
          1363104,
          1364864,
          1362816,
          1362784,
          1365280,
          1365312,
          1363200,
          1364576,
          1363264,
          1363936,
          1364256,
          1364800,
          1370112,
          1364768,
          1363936
        ],
        "chunk_tokens": 128,
        "block_threads": 128,
        "staged_input_bytes": 439923872,
        "applicable": true
      },
      {
        "kernel": "onpair_dg_k4_t128_b4",
        "role": "experimental",
        "stage_bytes": null,
        "chunk_size": 128,
        "decode_ms": 1.36224,
        "decode_gib_s": 683.6699626782842,
        "decode_ns_iters": [
          1363392,
          1363424,
          1366464,
          1362720,
          1362688,
          1365056,
          1362240,
          1363520,
          1365600,
          1364544,
          1364384,
          1363232,
          1364256,
          1364064,
          1362400,
          1364640,
          1364064,
          1363328,
          1362400,
          1364096,
          1365024,
          1363776,
          1364352,
          1364064,
          1364160,
          1364800,
          1364704,
          1364640,
          1363552,
          1362976
        ],
        "chunk_tokens": 128,
        "block_threads": 128,
        "staged_input_bytes": 439923872,
        "applicable": true
      },
      {
        "kernel": "onpair_dg_k4_t128_b6",
        "role": "experimental",
        "stage_bytes": null,
        "chunk_size": 128,
        "decode_ms": 1.36192,
        "decode_gib_s": 683.8305994176352,
        "decode_ns_iters": [
          1364736,
          1364288,
          1365632,
          1363232,
          1361920,
          1364992,
          1364000,
          1365152,
          1364352,
          1364672,
          1366208,
          1363936,
          1364320,
          1363040,
          1371680,
          1365248,
          1363232,
          1364288,
          1365856,
          1365504,
          1365536,
          1365952,
          1362048,
          1363360,
          1365632,
          1365568,
          1367520,
          1364544,
          1367776,
          1364544
        ],
        "chunk_tokens": 128,
        "block_threads": 128,
        "staged_input_bytes": 439923872,
        "applicable": true
      },
      {
        "kernel": "onpair_dg_k4_t128_b8",
        "role": "experimental",
        "stage_bytes": null,
        "chunk_size": 128,
        "decode_ms": 1.362432,
        "decode_gib_s": 683.5736168549078,
        "decode_ns_iters": [
          1363200,
          1363456,
          1363936,
          1364992,
          1362432,
          1363936,
          1363776,
          1363936,
          1364608,
          1364736,
          1364064,
          1363392,
          1364064,
          1362816,
          1362592,
          1363776,
          1362944,
          1370464,
          1364992,
          1365120,
          1364512,
          1364928,
          1364800,
          1364352,
          1362464,
          1363008,
          1363712,
          1364800,
          1364768,
          1364960
        ],
        "chunk_tokens": 128,
        "block_threads": 128,
        "staged_input_bytes": 439923872,
        "applicable": true
      },
      {
        "kernel": "onpair_dg_k4_t256_b1",
        "role": "experimental",
        "stage_bytes": null,
        "chunk_size": 128,
        "decode_ms": 1.308288,
        "decode_gib_s": 711.8635728210193,
        "decode_ns_iters": [
          1312576,
          1311488,
          1310880,
          1312064,
          1319200,
          1311104,
          1310656,
          1311776,
          1311360,
          1311168,
          1309888,
          1310752,
          1310336,
          1312096,
          1309728,
          1308288,
          1308768,
          1311360,
          1311104,
          1309664,
          1311968,
          1310624,
          1311296,
          1309920,
          1310816,
          1311552,
          1309440,
          1313024,
          1313024,
          1310464
        ],
        "chunk_tokens": 128,
        "block_threads": 256,
        "staged_input_bytes": 439923872,
        "applicable": true
      },
      {
        "kernel": "onpair_dg_k4_t256_b2",
        "role": "experimental",
        "stage_bytes": null,
        "chunk_size": 128,
        "decode_ms": 1.309952,
        "decode_gib_s": 710.9593099280474,
        "decode_ns_iters": [
          1311808,
          1311968,
          1311872,
          1312448,
          1319520,
          1310592,
          1311200,
          1311936,
          1310912,
          1311008,
          1311872,
          1312960,
          1312384,
          1311808,
          1310816,
          1312768,
          1310592,
          1310240,
          1312704,
          1311008,
          1309952,
          1311904,
          1310016,
          1311008,
          1310848,
          1312224,
          1311200,
          1312320,
          1311552,
          1311488
        ],
        "chunk_tokens": 128,
        "block_threads": 256,
        "staged_input_bytes": 439923872,
        "applicable": true
      },
      {
        "kernel": "onpair_dg_k4_t256_b4",
        "role": "experimental",
        "stage_bytes": null,
        "chunk_size": 128,
        "decode_ms": 1.309472,
        "decode_gib_s": 711.2199191421166,
        "decode_ns_iters": [
          1312256,
          1311072,
          1310912,
          1311616,
          1309664,
          1310976,
          1310432,
          1310624,
          1309984,
          1313056,
          1312096,
          1310208,
          1309472,
          1310720,
          1310912,
          1313024,
          1311392,
          1312032,
          1311520,
          1310304,
          1310720,
          1312448,
          1310464,
          1316800,
          1313248,
          1310752,
          1310528,
          1313952,
          1311200,
          1312128
        ],
        "chunk_tokens": 128,
        "block_threads": 256,
        "staged_input_bytes": 439923872,
        "applicable": true
      },
      {
        "kernel": "onpair_dg_k4_t256_b6",
        "role": "experimental",
        "stage_bytes": null,
        "chunk_size": 128,
        "decode_ms": 1.391232,
        "decode_gib_s": 669.4229071491064,
        "decode_ns_iters": [
          1396192,
          1395616,
          1398624,
          1397248,
          1391232,
          1396224,
          1392192,
          1395872,
          1394272,
          1400864,
          1397696,
          1391520,
          1397888,
          1396352,
          1394944,
          1392928,
          1399584,
          1395232,
          1394144,
          1396160,
          1397856,
          1398752,
          1396864,
          1396032,
          1397984,
          1394400,
          1392800,
          1395904,
          1395712,
          1394688
        ],
        "chunk_tokens": 128,
        "block_threads": 256,
        "staged_input_bytes": 439923872,
        "applicable": true
      },
      {
        "kernel": "onpair_dg_k4_t256_b8",
        "role": "experimental",
        "stage_bytes": null,
        "chunk_size": 128,
        "decode_ms": 1.319776,
        "decode_gib_s": 705.6671510611388,
        "decode_ns_iters": [
          1323200,
          1321248,
          1321472,
          1320032,
          1322304,
          1323104,
          1321024,
          1321440,
          1321440,
          1323200,
          1320512,
          1322656,
          1323392,
          1322176,
          1322784,
          1321984,
          1321888,
          1321120,
          1321376,
          1320320,
          1319776,
          1320512,
          1322080,
          1321600,
          1321824,
          1322400,
          1321728,
          1323744,
          1323168,
          1322880
        ],
        "chunk_tokens": 128,
        "block_threads": 256,
        "staged_input_bytes": 439923872,
        "applicable": true
      },
      {
        "kernel": "onpair_dg_k5_t64_b1",
        "role": "experimental",
        "stage_bytes": null,
        "chunk_size": 160,
        "decode_ms": 1.407776,
        "decode_gib_s": 661.5559364265804,
        "decode_ns_iters": [
          1417280,
          1410304,
          1409472,
          1407840,
          1407872,
          1409280,
          1408896,
          1409184,
          1408384,
          1407776,
          1410144,
          1409984,
          1408288,
          1411232,
          1409696,
          1409376,
          1410656,
          1410336,
          1410144,
          1409408,
          1410112,
          1410592,
          1409696,
          1411936,
          1408448,
          1408992,
          1410752,
          1410592,
          1408832,
          1408928
        ],
        "chunk_tokens": 160,
        "block_threads": 64,
        "staged_input_bytes": 437258072,
        "applicable": true
      },
      {
        "kernel": "onpair_dg_k5_t64_b2",
        "role": "experimental",
        "stage_bytes": null,
        "chunk_size": 160,
        "decode_ms": 1.408,
        "decode_gib_s": 661.4506888912398,
        "decode_ns_iters": [
          1408512,
          1408000,
          1409920,
          1409600,
          1409792,
          1409504,
          1408544,
          1408960,
          1409024,
          1410912,
          1409152,
          1410144,
          1410880,
          1408704,
          1410944,
          1408320,
          1411808,
          1410560,
          1409120,
          1409344,
          1410688,
          1410880,
          1409856,
          1409472,
          1409376,
          1412256,
          1410656,
          1410560,
          1408448,
          1408416
        ],
        "chunk_tokens": 160,
        "block_threads": 64,
        "staged_input_bytes": 437258072,
        "applicable": true
      },
      {
        "kernel": "onpair_dg_k5_t64_b4",
        "role": "experimental",
        "stage_bytes": null,
        "chunk_size": 160,
        "decode_ms": 1.407872,
        "decode_gib_s": 661.5108262390796,
        "decode_ns_iters": [
          1410752,
          1410464,
          1408768,
          1411200,
          1410208,
          1411520,
          1409824,
          1409664,
          1409280,
          1410272,
          1409760,
          1410208,
          1409408,
          1409280,
          1409408,
          1411136,
          1411232,
          1409376,
          1408896,
          1411104,
          1409376,
          1409920,
          1409568,
          1410368,
          1410848,
          1407872,
          1408864,
          1409376,
          1408768,
          1418752
        ],
        "chunk_tokens": 160,
        "block_threads": 64,
        "staged_input_bytes": 437258072,
        "applicable": true
      },
      {
        "kernel": "onpair_dg_k5_t64_b6",
        "role": "experimental",
        "stage_bytes": null,
        "chunk_size": 160,
        "decode_ms": 1.407424,
        "decode_gib_s": 661.721393097507,
        "decode_ns_iters": [
          1410912,
          1411200,
          1410528,
          1410688,
          1410048,
          1410368,
          1411584,
          1417152,
          1408992,
          1410048,
          1409216,
          1407680,
          1407424,
          1410272,
          1410496,
          1409760,
          1408032,
          1410528,
          1409088,
          1409472,
          1410496,
          1410208,
          1414848,
          1408928,
          1408960,
          1410400,
          1409120,
          1408640,
          1408512,
          1410432
        ],
        "chunk_tokens": 160,
        "block_threads": 64,
        "staged_input_bytes": 437258072,
        "applicable": true
      },
      {
        "kernel": "onpair_dg_k5_t64_b8",
        "role": "experimental",
        "stage_bytes": null,
        "chunk_size": 160,
        "decode_ms": 1.407648,
        "decode_gib_s": 661.6160929144684,
        "decode_ns_iters": [
          1418048,
          1408320,
          1411808,
          1409152,
          1410560,
          1409920,
          1409024,
          1409504,
          1410336,
          1410464,
          1408384,
          1409632,
          1410272,
          1409952,
          1410016,
          1409952,
          1408128,
          1408160,
          1408256,
          1410272,
          1409440,
          1409408,
          1410304,
          1407648,
          1409824,
          1408992,
          1410912,
          1410048,
          1415968,
          1407872
        ],
        "chunk_tokens": 160,
        "block_threads": 64,
        "staged_input_bytes": 437258072,
        "applicable": true
      },
      {
        "kernel": "onpair_dg_k5_t128_b1",
        "role": "experimental",
        "stage_bytes": null,
        "chunk_size": 160,
        "decode_ms": 1.353216,
        "decode_gib_s": 688.2290557892204,
        "decode_ns_iters": [
          1354880,
          1354496,
          1356128,
          1354528,
          1355648,
          1354528,
          1354784,
          1356640,
          1355104,
          1354816,
          1355392,
          1355808,
          1354944,
          1356192,
          1356640,
          1357952,
          1355552,
          1353216,
          1353792,
          1355264,
          1356544,
          1354400,
          1354912,
          1355232,
          1355936,
          1354368,
          1354688,
          1356928,
          1354528,
          1353984
        ],
        "chunk_tokens": 160,
        "block_threads": 128,
        "staged_input_bytes": 437258072,
        "applicable": true
      },
      {
        "kernel": "onpair_dg_k5_t128_b2",
        "role": "experimental",
        "stage_bytes": null,
        "chunk_size": 160,
        "decode_ms": 1.352768,
        "decode_gib_s": 688.4569785498072,
        "decode_ns_iters": [
          1356704,
          1365024,
          1357664,
          1355360,
          1355872,
          1356224,
          1355808,
          1355520,
          1353568,
          1355968,
          1354368,
          1355616,
          1355648,
          1354080,
          1354720,
          1354304,
          1355840,
          1353344,
          1361024,
          1353984,
          1352768,
          1355936,
          1356704,
          1355232,
          1356992,
          1354848,
          1354464,
          1353952,
          1354432,
          1355392
        ],
        "chunk_tokens": 160,
        "block_threads": 128,
        "staged_input_bytes": 437258072,
        "applicable": true
      },
      {
        "kernel": "onpair_dg_k5_t128_b4",
        "role": "experimental",
        "stage_bytes": null,
        "chunk_size": 160,
        "decode_ms": 1.3536,
        "decode_gib_s": 688.0338135038901,
        "decode_ns_iters": [
          1356352,
          1354240,
          1355040,
          1354976,
          1355648,
          1354624,
          1354976,
          1353600,
          1355776,
          1356288,
          1355616,
          1355200,
          1356096,
          1354592,
          1355616,
          1354176,
          1356544,
          1354208,
          1354560,
          1353760,
          1354528,
          1356000,
          1356864,
          1354464,
          1356608,
          1355712,
          1355104,
          1355456,
          1355072,
          1354048
        ],
        "chunk_tokens": 160,
        "block_threads": 128,
        "staged_input_bytes": 437258072,
        "applicable": true
      },
      {
        "kernel": "onpair_dg_k5_t128_b6",
        "role": "experimental",
        "stage_bytes": null,
        "chunk_size": 160,
        "decode_ms": 1.353632,
        "decode_gib_s": 688.0175483136227,
        "decode_ns_iters": [
          1356512,
          1358464,
          1356608,
          1356416,
          1355232,
          1354400,
          1354240,
          1354912,
          1357344,
          1353760,
          1353632,
          1354592,
          1355456,
          1354848,
          1355200,
          1354368,
          1354880,
          1354176,
          1356992,
          1355424,
          1356512,
          1357088,
          1357440,
          1354688,
          1354848,
          1355872,
          1355392,
          1355808,
          1354912,
          1355040
        ],
        "chunk_tokens": 160,
        "block_threads": 128,
        "staged_input_bytes": 437258072,
        "applicable": true
      },
      {
        "kernel": "onpair_dg_k5_t128_b8",
        "role": "experimental",
        "stage_bytes": null,
        "chunk_size": 160,
        "decode_ms": 1.353248,
        "decode_gib_s": 688.2127813666568,
        "decode_ns_iters": [
          1356320,
          1354880,
          1354304,
          1354080,
          1354528,
          1355328,
          1355296,
          1360640,
          1356160,
          1356160,
          1354144,
          1354560,
          1355040,
          1355456,
          1354880,
          1354048,
          1354848,
          1356128,
          1353376,
          1353248,
          1354336,
          1355264,
          1354176,
          1356288,
          1354848,
          1356256,
          1354272,
          1354368,
          1355392,
          1356320
        ],
        "chunk_tokens": 160,
        "block_threads": 128,
        "staged_input_bytes": 437258072,
        "applicable": true
      },
      {
        "kernel": "onpair_dg_k5_t256_b1",
        "role": "experimental",
        "stage_bytes": null,
        "chunk_size": 160,
        "decode_ms": 1.288608,
        "decode_gib_s": 722.7353624677681,
        "decode_ns_iters": [
          1294720,
          1292448,
          1291904,
          1291200,
          1292928,
          1290592,
          1290016,
          1292416,
          1292160,
          1290912,
          1292544,
          1291008,
          1292896,
          1296000,
          1291488,
          1290208,
          1296736,
          1291616,
          1291968,
          1291616,
          1288608,
          1289536,
          1291872,
          1291776,
          1291616,
          1291392,
          1290496,
          1289344,
          1292832,
          1290208
        ],
        "chunk_tokens": 160,
        "block_threads": 256,
        "staged_input_bytes": 437258072,
        "applicable": true
      },
      {
        "kernel": "onpair_dg_k5_t256_b2",
        "role": "experimental",
        "stage_bytes": null,
        "chunk_size": 160,
        "decode_ms": 1.290208,
        "decode_gib_s": 721.8390910294044,
        "decode_ns_iters": [
          1294336,
          1292864,
          1291008,
          1291488,
          1294816,
          1293312,
          1292864,
          1290816,
          1294432,
          1297472,
          1290496,
          1290208,
          1292448,
          1291712,
          1290496,
          1290464,
          1292672,
          1292000,
          1291520,
          1292384,
          1290592,
          1292256,
          1291264,
          1292896,
          1292352,
          1291840,
          1292512,
          1292480,
          1291232,
          1291872
        ],
        "chunk_tokens": 160,
        "block_threads": 256,
        "staged_input_bytes": 437258072,
        "applicable": true
      },
      {
        "kernel": "onpair_dg_k5_t256_b4",
        "role": "experimental",
        "stage_bytes": null,
        "chunk_size": 160,
        "decode_ms": 1.290016,
        "decode_gib_s": 721.9465262127491,
        "decode_ns_iters": [
          1293280,
          1291584,
          1301248,
          1293152,
          1293280,
          1292352,
          1292608,
          1290208,
          1291744,
          1292192,
          1292288,
          1291328,
          1290432,
          1290528,
          1290176,
          1290560,
          1292192,
          1291680,
          1292032,
          1291168,
          1291616,
          1292704,
          1292864,
          1291232,
          1293344,
          1299552,
          1290016,
          1292160,
          1293472,
          1292192
        ],
        "chunk_tokens": 160,
        "block_threads": 256,
        "staged_input_bytes": 437258072,
        "applicable": true
      },
      {
        "kernel": "onpair_dg_k5_t256_b6",
        "role": "experimental",
        "stage_bytes": null,
        "chunk_size": 160,
        "decode_ms": 1.29744,
        "decode_gib_s": 717.8155213026157,
        "decode_ns_iters": [
          1302464,
          1297440,
          1299456,
          1300736,
          1299168,
          1300896,
          1298848,
          1299136,
          1299264,
          1306112,
          1300192,
          1300576,
          1301472,
          1297984,
          1303200,
          1300352,
          1299904,
          1299840,
          1300352,
          1299744,
          1299520,
          1298720,
          1301696,
          1306848,
          1301888,
          1302528,
          1300160,
          1300384,
          1300160,
          1299520
        ],
        "chunk_tokens": 160,
        "block_threads": 256,
        "staged_input_bytes": 437258072,
        "applicable": true
      },
      {
        "kernel": "onpair_dg_k5_t256_b8",
        "role": "experimental",
        "stage_bytes": null,
        "chunk_size": 160,
        "decode_ms": 1.31408,
        "decode_gib_s": 708.7259298968598,
        "decode_ns_iters": [
          1314080,
          1316928,
          1317376,
          1316256,
          1315072,
          1316864,
          1315648,
          1317184,
          1318528,
          1315616,
          1317056,
          1316800,
          1316960,
          1317216,
          1315072,
          1316576,
          1316704,
          1317760,
          1314912,
          1316352,
          1316192,
          1315712,
          1315872,
          1316320,
          1316448,
          1316800,
          1318144,
          1316736,
          1321376,
          1319072
        ],
        "chunk_tokens": 160,
        "block_threads": 256,
        "staged_input_bytes": 437258072,
        "applicable": true
      },
      {
        "kernel": "onpair_dg_k6_t64_b1",
        "role": "experimental",
        "stage_bytes": null,
        "chunk_size": 192,
        "decode_ms": 1.389152,
        "decode_gib_s": 670.4252450119683,
        "decode_ns_iters": [
          1398272,
          1391360,
          1392416,
          1392128,
          1391712,
          1392192,
          1393536,
          1390976,
          1389152,
          1389856,
          1389664,
          1390112,
          1389856,
          1393344,
          1391840,
          1392192,
          1390496,
          1391776,
          1391648,
          1391872,
          1392640,
          1391104,
          1390528,
          1390464,
          1389632,
          1391840,
          1390752,
          1390880,
          1393600,
          1392960
        ],
        "chunk_tokens": 192,
        "block_threads": 64,
        "staged_input_bytes": 435480880,
        "applicable": true
      },
      {
        "kernel": "onpair_dg_k6_t64_b2",
        "role": "experimental",
        "stage_bytes": null,
        "chunk_size": 192,
        "decode_ms": 1.38976,
        "decode_gib_s": 670.1319436153477,
        "decode_ns_iters": [
          1392096,
          1392032,
          1392544,
          1399072,
          1392928,
          1392320,
          1391552,
          1392288,
          1391872,
          1391712,
          1389760,
          1392704,
          1390720,
          1392960,
          1392128,
          1390528,
          1389760,
          1391584,
          1392128,
          1392416,
          1392128,
          1391264,
          1391552,
          1392864,
          1391008,
          1390560,
          1391424,
          1390272,
          1392064,
          1390336
        ],
        "chunk_tokens": 192,
        "block_threads": 64,
        "staged_input_bytes": 435480880,
        "applicable": true
      },
      {
        "kernel": "onpair_dg_k6_t64_b4",
        "role": "experimental",
        "stage_bytes": null,
        "chunk_size": 192,
        "decode_ms": 1.388768,
        "decode_gib_s": 670.6106203187758,
        "decode_ns_iters": [
          1391104,
          1393184,
          1390816,
          1390528,
          1391744,
          1390848,
          1399104,
          1390720,
          1392416,
          1391328,
          1390272,
          1389728,
          1389632,
          1388768,
          1392192,
          1392192,
          1392416,
          1391616,
          1392000,
          1389696,
          1392512,
          1391776,
          1390656,
          1389984,
          1392416,
          1391264,
          1392160,
          1390592,
          1393056,
          1391200
        ],
        "chunk_tokens": 192,
        "block_threads": 64,
        "staged_input_bytes": 435480880,
        "applicable": true
      },
      {
        "kernel": "onpair_dg_k6_t64_b6",
        "role": "experimental",
        "stage_bytes": null,
        "chunk_size": 192,
        "decode_ms": 1.388448,
        "decode_gib_s": 670.7651780685094,
        "decode_ns_iters": [
          1393600,
          1391200,
          1394496,
          1392096,
          1390816,
          1389792,
          1389952,
          1391552,
          1389888,
          1397280,
          1389248,
          1390272,
          1389664,
          1390688,
          1393024,
          1391744,
          1390400,
          1390080,
          1396448,
          1392416,
          1388448,
          1391584,
          1389120,
          1392064,
          1389632,
          1390496,
          1391264,
          1397312,
          1389568,
          1392672
        ],
        "chunk_tokens": 192,
        "block_threads": 64,
        "staged_input_bytes": 435480880,
        "applicable": true
      },
      {
        "kernel": "onpair_dg_k6_t64_b8",
        "role": "experimental",
        "stage_bytes": null,
        "chunk_size": 192,
        "decode_ms": 1.389408,
        "decode_gib_s": 670.301718400114,
        "decode_ns_iters": [
          1392576,
          1391776,
          1392352,
          1390784,
          1392864,
          1392032,
          1392288,
          1390656,
          1391008,
          1393024,
          1391456,
          1391904,
          1390368,
          1390784,
          1392352,
          1389824,
          1389408,
          1391872,
          1392288,
          1391104,
          1392384,
          1397248,
          1394176,
          1391488,
          1392416,
          1391616,
          1391232,
          1391872,
          1393664,
          1390496
        ],
        "chunk_tokens": 192,
        "block_threads": 64,
        "staged_input_bytes": 435480880,
        "applicable": true
      },
      {
        "kernel": "onpair_dg_k6_t128_b1",
        "role": "experimental",
        "stage_bytes": null,
        "chunk_size": 192,
        "decode_ms": 1.333952,
        "decode_gib_s": 698.1679775275765,
        "decode_ns_iters": [
          1336864,
          1337344,
          1337152,
          1336416,
          1337248,
          1336768,
          1337664,
          1336000,
          1336320,
          1335712,
          1336608,
          1335968,
          1336416,
          1336992,
          1333952,
          1337952,
          1337312,
          1338112,
          1338688,
          1336960,
          1347904,
          1338528,
          1336672,
          1336768,
          1336928,
          1338624,
          1337600,
          1337248,
          1336416,
          1335904
        ],
        "chunk_tokens": 192,
        "block_threads": 128,
        "staged_input_bytes": 435480880,
        "applicable": true
      },
      {
        "kernel": "onpair_dg_k6_t128_b2",
        "role": "experimental",
        "stage_bytes": null,
        "chunk_size": 192,
        "decode_ms": 1.335424,
        "decode_gib_s": 697.3984067673381,
        "decode_ns_iters": [
          1338560,
          1336928,
          1338432,
          1336768,
          1336704,
          1335680,
          1335424,
          1338016,
          1336128,
          1337728,
          1345632,
          1336224,
          1336544,
          1338016,
          1335424,
          1336672,
          1338240,
          1338880,
          1336384,
          1336800,
          1338464,
          1337824,
          1337408,
          1337440,
          1338016,
          1337056,
          1336096,
          1336512,
          1336448,
          1339232
        ],
        "chunk_tokens": 192,
        "block_threads": 128,
        "staged_input_bytes": 435480880,
        "applicable": true
      },
      {
        "kernel": "onpair_dg_k6_t128_b4",
        "role": "experimental",
        "stage_bytes": null,
        "chunk_size": 192,
        "decode_ms": 1.333472,
        "decode_gib_s": 698.4192918627955,
        "decode_ns_iters": [
          1344832,
          1338752,
          1335712,
          1335328,
          1336704,
          1337504,
          1336768,
          1336576,
          1336640,
          1335648,
          1336032,
          1336672,
          1338496,
          1337600,
          1338304,
          1336576,
          1337824,
          1336864,
          1335488,
          1333472,
          1336160,
          1336512,
          1334336,
          1338240,
          1335808,
          1337856,
          1336832,
          1339264,
          1343296,
          1335616
        ],
        "chunk_tokens": 192,
        "block_threads": 128,
        "staged_input_bytes": 435480880,
        "applicable": true
      },
      {
        "kernel": "onpair_dg_k6_t128_b6",
        "role": "experimental",
        "stage_bytes": null,
        "chunk_size": 192,
        "decode_ms": 1.334752,
        "decode_gib_s": 697.7495219777649,
        "decode_ns_iters": [
          1337440,
          1335680,
          1335680,
          1334752,
          1337664,
          1336512,
          1336736,
          1337152,
          1337504,
          1335072,
          1338112,
          1336768,
          1337600,
          1337312,
          1338272,
          1337056,
          1336288,
          1336448,
          1342080,
          1337152,
          1336992,
          1337120,
          1336800,
          1336768,
          1337568,
          1335936,
          1335712,
          1337280,
          1335296,
          1336864
        ],
        "chunk_tokens": 192,
        "block_threads": 128,
        "staged_input_bytes": 435480880,
        "applicable": true
      },
      {
        "kernel": "onpair_dg_k6_t128_b8",
        "role": "experimental",
        "stage_bytes": null,
        "chunk_size": 192,
        "decode_ms": 1.335232,
        "decode_gib_s": 697.4986893355355,
        "decode_ns_iters": [
          1336768,
          1337280,
          1337888,
          1343072,
          1335232,
          1337632,
          1338144,
          1336960,
          1337600,
          1336864,
          1338112,
          1336576,
          1335840,
          1336928,
          1336096,
          1336192,
          1337952,
          1337376,
          1336384,
          1337952,
          1337504,
          1337216,
          1336704,
          1336960,
          1338144,
          1336480,
          1336064,
          1335872,
          1337472,
          1335520
        ],
        "chunk_tokens": 192,
        "block_threads": 128,
        "staged_input_bytes": 435480880,
        "applicable": true
      },
      {
        "kernel": "onpair_dg_k6_t256_b1",
        "role": "experimental",
        "stage_bytes": null,
        "chunk_size": 192,
        "decode_ms": 1.277888,
        "decode_gib_s": 728.798274934005,
        "decode_ns_iters": [
          1279296,
          1280032,
          1279360,
          1281216,
          1279872,
          1280576,
          1279520,
          1278944,
          1281856,
          1280736,
          1280640,
          1281856,
          1279296,
          1287648,
          1280640,
          1279712,
          1285120,
          1280672,
          1279936,
          1286528,
          1281280,
          1280384,
          1279424,
          1277888,
          1280480,
          1280096,
          1278816,
          1280320,
          1280544,
          1282368
        ],
        "chunk_tokens": 192,
        "block_threads": 256,
        "staged_input_bytes": 435480880,
        "applicable": true
      },
      {
        "kernel": "onpair_dg_k6_t256_b2",
        "role": "experimental",
        "stage_bytes": null,
        "chunk_size": 192,
        "decode_ms": 1.277472,
        "decode_gib_s": 729.0356030964793,
        "decode_ns_iters": [
          1280512,
          1280416,
          1281344,
          1279904,
          1279520,
          1279040,
          1279712,
          1279776,
          1277472,
          1281280,
          1282560,
          1281696,
          1279488,
          1278816,
          1280736,
          1278464,
          1280448,
          1280000,
          1279840,
          1279392,
          1278656,
          1279744,
          1278112,
          1281024,
          1278848,
          1279552,
          1281664,
          1279904,
          1279296,
          1279232
        ],
        "chunk_tokens": 192,
        "block_threads": 256,
        "staged_input_bytes": 435480880,
        "applicable": true
      },
      {
        "kernel": "onpair_dg_k6_t256_b4",
        "role": "experimental",
        "stage_bytes": null,
        "chunk_size": 192,
        "decode_ms": 1.276672,
        "decode_gib_s": 729.4924381194744,
        "decode_ns_iters": [
          1278752,
          1280320,
          1280384,
          1280128,
          1280448,
          1280032,
          1279328,
          1279296,
          1279776,
          1278880,
          1279776,
          1278336,
          1279520,
          1278464,
          1280224,
          1278496,
          1278240,
          1277248,
          1277056,
          1276672,
          1279424,
          1278048,
          1277664,
          1277888,
          1277088,
          1281408,
          1279744,
          1277920,
          1279136,
          1280128
        ],
        "chunk_tokens": 192,
        "block_threads": 256,
        "staged_input_bytes": 435480880,
        "applicable": true
      },
      {
        "kernel": "onpair_dg_k6_t256_b6",
        "role": "experimental",
        "stage_bytes": null,
        "chunk_size": 192,
        "decode_ms": 1.41056,
        "decode_gib_s": 660.2502339204754,
        "decode_ns_iters": [
          1416864,
          1415904,
          1414112,
          1420224,
          1417408,
          1414784,
          1415424,
          1417440,
          1410560,
          1415008,
          1417472,
          1411040,
          1415424,
          1411648,
          1413920,
          1414336,
          1420288,
          1416704,
          1417216,
          1418624,
          1418272,
          1417472,
          1418656,
          1418688,
          1416224,
          1423168,
          1414080,
          1420160,
          1417440,
          1415328
        ],
        "chunk_tokens": 192,
        "block_threads": 256,
        "staged_input_bytes": 435480880,
        "applicable": true
      },
      {
        "kernel": "onpair_dg_k6_t256_b8",
        "role": "experimental",
        "stage_bytes": null,
        "chunk_size": 192,
        "decode_ms": 1.294816,
        "decode_gib_s": 719.2702051556867,
        "decode_ns_iters": [
          1299168,
          1298624,
          1295744,
          1296064,
          1297632,
          1296640,
          1296672,
          1297824,
          1298368,
          1297184,
          1299840,
          1297664,
          1294816,
          1298944,
          1297888,
          1299008,
          1297536,
          1299520,
          1297760,
          1300416,
          1296928,
          1297184,
          1297632,
          1297792,
          1298400,
          1298528,
          1295584,
          1304128,
          1298496,
          1298976
        ],
        "chunk_tokens": 192,
        "block_threads": 256,
        "staged_input_bytes": 435480880,
        "applicable": true
      },
      {
        "kernel": "onpair_dg_k7_t64_b1",
        "role": "experimental",
        "stage_bytes": null,
        "chunk_size": 224,
        "decode_ms": 1.387968,
        "decode_gib_s": 670.9971483196051,
        "decode_ns_iters": [
          1392000,
          1391872,
          1391392,
          1391008,
          1392352,
          1390880,
          1398816,
          1390464,
          1390304,
          1390208,
          1390880,
          1391680,
          1392320,
          1391104,
          1390976,
          1392800,
          1391552,
          1391712,
          1391264,
          1390368,
          1392768,
          1390464,
          1390240,
          1390624,
          1392416,
          1391456,
          1387968,
          1388768,
          1392832,
          1390784
        ],
        "chunk_tokens": 224,
        "block_threads": 64,
        "staged_input_bytes": 434211448,
        "applicable": true
      },
      {
        "kernel": "onpair_dg_k7_t64_b2",
        "role": "experimental",
        "stage_bytes": null,
        "chunk_size": 224,
        "decode_ms": 1.3888,
        "decode_gib_s": 670.5951684611648,
        "decode_ns_iters": [
          1396256,
          1388960,
          1392416,
          1390624,
          1390848,
          1391232,
          1389408,
          1389696,
          1390208,
          1392768,
          1390976,
          1390528,
          1393120,
          1390208,
          1390016,
          1389536,
          1388800,
          1390144,
          1391040,
          1393344,
          1393088,
          1389376,
          1391552,
          1391488,
          1391872,
          1390944,
          1393760,
          1391040,
          1389824,
          1389728
        ],
        "chunk_tokens": 224,
        "block_threads": 64,
        "staged_input_bytes": 434211448,
        "applicable": true
      },
      {
        "kernel": "onpair_dg_k7_t64_b4",
        "role": "experimental",
        "stage_bytes": null,
        "chunk_size": 224,
        "decode_ms": 1.388384,
        "decode_gib_s": 670.7960981679893,
        "decode_ns_iters": [
          1390368,
          1392800,
          1389760,
          1399232,
          1389312,
          1390016,
          1389696,
          1390816,
          1390368,
          1388576,
          1389760,
          1391328,
          1392224,
          1390400,
          1390272,
          1391840,
          1390240,
          1390176,
          1390848,
          1389408,
          1392224,
          1391648,
          1389440,
          1389824,
          1391360,
          1390624,
          1391456,
          1390336,
          1392416,
          1388384
        ],
        "chunk_tokens": 224,
        "block_threads": 64,
        "staged_input_bytes": 434211448,
        "applicable": true
      },
      {
        "kernel": "onpair_dg_k7_t64_b6",
        "role": "experimental",
        "stage_bytes": null,
        "chunk_size": 224,
        "decode_ms": 1.388448,
        "decode_gib_s": 670.7651780685094,
        "decode_ns_iters": [
          1388896,
          1391360,
          1390624,
          1391360,
          1389408,
          1388448,
          1396832,
          1388800,
          1388960,
          1389440,
          1389664,
          1389504,
          1389600,
          1390528,
          1391520,
          1390528,
          1389088,
          1389888,
          1391616,
          1389920,
          1391680,
          1390560,
          1389888,
          1388928,
          1390592,
          1391456,
          1393088,
          1390112,
          1390272,
          1390176
        ],
        "chunk_tokens": 224,
        "block_threads": 64,
        "staged_input_bytes": 434211448,
        "applicable": true
      },
      {
        "kernel": "onpair_dg_k7_t64_b8",
        "role": "experimental",
        "stage_bytes": null,
        "chunk_size": 224,
        "decode_ms": 1.388768,
        "decode_gib_s": 670.6106203187758,
        "decode_ns_iters": [
          1395456,
          1390816,
          1391200,
          1388864,
          1392608,
          1391104,
          1389824,
          1390368,
          1389856,
          1397056,
          1390752,
          1389696,
          1392640,
          1391232,
          1390528,
          1389760,
          1389760,
          1392224,
          1390592,
          1389344,
          1391072,
          1391584,
          1390496,
          1389888,
          1392000,
          1390272,
          1391648,
          1390272,
          1390496,
          1388768
        ],
        "chunk_tokens": 224,
        "block_threads": 64,
        "staged_input_bytes": 434211448,
        "applicable": true
      },
      {
        "kernel": "onpair_dg_k7_t128_b1",
        "role": "experimental",
        "stage_bytes": null,
        "chunk_size": 224,
        "decode_ms": 1.325152,
        "decode_gib_s": 702.8043348678987,
        "decode_ns_iters": [
          1329536,
          1329632,
          1329984,
          1325152,
          1328160,
          1325760,
          1331680,
          1328544,
          1330656,
          1329888,
          1329280,
          1327232,
          1331296,
          1327488,
          1331424,
          1327584,
          1328288,
          1330400,
          1329056,
          1328096,
          1331072,
          1328480,
          1328384,
          1330784,
          1327936,
          1326784,
          1331104,
          1328416,
          1327008,
          1328768
        ],
        "chunk_tokens": 224,
        "block_threads": 128,
        "staged_input_bytes": 434211448,
        "applicable": true
      },
      {
        "kernel": "onpair_dg_k7_t128_b2",
        "role": "experimental",
        "stage_bytes": null,
        "chunk_size": 224,
        "decode_ms": 1.326016,
        "decode_gib_s": 702.3464045372496,
        "decode_ns_iters": [
          1328192,
          1329440,
          1329184,
          1330304,
          1328064,
          1327040,
          1327648,
          1328000,
          1328160,
          1327168,
          1328704,
          1328704,
          1328096,
          1328448,
          1327488,
          1326528,
          1329664,
          1329920,
          1328608,
          1329856,
          1328000,
          1327936,
          1330016,
          1328960,
          1329920,
          1326016,
          1328992,
          1330080,
          1331648,
          1328768
        ],
        "chunk_tokens": 224,
        "block_threads": 128,
        "staged_input_bytes": 434211448,
        "applicable": true
      },
      {
        "kernel": "onpair_dg_k7_t128_b4",
        "role": "experimental",
        "stage_bytes": null,
        "chunk_size": 224,
        "decode_ms": 1.326528,
        "decode_gib_s": 702.0753199019287,
        "decode_ns_iters": [
          1329248,
          1331232,
          1327968,
          1330176,
          1330592,
          1327104,
          1329536,
          1328992,
          1328448,
          1330464,
          1330592,
          1329664,
          1330304,
          1329472,
          1331264,
          1327488,
          1329568,
          1331808,
          1329088,
          1326528,
          1328832,
          1327424,
          1329632,
          1328800,
          1329984,
          1328832,
          1328384,
          1328544,
          1331744,
          1331200
        ],
        "chunk_tokens": 224,
        "block_threads": 128,
        "staged_input_bytes": 434211448,
        "applicable": true
      },
      {
        "kernel": "onpair_dg_k7_t128_b6",
        "role": "experimental",
        "stage_bytes": null,
        "chunk_size": 224,
        "decode_ms": 1.32592,
        "decode_gib_s": 702.3972562136975,
        "decode_ns_iters": [
          1329920,
          1330528,
          1328608,
          1325920,
          1328384,
          1326528,
          1329664,
          1330400,
          1327168,
          1336768,
          1327392,
          1327968,
          1326080,
          1331232,
          1328672,
          1329984,
          1327488,
          1328256,
          1326848,
          1330368,
          1327584,
          1327936,
          1336960,
          1327008,
          1328736,
          1329856,
          1326592,
          1326528,
          1328032,
          1329024
        ],
        "chunk_tokens": 224,
        "block_threads": 128,
        "staged_input_bytes": 434211448,
        "applicable": true
      },
      {
        "kernel": "onpair_dg_k7_t128_b8",
        "role": "experimental",
        "stage_bytes": null,
        "chunk_size": 224,
        "decode_ms": 1.326048,
        "decode_gib_s": 702.3294556146277,
        "decode_ns_iters": [
          1329344,
          1329024,
          1335776,
          1329984,
          1328992,
          1328928,
          1328640,
          1328608,
          1328576,
          1329888,
          1330304,
          1328896,
          1328224,
          1330976,
          1326048,
          1332480,
          1330848,
          1329472,
          1330208,
          1331232,
          1329824,
          1330400,
          1327872,
          1330528,
          1328864,
          1329376,
          1328352,
          1329408,
          1330080,
          1332064
        ],
        "chunk_tokens": 224,
        "block_threads": 128,
        "staged_input_bytes": 434211448,
        "applicable": true
      },
      {
        "kernel": "onpair_dg_k7_t256_b1",
        "role": "experimental",
        "stage_bytes": null,
        "chunk_size": 224,
        "decode_ms": 1.292,
        "decode_gib_s": 720.8379024449424,
        "decode_ns_iters": [
          1296288,
          1294272,
          1297120,
          1293280,
          1295200,
          1293088,
          1301056,
          1294400,
          1292000,
          1293440,
          1296416,
          1293728,
          1293312,
          1296704,
          1293920,
          1295776,
          1295136,
          1295520,
          1295008,
          1292064,
          1294784,
          1295040,
          1294752,
          1295168,
          1294304,
          1296384,
          1301056,
          1295712,
          1294176,
          1293536
        ],
        "chunk_tokens": 224,
        "block_threads": 256,
        "staged_input_bytes": 434211448,
        "applicable": true
      },
      {
        "kernel": "onpair_dg_k7_t256_b2",
        "role": "experimental",
        "stage_bytes": null,
        "chunk_size": 224,
        "decode_ms": 1.291232,
        "decode_gib_s": 721.2666429881428,
        "decode_ns_iters": [
          1293888,
          1294752,
          1291296,
          1294528,
          1294016,
          1297120,
          1297472,
          1296704,
          1295584,
          1295360,
          1302112,
          1294848,
          1292288,
          1293696,
          1296928,
          1293920,
          1297696,
          1292096,
          1294400,
          1291232,
          1293984,
          1294752,
          1292736,
          1292576,
          1291232,
          1294560,
          1296512,
          1293056,
          1296096,
          1296608
        ],
        "chunk_tokens": 224,
        "block_threads": 256,
        "staged_input_bytes": 434211448,
        "applicable": true
      },
      {
        "kernel": "onpair_dg_k7_t256_b4",
        "role": "experimental",
        "stage_bytes": null,
        "chunk_size": 224,
        "decode_ms": 1.291424,
        "decode_gib_s": 721.1594100457058,
        "decode_ns_iters": [
          1295648,
          1292288,
          1298336,
          1295456,
          1291744,
          1295840,
          1295776,
          1294240,
          1294112,
          1296160,
          1295008,
          1298720,
          1292736,
          1295712,
          1296000,
          1293408,
          1293952,
          1292000,
          1292224,
          1295200,
          1294304,
          1294816,
          1295360,
          1291424,
          1295648,
          1296352,
          1296160,
          1294208,
          1294368,
          1295232
        ],
        "chunk_tokens": 224,
        "block_threads": 256,
        "staged_input_bytes": 434211448,
        "applicable": true
      },
      {
        "kernel": "onpair_dg_k7_t256_b6",
        "role": "experimental",
        "stage_bytes": null,
        "chunk_size": 224,
        "decode_ms": 1.636928,
        "decode_gib_s": 568.945347601645,
        "decode_ns_iters": [
          1650784,
          1644288,
          1647648,
          1647968,
          1648256,
          1636928,
          1647488,
          1646144,
          1658144,
          1648064,
          1642912,
          1647872,
          1651648,
          1648352,
          1648800,
          1649504,
          1643680,
          1644320,
          1647680,
          1647776,
          1649408,
          1651040,
          1648128,
          1645728,
          1645760,
          1649952,
          1647488,
          1646464,
          1650304,
          1649792
        ],
        "chunk_tokens": 224,
        "block_threads": 256,
        "staged_input_bytes": 434211448,
        "applicable": true
      },
      {
        "kernel": "onpair_dg_k7_t256_b8",
        "role": "experimental",
        "stage_bytes": null,
        "chunk_size": 224,
        "decode_ms": 1.882336,
        "decode_gib_s": 494.7695682167613,
        "decode_ns_iters": [
          1888224,
          1886784,
          1883968,
          1884448,
          1883008,
          1886816,
          1882336,
          1890048,
          1884576,
          1886688,
          1885728,
          1885632,
          1886848,
          1883936,
          1893120,
          1887040,
          1885344,
          1884960,
          1887456,
          1887648,
          1887968,
          1883712,
          1886304,
          1884576,
          1884896,
          1887264,
          1888448,
          1884128,
          1886016,
          1901600
        ],
        "chunk_tokens": 224,
        "block_threads": 256,
        "staged_input_bytes": 434211448,
        "applicable": true
      },
      {
        "kernel": "onpair_dg_k8_t64_b1",
        "role": "experimental",
        "stage_bytes": null,
        "chunk_size": 256,
        "decode_ms": 1.5224,
        "decode_gib_s": 611.7463018647305,
        "decode_ns_iters": [
          1536960,
          1537504,
          1542272,
          1533568,
          1532576,
          1534240,
          1530656,
          1535168,
          1538432,
          1524000,
          1532928,
          1534528,
          1538400,
          1531040,
          1534720,
          1542368,
          1537600,
          1531840,
          1534336,
          1530624,
          1532640,
          1530656,
          1535072,
          1532544,
          1533376,
          1530016,
          1535968,
          1522400,
          1549760,
          1534080
        ],
        "chunk_tokens": 256,
        "block_threads": 64,
        "staged_input_bytes": 433259384,
        "applicable": true
      },
      {
        "kernel": "onpair_dg_k8_t64_b2",
        "role": "experimental",
        "stage_bytes": null,
        "chunk_size": 256,
        "decode_ms": 1.526464,
        "decode_gib_s": 610.1176116560008,
        "decode_ns_iters": [
          1538368,
          1542816,
          1533888,
          1526464,
          1534112,
          1534304,
          1536224,
          1536800,
          1534432,
          1537088,
          1547456,
          1539808,
          1533056,
          1538528,
          1537728,
          1532736,
          1528960,
          1532480,
          1530464,
          1532640,
          1536384,
          1530400,
          1538080,
          1533664,
          1526752,
          1532320,
          1538880,
          1533792,
          1531968,
          1534400
        ],
        "chunk_tokens": 256,
        "block_threads": 64,
        "staged_input_bytes": 433259384,
        "applicable": true
      },
      {
        "kernel": "onpair_dg_k8_t64_b4",
        "role": "experimental",
        "stage_bytes": null,
        "chunk_size": 256,
        "decode_ms": 1.526144,
        "decode_gib_s": 610.2455403676623,
        "decode_ns_iters": [
          1542048,
          1540736,
          1536480,
          1536416,
          1538016,
          1542944,
          1537536,
          1533088,
          1526592,
          1535552,
          1537184,
          1541088,
          1534240,
          1538848,
          1530848,
          1541280,
          1537920,
          1533792,
          1532512,
          1536128,
          1536384,
          1537408,
          1538272,
          1526144,
          1535552,
          1532544,
          1532224,
          1539904,
          1537280,
          1533600
        ],
        "chunk_tokens": 256,
        "block_threads": 64,
        "staged_input_bytes": 433259384,
        "applicable": true
      },
      {
        "kernel": "onpair_dg_k8_t64_b6",
        "role": "experimental",
        "stage_bytes": null,
        "chunk_size": 256,
        "decode_ms": 1.528928,
        "decode_gib_s": 609.1343542396147,
        "decode_ns_iters": [
          1542112,
          1532160,
          1528928,
          1530016,
          1536576,
          1532704,
          1531232,
          1532224,
          1531616,
          1529568,
          1534176,
          1536032,
          1540864,
          1535936,
          1531456,
          1535296,
          1534432,
          1534144,
          1536736,
          1534976,
          1536544,
          1537024,
          1539168,
          1536576,
          1540512,
          1534272,
          1534848,
          1536576,
          1534976,
          1534432
        ],
        "chunk_tokens": 256,
        "block_threads": 64,
        "staged_input_bytes": 433259384,
        "applicable": true
      },
      {
        "kernel": "onpair_dg_k8_t64_b8",
        "role": "experimental",
        "stage_bytes": null,
        "chunk_size": 256,
        "decode_ms": 1.529216,
        "decode_gib_s": 609.0196348709834,
        "decode_ns_iters": [
          1543552,
          1538848,
          1532096,
          1533440,
          1535168,
          1534336,
          1533760,
          1534528,
          1529216,
          1536576,
          1539040,
          1529920,
          1533760,
          1534752,
          1532768,
          1535328,
          1531776,
          1531136,
          1533024,
          1531520,
          1542080,
          1537088,
          1535968,
          1541472,
          1531168,
          1538176,
          1534976,
          1537472,
          1534144,
          1536096
        ],
        "chunk_tokens": 256,
        "block_threads": 64,
        "staged_input_bytes": 433259384,
        "applicable": true
      },
      {
        "kernel": "onpair_dg_k8_t128_b1",
        "role": "experimental",
        "stage_bytes": null,
        "chunk_size": 256,
        "decode_ms": 1.554176,
        "decode_gib_s": 599.2388056171667,
        "decode_ns_iters": [
          1561664,
          1563072,
          1558624,
          1563264,
          1559456,
          1558528,
          1558176,
          1559936,
          1560320,
          1554176,
          1555968,
          1557120,
          1561472,
          1561120,
          1562432,
          1559200,
          1561152,
          1566176,
          1560192,
          1559968,
          1559488,
          1556608,
          1561280,
          1556896,
          1561152,
          1554560,
          1557856,
          1564064,
          1559936,
          1559424
        ],
        "chunk_tokens": 256,
        "block_threads": 128,
        "staged_input_bytes": 433259384,
        "applicable": true
      },
      {
        "kernel": "onpair_dg_k8_t128_b2",
        "role": "experimental",
        "stage_bytes": null,
        "chunk_size": 256,
        "decode_ms": 1.555264,
        "decode_gib_s": 598.8196023047313,
        "decode_ns_iters": [
          1558272,
          1561184,
          1559168,
          1557120,
          1558976,
          1559936,
          1560064,
          1560832,
          1560640,
          1557280,
          1557056,
          1558912,
          1555264,
          1561088,
          1559488,
          1555328,
          1562400,
          1561344,
          1558496,
          1562304,
          1562240,
          1559968,
          1561920,
          1560832,
          1561120,
          1557472,
          1560384,
          1558784,
          1562848,
          1556032
        ],
        "chunk_tokens": 256,
        "block_threads": 128,
        "staged_input_bytes": 433259384,
        "applicable": true
      },
      {
        "kernel": "onpair_dg_k8_t128_b4",
        "role": "experimental",
        "stage_bytes": null,
        "chunk_size": 256,
        "decode_ms": 1.557824,
        "decode_gib_s": 597.8355513580902,
        "decode_ns_iters": [
          1562720,
          1560704,
          1561824,
          1559232,
          1562080,
          1558144,
          1561376,
          1558656,
          1558752,
          1559680,
          1559424,
          1558944,
          1560128,
          1562720,
          1568704,
          1559744,
          1559744,
          1560064,
          1560832,
          1560896,
          1561376,
          1560224,
          1560384,
          1558880,
          1558336,
          1561536,
          1557824,
          1563392,
          1558944,
          1560896
        ],
        "chunk_tokens": 256,
        "block_threads": 128,
        "staged_input_bytes": 433259384,
        "applicable": true
      },
      {
        "kernel": "onpair_dg_k8_t128_b6",
        "role": "experimental",
        "stage_bytes": null,
        "chunk_size": 256,
        "decode_ms": 1.553792,
        "decode_gib_s": 599.3868998932069,
        "decode_ns_iters": [
          1558144,
          1560928,
          1555328,
          1553856,
          1560640,
          1560992,
          1560800,
          1557696,
          1561216,
          1557152,
          1559328,
          1557824,
          1557600,
          1556000,
          1565984,
          1560896,
          1562528,
          1559616,
          1559552,
          1560832,
          1559232,
          1559520,
          1558784,
          1553792,
          1560032,
          1562016,
          1559264,
          1561440,
          1567616,
          1556704
        ],
        "chunk_tokens": 256,
        "block_threads": 128,
        "staged_input_bytes": 433259384,
        "applicable": true
      },
      {
        "kernel": "onpair_dg_k8_t128_b8",
        "role": "experimental",
        "stage_bytes": null,
        "chunk_size": 256,
        "decode_ms": 1.55408,
        "decode_gib_s": 599.275822325019,
        "decode_ns_iters": [
          1567328,
          1558656,
          1562144,
          1563520,
          1558976,
          1556064,
          1560480,
          1559744,
          1557504,
          1557344,
          1558560,
          1557888,
          1559776,
          1560352,
          1567936,
          1558688,
          1558144,
          1559232,
          1556480,
          1559712,
          1560864,
          1554080,
          1562752,
          1563296,
          1558112,
          1558624,
          1560928,
          1562432,
          1564512,
          1561696
        ],
        "chunk_tokens": 256,
        "block_threads": 128,
        "staged_input_bytes": 433259384,
        "applicable": true
      },
      {
        "kernel": "onpair_dg_k8_t256_b1",
        "role": "experimental",
        "stage_bytes": null,
        "chunk_size": 256,
        "decode_ms": 1.55648,
        "decode_gib_s": 598.3517744904307,
        "decode_ns_iters": [
          1564576,
          1557888,
          1557568,
          1558528,
          1559360,
          1559392,
          1560736,
          1556768,
          1559936,
          1557088,
          1560096,
          1562400,
          1560384,
          1556480,
          1569952,
          1560032,
          1563552,
          1560544,
          1556640,
          1561984,
          1561088,
          1561312,
          1563616,
          1560320,
          1562144,
          1562176,
          1562112,
          1564288,
          1570976,
          1562912
        ],
        "chunk_tokens": 256,
        "block_threads": 256,
        "staged_input_bytes": 433259384,
        "applicable": true
      },
      {
        "kernel": "onpair_dg_k8_t256_b2",
        "role": "experimental",
        "stage_bytes": null,
        "chunk_size": 256,
        "decode_ms": 1.555904,
        "decode_gib_s": 598.573285986067,
        "decode_ns_iters": [
          1567168,
          1557152,
          1564384,
          1560480,
          1560960,
          1559008,
          1559872,
          1559808,
          1566880,
          1559008,
          1555904,
          1556512,
          1561024,
          1559008,
          1567776,
          1560832,
          1556704,
          1558656,
          1559264,
          1558208,
          1559104,
          1562240,
          1564064,
          1562464,
          1561376,
          1560000,
          1561696,
          1558624,
          1570400,
          1559008
        ],
        "chunk_tokens": 256,
        "block_threads": 256,
        "staged_input_bytes": 433259384,
        "applicable": true
      },
      {
        "kernel": "onpair_dg_k8_t256_b4",
        "role": "experimental",
        "stage_bytes": null,
        "chunk_size": 256,
        "decode_ms": 1.55328,
        "decode_gib_s": 599.584472830955,
        "decode_ns_iters": [
          1569216,
          1558528,
          1563520,
          1558880,
          1562528,
          1558656,
          1558752,
          1560128,
          1557888,
          1561344,
          1562176,
          1561888,
          1557920,
          1559744,
          1562176,
          1562080,
          1560160,
          1553280,
          1557888,
          1553856,
          1564064,
          1558432,
          1563616,
          1559232,
          1555520,
          1559744,
          1556960,
          1554880,
          1554240,
          1558304
        ],
        "chunk_tokens": 256,
        "block_threads": 256,
        "staged_input_bytes": 433259384,
        "applicable": true
      },
      {
        "kernel": "onpair_dg_k8_t256_b6",
        "role": "experimental",
        "stage_bytes": null,
        "chunk_size": 256,
        "decode_ms": 1.95936,
        "decode_gib_s": 475.31978296937046,
        "decode_ns_iters": [
          1965824,
          1962784,
          1984672,
          1974528,
          1980448,
          1973024,
          1982240,
          1971552,
          1977760,
          1970016,
          1967200,
          1967712,
          1973152,
          1963648,
          1973408,
          1970016,
          1972960,
          1969024,
          1965024,
          1974752,
          1980384,
          1970464,
          1966144,
          1978976,
          1959360,
          1962080,
          1969568,
          1976480,
          1968512,
          1965856
        ],
        "chunk_tokens": 256,
        "block_threads": 256,
        "staged_input_bytes": 433259384,
        "applicable": true
      },
      {
        "kernel": "onpair_dg_k8_t256_b8",
        "role": "experimental",
        "stage_bytes": null,
        "chunk_size": 256,
        "decode_ms": 1.5424,
        "decode_gib_s": 603.8139068716712,
        "decode_ns_iters": [
          1542400,
          1546848,
          1545120,
          1551520,
          1549792,
          1549248,
          1544544,
          1546848,
          1551040,
          1550240,
          1550816,
          1551136,
          1554208,
          1547616,
          1553536,
          1552672,
          1549376,
          1553152,
          1550720,
          1551616,
          1547616,
          1550112,
          1542912,
          1546912,
          1548864,
          1546720,
          1549440,
          1551520,
          1550752,
          1547328
        ],
        "chunk_tokens": 256,
        "block_threads": 256,
        "staged_input_bytes": 433259384,
        "applicable": true
      },
      {
        "kernel": "onpair_dw_k1_t64_b1",
        "role": "experimental",
        "stage_bytes": null,
        "chunk_size": 32,
        "decode_ms": 1.759776,
        "decode_gib_s": 529.2279073921145,
        "decode_ns_iters": [
          1765120,
          1770048,
          1762624,
          1763040,
          1764128,
          1765888,
          1767072,
          1762624,
          1764032,
          1762240,
          1759776,
          1766400,
          1765568,
          1766528,
          1762304,
          1765344,
          1764320,
          1763616,
          1763712,
          1764032,
          1767360,
          1768640,
          1760736,
          1767680,
          1767040,
          1762560,
          1767328,
          1763200,
          1764928,
          1763776
        ],
        "chunk_tokens": 32,
        "block_threads": 64,
        "staged_input_bytes": 479910784,
        "applicable": true
      },
      {
        "kernel": "onpair_dw_k1_t64_b2",
        "role": "experimental",
        "stage_bytes": null,
        "chunk_size": 32,
        "decode_ms": 1.761824,
        "decode_gib_s": 528.6127161162894,
        "decode_ns_iters": [
          1766944,
          1765184,
          1762080,
          1769344,
          1768736,
          1763488,
          1765024,
          1763456,
          1766336,
          1762368,
          1765632,
          1767296,
          1768512,
          1764320,
          1764256,
          1769440,
          1767648,
          1768192,
          1766560,
          1761824,
          1762784,
          1766272,
          1764608,
          1764416,
          1764192,
          1764672,
          1762144,
          1768800,
          1767552,
          1769472
        ],
        "chunk_tokens": 32,
        "block_threads": 64,
        "staged_input_bytes": 479910784,
        "applicable": true
      },
      {
        "kernel": "onpair_dw_k1_t64_b4",
        "role": "experimental",
        "stage_bytes": null,
        "chunk_size": 32,
        "decode_ms": 1.76016,
        "decode_gib_s": 529.1124499811754,
        "decode_ns_iters": [
          1760352,
          1767648,
          1766432,
          1763264,
          1762944,
          1766848,
          1765568,
          1761600,
          1767808,
          1765312,
          1764320,
          1763296,
          1761856,
          1763776,
          1765696,
          1763488,
          1760160,
          1767264,
          1762048,
          1766816,
          1765536,
          1765376,
          1761600,
          1766336,
          1766976,
          1766144,
          1767520,
          1767168,
          1767872,
          1767904
        ],
        "chunk_tokens": 32,
        "block_threads": 64,
        "staged_input_bytes": 479910784,
        "applicable": true
      },
      {
        "kernel": "onpair_dw_k1_t64_b6",
        "role": "experimental",
        "stage_bytes": null,
        "chunk_size": 32,
        "decode_ms": 1.760832,
        "decode_gib_s": 528.9105206850317,
        "decode_ns_iters": [
          1769504,
          1766944,
          1767360,
          1767296,
          1765824,
          1767296,
          1766304,
          1766368,
          1765856,
          1769088,
          1765760,
          1763456,
          1763328,
          1761696,
          1763456,
          1772224,
          1766048,
          1764576,
          1765344,
          1761856,
          1768256,
          1762464,
          1761664,
          1766592,
          1765696,
          1760832,
          1763168,
          1764320,
          1762176,
          1765728
        ],
        "chunk_tokens": 32,
        "block_threads": 64,
        "staged_input_bytes": 479910784,
        "applicable": true
      },
      {
        "kernel": "onpair_dw_k1_t64_b8",
        "role": "experimental",
        "stage_bytes": null,
        "chunk_size": 32,
        "decode_ms": 1.760032,
        "decode_gib_s": 529.1509301869884,
        "decode_ns_iters": [
          1763616,
          1761024,
          1764288,
          1762528,
          1769152,
          1765504,
          1760672,
          1764896,
          1763104,
          1761952,
          1766048,
          1770240,
          1767104,
          1767744,
          1766560,
          1762816,
          1763872,
          1763840,
          1764288,
          1760032,
          1766304,
          1763104,
          1763840,
          1764192,
          1763808,
          1763744,
          1767968,
          1762848,
          1763232,
          1762304
        ],
        "chunk_tokens": 32,
        "block_threads": 64,
        "staged_input_bytes": 479910784,
        "applicable": true
      },
      {
        "kernel": "onpair_dw_k1_t128_b1",
        "role": "experimental",
        "stage_bytes": null,
        "chunk_size": 32,
        "decode_ms": 1.680736,
        "decode_gib_s": 554.1159170499506,
        "decode_ns_iters": [
          1683904,
          1682720,
          1681376,
          1683104,
          1685920,
          1685728,
          1687392,
          1683520,
          1694336,
          1682688,
          1683328,
          1684864,
          1683072,
          1684480,
          1684928,
          1682048,
          1688352,
          1683744,
          1680736,
          1687072,
          1688064,
          1689184,
          1682560,
          1683232,
          1681504,
          1682016,
          1681696,
          1683776,
          1683296,
          1682368
        ],
        "chunk_tokens": 32,
        "block_threads": 128,
        "staged_input_bytes": 479910784,
        "applicable": true
      },
      {
        "kernel": "onpair_dw_k1_t128_b2",
        "role": "experimental",
        "stage_bytes": null,
        "chunk_size": 32,
        "decode_ms": 1.670144,
        "decode_gib_s": 557.6301025294019,
        "decode_ns_iters": [
          1687552,
          1683808,
          1683424,
          1683328,
          1682784,
          1688352,
          1686368,
          1686592,
          1685504,
          1687200,
          1685056,
          1686144,
          1687776,
          1681952,
          1684352,
          1680096,
          1689248,
          1687520,
          1683008,
          1676000,
          1675520,
          1671296,
          1670144,
          1683072,
          1688192,
          1686784,
          1681120,
          1684512,
          1684352,
          1685184
        ],
        "chunk_tokens": 32,
        "block_threads": 128,
        "staged_input_bytes": 479910784,
        "applicable": true
      },
      {
        "kernel": "onpair_dw_k1_t128_b4",
        "role": "experimental",
        "stage_bytes": null,
        "chunk_size": 32,
        "decode_ms": 1.682016,
        "decode_gib_s": 553.6942395071543,
        "decode_ns_iters": [
          1686720,
          1685376,
          1682752,
          1683904,
          1684160,
          1685984,
          1686656,
          1684128,
          1684096,
          1682720,
          1685216,
          1682816,
          1682016,
          1683712,
          1686336,
          1687104,
          1683104,
          1685088,
          1685024,
          1684768,
          1685504,
          1686816,
          1683040,
          1688000,
          1682432,
          1684832,
          1685184,
          1682752,
          1687264,
          1685504
        ],
        "chunk_tokens": 32,
        "block_threads": 128,
        "staged_input_bytes": 479910784,
        "applicable": true
      },
      {
        "kernel": "onpair_dw_k1_t128_b6",
        "role": "experimental",
        "stage_bytes": null,
        "chunk_size": 32,
        "decode_ms": 1.679296,
        "decode_gib_s": 554.5910726631075,
        "decode_ns_iters": [
          1685120,
          1682464,
          1682816,
          1681440,
          1682912,
          1693984,
          1683264,
          1686496,
          1679296,
          1682048,
          1684736,
          1684800,
          1684480,
          1684960,
          1680704,
          1687584,
          1684384,
          1686688,
          1690336,
          1686592,
          1686624,
          1683744,
          1683168,
          1683936,
          1682560,
          1680000,
          1683520,
          1685312,
          1683456,
          1682112
        ],
        "chunk_tokens": 32,
        "block_threads": 128,
        "staged_input_bytes": 479910784,
        "applicable": true
      },
      {
        "kernel": "onpair_dw_k1_t128_b8",
        "role": "experimental",
        "stage_bytes": null,
        "chunk_size": 32,
        "decode_ms": 1.680288,
        "decode_gib_s": 554.2636559678256,
        "decode_ns_iters": [
          1696352,
          1680736,
          1680576,
          1682912,
          1682944,
          1683264,
          1684128,
          1689056,
          1684448,
          1685984,
          1682592,
          1682720,
          1685504,
          1681760,
          1682400,
          1680288,
          1683072,
          1693472,
          1683008,
          1682176,
          1683136,
          1681696,
          1685312,
          1683360,
          1682880,
          1681568,
          1684512,
          1683360,
          1687360,
          1684832
        ],
        "chunk_tokens": 32,
        "block_threads": 128,
        "staged_input_bytes": 479910784,
        "applicable": true
      },
      {
        "kernel": "onpair_dw_k1_t256_b1",
        "role": "experimental",
        "stage_bytes": null,
        "chunk_size": 32,
        "decode_ms": 1.82688,
        "decode_gib_s": 509.78858488727536,
        "decode_ns_iters": [
          1831648,
          1836000,
          1826880,
          1828032,
          1830432,
          1831584,
          1830752,
          1827360,
          1831552,
          1827904,
          1829888,
          1832480,
          1829600,
          1829504,
          1830688,
          1827968,
          1831552,
          1827648,
          1830016,
          1830432,
          1827392,
          1829824,
          1827520,
          1830560,
          1838112,
          1829920,
          1827232,
          1830912,
          1828160,
          1827744
        ],
        "chunk_tokens": 32,
        "block_threads": 256,
        "staged_input_bytes": 479910784,
        "applicable": true
      },
      {
        "kernel": "onpair_dw_k1_t256_b2",
        "role": "experimental",
        "stage_bytes": null,
        "chunk_size": 32,
        "decode_ms": 1.827168,
        "decode_gib_s": 509.70823151394166,
        "decode_ns_iters": [
          1827680,
          1830880,
          1831392,
          1828960,
          1827360,
          1830624,
          1840768,
          1827712,
          1829312,
          1827776,
          1827840,
          1829120,
          1827648,
          1827168,
          1828032,
          1830144,
          1830272,
          1829696,
          1827808,
          1827904,
          1828640,
          1830368,
          1828128,
          1828064,
          1829408,
          1834592,
          1827872,
          1829568,
          1827680,
          1838176
        ],
        "chunk_tokens": 32,
        "block_threads": 256,
        "staged_input_bytes": 479910784,
        "applicable": true
      },
      {
        "kernel": "onpair_dw_k1_t256_b4",
        "role": "experimental",
        "stage_bytes": null,
        "chunk_size": 32,
        "decode_ms": 1.826848,
        "decode_gib_s": 509.79751460376866,
        "decode_ns_iters": [
          1830624,
          1829088,
          1826848,
          1831168,
          1829664,
          1833376,
          1831712,
          1830336,
          1828256,
          1827136,
          1828000,
          1828832,
          1827296,
          1829792,
          1830656,
          1826944,
          1828352,
          1829376,
          1831232,
          1827456,
          1831328,
          1826880,
          1837664,
          1830240,
          1828032,
          1829760,
          1827776,
          1830528,
          1827360,
          1830368
        ],
        "chunk_tokens": 32,
        "block_threads": 256,
        "staged_input_bytes": 479910784,
        "applicable": true
      },
      {
        "kernel": "onpair_dw_k1_t256_b6",
        "role": "experimental",
        "stage_bytes": null,
        "chunk_size": 32,
        "decode_ms": 1.548224,
        "decode_gib_s": 601.5425222441105,
        "decode_ns_iters": [
          1554496,
          1550208,
          1548320,
          1552800,
          1549056,
          1552864,
          1552288,
          1553344,
          1550400,
          1551200,
          1552224,
          1553984,
          1553184,
          1553472,
          1553216,
          1554528,
          1550880,
          1553696,
          1555008,
          1551456,
          1552096,
          1553728,
          1552512,
          1551584,
          1549632,
          1548224,
          1550816,
          1550912,
          1552416,
          1549632
        ],
        "chunk_tokens": 32,
        "block_threads": 256,
        "staged_input_bytes": 479910784,
        "applicable": true
      },
      {
        "kernel": "onpair_dw_k1_t256_b8",
        "role": "experimental",
        "stage_bytes": null,
        "chunk_size": 32,
        "decode_ms": 1.535744,
        "decode_gib_s": 606.4308699619635,
        "decode_ns_iters": [
          1551456,
          1559008,
          1553504,
          1554048,
          1548864,
          1552288,
          1551648,
          1550944,
          1551360,
          1553248,
          1554176,
          1540800,
          1540768,
          1540448,
          1541568,
          1541408,
          1540448,
          1539776,
          1539200,
          1535744,
          1541408,
          1539584,
          1540576,
          1539872,
          1540736,
          1542176,
          1537792,
          1539584,
          1539200,
          1540160
        ],
        "chunk_tokens": 32,
        "block_threads": 256,
        "staged_input_bytes": 479910784,
        "applicable": true
      },
      {
        "kernel": "onpair_dw_k2_t64_b1",
        "role": "experimental",
        "stage_bytes": null,
        "chunk_size": 64,
        "decode_ms": 2.23728,
        "decode_gib_s": 416.2744806009375,
        "decode_ns_iters": [
          2237280,
          2250688,
          2248352,
          2250624,
          2247712,
          2247744,
          2248832,
          2248096,
          2248832,
          2248384,
          2248576,
          2249472,
          2247552,
          2248512,
          2249152,
          2246592,
          2249056,
          2248896,
          2249056,
          2247872,
          2248416,
          2248992,
          2247296,
          2248416,
          2247520,
          2249632,
          2247264,
          2249216,
          2247040,
          2250048
        ],
        "chunk_tokens": 64,
        "block_threads": 64,
        "staged_input_bytes": 453252832,
        "applicable": true
      },
      {
        "kernel": "onpair_dw_k2_t64_b2",
        "role": "experimental",
        "stage_bytes": null,
        "chunk_size": 64,
        "decode_ms": 2.24688,
        "decode_gib_s": 414.4959098656206,
        "decode_ns_iters": [
          2248736,
          2248672,
          2247200,
          2249760,
          2249824,
          2249152,
          2248800,
          2247392,
          2249472,
          2249088,
          2248864,
          2249216,
          2249312,
          2248960,
          2249088,
          2247776,
          2249792,
          2249056,
          2249056,
          2248192,
          2247264,
          2249440,
          2249184,
          2250080,
          2247872,
          2248576,
          2246880,
          2248992,
          2247296,
          2249600
        ],
        "chunk_tokens": 64,
        "block_threads": 64,
        "staged_input_bytes": 453252832,
        "applicable": true
      },
      {
        "kernel": "onpair_dw_k2_t64_b4",
        "role": "experimental",
        "stage_bytes": null,
        "chunk_size": 64,
        "decode_ms": 2.246816,
        "decode_gib_s": 414.5077166794547,
        "decode_ns_iters": [
          2247456,
          2248672,
          2247616,
          2248544,
          2247296,
          2247680,
          2248288,
          2247968,
          2248096,
          2247616,
          2248896,
          2248032,
          2248256,
          2248672,
          2251872,
          2249536,
          2249472,
          2248672,
          2248992,
          2249056,
          2246816,
          2248608,
          2249184,
          2247264,
          2249216,
          2249312,
          2246880,
          2247328,
          2248384,
          2248352
        ],
        "chunk_tokens": 64,
        "block_threads": 64,
        "staged_input_bytes": 453252832,
        "applicable": true
      },
      {
        "kernel": "onpair_dw_k2_t64_b6",
        "role": "experimental",
        "stage_bytes": null,
        "chunk_size": 64,
        "decode_ms": 2.246944,
        "decode_gib_s": 414.4841037243766,
        "decode_ns_iters": [
          2249184,
          2248832,
          2251520,
          2248160,
          2249152,
          2249312,
          2248416,
          2249088,
          2249120,
          2248640,
          2249824,
          2249536,
          2246976,
          2249632,
          2248384,
          2249696,
          2249312,
          2249920,
          2247680,
          2249504,
          2247968,
          2249344,
          2247520,
          2247776,
          2246944,
          2248032,
          2248864,
          2247520,
          2248192,
          2256416
        ],
        "chunk_tokens": 64,
        "block_threads": 64,
        "staged_input_bytes": 453252832,
        "applicable": true
      },
      {
        "kernel": "onpair_dw_k2_t64_b8",
        "role": "experimental",
        "stage_bytes": null,
        "chunk_size": 64,
        "decode_ms": 2.246144,
        "decode_gib_s": 414.6317288467995,
        "decode_ns_iters": [
          2248544,
          2247328,
          2256608,
          2248608,
          2249536,
          2255104,
          2247552,
          2248416,
          2254944,
          2248608,
          2247808,
          2247872,
          2249664,
          2248000,
          2247392,
          2247584,
          2248448,
          2249504,
          2247200,
          2246144,
          2248448,
          2247040,
          2246880,
          2246816,
          2247712,
          2247488,
          2247616,
          2247648,
          2249312,
          2248128
        ],
        "chunk_tokens": 64,
        "block_threads": 64,
        "staged_input_bytes": 453252832,
        "applicable": true
      },
      {
        "kernel": "onpair_dw_k2_t128_b1",
        "role": "experimental",
        "stage_bytes": null,
        "chunk_size": 64,
        "decode_ms": 2.070336,
        "decode_gib_s": 449.84126729133123,
        "decode_ns_iters": [
          2073216,
          2073280,
          2072288,
          2073216,
          2072864,
          2074240,
          2073824,
          2071200,
          2072064,
          2072288,
          2074176,
          2072800,
          2072000,
          2073632,
          2075296,
          2072512,
          2072000,
          2072544,
          2072320,
          2073120,
          2071360,
          2070336,
          2074368,
          2072736,
          2071680,
          2071776,
          2072608,
          2073568,
          2072480,
          2072640
        ],
        "chunk_tokens": 64,
        "block_threads": 128,
        "staged_input_bytes": 453252832,
        "applicable": true
      },
      {
        "kernel": "onpair_dw_k2_t128_b2",
        "role": "experimental",
        "stage_bytes": null,
        "chunk_size": 64,
        "decode_ms": 2.069952,
        "decode_gib_s": 449.924718041223,
        "decode_ns_iters": [
          2074432,
          2073792,
          2072928,
          2072096,
          2072064,
          2072064,
          2072160,
          2073632,
          2073344,
          2071360,
          2069952,
          2073728,
          2071552,
          2071744,
          2081408,
          2072064,
          2071456,
          2071552,
          2071360,
          2074464,
          2078240,
          2072000,
          2071552,
          2071520,
          2072896,
          2072352,
          2081472,
          2072928,
          2072224,
          2071296
        ],
        "chunk_tokens": 64,
        "block_threads": 128,
        "staged_input_bytes": 453252832,
        "applicable": true
      },
      {
        "kernel": "onpair_dw_k2_t128_b4",
        "role": "experimental",
        "stage_bytes": null,
        "chunk_size": 64,
        "decode_ms": 2.07008,
        "decode_gib_s": 449.8968976845657,
        "decode_ns_iters": [
          2074304,
          2072032,
          2074432,
          2070368,
          2072576,
          2072608,
          2071488,
          2072288,
          2071200,
          2072480,
          2072032,
          2070944,
          2070496,
          2073728,
          2071520,
          2070656,
          2070080,
          2072416,
          2071584,
          2071872,
          2070912,
          2072256,
          2072352,
          2072672,
          2071520,
          2074048,
          2070464,
          2074208,
          2073184,
          2082880
        ],
        "chunk_tokens": 64,
        "block_threads": 128,
        "staged_input_bytes": 453252832,
        "applicable": true
      },
      {
        "kernel": "onpair_dw_k2_t128_b6",
        "role": "experimental",
        "stage_bytes": null,
        "chunk_size": 64,
        "decode_ms": 2.070144,
        "decode_gib_s": 449.88298879636665,
        "decode_ns_iters": [
          2073344,
          2074528,
          2073024,
          2073824,
          2071936,
          2072864,
          2072288,
          2072032,
          2071776,
          2074880,
          2073088,
          2072288,
          2072992,
          2071840,
          2072800,
          2072320,
          2071744,
          2072288,
          2072320,
          2073344,
          2071968,
          2072160,
          2071616,
          2070144,
          2071904,
          2072160,
          2079840,
          2072800,
          2071680,
          2072800
        ],
        "chunk_tokens": 64,
        "block_threads": 128,
        "staged_input_bytes": 453252832,
        "applicable": true
      },
      {
        "kernel": "onpair_dw_k2_t128_b8",
        "role": "experimental",
        "stage_bytes": null,
        "chunk_size": 64,
        "decode_ms": 2.069664,
        "decode_gib_s": 449.9873264253838,
        "decode_ns_iters": [
          2072000,
          2071104,
          2071520,
          2072512,
          2072576,
          2069664,
          2071776,
          2071936,
          2071136,
          2071232,
          2071200,
          2071552,
          2073504,
          2072224,
          2071072,
          2072544,
          2073568,
          2074272,
          2071072,
          2071296,
          2072832,
          2071936,
          2073184,
          2073760,
          2073120,
          2071712,
          2072256,
          2071968,
          2073664,
          2071200
        ],
        "chunk_tokens": 64,
        "block_threads": 128,
        "staged_input_bytes": 453252832,
        "applicable": true
      },
      {
        "kernel": "onpair_dw_k2_t256_b1",
        "role": "experimental",
        "stage_bytes": null,
        "chunk_size": 64,
        "decode_ms": 1.95344,
        "decode_gib_s": 476.76026392357363,
        "decode_ns_iters": [
          1957536,
          1954688,
          1955072,
          1955648,
          1953440,
          1956096,
          1955200,
          1956832,
          1955424,
          1956352,
          1958464,
          1961696,
          1955616,
          1956416,
          1955008,
          1956160,
          1955744,
          1954304,
          1955840,
          1955264,
          1957984,
          1956928,
          1953568,
          1954976,
          1955104,
          1954752,
          1955776,
          1955168,
          1955744,
          1955392
        ],
        "chunk_tokens": 64,
        "block_threads": 256,
        "staged_input_bytes": 453252832,
        "applicable": true
      },
      {
        "kernel": "onpair_dw_k2_t256_b2",
        "role": "experimental",
        "stage_bytes": null,
        "chunk_size": 64,
        "decode_ms": 1.95392,
        "decode_gib_s": 476.6431429940149,
        "decode_ns_iters": [
          1957056,
          1956192,
          1955008,
          1954496,
          1954656,
          1953920,
          1954528,
          1956192,
          1954240,
          1955360,
          1955552,
          1955840,
          1955232,
          1956544,
          1956416,
          1954400,
          1955392,
          1957408,
          1958112,
          1957280,
          1955808,
          1962240,
          1957920,
          1956448,
          1956128,
          1955264,
          1956064,
          1956352,
          1955680,
          1956352
        ],
        "chunk_tokens": 64,
        "block_threads": 256,
        "staged_input_bytes": 453252832,
        "applicable": true
      },
      {
        "kernel": "onpair_dw_k2_t256_b4",
        "role": "experimental",
        "stage_bytes": null,
        "chunk_size": 64,
        "decode_ms": 1.953792,
        "decode_gib_s": 476.67436961501824,
        "decode_ns_iters": [
          1957376,
          1955136,
          1955648,
          1956736,
          1954880,
          1954560,
          1958048,
          1955616,
          1961120,
          1956320,
          1955008,
          1954304,
          1955648,
          1954560,
          1957888,
          1955776,
          1954432,
          1955680,
          1954720,
          1953792,
          1955968,
          1955104,
          1955456,
          1956544,
          1957536,
          1956128,
          1954944,
          1954944,
          1955584,
          1955296
        ],
        "chunk_tokens": 64,
        "block_threads": 256,
        "staged_input_bytes": 453252832,
        "applicable": true
      },
      {
        "kernel": "onpair_dw_k2_t256_b6",
        "role": "experimental",
        "stage_bytes": null,
        "chunk_size": 64,
        "decode_ms": 1.973024,
        "decode_gib_s": 472.0279986248853,
        "decode_ns_iters": [
          1977472,
          1975392,
          1975392,
          1977504,
          1977024,
          1975648,
          1976192,
          1976608,
          1977344,
          1975584,
          1976064,
          1974784,
          1974656,
          1974368,
          1976160,
          1975968,
          1975456,
          1976448,
          1976032,
          1973024,
          1975680,
          1978880,
          1975360,
          1975616,
          1975712,
          1974016,
          1975712,
          1975552,
          1975264,
          1975040
        ],
        "chunk_tokens": 64,
        "block_threads": 256,
        "staged_input_bytes": 453252832,
        "applicable": true
      },
      {
        "kernel": "onpair_dw_k2_t256_b8",
        "role": "experimental",
        "stage_bytes": null,
        "chunk_size": 64,
        "decode_ms": 1.974624,
        "decode_gib_s": 471.6455233800793,
        "decode_ns_iters": [
          1978272,
          1976672,
          1975424,
          1974656,
          1975616,
          1975648,
          1975200,
          1974624,
          1976064,
          1975264,
          1983168,
          1975424,
          1976800,
          1976224,
          1976000,
          1974688,
          1975616,
          1975232,
          1976768,
          1976384,
          1975456,
          1975488,
          1975360,
          1974816,
          1975488,
          1976864,
          1975584,
          1980032,
          1977440,
          1976832
        ],
        "chunk_tokens": 64,
        "block_threads": 256,
        "staged_input_bytes": 453252832,
        "applicable": true
      },
      {
        "kernel": "onpair_dw_k3_t64_b1",
        "role": "experimental",
        "stage_bytes": null,
        "chunk_size": 96,
        "decode_ms": 2.152704,
        "decode_gib_s": 432.6291816983968,
        "decode_ns_iters": [
          2153696,
          2152800,
          2155392,
          2155456,
          2154656,
          2155264,
          2156256,
          2153152,
          2153056,
          2153280,
          2153696,
          2152704,
          2154880,
          2154400,
          2153184,
          2155776,
          2153760,
          2161376,
          2155264,
          2152928,
          2153472,
          2155136,
          2152896,
          2153760,
          2154656,
          2153888,
          2155072,
          2153824,
          2153760,
          2154752
        ],
        "chunk_tokens": 96,
        "block_threads": 64,
        "staged_input_bytes": 444366848,
        "applicable": true
      },
      {
        "kernel": "onpair_dw_k3_t64_b2",
        "role": "experimental",
        "stage_bytes": null,
        "chunk_size": 96,
        "decode_ms": 2.152512,
        "decode_gib_s": 432.66777140330254,
        "decode_ns_iters": [
          2155712,
          2153984,
          2154144,
          2156384,
          2154528,
          2152768,
          2155104,
          2153920,
          2153184,
          2159456,
          2153312,
          2153280,
          2153792,
          2153472,
          2153728,
          2155008,
          2153120,
          2154816,
          2152896,
          2152896,
          2153024,
          2152896,
          2153600,
          2152512,
          2152736,
          2153472,
          2162496,
          2155232,
          2154592,
          2152832
        ],
        "chunk_tokens": 96,
        "block_threads": 64,
        "staged_input_bytes": 444366848,
        "applicable": true
      },
      {
        "kernel": "onpair_dw_k3_t64_b4",
        "role": "experimental",
        "stage_bytes": null,
        "chunk_size": 96,
        "decode_ms": 2.152736,
        "decode_gib_s": 432.62275075014566,
        "decode_ns_iters": [
          2154368,
          2156000,
          2154080,
          2155360,
          2154976,
          2154720,
          2152736,
          2154912,
          2153536,
          2155680,
          2154816,
          2155776,
          2154240,
          2153760,
          2155008,
          2153184,
          2155392,
          2154752,
          2215072,
          2155264,
          2155680,
          2156096,
          2162656,
          2153664,
          2155616,
          2155584,
          2162752,
          2153952,
          2154208,
          2154336
        ],
        "chunk_tokens": 96,
        "block_threads": 64,
        "staged_input_bytes": 444366848,
        "applicable": true
      },
      {
        "kernel": "onpair_dw_k3_t64_b6",
        "role": "experimental",
        "stage_bytes": null,
        "chunk_size": 96,
        "decode_ms": 2.152416,
        "decode_gib_s": 432.68706883746705,
        "decode_ns_iters": [
          2156096,
          2155680,
          2153472,
          2153824,
          2153440,
          2153600,
          2153856,
          2154560,
          2154944,
          2154208,
          2154688,
          2155680,
          2153408,
          2153920,
          2154016,
          2152864,
          2153568,
          2152416,
          2159872,
          2154400,
          2153664,
          2156032,
          2154176,
          2155424,
          2153920,
          2153600,
          2153408,
          2155712,
          2153472,
          2154016
        ],
        "chunk_tokens": 96,
        "block_threads": 64,
        "staged_input_bytes": 444366848,
        "applicable": true
      },
      {
        "kernel": "onpair_dw_k3_t64_b8",
        "role": "experimental",
        "stage_bytes": null,
        "chunk_size": 96,
        "decode_ms": 2.152416,
        "decode_gib_s": 432.68706883746705,
        "decode_ns_iters": [
          2155232,
          2155776,
          2154336,
          2154976,
          2155296,
          2154400,
          2153792,
          2152704,
          2153280,
          2152928,
          2155008,
          2154016,
          2153536,
          2153344,
          2154752,
          2152576,
          2152416,
          2152960,
          2152928,
          2153536,
          2152416,
          2154912,
          2155360,
          2153248,
          2153472,
          2155008,
          2154496,
          2153504,
          2154752,
          2155456
        ],
        "chunk_tokens": 96,
        "block_threads": 64,
        "staged_input_bytes": 444366848,
        "applicable": true
      },
      {
        "kernel": "onpair_dw_k3_t128_b1",
        "role": "experimental",
        "stage_bytes": null,
        "chunk_size": 96,
        "decode_ms": 2.012864,
        "decode_gib_s": 462.6852931737393,
        "decode_ns_iters": [
          2016352,
          2013664,
          2016352,
          2014720,
          2015328,
          2014464,
          2014688,
          2013888,
          2014048,
          2015520,
          2016512,
          2016448,
          2014944,
          2014624,
          2014176,
          2015264,
          2015104,
          2015264,
          2015264,
          2016288,
          2015904,
          2014400,
          2015744,
          2014304,
          2022400,
          2012864,
          2014976,
          2014592,
          2015424,
          2014400
        ],
        "chunk_tokens": 96,
        "block_threads": 128,
        "staged_input_bytes": 444366848,
        "applicable": true
      },
      {
        "kernel": "onpair_dw_k3_t128_b2",
        "role": "experimental",
        "stage_bytes": null,
        "chunk_size": 96,
        "decode_ms": 2.013568,
        "decode_gib_s": 462.523525383233,
        "decode_ns_iters": [
          2017792,
          2015360,
          2015616,
          2015904,
          2017696,
          2015648,
          2014752,
          2014688,
          2015744,
          2023168,
          2016352,
          2015360,
          2016320,
          2016384,
          2014144,
          2013568,
          2014560,
          2020224,
          2016096,
          2021504,
          2015680,
          2016544,
          2018304,
          2014144,
          2014880,
          2015328,
          2013824,
          2016864,
          2016128,
          2023072
        ],
        "chunk_tokens": 96,
        "block_threads": 128,
        "staged_input_bytes": 444366848,
        "applicable": true
      },
      {
        "kernel": "onpair_dw_k3_t128_b4",
        "role": "experimental",
        "stage_bytes": null,
        "chunk_size": 96,
        "decode_ms": 2.01328,
        "decode_gib_s": 462.58968944154094,
        "decode_ns_iters": [
          2016704,
          2013952,
          2017760,
          2016032,
          2025920,
          2015680,
          2015200,
          2015456,
          2016384,
          2014432,
          2015360,
          2017344,
          2014592,
          2016448,
          2022496,
          2016160,
          2013856,
          2016256,
          2015648,
          2013280,
          2014272,
          2013632,
          2015872,
          2016032,
          2016096,
          2014752,
          2015840,
          2015840,
          2016608,
          2015168
        ],
        "chunk_tokens": 96,
        "block_threads": 128,
        "staged_input_bytes": 444366848,
        "applicable": true
      },
      {
        "kernel": "onpair_dw_k3_t128_b6",
        "role": "experimental",
        "stage_bytes": null,
        "chunk_size": 96,
        "decode_ms": 2.013728,
        "decode_gib_s": 462.4867757506802,
        "decode_ns_iters": [
          2016768,
          2015392,
          2015776,
          2014368,
          2014656,
          2016032,
          2014784,
          2013792,
          2014272,
          2013728,
          2014144,
          2013728,
          2013824,
          2014464,
          2016544,
          2014688,
          2014752,
          2014560,
          2015648,
          2016640,
          2023648,
          2016384,
          2015296,
          2016928,
          2014720,
          2015008,
          2014560,
          2018208,
          2015456,
          2013856
        ],
        "chunk_tokens": 96,
        "block_threads": 128,
        "staged_input_bytes": 444366848,
        "applicable": true
      },
      {
        "kernel": "onpair_dw_k3_t128_b8",
        "role": "experimental",
        "stage_bytes": null,
        "chunk_size": 96,
        "decode_ms": 2.013664,
        "decode_gib_s": 462.50147490289623,
        "decode_ns_iters": [
          2016864,
          2017280,
          2016128,
          2016576,
          2015776,
          2025344,
          2014560,
          2015360,
          2016192,
          2015584,
          2016160,
          2014592,
          2016288,
          2013664,
          2014784,
          2023328,
          2015488,
          2017728,
          2016384,
          2015552,
          2014912,
          2016544,
          2017024,
          2015712,
          2015296,
          2022336,
          2014112,
          2016352,
          2015680,
          2016768
        ],
        "chunk_tokens": 96,
        "block_threads": 128,
        "staged_input_bytes": 444366848,
        "applicable": true
      },
      {
        "kernel": "onpair_dw_k3_t256_b1",
        "role": "experimental",
        "stage_bytes": null,
        "chunk_size": 96,
        "decode_ms": 1.893888,
        "decode_gib_s": 491.75166111135695,
        "decode_ns_iters": [
          1899040,
          1895520,
          1896992,
          1896608,
          1898464,
          1895264,
          1896992,
          1896992,
          1897120,
          1896832,
          1897472,
          1896800,
          1895296,
          1894400,
          1896960,
          1897888,
          1897536,
          1895360,
          1895136,
          1897856,
          1893888,
          1896288,
          1894624,
          1894720,
          1896928,
          1897312,
          1895392,
          1896704,
          1897184,
          1896608
        ],
        "chunk_tokens": 96,
        "block_threads": 256,
        "staged_input_bytes": 444366848,
        "applicable": true
      },
      {
        "kernel": "onpair_dw_k3_t256_b2",
        "role": "experimental",
        "stage_bytes": null,
        "chunk_size": 96,
        "decode_ms": 1.894208,
        "decode_gib_s": 491.6685865326647,
        "decode_ns_iters": [
          1897792,
          1898400,
          1897376,
          1895712,
          1897472,
          1896640,
          1897984,
          1894208,
          1895456,
          1896512,
          1898272,
          1895840,
          1896064,
          1898080,
          1897568,
          1894784,
          1895776,
          1895584,
          1902752,
          1902464,
          1901728,
          1896032,
          1896800,
          1896960,
          1895648,
          1895136,
          1895456,
          1895872,
          1899072,
          1895808
        ],
        "chunk_tokens": 96,
        "block_threads": 256,
        "staged_input_bytes": 444366848,
        "applicable": true
      },
      {
        "kernel": "onpair_dw_k3_t256_b4",
        "role": "experimental",
        "stage_bytes": null,
        "chunk_size": 96,
        "decode_ms": 1.89376,
        "decode_gib_s": 491.7848988038957,
        "decode_ns_iters": [
          1896192,
          1898048,
          1893760,
          1904256,
          1901408,
          1902240,
          1901856,
          1894176,
          1895744,
          1895488,
          1896352,
          1893760,
          1895776,
          1895840,
          1896288,
          1895616,
          1897856,
          1896512,
          1896288,
          1896960,
          1895552,
          1895328,
          1895968,
          1895712,
          1896064,
          1896640,
          1893824,
          1895712,
          1895200,
          1895936
        ],
        "chunk_tokens": 96,
        "block_threads": 256,
        "staged_input_bytes": 444366848,
        "applicable": true
      },
      {
        "kernel": "onpair_dw_k3_t256_b6",
        "role": "experimental",
        "stage_bytes": null,
        "chunk_size": 96,
        "decode_ms": 1.974432,
        "decode_gib_s": 471.6913876795279,
        "decode_ns_iters": [
          1986304,
          1986048,
          1984064,
          1984960,
          1985408,
          1985984,
          1985472,
          1985856,
          1984736,
          1985280,
          1985600,
          1986176,
          1987264,
          1978272,
          1974432,
          1975712,
          1975456,
          1974688,
          1980640,
          1975616,
          1988416,
          1985856,
          1986208,
          1985696,
          1986912,
          1985824,
          1987872,
          1986272,
          1987712,
          1986848
        ],
        "chunk_tokens": 96,
        "block_threads": 256,
        "staged_input_bytes": 444366848,
        "applicable": true
      },
      {
        "kernel": "onpair_dw_k3_t256_b8",
        "role": "experimental",
        "stage_bytes": null,
        "chunk_size": 96,
        "decode_ms": 1.984032,
        "decode_gib_s": 469.4090468091571,
        "decode_ns_iters": [
          1988192,
          1987360,
          1988416,
          1985920,
          1987328,
          1987360,
          1987104,
          1986880,
          1988160,
          1989216,
          1987328,
          1984032,
          1986720,
          1985664,
          1984704,
          1985408,
          1986048,
          1985088,
          1985728,
          1986592,
          1986528,
          1987168,
          1986496,
          1986720,
          1986272,
          1992800,
          1985440,
          1988192,
          1987296,
          1986720
        ],
        "chunk_tokens": 96,
        "block_threads": 256,
        "staged_input_bytes": 444366848,
        "applicable": true
      },
      {
        "kernel": "onpair_dw_k4_t64_b1",
        "role": "experimental",
        "stage_bytes": null,
        "chunk_size": 128,
        "decode_ms": 2.145376,
        "decode_gib_s": 434.10692109861657,
        "decode_ns_iters": [
          2146944,
          2145376,
          2147072,
          2147040,
          2147616,
          2145696,
          2146080,
          2147136,
          2155392,
          2148736,
          2146912,
          2147232,
          2146912,
          2146624,
          2147712,
          2147424,
          2147936,
          2148672,
          2147360,
          2147424,
          2148704,
          2155648,
          2146336,
          2146880,
          2148864,
          2146432,
          2147424,
          2146976,
          2147840,
          2146528
        ],
        "chunk_tokens": 128,
        "block_threads": 64,
        "staged_input_bytes": 439923856,
        "applicable": true
      },
      {
        "kernel": "onpair_dw_k4_t64_b2",
        "role": "experimental",
        "stage_bytes": null,
        "chunk_size": 128,
        "decode_ms": 2.14496,
        "decode_gib_s": 434.19111310181336,
        "decode_ns_iters": [
          2146784,
          2147200,
          2148032,
          2147072,
          2146752,
          2157472,
          2147296,
          2147200,
          2150720,
          2148928,
          2145920,
          2144960,
          2147168,
          2147232,
          2147136,
          2146880,
          2147424,
          2148576,
          2154784,
          2147456,
          2145632,
          2147008,
          2146816,
          2146752,
          2148640,
          2147360,
          2149408,
          2148896,
          2149152,
          2147680
        ],
        "chunk_tokens": 128,
        "block_threads": 64,
        "staged_input_bytes": 439923856,
        "applicable": true
      },
      {
        "kernel": "onpair_dw_k4_t64_b4",
        "role": "experimental",
        "stage_bytes": null,
        "chunk_size": 128,
        "decode_ms": 2.145344,
        "decode_gib_s": 434.1133962473457,
        "decode_ns_iters": [
          2147552,
          2148800,
          2155680,
          2149120,
          2147744,
          2146016,
          2146816,
          2145568,
          2148736,
          2146304,
          2146080,
          2147040,
          2150016,
          2150080,
          2145344,
          2146688,
          2147392,
          2146880,
          2146784,
          2146112,
          2145856,
          2147232,
          2145632,
          2147808,
          2147072,
          2147584,
          2147776,
          2145408,
          2147872,
          2146912
        ],
        "chunk_tokens": 128,
        "block_threads": 64,
        "staged_input_bytes": 439923856,
        "applicable": true
      },
      {
        "kernel": "onpair_dw_k4_t64_b6",
        "role": "experimental",
        "stage_bytes": null,
        "chunk_size": 128,
        "decode_ms": 2.14512,
        "decode_gib_s": 434.15872769768856,
        "decode_ns_iters": [
          2147744,
          2147008,
          2147488,
          2146816,
          2146016,
          2146080,
          2145760,
          2145600,
          2146752,
          2146816,
          2147616,
          2145504,
          2146528,
          2147040,
          2145792,
          2149504,
          2146976,
          2145664,
          2147456,
          2145120,
          2147936,
          2147424,
          2147168,
          2147552,
          2148064,
          2147136,
          2145760,
          2148640,
          2149056,
          2145728
        ],
        "chunk_tokens": 128,
        "block_threads": 64,
        "staged_input_bytes": 439923856,
        "applicable": true
      },
      {
        "kernel": "onpair_dw_k4_t64_b8",
        "role": "experimental",
        "stage_bytes": null,
        "chunk_size": 128,
        "decode_ms": 2.14496,
        "decode_gib_s": 434.19111310181336,
        "decode_ns_iters": [
          2148288,
          2150016,
          2146336,
          2146816,
          2148224,
          2148000,
          2148416,
          2146400,
          2147072,
          2146304,
          2147200,
          2146784,
          2146912,
          2146592,
          2145184,
          2147104,
          2146752,
          2146880,
          2147616,
          2147232,
          2147296,
          2145984,
          2147776,
          2152576,
          2147200,
          2145888,
          2154144,
          2144960,
          2146144,
          2146336
        ],
        "chunk_tokens": 128,
        "block_threads": 64,
        "staged_input_bytes": 439923856,
        "applicable": true
      },
      {
        "kernel": "onpair_dw_k4_t128_b1",
        "role": "experimental",
        "stage_bytes": null,
        "chunk_size": 128,
        "decode_ms": 2.02576,
        "decode_gib_s": 459.7398358931293,
        "decode_ns_iters": [
          2030368,
          2028288,
          2028544,
          2026048,
          2025952,
          2035616,
          2026720,
          2028352,
          2027072,
          2028928,
          2027040,
          2027200,
          2025760,
          2026656,
          2036928,
          2028832,
          2027456,
          2026432,
          2027456,
          2026368,
          2028576,
          2027488,
          2026400,
          2034208,
          2028416,
          2026976,
          2027840,
          2027392,
          2027168,
          2026816
        ],
        "chunk_tokens": 128,
        "block_threads": 128,
        "staged_input_bytes": 439923856,
        "applicable": true
      },
      {
        "kernel": "onpair_dw_k4_t128_b2",
        "role": "experimental",
        "stage_bytes": null,
        "chunk_size": 128,
        "decode_ms": 2.02544,
        "decode_gib_s": 459.81247035649807,
        "decode_ns_iters": [
          2028320,
          2027968,
          2027616,
          2026656,
          2026848,
          2025440,
          2028128,
          2026272,
          2027072,
          2029216,
          2026144,
          2028032,
          2027072,
          2026848,
          2026624,
          2026592,
          2026336,
          2026208,
          2028064,
          2028416,
          2026944,
          2027136,
          2026880,
          2027104,
          2025984,
          2027360,
          2026112,
          2025888,
          2028416,
          2026496
        ],
        "chunk_tokens": 128,
        "block_threads": 128,
        "staged_input_bytes": 439923856,
        "applicable": true
      },
      {
        "kernel": "onpair_dw_k4_t128_b4",
        "role": "experimental",
        "stage_bytes": null,
        "chunk_size": 128,
        "decode_ms": 2.024384,
        "decode_gib_s": 460.0523270085446,
        "decode_ns_iters": [
          2028480,
          2027168,
          2025888,
          2026752,
          2029184,
          2027328,
          2029216,
          2027008,
          2028672,
          2028608,
          2026464,
          2024384,
          2025760,
          2027296,
          2025600,
          2026816,
          2026336,
          2027808,
          2028160,
          2026432,
          2027392,
          2026528,
          2026688,
          2026720,
          2027872,
          2027776,
          2027904,
          2026528,
          2027840,
          2027648
        ],
        "chunk_tokens": 128,
        "block_threads": 128,
        "staged_input_bytes": 439923856,
        "applicable": true
      },
      {
        "kernel": "onpair_dw_k4_t128_b6",
        "role": "experimental",
        "stage_bytes": null,
        "chunk_size": 128,
        "decode_ms": 2.025888,
        "decode_gib_s": 459.710788532666,
        "decode_ns_iters": [
          2028256,
          2029088,
          2026400,
          2027040,
          2028416,
          2027328,
          2026368,
          2027488,
          2026976,
          2026912,
          2027136,
          2026304,
          2026784,
          2028032,
          2027552,
          2026112,
          2037280,
          2027744,
          2026848,
          2025888,
          2028544,
          2027232,
          2027040,
          2026592,
          2028608,
          2027456,
          2027296,
          2027200,
          2029152,
          2026944
        ],
        "chunk_tokens": 128,
        "block_threads": 128,
        "staged_input_bytes": 439923856,
        "applicable": true
      },
      {
        "kernel": "onpair_dw_k4_t128_b8",
        "role": "experimental",
        "stage_bytes": null,
        "chunk_size": 128,
        "decode_ms": 2.025504,
        "decode_gib_s": 459.7979416277952,
        "decode_ns_iters": [
          2029248,
          2029600,
          2027072,
          2026976,
          2028096,
          2027424,
          2026976,
          2027552,
          2027424,
          2026272,
          2027040,
          2028768,
          2026880,
          2027008,
          2027040,
          2026496,
          2026752,
          2036704,
          2027360,
          2028224,
          2028608,
          2026080,
          2027264,
          2025504,
          2026368,
          2026432,
          2035296,
          2026112,
          2026592,
          2029024
        ],
        "chunk_tokens": 128,
        "block_threads": 128,
        "staged_input_bytes": 439923856,
        "applicable": true
      },
      {
        "kernel": "onpair_dw_k4_t256_b1",
        "role": "experimental",
        "stage_bytes": null,
        "chunk_size": 128,
        "decode_ms": 1.879616,
        "decode_gib_s": 495.4855512822117,
        "decode_ns_iters": [
          1882912,
          1881600,
          1881376,
          1880896,
          1879712,
          1881376,
          1881216,
          1883072,
          1881408,
          1879904,
          1879616,
          1880512,
          1880384,
          1882688,
          1880832,
          1880960,
          1881152,
          1881024,
          1881568,
          1882528,
          1889024,
          1888352,
          1880384,
          1881824,
          1879968,
          1879744,
          1881088,
          1880832,
          1882976,
          1882912
        ],
        "chunk_tokens": 128,
        "block_threads": 256,
        "staged_input_bytes": 439923856,
        "applicable": true
      },
      {
        "kernel": "onpair_dw_k4_t256_b2",
        "role": "experimental",
        "stage_bytes": null,
        "chunk_size": 128,
        "decode_ms": 1.879296,
        "decode_gib_s": 495.5699208420949,
        "decode_ns_iters": [
          1883296,
          1882176,
          1882528,
          1881888,
          1881376,
          1881024,
          1882208,
          1880160,
          1879520,
          1882240,
          1880512,
          1880544,
          1882624,
          1880960,
          1883456,
          1881792,
          1883104,
          1881984,
          1881248,
          1884384,
          1883232,
          1881248,
          1879296,
          1882880,
          1880992,
          1880576,
          1888736,
          1888480,
          1880512,
          1882176
        ],
        "chunk_tokens": 128,
        "block_threads": 256,
        "staged_input_bytes": 439923856,
        "applicable": true
      },
      {
        "kernel": "onpair_dw_k4_t256_b4",
        "role": "experimental",
        "stage_bytes": null,
        "chunk_size": 128,
        "decode_ms": 1.880704,
        "decode_gib_s": 495.1989095354004,
        "decode_ns_iters": [
          1882720,
          1881824,
          1881888,
          1882304,
          1888384,
          1889440,
          1883264,
          1881568,
          1882816,
          1881088,
          1882592,
          1881472,
          1882368,
          1884256,
          1882656,
          1883104,
          1883488,
          1880800,
          1884064,
          1881280,
          1883232,
          1880864,
          1881184,
          1881312,
          1883968,
          1880704,
          1881920,
          1881376,
          1882144,
          1880832
        ],
        "chunk_tokens": 128,
        "block_threads": 256,
        "staged_input_bytes": 439923856,
        "applicable": true
      },
      {
        "kernel": "onpair_dw_k4_t256_b6",
        "role": "experimental",
        "stage_bytes": null,
        "chunk_size": 128,
        "decode_ms": 1.764096,
        "decode_gib_s": 527.931909577974,
        "decode_ns_iters": [
          1778464,
          1785920,
          1777120,
          1775584,
          1775680,
          1777376,
          1776192,
          1776128,
          1774272,
          1776256,
          1777024,
          1776704,
          1775968,
          1777312,
          1769984,
          1764960,
          1766144,
          1766048,
          1764096,
          1765696,
          1766912,
          1766464,
          1766016,
          1767232,
          1765760,
          1765856,
          1765824,
          1766016,
          1764256,
          1764256
        ],
        "chunk_tokens": 128,
        "block_threads": 256,
        "staged_input_bytes": 439923856,
        "applicable": true
      },
      {
        "kernel": "onpair_dw_k4_t256_b8",
        "role": "experimental",
        "stage_bytes": null,
        "chunk_size": 128,
        "decode_ms": 2.124928,
        "decode_gib_s": 438.28429478968957,
        "decode_ns_iters": [
          2125216,
          2126016,
          2127808,
          2126304,
          2127136,
          2128096,
          2125536,
          2127712,
          2126880,
          2134368,
          2126560,
          2125408,
          2126240,
          2125440,
          2126528,
          2128064,
          2128096,
          2126176,
          2127488,
          2128096,
          2126656,
          2125792,
          2124928,
          2125920,
          2125984,
          2126848,
          2125760,
          2127200,
          2133504,
          2126752
        ],
        "chunk_tokens": 128,
        "block_threads": 256,
        "staged_input_bytes": 439923856,
        "applicable": true
      },
      {
        "kernel": "onpair_dw_k5_t64_b1",
        "role": "experimental",
        "stage_bytes": null,
        "chunk_size": 160,
        "decode_ms": 2.02608,
        "decode_gib_s": 459.6672243736011,
        "decode_ns_iters": [
          2048928,
          2042048,
          2040128,
          2030112,
          2027392,
          2026080,
          2027040,
          2029312,
          2028512,
          2026368,
          2027456,
          2026528,
          2027328,
          2028128,
          2026496,
          2027488,
          2026112,
          2038272,
          2038144,
          2039968,
          2038784,
          2039392,
          2038400,
          2039648,
          2038528,
          2040288,
          2038176,
          2038624,
          2038304,
          2045888
        ],
        "chunk_tokens": 160,
        "block_threads": 64,
        "staged_input_bytes": 437258056,
        "applicable": true
      },
      {
        "kernel": "onpair_dw_k5_t64_b2",
        "role": "experimental",
        "stage_bytes": null,
        "chunk_size": 160,
        "decode_ms": 2.037088,
        "decode_gib_s": 457.18327826724504,
        "decode_ns_iters": [
          2038880,
          2039584,
          2040704,
          2039456,
          2038880,
          2039232,
          2039520,
          2038720,
          2040064,
          2038976,
          2038624,
          2038400,
          2039392,
          2037952,
          2037696,
          2037216,
          2038752,
          2037088,
          2038912,
          2038176,
          2039968,
          2039296,
          2038336,
          2037760,
          2038688,
          2039168,
          2038368,
          2074080,
          2038720,
          2039392
        ],
        "chunk_tokens": 160,
        "block_threads": 64,
        "staged_input_bytes": 437258056,
        "applicable": true
      },
      {
        "kernel": "onpair_dw_k5_t64_b4",
        "role": "experimental",
        "stage_bytes": null,
        "chunk_size": 160,
        "decode_ms": 2.036608,
        "decode_gib_s": 457.2910299669183,
        "decode_ns_iters": [
          2047648,
          2038240,
          2038496,
          2038688,
          2036928,
          2039456,
          2038240,
          2036608,
          2036768,
          2037728,
          2039712,
          2038400,
          2038944,
          2036672,
          2039264,
          2038016,
          2037120,
          2037920,
          2037888,
          2039200,
          2039072,
          2038816,
          2038336,
          2037408,
          2037312,
          2037216,
          2036800,
          2039168,
          2038880,
          2039200
        ],
        "chunk_tokens": 160,
        "block_threads": 64,
        "staged_input_bytes": 437258056,
        "applicable": true
      },
      {
        "kernel": "onpair_dw_k5_t64_b6",
        "role": "experimental",
        "stage_bytes": null,
        "chunk_size": 160,
        "decode_ms": 2.036352,
        "decode_gib_s": 457.348518310619,
        "decode_ns_iters": [
          2038528,
          2038592,
          2038496,
          2036352,
          2039296,
          2037024,
          2038560,
          2038592,
          2038496,
          2038752,
          2038144,
          2038656,
          2038176,
          2039296,
          2038240,
          2038496,
          2038912,
          2038816,
          2038016,
          2038432,
          2038496,
          2036832,
          2038976,
          2038720,
          2038016,
          2037568,
          2038304,
          2039424,
          2037664,
          2039616
        ],
        "chunk_tokens": 160,
        "block_threads": 64,
        "staged_input_bytes": 437258056,
        "applicable": true
      },
      {
        "kernel": "onpair_dw_k5_t64_b8",
        "role": "experimental",
        "stage_bytes": null,
        "chunk_size": 160,
        "decode_ms": 2.025792,
        "decode_gib_s": 459.732573708883,
        "decode_ns_iters": [
          2040864,
          2040064,
          2040544,
          2038752,
          2048128,
          2038688,
          2039680,
          2038848,
          2040448,
          2038304,
          2040544,
          2039008,
          2097120,
          2031712,
          2025792,
          2028096,
          2027360,
          2028256,
          2028224,
          2027008,
          2027488,
          2025984,
          2028544,
          2026752,
          2028096,
          2028800,
          2026368,
          2027040,
          2028480,
          2027552
        ],
        "chunk_tokens": 160,
        "block_threads": 64,
        "staged_input_bytes": 437258056,
        "applicable": true
      },
      {
        "kernel": "onpair_dw_k5_t128_b1",
        "role": "experimental",
        "stage_bytes": null,
        "chunk_size": 160,
        "decode_ms": 1.926176,
        "decode_gib_s": 483.508552675802,
        "decode_ns_iters": [
          1928928,
          1927776,
          1926528,
          1926176,
          1928032,
          1938688,
          1940544,
          1939424,
          1946016,
          1937952,
          1936576,
          1940320,
          1938720,
          1938656,
          1937376,
          1938912,
          1938784,
          1939872,
          1937504,
          1939552,
          1940256,
          1938560,
          1937184,
          1939168,
          1937312,
          1938816,
          1938560,
          1940480,
          1941024,
          1936736
        ],
        "chunk_tokens": 160,
        "block_threads": 128,
        "staged_input_bytes": 437258056,
        "applicable": true
      },
      {
        "kernel": "onpair_dw_k5_t128_b2",
        "role": "experimental",
        "stage_bytes": null,
        "chunk_size": 160,
        "decode_ms": 1.936736,
        "decode_gib_s": 480.8722355338392,
        "decode_ns_iters": [
          1938016,
          1937888,
          1939328,
          1938496,
          1940544,
          1939776,
          1945280,
          1938272,
          1937024,
          1937632,
          1938848,
          1940096,
          1938464,
          1939424,
          1938784,
          1936736,
          1938336,
          1937088,
          1939456,
          1939072,
          1938464,
          1939584,
          1938752,
          1937504,
          1937312,
          1940096,
          1938720,
          1939264,
          1937440,
          1940384
        ],
        "chunk_tokens": 160,
        "block_threads": 128,
        "staged_input_bytes": 437258056,
        "applicable": true
      },
      {
        "kernel": "onpair_dw_k5_t128_b4",
        "role": "experimental",
        "stage_bytes": null,
        "chunk_size": 160,
        "decode_ms": 1.927776,
        "decode_gib_s": 483.1072541409716,
        "decode_ns_iters": [
          1939616,
          1940448,
          1938272,
          1938176,
          1944064,
          1945312,
          1938944,
          1938880,
          1939008,
          1939456,
          1937632,
          1938304,
          1940160,
          1937440,
          1936640,
          1939232,
          1939008,
          1937696,
          1937600,
          1938400,
          1938784,
          1938944,
          1939840,
          1937792,
          1939072,
          1939328,
          1940000,
          1939968,
          1930496,
          1927776
        ],
        "chunk_tokens": 160,
        "block_threads": 128,
        "staged_input_bytes": 437258056,
        "applicable": true
      },
      {
        "kernel": "onpair_dw_k5_t128_b6",
        "role": "experimental",
        "stage_bytes": null,
        "chunk_size": 160,
        "decode_ms": 1.936224,
        "decode_gib_s": 480.9993936439512,
        "decode_ns_iters": [
          1941856,
          1938912,
          1938912,
          1939264,
          1939680,
          1938784,
          1938688,
          1936640,
          1945664,
          1938496,
          1938656,
          1937824,
          1938944,
          1938176,
          1937600,
          1936224,
          1937536,
          1940288,
          1939200,
          1938080,
          1939904,
          1939776,
          1939648,
          1939552,
          1939872,
          1939488,
          1937504,
          1938240,
          1938752,
          1938880
        ],
        "chunk_tokens": 160,
        "block_threads": 128,
        "staged_input_bytes": 437258056,
        "applicable": true
      },
      {
        "kernel": "onpair_dw_k5_t128_b8",
        "role": "experimental",
        "stage_bytes": null,
        "chunk_size": 160,
        "decode_ms": 1.925408,
        "decode_gib_s": 483.7014128739808,
        "decode_ns_iters": [
          1938944,
          1938464,
          1938944,
          1936928,
          1939040,
          1944320,
          1946080,
          1938432,
          1937248,
          1938528,
          1937952,
          1939520,
          1940096,
          1929120,
          1926336,
          1926048,
          1928288,
          1926464,
          1925408,
          1926368,
          1927680,
          1927296,
          1925632,
          1927616,
          1939712,
          1938016,
          1938624,
          1939008,
          1940224,
          1937728
        ],
        "chunk_tokens": 160,
        "block_threads": 128,
        "staged_input_bytes": 437258056,
        "applicable": true
      },
      {
        "kernel": "onpair_dw_k5_t256_b1",
        "role": "experimental",
        "stage_bytes": null,
        "chunk_size": 160,
        "decode_ms": 1.846656,
        "decode_gib_s": 504.3292145147042,
        "decode_ns_iters": [
          1849824,
          1850112,
          1848416,
          1849408,
          1851008,
          1850240,
          1852096,
          1849856,
          1849216,
          1847584,
          1847712,
          1846656,
          1847424,
          1848640,
          1849440,
          1850496,
          1848544,
          1849440,
          1848608,
          1850240,
          1850880,
          1857440,
          1849696,
          1850240,
          1848544,
          1848480,
          1848896,
          1847968,
          1847904,
          1848192
        ],
        "chunk_tokens": 160,
        "block_threads": 256,
        "staged_input_bytes": 437258056,
        "applicable": true
      },
      {
        "kernel": "onpair_dw_k5_t256_b2",
        "role": "experimental",
        "stage_bytes": null,
        "chunk_size": 160,
        "decode_ms": 1.847712,
        "decode_gib_s": 504.0409814726893,
        "decode_ns_iters": [
          1851968,
          1849568,
          1848576,
          1848576,
          1850592,
          1849760,
          1850656,
          1848864,
          1850752,
          1848896,
          1847712,
          1850208,
          1849728,
          1850240,
          1849632,
          1849120,
          1850304,
          1849184,
          1850112,
          1848576,
          1848000,
          1848640,
          1848320,
          1850912,
          1849024,
          1848416,
          1850944,
          1851488,
          1848256,
          1849952
        ],
        "chunk_tokens": 160,
        "block_threads": 256,
        "staged_input_bytes": 437258056,
        "applicable": true
      },
      {
        "kernel": "onpair_dw_k5_t256_b4",
        "role": "experimental",
        "stage_bytes": null,
        "chunk_size": 160,
        "decode_ms": 1.848032,
        "decode_gib_s": 503.9537031603704,
        "decode_ns_iters": [
          1850016,
          1851040,
          1848768,
          1848960,
          1848768,
          1849600,
          1848800,
          1848480,
          1849120,
          1849664,
          1848800,
          1850688,
          1851008,
          1857696,
          1848704,
          1848384,
          1849024,
          1850400,
          1849216,
          1848032,
          1848576,
          1850720,
          1851328,
          1849472,
          1850592,
          1850176,
          1849184,
          1852032,
          1853856,
          1850432
        ],
        "chunk_tokens": 160,
        "block_threads": 256,
        "staged_input_bytes": 437258056,
        "applicable": true
      },
      {
        "kernel": "onpair_dw_k5_t256_b6",
        "role": "experimental",
        "stage_bytes": null,
        "chunk_size": 160,
        "decode_ms": 1.794816,
        "decode_gib_s": 518.8958477965796,
        "decode_ns_iters": [
          1816416,
          1808512,
          1806368,
          1807520,
          1809312,
          1810080,
          1806624,
          1807424,
          1807648,
          1806080,
          1809056,
          1807840,
          1809536,
          1799392,
          1797888,
          1794816,
          1796992,
          1795488,
          1796544,
          1796000,
          1796416,
          1797216,
          1798976,
          1795872,
          1808192,
          1815104,
          1806720,
          1808448,
          1807776,
          1807872
        ],
        "chunk_tokens": 160,
        "block_threads": 256,
        "staged_input_bytes": 437258056,
        "applicable": true
      },
      {
        "kernel": "onpair_dw_k5_t256_b8",
        "role": "experimental",
        "stage_bytes": null,
        "chunk_size": 160,
        "decode_ms": 1.82832,
        "decode_gib_s": 509.38707116854033,
        "decode_ns_iters": [
          1832032,
          1834624,
          1830944,
          1831840,
          1832448,
          1832096,
          1831200,
          1831040,
          1830176,
          1829760,
          1831616,
          1830976,
          1832128,
          1830432,
          1831584,
          1831488,
          1828320,
          1830944,
          1828864,
          1830784,
          1832480,
          1831456,
          1832000,
          1830272,
          1834144,
          1832384,
          1832416,
          1831904,
          1831040,
          1829472
        ],
        "chunk_tokens": 160,
        "block_threads": 256,
        "staged_input_bytes": 437258056,
        "applicable": true
      },
      {
        "kernel": "onpair_dw_k6_t64_b1",
        "role": "experimental",
        "stage_bytes": null,
        "chunk_size": 192,
        "decode_ms": 2.03136,
        "decode_gib_s": 458.4724371646905,
        "decode_ns_iters": [
          2033536,
          2032768,
          2031360,
          2032256,
          2033440,
          2033184,
          2031552,
          2032416,
          2031552,
          2034560,
          2033792,
          2040672,
          2031520,
          2032704,
          2032832,
          2032000,
          2032928,
          2033056,
          2032384,
          2035424,
          2034880,
          2033728,
          2032864,
          2033664,
          2033120,
          2034304,
          2033408,
          2033888,
          2032384,
          2032416
        ],
        "chunk_tokens": 192,
        "block_threads": 64,
        "staged_input_bytes": 435480864,
        "applicable": true
      },
      {
        "kernel": "onpair_dw_k6_t64_b2",
        "role": "experimental",
        "stage_bytes": null,
        "chunk_size": 192,
        "decode_ms": 2.03168,
        "decode_gib_s": 458.40022540895495,
        "decode_ns_iters": [
          2034272,
          2033120,
          2034016,
          2034048,
          2034528,
          2033952,
          2032512,
          2032000,
          2032960,
          2031680,
          2033440,
          2033440,
          2032576,
          2033760,
          2034464,
          2032352,
          2032928,
          2033120,
          2033216,
          2032672,
          2033632,
          2032128,
          2033280,
          2033504,
          2033248,
          2034112,
          2035008,
          2032256,
          2032832,
          2033600
        ],
        "chunk_tokens": 192,
        "block_threads": 64,
        "staged_input_bytes": 435480864,
        "applicable": true
      },
      {
        "kernel": "onpair_dw_k6_t64_b4",
        "role": "experimental",
        "stage_bytes": null,
        "chunk_size": 192,
        "decode_ms": 2.031904,
        "decode_gib_s": 458.3496907131763,
        "decode_ns_iters": [
          2033280,
          2044576,
          2034848,
          2034656,
          2032896,
          2034240,
          2033600,
          2032704,
          2032512,
          2032704,
          2033024,
          2033408,
          2033216,
          2031904,
          2033632,
          2033024,
          2034944,
          2034144,
          2043904,
          2033120,
          2034848,
          2035360,
          2033152,
          2035200,
          2032704,
          2033280,
          2032128,
          2032736,
          2034592,
          2033280
        ],
        "chunk_tokens": 192,
        "block_threads": 64,
        "staged_input_bytes": 435480864,
        "applicable": true
      },
      {
        "kernel": "onpair_dw_k6_t64_b6",
        "role": "experimental",
        "stage_bytes": null,
        "chunk_size": 192,
        "decode_ms": 2.03024,
        "decode_gib_s": 458.72535757293014,
        "decode_ns_iters": [
          2042848,
          2030240,
          2033152,
          2033792,
          2034240,
          2032608,
          2033600,
          2033152,
          2032384,
          2033952,
          2034240,
          2032128,
          2032576,
          2032192,
          2032960,
          2034112,
          2034400,
          2041632,
          2033408,
          2032384,
          2033440,
          2034336,
          2032704,
          2033696,
          2032416,
          2032448,
          2031648,
          2032832,
          2032448,
          2032000
        ],
        "chunk_tokens": 192,
        "block_threads": 64,
        "staged_input_bytes": 435480864,
        "applicable": true
      },
      {
        "kernel": "onpair_dw_k6_t64_b8",
        "role": "experimental",
        "stage_bytes": null,
        "chunk_size": 192,
        "decode_ms": 2.030784,
        "decode_gib_s": 458.6024756738607,
        "decode_ns_iters": [
          2033984,
          2033536,
          2032000,
          2034624,
          2034368,
          2033600,
          2032288,
          2031904,
          2032544,
          2032544,
          2031232,
          2032640,
          2031296,
          2031840,
          2030784,
          2033184,
          2031936,
          2032096,
          2033248,
          2033376,
          2034944,
          2033504,
          2033088,
          2031424,
          2031296,
          2039520,
          2033888,
          2032480,
          2032064,
          2032960
        ],
        "chunk_tokens": 192,
        "block_threads": 64,
        "staged_input_bytes": 435480864,
        "applicable": true
      },
      {
        "kernel": "onpair_dw_k6_t128_b1",
        "role": "experimental",
        "stage_bytes": null,
        "chunk_size": 192,
        "decode_ms": 1.935904,
        "decode_gib_s": 481.0789016185026,
        "decode_ns_iters": [
          1946944,
          1939040,
          1939104,
          1937440,
          1937312,
          1938112,
          1938976,
          1939488,
          1938752,
          1938816,
          1938496,
          1937248,
          1940032,
          1937984,
          1939648,
          1938272,
          1938080,
          1936576,
          1938336,
          1937344,
          1939584,
          1937184,
          1937504,
          1938432,
          1938240,
          1938912,
          1938144,
          1935904,
          1937504,
          1939232
        ],
        "chunk_tokens": 192,
        "block_threads": 128,
        "staged_input_bytes": 435480864,
        "applicable": true
      },
      {
        "kernel": "onpair_dw_k6_t128_b2",
        "role": "experimental",
        "stage_bytes": null,
        "chunk_size": 192,
        "decode_ms": 1.936928,
        "decode_gib_s": 480.8245685739819,
        "decode_ns_iters": [
          1938976,
          1938624,
          1937312,
          1938816,
          1939072,
          1940256,
          1939872,
          1939488,
          1940000,
          1940128,
          1937088,
          1938848,
          1938464,
          1938432,
          1938176,
          1938176,
          1937504,
          1937024,
          1937376,
          1938912,
          1939872,
          1937312,
          1938048,
          1938208,
          1940160,
          1939360,
          1939232,
          1936928,
          1939200,
          1938688
        ],
        "chunk_tokens": 192,
        "block_threads": 128,
        "staged_input_bytes": 435480864,
        "applicable": true
      },
      {
        "kernel": "onpair_dw_k6_t128_b4",
        "role": "experimental",
        "stage_bytes": null,
        "chunk_size": 192,
        "decode_ms": 1.936448,
        "decode_gib_s": 480.94375369690573,
        "decode_ns_iters": [
          1938880,
          1939968,
          1938720,
          1936640,
          1939840,
          1939072,
          1938624,
          1939168,
          1940032,
          1937856,
          1938112,
          1937088,
          1938656,
          1938752,
          1937888,
          1938432,
          1938688,
          1936736,
          1939040,
          1937504,
          1939232,
          1938688,
          1939616,
          1936928,
          1938624,
          1938496,
          1939872,
          1936448,
          1938752,
          1936768
        ],
        "chunk_tokens": 192,
        "block_threads": 128,
        "staged_input_bytes": 435480864,
        "applicable": true
      },
      {
        "kernel": "onpair_dw_k6_t128_b6",
        "role": "experimental",
        "stage_bytes": null,
        "chunk_size": 192,
        "decode_ms": 1.925536,
        "decode_gib_s": 483.6692588239668,
        "decode_ns_iters": [
          1936352,
          1937312,
          1936480,
          1939808,
          1939456,
          1940352,
          1937952,
          1929312,
          1926752,
          1925536,
          1925792,
          1927296,
          1927264,
          1930208,
          1927424,
          1928576,
          1925888,
          1925760,
          1926560,
          1926304,
          1926016,
          1927456,
          1925856,
          1925824,
          1931680,
          1932064,
          1930464,
          1927392,
          1926688,
          1925984
        ],
        "chunk_tokens": 192,
        "block_threads": 128,
        "staged_input_bytes": 435480864,
        "applicable": true
      },
      {
        "kernel": "onpair_dw_k6_t128_b8",
        "role": "experimental",
        "stage_bytes": null,
        "chunk_size": 192,
        "decode_ms": 1.92608,
        "decode_gib_s": 483.53265178957554,
        "decode_ns_iters": [
          1926592,
          1926176,
          1928352,
          1927712,
          1927392,
          1928928,
          1927232,
          1929056,
          1928352,
          1926080,
          1926976,
          1927264,
          1926752,
          1927264,
          1927232,
          1926688,
          1926976,
          1937536,
          1931392,
          1933664,
          1932224,
          1945696,
          1944448,
          1940160,
          1938752,
          1940416,
          1939872,
          1939552,
          1938240,
          1938816
        ],
        "chunk_tokens": 192,
        "block_threads": 128,
        "staged_input_bytes": 435480864,
        "applicable": true
      },
      {
        "kernel": "onpair_dw_k6_t256_b1",
        "role": "experimental",
        "stage_bytes": null,
        "chunk_size": 192,
        "decode_ms": 1.754368,
        "decode_gib_s": 530.8593008757945,
        "decode_ns_iters": [
          1756512,
          1757760,
          1756256,
          1755296,
          1755392,
          1757472,
          1755520,
          1755232,
          1757824,
          1756064,
          1756384,
          1755456,
          1754912,
          1756128,
          1761312,
          1754848,
          1757344,
          1755744,
          1754432,
          1758752,
          1757952,
          1755840,
          1759776,
          1754368,
          1757440,
          1757152,
          1756128,
          1756384,
          1756864,
          1756256
        ],
        "chunk_tokens": 192,
        "block_threads": 256,
        "staged_input_bytes": 435480864,
        "applicable": true
      },
      {
        "kernel": "onpair_dw_k6_t256_b2",
        "role": "experimental",
        "stage_bytes": null,
        "chunk_size": 192,
        "decode_ms": 1.754336,
        "decode_gib_s": 530.8689840252184,
        "decode_ns_iters": [
          1756800,
          1757856,
          1755776,
          1764288,
          1757248,
          1756256,
          1755456,
          1755520,
          1756768,
          1755328,
          1754336,
          1756928,
          1756064,
          1755296,
          1758016,
          1755584,
          1757600,
          1754848,
          1757856,
          1755776,
          1756384,
          1757280,
          1756256,
          1754528,
          1756032,
          1754656,
          1757248,
          1754528,
          1763040,
          1756672
        ],
        "chunk_tokens": 192,
        "block_threads": 256,
        "staged_input_bytes": 435480864,
        "applicable": true
      },
      {
        "kernel": "onpair_dw_k6_t256_b4",
        "role": "experimental",
        "stage_bytes": null,
        "chunk_size": 192,
        "decode_ms": 1.744288,
        "decode_gib_s": 533.9270636264571,
        "decode_ns_iters": [
          1759648,
          1758272,
          1756384,
          1756544,
          1758112,
          1759040,
          1758048,
          1757696,
          1759808,
          1755936,
          1760032,
          1747776,
          1744672,
          1744288,
          1757888,
          1755648,
          1758304,
          1755424,
          1755648,
          1758016,
          1757632,
          1757376,
          1756576,
          1756800,
          1756992,
          1757312,
          1756224,
          1756224,
          1755744,
          1756288
        ],
        "chunk_tokens": 192,
        "block_threads": 256,
        "staged_input_bytes": 435480864,
        "applicable": true
      },
      {
        "kernel": "onpair_dw_k6_t256_b6",
        "role": "experimental",
        "stage_bytes": null,
        "chunk_size": 192,
        "decode_ms": 1.68944,
        "decode_gib_s": 551.261110166011,
        "decode_ns_iters": [
          1690880,
          1691680,
          1692800,
          1692192,
          1692288,
          1689888,
          1689728,
          1693312,
          1691232,
          1693408,
          1691232,
          1693792,
          1694176,
          1691136,
          1691712,
          1693600,
          1689984,
          1693088,
          1690976,
          1691456,
          1693760,
          1692576,
          1692416,
          1689440,
          1690304,
          1692224,
          1691712,
          1693280,
          1693248,
          1691456
        ],
        "chunk_tokens": 192,
        "block_threads": 256,
        "staged_input_bytes": 435480864,
        "applicable": true
      },
      {
        "kernel": "onpair_dw_k6_t256_b8",
        "role": "experimental",
        "stage_bytes": null,
        "chunk_size": 192,
        "decode_ms": 1.974752,
        "decode_gib_s": 471.61495213518737,
        "decode_ns_iters": [
          1980608,
          1978496,
          1975200,
          1979360,
          1977024,
          1979296,
          1976640,
          1987712,
          1980384,
          1977152,
          1975744,
          1977088,
          1976544,
          1976480,
          1976960,
          1975328,
          1975744,
          1975776,
          1976000,
          1975968,
          1977760,
          1974752,
          1976512,
          1975808,
          1981440,
          1978528,
          1978912,
          1975232,
          1979488,
          1976000
        ],
        "chunk_tokens": 192,
        "block_threads": 256,
        "staged_input_bytes": 435480864,
        "applicable": true
      },
      {
        "kernel": "onpair_dw_k7_t64_b1",
        "role": "experimental",
        "stage_bytes": null,
        "chunk_size": 224,
        "decode_ms": 1.994016,
        "decode_gib_s": 467.0587246836864,
        "decode_ns_iters": [
          1997824,
          2003392,
          1995328,
          1996448,
          1994720,
          1996352,
          1995648,
          1996288,
          1996608,
          1996000,
          1995872,
          1996576,
          1996192,
          1996576,
          1995776,
          1995424,
          1997120,
          1998464,
          1995616,
          1995744,
          1995136,
          1995328,
          1996288,
          1995136,
          1995616,
          1995264,
          2002496,
          1996352,
          1994016,
          1995904
        ],
        "chunk_tokens": 224,
        "block_threads": 64,
        "staged_input_bytes": 434211432,
        "applicable": true
      },
      {
        "kernel": "onpair_dw_k7_t64_b2",
        "role": "experimental",
        "stage_bytes": null,
        "chunk_size": 224,
        "decode_ms": 1.994208,
        "decode_gib_s": 467.0137568191812,
        "decode_ns_iters": [
          1996672,
          1996192,
          2003776,
          1995232,
          1995872,
          1995040,
          1995264,
          1995968,
          1995136,
          1996416,
          1995776,
          1995808,
          1995872,
          1995456,
          1995328,
          1996000,
          1995872,
          1994208,
          1995584,
          1996320,
          1996928,
          1996480,
          1995360,
          1995520,
          1995200,
          1995040,
          1995392,
          2002496,
          1996544,
          1995392
        ],
        "chunk_tokens": 224,
        "block_threads": 64,
        "staged_input_bytes": 434211432,
        "applicable": true
      },
      {
        "kernel": "onpair_dw_k7_t64_b4",
        "role": "experimental",
        "stage_bytes": null,
        "chunk_size": 224,
        "decode_ms": 1.993472,
        "decode_gib_s": 467.18618067315,
        "decode_ns_iters": [
          1995680,
          1997792,
          1995136,
          2003360,
          1995744,
          1996032,
          1994272,
          1995168,
          1996608,
          1996224,
          1993472,
          1995136,
          1995808,
          1995552,
          1995392,
          1995584,
          1997216,
          1995936,
          1996256,
          1997632,
          1995776,
          1996960,
          1994240,
          1996608,
          1996448,
          1994912,
          1995968,
          1996160,
          2027648,
          1997088
        ],
        "chunk_tokens": 224,
        "block_threads": 64,
        "staged_input_bytes": 434211432,
        "applicable": true
      },
      {
        "kernel": "onpair_dw_k7_t64_b6",
        "role": "experimental",
        "stage_bytes": null,
        "chunk_size": 224,
        "decode_ms": 1.99296,
        "decode_gib_s": 467.3062028133357,
        "decode_ns_iters": [
          1997472,
          1996448,
          1994624,
          1994720,
          1996352,
          1994688,
          1997344,
          1996288,
          1995328,
          1995904,
          1996288,
          1992960,
          1996128,
          1994464,
          1995488,
          1995840,
          2003648,
          1996384,
          1995680,
          1993856,
          1997696,
          1995904,
          1995424,
          1994912,
          1996192,
          1997120,
          1995936,
          1996256,
          1996800,
          1997824
        ],
        "chunk_tokens": 224,
        "block_threads": 64,
        "staged_input_bytes": 434211432,
        "applicable": true
      },
      {
        "kernel": "onpair_dw_k7_t64_b8",
        "role": "experimental",
        "stage_bytes": null,
        "chunk_size": 224,
        "decode_ms": 1.994336,
        "decode_gib_s": 466.98378305303896,
        "decode_ns_iters": [
          1995456,
          1995648,
          1995328,
          1995456,
          2004352,
          1996640,
          1995392,
          1997824,
          1994624,
          1996448,
          1995232,
          1994816,
          1999392,
          1997376,
          1995104,
          1996832,
          1997600,
          1994336,
          1995168,
          1995616,
          1996256,
          1996576,
          1995872,
          1996160,
          1998304,
          1995552,
          1995264,
          1996160,
          1995808,
          2004032
        ],
        "chunk_tokens": 224,
        "block_threads": 64,
        "staged_input_bytes": 434211432,
        "applicable": true
      },
      {
        "kernel": "onpair_dw_k7_t128_b1",
        "role": "experimental",
        "stage_bytes": null,
        "chunk_size": 224,
        "decode_ms": 1.900704,
        "decode_gib_s": 489.9882201325749,
        "decode_ns_iters": [
          1903936,
          1904704,
          1904288,
          1903040,
          1902976,
          1903648,
          1902720,
          1903488,
          1902848,
          1902688,
          1903872,
          1902880,
          1903520,
          1903040,
          1901184,
          1903520,
          1901376,
          1902144,
          1900704,
          1901856,
          1902176,
          1902944,
          1903584,
          1903616,
          1902272,
          1902560,
          1903904,
          1904416,
          1901440,
          1904288
        ],
        "chunk_tokens": 224,
        "block_threads": 128,
        "staged_input_bytes": 434211432,
        "applicable": true
      },
      {
        "kernel": "onpair_dw_k7_t128_b2",
        "role": "experimental",
        "stage_bytes": null,
        "chunk_size": 224,
        "decode_ms": 1.90192,
        "decode_gib_s": 489.6749442452183,
        "decode_ns_iters": [
          1904192,
          1904800,
          1905568,
          1904512,
          1902016,
          1903456,
          1902880,
          1903776,
          1902976,
          1904480,
          1902304,
          1904224,
          1902112,
          1904256,
          1904544,
          1903168,
          1902112,
          1904416,
          1905184,
          1904000,
          1903232,
          1903264,
          1905312,
          1901952,
          1902944,
          1904224,
          1902560,
          1901920,
          1903552,
          1902464
        ],
        "chunk_tokens": 224,
        "block_threads": 128,
        "staged_input_bytes": 434211432,
        "applicable": true
      },
      {
        "kernel": "onpair_dw_k7_t128_b4",
        "role": "experimental",
        "stage_bytes": null,
        "chunk_size": 224,
        "decode_ms": 1.9016,
        "decode_gib_s": 489.7573464234674,
        "decode_ns_iters": [
          1903040,
          1906048,
          1903776,
          1903072,
          1902688,
          1902912,
          1902848,
          1903840,
          1902656,
          1901920,
          1903232,
          1901920,
          1904032,
          1903616,
          1904096,
          1903584,
          1902176,
          1903232,
          1904192,
          1903200,
          1903040,
          1902176,
          1901728,
          1903072,
          1904000,
          1901600,
          1903008,
          1903680,
          1904896,
          1904832
        ],
        "chunk_tokens": 224,
        "block_threads": 128,
        "staged_input_bytes": 434211432,
        "applicable": true
      },
      {
        "kernel": "onpair_dw_k7_t128_b6",
        "role": "experimental",
        "stage_bytes": null,
        "chunk_size": 224,
        "decode_ms": 1.901824,
        "decode_gib_s": 489.69966198705333,
        "decode_ns_iters": [
          1902944,
          1905696,
          1903904,
          1905312,
          1903136,
          1904640,
          1903936,
          1904640,
          1904256,
          1903712,
          1903264,
          1904160,
          1902304,
          1904128,
          1904224,
          1903552,
          1904608,
          1902432,
          1901952,
          1901824,
          1903296,
          1903776,
          1904192,
          1903520,
          1903360,
          1904928,
          1901824,
          1903168,
          1901824,
          1901952
        ],
        "chunk_tokens": 224,
        "block_threads": 128,
        "staged_input_bytes": 434211432,
        "applicable": true
      },
      {
        "kernel": "onpair_dw_k7_t128_b8",
        "role": "experimental",
        "stage_bytes": null,
        "chunk_size": 224,
        "decode_ms": 1.902112,
        "decode_gib_s": 489.6255162466067,
        "decode_ns_iters": [
          1904320,
          1904512,
          1903872,
          1904032,
          1903232,
          1903424,
          1902112,
          1903104,
          1903040,
          1903488,
          1903328,
          1904000,
          1902656,
          1903808,
          1903008,
          1905280,
          1904288,
          1902720,
          1902944,
          1902688,
          1903040,
          1903968,
          1903872,
          1902912,
          1904608,
          1904000,
          1903648,
          1903840,
          1904736,
          1903136
        ],
        "chunk_tokens": 224,
        "block_threads": 128,
        "staged_input_bytes": 434211432,
        "applicable": true
      },
      {
        "kernel": "onpair_dw_k7_t256_b1",
        "role": "experimental",
        "stage_bytes": null,
        "chunk_size": 224,
        "decode_ms": 1.774208,
        "decode_gib_s": 524.9229909677251,
        "decode_ns_iters": [
          1777312,
          1784736,
          1775040,
          1774784,
          1777920,
          1776352,
          1777440,
          1776800,
          1777472,
          1776320,
          1776800,
          1776192,
          1775424,
          1774336,
          1774208,
          1777568,
          1775552,
          1776736,
          1776704,
          1774528,
          1776192,
          1777088,
          1779840,
          1775104,
          1777248,
          1774816,
          1775200,
          1774336,
          1774944,
          1775328
        ],
        "chunk_tokens": 224,
        "block_threads": 256,
        "staged_input_bytes": 434211432,
        "applicable": true
      },
      {
        "kernel": "onpair_dw_k7_t256_b2",
        "role": "experimental",
        "stage_bytes": null,
        "chunk_size": 224,
        "decode_ms": 1.774176,
        "decode_gib_s": 524.9324587633164,
        "decode_ns_iters": [
          1778144,
          1775232,
          1776832,
          1775776,
          1777312,
          1777184,
          1776512,
          1777728,
          1778784,
          1776736,
          1778176,
          1776480,
          1779136,
          1776736,
          1776064,
          1775392,
          1777152,
          1778176,
          1776288,
          1775808,
          1776384,
          1779648,
          1784544,
          1775680,
          1775776,
          1774176,
          1775712,
          1776736,
          1776000,
          1783808
        ],
        "chunk_tokens": 224,
        "block_threads": 256,
        "staged_input_bytes": 434211432,
        "applicable": true
      },
      {
        "kernel": "onpair_dw_k7_t256_b4",
        "role": "experimental",
        "stage_bytes": null,
        "chunk_size": 224,
        "decode_ms": 1.77232,
        "decode_gib_s": 525.4821758818191,
        "decode_ns_iters": [
          1784864,
          1774048,
          1775648,
          1775232,
          1776032,
          1776288,
          1778208,
          1774944,
          1772320,
          1774560,
          1777120,
          1778880,
          1777472,
          1778208,
          1778784,
          1775840,
          1773984,
          1776320,
          1777344,
          1778208,
          1778016,
          1778080,
          1777920,
          1777984,
          1777600,
          1777888,
          1777216,
          1776704,
          1776448,
          1776832
        ],
        "chunk_tokens": 224,
        "block_threads": 256,
        "staged_input_bytes": 434211432,
        "applicable": true
      },
      {
        "kernel": "onpair_dw_k7_t256_b6",
        "role": "experimental",
        "stage_bytes": null,
        "chunk_size": 224,
        "decode_ms": 2.615808,
        "decode_gib_s": 356.03628781579755,
        "decode_ns_iters": [
          2618848,
          2617760,
          2617184,
          2618048,
          2617024,
          2617184,
          2616480,
          2616256,
          2617632,
          2625664,
          2618304,
          2616640,
          2617120,
          2616544,
          2618016,
          2618816,
          2617696,
          2617248,
          2617440,
          2623488,
          2615808,
          2618464,
          2618240,
          2616128,
          2616512,
          2616672,
          2618432,
          2616800,
          2618304,
          2617024
        ],
        "chunk_tokens": 224,
        "block_threads": 256,
        "staged_input_bytes": 434211432,
        "applicable": true
      },
      {
        "kernel": "onpair_dw_k7_t256_b8",
        "role": "experimental",
        "stage_bytes": null,
        "chunk_size": 224,
        "decode_ms": 2.064992,
        "decode_gib_s": 451.00541307611144,
        "decode_ns_iters": [
          2076768,
          2076992,
          2082112,
          2081152,
          2077664,
          2081536,
          2079232,
          2067168,
          2066688,
          2067584,
          2066368,
          2064992,
          2068224,
          2078432,
          2076128,
          2083680,
          2079680,
          2077504,
          2077184,
          2079584,
          2076000,
          2078048,
          2077120,
          2076832,
          2081376,
          2078176,
          2079168,
          2079488,
          2077792,
          2078176
        ],
        "chunk_tokens": 224,
        "block_threads": 256,
        "staged_input_bytes": 434211432,
        "applicable": true
      },
      {
        "kernel": "onpair_dw_k8_t64_b1",
        "role": "experimental",
        "stage_bytes": null,
        "chunk_size": 256,
        "decode_ms": 2.1304,
        "decode_gib_s": 437.1585476712663,
        "decode_ns_iters": [
          2132512,
          2131008,
          2133696,
          2130400,
          2131872,
          2132096,
          2132928,
          2131392,
          2133792,
          2132928,
          2131552,
          2133696,
          2133344,
          2132512,
          2131744,
          2132352,
          2132768,
          2132640,
          2132448,
          2131616,
          2140416,
          2132096,
          2131008,
          2132864,
          2133536,
          2131520,
          2131520,
          2133760,
          2131872,
          2131872
        ],
        "chunk_tokens": 256,
        "block_threads": 64,
        "staged_input_bytes": 433259368,
        "applicable": true
      },
      {
        "kernel": "onpair_dw_k8_t64_b2",
        "role": "experimental",
        "stage_bytes": null,
        "chunk_size": 256,
        "decode_ms": 2.130208,
        "decode_gib_s": 437.1979496644767,
        "decode_ns_iters": [
          2131136,
          2131296,
          2131776,
          2130816,
          2132096,
          2132768,
          2130240,
          2132160,
          2140960,
          2132000,
          2133056,
          2132352,
          2130944,
          2133376,
          2130208,
          2131264,
          2130656,
          2132928,
          2132672,
          2133568,
          2131296,
          2133216,
          2132032,
          2130688,
          2132000,
          2133056,
          2132416,
          2131168,
          2132768,
          2131680
        ],
        "chunk_tokens": 256,
        "block_threads": 64,
        "staged_input_bytes": 433259368,
        "applicable": true
      },
      {
        "kernel": "onpair_dw_k8_t64_b4",
        "role": "experimental",
        "stage_bytes": null,
        "chunk_size": 256,
        "decode_ms": 2.130816,
        "decode_gib_s": 437.0732010454519,
        "decode_ns_iters": [
          2132352,
          2131872,
          2133248,
          2131104,
          2131776,
          2139360,
          2131552,
          2131360,
          2134080,
          2132000,
          2132992,
          2131520,
          2133408,
          2131744,
          2130816,
          2132320,
          2131904,
          2133856,
          2138336,
          2130816,
          2131840,
          2131232,
          2131872,
          2132736,
          2132288,
          2131968,
          2132992,
          2132480,
          2132000,
          2131616
        ],
        "chunk_tokens": 256,
        "block_threads": 64,
        "staged_input_bytes": 433259368,
        "applicable": true
      },
      {
        "kernel": "onpair_dw_k8_t64_b6",
        "role": "experimental",
        "stage_bytes": null,
        "chunk_size": 256,
        "decode_ms": 2.130016,
        "decode_gib_s": 437.2373587610918,
        "decode_ns_iters": [
          2133952,
          2132672,
          2131232,
          2131072,
          2132992,
          2131936,
          2133280,
          2131712,
          2132352,
          2131680,
          2133152,
          2140960,
          2133056,
          2132896,
          2133728,
          2130944,
          2132320,
          2130560,
          2132416,
          2131904,
          2131424,
          2135360,
          2132416,
          2132928,
          2132448,
          2131104,
          2132416,
          2130016,
          2134016,
          2133344
        ],
        "chunk_tokens": 256,
        "block_threads": 64,
        "staged_input_bytes": 433259368,
        "applicable": true
      },
      {
        "kernel": "onpair_dw_k8_t64_b8",
        "role": "experimental",
        "stage_bytes": null,
        "chunk_size": 256,
        "decode_ms": 2.129952,
        "decode_gib_s": 437.25049670549646,
        "decode_ns_iters": [
          2133024,
          2133280,
          2131872,
          2130656,
          2131328,
          2131968,
          2131328,
          2130592,
          2131616,
          2131424,
          2132096,
          2132384,
          2131424,
          2131424,
          2132416,
          2131936,
          2132960,
          2131456,
          2129952,
          2132288,
          2132480,
          2132928,
          2132448,
          2130976,
          2130304,
          2130016,
          2131904,
          2132608,
          2133344,
          2133056
        ],
        "chunk_tokens": 256,
        "block_threads": 64,
        "staged_input_bytes": 433259368,
        "applicable": true
      },
      {
        "kernel": "onpair_dw_k8_t128_b1",
        "role": "experimental",
        "stage_bytes": null,
        "chunk_size": 256,
        "decode_ms": 2.020096,
        "decode_gib_s": 461.02886692457463,
        "decode_ns_iters": [
          2022016,
          2021696,
          2022112,
          2023360,
          2020704,
          2023456,
          2022016,
          2028512,
          2021408,
          2020928,
          2023392,
          2021536,
          2022112,
          2023104,
          2020960,
          2021536,
          2022048,
          2020576,
          2022112,
          2021120,
          2022528,
          2020096,
          2020800,
          2022624,
          2022784,
          2021984,
          2028384,
          2022432,
          2021920,
          2020224
        ],
        "chunk_tokens": 256,
        "block_threads": 128,
        "staged_input_bytes": 433259368,
        "applicable": true
      },
      {
        "kernel": "onpair_dw_k8_t128_b2",
        "role": "experimental",
        "stage_bytes": null,
        "chunk_size": 256,
        "decode_ms": 2.019264,
        "decode_gib_s": 461.2188252545807,
        "decode_ns_iters": [
          2029376,
          2023040,
          2023552,
          2022752,
          2022464,
          2020800,
          2022912,
          2021984,
          2022784,
          2027968,
          2020288,
          2021504,
          2019264,
          2019712,
          2020736,
          2021344,
          2021088,
          2020960,
          2019488,
          2022016,
          2021760,
          2019872,
          2019584,
          2020064,
          2021312,
          2020992,
          2019872,
          2021376,
          2026720,
          2020128
        ],
        "chunk_tokens": 256,
        "block_threads": 128,
        "staged_input_bytes": 433259368,
        "applicable": true
      },
      {
        "kernel": "onpair_dw_k8_t128_b4",
        "role": "experimental",
        "stage_bytes": null,
        "chunk_size": 256,
        "decode_ms": 2.018624,
        "decode_gib_s": 461.36505360030674,
        "decode_ns_iters": [
          2029472,
          2021664,
          2020352,
          2019904,
          2021120,
          2022336,
          2022400,
          2022976,
          2022688,
          2022400,
          2022720,
          2027936,
          2023072,
          2023072,
          2024672,
          2020512,
          2023072,
          2021248,
          2020448,
          2019616,
          2021952,
          2021248,
          2022368,
          2020960,
          2021536,
          2020832,
          2020768,
          2020608,
          2020576,
          2018624
        ],
        "chunk_tokens": 256,
        "block_threads": 128,
        "staged_input_bytes": 433259368,
        "applicable": true
      },
      {
        "kernel": "onpair_dw_k8_t128_b6",
        "role": "experimental",
        "stage_bytes": null,
        "chunk_size": 256,
        "decode_ms": 2.019808,
        "decode_gib_s": 461.09460402120686,
        "decode_ns_iters": [
          2021984,
          2022720,
          2020992,
          2021248,
          2030752,
          2021984,
          2021888,
          2022336,
          2021504,
          2022112,
          2021920,
          2021952,
          2022752,
          2026432,
          2022176,
          2020192,
          2019808,
          2020640,
          2023072,
          2023168,
          2020768,
          2021760,
          2022592,
          2021280,
          2022400,
          2020992,
          2021856,
          2022144,
          2021600,
          2022816
        ],
        "chunk_tokens": 256,
        "block_threads": 128,
        "staged_input_bytes": 433259368,
        "applicable": true
      },
      {
        "kernel": "onpair_dw_k8_t128_b8",
        "role": "experimental",
        "stage_bytes": null,
        "chunk_size": 256,
        "decode_ms": 2.0192,
        "decode_gib_s": 461.2334439178217,
        "decode_ns_iters": [
          2024960,
          2020736,
          2024160,
          2023008,
          2021376,
          2021664,
          2022496,
          2022784,
          2020832,
          2020128,
          2020224,
          2021536,
          2023808,
          2023424,
          2022112,
          2029088,
          2023776,
          2023648,
          2022656,
          2019200,
          2021600,
          2023616,
          2022432,
          2021664,
          2023840,
          2021248,
          2022144,
          2020960,
          2021120,
          2023008
        ],
        "chunk_tokens": 256,
        "block_threads": 128,
        "staged_input_bytes": 433259368,
        "applicable": true
      },
      {
        "kernel": "onpair_dw_k8_t256_b1",
        "role": "experimental",
        "stage_bytes": null,
        "chunk_size": 256,
        "decode_ms": 1.948096,
        "decode_gib_s": 478.0681085320567,
        "decode_ns_iters": [
          1951264,
          1948096,
          1951392,
          1949824,
          1950496,
          1950816,
          1950784,
          1951488,
          1951424,
          1949632,
          1950592,
          1950432,
          1948896,
          1949504,
          1951520,
          1949600,
          1948704,
          1951008,
          1951232,
          1950688,
          1950560,
          1951104,
          1952000,
          1950112,
          1950752,
          1949856,
          1950464,
          1956512,
          1949472,
          1951360
        ],
        "chunk_tokens": 256,
        "block_threads": 256,
        "staged_input_bytes": 433259368,
        "applicable": true
      },
      {
        "kernel": "onpair_dw_k8_t256_b2",
        "role": "experimental",
        "stage_bytes": null,
        "chunk_size": 256,
        "decode_ms": 1.94864,
        "decode_gib_s": 477.9346467068651,
        "decode_ns_iters": [
          1951616,
          1950720,
          1951840,
          1950528,
          1952576,
          1952192,
          1948640,
          1951872,
          1951264,
          1951168,
          1950624,
          1950656,
          1956608,
          1949280,
          1949152,
          1949344,
          1951776,
          1951488,
          1950816,
          1948992,
          1951488,
          1949888,
          1951456,
          1951200,
          1950976,
          1949824,
          1951392,
          1950592,
          1951904,
          1951136
        ],
        "chunk_tokens": 256,
        "block_threads": 256,
        "staged_input_bytes": 433259368,
        "applicable": true
      },
      {
        "kernel": "onpair_dw_k8_t256_b4",
        "role": "experimental",
        "stage_bytes": null,
        "chunk_size": 256,
        "decode_ms": 1.948832,
        "decode_gib_s": 477.88756032272954,
        "decode_ns_iters": [
          1952224,
          1952224,
          1949184,
          1948864,
          1951136,
          1950592,
          1950944,
          1949920,
          1951712,
          1951488,
          1951200,
          1950720,
          1948832,
          1950144,
          1948928,
          1951104,
          1950336,
          1949440,
          1950784,
          1950048,
          1950272,
          1951808,
          1950560,
          1951776,
          1949472,
          1948960,
          1951136,
          1957344,
          1950656,
          1949440
        ],
        "chunk_tokens": 256,
        "block_threads": 256,
        "staged_input_bytes": 433259368,
        "applicable": true
      },
      {
        "kernel": "onpair_dw_k8_t256_b6",
        "role": "experimental",
        "stage_bytes": null,
        "chunk_size": 256,
        "decode_ms": 2.78784,
        "decode_gib_s": 334.06600449052513,
        "decode_ns_iters": [
          2791904,
          2789792,
          2788480,
          2791296,
          2788704,
          2790112,
          2788576,
          2788224,
          2790368,
          2790752,
          2790144,
          2790560,
          2789888,
          2790752,
          2788704,
          2788672,
          2790848,
          2790752,
          2788672,
          2790240,
          2791072,
          2791232,
          2787840,
          2789728,
          2790848,
          2791072,
          2790528,
          2790688,
          2792032,
          2787936
        ],
        "chunk_tokens": 256,
        "block_threads": 256,
        "staged_input_bytes": 433259368,
        "applicable": true
      },
      {
        "kernel": "onpair_dw_k8_t256_b8",
        "role": "experimental",
        "stage_bytes": null,
        "chunk_size": 256,
        "decode_ms": 1.953408,
        "decode_gib_s": 476.7680740320842,
        "decode_ns_iters": [
          1955552,
          1956448,
          1955232,
          1957248,
          1956032,
          1956960,
          1956256,
          1956160,
          1956896,
          1957664,
          1955104,
          1955968,
          1956704,
          1966176,
          1957216,
          1956352,
          1956608,
          1955616,
          1953408,
          1956384,
          1957856,
          1958048,
          1957472,
          1959584,
          1958912,
          1956480,
          1957024,
          1954272,
          1957568,
          1958752
        ],
        "chunk_tokens": 256,
        "block_threads": 256,
        "staged_input_bytes": 433259368,
        "applicable": true
      },
      {
        "kernel": "onpair_dh_k1_t256_b1_h0",
        "role": "experimental",
        "stage_bytes": null,
        "chunk_size": 32,
        "decode_ms": 1.843456,
        "decode_gib_s": 505.2046644774085,
        "decode_ns_iters": [
          1846528,
          1843456,
          1845376,
          1846464,
          1846624,
          1845312,
          1848832,
          1846752,
          1846720,
          1850016,
          1848288,
          1845792,
          1852000,
          1848992,
          1849216,
          1848384,
          1848544,
          1845952,
          1846688,
          1847968,
          1846944,
          1846240,
          1844384,
          1845216,
          1845856,
          1848288,
          1857408,
          1848992,
          1848544,
          1846784
        ],
        "chunk_tokens": 32,
        "block_threads": 256,
        "staged_input_bytes": 479910800,
        "applicable": true
      },
      {
        "kernel": "onpair_dh_k1_t256_b4_h0",
        "role": "experimental",
        "stage_bytes": null,
        "chunk_size": 32,
        "decode_ms": 1.84304,
        "decode_gib_s": 505.31869626208095,
        "decode_ns_iters": [
          1846432,
          1848160,
          1848672,
          1844640,
          1846336,
          1847520,
          1846976,
          1846656,
          1848032,
          1847552,
          1846400,
          1846624,
          1851552,
          1849216,
          1854304,
          1843040,
          1845728,
          1847584,
          1847072,
          1847232,
          1846432,
          1847360,
          1847424,
          1847392,
          1849888,
          1846624,
          1844768,
          1852096,
          1846208,
          1845344
        ],
        "chunk_tokens": 32,
        "block_threads": 256,
        "staged_input_bytes": 479910800,
        "applicable": true
      },
      {
        "kernel": "onpair_dh_k1_t256_b8_h0",
        "role": "experimental",
        "stage_bytes": null,
        "chunk_size": 32,
        "decode_ms": 1.745248,
        "decode_gib_s": 533.633368987597,
        "decode_ns_iters": [
          1751808,
          1750464,
          1751648,
          1751008,
          1749888,
          1752768,
          1750848,
          1749216,
          1751424,
          1753376,
          1749696,
          1751552,
          1751744,
          1753376,
          1749312,
          1752832,
          1750656,
          1753120,
          1754016,
          1750976,
          1748768,
          1750048,
          1745248,
          1750816,
          1752992,
          1751040,
          1750784,
          1749376,
          1756256,
          1755808
        ],
        "chunk_tokens": 32,
        "block_threads": 256,
        "staged_input_bytes": 479910800,
        "applicable": true
      },
      {
        "kernel": "onpair_dh_k2_t64_b1_h2",
        "role": "experimental",
        "stage_bytes": null,
        "chunk_size": 64,
        "decode_ms": 1.608096,
        "decode_gib_s": 579.1461268225688,
        "decode_ns_iters": [
          1609984,
          1611072,
          1611136,
          1612800,
          1611584,
          1612320,
          1609952,
          1609152,
          1610592,
          1610496,
          1611168,
          1609760,
          1609472,
          1608704,
          1616576,
          1608448,
          1609344,
          1610912,
          1609088,
          1608096,
          1609824,
          1608896,
          1611008,
          1610208,
          1608256,
          1608096,
          1611232,
          1608672,
          1609984,
          1609312
        ],
        "chunk_tokens": 64,
        "block_threads": 64,
        "staged_input_bytes": 453252848,
        "applicable": true
      },
      {
        "kernel": "onpair_dh_k2_t64_b2_h2",
        "role": "experimental",
        "stage_bytes": null,
        "chunk_size": 64,
        "decode_ms": 1.607808,
        "decode_gib_s": 579.2498668739462,
        "decode_ns_iters": [
          1612064,
          1611072,
          1611456,
          1611200,
          1609568,
          1610432,
          1611168,
          1609568,
          1611808,
          1609824,
          1611744,
          1609408,
          1609696,
          1611104,
          1608640,
          1608480,
          1611232,
          1608384,
          1608800,
          1610304,
          1608192,
          1612192,
          1611360,
          1610976,
          1610560,
          1608160,
          1609024,
          1607808,
          1611872,
          1609984
        ],
        "chunk_tokens": 64,
        "block_threads": 64,
        "staged_input_bytes": 453252848,
        "applicable": true
      },
      {
        "kernel": "onpair_dh_k2_t64_b4_h2",
        "role": "experimental",
        "stage_bytes": null,
        "chunk_size": 64,
        "decode_ms": 1.608096,
        "decode_gib_s": 579.1461268225688,
        "decode_ns_iters": [
          1611552,
          1610272,
          1608928,
          1611968,
          1617408,
          1611264,
          1611648,
          1611392,
          1610528,
          1610304,
          1611168,
          1610400,
          1608704,
          1611616,
          1609088,
          1608960,
          1609504,
          1620032,
          1609056,
          1609120,
          1609440,
          1610304,
          1608096,
          1608256,
          1609024,
          1611488,
          1609728,
          1608896,
          1609984,
          1609376
        ],
        "chunk_tokens": 64,
        "block_threads": 64,
        "staged_input_bytes": 453252848,
        "applicable": true
      },
      {
        "kernel": "onpair_dh_k2_t64_b6_h2",
        "role": "experimental",
        "stage_bytes": null,
        "chunk_size": 64,
        "decode_ms": 1.607264,
        "decode_gib_s": 579.4459217395932,
        "decode_ns_iters": [
          1612032,
          1610432,
          1611264,
          1610016,
          1610368,
          1608992,
          1608896,
          1612608,
          1608992,
          1610016,
          1609696,
          1612928,
          1610912,
          1610304,
          1611680,
          1608128,
          1609216,
          1610080,
          1610432,
          1610336,
          1608032,
          1608448,
          1614304,
          1609280,
          1609568,
          1607328,
          1609376,
          1607264,
          1608768,
          1611264
        ],
        "chunk_tokens": 64,
        "block_threads": 64,
        "staged_input_bytes": 453252848,
        "applicable": true
      },
      {
        "kernel": "onpair_dh_k2_t64_b8_h2",
        "role": "experimental",
        "stage_bytes": null,
        "chunk_size": 64,
        "decode_ms": 1.600704,
        "decode_gib_s": 581.8206051580215,
        "decode_ns_iters": [
          1610592,
          1612800,
          1609760,
          1610208,
          1608096,
          1611776,
          1609504,
          1610976,
          1610592,
          1610272,
          1612512,
          1609920,
          1611680,
          1611616,
          1608448,
          1608320,
          1609408,
          1617920,
          1608160,
          1610816,
          1608608,
          1607136,
          1608608,
          1608480,
          1610336,
          1612544,
          1609664,
          1609056,
          1612608,
          1600704
        ],
        "chunk_tokens": 64,
        "block_threads": 64,
        "staged_input_bytes": 453252848,
        "applicable": true
      },
      {
        "kernel": "onpair_dh_k2_t128_b1_h2",
        "role": "experimental",
        "stage_bytes": null,
        "chunk_size": 64,
        "decode_ms": 1.515936,
        "decode_gib_s": 614.3548078275506,
        "decode_ns_iters": [
          1517824,
          1523680,
          1518560,
          1518176,
          1518496,
          1518944,
          1523648,
          1519104,
          1519360,
          1517280,
          1519360,
          1518816,
          1517472,
          1518560,
          1517248,
          1518016,
          1520064,
          1517216,
          1517760,
          1515936,
          1519840,
          1518976,
          1518112,
          1517728,
          1516288,
          1518112,
          1518080,
          1519200,
          1518624,
          1516512
        ],
        "chunk_tokens": 64,
        "block_threads": 128,
        "staged_input_bytes": 453252848,
        "applicable": true
      },
      {
        "kernel": "onpair_dh_k2_t128_b2_h2",
        "role": "experimental",
        "stage_bytes": null,
        "chunk_size": 64,
        "decode_ms": 1.51456,
        "decode_gib_s": 614.9129581917294,
        "decode_ns_iters": [
          1519776,
          1517632,
          1524608,
          1517824,
          1519488,
          1519616,
          1519776,
          1518336,
          1518208,
          1516160,
          1515712,
          1514560,
          1515456,
          1516704,
          1518976,
          1518752,
          1517568,
          1514592,
          1516928,
          1516608,
          1516608,
          1518016,
          1518272,
          1516576,
          1517664,
          1517344,
          1517312,
          1516608,
          1516896,
          1517344
        ],
        "chunk_tokens": 64,
        "block_threads": 128,
        "staged_input_bytes": 453252848,
        "applicable": true
      },
      {
        "kernel": "onpair_dh_k2_t128_b4_h2",
        "role": "experimental",
        "stage_bytes": null,
        "chunk_size": 64,
        "decode_ms": 1.514624,
        "decode_gib_s": 614.8869752221447,
        "decode_ns_iters": [
          1517984,
          1518176,
          1517856,
          1516960,
          1515680,
          1519008,
          1518048,
          1517600,
          1519616,
          1517696,
          1519840,
          1517344,
          1519104,
          1515872,
          1515232,
          1516352,
          1514624,
          1517568,
          1518112,
          1517024,
          1518880,
          1518368,
          1516704,
          1517984,
          1516480,
          1519072,
          1514848,
          1517792,
          1516672,
          1517888
        ],
        "chunk_tokens": 64,
        "block_threads": 128,
        "staged_input_bytes": 453252848,
        "applicable": true
      },
      {
        "kernel": "onpair_dh_k2_t128_b6_h2",
        "role": "experimental",
        "stage_bytes": null,
        "chunk_size": 64,
        "decode_ms": 1.514368,
        "decode_gib_s": 614.9909202775453,
        "decode_ns_iters": [
          1517824,
          1518272,
          1516416,
          1516544,
          1519296,
          1518048,
          1517056,
          1517152,
          1516896,
          1516512,
          1516096,
          1516448,
          1516992,
          1518784,
          1518368,
          1516288,
          1516320,
          1515072,
          1516032,
          1516768,
          1516800,
          1517248,
          1515296,
          1514368,
          1516896,
          1516384,
          1514944,
          1515360,
          1517120,
          1517504
        ],
        "chunk_tokens": 64,
        "block_threads": 128,
        "staged_input_bytes": 453252848,
        "applicable": true
      },
      {
        "kernel": "onpair_dh_k2_t128_b8_h2",
        "role": "experimental",
        "stage_bytes": null,
        "chunk_size": 64,
        "decode_ms": 1.515008,
        "decode_gib_s": 614.7311235048697,
        "decode_ns_iters": [
          1517888,
          1518336,
          1515008,
          1518176,
          1516128,
          1516672,
          1517440,
          1517088,
          1519008,
          1517408,
          1515840,
          1516768,
          1517472,
          1517696,
          1516864,
          1518304,
          1516960,
          1517376,
          1515808,
          1517152,
          1517344,
          1519200,
          1518176,
          1516768,
          1516800,
          1519264,
          1517376,
          1518176,
          1517280,
          1519392
        ],
        "chunk_tokens": 64,
        "block_threads": 128,
        "staged_input_bytes": 453252848,
        "applicable": true
      },
      {
        "kernel": "onpair_dh_k2_t256_b1_h0",
        "role": "experimental",
        "stage_bytes": null,
        "chunk_size": 64,
        "decode_ms": 1.508,
        "decode_gib_s": 617.5879111133062,
        "decode_ns_iters": [
          1513312,
          1513472,
          1520320,
          1515648,
          1513856,
          1514720,
          1512832,
          1524288,
          1513760,
          1518240,
          1511232,
          1513760,
          1522016,
          1513376,
          1510816,
          1516512,
          1510976,
          1522592,
          1512896,
          1508000,
          1509376,
          1516928,
          1515168,
          1512512,
          1515904,
          1515264,
          1515136,
          1513312,
          1513280,
          1514592
        ],
        "chunk_tokens": 64,
        "block_threads": 256,
        "staged_input_bytes": 453252848,
        "applicable": true
      },
      {
        "kernel": "onpair_dh_k2_t256_b1_h2",
        "role": "experimental",
        "stage_bytes": null,
        "chunk_size": 64,
        "decode_ms": 1.481792,
        "decode_gib_s": 628.5109988168823,
        "decode_ns_iters": [
          1486528,
          1487040,
          1485504,
          1485632,
          1487392,
          1485888,
          1484608,
          1484448,
          1482752,
          1489888,
          1481792,
          1485568,
          1491264,
          1498944,
          1498400,
          1497920,
          1495584,
          1495616,
          1497728,
          1489792,
          1484064,
          1482496,
          1484192,
          1483648,
          1486016,
          1487392,
          1483488,
          1494816,
          1484480,
          1485472
        ],
        "chunk_tokens": 64,
        "block_threads": 256,
        "staged_input_bytes": 453252848,
        "applicable": true
      },
      {
        "kernel": "onpair_dh_k2_t256_b2_h2",
        "role": "experimental",
        "stage_bytes": null,
        "chunk_size": 64,
        "decode_ms": 1.481152,
        "decode_gib_s": 628.7825759671293,
        "decode_ns_iters": [
          1485056,
          1484032,
          1484416,
          1486080,
          1487808,
          1484864,
          1483744,
          1484064,
          1483232,
          1484704,
          1482528,
          1488736,
          1481152,
          1488640,
          1482976,
          1482944,
          1482624,
          1484480,
          1483008,
          1484352,
          1484224,
          1482848,
          1483040,
          1483104,
          1484064,
          1484416,
          1488576,
          1485504,
          1484800,
          1484064
        ],
        "chunk_tokens": 64,
        "block_threads": 256,
        "staged_input_bytes": 453252848,
        "applicable": true
      },
      {
        "kernel": "onpair_dh_k2_t256_b4_h0",
        "role": "experimental",
        "stage_bytes": null,
        "chunk_size": 64,
        "decode_ms": 1.495968,
        "decode_gib_s": 622.5551415263333,
        "decode_ns_iters": [
          1500544,
          1502080,
          1518400,
          1514528,
          1514592,
          1514240,
          1510240,
          1511264,
          1515392,
          1516000,
          1516928,
          1511968,
          1515648,
          1503712,
          1501344,
          1501728,
          1500224,
          1503328,
          1495968,
          1501984,
          1508160,
          1504832,
          1498912,
          1501728,
          1499776,
          1502400,
          1497568,
          1504192,
          1497952,
          1500096
        ],
        "chunk_tokens": 64,
        "block_threads": 256,
        "staged_input_bytes": 453252848,
        "applicable": true
      },
      {
        "kernel": "onpair_dh_k2_t256_b4_h2",
        "role": "experimental",
        "stage_bytes": null,
        "chunk_size": 64,
        "decode_ms": 1.481984,
        "decode_gib_s": 628.4295714116115,
        "decode_ns_iters": [
          1482752,
          1482688,
          1485472,
          1486816,
          1485696,
          1484224,
          1484512,
          1485984,
          1482528,
          1485472,
          1485408,
          1481984,
          1483744,
          1487712,
          1485376,
          1488672,
          1484544,
          1482848,
          1484096,
          1484640,
          1485440,
          1488192,
          1486752,
          1483904,
          1486528,
          1485312,
          1485696,
          1484256,
          1484544,
          1487488
        ],
        "chunk_tokens": 64,
        "block_threads": 256,
        "staged_input_bytes": 453252848,
        "applicable": true
      },
      {
        "kernel": "onpair_dh_k2_t256_b6_h2",
        "role": "experimental",
        "stage_bytes": null,
        "chunk_size": 64,
        "decode_ms": 1.421504,
        "decode_gib_s": 655.1670413582133,
        "decode_ns_iters": [
          1423264,
          1424192,
          1424480,
          1421504,
          1422080,
          1423424,
          1423264,
          1423104,
          1424128,
          1424544,
          1423392,
          1423488,
          1423840,
          1425152,
          1424768,
          1422624,
          1422656,
          1423968,
          1425792,
          1422368,
          1427328,
          1424128,
          1424544,
          1422272,
          1424096,
          1424032,
          1422304,
          1422976,
          1423616,
          1422336
        ],
        "chunk_tokens": 64,
        "block_threads": 256,
        "staged_input_bytes": 453252848,
        "applicable": true
      },
      {
        "kernel": "onpair_dh_k2_t256_b8_h0",
        "role": "experimental",
        "stage_bytes": null,
        "chunk_size": 64,
        "decode_ms": 1.394944,
        "decode_gib_s": 667.6415468713193,
        "decode_ns_iters": [
          1397024,
          1398464,
          1394944,
          1397312,
          1397536,
          1397024,
          1399488,
          1396544,
          1395552,
          1397376,
          1396512,
          1397120,
          1396192,
          1397024,
          1398688,
          1396608,
          1398208,
          1398304,
          1395776,
          1397280,
          1404224,
          1396832,
          1396480,
          1397568,
          1396992,
          1396288,
          1395840,
          1397472,
          1397408,
          1399392
        ],
        "chunk_tokens": 64,
        "block_threads": 256,
        "staged_input_bytes": 453252848,
        "applicable": true
      },
      {
        "kernel": "onpair_dh_k2_t256_b8_h2",
        "role": "experimental",
        "stage_bytes": null,
        "chunk_size": 64,
        "decode_ms": 1.422336,
        "decode_gib_s": 654.7837992983835,
        "decode_ns_iters": [
          1424352,
          1424032,
          1423872,
          1423744,
          1424160,
          1424512,
          1423168,
          1423680,
          1422336,
          1423072,
          1422912,
          1423872,
          1424352,
          1430560,
          1423616,
          1423296,
          1424480,
          1422944,
          1425376,
          1423968,
          1424384,
          1423744,
          1424544,
          1424032,
          1425888,
          1423456,
          1424288,
          1422976,
          1424000,
          1423360
        ],
        "chunk_tokens": 64,
        "block_threads": 256,
        "staged_input_bytes": 453252848,
        "applicable": true
      },
      {
        "kernel": "onpair_dh_k3_t64_b1_h2",
        "role": "experimental",
        "stage_bytes": null,
        "chunk_size": 96,
        "decode_ms": 1.510272,
        "decode_gib_s": 616.6588336133264,
        "decode_ns_iters": [
          1511936,
          1511616,
          1510368,
          1510272,
          1511040,
          1513984,
          1516256,
          1512480,
          1512416,
          1511136,
          1511264,
          1510656,
          1513184,
          1518464,
          1511328,
          1512768,
          1512832,
          1510336,
          1511392,
          1510720,
          1511488,
          1512544,
          1511808,
          1511616,
          1512576,
          1512384,
          1513152,
          1511232,
          1511360,
          1514016
        ],
        "chunk_tokens": 96,
        "block_threads": 64,
        "staged_input_bytes": 444366864,
        "applicable": true
      },
      {
        "kernel": "onpair_dh_k3_t64_b1_h3",
        "role": "experimental",
        "stage_bytes": null,
        "chunk_size": 96,
        "decode_ms": 1.509856,
        "decode_gib_s": 616.8287372828041,
        "decode_ns_iters": [
          1511584,
          1511616,
          1511808,
          1509856,
          1512032,
          1510336,
          1510816,
          1511232,
          1511456,
          1513312,
          1513120,
          1513280,
          1513376,
          1512800,
          1511808,
          1509952,
          1511296,
          1511744,
          1511424,
          1510688,
          1511520,
          1517792,
          1510560,
          1510336,
          1512352,
          1513024,
          1511552,
          1511104,
          1511616,
          1511936
        ],
        "chunk_tokens": 96,
        "block_threads": 64,
        "staged_input_bytes": 444366864,
        "applicable": true
      },
      {
        "kernel": "onpair_dh_k3_t64_b2_h2",
        "role": "experimental",
        "stage_bytes": null,
        "chunk_size": 96,
        "decode_ms": 1.509568,
        "decode_gib_s": 616.9464177558518,
        "decode_ns_iters": [
          1512288,
          1511392,
          1512032,
          1511872,
          1510528,
          1511424,
          1513248,
          1511168,
          1511136,
          1511008,
          1511072,
          1510656,
          1509600,
          1511296,
          1511552,
          1511072,
          1511904,
          1511904,
          1509568,
          1510976,
          1511360,
          1511040,
          1516896,
          1511840,
          1511648,
          1510560,
          1511712,
          1512992,
          1512352,
          1516896
        ],
        "chunk_tokens": 96,
        "block_threads": 64,
        "staged_input_bytes": 444366864,
        "applicable": true
      },
      {
        "kernel": "onpair_dh_k3_t64_b2_h3",
        "role": "experimental",
        "stage_bytes": null,
        "chunk_size": 96,
        "decode_ms": 1.523712,
        "decode_gib_s": 611.2195545869992,
        "decode_ns_iters": [
          1525792,
          1526368,
          1526304,
          1526272,
          1525536,
          1525184,
          1523904,
          1526176,
          1526880,
          1525952,
          1526688,
          1525280,
          1525216,
          1526304,
          1525920,
          1530784,
          1526464,
          1524704,
          1525856,
          1525568,
          1531360,
          1523712,
          1523776,
          1525536,
          1525184,
          1532320,
          1524032,
          1524928,
          1525120,
          1525792
        ],
        "chunk_tokens": 96,
        "block_threads": 64,
        "staged_input_bytes": 444366864,
        "applicable": true
      },
      {
        "kernel": "onpair_dh_k3_t64_b4_h2",
        "role": "experimental",
        "stage_bytes": null,
        "chunk_size": 96,
        "decode_ms": 1.52368,
        "decode_gib_s": 611.2323912887651,
        "decode_ns_iters": [
          1525184,
          1524512,
          1526848,
          1526688,
          1524800,
          1524096,
          1525152,
          1524512,
          1524640,
          1524704,
          1526560,
          1525184,
          1524640,
          1525536,
          1525376,
          1525472,
          1524896,
          1523904,
          1523680,
          1525600,
          1525792,
          1526976,
          1524576,
          1524512,
          1524224,
          1523872,
          1526880,
          1525312,
          1525056,
          1524800
        ],
        "chunk_tokens": 96,
        "block_threads": 64,
        "staged_input_bytes": 444366864,
        "applicable": true
      },
      {
        "kernel": "onpair_dh_k3_t64_b4_h3",
        "role": "experimental",
        "stage_bytes": null,
        "chunk_size": 96,
        "decode_ms": 1.523072,
        "decode_gib_s": 611.4763911088023,
        "decode_ns_iters": [
          1525280,
          1524064,
          1525760,
          1525088,
          1525440,
          1525984,
          1524768,
          1523072,
          1525952,
          1525888,
          1524576,
          1526432,
          1524224,
          1525120,
          1525248,
          1523968,
          1524256,
          1526528,
          1526368,
          1523232,
          1524768,
          1526432,
          1524832,
          1524640,
          1524480,
          1527200,
          1525184,
          1525696,
          1526112,
          1524832
        ],
        "chunk_tokens": 96,
        "block_threads": 64,
        "staged_input_bytes": 444366864,
        "applicable": true
      },
      {
        "kernel": "onpair_dh_k3_t64_b6_h2",
        "role": "experimental",
        "stage_bytes": null,
        "chunk_size": 96,
        "decode_ms": 1.510496,
        "decode_gib_s": 616.5673857851101,
        "decode_ns_iters": [
          1525152,
          1513248,
          1512768,
          1513760,
          1512160,
          1511776,
          1511232,
          1512192,
          1513120,
          1513088,
          1511296,
          1510496,
          1513568,
          1512288,
          1515200,
          1524928,
          1526848,
          1524768,
          1526272,
          1525920,
          1526720,
          1523584,
          1524416,
          1524320,
          1525440,
          1526080,
          1524480,
          1525056,
          1526208,
          1524448
        ],
        "chunk_tokens": 96,
        "block_threads": 64,
        "staged_input_bytes": 444366864,
        "applicable": true
      },
      {
        "kernel": "onpair_dh_k3_t64_b6_h3",
        "role": "experimental",
        "stage_bytes": null,
        "chunk_size": 96,
        "decode_ms": 1.523264,
        "decode_gib_s": 611.3993174911675,
        "decode_ns_iters": [
          1525408,
          1533088,
          1524960,
          1523456,
          1525184,
          1525984,
          1531968,
          1523552,
          1526112,
          1525152,
          1525920,
          1530240,
          1525376,
          1525952,
          1525248,
          1525952,
          1524896,
          1526624,
          1523680,
          1524224,
          1523264,
          1525696,
          1525856,
          1523712,
          1525568,
          1523264,
          1523488,
          1524512,
          1524352,
          1524064
        ],
        "chunk_tokens": 96,
        "block_threads": 64,
        "staged_input_bytes": 444366864,
        "applicable": true
      },
      {
        "kernel": "onpair_dh_k3_t64_b8_h2",
        "role": "experimental",
        "stage_bytes": null,
        "chunk_size": 96,
        "decode_ms": 1.523904,
        "decode_gib_s": 611.1425456976723,
        "decode_ns_iters": [
          1526368,
          1524640,
          1534624,
          1525536,
          1523904,
          1523936,
          1524352,
          1531040,
          1525152,
          1526016,
          1525472,
          1525440,
          1531392,
          1526048,
          1524768,
          1526848,
          1524448,
          1531776,
          1524736,
          1526144,
          1525952,
          1524864,
          1530336,
          1526144,
          1524256,
          1526080,
          1524032,
          1531360,
          1525024,
          1525440
        ],
        "chunk_tokens": 96,
        "block_threads": 64,
        "staged_input_bytes": 444366864,
        "applicable": true
      },
      {
        "kernel": "onpair_dh_k3_t64_b8_h3",
        "role": "experimental",
        "stage_bytes": null,
        "chunk_size": 96,
        "decode_ms": 1.522752,
        "decode_gib_s": 611.6048903293942,
        "decode_ns_iters": [
          1526336,
          1524832,
          1524832,
          1524544,
          1525088,
          1526880,
          1524704,
          1525504,
          1524224,
          1526080,
          1524992,
          1526208,
          1525056,
          1524480,
          1523648,
          1526368,
          1524960,
          1526336,
          1524352,
          1522752,
          1525216,
          1524448,
          1523936,
          1524576,
          1525344,
          1525280,
          1525312,
          1524480,
          1526304,
          1525824
        ],
        "chunk_tokens": 96,
        "block_threads": 64,
        "staged_input_bytes": 444366864,
        "applicable": true
      },
      {
        "kernel": "onpair_dh_k3_t128_b1_h2",
        "role": "experimental",
        "stage_bytes": null,
        "chunk_size": 96,
        "decode_ms": 1.443232,
        "decode_gib_s": 645.3034369795471,
        "decode_ns_iters": [
          1447520,
          1446208,
          1444896,
          1443232,
          1445152,
          1446816,
          1446208,
          1446464,
          1447104,
          1443904,
          1445216,
          1445216,
          1446656,
          1445376,
          1444992,
          1445152,
          1446048,
          1445824,
          1447648,
          1445696,
          1445728,
          1445984,
          1451296,
          1445792,
          1443264,
          1444864,
          1444640,
          1445440,
          1446528,
          1446080
        ],
        "chunk_tokens": 96,
        "block_threads": 128,
        "staged_input_bytes": 444366864,
        "applicable": true
      },
      {
        "kernel": "onpair_dh_k3_t128_b1_h3",
        "role": "experimental",
        "stage_bytes": null,
        "chunk_size": 96,
        "decode_ms": 1.44432,
        "decode_gib_s": 644.81733269557,
        "decode_ns_iters": [
          1445984,
          1446944,
          1446464,
          1448416,
          1446080,
          1445952,
          1445344,
          1446080,
          1447136,
          1446688,
          1446304,
          1448032,
          1447232,
          1445376,
          1445888,
          1445984,
          1451296,
          1447296,
          1446368,
          1444320,
          1446496,
          1446496,
          1446432,
          1445920,
          1445248,
          1447840,
          1452832,
          1446560,
          1445856,
          1446016
        ],
        "chunk_tokens": 96,
        "block_threads": 128,
        "staged_input_bytes": 444366864,
        "applicable": true
      },
      {
        "kernel": "onpair_dh_k3_t128_b2_h2",
        "role": "experimental",
        "stage_bytes": null,
        "chunk_size": 96,
        "decode_ms": 1.443936,
        "decode_gib_s": 644.988815265265,
        "decode_ns_iters": [
          1446944,
          1446176,
          1445920,
          1446432,
          1446624,
          1451680,
          1443936,
          1444896,
          1446848,
          1445888,
          1444544,
          1447168,
          1446432,
          1445280,
          1446144,
          1444832,
          1446656,
          1444576,
          1445952,
          1444512,
          1447872,
          1444736,
          1444672,
          1445472,
          1446304,
          1444896,
          1446048,
          1445504,
          1445888,
          1445632
        ],
        "chunk_tokens": 96,
        "block_threads": 128,
        "staged_input_bytes": 444366864,
        "applicable": true
      },
      {
        "kernel": "onpair_dh_k3_t128_b2_h3",
        "role": "experimental",
        "stage_bytes": null,
        "chunk_size": 96,
        "decode_ms": 1.431072,
        "decode_gib_s": 650.7866619980447,
        "decode_ns_iters": [
          1447328,
          1447488,
          1446688,
          1444896,
          1446496,
          1448416,
          1448320,
          1448096,
          1445600,
          1448224,
          1447072,
          1451616,
          1446144,
          1447104,
          1444576,
          1447328,
          1446816,
          1448192,
          1444960,
          1444704,
          1437728,
          1432640,
          1432192,
          1432480,
          1433632,
          1433216,
          1432224,
          1432960,
          1431072,
          1432576
        ],
        "chunk_tokens": 96,
        "block_threads": 128,
        "staged_input_bytes": 444366864,
        "applicable": true
      },
      {
        "kernel": "onpair_dh_k3_t128_b4_h2",
        "role": "experimental",
        "stage_bytes": null,
        "chunk_size": 96,
        "decode_ms": 1.430016,
        "decode_gib_s": 651.2672375406049,
        "decode_ns_iters": [
          1431456,
          1433568,
          1431712,
          1432416,
          1432064,
          1430848,
          1431232,
          1431616,
          1432608,
          1431968,
          1431840,
          1430688,
          1431968,
          1434880,
          1432192,
          1432000,
          1431712,
          1433024,
          1430368,
          1431936,
          1432288,
          1432608,
          1430080,
          1431200,
          1431520,
          1436800,
          1431328,
          1432192,
          1431712,
          1430016
        ],
        "chunk_tokens": 96,
        "block_threads": 128,
        "staged_input_bytes": 444366864,
        "applicable": true
      },
      {
        "kernel": "onpair_dh_k3_t128_b4_h3",
        "role": "experimental",
        "stage_bytes": null,
        "chunk_size": 96,
        "decode_ms": 1.431904,
        "decode_gib_s": 650.4085259618421,
        "decode_ns_iters": [
          1434016,
          1433440,
          1432960,
          1433600,
          1432544,
          1434784,
          1435168,
          1434528,
          1433824,
          1432448,
          1432544,
          1433184,
          1433472,
          1433088,
          1433568,
          1433728,
          1434336,
          1433312,
          1433824,
          1438496,
          1434080,
          1437120,
          1434560,
          1433280,
          1434816,
          1432032,
          1433248,
          1433280,
          1433856,
          1431904
        ],
        "chunk_tokens": 96,
        "block_threads": 128,
        "staged_input_bytes": 444366864,
        "applicable": true
      },
      {
        "kernel": "onpair_dh_k3_t128_b6_h2",
        "role": "experimental",
        "stage_bytes": null,
        "chunk_size": 96,
        "decode_ms": 1.429216,
        "decode_gib_s": 651.6317827108468,
        "decode_ns_iters": [
          1431616,
          1433088,
          1433760,
          1431008,
          1432544,
          1431872,
          1431296,
          1431104,
          1430752,
          1431424,
          1432032,
          1436288,
          1432640,
          1437920,
          1431648,
          1431072,
          1432224,
          1432544,
          1432704,
          1430912,
          1431872,
          1432032,
          1431008,
          1429216,
          1434464,
          1431328,
          1431584,
          1433312,
          1432384,
          1434400
        ],
        "chunk_tokens": 96,
        "block_threads": 128,
        "staged_input_bytes": 444366864,
        "applicable": true
      },
      {
        "kernel": "onpair_dh_k3_t128_b6_h3",
        "role": "experimental",
        "stage_bytes": null,
        "chunk_size": 96,
        "decode_ms": 1.430752,
        "decode_gib_s": 650.9322160366477,
        "decode_ns_iters": [
          1433728,
          1434496,
          1434432,
          1433792,
          1431136,
          1433504,
          1431648,
          1437248,
          1432480,
          1438848,
          1433760,
          1430752,
          1432288,
          1432704,
          1434048,
          1433184,
          1433280,
          1431328,
          1433376,
          1431712,
          1433728,
          1432704,
          1433312,
          1432224,
          1432768,
          1433600,
          1433408,
          1433248,
          1432672,
          1434624
        ],
        "chunk_tokens": 96,
        "block_threads": 128,
        "staged_input_bytes": 444366864,
        "applicable": true
      },
      {
        "kernel": "onpair_dh_k3_t128_b8_h2",
        "role": "experimental",
        "stage_bytes": null,
        "chunk_size": 96,
        "decode_ms": 1.430016,
        "decode_gib_s": 651.2672375406049,
        "decode_ns_iters": [
          1433152,
          1437248,
          1432768,
          1439296,
          1431840,
          1431328,
          1431200,
          1431680,
          1432544,
          1430016,
          1432192,
          1432480,
          1430944,
          1430144,
          1431008,
          1430080,
          1433024,
          1431584,
          1432928,
          1430528,
          1432128,
          1431776,
          1432352,
          1431488,
          1432672,
          1432128,
          1432512,
          1430912,
          1431616,
          1430496
        ],
        "chunk_tokens": 96,
        "block_threads": 128,
        "staged_input_bytes": 444366864,
        "applicable": true
      },
      {
        "kernel": "onpair_dh_k3_t128_b8_h3",
        "role": "experimental",
        "stage_bytes": null,
        "chunk_size": 96,
        "decode_ms": 1.431488,
        "decode_gib_s": 650.597539035511,
        "decode_ns_iters": [
          1434752,
          1435072,
          1434208,
          1432352,
          1434880,
          1432064,
          1432384,
          1434080,
          1432288,
          1431936,
          1432096,
          1433184,
          1433216,
          1435200,
          1431488,
          1433216,
          1434368,
          1433952,
          1433408,
          1433536,
          1432640,
          1432992,
          1435616,
          1432096,
          1433888,
          1433472,
          1434880,
          1432928,
          1433952,
          1434240
        ],
        "chunk_tokens": 96,
        "block_threads": 128,
        "staged_input_bytes": 444366864,
        "applicable": true
      },
      {
        "kernel": "onpair_dh_k3_t256_b1_h0",
        "role": "experimental",
        "stage_bytes": null,
        "chunk_size": 96,
        "decode_ms": 1.3552,
        "decode_gib_s": 687.2214949519374,
        "decode_ns_iters": [
          1357760,
          1358944,
          1365152,
          1358720,
          1357792,
          1357760,
          1356608,
          1357024,
          1355200,
          1357760,
          1357152,
          1358304,
          1360736,
          1356448,
          1358560,
          1357600,
          1357728,
          1357856,
          1357952,
          1359520,
          1357184,
          1356384,
          1356384,
          1356288,
          1359488,
          1357312,
          1358784,
          1356640,
          1356992,
          1358432
        ],
        "chunk_tokens": 96,
        "block_threads": 256,
        "staged_input_bytes": 444366864,
        "applicable": true
      },
      {
        "kernel": "onpair_dh_k3_t256_b1_h2",
        "role": "experimental",
        "stage_bytes": null,
        "chunk_size": 96,
        "decode_ms": 1.37456,
        "decode_gib_s": 677.542318966699,
        "decode_ns_iters": [
          1377440,
          1376832,
          1376320,
          1383936,
          1378464,
          1377696,
          1378144,
          1377184,
          1376320,
          1376096,
          1376128,
          1375136,
          1375840,
          1375840,
          1376000,
          1375808,
          1377280,
          1374560,
          1376000,
          1376000,
          1377760,
          1375232,
          1376384,
          1375936,
          1375712,
          1376832,
          1376768,
          1377024,
          1376384,
          1375936
        ],
        "chunk_tokens": 96,
        "block_threads": 256,
        "staged_input_bytes": 444366864,
        "applicable": true
      },
      {
        "kernel": "onpair_dh_k3_t256_b1_h3",
        "role": "experimental",
        "stage_bytes": null,
        "chunk_size": 96,
        "decode_ms": 1.378624,
        "decode_gib_s": 675.5450144193526,
        "decode_ns_iters": [
          1382752,
          1381344,
          1381216,
          1380640,
          1380128,
          1386752,
          1379904,
          1380768,
          1380448,
          1380512,
          1379264,
          1380128,
          1380768,
          1380992,
          1379328,
          1378656,
          1381184,
          1380800,
          1378624,
          1379296,
          1380960,
          1380832,
          1379840,
          1379552,
          1379840,
          1379904,
          1380512,
          1379648,
          1382080,
          1378944
        ],
        "chunk_tokens": 96,
        "block_threads": 256,
        "staged_input_bytes": 444366864,
        "applicable": true
      },
      {
        "kernel": "onpair_dh_k3_t256_b2_h2",
        "role": "experimental",
        "stage_bytes": null,
        "chunk_size": 96,
        "decode_ms": 1.374848,
        "decode_gib_s": 677.4003889585362,
        "decode_ns_iters": [
          1377376,
          1375328,
          1377376,
          1374848,
          1376640,
          1376800,
          1377248,
          1376192,
          1378496,
          1376128,
          1376480,
          1377568,
          1377568,
          1377312,
          1377440,
          1376160,
          1377536,
          1377792,
          1376480,
          1378144,
          1375456,
          1376992,
          1376640,
          1381664,
          1377664,
          1375072,
          1375392,
          1377856,
          1376192,
          1376064
        ],
        "chunk_tokens": 96,
        "block_threads": 256,
        "staged_input_bytes": 444366864,
        "applicable": true
      },
      {
        "kernel": "onpair_dh_k3_t256_b2_h3",
        "role": "experimental",
        "stage_bytes": null,
        "chunk_size": 96,
        "decode_ms": 1.378336,
        "decode_gib_s": 675.6861679292028,
        "decode_ns_iters": [
          1379936,
          1381504,
          1380224,
          1379136,
          1380192,
          1381120,
          1379840,
          1382176,
          1379552,
          1380704,
          1378336,
          1380192,
          1380736,
          1379744,
          1378688,
          1379552,
          1379552,
          1381248,
          1379456,
          1380768,
          1381280,
          1381760,
          1380416,
          1379776,
          1379808,
          1379744,
          1381536,
          1379520,
          1381664,
          1381600
        ],
        "chunk_tokens": 96,
        "block_threads": 256,
        "staged_input_bytes": 444366864,
        "applicable": true
      },
      {
        "kernel": "onpair_dh_k3_t256_b4_h0",
        "role": "experimental",
        "stage_bytes": null,
        "chunk_size": 96,
        "decode_ms": 1.355136,
        "decode_gib_s": 687.2539508646112,
        "decode_ns_iters": [
          1358656,
          1357920,
          1358944,
          1357888,
          1369824,
          1356672,
          1355136,
          1357952,
          1357120,
          1358720,
          1356000,
          1357888,
          1356256,
          1356256,
          1356416,
          1358720,
          1357152,
          1358432,
          1358080,
          1356544,
          1358048,
          1358464,
          1356672,
          1357632,
          1356640,
          1356960,
          1357824,
          1357248,
          1355552,
          1355136
        ],
        "chunk_tokens": 96,
        "block_threads": 256,
        "staged_input_bytes": 444366864,
        "applicable": true
      },
      {
        "kernel": "onpair_dh_k3_t256_b4_h2",
        "role": "experimental",
        "stage_bytes": null,
        "chunk_size": 96,
        "decode_ms": 1.373536,
        "decode_gib_s": 678.0474410272942,
        "decode_ns_iters": [
          1377120,
          1374720,
          1375264,
          1373536,
          1375712,
          1375360,
          1375712,
          1373792,
          1375552,
          1376224,
          1375040,
          1377696,
          1375744,
          1375488,
          1376288,
          1375200,
          1376256,
          1375712,
          1376480,
          1375072,
          1375936,
          1381408,
          1375712,
          1376960,
          1376160,
          1377824,
          1376864,
          1378272,
          1375520,
          1375008
        ],
        "chunk_tokens": 96,
        "block_threads": 256,
        "staged_input_bytes": 444366864,
        "applicable": true
      },
      {
        "kernel": "onpair_dh_k3_t256_b4_h3",
        "role": "experimental",
        "stage_bytes": null,
        "chunk_size": 96,
        "decode_ms": 1.378432,
        "decode_gib_s": 675.6391102055564,
        "decode_ns_iters": [
          1379168,
          1379136,
          1380096,
          1379008,
          1380000,
          1379520,
          1379456,
          1380704,
          1380512,
          1387680,
          1381408,
          1380832,
          1379200,
          1379328,
          1381728,
          1380192,
          1381280,
          1380352,
          1379360,
          1379424,
          1379488,
          1381568,
          1379232,
          1379456,
          1379808,
          1388512,
          1379904,
          1378432,
          1379456,
          1379168
        ],
        "chunk_tokens": 96,
        "block_threads": 256,
        "staged_input_bytes": 444366864,
        "applicable": true
      },
      {
        "kernel": "onpair_dh_k3_t256_b6_h2",
        "role": "experimental",
        "stage_bytes": null,
        "chunk_size": 96,
        "decode_ms": 1.401216,
        "decode_gib_s": 664.6531084135962,
        "decode_ns_iters": [
          1402048,
          1401216,
          1402112,
          1403520,
          1402848,
          1404352,
          1402112,
          1401600,
          1403488,
          1403808,
          1402848,
          1403712,
          1402688,
          1402240,
          1404384,
          1401952,
          1404032,
          1401568,
          1405152,
          1403040,
          1403392,
          1408032,
          1402496,
          1403616,
          1404320,
          1402848,
          1402240,
          1403200,
          1403392,
          1402080
        ],
        "chunk_tokens": 96,
        "block_threads": 256,
        "staged_input_bytes": 444366864,
        "applicable": true
      },
      {
        "kernel": "onpair_dh_k3_t256_b6_h3",
        "role": "experimental",
        "stage_bytes": null,
        "chunk_size": 96,
        "decode_ms": 1.40544,
        "decode_gib_s": 662.6555171041565,
        "decode_ns_iters": [
          1405760,
          1406496,
          1406592,
          1406048,
          1406400,
          1407264,
          1406304,
          1406752,
          1415136,
          1405568,
          1405440,
          1407136,
          1405856,
          1407680,
          1407008,
          1407616,
          1407712,
          1408032,
          1405824,
          1406464,
          1406336,
          1412064,
          1406880,
          1406784,
          1408096,
          1408480,
          1406816,
          1407520,
          1407392,
          1406816
        ],
        "chunk_tokens": 96,
        "block_threads": 256,
        "staged_input_bytes": 444366864,
        "applicable": true
      },
      {
        "kernel": "onpair_dh_k3_t256_b8_h0",
        "role": "experimental",
        "stage_bytes": null,
        "chunk_size": 96,
        "decode_ms": 1.371776,
        "decode_gib_s": 678.9173815250198,
        "decode_ns_iters": [
          1374368,
          1374816,
          1371776,
          1374176,
          1374304,
          1373760,
          1373984,
          1374432,
          1372032,
          1372192,
          1375328,
          1374880,
          1374176,
          1374080,
          1374336,
          1374432,
          1374080,
          1374368,
          1373984,
          1373280,
          1375104,
          1374240,
          1373024,
          1373024,
          1374528,
          1373472,
          1372736,
          1371904,
          1371808,
          1373568
        ],
        "chunk_tokens": 96,
        "block_threads": 256,
        "staged_input_bytes": 444366864,
        "applicable": true
      },
      {
        "kernel": "onpair_dh_k3_t256_b8_h2",
        "role": "experimental",
        "stage_bytes": null,
        "chunk_size": 96,
        "decode_ms": 1.383232,
        "decode_gib_s": 673.2945521495061,
        "decode_ns_iters": [
          1386272,
          1386144,
          1385312,
          1386144,
          1387360,
          1386048,
          1392736,
          1384544,
          1383808,
          1384832,
          1385248,
          1383936,
          1384640,
          1384768,
          1383264,
          1385632,
          1385376,
          1384288,
          1385440,
          1385984,
          1384896,
          1384384,
          1383232,
          1384960,
          1383968,
          1385056,
          1384448,
          1383808,
          1385568,
          1385856
        ],
        "chunk_tokens": 96,
        "block_threads": 256,
        "staged_input_bytes": 444366864,
        "applicable": true
      },
      {
        "kernel": "onpair_dh_k3_t256_b8_h3",
        "role": "experimental",
        "stage_bytes": null,
        "chunk_size": 96,
        "decode_ms": 1.394816,
        "decode_gib_s": 667.702815252238,
        "decode_ns_iters": [
          1398272,
          1396096,
          1395968,
          1395712,
          1395136,
          1397664,
          1396768,
          1396256,
          1394816,
          1395552,
          1395264,
          1395712,
          1395584,
          1396512,
          1395296,
          1397504,
          1403008,
          1395680,
          1395424,
          1395392,
          1395840,
          1395424,
          1397952,
          1395200,
          1395936,
          1397120,
          1394912,
          1396800,
          1395456,
          1396832
        ],
        "chunk_tokens": 96,
        "block_threads": 256,
        "staged_input_bytes": 444366864,
        "applicable": true
      },
      {
        "kernel": "onpair_dh_k4_t64_b1_h2",
        "role": "experimental",
        "stage_bytes": null,
        "chunk_size": 128,
        "decode_ms": 1.439136,
        "decode_gib_s": 647.1400687348977,
        "decode_ns_iters": [
          1439424,
          1441984,
          1440960,
          1440768,
          1441792,
          1442240,
          1442048,
          1441312,
          1440384,
          1440576,
          1440256,
          1440928,
          1440576,
          1439360,
          1440608,
          1439936,
          1439264,
          1441728,
          1440544,
          1439136,
          1441600,
          1441248,
          1442176,
          1439968,
          1441472,
          1439968,
          1440960,
          1439840,
          1440096,
          1441216
        ],
        "chunk_tokens": 128,
        "block_threads": 64,
        "staged_input_bytes": 439923872,
        "applicable": true
      },
      {
        "kernel": "onpair_dh_k4_t64_b1_h3",
        "role": "experimental",
        "stage_bytes": null,
        "chunk_size": 128,
        "decode_ms": 1.44288,
        "decode_gib_s": 645.4608629677213,
        "decode_ns_iters": [
          1444544,
          1445696,
          1445408,
          1445408,
          1442976,
          1445952,
          1445888,
          1446368,
          1445696,
          1445440,
          1443712,
          1443712,
          1444960,
          1445056,
          1444000,
          1443264,
          1444000,
          1445408,
          1443968,
          1443520,
          1442880,
          1444288,
          1443648,
          1444608,
          1443328,
          1443552,
          1444256,
          1446240,
          1445472,
          1445248
        ],
        "chunk_tokens": 128,
        "block_threads": 64,
        "staged_input_bytes": 439923872,
        "applicable": true
      },
      {
        "kernel": "onpair_dh_k4_t64_b1_h4",
        "role": "experimental",
        "stage_bytes": null,
        "chunk_size": 128,
        "decode_ms": 1.442016,
        "decode_gib_s": 645.8475980563778,
        "decode_ns_iters": [
          1444896,
          1442976,
          1443200,
          1444384,
          1444192,
          1443232,
          1443200,
          1443648,
          1443264,
          1444448,
          1442016,
          1444864,
          1444448,
          1444352,
          1442592,
          1444544,
          1444416,
          1443392,
          1444288,
          1444544,
          1443168,
          1443680,
          1443456,
          1442976,
          1444736,
          1444512,
          1442400,
          1442944,
          1442912,
          1442656
        ],
        "chunk_tokens": 128,
        "block_threads": 64,
        "staged_input_bytes": 439923872,
        "applicable": true
      },
      {
        "kernel": "onpair_dh_k4_t64_b2_h2",
        "role": "experimental",
        "stage_bytes": null,
        "chunk_size": 128,
        "decode_ms": 1.438144,
        "decode_gib_s": 647.5864516758165,
        "decode_ns_iters": [
          1442816,
          1440704,
          1441696,
          1441408,
          1440288,
          1441952,
          1441184,
          1439008,
          1439872,
          1440256,
          1440736,
          1440992,
          1440096,
          1438144,
          1440160,
          1440416,
          1440608,
          1439456,
          1440000,
          1438720,
          1439808,
          1439200,
          1438880,
          1439712,
          1441216,
          1442688,
          1438432,
          1440704,
          1438752,
          1440160
        ],
        "chunk_tokens": 128,
        "block_threads": 64,
        "staged_input_bytes": 439923872,
        "applicable": true
      },
      {
        "kernel": "onpair_dh_k4_t64_b2_h3",
        "role": "experimental",
        "stage_bytes": null,
        "chunk_size": 128,
        "decode_ms": 1.442656,
        "decode_gib_s": 645.561083140309,
        "decode_ns_iters": [
          1444384,
          1445344,
          1444064,
          1443776,
          1442784,
          1444032,
          1444512,
          1445056,
          1445024,
          1444704,
          1443968,
          1445120,
          1444160,
          1445024,
          1444000,
          1444864,
          1445088,
          1444896,
          1442656,
          1445024,
          1442784,
          1444416,
          1442656,
          1444672,
          1443872,
          1446144,
          1443680,
          1444448,
          1443616,
          1443840
        ],
        "chunk_tokens": 128,
        "block_threads": 64,
        "staged_input_bytes": 439923872,
        "applicable": true
      },
      {
        "kernel": "onpair_dh_k4_t64_b2_h4",
        "role": "experimental",
        "stage_bytes": null,
        "chunk_size": 128,
        "decode_ms": 1.442016,
        "decode_gib_s": 645.8475980563778,
        "decode_ns_iters": [
          1445344,
          1443136,
          1442848,
          1445088,
          1443968,
          1443136,
          1444352,
          1443776,
          1443136,
          1445376,
          1445568,
          1444096,
          1444768,
          1443552,
          1444352,
          1444544,
          1444032,
          1445312,
          1445920,
          1444736,
          1444064,
          1443680,
          1442016,
          1443424,
          1444224,
          1444512,
          1442304,
          1446304,
          1442432,
          1444512
        ],
        "chunk_tokens": 128,
        "block_threads": 64,
        "staged_input_bytes": 439923872,
        "applicable": true
      },
      {
        "kernel": "onpair_dh_k4_t64_b4_h2",
        "role": "experimental",
        "stage_bytes": null,
        "chunk_size": 128,
        "decode_ms": 1.438176,
        "decode_gib_s": 647.5720426143015,
        "decode_ns_iters": [
          1443264,
          1440000,
          1441376,
          1441184,
          1439968,
          1441568,
          1440544,
          1440800,
          1441664,
          1441280,
          1441088,
          1440320,
          1441824,
          1440800,
          1441312,
          1440928,
          1440672,
          1438176,
          1440672,
          1442144,
          1440736,
          1439616,
          1440160,
          1440128,
          1440576,
          1439232,
          1440640,
          1440288,
          1440992,
          1441376
        ],
        "chunk_tokens": 128,
        "block_threads": 64,
        "staged_input_bytes": 439923872,
        "applicable": true
      },
      {
        "kernel": "onpair_dh_k4_t64_b4_h3",
        "role": "experimental",
        "stage_bytes": null,
        "chunk_size": 128,
        "decode_ms": 1.44288,
        "decode_gib_s": 645.4608629677213,
        "decode_ns_iters": [
          1445632,
          1449376,
          1442880,
          1449728,
          1444288,
          1444448,
          1444416,
          1446816,
          1443968,
          1446560,
          1445056,
          1445824,
          1444192,
          1444160,
          1445856,
          1445344,
          1443616,
          1445504,
          1445600,
          1446912,
          1445184,
          1445088,
          1445504,
          1444512,
          1445408,
          1443904,
          1445376,
          1445280,
          1444512,
          1444000
        ],
        "chunk_tokens": 128,
        "block_threads": 64,
        "staged_input_bytes": 439923872,
        "applicable": true
      },
      {
        "kernel": "onpair_dh_k4_t64_b4_h4",
        "role": "experimental",
        "stage_bytes": null,
        "chunk_size": 128,
        "decode_ms": 1.442432,
        "decode_gib_s": 645.6613344399359,
        "decode_ns_iters": [
          1443328,
          1444352,
          1446048,
          1446432,
          1443680,
          1445376,
          1446688,
          1442752,
          1443136,
          1443584,
          1444512,
          1443136,
          1443264,
          1447424,
          1443168,
          1443392,
          1443616,
          1444864,
          1442720,
          1443104,
          1443584,
          1443264,
          1444448,
          1443104,
          1444128,
          1444096,
          1442432,
          1443616,
          1443520,
          1443808
        ],
        "chunk_tokens": 128,
        "block_threads": 64,
        "staged_input_bytes": 439923872,
        "applicable": true
      },
      {
        "kernel": "onpair_dh_k4_t64_b6_h2",
        "role": "experimental",
        "stage_bytes": null,
        "chunk_size": 128,
        "decode_ms": 1.43904,
        "decode_gib_s": 647.1832401871147,
        "decode_ns_iters": [
          1441824,
          1441824,
          1439168,
          1441376,
          1439456,
          1439840,
          1440800,
          1440032,
          1440032,
          1439776,
          1441792,
          1439136,
          1441408,
          1439040,
          1439776,
          1440768,
          1441472,
          1440256,
          1439648,
          1439392,
          1439488,
          1440672,
          1440320,
          1439360,
          1441696,
          1441088,
          1441664,
          1439488,
          1440608,
          1439648
        ],
        "chunk_tokens": 128,
        "block_threads": 64,
        "staged_input_bytes": 439923872,
        "applicable": true
      },
      {
        "kernel": "onpair_dh_k4_t64_b6_h3",
        "role": "experimental",
        "stage_bytes": null,
        "chunk_size": 128,
        "decode_ms": 1.442784,
        "decode_gib_s": 645.5038106597145,
        "decode_ns_iters": [
          1445632,
          1445696,
          1444384,
          1442784,
          1443712,
          1446080,
          1444256,
          1446144,
          1445568,
          1445504,
          1444384,
          1445504,
          1445664,
          1444960,
          1444320,
          1444672,
          1445728,
          1445952,
          1445696,
          1444320,
          1445184,
          1445440,
          1445792,
          1445504,
          1446400,
          1446048,
          1444736,
          1445248,
          1445312,
          1443968
        ],
        "chunk_tokens": 128,
        "block_threads": 64,
        "staged_input_bytes": 439923872,
        "applicable": true
      },
      {
        "kernel": "onpair_dh_k4_t64_b6_h4",
        "role": "experimental",
        "stage_bytes": null,
        "chunk_size": 128,
        "decode_ms": 1.442144,
        "decode_gib_s": 645.7902747290601,
        "decode_ns_iters": [
          1443776,
          1443744,
          1442656,
          1443520,
          1443200,
          1444512,
          1444192,
          1443040,
          1444448,
          1444096,
          1444800,
          1444448,
          1445056,
          1444512,
          1443936,
          1445792,
          1444864,
          1443904,
          1446336,
          1445280,
          1442144,
          1442912,
          1442592,
          1444032,
          1445056,
          1444320,
          1445696,
          1443616,
          1443904,
          1444064
        ],
        "chunk_tokens": 128,
        "block_threads": 64,
        "staged_input_bytes": 439923872,
        "applicable": true
      },
      {
        "kernel": "onpair_dh_k4_t64_b8_h2",
        "role": "experimental",
        "stage_bytes": null,
        "chunk_size": 128,
        "decode_ms": 1.43888,
        "decode_gib_s": 647.2552054089748,
        "decode_ns_iters": [
          1440768,
          1439872,
          1441536,
          1439936,
          1441600,
          1441408,
          1438976,
          1439936,
          1440960,
          1440320,
          1439680,
          1438976,
          1440736,
          1441216,
          1440704,
          1441472,
          1439392,
          1440608,
          1439488,
          1439552,
          1438880,
          1440512,
          1440768,
          1439200,
          1439648,
          1440384,
          1440704,
          1439040,
          1440512,
          1439552
        ],
        "chunk_tokens": 128,
        "block_threads": 64,
        "staged_input_bytes": 439923872,
        "applicable": true
      },
      {
        "kernel": "onpair_dh_k4_t64_b8_h3",
        "role": "experimental",
        "stage_bytes": null,
        "chunk_size": 128,
        "decode_ms": 1.441632,
        "decode_gib_s": 646.0196291139941,
        "decode_ns_iters": [
          1443776,
          1444256,
          1445056,
          1443968,
          1443872,
          1444224,
          1443392,
          1444640,
          1444896,
          1445888,
          1444544,
          1444800,
          1444736,
          1443712,
          1445152,
          1444256,
          1444128,
          1444768,
          1444256,
          1444000,
          1446912,
          1443008,
          1443584,
          1443840,
          1444736,
          1443232,
          1443776,
          1441632,
          1443968,
          1444128
        ],
        "chunk_tokens": 128,
        "block_threads": 64,
        "staged_input_bytes": 439923872,
        "applicable": true
      },
      {
        "kernel": "onpair_dh_k4_t64_b8_h4",
        "role": "experimental",
        "stage_bytes": null,
        "chunk_size": 128,
        "decode_ms": 1.442144,
        "decode_gib_s": 645.7902747290601,
        "decode_ns_iters": [
          1445152,
          1444672,
          1445184,
          1443968,
          1444512,
          1444192,
          1444192,
          1444256,
          1443616,
          1443904,
          1442688,
          1444832,
          1445728,
          1445888,
          1444128,
          1442816,
          1442144,
          1443648,
          1443904,
          1443648,
          1444640,
          1443040,
          1442592,
          1444832,
          1443712,
          1444736,
          1444832,
          1444448,
          1444224,
          1444224
        ],
        "chunk_tokens": 128,
        "block_threads": 64,
        "staged_input_bytes": 439923872,
        "applicable": true
      },
      {
        "kernel": "onpair_dh_k4_t128_b1_h2",
        "role": "experimental",
        "stage_bytes": null,
        "chunk_size": 128,
        "decode_ms": 1.37584,
        "decode_gib_s": 676.9119737461228,
        "decode_ns_iters": [
          1379904,
          1377760,
          1377376,
          1377664,
          1377440,
          1377696,
          1377952,
          1376896,
          1376512,
          1377344,
          1378240,
          1375840,
          1377536,
          1376800,
          1378112,
          1376416,
          1376000,
          1376416,
          1376000,
          1377728,
          1378144,
          1376512,
          1376448,
          1377888,
          1378208,
          1376832,
          1377248,
          1377696,
          1377728,
          1377632
        ],
        "chunk_tokens": 128,
        "block_threads": 128,
        "staged_input_bytes": 439923872,
        "applicable": true
      },
      {
        "kernel": "onpair_dh_k4_t128_b1_h3",
        "role": "experimental",
        "stage_bytes": null,
        "chunk_size": 128,
        "decode_ms": 1.381472,
        "decode_gib_s": 674.1523316859593,
        "decode_ns_iters": [
          1387904,
          1385920,
          1383616,
          1384736,
          1383616,
          1383936,
          1383616,
          1384096,
          1383008,
          1385120,
          1383520,
          1383200,
          1383008,
          1386464,
          1384608,
          1381472,
          1383648,
          1384128,
          1383808,
          1381664,
          1383168,
          1390240,
          1382336,
          1381920,
          1383616,
          1384064,
          1384032,
          1383168,
          1385760,
          1383968
        ],
        "chunk_tokens": 128,
        "block_threads": 128,
        "staged_input_bytes": 439923872,
        "applicable": true
      },
      {
        "kernel": "onpair_dh_k4_t128_b1_h4",
        "role": "experimental",
        "stage_bytes": null,
        "chunk_size": 128,
        "decode_ms": 1.381856,
        "decode_gib_s": 673.9649934283063,
        "decode_ns_iters": [
          1383520,
          1383968,
          1390304,
          1384896,
          1383712,
          1384704,
          1384768,
          1383904,
          1385184,
          1383296,
          1383648,
          1385472,
          1382496,
          1384224,
          1385344,
          1384064,
          1383488,
          1384480,
          1384064,
          1385088,
          1383456,
          1385312,
          1383520,
          1383360,
          1385024,
          1384960,
          1381856,
          1389024,
          1384096,
          1383776
        ],
        "chunk_tokens": 128,
        "block_threads": 128,
        "staged_input_bytes": 439923872,
        "applicable": true
      },
      {
        "kernel": "onpair_dh_k4_t128_b2_h2",
        "role": "experimental",
        "stage_bytes": null,
        "chunk_size": 128,
        "decode_ms": 1.375488,
        "decode_gib_s": 677.0852017312151,
        "decode_ns_iters": [
          1379072,
          1376736,
          1377888,
          1377440,
          1376160,
          1378016,
          1377024,
          1377376,
          1378496,
          1376512,
          1376608,
          1378080,
          1376256,
          1377088,
          1376640,
          1376640,
          1377824,
          1377952,
          1375488,
          1377792,
          1375680,
          1379744,
          1385312,
          1377344,
          1377344,
          1378720,
          1378720,
          1377824,
          1376448,
          1378304
        ],
        "chunk_tokens": 128,
        "block_threads": 128,
        "staged_input_bytes": 439923872,
        "applicable": true
      },
      {
        "kernel": "onpair_dh_k4_t128_b2_h3",
        "role": "experimental",
        "stage_bytes": null,
        "chunk_size": 128,
        "decode_ms": 1.382592,
        "decode_gib_s": 673.6062193032114,
        "decode_ns_iters": [
          1383328,
          1384704,
          1385088,
          1384160,
          1383584,
          1384480,
          1384064,
          1384384,
          1383456,
          1384160,
          1385120,
          1385376,
          1383328,
          1382592,
          1385088,
          1384672,
          1384480,
          1384608,
          1384640,
          1385248,
          1383040,
          1384800,
          1384128,
          1384512,
          1382912,
          1384800,
          1384384,
          1383936,
          1388160,
          1385600
        ],
        "chunk_tokens": 128,
        "block_threads": 128,
        "staged_input_bytes": 439923872,
        "applicable": true
      },
      {
        "kernel": "onpair_dh_k4_t128_b2_h4",
        "role": "experimental",
        "stage_bytes": null,
        "chunk_size": 128,
        "decode_ms": 1.382624,
        "decode_gib_s": 673.5906290928449,
        "decode_ns_iters": [
          1385504,
          1383712,
          1385696,
          1385856,
          1384928,
          1386400,
          1383936,
          1384576,
          1383712,
          1384512,
          1383488,
          1385952,
          1385152,
          1383392,
          1382624,
          1384640,
          1383808,
          1383936,
          1384544,
          1385760,
          1384640,
          1384896,
          1384256,
          1383616,
          1385536,
          1383104,
          1384928,
          1384416,
          1383712,
          1385984
        ],
        "chunk_tokens": 128,
        "block_threads": 128,
        "staged_input_bytes": 439923872,
        "applicable": true
      },
      {
        "kernel": "onpair_dh_k4_t128_b4_h2",
        "role": "experimental",
        "stage_bytes": null,
        "chunk_size": 128,
        "decode_ms": 1.37472,
        "decode_gib_s": 677.4634616204505,
        "decode_ns_iters": [
          1376480,
          1378496,
          1378208,
          1378144,
          1379264,
          1377888,
          1378080,
          1376160,
          1380000,
          1378272,
          1377504,
          1378080,
          1378080,
          1376672,
          1374720,
          1377888,
          1376160,
          1376800,
          1377856,
          1376960,
          1377344,
          1376832,
          1377728,
          1378432,
          1380032,
          1378176,
          1377536,
          1375232,
          1377952,
          1377184
        ],
        "chunk_tokens": 128,
        "block_threads": 128,
        "staged_input_bytes": 439923872,
        "applicable": true
      },
      {
        "kernel": "onpair_dh_k4_t128_b4_h3",
        "role": "experimental",
        "stage_bytes": null,
        "chunk_size": 128,
        "decode_ms": 1.381856,
        "decode_gib_s": 673.9649934283063,
        "decode_ns_iters": [
          1383232,
          1384480,
          1383392,
          1383968,
          1383712,
          1382464,
          1385696,
          1384896,
          1384032,
          1383200,
          1390880,
          1384224,
          1384000,
          1382752,
          1383232,
          1383200,
          1383200,
          1385184,
          1385888,
          1384768,
          1384768,
          1383424,
          1381856,
          1384032,
          1383936,
          1382624,
          1384352,
          1383008,
          1383456,
          1384768
        ],
        "chunk_tokens": 128,
        "block_threads": 128,
        "staged_input_bytes": 439923872,
        "applicable": true
      },
      {
        "kernel": "onpair_dh_k4_t128_b4_h4",
        "role": "experimental",
        "stage_bytes": null,
        "chunk_size": 128,
        "decode_ms": 1.381952,
        "decode_gib_s": 673.9181751311663,
        "decode_ns_iters": [
          1390784,
          1385056,
          1386080,
          1385664,
          1385792,
          1384192,
          1385152,
          1384160,
          1383648,
          1384864,
          1385088,
          1383424,
          1385120,
          1383552,
          1384640,
          1384224,
          1384864,
          1383936,
          1383648,
          1383648,
          1384064,
          1383776,
          1384576,
          1383776,
          1384064,
          1390656,
          1382656,
          1384256,
          1386048,
          1381952
        ],
        "chunk_tokens": 128,
        "block_threads": 128,
        "staged_input_bytes": 439923872,
        "applicable": true
      },
      {
        "kernel": "onpair_dh_k4_t128_b6_h2",
        "role": "experimental",
        "stage_bytes": null,
        "chunk_size": 128,
        "decode_ms": 1.37536,
        "decode_gib_s": 677.1482157099709,
        "decode_ns_iters": [
          1377536,
          1377632,
          1378272,
          1377504,
          1378240,
          1378816,
          1377952,
          1378592,
          1376640,
          1379456,
          1377888,
          1377792,
          1378496,
          1383104,
          1376832,
          1377376,
          1376640,
          1377696,
          1376480,
          1375712,
          1376544,
          1375360,
          1377120,
          1377248,
          1377728,
          1377344,
          1377984,
          1377856,
          1376256,
          1377280
        ],
        "chunk_tokens": 128,
        "block_threads": 128,
        "staged_input_bytes": 439923872,
        "applicable": true
      },
      {
        "kernel": "onpair_dh_k4_t128_b6_h3",
        "role": "experimental",
        "stage_bytes": null,
        "chunk_size": 128,
        "decode_ms": 1.381792,
        "decode_gib_s": 673.996209240512,
        "decode_ns_iters": [
          1385920,
          1391456,
          1384832,
          1382400,
          1383904,
          1383552,
          1383808,
          1384608,
          1383680,
          1384160,
          1384768,
          1383168,
          1384000,
          1383200,
          1384736,
          1383232,
          1382880,
          1382720,
          1384544,
          1382016,
          1383008,
          1383712,
          1383040,
          1382464,
          1381792,
          1382784,
          1383936,
          1384928,
          1383520,
          1382880
        ],
        "chunk_tokens": 128,
        "block_threads": 128,
        "staged_input_bytes": 439923872,
        "applicable": true
      },
      {
        "kernel": "onpair_dh_k4_t128_b6_h4",
        "role": "experimental",
        "stage_bytes": null,
        "chunk_size": 128,
        "decode_ms": 1.382784,
        "decode_gib_s": 673.5126888645411,
        "decode_ns_iters": [
          1385312,
          1385024,
          1384672,
          1385216,
          1383232,
          1384608,
          1383616,
          1388832,
          1384288,
          1384512,
          1383520,
          1383616,
          1385632,
          1385472,
          1383616,
          1385024,
          1383616,
          1385216,
          1383904,
          1383584,
          1384224,
          1384736,
          1383424,
          1383712,
          1385408,
          1386016,
          1384992,
          1385824,
          1385952,
          1382784
        ],
        "chunk_tokens": 128,
        "block_threads": 128,
        "staged_input_bytes": 439923872,
        "applicable": true
      },
      {
        "kernel": "onpair_dh_k4_t128_b8_h2",
        "role": "experimental",
        "stage_bytes": null,
        "chunk_size": 128,
        "decode_ms": 1.3752,
        "decode_gib_s": 677.2269996792216,
        "decode_ns_iters": [
          1377696,
          1378784,
          1378304,
          1377984,
          1379264,
          1377280,
          1378080,
          1379488,
          1377728,
          1377376,
          1375200,
          1377504,
          1377216,
          1377920,
          1377760,
          1377280,
          1377696,
          1378944,
          1377472,
          1376416,
          1377920,
          1377024,
          1375904,
          1377472,
          1378400,
          1378912,
          1376288,
          1384928,
          1378624,
          1376256
        ],
        "chunk_tokens": 128,
        "block_threads": 128,
        "staged_input_bytes": 439923872,
        "applicable": true
      },
      {
        "kernel": "onpair_dh_k4_t128_b8_h3",
        "role": "experimental",
        "stage_bytes": null,
        "chunk_size": 128,
        "decode_ms": 1.382656,
        "decode_gib_s": 673.5750396041138,
        "decode_ns_iters": [
          1385184,
          1384672,
          1383712,
          1384992,
          1384000,
          1385728,
          1383008,
          1384928,
          1389984,
          1383776,
          1384096,
          1382752,
          1382752,
          1383904,
          1383072,
          1384064,
          1385952,
          1386016,
          1384000,
          1384288,
          1384832,
          1383808,
          1382656,
          1384544,
          1383840,
          1384384,
          1382720,
          1383200,
          1383776,
          1383264
        ],
        "chunk_tokens": 128,
        "block_threads": 128,
        "staged_input_bytes": 439923872,
        "applicable": true
      },
      {
        "kernel": "onpair_dh_k4_t128_b8_h4",
        "role": "experimental",
        "stage_bytes": null,
        "chunk_size": 128,
        "decode_ms": 1.382816,
        "decode_gib_s": 673.4971029832354,
        "decode_ns_iters": [
          1385984,
          1386240,
          1383456,
          1384320,
          1384448,
          1386048,
          1385120,
          1383712,
          1383808,
          1385120,
          1384448,
          1384192,
          1385376,
          1383936,
          1385792,
          1385280,
          1384960,
          1384032,
          1383712,
          1385856,
          1385760,
          1382816,
          1384224,
          1393504,
          1386240,
          1387488,
          1384288,
          1384928,
          1385248,
          1384704
        ],
        "chunk_tokens": 128,
        "block_threads": 128,
        "staged_input_bytes": 439923872,
        "applicable": true
      },
      {
        "kernel": "onpair_dh_k4_t256_b1_h0",
        "role": "experimental",
        "stage_bytes": null,
        "chunk_size": 128,
        "decode_ms": 1.306816,
        "decode_gib_s": 712.6654172881765,
        "decode_ns_iters": [
          1307840,
          1307520,
          1308480,
          1308640,
          1308992,
          1308736,
          1308992,
          1307808,
          1309312,
          1307168,
          1308160,
          1308064,
          1309760,
          1308032,
          1308128,
          1308544,
          1306880,
          1306816,
          1307360,
          1307072,
          1309408,
          1309152,
          1307840,
          1309152,
          1308288,
          1309760,
          1308000,
          1308064,
          1310528,
          1308416
        ],
        "chunk_tokens": 128,
        "block_threads": 256,
        "staged_input_bytes": 439923872,
        "applicable": true
      },
      {
        "kernel": "onpair_dh_k4_t256_b1_h2",
        "role": "experimental",
        "stage_bytes": null,
        "chunk_size": 128,
        "decode_ms": 1.325664,
        "decode_gib_s": 702.5328966909153,
        "decode_ns_iters": [
          1330656,
          1327264,
          1327040,
          1328480,
          1327648,
          1327040,
          1325664,
          1327424,
          1326016,
          1326752,
          1326816,
          1326112,
          1326944,
          1328576,
          1327904,
          1326496,
          1327520,
          1327712,
          1328576,
          1327104,
          1329248,
          1327104,
          1329088,
          1327520,
          1327808,
          1328960,
          1326464,
          1325952,
          1328736,
          1326784
        ],
        "chunk_tokens": 128,
        "block_threads": 256,
        "staged_input_bytes": 439923872,
        "applicable": true
      },
      {
        "kernel": "onpair_dh_k4_t256_b1_h3",
        "role": "experimental",
        "stage_bytes": null,
        "chunk_size": 128,
        "decode_ms": 1.334176,
        "decode_gib_s": 698.0507593892152,
        "decode_ns_iters": [
          1336352,
          1336896,
          1335264,
          1336768,
          1336832,
          1335648,
          1337664,
          1335968,
          1334784,
          1335552,
          1336704,
          1335712,
          1334912,
          1335264,
          1334272,
          1335296,
          1346016,
          1336672,
          1336960,
          1336992,
          1336928,
          1343968,
          1336384,
          1335296,
          1334176,
          1336000,
          1335232,
          1335456,
          1336000,
          1338304
        ],
        "chunk_tokens": 128,
        "block_threads": 256,
        "staged_input_bytes": 439923872,
        "applicable": true
      },
      {
        "kernel": "onpair_dh_k4_t256_b1_h4",
        "role": "experimental",
        "stage_bytes": null,
        "chunk_size": 128,
        "decode_ms": 1.336128,
        "decode_gib_s": 697.0309505966985,
        "decode_ns_iters": [
          1339680,
          1339040,
          1338944,
          1338880,
          1340192,
          1337568,
          1343520,
          1337600,
          1338848,
          1337952,
          1337024,
          1336192,
          1338400,
          1339232,
          1337504,
          1338208,
          1339136,
          1338720,
          1337664,
          1338176,
          1336608,
          1336128,
          1337216,
          1337376,
          1336864,
          1339136,
          1337216,
          1340384,
          1338400,
          1338144
        ],
        "chunk_tokens": 128,
        "block_threads": 256,
        "staged_input_bytes": 439923872,
        "applicable": true
      },
      {
        "kernel": "onpair_dh_k4_t256_b2_h2",
        "role": "experimental",
        "stage_bytes": null,
        "chunk_size": 128,
        "decode_ms": 1.324512,
        "decode_gib_s": 703.143927694778,
        "decode_ns_iters": [
          1328288,
          1329216,
          1326688,
          1328192,
          1326880,
          1325024,
          1326624,
          1325472,
          1327200,
          1327616,
          1329056,
          1327296,
          1327648,
          1324800,
          1328000,
          1326336,
          1326144,
          1325760,
          1325536,
          1324512,
          1327744,
          1324800,
          1327040,
          1327936,
          1329248,
          1326048,
          1327552,
          1325248,
          1326464,
          1326944
        ],
        "chunk_tokens": 128,
        "block_threads": 256,
        "staged_input_bytes": 439923872,
        "applicable": true
      },
      {
        "kernel": "onpair_dh_k4_t256_b2_h3",
        "role": "experimental",
        "stage_bytes": null,
        "chunk_size": 128,
        "decode_ms": 1.33408,
        "decode_gib_s": 698.1009909142373,
        "decode_ns_iters": [
          1334080,
          1336544,
          1336480,
          1335968,
          1334912,
          1335200,
          1336960,
          1336512,
          1338464,
          1336416,
          1337152,
          1335136,
          1336256,
          1336256,
          1336768,
          1343456,
          1335520,
          1335040,
          1335744,
          1336640,
          1334272,
          1338592,
          1335392,
          1336288,
          1336608,
          1335616,
          1335904,
          1337152,
          1334784,
          1336416
        ],
        "chunk_tokens": 128,
        "block_threads": 256,
        "staged_input_bytes": 439923872,
        "applicable": true
      },
      {
        "kernel": "onpair_dh_k4_t256_b2_h4",
        "role": "experimental",
        "stage_bytes": null,
        "chunk_size": 128,
        "decode_ms": 1.335104,
        "decode_gib_s": 697.5655604049314,
        "decode_ns_iters": [
          1345664,
          1338144,
          1338688,
          1338464,
          1338752,
          1336736,
          1336704,
          1339232,
          1335104,
          1337760,
          1337696,
          1337504,
          1336416,
          1338304,
          1337664,
          1335808,
          1337600,
          1338400,
          1338272,
          1337824,
          1337216,
          1338080,
          1338112,
          1339200,
          1336832,
          1339168,
          1338336,
          1339136,
          1344192,
          1337824
        ],
        "chunk_tokens": 128,
        "block_threads": 256,
        "staged_input_bytes": 439923872,
        "applicable": true
      },
      {
        "kernel": "onpair_dh_k4_t256_b4_h0",
        "role": "experimental",
        "stage_bytes": null,
        "chunk_size": 128,
        "decode_ms": 1.3064,
        "decode_gib_s": 712.892352999744,
        "decode_ns_iters": [
          1307552,
          1309888,
          1307808,
          1306400,
          1308032,
          1307168,
          1313056,
          1307968,
          1307520,
          1307008,
          1307456,
          1307520,
          1307072,
          1308064,
          1307744,
          1307296,
          1310048,
          1313472,
          1308032,
          1307712,
          1308928,
          1307168,
          1308768,
          1307328,
          1309568,
          1307168,
          1307456,
          1307648,
          1312992,
          1308064
        ],
        "chunk_tokens": 128,
        "block_threads": 256,
        "staged_input_bytes": 439923872,
        "applicable": true
      },
      {
        "kernel": "onpair_dh_k4_t256_b4_h2",
        "role": "experimental",
        "stage_bytes": null,
        "chunk_size": 128,
        "decode_ms": 1.325312,
        "decode_gib_s": 702.7194879084061,
        "decode_ns_iters": [
          1327776,
          1326688,
          1325888,
          1325856,
          1326592,
          1326496,
          1325312,
          1327264,
          1328864,
          1326880,
          1326464,
          1333024,
          1325696,
          1326208,
          1326528,
          1327456,
          1327840,
          1327584,
          1326272,
          1328288,
          1325536,
          1326240,
          1327552,
          1325792,
          1326688,
          1328224,
          1327232,
          1329312,
          1327136,
          1327328
        ],
        "chunk_tokens": 128,
        "block_threads": 256,
        "staged_input_bytes": 439923872,
        "applicable": true
      },
      {
        "kernel": "onpair_dh_k4_t256_b4_h3",
        "role": "experimental",
        "stage_bytes": null,
        "chunk_size": 128,
        "decode_ms": 1.334304,
        "decode_gib_s": 697.9837952661954,
        "decode_ns_iters": [
          1340128,
          1337248,
          1337344,
          1336544,
          1335936,
          1335808,
          1335168,
          1334912,
          1335488,
          1337152,
          1335392,
          1336544,
          1337568,
          1336832,
          1334944,
          1337472,
          1337760,
          1336416,
          1336608,
          1336544,
          1336608,
          1334304,
          1342048,
          1336544,
          1335360,
          1335456,
          1338080,
          1336608,
          1335616,
          1336864
        ],
        "chunk_tokens": 128,
        "block_threads": 256,
        "staged_input_bytes": 439923872,
        "applicable": true
      },
      {
        "kernel": "onpair_dh_k4_t256_b4_h4",
        "role": "experimental",
        "stage_bytes": null,
        "chunk_size": 128,
        "decode_ms": 1.33664,
        "decode_gib_s": 696.7639528660414,
        "decode_ns_iters": [
          1337824,
          1336800,
          1338272,
          1337792,
          1338912,
          1337728,
          1339008,
          1343936,
          1337120,
          1336640,
          1337056,
          1336800,
          1337248,
          1339552,
          1338464,
          1338432,
          1338912,
          1338400,
          1338176,
          1339328,
          1337600,
          1337952,
          1339744,
          1337888,
          1340320,
          1338528,
          1337312,
          1337376,
          1338848,
          1337024
        ],
        "chunk_tokens": 128,
        "block_threads": 256,
        "staged_input_bytes": 439923872,
        "applicable": true
      },
      {
        "kernel": "onpair_dh_k4_t256_b6_h2",
        "role": "experimental",
        "stage_bytes": null,
        "chunk_size": 128,
        "decode_ms": 1.39824,
        "decode_gib_s": 666.0677494270409,
        "decode_ns_iters": [
          1399744,
          1400768,
          1403808,
          1398592,
          1401536,
          1402080,
          1401856,
          1399072,
          1401952,
          1399072,
          1400288,
          1399456,
          1400704,
          1401344,
          1401216,
          1398432,
          1401920,
          1401248,
          1400832,
          1398240,
          1402304,
          1400160,
          1401664,
          1401088,
          1400640,
          1399776,
          1402048,
          1400160,
          1402976,
          1398688
        ],
        "chunk_tokens": 128,
        "block_threads": 256,
        "staged_input_bytes": 439923872,
        "applicable": true
      },
      {
        "kernel": "onpair_dh_k4_t256_b6_h3",
        "role": "experimental",
        "stage_bytes": null,
        "chunk_size": 128,
        "decode_ms": 1.377376,
        "decode_gib_s": 676.1571059455556,
        "decode_ns_iters": [
          1379136,
          1379136,
          1381888,
          1378624,
          1379168,
          1377920,
          1380800,
          1377376,
          1380672,
          1380992,
          1379584,
          1381728,
          1378112,
          1380960,
          1379808,
          1378464,
          1379712,
          1378592,
          1384160,
          1378656,
          1381472,
          1379808,
          1380224,
          1380544,
          1378176,
          1380576,
          1378464,
          1378080,
          1378016,
          1379552
        ],
        "chunk_tokens": 128,
        "block_threads": 256,
        "staged_input_bytes": 439923872,
        "applicable": true
      },
      {
        "kernel": "onpair_dh_k4_t256_b6_h4",
        "role": "experimental",
        "stage_bytes": null,
        "chunk_size": 128,
        "decode_ms": 1.3872,
        "decode_gib_s": 671.3686346300935,
        "decode_ns_iters": [
          1387680,
          1388992,
          1388128,
          1388672,
          1388512,
          1391744,
          1389120,
          1389920,
          1391296,
          1389856,
          1388992,
          1387776,
          1387904,
          1388384,
          1387200,
          1389280,
          1388064,
          1396832,
          1388672,
          1389824,
          1388352,
          1389184,
          1390368,
          1387744,
          1389632,
          1389792,
          1396992,
          1389856,
          1389856,
          1391392
        ],
        "chunk_tokens": 128,
        "block_threads": 256,
        "staged_input_bytes": 439923872,
        "applicable": true
      },
      {
        "kernel": "onpair_dh_k4_t256_b8_h0",
        "role": "experimental",
        "stage_bytes": null,
        "chunk_size": 128,
        "decode_ms": 1.319648,
        "decode_gib_s": 705.7355976433607,
        "decode_ns_iters": [
          1322656,
          1323104,
          1321472,
          1329728,
          1324288,
          1322752,
          1322272,
          1322272,
          1319648,
          1320896,
          1320608,
          1328704,
          1322592,
          1323520,
          1322208,
          1322400,
          1322816,
          1323392,
          1321728,
          1321568,
          1321792,
          1322432,
          1323424,
          1322720,
          1321600,
          1322272,
          1321568,
          1322080,
          1322080,
          1321664
        ],
        "chunk_tokens": 128,
        "block_threads": 256,
        "staged_input_bytes": 439923872,
        "applicable": true
      },
      {
        "kernel": "onpair_dh_k4_t256_b8_h2",
        "role": "experimental",
        "stage_bytes": null,
        "chunk_size": 128,
        "decode_ms": 1.327904,
        "decode_gib_s": 701.347815774985,
        "decode_ns_iters": [
          1329888,
          1327904,
          1330560,
          1328992,
          1329664,
          1330176,
          1328480,
          1330016,
          1328672,
          1328896,
          1328896,
          1328736,
          1330912,
          1328896,
          1331136,
          1328064,
          1329888,
          1329952,
          1330368,
          1330016,
          1330176,
          1330560,
          1329536,
          1328320,
          1329088,
          1331168,
          1330112,
          1331168,
          1331488,
          1330080
        ],
        "chunk_tokens": 128,
        "block_threads": 256,
        "staged_input_bytes": 439923872,
        "applicable": true
      },
      {
        "kernel": "onpair_dh_k4_t256_b8_h3",
        "role": "experimental",
        "stage_bytes": null,
        "chunk_size": 128,
        "decode_ms": 1.412608,
        "decode_gib_s": 659.2930027005833,
        "decode_ns_iters": [
          1413024,
          1413888,
          1414816,
          1413664,
          1424704,
          1413472,
          1415328,
          1415232,
          1414560,
          1414944,
          1414656,
          1412800,
          1417024,
          1414496,
          1415424,
          1413792,
          1413248,
          1414304,
          1416736,
          1415200,
          1412608,
          1421792,
          1416256,
          1414560,
          1415072,
          1415008,
          1415488,
          1415136,
          1416224,
          1414368
        ],
        "chunk_tokens": 128,
        "block_threads": 256,
        "staged_input_bytes": 439923872,
        "applicable": true
      },
      {
        "kernel": "onpair_dh_k4_t256_b8_h4",
        "role": "experimental",
        "stage_bytes": null,
        "chunk_size": 128,
        "decode_ms": 1.394688,
        "decode_gib_s": 667.7640948791885,
        "decode_ns_iters": [
          1399424,
          1398176,
          1396864,
          1399040,
          1397824,
          1398144,
          1398464,
          1395040,
          1396480,
          1398080,
          1395168,
          1396800,
          1397920,
          1399808,
          1397184,
          1396512,
          1396800,
          1399488,
          1396576,
          1396896,
          1396512,
          1401472,
          1396960,
          1397856,
          1394688,
          1396384,
          1398272,
          1398112,
          1398944,
          1398560
        ],
        "chunk_tokens": 128,
        "block_threads": 256,
        "staged_input_bytes": 439923872,
        "applicable": true
      },
      {
        "kernel": "onpair_dh_k5_t64_b1_h2",
        "role": "experimental",
        "stage_bytes": null,
        "chunk_size": 160,
        "decode_ms": 1.410752,
        "decode_gib_s": 660.1603754301718,
        "decode_ns_iters": [
          1412800,
          1413344,
          1411232,
          1411488,
          1413952,
          1414240,
          1412064,
          1411904,
          1412192,
          1413248,
          1413280,
          1413824,
          1419456,
          1412352,
          1412256,
          1412608,
          1413152,
          1412064,
          1411168,
          1411136,
          1412800,
          1412672,
          1410752,
          1412608,
          1412608,
          1412352,
          1411328,
          1414304,
          1412096,
          1412896
        ],
        "chunk_tokens": 160,
        "block_threads": 64,
        "staged_input_bytes": 437258072,
        "applicable": true
      },
      {
        "kernel": "onpair_dh_k5_t64_b1_h3",
        "role": "experimental",
        "stage_bytes": null,
        "chunk_size": 160,
        "decode_ms": 1.411232,
        "decode_gib_s": 659.9358361763803,
        "decode_ns_iters": [
          1412416,
          1411296,
          1411648,
          1413344,
          1413088,
          1412512,
          1415168,
          1420000,
          1411712,
          1411232,
          1413216,
          1412736,
          1411552,
          1412096,
          1412576,
          1412672,
          1412000,
          1413632,
          1412544,
          1411264,
          1413664,
          1411744,
          1412608,
          1413696,
          1412480,
          1412320,
          1412512,
          1411360,
          1411904,
          1413376
        ],
        "chunk_tokens": 160,
        "block_threads": 64,
        "staged_input_bytes": 437258072,
        "applicable": true
      },
      {
        "kernel": "onpair_dh_k5_t64_b1_h4",
        "role": "experimental",
        "stage_bytes": null,
        "chunk_size": 160,
        "decode_ms": 1.422496,
        "decode_gib_s": 654.710150298395,
        "decode_ns_iters": [
          1424320,
          1422592,
          1424832,
          1422784,
          1425088,
          1423808,
          1429984,
          1424192,
          1422880,
          1425184,
          1422592,
          1423392,
          1422496,
          1423264,
          1424032,
          1423392,
          1424352,
          1423616,
          1423744,
          1424608,
          1424288,
          1424576,
          1424416,
          1422656,
          1425248,
          1423328,
          1423200,
          1424288,
          1424448,
          1426688
        ],
        "chunk_tokens": 160,
        "block_threads": 64,
        "staged_input_bytes": 437258072,
        "applicable": true
      },
      {
        "kernel": "onpair_dh_k5_t64_b2_h2",
        "role": "experimental",
        "stage_bytes": null,
        "chunk_size": 160,
        "decode_ms": 1.41072,
        "decode_gib_s": 660.1753501466383,
        "decode_ns_iters": [
          1410944,
          1412896,
          1411456,
          1411680,
          1412480,
          1411776,
          1410848,
          1411520,
          1412672,
          1419520,
          1411360,
          1412576,
          1412608,
          1411296,
          1412448,
          1412832,
          1412352,
          1410720,
          1412032,
          1413504,
          1412256,
          1411232,
          1411424,
          1411584,
          1415584,
          1412096,
          1412192,
          1412896,
          1412672,
          1411744
        ],
        "chunk_tokens": 160,
        "block_threads": 64,
        "staged_input_bytes": 437258072,
        "applicable": true
      },
      {
        "kernel": "onpair_dh_k5_t64_b2_h3",
        "role": "experimental",
        "stage_bytes": null,
        "chunk_size": 160,
        "decode_ms": 1.41056,
        "decode_gib_s": 660.2502339204754,
        "decode_ns_iters": [
          1411232,
          1412768,
          1411744,
          1412800,
          1417760,
          1412736,
          1411264,
          1412800,
          1411488,
          1411776,
          1411360,
          1410560,
          1412704,
          1413024,
          1412320,
          1411584,
          1412320,
          1412768,
          1411328,
          1419712,
          1412416,
          1411968,
          1411680,
          1411392,
          1412704,
          1412640,
          1411776,
          1411744,
          1411520,
          1411584
        ],
        "chunk_tokens": 160,
        "block_threads": 64,
        "staged_input_bytes": 437258072,
        "applicable": true
      },
      {
        "kernel": "onpair_dh_k5_t64_b2_h4",
        "role": "experimental",
        "stage_bytes": null,
        "chunk_size": 160,
        "decode_ms": 1.422144,
        "decode_gib_s": 654.8721999733259,
        "decode_ns_iters": [
          1426240,
          1430176,
          1423296,
          1422848,
          1424256,
          1423712,
          1423072,
          1423328,
          1424288,
          1424224,
          1423584,
          1423744,
          1423456,
          1424032,
          1425088,
          1424672,
          1424224,
          1423552,
          1424640,
          1423616,
          1423360,
          1422144,
          1424320,
          1423872,
          1423296,
          1423136,
          1428256,
          1423584,
          1424096,
          1424384
        ],
        "chunk_tokens": 160,
        "block_threads": 64,
        "staged_input_bytes": 437258072,
        "applicable": true
      },
      {
        "kernel": "onpair_dh_k5_t64_b4_h2",
        "role": "experimental",
        "stage_bytes": null,
        "chunk_size": 160,
        "decode_ms": 1.410368,
        "decode_gib_s": 660.3401168764929,
        "decode_ns_iters": [
          1411328,
          1412544,
          1412768,
          1410496,
          1412576,
          1411552,
          1418976,
          1410368,
          1413376,
          1412416,
          1410656,
          1412640,
          1411456,
          1413312,
          1412352,
          1413696,
          1411936,
          1411936,
          1411936,
          1411872,
          1411520,
          1412128,
          1411296,
          1413152,
          1413952,
          1411648,
          1412064,
          1411232,
          1412800,
          1411520
        ],
        "chunk_tokens": 160,
        "block_threads": 64,
        "staged_input_bytes": 437258072,
        "applicable": true
      },
      {
        "kernel": "onpair_dh_k5_t64_b4_h3",
        "role": "experimental",
        "stage_bytes": null,
        "chunk_size": 160,
        "decode_ms": 1.411264,
        "decode_gib_s": 659.9208723235805,
        "decode_ns_iters": [
          1413024,
          1420608,
          1412320,
          1411680,
          1413280,
          1411264,
          1412928,
          1414112,
          1413984,
          1412672,
          1412064,
          1412160,
          1412480,
          1413856,
          1413696,
          1411744,
          1412544,
          1413824,
          1422528,
          1413568,
          1412832,
          1413088,
          1412480,
          1412992,
          1412256,
          1412000,
          1412448,
          1412960,
          1411328,
          1411968
        ],
        "chunk_tokens": 160,
        "block_threads": 64,
        "staged_input_bytes": 437258072,
        "applicable": true
      },
      {
        "kernel": "onpair_dh_k5_t64_b4_h4",
        "role": "experimental",
        "stage_bytes": null,
        "chunk_size": 160,
        "decode_ms": 1.422432,
        "decode_gib_s": 654.7396079101607,
        "decode_ns_iters": [
          1423552,
          1424736,
          1424512,
          1425088,
          1425568,
          1423744,
          1424704,
          1425056,
          1424224,
          1424960,
          1424128,
          1425440,
          1425088,
          1424416,
          1423776,
          1423328,
          1422432,
          1423328,
          1423776,
          1430080,
          1423520,
          1423008,
          1423648,
          1423296,
          1423808,
          1422944,
          1425440,
          1424192,
          1422976,
          1423392
        ],
        "chunk_tokens": 160,
        "block_threads": 64,
        "staged_input_bytes": 437258072,
        "applicable": true
      },
      {
        "kernel": "onpair_dh_k5_t64_b6_h2",
        "role": "experimental",
        "stage_bytes": null,
        "chunk_size": 160,
        "decode_ms": 1.410272,
        "decode_gib_s": 660.3850675322673,
        "decode_ns_iters": [
          1411872,
          1411520,
          1412064,
          1410720,
          1412352,
          1413568,
          1411200,
          1413632,
          1412128,
          1411904,
          1411232,
          1410688,
          1410848,
          1410272,
          1412512,
          1412736,
          1412640,
          1412000,
          1416672,
          1411008,
          1413024,
          1411840,
          1411328,
          1413152,
          1413440,
          1411936,
          1411744,
          1411552,
          1411360,
          1412000
        ],
        "chunk_tokens": 160,
        "block_threads": 64,
        "staged_input_bytes": 437258072,
        "applicable": true
      },
      {
        "kernel": "onpair_dh_k5_t64_b6_h3",
        "role": "experimental",
        "stage_bytes": null,
        "chunk_size": 160,
        "decode_ms": 1.410656,
        "decode_gib_s": 660.2053016177337,
        "decode_ns_iters": [
          1414048,
          1411872,
          1414848,
          1411392,
          1414208,
          1412832,
          1411520,
          1412672,
          1412480,
          1412960,
          1411872,
          1422368,
          1413824,
          1413696,
          1413568,
          1413120,
          1414560,
          1412608,
          1412640,
          1412384,
          1413824,
          1411840,
          1411456,
          1412704,
          1411360,
          1412512,
          1410656,
          1411808,
          1411680,
          1412608
        ],
        "chunk_tokens": 160,
        "block_threads": 64,
        "staged_input_bytes": 437258072,
        "applicable": true
      },
      {
        "kernel": "onpair_dh_k5_t64_b6_h4",
        "role": "experimental",
        "stage_bytes": null,
        "chunk_size": 160,
        "decode_ms": 1.42256,
        "decode_gib_s": 654.6806953371848,
        "decode_ns_iters": [
          1424544,
          1424832,
          1424000,
          1424992,
          1424320,
          1424032,
          1424064,
          1422976,
          1425472,
          1424256,
          1424096,
          1424096,
          1429920,
          1424512,
          1424352,
          1422624,
          1423424,
          1424032,
          1423360,
          1423872,
          1423552,
          1422560,
          1423040,
          1423392,
          1424096,
          1423680,
          1424736,
          1424064,
          1424576,
          1423648
        ],
        "chunk_tokens": 160,
        "block_threads": 64,
        "staged_input_bytes": 437258072,
        "applicable": true
      },
      {
        "kernel": "onpair_dh_k5_t64_b8_h2",
        "role": "experimental",
        "stage_bytes": null,
        "chunk_size": 160,
        "decode_ms": 1.410624,
        "decode_gib_s": 660.2202783724547,
        "decode_ns_iters": [
          1411872,
          1411040,
          1410880,
          1411648,
          1412608,
          1412608,
          1410752,
          1413024,
          1412000,
          1412064,
          1411616,
          1410624,
          1411520,
          1411936,
          1411840,
          1411552,
          1414272,
          1412064,
          1411456,
          1411744,
          1412032,
          1412416,
          1411392,
          1412000,
          1412192,
          1411264,
          1412960,
          1412576,
          1412224,
          1412704
        ],
        "chunk_tokens": 160,
        "block_threads": 64,
        "staged_input_bytes": 437258072,
        "applicable": true
      },
      {
        "kernel": "onpair_dh_k5_t64_b8_h3",
        "role": "experimental",
        "stage_bytes": null,
        "chunk_size": 160,
        "decode_ms": 1.410976,
        "decode_gib_s": 660.0555714334373,
        "decode_ns_iters": [
          1411808,
          1412256,
          1412672,
          1412832,
          1413216,
          1411104,
          1419392,
          1412480,
          1413216,
          1413888,
          1410976,
          1412544,
          1413088,
          1412320,
          1412672,
          1412512,
          1412544,
          1412288,
          1413056,
          1410976,
          1411040,
          1411808,
          1411488,
          1412672,
          1413376,
          1412640,
          1411168,
          1412192,
          1413664,
          1411872
        ],
        "chunk_tokens": 160,
        "block_threads": 64,
        "staged_input_bytes": 437258072,
        "applicable": true
      },
      {
        "kernel": "onpair_dh_k5_t64_b8_h4",
        "role": "experimental",
        "stage_bytes": null,
        "chunk_size": 160,
        "decode_ms": 1.422176,
        "decode_gib_s": 654.8574648699357,
        "decode_ns_iters": [
          1422880,
          1432832,
          1423680,
          1422496,
          1422720,
          1423552,
          1422176,
          1423168,
          1424128,
          1423360,
          1425056,
          1422912,
          1422944,
          1424000,
          1423712,
          1424544,
          1424992,
          1424256,
          1424704,
          1424000,
          1424032,
          1422656,
          1423040,
          1423744,
          1424256,
          1424640,
          1427872,
          1422976,
          1422400,
          1424768
        ],
        "chunk_tokens": 160,
        "block_threads": 64,
        "staged_input_bytes": 437258072,
        "applicable": true
      },
      {
        "kernel": "onpair_dh_k5_t128_b1_h2",
        "role": "experimental",
        "stage_bytes": null,
        "chunk_size": 160,
        "decode_ms": 1.361472,
        "decode_gib_s": 684.0556177129354,
        "decode_ns_iters": [
          1364544,
          1363744,
          1364704,
          1365984,
          1364832,
          1364000,
          1363136,
          1363232,
          1363392,
          1364288,
          1362240,
          1363680,
          1364864,
          1364224,
          1363072,
          1362432,
          1362144,
          1365376,
          1362912,
          1364192,
          1364544,
          1362848,
          1362784,
          1364384,
          1362112,
          1361472,
          1363776,
          1363360,
          1365344,
          1362080
        ],
        "chunk_tokens": 160,
        "block_threads": 128,
        "staged_input_bytes": 437258072,
        "applicable": true
      },
      {
        "kernel": "onpair_dh_k5_t128_b1_h3",
        "role": "experimental",
        "stage_bytes": null,
        "chunk_size": 160,
        "decode_ms": 1.359328,
        "decode_gib_s": 685.1345443916888,
        "decode_ns_iters": [
          1361504,
          1362432,
          1359872,
          1360864,
          1362208,
          1361568,
          1361376,
          1360160,
          1359328,
          1361888,
          1366752,
          1360416,
          1359648,
          1360608,
          1362656,
          1361408,
          1362144,
          1360064,
          1360352,
          1361152,
          1362624,
          1359808,
          1360448,
          1359648,
          1360576,
          1360704,
          1360800,
          1361536,
          1361376,
          1361120
        ],
        "chunk_tokens": 160,
        "block_threads": 128,
        "staged_input_bytes": 437258072,
        "applicable": true
      },
      {
        "kernel": "onpair_dh_k5_t128_b1_h4",
        "role": "experimental",
        "stage_bytes": null,
        "chunk_size": 160,
        "decode_ms": 1.372896,
        "decode_gib_s": 678.363524956636,
        "decode_ns_iters": [
          1373824,
          1374208,
          1372896,
          1375264,
          1375136,
          1374848,
          1374784,
          1374720,
          1375040,
          1376928,
          1374752,
          1375584,
          1376832,
          1374752,
          1375104,
          1373728,
          1374656,
          1376704,
          1373888,
          1375872,
          1375872,
          1374656,
          1375776,
          1374080,
          1377632,
          1374400,
          1376320,
          1375200,
          1375392,
          1381664
        ],
        "chunk_tokens": 160,
        "block_threads": 128,
        "staged_input_bytes": 437258072,
        "applicable": true
      },
      {
        "kernel": "onpair_dh_k5_t128_b2_h2",
        "role": "experimental",
        "stage_bytes": null,
        "chunk_size": 160,
        "decode_ms": 1.360832,
        "decode_gib_s": 684.3773294270459,
        "decode_ns_iters": [
          1361632,
          1369792,
          1363840,
          1362656,
          1360832,
          1363872,
          1365056,
          1364608,
          1363648,
          1363584,
          1363744,
          1363872,
          1363200,
          1363392,
          1364096,
          1363072,
          1363456,
          1362464,
          1362976,
          1363776,
          1363680,
          1362080,
          1363200,
          1362272,
          1363712,
          1362048,
          1361792,
          1363872,
          1362784,
          1361792
        ],
        "chunk_tokens": 160,
        "block_threads": 128,
        "staged_input_bytes": 437258072,
        "applicable": true
      },
      {
        "kernel": "onpair_dh_k5_t128_b2_h3",
        "role": "experimental",
        "stage_bytes": null,
        "chunk_size": 160,
        "decode_ms": 1.35904,
        "decode_gib_s": 685.279734193891,
        "decode_ns_iters": [
          1360640,
          1360800,
          1364128,
          1360928,
          1369856,
          1361280,
          1362016,
          1361472,
          1360640,
          1361056,
          1359648,
          1359360,
          1361600,
          1360064,
          1359648,
          1360352,
          1365888,
          1361792,
          1362304,
          1361152,
          1359040,
          1359040,
          1361152,
          1360544,
          1361696,
          1360512,
          1362208,
          1361760,
          1370464,
          1361952
        ],
        "chunk_tokens": 160,
        "block_threads": 128,
        "staged_input_bytes": 437258072,
        "applicable": true
      },
      {
        "kernel": "onpair_dh_k5_t128_b2_h4",
        "role": "experimental",
        "stage_bytes": null,
        "chunk_size": 160,
        "decode_ms": 1.37344,
        "decode_gib_s": 678.0948348372449,
        "decode_ns_iters": [
          1375648,
          1375424,
          1373760,
          1375040,
          1375456,
          1374944,
          1374752,
          1374240,
          1373824,
          1374720,
          1375456,
          1376672,
          1377504,
          1374944,
          1374208,
          1373536,
          1373856,
          1375936,
          1374048,
          1373440,
          1376224,
          1375968,
          1373632,
          1373504,
          1375584,
          1375936,
          1373728,
          1376000,
          1375456,
          1375104
        ],
        "chunk_tokens": 160,
        "block_threads": 128,
        "staged_input_bytes": 437258072,
        "applicable": true
      },
      {
        "kernel": "onpair_dh_k5_t128_b4_h2",
        "role": "experimental",
        "stage_bytes": null,
        "chunk_size": 160,
        "decode_ms": 1.361536,
        "decode_gib_s": 684.0234631760494,
        "decode_ns_iters": [
          1362912,
          1364800,
          1363712,
          1364320,
          1363456,
          1365152,
          1363104,
          1364000,
          1363200,
          1362976,
          1363680,
          1361568,
          1363296,
          1364832,
          1369024,
          1364544,
          1362816,
          1362368,
          1363072,
          1362784,
          1363584,
          1362624,
          1364224,
          1363840,
          1364064,
          1362560,
          1363680,
          1361536,
          1363104,
          1362528
        ],
        "chunk_tokens": 160,
        "block_threads": 128,
        "staged_input_bytes": 437258072,
        "applicable": true
      },
      {
        "kernel": "onpair_dh_k5_t128_b4_h3",
        "role": "experimental",
        "stage_bytes": null,
        "chunk_size": 160,
        "decode_ms": 1.359744,
        "decode_gib_s": 684.9249343691648,
        "decode_ns_iters": [
          1364000,
          1362144,
          1362048,
          1362304,
          1362336,
          1362784,
          1361984,
          1362560,
          1361312,
          1360544,
          1360768,
          1360832,
          1360992,
          1363168,
          1361376,
          1361920,
          1361696,
          1368960,
          1361728,
          1360672,
          1362720,
          1360832,
          1361952,
          1362176,
          1360000,
          1360384,
          1359744,
          1361248,
          1361600,
          1367776
        ],
        "chunk_tokens": 160,
        "block_threads": 128,
        "staged_input_bytes": 437258072,
        "applicable": true
      },
      {
        "kernel": "onpair_dh_k5_t128_b4_h4",
        "role": "experimental",
        "stage_bytes": null,
        "chunk_size": 160,
        "decode_ms": 1.373024,
        "decode_gib_s": 678.300284597258,
        "decode_ns_iters": [
          1376768,
          1375776,
          1375104,
          1376256,
          1374464,
          1373536,
          1373984,
          1374496,
          1373408,
          1374336,
          1375808,
          1374304,
          1375456,
          1375424,
          1373088,
          1375168,
          1374944,
          1374912,
          1375680,
          1373856,
          1374464,
          1373600,
          1373664,
          1374240,
          1375520,
          1375264,
          1374496,
          1373024,
          1373856,
          1375040
        ],
        "chunk_tokens": 160,
        "block_threads": 128,
        "staged_input_bytes": 437258072,
        "applicable": true
      },
      {
        "kernel": "onpair_dh_k5_t128_b6_h2",
        "role": "experimental",
        "stage_bytes": null,
        "chunk_size": 160,
        "decode_ms": 1.36128,
        "decode_gib_s": 684.1520994643759,
        "decode_ns_iters": [
          1362496,
          1364352,
          1362752,
          1362208,
          1364576,
          1362656,
          1364704,
          1361920,
          1364448,
          1362656,
          1361792,
          1362400,
          1363168,
          1361280,
          1363104,
          1363040,
          1364032,
          1363360,
          1363520,
          1362816,
          1364192,
          1362432,
          1362656,
          1362944,
          1364416,
          1365120,
          1362528,
          1370624,
          1362816,
          1362784
        ],
        "chunk_tokens": 160,
        "block_threads": 128,
        "staged_input_bytes": 437258072,
        "applicable": true
      },
      {
        "kernel": "onpair_dh_k5_t128_b6_h3",
        "role": "experimental",
        "stage_bytes": null,
        "chunk_size": 160,
        "decode_ms": 1.359456,
        "decode_gib_s": 685.0700353368301,
        "decode_ns_iters": [
          1363264,
          1361984,
          1360448,
          1360736,
          1360736,
          1361408,
          1359744,
          1362336,
          1360672,
          1361152,
          1359456,
          1365344,
          1361856,
          1361088,
          1362240,
          1361312,
          1361024,
          1359904,
          1360384,
          1361152,
          1360384,
          1361856,
          1360096,
          1395648,
          1360576,
          1360160,
          1360384,
          1361632,
          1362208,
          1360320
        ],
        "chunk_tokens": 160,
        "block_threads": 128,
        "staged_input_bytes": 437258072,
        "applicable": true
      },
      {
        "kernel": "onpair_dh_k5_t128_b6_h4",
        "role": "experimental",
        "stage_bytes": null,
        "chunk_size": 160,
        "decode_ms": 1.373792,
        "decode_gib_s": 677.9210899167164,
        "decode_ns_iters": [
          1375264,
          1376928,
          1383616,
          1376832,
          1376256,
          1375936,
          1375936,
          1375328,
          1375424,
          1375680,
          1374880,
          1373792,
          1376672,
          1375840,
          1374240,
          1375104,
          1376992,
          1377760,
          1375200,
          1375296,
          1374592,
          1374208,
          1376352,
          1374784,
          1376128,
          1374784,
          1376224,
          1377568,
          1375040,
          1377536
        ],
        "chunk_tokens": 160,
        "block_threads": 128,
        "staged_input_bytes": 437258072,
        "applicable": true
      },
      {
        "kernel": "onpair_dh_k5_t128_b8_h2",
        "role": "experimental",
        "stage_bytes": null,
        "chunk_size": 160,
        "decode_ms": 1.362048,
        "decode_gib_s": 683.7663356642834,
        "decode_ns_iters": [
          1365088,
          1363040,
          1364192,
          1362272,
          1363264,
          1364064,
          1363776,
          1363520,
          1364352,
          1363712,
          1362784,
          1365152,
          1363776,
          1364096,
          1364032,
          1363424,
          1364576,
          1365344,
          1363456,
          1363360,
          1364320,
          1363264,
          1362080,
          1365152,
          1362048,
          1364768,
          1362048,
          1362848,
          1370528,
          1365824
        ],
        "chunk_tokens": 160,
        "block_threads": 128,
        "staged_input_bytes": 437258072,
        "applicable": true
      },
      {
        "kernel": "onpair_dh_k5_t128_b8_h3",
        "role": "experimental",
        "stage_bytes": null,
        "chunk_size": 160,
        "decode_ms": 1.35984,
        "decode_gib_s": 684.8765810381116,
        "decode_ns_iters": [
          1363712,
          1361088,
          1361216,
          1361728,
          1360544,
          1360928,
          1361856,
          1362016,
          1363264,
          1361632,
          1362368,
          1360448,
          1361280,
          1361664,
          1359840,
          1360096,
          1361952,
          1360544,
          1360160,
          1360544,
          1359936,
          1363232,
          1360992,
          1362432,
          1361696,
          1360800,
          1360544,
          1360736,
          1361120,
          1359872
        ],
        "chunk_tokens": 160,
        "block_threads": 128,
        "staged_input_bytes": 437258072,
        "applicable": true
      },
      {
        "kernel": "onpair_dh_k5_t128_b8_h4",
        "role": "experimental",
        "stage_bytes": null,
        "chunk_size": 160,
        "decode_ms": 1.373536,
        "decode_gib_s": 678.0474410272942,
        "decode_ns_iters": [
          1375456,
          1377024,
          1374304,
          1375744,
          1374496,
          1374304,
          1374688,
          1375648,
          1375872,
          1376448,
          1374400,
          1375424,
          1374016,
          1376704,
          1373728,
          1375424,
          1376256,
          1375904,
          1374720,
          1374816,
          1374784,
          1375296,
          1375200,
          1374912,
          1375424,
          1374592,
          1373760,
          1373792,
          1373952,
          1373536
        ],
        "chunk_tokens": 160,
        "block_threads": 128,
        "staged_input_bytes": 437258072,
        "applicable": true
      },
      {
        "kernel": "onpair_dh_k5_t256_b1_h0",
        "role": "experimental",
        "stage_bytes": null,
        "chunk_size": 160,
        "decode_ms": 1.300416,
        "decode_gib_s": 716.1728015949247,
        "decode_ns_iters": [
          1301536,
          1301760,
          1303520,
          1305152,
          1304224,
          1303040,
          1303072,
          1301440,
          1303584,
          1301760,
          1302304,
          1303328,
          1306304,
          1301376,
          1301152,
          1303200,
          1302720,
          1303360,
          1303488,
          1301440,
          1301984,
          1300864,
          1304416,
          1301920,
          1301600,
          1300608,
          1307680,
          1300416,
          1303712,
          1303904
        ],
        "chunk_tokens": 160,
        "block_threads": 256,
        "staged_input_bytes": 437258072,
        "applicable": true
      },
      {
        "kernel": "onpair_dh_k5_t256_b1_h2",
        "role": "experimental",
        "stage_bytes": null,
        "chunk_size": 160,
        "decode_ms": 1.292704,
        "decode_gib_s": 720.4453378026723,
        "decode_ns_iters": [
          1293408,
          1294176,
          1293024,
          1297984,
          1295552,
          1293824,
          1295456,
          1292960,
          1294784,
          1294368,
          1294144,
          1296224,
          1293472,
          1301600,
          1293120,
          1294880,
          1294528,
          1296480,
          1293632,
          1294144,
          1292704,
          1292928,
          1294624,
          1295616,
          1295712,
          1294400,
          1294432,
          1294848,
          1295520,
          1293472
        ],
        "chunk_tokens": 160,
        "block_threads": 256,
        "staged_input_bytes": 437258072,
        "applicable": true
      },
      {
        "kernel": "onpair_dh_k5_t256_b1_h3",
        "role": "experimental",
        "stage_bytes": null,
        "chunk_size": 160,
        "decode_ms": 1.300416,
        "decode_gib_s": 716.1728015949247,
        "decode_ns_iters": [
          1304128,
          1305824,
          1304192,
          1303168,
          1303616,
          1304704,
          1305184,
          1301632,
          1302976,
          1302400,
          1301376,
          1302176,
          1303424,
          1303136,
          1302528,
          1303584,
          1302912,
          1303232,
          1304160,
          1303456,
          1301952,
          1300416,
          1302464,
          1305056,
          1304864,
          1309248,
          1303808,
          1303200,
          1304160,
          1302048
        ],
        "chunk_tokens": 160,
        "block_threads": 256,
        "staged_input_bytes": 437258072,
        "applicable": true
      },
      {
        "kernel": "onpair_dh_k5_t256_b1_h4",
        "role": "experimental",
        "stage_bytes": null,
        "chunk_size": 160,
        "decode_ms": 1.304,
        "decode_gib_s": 714.204424815081,
        "decode_ns_iters": [
          1304064,
          1304096,
          1305472,
          1305632,
          1305632,
          1304992,
          1310496,
          1307072,
          1306464,
          1306720,
          1305312,
          1304000,
          1304736,
          1304096,
          1305664,
          1304064,
          1305952,
          1305408,
          1305088,
          1307776,
          1305280,
          1305728,
          1304064,
          1305440,
          1305824,
          1305312,
          1305568,
          1305024,
          1305248,
          1306304
        ],
        "chunk_tokens": 160,
        "block_threads": 256,
        "staged_input_bytes": 437258072,
        "applicable": true
      },
      {
        "kernel": "onpair_dh_k5_t256_b2_h2",
        "role": "experimental",
        "stage_bytes": null,
        "chunk_size": 160,
        "decode_ms": 1.292832,
        "decode_gib_s": 720.3740083466882,
        "decode_ns_iters": [
          1295776,
          1293408,
          1294080,
          1293760,
          1295808,
          1295424,
          1295360,
          1296224,
          1295072,
          1293088,
          1294752,
          1294464,
          1294080,
          1294880,
          1295936,
          1294944,
          1296352,
          1292832,
          1300768,
          1293856,
          1293632,
          1294784,
          1295680,
          1296160,
          1293952,
          1296128,
          1293888,
          1294976,
          1294880,
          1295328
        ],
        "chunk_tokens": 160,
        "block_threads": 256,
        "staged_input_bytes": 437258072,
        "applicable": true
      },
      {
        "kernel": "onpair_dh_k5_t256_b2_h3",
        "role": "experimental",
        "stage_bytes": null,
        "chunk_size": 160,
        "decode_ms": 1.300608,
        "decode_gib_s": 716.0670778273436,
        "decode_ns_iters": [
          1302048,
          1301728,
          1300608,
          1302176,
          1303040,
          1303200,
          1303840,
          1303392,
          1301216,
          1301664,
          1303680,
          1302016,
          1301440,
          1302208,
          1302624,
          1303584,
          1308096,
          1303648,
          1305056,
          1303840,
          1302528,
          1304064,
          1301536,
          1302176,
          1302368,
          1304480,
          1302624,
          1301216,
          1303104,
          1304576
        ],
        "chunk_tokens": 160,
        "block_threads": 256,
        "staged_input_bytes": 437258072,
        "applicable": true
      },
      {
        "kernel": "onpair_dh_k5_t256_b2_h4",
        "role": "experimental",
        "stage_bytes": null,
        "chunk_size": 160,
        "decode_ms": 1.303392,
        "decode_gib_s": 714.537583442944,
        "decode_ns_iters": [
          1306400,
          1305312,
          1305216,
          1303872,
          1306976,
          1305536,
          1303872,
          1305952,
          1313408,
          1305664,
          1305824,
          1305376,
          1305472,
          1305312,
          1306208,
          1305600,
          1304448,
          1303616,
          1305664,
          1305600,
          1306752,
          1305024,
          1307200,
          1305920,
          1307424,
          1308160,
          1305952,
          1305984,
          1305984,
          1303392
        ],
        "chunk_tokens": 160,
        "block_threads": 256,
        "staged_input_bytes": 437258072,
        "applicable": true
      },
      {
        "kernel": "onpair_dh_k5_t256_b4_h0",
        "role": "experimental",
        "stage_bytes": null,
        "chunk_size": 160,
        "decode_ms": 1.298752,
        "decode_gib_s": 717.0903836597486,
        "decode_ns_iters": [
          1308256,
          1303488,
          1303232,
          1302368,
          1302528,
          1304256,
          1303200,
          1304768,
          1304000,
          1301856,
          1303520,
          1302272,
          1298752,
          1301920,
          1306112,
          1303552,
          1303616,
          1302880,
          1303264,
          1302592,
          1300192,
          1304512,
          1301856,
          1303264,
          1302752,
          1303712,
          1303456,
          1301152,
          1300960,
          1304128
        ],
        "chunk_tokens": 160,
        "block_threads": 256,
        "staged_input_bytes": 437258072,
        "applicable": true
      },
      {
        "kernel": "onpair_dh_k5_t256_b4_h2",
        "role": "experimental",
        "stage_bytes": null,
        "chunk_size": 160,
        "decode_ms": 1.29152,
        "decode_gib_s": 721.1058055305884,
        "decode_ns_iters": [
          1296256,
          1294400,
          1293440,
          1295008,
          1292992,
          1294784,
          1295616,
          1291648,
          1297120,
          1293952,
          1296064,
          1295968,
          1299872,
          1293312,
          1294272,
          1293024,
          1295488,
          1293120,
          1292608,
          1291936,
          1293888,
          1295872,
          1291520,
          1292512,
          1293792,
          1292064,
          1293344,
          1292064,
          1295136,
          1294880
        ],
        "chunk_tokens": 160,
        "block_threads": 256,
        "staged_input_bytes": 437258072,
        "applicable": true
      },
      {
        "kernel": "onpair_dh_k5_t256_b4_h3",
        "role": "experimental",
        "stage_bytes": null,
        "chunk_size": 160,
        "decode_ms": 1.30096,
        "decode_gib_s": 715.8733319693655,
        "decode_ns_iters": [
          1303232,
          1303712,
          1302016,
          1303904,
          1303168,
          1303488,
          1301920,
          1304032,
          1302208,
          1303584,
          1303104,
          1301952,
          1302560,
          1302624,
          1300960,
          1302368,
          1301888,
          1301952,
          1305920,
          1303072,
          1305280,
          1303040,
          1301024,
          1302720,
          1304256,
          1302208,
          1302976,
          1301728,
          1303456,
          1304608
        ],
        "chunk_tokens": 160,
        "block_threads": 256,
        "staged_input_bytes": 437258072,
        "applicable": true
      },
      {
        "kernel": "onpair_dh_k5_t256_b4_h4",
        "role": "experimental",
        "stage_bytes": null,
        "chunk_size": 160,
        "decode_ms": 1.302176,
        "decode_gib_s": 715.2048340307805,
        "decode_ns_iters": [
          1304608,
          1305568,
          1304352,
          1304608,
          1303872,
          1303776,
          1303648,
          1303264,
          1304416,
          1305632,
          1305568,
          1305728,
          1306240,
          1306016,
          1304640,
          1305184,
          1305984,
          1306944,
          1306304,
          1307520,
          1304928,
          1306432,
          1304256,
          1305856,
          1307264,
          1305664,
          1303936,
          1305632,
          1302176,
          1307520
        ],
        "chunk_tokens": 160,
        "block_threads": 256,
        "staged_input_bytes": 437258072,
        "applicable": true
      },
      {
        "kernel": "onpair_dh_k5_t256_b6_h2",
        "role": "experimental",
        "stage_bytes": null,
        "chunk_size": 160,
        "decode_ms": 1.43056,
        "decode_gib_s": 651.019579716241,
        "decode_ns_iters": [
          1442336,
          1438912,
          1451872,
          1436576,
          1446752,
          1446592,
          1447424,
          1434304,
          1439488,
          1450656,
          1443584,
          1447392,
          1448608,
          1436416,
          1449536,
          1446976,
          1445088,
          1440800,
          1460288,
          1452288,
          1439968,
          1448512,
          1438336,
          1430560,
          1450720,
          1442208,
          1447232,
          1448768,
          1447424,
          1447552
        ],
        "chunk_tokens": 160,
        "block_threads": 256,
        "staged_input_bytes": 437258072,
        "applicable": true
      },
      {
        "kernel": "onpair_dh_k5_t256_b6_h3",
        "role": "experimental",
        "stage_bytes": null,
        "chunk_size": 160,
        "decode_ms": 1.442976,
        "decode_gib_s": 645.4179209902768,
        "decode_ns_iters": [
          1446208,
          1447424,
          1450880,
          1450240,
          1446656,
          1449664,
          1456000,
          1446656,
          1457312,
          1450400,
          1446816,
          1445856,
          1450400,
          1445952,
          1449632,
          1446016,
          1453280,
          1450368,
          1452544,
          1451168,
          1449216,
          1447520,
          1446624,
          1450976,
          1448160,
          1450912,
          1442976,
          1451584,
          1445472,
          1448544
        ],
        "chunk_tokens": 160,
        "block_threads": 256,
        "staged_input_bytes": 437258072,
        "applicable": true
      },
      {
        "kernel": "onpair_dh_k5_t256_b6_h4",
        "role": "experimental",
        "stage_bytes": null,
        "chunk_size": 160,
        "decode_ms": 1.588128,
        "decode_gib_s": 586.4279012515777,
        "decode_ns_iters": [
          1594528,
          1597632,
          1591904,
          1591936,
          1591776,
          1590624,
          1591520,
          1590624,
          1591936,
          1592448,
          1591968,
          1589696,
          1594912,
          1590528,
          1589728,
          1591616,
          1589184,
          1591232,
          1592480,
          1595200,
          1594720,
          1589984,
          1594176,
          1593152,
          1596032,
          1593760,
          1593344,
          1591008,
          1593024,
          1588128
        ],
        "chunk_tokens": 160,
        "block_threads": 256,
        "staged_input_bytes": 437258072,
        "applicable": true
      },
      {
        "kernel": "onpair_dh_k5_t256_b8_h0",
        "role": "experimental",
        "stage_bytes": null,
        "chunk_size": 160,
        "decode_ms": 1.448,
        "decode_gib_s": 643.1785704135813,
        "decode_ns_iters": [
          1457088,
          1456576,
          1454464,
          1451264,
          1458272,
          1466560,
          1458816,
          1459872,
          1460672,
          1460480,
          1458848,
          1457248,
          1448000,
          1451104,
          1464576,
          1457888,
          1455520,
          1466592,
          1460576,
          1459552,
          1453856,
          1453120,
          1460544,
          1455648,
          1461344,
          1460992,
          1465216,
          1461280,
          1456160,
          1452480
        ],
        "chunk_tokens": 160,
        "block_threads": 256,
        "staged_input_bytes": 437258072,
        "applicable": true
      },
      {
        "kernel": "onpair_dh_k5_t256_b8_h2",
        "role": "experimental",
        "stage_bytes": null,
        "chunk_size": 160,
        "decode_ms": 1.373056,
        "decode_gib_s": 678.2844763497378,
        "decode_ns_iters": [
          1373312,
          1375968,
          1377984,
          1375008,
          1375136,
          1373312,
          1376384,
          1374656,
          1374784,
          1374400,
          1377248,
          1377728,
          1374656,
          1377504,
          1374240,
          1377824,
          1378080,
          1379904,
          1373536,
          1379488,
          1375520,
          1375200,
          1373056,
          1375840,
          1379936,
          1376128,
          1376864,
          1376288,
          1378016,
          1376064
        ],
        "chunk_tokens": 160,
        "block_threads": 256,
        "staged_input_bytes": 437258072,
        "applicable": true
      },
      {
        "kernel": "onpair_dh_k5_t256_b8_h3",
        "role": "experimental",
        "stage_bytes": null,
        "chunk_size": 160,
        "decode_ms": 1.310656,
        "decode_gib_s": 710.5774283708811,
        "decode_ns_iters": [
          1313440,
          1313632,
          1313664,
          1310656,
          1333184,
          1314912,
          1314368,
          1319680,
          1312768,
          1314368,
          1313440,
          1315392,
          1312480,
          1313408,
          1314816,
          1313312,
          1313216,
          1312224,
          1316192,
          1312832,
          1313696,
          1314496,
          1313312,
          1314048,
          1313312,
          1312896,
          1313728,
          1312160,
          1314400,
          1313120
        ],
        "chunk_tokens": 160,
        "block_threads": 256,
        "staged_input_bytes": 437258072,
        "applicable": true
      },
      {
        "kernel": "onpair_dh_k5_t256_b8_h4",
        "role": "experimental",
        "stage_bytes": null,
        "chunk_size": 160,
        "decode_ms": 1.336832,
        "decode_gib_s": 696.6638814442396,
        "decode_ns_iters": [
          1342912,
          1339520,
          1342304,
          1343776,
          1340864,
          1340896,
          1338144,
          1337728,
          1340256,
          1340832,
          1343328,
          1339360,
          1337504,
          1342112,
          1339360,
          1339072,
          1342720,
          1336832,
          1340256,
          1338880,
          1342976,
          1343040,
          1338144,
          1341280,
          1342784,
          1340288,
          1347616,
          1343648,
          1342304,
          1341152
        ],
        "chunk_tokens": 160,
        "block_threads": 256,
        "staged_input_bytes": 437258072,
        "applicable": true
      },
      {
        "kernel": "onpair_dh_k6_t64_b1_h2",
        "role": "experimental",
        "stage_bytes": null,
        "chunk_size": 192,
        "decode_ms": 1.388064,
        "decode_gib_s": 670.9507414347362,
        "decode_ns_iters": [
          1389632,
          1389728,
          1388160,
          1390400,
          1390112,
          1389888,
          1389344,
          1411776,
          1390432,
          1389920,
          1388992,
          1390048,
          1389600,
          1390560,
          1390688,
          1390208,
          1395552,
          1392768,
          1389632,
          1389408,
          1391712,
          1388064,
          1390752,
          1388704,
          1390848,
          1390912,
          1390240,
          1389024,
          1389952,
          1389344
        ],
        "chunk_tokens": 192,
        "block_threads": 64,
        "staged_input_bytes": 435480880,
        "applicable": true
      },
      {
        "kernel": "onpair_dh_k6_t64_b1_h3",
        "role": "experimental",
        "stage_bytes": null,
        "chunk_size": 192,
        "decode_ms": 1.376832,
        "decode_gib_s": 676.4242623347405,
        "decode_ns_iters": [
          1379456,
          1378144,
          1379744,
          1378624,
          1377024,
          1377248,
          1379776,
          1379136,
          1379424,
          1379328,
          1377952,
          1380000,
          1379360,
          1379136,
          1377120,
          1379840,
          1378432,
          1379552,
          1377952,
          1378816,
          1380288,
          1378016,
          1378240,
          1377408,
          1387072,
          1376832,
          1378912,
          1378400,
          1378112,
          1379520
        ],
        "chunk_tokens": 192,
        "block_threads": 64,
        "staged_input_bytes": 435480880,
        "applicable": true
      },
      {
        "kernel": "onpair_dh_k6_t64_b1_h4",
        "role": "experimental",
        "stage_bytes": null,
        "chunk_size": 192,
        "decode_ms": 1.34688,
        "decode_gib_s": 691.4666265434676,
        "decode_ns_iters": [
          1349056,
          1349952,
          1346880,
          1348864,
          1347904,
          1350080,
          1348832,
          1348416,
          1349792,
          1348800,
          1348640,
          1350304,
          1349408,
          1347712,
          1347488,
          1347200,
          1347584,
          1349408,
          1347392,
          1349664,
          1349440,
          1349472,
          1349568,
          1349344,
          1348960,
          1348352,
          1348000,
          1347904,
          1348000,
          1349888
        ],
        "chunk_tokens": 192,
        "block_threads": 64,
        "staged_input_bytes": 435480880,
        "applicable": true
      },
      {
        "kernel": "onpair_dh_k6_t64_b2_h2",
        "role": "experimental",
        "stage_bytes": null,
        "chunk_size": 192,
        "decode_ms": 1.388928,
        "decode_gib_s": 670.5333681507361,
        "decode_ns_iters": [
          1392640,
          1390112,
          1390816,
          1390400,
          1392512,
          1391008,
          1391616,
          1391456,
          1390432,
          1389728,
          1389696,
          1392192,
          1389664,
          1390496,
          1392448,
          1390144,
          1390816,
          1390208,
          1391648,
          1391200,
          1391104,
          1390848,
          1390176,
          1391456,
          1390560,
          1390976,
          1389536,
          1388928,
          1390208,
          1389632
        ],
        "chunk_tokens": 192,
        "block_threads": 64,
        "staged_input_bytes": 435480880,
        "applicable": true
      },
      {
        "kernel": "onpair_dh_k6_t64_b2_h3",
        "role": "experimental",
        "stage_bytes": null,
        "chunk_size": 192,
        "decode_ms": 1.377696,
        "decode_gib_s": 676.0000536830081,
        "decode_ns_iters": [
          1379200,
          1384416,
          1380576,
          1379968,
          1379264,
          1379968,
          1378912,
          1380160,
          1380064,
          1380256,
          1379872,
          1378496,
          1379584,
          1379008,
          1383520,
          1379264,
          1377696,
          1379264,
          1379232,
          1379296,
          1378176,
          1378400,
          1380960,
          1379296,
          1379264,
          1379040,
          1378688,
          1378272,
          1378272,
          1377856
        ],
        "chunk_tokens": 192,
        "block_threads": 64,
        "staged_input_bytes": 435480880,
        "applicable": true
      },
      {
        "kernel": "onpair_dh_k6_t64_b2_h4",
        "role": "experimental",
        "stage_bytes": null,
        "chunk_size": 192,
        "decode_ms": 1.3464,
        "decode_gib_s": 691.7131387097933,
        "decode_ns_iters": [
          1349120,
          1348640,
          1349760,
          1348448,
          1348160,
          1347296,
          1346496,
          1352320,
          1349440,
          1347616,
          1347296,
          1346464,
          1348288,
          1348864,
          1350496,
          1348256,
          1348576,
          1348288,
          1347584,
          1347424,
          1348320,
          1348320,
          1350912,
          1348928,
          1348608,
          1346880,
          1348960,
          1348864,
          1346880,
          1346400
        ],
        "chunk_tokens": 192,
        "block_threads": 64,
        "staged_input_bytes": 435480880,
        "applicable": true
      },
      {
        "kernel": "onpair_dh_k6_t64_b4_h2",
        "role": "experimental",
        "stage_bytes": null,
        "chunk_size": 192,
        "decode_ms": 1.388736,
        "decode_gib_s": 670.6260728884869,
        "decode_ns_iters": [
          1389472,
          1400576,
          1390464,
          1389536,
          1392480,
          1389600,
          1390400,
          1389536,
          1390752,
          1391232,
          1390720,
          1390688,
          1390624,
          1389728,
          1390432,
          1392032,
          1389280,
          1388800,
          1389600,
          1391040,
          1389376,
          1389728,
          1391104,
          1390432,
          1389600,
          1390912,
          1389504,
          1389920,
          1390080,
          1388736
        ],
        "chunk_tokens": 192,
        "block_threads": 64,
        "staged_input_bytes": 435480880,
        "applicable": true
      },
      {
        "kernel": "onpair_dh_k6_t64_b4_h3",
        "role": "experimental",
        "stage_bytes": null,
        "chunk_size": 192,
        "decode_ms": 1.377024,
        "decode_gib_s": 676.329947741554,
        "decode_ns_iters": [
          1380064,
          1378528,
          1380032,
          1378080,
          1387712,
          1377440,
          1377376,
          1379296,
          1380480,
          1378816,
          1377888,
          1378976,
          1380832,
          1381760,
          1379648,
          1378528,
          1379008,
          1377920,
          1378048,
          1377152,
          1377536,
          1379264,
          1378496,
          1377664,
          1378528,
          1378304,
          1377024,
          1379040,
          1379808,
          1379392
        ],
        "chunk_tokens": 192,
        "block_threads": 64,
        "staged_input_bytes": 435480880,
        "applicable": true
      },
      {
        "kernel": "onpair_dh_k6_t64_b4_h4",
        "role": "experimental",
        "stage_bytes": null,
        "chunk_size": 192,
        "decode_ms": 1.345632,
        "decode_gib_s": 692.1079239783727,
        "decode_ns_iters": [
          1348960,
          1347200,
          1348384,
          1348128,
          1349216,
          1347264,
          1345632,
          1349056,
          1349792,
          1349664,
          1347936,
          1347232,
          1347168,
          1347776,
          1348256,
          1346368,
          1346720,
          1347520,
          1347968,
          1349024,
          1347200,
          1348288,
          1348288,
          1348096,
          1347552,
          1348416,
          1348256,
          1348608,
          1349536,
          1348512
        ],
        "chunk_tokens": 192,
        "block_threads": 64,
        "staged_input_bytes": 435480880,
        "applicable": true
      },
      {
        "kernel": "onpair_dh_k6_t64_b6_h2",
        "role": "experimental",
        "stage_bytes": null,
        "chunk_size": 192,
        "decode_ms": 1.388704,
        "decode_gib_s": 670.6415261703471,
        "decode_ns_iters": [
          1390112,
          1390048,
          1392384,
          1391040,
          1388800,
          1390976,
          1388704,
          1415392,
          1391520,
          1388864,
          1390432,
          1389600,
          1390272,
          1389984,
          1389568,
          1390176,
          1396576,
          1389632,
          1391328,
          1389376,
          1391360,
          1391584,
          1391584,
          1390208,
          1391168,
          1391648,
          1391840,
          1391104,
          1391328,
          1393376
        ],
        "chunk_tokens": 192,
        "block_threads": 64,
        "staged_input_bytes": 435480880,
        "applicable": true
      },
      {
        "kernel": "onpair_dh_k6_t64_b6_h3",
        "role": "experimental",
        "stage_bytes": null,
        "chunk_size": 192,
        "decode_ms": 1.37648,
        "decode_gib_s": 676.5972407582134,
        "decode_ns_iters": [
          1380416,
          1377696,
          1380960,
          1377856,
          1378688,
          1376480,
          1378336,
          1379520,
          1384352,
          1379680,
          1376640,
          1377664,
          1379680,
          1376480,
          1378400,
          1378432,
          1378816,
          1378464,
          1377248,
          1378944,
          1377984,
          1379008,
          1377632,
          1379072,
          1378752,
          1377504,
          1377664,
          1379360,
          1381216,
          1376864
        ],
        "chunk_tokens": 192,
        "block_threads": 64,
        "staged_input_bytes": 435480880,
        "applicable": true
      },
      {
        "kernel": "onpair_dh_k6_t64_b6_h4",
        "role": "experimental",
        "stage_bytes": null,
        "chunk_size": 192,
        "decode_ms": 1.345984,
        "decode_gib_s": 691.9269248065842,
        "decode_ns_iters": [
          1346560,
          1347776,
          1346304,
          1348096,
          1349312,
          1348320,
          1347200,
          1347488,
          1346304,
          1347424,
          1347424,
          1346144,
          1348480,
          1347040,
          1345984,
          1348000,
          1346112,
          1347488,
          1355712,
          1347168,
          1347232,
          1347424,
          1346912,
          1352768,
          1347328,
          1348928,
          1348768,
          1346720,
          1351168,
          1349152
        ],
        "chunk_tokens": 192,
        "block_threads": 64,
        "staged_input_bytes": 435480880,
        "applicable": true
      },
      {
        "kernel": "onpair_dh_k6_t64_b8_h2",
        "role": "experimental",
        "stage_bytes": null,
        "chunk_size": 192,
        "decode_ms": 1.388384,
        "decode_gib_s": 670.7960981679893,
        "decode_ns_iters": [
          1390304,
          1389344,
          1397792,
          1391584,
          1389728,
          1388416,
          1389664,
          1391104,
          1390400,
          1390272,
          1388384,
          1389888,
          1391648,
          1389824,
          1390432,
          1390528,
          1389952,
          1389920,
          1389344,
          1389408,
          1393056,
          1390560,
          1390688,
          1389600,
          1388576,
          1389600,
          1388992,
          1390624,
          1392224,
          1390400
        ],
        "chunk_tokens": 192,
        "block_threads": 64,
        "staged_input_bytes": 435480880,
        "applicable": true
      },
      {
        "kernel": "onpair_dh_k6_t64_b8_h3",
        "role": "experimental",
        "stage_bytes": null,
        "chunk_size": 192,
        "decode_ms": 1.376832,
        "decode_gib_s": 676.4242623347405,
        "decode_ns_iters": [
          1379840,
          1377440,
          1378048,
          1380224,
          1378368,
          1378144,
          1378688,
          1377472,
          1378848,
          1379456,
          1379456,
          1377920,
          1377632,
          1378784,
          1379776,
          1378208,
          1378208,
          1380928,
          1377856,
          1387296,
          1378304,
          1378336,
          1377248,
          1379168,
          1381216,
          1378560,
          1378464,
          1377376,
          1376832,
          1378592
        ],
        "chunk_tokens": 192,
        "block_threads": 64,
        "staged_input_bytes": 435480880,
        "applicable": true
      },
      {
        "kernel": "onpair_dh_k6_t64_b8_h4",
        "role": "experimental",
        "stage_bytes": null,
        "chunk_size": 192,
        "decode_ms": 1.346304,
        "decode_gib_s": 691.7624622365124,
        "decode_ns_iters": [
          1357184,
          1349056,
          1348576,
          1347040,
          1348640,
          1348000,
          1349184,
          1349408,
          1348192,
          1348768,
          1349696,
          1348000,
          1350752,
          1348960,
          1349152,
          1346304,
          1347712,
          1347296,
          1349152,
          1348224,
          1349056,
          1350336,
          1348736,
          1348864,
          1347776,
          1349248,
          1348768,
          1348608,
          1347872,
          1347840
        ],
        "chunk_tokens": 192,
        "block_threads": 64,
        "staged_input_bytes": 435480880,
        "applicable": true
      },
      {
        "kernel": "onpair_dh_k6_t128_b1_h2",
        "role": "experimental",
        "stage_bytes": null,
        "chunk_size": 192,
        "decode_ms": 1.342144,
        "decode_gib_s": 693.9065927045575,
        "decode_ns_iters": [
          1343840,
          1344224,
          1345120,
          1344992,
          1343360,
          1342656,
          1342752,
          1342752,
          1343840,
          1342144,
          1343424,
          1342976,
          1344736,
          1344032,
          1344480,
          1343232,
          1343296,
          1342400,
          1344096,
          1347680,
          1342144,
          1344960,
          1343904,
          1343936,
          1344096,
          1343552,
          1343104,
          1402976,
          1342208,
          1352864
        ],
        "chunk_tokens": 192,
        "block_threads": 128,
        "staged_input_bytes": 435480880,
        "applicable": true
      },
      {
        "kernel": "onpair_dh_k6_t128_b1_h3",
        "role": "experimental",
        "stage_bytes": null,
        "chunk_size": 192,
        "decode_ms": 1.331424,
        "decode_gib_s": 699.4936023076539,
        "decode_ns_iters": [
          1334752,
          1334656,
          1333984,
          1334496,
          1335136,
          1335520,
          1332800,
          1334496,
          1335456,
          1332800,
          1333824,
          1334496,
          1334976,
          1333312,
          1332512,
          1334880,
          1333472,
          1334240,
          1332512,
          1334208,
          1335296,
          1334880,
          1332864,
          1334368,
          1333056,
          1333248,
          1332256,
          1332832,
          1331424,
          1335232
        ],
        "chunk_tokens": 192,
        "block_threads": 128,
        "staged_input_bytes": 435480880,
        "applicable": true
      },
      {
        "kernel": "onpair_dh_k6_t128_b1_h4",
        "role": "experimental",
        "stage_bytes": null,
        "chunk_size": 192,
        "decode_ms": 1.299264,
        "decode_gib_s": 716.8078003845759,
        "decode_ns_iters": [
          1301952,
          1299360,
          1302592,
          1302752,
          1300928,
          1300832,
          1303648,
          1301472,
          1302720,
          1299264,
          1301024,
          1301056,
          1303072,
          1309632,
          1300960,
          1304256,
          1302368,
          1301952,
          1299712,
          1301952,
          1301600,
          1300800,
          1303296,
          1300928,
          1301344,
          1300928,
          1301856,
          1307104,
          1302624,
          1302464
        ],
        "chunk_tokens": 192,
        "block_threads": 128,
        "staged_input_bytes": 435480880,
        "applicable": true
      },
      {
        "kernel": "onpair_dh_k6_t128_b2_h2",
        "role": "experimental",
        "stage_bytes": null,
        "chunk_size": 192,
        "decode_ms": 1.342528,
        "decode_gib_s": 693.7081162991503,
        "decode_ns_iters": [
          1344192,
          1343776,
          1343360,
          1343520,
          1344864,
          1343168,
          1343648,
          1343712,
          1342528,
          1344544,
          1343040,
          1344672,
          1345120,
          1343456,
          1343264,
          1343328,
          1343712,
          1343648,
          1342752,
          1344128,
          1344928,
          1342592,
          1344896,
          1344736,
          1343456,
          1345984,
          1344800,
          1345248,
          1345216,
          1344192
        ],
        "chunk_tokens": 192,
        "block_threads": 128,
        "staged_input_bytes": 435480880,
        "applicable": true
      },
      {
        "kernel": "onpair_dh_k6_t128_b2_h3",
        "role": "experimental",
        "stage_bytes": null,
        "chunk_size": 192,
        "decode_ms": 1.333088,
        "decode_gib_s": 698.6204736362982,
        "decode_ns_iters": [
          1334592,
          1333152,
          1335232,
          1334976,
          1334432,
          1337280,
          1335712,
          1334432,
          1334496,
          1333792,
          1334816,
          1334656,
          1333856,
          1333568,
          1334880,
          1334240,
          1334752,
          1334368,
          1336896,
          1333184,
          1334560,
          1333504,
          1335168,
          1336256,
          1335680,
          1335232,
          1335520,
          1333088,
          1334560,
          1333280
        ],
        "chunk_tokens": 192,
        "block_threads": 128,
        "staged_input_bytes": 435480880,
        "applicable": true
      },
      {
        "kernel": "onpair_dh_k6_t128_b2_h4",
        "role": "experimental",
        "stage_bytes": null,
        "chunk_size": 192,
        "decode_ms": 1.299968,
        "decode_gib_s": 716.4196118357264,
        "decode_ns_iters": [
          1302368,
          1303424,
          1302208,
          1301408,
          1301888,
          1303936,
          1301664,
          1301152,
          1301184,
          1304096,
          1302368,
          1301760,
          1302496,
          1301536,
          1301792,
          1302720,
          1299968,
          1302880,
          1303488,
          1308256,
          1301280,
          1301856,
          1303424,
          1302400,
          1302496,
          1301440,
          1302592,
          1302048,
          1303072,
          1300544
        ],
        "chunk_tokens": 192,
        "block_threads": 128,
        "staged_input_bytes": 435480880,
        "applicable": true
      },
      {
        "kernel": "onpair_dh_k6_t128_b4_h2",
        "role": "experimental",
        "stage_bytes": null,
        "chunk_size": 192,
        "decode_ms": 1.342112,
        "decode_gib_s": 693.9231375316409,
        "decode_ns_iters": [
          1344160,
          1342656,
          1347072,
          1343104,
          1344128,
          1345248,
          1342848,
          1343680,
          1347552,
          1344416,
          1370976,
          1343680,
          1344960,
          1344928,
          1343488,
          1344288,
          1343776,
          1344992,
          1345184,
          1344672,
          1343328,
          1344800,
          1342112,
          1342624,
          1343712,
          1343296,
          1344000,
          1343744,
          1344096,
          1345024
        ],
        "chunk_tokens": 192,
        "block_threads": 128,
        "staged_input_bytes": 435480880,
        "applicable": true
      },
      {
        "kernel": "onpair_dh_k6_t128_b4_h3",
        "role": "experimental",
        "stage_bytes": null,
        "chunk_size": 192,
        "decode_ms": 1.332416,
        "decode_gib_s": 698.9728207698388,
        "decode_ns_iters": [
          1334784,
          1334880,
          1333408,
          1334336,
          1333856,
          1334400,
          1335680,
          1336320,
          1333888,
          1335744,
          1333952,
          1335168,
          1340064,
          1335008,
          1332416,
          1333248,
          1334528,
          1334272,
          1333344,
          1335520,
          1334272,
          1332544,
          1334368,
          1332768,
          1333536,
          1333504,
          1334272,
          1334432,
          1334336,
          1335424
        ],
        "chunk_tokens": 192,
        "block_threads": 128,
        "staged_input_bytes": 435480880,
        "applicable": true
      },
      {
        "kernel": "onpair_dh_k6_t128_b4_h4",
        "role": "experimental",
        "stage_bytes": null,
        "chunk_size": 192,
        "decode_ms": 1.312576,
        "decode_gib_s": 709.5380152912027,
        "decode_ns_iters": [
          1320224,
          1315264,
          1315200,
          1315232,
          1316544,
          1316256,
          1314816,
          1315552,
          1313984,
          1315104,
          1315552,
          1312576,
          1315072,
          1322016,
          1316672,
          1314976,
          1315648,
          1315808,
          1315360,
          1316064,
          1314880,
          1318368,
          1314464,
          1316320,
          1315104,
          1314880,
          1316640,
          1313664,
          1315072,
          1320192
        ],
        "chunk_tokens": 192,
        "block_threads": 128,
        "staged_input_bytes": 435480880,
        "applicable": true
      },
      {
        "kernel": "onpair_dh_k6_t128_b6_h2",
        "role": "experimental",
        "stage_bytes": null,
        "chunk_size": 192,
        "decode_ms": 1.355744,
        "decode_gib_s": 686.9457434138492,
        "decode_ns_iters": [
          1356320,
          1356832,
          1356768,
          1356704,
          1357632,
          1356576,
          1357568,
          1356416,
          1355744,
          1358080,
          1355776,
          1358976,
          1356288,
          1356448,
          1358656,
          1356096,
          1358592,
          1356704,
          1355840,
          1356384,
          1356224,
          1356736,
          1358208,
          1358400,
          1357152,
          1359360,
          1357696,
          1357536,
          1356672,
          1357600
        ],
        "chunk_tokens": 192,
        "block_threads": 128,
        "staged_input_bytes": 435480880,
        "applicable": true
      },
      {
        "kernel": "onpair_dh_k6_t128_b6_h3",
        "role": "experimental",
        "stage_bytes": null,
        "chunk_size": 192,
        "decode_ms": 1.345184,
        "decode_gib_s": 692.3384235605432,
        "decode_ns_iters": [
          1347872,
          1347264,
          1347648,
          1348032,
          1348288,
          1348704,
          1346432,
          1346848,
          1345984,
          1347360,
          1346240,
          1348032,
          1348768,
          1348256,
          1347552,
          1347136,
          1346304,
          1346304,
          1347744,
          1346656,
          1348896,
          1347136,
          1345216,
          1345184,
          1347424,
          1347744,
          1347264,
          1347616,
          1347744,
          1345504
        ],
        "chunk_tokens": 192,
        "block_threads": 128,
        "staged_input_bytes": 435480880,
        "applicable": true
      },
      {
        "kernel": "onpair_dh_k6_t128_b6_h4",
        "role": "experimental",
        "stage_bytes": null,
        "chunk_size": 192,
        "decode_ms": 1.313664,
        "decode_gib_s": 708.950363227481,
        "decode_ns_iters": [
          1315808,
          1316032,
          1315904,
          1315680,
          1321696,
          1316224,
          1315456,
          1316672,
          1314464,
          1314656,
          1315808,
          1315776,
          1314240,
          1315648,
          1314816,
          1316352,
          1315008,
          1315296,
          1314976,
          1315776,
          1316576,
          1316160,
          1317280,
          1316832,
          1316128,
          1314432,
          1315264,
          1316128,
          1314848,
          1313664
        ],
        "chunk_tokens": 192,
        "block_threads": 128,
        "staged_input_bytes": 435480880,
        "applicable": true
      },
      {
        "kernel": "onpair_dh_k6_t128_b8_h2",
        "role": "experimental",
        "stage_bytes": null,
        "chunk_size": 192,
        "decode_ms": 1.35584,
        "decode_gib_s": 686.8971043477592,
        "decode_ns_iters": [
          1358656,
          1359168,
          1359904,
          1358880,
          1358080,
          1358464,
          1358784,
          1358240,
          1358496,
          1356064,
          1356544,
          1356736,
          1359424,
          1356160,
          1359776,
          1356416,
          1356096,
          1358848,
          1358720,
          1357312,
          1356928,
          1358368,
          1361120,
          1358176,
          1358432,
          1355840,
          1359552,
          1359232,
          1357696,
          1356992
        ],
        "chunk_tokens": 192,
        "block_threads": 128,
        "staged_input_bytes": 435480880,
        "applicable": true
      },
      {
        "kernel": "onpair_dh_k6_t128_b8_h3",
        "role": "experimental",
        "stage_bytes": null,
        "chunk_size": 192,
        "decode_ms": 1.344608,
        "decode_gib_s": 692.6350058596005,
        "decode_ns_iters": [
          1348352,
          1346528,
          1347392,
          1347520,
          1346752,
          1348640,
          1347872,
          1344608,
          1347296,
          1346400,
          1347648,
          1348448,
          1349824,
          1347424,
          1348256,
          1347936,
          1350464,
          1347776,
          1346240,
          1347648,
          1348096,
          1349184,
          1347136,
          1346656,
          1347328,
          1347712,
          1352256,
          1346976,
          1348064,
          1349984
        ],
        "chunk_tokens": 192,
        "block_threads": 128,
        "staged_input_bytes": 435480880,
        "applicable": true
      },
      {
        "kernel": "onpair_dh_k6_t128_b8_h4",
        "role": "experimental",
        "stage_bytes": null,
        "chunk_size": 192,
        "decode_ms": 1.314432,
        "decode_gib_s": 708.536135729247,
        "decode_ns_iters": [
          1317344,
          1314976,
          1315424,
          1315488,
          1315584,
          1315264,
          1315424,
          1314912,
          1315968,
          1315968,
          1317344,
          1317312,
          1314432,
          1315456,
          1320224,
          1315040,
          1314720,
          1314688,
          1316288,
          1315392,
          1316224,
          1315840,
          1318688,
          1316832,
          1315136,
          1316800,
          1318720,
          1315296,
          1315776,
          1316544
        ],
        "chunk_tokens": 192,
        "block_threads": 128,
        "staged_input_bytes": 435480880,
        "applicable": true
      },
      {
        "kernel": "onpair_dh_k6_t256_b1_h0",
        "role": "experimental",
        "stage_bytes": null,
        "chunk_size": 192,
        "decode_ms": 1.245088,
        "decode_gib_s": 747.9973864970715,
        "decode_ns_iters": [
          1249248,
          1248896,
          1247392,
          1250592,
          1251328,
          1249536,
          1248384,
          1248032,
          1247968,
          1245088,
          1252064,
          1249504,
          1249824,
          1249632,
          1247680,
          1249120,
          1249184,
          1248768,
          1249120,
          1250208,
          1248000,
          1250720,
          1249760,
          1256704,
          1249184,
          1249504,
          1248832,
          1248736,
          1250048,
          1247456
        ],
        "chunk_tokens": 192,
        "block_threads": 256,
        "staged_input_bytes": 435480880,
        "applicable": true
      },
      {
        "kernel": "onpair_dh_k6_t256_b1_h2",
        "role": "experimental",
        "stage_bytes": null,
        "chunk_size": 192,
        "decode_ms": 1.299104,
        "decode_gib_s": 716.8960837306832,
        "decode_ns_iters": [
          1302336,
          1304896,
          1302912,
          1303424,
          1303776,
          1302432,
          1302560,
          1303008,
          1302464,
          1302656,
          1302752,
          1303232,
          1301056,
          1299104,
          1301632,
          1300896,
          1305056,
          1303424,
          1301568,
          1302624,
          1303232,
          1302208,
          1303360,
          1302656,
          1303808,
          1301152,
          1303488,
          1301056,
          1301248,
          1301312
        ],
        "chunk_tokens": 192,
        "block_threads": 256,
        "staged_input_bytes": 435480880,
        "applicable": true
      },
      {
        "kernel": "onpair_dh_k6_t256_b1_h3",
        "role": "experimental",
        "stage_bytes": null,
        "chunk_size": 192,
        "decode_ms": 1.29664,
        "decode_gib_s": 718.2583985985823,
        "decode_ns_iters": [
          1298848,
          1298880,
          1304640,
          1298240,
          1296800,
          1298304,
          1297632,
          1299712,
          1299296,
          1299104,
          1298080,
          1297088,
          1298816,
          1298624,
          1297760,
          1298496,
          1297312,
          1299040,
          1297984,
          1299552,
          1298368,
          1299360,
          1298176,
          1296928,
          1298560,
          1296928,
          1296640,
          1299968,
          1298304,
          1297472
        ],
        "chunk_tokens": 192,
        "block_threads": 256,
        "staged_input_bytes": 435480880,
        "applicable": true
      },
      {
        "kernel": "onpair_dh_k6_t256_b1_h4",
        "role": "experimental",
        "stage_bytes": null,
        "chunk_size": 192,
        "decode_ms": 1.2632,
        "decode_gib_s": 737.2724588021418,
        "decode_ns_iters": [
          1272544,
          1264768,
          1266176,
          1264576,
          1265440,
          1267584,
          1263200,
          1265376,
          1265184,
          1266272,
          1265856,
          1265152,
          1267776,
          1265856,
          1264576,
          1266368,
          1267136,
          1266208,
          1265856,
          1265056,
          1268224,
          1265120,
          1267776,
          1263904,
          1267136,
          1266208,
          1265760,
          1265920,
          1268640,
          1266464
        ],
        "chunk_tokens": 192,
        "block_threads": 256,
        "staged_input_bytes": 435480880,
        "applicable": true
      },
      {
        "kernel": "onpair_dh_k6_t256_b2_h2",
        "role": "experimental",
        "stage_bytes": null,
        "chunk_size": 192,
        "decode_ms": 1.300832,
        "decode_gib_s": 715.9437728767939,
        "decode_ns_iters": [
          1302144,
          1300832,
          1301184,
          1302624,
          1302560,
          1301824,
          1301088,
          1304288,
          1303424,
          1305856,
          1305568,
          1303104,
          1303104,
          1302432,
          1302720,
          1303168,
          1302784,
          1302368,
          1303488,
          1301792,
          1302848,
          1304192,
          1303904,
          1302368,
          1301632,
          1301536,
          1303232,
          1301440,
          1301920,
          1303072
        ],
        "chunk_tokens": 192,
        "block_threads": 256,
        "staged_input_bytes": 435480880,
        "applicable": true
      },
      {
        "kernel": "onpair_dh_k6_t256_b2_h3",
        "role": "experimental",
        "stage_bytes": null,
        "chunk_size": 192,
        "decode_ms": 1.295968,
        "decode_gib_s": 718.6308380753735,
        "decode_ns_iters": [
          1298048,
          1297184,
          1300864,
          1296672,
          1299904,
          1297888,
          1297344,
          1295968,
          1297984,
          1296896,
          1298560,
          1297536,
          1298912,
          1296288,
          1298976,
          1302496,
          1299456,
          1298816,
          1297120,
          1297472,
          1299328,
          1299808,
          1299168,
          1297184,
          1298784,
          1299040,
          1297152,
          1299712,
          1299488,
          1302816
        ],
        "chunk_tokens": 192,
        "block_threads": 256,
        "staged_input_bytes": 435480880,
        "applicable": true
      },
      {
        "kernel": "onpair_dh_k6_t256_b2_h4",
        "role": "experimental",
        "stage_bytes": null,
        "chunk_size": 192,
        "decode_ms": 1.263456,
        "decode_gib_s": 737.1230735054214,
        "decode_ns_iters": [
          1269504,
          1267712,
          1267648,
          1266176,
          1266688,
          1268288,
          1263456,
          1268448,
          1271072,
          1266368,
          1267168,
          1267264,
          1267328,
          1264768,
          1265408,
          1265664,
          1266016,
          1267488,
          1265664,
          1267680,
          1266400,
          1265312,
          1267392,
          1267360,
          1265248,
          1265952,
          1266912,
          1267168,
          1266816,
          1268256
        ],
        "chunk_tokens": 192,
        "block_threads": 256,
        "staged_input_bytes": 435480880,
        "applicable": true
      },
      {
        "kernel": "onpair_dh_k6_t256_b4_h0",
        "role": "experimental",
        "stage_bytes": null,
        "chunk_size": 192,
        "decode_ms": 1.24656,
        "decode_gib_s": 747.1141140088449,
        "decode_ns_iters": [
          1249376,
          1247104,
          1249568,
          1246656,
          1248864,
          1247008,
          1248672,
          1249024,
          1248160,
          1247648,
          1249856,
          1248000,
          1248896,
          1248672,
          1250272,
          1250368,
          1251840,
          1251008,
          1248416,
          1247776,
          1248160,
          1250048,
          1250240,
          1250464,
          1249888,
          1249536,
          1252768,
          1248000,
          1250272,
          1246560
        ],
        "chunk_tokens": 192,
        "block_threads": 256,
        "staged_input_bytes": 435480880,
        "applicable": true
      },
      {
        "kernel": "onpair_dh_k6_t256_b4_h2",
        "role": "experimental",
        "stage_bytes": null,
        "chunk_size": 192,
        "decode_ms": 1.300032,
        "decode_gib_s": 716.3843428153043,
        "decode_ns_iters": [
          1303040,
          1302432,
          1303424,
          1302912,
          1303968,
          1300032,
          1302656,
          1301504,
          1303520,
          1302880,
          1304000,
          1303200,
          1302176,
          1306336,
          1301728,
          1303744,
          1304960,
          1303200,
          1303168,
          1300768,
          1303296,
          1303008,
          1301888,
          1301696,
          1303840,
          1304032,
          1317472,
          1300448,
          1301696,
          1300608
        ],
        "chunk_tokens": 192,
        "block_threads": 256,
        "staged_input_bytes": 435480880,
        "applicable": true
      },
      {
        "kernel": "onpair_dh_k6_t256_b4_h3",
        "role": "experimental",
        "stage_bytes": null,
        "chunk_size": 192,
        "decode_ms": 1.29584,
        "decode_gib_s": 718.7018227241523,
        "decode_ns_iters": [
          1300192,
          1299360,
          1298880,
          1295840,
          1299584,
          1302912,
          1297536,
          1298432,
          1299040,
          1299200,
          1296704,
          1298752,
          1297568,
          1297536,
          1297664,
          1299488,
          1299616,
          1298240,
          1297120,
          1303040,
          1299488,
          1296096,
          1297696,
          1295904,
          1298336,
          1298208,
          1298720,
          1296544,
          1299328,
          1298336
        ],
        "chunk_tokens": 192,
        "block_threads": 256,
        "staged_input_bytes": 435480880,
        "applicable": true
      },
      {
        "kernel": "onpair_dh_k6_t256_b4_h4",
        "role": "experimental",
        "stage_bytes": null,
        "chunk_size": 192,
        "decode_ms": 1.26384,
        "decode_gib_s": 736.8991090318914,
        "decode_ns_iters": [
          1267840,
          1267968,
          1265760,
          1265216,
          1265056,
          1265920,
          1268608,
          1264544,
          1266944,
          1266880,
          1263840,
          1266592,
          1264736,
          1266208,
          1266656,
          1266080,
          1266528,
          1266176,
          1265472,
          1265216,
          1264800,
          1268640,
          1268320,
          1268832,
          1267072,
          1270112,
          1268416,
          1266240,
          1272448,
          1266144
        ],
        "chunk_tokens": 192,
        "block_threads": 256,
        "staged_input_bytes": 435480880,
        "applicable": true
      },
      {
        "kernel": "onpair_dh_k6_t256_b6_h2",
        "role": "experimental",
        "stage_bytes": null,
        "chunk_size": 192,
        "decode_ms": 1.412288,
        "decode_gib_s": 659.4423870760536,
        "decode_ns_iters": [
          1419168,
          1416832,
          1419936,
          1413600,
          1414656,
          1416992,
          1414624,
          1417536,
          1418048,
          1415776,
          1413696,
          1412288,
          1418048,
          1417792,
          1417792,
          1414784,
          1417312,
          1415840,
          1418112,
          1420672,
          1416000,
          1415616,
          1416192,
          1417824,
          1417824,
          1418976,
          1417920,
          1416416,
          1413344,
          1412544
        ],
        "chunk_tokens": 192,
        "block_threads": 256,
        "staged_input_bytes": 435480880,
        "applicable": true
      },
      {
        "kernel": "onpair_dh_k6_t256_b6_h3",
        "role": "experimental",
        "stage_bytes": null,
        "chunk_size": 192,
        "decode_ms": 1.434112,
        "decode_gib_s": 649.4071383259227,
        "decode_ns_iters": [
          1438496,
          1437888,
          1438848,
          1437824,
          1435872,
          1439520,
          1437536,
          1439360,
          1437792,
          1436160,
          1440928,
          1437568,
          1438496,
          1443648,
          1441344,
          1434112,
          1440224,
          1438208,
          1436992,
          1439232,
          1437472,
          1439488,
          1439488,
          1439264,
          1439616,
          1438304,
          1441056,
          1438912,
          1436576,
          1438496
        ],
        "chunk_tokens": 192,
        "block_threads": 256,
        "staged_input_bytes": 435480880,
        "applicable": true
      },
      {
        "kernel": "onpair_dh_k6_t256_b6_h4",
        "role": "experimental",
        "stage_bytes": null,
        "chunk_size": 192,
        "decode_ms": 1.382912,
        "decode_gib_s": 673.4503496671268,
        "decode_ns_iters": [
          1387264,
          1388672,
          1384960,
          1382912,
          1384704,
          1383680,
          1385312,
          1385760,
          1386176,
          1384704,
          1385952,
          1385984,
          1387328,
          1386400,
          1385888,
          1387360,
          1386912,
          1387968,
          1383520,
          1387520,
          1386912,
          1389600,
          1387200,
          1390240,
          1387776,
          1385280,
          1386176,
          1385600,
          1385280,
          1388224
        ],
        "chunk_tokens": 192,
        "block_threads": 256,
        "staged_input_bytes": 435480880,
        "applicable": true
      },
      {
        "kernel": "onpair_dh_k6_t256_b8_h0",
        "role": "experimental",
        "stage_bytes": null,
        "chunk_size": 192,
        "decode_ms": 1.287168,
        "decode_gib_s": 723.5439118738701,
        "decode_ns_iters": [
          1288384,
          1291168,
          1290208,
          1288832,
          1290368,
          1293312,
          1290848,
          1293504,
          1295488,
          1289472,
          1292992,
          1290752,
          1290272,
          1287936,
          1289568,
          1290208,
          1290944,
          1289280,
          1290816,
          1290560,
          1290432,
          1290080,
          1288512,
          1287168,
          1291200,
          1288608,
          1291072,
          1293056,
          1288960,
          1288992
        ],
        "chunk_tokens": 192,
        "block_threads": 256,
        "staged_input_bytes": 435480880,
        "applicable": true
      },
      {
        "kernel": "onpair_dh_k6_t256_b8_h2",
        "role": "experimental",
        "stage_bytes": null,
        "chunk_size": 192,
        "decode_ms": 1.30288,
        "decode_gib_s": 714.8183792512477,
        "decode_ns_iters": [
          1307840,
          1306848,
          1307296,
          1306848,
          1307296,
          1304800,
          1306976,
          1307424,
          1307040,
          1304512,
          1305312,
          1302880,
          1304256,
          1304768,
          1305632,
          1305056,
          1309568,
          1306976,
          1306016,
          1304992,
          1305504,
          1305024,
          1306144,
          1305376,
          1305760,
          1306144,
          1306304,
          1303840,
          1303904,
          1305920
        ],
        "chunk_tokens": 192,
        "block_threads": 256,
        "staged_input_bytes": 435480880,
        "applicable": true
      },
      {
        "kernel": "onpair_dh_k6_t256_b8_h3",
        "role": "experimental",
        "stage_bytes": null,
        "chunk_size": 192,
        "decode_ms": 1.300672,
        "decode_gib_s": 716.0318435077141,
        "decode_ns_iters": [
          1303072,
          1304096,
          1302816,
          1304704,
          1304448,
          1301472,
          1308064,
          1304064,
          1305088,
          1304384,
          1302016,
          1302560,
          1302816,
          1304416,
          1302464,
          1302848,
          1303168,
          1303392,
          1303840,
          1300992,
          1304320,
          1301824,
          1300672,
          1303328,
          1303232,
          1302848,
          1301504,
          1304320,
          1303232,
          1302688
        ],
        "chunk_tokens": 192,
        "block_threads": 256,
        "staged_input_bytes": 435480880,
        "applicable": true
      },
      {
        "kernel": "onpair_dh_k6_t256_b8_h4",
        "role": "experimental",
        "stage_bytes": null,
        "chunk_size": 192,
        "decode_ms": 1.317216,
        "decode_gib_s": 707.0386101891153,
        "decode_ns_iters": [
          1320448,
          1320800,
          1320352,
          1320512,
          1321600,
          1320320,
          1318784,
          1321408,
          1318112,
          1320480,
          1319968,
          1322848,
          1317216,
          1320320,
          1321504,
          1321472,
          1321920,
          1320896,
          1321280,
          1321536,
          1320160,
          1319072,
          1319392,
          1320992,
          1318912,
          1318528,
          1322560,
          1319360,
          1320192,
          1319712
        ],
        "chunk_tokens": 192,
        "block_threads": 256,
        "staged_input_bytes": 435480880,
        "applicable": true
      },
      {
        "kernel": "onpair_dh_k7_t64_b1_h2",
        "role": "experimental",
        "stage_bytes": null,
        "chunk_size": 224,
        "decode_ms": 1.376032,
        "decode_gib_s": 676.8175231091034,
        "decode_ns_iters": [
          1376160,
          1377696,
          1378848,
          1376032,
          1376288,
          1377920,
          1377088,
          1378624,
          1378080,
          1377536,
          1376320,
          1379776,
          1377792,
          1376640,
          1377856,
          1378176,
          1376480,
          1377312,
          1377408,
          1378784,
          1376544,
          1377632,
          1380576,
          1377408,
          1377376,
          1377536,
          1376864,
          1377344,
          1377600,
          1379264
        ],
        "chunk_tokens": 224,
        "block_threads": 64,
        "staged_input_bytes": 434211448,
        "applicable": true
      },
      {
        "kernel": "onpair_dh_k7_t64_b1_h3",
        "role": "experimental",
        "stage_bytes": null,
        "chunk_size": 224,
        "decode_ms": 1.36224,
        "decode_gib_s": 683.6699626782842,
        "decode_ns_iters": [
          1365440,
          1364704,
          1364672,
          1368672,
          1364480,
          1365312,
          1365312,
          1363840,
          1365312,
          1362624,
          1363840,
          1364512,
          1364416,
          1364864,
          1364160,
          1362240,
          1365664,
          1362400,
          1364096,
          1364608,
          1362336,
          1364384,
          1366176,
          1363392,
          1363200,
          1362816,
          1363104,
          1365088,
          1362944,
          1362592
        ],
        "chunk_tokens": 224,
        "block_threads": 64,
        "staged_input_bytes": 434211448,
        "applicable": true
      },
      {
        "kernel": "onpair_dh_k7_t64_b1_h4",
        "role": "experimental",
        "stage_bytes": null,
        "chunk_size": 224,
        "decode_ms": 1.337248,
        "decode_gib_s": 696.447158611466,
        "decode_ns_iters": [
          1341600,
          1347936,
          1339104,
          1339552,
          1340192,
          1340896,
          1337248,
          1341056,
          1340192,
          1338912,
          1338912,
          1338016,
          1339008,
          1338144,
          1340352,
          1337920,
          1339872,
          1338656,
          1338208,
          1340224,
          1339584,
          1338912,
          1338880,
          1338272,
          1338176,
          1339520,
          1340640,
          1340032,
          1339424,
          1338880
        ],
        "chunk_tokens": 224,
        "block_threads": 64,
        "staged_input_bytes": 434211448,
        "applicable": true
      },
      {
        "kernel": "onpair_dh_k7_t64_b2_h2",
        "role": "experimental",
        "stage_bytes": null,
        "chunk_size": 224,
        "decode_ms": 1.37536,
        "decode_gib_s": 677.1482157099709,
        "decode_ns_iters": [
          1378112,
          1378816,
          1377600,
          1379840,
          1377664,
          1376768,
          1377344,
          1377728,
          1379552,
          1378112,
          1378048,
          1377920,
          1376864,
          1377088,
          1376896,
          1376224,
          1379808,
          1376864,
          1377280,
          1375360,
          1378304,
          1377440,
          1377664,
          1377280,
          1375456,
          1377792,
          1380128,
          1377856,
          1376864,
          1377088
        ],
        "chunk_tokens": 224,
        "block_threads": 64,
        "staged_input_bytes": 434211448,
        "applicable": true
      },
      {
        "kernel": "onpair_dh_k7_t64_b2_h3",
        "role": "experimental",
        "stage_bytes": null,
        "chunk_size": 224,
        "decode_ms": 1.361856,
        "decode_gib_s": 683.8627358243938,
        "decode_ns_iters": [
          1369920,
          1363392,
          1363360,
          1364288,
          1363488,
          1363968,
          1363040,
          1364448,
          1363424,
          1363744,
          1363552,
          1362528,
          1363520,
          1362944,
          1362880,
          1362816,
          1364064,
          1364640,
          1363872,
          1362560,
          1365920,
          1362528,
          1361856,
          1365120,
          1361952,
          1363456,
          1363648,
          1363520,
          1363072,
          1362912
        ],
        "chunk_tokens": 224,
        "block_threads": 64,
        "staged_input_bytes": 434211448,
        "applicable": true
      },
      {
        "kernel": "onpair_dh_k7_t64_b2_h4",
        "role": "experimental",
        "stage_bytes": null,
        "chunk_size": 224,
        "decode_ms": 1.337568,
        "decode_gib_s": 696.2805404726082,
        "decode_ns_iters": [
          1339936,
          1339712,
          1338208,
          1345024,
          1339488,
          1340576,
          1338720,
          1340928,
          1341056,
          1338272,
          1340160,
          1340000,
          1339264,
          1339616,
          1338528,
          1338880,
          1338592,
          1337568,
          1340672,
          1338784,
          1338912,
          1338336,
          1339424,
          1340352,
          1340448,
          1339616,
          1339232,
          1337920,
          1339552,
          1340896
        ],
        "chunk_tokens": 224,
        "block_threads": 64,
        "staged_input_bytes": 434211448,
        "applicable": true
      },
      {
        "kernel": "onpair_dh_k7_t64_b4_h2",
        "role": "experimental",
        "stage_bytes": null,
        "chunk_size": 224,
        "decode_ms": 1.375424,
        "decode_gib_s": 677.116707254538,
        "decode_ns_iters": [
          1377312,
          1376672,
          1377248,
          1376672,
          1378656,
          1377696,
          1378208,
          1381568,
          1378112,
          1377472,
          1377216,
          1377664,
          1377408,
          1379264,
          1377344,
          1375424,
          1376832,
          1376320,
          1376192,
          1377504,
          1376256,
          1376864,
          1376640,
          1377536,
          1378720,
          1376000,
          1376800,
          1376800,
          1379328,
          1377792
        ],
        "chunk_tokens": 224,
        "block_threads": 64,
        "staged_input_bytes": 434211448,
        "applicable": true
      },
      {
        "kernel": "onpair_dh_k7_t64_b4_h3",
        "role": "experimental",
        "stage_bytes": null,
        "chunk_size": 224,
        "decode_ms": 1.361376,
        "decode_gib_s": 684.1038551868593,
        "decode_ns_iters": [
          1364928,
          1363776,
          1362848,
          1364928,
          1365120,
          1363776,
          1363040,
          1363616,
          1364672,
          1368384,
          1362208,
          1363008,
          1363584,
          1364992,
          1363424,
          1364992,
          1362592,
          1363104,
          1362272,
          1364096,
          1364224,
          1361376,
          1364000,
          1361760,
          1364640,
          1365024,
          1363008,
          1363360,
          1364544,
          1363392
        ],
        "chunk_tokens": 224,
        "block_threads": 64,
        "staged_input_bytes": 434211448,
        "applicable": true
      },
      {
        "kernel": "onpair_dh_k7_t64_b4_h4",
        "role": "experimental",
        "stage_bytes": null,
        "chunk_size": 224,
        "decode_ms": 1.337376,
        "decode_gib_s": 696.3805017877289,
        "decode_ns_iters": [
          1339648,
          1339168,
          1338304,
          1339200,
          1338784,
          1342624,
          1340416,
          1338976,
          1339136,
          1339072,
          1345632,
          1341152,
          1338400,
          1339104,
          1339392,
          1339104,
          1339520,
          1339552,
          1340672,
          1338368,
          1339136,
          1340128,
          1337440,
          1339200,
          1340416,
          1337376,
          1338944,
          1338400,
          1339648,
          1339552
        ],
        "chunk_tokens": 224,
        "block_threads": 64,
        "staged_input_bytes": 434211448,
        "applicable": true
      },
      {
        "kernel": "onpair_dh_k7_t64_b6_h2",
        "role": "experimental",
        "stage_bytes": null,
        "chunk_size": 224,
        "decode_ms": 1.374208,
        "decode_gib_s": 677.7158697656146,
        "decode_ns_iters": [
          1379360,
          1378112,
          1377472,
          1377056,
          1377312,
          1376800,
          1376416,
          1376864,
          1376640,
          1377824,
          1374208,
          1378176,
          1377056,
          1377344,
          1378432,
          1377312,
          1379328,
          1377472,
          1389152,
          1377248,
          1377792,
          1378240,
          1376576,
          1376000,
          1376096,
          1380288,
          1377632,
          1376704,
          1378016,
          1378336
        ],
        "chunk_tokens": 224,
        "block_threads": 64,
        "staged_input_bytes": 434211448,
        "applicable": true
      },
      {
        "kernel": "onpair_dh_k7_t64_b6_h3",
        "role": "experimental",
        "stage_bytes": null,
        "chunk_size": 224,
        "decode_ms": 1.36128,
        "decode_gib_s": 684.1520994643759,
        "decode_ns_iters": [
          1364640,
          1365248,
          1364160,
          1364768,
          1362016,
          1363200,
          1371392,
          1364672,
          1364224,
          1363456,
          1362848,
          1362912,
          1365344,
          1363552,
          1363104,
          1363392,
          1363936,
          1363008,
          1361280,
          1361824,
          1363168,
          1362176,
          1362656,
          1362752,
          1364320,
          1364320,
          1362240,
          1363936,
          1362464,
          1364864
        ],
        "chunk_tokens": 224,
        "block_threads": 64,
        "staged_input_bytes": 434211448,
        "applicable": true
      },
      {
        "kernel": "onpair_dh_k7_t64_b6_h4",
        "role": "experimental",
        "stage_bytes": null,
        "chunk_size": 224,
        "decode_ms": 1.3368,
        "decode_gib_s": 696.6805580183017,
        "decode_ns_iters": [
          1339520,
          1340000,
          1340384,
          1340192,
          1337824,
          1337024,
          1339296,
          1341472,
          1339104,
          1339520,
          1338816,
          1340256,
          1344416,
          1338848,
          1339552,
          1338368,
          1336800,
          1342912,
          1337696,
          1337856,
          1339968,
          1339040,
          1342912,
          1339488,
          1339264,
          1339488,
          1339840,
          1340576,
          1340352,
          1338688
        ],
        "chunk_tokens": 224,
        "block_threads": 64,
        "staged_input_bytes": 434211448,
        "applicable": true
      },
      {
        "kernel": "onpair_dh_k7_t64_b8_h2",
        "role": "experimental",
        "stage_bytes": null,
        "chunk_size": 224,
        "decode_ms": 1.3744,
        "decode_gib_s": 677.6211946732142,
        "decode_ns_iters": [
          1375936,
          1376960,
          1375744,
          1377152,
          1379264,
          1377600,
          1381344,
          1376384,
          1378112,
          1377120,
          1375296,
          1377120,
          1376896,
          1377472,
          1376768,
          1377888,
          1375648,
          1377408,
          1378336,
          1377568,
          1376448,
          1377888,
          1377824,
          1378432,
          1374400,
          1379840,
          1378176,
          1378976,
          1379008,
          1382880
        ],
        "chunk_tokens": 224,
        "block_threads": 64,
        "staged_input_bytes": 434211448,
        "applicable": true
      },
      {
        "kernel": "onpair_dh_k7_t64_b8_h3",
        "role": "experimental",
        "stage_bytes": null,
        "chunk_size": 224,
        "decode_ms": 1.3616,
        "decode_gib_s": 683.9913116619166,
        "decode_ns_iters": [
          1361600,
          1362720,
          1362560,
          1365600,
          1363680,
          1363424,
          1362336,
          1364000,
          1369600,
          1363872,
          1362912,
          1363136,
          1363488,
          1363392,
          1363904,
          1364992,
          1365280,
          1361984,
          1362912,
          1363808,
          1363520,
          1363520,
          1363904,
          1362912,
          1363456,
          1362720,
          1364832,
          1367520,
          1362688,
          1365088
        ],
        "chunk_tokens": 224,
        "block_threads": 64,
        "staged_input_bytes": 434211448,
        "applicable": true
      },
      {
        "kernel": "onpair_dh_k7_t64_b8_h4",
        "role": "experimental",
        "stage_bytes": null,
        "chunk_size": 224,
        "decode_ms": 1.336832,
        "decode_gib_s": 696.6638814442396,
        "decode_ns_iters": [
          1339424,
          1339584,
          1338304,
          1340288,
          1340320,
          1339872,
          1338656,
          1339072,
          1340416,
          1339488,
          1338240,
          1338528,
          1338336,
          1339648,
          1339072,
          1340128,
          1340064,
          1339392,
          1336832,
          1342048,
          1338848,
          1338496,
          1339232,
          1338464,
          1343840,
          1339680,
          1340192,
          1339968,
          1338656,
          1337760
        ],
        "chunk_tokens": 224,
        "block_threads": 64,
        "staged_input_bytes": 434211448,
        "applicable": true
      },
      {
        "kernel": "onpair_dh_k7_t128_b1_h2",
        "role": "experimental",
        "stage_bytes": null,
        "chunk_size": 224,
        "decode_ms": 1.321344,
        "decode_gib_s": 704.8297566408638,
        "decode_ns_iters": [
          1323648,
          1324320,
          1324992,
          1323776,
          1322432,
          1324320,
          1323904,
          1324160,
          1323168,
          1324288,
          1326656,
          1326944,
          1324864,
          1323872,
          1325120,
          1325472,
          1323072,
          1328160,
          1325056,
          1324416,
          1323680,
          1324416,
          1323328,
          1324512,
          1323168,
          1325312,
          1324128,
          1321344,
          1324032,
          1322272
        ],
        "chunk_tokens": 224,
        "block_threads": 128,
        "staged_input_bytes": 434211448,
        "applicable": true
      },
      {
        "kernel": "onpair_dh_k7_t128_b1_h3",
        "role": "experimental",
        "stage_bytes": null,
        "chunk_size": 224,
        "decode_ms": 1.314176,
        "decode_gib_s": 708.6741577679593,
        "decode_ns_iters": [
          1316736,
          1317248,
          1316768,
          1319136,
          1317408,
          1317888,
          1317184,
          1318496,
          1316000,
          1316320,
          1316864,
          1314592,
          1315968,
          1317472,
          1316352,
          1314176,
          1317184,
          1316256,
          1316768,
          1318400,
          1317664,
          1316000,
          1317280,
          1318144,
          1318688,
          1318720,
          1316096,
          1316864,
          1315744,
          1315680
        ],
        "chunk_tokens": 224,
        "block_threads": 128,
        "staged_input_bytes": 434211448,
        "applicable": true
      },
      {
        "kernel": "onpair_dh_k7_t128_b1_h4",
        "role": "experimental",
        "stage_bytes": null,
        "chunk_size": 224,
        "decode_ms": 1.284928,
        "decode_gib_s": 724.8052575388392,
        "decode_ns_iters": [
          1287936,
          1285760,
          1288064,
          1286880,
          1287232,
          1285984,
          1284928,
          1288576,
          1285632,
          1287712,
          1287040,
          1288736,
          1287168,
          1287200,
          1285248,
          1286016,
          1288000,
          1286176,
          1286464,
          1286752,
          1287136,
          1287968,
          1285984,
          1286624,
          1288000,
          1292544,
          1287456,
          1287008,
          1291776,
          1288160
        ],
        "chunk_tokens": 224,
        "block_threads": 128,
        "staged_input_bytes": 434211448,
        "applicable": true
      },
      {
        "kernel": "onpair_dh_k7_t128_b2_h2",
        "role": "experimental",
        "stage_bytes": null,
        "chunk_size": 224,
        "decode_ms": 1.322528,
        "decode_gib_s": 704.198754172967,
        "decode_ns_iters": [
          1325824,
          1327680,
          1324352,
          1325344,
          1326368,
          1327328,
          1324256,
          1323680,
          1326304,
          1325088,
          1324128,
          1327840,
          1324736,
          1325952,
          1325952,
          1325440,
          1328832,
          1325920,
          1324672,
          1322624,
          1324320,
          1326176,
          1322528,
          1323840,
          1323904,
          1322912,
          1326624,
          1323584,
          1324480,
          1325120
        ],
        "chunk_tokens": 224,
        "block_threads": 128,
        "staged_input_bytes": 434211448,
        "applicable": true
      },
      {
        "kernel": "onpair_dh_k7_t128_b2_h3",
        "role": "experimental",
        "stage_bytes": null,
        "chunk_size": 224,
        "decode_ms": 1.315616,
        "decode_gib_s": 707.8984825046714,
        "decode_ns_iters": [
          1318528,
          1317376,
          1316448,
          1317792,
          1316288,
          1317248,
          1318368,
          1317184,
          1319936,
          1316832,
          1315968,
          1318464,
          1318528,
          1317248,
          1315616,
          1317568,
          1318080,
          1318176,
          1317472,
          1318976,
          1316000,
          1317760,
          1317856,
          1318240,
          1318688,
          1317120,
          1316864,
          1319360,
          1317760,
          1317952
        ],
        "chunk_tokens": 224,
        "block_threads": 128,
        "staged_input_bytes": 434211448,
        "applicable": true
      },
      {
        "kernel": "onpair_dh_k7_t128_b2_h4",
        "role": "experimental",
        "stage_bytes": null,
        "chunk_size": 224,
        "decode_ms": 1.285184,
        "decode_gib_s": 724.6608812114573,
        "decode_ns_iters": [
          1287616,
          1287040,
          1288576,
          1286848,
          1286432,
          1287296,
          1294976,
          1286304,
          1287136,
          1290112,
          1287328,
          1287776,
          1285472,
          1287456,
          1288672,
          1287680,
          1287424,
          1285600,
          1285664,
          1287200,
          1287680,
          1287680,
          1289184,
          1285184,
          1286400,
          1287072,
          1287584,
          1287168,
          1287168,
          1286624
        ],
        "chunk_tokens": 224,
        "block_threads": 128,
        "staged_input_bytes": 434211448,
        "applicable": true
      },
      {
        "kernel": "onpair_dh_k7_t128_b4_h2",
        "role": "experimental",
        "stage_bytes": null,
        "chunk_size": 224,
        "decode_ms": 1.322272,
        "decode_gib_s": 704.3350913872982,
        "decode_ns_iters": [
          1326400,
          1324960,
          1322432,
          1324032,
          1324096,
          1324864,
          1322272,
          1325824,
          1323840,
          1326432,
          1323328,
          1323840,
          1325056,
          1326176,
          1324768,
          1323296,
          1326624,
          1324736,
          1325408,
          1325824,
          1326112,
          1326688,
          1325856,
          1324256,
          1326048,
          1325152,
          1323616,
          1323520,
          1325504,
          1323008
        ],
        "chunk_tokens": 224,
        "block_threads": 128,
        "staged_input_bytes": 434211448,
        "applicable": true
      },
      {
        "kernel": "onpair_dh_k7_t128_b4_h3",
        "role": "experimental",
        "stage_bytes": null,
        "chunk_size": 224,
        "decode_ms": 1.314848,
        "decode_gib_s": 708.3119645456096,
        "decode_ns_iters": [
          1321984,
          1316352,
          1316608,
          1318464,
          1317440,
          1316448,
          1317472,
          1318432,
          1322464,
          1317984,
          1316736,
          1314848,
          1317024,
          1317696,
          1317216,
          1316064,
          1319296,
          1316800,
          1315520,
          1318080,
          1318080,
          1317600,
          1317312,
          1317952,
          1319424,
          1316320,
          1316096,
          1316640,
          1316320,
          1316224
        ],
        "chunk_tokens": 224,
        "block_threads": 128,
        "staged_input_bytes": 434211448,
        "applicable": true
      },
      {
        "kernel": "onpair_dh_k7_t128_b4_h4",
        "role": "experimental",
        "stage_bytes": null,
        "chunk_size": 224,
        "decode_ms": 1.28384,
        "decode_gib_s": 725.4194992825162,
        "decode_ns_iters": [
          1288352,
          1288448,
          1288160,
          1286496,
          1285856,
          1287712,
          1286816,
          1287424,
          1288128,
          1286624,
          1284608,
          1287584,
          1287136,
          1287680,
          1287680,
          1284832,
          1287648,
          1287808,
          1286688,
          1283840,
          1285984,
          1286560,
          1287616,
          1286848,
          1286880,
          1287552,
          1286560,
          1286144,
          1287456,
          1288576
        ],
        "chunk_tokens": 224,
        "block_threads": 128,
        "staged_input_bytes": 434211448,
        "applicable": true
      },
      {
        "kernel": "onpair_dh_k7_t128_b6_h2",
        "role": "experimental",
        "stage_bytes": null,
        "chunk_size": 224,
        "decode_ms": 1.321216,
        "decode_gib_s": 704.8980408645261,
        "decode_ns_iters": [
          1323744,
          1324768,
          1324224,
          1324544,
          1325344,
          1322880,
          1323392,
          1325248,
          1323744,
          1325472,
          1322656,
          1329312,
          1325824,
          1324288,
          1323392,
          1325088,
          1321216,
          1326688,
          1324416,
          1324864,
          1326048,
          1324928,
          1323904,
          1324448,
          1327424,
          1323552,
          1326528,
          1324352,
          1325824,
          1322752
        ],
        "chunk_tokens": 224,
        "block_threads": 128,
        "staged_input_bytes": 434211448,
        "applicable": true
      },
      {
        "kernel": "onpair_dh_k7_t128_b6_h3",
        "role": "experimental",
        "stage_bytes": null,
        "chunk_size": 224,
        "decode_ms": 1.314592,
        "decode_gib_s": 708.44989925305,
        "decode_ns_iters": [
          1318400,
          1318624,
          1318272,
          1320096,
          1317856,
          1316416,
          1319136,
          1317376,
          1319360,
          1315008,
          1319904,
          1319488,
          1319328,
          1314592,
          1317408,
          1317216,
          1317984,
          1316320,
          1317184,
          1318304,
          1317888,
          1317632,
          1318912,
          1318016,
          1317888,
          1318496,
          1316192,
          1317984,
          1317312,
          1318560
        ],
        "chunk_tokens": 224,
        "block_threads": 128,
        "staged_input_bytes": 434211448,
        "applicable": true
      },
      {
        "kernel": "onpair_dh_k7_t128_b6_h4",
        "role": "experimental",
        "stage_bytes": null,
        "chunk_size": 224,
        "decode_ms": 1.284672,
        "decode_gib_s": 724.9496914067292,
        "decode_ns_iters": [
          1287968,
          1287936,
          1288160,
          1287200,
          1286400,
          1285856,
          1287456,
          1287808,
          1287840,
          1287104,
          1284992,
          1285696,
          1286976,
          1287648,
          1287776,
          1288736,
          1286784,
          1285664,
          1286528,
          1288992,
          1286304,
          1286880,
          1285312,
          1285920,
          1290080,
          1284672,
          1288096,
          1286016,
          1287808,
          1287392
        ],
        "chunk_tokens": 224,
        "block_threads": 128,
        "staged_input_bytes": 434211448,
        "applicable": true
      },
      {
        "kernel": "onpair_dh_k7_t128_b8_h2",
        "role": "experimental",
        "stage_bytes": null,
        "chunk_size": 224,
        "decode_ms": 1.322528,
        "decode_gib_s": 704.198754172967,
        "decode_ns_iters": [
          1324320,
          1325984,
          1328608,
          1323712,
          1326784,
          1325024,
          1324256,
          1323072,
          1324288,
          1325696,
          1324640,
          1323200,
          1326048,
          1323584,
          1323264,
          1324480,
          1325440,
          1324704,
          1323680,
          1323744,
          1323072,
          1324416,
          1323872,
          1328608,
          1326688,
          1324448,
          1323104,
          1326048,
          1326016,
          1322528
        ],
        "chunk_tokens": 224,
        "block_threads": 128,
        "staged_input_bytes": 434211448,
        "applicable": true
      },
      {
        "kernel": "onpair_dh_k7_t128_b8_h3",
        "role": "experimental",
        "stage_bytes": null,
        "chunk_size": 224,
        "decode_ms": 1.315232,
        "decode_gib_s": 708.1051631642673,
        "decode_ns_iters": [
          1319936,
          1317824,
          1317952,
          1317984,
          1318720,
          1317472,
          1318304,
          1316192,
          1317120,
          1317664,
          1317568,
          1316384,
          1318528,
          1318560,
          1319200,
          1318720,
          1318016,
          1316576,
          1316416,
          1316160,
          1318816,
          1315232,
          1317408,
          1316384,
          1315648,
          1318080,
          1315904,
          1317248,
          1317664,
          1318048
        ],
        "chunk_tokens": 224,
        "block_threads": 128,
        "staged_input_bytes": 434211448,
        "applicable": true
      },
      {
        "kernel": "onpair_dh_k7_t128_b8_h4",
        "role": "experimental",
        "stage_bytes": null,
        "chunk_size": 224,
        "decode_ms": 1.285696,
        "decode_gib_s": 724.3723010407325,
        "decode_ns_iters": [
          1287360,
          1285696,
          1288288,
          1288672,
          1286912,
          1288416,
          1286976,
          1287648,
          1287520,
          1288768,
          1287872,
          1287264,
          1290080,
          1288864,
          1286816,
          1288800,
          1289312,
          1292192,
          1288768,
          1286624,
          1288544,
          1288000,
          1288544,
          1287104,
          1287520,
          1288704,
          1289152,
          1288896,
          1288864,
          1286080
        ],
        "chunk_tokens": 224,
        "block_threads": 128,
        "staged_input_bytes": 434211448,
        "applicable": true
      },
      {
        "kernel": "onpair_dh_k7_t256_b1_h0",
        "role": "experimental",
        "stage_bytes": null,
        "chunk_size": 224,
        "decode_ms": 1.315776,
        "decode_gib_s": 707.8124011677259,
        "decode_ns_iters": [
          1316512,
          1326368,
          1320768,
          1318784,
          1317216,
          1317280,
          1323040,
          1319808,
          1320032,
          1325216,
          1321184,
          1317728,
          1316576,
          1320736,
          1318016,
          1320608,
          1319936,
          1322304,
          1321440,
          1318240,
          1317792,
          1317376,
          1320736,
          1318144,
          1315776,
          1325344,
          1318880,
          1319424,
          1319680,
          1318400
        ],
        "chunk_tokens": 224,
        "block_threads": 256,
        "staged_input_bytes": 434211448,
        "applicable": true
      },
      {
        "kernel": "onpair_dh_k7_t256_b1_h2",
        "role": "experimental",
        "stage_bytes": null,
        "chunk_size": 224,
        "decode_ms": 1.285952,
        "decode_gib_s": 724.2280971287153,
        "decode_ns_iters": [
          1296512,
          1286144,
          1287200,
          1287040,
          1289568,
          1290432,
          1290048,
          1286432,
          1287712,
          1286976,
          1285952,
          1287136,
          1288672,
          1288096,
          1286784,
          1288352,
          1289600,
          1288896,
          1290144,
          1289568,
          1287872,
          1291584,
          1288384,
          1287328,
          1288288,
          1287104,
          1287520,
          1288864,
          1290496,
          1293184
        ],
        "chunk_tokens": 224,
        "block_threads": 256,
        "staged_input_bytes": 434211448,
        "applicable": true
      },
      {
        "kernel": "onpair_dh_k7_t256_b1_h3",
        "role": "experimental",
        "stage_bytes": null,
        "chunk_size": 224,
        "decode_ms": 1.28096,
        "decode_gib_s": 727.0504699279178,
        "decode_ns_iters": [
          1284224,
          1282944,
          1283232,
          1281984,
          1282944,
          1285920,
          1282848,
          1283424,
          1283200,
          1280960,
          1281952,
          1284192,
          1283968,
          1283520,
          1283936,
          1283840,
          1284384,
          1286464,
          1283424,
          1285184,
          1282784,
          1283872,
          1283040,
          1282304,
          1281344,
          1283872,
          1281120,
          1282016,
          1282912,
          1284128
        ],
        "chunk_tokens": 224,
        "block_threads": 256,
        "staged_input_bytes": 434211448,
        "applicable": true
      },
      {
        "kernel": "onpair_dh_k7_t256_b1_h4",
        "role": "experimental",
        "stage_bytes": null,
        "chunk_size": 224,
        "decode_ms": 1.274304,
        "decode_gib_s": 730.8480315206305,
        "decode_ns_iters": [
          1277472,
          1279488,
          1276032,
          1278560,
          1276896,
          1274464,
          1277120,
          1275264,
          1275648,
          1276928,
          1278912,
          1278976,
          1281504,
          1276768,
          1279328,
          1278688,
          1274304,
          1277120,
          1275040,
          1276736,
          1274464,
          1276928,
          1276672,
          1278144,
          1277184,
          1278240,
          1278624,
          1275392,
          1276192,
          1276704
        ],
        "chunk_tokens": 224,
        "block_threads": 256,
        "staged_input_bytes": 434211448,
        "applicable": true
      },
      {
        "kernel": "onpair_dh_k7_t256_b2_h2",
        "role": "experimental",
        "stage_bytes": null,
        "chunk_size": 224,
        "decode_ms": 1.285408,
        "decode_gib_s": 724.5345990991698,
        "decode_ns_iters": [
          1287648,
          1288832,
          1287296,
          1288704,
          1289632,
          1291488,
          1288288,
          1288288,
          1287680,
          1288256,
          1286752,
          1288768,
          1294752,
          1288736,
          1289568,
          1289504,
          1287488,
          1289856,
          1288608,
          1285408,
          1288768,
          1288256,
          1287200,
          1289792,
          1289376,
          1289216,
          1287360,
          1287680,
          1288032,
          1289344
        ],
        "chunk_tokens": 224,
        "block_threads": 256,
        "staged_input_bytes": 434211448,
        "applicable": true
      },
      {
        "kernel": "onpair_dh_k7_t256_b2_h3",
        "role": "experimental",
        "stage_bytes": null,
        "chunk_size": 224,
        "decode_ms": 1.2792,
        "decode_gib_s": 728.0507895238162,
        "decode_ns_iters": [
          1281280,
          1282208,
          1284480,
          1283456,
          1281920,
          1288192,
          1282208,
          1284480,
          1289152,
          1283744,
          1281856,
          1283424,
          1286144,
          1280544,
          1282944,
          1282752,
          1279968,
          1283104,
          1285120,
          1281504,
          1279200,
          1283616,
          1282848,
          1280416,
          1284672,
          1282208,
          1284832,
          1284704,
          1280928,
          1282784
        ],
        "chunk_tokens": 224,
        "block_threads": 256,
        "staged_input_bytes": 434211448,
        "applicable": true
      },
      {
        "kernel": "onpair_dh_k7_t256_b2_h4",
        "role": "experimental",
        "stage_bytes": null,
        "chunk_size": 224,
        "decode_ms": 1.273696,
        "decode_gib_s": 731.196902525301,
        "decode_ns_iters": [
          1279776,
          1281120,
          1277600,
          1276384,
          1278016,
          1279040,
          1275776,
          1276800,
          1275072,
          1276704,
          1273696,
          1275392,
          1278048,
          1275072,
          1275584,
          1277952,
          1275936,
          1275936,
          1277984,
          1278656,
          1277088,
          1278464,
          1276672,
          1276864,
          1277504,
          1277632,
          1276128,
          1277856,
          1276384,
          1279552
        ],
        "chunk_tokens": 224,
        "block_threads": 256,
        "staged_input_bytes": 434211448,
        "applicable": true
      },
      {
        "kernel": "onpair_dh_k7_t256_b4_h0",
        "role": "experimental",
        "stage_bytes": null,
        "chunk_size": 224,
        "decode_ms": 1.313088,
        "decode_gib_s": 709.2613518354182,
        "decode_ns_iters": [
          1316864,
          1319424,
          1316000,
          1317088,
          1318464,
          1319264,
          1321600,
          1320000,
          1319904,
          1320640,
          1318816,
          1319840,
          1320832,
          1318688,
          1320064,
          1319040,
          1316640,
          1316704,
          1316992,
          1313088,
          1315744,
          1317088,
          1318176,
          1316864,
          1318240,
          1318496,
          1318944,
          1321664,
          1320640,
          1319392
        ],
        "chunk_tokens": 224,
        "block_threads": 256,
        "staged_input_bytes": 434211448,
        "applicable": true
      },
      {
        "kernel": "onpair_dh_k7_t256_b4_h2",
        "role": "experimental",
        "stage_bytes": null,
        "chunk_size": 224,
        "decode_ms": 1.285504,
        "decode_gib_s": 724.4804916661991,
        "decode_ns_iters": [
          1288160,
          1289408,
          1290272,
          1289504,
          1291104,
          1286208,
          1289280,
          1290304,
          1289760,
          1289600,
          1286016,
          1286784,
          1285856,
          1291808,
          1294464,
          1286688,
          1286720,
          1289280,
          1286496,
          1289440,
          1288096,
          1289088,
          1288864,
          1287456,
          1289408,
          1285504,
          1287456,
          1289760,
          1287008,
          1289952
        ],
        "chunk_tokens": 224,
        "block_threads": 256,
        "staged_input_bytes": 434211448,
        "applicable": true
      },
      {
        "kernel": "onpair_dh_k7_t256_b4_h3",
        "role": "experimental",
        "stage_bytes": null,
        "chunk_size": 224,
        "decode_ms": 1.280192,
        "decode_gib_s": 727.486634785146,
        "decode_ns_iters": [
          1285728,
          1285024,
          1282016,
          1283200,
          1287232,
          1283488,
          1281536,
          1287776,
          1283072,
          1281344,
          1282528,
          1284128,
          1283360,
          1280448,
          1282112,
          1285760,
          1283136,
          1283968,
          1282720,
          1280704,
          1280192,
          1282656,
          1282272,
          1283744,
          1280832,
          1280576,
          1282560,
          1285088,
          1283072,
          1282784
        ],
        "chunk_tokens": 224,
        "block_threads": 256,
        "staged_input_bytes": 434211448,
        "applicable": true
      },
      {
        "kernel": "onpair_dh_k7_t256_b4_h4",
        "role": "experimental",
        "stage_bytes": null,
        "chunk_size": 224,
        "decode_ms": 1.274688,
        "decode_gib_s": 730.62786341353,
        "decode_ns_iters": [
          1276512,
          1279264,
          1277088,
          1277344,
          1277408,
          1279392,
          1276192,
          1274688,
          1277024,
          1274816,
          1275328,
          1279744,
          1278336,
          1279968,
          1278528,
          1277280,
          1274816,
          1278336,
          1275968,
          1278528,
          1277472,
          1279296,
          1276032,
          1277440,
          1276320,
          1276064,
          1278080,
          1275808,
          1278048,
          1280160
        ],
        "chunk_tokens": 224,
        "block_threads": 256,
        "staged_input_bytes": 434211448,
        "applicable": true
      },
      {
        "kernel": "onpair_dh_k7_t256_b6_h2",
        "role": "experimental",
        "stage_bytes": null,
        "chunk_size": 224,
        "decode_ms": 1.626176,
        "decode_gib_s": 572.7071177774519,
        "decode_ns_iters": [
          1629440,
          1634816,
          1629184,
          1627264,
          1634496,
          1628224,
          1635904,
          1631360,
          1630528,
          1632000,
          1629472,
          1634944,
          1637952,
          1629056,
          1633504,
          1631712,
          1634016,
          1631680,
          1632704,
          1627072,
          1634944,
          1628256,
          1634016,
          1628576,
          1630912,
          1626720,
          1636192,
          1630944,
          1629856,
          1626176
        ],
        "chunk_tokens": 224,
        "block_threads": 256,
        "staged_input_bytes": 434211448,
        "applicable": true
      },
      {
        "kernel": "onpair_dh_k7_t256_b6_h3",
        "role": "experimental",
        "stage_bytes": null,
        "chunk_size": 224,
        "decode_ms": 1.70432,
        "decode_gib_s": 546.4481845890828,
        "decode_ns_iters": [
          1723744,
          1708544,
          1716128,
          1718304,
          1711264,
          1706784,
          1708352,
          1709760,
          1714016,
          1704768,
          1707296,
          1713024,
          1708160,
          1721600,
          1711424,
          1707072,
          1704320,
          1708352,
          1710304,
          1707392,
          1711744,
          1712864,
          1707392,
          1708704,
          1708320,
          1715520,
          1709408,
          1713376,
          1710528,
          1705568
        ],
        "chunk_tokens": 224,
        "block_threads": 256,
        "staged_input_bytes": 434211448,
        "applicable": true
      },
      {
        "kernel": "onpair_dh_k7_t256_b6_h4",
        "role": "experimental",
        "stage_bytes": null,
        "chunk_size": 224,
        "decode_ms": 1.854656,
        "decode_gib_s": 502.15380639798735,
        "decode_ns_iters": [
          1872256,
          1867616,
          1868032,
          1864896,
          1856960,
          1863104,
          1869216,
          1862720,
          1854656,
          1865920,
          1867840,
          1864736,
          1866464,
          1862304,
          1876352,
          1866080,
          1878912,
          1867520,
          1872480,
          1875616,
          1866624,
          1877632,
          1882336,
          1872288,
          1876864,
          1870560,
          1873984,
          1881472,
          1880064,
          1864256
        ],
        "chunk_tokens": 224,
        "block_threads": 256,
        "staged_input_bytes": 434211448,
        "applicable": true
      },
      {
        "kernel": "onpair_dh_k7_t256_b8_h0",
        "role": "experimental",
        "stage_bytes": null,
        "chunk_size": 224,
        "decode_ms": 1.801024,
        "decode_gib_s": 517.1072511853621,
        "decode_ns_iters": [
          1801024,
          1816800,
          1809120,
          1804320,
          1810624,
          1809824,
          1815008,
          1814304,
          1815328,
          1812640,
          1803104,
          1804416,
          1807008,
          1812256,
          1815360,
          1806112,
          1804416,
          1812672,
          1813952,
          1805920,
          1807168,
          1809984,
          1809568,
          1804256,
          1810592,
          1804832,
          1810048,
          1819424,
          1813824,
          1809984
        ],
        "chunk_tokens": 224,
        "block_threads": 256,
        "staged_input_bytes": 434211448,
        "applicable": true
      },
      {
        "kernel": "onpair_dh_k7_t256_b8_h2",
        "role": "experimental",
        "stage_bytes": null,
        "chunk_size": 224,
        "decode_ms": 1.86096,
        "decode_gib_s": 500.452760918486,
        "decode_ns_iters": [
          1867168,
          1874208,
          1863776,
          1863552,
          1870432,
          1866944,
          1865856,
          1872608,
          1865536,
          1863648,
          1870112,
          1864544,
          1869984,
          1869600,
          1862912,
          1860960,
          1871680,
          1866560,
          1867488,
          1865856,
          1869888,
          1869248,
          1867872,
          1869696,
          1871456,
          1870560,
          1871808,
          1870304,
          1865440,
          1863648
        ],
        "chunk_tokens": 224,
        "block_threads": 256,
        "staged_input_bytes": 434211448,
        "applicable": true
      },
      {
        "kernel": "onpair_dh_k7_t256_b8_h3",
        "role": "experimental",
        "stage_bytes": null,
        "chunk_size": 224,
        "decode_ms": 1.885056,
        "decode_gib_s": 494.0556513752725,
        "decode_ns_iters": [
          1889664,
          1890752,
          1891040,
          1889120,
          1890816,
          1889824,
          1888928,
          1893184,
          1887456,
          1888992,
          1890880,
          1888224,
          1889184,
          1888608,
          1888736,
          1888416,
          1894336,
          1885056,
          1894560,
          1890016,
          1889248,
          1888320,
          1893824,
          1892768,
          1888768,
          1887264,
          1889280,
          1886848,
          1886752,
          1889760
        ],
        "chunk_tokens": 224,
        "block_threads": 256,
        "staged_input_bytes": 434211448,
        "applicable": true
      },
      {
        "kernel": "onpair_dh_k7_t256_b8_h4",
        "role": "experimental",
        "stage_bytes": null,
        "chunk_size": 224,
        "decode_ms": 1.87344,
        "decode_gib_s": 497.1189736307891,
        "decode_ns_iters": [
          1873440,
          1889152,
          1888288,
          1885824,
          1885408,
          1883808,
          1884576,
          1880384,
          1885312,
          1882720,
          1880032,
          1883264,
          1879200,
          1884000,
          1887232,
          1880544,
          1884576,
          1883968,
          1883296,
          1884800,
          1883392,
          1886976,
          1878912,
          1886464,
          1879520,
          1886528,
          1882976,
          1887136,
          1883680,
          1881280
        ],
        "chunk_tokens": 224,
        "block_threads": 256,
        "staged_input_bytes": 434211448,
        "applicable": true
      },
      {
        "kernel": "onpair_dh_k8_t64_b1_h2",
        "role": "experimental",
        "stage_bytes": null,
        "chunk_size": 256,
        "decode_ms": 1.444128,
        "decode_gib_s": 644.9030625809247,
        "decode_ns_iters": [
          1447648,
          1451808,
          1447776,
          1444128,
          1451872,
          1447264,
          1448480,
          1451104,
          1452960,
          1447392,
          1445792,
          1451904,
          1455168,
          1449472,
          1445344,
          1450976,
          1454720,
          1450560,
          1450368,
          1454400,
          1454240,
          1453728,
          1450912,
          1455168,
          1451008,
          1453408,
          1448640,
          1452736,
          1453664,
          1448256
        ],
        "chunk_tokens": 256,
        "block_threads": 64,
        "staged_input_bytes": 433259384,
        "applicable": true
      },
      {
        "kernel": "onpair_dh_k8_t64_b1_h3",
        "role": "experimental",
        "stage_bytes": null,
        "chunk_size": 256,
        "decode_ms": 1.407648,
        "decode_gib_s": 661.6160929144684,
        "decode_ns_iters": [
          1410016,
          1407712,
          1409568,
          1413216,
          1411488,
          1411552,
          1409536,
          1409216,
          1410752,
          1409440,
          1407648,
          1409760,
          1409120,
          1409120,
          1407840,
          1410592,
          1410048,
          1411232,
          1409472,
          1407936,
          1408544,
          1408640,
          1411712,
          1411008,
          1411264,
          1410240,
          1409280,
          1409216,
          1410016,
          1411328
        ],
        "chunk_tokens": 256,
        "block_threads": 64,
        "staged_input_bytes": 433259384,
        "applicable": true
      },
      {
        "kernel": "onpair_dh_k8_t64_b1_h4",
        "role": "experimental",
        "stage_bytes": null,
        "chunk_size": 256,
        "decode_ms": 1.487104,
        "decode_gib_s": 626.2659302636976,
        "decode_ns_iters": [
          1492768,
          1493728,
          1491040,
          1491712,
          1493984,
          1489728,
          1497696,
          1497216,
          1493376,
          1492992,
          1501024,
          1496096,
          1492800,
          1492704,
          1495296,
          1490272,
          1492320,
          1492576,
          1489856,
          1496160,
          1492864,
          1494944,
          1490304,
          1488416,
          1487104,
          1487552,
          1490144,
          1492448,
          1492640,
          1494688
        ],
        "chunk_tokens": 256,
        "block_threads": 64,
        "staged_input_bytes": 433259384,
        "applicable": true
      },
      {
        "kernel": "onpair_dh_k8_t64_b2_h2",
        "role": "experimental",
        "stage_bytes": null,
        "chunk_size": 256,
        "decode_ms": 1.444512,
        "decode_gib_s": 644.7316256001097,
        "decode_ns_iters": [
          1454528,
          1451392,
          1448800,
          1455424,
          1454144,
          1452992,
          1445920,
          1450048,
          1452160,
          1452864,
          1454144,
          1451488,
          1450752,
          1452256,
          1449568,
          1449248,
          1455296,
          1448416,
          1445504,
          1447680,
          1451616,
          1444512,
          1447072,
          1451008,
          1450240,
          1454400,
          1451488,
          1450784,
          1452832,
          1453760
        ],
        "chunk_tokens": 256,
        "block_threads": 64,
        "staged_input_bytes": 433259384,
        "applicable": true
      },
      {
        "kernel": "onpair_dh_k8_t64_b2_h3",
        "role": "experimental",
        "stage_bytes": null,
        "chunk_size": 256,
        "decode_ms": 1.40592,
        "decode_gib_s": 662.4292775967805,
        "decode_ns_iters": [
          1408192,
          1407168,
          1417984,
          1410496,
          1412960,
          1410144,
          1408576,
          1408000,
          1410592,
          1410848,
          1411936,
          1411552,
          1409024,
          1411360,
          1407744,
          1408064,
          1412352,
          1414816,
          1408736,
          1411200,
          1412480,
          1409984,
          1409536,
          1409408,
          1412288,
          1410336,
          1408960,
          1408128,
          1405920,
          1409760
        ],
        "chunk_tokens": 256,
        "block_threads": 64,
        "staged_input_bytes": 433259384,
        "applicable": true
      },
      {
        "kernel": "onpair_dh_k8_t64_b2_h4",
        "role": "experimental",
        "stage_bytes": null,
        "chunk_size": 256,
        "decode_ms": 1.482976,
        "decode_gib_s": 628.0091990422405,
        "decode_ns_iters": [
          1491072,
          1487360,
          1483456,
          1493024,
          1482976,
          1496384,
          1493504,
          1484288,
          1499360,
          1488128,
          1489952,
          1495552,
          1491200,
          1495040,
          1486592,
          1491296,
          1491072,
          1492864,
          1494240,
          1493280,
          1491616,
          1491136,
          1497152,
          1485632,
          1485440,
          1492128,
          1498816,
          1490464,
          1492448,
          1492288
        ],
        "chunk_tokens": 256,
        "block_threads": 64,
        "staged_input_bytes": 433259384,
        "applicable": true
      },
      {
        "kernel": "onpair_dh_k8_t64_b4_h2",
        "role": "experimental",
        "stage_bytes": null,
        "chunk_size": 256,
        "decode_ms": 1.444192,
        "decode_gib_s": 644.8744834197016,
        "decode_ns_iters": [
          1456608,
          1452640,
          1444192,
          1451456,
          1451840,
          1451456,
          1451712,
          1452672,
          1452416,
          1450336,
          1447680,
          1448608,
          1451040,
          1450688,
          1446560,
          1448832,
          1451968,
          1450528,
          1450848,
          1446432,
          1453696,
          1449440,
          1449024,
          1450848,
          1452960,
          1448736,
          1448352,
          1447808,
          1448640,
          1448384
        ],
        "chunk_tokens": 256,
        "block_threads": 64,
        "staged_input_bytes": 433259384,
        "applicable": true
      },
      {
        "kernel": "onpair_dh_k8_t64_b4_h3",
        "role": "experimental",
        "stage_bytes": null,
        "chunk_size": 256,
        "decode_ms": 1.407968,
        "decode_gib_s": 661.465722203108,
        "decode_ns_iters": [
          1411808,
          1410176,
          1410816,
          1410528,
          1408832,
          1410336,
          1409184,
          1410016,
          1410368,
          1411264,
          1409312,
          1410080,
          1407968,
          1409920,
          1411488,
          1410688,
          1409184,
          1415968,
          1410880,
          1409024,
          1411808,
          1408448,
          1409440,
          1412864,
          1412128,
          1409408,
          1409920,
          1409984,
          1410464,
          1409248
        ],
        "chunk_tokens": 256,
        "block_threads": 64,
        "staged_input_bytes": 433259384,
        "applicable": true
      },
      {
        "kernel": "onpair_dh_k8_t64_b4_h4",
        "role": "experimental",
        "stage_bytes": null,
        "chunk_size": 256,
        "decode_ms": 1.484224,
        "decode_gib_s": 627.4811416328437,
        "decode_ns_iters": [
          1485600,
          1493568,
          1497152,
          1485856,
          1484224,
          1487584,
          1500032,
          1497344,
          1495392,
          1490464,
          1485216,
          1491136,
          1486496,
          1492992,
          1496704,
          1492992,
          1493248,
          1497984,
          1484320,
          1496704,
          1494432,
          1491936,
          1498144,
          1487136,
          1496288,
          1491904,
          1494144,
          1497600,
          1492160,
          1493792
        ],
        "chunk_tokens": 256,
        "block_threads": 64,
        "staged_input_bytes": 433259384,
        "applicable": true
      },
      {
        "kernel": "onpair_dh_k8_t64_b6_h2",
        "role": "experimental",
        "stage_bytes": null,
        "chunk_size": 256,
        "decode_ms": 1.444608,
        "decode_gib_s": 644.6887805957504,
        "decode_ns_iters": [
          1452800,
          1453376,
          1451072,
          1452064,
          1450240,
          1454720,
          1447040,
          1445536,
          1451296,
          1450240,
          1446368,
          1447776,
          1449632,
          1450624,
          1448288,
          1447648,
          1449120,
          1450336,
          1449728,
          1449312,
          1452864,
          1447040,
          1447104,
          1447968,
          1450176,
          1452160,
          1445088,
          1444608,
          1450496,
          1448128
        ],
        "chunk_tokens": 256,
        "block_threads": 64,
        "staged_input_bytes": 433259384,
        "applicable": true
      },
      {
        "kernel": "onpair_dh_k8_t64_b6_h3",
        "role": "experimental",
        "stage_bytes": null,
        "chunk_size": 256,
        "decode_ms": 1.40784,
        "decode_gib_s": 661.5258622846812,
        "decode_ns_iters": [
          1413120,
          1410592,
          1414656,
          1409408,
          1408896,
          1410336,
          1412416,
          1411648,
          1411840,
          1409728,
          1412416,
          1409344,
          1409728,
          1410592,
          1410976,
          1409760,
          1410176,
          1411232,
          1411008,
          1408832,
          1410688,
          1411680,
          1412480,
          1412224,
          1412736,
          1408352,
          1409376,
          1412416,
          1410880,
          1407840
        ],
        "chunk_tokens": 256,
        "block_threads": 64,
        "staged_input_bytes": 433259384,
        "applicable": true
      },
      {
        "kernel": "onpair_dh_k8_t64_b6_h4",
        "role": "experimental",
        "stage_bytes": null,
        "chunk_size": 256,
        "decode_ms": 1.48192,
        "decode_gib_s": 628.4567115356198,
        "decode_ns_iters": [
          1488448,
          1487936,
          1492256,
          1491520,
          1497280,
          1499808,
          1498688,
          1499776,
          1492096,
          1494176,
          1489728,
          1481920,
          1494688,
          1486688,
          1484480,
          1490624,
          1495008,
          1497792,
          1491264,
          1494688,
          1497792,
          1494048,
          1496768,
          1492672,
          1495296,
          1492032,
          1492192,
          1494432,
          1489728,
          1492960
        ],
        "chunk_tokens": 256,
        "block_threads": 64,
        "staged_input_bytes": 433259384,
        "applicable": true
      },
      {
        "kernel": "onpair_dh_k8_t64_b8_h2",
        "role": "experimental",
        "stage_bytes": null,
        "chunk_size": 256,
        "decode_ms": 1.445408,
        "decode_gib_s": 644.3319602208273,
        "decode_ns_iters": [
          1447872,
          1448384,
          1450720,
          1449024,
          1451584,
          1453216,
          1449056,
          1451392,
          1450656,
          1451072,
          1454752,
          1448320,
          1448224,
          1449920,
          1452416,
          1451616,
          1449280,
          1447712,
          1448928,
          1452416,
          1445408,
          1450432,
          1450080,
          1452352,
          1452512,
          1452000,
          1455328,
          1454464,
          1450272,
          1451872
        ],
        "chunk_tokens": 256,
        "block_threads": 64,
        "staged_input_bytes": 433259384,
        "applicable": true
      },
      {
        "kernel": "onpair_dh_k8_t64_b8_h3",
        "role": "experimental",
        "stage_bytes": null,
        "chunk_size": 256,
        "decode_ms": 1.406592,
        "decode_gib_s": 662.1128016929326,
        "decode_ns_iters": [
          1409984,
          1409024,
          1412128,
          1411904,
          1410144,
          1409856,
          1415232,
          1408512,
          1410240,
          1411200,
          1410144,
          1409792,
          1413664,
          1411072,
          1406592,
          1410048,
          1410528,
          1411072,
          1412544,
          1410432,
          1409824,
          1410944,
          1412960,
          1415968,
          1410400,
          1411520,
          1410528,
          1410528,
          1410720,
          1408736
        ],
        "chunk_tokens": 256,
        "block_threads": 64,
        "staged_input_bytes": 433259384,
        "applicable": true
      },
      {
        "kernel": "onpair_dh_k8_t64_b8_h4",
        "role": "experimental",
        "stage_bytes": null,
        "chunk_size": 256,
        "decode_ms": 1.483552,
        "decode_gib_s": 627.7653698413441,
        "decode_ns_iters": [
          1493536,
          1499680,
          1494112,
          1491808,
          1496000,
          1490240,
          1495776,
          1501280,
          1491328,
          1489856,
          1496480,
          1491424,
          1494944,
          1491936,
          1498880,
          1488512,
          1483552,
          1499424,
          1490432,
          1497664,
          1490528,
          1488832,
          1491904,
          1492000,
          1502976,
          1491744,
          1491424,
          1488512,
          1502848,
          1489280
        ],
        "chunk_tokens": 256,
        "block_threads": 64,
        "staged_input_bytes": 433259384,
        "applicable": true
      },
      {
        "kernel": "onpair_dh_k8_t128_b1_h2",
        "role": "experimental",
        "stage_bytes": null,
        "chunk_size": 256,
        "decode_ms": 1.424736,
        "decode_gib_s": 653.6808011862307,
        "decode_ns_iters": [
          1437888,
          1440160,
          1441824,
          1432192,
          1434592,
          1438560,
          1437536,
          1439360,
          1435040,
          1434912,
          1429920,
          1438816,
          1433408,
          1441760,
          1437952,
          1436672,
          1441600,
          1434880,
          1442240,
          1434784,
          1436384,
          1433984,
          1424736,
          1434688,
          1436928,
          1444672,
          1435776,
          1437824,
          1434560,
          1437920
        ],
        "chunk_tokens": 256,
        "block_threads": 128,
        "staged_input_bytes": 433259384,
        "applicable": true
      },
      {
        "kernel": "onpair_dh_k8_t128_b1_h3",
        "role": "experimental",
        "stage_bytes": null,
        "chunk_size": 256,
        "decode_ms": 1.386272,
        "decode_gib_s": 671.8180630921389,
        "decode_ns_iters": [
          1394816,
          1393056,
          1394336,
          1395616,
          1386528,
          1394112,
          1390240,
          1397664,
          1386272,
          1392928,
          1391872,
          1391840,
          1388832,
          1391296,
          1392160,
          1398720,
          1391200,
          1395968,
          1393952,
          1398272,
          1392800,
          1392128,
          1393664,
          1389856,
          1398560,
          1387136,
          1389152,
          1397728,
          1394624,
          1394176
        ],
        "chunk_tokens": 256,
        "block_threads": 128,
        "staged_input_bytes": 433259384,
        "applicable": true
      },
      {
        "kernel": "onpair_dh_k8_t128_b1_h4",
        "role": "experimental",
        "stage_bytes": null,
        "chunk_size": 256,
        "decode_ms": 1.5256,
        "decode_gib_s": 610.4631423432522,
        "decode_ns_iters": [
          1548576,
          1533984,
          1537280,
          1537600,
          1537952,
          1544000,
          1525600,
          1532704,
          1532800,
          1536576,
          1533184,
          1534752,
          1532352,
          1541120,
          1539232,
          1538464,
          1532608,
          1535552,
          1530336,
          1532864,
          1532544,
          1535168,
          1540800,
          1539872,
          1531712,
          1536352,
          1532800,
          1537376,
          1533792,
          1530464
        ],
        "chunk_tokens": 256,
        "block_threads": 128,
        "staged_input_bytes": 433259384,
        "applicable": true
      },
      {
        "kernel": "onpair_dh_k8_t128_b2_h2",
        "role": "experimental",
        "stage_bytes": null,
        "chunk_size": 256,
        "decode_ms": 1.428896,
        "decode_gib_s": 651.777715074341,
        "decode_ns_iters": [
          1435872,
          1433536,
          1436288,
          1440160,
          1431040,
          1443520,
          1428896,
          1443328,
          1436864,
          1443424,
          1438848,
          1440864,
          1432288,
          1436544,
          1435584,
          1435296,
          1430816,
          1431200,
          1441376,
          1429728,
          1437632,
          1441440,
          1429248,
          1437760,
          1436608,
          1433056,
          1437056,
          1442624,
          1436352,
          1438592
        ],
        "chunk_tokens": 256,
        "block_threads": 128,
        "staged_input_bytes": 433259384,
        "applicable": true
      },
      {
        "kernel": "onpair_dh_k8_t128_b2_h3",
        "role": "experimental",
        "stage_bytes": null,
        "chunk_size": 256,
        "decode_ms": 1.384448,
        "decode_gib_s": 672.7031784211944,
        "decode_ns_iters": [
          1395712,
          1396704,
          1390048,
          1393664,
          1389344,
          1387392,
          1392992,
          1395168,
          1393760,
          1384448,
          1393632,
          1391936,
          1391872,
          1395008,
          1389952,
          1397024,
          1390560,
          1397440,
          1392640,
          1396704,
          1387392,
          1392000,
          1389824,
          1393504,
          1399264,
          1396128,
          1391264,
          1393280,
          1390656,
          1398496
        ],
        "chunk_tokens": 256,
        "block_threads": 128,
        "staged_input_bytes": 433259384,
        "applicable": true
      },
      {
        "kernel": "onpair_dh_k8_t128_b2_h4",
        "role": "experimental",
        "stage_bytes": null,
        "chunk_size": 256,
        "decode_ms": 1.526784,
        "decode_gib_s": 609.9897365697215,
        "decode_ns_iters": [
          1534656,
          1530048,
          1531584,
          1534496,
          1532544,
          1536672,
          1544128,
          1534272,
          1539424,
          1534784,
          1532544,
          1532672,
          1534752,
          1534592,
          1533792,
          1534432,
          1542336,
          1534944,
          1538368,
          1528256,
          1541568,
          1540288,
          1540384,
          1536288,
          1542400,
          1536352,
          1533504,
          1526784,
          1530464,
          1538976
        ],
        "chunk_tokens": 256,
        "block_threads": 128,
        "staged_input_bytes": 433259384,
        "applicable": true
      },
      {
        "kernel": "onpair_dh_k8_t128_b4_h2",
        "role": "experimental",
        "stage_bytes": null,
        "chunk_size": 256,
        "decode_ms": 1.427616,
        "decode_gib_s": 652.3620987428451,
        "decode_ns_iters": [
          1427616,
          1436224,
          1435008,
          1435168,
          1431072,
          1442944,
          1436320,
          1433632,
          1433344,
          1434016,
          1437088,
          1434048,
          1437056,
          1432384,
          1431040,
          1441472,
          1432224,
          1437888,
          1434592,
          1442144,
          1444800,
          1444352,
          1440288,
          1438688,
          1431328,
          1442656,
          1430144,
          1433920,
          1434048,
          1434976
        ],
        "chunk_tokens": 256,
        "block_threads": 128,
        "staged_input_bytes": 433259384,
        "applicable": true
      },
      {
        "kernel": "onpair_dh_k8_t128_b4_h3",
        "role": "experimental",
        "stage_bytes": null,
        "chunk_size": 256,
        "decode_ms": 1.388736,
        "decode_gib_s": 670.6260728884869,
        "decode_ns_iters": [
          1394784,
          1393056,
          1393280,
          1394720,
          1388736,
          1400864,
          1390944,
          1396288,
          1390176,
          1397120,
          1392096,
          1395744,
          1392160,
          1392128,
          1395968,
          1397696,
          1392064,
          1394656,
          1396736,
          1396192,
          1394720,
          1392864,
          1391712,
          1395200,
          1391552,
          1394688,
          1396768,
          1391712,
          1397568,
          1398656
        ],
        "chunk_tokens": 256,
        "block_threads": 128,
        "staged_input_bytes": 433259384,
        "applicable": true
      },
      {
        "kernel": "onpair_dh_k8_t128_b4_h4",
        "role": "experimental",
        "stage_bytes": null,
        "chunk_size": 256,
        "decode_ms": 1.528864,
        "decode_gib_s": 609.1598533021025,
        "decode_ns_iters": [
          1537056,
          1546144,
          1536224,
          1538016,
          1538816,
          1541184,
          1534336,
          1528864,
          1529856,
          1534048,
          1534592,
          1535648,
          1531168,
          1536000,
          1537536,
          1534816,
          1535360,
          1538400,
          1534784,
          1538400,
          1536000,
          1535680,
          1541248,
          1541472,
          1537536,
          1538016,
          1540800,
          1532736,
          1535232,
          1534592
        ],
        "chunk_tokens": 256,
        "block_threads": 128,
        "staged_input_bytes": 433259384,
        "applicable": true
      },
      {
        "kernel": "onpair_dh_k8_t128_b6_h2",
        "role": "experimental",
        "stage_bytes": null,
        "chunk_size": 256,
        "decode_ms": 1.428288,
        "decode_gib_s": 652.0551667162824,
        "decode_ns_iters": [
          1428288,
          1428480,
          1435264,
          1438272,
          1431072,
          1438304,
          1434976,
          1438688,
          1433568,
          1432512,
          1432704,
          1437920,
          1435936,
          1439776,
          1435968,
          1440736,
          1433792,
          1430688,
          1438272,
          1433056,
          1443008,
          1440512,
          1433344,
          1437472,
          1429312,
          1439168,
          1436736,
          1437312,
          1432896,
          1430592
        ],
        "chunk_tokens": 256,
        "block_threads": 128,
        "staged_input_bytes": 433259384,
        "applicable": true
      },
      {
        "kernel": "onpair_dh_k8_t128_b6_h3",
        "role": "experimental",
        "stage_bytes": null,
        "chunk_size": 256,
        "decode_ms": 1.384608,
        "decode_gib_s": 672.6254434171011,
        "decode_ns_iters": [
          1393952,
          1394304,
          1389408,
          1393760,
          1397504,
          1394176,
          1393824,
          1394528,
          1396864,
          1392960,
          1396384,
          1389984,
          1391616,
          1394400,
          1389408,
          1388320,
          1393440,
          1393984,
          1394176,
          1394368,
          1397280,
          1393120,
          1394208,
          1390784,
          1391456,
          1394080,
          1393440,
          1393216,
          1395392,
          1384608
        ],
        "chunk_tokens": 256,
        "block_threads": 128,
        "staged_input_bytes": 433259384,
        "applicable": true
      },
      {
        "kernel": "onpair_dh_k8_t128_b6_h4",
        "role": "experimental",
        "stage_bytes": null,
        "chunk_size": 256,
        "decode_ms": 1.526752,
        "decode_gib_s": 610.0025216661681,
        "decode_ns_iters": [
          1535936,
          1537152,
          1538624,
          1531488,
          1532384,
          1539616,
          1539648,
          1537504,
          1541056,
          1540352,
          1539456,
          1531040,
          1536928,
          1540256,
          1540704,
          1536544,
          1529888,
          1538720,
          1526752,
          1537120,
          1535168,
          1537184,
          1539104,
          1530656,
          1531360,
          1533184,
          1531744,
          1537088,
          1539328,
          1532704
        ],
        "chunk_tokens": 256,
        "block_threads": 128,
        "staged_input_bytes": 433259384,
        "applicable": true
      },
      {
        "kernel": "onpair_dh_k8_t128_b8_h2",
        "role": "experimental",
        "stage_bytes": null,
        "chunk_size": 256,
        "decode_ms": 1.430336,
        "decode_gib_s": 651.1215336528379,
        "decode_ns_iters": [
          1434688,
          1432768,
          1430336,
          1433760,
          1431712,
          1433600,
          1442400,
          1434400,
          1439264,
          1434816,
          1438464,
          1432480,
          1434240,
          1431072,
          1433024,
          1438976,
          1430688,
          1437568,
          1436288,
          1434464,
          1437312,
          1432960,
          1438528,
          1433024,
          1442624,
          1436320,
          1433536,
          1432448,
          1435616,
          1437312
        ],
        "chunk_tokens": 256,
        "block_threads": 128,
        "staged_input_bytes": 433259384,
        "applicable": true
      },
      {
        "kernel": "onpair_dh_k8_t128_b8_h3",
        "role": "experimental",
        "stage_bytes": null,
        "chunk_size": 256,
        "decode_ms": 1.386304,
        "decode_gib_s": 671.8025555425547,
        "decode_ns_iters": [
          1390592,
          1389120,
          1392768,
          1387680,
          1396160,
          1394944,
          1394240,
          1392672,
          1393504,
          1393696,
          1386592,
          1394432,
          1399328,
          1395904,
          1397120,
          1398176,
          1395712,
          1393760,
          1394464,
          1395072,
          1391616,
          1386304,
          1391104,
          1389824,
          1394016,
          1391744,
          1390848,
          1397152,
          1398752,
          1396160
        ],
        "chunk_tokens": 256,
        "block_threads": 128,
        "staged_input_bytes": 433259384,
        "applicable": true
      },
      {
        "kernel": "onpair_dh_k8_t128_b8_h4",
        "role": "experimental",
        "stage_bytes": null,
        "chunk_size": 256,
        "decode_ms": 1.397984,
        "decode_gib_s": 666.1897203107229,
        "decode_ns_iters": [
          1404832,
          1400864,
          1406400,
          1406336,
          1403712,
          1406208,
          1410848,
          1401856,
          1397984,
          1408000,
          1401824,
          1405088,
          1401248,
          1414656,
          1399744,
          1399872,
          1408192,
          1411232,
          1405216,
          1411040,
          1413696,
          1402848,
          1408736,
          1406496,
          1402880,
          1403904,
          1402816,
          1406880,
          1405472,
          1402912
        ],
        "chunk_tokens": 256,
        "block_threads": 128,
        "staged_input_bytes": 433259384,
        "applicable": true
      },
      {
        "kernel": "onpair_dh_k8_t256_b1_h0",
        "role": "experimental",
        "stage_bytes": null,
        "chunk_size": 256,
        "decode_ms": 1.44352,
        "decode_gib_s": 645.1746910045345,
        "decode_ns_iters": [
          1453088,
          1452832,
          1457088,
          1455680,
          1459488,
          1452064,
          1450848,
          1449312,
          1462400,
          1454368,
          1454592,
          1459552,
          1456800,
          1458688,
          1460512,
          1453888,
          1458848,
          1456672,
          1451968,
          1455136,
          1455104,
          1453728,
          1443520,
          1460704,
          1455008,
          1456768,
          1454496,
          1463328,
          1448192,
          1456896
        ],
        "chunk_tokens": 256,
        "block_threads": 256,
        "staged_input_bytes": 433259384,
        "applicable": true
      },
      {
        "kernel": "onpair_dh_k8_t256_b1_h2",
        "role": "experimental",
        "stage_bytes": null,
        "chunk_size": 256,
        "decode_ms": 1.433152,
        "decode_gib_s": 649.8421451171024,
        "decode_ns_iters": [
          1460576,
          1435488,
          1433152,
          1447328,
          1435488,
          1439456,
          1439840,
          1440928,
          1437888,
          1436096,
          1438880,
          1440480,
          1440224,
          1441728,
          1444096,
          1450240,
          1443136,
          1443648,
          1441088,
          1441088,
          1449408,
          1437088,
          1440064,
          1439136,
          1439072,
          1440768,
          1437920,
          1442752,
          1447360,
          1441120
        ],
        "chunk_tokens": 256,
        "block_threads": 256,
        "staged_input_bytes": 433259384,
        "applicable": true
      },
      {
        "kernel": "onpair_dh_k8_t256_b1_h3",
        "role": "experimental",
        "stage_bytes": null,
        "chunk_size": 256,
        "decode_ms": 1.40272,
        "decode_gib_s": 663.94046563738,
        "decode_ns_iters": [
          1406016,
          1410144,
          1407008,
          1412608,
          1410144,
          1408800,
          1412160,
          1408832,
          1406144,
          1414048,
          1409824,
          1405792,
          1413056,
          1407136,
          1411872,
          1409504,
          1402720,
          1407008,
          1411264,
          1414208,
          1403040,
          1406304,
          1405024,
          1419488,
          1413120,
          1407104,
          1407072,
          1409664,
          1410912,
          1408672
        ],
        "chunk_tokens": 256,
        "block_threads": 256,
        "staged_input_bytes": 433259384,
        "applicable": true
      },
      {
        "kernel": "onpair_dh_k8_t256_b1_h4",
        "role": "experimental",
        "stage_bytes": null,
        "chunk_size": 256,
        "decode_ms": 1.562144,
        "decode_gib_s": 596.1822789441087,
        "decode_ns_iters": [
          1580640,
          1571200,
          1570880,
          1565728,
          1571488,
          1570656,
          1568288,
          1567424,
          1570912,
          1568544,
          1569920,
          1565664,
          1571328,
          1571712,
          1569600,
          1577696,
          1577632,
          1562144,
          1566688,
          1570624,
          1573760,
          1571776,
          1569728,
          1573312,
          1567904,
          1573792,
          1568384,
          1567520,
          1569408,
          1569920
        ],
        "chunk_tokens": 256,
        "block_threads": 256,
        "staged_input_bytes": 433259384,
        "applicable": true
      },
      {
        "kernel": "onpair_dh_k8_t256_b2_h2",
        "role": "experimental",
        "stage_bytes": null,
        "chunk_size": 256,
        "decode_ms": 1.43552,
        "decode_gib_s": 648.7701808117378,
        "decode_ns_iters": [
          1440928,
          1442880,
          1439168,
          1444416,
          1439840,
          1440384,
          1441344,
          1437056,
          1437408,
          1437216,
          1437728,
          1443712,
          1441536,
          1443968,
          1448608,
          1444864,
          1445920,
          1449792,
          1438880,
          1438592,
          1442848,
          1435840,
          1443904,
          1440384,
          1444832,
          1437408,
          1448224,
          1440928,
          1444416,
          1435520
        ],
        "chunk_tokens": 256,
        "block_threads": 256,
        "staged_input_bytes": 433259384,
        "applicable": true
      },
      {
        "kernel": "onpair_dh_k8_t256_b2_h3",
        "role": "experimental",
        "stage_bytes": null,
        "chunk_size": 256,
        "decode_ms": 1.402432,
        "decode_gib_s": 664.0768108249567,
        "decode_ns_iters": [
          1411904,
          1411328,
          1407200,
          1412128,
          1405728,
          1411264,
          1407232,
          1412224,
          1405408,
          1402432,
          1406656,
          1411936,
          1412800,
          1411744,
          1408128,
          1407840,
          1402560,
          1412192,
          1414272,
          1411936,
          1412992,
          1405760,
          1408128,
          1408544,
          1411872,
          1411840,
          1411360,
          1411040,
          1409856,
          1411584
        ],
        "chunk_tokens": 256,
        "block_threads": 256,
        "staged_input_bytes": 433259384,
        "applicable": true
      },
      {
        "kernel": "onpair_dh_k8_t256_b2_h4",
        "role": "experimental",
        "stage_bytes": null,
        "chunk_size": 256,
        "decode_ms": 1.561088,
        "decode_gib_s": 596.5855672190586,
        "decode_ns_iters": [
          1564832,
          1569632,
          1566944,
          1567552,
          1568640,
          1568992,
          1561088,
          1573344,
          1564960,
          1562976,
          1568800,
          1570880,
          1573376,
          1565504,
          1566240,
          1570944,
          1573120,
          1571328,
          1572032,
          1568064,
          1569824,
          1564896,
          1568544,
          1569696,
          1571552,
          1568480,
          1572736,
          1567264,
          1569792,
          1567232
        ],
        "chunk_tokens": 256,
        "block_threads": 256,
        "staged_input_bytes": 433259384,
        "applicable": true
      },
      {
        "kernel": "onpair_dh_k8_t256_b4_h0",
        "role": "experimental",
        "stage_bytes": null,
        "chunk_size": 256,
        "decode_ms": 1.446304,
        "decode_gib_s": 643.9327900350587,
        "decode_ns_iters": [
          1453888,
          1465152,
          1456800,
          1451168,
          1454656,
          1455040,
          1455936,
          1463424,
          1456608,
          1459232,
          1454912,
          1454112,
          1455232,
          1457984,
          1448896,
          1452352,
          1461440,
          1461504,
          1446304,
          1455712,
          1447136,
          1460448,
          1455520,
          1462816,
          1450560,
          1459840,
          1452672,
          1451712,
          1454624,
          1464544
        ],
        "chunk_tokens": 256,
        "block_threads": 256,
        "staged_input_bytes": 433259384,
        "applicable": true
      },
      {
        "kernel": "onpair_dh_k8_t256_b4_h2",
        "role": "experimental",
        "stage_bytes": null,
        "chunk_size": 256,
        "decode_ms": 1.435264,
        "decode_gib_s": 648.8858983147808,
        "decode_ns_iters": [
          1439904,
          1440768,
          1438560,
          1440576,
          1439808,
          1452480,
          1441792,
          1451072,
          1439328,
          1436288,
          1441024,
          1440480,
          1440704,
          1444096,
          1435264,
          1442912,
          1444192,
          1447584,
          1442048,
          1439456,
          1443744,
          1441664,
          1450304,
          1446560,
          1443392,
          1444832,
          1445440,
          1441216,
          1446624,
          1443360
        ],
        "chunk_tokens": 256,
        "block_threads": 256,
        "staged_input_bytes": 433259384,
        "applicable": true
      },
      {
        "kernel": "onpair_dh_k8_t256_b4_h3",
        "role": "experimental",
        "stage_bytes": null,
        "chunk_size": 256,
        "decode_ms": 1.398976,
        "decode_gib_s": 665.7173317904422,
        "decode_ns_iters": [
          1407328,
          1421728,
          1407040,
          1409376,
          1406400,
          1412864,
          1412416,
          1411776,
          1414144,
          1410912,
          1413312,
          1413056,
          1420032,
          1412800,
          1411648,
          1408128,
          1410752,
          1410816,
          1412512,
          1403040,
          1411008,
          1403392,
          1412512,
          1404960,
          1413504,
          1398976,
          1410656,
          1408800,
          1408992,
          1407840
        ],
        "chunk_tokens": 256,
        "block_threads": 256,
        "staged_input_bytes": 433259384,
        "applicable": true
      },
      {
        "kernel": "onpair_dh_k8_t256_b4_h4",
        "role": "experimental",
        "stage_bytes": null,
        "chunk_size": 256,
        "decode_ms": 1.422432,
        "decode_gib_s": 654.7396079101607,
        "decode_ns_iters": [
          1426720,
          1425984,
          1435392,
          1434080,
          1425696,
          1428576,
          1428832,
          1429664,
          1431200,
          1428512,
          1432416,
          1427488,
          1427104,
          1432416,
          1430752,
          1431072,
          1434112,
          1429472,
          1430752,
          1424768,
          1429248,
          1434496,
          1422432,
          1432672,
          1427648,
          1433152,
          1424800,
          1428928,
          1428512,
          1425408
        ],
        "chunk_tokens": 256,
        "block_threads": 256,
        "staged_input_bytes": 433259384,
        "applicable": true
      },
      {
        "kernel": "onpair_dh_k8_t256_b6_h2",
        "role": "experimental",
        "stage_bytes": null,
        "chunk_size": 256,
        "decode_ms": 2.003712,
        "decode_gib_s": 464.79861874304567,
        "decode_ns_iters": [
          2010944,
          2010240,
          2016736,
          2009984,
          2006912,
          2010528,
          2008768,
          2008800,
          2006304,
          2010464,
          2010624,
          2007520,
          2008192,
          2009600,
          2010880,
          2007552,
          2009504,
          2006112,
          2012896,
          2005920,
          2008640,
          2006240,
          2003712,
          2008672,
          2010464,
          2011840,
          2012608,
          2010688,
          2010304,
          2009376
        ],
        "chunk_tokens": 256,
        "block_threads": 256,
        "staged_input_bytes": 433259384,
        "applicable": true
      },
      {
        "kernel": "onpair_dh_k8_t256_b6_h3",
        "role": "experimental",
        "stage_bytes": null,
        "chunk_size": 256,
        "decode_ms": 1.95632,
        "decode_gib_s": 476.058400445155,
        "decode_ns_iters": [
          1960480,
          1957952,
          1958016,
          1956320,
          1958336,
          1958176,
          1962272,
          1967360,
          1965888,
          1966784,
          1967328,
          1967104,
          1966784,
          1966368,
          1965216,
          1965216,
          1965824,
          1965664,
          1965216,
          1965152,
          1965888,
          1969824,
          1967232,
          1965344,
          1965824,
          1966112,
          1964000,
          1966240,
          1968608,
          1972128
        ],
        "chunk_tokens": 256,
        "block_threads": 256,
        "staged_input_bytes": 433259384,
        "applicable": true
      },
      {
        "kernel": "onpair_dh_k8_t256_b6_h4",
        "role": "experimental",
        "stage_bytes": null,
        "chunk_size": 256,
        "decode_ms": 1.938432,
        "decode_gib_s": 480.45150408106434,
        "decode_ns_iters": [
          1942368,
          1940768,
          1942880,
          1939904,
          1941952,
          1938432,
          1943648,
          1943392,
          1942368,
          1951264,
          1949728,
          1949184,
          1951232,
          1950112,
          1952224,
          1951840,
          1948928,
          1949472,
          1949120,
          1952352,
          1948160,
          1949472,
          1949760,
          1956576,
          1955392,
          1952128,
          1950048,
          1949600,
          1947168,
          1950944
        ],
        "chunk_tokens": 256,
        "block_threads": 256,
        "staged_input_bytes": 433259384,
        "applicable": true
      },
      {
        "kernel": "onpair_dh_k8_t256_b8_h0",
        "role": "experimental",
        "stage_bytes": null,
        "chunk_size": 256,
        "decode_ms": 1.498528,
        "decode_gib_s": 621.4916037330404,
        "decode_ns_iters": [
          1504608,
          1508544,
          1504992,
          1519008,
          1499680,
          1503840,
          1507424,
          1505536,
          1498592,
          1500608,
          1503264,
          1510112,
          1501984,
          1503232,
          1499200,
          1512544,
          1513056,
          1501728,
          1504960,
          1508544,
          1501728,
          1504352,
          1505152,
          1516736,
          1509280,
          1511584,
          1501088,
          1511840,
          1510112,
          1498528
        ],
        "chunk_tokens": 256,
        "block_threads": 256,
        "staged_input_bytes": 433259384,
        "applicable": true
      },
      {
        "kernel": "onpair_dh_k8_t256_b8_h2",
        "role": "experimental",
        "stage_bytes": null,
        "chunk_size": 256,
        "decode_ms": 1.532576,
        "decode_gib_s": 607.6844280211002,
        "decode_ns_iters": [
          1548160,
          1542688,
          1548992,
          1551648,
          1542304,
          1535488,
          1549120,
          1551200,
          1550080,
          1549984,
          1545952,
          1545664,
          1543776,
          1548384,
          1546400,
          1546720,
          1544544,
          1548544,
          1549344,
          1542400,
          1546368,
          1543264,
          1543136,
          1549344,
          1548672,
          1549728,
          1539104,
          1532576,
          1548544,
          1543584
        ],
        "chunk_tokens": 256,
        "block_threads": 256,
        "staged_input_bytes": 433259384,
        "applicable": true
      },
      {
        "kernel": "onpair_dh_k8_t256_b8_h3",
        "role": "experimental",
        "stage_bytes": null,
        "chunk_size": 256,
        "decode_ms": 1.57024,
        "decode_gib_s": 593.1084228900459,
        "decode_ns_iters": [
          1580256,
          1579744,
          1579168,
          1576704,
          1574688,
          1574880,
          1573792,
          1574528,
          1582272,
          1578560,
          1580384,
          1573088,
          1573632,
          1578784,
          1578112,
          1578528,
          1580704,
          1577952,
          1588608,
          1570240,
          1579392,
          1577440,
          1570976,
          1581056,
          1579872,
          1576160,
          1572480,
          1576416,
          1580320,
          1582400
        ],
        "chunk_tokens": 256,
        "block_threads": 256,
        "staged_input_bytes": 433259384,
        "applicable": true
      },
      {
        "kernel": "onpair_dh_k8_t256_b8_h4",
        "role": "experimental",
        "stage_bytes": null,
        "chunk_size": 256,
        "decode_ms": 1.648224,
        "decode_gib_s": 565.0461162796232,
        "decode_ns_iters": [
          1658784,
          1658592,
          1661536,
          1657536,
          1652800,
          1664448,
          1662944,
          1660064,
          1659968,
          1657760,
          1662944,
          1663392,
          1659840,
          1659840,
          1657472,
          1660128,
          1662304,
          1662528,
          1658272,
          1657632,
          1662176,
          1657952,
          1658432,
          1652160,
          1660096,
          1664224,
          1656640,
          1654560,
          1648224,
          1662880
        ],
        "chunk_tokens": 256,
        "block_threads": 256,
        "staged_input_bytes": 433259384,
        "applicable": true
      },
      {
        "kernel": "onpair_ds_k4_t128_b2_s10",
        "role": "experimental",
        "stage_bytes": 10,
        "chunk_size": 128,
        "decode_ms": 0.0,
        "decode_gib_s": 0.0,
        "chunk_tokens": 128,
        "block_threads": 128,
        "staged_input_bytes": 439923872,
        "applicable": false,
        "reason": "staging 1312 B/warp is below this column's largest batch (2048 B + 15 shift)"
      },
      {
        "kernel": "onpair_ds_k4_t128_b2_s12",
        "role": "experimental",
        "stage_bytes": 12,
        "chunk_size": 128,
        "decode_ms": 0.0,
        "decode_gib_s": 0.0,
        "chunk_tokens": 128,
        "block_threads": 128,
        "staged_input_bytes": 439923872,
        "applicable": false,
        "reason": "staging 1568 B/warp is below this column's largest batch (2048 B + 15 shift)"
      },
      {
        "kernel": "onpair_ds_k4_t128_b2_s14",
        "role": "experimental",
        "stage_bytes": 14,
        "chunk_size": 128,
        "decode_ms": 0.0,
        "decode_gib_s": 0.0,
        "chunk_tokens": 128,
        "block_threads": 128,
        "staged_input_bytes": 439923872,
        "applicable": false,
        "reason": "staging 1824 B/warp is below this column's largest batch (2048 B + 15 shift)"
      },
      {
        "kernel": "onpair_ds_k4_t128_b4_s10",
        "role": "experimental",
        "stage_bytes": 10,
        "chunk_size": 128,
        "decode_ms": 0.0,
        "decode_gib_s": 0.0,
        "chunk_tokens": 128,
        "block_threads": 128,
        "staged_input_bytes": 439923872,
        "applicable": false,
        "reason": "staging 1312 B/warp is below this column's largest batch (2048 B + 15 shift)"
      },
      {
        "kernel": "onpair_ds_k4_t128_b4_s12",
        "role": "experimental",
        "stage_bytes": 12,
        "chunk_size": 128,
        "decode_ms": 0.0,
        "decode_gib_s": 0.0,
        "chunk_tokens": 128,
        "block_threads": 128,
        "staged_input_bytes": 439923872,
        "applicable": false,
        "reason": "staging 1568 B/warp is below this column's largest batch (2048 B + 15 shift)"
      },
      {
        "kernel": "onpair_ds_k4_t128_b4_s14",
        "role": "experimental",
        "stage_bytes": 14,
        "chunk_size": 128,
        "decode_ms": 0.0,
        "decode_gib_s": 0.0,
        "chunk_tokens": 128,
        "block_threads": 128,
        "staged_input_bytes": 439923872,
        "applicable": false,
        "reason": "staging 1824 B/warp is below this column's largest batch (2048 B + 15 shift)"
      },
      {
        "kernel": "onpair_ds_k4_t128_b8_s10",
        "role": "experimental",
        "stage_bytes": 10,
        "chunk_size": 128,
        "decode_ms": 0.0,
        "decode_gib_s": 0.0,
        "chunk_tokens": 128,
        "block_threads": 128,
        "staged_input_bytes": 439923872,
        "applicable": false,
        "reason": "staging 1312 B/warp is below this column's largest batch (2048 B + 15 shift)"
      },
      {
        "kernel": "onpair_ds_k4_t128_b8_s12",
        "role": "experimental",
        "stage_bytes": 12,
        "chunk_size": 128,
        "decode_ms": 0.0,
        "decode_gib_s": 0.0,
        "chunk_tokens": 128,
        "block_threads": 128,
        "staged_input_bytes": 439923872,
        "applicable": false,
        "reason": "staging 1568 B/warp is below this column's largest batch (2048 B + 15 shift)"
      },
      {
        "kernel": "onpair_ds_k4_t128_b8_s14",
        "role": "experimental",
        "stage_bytes": 14,
        "chunk_size": 128,
        "decode_ms": 0.0,
        "decode_gib_s": 0.0,
        "chunk_tokens": 128,
        "block_threads": 128,
        "staged_input_bytes": 439923872,
        "applicable": false,
        "reason": "staging 1824 B/warp is below this column's largest batch (2048 B + 15 shift)"
      },
      {
        "kernel": "onpair_ds_k4_t256_b2_s10",
        "role": "experimental",
        "stage_bytes": 10,
        "chunk_size": 128,
        "decode_ms": 0.0,
        "decode_gib_s": 0.0,
        "chunk_tokens": 128,
        "block_threads": 256,
        "staged_input_bytes": 439923872,
        "applicable": false,
        "reason": "staging 1312 B/warp is below this column's largest batch (2048 B + 15 shift)"
      },
      {
        "kernel": "onpair_ds_k4_t256_b2_s12",
        "role": "experimental",
        "stage_bytes": 12,
        "chunk_size": 128,
        "decode_ms": 0.0,
        "decode_gib_s": 0.0,
        "chunk_tokens": 128,
        "block_threads": 256,
        "staged_input_bytes": 439923872,
        "applicable": false,
        "reason": "staging 1568 B/warp is below this column's largest batch (2048 B + 15 shift)"
      },
      {
        "kernel": "onpair_ds_k4_t256_b2_s14",
        "role": "experimental",
        "stage_bytes": 14,
        "chunk_size": 128,
        "decode_ms": 0.0,
        "decode_gib_s": 0.0,
        "chunk_tokens": 128,
        "block_threads": 256,
        "staged_input_bytes": 439923872,
        "applicable": false,
        "reason": "staging 1824 B/warp is below this column's largest batch (2048 B + 15 shift)"
      },
      {
        "kernel": "onpair_ds_k4_t256_b4_s10",
        "role": "experimental",
        "stage_bytes": 10,
        "chunk_size": 128,
        "decode_ms": 0.0,
        "decode_gib_s": 0.0,
        "chunk_tokens": 128,
        "block_threads": 256,
        "staged_input_bytes": 439923872,
        "applicable": false,
        "reason": "staging 1312 B/warp is below this column's largest batch (2048 B + 15 shift)"
      },
      {
        "kernel": "onpair_ds_k4_t256_b4_s12",
        "role": "experimental",
        "stage_bytes": 12,
        "chunk_size": 128,
        "decode_ms": 0.0,
        "decode_gib_s": 0.0,
        "chunk_tokens": 128,
        "block_threads": 256,
        "staged_input_bytes": 439923872,
        "applicable": false,
        "reason": "staging 1568 B/warp is below this column's largest batch (2048 B + 15 shift)"
      },
      {
        "kernel": "onpair_ds_k4_t256_b4_s14",
        "role": "experimental",
        "stage_bytes": 14,
        "chunk_size": 128,
        "decode_ms": 0.0,
        "decode_gib_s": 0.0,
        "chunk_tokens": 128,
        "block_threads": 256,
        "staged_input_bytes": 439923872,
        "applicable": false,
        "reason": "staging 1824 B/warp is below this column's largest batch (2048 B + 15 shift)"
      },
      {
        "kernel": "onpair_ds_k4_t256_b8_s10",
        "role": "experimental",
        "stage_bytes": 10,
        "chunk_size": 128,
        "decode_ms": 0.0,
        "decode_gib_s": 0.0,
        "chunk_tokens": 128,
        "block_threads": 256,
        "staged_input_bytes": 439923872,
        "applicable": false,
        "reason": "staging 1312 B/warp is below this column's largest batch (2048 B + 15 shift)"
      },
      {
        "kernel": "onpair_ds_k4_t256_b8_s12",
        "role": "experimental",
        "stage_bytes": 12,
        "chunk_size": 128,
        "decode_ms": 0.0,
        "decode_gib_s": 0.0,
        "chunk_tokens": 128,
        "block_threads": 256,
        "staged_input_bytes": 439923872,
        "applicable": false,
        "reason": "staging 1568 B/warp is below this column's largest batch (2048 B + 15 shift)"
      },
      {
        "kernel": "onpair_ds_k4_t256_b8_s14",
        "role": "experimental",
        "stage_bytes": 14,
        "chunk_size": 128,
        "decode_ms": 0.0,
        "decode_gib_s": 0.0,
        "chunk_tokens": 128,
        "block_threads": 256,
        "staged_input_bytes": 439923872,
        "applicable": false,
        "reason": "staging 1824 B/warp is below this column's largest batch (2048 B + 15 shift)"
      },
      {
        "kernel": "onpair_ds_k6_t128_b2_s10",
        "role": "experimental",
        "stage_bytes": 10,
        "chunk_size": 192,
        "decode_ms": 0.0,
        "decode_gib_s": 0.0,
        "chunk_tokens": 192,
        "block_threads": 128,
        "staged_input_bytes": 435480880,
        "applicable": false,
        "reason": "staging 1952 B/warp is below this column's largest batch (2832 B + 15 shift)"
      },
      {
        "kernel": "onpair_ds_k6_t128_b2_s12",
        "role": "experimental",
        "stage_bytes": 12,
        "chunk_size": 192,
        "decode_ms": 0.0,
        "decode_gib_s": 0.0,
        "chunk_tokens": 192,
        "block_threads": 128,
        "staged_input_bytes": 435480880,
        "applicable": false,
        "reason": "staging 2336 B/warp is below this column's largest batch (2832 B + 15 shift)"
      },
      {
        "kernel": "onpair_ds_k6_t128_b2_s14",
        "role": "experimental",
        "stage_bytes": 14,
        "chunk_size": 192,
        "decode_ms": 0.0,
        "decode_gib_s": 0.0,
        "chunk_tokens": 192,
        "block_threads": 128,
        "staged_input_bytes": 435480880,
        "applicable": false,
        "reason": "staging 2720 B/warp is below this column's largest batch (2832 B + 15 shift)"
      },
      {
        "kernel": "onpair_ds_k6_t128_b4_s10",
        "role": "experimental",
        "stage_bytes": 10,
        "chunk_size": 192,
        "decode_ms": 0.0,
        "decode_gib_s": 0.0,
        "chunk_tokens": 192,
        "block_threads": 128,
        "staged_input_bytes": 435480880,
        "applicable": false,
        "reason": "staging 1952 B/warp is below this column's largest batch (2832 B + 15 shift)"
      },
      {
        "kernel": "onpair_ds_k6_t128_b4_s12",
        "role": "experimental",
        "stage_bytes": 12,
        "chunk_size": 192,
        "decode_ms": 0.0,
        "decode_gib_s": 0.0,
        "chunk_tokens": 192,
        "block_threads": 128,
        "staged_input_bytes": 435480880,
        "applicable": false,
        "reason": "staging 2336 B/warp is below this column's largest batch (2832 B + 15 shift)"
      },
      {
        "kernel": "onpair_ds_k6_t128_b4_s14",
        "role": "experimental",
        "stage_bytes": 14,
        "chunk_size": 192,
        "decode_ms": 0.0,
        "decode_gib_s": 0.0,
        "chunk_tokens": 192,
        "block_threads": 128,
        "staged_input_bytes": 435480880,
        "applicable": false,
        "reason": "staging 2720 B/warp is below this column's largest batch (2832 B + 15 shift)"
      },
      {
        "kernel": "onpair_ds_k6_t128_b8_s10",
        "role": "experimental",
        "stage_bytes": 10,
        "chunk_size": 192,
        "decode_ms": 0.0,
        "decode_gib_s": 0.0,
        "chunk_tokens": 192,
        "block_threads": 128,
        "staged_input_bytes": 435480880,
        "applicable": false,
        "reason": "staging 1952 B/warp is below this column's largest batch (2832 B + 15 shift)"
      },
      {
        "kernel": "onpair_ds_k6_t128_b8_s12",
        "role": "experimental",
        "stage_bytes": 12,
        "chunk_size": 192,
        "decode_ms": 0.0,
        "decode_gib_s": 0.0,
        "chunk_tokens": 192,
        "block_threads": 128,
        "staged_input_bytes": 435480880,
        "applicable": false,
        "reason": "staging 2336 B/warp is below this column's largest batch (2832 B + 15 shift)"
      },
      {
        "kernel": "onpair_ds_k6_t128_b8_s14",
        "role": "experimental",
        "stage_bytes": 14,
        "chunk_size": 192,
        "decode_ms": 0.0,
        "decode_gib_s": 0.0,
        "chunk_tokens": 192,
        "block_threads": 128,
        "staged_input_bytes": 435480880,
        "applicable": false,
        "reason": "staging 2720 B/warp is below this column's largest batch (2832 B + 15 shift)"
      },
      {
        "kernel": "onpair_ds_k6_t256_b2_s10",
        "role": "experimental",
        "stage_bytes": 10,
        "chunk_size": 192,
        "decode_ms": 0.0,
        "decode_gib_s": 0.0,
        "chunk_tokens": 192,
        "block_threads": 256,
        "staged_input_bytes": 435480880,
        "applicable": false,
        "reason": "staging 1952 B/warp is below this column's largest batch (2832 B + 15 shift)"
      },
      {
        "kernel": "onpair_ds_k6_t256_b2_s12",
        "role": "experimental",
        "stage_bytes": 12,
        "chunk_size": 192,
        "decode_ms": 0.0,
        "decode_gib_s": 0.0,
        "chunk_tokens": 192,
        "block_threads": 256,
        "staged_input_bytes": 435480880,
        "applicable": false,
        "reason": "staging 2336 B/warp is below this column's largest batch (2832 B + 15 shift)"
      },
      {
        "kernel": "onpair_ds_k6_t256_b2_s14",
        "role": "experimental",
        "stage_bytes": 14,
        "chunk_size": 192,
        "decode_ms": 0.0,
        "decode_gib_s": 0.0,
        "chunk_tokens": 192,
        "block_threads": 256,
        "staged_input_bytes": 435480880,
        "applicable": false,
        "reason": "staging 2720 B/warp is below this column's largest batch (2832 B + 15 shift)"
      },
      {
        "kernel": "onpair_ds_k6_t256_b4_s10",
        "role": "experimental",
        "stage_bytes": 10,
        "chunk_size": 192,
        "decode_ms": 0.0,
        "decode_gib_s": 0.0,
        "chunk_tokens": 192,
        "block_threads": 256,
        "staged_input_bytes": 435480880,
        "applicable": false,
        "reason": "staging 1952 B/warp is below this column's largest batch (2832 B + 15 shift)"
      },
      {
        "kernel": "onpair_ds_k6_t256_b4_s12",
        "role": "experimental",
        "stage_bytes": 12,
        "chunk_size": 192,
        "decode_ms": 0.0,
        "decode_gib_s": 0.0,
        "chunk_tokens": 192,
        "block_threads": 256,
        "staged_input_bytes": 435480880,
        "applicable": false,
        "reason": "staging 2336 B/warp is below this column's largest batch (2832 B + 15 shift)"
      },
      {
        "kernel": "onpair_ds_k6_t256_b4_s14",
        "role": "experimental",
        "stage_bytes": 14,
        "chunk_size": 192,
        "decode_ms": 0.0,
        "decode_gib_s": 0.0,
        "chunk_tokens": 192,
        "block_threads": 256,
        "staged_input_bytes": 435480880,
        "applicable": false,
        "reason": "staging 2720 B/warp is below this column's largest batch (2832 B + 15 shift)"
      },
      {
        "kernel": "onpair_ds_k6_t256_b8_s10",
        "role": "experimental",
        "stage_bytes": 10,
        "chunk_size": 192,
        "decode_ms": 0.0,
        "decode_gib_s": 0.0,
        "chunk_tokens": 192,
        "block_threads": 256,
        "staged_input_bytes": 435480880,
        "applicable": false,
        "reason": "staging 1952 B/warp is below this column's largest batch (2832 B + 15 shift)"
      },
      {
        "kernel": "onpair_ds_k6_t256_b8_s12",
        "role": "experimental",
        "stage_bytes": 12,
        "chunk_size": 192,
        "decode_ms": 0.0,
        "decode_gib_s": 0.0,
        "chunk_tokens": 192,
        "block_threads": 256,
        "staged_input_bytes": 435480880,
        "applicable": false,
        "reason": "staging 2336 B/warp is below this column's largest batch (2832 B + 15 shift)"
      },
      {
        "kernel": "onpair_ds_k6_t256_b8_s14",
        "role": "experimental",
        "stage_bytes": 14,
        "chunk_size": 192,
        "decode_ms": 0.0,
        "decode_gib_s": 0.0,
        "chunk_tokens": 192,
        "block_threads": 256,
        "staged_input_bytes": 435480880,
        "applicable": false,
        "reason": "staging 2720 B/warp is below this column's largest batch (2832 B + 15 shift)"
      },
      {
        "kernel": "onpair_ds_k8_t128_b2_s10",
        "role": "experimental",
        "stage_bytes": 10,
        "chunk_size": 256,
        "decode_ms": 0.0,
        "decode_gib_s": 0.0,
        "chunk_tokens": 256,
        "block_threads": 128,
        "staged_input_bytes": 433259384,
        "applicable": false,
        "reason": "staging 2592 B/warp is below this column's largest batch (3648 B + 15 shift)"
      },
      {
        "kernel": "onpair_ds_k8_t128_b2_s12",
        "role": "experimental",
        "stage_bytes": 12,
        "chunk_size": 256,
        "decode_ms": 0.0,
        "decode_gib_s": 0.0,
        "chunk_tokens": 256,
        "block_threads": 128,
        "staged_input_bytes": 433259384,
        "applicable": false,
        "reason": "staging 3104 B/warp is below this column's largest batch (3648 B + 15 shift)"
      },
      {
        "kernel": "onpair_ds_k8_t128_b2_s14",
        "role": "experimental",
        "stage_bytes": 14,
        "chunk_size": 256,
        "decode_ms": 0.0,
        "decode_gib_s": 0.0,
        "chunk_tokens": 256,
        "block_threads": 128,
        "staged_input_bytes": 433259384,
        "applicable": false,
        "reason": "staging 3616 B/warp is below this column's largest batch (3648 B + 15 shift)"
      },
      {
        "kernel": "onpair_ds_k8_t128_b4_s10",
        "role": "experimental",
        "stage_bytes": 10,
        "chunk_size": 256,
        "decode_ms": 0.0,
        "decode_gib_s": 0.0,
        "chunk_tokens": 256,
        "block_threads": 128,
        "staged_input_bytes": 433259384,
        "applicable": false,
        "reason": "staging 2592 B/warp is below this column's largest batch (3648 B + 15 shift)"
      },
      {
        "kernel": "onpair_ds_k8_t128_b4_s12",
        "role": "experimental",
        "stage_bytes": 12,
        "chunk_size": 256,
        "decode_ms": 0.0,
        "decode_gib_s": 0.0,
        "chunk_tokens": 256,
        "block_threads": 128,
        "staged_input_bytes": 433259384,
        "applicable": false,
        "reason": "staging 3104 B/warp is below this column's largest batch (3648 B + 15 shift)"
      },
      {
        "kernel": "onpair_ds_k8_t128_b4_s14",
        "role": "experimental",
        "stage_bytes": 14,
        "chunk_size": 256,
        "decode_ms": 0.0,
        "decode_gib_s": 0.0,
        "chunk_tokens": 256,
        "block_threads": 128,
        "staged_input_bytes": 433259384,
        "applicable": false,
        "reason": "staging 3616 B/warp is below this column's largest batch (3648 B + 15 shift)"
      },
      {
        "kernel": "onpair_ds_k8_t128_b8_s10",
        "role": "experimental",
        "stage_bytes": 10,
        "chunk_size": 256,
        "decode_ms": 0.0,
        "decode_gib_s": 0.0,
        "chunk_tokens": 256,
        "block_threads": 128,
        "staged_input_bytes": 433259384,
        "applicable": false,
        "reason": "staging 2592 B/warp is below this column's largest batch (3648 B + 15 shift)"
      },
      {
        "kernel": "onpair_ds_k8_t128_b8_s12",
        "role": "experimental",
        "stage_bytes": 12,
        "chunk_size": 256,
        "decode_ms": 0.0,
        "decode_gib_s": 0.0,
        "chunk_tokens": 256,
        "block_threads": 128,
        "staged_input_bytes": 433259384,
        "applicable": false,
        "reason": "staging 3104 B/warp is below this column's largest batch (3648 B + 15 shift)"
      },
      {
        "kernel": "onpair_ds_k8_t128_b8_s14",
        "role": "experimental",
        "stage_bytes": 14,
        "chunk_size": 256,
        "decode_ms": 0.0,
        "decode_gib_s": 0.0,
        "chunk_tokens": 256,
        "block_threads": 128,
        "staged_input_bytes": 433259384,
        "applicable": false,
        "reason": "staging 3616 B/warp is below this column's largest batch (3648 B + 15 shift)"
      },
      {
        "kernel": "onpair_ds_k8_t256_b2_s10",
        "role": "experimental",
        "stage_bytes": 10,
        "chunk_size": 256,
        "decode_ms": 0.0,
        "decode_gib_s": 0.0,
        "chunk_tokens": 256,
        "block_threads": 256,
        "staged_input_bytes": 433259384,
        "applicable": false,
        "reason": "staging 2592 B/warp is below this column's largest batch (3648 B + 15 shift)"
      },
      {
        "kernel": "onpair_ds_k8_t256_b2_s12",
        "role": "experimental",
        "stage_bytes": 12,
        "chunk_size": 256,
        "decode_ms": 0.0,
        "decode_gib_s": 0.0,
        "chunk_tokens": 256,
        "block_threads": 256,
        "staged_input_bytes": 433259384,
        "applicable": false,
        "reason": "staging 3104 B/warp is below this column's largest batch (3648 B + 15 shift)"
      },
      {
        "kernel": "onpair_ds_k8_t256_b2_s14",
        "role": "experimental",
        "stage_bytes": 14,
        "chunk_size": 256,
        "decode_ms": 0.0,
        "decode_gib_s": 0.0,
        "chunk_tokens": 256,
        "block_threads": 256,
        "staged_input_bytes": 433259384,
        "applicable": false,
        "reason": "staging 3616 B/warp is below this column's largest batch (3648 B + 15 shift)"
      },
      {
        "kernel": "onpair_ds_k8_t256_b4_s10",
        "role": "experimental",
        "stage_bytes": 10,
        "chunk_size": 256,
        "decode_ms": 0.0,
        "decode_gib_s": 0.0,
        "chunk_tokens": 256,
        "block_threads": 256,
        "staged_input_bytes": 433259384,
        "applicable": false,
        "reason": "staging 2592 B/warp is below this column's largest batch (3648 B + 15 shift)"
      },
      {
        "kernel": "onpair_ds_k8_t256_b4_s12",
        "role": "experimental",
        "stage_bytes": 12,
        "chunk_size": 256,
        "decode_ms": 0.0,
        "decode_gib_s": 0.0,
        "chunk_tokens": 256,
        "block_threads": 256,
        "staged_input_bytes": 433259384,
        "applicable": false,
        "reason": "staging 3104 B/warp is below this column's largest batch (3648 B + 15 shift)"
      },
      {
        "kernel": "onpair_ds_k8_t256_b4_s14",
        "role": "experimental",
        "stage_bytes": 14,
        "chunk_size": 256,
        "decode_ms": 0.0,
        "decode_gib_s": 0.0,
        "chunk_tokens": 256,
        "block_threads": 256,
        "staged_input_bytes": 433259384,
        "applicable": false,
        "reason": "staging 3616 B/warp is below this column's largest batch (3648 B + 15 shift)"
      },
      {
        "kernel": "onpair_ds_k8_t256_b8_s10",
        "role": "experimental",
        "stage_bytes": 10,
        "chunk_size": 256,
        "decode_ms": 0.0,
        "decode_gib_s": 0.0,
        "chunk_tokens": 256,
        "block_threads": 256,
        "staged_input_bytes": 433259384,
        "applicable": false,
        "reason": "staging 2592 B/warp is below this column's largest batch (3648 B + 15 shift)"
      },
      {
        "kernel": "onpair_ds_k8_t256_b8_s12",
        "role": "experimental",
        "stage_bytes": 12,
        "chunk_size": 256,
        "decode_ms": 0.0,
        "decode_gib_s": 0.0,
        "chunk_tokens": 256,
        "block_threads": 256,
        "staged_input_bytes": 433259384,
        "applicable": false,
        "reason": "staging 3104 B/warp is below this column's largest batch (3648 B + 15 shift)"
      },
      {
        "kernel": "onpair_ds_k8_t256_b8_s14",
        "role": "experimental",
        "stage_bytes": 14,
        "chunk_size": 256,
        "decode_ms": 0.0,
        "decode_gib_s": 0.0,
        "chunk_tokens": 256,
        "block_threads": 256,
        "staged_input_bytes": 433259384,
        "applicable": false,
        "reason": "staging 3616 B/warp is below this column's largest batch (3648 B + 15 shift)"
      }
    ]
  }
}
==PROF== Disconnected from process 27233
==PROF== Report: /home/ubuntu/work/ncu_costsurface_clickbench_URL_b12.ncu-rep
