==PROF== Connected to process 28252 (/home/ubuntu/work/target/release/onpair-chunk-bench)
2026-08-24T05:29:22.311953Z  INFO vortex_cuda: vortex-cuda/src/lib.rs:111: Registering CUDA kernels
==PROF== Profiling "onpair_decompress_6tpt": 0%....50%....100% - 41 passes
==PROF== Profiling "onpair_decompress_6tpt": 0%....50%....100% - 40 passes
==PROF== Profiling "onpair_decompress_6tpt": 0%....50%....100% - 40 passes
==PROF== Profiling "onpair_decompress_6tpt": 0%....50%....100% - 40 passes
==PROF== Profiling "onpair_decompress_6tpt": 0%....50%....100% - 40 passes
==PROF== Profiling "onpair_decompress_6tpt": 0%....50%....100% - 40 passes
==PROF== Profiling "onpair_decompress_6tpt": 0%....50%....100% - 40 passes
==PROF== Profiling "onpair_decompress_6tpt": 0%....50%....100% - 40 passes
==PROF== Profiling "onpair_decompress_6tpt": 0%....50%....100% - 40 passes
==PROF== Profiling "onpair_decompress_6tpt": 0%....50%....100% - 40 passes
==PROF== Profiling "onpair_decompress_6tpt": 0%....50%....100% - 40 passes
==PROF== Profiling "onpair_decompress_6tpt": 0%....50%....100% - 40 passes
==PROF== Profiling "onpair_decompress_6tpt": 0%....50%....100% - 40 passes
==PROF== Profiling "onpair_decompress_6tpt": 0%....50%....100% - 40 passes
==PROF== Profiling "onpair_decompress_6tpt": 0%....50%....100% - 40 passes
==PROF== Profiling "onpair_decompress_6tpt": 0%....50%....100% - 40 passes
{
  "files": [
    "/home/ubuntu/work/vortex-bench/data/onpair-bench/clickbench/URL/bits16_chunk1000mb_thr0.20_seed20260819/part_0000.vortex"
  ],
  "column": "URL",
  "rows": 12254692,
  "in_memory_bytes": 258577261,
  "dict_bytes": 488066,
  "gpu": {
    "iterations": 30,
    "decoded_bytes": 999999995,
    "chunks": 1,
    "total_tokens": 116713512,
    "auto_kernel": "onpair_decompress_6tpt",
    "frac_le8": 0.50503004,
    "dict_mean_len": 8.567988,
    "dict_max_len": 16,
    "dict_entries_max": 65536,
    "small_dict": false,
    "distinct_codes": 64428,
    "access_top4096_frac": 0.54048973,
    "compressed_bytes": 233980642,
    "h2d_gib_s": 23.930177485340376,
    "whole_decompress_gib_s": 84.61823938453865,
    "best_kernel": "onpair_shmem_4tpt_b128",
    "auto_decode_ms": 1.900032,
    "best_decode_ms": 1.305024,
    "validated": false,
    "auto_decode_gib_s": 490.16151831067356,
    "best_decode_gib_s": 713.6440172432582,
    "kernels": [
      {
        "kernel": "onpair_shmem_2tpt",
        "role": "production",
        "stage_bytes": null,
        "chunk_size": 64,
        "decode_ms": 1.43392,
        "decode_gib_s": 649.4940930866894,
        "decode_ns_iters": [
          1442464,
          1439136,
          1438496,
          1440416,
          1438304,
          1438464,
          1439744,
          1437760,
          1439168,
          1437056,
          1442880,
          1437632,
          1440064,
          1437120,
          1437184,
          1440032,
          1439264,
          1439392,
          1435456,
          1436256,
          1440032,
          1438528,
          1433920,
          1437248,
          1438304,
          1439584,
          1437184,
          1436992,
          1437152,
          1436576
        ],
        "chunk_tokens": 64,
        "block_threads": 512,
        "staged_input_bytes": 249130352,
        "applicable": true
      },
      {
        "kernel": "onpair_shmem_4tpt",
        "role": "production",
        "stage_bytes": null,
        "chunk_size": 128,
        "decode_ms": 1.375232,
        "decode_gib_s": 677.2112414188047,
        "decode_ns_iters": [
          1388352,
          1378144,
          1377504,
          1376320,
          1376480,
          1379200,
          1377184,
          1378944,
          1377344,
          1376928,
          1376448,
          1376160,
          1379136,
          1376576,
          1377696,
          1375904,
          1378368,
          1382432,
          1378368,
          1376032,
          1378432,
          1377568,
          1376640,
          1375232,
          1376032,
          1378112,
          1375616,
          1378624,
          1378816,
          1375808
        ],
        "chunk_tokens": 128,
        "block_threads": 512,
        "staged_input_bytes": 241835760,
        "applicable": true
      },
      {
        "kernel": "onpair_shmem_4tpt_b128",
        "role": "production",
        "stage_bytes": null,
        "chunk_size": 128,
        "decode_ms": 1.305024,
        "decode_gib_s": 713.6440172432582,
        "decode_ns_iters": [
          1399744,
          1397440,
          1396960,
          1398272,
          1397504,
          1396768,
          1398400,
          1397888,
          1398176,
          1399520,
          1400352,
          1408384,
          1399616,
          1398528,
          1398560,
          1397184,
          1398976,
          1397728,
          1399104,
          1398432,
          1399136,
          1389888,
          1388800,
          1387520,
          1318016,
          1306048,
          1305024,
          1305472,
          1305184,
          1306400
        ],
        "chunk_tokens": 128,
        "block_threads": 128,
        "staged_input_bytes": 241835760,
        "applicable": true
      },
      {
        "kernel": "onpair_shmem_4tpt_b128o12",
        "role": "production",
        "stage_bytes": null,
        "chunk_size": 128,
        "decode_ms": 1.319552,
        "decode_gib_s": 705.7869412943678,
        "decode_ns_iters": [
          1322304,
          1322848,
          1321152,
          1321664,
          1320128,
          1321664,
          1321472,
          1320288,
          1321888,
          1320096,
          1321472,
          1321280,
          1321376,
          1322208,
          1320864,
          1319968,
          1319936,
          1321984,
          1321376,
          1320544,
          1320608,
          1321088,
          1322720,
          1326976,
          1321568,
          1321568,
          1322272,
          1319552,
          1320384,
          1320160
        ],
        "chunk_tokens": 128,
        "block_threads": 128,
        "staged_input_bytes": 241835760,
        "applicable": true
      },
      {
        "kernel": "onpair_decompress_1tpt",
        "role": "production",
        "stage_bytes": null,
        "chunk_size": 32,
        "decode_ms": 1.527296,
        "decode_gib_s": 609.785247888337,
        "decode_ns_iters": [
          1532704,
          1532224,
          1532160,
          1530752,
          1532032,
          1533344,
          1534528,
          1533792,
          1533248,
          1532768,
          1535104,
          1529280,
          1534880,
          1532640,
          1533856,
          1533248,
          1535392,
          1531488,
          1527296,
          1531456,
          1544224,
          1533568,
          1532960,
          1532000,
          1530720,
          1541312,
          1528992,
          1535616,
          1531136,
          1533216
        ],
        "chunk_tokens": 32,
        "block_threads": 256,
        "staged_input_bytes": 263686792,
        "comparison": "tpt-matched",
        "abi_family": "packed",
        "launch_bounds_max_threads": 256,
        "launch_bounds_min_blocks": 4,
        "applicable": true
      },
      {
        "kernel": "onpair_decompress_2tpt",
        "role": "production",
        "stage_bytes": null,
        "chunk_size": 64,
        "decode_ms": 1.775072,
        "decode_gib_s": 524.6674895209128,
        "decode_ns_iters": [
          1781088,
          1777632,
          1776928,
          1778368,
          1779712,
          1778080,
          1778240,
          1779680,
          1775968,
          1779840,
          1779520,
          1776608,
          1783840,
          1778112,
          1778176,
          1776128,
          1778848,
          1777952,
          1777312,
          1777856,
          1777056,
          1776928,
          1776672,
          1775072,
          1776736,
          1778080,
          1778432,
          1776960,
          1778784,
          1777248
        ],
        "chunk_tokens": 64,
        "block_threads": 256,
        "staged_input_bytes": 249097600,
        "comparison": "tpt-matched",
        "abi_family": "packed",
        "launch_bounds_max_threads": 256,
        "launch_bounds_min_blocks": 4,
        "applicable": true
      },
      {
        "kernel": "onpair_decompress_3tpt",
        "role": "production",
        "stage_bytes": null,
        "chunk_size": 96,
        "decode_ms": 1.776064,
        "decode_gib_s": 524.3744425644941,
        "decode_ns_iters": [
          1778272,
          1778592,
          1776640,
          1776608,
          1776064,
          1778560,
          1777984,
          1777024,
          1799744,
          1788128,
          1790336,
          1787648,
          1787936,
          1788224,
          1787136,
          1786912,
          1790336,
          1789472,
          1787456,
          1788864,
          1789856,
          1788992,
          1788032,
          1787136,
          1787072,
          1787552,
          1788832,
          1787072,
          1789760,
          1789280
        ],
        "chunk_tokens": 96,
        "block_threads": 256,
        "staged_input_bytes": 244234536,
        "comparison": "tpt-matched",
        "abi_family": "packed",
        "launch_bounds_max_threads": 256,
        "launch_bounds_min_blocks": 4,
        "applicable": true
      },
      {
        "kernel": "onpair_decompress",
        "role": "production",
        "stage_bytes": null,
        "chunk_size": 128,
        "decode_ms": 1.7816,
        "decode_gib_s": 522.7450437577827,
        "decode_ns_iters": [
          1783168,
          1784704,
          1784320,
          1785216,
          1782752,
          1783040,
          1783424,
          1781952,
          1783936,
          1782432,
          1782976,
          1783616,
          1781984,
          1783456,
          1782208,
          1783744,
          1781824,
          1783872,
          1788192,
          1781792,
          1781856,
          1782144,
          1782304,
          1782752,
          1784000,
          1782080,
          1788768,
          1781984,
          1781600,
          1782432
        ],
        "chunk_tokens": 128,
        "block_threads": 256,
        "staged_input_bytes": 241803008,
        "comparison": "tpt-matched",
        "abi_family": "packed",
        "launch_bounds_max_threads": 256,
        "launch_bounds_min_blocks": 4,
        "applicable": true
      },
      {
        "kernel": "onpair_decompress_5tpt",
        "role": "production",
        "stage_bytes": null,
        "chunk_size": 160,
        "decode_ms": 1.71568,
        "decode_gib_s": 542.8299974114436,
        "decode_ns_iters": [
          1717344,
          1717600,
          1719328,
          1719744,
          1718816,
          1716896,
          1717696,
          1716128,
          1720544,
          1718400,
          1716576,
          1718304,
          1716192,
          1716096,
          1716224,
          1716160,
          1717024,
          1715680,
          1717472,
          1716736,
          1716704,
          1716992,
          1717184,
          1716832,
          1716896,
          1718016,
          1716928,
          1719360,
          1719680,
          1717984
        ],
        "chunk_tokens": 160,
        "block_threads": 256,
        "staged_input_bytes": 240344088,
        "comparison": "tpt-matched",
        "abi_family": "packed",
        "launch_bounds_max_threads": 256,
        "launch_bounds_min_blocks": 4,
        "applicable": true
      },
      {
        "kernel": "onpair_decompress_6tpt",
        "role": "production",
        "stage_bytes": null,
        "chunk_size": 192,
        "decode_ms": 1.900032,
        "decode_gib_s": 490.16151831067356,
        "decode_ns_iters": [
          2242702484,
          2244837761,
          2236067772,
          2241882563,
          2243673801,
          2245366812,
          2242017269,
          2245210409,
          2247355223,
          2240566492,
          2245858192,
          2246865511,
          2242364883,
          2255194187,
          1965216,
          1901728,
          1900032,
          1904096,
          1903616,
          1904032,
          1902560,
          1900576,
          1903712,
          1902272,
          1904064,
          1904544,
          1904768,
          1904096,
          1910304,
          1910880
        ],
        "chunk_tokens": 192,
        "block_threads": 256,
        "staged_input_bytes": 239371472,
        "comparison": "tpt-matched",
        "abi_family": "packed",
        "launch_bounds_max_threads": 256,
        "launch_bounds_min_blocks": 4,
        "applicable": true
      },
      {
        "kernel": "onpair_decompress_7tpt",
        "role": "production",
        "stage_bytes": null,
        "chunk_size": 224,
        "decode_ms": 1.807264,
        "decode_gib_s": 515.3218179296803,
        "decode_ns_iters": [
          1833504,
          1842848,
          1826688,
          1841184,
          1841152,
          1850528,
          1840608,
          1837408,
          1838656,
          1841056,
          1834240,
          1841472,
          1837920,
          1831392,
          1831872,
          1839200,
          1834272,
          1841344,
          1844320,
          1845888,
          1834240,
          1813184,
          1807264,
          1811744,
          1809888,
          1810144,
          1809536,
          1811840,
          1809408,
          1812160
        ],
        "chunk_tokens": 224,
        "block_threads": 256,
        "staged_input_bytes": 238676752,
        "comparison": "tpt-matched",
        "abi_family": "packed",
        "launch_bounds_max_threads": 256,
        "launch_bounds_min_blocks": 4,
        "applicable": true
      },
      {
        "kernel": "onpair_decompress_8tpt",
        "role": "production",
        "stage_bytes": null,
        "chunk_size": 256,
        "decode_ms": 2.01008,
        "decode_gib_s": 463.32612132794,
        "decode_ns_iters": [
          2017184,
          2016736,
          2024480,
          2036320,
          2015872,
          2023456,
          2022272,
          2016864,
          2022624,
          2015968,
          2022752,
          2012960,
          2029952,
          2023520,
          2029088,
          2028256,
          2019168,
          2024384,
          2023936,
          2010080,
          2019360,
          2020608,
          2018976,
          2016960,
          2019168,
          2019616,
          2016448,
          2014016,
          2014368,
          2016224
        ],
        "chunk_tokens": 256,
        "block_threads": 256,
        "staged_input_bytes": 238155712,
        "comparison": "tpt-matched",
        "abi_family": "packed",
        "launch_bounds_max_threads": 256,
        "launch_bounds_min_blocks": 4,
        "applicable": true
      },
      {
        "kernel": "onpair_shmem_4tpt_split8read",
        "role": "production",
        "stage_bytes": null,
        "chunk_size": 128,
        "decode_ms": 1.528128,
        "decode_gib_s": 609.453246036239,
        "decode_ns_iters": [
          1530624,
          1529856,
          1530112,
          1531104,
          1531552,
          1531072,
          1532992,
          1531136,
          1530752,
          1530400,
          1529120,
          1529952,
          1529696,
          1531840,
          1529344,
          1530368,
          1529472,
          1535840,
          1530144,
          1530720,
          1529792,
          1529504,
          1529984,
          1530752,
          1529376,
          1530400,
          1528128,
          1529536,
          1528224,
          1530688
        ],
        "chunk_tokens": 128,
        "block_threads": 512,
        "staged_input_bytes": 242360064,
        "applicable": true
      },
      {
        "kernel": "onpair_shmem_8tpt",
        "role": "production",
        "stage_bytes": null,
        "chunk_size": 256,
        "decode_ms": 1.451328,
        "decode_gib_s": 641.7037154653294,
        "decode_ns_iters": [
          1453632,
          1451936,
          1451968,
          1453344,
          1451328,
          1452864,
          1451552,
          1453664,
          1453120,
          1452448,
          1452288,
          1451712,
          1452736,
          1452960,
          1455200,
          1454560,
          1454080,
          1452512,
          1455616,
          1453600,
          1454304,
          1453792,
          1452160,
          1453184,
          1453952,
          1457856,
          1451456,
          1454752,
          1451616,
          1452576
        ],
        "chunk_tokens": 256,
        "block_threads": 256,
        "staged_input_bytes": 238188464,
        "applicable": true
      },
      {
        "kernel": "onpair_shmem_8tpt_b128",
        "role": "production",
        "stage_bytes": null,
        "chunk_size": 256,
        "decode_ms": 1.441056,
        "decode_gib_s": 646.2778476054128,
        "decode_ns_iters": [
          1452320,
          1453248,
          1451648,
          1452832,
          1452672,
          1454304,
          1454208,
          1453088,
          1453312,
          1453824,
          1453984,
          1455040,
          1454496,
          1454432,
          1453632,
          1450880,
          1455424,
          1452256,
          1454784,
          1452960,
          1454624,
          1445728,
          1444000,
          1441056,
          1443360,
          1442464,
          1441632,
          1443168,
          1443712,
          1441344
        ],
        "chunk_tokens": 256,
        "block_threads": 128,
        "staged_input_bytes": 238188464,
        "applicable": true
      },
      {
        "kernel": "onpair_shmem_s8_4tpt",
        "role": "production",
        "stage_bytes": null,
        "chunk_size": 128,
        "decode_ms": 0.0,
        "decode_gib_s": 0.0,
        "chunk_tokens": 128,
        "block_threads": 512,
        "staged_input_bytes": 241311472,
        "applicable": false,
        "reason": "dictionary entry longer than 8 bytes"
      },
      {
        "kernel": "onpair_shmem_s4l1_16tpt",
        "role": "production",
        "stage_bytes": null,
        "chunk_size": 512,
        "decode_ms": 0.0,
        "decode_gib_s": 0.0,
        "chunk_tokens": 512,
        "block_threads": 256,
        "staged_input_bytes": 235578384,
        "applicable": false,
        "reason": "dictionary entry longer than 4 bytes"
      },
      {
        "kernel": "onpair_shmem_const1",
        "role": "production",
        "stage_bytes": null,
        "chunk_size": 512,
        "decode_ms": 0.0,
        "decode_gib_s": 0.0,
        "chunk_tokens": 512,
        "block_threads": 512,
        "staged_input_bytes": 233492560,
        "applicable": false,
        "reason": "not every dictionary entry is exactly 1 byte"
      },
      {
        "kernel": "onpair_shmem_const2",
        "role": "production",
        "stage_bytes": null,
        "chunk_size": 256,
        "decode_ms": 0.0,
        "decode_gib_s": 0.0,
        "chunk_tokens": 256,
        "block_threads": 512,
        "staged_input_bytes": 233558096,
        "applicable": false,
        "reason": "not every dictionary entry is exactly 2 bytes"
      },
      {
        "kernel": "onpair_dg_k1_t64_b1",
        "role": "experimental",
        "stage_bytes": null,
        "chunk_size": 32,
        "decode_ms": 1.682432,
        "decode_gib_s": 553.5573324561502,
        "decode_ns_iters": [
          1814944,
          1808576,
          1809344,
          1808512,
          1807136,
          1807872,
          1806944,
          1807008,
          1805536,
          1802208,
          1795168,
          1797344,
          1688192,
          1684640,
          1685920,
          1684544,
          1684960,
          1684896,
          1685408,
          1685120,
          1682432,
          1683872,
          1683968,
          1686624,
          1692544,
          1685248,
          1683712,
          1684320,
          1684736,
          1684736
        ],
        "chunk_tokens": 32,
        "block_threads": 64,
        "staged_input_bytes": 263686792,
        "applicable": true
      },
      {
        "kernel": "onpair_dg_k1_t64_b2",
        "role": "experimental",
        "stage_bytes": null,
        "chunk_size": 32,
        "decode_ms": 1.683648,
        "decode_gib_s": 553.1575305282729,
        "decode_ns_iters": [
          1684448,
          1685344,
          1687200,
          1687232,
          1687840,
          1686624,
          1684064,
          1686336,
          1686464,
          1687136,
          1685024,
          1686624,
          1686272,
          1684768,
          1687520,
          1691296,
          1686784,
          1686720,
          1687904,
          1685664,
          1685280,
          1685312,
          1685280,
          1683648,
          1684864,
          1686336,
          1686816,
          1686240,
          1685024,
          1686272
        ],
        "chunk_tokens": 32,
        "block_threads": 64,
        "staged_input_bytes": 263686792,
        "applicable": true
      },
      {
        "kernel": "onpair_dg_k1_t64_b4",
        "role": "experimental",
        "stage_bytes": null,
        "chunk_size": 32,
        "decode_ms": 1.683968,
        "decode_gib_s": 553.0524154609029,
        "decode_ns_iters": [
          1686208,
          1688704,
          1686208,
          1685440,
          1684896,
          1685984,
          1685664,
          1687200,
          1684928,
          1684544,
          1684192,
          1685440,
          1684704,
          1683968,
          1685248,
          1694240,
          1685920,
          1684352,
          1684000,
          1685824,
          1683968,
          1687040,
          1686304,
          1685408,
          1685312,
          1687200,
          1686848,
          1686688,
          1686208,
          1684768
        ],
        "chunk_tokens": 32,
        "block_threads": 64,
        "staged_input_bytes": 263686792,
        "applicable": true
      },
      {
        "kernel": "onpair_dg_k1_t64_b6",
        "role": "experimental",
        "stage_bytes": null,
        "chunk_size": 32,
        "decode_ms": 1.682496,
        "decode_gib_s": 553.5362758418836,
        "decode_ns_iters": [
          1687840,
          1685856,
          1685280,
          1684672,
          1684704,
          1685664,
          1684928,
          1682496,
          1684672,
          1685984,
          1685568,
          1686464,
          1685504,
          1684512,
          1684736,
          1692768,
          1685632,
          1684992,
          1685856,
          1685504,
          1684704,
          1684640,
          1685856,
          1683776,
          1684352,
          1685792,
          1684320,
          1685728,
          1686848,
          1684512
        ],
        "chunk_tokens": 32,
        "block_threads": 64,
        "staged_input_bytes": 263686792,
        "applicable": true
      },
      {
        "kernel": "onpair_dg_k1_t64_b8",
        "role": "experimental",
        "stage_bytes": null,
        "chunk_size": 32,
        "decode_ms": 1.682976,
        "decode_gib_s": 553.3784022819491,
        "decode_ns_iters": [
          1685792,
          1688384,
          1687648,
          1685440,
          1687040,
          1684832,
          1684736,
          1686368,
          1686592,
          1682976,
          1685856,
          1685792,
          1684256,
          1686016,
          1685856,
          1694304,
          1685024,
          1686528,
          1686496,
          1686208,
          1686304,
          1686048,
          1686400,
          1685024,
          1691488,
          1685312,
          1684480,
          1685920,
          1686688,
          1686752
        ],
        "chunk_tokens": 32,
        "block_threads": 64,
        "staged_input_bytes": 263686792,
        "applicable": true
      },
      {
        "kernel": "onpair_dg_k1_t128_b1",
        "role": "experimental",
        "stage_bytes": null,
        "chunk_size": 32,
        "decode_ms": 1.951744,
        "decode_gib_s": 477.174552584184,
        "decode_ns_iters": [
          1953312,
          1960096,
          1952064,
          1953856,
          1952384,
          1951968,
          1952192,
          1956224,
          1954240,
          1952672,
          1953248,
          1956000,
          1952032,
          1953376,
          1952256,
          1953216,
          1954560,
          1953088,
          1955392,
          1954912,
          1951744,
          1952576,
          1951744,
          1952448,
          1952768,
          1959136,
          1953280,
          1952736,
          1952096,
          1952128
        ],
        "chunk_tokens": 32,
        "block_threads": 128,
        "staged_input_bytes": 263686792,
        "applicable": true
      },
      {
        "kernel": "onpair_dg_k1_t128_b2",
        "role": "experimental",
        "stage_bytes": null,
        "chunk_size": 32,
        "decode_ms": 1.950976,
        "decode_gib_s": 477.36239193043156,
        "decode_ns_iters": [
          1952960,
          1954496,
          1953152,
          1953920,
          1954464,
          1951872,
          1953536,
          1952192,
          1950976,
          1951552,
          1952832,
          1959776,
          1953216,
          1953824,
          1952736,
          1953856,
          1955360,
          1952896,
          1953056,
          1951680,
          1953504,
          1953664,
          1952000,
          1952256,
          1954432,
          1952416,
          1953536,
          1951936,
          1952160,
          1953312
        ],
        "chunk_tokens": 32,
        "block_threads": 128,
        "staged_input_bytes": 263686792,
        "applicable": true
      },
      {
        "kernel": "onpair_dg_k1_t128_b4",
        "role": "experimental",
        "stage_bytes": null,
        "chunk_size": 32,
        "decode_ms": 1.950176,
        "decode_gib_s": 477.55821523742765,
        "decode_ns_iters": [
          1951584,
          1951680,
          1951392,
          1952224,
          1951872,
          1950176,
          1952448,
          1953760,
          1953376,
          1953152,
          1951840,
          1953376,
          1953376,
          1952640,
          1950816,
          1953024,
          1953600,
          1952256,
          1952576,
          1951904,
          1951200,
          1953376,
          1960544,
          1952736,
          1955360,
          1954944,
          1952320,
          1951840,
          1953760,
          1952000
        ],
        "chunk_tokens": 32,
        "block_threads": 128,
        "staged_input_bytes": 263686792,
        "applicable": true
      },
      {
        "kernel": "onpair_dg_k1_t128_b6",
        "role": "experimental",
        "stage_bytes": null,
        "chunk_size": 32,
        "decode_ms": 1.940608,
        "decode_gib_s": 479.91277473805405,
        "decode_ns_iters": [
          1953888,
          1953504,
          1952480,
          1952896,
          1953504,
          1956288,
          1952736,
          1951424,
          1963008,
          1945856,
          1944384,
          1941728,
          1941536,
          1942368,
          1941888,
          1942464,
          1948960,
          1942752,
          1941504,
          1940928,
          1940608,
          1943616,
          1942272,
          1943648,
          1941728,
          1942240,
          1943552,
          1941344,
          1941472,
          1941952
        ],
        "chunk_tokens": 32,
        "block_threads": 128,
        "staged_input_bytes": 263686792,
        "applicable": true
      },
      {
        "kernel": "onpair_dg_k1_t128_b8",
        "role": "experimental",
        "stage_bytes": null,
        "chunk_size": 32,
        "decode_ms": 1.939904,
        "decode_gib_s": 480.08693727053793,
        "decode_ns_iters": [
          1944512,
          1940384,
          1940416,
          1942400,
          1942144,
          1941600,
          1942304,
          1942080,
          1943328,
          1939904,
          1940896,
          1940960,
          1942848,
          1940928,
          1940512,
          1943680,
          1941568,
          1940736,
          1940960,
          1941312,
          1941792,
          1948192,
          1948160,
          1940640,
          1941824,
          1942400,
          1944352,
          1941888,
          1941664,
          1940640
        ],
        "chunk_tokens": 32,
        "block_threads": 128,
        "staged_input_bytes": 263686792,
        "applicable": true
      },
      {
        "kernel": "onpair_dg_k1_t256_b1",
        "role": "experimental",
        "stage_bytes": null,
        "chunk_size": 32,
        "decode_ms": 1.542336,
        "decode_gib_s": 603.8389624302783,
        "decode_ns_iters": [
          1546208,
          1543392,
          1546272,
          1545824,
          1544768,
          1547296,
          1547360,
          1542336,
          1545152,
          1550112,
          1549664,
          1546336,
          1546208,
          1548480,
          1545600,
          1546912,
          1546304,
          1550176,
          1549408,
          1546880,
          1549952,
          1548448,
          1546144,
          1546400,
          1545536,
          1546048,
          1545728,
          1544416,
          1547264,
          1544928
        ],
        "chunk_tokens": 32,
        "block_threads": 256,
        "staged_input_bytes": 263686792,
        "applicable": true
      },
      {
        "kernel": "onpair_dg_k1_t256_b2",
        "role": "experimental",
        "stage_bytes": null,
        "chunk_size": 32,
        "decode_ms": 1.544448,
        "decode_gib_s": 603.0132254105451,
        "decode_ns_iters": [
          1549952,
          1547520,
          1546208,
          1544448,
          1544832,
          1546720,
          1555072,
          1545312,
          1547616,
          1548096,
          1546080,
          1545600,
          1544576,
          1546272,
          1545472,
          1549440,
          1545056,
          1552352,
          1547552,
          1546688,
          1550176,
          1548544,
          1546176,
          1546592,
          1545952,
          1550656,
          1548288,
          1547072,
          1548384,
          1549568
        ],
        "chunk_tokens": 32,
        "block_threads": 256,
        "staged_input_bytes": 263686792,
        "applicable": true
      },
      {
        "kernel": "onpair_dg_k1_t256_b4",
        "role": "experimental",
        "stage_bytes": null,
        "chunk_size": 32,
        "decode_ms": 1.544608,
        "decode_gib_s": 602.9507615905561,
        "decode_ns_iters": [
          1546720,
          1552704,
          1547808,
          1547776,
          1552448,
          1547488,
          1547040,
          1545568,
          1546176,
          1547712,
          1548000,
          1550048,
          1549472,
          1548512,
          1546144,
          1546656,
          1544608,
          1547104,
          1548192,
          1546880,
          1551616,
          1546336,
          1545952,
          1545056,
          1546752,
          1550496,
          1545472,
          1546336,
          1548192,
          1551872
        ],
        "chunk_tokens": 32,
        "block_threads": 256,
        "staged_input_bytes": 263686792,
        "applicable": true
      },
      {
        "kernel": "onpair_dg_k1_t256_b6",
        "role": "experimental",
        "stage_bytes": null,
        "chunk_size": 32,
        "decode_ms": 1.874176,
        "decode_gib_s": 496.9237520696379,
        "decode_ns_iters": [
          1876544,
          1882400,
          1883008,
          1874400,
          1875040,
          1877952,
          1875680,
          1877760,
          1876096,
          1876736,
          1875744,
          1876384,
          1876192,
          1875872,
          1877248,
          1875872,
          1874176,
          1878048,
          1876192,
          1875328,
          1875168,
          1875936,
          1875168,
          1876704,
          1875424,
          1876288,
          1877312,
          1874880,
          1875648,
          1874528
        ],
        "chunk_tokens": 32,
        "block_threads": 256,
        "staged_input_bytes": 263686792,
        "applicable": true
      },
      {
        "kernel": "onpair_dg_k1_t256_b8",
        "role": "experimental",
        "stage_bytes": null,
        "chunk_size": 32,
        "decode_ms": 1.873216,
        "decode_gib_s": 497.17841933811457,
        "decode_ns_iters": [
          1876192,
          1875776,
          1877568,
          1876608,
          1876736,
          1882144,
          1884160,
          1873696,
          1877088,
          1874272,
          1877152,
          1877728,
          1877344,
          1876256,
          1876672,
          1877056,
          1875424,
          1875808,
          1874240,
          1875904,
          1877504,
          1877120,
          1874912,
          1876224,
          1877056,
          1877344,
          1876512,
          1875296,
          1874432,
          1873216
        ],
        "chunk_tokens": 32,
        "block_threads": 256,
        "staged_input_bytes": 263686792,
        "applicable": true
      },
      {
        "kernel": "onpair_dg_k2_t64_b1",
        "role": "experimental",
        "stage_bytes": null,
        "chunk_size": 64,
        "decode_ms": 2.056416,
        "decode_gib_s": 452.88626910064187,
        "decode_ns_iters": [
          2059424,
          2061696,
          2067872,
          2058048,
          2056416,
          2059424,
          2059072,
          2059104,
          2059296,
          2059072,
          2059552,
          2060064,
          2060640,
          2058720,
          2058240,
          2058688,
          2059104,
          2058368,
          2059680,
          2058848,
          2057824,
          2059872,
          2057536,
          2060032,
          2057888,
          2058880,
          2060000,
          2060512,
          2058560,
          2064512
        ],
        "chunk_tokens": 64,
        "block_threads": 64,
        "staged_input_bytes": 249097600,
        "applicable": true
      },
      {
        "kernel": "onpair_dg_k2_t64_b2",
        "role": "experimental",
        "stage_bytes": null,
        "chunk_size": 64,
        "decode_ms": 2.056992,
        "decode_gib_s": 452.759451645347,
        "decode_ns_iters": [
          2056992,
          2060864,
          2068896,
          2059968,
          2059008,
          2060512,
          2060128,
          2058880,
          2058528,
          2058944,
          2058208,
          2060928,
          2059616,
          2060704,
          2059424,
          2060480,
          2059936,
          2059840,
          2058560,
          2057760,
          2059552,
          2061440,
          2058528,
          2058912,
          2057568,
          2059200,
          2058848,
          2058368,
          2057312,
          2066592
        ],
        "chunk_tokens": 64,
        "block_threads": 64,
        "staged_input_bytes": 249097600,
        "applicable": true
      },
      {
        "kernel": "onpair_dg_k2_t64_b4",
        "role": "experimental",
        "stage_bytes": null,
        "chunk_size": 64,
        "decode_ms": 2.058176,
        "decode_gib_s": 452.4989942351216,
        "decode_ns_iters": [
          2059520,
          2059968,
          2072000,
          2061792,
          2060288,
          2059424,
          2059904,
          2059808,
          2060288,
          2060864,
          2058848,
          2058272,
          2060704,
          2060192,
          2059968,
          2058912,
          2058624,
          2060384,
          2058624,
          2060576,
          2058176,
          2060832,
          2059360,
          2059232,
          2060448,
          2059744,
          2058400,
          2059520,
          2058336,
          2067104
        ],
        "chunk_tokens": 64,
        "block_threads": 64,
        "staged_input_bytes": 249097600,
        "applicable": true
      },
      {
        "kernel": "onpair_dg_k2_t64_b6",
        "role": "experimental",
        "stage_bytes": null,
        "chunk_size": 64,
        "decode_ms": 2.056896,
        "decode_gib_s": 452.7805829555144,
        "decode_ns_iters": [
          2058784,
          2057728,
          2067296,
          2059616,
          2060224,
          2058848,
          2057792,
          2059712,
          2057600,
          2058176,
          2058720,
          2057760,
          2057504,
          2058816,
          2059776,
          2059296,
          2056896,
          2059584,
          2059104,
          2058880,
          2059936,
          2058208,
          2059360,
          2058624,
          2059296,
          2057952,
          2058464,
          2060000,
          2060224,
          2065184
        ],
        "chunk_tokens": 64,
        "block_threads": 64,
        "staged_input_bytes": 249097600,
        "applicable": true
      },
      {
        "kernel": "onpair_dg_k2_t64_b8",
        "role": "experimental",
        "stage_bytes": null,
        "chunk_size": 64,
        "decode_ms": 2.047168,
        "decode_gib_s": 454.9321648046792,
        "decode_ns_iters": [
          2058688,
          2060256,
          2066464,
          2058944,
          2057792,
          2059552,
          2058464,
          2060416,
          2059904,
          2060224,
          2059488,
          2057728,
          2059552,
          2060064,
          2059904,
          2050336,
          2052480,
          2047168,
          2059488,
          2058944,
          2057856,
          2059424,
          2059200,
          2067072,
          2059168,
          2058752,
          2057408,
          2058720,
          2058048,
          2059104
        ],
        "chunk_tokens": 64,
        "block_threads": 64,
        "staged_input_bytes": 249097600,
        "applicable": true
      },
      {
        "kernel": "onpair_dg_k2_t128_b1",
        "role": "experimental",
        "stage_bytes": null,
        "chunk_size": 64,
        "decode_ms": 1.936352,
        "decode_gib_s": 480.9675978122085,
        "decode_ns_iters": [
          1937696,
          1937888,
          1937696,
          1940352,
          1937728,
          1937440,
          1938880,
          1938592,
          1939584,
          1938048,
          1939072,
          1938592,
          1939296,
          1939616,
          1937504,
          1939392,
          1937760,
          1937920,
          1937600,
          1937376,
          1936544,
          1938144,
          1937248,
          1944736,
          1944352,
          1937984,
          1936672,
          1936800,
          1936352,
          1939680
        ],
        "chunk_tokens": 64,
        "block_threads": 128,
        "staged_input_bytes": 249097600,
        "applicable": true
      },
      {
        "kernel": "onpair_dg_k2_t128_b2",
        "role": "experimental",
        "stage_bytes": null,
        "chunk_size": 64,
        "decode_ms": 1.935104,
        "decode_gib_s": 481.27778659899707,
        "decode_ns_iters": [
          1939712,
          1937696,
          1935488,
          1935104,
          1936352,
          1937632,
          1938688,
          1940832,
          1938080,
          1937856,
          1937824,
          1936608,
          1937376,
          1937184,
          1937856,
          1937504,
          1938240,
          1936896,
          1938304,
          1936032,
          1944160,
          1935648,
          1935936,
          1937504,
          1937280,
          1936640,
          1937088,
          1936928,
          1937856,
          1938752
        ],
        "chunk_tokens": 64,
        "block_threads": 128,
        "staged_input_bytes": 249097600,
        "applicable": true
      },
      {
        "kernel": "onpair_dg_k2_t128_b4",
        "role": "experimental",
        "stage_bytes": null,
        "chunk_size": 64,
        "decode_ms": 1.935104,
        "decode_gib_s": 481.27778659899707,
        "decode_ns_iters": [
          1936576,
          1938048,
          1937536,
          1935776,
          1937312,
          1935520,
          1936256,
          1937248,
          1936800,
          1936256,
          1936352,
          1938208,
          1937088,
          1938304,
          1936384,
          1936864,
          1943712,
          1944384,
          1935104,
          1937120,
          1938080,
          1936320,
          1936672,
          1935488,
          1939200,
          1935936,
          1936128,
          1936896,
          1935904,
          1939392
        ],
        "chunk_tokens": 64,
        "block_threads": 128,
        "staged_input_bytes": 249097600,
        "applicable": true
      },
      {
        "kernel": "onpair_dg_k2_t128_b6",
        "role": "experimental",
        "stage_bytes": null,
        "chunk_size": 64,
        "decode_ms": 1.935648,
        "decode_gib_s": 481.14252692579726,
        "decode_ns_iters": [
          1938272,
          1937312,
          1939264,
          1938240,
          1937184,
          1937888,
          1938528,
          1938016,
          1935648,
          1937632,
          1938368,
          1936832,
          1944544,
          1944672,
          1937888,
          1936224,
          1935872,
          1940192,
          1938592,
          1936480,
          1937696,
          1937984,
          1936352,
          1938592,
          1938112,
          1938720,
          1937728,
          1937600,
          1937760,
          1938528
        ],
        "chunk_tokens": 64,
        "block_threads": 128,
        "staged_input_bytes": 249097600,
        "applicable": true
      },
      {
        "kernel": "onpair_dg_k2_t128_b8",
        "role": "experimental",
        "stage_bytes": null,
        "chunk_size": 64,
        "decode_ms": 1.928224,
        "decode_gib_s": 482.99500989452764,
        "decode_ns_iters": [
          1939680,
          1928224,
          1936672,
          1937088,
          1938336,
          1937632,
          1937504,
          1936480,
          1935520,
          1944512,
          1944928,
          1939872,
          1937600,
          1937248,
          1936416,
          1937088,
          1938048,
          1937056,
          1936416,
          1938112,
          1937984,
          1938528,
          1937664,
          1939104,
          1939264,
          1937952,
          1937472,
          1938368,
          1936320,
          1938080
        ],
        "chunk_tokens": 64,
        "block_threads": 128,
        "staged_input_bytes": 249097600,
        "applicable": true
      },
      {
        "kernel": "onpair_dg_k2_t256_b1",
        "role": "experimental",
        "stage_bytes": null,
        "chunk_size": 64,
        "decode_ms": 1.789152,
        "decode_gib_s": 520.538540022796,
        "decode_ns_iters": [
          1794080,
          1793088,
          1791904,
          1793216,
          1795008,
          1792960,
          1789152,
          1793984,
          1790688,
          1790816,
          1795648,
          1792640,
          1793600,
          1798368,
          1791744,
          1792320,
          1790144,
          1793152,
          1792288,
          1794240,
          1792352,
          1792000,
          1792096,
          1791872,
          1793056,
          1792128,
          1792288,
          1792096,
          1792768,
          1789792
        ],
        "chunk_tokens": 64,
        "block_threads": 256,
        "staged_input_bytes": 249097600,
        "applicable": true
      },
      {
        "kernel": "onpair_dg_k2_t256_b2",
        "role": "experimental",
        "stage_bytes": null,
        "chunk_size": 64,
        "decode_ms": 1.790304,
        "decode_gib_s": 520.2035910989786,
        "decode_ns_iters": [
          1794272,
          1793824,
          1793184,
          1791168,
          1792928,
          1794912,
          1792064,
          1792256,
          1790464,
          1793888,
          1793952,
          1793888,
          1793600,
          1794208,
          1791904,
          1792000,
          1791232,
          1791904,
          1791328,
          1793568,
          1793856,
          1793472,
          1793824,
          1792128,
          1792800,
          1797536,
          1792768,
          1790304,
          1794112,
          1790784
        ],
        "chunk_tokens": 64,
        "block_threads": 256,
        "staged_input_bytes": 249097600,
        "applicable": true
      },
      {
        "kernel": "onpair_dg_k2_t256_b4",
        "role": "experimental",
        "stage_bytes": null,
        "chunk_size": 64,
        "decode_ms": 1.789024,
        "decode_gib_s": 520.5757831973555,
        "decode_ns_iters": [
          1794720,
          1794016,
          1790240,
          1792384,
          1801440,
          1791648,
          1791520,
          1793728,
          1794208,
          1794752,
          1793504,
          1790784,
          1791008,
          1793600,
          1793856,
          1793856,
          1793600,
          1791744,
          1789024,
          1791648,
          1793056,
          1791488,
          1793088,
          1792896,
          1792768,
          1791136,
          1794880,
          1793216,
          1791168,
          1800320
        ],
        "chunk_tokens": 64,
        "block_threads": 256,
        "staged_input_bytes": 249097600,
        "applicable": true
      },
      {
        "kernel": "onpair_dg_k2_t256_b6",
        "role": "experimental",
        "stage_bytes": null,
        "chunk_size": 64,
        "decode_ms": 1.929824,
        "decode_gib_s": 482.59456300619416,
        "decode_ns_iters": [
          1933600,
          1933280,
          1931008,
          1930784,
          1929824,
          1932864,
          1931648,
          1931488,
          1931232,
          1930944,
          1930080,
          1930240,
          1929888,
          1930688,
          1930048,
          1930752,
          1934688,
          1932768,
          1931904,
          1931296,
          1933312,
          1933952,
          1931168,
          1931904,
          1930496,
          1931584,
          1933056,
          1931008,
          1930880,
          1932256
        ],
        "chunk_tokens": 64,
        "block_threads": 256,
        "staged_input_bytes": 249097600,
        "applicable": true
      },
      {
        "kernel": "onpair_dg_k2_t256_b8",
        "role": "experimental",
        "stage_bytes": null,
        "chunk_size": 64,
        "decode_ms": 1.929696,
        "decode_gib_s": 482.6265743199269,
        "decode_ns_iters": [
          1931808,
          1930784,
          1930560,
          1931520,
          1931168,
          1931328,
          1930400,
          1931552,
          1931648,
          1932640,
          1931424,
          1930240,
          1931488,
          1931456,
          1930656,
          1933408,
          1933248,
          1929696,
          1931008,
          1931680,
          1931072,
          1931264,
          1931072,
          1931040,
          1931616,
          1932000,
          1931520,
          1932160,
          1933408,
          1930400
        ],
        "chunk_tokens": 64,
        "block_threads": 256,
        "staged_input_bytes": 249097600,
        "applicable": true
      },
      {
        "kernel": "onpair_dg_k3_t64_b1",
        "role": "experimental",
        "stage_bytes": null,
        "chunk_size": 96,
        "decode_ms": 1.981184,
        "decode_gib_s": 470.0838336867578,
        "decode_ns_iters": [
          1982944,
          1983264,
          1983520,
          1981184,
          1981920,
          1982400,
          1981536,
          1982528,
          1983456,
          1982784,
          1983616,
          1981312,
          1984224,
          1983360,
          1981504,
          1983936,
          1982464,
          1984224,
          1982016,
          1982304,
          1982272,
          1982112,
          1981184,
          1982176,
          1982112,
          1982240,
          1982592,
          1981504,
          1982048,
          1982496
        ],
        "chunk_tokens": 96,
        "block_threads": 64,
        "staged_input_bytes": 244234536,
        "applicable": true
      },
      {
        "kernel": "onpair_dg_k3_t64_b2",
        "role": "experimental",
        "stage_bytes": null,
        "chunk_size": 96,
        "decode_ms": 1.97952,
        "decode_gib_s": 470.4789898353468,
        "decode_ns_iters": [
          1982464,
          1983392,
          1983168,
          1981728,
          1983328,
          1983808,
          1979520,
          1982976,
          1981792,
          1982080,
          1982816,
          1981632,
          1981856,
          1981952,
          1982176,
          1981088,
          1980736,
          1983456,
          1984640,
          1981664,
          1983680,
          1983648,
          1982464,
          1983840,
          1982880,
          1984064,
          1983552,
          1983904,
          1983328,
          1980896
        ],
        "chunk_tokens": 96,
        "block_threads": 64,
        "staged_input_bytes": 244234536,
        "applicable": true
      },
      {
        "kernel": "onpair_dg_k3_t64_b4",
        "role": "experimental",
        "stage_bytes": null,
        "chunk_size": 96,
        "decode_ms": 1.981056,
        "decode_gib_s": 470.1142067457283,
        "decode_ns_iters": [
          1983872,
          1981600,
          1981472,
          1983296,
          1982976,
          1982304,
          1982880,
          1981760,
          1981056,
          1983936,
          1992384,
          1982208,
          1984064,
          1981632,
          1982976,
          1983744,
          1982784,
          1982176,
          1981888,
          1983424,
          1983808,
          1982176,
          1981632,
          1983520,
          1989984,
          1982144,
          1984416,
          1983200,
          1982784,
          1981600
        ],
        "chunk_tokens": 96,
        "block_threads": 64,
        "staged_input_bytes": 244234536,
        "applicable": true
      },
      {
        "kernel": "onpair_dg_k3_t64_b6",
        "role": "experimental",
        "stage_bytes": null,
        "chunk_size": 96,
        "decode_ms": 1.979968,
        "decode_gib_s": 470.3725363030441,
        "decode_ns_iters": [
          1981568,
          1983872,
          1991648,
          1985088,
          1983584,
          1982912,
          1982240,
          1983520,
          1982016,
          1982624,
          1982528,
          1982688,
          1982528,
          1983168,
          1979968,
          1983200,
          1989824,
          1984000,
          1983040,
          1982496,
          1983008,
          1980832,
          1982560,
          1981440,
          1981856,
          1983328,
          1981600,
          1982304,
          1984128,
          1984864
        ],
        "chunk_tokens": 96,
        "block_threads": 64,
        "staged_input_bytes": 244234536,
        "applicable": true
      },
      {
        "kernel": "onpair_dg_k3_t64_b8",
        "role": "experimental",
        "stage_bytes": null,
        "chunk_size": 96,
        "decode_ms": 1.980032,
        "decode_gib_s": 470.3573325879913,
        "decode_ns_iters": [
          1984352,
          1980992,
          1982208,
          1981088,
          1983584,
          1983104,
          1982080,
          1982912,
          1983264,
          1982336,
          1980768,
          1982112,
          1980160,
          1982560,
          1981632,
          1982304,
          1980928,
          1984640,
          1983168,
          1980544,
          1983712,
          1982080,
          1990560,
          1981408,
          1982368,
          1981728,
          1983072,
          1983712,
          1983488,
          1980032
        ],
        "chunk_tokens": 96,
        "block_threads": 64,
        "staged_input_bytes": 244234536,
        "applicable": true
      },
      {
        "kernel": "onpair_dg_k3_t128_b1",
        "role": "experimental",
        "stage_bytes": null,
        "chunk_size": 96,
        "decode_ms": 1.91056,
        "decode_gib_s": 487.46051940732855,
        "decode_ns_iters": [
          1913504,
          1912832,
          1913376,
          1913120,
          1912224,
          1912896,
          1912000,
          1912608,
          1912832,
          1912992,
          1910560,
          1911616,
          1911584,
          1912960,
          1914688,
          1910784,
          1913568,
          1914080,
          1911488,
          1913440,
          1913312,
          1913088,
          1912480,
          1913312,
          1912480,
          1912448,
          1913760,
          1912256,
          1911520,
          1912768
        ],
        "chunk_tokens": 96,
        "block_threads": 128,
        "staged_input_bytes": 244234536,
        "applicable": true
      },
      {
        "kernel": "onpair_dg_k3_t128_b2",
        "role": "experimental",
        "stage_bytes": null,
        "chunk_size": 96,
        "decode_ms": 1.909024,
        "decode_gib_s": 487.8527299598463,
        "decode_ns_iters": [
          1912448,
          1913056,
          1914464,
          1913632,
          1912768,
          1913376,
          1913312,
          1913056,
          1911552,
          1913408,
          1914400,
          1912288,
          1911648,
          1911456,
          1912800,
          1912448,
          1909024,
          1912000,
          1910592,
          1911552,
          1910432,
          1912288,
          1911648,
          1912416,
          1912672,
          1912544,
          1912000,
          1910432,
          1912960,
          1911808
        ],
        "chunk_tokens": 96,
        "block_threads": 128,
        "staged_input_bytes": 244234536,
        "applicable": true
      },
      {
        "kernel": "onpair_dg_k3_t128_b4",
        "role": "experimental",
        "stage_bytes": null,
        "chunk_size": 96,
        "decode_ms": 1.909568,
        "decode_gib_s": 487.71374989467023,
        "decode_ns_iters": [
          1917632,
          1916320,
          1917056,
          1918144,
          1909792,
          1911712,
          1912032,
          1910720,
          1912128,
          1912000,
          1914496,
          1913600,
          1911936,
          1912448,
          1912032,
          1913248,
          1911136,
          1912832,
          1909568,
          1911840,
          1913600,
          1909920,
          1910944,
          1911584,
          1911936,
          1910752,
          1912896,
          1911776,
          1909632,
          1911296
        ],
        "chunk_tokens": 96,
        "block_threads": 128,
        "staged_input_bytes": 244234536,
        "applicable": true
      },
      {
        "kernel": "onpair_dg_k3_t128_b6",
        "role": "experimental",
        "stage_bytes": null,
        "chunk_size": 96,
        "decode_ms": 1.910368,
        "decode_gib_s": 487.5095112349378,
        "decode_ns_iters": [
          1912672,
          1911840,
          1912544,
          1912064,
          1913440,
          1912032,
          1913504,
          1912832,
          1912448,
          1913376,
          1912224,
          1912224,
          1911232,
          1913472,
          1913152,
          1910848,
          1912256,
          1912000,
          1914144,
          1912480,
          1911008,
          1912992,
          1911104,
          1911488,
          1910368,
          1912096,
          1910400,
          1911456,
          1911392,
          1914560
        ],
        "chunk_tokens": 96,
        "block_threads": 128,
        "staged_input_bytes": 244234536,
        "applicable": true
      },
      {
        "kernel": "onpair_dg_k3_t128_b8",
        "role": "experimental",
        "stage_bytes": null,
        "chunk_size": 96,
        "decode_ms": 1.909984,
        "decode_gib_s": 487.6075244394014,
        "decode_ns_iters": [
          1913888,
          1912736,
          1911136,
          1912192,
          1912288,
          1912448,
          1912352,
          1913824,
          1911744,
          1911904,
          1910848,
          1911488,
          1911968,
          1911584,
          1912128,
          1912000,
          1913120,
          1909984,
          1912064,
          1912480,
          1912608,
          1912064,
          1912768,
          1912608,
          1912640,
          1912768,
          1913408,
          1912448,
          1912320,
          1911360
        ],
        "chunk_tokens": 96,
        "block_threads": 128,
        "staged_input_bytes": 244234536,
        "applicable": true
      },
      {
        "kernel": "onpair_dg_k3_t256_b1",
        "role": "experimental",
        "stage_bytes": null,
        "chunk_size": 96,
        "decode_ms": 1.789472,
        "decode_gib_s": 520.4454553962653,
        "decode_ns_iters": [
          1792448,
          1792512,
          1792864,
          1791136,
          1793760,
          1791136,
          1792384,
          1793344,
          1791776,
          1792096,
          1791840,
          1793632,
          1791616,
          1793568,
          1792864,
          1799520,
          1790304,
          1792096,
          1792160,
          1791296,
          1791232,
          1791072,
          1792032,
          1790464,
          1790880,
          1791616,
          1791616,
          1791808,
          1789472,
          1791040
        ],
        "chunk_tokens": 96,
        "block_threads": 256,
        "staged_input_bytes": 244234536,
        "applicable": true
      },
      {
        "kernel": "onpair_dg_k3_t256_b2",
        "role": "experimental",
        "stage_bytes": null,
        "chunk_size": 96,
        "decode_ms": 1.790752,
        "decode_gib_s": 520.0734495669226,
        "decode_ns_iters": [
          1792608,
          1792224,
          1802272,
          1794560,
          1790752,
          1794976,
          1791936,
          1792160,
          1791712,
          1792992,
          1793120,
          1791584,
          1793440,
          1791968,
          1791008,
          1792000,
          1793632,
          1792160,
          1794656,
          1804352,
          1792512,
          1793280,
          1792800,
          1793984,
          1793216,
          1793696,
          1793760,
          1791584,
          1791296,
          1791648
        ],
        "chunk_tokens": 96,
        "block_threads": 256,
        "staged_input_bytes": 244234536,
        "applicable": true
      },
      {
        "kernel": "onpair_dg_k3_t256_b4",
        "role": "experimental",
        "stage_bytes": null,
        "chunk_size": 96,
        "decode_ms": 1.791008,
        "decode_gib_s": 519.999112208804,
        "decode_ns_iters": [
          1795616,
          1792960,
          1793216,
          1793728,
          1796448,
          1793088,
          1791104,
          1792160,
          1791808,
          1792256,
          1791968,
          1791840,
          1793696,
          1792256,
          1799008,
          1792320,
          1791328,
          1791872,
          1791616,
          1792000,
          1791008,
          1793024,
          1791840,
          1794080,
          1792704,
          1793728,
          1793248,
          1793792,
          1792064,
          1791392
        ],
        "chunk_tokens": 96,
        "block_threads": 256,
        "staged_input_bytes": 244234536,
        "applicable": true
      },
      {
        "kernel": "onpair_dg_k3_t256_b6",
        "role": "experimental",
        "stage_bytes": null,
        "chunk_size": 96,
        "decode_ms": 1.888576,
        "decode_gib_s": 493.13481160348624,
        "decode_ns_iters": [
          1892480,
          1889792,
          1891584,
          1892512,
          1889984,
          1890880,
          1890528,
          1890752,
          1889920,
          1890944,
          1892416,
          1891872,
          1890304,
          1891680,
          1890592,
          1891520,
          1891904,
          1888576,
          1895744,
          1897600,
          1897440,
          1890880,
          1892352,
          1889696,
          1889760,
          1890144,
          1891136,
          1889952,
          1890848,
          1891104
        ],
        "chunk_tokens": 96,
        "block_threads": 256,
        "staged_input_bytes": 244234536,
        "applicable": true
      },
      {
        "kernel": "onpair_dg_k3_t256_b8",
        "role": "experimental",
        "stage_bytes": null,
        "chunk_size": 96,
        "decode_ms": 1.88704,
        "decode_gib_s": 493.5362101274301,
        "decode_ns_iters": [
          1889344,
          1889952,
          1896864,
          1895520,
          1896128,
          1890624,
          1887040,
          1889632,
          1888608,
          1890208,
          1891904,
          1888960,
          1889120,
          1889632,
          1891456,
          1891136,
          1889312,
          1890336,
          1889952,
          1888384,
          1890848,
          1890240,
          1891008,
          1891520,
          1888224,
          1890272,
          1889952,
          1889984,
          1890144,
          1889408
        ],
        "chunk_tokens": 96,
        "block_threads": 256,
        "staged_input_bytes": 244234536,
        "applicable": true
      },
      {
        "kernel": "onpair_dg_k4_t64_b1",
        "role": "experimental",
        "stage_bytes": null,
        "chunk_size": 128,
        "decode_ms": 1.924576,
        "decode_gib_s": 483.91051845126697,
        "decode_ns_iters": [
          1927808,
          1926848,
          1925088,
          1926592,
          1925568,
          1925056,
          1926560,
          1925376,
          1925632,
          1927552,
          1928704,
          1928448,
          1927456,
          1932672,
          1932224,
          1931680,
          1927872,
          1924992,
          1925952,
          1926848,
          1925664,
          1925920,
          1924576,
          1925920,
          1927616,
          1927488,
          1925504,
          1925568,
          1926208,
          1927392
        ],
        "chunk_tokens": 128,
        "block_threads": 64,
        "staged_input_bytes": 241803008,
        "applicable": true
      },
      {
        "kernel": "onpair_dg_k4_t64_b2",
        "role": "experimental",
        "stage_bytes": null,
        "chunk_size": 128,
        "decode_ms": 1.924064,
        "decode_gib_s": 484.03928869251,
        "decode_ns_iters": [
          1926464,
          1927328,
          1925280,
          1925888,
          1927904,
          1925312,
          1926720,
          1929312,
          1928960,
          1925760,
          1927104,
          1927232,
          1925728,
          1926080,
          1926624,
          1925216,
          1925408,
          1924640,
          1927264,
          1924064,
          1924992,
          1926560,
          1925888,
          1926784,
          1926464,
          1925792,
          1932384,
          1935136,
          1925632,
          1926944
        ],
        "chunk_tokens": 128,
        "block_threads": 64,
        "staged_input_bytes": 241803008,
        "applicable": true
      },
      {
        "kernel": "onpair_dg_k4_t64_b4",
        "role": "experimental",
        "stage_bytes": null,
        "chunk_size": 128,
        "decode_ms": 1.923808,
        "decode_gib_s": 484.1036995162021,
        "decode_ns_iters": [
          1926688,
          1928192,
          1928256,
          1926592,
          1927968,
          1927424,
          1925312,
          1927136,
          1923968,
          1925312,
          1925472,
          1925952,
          1928160,
          1927072,
          1926048,
          1926464,
          1925888,
          1925600,
          1925184,
          1926880,
          1925216,
          1925248,
          1924000,
          1926688,
          1926688,
          1927904,
          1925184,
          1927328,
          1926816,
          1923808
        ],
        "chunk_tokens": 128,
        "block_threads": 64,
        "staged_input_bytes": 241803008,
        "applicable": true
      },
      {
        "kernel": "onpair_dg_k4_t64_b6",
        "role": "experimental",
        "stage_bytes": null,
        "chunk_size": 128,
        "decode_ms": 1.92416,
        "decode_gib_s": 484.01513905229586,
        "decode_ns_iters": [
          1926784,
          1927648,
          1928608,
          1928640,
          1926496,
          1925280,
          1924736,
          1926656,
          1926976,
          1927296,
          1926048,
          1926848,
          1927232,
          1926720,
          1927392,
          1927392,
          1926048,
          1924160,
          1925024,
          1926112,
          1926176,
          1926752,
          1925792,
          1927776,
          1926656,
          1926880,
          1926688,
          1926208,
          1926400,
          1926880
        ],
        "chunk_tokens": 128,
        "block_threads": 64,
        "staged_input_bytes": 241803008,
        "applicable": true
      },
      {
        "kernel": "onpair_dg_k4_t64_b8",
        "role": "experimental",
        "stage_bytes": null,
        "chunk_size": 128,
        "decode_ms": 1.92416,
        "decode_gib_s": 484.01513905229586,
        "decode_ns_iters": [
          1929312,
          1929792,
          1934752,
          1933120,
          1926336,
          1926976,
          1926752,
          1926688,
          1925344,
          1926304,
          1925760,
          1925184,
          1925056,
          1925664,
          1926496,
          1925760,
          1925600,
          1926432,
          1924768,
          1926432,
          1925536,
          1926688,
          1925536,
          1925920,
          1924160,
          1927424,
          1926976,
          1926176,
          1927008,
          1928096
        ],
        "chunk_tokens": 128,
        "block_threads": 64,
        "staged_input_bytes": 241803008,
        "applicable": true
      },
      {
        "kernel": "onpair_dg_k4_t128_b1",
        "role": "experimental",
        "stage_bytes": null,
        "chunk_size": 128,
        "decode_ms": 1.842816,
        "decode_gib_s": 505.380119316777,
        "decode_ns_iters": [
          1856896,
          1854784,
          1856160,
          1856416,
          1854400,
          1855296,
          1853248,
          1855872,
          1855744,
          1855264,
          1857408,
          1860480,
          1855648,
          1855520,
          1854112,
          1854624,
          1852864,
          1855392,
          1856672,
          1853280,
          1847104,
          1844224,
          1844672,
          1843808,
          1843008,
          1842816,
          1843136,
          1843360,
          1843136,
          1854560
        ],
        "chunk_tokens": 128,
        "block_threads": 128,
        "staged_input_bytes": 241803008,
        "applicable": true
      },
      {
        "kernel": "onpair_dg_k4_t128_b2",
        "role": "experimental",
        "stage_bytes": null,
        "chunk_size": 128,
        "decode_ms": 1.85296,
        "decode_gib_s": 502.6134239049228,
        "decode_ns_iters": [
          1857408,
          1855616,
          1852960,
          1855648,
          1853664,
          1854720,
          1854816,
          1855040,
          1855456,
          1855456,
          1853184,
          1855040,
          1853824,
          1853408,
          1854048,
          1862816,
          1854656,
          1853600,
          1854816,
          1853792,
          1855936,
          1853856,
          1853024,
          1852992,
          1855552,
          1854688,
          1854592,
          1853184,
          1856064,
          1852992
        ],
        "chunk_tokens": 128,
        "block_threads": 128,
        "staged_input_bytes": 241803008,
        "applicable": true
      },
      {
        "kernel": "onpair_dg_k4_t128_b4",
        "role": "experimental",
        "stage_bytes": null,
        "chunk_size": 128,
        "decode_ms": 1.853184,
        "decode_gib_s": 502.55267148802585,
        "decode_ns_iters": [
          1854656,
          1855264,
          1855360,
          1855104,
          1855392,
          1854720,
          1864960,
          1853312,
          1854432,
          1855296,
          1854560,
          1854144,
          1853728,
          1856032,
          1856352,
          1855008,
          1854080,
          1855488,
          1854720,
          1854400,
          1853184,
          1856352,
          1853600,
          1855168,
          1862144,
          1855104,
          1857376,
          1855360,
          1854368,
          1855072
        ],
        "chunk_tokens": 128,
        "block_threads": 128,
        "staged_input_bytes": 241803008,
        "applicable": true
      },
      {
        "kernel": "onpair_dg_k4_t128_b6",
        "role": "experimental",
        "stage_bytes": null,
        "chunk_size": 128,
        "decode_ms": 1.852256,
        "decode_gib_s": 502.80445573336823,
        "decode_ns_iters": [
          1856416,
          1855040,
          1853792,
          1853984,
          1855456,
          1855136,
          1854816,
          1854432,
          1854912,
          1854688,
          1854432,
          1854656,
          1855392,
          1853024,
          1854912,
          1860384,
          1854240,
          1854976,
          1856160,
          1853184,
          1854784,
          1854848,
          1852256,
          1854336,
          1856320,
          1854656,
          1852672,
          1853760,
          1853888,
          1852480
        ],
        "chunk_tokens": 128,
        "block_threads": 128,
        "staged_input_bytes": 241803008,
        "applicable": true
      },
      {
        "kernel": "onpair_dg_k4_t128_b8",
        "role": "experimental",
        "stage_bytes": null,
        "chunk_size": 128,
        "decode_ms": 1.852352,
        "decode_gib_s": 502.7783973882208,
        "decode_ns_iters": [
          1857440,
          1854752,
          1854528,
          1852352,
          1855360,
          1854880,
          1863392,
          1854048,
          1855008,
          1855200,
          1855104,
          1853984,
          1855008,
          1855680,
          1856832,
          1852704,
          1854464,
          1853024,
          1853632,
          1854176,
          1853536,
          1854880,
          1854400,
          1867456,
          1854656,
          1853088,
          1853760,
          1853280,
          1855744,
          1854720
        ],
        "chunk_tokens": 128,
        "block_threads": 128,
        "staged_input_bytes": 241803008,
        "applicable": true
      },
      {
        "kernel": "onpair_dg_k4_t256_b1",
        "role": "experimental",
        "stage_bytes": null,
        "chunk_size": 128,
        "decode_ms": 1.784416,
        "decode_gib_s": 521.9200959635341,
        "decode_ns_iters": [
          1787104,
          1788000,
          1787424,
          1784896,
          1787232,
          1784480,
          1785568,
          1785536,
          1785472,
          1786848,
          1787552,
          1787008,
          1786528,
          1786080,
          1786752,
          1785376,
          1786080,
          1785216,
          1784576,
          1786656,
          1787040,
          1787616,
          1786432,
          1787872,
          1786048,
          1786592,
          1784512,
          1785344,
          1786016,
          1784416
        ],
        "chunk_tokens": 128,
        "block_threads": 256,
        "staged_input_bytes": 241803008,
        "applicable": true
      },
      {
        "kernel": "onpair_dg_k4_t256_b2",
        "role": "experimental",
        "stage_bytes": null,
        "chunk_size": 128,
        "decode_ms": 1.785152,
        "decode_gib_s": 521.7049136201655,
        "decode_ns_iters": [
          1796384,
          1788448,
          1787776,
          1785696,
          1785152,
          1787616,
          1786176,
          1788192,
          1793536,
          1787648,
          1787168,
          1786816,
          1787104,
          1785824,
          1787008,
          1787712,
          1794816,
          1786368,
          1786144,
          1786496,
          1786624,
          1786528,
          1787488,
          1787072,
          1792512,
          1786528,
          1786560,
          1787072,
          1785984,
          1785888
        ],
        "chunk_tokens": 128,
        "block_threads": 256,
        "staged_input_bytes": 241803008,
        "applicable": true
      },
      {
        "kernel": "onpair_dg_k4_t256_b4",
        "role": "experimental",
        "stage_bytes": null,
        "chunk_size": 128,
        "decode_ms": 1.784096,
        "decode_gib_s": 522.0137088805006,
        "decode_ns_iters": [
          1786848,
          1787328,
          1787072,
          1785312,
          1786592,
          1787232,
          1786688,
          1786912,
          1787200,
          1787680,
          1785600,
          1787584,
          1787072,
          1786624,
          1784096,
          1786176,
          1786592,
          1788608,
          1785952,
          1787712,
          1786496,
          1785568,
          1786304,
          1787712,
          1788288,
          1786336,
          1787296,
          1787776,
          1788096,
          1787424
        ],
        "chunk_tokens": 128,
        "block_threads": 256,
        "staged_input_bytes": 241803008,
        "applicable": true
      },
      {
        "kernel": "onpair_dg_k4_t256_b6",
        "role": "experimental",
        "stage_bytes": null,
        "chunk_size": 128,
        "decode_ms": 1.774368,
        "decode_gib_s": 524.8756571122032,
        "decode_ns_iters": [
          1778080,
          1776896,
          1777184,
          1778496,
          1784768,
          1776512,
          1779232,
          1778752,
          1776864,
          1776960,
          1777920,
          1777536,
          1776992,
          1777856,
          1776256,
          1774368,
          1777088,
          1776000,
          1777088,
          1774816,
          1778400,
          1776640,
          1776736,
          1776640,
          1779776,
          1776640,
          1775680,
          1775456,
          1777184,
          1775904
        ],
        "chunk_tokens": 128,
        "block_threads": 256,
        "staged_input_bytes": 241803008,
        "applicable": true
      },
      {
        "kernel": "onpair_dg_k4_t256_b8",
        "role": "experimental",
        "stage_bytes": null,
        "chunk_size": 128,
        "decode_ms": 1.742048,
        "decode_gib_s": 534.613609934322,
        "decode_ns_iters": [
          1745344,
          1745664,
          1743712,
          1750912,
          1743776,
          1743872,
          1743392,
          1743712,
          1743488,
          1751040,
          1746144,
          1743968,
          1744064,
          1744224,
          1742944,
          1751232,
          1743072,
          1744096,
          1743200,
          1743040,
          1745152,
          1751456,
          1743936,
          1744064,
          1744928,
          1743200,
          1743264,
          1751552,
          1742048,
          1742432
        ],
        "chunk_tokens": 128,
        "block_threads": 256,
        "staged_input_bytes": 241803008,
        "applicable": true
      },
      {
        "kernel": "onpair_dg_k5_t64_b1",
        "role": "experimental",
        "stage_bytes": null,
        "chunk_size": 160,
        "decode_ms": 1.8664,
        "decode_gib_s": 498.9940902051359,
        "decode_ns_iters": [
          1869312,
          1869888,
          1868224,
          1868864,
          1867872,
          1868480,
          1869888,
          1867584,
          1869536,
          1869376,
          1868288,
          1869760,
          1870176,
          1868672,
          1867520,
          1868800,
          1868544,
          1877792,
          1872576,
          1866400,
          1867072,
          1868576,
          1867328,
          1869344,
          1869696,
          1868768,
          1868320,
          1868032,
          1868320,
          1867904
        ],
        "chunk_tokens": 160,
        "block_threads": 64,
        "staged_input_bytes": 240344088,
        "applicable": true
      },
      {
        "kernel": "onpair_dg_k5_t64_b2",
        "role": "experimental",
        "stage_bytes": null,
        "chunk_size": 160,
        "decode_ms": 1.865792,
        "decode_gib_s": 499.1566959011861,
        "decode_ns_iters": [
          1871552,
          1868384,
          1868224,
          1867328,
          1868928,
          1869120,
          1868896,
          1869280,
          1868608,
          1867968,
          1870176,
          1867744,
          1866720,
          1867456,
          1868896,
          1868960,
          1867840,
          1874528,
          1865792,
          1869184,
          1870080,
          1868640,
          1869056,
          1867200,
          1867488,
          1868864,
          1867616,
          1867872,
          1869280,
          1867232
        ],
        "chunk_tokens": 160,
        "block_threads": 64,
        "staged_input_bytes": 240344088,
        "applicable": true
      },
      {
        "kernel": "onpair_dg_k5_t64_b4",
        "role": "experimental",
        "stage_bytes": null,
        "chunk_size": 160,
        "decode_ms": 1.866048,
        "decode_gib_s": 499.0882174300263,
        "decode_ns_iters": [
          1868896,
          1868800,
          1869024,
          1868128,
          1867520,
          1867648,
          1869664,
          1868960,
          1869888,
          1867168,
          1868416,
          1867552,
          1867200,
          1866048,
          1870272,
          1868320,
          1875072,
          1873376,
          1867520,
          1868416,
          1868544,
          1867904,
          1869760,
          1869376,
          1867648,
          1867936,
          1869152,
          1867232,
          1869408,
          1868768
        ],
        "chunk_tokens": 160,
        "block_threads": 64,
        "staged_input_bytes": 240344088,
        "applicable": true
      },
      {
        "kernel": "onpair_dg_k5_t64_b6",
        "role": "experimental",
        "stage_bytes": null,
        "chunk_size": 160,
        "decode_ms": 1.866496,
        "decode_gib_s": 498.9684253054202,
        "decode_ns_iters": [
          1870336,
          1867520,
          1869632,
          1869120,
          1867104,
          1869760,
          1869024,
          1869984,
          1869856,
          1870016,
          1867808,
          1867872,
          1868864,
          1868480,
          1866496,
          1868032,
          1876480,
          1869280,
          1869184,
          1868032,
          1869408,
          1869248,
          1867808,
          1868960,
          1869696,
          1868096,
          1867840,
          1869376,
          1868896,
          1869504
        ],
        "chunk_tokens": 160,
        "block_threads": 64,
        "staged_input_bytes": 240344088,
        "applicable": true
      },
      {
        "kernel": "onpair_dg_k5_t64_b8",
        "role": "experimental",
        "stage_bytes": null,
        "chunk_size": 160,
        "decode_ms": 1.867264,
        "decode_gib_s": 498.76320111075114,
        "decode_ns_iters": [
          1871680,
          1869024,
          1867584,
          1869184,
          1868576,
          1870176,
          1868736,
          1870560,
          1870912,
          1869056,
          1867488,
          1868544,
          1869216,
          1868160,
          1868576,
          1870656,
          1876192,
          1871168,
          1868352,
          1867424,
          1867264,
          1868352,
          1869344,
          1868544,
          1867424,
          1868224,
          1868096,
          1868992,
          1871296,
          1869184
        ],
        "chunk_tokens": 160,
        "block_threads": 64,
        "staged_input_bytes": 240344088,
        "applicable": true
      },
      {
        "kernel": "onpair_dg_k5_t128_b1",
        "role": "experimental",
        "stage_bytes": null,
        "chunk_size": 160,
        "decode_ms": 1.82096,
        "decode_gib_s": 511.4459241053432,
        "decode_ns_iters": [
          1822368,
          1820960,
          1823072,
          1822944,
          1825024,
          1824256,
          1824032,
          1821568,
          1824192,
          1821376,
          1822560,
          1822848,
          1822400,
          1823488,
          1823168,
          1822880,
          1822784,
          1823040,
          1830944,
          1824288,
          1823968,
          1823840,
          1821984,
          1822656,
          1823360,
          1823968,
          1822624,
          1821952,
          1821664,
          1830016
        ],
        "chunk_tokens": 160,
        "block_threads": 128,
        "staged_input_bytes": 240344088,
        "applicable": true
      },
      {
        "kernel": "onpair_dg_k5_t128_b2",
        "role": "experimental",
        "stage_bytes": null,
        "chunk_size": 160,
        "decode_ms": 1.821056,
        "decode_gib_s": 511.4189623816432,
        "decode_ns_iters": [
          1824384,
          1830304,
          1822112,
          1822560,
          1822560,
          1823552,
          1823360,
          1822016,
          1823616,
          1822240,
          1822272,
          1822240,
          1824352,
          1822624,
          1825152,
          1824096,
          1821824,
          1823872,
          1824416,
          1823712,
          1823264,
          1823328,
          1823392,
          1821056,
          1830112,
          1822880,
          1823680,
          1824736,
          1824960,
          1823328
        ],
        "chunk_tokens": 160,
        "block_threads": 128,
        "staged_input_bytes": 240344088,
        "applicable": true
      },
      {
        "kernel": "onpair_dg_k5_t128_b4",
        "role": "experimental",
        "stage_bytes": null,
        "chunk_size": 160,
        "decode_ms": 1.821632,
        "decode_gib_s": 511.25725171651885,
        "decode_ns_iters": [
          1823072,
          1824896,
          1822112,
          1822240,
          1823744,
          1824704,
          1821696,
          1830912,
          1823168,
          1824096,
          1822240,
          1824832,
          1823072,
          1824320,
          1824128,
          1824128,
          1823488,
          1822240,
          1821696,
          1822112,
          1824320,
          1821760,
          1822848,
          1822112,
          1823264,
          1822496,
          1821920,
          1822400,
          1823744,
          1821632
        ],
        "chunk_tokens": 160,
        "block_threads": 128,
        "staged_input_bytes": 240344088,
        "applicable": true
      },
      {
        "kernel": "onpair_dg_k5_t128_b6",
        "role": "experimental",
        "stage_bytes": null,
        "chunk_size": 160,
        "decode_ms": 1.82,
        "decode_gib_s": 511.7156977795965,
        "decode_ns_iters": [
          1824320,
          1824928,
          1831200,
          1823488,
          1823328,
          1822688,
          1823392,
          1824192,
          1822848,
          1823392,
          1823136,
          1823296,
          1824896,
          1831104,
          1823520,
          1824320,
          1824768,
          1823872,
          1823424,
          1820000,
          1822336,
          1824160,
          1823776,
          1822368,
          1824032,
          1825984,
          1822048,
          1823040,
          1822592,
          1822176
        ],
        "chunk_tokens": 160,
        "block_threads": 128,
        "staged_input_bytes": 240344088,
        "applicable": true
      },
      {
        "kernel": "onpair_dg_k5_t128_b8",
        "role": "experimental",
        "stage_bytes": null,
        "chunk_size": 160,
        "decode_ms": 1.820768,
        "decode_gib_s": 511.49985608208493,
        "decode_ns_iters": [
          1825184,
          1823936,
          1824704,
          1822496,
          1824288,
          1824608,
          1824096,
          1823360,
          1823776,
          1822272,
          1823776,
          1820768,
          1822368,
          1822912,
          1821312,
          1823552,
          1821952,
          1824224,
          1822048,
          1833600,
          1823904,
          1822784,
          1824832,
          1825632,
          1824128,
          1824928,
          1825280,
          1823584,
          1822336,
          1822560
        ],
        "chunk_tokens": 160,
        "block_threads": 128,
        "staged_input_bytes": 240344088,
        "applicable": true
      },
      {
        "kernel": "onpair_dg_k5_t256_b1",
        "role": "experimental",
        "stage_bytes": null,
        "chunk_size": 160,
        "decode_ms": 1.719584,
        "decode_gib_s": 541.597601489003,
        "decode_ns_iters": [
          1731520,
          1725216,
          1722816,
          1721568,
          1720928,
          1721440,
          1721312,
          1719616,
          1722368,
          1721856,
          1722624,
          1723136,
          1720448,
          1721152,
          1719936,
          1720640,
          1721856,
          1719584,
          1722272,
          1723008,
          1722304,
          1728032,
          1720768,
          1721312,
          1720704,
          1719840,
          1720544,
          1722016,
          1721184,
          1721600
        ],
        "chunk_tokens": 160,
        "block_threads": 256,
        "staged_input_bytes": 240344088,
        "applicable": true
      },
      {
        "kernel": "onpair_dg_k5_t256_b2",
        "role": "experimental",
        "stage_bytes": null,
        "chunk_size": 160,
        "decode_ms": 1.71984,
        "decode_gib_s": 541.5169841141418,
        "decode_ns_iters": [
          1723328,
          1721536,
          1722944,
          1720992,
          1724608,
          1724544,
          1723584,
          1721344,
          1720416,
          1722400,
          1720256,
          1719936,
          1729856,
          1721184,
          1720832,
          1721088,
          1722304,
          1722144,
          1721152,
          1721920,
          1720192,
          1723200,
          1722400,
          1720544,
          1723040,
          1719936,
          1719840,
          1721216,
          1722240,
          1722560
        ],
        "chunk_tokens": 160,
        "block_threads": 256,
        "staged_input_bytes": 240344088,
        "applicable": true
      },
      {
        "kernel": "onpair_dg_k5_t256_b4",
        "role": "experimental",
        "stage_bytes": null,
        "chunk_size": 160,
        "decode_ms": 1.710496,
        "decode_gib_s": 544.475152212496,
        "decode_ns_iters": [
          1721632,
          1723648,
          1724896,
          1721184,
          1720480,
          1721376,
          1721792,
          1723520,
          1720416,
          1720800,
          1721248,
          1722880,
          1711232,
          1710496,
          1711840,
          1722688,
          1722336,
          1720992,
          1721248,
          1721120,
          1720864,
          1721920,
          1720224,
          1720416,
          1721664,
          1720096,
          1720352,
          1720640,
          1720320,
          1722400
        ],
        "chunk_tokens": 160,
        "block_threads": 256,
        "staged_input_bytes": 240344088,
        "applicable": true
      },
      {
        "kernel": "onpair_dg_k5_t256_b6",
        "role": "experimental",
        "stage_bytes": null,
        "chunk_size": 160,
        "decode_ms": 1.720864,
        "decode_gib_s": 541.194754471513,
        "decode_ns_iters": [
          1723776,
          1725088,
          1722752,
          1724512,
          1729792,
          1722624,
          1721344,
          1721440,
          1722848,
          1723936,
          1722592,
          1721984,
          1721952,
          1722720,
          1723360,
          1723584,
          1722176,
          1723840,
          1723104,
          1723584,
          1725216,
          1720864,
          1723840,
          1723072,
          1724000,
          1723936,
          1722176,
          1721312,
          1722784,
          1722336
        ],
        "chunk_tokens": 160,
        "block_threads": 256,
        "staged_input_bytes": 240344088,
        "applicable": true
      },
      {
        "kernel": "onpair_dg_k5_t256_b8",
        "role": "experimental",
        "stage_bytes": null,
        "chunk_size": 160,
        "decode_ms": 1.680768,
        "decode_gib_s": 554.1053672838045,
        "decode_ns_iters": [
          1688416,
          1682944,
          1683520,
          1682752,
          1682944,
          1683648,
          1683072,
          1681248,
          1681664,
          1682208,
          1683168,
          1684320,
          1684480,
          1683840,
          1683392,
          1682720,
          1685408,
          1682720,
          1682240,
          1682016,
          1681184,
          1682432,
          1682752,
          1684064,
          1680768,
          1681440,
          1681920,
          1682688,
          1684544,
          1680992
        ],
        "chunk_tokens": 160,
        "block_threads": 256,
        "staged_input_bytes": 240344088,
        "applicable": true
      },
      {
        "kernel": "onpair_dg_k6_t64_b1",
        "role": "experimental",
        "stage_bytes": null,
        "chunk_size": 192,
        "decode_ms": 1.83232,
        "decode_gib_s": 508.27506655980704,
        "decode_ns_iters": [
          1836640,
          1835200,
          1836288,
          1835264,
          1835552,
          1842208,
          1835872,
          1837152,
          1836640,
          1834848,
          1834016,
          1836160,
          1836320,
          1834880,
          1836704,
          1836448,
          1836160,
          1835520,
          1844064,
          1832320,
          1835456,
          1834400,
          1836384,
          1836800,
          1835552,
          1834432,
          1835808,
          1835488,
          1834656,
          1835904
        ],
        "chunk_tokens": 192,
        "block_threads": 64,
        "staged_input_bytes": 239371472,
        "applicable": true
      },
      {
        "kernel": "onpair_dg_k6_t64_b2",
        "role": "experimental",
        "stage_bytes": null,
        "chunk_size": 192,
        "decode_ms": 1.834144,
        "decode_gib_s": 507.76960258238483,
        "decode_ns_iters": [
          1836768,
          1834944,
          1836800,
          1836192,
          1842304,
          1836800,
          1836608,
          1834976,
          1834688,
          1834624,
          1835840,
          1834304,
          1834624,
          1835552,
          1837088,
          1837216,
          1835872,
          1844000,
          1835680,
          1836736,
          1834944,
          1836416,
          1836288,
          1834144,
          1835136,
          1835488,
          1836288,
          1835264,
          1834912,
          1836608
        ],
        "chunk_tokens": 192,
        "block_threads": 64,
        "staged_input_bytes": 239371472,
        "applicable": true
      },
      {
        "kernel": "onpair_dg_k6_t64_b4",
        "role": "experimental",
        "stage_bytes": null,
        "chunk_size": 192,
        "decode_ms": 1.833696,
        "decode_gib_s": 507.893658468397,
        "decode_ns_iters": [
          1836416,
          1839680,
          1836800,
          1842176,
          1835584,
          1833984,
          1836960,
          1834976,
          1836480,
          1835776,
          1836000,
          1838016,
          1834912,
          1834688,
          1836000,
          1833856,
          1837472,
          1836512,
          1836064,
          1833696,
          1835424,
          1835232,
          1834720,
          1836512,
          1834976,
          1836864,
          1833888,
          1835552,
          1836192,
          1835520
        ],
        "chunk_tokens": 192,
        "block_threads": 64,
        "staged_input_bytes": 239371472,
        "applicable": true
      },
      {
        "kernel": "onpair_dg_k6_t64_b6",
        "role": "experimental",
        "stage_bytes": null,
        "chunk_size": 192,
        "decode_ms": 1.833632,
        "decode_gib_s": 507.9113856863676,
        "decode_ns_iters": [
          1837792,
          1836448,
          1837312,
          1844352,
          1837088,
          1836960,
          1836448,
          1835904,
          1834240,
          1836032,
          1835392,
          1835040,
          1836672,
          1835232,
          1835520,
          1835744,
          1842368,
          1834080,
          1835744,
          1836960,
          1836864,
          1835456,
          1836896,
          1836064,
          1835392,
          1837024,
          1834528,
          1833632,
          1836960,
          1841600
        ],
        "chunk_tokens": 192,
        "block_threads": 64,
        "staged_input_bytes": 239371472,
        "applicable": true
      },
      {
        "kernel": "onpair_dg_k6_t64_b8",
        "role": "experimental",
        "stage_bytes": null,
        "chunk_size": 192,
        "decode_ms": 1.832512,
        "decode_gib_s": 508.2218124404455,
        "decode_ns_iters": [
          1836512,
          1835936,
          1843392,
          1837472,
          1835616,
          1834592,
          1835648,
          1834880,
          1835584,
          1836064,
          1834912,
          1834368,
          1837056,
          1834208,
          1835776,
          1843008,
          1834112,
          1835104,
          1834720,
          1837216,
          1832512,
          1837248,
          1837920,
          1835808,
          1836768,
          1835040,
          1834272,
          1833920,
          1835808,
          1835072
        ],
        "chunk_tokens": 192,
        "block_threads": 64,
        "staged_input_bytes": 239371472,
        "applicable": true
      },
      {
        "kernel": "onpair_dg_k6_t128_b1",
        "role": "experimental",
        "stage_bytes": null,
        "chunk_size": 192,
        "decode_ms": 1.797184,
        "decode_gib_s": 518.212141861304,
        "decode_ns_iters": [
          1801280,
          1799168,
          1799456,
          1799648,
          1798432,
          1797216,
          1800448,
          1800128,
          1798816,
          1806400,
          1799648,
          1799072,
          1799008,
          1797984,
          1798368,
          1798432,
          1799136,
          1798304,
          1804480,
          1798816,
          1797184,
          1798080,
          1799456,
          1799680,
          1799168,
          1798400,
          1797888,
          1805376,
          1798176,
          1797344
        ],
        "chunk_tokens": 192,
        "block_threads": 128,
        "staged_input_bytes": 239371472,
        "applicable": true
      },
      {
        "kernel": "onpair_dg_k6_t128_b2",
        "role": "experimental",
        "stage_bytes": null,
        "chunk_size": 192,
        "decode_ms": 1.796416,
        "decode_gib_s": 518.4336868291451,
        "decode_ns_iters": [
          1800480,
          1799232,
          1797632,
          1798080,
          1798592,
          1798848,
          1797184,
          1806528,
          1800448,
          1800896,
          1802752,
          1796864,
          1802240,
          1798816,
          1798944,
          1798560,
          1809696,
          1797152,
          1799680,
          1799168,
          1797696,
          1799872,
          1799232,
          1799424,
          1797632,
          1799712,
          1797280,
          1797728,
          1796416,
          1799488
        ],
        "chunk_tokens": 192,
        "block_threads": 128,
        "staged_input_bytes": 239371472,
        "applicable": true
      },
      {
        "kernel": "onpair_dg_k6_t128_b4",
        "role": "experimental",
        "stage_bytes": null,
        "chunk_size": 192,
        "decode_ms": 1.7968,
        "decode_gib_s": 518.322890671675,
        "decode_ns_iters": [
          1800448,
          1797440,
          1799392,
          1797888,
          1798080,
          1799008,
          1798528,
          1799296,
          1798496,
          1800224,
          1798496,
          1799456,
          1799712,
          1796800,
          1799136,
          1797952,
          1799552,
          1798496,
          1800384,
          1799232,
          1798240,
          1798720,
          1799328,
          1798848,
          1799424,
          1799328,
          1799104,
          1799840,
          1797536,
          1799584
        ],
        "chunk_tokens": 192,
        "block_threads": 128,
        "staged_input_bytes": 239371472,
        "applicable": true
      },
      {
        "kernel": "onpair_dg_k6_t128_b6",
        "role": "experimental",
        "stage_bytes": null,
        "chunk_size": 192,
        "decode_ms": 1.785888,
        "decode_gib_s": 521.4899086386524,
        "decode_ns_iters": [
          1800352,
          1799808,
          1798528,
          1797120,
          1799680,
          1798080,
          1797568,
          1798720,
          1798816,
          1797728,
          1798976,
          1798272,
          1798304,
          1789504,
          1787936,
          1787776,
          1786240,
          1787456,
          1785888,
          1787072,
          1800192,
          1798912,
          1800000,
          1796896,
          1800256,
          1798176,
          1798592,
          1799328,
          1794176,
          1798432
        ],
        "chunk_tokens": 192,
        "block_threads": 128,
        "staged_input_bytes": 239371472,
        "applicable": true
      },
      {
        "kernel": "onpair_dg_k6_t128_b8",
        "role": "experimental",
        "stage_bytes": null,
        "chunk_size": 192,
        "decode_ms": 1.796928,
        "decode_gib_s": 518.2859691422615,
        "decode_ns_iters": [
          1799616,
          1798400,
          1797600,
          1798656,
          1798304,
          1797120,
          1798912,
          1798688,
          1798784,
          1798432,
          1798496,
          1800064,
          1800192,
          1800256,
          1798272,
          1799072,
          1797632,
          1796928,
          1798880,
          1799264,
          1797728,
          1797760,
          1798720,
          1798656,
          1799488,
          1798656,
          1799584,
          1798784,
          1798848,
          1798592
        ],
        "chunk_tokens": 192,
        "block_threads": 128,
        "staged_input_bytes": 239371472,
        "applicable": true
      },
      {
        "kernel": "onpair_dg_k6_t256_b1",
        "role": "experimental",
        "stage_bytes": null,
        "chunk_size": 192,
        "decode_ms": 1.730464,
        "decode_gib_s": 538.1923980844823,
        "decode_ns_iters": [
          1734720,
          1735488,
          1733504,
          1733824,
          1730464,
          1732160,
          1733408,
          1732128,
          1734176,
          1733152,
          1734144,
          1733536,
          1733056,
          1733504,
          1741280,
          1732864,
          1732608,
          1731008,
          1731488,
          1733216,
          1732768,
          1732160,
          1734048,
          1734176,
          1731328,
          1742176,
          1732128,
          1732576,
          1731872,
          1733344
        ],
        "chunk_tokens": 192,
        "block_threads": 256,
        "staged_input_bytes": 239371472,
        "applicable": true
      },
      {
        "kernel": "onpair_dg_k6_t256_b2",
        "role": "experimental",
        "stage_bytes": null,
        "chunk_size": 192,
        "decode_ms": 1.729888,
        "decode_gib_s": 538.3715997560914,
        "decode_ns_iters": [
          1733280,
          1732608,
          1733248,
          1732672,
          1732992,
          1734112,
          1733344,
          1732256,
          1732480,
          1731808,
          1733440,
          1734240,
          1739936,
          1733024,
          1732832,
          1733152,
          1734880,
          1732096,
          1732928,
          1729888,
          1733408,
          1734464,
          1734080,
          1734496,
          1732544,
          1732672,
          1733184,
          1733632,
          1730144,
          1732576
        ],
        "chunk_tokens": 192,
        "block_threads": 256,
        "staged_input_bytes": 239371472,
        "applicable": true
      },
      {
        "kernel": "onpair_dg_k6_t256_b4",
        "role": "experimental",
        "stage_bytes": null,
        "chunk_size": 192,
        "decode_ms": 1.731136,
        "decode_gib_s": 537.9834801880762,
        "decode_ns_iters": [
          1733984,
          1734592,
          1733376,
          1731360,
          1732640,
          1732032,
          1732448,
          1731296,
          1732704,
          1731584,
          1739648,
          1733024,
          1732352,
          1732320,
          1733472,
          1733216,
          1735008,
          1733152,
          1731936,
          1732032,
          1732992,
          1732672,
          1733344,
          1732960,
          1732800,
          1731456,
          1732736,
          1731456,
          1731136,
          1733600
        ],
        "chunk_tokens": 192,
        "block_threads": 256,
        "staged_input_bytes": 239371472,
        "applicable": true
      },
      {
        "kernel": "onpair_dg_k6_t256_b6",
        "role": "experimental",
        "stage_bytes": null,
        "chunk_size": 192,
        "decode_ms": 1.650944,
        "decode_gib_s": 564.1151789272475,
        "decode_ns_iters": [
          1652928,
          1654848,
          1655936,
          1652416,
          1652960,
          1662912,
          1654368,
          1652064,
          1651456,
          1657184,
          1654208,
          1654880,
          1656128,
          1655456,
          1655584,
          1653984,
          1655680,
          1650944,
          1654016,
          1652480,
          1656032,
          1653408,
          1654880,
          1655520,
          1653568,
          1656544,
          1654048,
          1655136,
          1654624,
          1656032
        ],
        "chunk_tokens": 192,
        "block_threads": 256,
        "staged_input_bytes": 239371472,
        "applicable": true
      },
      {
        "kernel": "onpair_dg_k6_t256_b8",
        "role": "experimental",
        "stage_bytes": null,
        "chunk_size": 192,
        "decode_ms": 1.683424,
        "decode_gib_s": 553.2311348530528,
        "decode_ns_iters": [
          1687104,
          1687104,
          1685824,
          1683424,
          1686080,
          1685376,
          1684544,
          1684672,
          1685888,
          1685216,
          1685056,
          1693472,
          1685120,
          1685920,
          1685088,
          1684992,
          1687072,
          1685664,
          1685696,
          1686528,
          1694304,
          1685312,
          1684992,
          1684032,
          1688032,
          1687456,
          1687552,
          1685472,
          1686912,
          1686432
        ],
        "chunk_tokens": 192,
        "block_threads": 256,
        "staged_input_bytes": 239371472,
        "applicable": true
      },
      {
        "kernel": "onpair_dg_k7_t64_b1",
        "role": "experimental",
        "stage_bytes": null,
        "chunk_size": 224,
        "decode_ms": 1.81744,
        "decode_gib_s": 512.4364875643023,
        "decode_ns_iters": [
          1820000,
          1819232,
          1819168,
          1820096,
          1818784,
          1820128,
          1818688,
          1818688,
          1820480,
          1818560,
          1819936,
          1819424,
          1820224,
          1819104,
          1820032,
          1822112,
          1820160,
          1818272,
          1819808,
          1819840,
          1819168,
          1820576,
          1820320,
          1820320,
          1819392,
          1818784,
          1822208,
          1819488,
          1817440,
          1819456
        ],
        "chunk_tokens": 224,
        "block_threads": 64,
        "staged_input_bytes": 238676752,
        "applicable": true
      },
      {
        "kernel": "onpair_dg_k7_t64_b2",
        "role": "experimental",
        "stage_bytes": null,
        "chunk_size": 224,
        "decode_ms": 1.817152,
        "decode_gib_s": 512.5177035046411,
        "decode_ns_iters": [
          1820832,
          1821088,
          1818528,
          1818400,
          1820000,
          1819200,
          1818208,
          1817152,
          1818144,
          1819264,
          1818560,
          1820000,
          1819936,
          1821440,
          1818624,
          1819712,
          1818784,
          1821120,
          1820160,
          1820224,
          1819200,
          1818432,
          1820640,
          1818624,
          1821184,
          1820192,
          1820576,
          1819872,
          1820576,
          1817504
        ],
        "chunk_tokens": 224,
        "block_threads": 64,
        "staged_input_bytes": 238676752,
        "applicable": true
      },
      {
        "kernel": "onpair_dg_k7_t64_b4",
        "role": "experimental",
        "stage_bytes": null,
        "chunk_size": 224,
        "decode_ms": 1.81808,
        "decode_gib_s": 512.2560998189659,
        "decode_ns_iters": [
          1820160,
          1820128,
          1820896,
          1819936,
          1820352,
          1819616,
          1821056,
          1819584,
          1818272,
          1822944,
          1821792,
          1819232,
          1818464,
          1821184,
          1820960,
          1819776,
          1819168,
          1818080,
          1819040,
          1819456,
          1819648,
          1819872,
          1821824,
          1822464,
          1821088,
          1818976,
          1820064,
          1818976,
          1819520,
          1820384
        ],
        "chunk_tokens": 224,
        "block_threads": 64,
        "staged_input_bytes": 238676752,
        "applicable": true
      },
      {
        "kernel": "onpair_dg_k7_t64_b6",
        "role": "experimental",
        "stage_bytes": null,
        "chunk_size": 224,
        "decode_ms": 1.817824,
        "decode_gib_s": 512.3282396749441,
        "decode_ns_iters": [
          1819712,
          1821728,
          1819840,
          1817824,
          1828640,
          1818944,
          1819584,
          1818592,
          1820608,
          1819104,
          1821568,
          1819680,
          1821696,
          1821408,
          1820480,
          1827072,
          1819872,
          1819296,
          1818656,
          1819520,
          1818272,
          1820320,
          1818240,
          1818592,
          1819296,
          1819296,
          1818528,
          1817984,
          1819808,
          1820128
        ],
        "chunk_tokens": 224,
        "block_threads": 64,
        "staged_input_bytes": 238676752,
        "applicable": true
      },
      {
        "kernel": "onpair_dg_k7_t64_b8",
        "role": "experimental",
        "stage_bytes": null,
        "chunk_size": 224,
        "decode_ms": 1.818624,
        "decode_gib_s": 512.1028700593777,
        "decode_ns_iters": [
          1819264,
          1821664,
          1820096,
          1819552,
          1820832,
          1818976,
          1818720,
          1820960,
          1818784,
          1827552,
          1818912,
          1820576,
          1819360,
          1819232,
          1820512,
          1819264,
          1819520,
          1819200,
          1819968,
          1819712,
          1829664,
          1819424,
          1818624,
          1821280,
          1819264,
          1819296,
          1819776,
          1820928,
          1819296,
          1819712
        ],
        "chunk_tokens": 224,
        "block_threads": 64,
        "staged_input_bytes": 238676752,
        "applicable": true
      },
      {
        "kernel": "onpair_dg_k7_t128_b1",
        "role": "experimental",
        "stage_bytes": null,
        "chunk_size": 224,
        "decode_ms": 1.760448,
        "decode_gib_s": 529.0258899773612,
        "decode_ns_iters": [
          1763712,
          1769472,
          1761344,
          1764000,
          1763104,
          1762528,
          1762528,
          1763872,
          1770592,
          1764160,
          1762336,
          1763232,
          1764064,
          1760640,
          1760448,
          1764096,
          1762976,
          1764128,
          1762048,
          1761664,
          1762912,
          1763040,
          1763392,
          1761920,
          1761472,
          1763296,
          1763520,
          1762784,
          1772832,
          1763136
        ],
        "chunk_tokens": 224,
        "block_threads": 128,
        "staged_input_bytes": 238676752,
        "applicable": true
      },
      {
        "kernel": "onpair_dg_k7_t128_b2",
        "role": "experimental",
        "stage_bytes": null,
        "chunk_size": 224,
        "decode_ms": 1.761024,
        "decode_gib_s": 528.8528549065009,
        "decode_ns_iters": [
          1765600,
          1762432,
          1762272,
          1764096,
          1762336,
          1763360,
          1763328,
          1761184,
          1763424,
          1762464,
          1763904,
          1764352,
          1763584,
          1763520,
          1764288,
          1761024,
          1762592,
          1763520,
          1763008,
          1770752,
          1761952,
          1763200,
          1763584,
          1764992,
          1762592,
          1762688,
          1770752,
          1762208,
          1764032,
          1764000
        ],
        "chunk_tokens": 224,
        "block_threads": 128,
        "staged_input_bytes": 238676752,
        "applicable": true
      },
      {
        "kernel": "onpair_dg_k7_t128_b4",
        "role": "experimental",
        "stage_bytes": null,
        "chunk_size": 224,
        "decode_ms": 1.750944,
        "decode_gib_s": 531.8974050334366,
        "decode_ns_iters": [
          1764288,
          1761440,
          1762784,
          1762720,
          1763680,
          1762816,
          1763104,
          1763328,
          1764416,
          1762624,
          1769728,
          1762880,
          1763744,
          1764480,
          1763264,
          1764064,
          1763936,
          1772864,
          1763264,
          1761600,
          1763232,
          1764448,
          1763392,
          1761760,
          1761024,
          1762496,
          1755232,
          1751840,
          1750944,
          1762752
        ],
        "chunk_tokens": 224,
        "block_threads": 128,
        "staged_input_bytes": 238676752,
        "applicable": true
      },
      {
        "kernel": "onpair_dg_k7_t128_b6",
        "role": "experimental",
        "stage_bytes": null,
        "chunk_size": 224,
        "decode_ms": 1.761152,
        "decode_gib_s": 528.814418039366,
        "decode_ns_iters": [
          1764096,
          1763744,
          1765408,
          1765696,
          1764352,
          1763584,
          1762848,
          1761440,
          1762528,
          1764704,
          1763808,
          1763040,
          1762560,
          1763392,
          1771872,
          1762144,
          1762528,
          1762336,
          1761888,
          1763136,
          1766112,
          1769728,
          1763136,
          1764352,
          1761152,
          1764160,
          1763392,
          1761632,
          1762048,
          1763776
        ],
        "chunk_tokens": 224,
        "block_threads": 128,
        "staged_input_bytes": 238676752,
        "applicable": true
      },
      {
        "kernel": "onpair_dg_k7_t128_b8",
        "role": "experimental",
        "stage_bytes": null,
        "chunk_size": 224,
        "decode_ms": 1.760928,
        "decode_gib_s": 528.881686223892,
        "decode_ns_iters": [
          1765216,
          1763424,
          1764096,
          1762784,
          1761728,
          1770048,
          1763168,
          1763424,
          1764320,
          1764000,
          1764288,
          1763808,
          1760928,
          1765600,
          1763328,
          1762784,
          1764192,
          1763584,
          1763712,
          1762208,
          1765024,
          1762496,
          1763040,
          1762144,
          1762528,
          1763456,
          1764224,
          1764096,
          1762816,
          1761792
        ],
        "chunk_tokens": 224,
        "block_threads": 128,
        "staged_input_bytes": 238676752,
        "applicable": true
      },
      {
        "kernel": "onpair_dg_k7_t256_b1",
        "role": "experimental",
        "stage_bytes": null,
        "chunk_size": 224,
        "decode_ms": 1.660736,
        "decode_gib_s": 560.7890537441626,
        "decode_ns_iters": [
          1666144,
          1663872,
          1665088,
          1668352,
          1663296,
          1665920,
          1662368,
          1663712,
          1664896,
          1673888,
          1663840,
          1665632,
          1660736,
          1672864,
          1662240,
          1663840,
          1663648,
          1671904,
          1663808,
          1665632,
          1668544,
          1664064,
          1663584,
          1665088,
          1663296,
          1662496,
          1666592,
          1664736,
          1662848,
          1663360
        ],
        "chunk_tokens": 224,
        "block_threads": 256,
        "staged_input_bytes": 238676752,
        "applicable": true
      },
      {
        "kernel": "onpair_dg_k7_t256_b2",
        "role": "experimental",
        "stage_bytes": null,
        "chunk_size": 224,
        "decode_ms": 1.66112,
        "decode_gib_s": 560.6594165134762,
        "decode_ns_iters": [
          1662624,
          1663936,
          1664512,
          1674112,
          1664352,
          1666784,
          1666016,
          1666208,
          1665952,
          1665376,
          1665440,
          1661120,
          1664480,
          1664704,
          1667424,
          1663712,
          1665632,
          1665472,
          1665472,
          1664384,
          1663904,
          1664256,
          1663296,
          1665824,
          1662112,
          1662656,
          1667392,
          1667744,
          1667168,
          1664544
        ],
        "chunk_tokens": 224,
        "block_threads": 256,
        "staged_input_bytes": 238676752,
        "applicable": true
      },
      {
        "kernel": "onpair_dg_k7_t256_b4",
        "role": "experimental",
        "stage_bytes": null,
        "chunk_size": 224,
        "decode_ms": 1.661216,
        "decode_gib_s": 560.627016570311,
        "decode_ns_iters": [
          1666976,
          1672608,
          1662880,
          1661216,
          1664800,
          1673344,
          1665024,
          1662144,
          1663072,
          1665664,
          1665920,
          1663936,
          1666400,
          1665952,
          1667296,
          1665952,
          1665984,
          1664864,
          1664160,
          1663232,
          1665728,
          1663584,
          1666144,
          1662944,
          1664928,
          1662688,
          1665184,
          1664288,
          1665440,
          1664352
        ],
        "chunk_tokens": 224,
        "block_threads": 256,
        "staged_input_bytes": 238676752,
        "applicable": true
      },
      {
        "kernel": "onpair_dg_k7_t256_b6",
        "role": "experimental",
        "stage_bytes": null,
        "chunk_size": 224,
        "decode_ms": 1.60864,
        "decode_gib_s": 578.9502747406913,
        "decode_ns_iters": [
          1625184,
          1618464,
          1620160,
          1630464,
          1620160,
          1636672,
          1629120,
          1614784,
          1620992,
          1628832,
          1615648,
          1622976,
          1621728,
          1616544,
          1622272,
          1627552,
          1608640,
          1609248,
          1615584,
          1652320,
          1619584,
          1617888,
          1621600,
          1630144,
          1621536,
          1615584,
          1612448,
          1623776,
          1616352,
          1614304
        ],
        "chunk_tokens": 224,
        "block_threads": 256,
        "staged_input_bytes": 238676752,
        "applicable": true
      },
      {
        "kernel": "onpair_dg_k7_t256_b8",
        "role": "experimental",
        "stage_bytes": null,
        "chunk_size": 224,
        "decode_ms": 1.749696,
        "decode_gib_s": 532.2767897731181,
        "decode_ns_iters": [
          1764480,
          1775904,
          1768096,
          1762112,
          1765184,
          1766464,
          1762368,
          1759744,
          1773280,
          1765920,
          1774912,
          1759040,
          1762720,
          1767840,
          1768384,
          1763520,
          1763168,
          1758464,
          1758272,
          1759840,
          1759296,
          1767776,
          1764512,
          1768384,
          1749696,
          1771520,
          1765632,
          1757696,
          1775008,
          1763136
        ],
        "chunk_tokens": 224,
        "block_threads": 256,
        "staged_input_bytes": 238676752,
        "applicable": true
      },
      {
        "kernel": "onpair_dg_k8_t64_b1",
        "role": "experimental",
        "stage_bytes": null,
        "chunk_size": 256,
        "decode_ms": 1.951136,
        "decode_gib_s": 477.3232465388705,
        "decode_ns_iters": [
          1955232,
          1965536,
          1955584,
          1962304,
          1962496,
          1967584,
          1963712,
          1963872,
          1968832,
          1954624,
          1963520,
          1967360,
          1966624,
          1956832,
          1967360,
          1969248,
          1962400,
          1970144,
          1953568,
          1967136,
          1951136,
          1969984,
          1969888,
          1958816,
          1967872,
          1957760,
          1969024,
          1953344,
          1967904,
          1962912
        ],
        "chunk_tokens": 256,
        "block_threads": 64,
        "staged_input_bytes": 238155712,
        "applicable": true
      },
      {
        "kernel": "onpair_dg_k8_t64_b2",
        "role": "experimental",
        "stage_bytes": null,
        "chunk_size": 256,
        "decode_ms": 1.951392,
        "decode_gib_s": 477.2606272644685,
        "decode_ns_iters": [
          1954880,
          1968192,
          1961696,
          1969216,
          1964096,
          1960320,
          1964000,
          1951392,
          1963264,
          1959136,
          1959232,
          1952064,
          1968672,
          1966720,
          1962144,
          1967872,
          1963872,
          1956224,
          1966688,
          1960576,
          1952704,
          1952352,
          1965376,
          1963968,
          1970016,
          1969088,
          1967552,
          1960768,
          1965792,
          1959264
        ],
        "chunk_tokens": 256,
        "block_threads": 64,
        "staged_input_bytes": 238155712,
        "applicable": true
      },
      {
        "kernel": "onpair_dg_k8_t64_b4",
        "role": "experimental",
        "stage_bytes": null,
        "chunk_size": 256,
        "decode_ms": 1.947936,
        "decode_gib_s": 478.10737619658227,
        "decode_ns_iters": [
          1963968,
          1961248,
          1960128,
          1957280,
          1965664,
          1969344,
          1957152,
          1947936,
          1961312,
          1967456,
          1963872,
          1961056,
          1970432,
          1962240,
          1959232,
          1964320,
          1969120,
          1961440,
          1969536,
          1964800,
          1957728,
          1962656,
          1956384,
          1964352,
          1963648,
          1961952,
          1953664,
          1951424,
          1952480,
          1952576
        ],
        "chunk_tokens": 256,
        "block_threads": 64,
        "staged_input_bytes": 238155712,
        "applicable": true
      },
      {
        "kernel": "onpair_dg_k8_t64_b6",
        "role": "experimental",
        "stage_bytes": null,
        "chunk_size": 256,
        "decode_ms": 1.951104,
        "decode_gib_s": 477.3310751035648,
        "decode_ns_iters": [
          1965728,
          1964736,
          1951104,
          1953088,
          1955808,
          1968352,
          1952384,
          1970400,
          1961952,
          1967904,
          1965824,
          1963936,
          1975040,
          1969728,
          1967712,
          1951872,
          1965824,
          1959776,
          1968160,
          1953952,
          1962848,
          1954240,
          1968896,
          1953248,
          1962784,
          1965440,
          1967744,
          1965024,
          1960512,
          1958400
        ],
        "chunk_tokens": 256,
        "block_threads": 64,
        "staged_input_bytes": 238155712,
        "applicable": true
      },
      {
        "kernel": "onpair_dg_k8_t64_b8",
        "role": "experimental",
        "stage_bytes": null,
        "chunk_size": 256,
        "decode_ms": 1.951648,
        "decode_gib_s": 477.19802441775647,
        "decode_ns_iters": [
          1952864,
          1969056,
          1965600,
          1967104,
          1954752,
          1960928,
          1964960,
          1965504,
          1972768,
          1954784,
          1970272,
          1963136,
          1960832,
          1965408,
          1966976,
          1964768,
          1951648,
          1967328,
          1965760,
          1958848,
          1966432,
          1958208,
          1952768,
          1971168,
          1953504,
          1956864,
          1960896,
          1966080,
          1960512,
          1966720
        ],
        "chunk_tokens": 256,
        "block_threads": 64,
        "staged_input_bytes": 238155712,
        "applicable": true
      },
      {
        "kernel": "onpair_dg_k8_t128_b1",
        "role": "experimental",
        "stage_bytes": null,
        "chunk_size": 256,
        "decode_ms": 1.916224,
        "decode_gib_s": 486.01967721877276,
        "decode_ns_iters": [
          1926368,
          1930688,
          1924128,
          1924544,
          1925280,
          1922080,
          1925504,
          1928896,
          1926048,
          1924480,
          1925600,
          1922176,
          1929664,
          1927040,
          1923648,
          1925504,
          1926944,
          1928320,
          1924192,
          1924064,
          1924704,
          1925696,
          1925376,
          1916224,
          1925024,
          1917792,
          1928832,
          1930368,
          1925984,
          1932608
        ],
        "chunk_tokens": 256,
        "block_threads": 128,
        "staged_input_bytes": 238155712,
        "applicable": true
      },
      {
        "kernel": "onpair_dg_k8_t128_b2",
        "role": "experimental",
        "stage_bytes": null,
        "chunk_size": 256,
        "decode_ms": 1.91584,
        "decode_gib_s": 486.11709222005265,
        "decode_ns_iters": [
          1923712,
          1921088,
          1922720,
          1922400,
          1918592,
          1924576,
          1922976,
          1926656,
          1926464,
          1917504,
          1922208,
          1917152,
          1922400,
          1921088,
          1924800,
          1917632,
          1928512,
          1931168,
          1924480,
          1930400,
          1922816,
          1926464,
          1924608,
          1915840,
          1921984,
          1925248,
          1921600,
          1929152,
          1926560,
          1922112
        ],
        "chunk_tokens": 256,
        "block_threads": 128,
        "staged_input_bytes": 238155712,
        "applicable": true
      },
      {
        "kernel": "onpair_dg_k8_t128_b4",
        "role": "experimental",
        "stage_bytes": null,
        "chunk_size": 256,
        "decode_ms": 1.915552,
        "decode_gib_s": 486.19017910182845,
        "decode_ns_iters": [
          1926432,
          1929504,
          1924384,
          1920768,
          1926240,
          1925696,
          1928800,
          1929984,
          1925568,
          1915552,
          1923680,
          1925216,
          1924768,
          1922720,
          1927104,
          1923072,
          1925536,
          1923296,
          1917568,
          1924224,
          1926848,
          1924608,
          1923904,
          1924576,
          1924320,
          1927072,
          1928032,
          1926176,
          1921088,
          1921824
        ],
        "chunk_tokens": 256,
        "block_threads": 128,
        "staged_input_bytes": 238155712,
        "applicable": true
      },
      {
        "kernel": "onpair_dg_k8_t128_b6",
        "role": "experimental",
        "stage_bytes": null,
        "chunk_size": 256,
        "decode_ms": 1.912576,
        "decode_gib_s": 486.9466990900574,
        "decode_ns_iters": [
          1921792,
          1924000,
          1912576,
          1927968,
          1922624,
          1925600,
          1925248,
          1923456,
          1928960,
          1924480,
          1929248,
          1935040,
          1927904,
          1925824,
          1926912,
          1923872,
          1923328,
          1923520,
          1922528,
          1926912,
          1923104,
          1925696,
          1924032,
          1926400,
          1925920,
          1923136,
          1920800,
          1924416,
          1925312,
          1923424
        ],
        "chunk_tokens": 256,
        "block_threads": 128,
        "staged_input_bytes": 238155712,
        "applicable": true
      },
      {
        "kernel": "onpair_dg_k8_t128_b8",
        "role": "experimental",
        "stage_bytes": null,
        "chunk_size": 256,
        "decode_ms": 1.910272,
        "decode_gib_s": 487.53401084184117,
        "decode_ns_iters": [
          1922080,
          1924288,
          1926400,
          1926176,
          1922368,
          1931200,
          1922560,
          1920480,
          1926944,
          1910272,
          1919584,
          1928224,
          1923296,
          1923392,
          1925632,
          1920736,
          1929888,
          1924736,
          1924000,
          1927808,
          1927072,
          1924256,
          1933632,
          1933920,
          1927456,
          1923968,
          1925856,
          1925632,
          1924768,
          1924736
        ],
        "chunk_tokens": 256,
        "block_threads": 128,
        "staged_input_bytes": 238155712,
        "applicable": true
      },
      {
        "kernel": "onpair_dg_k8_t256_b1",
        "role": "experimental",
        "stage_bytes": null,
        "chunk_size": 256,
        "decode_ms": 1.882496,
        "decode_gib_s": 494.72751599943143,
        "decode_ns_iters": [
          1898912,
          1883936,
          1891872,
          1893280,
          1892768,
          1891584,
          1893216,
          1888960,
          1887840,
          1889344,
          1890304,
          1888224,
          1887136,
          1899680,
          1894560,
          1895392,
          1882496,
          1887200,
          1888256,
          1896224,
          1894560,
          1889568,
          1890208,
          1898688,
          1897248,
          1902496,
          1894112,
          1890944,
          1896512,
          1892000
        ],
        "chunk_tokens": 256,
        "block_threads": 256,
        "staged_input_bytes": 238155712,
        "applicable": true
      },
      {
        "kernel": "onpair_dg_k8_t256_b2",
        "role": "experimental",
        "stage_bytes": null,
        "chunk_size": 256,
        "decode_ms": 1.882304,
        "decode_gib_s": 494.7779795181148,
        "decode_ns_iters": [
          1886368,
          1887168,
          1892640,
          1885216,
          1883648,
          1882304,
          1883008,
          1889632,
          1896416,
          1884960,
          1895648,
          1895296,
          1893792,
          1886752,
          1896416,
          1886304,
          1883360,
          1887712,
          1884640,
          1893824,
          1884544,
          1894848,
          1891520,
          1896864,
          1897216,
          1891040,
          1885856,
          1889408,
          1890624,
          1893344
        ],
        "chunk_tokens": 256,
        "block_threads": 256,
        "staged_input_bytes": 238155712,
        "applicable": true
      },
      {
        "kernel": "onpair_dg_k8_t256_b4",
        "role": "experimental",
        "stage_bytes": null,
        "chunk_size": 256,
        "decode_ms": 1.885056,
        "decode_gib_s": 494.0556513752725,
        "decode_ns_iters": [
          1893664,
          1886912,
          1888512,
          1886784,
          1893504,
          1895936,
          1895296,
          1890144,
          1896736,
          1893216,
          1885056,
          1895808,
          1895520,
          1891264,
          1896384,
          1895136,
          1888416,
          1897344,
          1886272,
          1897984,
          1893312,
          1893408,
          1894400,
          1890016,
          1892608,
          1894240,
          1886816,
          1896992,
          1891840,
          1889472
        ],
        "chunk_tokens": 256,
        "block_threads": 256,
        "staged_input_bytes": 238155712,
        "applicable": true
      },
      {
        "kernel": "onpair_dg_k8_t256_b6",
        "role": "experimental",
        "stage_bytes": null,
        "chunk_size": 256,
        "decode_ms": 1.773984,
        "decode_gib_s": 524.9892727098247,
        "decode_ns_iters": [
          1787424,
          1794496,
          1784960,
          1790528,
          1802592,
          1790560,
          1789504,
          1783040,
          1795808,
          1783552,
          1789856,
          1773984,
          1791744,
          1789376,
          1800800,
          1788640,
          1789568,
          1788768,
          1791200,
          1787680,
          1796704,
          1782400,
          1782944,
          1789536,
          1783744,
          1783520,
          1783392,
          1777696,
          1790400,
          1790880
        ],
        "chunk_tokens": 256,
        "block_threads": 256,
        "staged_input_bytes": 238155712,
        "applicable": true
      },
      {
        "kernel": "onpair_dg_k8_t256_b8",
        "role": "experimental",
        "stage_bytes": null,
        "chunk_size": 256,
        "decode_ms": 1.757344,
        "decode_gib_s": 529.9603093980835,
        "decode_ns_iters": [
          1767776,
          1764928,
          1758816,
          1768576,
          1773056,
          1764704,
          1773440,
          1763872,
          1765248,
          1764768,
          1764000,
          1770528,
          1760288,
          1769376,
          1757344,
          1774080,
          1759552,
          1764352,
          1766944,
          1769728,
          1763488,
          1764192,
          1773088,
          1758560,
          1766560,
          1762656,
          1767008,
          1774720,
          1763488,
          1764256
        ],
        "chunk_tokens": 256,
        "block_threads": 256,
        "staged_input_bytes": 238155712,
        "applicable": true
      },
      {
        "kernel": "onpair_dw_k1_t64_b1",
        "role": "experimental",
        "stage_bytes": null,
        "chunk_size": 32,
        "decode_ms": 1.53632,
        "decode_gib_s": 606.2035057532713,
        "decode_ns_iters": [
          1540160,
          1541184,
          1539296,
          1541920,
          1539616,
          1539616,
          1541376,
          1540960,
          1538464,
          1541536,
          1540192,
          1538336,
          1538304,
          1539776,
          1540224,
          1536320,
          1538112,
          1539520,
          1538528,
          1541568,
          1540064,
          1542112,
          1540000,
          1538592,
          1539200,
          1539552,
          1537120,
          1546560,
          1538752,
          1540800
        ],
        "chunk_tokens": 32,
        "block_threads": 64,
        "staged_input_bytes": 263686776,
        "applicable": true
      },
      {
        "kernel": "onpair_dw_k1_t64_b2",
        "role": "experimental",
        "stage_bytes": null,
        "chunk_size": 32,
        "decode_ms": 1.538432,
        "decode_gib_s": 605.3712936020999,
        "decode_ns_iters": [
          1542464,
          1546368,
          1539296,
          1541184,
          1539968,
          1541280,
          1541856,
          1542880,
          1539232,
          1538880,
          1539424,
          1540576,
          1540864,
          1540064,
          1540352,
          1539072,
          1538976,
          1538432,
          1539232,
          1538432,
          1540640,
          1540320,
          1541696,
          1539872,
          1540224,
          1538880,
          1539712,
          1540960,
          1541216,
          1539616
        ],
        "chunk_tokens": 32,
        "block_threads": 64,
        "staged_input_bytes": 263686776,
        "applicable": true
      },
      {
        "kernel": "onpair_dw_k1_t64_b4",
        "role": "experimental",
        "stage_bytes": null,
        "chunk_size": 32,
        "decode_ms": 1.537536,
        "decode_gib_s": 605.724074076227,
        "decode_ns_iters": [
          1539168,
          1539616,
          1541728,
          1541280,
          1540928,
          1540192,
          1539296,
          1539360,
          1539808,
          1539840,
          1547232,
          1539168,
          1540768,
          1538912,
          1540352,
          1539040,
          1539520,
          1540384,
          1547104,
          1540160,
          1537536,
          1537856,
          1539168,
          1538016,
          1540640,
          1539648,
          1541312,
          1539424,
          1541664,
          1541504
        ],
        "chunk_tokens": 32,
        "block_threads": 64,
        "staged_input_bytes": 263686776,
        "applicable": true
      },
      {
        "kernel": "onpair_dw_k1_t64_b6",
        "role": "experimental",
        "stage_bytes": null,
        "chunk_size": 32,
        "decode_ms": 1.53776,
        "decode_gib_s": 605.6358404164926,
        "decode_ns_iters": [
          1551840,
          1540736,
          1540896,
          1539360,
          1542304,
          1539584,
          1539296,
          1539168,
          1541504,
          1541152,
          1539104,
          1540672,
          1540960,
          1540096,
          1537760,
          1540576,
          1538592,
          1539904,
          1539264,
          1538656,
          1540544,
          1539648,
          1539008,
          1542112,
          1539456,
          1542272,
          1542560,
          1542464,
          1540736,
          1540480
        ],
        "chunk_tokens": 32,
        "block_threads": 64,
        "staged_input_bytes": 263686776,
        "applicable": true
      },
      {
        "kernel": "onpair_dw_k1_t64_b8",
        "role": "experimental",
        "stage_bytes": null,
        "chunk_size": 32,
        "decode_ms": 1.526944,
        "decode_gib_s": 609.9258191255642,
        "decode_ns_iters": [
          1542336,
          1541056,
          1542432,
          1542944,
          1541344,
          1542080,
          1528480,
          1528192,
          1527648,
          1528864,
          1526944,
          1528192,
          1530368,
          1528000,
          1528000,
          1528864,
          1529280,
          1530112,
          1527872,
          1528640,
          1528544,
          1530208,
          1527488,
          1528640,
          1529024,
          1528480,
          1527232,
          1540608,
          1530112,
          1527776
        ],
        "chunk_tokens": 32,
        "block_threads": 64,
        "staged_input_bytes": 263686776,
        "applicable": true
      },
      {
        "kernel": "onpair_dw_k1_t128_b1",
        "role": "experimental",
        "stage_bytes": null,
        "chunk_size": 32,
        "decode_ms": 1.401984,
        "decode_gib_s": 664.2890146812415,
        "decode_ns_iters": [
          1405760,
          1404768,
          1404224,
          1405120,
          1405856,
          1406816,
          1404224,
          1406336,
          1406752,
          1407616,
          1415424,
          1406528,
          1406784,
          1405696,
          1404608,
          1405184,
          1411264,
          1403072,
          1406048,
          1405312,
          1407616,
          1406048,
          1404736,
          1407424,
          1407296,
          1413088,
          1401984,
          1405184,
          1405408,
          1404672
        ],
        "chunk_tokens": 32,
        "block_threads": 128,
        "staged_input_bytes": 263686776,
        "applicable": true
      },
      {
        "kernel": "onpair_dw_k1_t128_b2",
        "role": "experimental",
        "stage_bytes": null,
        "chunk_size": 32,
        "decode_ms": 1.403232,
        "decode_gib_s": 663.6982123831737,
        "decode_ns_iters": [
          1406752,
          1419296,
          1408352,
          1408256,
          1406464,
          1406784,
          1407872,
          1407648,
          1404960,
          1403232,
          1406656,
          1406016,
          1406496,
          1404512,
          1404544,
          1403552,
          1405312,
          1406176,
          1403968,
          1405952,
          1403840,
          1404256,
          1407648,
          1405568,
          1406528,
          1405664,
          1406880,
          1404320,
          1405824,
          1405920
        ],
        "chunk_tokens": 32,
        "block_threads": 128,
        "staged_input_bytes": 263686776,
        "applicable": true
      },
      {
        "kernel": "onpair_dw_k1_t128_b4",
        "role": "experimental",
        "stage_bytes": null,
        "chunk_size": 32,
        "decode_ms": 1.40368,
        "decode_gib_s": 663.4863857566295,
        "decode_ns_iters": [
          1407456,
          1405792,
          1406784,
          1403680,
          1410208,
          1405056,
          1405152,
          1413504,
          1405568,
          1408288,
          1404672,
          1405408,
          1408096,
          1406368,
          1407552,
          1406048,
          1405824,
          1408064,
          1405536,
          1406400,
          1407712,
          1405952,
          1407168,
          1406880,
          1413696,
          1405056,
          1405952,
          1407200,
          1404064,
          1404928
        ],
        "chunk_tokens": 32,
        "block_threads": 128,
        "staged_input_bytes": 263686776,
        "applicable": true
      },
      {
        "kernel": "onpair_dw_k1_t128_b6",
        "role": "experimental",
        "stage_bytes": null,
        "chunk_size": 32,
        "decode_ms": 1.403584,
        "decode_gib_s": 663.5317657930452,
        "decode_ns_iters": [
          1407552,
          1407808,
          1406176,
          1407008,
          1406784,
          1407328,
          1406400,
          1406176,
          1406912,
          1406720,
          1407136,
          1404352,
          1404992,
          1406528,
          1404768,
          1412896,
          1405472,
          1408512,
          1405344,
          1408032,
          1405696,
          1403584,
          1407456,
          1403936,
          1405376,
          1404960,
          1408160,
          1406592,
          1408096,
          1406112
        ],
        "chunk_tokens": 32,
        "block_threads": 128,
        "staged_input_bytes": 263686776,
        "applicable": true
      },
      {
        "kernel": "onpair_dw_k1_t128_b8",
        "role": "experimental",
        "stage_bytes": null,
        "chunk_size": 32,
        "decode_ms": 1.403392,
        "decode_gib_s": 663.6225444913935,
        "decode_ns_iters": [
          1404832,
          1406656,
          1405120,
          1403392,
          1405216,
          1406720,
          1404992,
          1405216,
          1408800,
          1406720,
          1406848,
          1405248,
          1405664,
          1404928,
          1407776,
          1405568,
          1406336,
          1405088,
          1406720,
          1404288,
          1406944,
          1406464,
          1403680,
          1407520,
          1405728,
          1408064,
          1405024,
          1407168,
          1406752,
          1405664
        ],
        "chunk_tokens": 32,
        "block_threads": 128,
        "staged_input_bytes": 263686776,
        "applicable": true
      },
      {
        "kernel": "onpair_dw_k1_t256_b1",
        "role": "experimental",
        "stage_bytes": null,
        "chunk_size": 32,
        "decode_ms": 1.399392,
        "decode_gib_s": 665.5194326956747,
        "decode_ns_iters": [
          1404256,
          1405184,
          1399840,
          1404896,
          1399680,
          1402560,
          1402944,
          1402432,
          1401408,
          1400576,
          1403296,
          1400960,
          1402176,
          1404736,
          1402944,
          1400576,
          1400992,
          1404000,
          1400512,
          1402656,
          1404448,
          1401216,
          1399392,
          1409344,
          1404224,
          1400032,
          1404864,
          1400288,
          1403008,
          1402240
        ],
        "chunk_tokens": 32,
        "block_threads": 256,
        "staged_input_bytes": 263686776,
        "applicable": true
      },
      {
        "kernel": "onpair_dw_k1_t256_b2",
        "role": "experimental",
        "stage_bytes": null,
        "chunk_size": 32,
        "decode_ms": 1.396224,
        "decode_gib_s": 667.0294809134249,
        "decode_ns_iters": [
          1399936,
          1400928,
          1403712,
          1400928,
          1402880,
          1401376,
          1404928,
          1402624,
          1405088,
          1399040,
          1399104,
          1402464,
          1396224,
          1401408,
          1400608,
          1402752,
          1398624,
          1399584,
          1397856,
          1399360,
          1402208,
          1403808,
          1401376,
          1405344,
          1401312,
          1402784,
          1403776,
          1401216,
          1402528,
          1402016
        ],
        "chunk_tokens": 32,
        "block_threads": 256,
        "staged_input_bytes": 263686776,
        "applicable": true
      },
      {
        "kernel": "onpair_dw_k1_t256_b4",
        "role": "experimental",
        "stage_bytes": null,
        "chunk_size": 32,
        "decode_ms": 1.39744,
        "decode_gib_s": 666.4490568173701,
        "decode_ns_iters": [
          1401920,
          1402272,
          1405536,
          1401728,
          1400384,
          1404800,
          1399680,
          1400000,
          1397440,
          1400256,
          1400416,
          1402464,
          1412928,
          1401920,
          1402464,
          1401664,
          1402944,
          1401632,
          1401088,
          1401312,
          1402816,
          1400928,
          1404288,
          1399328,
          1397568,
          1401696,
          1402080,
          1399712,
          1403648,
          1398016
        ],
        "chunk_tokens": 32,
        "block_threads": 256,
        "staged_input_bytes": 263686776,
        "applicable": true
      },
      {
        "kernel": "onpair_dw_k1_t256_b6",
        "role": "experimental",
        "stage_bytes": null,
        "chunk_size": 32,
        "decode_ms": 1.321952,
        "decode_gib_s": 704.5055871611569,
        "decode_ns_iters": [
          1325376,
          1323872,
          1325376,
          1323072,
          1325472,
          1323168,
          1323648,
          1323328,
          1324864,
          1325088,
          1323968,
          1323520,
          1331968,
          1321952,
          1324640,
          1322720,
          1324096,
          1322592,
          1325888,
          1325344,
          1324160,
          1324928,
          1324384,
          1326336,
          1324960,
          1322976,
          1327520,
          1324384,
          1323552,
          1325152
        ],
        "chunk_tokens": 32,
        "block_threads": 256,
        "staged_input_bytes": 263686776,
        "applicable": true
      },
      {
        "kernel": "onpair_dw_k1_t256_b8",
        "role": "experimental",
        "stage_bytes": null,
        "chunk_size": 32,
        "decode_ms": 1.322464,
        "decode_gib_s": 704.2328335280699,
        "decode_ns_iters": [
          1323936,
          1323008,
          1324448,
          1324224,
          1323872,
          1324352,
          1324960,
          1326624,
          1325536,
          1324736,
          1325856,
          1323456,
          1325216,
          1330208,
          1324800,
          1326016,
          1322976,
          1324352,
          1323840,
          1326272,
          1326240,
          1325792,
          1324800,
          1322464,
          1322752,
          1325184,
          1330176,
          1324448,
          1325664,
          1326496
        ],
        "chunk_tokens": 32,
        "block_threads": 256,
        "staged_input_bytes": 263686776,
        "applicable": true
      },
      {
        "kernel": "onpair_dw_k2_t64_b1",
        "role": "experimental",
        "stage_bytes": null,
        "chunk_size": 64,
        "decode_ms": 1.872672,
        "decode_gib_s": 497.32284669118013,
        "decode_ns_iters": [
          1875808,
          1876192,
          1875296,
          1875136,
          1874368,
          1873952,
          1875456,
          1872672,
          1875008,
          1875712,
          1876448,
          1879872,
          1874592,
          1874976,
          1877056,
          1875072,
          1876544,
          1873984,
          1875232,
          1875328,
          1875808,
          1878112,
          1875776,
          1874368,
          1874272,
          1875456,
          1875584,
          1883808,
          1875168,
          1875456
        ],
        "chunk_tokens": 64,
        "block_threads": 64,
        "staged_input_bytes": 249097584,
        "applicable": true
      },
      {
        "kernel": "onpair_dw_k2_t64_b2",
        "role": "experimental",
        "stage_bytes": null,
        "chunk_size": 64,
        "decode_ms": 1.873952,
        "decode_gib_s": 496.98315109397976,
        "decode_ns_iters": [
          1873984,
          1873952,
          1875808,
          1875776,
          1875776,
          1876064,
          1874144,
          1876000,
          1876640,
          1875392,
          1874528,
          1875616,
          1875552,
          1888320,
          1887744,
          1888160,
          1887488,
          1885600,
          1885408,
          1887360,
          1892832,
          1894720,
          1885664,
          1887200,
          1886144,
          1885696,
          1886432,
          1887264,
          1886688,
          1888416
        ],
        "chunk_tokens": 64,
        "block_threads": 64,
        "staged_input_bytes": 249097584,
        "applicable": true
      },
      {
        "kernel": "onpair_dw_k2_t64_b4",
        "role": "experimental",
        "stage_bytes": null,
        "chunk_size": 64,
        "decode_ms": 1.885184,
        "decode_gib_s": 494.02210604315843,
        "decode_ns_iters": [
          1894464,
          1893472,
          1885696,
          1886400,
          1888512,
          1885216,
          1886112,
          1885888,
          1886208,
          1885184,
          1888128,
          1887072,
          1887552,
          1886816,
          1886432,
          1886368,
          1886880,
          1886720,
          1886176,
          1886528,
          1886624,
          1888064,
          1886272,
          1886272,
          1886304,
          1886848,
          1886912,
          1886624,
          1886976,
          1886848
        ],
        "chunk_tokens": 64,
        "block_threads": 64,
        "staged_input_bytes": 249097584,
        "applicable": true
      },
      {
        "kernel": "onpair_dw_k2_t64_b6",
        "role": "experimental",
        "stage_bytes": null,
        "chunk_size": 64,
        "decode_ms": 1.884448,
        "decode_gib_s": 494.21505393561705,
        "decode_ns_iters": [
          1888960,
          1885696,
          1887232,
          1887488,
          1886624,
          1886432,
          1885568,
          1887232,
          1886080,
          1886432,
          1886016,
          1887296,
          1887104,
          1884448,
          1887264,
          1886816,
          1887968,
          1896416,
          1893600,
          1895072,
          1885952,
          1887136,
          1886400,
          1884448,
          1886432,
          1886656,
          1886112,
          1884864,
          1887296,
          1887776
        ],
        "chunk_tokens": 64,
        "block_threads": 64,
        "staged_input_bytes": 249097584,
        "applicable": true
      },
      {
        "kernel": "onpair_dw_k2_t64_b8",
        "role": "experimental",
        "stage_bytes": null,
        "chunk_size": 64,
        "decode_ms": 1.874208,
        "decode_gib_s": 496.9152676537853,
        "decode_ns_iters": [
          1887648,
          1885280,
          1886656,
          1887776,
          1886432,
          1885344,
          1884736,
          1886176,
          1887136,
          1885024,
          1887072,
          1886464,
          1886432,
          1886656,
          1886144,
          1886976,
          1886656,
          1886624,
          1886336,
          1887392,
          1887904,
          1887904,
          1885856,
          1888864,
          1880672,
          1876704,
          1877056,
          1875648,
          1876992,
          1874208
        ],
        "chunk_tokens": 64,
        "block_threads": 64,
        "staged_input_bytes": 249097584,
        "applicable": true
      },
      {
        "kernel": "onpair_dw_k2_t128_b1",
        "role": "experimental",
        "stage_bytes": null,
        "chunk_size": 64,
        "decode_ms": 1.765408,
        "decode_gib_s": 527.5395659014039,
        "decode_ns_iters": [
          1765408,
          1779680,
          1778944,
          1778400,
          1778272,
          1775296,
          1784096,
          1777472,
          1777344,
          1778144,
          1775712,
          1777888,
          1777824,
          1774016,
          1776096,
          1776512,
          1776000,
          1778240,
          1776480,
          1776960,
          1776320,
          1775648,
          1776320,
          1775648,
          1775424,
          1776640,
          1777600,
          1776480,
          1776224,
          1775360
        ],
        "chunk_tokens": 64,
        "block_threads": 128,
        "staged_input_bytes": 249097584,
        "applicable": true
      },
      {
        "kernel": "onpair_dw_k2_t128_b2",
        "role": "experimental",
        "stage_bytes": null,
        "chunk_size": 64,
        "decode_ms": 1.773952,
        "decode_gib_s": 524.9987428965753,
        "decode_ns_iters": [
          1776896,
          1777056,
          1776544,
          1777440,
          1777984,
          1784256,
          1775776,
          1776128,
          1775616,
          1775840,
          1776448,
          1776192,
          1775392,
          1777280,
          1774688,
          1775584,
          1776992,
          1776960,
          1774464,
          1776064,
          1783104,
          1776576,
          1777824,
          1777536,
          1777632,
          1776064,
          1773952,
          1776672,
          1778240,
          1775904
        ],
        "chunk_tokens": 64,
        "block_threads": 128,
        "staged_input_bytes": 249097584,
        "applicable": true
      },
      {
        "kernel": "onpair_dw_k2_t128_b4",
        "role": "experimental",
        "stage_bytes": null,
        "chunk_size": 64,
        "decode_ms": 1.774336,
        "decode_gib_s": 524.8851232003778,
        "decode_ns_iters": [
          1778496,
          1777600,
          1777696,
          1776320,
          1775840,
          1774336,
          1777344,
          1775680,
          1776544,
          1774752,
          1775936,
          1776000,
          1784960,
          1777216,
          1777344,
          1778272,
          1778752,
          1775968,
          1777664,
          1776128,
          1778656,
          1776992,
          1777440,
          1776288,
          1775680,
          1776160,
          1775776,
          1782336,
          1776608,
          1776128
        ],
        "chunk_tokens": 64,
        "block_threads": 128,
        "staged_input_bytes": 249097584,
        "applicable": true
      },
      {
        "kernel": "onpair_dw_k2_t128_b6",
        "role": "experimental",
        "stage_bytes": null,
        "chunk_size": 64,
        "decode_ms": 1.774048,
        "decode_gib_s": 524.9703333612538,
        "decode_ns_iters": [
          1780032,
          1777440,
          1775360,
          1776000,
          1774272,
          1776064,
          1776640,
          1776032,
          1777600,
          1775008,
          1776288,
          1774048,
          1784352,
          1775744,
          1775872,
          1775744,
          1775168,
          1776992,
          1777216,
          1776992,
          1776320,
          1775264,
          1776832,
          1775488,
          1776000,
          1774432,
          1776288,
          1777280,
          1776480,
          1777248
        ],
        "chunk_tokens": 64,
        "block_threads": 128,
        "staged_input_bytes": 249097584,
        "applicable": true
      },
      {
        "kernel": "onpair_dw_k2_t128_b8",
        "role": "experimental",
        "stage_bytes": null,
        "chunk_size": 64,
        "decode_ms": 1.774976,
        "decode_gib_s": 524.6958662871303,
        "decode_ns_iters": [
          1778560,
          1778176,
          1778752,
          1778688,
          1778080,
          1776320,
          1776448,
          1777632,
          1775392,
          1775200,
          1776544,
          1776352,
          1776352,
          1775904,
          1775360,
          1777760,
          1776832,
          1775360,
          1776256,
          1782752,
          1776256,
          1775968,
          1775776,
          1775488,
          1775264,
          1777024,
          1777664,
          1774976,
          1775520,
          1775904
        ],
        "chunk_tokens": 64,
        "block_threads": 128,
        "staged_input_bytes": 249097584,
        "applicable": true
      },
      {
        "kernel": "onpair_dw_k2_t256_b1",
        "role": "experimental",
        "stage_bytes": null,
        "chunk_size": 64,
        "decode_ms": 1.674656,
        "decode_gib_s": 556.1276882887386,
        "decode_ns_iters": [
          1677312,
          1677952,
          1678688,
          1678048,
          1675456,
          1675264,
          1677408,
          1676992,
          1675168,
          1676672,
          1676192,
          1675808,
          1676960,
          1676576,
          1684448,
          1677600,
          1674656,
          1677792,
          1675680,
          1675936,
          1677056,
          1677568,
          1677760,
          1678080,
          1677504,
          1675872,
          1675712,
          1677952,
          1677504,
          1677376
        ],
        "chunk_tokens": 64,
        "block_threads": 256,
        "staged_input_bytes": 249097584,
        "applicable": true
      },
      {
        "kernel": "onpair_dw_k2_t256_b2",
        "role": "experimental",
        "stage_bytes": null,
        "chunk_size": 64,
        "decode_ms": 1.674176,
        "decode_gib_s": 556.287134661389,
        "decode_ns_iters": [
          1678048,
          1677376,
          1677632,
          1675872,
          1677024,
          1676928,
          1676416,
          1676960,
          1675168,
          1677536,
          1676064,
          1677312,
          1675296,
          1684032,
          1677056,
          1674848,
          1677696,
          1674688,
          1676672,
          1677344,
          1676576,
          1675584,
          1675104,
          1674848,
          1675936,
          1674176,
          1674688,
          1675264,
          1675488,
          1675264
        ],
        "chunk_tokens": 64,
        "block_threads": 256,
        "staged_input_bytes": 249097584,
        "applicable": true
      },
      {
        "kernel": "onpair_dw_k2_t256_b4",
        "role": "experimental",
        "stage_bytes": null,
        "chunk_size": 64,
        "decode_ms": 1.674624,
        "decode_gib_s": 556.1383152032132,
        "decode_ns_iters": [
          1678688,
          1678144,
          1676736,
          1678208,
          1674912,
          1678048,
          1675520,
          1675232,
          1675872,
          1675488,
          1675552,
          1674752,
          1677280,
          1676896,
          1677216,
          1677184,
          1685184,
          1675200,
          1674624,
          1677024,
          1675520,
          1675264,
          1675936,
          1677408,
          1677472,
          1677280,
          1675136,
          1674976,
          1676672,
          1677984
        ],
        "chunk_tokens": 64,
        "block_threads": 256,
        "staged_input_bytes": 249097584,
        "applicable": true
      },
      {
        "kernel": "onpair_dw_k2_t256_b6",
        "role": "experimental",
        "stage_bytes": null,
        "chunk_size": 64,
        "decode_ms": 1.773856,
        "decode_gib_s": 525.0271555069102,
        "decode_ns_iters": [
          1779776,
          1777056,
          1774048,
          1776416,
          1774176,
          1776160,
          1775776,
          1773856,
          1776192,
          1776512,
          1777568,
          1776288,
          1776608,
          1776256,
          1774784,
          1776224,
          1776064,
          1776704,
          1776224,
          1775424,
          1781600,
          1775648,
          1776544,
          1775616,
          1775392,
          1776928,
          1774304,
          1774400,
          1776672,
          1776064
        ],
        "chunk_tokens": 64,
        "block_threads": 256,
        "staged_input_bytes": 249097584,
        "applicable": true
      },
      {
        "kernel": "onpair_dw_k2_t256_b8",
        "role": "experimental",
        "stage_bytes": null,
        "chunk_size": 64,
        "decode_ms": 1.774592,
        "decode_gib_s": 524.8094040539265,
        "decode_ns_iters": [
          1776512,
          1777472,
          1775904,
          1776512,
          1775712,
          1776160,
          1775168,
          1775680,
          1776864,
          1775776,
          1775616,
          1780992,
          1788064,
          1776640,
          1774720,
          1775904,
          1775840,
          1774592,
          1775328,
          1775712,
          1775136,
          1776640,
          1775840,
          1775584,
          1775296,
          1775904,
          1776128,
          1775552,
          1775776,
          1775776
        ],
        "chunk_tokens": 64,
        "block_threads": 256,
        "staged_input_bytes": 249097584,
        "applicable": true
      },
      {
        "kernel": "onpair_dw_k3_t64_b1",
        "role": "experimental",
        "stage_bytes": null,
        "chunk_size": 96,
        "decode_ms": 1.840192,
        "decode_gib_s": 506.10076011571925,
        "decode_ns_iters": [
          1843808,
          1844320,
          1844032,
          1844384,
          1843456,
          1843936,
          1841664,
          1842336,
          1841824,
          1841248,
          1852032,
          1842912,
          1841568,
          1842912,
          1843776,
          1842080,
          1841440,
          1843680,
          1844736,
          1841152,
          1843072,
          1841184,
          1842336,
          1842368,
          1844288,
          1840192,
          1842720,
          1843072,
          1843136,
          1841632
        ],
        "chunk_tokens": 96,
        "block_threads": 64,
        "staged_input_bytes": 244234520,
        "applicable": true
      },
      {
        "kernel": "onpair_dw_k3_t64_b2",
        "role": "experimental",
        "stage_bytes": null,
        "chunk_size": 96,
        "decode_ms": 1.840672,
        "decode_gib_s": 505.9687820311634,
        "decode_ns_iters": [
          1843936,
          1841824,
          1841600,
          1842336,
          1840800,
          1841792,
          1841184,
          1843296,
          1840736,
          1844736,
          1843552,
          1852288,
          1842656,
          1843616,
          1841280,
          1841152,
          1840864,
          1842016,
          1843232,
          1841568,
          1841856,
          1842048,
          1843904,
          1840800,
          1841280,
          1852800,
          1840928,
          1840672,
          1842080,
          1841312
        ],
        "chunk_tokens": 96,
        "block_threads": 64,
        "staged_input_bytes": 244234520,
        "applicable": true
      },
      {
        "kernel": "onpair_dw_k3_t64_b4",
        "role": "experimental",
        "stage_bytes": null,
        "chunk_size": 96,
        "decode_ms": 1.829536,
        "decode_gib_s": 509.04850735862294,
        "decode_ns_iters": [
          1844832,
          1835648,
          1832224,
          1831264,
          1832352,
          1832512,
          1831232,
          1830848,
          1837920,
          1830208,
          1832416,
          1832672,
          1829536,
          1841568,
          1841408,
          1843776,
          1841120,
          1841760,
          1842560,
          1842848,
          1840992,
          1849920,
          1843552,
          1841056,
          1840384,
          1843360,
          1841184,
          1843744,
          1842688,
          1842592
        ],
        "chunk_tokens": 96,
        "block_threads": 64,
        "staged_input_bytes": 244234520,
        "applicable": true
      },
      {
        "kernel": "onpair_dw_k3_t64_b6",
        "role": "experimental",
        "stage_bytes": null,
        "chunk_size": 96,
        "decode_ms": 1.840352,
        "decode_gib_s": 506.05675977142727,
        "decode_ns_iters": [
          1843136,
          1842496,
          1841472,
          1842816,
          1842880,
          1842432,
          1841312,
          1842592,
          1842528,
          1842368,
          1841504,
          1842784,
          1842816,
          1842272,
          1843424,
          1841248,
          1844448,
          1842560,
          1842720,
          1840352,
          1842656,
          1842400,
          1849856,
          1843712,
          1843680,
          1843360,
          1843552,
          1841952,
          1844576,
          1845824
        ],
        "chunk_tokens": 96,
        "block_threads": 64,
        "staged_input_bytes": 244234520,
        "applicable": true
      },
      {
        "kernel": "onpair_dw_k3_t64_b8",
        "role": "experimental",
        "stage_bytes": null,
        "chunk_size": 96,
        "decode_ms": 1.840896,
        "decode_gib_s": 505.9072158116839,
        "decode_ns_iters": [
          1842304,
          1842432,
          1842304,
          1841568,
          1842080,
          1842400,
          1843424,
          1842944,
          1842144,
          1848896,
          1841600,
          1842016,
          1842144,
          1842272,
          1845024,
          1842240,
          1843616,
          1841504,
          1841408,
          1842880,
          1843200,
          1840992,
          1844192,
          1850720,
          1840896,
          1841888,
          1842528,
          1843616,
          1845216,
          1841600
        ],
        "chunk_tokens": 96,
        "block_threads": 64,
        "staged_input_bytes": 244234520,
        "applicable": true
      },
      {
        "kernel": "onpair_dw_k3_t128_b1",
        "role": "experimental",
        "stage_bytes": null,
        "chunk_size": 96,
        "decode_ms": 1.764928,
        "decode_gib_s": 527.6830386048981,
        "decode_ns_iters": [
          1768832,
          1767552,
          1767040,
          1767200,
          1765696,
          1768064,
          1765632,
          1765344,
          1765824,
          1766496,
          1767616,
          1764928,
          1766432,
          1765472,
          1768672,
          1767424,
          1767872,
          1765824,
          1768064,
          1765376,
          1767808,
          1766048,
          1767840,
          1765056,
          1767360,
          1767872,
          1765984,
          1765888,
          1767904,
          1766176
        ],
        "chunk_tokens": 96,
        "block_threads": 128,
        "staged_input_bytes": 244234520,
        "applicable": true
      },
      {
        "kernel": "onpair_dw_k3_t128_b2",
        "role": "experimental",
        "stage_bytes": null,
        "chunk_size": 96,
        "decode_ms": 1.764256,
        "decode_gib_s": 527.8840315457993,
        "decode_ns_iters": [
          1768064,
          1776576,
          1768256,
          1767776,
          1767104,
          1766400,
          1766432,
          1764960,
          1772480,
          1766816,
          1766752,
          1765632,
          1766240,
          1769280,
          1767488,
          1771968,
          1766944,
          1765792,
          1765696,
          1766240,
          1767072,
          1765632,
          1771552,
          1764256,
          1766848,
          1767072,
          1766080,
          1766688,
          1767040,
          1766752
        ],
        "chunk_tokens": 96,
        "block_threads": 128,
        "staged_input_bytes": 244234520,
        "applicable": true
      },
      {
        "kernel": "onpair_dw_k3_t128_b4",
        "role": "experimental",
        "stage_bytes": null,
        "chunk_size": 96,
        "decode_ms": 1.764672,
        "decode_gib_s": 527.7595892941383,
        "decode_ns_iters": [
          1768448,
          1767712,
          1768512,
          1767840,
          1767360,
          1766400,
          1765088,
          1766752,
          1767200,
          1764864,
          1764992,
          1766240,
          1765568,
          1765664,
          1765088,
          1766880,
          1764992,
          1766272,
          1767552,
          1765344,
          1767104,
          1766752,
          1765216,
          1767456,
          1765696,
          1764672,
          1773152,
          1765184,
          1765472,
          1766336
        ],
        "chunk_tokens": 96,
        "block_threads": 128,
        "staged_input_bytes": 244234520,
        "applicable": true
      },
      {
        "kernel": "onpair_dw_k3_t128_b6",
        "role": "experimental",
        "stage_bytes": null,
        "chunk_size": 96,
        "decode_ms": 1.7648,
        "decode_gib_s": 527.7213111734279,
        "decode_ns_iters": [
          1767936,
          1768384,
          1768096,
          1774464,
          1765856,
          1766592,
          1767936,
          1768896,
          1766176,
          1766112,
          1767072,
          1766688,
          1766240,
          1767520,
          1769024,
          1766848,
          1767616,
          1764800,
          1767200,
          1766720,
          1765984,
          1767360,
          1765472,
          1766432,
          1767200,
          1765888,
          1767008,
          1765920,
          1764896,
          1767584
        ],
        "chunk_tokens": 96,
        "block_threads": 128,
        "staged_input_bytes": 244234520,
        "applicable": true
      },
      {
        "kernel": "onpair_dw_k3_t128_b8",
        "role": "experimental",
        "stage_bytes": null,
        "chunk_size": 96,
        "decode_ms": 1.764416,
        "decode_gib_s": 527.8361621969341,
        "decode_ns_iters": [
          1770400,
          1767328,
          1766592,
          1764608,
          1766816,
          1766688,
          1766432,
          1767072,
          1766112,
          1765088,
          1767552,
          1768384,
          1767040,
          1764416,
          1764608,
          1765568,
          1764896,
          1766560,
          1766304,
          1765216,
          1766720,
          1772736,
          1767040,
          1767744,
          1767584,
          1765696,
          1764576,
          1766912,
          1770752,
          1766592
        ],
        "chunk_tokens": 96,
        "block_threads": 128,
        "staged_input_bytes": 244234520,
        "applicable": true
      },
      {
        "kernel": "onpair_dw_k3_t256_b1",
        "role": "experimental",
        "stage_bytes": null,
        "chunk_size": 96,
        "decode_ms": 1.662144,
        "decode_gib_s": 560.3140100730536,
        "decode_ns_iters": [
          1666272,
          1665632,
          1671264,
          1663744,
          1664192,
          1663552,
          1672896,
          1666816,
          1664480,
          1667232,
          1670784,
          1666528,
          1663744,
          1663040,
          1663136,
          1662144,
          1664512,
          1664896,
          1665280,
          1664032,
          1663968,
          1665536,
          1663072,
          1664736,
          1665472,
          1665664,
          1666720,
          1664864,
          1667200,
          1665824
        ],
        "chunk_tokens": 96,
        "block_threads": 256,
        "staged_input_bytes": 244234520,
        "applicable": true
      },
      {
        "kernel": "onpair_dw_k3_t256_b2",
        "role": "experimental",
        "stage_bytes": null,
        "chunk_size": 96,
        "decode_ms": 1.662432,
        "decode_gib_s": 560.2169411794682,
        "decode_ns_iters": [
          1663936,
          1663040,
          1665696,
          1664384,
          1663712,
          1664032,
          1664288,
          1663648,
          1663808,
          1665504,
          1664320,
          1663680,
          1666176,
          1664032,
          1663616,
          1663328,
          1665440,
          1664320,
          1664416,
          1664384,
          1665600,
          1663680,
          1666368,
          1664000,
          1664768,
          1662432,
          1665024,
          1663808,
          1663808,
          1664800
        ],
        "chunk_tokens": 96,
        "block_threads": 256,
        "staged_input_bytes": 244234520,
        "applicable": true
      },
      {
        "kernel": "onpair_dw_k3_t256_b4",
        "role": "experimental",
        "stage_bytes": null,
        "chunk_size": 96,
        "decode_ms": 1.6624,
        "decode_gib_s": 560.2277249511944,
        "decode_ns_iters": [
          1664960,
          1666208,
          1666240,
          1664416,
          1663296,
          1664448,
          1665120,
          1664672,
          1663296,
          1664736,
          1664928,
          1666656,
          1664256,
          1669888,
          1665696,
          1662400,
          1664032,
          1671680,
          1664096,
          1665024,
          1662560,
          1671072,
          1663616,
          1664416,
          1664896,
          1664928,
          1663488,
          1663552,
          1662912,
          1664928
        ],
        "chunk_tokens": 96,
        "block_threads": 256,
        "staged_input_bytes": 244234520,
        "applicable": true
      },
      {
        "kernel": "onpair_dw_k3_t256_b6",
        "role": "experimental",
        "stage_bytes": null,
        "chunk_size": 96,
        "decode_ms": 1.76736,
        "decode_gib_s": 526.9569131127024,
        "decode_ns_iters": [
          1769760,
          1770432,
          1768608,
          1770144,
          1769248,
          1770432,
          1769120,
          1767360,
          1769472,
          1769728,
          1769408,
          1770496,
          1767712,
          1769440,
          1768544,
          1768832,
          1769568,
          1767616,
          1769664,
          1771008,
          1769728,
          1767680,
          1769536,
          1771872,
          1770048,
          1767776,
          1770176,
          1769504,
          1771840,
          1768576
        ],
        "chunk_tokens": 96,
        "block_threads": 256,
        "staged_input_bytes": 244234520,
        "applicable": true
      },
      {
        "kernel": "onpair_dw_k3_t256_b8",
        "role": "experimental",
        "stage_bytes": null,
        "chunk_size": 96,
        "decode_ms": 1.767648,
        "decode_gib_s": 526.8710568839869,
        "decode_ns_iters": [
          1772224,
          1770304,
          1771232,
          1769472,
          1769472,
          1769376,
          1769536,
          1768608,
          1769760,
          1768192,
          1767648,
          1767648,
          1769664,
          1770400,
          1770944,
          1769600,
          1771168,
          1769632,
          1767808,
          1770560,
          1769408,
          1769536,
          1768224,
          1771776,
          1769280,
          1769792,
          1768192,
          1768800,
          1769120,
          1769632
        ],
        "chunk_tokens": 96,
        "block_threads": 256,
        "staged_input_bytes": 244234520,
        "applicable": true
      },
      {
        "kernel": "onpair_dw_k4_t64_b1",
        "role": "experimental",
        "stage_bytes": null,
        "chunk_size": 128,
        "decode_ms": 1.82256,
        "decode_gib_s": 510.9969328630419,
        "decode_ns_iters": [
          1834400,
          1837248,
          1824704,
          1822560,
          1843424,
          1835008,
          1832672,
          1833472,
          1832928,
          1834848,
          1832704,
          1833120,
          1834304,
          1835136,
          1834240,
          1835264,
          1832992,
          1840288,
          1832960,
          1835680,
          1832544,
          1832992,
          1832448,
          1834368,
          1833024,
          1831872,
          1833600,
          1833184,
          1833408,
          1836160
        ],
        "chunk_tokens": 128,
        "block_threads": 64,
        "staged_input_bytes": 241802992,
        "applicable": true
      },
      {
        "kernel": "onpair_dw_k4_t64_b2",
        "role": "experimental",
        "stage_bytes": null,
        "chunk_size": 128,
        "decode_ms": 1.832864,
        "decode_gib_s": 508.12420886594185,
        "decode_ns_iters": [
          1835616,
          1834208,
          1843072,
          1834304,
          1834912,
          1833280,
          1833440,
          1833664,
          1833440,
          1834976,
          1834560,
          1833888,
          1834400,
          1833248,
          1835136,
          1840384,
          1834848,
          1833248,
          1833696,
          1834144,
          1833472,
          1834976,
          1834944,
          1834208,
          1834976,
          1834496,
          1833472,
          1834848,
          1841568,
          1832864
        ],
        "chunk_tokens": 128,
        "block_threads": 64,
        "staged_input_bytes": 241802992,
        "applicable": true
      },
      {
        "kernel": "onpair_dw_k4_t64_b4",
        "role": "experimental",
        "stage_bytes": null,
        "chunk_size": 128,
        "decode_ms": 1.830464,
        "decode_gib_s": 508.7904323487736,
        "decode_ns_iters": [
          1840480,
          1833280,
          1832064,
          1833248,
          1831072,
          1833440,
          1834208,
          1832320,
          1833376,
          1832064,
          1836096,
          1832352,
          1830464,
          1845568,
          1834464,
          1832800,
          1833600,
          1832544,
          1834240,
          1834048,
          1833376,
          1832320,
          1835264,
          1834144,
          1833760,
          1832736,
          1834944,
          1832352,
          1833696,
          1832480
        ],
        "chunk_tokens": 128,
        "block_threads": 64,
        "staged_input_bytes": 241802992,
        "applicable": true
      },
      {
        "kernel": "onpair_dw_k4_t64_b6",
        "role": "experimental",
        "stage_bytes": null,
        "chunk_size": 128,
        "decode_ms": 1.83184,
        "decode_gib_s": 508.4082506981318,
        "decode_ns_iters": [
          1834976,
          1834752,
          1832032,
          1833024,
          1834048,
          1834176,
          1833120,
          1833984,
          1835072,
          1832928,
          1833664,
          1834880,
          1833728,
          1833248,
          1832672,
          1832864,
          1834240,
          1834720,
          1833568,
          1832896,
          1835008,
          1834400,
          1832288,
          1843744,
          1832448,
          1835040,
          1833184,
          1831840,
          1832480,
          1832288
        ],
        "chunk_tokens": 128,
        "block_threads": 64,
        "staged_input_bytes": 241802992,
        "applicable": true
      },
      {
        "kernel": "onpair_dw_k4_t64_b8",
        "role": "experimental",
        "stage_bytes": null,
        "chunk_size": 128,
        "decode_ms": 1.830464,
        "decode_gib_s": 508.7904323487736,
        "decode_ns_iters": [
          1836000,
          1833088,
          1834752,
          1835136,
          1835072,
          1834400,
          1833408,
          1834208,
          1843168,
          1833664,
          1834016,
          1833952,
          1833408,
          1832768,
          1833216,
          1834592,
          1835648,
          1835200,
          1830464,
          1835104,
          1833504,
          1840128,
          1834944,
          1835744,
          1836160,
          1833312,
          1835744,
          1834976,
          1833408,
          1836064
        ],
        "chunk_tokens": 128,
        "block_threads": 64,
        "staged_input_bytes": 241802992,
        "applicable": true
      },
      {
        "kernel": "onpair_dw_k4_t128_b1",
        "role": "experimental",
        "stage_bytes": null,
        "chunk_size": 128,
        "decode_ms": 1.777408,
        "decode_gib_s": 523.9779330119284,
        "decode_ns_iters": [
          1781728,
          1781920,
          1780512,
          1780256,
          1778144,
          1780416,
          1778752,
          1779808,
          1779840,
          1779264,
          1779840,
          1781536,
          1780384,
          1781376,
          1780544,
          1778240,
          1779936,
          1781312,
          1779040,
          1780128,
          1780000,
          1779680,
          1780224,
          1778400,
          1779936,
          1777408,
          1779936,
          1779392,
          1779360,
          1780192
        ],
        "chunk_tokens": 128,
        "block_threads": 128,
        "staged_input_bytes": 241802992,
        "applicable": true
      },
      {
        "kernel": "onpair_dw_k4_t128_b2",
        "role": "experimental",
        "stage_bytes": null,
        "chunk_size": 128,
        "decode_ms": 1.778432,
        "decode_gib_s": 523.6762327482106,
        "decode_ns_iters": [
          1781888,
          1781664,
          1778464,
          1780832,
          1780512,
          1780576,
          1781536,
          1781696,
          1781088,
          1781152,
          1779040,
          1780704,
          1788320,
          1780096,
          1780672,
          1780512,
          1779968,
          1780832,
          1780608,
          1780736,
          1780608,
          1778656,
          1780096,
          1780608,
          1779808,
          1781024,
          1780192,
          1785696,
          1779424,
          1778432
        ],
        "chunk_tokens": 128,
        "block_threads": 128,
        "staged_input_bytes": 241802992,
        "applicable": true
      },
      {
        "kernel": "onpair_dw_k4_t128_b4",
        "role": "experimental",
        "stage_bytes": null,
        "chunk_size": 128,
        "decode_ms": 1.77808,
        "decode_gib_s": 523.7799030183488,
        "decode_ns_iters": [
          1779264,
          1782816,
          1780480,
          1780160,
          1780384,
          1779168,
          1779264,
          1779616,
          1779904,
          1778784,
          1778144,
          1778752,
          1778944,
          1787616,
          1778688,
          1779808,
          1779200,
          1779584,
          1781664,
          1779872,
          1779040,
          1778848,
          1781408,
          1779296,
          1780256,
          1781760,
          1778080,
          1779456,
          1785344,
          1779456
        ],
        "chunk_tokens": 128,
        "block_threads": 128,
        "staged_input_bytes": 241802992,
        "applicable": true
      },
      {
        "kernel": "onpair_dw_k4_t128_b6",
        "role": "experimental",
        "stage_bytes": null,
        "chunk_size": 128,
        "decode_ms": 1.777568,
        "decode_gib_s": 523.930769432655,
        "decode_ns_iters": [
          1782080,
          1781408,
          1779776,
          1777568,
          1778752,
          1778432,
          1787456,
          1779936,
          1779328,
          1779136,
          1780224,
          1779008,
          1779104,
          1779072,
          1779328,
          1780032,
          1780512,
          1780480,
          1779968,
          1779808,
          1780448,
          1786688,
          1780512,
          1780800,
          1781888,
          1779936,
          1780320,
          1779168,
          1779392,
          1778048
        ],
        "chunk_tokens": 128,
        "block_threads": 128,
        "staged_input_bytes": 241802992,
        "applicable": true
      },
      {
        "kernel": "onpair_dw_k4_t128_b8",
        "role": "experimental",
        "stage_bytes": null,
        "chunk_size": 128,
        "decode_ms": 1.77808,
        "decode_gib_s": 523.7799030183488,
        "decode_ns_iters": [
          1778080,
          1779712,
          1780192,
          1779584,
          1780384,
          1779776,
          1780064,
          1779264,
          1780288,
          1778496,
          1780416,
          1779488,
          1779456,
          1779072,
          1781664,
          1779616,
          1781216,
          1782208,
          1782688,
          1782464,
          1781568,
          1780704,
          1787296,
          1780928,
          1780608,
          1780448,
          1779744,
          1778784,
          1780608,
          1779328
        ],
        "chunk_tokens": 128,
        "block_threads": 128,
        "staged_input_bytes": 241802992,
        "applicable": true
      },
      {
        "kernel": "onpair_dw_k4_t256_b1",
        "role": "experimental",
        "stage_bytes": null,
        "chunk_size": 128,
        "decode_ms": 1.687392,
        "decode_gib_s": 551.9301798034278,
        "decode_ns_iters": [
          1692032,
          1691168,
          1689728,
          1689184,
          1689568,
          1688448,
          1689408,
          1690080,
          1689888,
          1690112,
          1690016,
          1689536,
          1689856,
          1688896,
          1687648,
          1690592,
          1690976,
          1690304,
          1688256,
          1689824,
          1690464,
          1690496,
          1691072,
          1689632,
          1691136,
          1687392,
          1689696,
          1688832,
          1688800,
          1689856
        ],
        "chunk_tokens": 128,
        "block_threads": 256,
        "staged_input_bytes": 241802992,
        "applicable": true
      },
      {
        "kernel": "onpair_dw_k4_t256_b2",
        "role": "experimental",
        "stage_bytes": null,
        "chunk_size": 128,
        "decode_ms": 1.687648,
        "decode_gib_s": 551.84645729374,
        "decode_ns_iters": [
          1699488,
          1691936,
          1691840,
          1691104,
          1691200,
          1691776,
          1692832,
          1690880,
          1688352,
          1691680,
          1690432,
          1690336,
          1690016,
          1688992,
          1688320,
          1690624,
          1688064,
          1689312,
          1690432,
          1688544,
          1689280,
          1689728,
          1687648,
          1690432,
          1689728,
          1689888,
          1689088,
          1696864,
          1691072,
          1690592
        ],
        "chunk_tokens": 128,
        "block_threads": 256,
        "staged_input_bytes": 241802992,
        "applicable": true
      },
      {
        "kernel": "onpair_dw_k4_t256_b4",
        "role": "experimental",
        "stage_bytes": null,
        "chunk_size": 128,
        "decode_ms": 1.686432,
        "decode_gib_s": 552.244365594857,
        "decode_ns_iters": [
          1689568,
          1699584,
          1691744,
          1688864,
          1689440,
          1691328,
          1688832,
          1689184,
          1688672,
          1688992,
          1694752,
          1688960,
          1688480,
          1689024,
          1687968,
          1687072,
          1688768,
          1688544,
          1691008,
          1688736,
          1688704,
          1689312,
          1688960,
          1689600,
          1686432,
          1689568,
          1687712,
          1688000,
          1688864,
          1687904
        ],
        "chunk_tokens": 128,
        "block_threads": 256,
        "staged_input_bytes": 241802992,
        "applicable": true
      },
      {
        "kernel": "onpair_dw_k4_t256_b6",
        "role": "experimental",
        "stage_bytes": null,
        "chunk_size": 128,
        "decode_ms": 1.626976,
        "decode_gib_s": 572.4255120904461,
        "decode_ns_iters": [
          1632128,
          1629888,
          1631712,
          1629184,
          1629408,
          1629504,
          1629408,
          1630144,
          1629472,
          1630592,
          1631488,
          1628896,
          1628384,
          1628672,
          1630336,
          1628928,
          1626976,
          1630944,
          1627552,
          1630560,
          1628832,
          1628768,
          1636544,
          1629664,
          1630400,
          1628032,
          1632224,
          1628064,
          1630432,
          1635616
        ],
        "chunk_tokens": 128,
        "block_threads": 256,
        "staged_input_bytes": 241802992,
        "applicable": true
      },
      {
        "kernel": "onpair_dw_k4_t256_b8",
        "role": "experimental",
        "stage_bytes": null,
        "chunk_size": 128,
        "decode_ms": 1.903008,
        "decode_gib_s": 489.39498412979117,
        "decode_ns_iters": [
          1905856,
          1904576,
          1904512,
          1906752,
          1906368,
          1903008,
          1904576,
          1904512,
          1904736,
          1904896,
          1905920,
          1904160,
          1904384,
          1907264,
          1906336,
          1904288,
          1905248,
          1906496,
          1904288,
          1904640,
          1907168,
          1904352,
          1906848,
          1905600,
          1905280,
          1903712,
          1911840,
          1912224,
          1905376,
          1906624
        ],
        "chunk_tokens": 128,
        "block_threads": 256,
        "staged_input_bytes": 241802992,
        "applicable": true
      },
      {
        "kernel": "onpair_dw_k5_t64_b1",
        "role": "experimental",
        "stage_bytes": null,
        "chunk_size": 160,
        "decode_ms": 1.716192,
        "decode_gib_s": 542.668052268549,
        "decode_ns_iters": [
          1726144,
          1721664,
          1719136,
          1720032,
          1720576,
          1720992,
          1718496,
          1719424,
          1717952,
          1717856,
          1717504,
          1718752,
          1719776,
          1718144,
          1719712,
          1718400,
          1718304,
          1719872,
          1717920,
          1719168,
          1719200,
          1716960,
          1719424,
          1719168,
          1717600,
          1716192,
          1725472,
          1717792,
          1717568,
          1719168
        ],
        "chunk_tokens": 160,
        "block_threads": 64,
        "staged_input_bytes": 240344072,
        "applicable": true
      },
      {
        "kernel": "onpair_dw_k5_t64_b2",
        "role": "experimental",
        "stage_bytes": null,
        "chunk_size": 160,
        "decode_ms": 1.715616,
        "decode_gib_s": 542.8502473507274,
        "decode_ns_iters": [
          1720576,
          1728032,
          1717056,
          1719104,
          1718976,
          1718176,
          1724032,
          1718976,
          1718688,
          1718208,
          1719520,
          1719680,
          1733120,
          1715616,
          1717632,
          1718656,
          1718624,
          1717280,
          1718784,
          1716992,
          1719232,
          1720480,
          1718432,
          1718976,
          1719328,
          1720128,
          1720480,
          1719488,
          1719776,
          1719200
        ],
        "chunk_tokens": 160,
        "block_threads": 64,
        "staged_input_bytes": 240344072,
        "applicable": true
      },
      {
        "kernel": "onpair_dw_k5_t64_b4",
        "role": "experimental",
        "stage_bytes": null,
        "chunk_size": 160,
        "decode_ms": 1.71536,
        "decode_gib_s": 542.9312622183481,
        "decode_ns_iters": [
          1720672,
          1720992,
          1720128,
          1719616,
          1719744,
          1720352,
          1718976,
          1724704,
          1717536,
          1717760,
          1719904,
          1716960,
          1717280,
          1718112,
          1719200,
          1720544,
          1717440,
          1719552,
          1718272,
          1718464,
          1715360,
          1720352,
          1719200,
          1718976,
          1715968,
          1718240,
          1718304,
          1719776,
          1720768,
          1719840
        ],
        "chunk_tokens": 160,
        "block_threads": 64,
        "staged_input_bytes": 240344072,
        "applicable": true
      },
      {
        "kernel": "onpair_dw_k5_t64_b6",
        "role": "experimental",
        "stage_bytes": null,
        "chunk_size": 160,
        "decode_ms": 1.71712,
        "decode_gib_s": 542.374772851557,
        "decode_ns_iters": [
          1719520,
          1718752,
          1718560,
          1717472,
          1717344,
          1717120,
          1718976,
          1718496,
          1717664,
          1718496,
          1718432,
          1717952,
          1718976,
          1725888,
          1718400,
          1718336,
          1718592,
          1720928,
          1718592,
          1719296,
          1720480,
          1717888,
          1719392,
          1720032,
          1718784,
          1718336,
          1718336,
          1717120,
          1719936,
          1719328
        ],
        "chunk_tokens": 160,
        "block_threads": 64,
        "staged_input_bytes": 240344072,
        "applicable": true
      },
      {
        "kernel": "onpair_dw_k5_t64_b8",
        "role": "experimental",
        "stage_bytes": null,
        "chunk_size": 160,
        "decode_ms": 1.716832,
        "decode_gib_s": 542.4657566720947,
        "decode_ns_iters": [
          1718592,
          1720384,
          1718240,
          1719008,
          1719136,
          1720512,
          1718400,
          1717280,
          1719936,
          1718688,
          1717920,
          1720608,
          1718336,
          1719552,
          1726656,
          1718784,
          1719488,
          1718880,
          1718944,
          1719136,
          1719264,
          1716832,
          1718976,
          1719520,
          1718560,
          1719680,
          1718176,
          1718848,
          1719552,
          1719872
        ],
        "chunk_tokens": 160,
        "block_threads": 64,
        "staged_input_bytes": 240344072,
        "applicable": true
      },
      {
        "kernel": "onpair_dw_k5_t128_b1",
        "role": "experimental",
        "stage_bytes": null,
        "chunk_size": 160,
        "decode_ms": 1.651872,
        "decode_gib_s": 563.7982664267363,
        "decode_ns_iters": [
          1665984,
          1668320,
          1666336,
          1665088,
          1664896,
          1665504,
          1664992,
          1665376,
          1664640,
          1664864,
          1663680,
          1664928,
          1664640,
          1666496,
          1666080,
          1664864,
          1664128,
          1664448,
          1666560,
          1665664,
          1665856,
          1666208,
          1654816,
          1651872,
          1654528,
          1653440,
          1654176,
          1653536,
          1654816,
          1653504
        ],
        "chunk_tokens": 160,
        "block_threads": 128,
        "staged_input_bytes": 240344072,
        "applicable": true
      },
      {
        "kernel": "onpair_dw_k5_t128_b2",
        "role": "experimental",
        "stage_bytes": null,
        "chunk_size": 160,
        "decode_ms": 1.652512,
        "decode_gib_s": 563.5799134643897,
        "decode_ns_iters": [
          1654848,
          1653280,
          1654464,
          1656064,
          1652512,
          1654432,
          1653184,
          1672736,
          1665440,
          1665248,
          1666176,
          1672192,
          1665408,
          1664832,
          1664352,
          1665440,
          1664480,
          1664416,
          1665248,
          1664832,
          1665664,
          1664928,
          1665984,
          1665472,
          1666368,
          1666848,
          1663904,
          1665696,
          1665152,
          1663520
        ],
        "chunk_tokens": 160,
        "block_threads": 128,
        "staged_input_bytes": 240344072,
        "applicable": true
      },
      {
        "kernel": "onpair_dw_k5_t128_b4",
        "role": "experimental",
        "stage_bytes": null,
        "chunk_size": 160,
        "decode_ms": 1.663328,
        "decode_gib_s": 559.9151640319081,
        "decode_ns_iters": [
          1666272,
          1666720,
          1665184,
          1664224,
          1665504,
          1665824,
          1665216,
          1664928,
          1665792,
          1663936,
          1665824,
          1665888,
          1665600,
          1665536,
          1664832,
          1663328,
          1665024,
          1670528,
          1664544,
          1664704,
          1666144,
          1670208,
          1666336,
          1664288,
          1664064,
          1672352,
          1665952,
          1663968,
          1663776,
          1670944
        ],
        "chunk_tokens": 160,
        "block_threads": 128,
        "staged_input_bytes": 240344072,
        "applicable": true
      },
      {
        "kernel": "onpair_dw_k5_t128_b6",
        "role": "experimental",
        "stage_bytes": null,
        "chunk_size": 160,
        "decode_ms": 1.663264,
        "decode_gib_s": 559.9367087599236,
        "decode_ns_iters": [
          1666336,
          1665312,
          1664832,
          1665120,
          1664064,
          1663264,
          1663552,
          1664256,
          1665792,
          1664384,
          1665472,
          1663968,
          1666048,
          1663616,
          1665568,
          1665216,
          1663648,
          1663616,
          1664160,
          1663776,
          1665504,
          1665888,
          1664992,
          1664768,
          1666112,
          1665504,
          1666720,
          1664512,
          1664512,
          1663904
        ],
        "chunk_tokens": 160,
        "block_threads": 128,
        "staged_input_bytes": 240344072,
        "applicable": true
      },
      {
        "kernel": "onpair_dw_k5_t128_b8",
        "role": "experimental",
        "stage_bytes": null,
        "chunk_size": 160,
        "decode_ms": 1.663488,
        "decode_gib_s": 559.8613094647305,
        "decode_ns_iters": [
          1665984,
          1665152,
          1666112,
          1664000,
          1665056,
          1664576,
          1664960,
          1664032,
          1663808,
          1664704,
          1664960,
          1664768,
          1665312,
          1664384,
          1665152,
          1664192,
          1666016,
          1664768,
          1665664,
          1664736,
          1665408,
          1663488,
          1663552,
          1663776,
          1666880,
          1663872,
          1663552,
          1663904,
          1665056,
          1663488
        ],
        "chunk_tokens": 160,
        "block_threads": 128,
        "staged_input_bytes": 240344072,
        "applicable": true
      },
      {
        "kernel": "onpair_dw_k5_t256_b1",
        "role": "experimental",
        "stage_bytes": null,
        "chunk_size": 160,
        "decode_ms": 1.609472,
        "decode_gib_s": 578.6509923495815,
        "decode_ns_iters": [
          1611488,
          1611072,
          1610848,
          1612320,
          1609568,
          1609984,
          1609888,
          1611200,
          1611200,
          1610720,
          1610464,
          1609472,
          1611616,
          1610464,
          1610560,
          1610208,
          1612928,
          1611968,
          1612672,
          1610048,
          1610464,
          1618048,
          1610624,
          1611808,
          1611648,
          1610624,
          1611392,
          1610624,
          1611104,
          1610560
        ],
        "chunk_tokens": 160,
        "block_threads": 256,
        "staged_input_bytes": 240344072,
        "applicable": true
      },
      {
        "kernel": "onpair_dw_k5_t256_b2",
        "role": "experimental",
        "stage_bytes": null,
        "chunk_size": 160,
        "decode_ms": 1.608832,
        "decode_gib_s": 578.881182099104,
        "decode_ns_iters": [
          1613056,
          1612224,
          1611936,
          1612128,
          1611648,
          1611072,
          1611616,
          1610432,
          1610048,
          1611296,
          1608832,
          1611296,
          1610848,
          1609568,
          1611264,
          1610464,
          1610944,
          1612096,
          1611392,
          1609504,
          1610400,
          1612704,
          1610400,
          1610784,
          1610624,
          1612640,
          1609856,
          1608832,
          1611680,
          1610272
        ],
        "chunk_tokens": 160,
        "block_threads": 256,
        "staged_input_bytes": 240344072,
        "applicable": true
      },
      {
        "kernel": "onpair_dw_k5_t256_b4",
        "role": "experimental",
        "stage_bytes": null,
        "chunk_size": 160,
        "decode_ms": 1.609344,
        "decode_gib_s": 578.6970156528781,
        "decode_ns_iters": [
          1611904,
          1612608,
          1612128,
          1612992,
          1611520,
          1610784,
          1616448,
          1609344,
          1612256,
          1611392,
          1611616,
          1609728,
          1612608,
          1611488,
          1611840,
          1612896,
          1609984,
          1611168,
          1610976,
          1612896,
          1610656,
          1611136,
          1611616,
          1611488,
          1611040,
          1609504,
          1611616,
          1610112,
          1610272,
          1612416
        ],
        "chunk_tokens": 160,
        "block_threads": 256,
        "staged_input_bytes": 240344072,
        "applicable": true
      },
      {
        "kernel": "onpair_dw_k5_t256_b6",
        "role": "experimental",
        "stage_bytes": null,
        "chunk_size": 160,
        "decode_ms": 1.57856,
        "decode_gib_s": 589.9823699820505,
        "decode_ns_iters": [
          1581472,
          1582496,
          1578752,
          1579968,
          1580320,
          1580352,
          1580096,
          1578560,
          1579968,
          1578560,
          1580064,
          1580928,
          1579680,
          1579232,
          1580704,
          1582304,
          1581440,
          1580416,
          1581792,
          1581184,
          1580288,
          1580576,
          1581664,
          1579776,
          1580320,
          1580320,
          1582496,
          1580384,
          1580512,
          1581664
        ],
        "chunk_tokens": 160,
        "block_threads": 256,
        "staged_input_bytes": 240344072,
        "applicable": true
      },
      {
        "kernel": "onpair_dw_k5_t256_b8",
        "role": "experimental",
        "stage_bytes": null,
        "chunk_size": 160,
        "decode_ms": 1.60432,
        "decode_gib_s": 580.5092312997816,
        "decode_ns_iters": [
          1607648,
          1607840,
          1607168,
          1608288,
          1605440,
          1605664,
          1606496,
          1609984,
          1606144,
          1604960,
          1606816,
          1604800,
          1605632,
          1604672,
          1606368,
          1605600,
          1605824,
          1605664,
          1606016,
          1608352,
          1607328,
          1606720,
          1607712,
          1606880,
          1607008,
          1607008,
          1607712,
          1612896,
          1604608,
          1604320
        ],
        "chunk_tokens": 160,
        "block_threads": 256,
        "staged_input_bytes": 240344072,
        "applicable": true
      },
      {
        "kernel": "onpair_dw_k6_t64_b1",
        "role": "experimental",
        "stage_bytes": null,
        "chunk_size": 192,
        "decode_ms": 1.738784,
        "decode_gib_s": 535.617172667143,
        "decode_ns_iters": [
          1741440,
          1739936,
          1740224,
          1740160,
          1741344,
          1741504,
          1741728,
          1740384,
          1740768,
          1740544,
          1740416,
          1740096,
          1738784,
          1740768,
          1739328,
          1740448,
          1739136,
          1740032,
          1746496,
          1739008,
          1740192,
          1740288,
          1741248,
          1739680,
          1747712,
          1739136,
          1739136,
          1739072,
          1739488,
          1741376
        ],
        "chunk_tokens": 192,
        "block_threads": 64,
        "staged_input_bytes": 239371456,
        "applicable": true
      },
      {
        "kernel": "onpair_dw_k6_t64_b2",
        "role": "experimental",
        "stage_bytes": null,
        "chunk_size": 192,
        "decode_ms": 1.738048,
        "decode_gib_s": 535.8439870238714,
        "decode_ns_iters": [
          1746816,
          1741248,
          1738336,
          1740128,
          1739648,
          1741472,
          1739840,
          1739744,
          1740288,
          1739744,
          1739808,
          1742016,
          1738048,
          1741280,
          1739872,
          1738528,
          1740320,
          1740192,
          1738560,
          1739424,
          1739712,
          1740832,
          1738816,
          1738912,
          1738560,
          1739328,
          1738368,
          1740448,
          1738144,
          1748416
        ],
        "chunk_tokens": 192,
        "block_threads": 64,
        "staged_input_bytes": 239371456,
        "applicable": true
      },
      {
        "kernel": "onpair_dw_k6_t64_b4",
        "role": "experimental",
        "stage_bytes": null,
        "chunk_size": 192,
        "decode_ms": 1.739456,
        "decode_gib_s": 535.4102489277485,
        "decode_ns_iters": [
          1743168,
          1742848,
          1740960,
          1742624,
          1740576,
          1741184,
          1740512,
          1740320,
          1741088,
          1740544,
          1741056,
          1747680,
          1744512,
          1740480,
          1740832,
          1740832,
          1739456,
          1746048,
          1741888,
          1739968,
          1739680,
          1740736,
          1739776,
          1741312,
          1740160,
          1740160,
          1741504,
          1741248,
          1739712,
          1741088
        ],
        "chunk_tokens": 192,
        "block_threads": 64,
        "staged_input_bytes": 239371456,
        "applicable": true
      },
      {
        "kernel": "onpair_dw_k6_t64_b6",
        "role": "experimental",
        "stage_bytes": null,
        "chunk_size": 192,
        "decode_ms": 1.738144,
        "decode_gib_s": 535.8143916492912,
        "decode_ns_iters": [
          1739968,
          1739392,
          1740224,
          1739584,
          1740640,
          1740576,
          1739296,
          1740192,
          1739040,
          1739520,
          1740288,
          1738144,
          1740800,
          1738752,
          1739488,
          1739296,
          1740864,
          1739968,
          1739360,
          1741024,
          1740480,
          1741760,
          1746336,
          1741312,
          1740896,
          1741696,
          1740288,
          1740480,
          1747904,
          1740576
        ],
        "chunk_tokens": 192,
        "block_threads": 64,
        "staged_input_bytes": 239371456,
        "applicable": true
      },
      {
        "kernel": "onpair_dw_k6_t64_b8",
        "role": "experimental",
        "stage_bytes": null,
        "chunk_size": 192,
        "decode_ms": 1.73792,
        "decode_gib_s": 535.8834526093639,
        "decode_ns_iters": [
          1740320,
          1743232,
          1740384,
          1739616,
          1746912,
          1741440,
          1739072,
          1738336,
          1740448,
          1739840,
          1740320,
          1746400,
          1741856,
          1741600,
          1739648,
          1740704,
          1740832,
          1738816,
          1742016,
          1738912,
          1739808,
          1737920,
          1740288,
          1741088,
          1741152,
          1739808,
          1740128,
          1739776,
          1739456,
          1740832
        ],
        "chunk_tokens": 192,
        "block_threads": 64,
        "staged_input_bytes": 239371456,
        "applicable": true
      },
      {
        "kernel": "onpair_dw_k6_t128_b1",
        "role": "experimental",
        "stage_bytes": null,
        "chunk_size": 192,
        "decode_ms": 1.692096,
        "decode_gib_s": 550.3958226713293,
        "decode_ns_iters": [
          1695296,
          1694432,
          1692736,
          1692608,
          1694240,
          1693792,
          1692928,
          1693088,
          1694656,
          1693984,
          1692192,
          1693920,
          1692096,
          1694048,
          1694816,
          1696384,
          1694144,
          1695840,
          1695008,
          1693664,
          1693984,
          1692800,
          1693376,
          1692992,
          1696992,
          1700832,
          1693440,
          1693184,
          1692832,
          1692864
        ],
        "chunk_tokens": 192,
        "block_threads": 128,
        "staged_input_bytes": 239371456,
        "applicable": true
      },
      {
        "kernel": "onpair_dw_k6_t128_b2",
        "role": "experimental",
        "stage_bytes": null,
        "chunk_size": 192,
        "decode_ms": 1.691616,
        "decode_gib_s": 550.5519987744651,
        "decode_ns_iters": [
          1695168,
          1695680,
          1693408,
          1694848,
          1702016,
          1693440,
          1695136,
          1695456,
          1694880,
          1692768,
          1692512,
          1693344,
          1692224,
          1692928,
          1693248,
          1692192,
          1693440,
          1693440,
          1691616,
          1693312,
          1692192,
          1693632,
          1692640,
          1692128,
          1694688,
          1694272,
          1695872,
          1692896,
          1693472,
          1694656
        ],
        "chunk_tokens": 192,
        "block_threads": 128,
        "staged_input_bytes": 239371456,
        "applicable": true
      },
      {
        "kernel": "onpair_dw_k6_t128_b4",
        "role": "experimental",
        "stage_bytes": null,
        "chunk_size": 192,
        "decode_ms": 1.690944,
        "decode_gib_s": 550.7707942775548,
        "decode_ns_iters": [
          1693792,
          1694688,
          1695008,
          1692032,
          1690944,
          1692096,
          1694752,
          1692224,
          1693376,
          1693120,
          1700640,
          1691552,
          1693088,
          1692096,
          1693344,
          1694080,
          1694368,
          1694752,
          1693760,
          1692832,
          1692320,
          1693472,
          1692736,
          1692864,
          1693216,
          1692736,
          1692832,
          1694688,
          1692352,
          1692960
        ],
        "chunk_tokens": 192,
        "block_threads": 128,
        "staged_input_bytes": 239371456,
        "applicable": true
      },
      {
        "kernel": "onpair_dw_k6_t128_b6",
        "role": "experimental",
        "stage_bytes": null,
        "chunk_size": 192,
        "decode_ms": 1.691936,
        "decode_gib_s": 550.4478715263849,
        "decode_ns_iters": [
          1693472,
          1693472,
          1693952,
          1694304,
          1693088,
          1692896,
          1692992,
          1702016,
          1693472,
          1695200,
          1694208,
          1692672,
          1693312,
          1691936,
          1693472,
          1694816,
          1692128,
          1693312,
          1693760,
          1695200,
          1693472,
          1693728,
          1693344,
          1693792,
          1693120,
          1693984,
          1692384,
          1692288,
          1693600,
          1692576
        ],
        "chunk_tokens": 192,
        "block_threads": 128,
        "staged_input_bytes": 239371456,
        "applicable": true
      },
      {
        "kernel": "onpair_dw_k6_t128_b8",
        "role": "experimental",
        "stage_bytes": null,
        "chunk_size": 192,
        "decode_ms": 1.691296,
        "decode_gib_s": 550.6561654251329,
        "decode_ns_iters": [
          1694496,
          1696288,
          1693312,
          1693760,
          1691296,
          1693536,
          1694080,
          1692384,
          1691872,
          1694592,
          1695328,
          1692672,
          1692576,
          1692000,
          1692960,
          1692224,
          1693248,
          1693824,
          1699104,
          1692640,
          1694304,
          1693248,
          1692928,
          1695200,
          1692704,
          1693344,
          1694624,
          1692608,
          1692960,
          1694080
        ],
        "chunk_tokens": 192,
        "block_threads": 128,
        "staged_input_bytes": 239371456,
        "applicable": true
      },
      {
        "kernel": "onpair_dw_k6_t256_b1",
        "role": "experimental",
        "stage_bytes": null,
        "chunk_size": 192,
        "decode_ms": 1.551328,
        "decode_gib_s": 600.3389160505487,
        "decode_ns_iters": [
          1554560,
          1555328,
          1555168,
          1554560,
          1555264,
          1553824,
          1553088,
          1551744,
          1556064,
          1555584,
          1556576,
          1551904,
          1553888,
          1553888,
          1561984,
          1553632,
          1554880,
          1552992,
          1553920,
          1553728,
          1552960,
          1551328,
          1554912,
          1552960,
          1552704,
          1553824,
          1553920,
          1553472,
          1560480,
          1555040
        ],
        "chunk_tokens": 192,
        "block_threads": 256,
        "staged_input_bytes": 239371456,
        "applicable": true
      },
      {
        "kernel": "onpair_dw_k6_t256_b2",
        "role": "experimental",
        "stage_bytes": null,
        "chunk_size": 192,
        "decode_ms": 1.551488,
        "decode_gib_s": 600.2770050163879,
        "decode_ns_iters": [
          1556320,
          1554560,
          1554304,
          1555552,
          1555136,
          1552160,
          1555040,
          1551840,
          1554752,
          1554112,
          1551936,
          1559936,
          1553088,
          1551936,
          1552288,
          1552672,
          1553856,
          1552352,
          1553344,
          1554688,
          1552608,
          1554592,
          1554080,
          1552448,
          1551488,
          1555168,
          1556128,
          1551968,
          1553856,
          1552960
        ],
        "chunk_tokens": 192,
        "block_threads": 256,
        "staged_input_bytes": 239371456,
        "applicable": true
      },
      {
        "kernel": "onpair_dw_k6_t256_b4",
        "role": "experimental",
        "stage_bytes": null,
        "chunk_size": 192,
        "decode_ms": 1.551872,
        "decode_gib_s": 600.1284706205574,
        "decode_ns_iters": [
          1555264,
          1553920,
          1556096,
          1555744,
          1554016,
          1554176,
          1552896,
          1553120,
          1553696,
          1551936,
          1553376,
          1553088,
          1553376,
          1553376,
          1553856,
          1554176,
          1554624,
          1551872,
          1553184,
          1558464,
          1554240,
          1553920,
          1553504,
          1552672,
          1552512,
          1554496,
          1555008,
          1554368,
          1553760,
          1553664
        ],
        "chunk_tokens": 192,
        "block_threads": 256,
        "staged_input_bytes": 239371456,
        "applicable": true
      },
      {
        "kernel": "onpair_dw_k6_t256_b6",
        "role": "experimental",
        "stage_bytes": null,
        "chunk_size": 192,
        "decode_ms": 1.44928,
        "decode_gib_s": 642.6105169179632,
        "decode_ns_iters": [
          1452448,
          1453664,
          1452192,
          1450400,
          1452832,
          1452672,
          1449280,
          1453696,
          1452896,
          1450880,
          1453312,
          1453056,
          1451264,
          1451744,
          1449568,
          1451936,
          1459808,
          1451072,
          1452352,
          1449568,
          1453408,
          1452288,
          1451680,
          1450592,
          1451360,
          1451552,
          1452096,
          1451872,
          1450304,
          1450144
        ],
        "chunk_tokens": 192,
        "block_threads": 256,
        "staged_input_bytes": 239371456,
        "applicable": true
      },
      {
        "kernel": "onpair_dw_k6_t256_b8",
        "role": "experimental",
        "stage_bytes": null,
        "chunk_size": 192,
        "decode_ms": 1.7224,
        "decode_gib_s": 540.7121284015708,
        "decode_ns_iters": [
          1725472,
          1725056,
          1725056,
          1724096,
          1725760,
          1723136,
          1723520,
          1722400,
          1724704,
          1723936,
          1723840,
          1724288,
          1724512,
          1733440,
          1724064,
          1725440,
          1722912,
          1725504,
          1726368,
          1722528,
          1723072,
          1722688,
          1725120,
          1723552,
          1724416,
          1722816,
          1722944,
          1724352,
          1725408,
          1730720
        ],
        "chunk_tokens": 192,
        "block_threads": 256,
        "staged_input_bytes": 239371456,
        "applicable": true
      },
      {
        "kernel": "onpair_dw_k7_t64_b1",
        "role": "experimental",
        "stage_bytes": null,
        "chunk_size": 224,
        "decode_ms": 1.742368,
        "decode_gib_s": 534.5154238133767,
        "decode_ns_iters": [
          1742368,
          1747488,
          1743904,
          1743104,
          1745152,
          1744992,
          1744640,
          1743680,
          1743232,
          1743104,
          1745088,
          1743168,
          1744416,
          1744064,
          1745504,
          1744128,
          1743936,
          1752032,
          1742976,
          1744256,
          1743968,
          1744288,
          1745568,
          1752320,
          1743904,
          1744832,
          1745120,
          1744704,
          1743424,
          1752544
        ],
        "chunk_tokens": 224,
        "block_threads": 64,
        "staged_input_bytes": 238676736,
        "applicable": true
      },
      {
        "kernel": "onpair_dw_k7_t64_b2",
        "role": "experimental",
        "stage_bytes": null,
        "chunk_size": 224,
        "decode_ms": 1.743328,
        "decode_gib_s": 534.2210817234999,
        "decode_ns_iters": [
          1743904,
          1745792,
          1743424,
          1743328,
          1744416,
          1745280,
          1744960,
          1746752,
          1744288,
          1744768,
          1745600,
          1743680,
          1743488,
          1746048,
          1744992,
          1744352,
          1743872,
          1744096,
          1746112,
          1745760,
          1744704,
          1743328,
          1744928,
          1743904,
          1744640,
          1744512,
          1744864,
          1744480,
          1745568,
          1743712
        ],
        "chunk_tokens": 224,
        "block_threads": 64,
        "staged_input_bytes": 238676736,
        "applicable": true
      },
      {
        "kernel": "onpair_dw_k7_t64_b4",
        "role": "experimental",
        "stage_bytes": null,
        "chunk_size": 224,
        "decode_ms": 1.74336,
        "decode_gib_s": 534.2112759033508,
        "decode_ns_iters": [
          1744544,
          1745216,
          1744000,
          1745728,
          1745120,
          1744448,
          1745248,
          1747104,
          1746688,
          1745376,
          1746496,
          1746144,
          1743744,
          1744064,
          1744864,
          1746368,
          1743616,
          1746208,
          1744896,
          1744096,
          1744032,
          1744768,
          1743360,
          1746432,
          1746208,
          1747072,
          1746048,
          1743744,
          1745888,
          1744480
        ],
        "chunk_tokens": 224,
        "block_threads": 64,
        "staged_input_bytes": 238676736,
        "applicable": true
      },
      {
        "kernel": "onpair_dw_k7_t64_b6",
        "role": "experimental",
        "stage_bytes": null,
        "chunk_size": 224,
        "decode_ms": 1.742976,
        "decode_gib_s": 534.3289695089695,
        "decode_ns_iters": [
          1751360,
          1746720,
          1744448,
          1745888,
          1743712,
          1744288,
          1750464,
          1744192,
          1746144,
          1744416,
          1743712,
          1743360,
          1754752,
          1744288,
          1743072,
          1743872,
          1744800,
          1745536,
          1751968,
          1745440,
          1744224,
          1745024,
          1745568,
          1744640,
          1751776,
          1742976,
          1743264,
          1744800,
          1745600,
          1745440
        ],
        "chunk_tokens": 224,
        "block_threads": 64,
        "staged_input_bytes": 238676736,
        "applicable": true
      },
      {
        "kernel": "onpair_dw_k7_t64_b8",
        "role": "experimental",
        "stage_bytes": null,
        "chunk_size": 224,
        "decode_ms": 1.742944,
        "decode_gib_s": 534.3387796503305,
        "decode_ns_iters": [
          1744800,
          1745216,
          1745568,
          1745280,
          1743776,
          1744928,
          1744480,
          1743840,
          1743456,
          1745952,
          1743232,
          1742944,
          1744480,
          1743808,
          1745504,
          1743712,
          1746304,
          1744160,
          1746912,
          1746208,
          1744800,
          1745440,
          1746304,
          1746336,
          1745600,
          1744000,
          1744032,
          1744640,
          1744192,
          1745600
        ],
        "chunk_tokens": 224,
        "block_threads": 64,
        "staged_input_bytes": 238676736,
        "applicable": true
      },
      {
        "kernel": "onpair_dw_k7_t128_b1",
        "role": "experimental",
        "stage_bytes": null,
        "chunk_size": 224,
        "decode_ms": 1.683808,
        "decode_gib_s": 553.1049680004286,
        "decode_ns_iters": [
          1694368,
          1687072,
          1685088,
          1684256,
          1686272,
          1684928,
          1684160,
          1686144,
          1685024,
          1685504,
          1685664,
          1686432,
          1687552,
          1685600,
          1684640,
          1685440,
          1686368,
          1686528,
          1683808,
          1686592,
          1687040,
          1684864,
          1693312,
          1684576,
          1685568,
          1686048,
          1686688,
          1686880,
          1688352,
          1686016
        ],
        "chunk_tokens": 224,
        "block_threads": 128,
        "staged_input_bytes": 238676736,
        "applicable": true
      },
      {
        "kernel": "onpair_dw_k7_t128_b2",
        "role": "experimental",
        "stage_bytes": null,
        "chunk_size": 224,
        "decode_ms": 1.684288,
        "decode_gib_s": 552.947340335421,
        "decode_ns_iters": [
          1684320,
          1687680,
          1688160,
          1684928,
          1684960,
          1694432,
          1684736,
          1686624,
          1685472,
          1685952,
          1685248,
          1685888,
          1684928,
          1685408,
          1685344,
          1684288,
          1686464,
          1686080,
          1684448,
          1684288,
          1684800,
          1686048,
          1684352,
          1686912,
          1684608,
          1684800,
          1684544,
          1684960,
          1685696,
          1686368
        ],
        "chunk_tokens": 224,
        "block_threads": 128,
        "staged_input_bytes": 238676736,
        "applicable": true
      },
      {
        "kernel": "onpair_dw_k7_t128_b4",
        "role": "experimental",
        "stage_bytes": null,
        "chunk_size": 224,
        "decode_ms": 1.67856,
        "decode_gib_s": 554.8342448043952,
        "decode_ns_iters": [
          1688352,
          1686784,
          1689600,
          1686784,
          1678560,
          1687744,
          1687136,
          1686496,
          1687328,
          1687648,
          1688672,
          1687040,
          1686208,
          1685984,
          1685728,
          1686400,
          1684992,
          1685600,
          1687008,
          1686624,
          1685344,
          1685056,
          1687680,
          1693344,
          1685600,
          1687680,
          1686272,
          1686368,
          1687072,
          1687328
        ],
        "chunk_tokens": 224,
        "block_threads": 128,
        "staged_input_bytes": 238676736,
        "applicable": true
      },
      {
        "kernel": "onpair_dw_k7_t128_b6",
        "role": "experimental",
        "stage_bytes": null,
        "chunk_size": 224,
        "decode_ms": 1.684256,
        "decode_gib_s": 552.9578460512331,
        "decode_ns_iters": [
          1687168,
          1687264,
          1685664,
          1684256,
          1688096,
          1687168,
          1693632,
          1685184,
          1685632,
          1684736,
          1684384,
          1685312,
          1684512,
          1685760,
          1686528,
          1685312,
          1687072,
          1686400,
          1686624,
          1685568,
          1685952,
          1685952,
          1686048,
          1686400,
          1685632,
          1685184,
          1686592,
          1686976,
          1694400,
          1688160
        ],
        "chunk_tokens": 224,
        "block_threads": 128,
        "staged_input_bytes": 238676736,
        "applicable": true
      },
      {
        "kernel": "onpair_dw_k7_t128_b8",
        "role": "experimental",
        "stage_bytes": null,
        "chunk_size": 224,
        "decode_ms": 1.683648,
        "decode_gib_s": 553.1575305282729,
        "decode_ns_iters": [
          1686688,
          1687296,
          1686976,
          1685248,
          1684288,
          1685408,
          1683808,
          1685056,
          1684512,
          1685408,
          1685504,
          1693440,
          1686304,
          1685792,
          1686240,
          1686624,
          1686976,
          1684160,
          1686848,
          1685024,
          1691008,
          1684896,
          1684544,
          1683648,
          1684960,
          1685536,
          1686848,
          1684576,
          1685792,
          1685952
        ],
        "chunk_tokens": 224,
        "block_threads": 128,
        "staged_input_bytes": 238676736,
        "applicable": true
      },
      {
        "kernel": "onpair_dw_k7_t256_b1",
        "role": "experimental",
        "stage_bytes": null,
        "chunk_size": 224,
        "decode_ms": 1.540512,
        "decode_gib_s": 604.553921007344,
        "decode_ns_iters": [
          1544544,
          1548704,
          1544736,
          1542944,
          1543168,
          1543552,
          1541824,
          1543744,
          1542464,
          1543744,
          1542048,
          1542272,
          1541568,
          1541568,
          1541152,
          1540512,
          1541600,
          1542976,
          1544000,
          1542176,
          1550336,
          1541920,
          1541440,
          1542752,
          1541792,
          1542176,
          1543776,
          1541664,
          1542336,
          1542848
        ],
        "chunk_tokens": 224,
        "block_threads": 256,
        "staged_input_bytes": 238676736,
        "applicable": true
      },
      {
        "kernel": "onpair_dw_k7_t256_b2",
        "role": "experimental",
        "stage_bytes": null,
        "chunk_size": 224,
        "decode_ms": 1.527776,
        "decode_gib_s": 609.5936642275213,
        "decode_ns_iters": [
          1541824,
          1543904,
          1532704,
          1531680,
          1530880,
          1530176,
          1528864,
          1530688,
          1530080,
          1531296,
          1529440,
          1527776,
          1530272,
          1530976,
          1529856,
          1529472,
          1530976,
          1529888,
          1530368,
          1529568,
          1529248,
          1529568,
          1531136,
          1530880,
          1530464,
          1531968,
          1531200,
          1529184,
          1531456,
          1530816
        ],
        "chunk_tokens": 224,
        "block_threads": 256,
        "staged_input_bytes": 238676736,
        "applicable": true
      },
      {
        "kernel": "onpair_dw_k7_t256_b4",
        "role": "experimental",
        "stage_bytes": null,
        "chunk_size": 224,
        "decode_ms": 1.539936,
        "decode_gib_s": 604.7800492740384,
        "decode_ns_iters": [
          1545184,
          1543488,
          1545440,
          1543424,
          1542016,
          1544256,
          1542816,
          1544320,
          1543008,
          1542624,
          1544864,
          1541152,
          1543488,
          1544832,
          1542016,
          1543552,
          1543072,
          1543648,
          1549312,
          1542080,
          1542816,
          1541120,
          1544000,
          1541280,
          1541280,
          1539936,
          1541760,
          1543072,
          1540960,
          1544736
        ],
        "chunk_tokens": 224,
        "block_threads": 256,
        "staged_input_bytes": 238676736,
        "applicable": true
      },
      {
        "kernel": "onpair_dw_k7_t256_b6",
        "role": "experimental",
        "stage_bytes": null,
        "chunk_size": 224,
        "decode_ms": 2.02048,
        "decode_gib_s": 460.94124661410444,
        "decode_ns_iters": [
          2021856,
          2023872,
          2023072,
          2022400,
          2021984,
          2024032,
          2021024,
          2029856,
          2021856,
          2021696,
          2021760,
          2021088,
          2021952,
          2023904,
          2020480,
          2022240,
          2031104,
          2023584,
          2021024,
          2022816,
          2020992,
          2021184,
          2022176,
          2022080,
          2021920,
          2029664,
          2022688,
          2020800,
          2022304,
          2020864
        ],
        "chunk_tokens": 224,
        "block_threads": 256,
        "staged_input_bytes": 238676736,
        "applicable": true
      },
      {
        "kernel": "onpair_dw_k7_t256_b8",
        "role": "experimental",
        "stage_bytes": null,
        "chunk_size": 224,
        "decode_ms": 1.785184,
        "decode_gib_s": 521.6955618910239,
        "decode_ns_iters": [
          1788352,
          1790336,
          1791456,
          1787392,
          1789344,
          1787808,
          1792320,
          1786752,
          1786976,
          1789824,
          1789312,
          1787008,
          1787968,
          1787680,
          1786688,
          1786560,
          1789664,
          1788032,
          1786496,
          1785184,
          1789728,
          1788032,
          1789280,
          1787872,
          1789152,
          1787072,
          1785920,
          1786880,
          1789024,
          1786560
        ],
        "chunk_tokens": 224,
        "block_threads": 256,
        "staged_input_bytes": 238676736,
        "applicable": true
      },
      {
        "kernel": "onpair_dw_k8_t64_b1",
        "role": "experimental",
        "stage_bytes": null,
        "chunk_size": 256,
        "decode_ms": 1.794528,
        "decode_gib_s": 518.9791242927754,
        "decode_ns_iters": [
          1800544,
          1798144,
          1807040,
          1800096,
          1797664,
          1798048,
          1797696,
          1798912,
          1797408,
          1797120,
          1797984,
          1804864,
          1797344,
          1797312,
          1794528,
          1798816,
          1797568,
          1796256,
          1795872,
          1798368,
          1797792,
          1796160,
          1796384,
          1797696,
          1797312,
          1798112,
          1799008,
          1796480,
          1798112,
          1798496
        ],
        "chunk_tokens": 256,
        "block_threads": 64,
        "staged_input_bytes": 238155696,
        "applicable": true
      },
      {
        "kernel": "onpair_dw_k8_t64_b2",
        "role": "experimental",
        "stage_bytes": null,
        "chunk_size": 256,
        "decode_ms": 1.794912,
        "decode_gib_s": 518.868094903185,
        "decode_ns_iters": [
          1804256,
          1797312,
          1798464,
          1797888,
          1797344,
          1797504,
          1797440,
          1794912,
          1796352,
          1804992,
          1795328,
          1797920,
          1798272,
          1798208,
          1797088,
          1796480,
          1795456,
          1798208,
          1796768,
          1797184,
          1796416,
          1798144,
          1796736,
          1796672,
          1796736,
          1796288,
          1796576,
          1796448,
          1796640,
          1796064
        ],
        "chunk_tokens": 256,
        "block_threads": 64,
        "staged_input_bytes": 238155696,
        "applicable": true
      },
      {
        "kernel": "onpair_dw_k8_t64_b4",
        "role": "experimental",
        "stage_bytes": null,
        "chunk_size": 256,
        "decode_ms": 1.795584,
        "decode_gib_s": 518.6739077419188,
        "decode_ns_iters": [
          1798848,
          1799424,
          1796128,
          1796320,
          1796864,
          1797152,
          1797024,
          1803392,
          1796640,
          1799520,
          1795968,
          1798784,
          1796352,
          1797472,
          1799456,
          1797152,
          1797088,
          1796672,
          1795872,
          1795904,
          1796672,
          1796000,
          1798336,
          1796736,
          1795584,
          1796576,
          1797120,
          1796352,
          1796960,
          1798048
        ],
        "chunk_tokens": 256,
        "block_threads": 64,
        "staged_input_bytes": 238155696,
        "applicable": true
      },
      {
        "kernel": "onpair_dw_k8_t64_b6",
        "role": "experimental",
        "stage_bytes": null,
        "chunk_size": 256,
        "decode_ms": 1.795104,
        "decode_gib_s": 518.812598021544,
        "decode_ns_iters": [
          1799616,
          1798976,
          1796352,
          1797664,
          1795744,
          1797920,
          1796256,
          1796224,
          1796320,
          1796608,
          1796576,
          1797376,
          1797728,
          1796992,
          1795680,
          1798560,
          1798240,
          1798176,
          1796864,
          1795104,
          1798208,
          1796896,
          1804224,
          1796576,
          1798144,
          1797600,
          1796096,
          1796192,
          1796288,
          1796384
        ],
        "chunk_tokens": 256,
        "block_threads": 64,
        "staged_input_bytes": 238155696,
        "applicable": true
      },
      {
        "kernel": "onpair_dw_k8_t64_b8",
        "role": "experimental",
        "stage_bytes": null,
        "chunk_size": 256,
        "decode_ms": 1.7952,
        "decode_gib_s": 518.784854032345,
        "decode_ns_iters": [
          1798304,
          1795840,
          1798208,
          1797536,
          1795200,
          1795264,
          1796480,
          1795616,
          1795456,
          1797280,
          1797984,
          1803776,
          1798336,
          1796864,
          1795520,
          1796224,
          1797504,
          1796096,
          1797696,
          1795232,
          1795360,
          1798016,
          1795680,
          1796480,
          1797440,
          1796064,
          1797792,
          1795456,
          1797408,
          1798144
        ],
        "chunk_tokens": 256,
        "block_threads": 64,
        "staged_input_bytes": 238155696,
        "applicable": true
      },
      {
        "kernel": "onpair_dw_k8_t128_b1",
        "role": "experimental",
        "stage_bytes": null,
        "chunk_size": 256,
        "decode_ms": 1.733792,
        "decode_gib_s": 537.1593420426819,
        "decode_ns_iters": [
          1746304,
          1748352,
          1745920,
          1745280,
          1747232,
          1745888,
          1747616,
          1746528,
          1747584,
          1745696,
          1748128,
          1747168,
          1747104,
          1744768,
          1746528,
          1748480,
          1749952,
          1748576,
          1738624,
          1735072,
          1735840,
          1734144,
          1736672,
          1737024,
          1735936,
          1734176,
          1735744,
          1733920,
          1734368,
          1733792
        ],
        "chunk_tokens": 256,
        "block_threads": 128,
        "staged_input_bytes": 238155696,
        "applicable": true
      },
      {
        "kernel": "onpair_dw_k8_t128_b2",
        "role": "experimental",
        "stage_bytes": null,
        "chunk_size": 256,
        "decode_ms": 1.732704,
        "decode_gib_s": 537.4966352930827,
        "decode_ns_iters": [
          1734368,
          1732704,
          1733952,
          1746688,
          1744992,
          1744032,
          1746720,
          1746464,
          1745088,
          1745536,
          1745824,
          1746400,
          1744864,
          1744224,
          1744064,
          1746176,
          1745344,
          1744512,
          1744544,
          1745120,
          1747648,
          1744544,
          1745024,
          1745152,
          1745728,
          1745888,
          1745152,
          1745344,
          1745376,
          1747712
        ],
        "chunk_tokens": 256,
        "block_threads": 128,
        "staged_input_bytes": 238155696,
        "applicable": true
      },
      {
        "kernel": "onpair_dw_k8_t128_b4",
        "role": "experimental",
        "stage_bytes": null,
        "chunk_size": 256,
        "decode_ms": 1.733312,
        "decode_gib_s": 537.3080956912926,
        "decode_ns_iters": [
          1744928,
          1746208,
          1744864,
          1744544,
          1751424,
          1746624,
          1745056,
          1745696,
          1744704,
          1744960,
          1751456,
          1736480,
          1737184,
          1737472,
          1735008,
          1742208,
          1733312,
          1735872,
          1735488,
          1734656,
          1734272,
          1735872,
          1735904,
          1734080,
          1745536,
          1746400,
          1751520,
          1745376,
          1746976,
          1747872
        ],
        "chunk_tokens": 256,
        "block_threads": 128,
        "staged_input_bytes": 238155696,
        "applicable": true
      },
      {
        "kernel": "onpair_dw_k8_t128_b6",
        "role": "experimental",
        "stage_bytes": null,
        "chunk_size": 256,
        "decode_ms": 1.743744,
        "decode_gib_s": 534.0936341337178,
        "decode_ns_iters": [
          1747360,
          1747936,
          1747008,
          1745568,
          1746848,
          1747392,
          1744896,
          1743744,
          1744480,
          1745408,
          1745920,
          1746880,
          1747200,
          1746240,
          1745600,
          1745504,
          1748992,
          1746272,
          1746720,
          1745088,
          1745280,
          1747392,
          1746464,
          1744704,
          1747232,
          1747104,
          1745792,
          1745472,
          1746560,
          1746208
        ],
        "chunk_tokens": 256,
        "block_threads": 128,
        "staged_input_bytes": 238155696,
        "applicable": true
      },
      {
        "kernel": "onpair_dw_k8_t128_b8",
        "role": "experimental",
        "stage_bytes": null,
        "chunk_size": 256,
        "decode_ms": 1.744256,
        "decode_gib_s": 533.9368590154573,
        "decode_ns_iters": [
          1747808,
          1748544,
          1747520,
          1761184,
          1748352,
          1746976,
          1747968,
          1747968,
          1745888,
          1746240,
          1746720,
          1747584,
          1746368,
          1747424,
          1745888,
          1747968,
          1744256,
          1745952,
          1746400,
          1747328,
          1746720,
          1747616,
          1746592,
          1745280,
          1748352,
          1745568,
          1745536,
          1746528,
          1745248,
          1744480
        ],
        "chunk_tokens": 256,
        "block_threads": 128,
        "staged_input_bytes": 238155696,
        "applicable": true
      },
      {
        "kernel": "onpair_dw_k8_t256_b1",
        "role": "experimental",
        "stage_bytes": null,
        "chunk_size": 256,
        "decode_ms": 1.641824,
        "decode_gib_s": 567.2487245641834,
        "decode_ns_iters": [
          1645984,
          1644608,
          1645984,
          1643328,
          1644448,
          1643488,
          1642848,
          1644800,
          1644704,
          1651584,
          1642688,
          1641824,
          1643552,
          1643040,
          1642528,
          1643712,
          1643392,
          1644992,
          1643872,
          1644000,
          1643648,
          1644640,
          1644128,
          1642816,
          1649824,
          1642848,
          1645376,
          1645504,
          1643680,
          1643968
        ],
        "chunk_tokens": 256,
        "block_threads": 256,
        "staged_input_bytes": 238155696,
        "applicable": true
      },
      {
        "kernel": "onpair_dw_k8_t256_b2",
        "role": "experimental",
        "stage_bytes": null,
        "chunk_size": 256,
        "decode_ms": 1.641792,
        "decode_gib_s": 567.259780751073,
        "decode_ns_iters": [
          1644032,
          1654400,
          1645344,
          1642976,
          1645792,
          1643456,
          1642688,
          1643776,
          1642816,
          1641984,
          1643040,
          1644320,
          1644000,
          1643168,
          1643456,
          1642688,
          1648832,
          1642720,
          1644032,
          1641792,
          1643360,
          1643776,
          1643520,
          1644512,
          1644480,
          1643584,
          1643424,
          1649984,
          1642816,
          1643104
        ],
        "chunk_tokens": 256,
        "block_threads": 256,
        "staged_input_bytes": 238155696,
        "applicable": true
      },
      {
        "kernel": "onpair_dw_k8_t256_b4",
        "role": "experimental",
        "stage_bytes": null,
        "chunk_size": 256,
        "decode_ms": 1.641728,
        "decode_gib_s": 567.2818944178729,
        "decode_ns_iters": [
          1644320,
          1643328,
          1645120,
          1644096,
          1651296,
          1645088,
          1643424,
          1642304,
          1643840,
          1645120,
          1644256,
          1643392,
          1644704,
          1641792,
          1642080,
          1642752,
          1642144,
          1643136,
          1644352,
          1650592,
          1644704,
          1643840,
          1644096,
          1641728,
          1642336,
          1642880,
          1642208,
          1642304,
          1642368,
          1642080
        ],
        "chunk_tokens": 256,
        "block_threads": 256,
        "staged_input_bytes": 238155696,
        "applicable": true
      },
      {
        "kernel": "onpair_dw_k8_t256_b6",
        "role": "experimental",
        "stage_bytes": null,
        "chunk_size": 256,
        "decode_ms": 2.03472,
        "decode_gib_s": 457.7153465630974,
        "decode_ns_iters": [
          2048704,
          2053184,
          2038976,
          2036928,
          2037568,
          2036000,
          2038080,
          2038112,
          2037792,
          2037760,
          2037344,
          2036736,
          2038400,
          2036480,
          2034720,
          2047264,
          2049120,
          2045664,
          2049184,
          2050336,
          2048480,
          2048576,
          2050016,
          2048128,
          2048160,
          2049792,
          2047392,
          2048224,
          2049024,
          2049088
        ],
        "chunk_tokens": 256,
        "block_threads": 256,
        "staged_input_bytes": 238155696,
        "applicable": true
      },
      {
        "kernel": "onpair_dw_k8_t256_b8",
        "role": "experimental",
        "stage_bytes": null,
        "chunk_size": 256,
        "decode_ms": 1.61104,
        "decode_gib_s": 578.0878004015206,
        "decode_ns_iters": [
          1613088,
          1614240,
          1612224,
          1613728,
          1613344,
          1612928,
          1613920,
          1614560,
          1612576,
          1612608,
          1613568,
          1611712,
          1611040,
          1611456,
          1612000,
          1613696,
          1611488,
          1615200,
          1611456,
          1611776,
          1613056,
          1612640,
          1611168,
          1612640,
          1612320,
          1614208,
          1612768,
          1611072,
          1613536,
          1613248
        ],
        "chunk_tokens": 256,
        "block_threads": 256,
        "staged_input_bytes": 238155696,
        "applicable": true
      },
      {
        "kernel": "onpair_dh_k1_t256_b1_h0",
        "role": "experimental",
        "stage_bytes": null,
        "chunk_size": 32,
        "decode_ms": 1.531968,
        "decode_gib_s": 607.9256028578048,
        "decode_ns_iters": [
          1535392,
          1537760,
          1533728,
          1540608,
          1531968,
          1554016,
          1537408,
          1532672,
          1539488,
          1543808,
          1544544,
          1536512,
          1541504,
          1545088,
          1542880,
          1535200,
          1536448,
          1535392,
          1539712,
          1534016,
          1544928,
          1543360,
          1538496,
          1542432,
          1536096,
          1537184,
          1532768,
          1542400,
          1534816,
          1544864
        ],
        "chunk_tokens": 32,
        "block_threads": 256,
        "staged_input_bytes": 263686792,
        "applicable": true
      },
      {
        "kernel": "onpair_dh_k1_t256_b4_h0",
        "role": "experimental",
        "stage_bytes": null,
        "chunk_size": 32,
        "decode_ms": 1.526912,
        "decode_gib_s": 609.9386015427644,
        "decode_ns_iters": [
          1537120,
          1531488,
          1537056,
          1536064,
          1544352,
          1535488,
          1540896,
          1539424,
          1534624,
          1544832,
          1526912,
          1542560,
          1538336,
          1550656,
          1540800,
          1541952,
          1531904,
          1540992,
          1543456,
          1539232,
          1537888,
          1538880,
          1549344,
          1538720,
          1550336,
          1540736,
          1537152,
          1533152,
          1539360,
          1536352
        ],
        "chunk_tokens": 32,
        "block_threads": 256,
        "staged_input_bytes": 263686792,
        "applicable": true
      },
      {
        "kernel": "onpair_dh_k1_t256_b8_h0",
        "role": "experimental",
        "stage_bytes": null,
        "chunk_size": 32,
        "decode_ms": 1.909632,
        "decode_gib_s": 487.69740450456715,
        "decode_ns_iters": [
          1912160,
          1910400,
          1912800,
          1911456,
          1913984,
          1913792,
          1912160,
          1911104,
          1911104,
          1910304,
          1913664,
          1910880,
          1911872,
          1910912,
          1912192,
          1910880,
          1913472,
          1910464,
          1913024,
          1909888,
          1912288,
          1912160,
          1910784,
          1912320,
          1914624,
          1912192,
          1913696,
          1909632,
          1909984,
          1909952
        ],
        "chunk_tokens": 32,
        "block_threads": 256,
        "staged_input_bytes": 263686792,
        "applicable": true
      },
      {
        "kernel": "onpair_dh_k2_t64_b1_h2",
        "role": "experimental",
        "stage_bytes": null,
        "chunk_size": 64,
        "decode_ms": 2.14064,
        "decode_gib_s": 435.06734899790047,
        "decode_ns_iters": [
          2143104,
          2142528,
          2143680,
          2144864,
          2155776,
          2143520,
          2144032,
          2143392,
          2144352,
          2143552,
          2141888,
          2143680,
          2143104,
          2143616,
          2143200,
          2142784,
          2143360,
          2152064,
          2143072,
          2142912,
          2144160,
          2144896,
          2142656,
          2143616,
          2143584,
          2143328,
          2142400,
          2142496,
          2140640,
          2143200
        ],
        "chunk_tokens": 64,
        "block_threads": 64,
        "staged_input_bytes": 249097600,
        "applicable": true
      },
      {
        "kernel": "onpair_dh_k2_t64_b2_h2",
        "role": "experimental",
        "stage_bytes": null,
        "chunk_size": 64,
        "decode_ms": 2.140704,
        "decode_gib_s": 435.05434191689545,
        "decode_ns_iters": [
          2143776,
          2153024,
          2143872,
          2141632,
          2144768,
          2145760,
          2144064,
          2145120,
          2143072,
          2143456,
          2141312,
          2142048,
          2141888,
          2141120,
          2149280,
          2142624,
          2141920,
          2142688,
          2142816,
          2142016,
          2141856,
          2141952,
          2142208,
          2140704,
          2142112,
          2142400,
          2141056,
          2147680,
          2141472,
          2141856
        ],
        "chunk_tokens": 64,
        "block_threads": 64,
        "staged_input_bytes": 249097600,
        "applicable": true
      },
      {
        "kernel": "onpair_dh_k2_t64_b4_h2",
        "role": "experimental",
        "stage_bytes": null,
        "chunk_size": 64,
        "decode_ms": 2.140224,
        "decode_gib_s": 435.1519139860433,
        "decode_ns_iters": [
          2143232,
          2144288,
          2142464,
          2143808,
          2145536,
          2143712,
          2141760,
          2142272,
          2142720,
          2143680,
          2141952,
          2150368,
          2141856,
          2142912,
          2142112,
          2142528,
          2141536,
          2141664,
          2143712,
          2140896,
          2141216,
          2142336,
          2140992,
          2140224,
          2143136,
          2141504,
          2141120,
          2141440,
          2143264,
          2142592
        ],
        "chunk_tokens": 64,
        "block_threads": 64,
        "staged_input_bytes": 249097600,
        "applicable": true
      },
      {
        "kernel": "onpair_dh_k2_t64_b6_h2",
        "role": "experimental",
        "stage_bytes": null,
        "chunk_size": 64,
        "decode_ms": 2.140864,
        "decode_gib_s": 435.0218276167312,
        "decode_ns_iters": [
          2143168,
          2142496,
          2142848,
          2140864,
          2151680,
          2143456,
          2141888,
          2142976,
          2141920,
          2141024,
          2142624,
          2141632,
          2141504,
          2145120,
          2145984,
          2141696,
          2142048,
          2152064,
          2142208,
          2142016,
          2143584,
          2143808,
          2142016,
          2142272,
          2141248,
          2143200,
          2141088,
          2142176,
          2142688,
          2143744
        ],
        "chunk_tokens": 64,
        "block_threads": 64,
        "staged_input_bytes": 249097600,
        "applicable": true
      },
      {
        "kernel": "onpair_dh_k2_t64_b8_h2",
        "role": "experimental",
        "stage_bytes": null,
        "chunk_size": 64,
        "decode_ms": 2.14048,
        "decode_gib_s": 435.0998701033719,
        "decode_ns_iters": [
          2142656,
          2144320,
          2143008,
          2143808,
          2140480,
          2144064,
          2141888,
          2143392,
          2144192,
          2143392,
          2143136,
          2141792,
          2141568,
          2143136,
          2152896,
          2141888,
          2142272,
          2144256,
          2143552,
          2141792,
          2141312,
          2142496,
          2141600,
          2141568,
          2143520,
          2141888,
          2144736,
          2142720,
          2142016,
          2143296
        ],
        "chunk_tokens": 64,
        "block_threads": 64,
        "staged_input_bytes": 249097600,
        "applicable": true
      },
      {
        "kernel": "onpair_dh_k2_t128_b1_h2",
        "role": "experimental",
        "stage_bytes": null,
        "chunk_size": 64,
        "decode_ms": 2.015232,
        "decode_gib_s": 462.1416144438286,
        "decode_ns_iters": [
          2015680,
          2016480,
          2016224,
          2017376,
          2017568,
          2030944,
          2015840,
          2015744,
          2023424,
          2015616,
          2016640,
          2016448,
          2017152,
          2015616,
          2016736,
          2018144,
          2017088,
          2017984,
          2017024,
          2017664,
          2016992,
          2015584,
          2017152,
          2018144,
          2015552,
          2017440,
          2016992,
          2023168,
          2017984,
          2015232
        ],
        "chunk_tokens": 64,
        "block_threads": 128,
        "staged_input_bytes": 249097600,
        "applicable": true
      },
      {
        "kernel": "onpair_dh_k2_t128_b2_h2",
        "role": "experimental",
        "stage_bytes": null,
        "chunk_size": 64,
        "decode_ms": 2.004704,
        "decode_gib_s": 464.56861958616616,
        "decode_ns_iters": [
          2016672,
          2015008,
          2026656,
          2014848,
          2017280,
          2015776,
          2015200,
          2017760,
          2017056,
          2015872,
          2016992,
          2016288,
          2017408,
          2016640,
          2016704,
          2017920,
          2017664,
          2019040,
          2009888,
          2005888,
          2004704,
          2008608,
          2018528,
          2018976,
          2018880,
          2017856,
          2019072,
          2016544,
          2019200,
          2017568
        ],
        "chunk_tokens": 64,
        "block_threads": 128,
        "staged_input_bytes": 249097600,
        "applicable": true
      },
      {
        "kernel": "onpair_dh_k2_t128_b4_h2",
        "role": "experimental",
        "stage_bytes": null,
        "chunk_size": 64,
        "decode_ms": 2.014176,
        "decode_gib_s": 462.38390784065825,
        "decode_ns_iters": [
          2018336,
          2016864,
          2018176,
          2017504,
          2017984,
          2016096,
          2016576,
          2026240,
          2015488,
          2016224,
          2016192,
          2017408,
          2015776,
          2015328,
          2016640,
          2014176,
          2017248,
          2022208,
          2015104,
          2015168,
          2017184,
          2015264,
          2017152,
          2016064,
          2016064,
          2017152,
          2016928,
          2015200,
          2016288,
          2018016
        ],
        "chunk_tokens": 64,
        "block_threads": 128,
        "staged_input_bytes": 249097600,
        "applicable": true
      },
      {
        "kernel": "onpair_dh_k2_t128_b6_h2",
        "role": "experimental",
        "stage_bytes": null,
        "chunk_size": 64,
        "decode_ms": 2.01424,
        "decode_gib_s": 462.36921616037097,
        "decode_ns_iters": [
          2017152,
          2016512,
          2017024,
          2015616,
          2017024,
          2016544,
          2017792,
          2014912,
          2016480,
          2016480,
          2014240,
          2024992,
          2017056,
          2017984,
          2014976,
          2015168,
          2017152,
          2016832,
          2014816,
          2015680,
          2017280,
          2016608,
          2015424,
          2015264,
          2015488,
          2016320,
          2017152,
          2018112,
          2015616,
          2016256
        ],
        "chunk_tokens": 64,
        "block_threads": 128,
        "staged_input_bytes": 249097600,
        "applicable": true
      },
      {
        "kernel": "onpair_dh_k2_t128_b8_h2",
        "role": "experimental",
        "stage_bytes": null,
        "chunk_size": 64,
        "decode_ms": 2.014848,
        "decode_gib_s": 462.2296917478964,
        "decode_ns_iters": [
          2016288,
          2016544,
          2016768,
          2016576,
          2017568,
          2024928,
          2015872,
          2015392,
          2016320,
          2017664,
          2015616,
          2016192,
          2015488,
          2017440,
          2015776,
          2015136,
          2017440,
          2018944,
          2018432,
          2016512,
          2016096,
          2015072,
          2015072,
          2015424,
          2024096,
          2017120,
          2016864,
          2015904,
          2014848,
          2017024
        ],
        "chunk_tokens": 64,
        "block_threads": 128,
        "staged_input_bytes": 249097600,
        "applicable": true
      },
      {
        "kernel": "onpair_dh_k2_t256_b1_h0",
        "role": "experimental",
        "stage_bytes": null,
        "chunk_size": 64,
        "decode_ms": 1.73072,
        "decode_gib_s": 538.112791184516,
        "decode_ns_iters": [
          1742720,
          1746176,
          1744864,
          1741536,
          1743840,
          1742624,
          1744000,
          1742656,
          1743712,
          1742720,
          1734752,
          1741952,
          1735936,
          1730720,
          1745248,
          1743648,
          1740640,
          1743872,
          1742624,
          1742912,
          1741728,
          1739616,
          1742464,
          1740736,
          1742016,
          1742560,
          1740448,
          1742272,
          1742368,
          1742496
        ],
        "chunk_tokens": 64,
        "block_threads": 256,
        "staged_input_bytes": 249097600,
        "applicable": true
      },
      {
        "kernel": "onpair_dh_k2_t256_b1_h2",
        "role": "experimental",
        "stage_bytes": null,
        "chunk_size": 64,
        "decode_ms": 1.829152,
        "decode_gib_s": 509.15537361513185,
        "decode_ns_iters": [
          1831744,
          1830048,
          1830976,
          1829536,
          1830144,
          1831296,
          1829216,
          1831264,
          1830944,
          1829152,
          1829984,
          1829824,
          1831104,
          1831744,
          1831200,
          1829632,
          1830112,
          1830144,
          1829696,
          1829472,
          1829600,
          1829536,
          1831456,
          1829952,
          1829408,
          1829344,
          1829632,
          1832096,
          1830112,
          1830976
        ],
        "chunk_tokens": 64,
        "block_threads": 256,
        "staged_input_bytes": 249097600,
        "applicable": true
      },
      {
        "kernel": "onpair_dh_k2_t256_b2_h2",
        "role": "experimental",
        "stage_bytes": null,
        "chunk_size": 64,
        "decode_ms": 1.828416,
        "decode_gib_s": 509.36032607397095,
        "decode_ns_iters": [
          1831840,
          1831808,
          1836544,
          1828704,
          1831584,
          1829568,
          1828928,
          1829824,
          1828640,
          1829408,
          1830848,
          1828672,
          1830272,
          1829696,
          1836992,
          1828416,
          1831840,
          1831104,
          1830752,
          1831328,
          1831200,
          1830112,
          1829600,
          1829664,
          1831712,
          1831392,
          1829248,
          1829408,
          1829792,
          1831840
        ],
        "chunk_tokens": 64,
        "block_threads": 256,
        "staged_input_bytes": 249097600,
        "applicable": true
      },
      {
        "kernel": "onpair_dh_k2_t256_b4_h0",
        "role": "experimental",
        "stage_bytes": null,
        "chunk_size": 64,
        "decode_ms": 1.735552,
        "decode_gib_s": 536.6146159601474,
        "decode_ns_iters": [
          1743744,
          1746016,
          1741120,
          1741312,
          1747584,
          1743040,
          1735552,
          1741056,
          1741216,
          1742592,
          1743872,
          1744256,
          1742816,
          1740896,
          1743168,
          1742944,
          1742048,
          1744928,
          1740224,
          1742624,
          1742464,
          1742080,
          1743264,
          1742208,
          1740544,
          1743232,
          1743072,
          1745600,
          1744448,
          1743936
        ],
        "chunk_tokens": 64,
        "block_threads": 256,
        "staged_input_bytes": 249097600,
        "applicable": true
      },
      {
        "kernel": "onpair_dh_k2_t256_b4_h2",
        "role": "experimental",
        "stage_bytes": null,
        "chunk_size": 64,
        "decode_ms": 1.819936,
        "decode_gib_s": 511.73369281055244,
        "decode_ns_iters": [
          1832000,
          1831232,
          1831328,
          1830976,
          1832416,
          1832640,
          1833216,
          1821952,
          1841696,
          1831616,
          1832576,
          1833440,
          1829792,
          1832128,
          1832416,
          1831456,
          1830464,
          1829440,
          1829280,
          1832864,
          1833728,
          1830496,
          1831360,
          1831744,
          1832224,
          1830848,
          1833472,
          1831264,
          1821184,
          1819936
        ],
        "chunk_tokens": 64,
        "block_threads": 256,
        "staged_input_bytes": 249097600,
        "applicable": true
      },
      {
        "kernel": "onpair_dh_k2_t256_b6_h2",
        "role": "experimental",
        "stage_bytes": null,
        "chunk_size": 64,
        "decode_ms": 1.994592,
        "decode_gib_s": 466.9238470618882,
        "decode_ns_iters": [
          1998112,
          1998976,
          1998624,
          1997088,
          1998016,
          2004224,
          1997056,
          1997440,
          1996704,
          1997024,
          1997376,
          1996544,
          1997056,
          1998912,
          1998560,
          1996960,
          1996576,
          1996768,
          1998528,
          1997152,
          1996928,
          1996960,
          1997216,
          1997120,
          1996448,
          1994592,
          1997792,
          1999168,
          1997120,
          1995936
        ],
        "chunk_tokens": 64,
        "block_threads": 256,
        "staged_input_bytes": 249097600,
        "applicable": true
      },
      {
        "kernel": "onpair_dh_k2_t256_b8_h0",
        "role": "experimental",
        "stage_bytes": null,
        "chunk_size": 64,
        "decode_ms": 1.866048,
        "decode_gib_s": 499.0882174300263,
        "decode_ns_iters": [
          1868800,
          1868224,
          1868352,
          1868352,
          1870528,
          1867776,
          1869504,
          1876096,
          1868160,
          1869408,
          1867264,
          1867584,
          1867328,
          1868544,
          1866176,
          1868480,
          1866656,
          1868384,
          1866304,
          1867168,
          1869600,
          1867904,
          1867264,
          1866048,
          1867616,
          1867104,
          1866368,
          1868256,
          1866592,
          1866368
        ],
        "chunk_tokens": 64,
        "block_threads": 256,
        "staged_input_bytes": 249097600,
        "applicable": true
      },
      {
        "kernel": "onpair_dh_k2_t256_b8_h2",
        "role": "experimental",
        "stage_bytes": null,
        "chunk_size": 64,
        "decode_ms": 1.99552,
        "decode_gib_s": 466.7067080053649,
        "decode_ns_iters": [
          1997376,
          1998112,
          1998304,
          1996960,
          1995808,
          1997664,
          1997632,
          1997664,
          1995520,
          1997792,
          1996224,
          1997120,
          1997984,
          1995552,
          1997280,
          1996992,
          1997504,
          1996832,
          1998176,
          1997216,
          1998240,
          1998720,
          1998432,
          1998496,
          1998560,
          1996608,
          1997120,
          1997664,
          1999072,
          1996736
        ],
        "chunk_tokens": 64,
        "block_threads": 256,
        "staged_input_bytes": 249097600,
        "applicable": true
      },
      {
        "kernel": "onpair_dh_k3_t64_b1_h2",
        "role": "experimental",
        "stage_bytes": null,
        "chunk_size": 96,
        "decode_ms": 2.060608,
        "decode_gib_s": 451.9649394542123,
        "decode_ns_iters": [
          2062240,
          2060608,
          2063008,
          2062592,
          2062720,
          2061952,
          2064032,
          2062240,
          2062240,
          2064608,
          2062848,
          2061728,
          2062240,
          2062624,
          2061856,
          2061952,
          2069408,
          2062528,
          2060928,
          2061664,
          2063552,
          2060864,
          2062624,
          2064320,
          2063392,
          2060864,
          2062368,
          2063040,
          2063712,
          2068512
        ],
        "chunk_tokens": 96,
        "block_threads": 64,
        "staged_input_bytes": 244234536,
        "applicable": true
      },
      {
        "kernel": "onpair_dh_k3_t64_b1_h3",
        "role": "experimental",
        "stage_bytes": null,
        "chunk_size": 96,
        "decode_ms": 2.0408,
        "decode_gib_s": 456.35171009352496,
        "decode_ns_iters": [
          2042528,
          2045600,
          2043552,
          2043680,
          2042432,
          2044128,
          2042208,
          2041088,
          2043584,
          2041568,
          2047936,
          2042816,
          2041600,
          2041920,
          2041728,
          2042816,
          2041600,
          2041696,
          2040800,
          2041888,
          2043936,
          2043520,
          2042592,
          2042976,
          2043904,
          2048576,
          2043168,
          2042688,
          2042592,
          2042784
        ],
        "chunk_tokens": 96,
        "block_threads": 64,
        "staged_input_bytes": 244234536,
        "applicable": true
      },
      {
        "kernel": "onpair_dh_k3_t64_b2_h2",
        "role": "experimental",
        "stage_bytes": null,
        "chunk_size": 96,
        "decode_ms": 2.060448,
        "decode_gib_s": 452.0000358945558,
        "decode_ns_iters": [
          2062240,
          2061632,
          2062592,
          2061440,
          2062912,
          2070400,
          2063904,
          2062944,
          2063744,
          2063104,
          2062464,
          2061312,
          2062688,
          2062560,
          2060448,
          2061952,
          2062752,
          2062848,
          2062272,
          2061664,
          2063520,
          2062304,
          2063136,
          2061984,
          2062432,
          2069408,
          2064032,
          2062848,
          2062304,
          2063168
        ],
        "chunk_tokens": 96,
        "block_threads": 64,
        "staged_input_bytes": 244234536,
        "applicable": true
      },
      {
        "kernel": "onpair_dh_k3_t64_b2_h3",
        "role": "experimental",
        "stage_bytes": null,
        "chunk_size": 96,
        "decode_ms": 2.040352,
        "decode_gib_s": 456.45191121868464,
        "decode_ns_iters": [
          2043200,
          2044544,
          2042592,
          2041472,
          2040992,
          2048384,
          2041952,
          2040544,
          2041440,
          2042144,
          2042272,
          2041664,
          2040992,
          2040896,
          2040448,
          2042112,
          2043488,
          2041920,
          2042208,
          2041536,
          2044640,
          2043808,
          2041472,
          2040352,
          2041792,
          2040992,
          2040416,
          2044096,
          2050912,
          2042976
        ],
        "chunk_tokens": 96,
        "block_threads": 64,
        "staged_input_bytes": 244234536,
        "applicable": true
      },
      {
        "kernel": "onpair_dh_k3_t64_b4_h2",
        "role": "experimental",
        "stage_bytes": null,
        "chunk_size": 96,
        "decode_ms": 2.060064,
        "decode_gib_s": 452.08428959433576,
        "decode_ns_iters": [
          2065216,
          2073600,
          2060064,
          2062080,
          2062080,
          2062400,
          2063904,
          2061600,
          2062336,
          2062368,
          2062784,
          2063072,
          2062048,
          2061664,
          2068928,
          2062176,
          2062016,
          2063072,
          2062432,
          2063456,
          2062432,
          2064512,
          2062208,
          2061696,
          2063104,
          2064320,
          2063104,
          2061760,
          2062752,
          2061888
        ],
        "chunk_tokens": 96,
        "block_threads": 64,
        "staged_input_bytes": 244234536,
        "applicable": true
      },
      {
        "kernel": "onpair_dh_k3_t64_b4_h3",
        "role": "experimental",
        "stage_bytes": null,
        "chunk_size": 96,
        "decode_ms": 2.039328,
        "decode_gib_s": 456.6811076780516,
        "decode_ns_iters": [
          2042496,
          2044832,
          2044096,
          2044576,
          2044192,
          2042720,
          2041888,
          2040320,
          2048416,
          2039328,
          2042336,
          2042400,
          2041728,
          2042368,
          2040672,
          2040320,
          2039552,
          2043776,
          2042144,
          2041248,
          2039680,
          2042592,
          2042688,
          2043360,
          2042336,
          2044128,
          2041824,
          2041248,
          2041504,
          2040448
        ],
        "chunk_tokens": 96,
        "block_threads": 64,
        "staged_input_bytes": 244234536,
        "applicable": true
      },
      {
        "kernel": "onpair_dh_k3_t64_b6_h2",
        "role": "experimental",
        "stage_bytes": null,
        "chunk_size": 96,
        "decode_ms": 2.06128,
        "decode_gib_s": 451.81759390226733,
        "decode_ns_iters": [
          2063904,
          2064320,
          2064576,
          2065568,
          2063936,
          2061408,
          2064160,
          2062592,
          2062048,
          2062144,
          2062592,
          2063584,
          2062880,
          2063552,
          2062176,
          2062368,
          2062560,
          2062592,
          2063008,
          2062560,
          2065472,
          2061440,
          2062336,
          2067776,
          2064224,
          2062432,
          2061280,
          2064128,
          2064128,
          2062464
        ],
        "chunk_tokens": 96,
        "block_threads": 64,
        "staged_input_bytes": 244234536,
        "applicable": true
      },
      {
        "kernel": "onpair_dh_k3_t64_b6_h3",
        "role": "experimental",
        "stage_bytes": null,
        "chunk_size": 96,
        "decode_ms": 2.040128,
        "decode_gib_s": 456.5020282839438,
        "decode_ns_iters": [
          2041216,
          2042656,
          2041888,
          2043392,
          2041888,
          2043392,
          2041984,
          2041344,
          2041920,
          2043264,
          2042176,
          2041216,
          2041632,
          2041888,
          2042528,
          2044448,
          2041696,
          2042304,
          2048640,
          2043264,
          2042528,
          2043584,
          2042240,
          2043616,
          2042400,
          2042240,
          2042944,
          2040128,
          2041184,
          2041216
        ],
        "chunk_tokens": 96,
        "block_threads": 64,
        "staged_input_bytes": 244234536,
        "applicable": true
      },
      {
        "kernel": "onpair_dh_k3_t64_b8_h2",
        "role": "experimental",
        "stage_bytes": null,
        "chunk_size": 96,
        "decode_ms": 2.060256,
        "decode_gib_s": 452.04215881854765,
        "decode_ns_iters": [
          2063264,
          2064768,
          2062432,
          2061056,
          2064288,
          2063232,
          2060384,
          2062368,
          2062336,
          2063264,
          2062784,
          2062496,
          2061792,
          2062816,
          2063136,
          2062944,
          2062048,
          2063168,
          2062048,
          2069888,
          2064384,
          2062784,
          2060256,
          2061280,
          2061376,
          2061952,
          2061504,
          2064640,
          2064640,
          2062432
        ],
        "chunk_tokens": 96,
        "block_threads": 64,
        "staged_input_bytes": 244234536,
        "applicable": true
      },
      {
        "kernel": "onpair_dh_k3_t64_b8_h3",
        "role": "experimental",
        "stage_bytes": null,
        "chunk_size": 96,
        "decode_ms": 2.039168,
        "decode_gib_s": 456.7169404182812,
        "decode_ns_iters": [
          2044832,
          2040800,
          2042016,
          2042272,
          2041952,
          2041696,
          2049408,
          2040256,
          2041760,
          2042368,
          2041632,
          2042048,
          2042016,
          2042656,
          2041536,
          2040928,
          2043872,
          2039168,
          2043456,
          2042048,
          2041568,
          2042432,
          2041568,
          2044544,
          2043904,
          2042016,
          2041728,
          2042688,
          2040416,
          2047808
        ],
        "chunk_tokens": 96,
        "block_threads": 64,
        "staged_input_bytes": 244234536,
        "applicable": true
      },
      {
        "kernel": "onpair_dh_k3_t128_b1_h2",
        "role": "experimental",
        "stage_bytes": null,
        "chunk_size": 96,
        "decode_ms": 1.990208,
        "decode_gib_s": 467.95237983108586,
        "decode_ns_iters": [
          1992224,
          1993344,
          1991456,
          1992352,
          1990208,
          1998848,
          1992512,
          1992352,
          1992800,
          1991232,
          1993376,
          1991392,
          1990336,
          1990688,
          1991392,
          1992160,
          1991392,
          1991712,
          1991360,
          1990624,
          1993248,
          1991264,
          1990592,
          1991360,
          1991200,
          1991488,
          1990272,
          1992160,
          1992800,
          1992288
        ],
        "chunk_tokens": 96,
        "block_threads": 128,
        "staged_input_bytes": 244234536,
        "applicable": true
      },
      {
        "kernel": "onpair_dh_k3_t128_b1_h3",
        "role": "experimental",
        "stage_bytes": null,
        "chunk_size": 96,
        "decode_ms": 1.974592,
        "decode_gib_s": 471.65316681059466,
        "decode_ns_iters": [
          1976416,
          1977856,
          1978080,
          1976448,
          1975936,
          1975840,
          1977632,
          1977184,
          1978176,
          1983712,
          1975776,
          1977888,
          1977248,
          1975648,
          1978144,
          1975552,
          1978048,
          1978048,
          1978048,
          1974592,
          1975776,
          1977824,
          1976096,
          1978304,
          1983808,
          1977632,
          1977248,
          1975520,
          1976864,
          1977600
        ],
        "chunk_tokens": 96,
        "block_threads": 128,
        "staged_input_bytes": 244234536,
        "applicable": true
      },
      {
        "kernel": "onpair_dh_k3_t128_b2_h2",
        "role": "experimental",
        "stage_bytes": null,
        "chunk_size": 96,
        "decode_ms": 1.989536,
        "decode_gib_s": 468.11043879520935,
        "decode_ns_iters": [
          1992544,
          1992096,
          1992320,
          1990496,
          1992480,
          1992384,
          1991968,
          1991424,
          1989536,
          1990752,
          1992736,
          1990784,
          1992608,
          1990944,
          1998560,
          1992096,
          1992704,
          1993376,
          1990944,
          1991392,
          1992576,
          1991712,
          1990144,
          1990592,
          1993312,
          1991712,
          1992640,
          1990560,
          1992608,
          1991168
        ],
        "chunk_tokens": 96,
        "block_threads": 128,
        "staged_input_bytes": 244234536,
        "applicable": true
      },
      {
        "kernel": "onpair_dh_k3_t128_b2_h3",
        "role": "experimental",
        "stage_bytes": null,
        "chunk_size": 96,
        "decode_ms": 1.97568,
        "decode_gib_s": 471.3934290770092,
        "decode_ns_iters": [
          1978272,
          1975680,
          1978752,
          1976576,
          1976544,
          1983712,
          1976480,
          1976288,
          1976320,
          1978272,
          1979712,
          1979360,
          1978624,
          1976928,
          1978496,
          1977952,
          1979328,
          1977568,
          1978944,
          1976736,
          1984288,
          1976416,
          1979840,
          1976736,
          1976928,
          1978400,
          1978912,
          1977792,
          1977056,
          1976608
        ],
        "chunk_tokens": 96,
        "block_threads": 128,
        "staged_input_bytes": 244234536,
        "applicable": true
      },
      {
        "kernel": "onpair_dh_k3_t128_b4_h2",
        "role": "experimental",
        "stage_bytes": null,
        "chunk_size": 96,
        "decode_ms": 1.990176,
        "decode_gib_s": 467.9599040280185,
        "decode_ns_iters": [
          1994144,
          1994880,
          1991936,
          1991360,
          1992640,
          1991936,
          1990592,
          1990848,
          1994016,
          1992640,
          1991680,
          1997792,
          1991328,
          1992448,
          1991616,
          1993184,
          1992672,
          1991808,
          1993024,
          1990912,
          1990848,
          1990976,
          1991936,
          1990176,
          1991072,
          1990912,
          1994848,
          1992864,
          1995232,
          1991680
        ],
        "chunk_tokens": 96,
        "block_threads": 128,
        "staged_input_bytes": 244234536,
        "applicable": true
      },
      {
        "kernel": "onpair_dh_k3_t128_b4_h3",
        "role": "experimental",
        "stage_bytes": null,
        "chunk_size": 96,
        "decode_ms": 1.976256,
        "decode_gib_s": 471.2560366465001,
        "decode_ns_iters": [
          1978624,
          1984960,
          1978016,
          1978400,
          1977408,
          1976864,
          1978976,
          1977504,
          1978048,
          1978112,
          1979072,
          1978400,
          1977696,
          1976288,
          1978528,
          1976672,
          1983552,
          1976832,
          1977824,
          1976672,
          1977056,
          1978656,
          1979520,
          1979296,
          1977088,
          1978816,
          1978816,
          1976256,
          1978528,
          1978944
        ],
        "chunk_tokens": 96,
        "block_threads": 128,
        "staged_input_bytes": 244234536,
        "applicable": true
      },
      {
        "kernel": "onpair_dh_k3_t128_b6_h2",
        "role": "experimental",
        "stage_bytes": null,
        "chunk_size": 96,
        "decode_ms": 1.990112,
        "decode_gib_s": 467.97495314779553,
        "decode_ns_iters": [
          1995904,
          1991648,
          1992320,
          1991616,
          1992480,
          1991488,
          1990912,
          1992704,
          1992800,
          1993824,
          1993696,
          1990688,
          1991488,
          1990784,
          1991264,
          1993568,
          1991264,
          1990784,
          1992384,
          1991872,
          1998944,
          1991776,
          1993088,
          1990752,
          1991552,
          1990112,
          1991872,
          1990880,
          1991360,
          1991136
        ],
        "chunk_tokens": 96,
        "block_threads": 128,
        "staged_input_bytes": 244234536,
        "applicable": true
      },
      {
        "kernel": "onpair_dh_k3_t128_b6_h3",
        "role": "experimental",
        "stage_bytes": null,
        "chunk_size": 96,
        "decode_ms": 1.975776,
        "decode_gib_s": 471.3705247755139,
        "decode_ns_iters": [
          1978496,
          1977152,
          1978688,
          1980128,
          1977920,
          1977024,
          1977792,
          1978528,
          1976800,
          1976224,
          1976160,
          1979168,
          1976672,
          1976192,
          1978496,
          1976896,
          1978304,
          1977088,
          1977088,
          1979072,
          1978592,
          1975776,
          1978944,
          1977792,
          1976192,
          1977312,
          1976992,
          1985408,
          1976640,
          1976480
        ],
        "chunk_tokens": 96,
        "block_threads": 128,
        "staged_input_bytes": 244234536,
        "applicable": true
      },
      {
        "kernel": "onpair_dh_k3_t128_b8_h2",
        "role": "experimental",
        "stage_bytes": null,
        "chunk_size": 96,
        "decode_ms": 1.989472,
        "decode_gib_s": 468.1254975987929,
        "decode_ns_iters": [
          1993024,
          1993568,
          1991104,
          1991456,
          1999968,
          1992480,
          1990528,
          1991328,
          1993280,
          1992064,
          1992192,
          1989472,
          1991520,
          1992896,
          1991296,
          1991968,
          2000384,
          1991968,
          1990368,
          1991168,
          1991104,
          1993152,
          1991008,
          1993088,
          1992288,
          1993248,
          1993312,
          1991872,
          1992992,
          1999360
        ],
        "chunk_tokens": 96,
        "block_threads": 128,
        "staged_input_bytes": 244234536,
        "applicable": true
      },
      {
        "kernel": "onpair_dh_k3_t128_b8_h3",
        "role": "experimental",
        "stage_bytes": null,
        "chunk_size": 96,
        "decode_ms": 1.97584,
        "decode_gib_s": 471.3552564776832,
        "decode_ns_iters": [
          1980160,
          1980160,
          1979456,
          1978912,
          1978016,
          1977984,
          1977920,
          1986944,
          1979392,
          1978944,
          1978208,
          1977600,
          1975840,
          1978912,
          1979360,
          1977696,
          1976096,
          1978400,
          1976864,
          1975840,
          1977056,
          1979648,
          1984960,
          1977120,
          1978080,
          1978080,
          1976480,
          1976160,
          1977376,
          1977440
        ],
        "chunk_tokens": 96,
        "block_threads": 128,
        "staged_input_bytes": 244234536,
        "applicable": true
      },
      {
        "kernel": "onpair_dh_k3_t256_b1_h0",
        "role": "experimental",
        "stage_bytes": null,
        "chunk_size": 96,
        "decode_ms": 1.78736,
        "decode_gib_s": 521.0604298847829,
        "decode_ns_iters": [
          1790624,
          1789472,
          1790496,
          1790496,
          1790176,
          1790080,
          1788192,
          1789536,
          1791968,
          1789824,
          1788608,
          1789280,
          1790016,
          1788096,
          1791104,
          1788736,
          1787808,
          1787360,
          1789792,
          1788192,
          1789536,
          1801184,
          1791104,
          1788832,
          1787872,
          1788512,
          1788000,
          1787360,
          1787424,
          1793920
        ],
        "chunk_tokens": 96,
        "block_threads": 256,
        "staged_input_bytes": 244234536,
        "applicable": true
      },
      {
        "kernel": "onpair_dh_k3_t256_b1_h2",
        "role": "experimental",
        "stage_bytes": null,
        "chunk_size": 96,
        "decode_ms": 1.854912,
        "decode_gib_s": 502.084503177976,
        "decode_ns_iters": [
          1858016,
          1857248,
          1864832,
          1856160,
          1855264,
          1856864,
          1854912,
          1856704,
          1856096,
          1856224,
          1857280,
          1854944,
          1855296,
          1856288,
          1855680,
          1856320,
          1856096,
          1856960,
          1855616,
          1856064,
          1862272,
          1855296,
          1857312,
          1857536,
          1855584,
          1856320,
          1855808,
          1856160,
          1857600,
          1855520
        ],
        "chunk_tokens": 96,
        "block_threads": 256,
        "staged_input_bytes": 244234536,
        "applicable": true
      },
      {
        "kernel": "onpair_dh_k3_t256_b1_h3",
        "role": "experimental",
        "stage_bytes": null,
        "chunk_size": 96,
        "decode_ms": 1.821696,
        "decode_gib_s": 511.2392901773214,
        "decode_ns_iters": [
          1835616,
          1833120,
          1835072,
          1835040,
          1834016,
          1834944,
          1833792,
          1840704,
          1834368,
          1834112,
          1833856,
          1833824,
          1833408,
          1834208,
          1833216,
          1833376,
          1832672,
          1834624,
          1832352,
          1833536,
          1839744,
          1836320,
          1825600,
          1824128,
          1822016,
          1824096,
          1822208,
          1821696,
          1833152,
          1836416
        ],
        "chunk_tokens": 96,
        "block_threads": 256,
        "staged_input_bytes": 244234536,
        "applicable": true
      },
      {
        "kernel": "onpair_dh_k3_t256_b2_h2",
        "role": "experimental",
        "stage_bytes": null,
        "chunk_size": 96,
        "decode_ms": 1.854496,
        "decode_gib_s": 502.1971306267933,
        "decode_ns_iters": [
          1856224,
          1856736,
          1856736,
          1855136,
          1857184,
          1861888,
          1855392,
          1856064,
          1855424,
          1855456,
          1858272,
          1855552,
          1856768,
          1857248,
          1856128,
          1854496,
          1855072,
          1855232,
          1858720,
          1857280,
          1857280,
          1857216,
          1856960,
          1862976,
          1855936,
          1857856,
          1857024,
          1857824,
          1856352,
          1857408
        ],
        "chunk_tokens": 96,
        "block_threads": 256,
        "staged_input_bytes": 244234536,
        "applicable": true
      },
      {
        "kernel": "onpair_dh_k3_t256_b2_h3",
        "role": "experimental",
        "stage_bytes": null,
        "chunk_size": 96,
        "decode_ms": 1.83264,
        "decode_gib_s": 508.18631589339185,
        "decode_ns_iters": [
          1835072,
          1835520,
          1833376,
          1834688,
          1834080,
          1833184,
          1832992,
          1834880,
          1832736,
          1833760,
          1832928,
          1833248,
          1834624,
          1835776,
          1832896,
          1833408,
          1835648,
          1834304,
          1833344,
          1832640,
          1834464,
          1833920,
          1834624,
          1835488,
          1835648,
          1833344,
          1835296,
          1832800,
          1833184,
          1834368
        ],
        "chunk_tokens": 96,
        "block_threads": 256,
        "staged_input_bytes": 244234536,
        "applicable": true
      },
      {
        "kernel": "onpair_dh_k3_t256_b4_h0",
        "role": "experimental",
        "stage_bytes": null,
        "chunk_size": 96,
        "decode_ms": 1.7864,
        "decode_gib_s": 521.3404444462974,
        "decode_ns_iters": [
          1789952,
          1788384,
          1788800,
          1788736,
          1787264,
          1797568,
          1787520,
          1788416,
          1788960,
          1789056,
          1790368,
          1788096,
          1789024,
          1795072,
          1786816,
          1788864,
          1788000,
          1788160,
          1788448,
          1788800,
          1788320,
          1793184,
          1788864,
          1786400,
          1787616,
          1787840,
          1789056,
          1789984,
          1788512,
          1789184
        ],
        "chunk_tokens": 96,
        "block_threads": 256,
        "staged_input_bytes": 244234536,
        "applicable": true
      },
      {
        "kernel": "onpair_dh_k3_t256_b4_h2",
        "role": "experimental",
        "stage_bytes": null,
        "chunk_size": 96,
        "decode_ms": 1.854368,
        "decode_gib_s": 502.2317953927514,
        "decode_ns_iters": [
          1857184,
          1856384,
          1863200,
          1856576,
          1856800,
          1854496,
          1857056,
          1855456,
          1857184,
          1855904,
          1857760,
          1855776,
          1855648,
          1857664,
          1858048,
          1855936,
          1857216,
          1856128,
          1856672,
          1855328,
          1860896,
          1855392,
          1855744,
          1855104,
          1857568,
          1856192,
          1857504,
          1857728,
          1854368,
          1856288
        ],
        "chunk_tokens": 96,
        "block_threads": 256,
        "staged_input_bytes": 244234536,
        "applicable": true
      },
      {
        "kernel": "onpair_dh_k3_t256_b4_h3",
        "role": "experimental",
        "stage_bytes": null,
        "chunk_size": 96,
        "decode_ms": 1.832736,
        "decode_gib_s": 508.15969673693627,
        "decode_ns_iters": [
          1834080,
          1836864,
          1834080,
          1833088,
          1834112,
          1834080,
          1834624,
          1835840,
          1841280,
          1835360,
          1834400,
          1833248,
          1835680,
          1834848,
          1833344,
          1834400,
          1833056,
          1833824,
          1834432,
          1834048,
          1835008,
          1833312,
          1832736,
          1835584,
          1833600,
          1833440,
          1834976,
          1834208,
          1835200,
          1833248
        ],
        "chunk_tokens": 96,
        "block_threads": 256,
        "staged_input_bytes": 244234536,
        "applicable": true
      },
      {
        "kernel": "onpair_dh_k3_t256_b6_h2",
        "role": "experimental",
        "stage_bytes": null,
        "chunk_size": 96,
        "decode_ms": 1.957696,
        "decode_gib_s": 475.7237946846015,
        "decode_ns_iters": [
          1962528,
          1962688,
          1963680,
          1961216,
          1960224,
          1960416,
          1960992,
          1967616,
          1958880,
          1959328,
          1963616,
          1960960,
          1960256,
          1957760,
          1959424,
          1959136,
          1959968,
          1960160,
          1961600,
          1957696,
          1959712,
          1961280,
          1958912,
          1959040,
          1959072,
          1961856,
          1962176,
          1960928,
          1965472,
          1962400
        ],
        "chunk_tokens": 96,
        "block_threads": 256,
        "staged_input_bytes": 244234536,
        "applicable": true
      },
      {
        "kernel": "onpair_dh_k3_t256_b6_h3",
        "role": "experimental",
        "stage_bytes": null,
        "chunk_size": 96,
        "decode_ms": 1.938048,
        "decode_gib_s": 480.546699544524,
        "decode_ns_iters": [
          1940672,
          1939616,
          1940000,
          1938656,
          1942592,
          1939872,
          1940608,
          1941760,
          1938048,
          1940224,
          1941184,
          1938784,
          1940064,
          1942144,
          1942368,
          1940672,
          1939424,
          1938944,
          1946080,
          1947872,
          1938976,
          1942432,
          1939680,
          1940480,
          1942272,
          1939680,
          1940352,
          1941728,
          1941696,
          1942080
        ],
        "chunk_tokens": 96,
        "block_threads": 256,
        "staged_input_bytes": 244234536,
        "applicable": true
      },
      {
        "kernel": "onpair_dh_k3_t256_b8_h0",
        "role": "experimental",
        "stage_bytes": null,
        "chunk_size": 96,
        "decode_ms": 1.87968,
        "decode_gib_s": 495.4686808174081,
        "decode_ns_iters": [
          1883840,
          1882784,
          1881472,
          1882720,
          1880288,
          1884224,
          1882304,
          1879968,
          1879680,
          1880992,
          1882656,
          1880480,
          1882144,
          1882016,
          1880320,
          1883584,
          1883552,
          1884192,
          1881728,
          1882080,
          1887808,
          1888992,
          1883520,
          1882336,
          1883040,
          1882240,
          1880032,
          1880768,
          1881856,
          1881696
        ],
        "chunk_tokens": 96,
        "block_threads": 256,
        "staged_input_bytes": 244234536,
        "applicable": true
      },
      {
        "kernel": "onpair_dh_k3_t256_b8_h2",
        "role": "experimental",
        "stage_bytes": null,
        "chunk_size": 96,
        "decode_ms": 1.945312,
        "decode_gib_s": 478.7522875296434,
        "decode_ns_iters": [
          1945312,
          1954272,
          1955200,
          1953408,
          1954176,
          1952928,
          1952544,
          1953248,
          1952832,
          1953632,
          1953344,
          1951200,
          1954400,
          1953120,
          1953280,
          1952160,
          1953920,
          1952096,
          1953952,
          1954080,
          1952128,
          1953568,
          1954336,
          1959328,
          1956544,
          1952192,
          1954688,
          1956512,
          1950688,
          1953312
        ],
        "chunk_tokens": 96,
        "block_threads": 256,
        "staged_input_bytes": 244234536,
        "applicable": true
      },
      {
        "kernel": "onpair_dh_k3_t256_b8_h3",
        "role": "experimental",
        "stage_bytes": null,
        "chunk_size": 96,
        "decode_ms": 1.92944,
        "decode_gib_s": 482.6906096892702,
        "decode_ns_iters": [
          1933696,
          1934048,
          1933152,
          1931744,
          1934880,
          1931264,
          1930912,
          1932352,
          1934784,
          1930496,
          1934816,
          1929440,
          1933344,
          1931392,
          1932704,
          1939008,
          1940032,
          1933792,
          1931456,
          1934464,
          1932960,
          1933312,
          1932256,
          1932928,
          1930976,
          1933120,
          1932992,
          1932800,
          1934624,
          1932448
        ],
        "chunk_tokens": 96,
        "block_threads": 256,
        "staged_input_bytes": 244234536,
        "applicable": true
      },
      {
        "kernel": "onpair_dh_k4_t64_b1_h2",
        "role": "experimental",
        "stage_bytes": null,
        "chunk_size": 128,
        "decode_ms": 1.965984,
        "decode_gib_s": 473.71828558058746,
        "decode_ns_iters": [
          1970880,
          1968224,
          1968672,
          1968512,
          1974912,
          1966656,
          1968224,
          1969984,
          1970432,
          1968704,
          1967968,
          1968768,
          1967680,
          1967744,
          1968064,
          1966368,
          1968064,
          1966144,
          1968224,
          1967296,
          1968320,
          1968800,
          1976928,
          1969184,
          1965984,
          1968480,
          1968576,
          1970912,
          1967776,
          1968448
        ],
        "chunk_tokens": 128,
        "block_threads": 64,
        "staged_input_bytes": 241803008,
        "applicable": true
      },
      {
        "kernel": "onpair_dh_k4_t64_b1_h3",
        "role": "experimental",
        "stage_bytes": null,
        "chunk_size": 128,
        "decode_ms": 1.973984,
        "decode_gib_s": 471.79843907491943,
        "decode_ns_iters": [
          1976864,
          1985216,
          1976928,
          1976640,
          1976320,
          1977984,
          1974816,
          1976512,
          1977056,
          1976096,
          1973984,
          1976992,
          1974784,
          1976096,
          1976896,
          1978240,
          1979040,
          1977504,
          1977792,
          1977568,
          1977120,
          1976608,
          1979072,
          1976288,
          1979488,
          1979328,
          1977376,
          1976480,
          1978112,
          1976832
        ],
        "chunk_tokens": 128,
        "block_threads": 64,
        "staged_input_bytes": 241803008,
        "applicable": true
      },
      {
        "kernel": "onpair_dh_k4_t64_b1_h4",
        "role": "experimental",
        "stage_bytes": null,
        "chunk_size": 128,
        "decode_ms": 1.97024,
        "decode_gib_s": 472.6949863767184,
        "decode_ns_iters": [
          1970912,
          1972800,
          1970240,
          1972768,
          1972608,
          1972224,
          1972832,
          1972448,
          1971328,
          1973632,
          1972896,
          1980320,
          1974624,
          1972992,
          1973248,
          1972544,
          1974592,
          1972000,
          1973248,
          1972736,
          1972448,
          1974592,
          1974208,
          1972800,
          1973024,
          1972352,
          1973184,
          1972064,
          1972384,
          1972256
        ],
        "chunk_tokens": 128,
        "block_threads": 64,
        "staged_input_bytes": 241803008,
        "applicable": true
      },
      {
        "kernel": "onpair_dh_k4_t64_b2_h2",
        "role": "experimental",
        "stage_bytes": null,
        "chunk_size": 128,
        "decode_ms": 1.965792,
        "decode_gib_s": 473.76455390950093,
        "decode_ns_iters": [
          1970432,
          1969920,
          1968960,
          1969696,
          1968960,
          1967264,
          1967424,
          1967712,
          1973984,
          1970816,
          1970592,
          1968928,
          1969856,
          1967456,
          1968352,
          1968096,
          1968576,
          1969056,
          1968768,
          1970368,
          1965792,
          1968736,
          1969440,
          1967456,
          1968704,
          1966912,
          1968224,
          1968256,
          1966848,
          1969056
        ],
        "chunk_tokens": 128,
        "block_threads": 64,
        "staged_input_bytes": 241803008,
        "applicable": true
      },
      {
        "kernel": "onpair_dh_k4_t64_b2_h3",
        "role": "experimental",
        "stage_bytes": null,
        "chunk_size": 128,
        "decode_ms": 1.974624,
        "decode_gib_s": 471.6455233800793,
        "decode_ns_iters": [
          1977088,
          1976960,
          1978912,
          1976992,
          1974784,
          1978272,
          1976800,
          1977728,
          1974624,
          1976576,
          1976960,
          1977568,
          1976256,
          1977312,
          1976704,
          1976416,
          1977152,
          1979136,
          1976576,
          1978656,
          1983264,
          1976352,
          1977152,
          1976736,
          1977824,
          1976576,
          1976384,
          1976640,
          1978944,
          1976672
        ],
        "chunk_tokens": 128,
        "block_threads": 64,
        "staged_input_bytes": 241803008,
        "applicable": true
      },
      {
        "kernel": "onpair_dh_k4_t64_b2_h4",
        "role": "experimental",
        "stage_bytes": null,
        "chunk_size": 128,
        "decode_ms": 1.970592,
        "decode_gib_s": 472.61055051419356,
        "decode_ns_iters": [
          1972448,
          1973344,
          1970624,
          1972640,
          1970848,
          1971744,
          1972096,
          1972416,
          1970656,
          1972000,
          1972032,
          1970592,
          1970720,
          1972320,
          1972032,
          1977696,
          1971744,
          1971328,
          1973344,
          1970624,
          1973184,
          1971424,
          1970592,
          1973184,
          1972576,
          1973216,
          1972512,
          1972832,
          1971776,
          1972672
        ],
        "chunk_tokens": 128,
        "block_threads": 64,
        "staged_input_bytes": 241803008,
        "applicable": true
      },
      {
        "kernel": "onpair_dh_k4_t64_b4_h2",
        "role": "experimental",
        "stage_bytes": null,
        "chunk_size": 128,
        "decode_ms": 1.965696,
        "decode_gib_s": 473.78769146341324,
        "decode_ns_iters": [
          1967744,
          1968960,
          1969760,
          1969312,
          1968160,
          1968384,
          1966304,
          1966784,
          1966304,
          1967040,
          1968256,
          1968576,
          1968128,
          1966560,
          1968160,
          1968352,
          1965824,
          1967648,
          1967168,
          1969280,
          1965696,
          1967936,
          1968800,
          1968256,
          1966656,
          1968160,
          1968096,
          1968800,
          1968480,
          1967136
        ],
        "chunk_tokens": 128,
        "block_threads": 64,
        "staged_input_bytes": 241803008,
        "applicable": true
      },
      {
        "kernel": "onpair_dh_k4_t64_b4_h3",
        "role": "experimental",
        "stage_bytes": null,
        "chunk_size": 128,
        "decode_ms": 1.974112,
        "decode_gib_s": 471.7678480039965,
        "decode_ns_iters": [
          1977984,
          1975968,
          1975776,
          1975936,
          1975552,
          1975872,
          1975776,
          1975712,
          1975232,
          1976224,
          1976672,
          1975456,
          1977184,
          1975936,
          1976992,
          1976288,
          1977408,
          1976672,
          1974144,
          1978368,
          1975232,
          1981664,
          1976000,
          1974112,
          1976384,
          1977888,
          1976704,
          1976128,
          1975744,
          1976512
        ],
        "chunk_tokens": 128,
        "block_threads": 64,
        "staged_input_bytes": 241803008,
        "applicable": true
      },
      {
        "kernel": "onpair_dh_k4_t64_b4_h4",
        "role": "experimental",
        "stage_bytes": null,
        "chunk_size": 128,
        "decode_ms": 1.969888,
        "decode_gib_s": 472.779452414993,
        "decode_ns_iters": [
          1972320,
          1970784,
          1972192,
          1969888,
          1971680,
          1972064,
          1970944,
          1971904,
          1972096,
          1972096,
          1970528,
          1970624,
          1972288,
          1972000,
          1972352,
          1971840,
          1979456,
          1971904,
          1971392,
          1973024,
          1971840,
          1972224,
          1973408,
          1972640,
          1972128,
          1972192,
          1973248,
          1972640,
          1972544,
          1973408
        ],
        "chunk_tokens": 128,
        "block_threads": 64,
        "staged_input_bytes": 241803008,
        "applicable": true
      },
      {
        "kernel": "onpair_dh_k4_t64_b6_h2",
        "role": "experimental",
        "stage_bytes": null,
        "chunk_size": 128,
        "decode_ms": 1.96592,
        "decode_gib_s": 473.73370735272323,
        "decode_ns_iters": [
          1969376,
          1969184,
          1967808,
          1968800,
          1966592,
          1966464,
          1966912,
          1966208,
          1967200,
          1969056,
          1966112,
          1966112,
          1977088,
          1966816,
          1967968,
          1966176,
          1968288,
          1967040,
          1968416,
          1967520,
          1968576,
          1968256,
          1968800,
          1969248,
          1968576,
          1966112,
          1968544,
          1967264,
          1968224,
          1965920
        ],
        "chunk_tokens": 128,
        "block_threads": 64,
        "staged_input_bytes": 241803008,
        "applicable": true
      },
      {
        "kernel": "onpair_dh_k4_t64_b6_h3",
        "role": "experimental",
        "stage_bytes": null,
        "chunk_size": 128,
        "decode_ms": 1.9736,
        "decode_gib_s": 471.89023609589873,
        "decode_ns_iters": [
          1974720,
          1975392,
          1975296,
          1975264,
          1975360,
          1975520,
          1975936,
          1975936,
          1976512,
          1975424,
          1976352,
          1975776,
          1975296,
          1976768,
          1975616,
          1976096,
          1977984,
          1976224,
          1975680,
          1975584,
          1976544,
          1977952,
          1975520,
          1973600,
          1983680,
          1975104,
          1974208,
          1973600,
          1976288,
          1976384
        ],
        "chunk_tokens": 128,
        "block_threads": 64,
        "staged_input_bytes": 241803008,
        "applicable": true
      },
      {
        "kernel": "onpair_dh_k4_t64_b6_h4",
        "role": "experimental",
        "stage_bytes": null,
        "chunk_size": 128,
        "decode_ms": 1.969568,
        "decode_gib_s": 472.85626592169734,
        "decode_ns_iters": [
          1971520,
          1972640,
          1972640,
          1980928,
          1971936,
          1972224,
          1972352,
          1972640,
          1971360,
          1971936,
          1971904,
          1971712,
          1971232,
          1973216,
          1973856,
          1972480,
          1973184,
          1972416,
          1972544,
          1971808,
          1977920,
          1972928,
          1969568,
          1972096,
          1970496,
          1972192,
          1972544,
          1970368,
          1970240,
          1970336
        ],
        "chunk_tokens": 128,
        "block_threads": 64,
        "staged_input_bytes": 241803008,
        "applicable": true
      },
      {
        "kernel": "onpair_dh_k4_t64_b8_h2",
        "role": "experimental",
        "stage_bytes": null,
        "chunk_size": 128,
        "decode_ms": 1.965312,
        "decode_gib_s": 473.88026428316,
        "decode_ns_iters": [
          1968896,
          1967648,
          1966912,
          1967648,
          1966016,
          1967264,
          1967296,
          1967680,
          1965312,
          1968928,
          1967680,
          1967744,
          1966944,
          1967680,
          1968032,
          1968032,
          1965376,
          1974432,
          1967840,
          1968288,
          1967616,
          1967584,
          1968448,
          1967648,
          1968576,
          1968928,
          1965760,
          1965696,
          1967776,
          1969024
        ],
        "chunk_tokens": 128,
        "block_threads": 64,
        "staged_input_bytes": 241803008,
        "applicable": true
      },
      {
        "kernel": "onpair_dh_k4_t64_b8_h3",
        "role": "experimental",
        "stage_bytes": null,
        "chunk_size": 128,
        "decode_ms": 1.974304,
        "decode_gib_s": 471.7219688350252,
        "decode_ns_iters": [
          1977312,
          1976928,
          1975104,
          1976896,
          1978912,
          1978112,
          1976672,
          1977216,
          1976704,
          1976832,
          1977184,
          1977952,
          1976992,
          1983744,
          1976544,
          1976416,
          1976256,
          1974816,
          1975680,
          1976224,
          1976096,
          1977088,
          1976192,
          1975648,
          1974304,
          1975104,
          1979072,
          1976224,
          1986368,
          1974624
        ],
        "chunk_tokens": 128,
        "block_threads": 64,
        "staged_input_bytes": 241803008,
        "applicable": true
      },
      {
        "kernel": "onpair_dh_k4_t64_b8_h4",
        "role": "experimental",
        "stage_bytes": null,
        "chunk_size": 128,
        "decode_ms": 1.970048,
        "decode_gib_s": 472.74105501940346,
        "decode_ns_iters": [
          1972032,
          1972512,
          1972320,
          1971392,
          1971776,
          1973344,
          1972640,
          1979456,
          1972288,
          1970048,
          1971712,
          1971072,
          1972576,
          1972320,
          1970560,
          1972608,
          1972960,
          1973248,
          1972960,
          1972064,
          1972320,
          1970944,
          1973184,
          1972768,
          1971936,
          1973472,
          1972672,
          1970624,
          1970944,
          1970176
        ],
        "chunk_tokens": 128,
        "block_threads": 64,
        "staged_input_bytes": 241803008,
        "applicable": true
      },
      {
        "kernel": "onpair_dh_k4_t128_b1_h2",
        "role": "experimental",
        "stage_bytes": null,
        "chunk_size": 128,
        "decode_ms": 1.89424,
        "decode_gib_s": 491.6602806185413,
        "decode_ns_iters": [
          1900128,
          1897440,
          1897760,
          1909600,
          1895776,
          1897088,
          1897056,
          1898048,
          1897344,
          1895968,
          1897664,
          1897472,
          1896256,
          1896256,
          1895328,
          1896448,
          1895840,
          1896352,
          1896448,
          1895584,
          1896512,
          1896320,
          1896224,
          1894240,
          1896736,
          1895584,
          1895840,
          1896608,
          1898208,
          1894912
        ],
        "chunk_tokens": 128,
        "block_threads": 128,
        "staged_input_bytes": 241803008,
        "applicable": true
      },
      {
        "kernel": "onpair_dh_k4_t128_b1_h3",
        "role": "experimental",
        "stage_bytes": null,
        "chunk_size": 128,
        "decode_ms": 1.898944,
        "decode_gib_s": 490.44235636167554,
        "decode_ns_iters": [
          1909184,
          1906432,
          1908320,
          1906752,
          1908608,
          1909216,
          1908704,
          1907328,
          1908416,
          1908512,
          1910720,
          1905344,
          1907008,
          1905984,
          1908256,
          1907296,
          1908256,
          1908448,
          1911584,
          1898944,
          1899808,
          1908288,
          1910304,
          1907136,
          1908384,
          1908928,
          1908992,
          1908544,
          1909088,
          1908256
        ],
        "chunk_tokens": 128,
        "block_threads": 128,
        "staged_input_bytes": 241803008,
        "applicable": true
      },
      {
        "kernel": "onpair_dh_k4_t128_b1_h4",
        "role": "experimental",
        "stage_bytes": null,
        "chunk_size": 128,
        "decode_ms": 1.903968,
        "decode_gib_s": 489.1482262090884,
        "decode_ns_iters": [
          1905856,
          1907520,
          1905280,
          1906048,
          1905024,
          1903968,
          1905600,
          1907040,
          1906336,
          1904384,
          1904448,
          1906400,
          1905216,
          1906144,
          1906016,
          1907456,
          1906400,
          1905568,
          1905920,
          1905760,
          1904288,
          1904192,
          1904384,
          1904320,
          1904384,
          1904960,
          1904256,
          1904960,
          1908032,
          1906272
        ],
        "chunk_tokens": 128,
        "block_threads": 128,
        "staged_input_bytes": 241803008,
        "applicable": true
      },
      {
        "kernel": "onpair_dh_k4_t128_b2_h2",
        "role": "experimental",
        "stage_bytes": null,
        "chunk_size": 128,
        "decode_ms": 1.894848,
        "decode_gib_s": 491.5025215525813,
        "decode_ns_iters": [
          1898880,
          1898528,
          1898304,
          1896608,
          1898304,
          1898912,
          1897696,
          1897728,
          1897728,
          1896576,
          1898048,
          1898688,
          1895456,
          1895424,
          1896480,
          1897824,
          1898976,
          1899776,
          1895520,
          1896320,
          1894848,
          1894944,
          1898208,
          1897024,
          1896672,
          1895648,
          1897760,
          1896224,
          1895136,
          1895616
        ],
        "chunk_tokens": 128,
        "block_threads": 128,
        "staged_input_bytes": 241803008,
        "applicable": true
      },
      {
        "kernel": "onpair_dh_k4_t128_b2_h3",
        "role": "experimental",
        "stage_bytes": null,
        "chunk_size": 128,
        "decode_ms": 1.906272,
        "decode_gib_s": 488.5570212219797,
        "decode_ns_iters": [
          1909408,
          1907488,
          1908800,
          1909728,
          1906272,
          1906272,
          1908096,
          1908512,
          1907584,
          1907136,
          1908128,
          1906432,
          1908864,
          1909152,
          1908576,
          1908288,
          1908640,
          1907680,
          1908544,
          1907392,
          1910048,
          1908320,
          1908832,
          1910912,
          1908544,
          1908064,
          1908512,
          1908864,
          1907200,
          1908352
        ],
        "chunk_tokens": 128,
        "block_threads": 128,
        "staged_input_bytes": 241803008,
        "applicable": true
      },
      {
        "kernel": "onpair_dh_k4_t128_b2_h4",
        "role": "experimental",
        "stage_bytes": null,
        "chunk_size": 128,
        "decode_ms": 1.8936,
        "decode_gib_s": 491.82645223852217,
        "decode_ns_iters": [
          1907200,
          1907648,
          1906848,
          1905472,
          1905216,
          1904480,
          1905088,
          1905440,
          1905664,
          1907424,
          1905408,
          1905632,
          1908352,
          1907296,
          1904512,
          1912480,
          1898912,
          1893600,
          1894208,
          1894080,
          1893696,
          1906592,
          1906656,
          1904480,
          1904832,
          1906912,
          1904000,
          1904832,
          1905856,
          1906976
        ],
        "chunk_tokens": 128,
        "block_threads": 128,
        "staged_input_bytes": 241803008,
        "applicable": true
      },
      {
        "kernel": "onpair_dh_k4_t128_b4_h2",
        "role": "experimental",
        "stage_bytes": null,
        "chunk_size": 128,
        "decode_ms": 1.894368,
        "decode_gib_s": 491.62705976814726,
        "decode_ns_iters": [
          1897888,
          1897184,
          1896768,
          1895424,
          1897472,
          1896832,
          1896256,
          1897088,
          1896576,
          1897216,
          1898368,
          1895744,
          1894368,
          1896672,
          1896576,
          1896672,
          1894848,
          1897184,
          1896256,
          1897760,
          1895936,
          1896192,
          1896800,
          1896736,
          1896384,
          1896800,
          1896256,
          1896416,
          1894944,
          1897536
        ],
        "chunk_tokens": 128,
        "block_threads": 128,
        "staged_input_bytes": 241803008,
        "applicable": true
      },
      {
        "kernel": "onpair_dh_k4_t128_b4_h3",
        "role": "experimental",
        "stage_bytes": null,
        "chunk_size": 128,
        "decode_ms": 1.906336,
        "decode_gib_s": 488.5406192606475,
        "decode_ns_iters": [
          1908896,
          1908448,
          1909728,
          1908416,
          1909408,
          1907072,
          1906912,
          1910624,
          1908384,
          1908768,
          1907648,
          1908128,
          1909344,
          1906880,
          1906688,
          1906688,
          1907072,
          1909376,
          1909024,
          1908672,
          1907712,
          1909408,
          1906912,
          1908832,
          1906336,
          1909344,
          1906432,
          1907936,
          1909312,
          1908992
        ],
        "chunk_tokens": 128,
        "block_threads": 128,
        "staged_input_bytes": 241803008,
        "applicable": true
      },
      {
        "kernel": "onpair_dh_k4_t128_b4_h4",
        "role": "experimental",
        "stage_bytes": null,
        "chunk_size": 128,
        "decode_ms": 1.90448,
        "decode_gib_s": 489.01672370351264,
        "decode_ns_iters": [
          1909248,
          1905376,
          1905824,
          1905056,
          1907072,
          1908128,
          1908256,
          1904704,
          1906176,
          1905472,
          1905824,
          1905024,
          1906592,
          1905824,
          1905920,
          1906048,
          1904896,
          1904480,
          1905056,
          1904608,
          1905568,
          1905376,
          1904512,
          1905600,
          1905472,
          1907840,
          1907296,
          1907104,
          1905152,
          1904608
        ],
        "chunk_tokens": 128,
        "block_threads": 128,
        "staged_input_bytes": 241803008,
        "applicable": true
      },
      {
        "kernel": "onpair_dh_k4_t128_b6_h2",
        "role": "experimental",
        "stage_bytes": null,
        "chunk_size": 128,
        "decode_ms": 1.895648,
        "decode_gib_s": 491.2950980133789,
        "decode_ns_iters": [
          1897120,
          1897664,
          1896928,
          1896864,
          1898400,
          1896736,
          1898560,
          1897184,
          1898912,
          1897504,
          1897504,
          1896960,
          1896928,
          1896992,
          1898592,
          1896864,
          1896384,
          1896672,
          1896832,
          1897152,
          1897056,
          1896896,
          1896608,
          1897472,
          1899424,
          1897888,
          1897312,
          1895648,
          1897184,
          1898944
        ],
        "chunk_tokens": 128,
        "block_threads": 128,
        "staged_input_bytes": 241803008,
        "applicable": true
      },
      {
        "kernel": "onpair_dh_k4_t128_b6_h3",
        "role": "experimental",
        "stage_bytes": null,
        "chunk_size": 128,
        "decode_ms": 1.906656,
        "decode_gib_s": 488.4586259707392,
        "decode_ns_iters": [
          1910144,
          1909440,
          1910496,
          1907936,
          1909344,
          1910144,
          1911136,
          1908352,
          1907424,
          1909248,
          1909632,
          1909184,
          1910720,
          1909024,
          1906944,
          1909536,
          1908256,
          1908640,
          1907936,
          1909696,
          1908864,
          1907904,
          1909600,
          1907520,
          1906944,
          1906656,
          1906816,
          1906944,
          1906816,
          1909024
        ],
        "chunk_tokens": 128,
        "block_threads": 128,
        "staged_input_bytes": 241803008,
        "applicable": true
      },
      {
        "kernel": "onpair_dh_k4_t128_b6_h4",
        "role": "experimental",
        "stage_bytes": null,
        "chunk_size": 128,
        "decode_ms": 1.904832,
        "decode_gib_s": 488.92635673847644,
        "decode_ns_iters": [
          1907296,
          1905088,
          1905344,
          1907200,
          1905280,
          1905248,
          1906176,
          1905216,
          1906944,
          1906144,
          1906976,
          1906304,
          1907232,
          1905248,
          1905088,
          1905792,
          1905376,
          1904832,
          1905504,
          1906112,
          1906048,
          1904992,
          1905920,
          1905760,
          1906496,
          1907680,
          1905984,
          1905696,
          1906784,
          1906912
        ],
        "chunk_tokens": 128,
        "block_threads": 128,
        "staged_input_bytes": 241803008,
        "applicable": true
      },
      {
        "kernel": "onpair_dh_k4_t128_b8_h2",
        "role": "experimental",
        "stage_bytes": null,
        "chunk_size": 128,
        "decode_ms": 1.89408,
        "decode_gib_s": 491.70181299568424,
        "decode_ns_iters": [
          1905536,
          1904992,
          1902432,
          1902688,
          1904032,
          1894080,
          1896160,
          1895232,
          1896192,
          1896960,
          1896448,
          1897760,
          1896480,
          1897504,
          1896480,
          1897120,
          1896864,
          1896480,
          1897344,
          1897600,
          1896576,
          1896832,
          1897760,
          1898048,
          1899232,
          1898336,
          1895040,
          1897696,
          1899008,
          1896864
        ],
        "chunk_tokens": 128,
        "block_threads": 128,
        "staged_input_bytes": 241803008,
        "applicable": true
      },
      {
        "kernel": "onpair_dh_k4_t128_b8_h3",
        "role": "experimental",
        "stage_bytes": null,
        "chunk_size": 128,
        "decode_ms": 1.906016,
        "decode_gib_s": 488.62264008217437,
        "decode_ns_iters": [
          1909152,
          1909568,
          1908256,
          1907424,
          1908160,
          1906944,
          1909376,
          1907392,
          1908832,
          1909664,
          1909536,
          1906016,
          1906720,
          1906752,
          1908960,
          1909088,
          1908672,
          1907936,
          1906688,
          1906880,
          1906432,
          1909536,
          1909184,
          1906368,
          1908352,
          1907392,
          1909024,
          1908800,
          1906752,
          1907040
        ],
        "chunk_tokens": 128,
        "block_threads": 128,
        "staged_input_bytes": 241803008,
        "applicable": true
      },
      {
        "kernel": "onpair_dh_k4_t128_b8_h4",
        "role": "experimental",
        "stage_bytes": null,
        "chunk_size": 128,
        "decode_ms": 1.902432,
        "decode_gib_s": 489.54315841978354,
        "decode_ns_iters": [
          1907552,
          1907296,
          1906976,
          1905152,
          1905088,
          1904416,
          1904192,
          1905056,
          1906752,
          1905504,
          1904224,
          1906624,
          1906848,
          1902432,
          1905664,
          1904512,
          1907008,
          1906336,
          1905280,
          1905152,
          1904128,
          1906240,
          1904608,
          1904544,
          1912128,
          1912576,
          1910656,
          1912000,
          1910880,
          1909408
        ],
        "chunk_tokens": 128,
        "block_threads": 128,
        "staged_input_bytes": 241803008,
        "applicable": true
      },
      {
        "kernel": "onpair_dh_k4_t256_b1_h0",
        "role": "experimental",
        "stage_bytes": null,
        "chunk_size": 128,
        "decode_ms": 1.77584,
        "decode_gib_s": 524.440585840428,
        "decode_ns_iters": [
          1778080,
          1778304,
          1778656,
          1776096,
          1776512,
          1777312,
          1777984,
          1777504,
          1784960,
          1776800,
          1776320,
          1775840,
          1777088,
          1778368,
          1777952,
          1777600,
          1777568,
          1778048,
          1778240,
          1778560,
          1778208,
          1778336,
          1777184,
          1785696,
          1777696,
          1777952,
          1776352,
          1776608,
          1778176,
          1778272
        ],
        "chunk_tokens": 128,
        "block_threads": 256,
        "staged_input_bytes": 241803008,
        "applicable": true
      },
      {
        "kernel": "onpair_dh_k4_t256_b1_h2",
        "role": "experimental",
        "stage_bytes": null,
        "chunk_size": 128,
        "decode_ms": 1.803648,
        "decode_gib_s": 516.3549483928492,
        "decode_ns_iters": [
          1808128,
          1807584,
          1807712,
          1804800,
          1806112,
          1804768,
          1804000,
          1804608,
          1807488,
          1804544,
          1805120,
          1811776,
          1805248,
          1806592,
          1804416,
          1804768,
          1806016,
          1805120,
          1807072,
          1803648,
          1804672,
          1806304,
          1806528,
          1806656,
          1804576,
          1807232,
          1806400,
          1806464,
          1806752,
          1804896
        ],
        "chunk_tokens": 128,
        "block_threads": 256,
        "staged_input_bytes": 241803008,
        "applicable": true
      },
      {
        "kernel": "onpair_dh_k4_t256_b1_h3",
        "role": "experimental",
        "stage_bytes": null,
        "chunk_size": 128,
        "decode_ms": 1.81552,
        "decode_gib_s": 512.9784138752896,
        "decode_ns_iters": [
          1818304,
          1816384,
          1818336,
          1816704,
          1816992,
          1816512,
          1817248,
          1818272,
          1817600,
          1817760,
          1815520,
          1818848,
          1827520,
          1818656,
          1816640,
          1816640,
          1818624,
          1818400,
          1817792,
          1818560,
          1818496,
          1818240,
          1824608,
          1816064,
          1818624,
          1818304,
          1819360,
          1818368,
          1817376,
          1818400
        ],
        "chunk_tokens": 128,
        "block_threads": 256,
        "staged_input_bytes": 241803008,
        "applicable": true
      },
      {
        "kernel": "onpair_dh_k4_t256_b1_h4",
        "role": "experimental",
        "stage_bytes": null,
        "chunk_size": 128,
        "decode_ms": 1.814816,
        "decode_gib_s": 513.1774074941293,
        "decode_ns_iters": [
          1821152,
          1816192,
          1815840,
          1815616,
          1817152,
          1817856,
          1814976,
          1815456,
          1817344,
          1817120,
          1818720,
          1817888,
          1814816,
          1818176,
          1823488,
          1816832,
          1817600,
          1817952,
          1817440,
          1817696,
          1816896,
          1815488,
          1817632,
          1817856,
          1816608,
          1816960,
          1816480,
          1817408,
          1818752,
          1817312
        ],
        "chunk_tokens": 128,
        "block_threads": 256,
        "staged_input_bytes": 241803008,
        "applicable": true
      },
      {
        "kernel": "onpair_dh_k4_t256_b2_h2",
        "role": "experimental",
        "stage_bytes": null,
        "chunk_size": 128,
        "decode_ms": 1.804352,
        "decode_gib_s": 516.1534833330003,
        "decode_ns_iters": [
          1805888,
          1808352,
          1805248,
          1804896,
          1805952,
          1805536,
          1817056,
          1805408,
          1805952,
          1804864,
          1804352,
          1806784,
          1806784,
          1807424,
          1807488,
          1804544,
          1805536,
          1807072,
          1808640,
          1804672,
          1805632,
          1806784,
          1807104,
          1805920,
          1806240,
          1815584,
          1807008,
          1807136,
          1806880,
          1805952
        ],
        "chunk_tokens": 128,
        "block_threads": 256,
        "staged_input_bytes": 241803008,
        "applicable": true
      },
      {
        "kernel": "onpair_dh_k4_t256_b2_h3",
        "role": "experimental",
        "stage_bytes": null,
        "chunk_size": 128,
        "decode_ms": 1.815776,
        "decode_gib_s": 512.9060908167448,
        "decode_ns_iters": [
          1820576,
          1820032,
          1816352,
          1818880,
          1817472,
          1817024,
          1815904,
          1818624,
          1816960,
          1817728,
          1818240,
          1816960,
          1816576,
          1817376,
          1818592,
          1816928,
          1816096,
          1823040,
          1815968,
          1815776,
          1817344,
          1816128,
          1816512,
          1816384,
          1816064,
          1816672,
          1817888,
          1817440,
          1816864,
          1818848
        ],
        "chunk_tokens": 128,
        "block_threads": 256,
        "staged_input_bytes": 241803008,
        "applicable": true
      },
      {
        "kernel": "onpair_dh_k4_t256_b2_h4",
        "role": "experimental",
        "stage_bytes": null,
        "chunk_size": 128,
        "decode_ms": 1.814688,
        "decode_gib_s": 513.2136047402449,
        "decode_ns_iters": [
          1817856,
          1817408,
          1816032,
          1817344,
          1817600,
          1819424,
          1817056,
          1815104,
          1818752,
          1816832,
          1822816,
          1817024,
          1817088,
          1814976,
          1814688,
          1816096,
          1816192,
          1815392,
          1817504,
          1816928,
          1816992,
          1816480,
          1817632,
          1817088,
          1815456,
          1816192,
          1815616,
          1816256,
          1816160,
          1818752
        ],
        "chunk_tokens": 128,
        "block_threads": 256,
        "staged_input_bytes": 241803008,
        "applicable": true
      },
      {
        "kernel": "onpair_dh_k4_t256_b4_h0",
        "role": "experimental",
        "stage_bytes": null,
        "chunk_size": 128,
        "decode_ms": 1.77568,
        "decode_gib_s": 524.4878412545423,
        "decode_ns_iters": [
          1778560,
          1786752,
          1776416,
          1776544,
          1777824,
          1775872,
          1778240,
          1776896,
          1778176,
          1777728,
          1776288,
          1778656,
          1776384,
          1776192,
          1775968,
          1777600,
          1785344,
          1775712,
          1776544,
          1776192,
          1777408,
          1777696,
          1777184,
          1777408,
          1775680,
          1778624,
          1775968,
          1777536,
          1775840,
          1776160
        ],
        "chunk_tokens": 128,
        "block_threads": 256,
        "staged_input_bytes": 241803008,
        "applicable": true
      },
      {
        "kernel": "onpair_dh_k4_t256_b4_h2",
        "role": "experimental",
        "stage_bytes": null,
        "chunk_size": 128,
        "decode_ms": 1.803776,
        "decode_gib_s": 516.3183066849019,
        "decode_ns_iters": [
          1807424,
          1807328,
          1807360,
          1804608,
          1804608,
          1805280,
          1804448,
          1804704,
          1805376,
          1806048,
          1806176,
          1803776,
          1805120,
          1806592,
          1805056,
          1805248,
          1804576,
          1804352,
          1806496,
          1806272,
          1806848,
          1812512,
          1807392,
          1806080,
          1806656,
          1806528,
          1804416,
          1804288,
          1807200,
          1804384
        ],
        "chunk_tokens": 128,
        "block_threads": 256,
        "staged_input_bytes": 241803008,
        "applicable": true
      },
      {
        "kernel": "onpair_dh_k4_t256_b4_h3",
        "role": "experimental",
        "stage_bytes": null,
        "chunk_size": 128,
        "decode_ms": 1.815584,
        "decode_gib_s": 512.9603311985926,
        "decode_ns_iters": [
          1819296,
          1817952,
          1826464,
          1817792,
          1819680,
          1818304,
          1815776,
          1820864,
          1817568,
          1817376,
          1816000,
          1815680,
          1816512,
          1827328,
          1816512,
          1816832,
          1816640,
          1818560,
          1819008,
          1816128,
          1818336,
          1815584,
          1816928,
          1816416,
          1816256,
          1818816,
          1817056,
          1816928,
          1818592,
          1816544
        ],
        "chunk_tokens": 128,
        "block_threads": 256,
        "staged_input_bytes": 241803008,
        "applicable": true
      },
      {
        "kernel": "onpair_dh_k4_t256_b4_h4",
        "role": "experimental",
        "stage_bytes": null,
        "chunk_size": 128,
        "decode_ms": 1.815232,
        "decode_gib_s": 513.0598016996537,
        "decode_ns_iters": [
          1817184,
          1817856,
          1817568,
          1817248,
          1816928,
          1817536,
          1817376,
          1816064,
          1815808,
          1816960,
          1817664,
          1817376,
          1817664,
          1817440,
          1816608,
          1817664,
          1821792,
          1819296,
          1816224,
          1817248,
          1817920,
          1817152,
          1817440,
          1817888,
          1817024,
          1817696,
          1815680,
          1818496,
          1815232,
          1815456
        ],
        "chunk_tokens": 128,
        "block_threads": 256,
        "staged_input_bytes": 241803008,
        "applicable": true
      },
      {
        "kernel": "onpair_dh_k4_t256_b6_h2",
        "role": "experimental",
        "stage_bytes": null,
        "chunk_size": 128,
        "decode_ms": 1.795296,
        "decode_gib_s": 518.7571130102589,
        "decode_ns_iters": [
          1797024,
          1797152,
          1796480,
          1795328,
          1800128,
          1795712,
          1795968,
          1807680,
          1796704,
          1795296,
          1796512,
          1796512,
          1798208,
          1795808,
          1796096,
          1796896,
          1796576,
          1795456,
          1795360,
          1797984,
          1796480,
          1796672,
          1796256,
          1796000,
          1804064,
          1796992,
          1795744,
          1798528,
          1796704,
          1797888
        ],
        "chunk_tokens": 128,
        "block_threads": 256,
        "staged_input_bytes": 241803008,
        "applicable": true
      },
      {
        "kernel": "onpair_dh_k4_t256_b6_h3",
        "role": "experimental",
        "stage_bytes": null,
        "chunk_size": 128,
        "decode_ms": 1.865504,
        "decode_gib_s": 499.23375664638917,
        "decode_ns_iters": [
          1870784,
          1868992,
          1868128,
          1868128,
          1867968,
          1866944,
          1868000,
          1867552,
          1865792,
          1865504,
          1868480,
          1867296,
          1866400,
          1875744,
          1868160,
          1868672,
          1866944,
          1867712,
          1868160,
          1866208,
          1869536,
          1866272,
          1867968,
          1868672,
          1867456,
          1868480,
          1868064,
          1866560,
          1868384,
          1867296
        ],
        "chunk_tokens": 128,
        "block_threads": 256,
        "staged_input_bytes": 241803008,
        "applicable": true
      },
      {
        "kernel": "onpair_dh_k4_t256_b6_h4",
        "role": "experimental",
        "stage_bytes": null,
        "chunk_size": 128,
        "decode_ms": 1.851008,
        "decode_gib_s": 503.14346018972674,
        "decode_ns_iters": [
          1855456,
          1853696,
          1853824,
          1852576,
          1851680,
          1853728,
          1852288,
          1852768,
          1862496,
          1853184,
          1852480,
          1851008,
          1853216,
          1853376,
          1854656,
          1852960,
          1853920,
          1853248,
          1854144,
          1853376,
          1856064,
          1852800,
          1851328,
          1853600,
          1855296,
          1854624,
          1861376,
          1852896,
          1853824,
          1852672
        ],
        "chunk_tokens": 128,
        "block_threads": 256,
        "staged_input_bytes": 241803008,
        "applicable": true
      },
      {
        "kernel": "onpair_dh_k4_t256_b8_h0",
        "role": "experimental",
        "stage_bytes": null,
        "chunk_size": 128,
        "decode_ms": 1.774624,
        "decode_gib_s": 524.7999406966578,
        "decode_ns_iters": [
          1777376,
          1776960,
          1777888,
          1774944,
          1774624,
          1776672,
          1784160,
          1778240,
          1776256,
          1776512,
          1777792,
          1777632,
          1774976,
          1777568,
          1775648,
          1777632,
          1778272,
          1775648,
          1775616,
          1776544,
          1776096,
          1783904,
          1776608,
          1775360,
          1778528,
          1777280,
          1776000,
          1777184,
          1775936,
          1775552
        ],
        "chunk_tokens": 128,
        "block_threads": 256,
        "staged_input_bytes": 241803008,
        "applicable": true
      },
      {
        "kernel": "onpair_dh_k4_t256_b8_h2",
        "role": "experimental",
        "stage_bytes": null,
        "chunk_size": 128,
        "decode_ms": 1.780384,
        "decode_gib_s": 523.102077955579,
        "decode_ns_iters": [
          1784448,
          1781568,
          1783424,
          1782496,
          1781344,
          1781792,
          1781920,
          1791392,
          1782528,
          1780384,
          1781952,
          1781696,
          1781984,
          1782688,
          1782656,
          1783584,
          1783424,
          1781024,
          1781696,
          1782720,
          1782176,
          1781184,
          1782272,
          1781120,
          1782848,
          1782336,
          1781952,
          1781856,
          1782528,
          1783072
        ],
        "chunk_tokens": 128,
        "block_threads": 256,
        "staged_input_bytes": 241803008,
        "applicable": true
      },
      {
        "kernel": "onpair_dh_k4_t256_b8_h3",
        "role": "experimental",
        "stage_bytes": null,
        "chunk_size": 128,
        "decode_ms": 1.801664,
        "decode_gib_s": 516.9235606410883,
        "decode_ns_iters": [
          1802656,
          1805504,
          1803680,
          1803360,
          1801984,
          1804480,
          1803072,
          1805344,
          1802016,
          1802880,
          1802400,
          1802976,
          1802880,
          1803264,
          1804768,
          1802720,
          1804576,
          1802848,
          1802112,
          1801664,
          1812288,
          1802688,
          1802688,
          1804192,
          1802176,
          1802816,
          1803264,
          1802752,
          1802944,
          1801856
        ],
        "chunk_tokens": 128,
        "block_threads": 256,
        "staged_input_bytes": 241803008,
        "applicable": true
      },
      {
        "kernel": "onpair_dh_k4_t256_b8_h4",
        "role": "experimental",
        "stage_bytes": null,
        "chunk_size": 128,
        "decode_ms": 1.802176,
        "decode_gib_s": 516.7767021416697,
        "decode_ns_iters": [
          1805952,
          1811840,
          1802976,
          1803392,
          1803328,
          1802944,
          1807488,
          1803040,
          1805440,
          1803840,
          1810112,
          1802560,
          1804576,
          1803104,
          1804416,
          1803904,
          1803936,
          1803616,
          1802400,
          1806016,
          1805344,
          1804832,
          1804320,
          1804192,
          1805088,
          1804672,
          1803200,
          1802176,
          1804192,
          1803840
        ],
        "chunk_tokens": 128,
        "block_threads": 256,
        "staged_input_bytes": 241803008,
        "applicable": true
      },
      {
        "kernel": "onpair_dh_k5_t64_b1_h2",
        "role": "experimental",
        "stage_bytes": null,
        "chunk_size": 160,
        "decode_ms": 1.902624,
        "decode_gib_s": 489.49375702128515,
        "decode_ns_iters": [
          1907008,
          1905504,
          1904480,
          1905344,
          1904512,
          1904416,
          1902880,
          1905792,
          1903264,
          1904928,
          1904736,
          1903872,
          1904448,
          1903104,
          1904928,
          1905152,
          1902624,
          1904800,
          1905248,
          1905120,
          1904320,
          1903840,
          1904256,
          1902752,
          1904704,
          1904768,
          1904416,
          1904736,
          1904224,
          1904480
        ],
        "chunk_tokens": 160,
        "block_threads": 64,
        "staged_input_bytes": 240344088,
        "applicable": true
      },
      {
        "kernel": "onpair_dh_k5_t64_b1_h3",
        "role": "experimental",
        "stage_bytes": null,
        "chunk_size": 160,
        "decode_ms": 1.927968,
        "decode_gib_s": 483.05914307647515,
        "decode_ns_iters": [
          1930816,
          1930496,
          1931584,
          1931168,
          1932832,
          1930848,
          1930080,
          1927968,
          1930368,
          1931904,
          1928544,
          1930688,
          1929728,
          1929152,
          1928672,
          1929088,
          1931008,
          1930048,
          1928928,
          1931424,
          1933248,
          1930400,
          1930304,
          1929504,
          1929152,
          1929184,
          1930240,
          1929792,
          1930176,
          1929408
        ],
        "chunk_tokens": 160,
        "block_threads": 64,
        "staged_input_bytes": 240344088,
        "applicable": true
      },
      {
        "kernel": "onpair_dh_k5_t64_b1_h4",
        "role": "experimental",
        "stage_bytes": null,
        "chunk_size": 160,
        "decode_ms": 1.89856,
        "decode_gib_s": 490.5415525234207,
        "decode_ns_iters": [
          1900704,
          1900384,
          1902432,
          1899744,
          1901408,
          1900832,
          1901664,
          1900512,
          1901440,
          1899968,
          1901888,
          1898560,
          1900864,
          1899232,
          1901344,
          1901824,
          1903264,
          1901376,
          1901792,
          1901664,
          1901536,
          1900672,
          1901248,
          1902528,
          1902144,
          1900480,
          1903232,
          1908192,
          1905792,
          1906240
        ],
        "chunk_tokens": 160,
        "block_threads": 64,
        "staged_input_bytes": 240344088,
        "applicable": true
      },
      {
        "kernel": "onpair_dh_k5_t64_b2_h2",
        "role": "experimental",
        "stage_bytes": null,
        "chunk_size": 160,
        "decode_ms": 1.902304,
        "decode_gib_s": 489.5760982255547,
        "decode_ns_iters": [
          1908000,
          1903488,
          1905824,
          1906016,
          1905184,
          1904000,
          1904704,
          1904640,
          1903456,
          1904448,
          1902752,
          1904608,
          1904352,
          1904320,
          1904032,
          1902400,
          1905600,
          1903040,
          1902880,
          1903392,
          1904448,
          1905024,
          1905024,
          1904160,
          1905056,
          1903360,
          1905472,
          1903104,
          1903392,
          1902304
        ],
        "chunk_tokens": 160,
        "block_threads": 64,
        "staged_input_bytes": 240344088,
        "applicable": true
      },
      {
        "kernel": "onpair_dh_k5_t64_b2_h3",
        "role": "experimental",
        "stage_bytes": null,
        "chunk_size": 160,
        "decode_ms": 1.916928,
        "decode_gib_s": 485.841184415307,
        "decode_ns_iters": [
          1930208,
          1929984,
          1929600,
          1929920,
          1929056,
          1929760,
          1928928,
          1929024,
          1930368,
          1929408,
          1930272,
          1930144,
          1939872,
          1932608,
          1930240,
          1931264,
          1931072,
          1931040,
          1921344,
          1917824,
          1917760,
          1917536,
          1918432,
          1920064,
          1918848,
          1916928,
          1929472,
          1927392,
          1929248,
          1929408
        ],
        "chunk_tokens": 160,
        "block_threads": 64,
        "staged_input_bytes": 240344088,
        "applicable": true
      },
      {
        "kernel": "onpair_dh_k5_t64_b2_h4",
        "role": "experimental",
        "stage_bytes": null,
        "chunk_size": 160,
        "decode_ms": 1.899392,
        "decode_gib_s": 490.32667819958476,
        "decode_ns_iters": [
          1901504,
          1900416,
          1901856,
          1901408,
          1901120,
          1901696,
          1900704,
          1900160,
          1900672,
          1899392,
          1901280,
          1899968,
          1900768,
          1901024,
          1901088,
          1901088,
          1900384,
          1901216,
          1907968,
          1905536,
          1907552,
          1907072,
          1906720,
          1908608,
          1906688,
          1906688,
          1901760,
          1901248,
          1900544,
          1900864
        ],
        "chunk_tokens": 160,
        "block_threads": 64,
        "staged_input_bytes": 240344088,
        "applicable": true
      },
      {
        "kernel": "onpair_dh_k5_t64_b4_h2",
        "role": "experimental",
        "stage_bytes": null,
        "chunk_size": 160,
        "decode_ms": 1.903104,
        "decode_gib_s": 489.37029713503085,
        "decode_ns_iters": [
          1904864,
          1903776,
          1903520,
          1903264,
          1905376,
          1903104,
          1903776,
          1903200,
          1905728,
          1905440,
          1904320,
          1903488,
          1905280,
          1905472,
          1903840,
          1905856,
          1905568,
          1903552,
          1904896,
          1905664,
          1903840,
          1904384,
          1903232,
          1905632,
          1903104,
          1905568,
          1904416,
          1905024,
          1904864,
          1903424
        ],
        "chunk_tokens": 160,
        "block_threads": 64,
        "staged_input_bytes": 240344088,
        "applicable": true
      },
      {
        "kernel": "onpair_dh_k5_t64_b4_h3",
        "role": "experimental",
        "stage_bytes": null,
        "chunk_size": 160,
        "decode_ms": 1.927648,
        "decode_gib_s": 483.1393335084339,
        "decode_ns_iters": [
          1932000,
          1930528,
          1929824,
          1930656,
          1927648,
          1929760,
          1930496,
          1931232,
          1929536,
          1928416,
          1930976,
          1929056,
          1928800,
          1930560,
          1929888,
          1929856,
          1929344,
          1929952,
          1929728,
          1930080,
          1929824,
          1929152,
          1930176,
          1928832,
          1931072,
          1930816,
          1929888,
          1929344,
          1929536,
          1929536
        ],
        "chunk_tokens": 160,
        "block_threads": 64,
        "staged_input_bytes": 240344088,
        "applicable": true
      },
      {
        "kernel": "onpair_dh_k5_t64_b4_h4",
        "role": "experimental",
        "stage_bytes": null,
        "chunk_size": 160,
        "decode_ms": 1.899104,
        "decode_gib_s": 490.4010364671264,
        "decode_ns_iters": [
          1901920,
          1900672,
          1901408,
          1900896,
          1899104,
          1901760,
          1900512,
          1900672,
          1901920,
          1900576,
          1901760,
          1901120,
          1900128,
          1900928,
          1900832,
          1900352,
          1901312,
          1900544,
          1901408,
          1900448,
          1901184,
          1902432,
          1900160,
          1900832,
          1899328,
          1901792,
          1901216,
          1900960,
          1900800,
          1901600
        ],
        "chunk_tokens": 160,
        "block_threads": 64,
        "staged_input_bytes": 240344088,
        "applicable": true
      },
      {
        "kernel": "onpair_dh_k5_t64_b6_h2",
        "role": "experimental",
        "stage_bytes": null,
        "chunk_size": 160,
        "decode_ms": 1.902464,
        "decode_gib_s": 489.53492416091217,
        "decode_ns_iters": [
          1906400,
          1905952,
          1906336,
          1905088,
          1904896,
          1903232,
          1903584,
          1903456,
          1903232,
          1904320,
          1903168,
          1903616,
          1903744,
          1903232,
          1902464,
          1903808,
          1905248,
          1903040,
          1904832,
          1904928,
          1905216,
          1903104,
          1904800,
          1904928,
          1903680,
          1905760,
          1905952,
          1903584,
          1905536,
          1903264
        ],
        "chunk_tokens": 160,
        "block_threads": 64,
        "staged_input_bytes": 240344088,
        "applicable": true
      },
      {
        "kernel": "onpair_dh_k5_t64_b6_h3",
        "role": "experimental",
        "stage_bytes": null,
        "chunk_size": 160,
        "decode_ms": 1.927776,
        "decode_gib_s": 483.1072541409716,
        "decode_ns_iters": [
          1933152,
          1931744,
          1929120,
          1930912,
          1929760,
          1930240,
          1927776,
          1929408,
          1931424,
          1929536,
          1929568,
          1929536,
          1929600,
          1930272,
          1930400,
          1931520,
          1929888,
          1930272,
          1930048,
          1929184,
          1929920,
          1929952,
          1929440,
          1930112,
          1929952,
          1937408,
          1934880,
          1929856,
          1929888,
          1931392
        ],
        "chunk_tokens": 160,
        "block_threads": 64,
        "staged_input_bytes": 240344088,
        "applicable": true
      },
      {
        "kernel": "onpair_dh_k5_t64_b6_h4",
        "role": "experimental",
        "stage_bytes": null,
        "chunk_size": 160,
        "decode_ms": 1.89872,
        "decode_gib_s": 490.5002159132814,
        "decode_ns_iters": [
          1902720,
          1901536,
          1901120,
          1898720,
          1900960,
          1901024,
          1900704,
          1901344,
          1901024,
          1901376,
          1901376,
          1901856,
          1903232,
          1900320,
          1901824,
          1901376,
          1901984,
          1900992,
          1899424,
          1900928,
          1902880,
          1901216,
          1900448,
          1901152,
          1900736,
          1901248,
          1900256,
          1901664,
          1900704,
          1900640
        ],
        "chunk_tokens": 160,
        "block_threads": 64,
        "staged_input_bytes": 240344088,
        "applicable": true
      },
      {
        "kernel": "onpair_dh_k5_t64_b8_h2",
        "role": "experimental",
        "stage_bytes": null,
        "chunk_size": 160,
        "decode_ms": 1.902304,
        "decode_gib_s": 489.5760982255547,
        "decode_ns_iters": [
          1905248,
          1905760,
          1905504,
          1903520,
          1904128,
          1904832,
          1905120,
          1905824,
          1903776,
          1903552,
          1905120,
          1904320,
          1903552,
          1903392,
          1903648,
          1902496,
          1904352,
          1903296,
          1904864,
          1906080,
          1905248,
          1904992,
          1903904,
          1905728,
          1902912,
          1904544,
          1905120,
          1905312,
          1902304,
          1904992
        ],
        "chunk_tokens": 160,
        "block_threads": 64,
        "staged_input_bytes": 240344088,
        "applicable": true
      },
      {
        "kernel": "onpair_dh_k5_t64_b8_h3",
        "role": "experimental",
        "stage_bytes": null,
        "chunk_size": 160,
        "decode_ms": 1.927744,
        "decode_gib_s": 483.1152735834559,
        "decode_ns_iters": [
          1930336,
          1929248,
          1929280,
          1928480,
          1930752,
          1929568,
          1928992,
          1929696,
          1929248,
          1929536,
          1930752,
          1927744,
          1930048,
          1930368,
          1931040,
          1930112,
          1929600,
          1930016,
          1929728,
          1929984,
          1929632,
          1932096,
          1935328,
          1936544,
          1936448,
          1930336,
          1929856,
          1930496,
          1930176,
          1929536
        ],
        "chunk_tokens": 160,
        "block_threads": 64,
        "staged_input_bytes": 240344088,
        "applicable": true
      },
      {
        "kernel": "onpair_dh_k5_t64_b8_h4",
        "role": "experimental",
        "stage_bytes": null,
        "chunk_size": 160,
        "decode_ms": 1.899296,
        "decode_gib_s": 490.3514617831373,
        "decode_ns_iters": [
          1901024,
          1901856,
          1901152,
          1899296,
          1900480,
          1901408,
          1901120,
          1901280,
          1900928,
          1901760,
          1899552,
          1901056,
          1900608,
          1900832,
          1901120,
          1901600,
          1901024,
          1900640,
          1901440,
          1900896,
          1900128,
          1900768,
          1901312,
          1901632,
          1900768,
          1902144,
          1902976,
          1900064,
          1900608,
          1901056
        ],
        "chunk_tokens": 160,
        "block_threads": 64,
        "staged_input_bytes": 240344088,
        "applicable": true
      },
      {
        "kernel": "onpair_dh_k5_t128_b1_h2",
        "role": "experimental",
        "stage_bytes": null,
        "chunk_size": 160,
        "decode_ms": 1.853696,
        "decode_gib_s": 502.41386395550603,
        "decode_ns_iters": [
          1857792,
          1856320,
          1855968,
          1855456,
          1856288,
          1856000,
          1856032,
          1861440,
          1854656,
          1854016,
          1855360,
          1854816,
          1855936,
          1855264,
          1855616,
          1854848,
          1855872,
          1855712,
          1856448,
          1856416,
          1855776,
          1856448,
          1855776,
          1855488,
          1854752,
          1854240,
          1856096,
          1853696,
          1855552,
          1853920
        ],
        "chunk_tokens": 160,
        "block_threads": 128,
        "staged_input_bytes": 240344088,
        "applicable": true
      },
      {
        "kernel": "onpair_dh_k5_t128_b1_h3",
        "role": "experimental",
        "stage_bytes": null,
        "chunk_size": 160,
        "decode_ms": 1.880864,
        "decode_gib_s": 495.15678430703423,
        "decode_ns_iters": [
          1890624,
          1882272,
          1881184,
          1880864,
          1882208,
          1883040,
          1883744,
          1882624,
          1881888,
          1882880,
          1884224,
          1882400,
          1883360,
          1882784,
          1882464,
          1882304,
          1881664,
          1883904,
          1885472,
          1882176,
          1883840,
          1883872,
          1883936,
          1881792,
          1882432,
          1881440,
          1882912,
          1883360,
          1882144,
          1882496
        ],
        "chunk_tokens": 160,
        "block_threads": 128,
        "staged_input_bytes": 240344088,
        "applicable": true
      },
      {
        "kernel": "onpair_dh_k5_t128_b1_h4",
        "role": "experimental",
        "stage_bytes": null,
        "chunk_size": 160,
        "decode_ms": 1.855424,
        "decode_gib_s": 501.9459541101471,
        "decode_ns_iters": [
          1860000,
          1858784,
          1858400,
          1856096,
          1856928,
          1856448,
          1868480,
          1859040,
          1858656,
          1857248,
          1856032,
          1858272,
          1857088,
          1855424,
          1858464,
          1858368,
          1857856,
          1858848,
          1858880,
          1857344,
          1858272,
          1859104,
          1857600,
          1856608,
          1856256,
          1855968,
          1858112,
          1856384,
          1855648,
          1857728
        ],
        "chunk_tokens": 160,
        "block_threads": 128,
        "staged_input_bytes": 240344088,
        "applicable": true
      },
      {
        "kernel": "onpair_dh_k5_t128_b2_h2",
        "role": "experimental",
        "stage_bytes": null,
        "chunk_size": 160,
        "decode_ms": 1.843744,
        "decode_gib_s": 505.125749539451,
        "decode_ns_iters": [
          1844480,
          1843744,
          1845248,
          1855872,
          1857536,
          1855936,
          1856384,
          1857120,
          1855968,
          1855552,
          1856160,
          1856512,
          1855008,
          1857312,
          1857344,
          1863456,
          1856640,
          1855872,
          1856192,
          1854592,
          1854336,
          1855616,
          1855520,
          1855904,
          1854560,
          1857408,
          1857312,
          1853536,
          1855936,
          1856032
        ],
        "chunk_tokens": 160,
        "block_threads": 128,
        "staged_input_bytes": 240344088,
        "applicable": true
      },
      {
        "kernel": "onpair_dh_k5_t128_b2_h3",
        "role": "experimental",
        "stage_bytes": null,
        "chunk_size": 160,
        "decode_ms": 1.881184,
        "decode_gib_s": 495.0725553475182,
        "decode_ns_iters": [
          1884736,
          1882784,
          1882336,
          1882400,
          1883680,
          1881952,
          1882240,
          1882016,
          1881856,
          1881184,
          1883712,
          1881600,
          1882272,
          1882432,
          1882368,
          1881504,
          1887776,
          1890080,
          1881376,
          1883296,
          1881216,
          1881824,
          1882048,
          1882016,
          1881952,
          1881312,
          1881984,
          1881216,
          1883584,
          1881696
        ],
        "chunk_tokens": 160,
        "block_threads": 128,
        "staged_input_bytes": 240344088,
        "applicable": true
      },
      {
        "kernel": "onpair_dh_k5_t128_b2_h4",
        "role": "experimental",
        "stage_bytes": null,
        "chunk_size": 160,
        "decode_ms": 1.855936,
        "decode_gib_s": 501.8074814858193,
        "decode_ns_iters": [
          1858624,
          1855968,
          1857952,
          1857504,
          1858048,
          1857376,
          1857792,
          1857024,
          1857440,
          1857216,
          1857600,
          1858016,
          1857600,
          1856032,
          1856672,
          1859296,
          1866080,
          1858464,
          1858432,
          1856512,
          1857632,
          1856864,
          1856864,
          1858720,
          1856160,
          1858528,
          1858240,
          1855936,
          1856256,
          1856192
        ],
        "chunk_tokens": 160,
        "block_threads": 128,
        "staged_input_bytes": 240344088,
        "applicable": true
      },
      {
        "kernel": "onpair_dh_k5_t128_b4_h2",
        "role": "experimental",
        "stage_bytes": null,
        "chunk_size": 160,
        "decode_ms": 1.853504,
        "decode_gib_s": 502.46590779349043,
        "decode_ns_iters": [
          1856512,
          1856384,
          1854400,
          1853504,
          1855392,
          1856160,
          1857536,
          1856224,
          1854528,
          1863264,
          1856224,
          1856192,
          1854432,
          1854400,
          1854368,
          1855648,
          1856160,
          1854656,
          1854240,
          1855648,
          1854592,
          1855936,
          1855040,
          1853952,
          1856160,
          1854784,
          1861248,
          1856064,
          1854112,
          1853760
        ],
        "chunk_tokens": 160,
        "block_threads": 128,
        "staged_input_bytes": 240344088,
        "applicable": true
      },
      {
        "kernel": "onpair_dh_k5_t128_b4_h3",
        "role": "experimental",
        "stage_bytes": null,
        "chunk_size": 160,
        "decode_ms": 1.880672,
        "decode_gib_s": 495.2073354411964,
        "decode_ns_iters": [
          1885056,
          1883072,
          1884480,
          1890624,
          1888128,
          1882368,
          1881696,
          1880672,
          1882656,
          1881984,
          1882752,
          1882432,
          1882816,
          1882976,
          1883040,
          1883328,
          1882752,
          1881568,
          1883040,
          1883104,
          1884352,
          1881984,
          1882976,
          1883200,
          1882880,
          1882560,
          1882432,
          1881888,
          1882560,
          1883808
        ],
        "chunk_tokens": 160,
        "block_threads": 128,
        "staged_input_bytes": 240344088,
        "applicable": true
      },
      {
        "kernel": "onpair_dh_k5_t128_b4_h4",
        "role": "experimental",
        "stage_bytes": null,
        "chunk_size": 160,
        "decode_ms": 1.85584,
        "decode_gib_s": 501.8334392829477,
        "decode_ns_iters": [
          1861376,
          1858528,
          1858848,
          1858144,
          1858720,
          1857728,
          1857376,
          1859488,
          1857664,
          1866816,
          1858688,
          1856832,
          1858624,
          1856096,
          1858304,
          1855840,
          1858464,
          1856480,
          1858048,
          1856096,
          1857408,
          1858240,
          1858432,
          1858400,
          1857248,
          1857824,
          1858528,
          1857728,
          1864032,
          1857984
        ],
        "chunk_tokens": 160,
        "block_threads": 128,
        "staged_input_bytes": 240344088,
        "applicable": true
      },
      {
        "kernel": "onpair_dh_k5_t128_b6_h2",
        "role": "experimental",
        "stage_bytes": null,
        "chunk_size": 160,
        "decode_ms": 1.853632,
        "decode_gib_s": 502.43121070356233,
        "decode_ns_iters": [
          1857440,
          1856160,
          1854336,
          1855872,
          1854048,
          1854336,
          1856256,
          1853728,
          1855584,
          1856416,
          1857536,
          1855072,
          1856160,
          1856352,
          1855680,
          1854592,
          1858144,
          1856320,
          1857184,
          1854208,
          1861344,
          1856544,
          1853632,
          1854848,
          1855936,
          1855616,
          1855936,
          1856128,
          1854592,
          1854304
        ],
        "chunk_tokens": 160,
        "block_threads": 128,
        "staged_input_bytes": 240344088,
        "applicable": true
      },
      {
        "kernel": "onpair_dh_k5_t128_b6_h3",
        "role": "experimental",
        "stage_bytes": null,
        "chunk_size": 160,
        "decode_ms": 1.880032,
        "decode_gib_s": 495.37591379235334,
        "decode_ns_iters": [
          1885344,
          1880032,
          1883648,
          1883776,
          1883136,
          1881472,
          1882976,
          1882432,
          1882080,
          1882048,
          1881280,
          1883424,
          1883968,
          1881024,
          1882336,
          1883456,
          1881568,
          1882688,
          1882432,
          1883296,
          1882784,
          1881536,
          1882240,
          1882592,
          1882752,
          1890944,
          1888480,
          1882528,
          1883456,
          1882624
        ],
        "chunk_tokens": 160,
        "block_threads": 128,
        "staged_input_bytes": 240344088,
        "applicable": true
      },
      {
        "kernel": "onpair_dh_k5_t128_b6_h4",
        "role": "experimental",
        "stage_bytes": null,
        "chunk_size": 160,
        "decode_ms": 1.854816,
        "decode_gib_s": 502.11048964364426,
        "decode_ns_iters": [
          1857984,
          1860288,
          1864000,
          1856800,
          1856256,
          1857472,
          1858048,
          1857536,
          1857568,
          1855744,
          1856416,
          1857568,
          1857120,
          1859360,
          1857696,
          1857056,
          1857120,
          1858144,
          1856000,
          1855808,
          1855776,
          1862784,
          1856256,
          1857536,
          1856448,
          1857024,
          1857088,
          1855904,
          1854816,
          1858368
        ],
        "chunk_tokens": 160,
        "block_threads": 128,
        "staged_input_bytes": 240344088,
        "applicable": true
      },
      {
        "kernel": "onpair_dh_k5_t128_b8_h2",
        "role": "experimental",
        "stage_bytes": null,
        "chunk_size": 160,
        "decode_ms": 1.853408,
        "decode_gib_s": 502.4919337560136,
        "decode_ns_iters": [
          1857536,
          1856352,
          1855648,
          1853504,
          1854688,
          1855936,
          1857888,
          1855872,
          1855936,
          1854112,
          1855200,
          1854304,
          1855808,
          1866496,
          1855808,
          1854176,
          1855648,
          1854720,
          1854080,
          1853536,
          1853408,
          1853824,
          1856352,
          1857344,
          1857120,
          1863456,
          1856064,
          1854240,
          1854048,
          1853760
        ],
        "chunk_tokens": 160,
        "block_threads": 128,
        "staged_input_bytes": 240344088,
        "applicable": true
      },
      {
        "kernel": "onpair_dh_k5_t128_b8_h3",
        "role": "experimental",
        "stage_bytes": null,
        "chunk_size": 160,
        "decode_ms": 1.879936,
        "decode_gib_s": 495.4012104448586,
        "decode_ns_iters": [
          1884896,
          1882496,
          1885184,
          1882784,
          1881504,
          1881376,
          1881888,
          1881600,
          1881952,
          1883680,
          1882688,
          1881664,
          1888448,
          1892000,
          1881920,
          1882368,
          1881920,
          1879936,
          1882176,
          1882080,
          1881600,
          1881664,
          1883776,
          1881920,
          1881536,
          1882208,
          1881280,
          1882016,
          1882080,
          1882144
        ],
        "chunk_tokens": 160,
        "block_threads": 128,
        "staged_input_bytes": 240344088,
        "applicable": true
      },
      {
        "kernel": "onpair_dh_k5_t128_b8_h4",
        "role": "experimental",
        "stage_bytes": null,
        "chunk_size": 160,
        "decode_ms": 1.855872,
        "decode_gib_s": 501.82478638551885,
        "decode_ns_iters": [
          1858112,
          1859136,
          1858848,
          1857536,
          1858496,
          1857664,
          1856672,
          1858016,
          1858144,
          1858144,
          1856192,
          1858880,
          1858048,
          1866080,
          1858560,
          1859072,
          1858528,
          1856960,
          1858560,
          1857440,
          1858656,
          1855872,
          1857920,
          1858240,
          1858016,
          1858112,
          1857856,
          1856576,
          1857888,
          1858400
        ],
        "chunk_tokens": 160,
        "block_threads": 128,
        "staged_input_bytes": 240344088,
        "applicable": true
      },
      {
        "kernel": "onpair_dh_k5_t256_b1_h0",
        "role": "experimental",
        "stage_bytes": null,
        "chunk_size": 160,
        "decode_ms": 1.707904,
        "decode_gib_s": 545.3014747660674,
        "decode_ns_iters": [
          1718592,
          1709696,
          1710368,
          1710368,
          1707904,
          1716544,
          1709376,
          1708128,
          1709888,
          1708736,
          1716960,
          1710144,
          1709120,
          1708192,
          1710624,
          1716096,
          1710208,
          1709952,
          1709792,
          1710208,
          1715520,
          1710592,
          1710464,
          1712640,
          1711840,
          1717984,
          1711168,
          1711456,
          1709024,
          1710272
        ],
        "chunk_tokens": 160,
        "block_threads": 256,
        "staged_input_bytes": 240344088,
        "applicable": true
      },
      {
        "kernel": "onpair_dh_k5_t256_b1_h2",
        "role": "experimental",
        "stage_bytes": null,
        "chunk_size": 160,
        "decode_ms": 1.71472,
        "decode_gib_s": 543.1339052200159,
        "decode_ns_iters": [
          1721600,
          1718816,
          1719872,
          1718144,
          1718432,
          1727104,
          1717568,
          1717632,
          1717344,
          1720288,
          1716032,
          1717312,
          1719008,
          1717536,
          1718720,
          1718592,
          1714720,
          1717824,
          1717760,
          1717248,
          1717728,
          1716768,
          1716320,
          1717248,
          1718880,
          1716576,
          1716096,
          1716672,
          1716672,
          1716544
        ],
        "chunk_tokens": 160,
        "block_threads": 256,
        "staged_input_bytes": 240344088,
        "applicable": true
      },
      {
        "kernel": "onpair_dh_k5_t256_b1_h3",
        "role": "experimental",
        "stage_bytes": null,
        "chunk_size": 160,
        "decode_ms": 1.690208,
        "decode_gib_s": 551.01062707008,
        "decode_ns_iters": [
          1705792,
          1702944,
          1706304,
          1705280,
          1703456,
          1704160,
          1703840,
          1703488,
          1705760,
          1703904,
          1694464,
          1691328,
          1693216,
          1691584,
          1710944,
          1702464,
          1701344,
          1692480,
          1691648,
          1690208,
          1703584,
          1690912,
          1690528,
          1691456,
          1691776,
          1691200,
          1703488,
          1703744,
          1702400,
          1702912
        ],
        "chunk_tokens": 160,
        "block_threads": 256,
        "staged_input_bytes": 240344088,
        "applicable": true
      },
      {
        "kernel": "onpair_dh_k5_t256_b1_h4",
        "role": "experimental",
        "stage_bytes": null,
        "chunk_size": 160,
        "decode_ms": 1.697792,
        "decode_gib_s": 548.5492745630004,
        "decode_ns_iters": [
          1701952,
          1702784,
          1701504,
          1701760,
          1701024,
          1699040,
          1707712,
          1701920,
          1700480,
          1700192,
          1700256,
          1697792,
          1700480,
          1702368,
          1698624,
          1700128,
          1699552,
          1699040,
          1699520,
          1700640,
          1701344,
          1697856,
          1699200,
          1700064,
          1700224,
          1708576,
          1698976,
          1701952,
          1700000,
          1697856
        ],
        "chunk_tokens": 160,
        "block_threads": 256,
        "staged_input_bytes": 240344088,
        "applicable": true
      },
      {
        "kernel": "onpair_dh_k5_t256_b2_h2",
        "role": "experimental",
        "stage_bytes": null,
        "chunk_size": 160,
        "decode_ms": 1.716032,
        "decode_gib_s": 542.7186497447983,
        "decode_ns_iters": [
          1719584,
          1719840,
          1721888,
          1717824,
          1718912,
          1718816,
          1718016,
          1718784,
          1717440,
          1718400,
          1716288,
          1718016,
          1717408,
          1720160,
          1721728,
          1726080,
          1720992,
          1718720,
          1717792,
          1716640,
          1717728,
          1719104,
          1718208,
          1719904,
          1719840,
          1717952,
          1719232,
          1718560,
          1716032,
          1717696
        ],
        "chunk_tokens": 160,
        "block_threads": 256,
        "staged_input_bytes": 240344088,
        "applicable": true
      },
      {
        "kernel": "onpair_dh_k5_t256_b2_h3",
        "role": "experimental",
        "stage_bytes": null,
        "chunk_size": 160,
        "decode_ms": 1.700672,
        "decode_gib_s": 547.6203347611213,
        "decode_ns_iters": [
          1704608,
          1706016,
          1703744,
          1705856,
          1703424,
          1714880,
          1702880,
          1702912,
          1702816,
          1700672,
          1702784,
          1702752,
          1704320,
          1702624,
          1703904,
          1703360,
          1702752,
          1702304,
          1700736,
          1703744,
          1702624,
          1703136,
          1702560,
          1705248,
          1705568,
          1702720,
          1702880,
          1702592,
          1700928,
          1711200
        ],
        "chunk_tokens": 160,
        "block_threads": 256,
        "staged_input_bytes": 240344088,
        "applicable": true
      },
      {
        "kernel": "onpair_dh_k5_t256_b2_h4",
        "role": "experimental",
        "stage_bytes": null,
        "chunk_size": 160,
        "decode_ms": 1.687552,
        "decode_gib_s": 551.8778502581642,
        "decode_ns_iters": [
          1701952,
          1701216,
          1699904,
          1700032,
          1701056,
          1698496,
          1699456,
          1701632,
          1701504,
          1700480,
          1700064,
          1699776,
          1698624,
          1706112,
          1699552,
          1699648,
          1699616,
          1698176,
          1699808,
          1698272,
          1697760,
          1699872,
          1690432,
          1689824,
          1687552,
          1687968,
          1688992,
          1687584,
          1688384,
          1688256
        ],
        "chunk_tokens": 160,
        "block_threads": 256,
        "staged_input_bytes": 240344088,
        "applicable": true
      },
      {
        "kernel": "onpair_dh_k5_t256_b4_h0",
        "role": "experimental",
        "stage_bytes": null,
        "chunk_size": 160,
        "decode_ms": 1.706752,
        "decode_gib_s": 545.6695348585299,
        "decode_ns_iters": [
          1710464,
          1711584,
          1710624,
          1707520,
          1708576,
          1710720,
          1709184,
          1710304,
          1711072,
          1708608,
          1708384,
          1710624,
          1706752,
          1708640,
          1708608,
          1712192,
          1708768,
          1712960,
          1711456,
          1706848,
          1710144,
          1708992,
          1711168,
          1708704,
          1710912,
          1709408,
          1708064,
          1708160,
          1710656,
          1708608
        ],
        "chunk_tokens": 160,
        "block_threads": 256,
        "staged_input_bytes": 240344088,
        "applicable": true
      },
      {
        "kernel": "onpair_dh_k5_t256_b4_h2",
        "role": "experimental",
        "stage_bytes": null,
        "chunk_size": 160,
        "decode_ms": 1.715936,
        "decode_gib_s": 542.7490127597216,
        "decode_ns_iters": [
          1726336,
          1718848,
          1717216,
          1718240,
          1716448,
          1719072,
          1716704,
          1718144,
          1718944,
          1715936,
          1716736,
          1718400,
          1716608,
          1716960,
          1716160,
          1716384,
          1716896,
          1718784,
          1717664,
          1718048,
          1717824,
          1718112,
          1716736,
          1718336,
          1716352,
          1718240,
          1716608,
          1716704,
          1717728,
          1716928
        ],
        "chunk_tokens": 160,
        "block_threads": 256,
        "staged_input_bytes": 240344088,
        "applicable": true
      },
      {
        "kernel": "onpair_dh_k5_t256_b4_h3",
        "role": "experimental",
        "stage_bytes": null,
        "chunk_size": 160,
        "decode_ms": 1.700864,
        "decode_gib_s": 547.5585172940728,
        "decode_ns_iters": [
          1702208,
          1703744,
          1701888,
          1701984,
          1700864,
          1701344,
          1702304,
          1703616,
          1701440,
          1701824,
          1713856,
          1701664,
          1701376,
          1702528,
          1702496,
          1701824,
          1701440,
          1702176,
          1701728,
          1704064,
          1703072,
          1701536,
          1705536,
          1702688,
          1701920,
          1701376,
          1703008,
          1702144,
          1701472,
          1710592
        ],
        "chunk_tokens": 160,
        "block_threads": 256,
        "staged_input_bytes": 240344088,
        "applicable": true
      },
      {
        "kernel": "onpair_dh_k5_t256_b4_h4",
        "role": "experimental",
        "stage_bytes": null,
        "chunk_size": 160,
        "decode_ms": 1.69744,
        "decode_gib_s": 548.6630278294759,
        "decode_ns_iters": [
          1701248,
          1699296,
          1701216,
          1700736,
          1699264,
          1701024,
          1700000,
          1699040,
          1699552,
          1701024,
          1699776,
          1699904,
          1701024,
          1709280,
          1697440,
          1699200,
          1701376,
          1698784,
          1700480,
          1701664,
          1698848,
          1700544,
          1698944,
          1701184,
          1701888,
          1699968,
          1700320,
          1700992,
          1698592,
          1700160
        ],
        "chunk_tokens": 160,
        "block_threads": 256,
        "staged_input_bytes": 240344088,
        "applicable": true
      },
      {
        "kernel": "onpair_dh_k5_t256_b6_h2",
        "role": "experimental",
        "stage_bytes": null,
        "chunk_size": 160,
        "decode_ms": 1.71344,
        "decode_gib_s": 543.5396453677197,
        "decode_ns_iters": [
          1728384,
          1720576,
          1735424,
          1713440,
          1722016,
          1722848,
          1727136,
          1724832,
          1730144,
          1722560,
          1720224,
          1721792,
          1720928,
          1729120,
          1720256,
          1718624,
          1733824,
          1723008,
          1734304,
          1720928,
          1718336,
          1722816,
          1726592,
          1722784,
          1719776,
          1720640,
          1719520,
          1720896,
          1721472,
          1716032
        ],
        "chunk_tokens": 160,
        "block_threads": 256,
        "staged_input_bytes": 240344088,
        "applicable": true
      },
      {
        "kernel": "onpair_dh_k5_t256_b6_h3",
        "role": "experimental",
        "stage_bytes": null,
        "chunk_size": 160,
        "decode_ms": 1.71168,
        "decode_gib_s": 544.0985289066097,
        "decode_ns_iters": [
          1715584,
          1717120,
          1714720,
          1717088,
          1717056,
          1714944,
          1715616,
          1717344,
          1713408,
          1715520,
          1711680,
          1715968,
          1717760,
          1713504,
          1716608,
          1714464,
          1717408,
          1715712,
          1715008,
          1725216,
          1718400,
          1725184,
          1715392,
          1715616,
          1717856,
          1726144,
          1717472,
          1715488,
          1716352,
          1715552
        ],
        "chunk_tokens": 160,
        "block_threads": 256,
        "staged_input_bytes": 240344088,
        "applicable": true
      },
      {
        "kernel": "onpair_dh_k5_t256_b6_h4",
        "role": "experimental",
        "stage_bytes": null,
        "chunk_size": 160,
        "decode_ms": 1.82896,
        "decode_gib_s": 509.2088235712458,
        "decode_ns_iters": [
          1834848,
          1835136,
          1838816,
          1833184,
          1834176,
          1829600,
          1831200,
          1837184,
          1835584,
          1833600,
          1833472,
          1833536,
          1833120,
          1832800,
          1835744,
          1833408,
          1835200,
          1831456,
          1830368,
          1830720,
          1835392,
          1832864,
          1828960,
          1830688,
          1831200,
          1835424,
          1835488,
          1841536,
          1836544,
          1833312
        ],
        "chunk_tokens": 160,
        "block_threads": 256,
        "staged_input_bytes": 240344088,
        "applicable": true
      },
      {
        "kernel": "onpair_dh_k5_t256_b8_h0",
        "role": "experimental",
        "stage_bytes": null,
        "chunk_size": 160,
        "decode_ms": 1.709056,
        "decode_gib_s": 544.9339108600687,
        "decode_ns_iters": [
          1716768,
          1716320,
          1712096,
          1711584,
          1711200,
          1713088,
          1714784,
          1714912,
          1713152,
          1711680,
          1715232,
          1713920,
          1712896,
          1711776,
          1715680,
          1715552,
          1713536,
          1715456,
          1709056,
          1714528,
          1712864,
          1710176,
          1715520,
          1712192,
          1717184,
          1709248,
          1713152,
          1712992,
          1712768,
          1721344
        ],
        "chunk_tokens": 160,
        "block_threads": 256,
        "staged_input_bytes": 240344088,
        "applicable": true
      },
      {
        "kernel": "onpair_dh_k5_t256_b8_h2",
        "role": "experimental",
        "stage_bytes": null,
        "chunk_size": 160,
        "decode_ms": 1.702016,
        "decode_gib_s": 547.1879053774263,
        "decode_ns_iters": [
          1705504,
          1707456,
          1707072,
          1704704,
          1702400,
          1706272,
          1706240,
          1704000,
          1705824,
          1706848,
          1706240,
          1706464,
          1706976,
          1704736,
          1707104,
          1704704,
          1706048,
          1704928,
          1704064,
          1705280,
          1707232,
          1704864,
          1706400,
          1704640,
          1705728,
          1705888,
          1703648,
          1702016,
          1712736,
          1704544
        ],
        "chunk_tokens": 160,
        "block_threads": 256,
        "staged_input_bytes": 240344088,
        "applicable": true
      },
      {
        "kernel": "onpair_dh_k5_t256_b8_h3",
        "role": "experimental",
        "stage_bytes": null,
        "chunk_size": 160,
        "decode_ms": 1.753184,
        "decode_gib_s": 531.2178128244757,
        "decode_ns_iters": [
          1756032,
          1756928,
          1754816,
          1755456,
          1755104,
          1756672,
          1754208,
          1754304,
          1755552,
          1754784,
          1754848,
          1756064,
          1756512,
          1753184,
          1753632,
          1755200,
          1754752,
          1760928,
          1755456,
          1754048,
          1756224,
          1757216,
          1756448,
          1753312,
          1754720,
          1756128,
          1755296,
          1755040,
          1754432,
          1754304
        ],
        "chunk_tokens": 160,
        "block_threads": 256,
        "staged_input_bytes": 240344088,
        "applicable": true
      },
      {
        "kernel": "onpair_dh_k5_t256_b8_h4",
        "role": "experimental",
        "stage_bytes": null,
        "chunk_size": 160,
        "decode_ms": 1.699648,
        "decode_gib_s": 547.9502637951304,
        "decode_ns_iters": [
          1702208,
          1702912,
          1701728,
          1701440,
          1700896,
          1701408,
          1701536,
          1702880,
          1700544,
          1700224,
          1700736,
          1700576,
          1701696,
          1701184,
          1706496,
          1700256,
          1700160,
          1700096,
          1700128,
          1700384,
          1701952,
          1700352,
          1701632,
          1700224,
          1699648,
          1702048,
          1700064,
          1701568,
          1701856,
          1702592
        ],
        "chunk_tokens": 160,
        "block_threads": 256,
        "staged_input_bytes": 240344088,
        "applicable": true
      },
      {
        "kernel": "onpair_dh_k6_t64_b1_h2",
        "role": "experimental",
        "stage_bytes": null,
        "chunk_size": 192,
        "decode_ms": 1.874336,
        "decode_gib_s": 496.8813328874148,
        "decode_ns_iters": [
          1877056,
          1877664,
          1875552,
          1875904,
          1875328,
          1879552,
          1876352,
          1875616,
          1875968,
          1874400,
          1876416,
          1875168,
          1874624,
          1874560,
          1876128,
          1877024,
          1875680,
          1874912,
          1874336,
          1877280,
          1876864,
          1875968,
          1874816,
          1875072,
          1876800,
          1874816,
          1875040,
          1883040,
          1882624,
          1876288
        ],
        "chunk_tokens": 192,
        "block_threads": 64,
        "staged_input_bytes": 239371472,
        "applicable": true
      },
      {
        "kernel": "onpair_dh_k6_t64_b1_h3",
        "role": "experimental",
        "stage_bytes": null,
        "chunk_size": 192,
        "decode_ms": 1.841152,
        "decode_gib_s": 505.8368727616545,
        "decode_ns_iters": [
          1846816,
          1846048,
          1851008,
          1843904,
          1843808,
          1841952,
          1841152,
          1842752,
          1843872,
          1843072,
          1843232,
          1843040,
          1841664,
          1842464,
          1842240,
          1843232,
          1843552,
          1849376,
          1842048,
          1843488,
          1843648,
          1843648,
          1841536,
          1843936,
          1843424,
          1843776,
          1841440,
          1841728,
          1843648,
          1844384
        ],
        "chunk_tokens": 192,
        "block_threads": 64,
        "staged_input_bytes": 239371472,
        "applicable": true
      },
      {
        "kernel": "onpair_dh_k6_t64_b1_h4",
        "role": "experimental",
        "stage_bytes": null,
        "chunk_size": 192,
        "decode_ms": 1.875776,
        "decode_gib_s": 496.49988589195385,
        "decode_ns_iters": [
          1879456,
          1878688,
          1878400,
          1876448,
          1877696,
          1876416,
          1877888,
          1877792,
          1875872,
          1876160,
          1877920,
          1883136,
          1883264,
          1877536,
          1876096,
          1877728,
          1878208,
          1876192,
          1878432,
          1877824,
          1878336,
          1879136,
          1878112,
          1880384,
          1880512,
          1879872,
          1875776,
          1877280,
          1877792,
          1879040
        ],
        "chunk_tokens": 192,
        "block_threads": 64,
        "staged_input_bytes": 239371472,
        "applicable": true
      },
      {
        "kernel": "onpair_dh_k6_t64_b2_h2",
        "role": "experimental",
        "stage_bytes": null,
        "chunk_size": 192,
        "decode_ms": 1.87504,
        "decode_gib_s": 496.6947744895392,
        "decode_ns_iters": [
          1877472,
          1875936,
          1877696,
          1875680,
          1877184,
          1876160,
          1876448,
          1877984,
          1876992,
          1876800,
          1877664,
          1877536,
          1877792,
          1877184,
          1875808,
          1875648,
          1875328,
          1876288,
          1876128,
          1882208,
          1883104,
          1876032,
          1876064,
          1877472,
          1877120,
          1875200,
          1875968,
          1875040,
          1877728,
          1875488
        ],
        "chunk_tokens": 192,
        "block_threads": 64,
        "staged_input_bytes": 239371472,
        "applicable": true
      },
      {
        "kernel": "onpair_dh_k6_t64_b2_h3",
        "role": "experimental",
        "stage_bytes": null,
        "chunk_size": 192,
        "decode_ms": 1.842816,
        "decode_gib_s": 505.380119316777,
        "decode_ns_iters": [
          1845472,
          1843488,
          1843872,
          1842816,
          1843328,
          1843648,
          1843392,
          1844672,
          1843392,
          1844416,
          1843680,
          1843456,
          1843776,
          1851648,
          1843424,
          1843232,
          1843104,
          1844160,
          1845312,
          1844096,
          1843744,
          1843552,
          1843584,
          1842912,
          1845312,
          1845216,
          1846336,
          1843072,
          1853568,
          1845696
        ],
        "chunk_tokens": 192,
        "block_threads": 64,
        "staged_input_bytes": 239371472,
        "applicable": true
      },
      {
        "kernel": "onpair_dh_k6_t64_b2_h4",
        "role": "experimental",
        "stage_bytes": null,
        "chunk_size": 192,
        "decode_ms": 1.877408,
        "decode_gib_s": 496.0682866797551,
        "decode_ns_iters": [
          1879712,
          1880064,
          1879008,
          1878688,
          1878400,
          1885696,
          1883968,
          1878048,
          1878336,
          1877952,
          1878528,
          1877440,
          1877408,
          1878592,
          1878944,
          1877824,
          1879680,
          1879008,
          1878848,
          1879232,
          1879264,
          1878400,
          1878144,
          1879520,
          1877568,
          1877856,
          1879616,
          1880736,
          1877664,
          1880192
        ],
        "chunk_tokens": 192,
        "block_threads": 64,
        "staged_input_bytes": 239371472,
        "applicable": true
      },
      {
        "kernel": "onpair_dh_k6_t64_b4_h2",
        "role": "experimental",
        "stage_bytes": null,
        "chunk_size": 192,
        "decode_ms": 1.87456,
        "decode_gib_s": 496.8219581975854,
        "decode_ns_iters": [
          1877056,
          1875296,
          1876832,
          1874560,
          1875840,
          1877344,
          1875264,
          1876928,
          1877664,
          1877792,
          1877056,
          1877600,
          1874784,
          1876416,
          1874560,
          1882272,
          1876928,
          1876896,
          1875968,
          1874592,
          1875456,
          1876544,
          1875072,
          1876576,
          1876256,
          1876832,
          1876352,
          1876352,
          1877024,
          1875840
        ],
        "chunk_tokens": 192,
        "block_threads": 64,
        "staged_input_bytes": 239371472,
        "applicable": true
      },
      {
        "kernel": "onpair_dh_k6_t64_b4_h3",
        "role": "experimental",
        "stage_bytes": null,
        "chunk_size": 192,
        "decode_ms": 1.84224,
        "decode_gib_s": 505.5381329028061,
        "decode_ns_iters": [
          1844096,
          1846304,
          1843680,
          1842560,
          1844736,
          1844224,
          1847072,
          1844448,
          1842240,
          1845216,
          1844288,
          1851200,
          1844928,
          1845280,
          1844544,
          1843968,
          1844896,
          1844160,
          1843968,
          1845472,
          1844608,
          1843808,
          1844160,
          1844224,
          1846016,
          1844096,
          1850592,
          1843936,
          1845184,
          1844512
        ],
        "chunk_tokens": 192,
        "block_threads": 64,
        "staged_input_bytes": 239371472,
        "applicable": true
      },
      {
        "kernel": "onpair_dh_k6_t64_b4_h4",
        "role": "experimental",
        "stage_bytes": null,
        "chunk_size": 192,
        "decode_ms": 1.87584,
        "decode_gib_s": 496.4829462847928,
        "decode_ns_iters": [
          1876544,
          1884480,
          1885504,
          1878240,
          1877888,
          1877504,
          1878208,
          1877248,
          1877568,
          1877216,
          1878528,
          1875840,
          1878144,
          1877088,
          1878848,
          1877472,
          1876608,
          1877696,
          1876960,
          1877888,
          1876800,
          1878048,
          1877824,
          1878912,
          1877824,
          1877056,
          1879040,
          1877408,
          1876832,
          1876896
        ],
        "chunk_tokens": 192,
        "block_threads": 64,
        "staged_input_bytes": 239371472,
        "applicable": true
      },
      {
        "kernel": "onpair_dh_k6_t64_b6_h2",
        "role": "experimental",
        "stage_bytes": null,
        "chunk_size": 192,
        "decode_ms": 1.874016,
        "decode_gib_s": 496.96617849520266,
        "decode_ns_iters": [
          1878464,
          1875488,
          1877376,
          1876864,
          1875264,
          1876416,
          1875360,
          1874400,
          1874528,
          1877024,
          1882144,
          1884544,
          1874432,
          1874080,
          1877536,
          1878016,
          1876384,
          1876224,
          1875808,
          1874368,
          1877376,
          1877184,
          1876320,
          1875712,
          1876384,
          1877408,
          1874016,
          1876640,
          1875456,
          1875936
        ],
        "chunk_tokens": 192,
        "block_threads": 64,
        "staged_input_bytes": 239371472,
        "applicable": true
      },
      {
        "kernel": "onpair_dh_k6_t64_b6_h3",
        "role": "experimental",
        "stage_bytes": null,
        "chunk_size": 192,
        "decode_ms": 1.84112,
        "decode_gib_s": 505.84566457312155,
        "decode_ns_iters": [
          1845472,
          1842464,
          1844256,
          1842144,
          1843232,
          1844896,
          1843872,
          1842368,
          1842880,
          1848896,
          1843680,
          1842336,
          1844512,
          1844768,
          1841984,
          1843968,
          1843776,
          1841440,
          1841824,
          1841120,
          1843904,
          1841792,
          1843232,
          1844224,
          1843744,
          1844800,
          1845984,
          1843520,
          1841952,
          1841888
        ],
        "chunk_tokens": 192,
        "block_threads": 64,
        "staged_input_bytes": 239371472,
        "applicable": true
      },
      {
        "kernel": "onpair_dh_k6_t64_b6_h4",
        "role": "experimental",
        "stage_bytes": null,
        "chunk_size": 192,
        "decode_ms": 1.876096,
        "decode_gib_s": 496.4151994134978,
        "decode_ns_iters": [
          1877888,
          1877024,
          1877824,
          1878592,
          1878368,
          1878336,
          1879072,
          1876128,
          1876864,
          1879200,
          1877920,
          1876192,
          1877536,
          1878464,
          1877792,
          1878816,
          1878208,
          1878112,
          1878208,
          1879200,
          1878560,
          1878656,
          1877920,
          1877920,
          1877152,
          1884064,
          1885888,
          1877376,
          1877824,
          1876096
        ],
        "chunk_tokens": 192,
        "block_threads": 64,
        "staged_input_bytes": 239371472,
        "applicable": true
      },
      {
        "kernel": "onpair_dh_k6_t64_b8_h2",
        "role": "experimental",
        "stage_bytes": null,
        "chunk_size": 192,
        "decode_ms": 1.874304,
        "decode_gib_s": 496.8898161444812,
        "decode_ns_iters": [
          1876320,
          1875104,
          1875808,
          1874464,
          1877056,
          1882240,
          1874304,
          1874880,
          1875712,
          1875104,
          1877472,
          1875168,
          1876672,
          1876320,
          1874336,
          1876032,
          1874656,
          1876768,
          1876832,
          1874432,
          1876960,
          1874976,
          1876512,
          1874976,
          1875136,
          1874752,
          1876832,
          1876224,
          1874496,
          1877152
        ],
        "chunk_tokens": 192,
        "block_threads": 64,
        "staged_input_bytes": 239371472,
        "applicable": true
      },
      {
        "kernel": "onpair_dh_k6_t64_b8_h3",
        "role": "experimental",
        "stage_bytes": null,
        "chunk_size": 192,
        "decode_ms": 1.840736,
        "decode_gib_s": 505.9511901537568,
        "decode_ns_iters": [
          1843488,
          1842816,
          1843712,
          1843264,
          1844736,
          1851520,
          1844672,
          1842464,
          1842688,
          1844576,
          1843488,
          1842432,
          1841824,
          1843392,
          1841472,
          1843840,
          1842496,
          1844096,
          1842912,
          1842784,
          1843648,
          1841568,
          1843008,
          1843680,
          1841728,
          1840736,
          1840896,
          1841568,
          1841984,
          1842176
        ],
        "chunk_tokens": 192,
        "block_threads": 64,
        "staged_input_bytes": 239371472,
        "applicable": true
      },
      {
        "kernel": "onpair_dh_k6_t64_b8_h4",
        "role": "experimental",
        "stage_bytes": null,
        "chunk_size": 192,
        "decode_ms": 1.876448,
        "decode_gib_s": 496.3220776482299,
        "decode_ns_iters": [
          1878592,
          1876448,
          1878592,
          1877920,
          1878528,
          1877408,
          1878304,
          1878176,
          1876640,
          1878688,
          1878368,
          1878208,
          1876480,
          1879488,
          1878720,
          1879200,
          1883584,
          1884224,
          1878656,
          1876704,
          1877632,
          1877216,
          1876864,
          1879328,
          1878432,
          1879424,
          1877312,
          1877120,
          1878880,
          1876960
        ],
        "chunk_tokens": 192,
        "block_threads": 64,
        "staged_input_bytes": 239371472,
        "applicable": true
      },
      {
        "kernel": "onpair_dh_k6_t128_b1_h2",
        "role": "experimental",
        "stage_bytes": null,
        "chunk_size": 192,
        "decode_ms": 1.836512,
        "decode_gib_s": 507.11488406221446,
        "decode_ns_iters": [
          1840000,
          1837440,
          1840320,
          1837888,
          1837504,
          1837760,
          1837632,
          1837696,
          1840640,
          1839904,
          1839648,
          1837824,
          1837664,
          1837568,
          1837504,
          1837568,
          1837408,
          1837440,
          1836736,
          1839264,
          1837600,
          1837248,
          1837664,
          1837536,
          1846112,
          1837728,
          1836704,
          1837216,
          1836512,
          1838080
        ],
        "chunk_tokens": 192,
        "block_threads": 128,
        "staged_input_bytes": 239371472,
        "applicable": true
      },
      {
        "kernel": "onpair_dh_k6_t128_b1_h3",
        "role": "experimental",
        "stage_bytes": null,
        "chunk_size": 192,
        "decode_ms": 1.805152,
        "decode_gib_s": 515.9247365090948,
        "decode_ns_iters": [
          1807232,
          1808192,
          1807328,
          1806624,
          1807872,
          1808256,
          1809600,
          1809536,
          1807168,
          1806656,
          1805152,
          1807808,
          1807072,
          1807168,
          1806304,
          1807488,
          1815840,
          1806720,
          1806560,
          1807040,
          1807360,
          1806336,
          1807456,
          1807104,
          1807968,
          1807648,
          1806784,
          1808032,
          1806784,
          1806880
        ],
        "chunk_tokens": 192,
        "block_threads": 128,
        "staged_input_bytes": 239371472,
        "applicable": true
      },
      {
        "kernel": "onpair_dh_k6_t128_b1_h4",
        "role": "experimental",
        "stage_bytes": null,
        "chunk_size": 192,
        "decode_ms": 1.839776,
        "decode_gib_s": 506.215196827693,
        "decode_ns_iters": [
          1842752,
          1842176,
          1844544,
          1843328,
          1841824,
          1841504,
          1841856,
          1841504,
          1840800,
          1841120,
          1841152,
          1842304,
          1848256,
          1839776,
          1840768,
          1839840,
          1841792,
          1841984,
          1841504,
          1841504,
          1841248,
          1840352,
          1840512,
          1841408,
          1841600,
          1841504,
          1841056,
          1841120,
          1841824,
          1841824
        ],
        "chunk_tokens": 192,
        "block_threads": 128,
        "staged_input_bytes": 239371472,
        "applicable": true
      },
      {
        "kernel": "onpair_dh_k6_t128_b2_h2",
        "role": "experimental",
        "stage_bytes": null,
        "chunk_size": 192,
        "decode_ms": 1.836224,
        "decode_gib_s": 507.1944217910591,
        "decode_ns_iters": [
          1843680,
          1837600,
          1837760,
          1836640,
          1836800,
          1836800,
          1837536,
          1836224,
          1837184,
          1837024,
          1837824,
          1836384,
          1837920,
          1837280,
          1845600,
          1837280,
          1839520,
          1838560,
          1836320,
          1838272,
          1837248,
          1837696,
          1839136,
          1838816,
          1838976,
          1837312,
          1838208,
          1837248,
          1838144,
          1837344
        ],
        "chunk_tokens": 192,
        "block_threads": 128,
        "staged_input_bytes": 239371472,
        "applicable": true
      },
      {
        "kernel": "onpair_dh_k6_t128_b2_h3",
        "role": "experimental",
        "stage_bytes": null,
        "chunk_size": 192,
        "decode_ms": 1.80544,
        "decode_gib_s": 515.842437277819,
        "decode_ns_iters": [
          1808288,
          1807168,
          1807136,
          1806592,
          1806688,
          1806912,
          1807616,
          1807136,
          1808832,
          1807200,
          1813056,
          1807168,
          1808800,
          1806208,
          1806304,
          1807456,
          1806912,
          1806528,
          1806304,
          1806528,
          1805952,
          1807008,
          1807200,
          1805440,
          1806464,
          1805664,
          1806528,
          1806560,
          1806464,
          1814368
        ],
        "chunk_tokens": 192,
        "block_threads": 128,
        "staged_input_bytes": 239371472,
        "applicable": true
      },
      {
        "kernel": "onpair_dh_k6_t128_b2_h4",
        "role": "experimental",
        "stage_bytes": null,
        "chunk_size": 192,
        "decode_ms": 1.83952,
        "decode_gib_s": 506.2856451459433,
        "decode_ns_iters": [
          1842688,
          1842080,
          1839520,
          1840128,
          1841888,
          1841600,
          1841600,
          1841888,
          1843680,
          1843840,
          1842304,
          1842400,
          1841728,
          1840096,
          1841280,
          1841184,
          1841696,
          1848256,
          1842176,
          1840288,
          1841248,
          1841856,
          1841600,
          1842240,
          1842368,
          1842016,
          1842560,
          1840512,
          1843360,
          1840384
        ],
        "chunk_tokens": 192,
        "block_threads": 128,
        "staged_input_bytes": 239371472,
        "applicable": true
      },
      {
        "kernel": "onpair_dh_k6_t128_b4_h2",
        "role": "experimental",
        "stage_bytes": null,
        "chunk_size": 192,
        "decode_ms": 1.824896,
        "decode_gib_s": 510.3428195134767,
        "decode_ns_iters": [
          1837888,
          1838464,
          1839296,
          1837408,
          1845280,
          1837440,
          1838816,
          1839392,
          1838176,
          1836544,
          1836896,
          1836704,
          1838336,
          1828960,
          1825888,
          1824896,
          1825664,
          1825888,
          1825472,
          1825344,
          1825440,
          1825632,
          1825792,
          1837408,
          1838016,
          1837280,
          1837664,
          1837632,
          1844928,
          1837952
        ],
        "chunk_tokens": 192,
        "block_threads": 128,
        "staged_input_bytes": 239371472,
        "applicable": true
      },
      {
        "kernel": "onpair_dh_k6_t128_b4_h3",
        "role": "experimental",
        "stage_bytes": null,
        "chunk_size": 192,
        "decode_ms": 1.805248,
        "decode_gib_s": 515.8973005143148,
        "decode_ns_iters": [
          1811392,
          1805824,
          1807360,
          1807104,
          1805984,
          1806240,
          1808352,
          1808192,
          1806464,
          1808384,
          1807616,
          1806688,
          1806848,
          1806016,
          1807328,
          1807104,
          1805888,
          1806272,
          1805248,
          1806528,
          1813344,
          1806016,
          1806592,
          1806304,
          1805696,
          1806272,
          1806208,
          1808352,
          1806336,
          1807296
        ],
        "chunk_tokens": 192,
        "block_threads": 128,
        "staged_input_bytes": 239371472,
        "applicable": true
      },
      {
        "kernel": "onpair_dh_k6_t128_b4_h4",
        "role": "experimental",
        "stage_bytes": null,
        "chunk_size": 192,
        "decode_ms": 1.840768,
        "decode_gib_s": 505.94239467378054,
        "decode_ns_iters": [
          1844672,
          1842848,
          1841952,
          1848384,
          1841760,
          1843328,
          1841248,
          1841440,
          1841728,
          1841792,
          1841312,
          1841920,
          1842752,
          1841568,
          1842176,
          1841568,
          1841216,
          1842848,
          1848608,
          1841184,
          1842560,
          1841472,
          1840768,
          1842336,
          1841632,
          1842208,
          1843104,
          1841440,
          1841536,
          1841440
        ],
        "chunk_tokens": 192,
        "block_threads": 128,
        "staged_input_bytes": 239371472,
        "applicable": true
      },
      {
        "kernel": "onpair_dh_k6_t128_b6_h2",
        "role": "experimental",
        "stage_bytes": null,
        "chunk_size": 192,
        "decode_ms": 1.83616,
        "decode_gib_s": 507.21210023029886,
        "decode_ns_iters": [
          1839328,
          1837952,
          1837088,
          1836640,
          1838432,
          1847840,
          1838272,
          1836736,
          1838144,
          1838016,
          1838592,
          1838400,
          1836160,
          1838560,
          1837952,
          1838112,
          1838080,
          1837760,
          1839680,
          1844224,
          1837920,
          1838720,
          1837728,
          1837472,
          1838080,
          1838048,
          1837824,
          1836768,
          1838496,
          1836960
        ],
        "chunk_tokens": 192,
        "block_threads": 128,
        "staged_input_bytes": 239371472,
        "applicable": true
      },
      {
        "kernel": "onpair_dh_k6_t128_b6_h3",
        "role": "experimental",
        "stage_bytes": null,
        "chunk_size": 192,
        "decode_ms": 1.804768,
        "decode_gib_s": 516.0345096759614,
        "decode_ns_iters": [
          1808576,
          1809376,
          1808160,
          1808640,
          1806464,
          1807584,
          1807680,
          1806656,
          1807616,
          1806144,
          1807168,
          1806880,
          1806816,
          1815456,
          1806848,
          1807360,
          1807584,
          1807232,
          1807136,
          1807488,
          1807712,
          1807072,
          1806368,
          1806848,
          1807648,
          1806816,
          1806880,
          1807296,
          1804768,
          1806752
        ],
        "chunk_tokens": 192,
        "block_threads": 128,
        "staged_input_bytes": 239371472,
        "applicable": true
      },
      {
        "kernel": "onpair_dh_k6_t128_b6_h4",
        "role": "experimental",
        "stage_bytes": null,
        "chunk_size": 192,
        "decode_ms": 1.84,
        "decode_gib_s": 506.15357062981826,
        "decode_ns_iters": [
          1843776,
          1843232,
          1840000,
          1841408,
          1841664,
          1842208,
          1841344,
          1852640,
          1841184,
          1841888,
          1840704,
          1841536,
          1841408,
          1842304,
          1842112,
          1841792,
          1843488,
          1842336,
          1841600,
          1842400,
          1841728,
          1841600,
          1842784,
          1841152,
          1840832,
          1842368,
          1841920,
          1842240,
          1841888,
          1841632
        ],
        "chunk_tokens": 192,
        "block_threads": 128,
        "staged_input_bytes": 239371472,
        "applicable": true
      },
      {
        "kernel": "onpair_dh_k6_t128_b8_h2",
        "role": "experimental",
        "stage_bytes": null,
        "chunk_size": 192,
        "decode_ms": 1.836064,
        "decode_gib_s": 507.23862019998523,
        "decode_ns_iters": [
          1840256,
          1836064,
          1837216,
          1837376,
          1838336,
          1837984,
          1837824,
          1837728,
          1837472,
          1842624,
          1837568,
          1837056,
          1839296,
          1837952,
          1837440,
          1837056,
          1838432,
          1838240,
          1837472,
          1837056,
          1836768,
          1837216,
          1844480,
          1837824,
          1837600,
          1838112,
          1837856,
          1837376,
          1837568,
          1837856
        ],
        "chunk_tokens": 192,
        "block_threads": 128,
        "staged_input_bytes": 239371472,
        "applicable": true
      },
      {
        "kernel": "onpair_dh_k6_t128_b8_h3",
        "role": "experimental",
        "stage_bytes": null,
        "chunk_size": 192,
        "decode_ms": 1.806144,
        "decode_gib_s": 515.641371872268,
        "decode_ns_iters": [
          1810016,
          1807328,
          1807552,
          1807200,
          1807104,
          1806912,
          1818784,
          1807456,
          1806656,
          1807296,
          1806976,
          1808800,
          1808096,
          1807264,
          1807264,
          1808544,
          1807104,
          1809408,
          1807008,
          1806944,
          1806560,
          1807392,
          1806912,
          1808256,
          1807008,
          1815840,
          1806144,
          1806912,
          1806208,
          1807456
        ],
        "chunk_tokens": 192,
        "block_threads": 128,
        "staged_input_bytes": 239371472,
        "applicable": true
      },
      {
        "kernel": "onpair_dh_k6_t128_b8_h4",
        "role": "experimental",
        "stage_bytes": null,
        "chunk_size": 192,
        "decode_ms": 1.839968,
        "decode_gib_s": 506.16237345370445,
        "decode_ns_iters": [
          1843296,
          1843104,
          1843936,
          1843296,
          1844128,
          1840992,
          1841152,
          1843232,
          1841568,
          1841984,
          1842336,
          1849088,
          1844896,
          1843520,
          1842304,
          1841664,
          1841728,
          1842080,
          1841696,
          1842016,
          1842432,
          1842112,
          1842176,
          1841248,
          1842176,
          1839968,
          1840480,
          1843616,
          1843104,
          1843200
        ],
        "chunk_tokens": 192,
        "block_threads": 128,
        "staged_input_bytes": 239371472,
        "applicable": true
      },
      {
        "kernel": "onpair_dh_k6_t256_b1_h0",
        "role": "experimental",
        "stage_bytes": null,
        "chunk_size": 192,
        "decode_ms": 1.726848,
        "decode_gib_s": 539.3193668225956,
        "decode_ns_iters": [
          1732448,
          1730720,
          1730176,
          1726944,
          1737472,
          1731232,
          1729312,
          1729664,
          1728256,
          1726848,
          1730944,
          1729600,
          1730336,
          1730848,
          1728864,
          1734784,
          1729664,
          1727808,
          1728896,
          1728768,
          1731168,
          1728512,
          1730432,
          1728576,
          1729024,
          1730208,
          1734880,
          1729728,
          1728960,
          1727264
        ],
        "chunk_tokens": 192,
        "block_threads": 256,
        "staged_input_bytes": 239371472,
        "applicable": true
      },
      {
        "kernel": "onpair_dh_k6_t256_b1_h2",
        "role": "experimental",
        "stage_bytes": null,
        "chunk_size": 192,
        "decode_ms": 1.766912,
        "decode_gib_s": 527.0905228776903,
        "decode_ns_iters": [
          1770240,
          1772192,
          1769952,
          1768352,
          1769312,
          1767200,
          1768832,
          1768352,
          1769152,
          1769728,
          1768096,
          1769760,
          1769536,
          1766912,
          1766944,
          1770304,
          1769952,
          1768480,
          1770048,
          1768256,
          1769088,
          1769152,
          1768896,
          1767392,
          1769600,
          1769120,
          1769888,
          1769312,
          1769344,
          1768128
        ],
        "chunk_tokens": 192,
        "block_threads": 256,
        "staged_input_bytes": 239371472,
        "applicable": true
      },
      {
        "kernel": "onpair_dh_k6_t256_b1_h3",
        "role": "experimental",
        "stage_bytes": null,
        "chunk_size": 192,
        "decode_ms": 1.730976,
        "decode_gib_s": 538.0332078312267,
        "decode_ns_iters": [
          1735296,
          1732992,
          1732480,
          1733536,
          1732832,
          1733024,
          1733440,
          1734400,
          1733216,
          1733600,
          1734208,
          1734016,
          1733792,
          1732832,
          1733568,
          1733120,
          1732320,
          1732192,
          1733088,
          1732544,
          1733152,
          1732768,
          1732736,
          1733248,
          1748288,
          1730976,
          1733632,
          1732928,
          1732864,
          1734176
        ],
        "chunk_tokens": 192,
        "block_threads": 256,
        "staged_input_bytes": 239371472,
        "applicable": true
      },
      {
        "kernel": "onpair_dh_k6_t256_b1_h4",
        "role": "experimental",
        "stage_bytes": null,
        "chunk_size": 192,
        "decode_ms": 1.776128,
        "decode_gib_s": 524.3555475499884,
        "decode_ns_iters": [
          1781536,
          1786368,
          1778592,
          1778848,
          1777184,
          1779200,
          1778624,
          1778240,
          1778304,
          1779168,
          1776608,
          1777728,
          1777856,
          1777504,
          1776736,
          1778528,
          1783904,
          1778336,
          1777824,
          1776128,
          1778560,
          1778016,
          1776736,
          1779360,
          1778624,
          1778176,
          1777728,
          1777888,
          1778016,
          1777632
        ],
        "chunk_tokens": 192,
        "block_threads": 256,
        "staged_input_bytes": 239371472,
        "applicable": true
      },
      {
        "kernel": "onpair_dh_k6_t256_b2_h2",
        "role": "experimental",
        "stage_bytes": null,
        "chunk_size": 192,
        "decode_ms": 1.767616,
        "decode_gib_s": 526.8805950833583,
        "decode_ns_iters": [
          1771488,
          1768800,
          1771392,
          1769760,
          1770304,
          1769056,
          1770048,
          1769856,
          1768640,
          1769728,
          1770336,
          1769056,
          1770496,
          1768480,
          1769504,
          1768960,
          1767616,
          1771616,
          1769376,
          1770304,
          1768768,
          1768032,
          1768736,
          1772224,
          1768768,
          1768512,
          1769696,
          1768928,
          1770720,
          1768032
        ],
        "chunk_tokens": 192,
        "block_threads": 256,
        "staged_input_bytes": 239371472,
        "applicable": true
      },
      {
        "kernel": "onpair_dh_k6_t256_b2_h3",
        "role": "experimental",
        "stage_bytes": null,
        "chunk_size": 192,
        "decode_ms": 1.7224,
        "decode_gib_s": 540.7121284015708,
        "decode_ns_iters": [
          1742464,
          1736256,
          1735680,
          1734944,
          1735008,
          1735488,
          1732992,
          1732992,
          1733152,
          1733728,
          1732896,
          1734816,
          1732704,
          1731296,
          1736384,
          1722752,
          1722400,
          1722816,
          1734336,
          1732224,
          1734720,
          1733280,
          1738240,
          1733280,
          1733472,
          1732928,
          1732768,
          1733440,
          1732800,
          1731584
        ],
        "chunk_tokens": 192,
        "block_threads": 256,
        "staged_input_bytes": 239371472,
        "applicable": true
      },
      {
        "kernel": "onpair_dh_k6_t256_b2_h4",
        "role": "experimental",
        "stage_bytes": null,
        "chunk_size": 192,
        "decode_ms": 1.775872,
        "decode_gib_s": 524.4311357794174,
        "decode_ns_iters": [
          1779168,
          1775872,
          1780064,
          1777568,
          1778016,
          1776640,
          1778816,
          1778752,
          1778112,
          1777632,
          1779040,
          1776192,
          1777504,
          1784896,
          1778336,
          1777152,
          1776160,
          1776320,
          1778496,
          1778144,
          1775904,
          1777344,
          1778272,
          1776448,
          1777504,
          1776224,
          1780192,
          1777312,
          1786432,
          1777664
        ],
        "chunk_tokens": 192,
        "block_threads": 256,
        "staged_input_bytes": 239371472,
        "applicable": true
      },
      {
        "kernel": "onpair_dh_k6_t256_b4_h0",
        "role": "experimental",
        "stage_bytes": null,
        "chunk_size": 192,
        "decode_ms": 1.726688,
        "decode_gib_s": 539.3693417449276,
        "decode_ns_iters": [
          1732416,
          1730400,
          1731392,
          1728928,
          1730272,
          1729216,
          1728000,
          1730624,
          1729760,
          1730208,
          1729888,
          1729248,
          1731456,
          1729728,
          1727904,
          1729152,
          1729536,
          1727712,
          1729312,
          1728672,
          1728480,
          1727904,
          1726688,
          1728960,
          1731840,
          1729760,
          1727584,
          1729696,
          1728480,
          1729056
        ],
        "chunk_tokens": 192,
        "block_threads": 256,
        "staged_input_bytes": 239371472,
        "applicable": true
      },
      {
        "kernel": "onpair_dh_k6_t256_b4_h2",
        "role": "experimental",
        "stage_bytes": null,
        "chunk_size": 192,
        "decode_ms": 1.767424,
        "decode_gib_s": 526.9378315327084,
        "decode_ns_iters": [
          1771424,
          1771776,
          1768736,
          1778624,
          1770208,
          1769664,
          1770336,
          1769536,
          1769824,
          1767584,
          1767904,
          1770176,
          1767648,
          1767584,
          1768928,
          1767584,
          1768800,
          1770048,
          1767424,
          1769088,
          1769312,
          1767424,
          1769696,
          1770240,
          1768000,
          1769664,
          1767776,
          1767936,
          1770304,
          1769824
        ],
        "chunk_tokens": 192,
        "block_threads": 256,
        "staged_input_bytes": 239371472,
        "applicable": true
      },
      {
        "kernel": "onpair_dh_k6_t256_b4_h3",
        "role": "experimental",
        "stage_bytes": null,
        "chunk_size": 192,
        "decode_ms": 1.732672,
        "decode_gib_s": 537.506562095345,
        "decode_ns_iters": [
          1737472,
          1735232,
          1733568,
          1736000,
          1732928,
          1735456,
          1733440,
          1742720,
          1732864,
          1735232,
          1733120,
          1733696,
          1733376,
          1733856,
          1734784,
          1732736,
          1733216,
          1733952,
          1732672,
          1733472,
          1735360,
          1733664,
          1733056,
          1733120,
          1736224,
          1735904,
          1733600,
          1736064,
          1733600,
          1733344
        ],
        "chunk_tokens": 192,
        "block_threads": 256,
        "staged_input_bytes": 239371472,
        "applicable": true
      },
      {
        "kernel": "onpair_dh_k6_t256_b4_h4",
        "role": "experimental",
        "stage_bytes": null,
        "chunk_size": 192,
        "decode_ms": 1.77584,
        "decode_gib_s": 524.440585840428,
        "decode_ns_iters": [
          1778784,
          1777312,
          1777536,
          1775840,
          1776384,
          1777824,
          1778496,
          1778304,
          1786400,
          1777120,
          1777824,
          1776736,
          1778176,
          1777536,
          1779520,
          1778080,
          1776608,
          1775968,
          1776768,
          1778272,
          1777216,
          1776416,
          1777216,
          1777824,
          1777216,
          1777888,
          1777856,
          1777280,
          1778560,
          1778304
        ],
        "chunk_tokens": 192,
        "block_threads": 256,
        "staged_input_bytes": 239371472,
        "applicable": true
      },
      {
        "kernel": "onpair_dh_k6_t256_b6_h2",
        "role": "experimental",
        "stage_bytes": null,
        "chunk_size": 192,
        "decode_ms": 1.565184,
        "decode_gib_s": 595.0243357706606,
        "decode_ns_iters": [
          1574176,
          1570496,
          1567616,
          1571584,
          1573568,
          1569600,
          1569728,
          1568160,
          1570208,
          1569728,
          1571872,
          1575008,
          1568224,
          1568288,
          1578400,
          1570432,
          1572128,
          1565184,
          1568032,
          1571840,
          1569792,
          1569088,
          1571424,
          1572992,
          1565856,
          1571200,
          1565760,
          1574688,
          1569152,
          1570528
        ],
        "chunk_tokens": 192,
        "block_threads": 256,
        "staged_input_bytes": 239371472,
        "applicable": true
      },
      {
        "kernel": "onpair_dh_k6_t256_b6_h3",
        "role": "experimental",
        "stage_bytes": null,
        "chunk_size": 192,
        "decode_ms": 1.77488,
        "decode_gib_s": 524.7242461230425,
        "decode_ns_iters": [
          1777824,
          1777920,
          1776192,
          1778240,
          1774880,
          1775232,
          1779104,
          1776192,
          1777120,
          1777440,
          1778144,
          1777312,
          1778368,
          1777856,
          1775680,
          1781600,
          1777504,
          1775776,
          1775904,
          1778272,
          1784576,
          1777120,
          1778400,
          1777504,
          1777632,
          1782720,
          1776352,
          1776192,
          1777568,
          1776000
        ],
        "chunk_tokens": 192,
        "block_threads": 256,
        "staged_input_bytes": 239371472,
        "applicable": true
      },
      {
        "kernel": "onpair_dh_k6_t256_b6_h4",
        "role": "experimental",
        "stage_bytes": null,
        "chunk_size": 192,
        "decode_ms": 1.644896,
        "decode_gib_s": 566.1893335255637,
        "decode_ns_iters": [
          1650368,
          1652800,
          1650048,
          1650656,
          1649056,
          1648928,
          1651008,
          1644896,
          1649152,
          1648256,
          1652448,
          1646496,
          1651488,
          1649184,
          1650656,
          1651168,
          1648256,
          1648288,
          1648224,
          1646176,
          1650368,
          1649248,
          1648800,
          1646624,
          1648928,
          1651328,
          1646240,
          1649120,
          1649184,
          1653440
        ],
        "chunk_tokens": 192,
        "block_threads": 256,
        "staged_input_bytes": 239371472,
        "applicable": true
      },
      {
        "kernel": "onpair_dh_k6_t256_b8_h0",
        "role": "experimental",
        "stage_bytes": null,
        "chunk_size": 192,
        "decode_ms": 1.707904,
        "decode_gib_s": 545.3014747660674,
        "decode_ns_iters": [
          1710496,
          1710528,
          1709568,
          1708928,
          1707904,
          1710112,
          1710656,
          1710368,
          1710528,
          1709152,
          1710400,
          1710080,
          1709472,
          1708512,
          1708672,
          1708736,
          1710176,
          1708448,
          1708992,
          1710336,
          1707936,
          1708672,
          1710432,
          1710880,
          1708128,
          1710528,
          1709664,
          1710624,
          1708384,
          1709856
        ],
        "chunk_tokens": 192,
        "block_threads": 256,
        "staged_input_bytes": 239371472,
        "applicable": true
      },
      {
        "kernel": "onpair_dh_k6_t256_b8_h2",
        "role": "experimental",
        "stage_bytes": null,
        "chunk_size": 192,
        "decode_ms": 1.76192,
        "decode_gib_s": 528.5839141157746,
        "decode_ns_iters": [
          1766720,
          1764320,
          1764672,
          1762432,
          1764448,
          1763552,
          1763872,
          1763936,
          1763936,
          1764576,
          1763744,
          1763904,
          1763744,
          1766944,
          1763712,
          1763648,
          1764320,
          1763008,
          1764448,
          1764032,
          1761920,
          1763424,
          1763776,
          1764000,
          1764256,
          1763712,
          1769920,
          1762336,
          1763904,
          1763232
        ],
        "chunk_tokens": 192,
        "block_threads": 256,
        "staged_input_bytes": 239371472,
        "applicable": true
      },
      {
        "kernel": "onpair_dh_k6_t256_b8_h3",
        "role": "experimental",
        "stage_bytes": null,
        "chunk_size": 192,
        "decode_ms": 1.770464,
        "decode_gib_s": 526.0330455512598,
        "decode_ns_iters": [
          1774016,
          1772672,
          1772064,
          1773728,
          1772864,
          1781600,
          1772832,
          1772064,
          1770464,
          1772352,
          1772096,
          1773472,
          1780448,
          1770976,
          1772288,
          1771968,
          1773056,
          1773632,
          1772320,
          1771840,
          1771744,
          1773728,
          1771488,
          1772864,
          1772384,
          1774016,
          1772576,
          1773312,
          1775072,
          1773472
        ],
        "chunk_tokens": 192,
        "block_threads": 256,
        "staged_input_bytes": 239371472,
        "applicable": true
      },
      {
        "kernel": "onpair_dh_k6_t256_b8_h4",
        "role": "experimental",
        "stage_bytes": null,
        "chunk_size": 192,
        "decode_ms": 1.716096,
        "decode_gib_s": 542.6984096221106,
        "decode_ns_iters": [
          1722976,
          1719968,
          1718016,
          1719520,
          1716096,
          1718976,
          1716640,
          1718240,
          1721792,
          1719104,
          1719200,
          1719648,
          1719296,
          1719456,
          1719168,
          1719104,
          1719808,
          1718304,
          1718720,
          1718912,
          1721504,
          1719200,
          1718880,
          1719264,
          1724480,
          1718400,
          1719904,
          1718560,
          1718432,
          1719872
        ],
        "chunk_tokens": 192,
        "block_threads": 256,
        "staged_input_bytes": 239371472,
        "applicable": true
      },
      {
        "kernel": "onpair_dh_k7_t64_b1_h2",
        "role": "experimental",
        "stage_bytes": null,
        "chunk_size": 224,
        "decode_ms": 1.827264,
        "decode_gib_s": 509.68145268492435,
        "decode_ns_iters": [
          1831872,
          1828928,
          1830976,
          1829376,
          1829664,
          1828192,
          1829696,
          1829632,
          1831200,
          1830752,
          1829312,
          1830272,
          1829600,
          1829440,
          1829856,
          1828864,
          1832160,
          1830208,
          1831968,
          1829312,
          1831328,
          1829632,
          1829440,
          1830368,
          1829696,
          1829760,
          1834656,
          1830112,
          1829344,
          1827264
        ],
        "chunk_tokens": 224,
        "block_threads": 64,
        "staged_input_bytes": 238676752,
        "applicable": true
      },
      {
        "kernel": "onpair_dh_k7_t64_b1_h3",
        "role": "experimental",
        "stage_bytes": null,
        "chunk_size": 224,
        "decode_ms": 1.839744,
        "decode_gib_s": 506.2240017952854,
        "decode_ns_iters": [
          1842496,
          1841600,
          1842688,
          1843168,
          1842752,
          1842656,
          1841984,
          1842624,
          1842304,
          1841600,
          1839776,
          1841920,
          1842400,
          1849184,
          1841280,
          1842240,
          1840992,
          1842112,
          1841856,
          1843808,
          1842560,
          1840928,
          1843104,
          1841280,
          1842464,
          1841888,
          1839744,
          1842400,
          1841856,
          1841920
        ],
        "chunk_tokens": 224,
        "block_threads": 64,
        "staged_input_bytes": 238676752,
        "applicable": true
      },
      {
        "kernel": "onpair_dh_k7_t64_b1_h4",
        "role": "experimental",
        "stage_bytes": null,
        "chunk_size": 224,
        "decode_ms": 1.79744,
        "decode_gib_s": 518.1383356100151,
        "decode_ns_iters": [
          1810048,
          1809440,
          1808480,
          1807616,
          1808224,
          1806272,
          1807168,
          1809120,
          1806720,
          1806976,
          1814656,
          1806752,
          1808544,
          1805952,
          1807552,
          1808192,
          1810400,
          1809344,
          1800512,
          1797440,
          1810336,
          1808320,
          1808416,
          1810240,
          1809888,
          1810368,
          1809056,
          1807840,
          1810912,
          1815520
        ],
        "chunk_tokens": 224,
        "block_threads": 64,
        "staged_input_bytes": 238676752,
        "applicable": true
      },
      {
        "kernel": "onpair_dh_k7_t64_b2_h2",
        "role": "experimental",
        "stage_bytes": null,
        "chunk_size": 224,
        "decode_ms": 1.82832,
        "decode_gib_s": 509.38707116854033,
        "decode_ns_iters": [
          1832160,
          1832032,
          1841056,
          1831488,
          1831392,
          1829664,
          1831264,
          1830880,
          1831136,
          1830784,
          1831424,
          1829344,
          1830784,
          1830080,
          1837664,
          1829344,
          1830816,
          1831360,
          1833344,
          1830944,
          1832128,
          1829600,
          1831360,
          1830528,
          1831264,
          1829728,
          1831616,
          1828320,
          1829760,
          1829536
        ],
        "chunk_tokens": 224,
        "block_threads": 64,
        "staged_input_bytes": 238676752,
        "applicable": true
      },
      {
        "kernel": "onpair_dh_k7_t64_b2_h3",
        "role": "experimental",
        "stage_bytes": null,
        "chunk_size": 224,
        "decode_ms": 1.840512,
        "decode_gib_s": 506.0127670772403,
        "decode_ns_iters": [
          1848960,
          1843072,
          1841984,
          1840576,
          1842400,
          1840896,
          1844512,
          1844320,
          1842336,
          1841216,
          1841184,
          1841600,
          1842720,
          1843808,
          1840960,
          1847104,
          1843648,
          1841216,
          1841472,
          1841024,
          1841632,
          1841792,
          1843936,
          1842432,
          1840512,
          1841888,
          1841824,
          1842112,
          1842112,
          1849536
        ],
        "chunk_tokens": 224,
        "block_threads": 64,
        "staged_input_bytes": 238676752,
        "applicable": true
      },
      {
        "kernel": "onpair_dh_k7_t64_b2_h4",
        "role": "experimental",
        "stage_bytes": null,
        "chunk_size": 224,
        "decode_ms": 1.80544,
        "decode_gib_s": 515.842437277819,
        "decode_ns_iters": [
          1808800,
          1806656,
          1816896,
          1805440,
          1806208,
          1808480,
          1808128,
          1805536,
          1807072,
          1807136,
          1808224,
          1806976,
          1807360,
          1806496,
          1806368,
          1806240,
          1807232,
          1807712,
          1806880,
          1806592,
          1808704,
          1814112,
          1807296,
          1806912,
          1806912,
          1806816,
          1809472,
          1808640,
          1809408,
          1806976
        ],
        "chunk_tokens": 224,
        "block_threads": 64,
        "staged_input_bytes": 238676752,
        "applicable": true
      },
      {
        "kernel": "onpair_dh_k7_t64_b4_h2",
        "role": "experimental",
        "stage_bytes": null,
        "chunk_size": 224,
        "decode_ms": 1.817184,
        "decode_gib_s": 512.5086782399942,
        "decode_ns_iters": [
          1831296,
          1832416,
          1832224,
          1829440,
          1839968,
          1829824,
          1829760,
          1830432,
          1831200,
          1828768,
          1828832,
          1829856,
          1829664,
          1829472,
          1829728,
          1829856,
          1831840,
          1829536,
          1829440,
          1829696,
          1832512,
          1823392,
          1819392,
          1818560,
          1817184,
          1819008,
          1818784,
          1818144,
          1819904,
          1818016
        ],
        "chunk_tokens": 224,
        "block_threads": 64,
        "staged_input_bytes": 238676752,
        "applicable": true
      },
      {
        "kernel": "onpair_dh_k7_t64_b4_h3",
        "role": "experimental",
        "stage_bytes": null,
        "chunk_size": 224,
        "decode_ms": 1.832832,
        "decode_gib_s": 508.1330803689949,
        "decode_ns_iters": [
          1832832,
          1842432,
          1842400,
          1842048,
          1842368,
          1842048,
          1841696,
          1841856,
          1841728,
          1841440,
          1841376,
          1840224,
          1841056,
          1841536,
          1840064,
          1841120,
          1840320,
          1840768,
          1840672,
          1841536,
          1841216,
          1840800,
          1840800,
          1841664,
          1841792,
          1840608,
          1841664,
          1841920,
          1841248,
          1841120
        ],
        "chunk_tokens": 224,
        "block_threads": 64,
        "staged_input_bytes": 238676752,
        "applicable": true
      },
      {
        "kernel": "onpair_dh_k7_t64_b4_h4",
        "role": "experimental",
        "stage_bytes": null,
        "chunk_size": 224,
        "decode_ms": 1.805888,
        "decode_gib_s": 515.7144684270928,
        "decode_ns_iters": [
          1815488,
          1806304,
          1807904,
          1807776,
          1807776,
          1806368,
          1806976,
          1807296,
          1808480,
          1805888,
          1806368,
          1806272,
          1808672,
          1808768,
          1807712,
          1807200,
          1806336,
          1806688,
          1806528,
          1816896,
          1806912,
          1806336,
          1808000,
          1808384,
          1806080,
          1807104,
          1808256,
          1806976,
          1806272,
          1806688
        ],
        "chunk_tokens": 224,
        "block_threads": 64,
        "staged_input_bytes": 238676752,
        "applicable": true
      },
      {
        "kernel": "onpair_dh_k7_t64_b6_h2",
        "role": "experimental",
        "stage_bytes": null,
        "chunk_size": 224,
        "decode_ms": 1.828672,
        "decode_gib_s": 509.2890195501793,
        "decode_ns_iters": [
          1833312,
          1829536,
          1831136,
          1830784,
          1829760,
          1828864,
          1829120,
          1829120,
          1830784,
          1830144,
          1830784,
          1831168,
          1831520,
          1829792,
          1828992,
          1829344,
          1828672,
          1829600,
          1828704,
          1829056,
          1829408,
          1830304,
          1829312,
          1830048,
          1829952,
          1830112,
          1829152,
          1830272,
          1830272,
          1830720
        ],
        "chunk_tokens": 224,
        "block_threads": 64,
        "staged_input_bytes": 238676752,
        "applicable": true
      },
      {
        "kernel": "onpair_dh_k7_t64_b6_h3",
        "role": "experimental",
        "stage_bytes": null,
        "chunk_size": 224,
        "decode_ms": 1.840096,
        "decode_gib_s": 506.12716399517507,
        "decode_ns_iters": [
          1843904,
          1842080,
          1842272,
          1842432,
          1842432,
          1842272,
          1841216,
          1842208,
          1842112,
          1841216,
          1842208,
          1843936,
          1841088,
          1842144,
          1847040,
          1841728,
          1841088,
          1841440,
          1841568,
          1842048,
          1841056,
          1841888,
          1840096,
          1845120,
          1841408,
          1841088,
          1841728,
          1841344,
          1849344,
          1841920
        ],
        "chunk_tokens": 224,
        "block_threads": 64,
        "staged_input_bytes": 238676752,
        "applicable": true
      },
      {
        "kernel": "onpair_dh_k7_t64_b6_h4",
        "role": "experimental",
        "stage_bytes": null,
        "chunk_size": 224,
        "decode_ms": 1.80576,
        "decode_gib_s": 515.7510244766003,
        "decode_ns_iters": [
          1808448,
          1816288,
          1806208,
          1808544,
          1809504,
          1806944,
          1806208,
          1806624,
          1808288,
          1806848,
          1808768,
          1807712,
          1808192,
          1806592,
          1806432,
          1805760,
          1806336,
          1806624,
          1806688,
          1807648,
          1814176,
          1808736,
          1808608,
          1806656,
          1807264,
          1806208,
          1806784,
          1806976,
          1808352,
          1810304
        ],
        "chunk_tokens": 224,
        "block_threads": 64,
        "staged_input_bytes": 238676752,
        "applicable": true
      },
      {
        "kernel": "onpair_dh_k7_t64_b8_h2",
        "role": "experimental",
        "stage_bytes": null,
        "chunk_size": 224,
        "decode_ms": 1.828608,
        "decode_gib_s": 509.30684430936844,
        "decode_ns_iters": [
          1831552,
          1828608,
          1829024,
          1838560,
          1829824,
          1829056,
          1829216,
          1829120,
          1829344,
          1830560,
          1830816,
          1830752,
          1828832,
          1830720,
          1830624,
          1836896,
          1830528,
          1828768,
          1831584,
          1830592,
          1829728,
          1830688,
          1828992,
          1829216,
          1829984,
          1831008,
          1829312,
          1829216,
          1829408,
          1830752
        ],
        "chunk_tokens": 224,
        "block_threads": 64,
        "staged_input_bytes": 238676752,
        "applicable": true
      },
      {
        "kernel": "onpair_dh_k7_t64_b8_h3",
        "role": "experimental",
        "stage_bytes": null,
        "chunk_size": 224,
        "decode_ms": 1.839264,
        "decode_gib_s": 506.3561130750483,
        "decode_ns_iters": [
          1844384,
          1842560,
          1841312,
          1841760,
          1842784,
          1840192,
          1841152,
          1840000,
          1841600,
          1840896,
          1840928,
          1840928,
          1841664,
          1839808,
          1840864,
          1841120,
          1839264,
          1841440,
          1839328,
          1841280,
          1841984,
          1841408,
          1843040,
          1842112,
          1843136,
          1841120,
          1841184,
          1841376,
          1841408,
          1843424
        ],
        "chunk_tokens": 224,
        "block_threads": 64,
        "staged_input_bytes": 238676752,
        "applicable": true
      },
      {
        "kernel": "onpair_dh_k7_t64_b8_h4",
        "role": "experimental",
        "stage_bytes": null,
        "chunk_size": 224,
        "decode_ms": 1.805696,
        "decode_gib_s": 515.7693044448599,
        "decode_ns_iters": [
          1809472,
          1809792,
          1815520,
          1807200,
          1808224,
          1805696,
          1807904,
          1807360,
          1806784,
          1806464,
          1807168,
          1807936,
          1806368,
          1806720,
          1806656,
          1806592,
          1808512,
          1807232,
          1807520,
          1808448,
          1808608,
          1812544,
          1806592,
          1805760,
          1807712,
          1808672,
          1808032,
          1807520,
          1807712,
          1806752
        ],
        "chunk_tokens": 224,
        "block_threads": 64,
        "staged_input_bytes": 238676752,
        "applicable": true
      },
      {
        "kernel": "onpair_dh_k7_t128_b1_h2",
        "role": "experimental",
        "stage_bytes": null,
        "chunk_size": 224,
        "decode_ms": 1.75968,
        "decode_gib_s": 529.256779618377,
        "decode_ns_iters": [
          1762752,
          1762944,
          1762112,
          1762464,
          1765120,
          1764192,
          1764096,
          1763488,
          1769600,
          1761792,
          1762720,
          1762080,
          1762048,
          1761856,
          1763072,
          1759680,
          1760992,
          1763552,
          1763968,
          1763200,
          1761664,
          1771680,
          1762944,
          1761664,
          1764000,
          1761728,
          1760416,
          1761152,
          1761792,
          1761824
        ],
        "chunk_tokens": 224,
        "block_threads": 128,
        "staged_input_bytes": 238676752,
        "applicable": true
      },
      {
        "kernel": "onpair_dh_k7_t128_b1_h3",
        "role": "experimental",
        "stage_bytes": null,
        "chunk_size": 224,
        "decode_ms": 1.771904,
        "decode_gib_s": 525.6055463269261,
        "decode_ns_iters": [
          1773760,
          1773088,
          1772128,
          1774624,
          1774304,
          1773824,
          1779968,
          1771968,
          1771968,
          1774368,
          1773728,
          1773728,
          1773696,
          1777888,
          1773664,
          1772448,
          1771968,
          1773280,
          1774816,
          1774368,
          1773216,
          1772928,
          1772768,
          1774080,
          1773280,
          1771904,
          1773632,
          1772352,
          1773472,
          1772896
        ],
        "chunk_tokens": 224,
        "block_threads": 128,
        "staged_input_bytes": 238676752,
        "applicable": true
      },
      {
        "kernel": "onpair_dh_k7_t128_b1_h4",
        "role": "experimental",
        "stage_bytes": null,
        "chunk_size": 224,
        "decode_ms": 1.741824,
        "decode_gib_s": 534.6823616845707,
        "decode_ns_iters": [
          1746272,
          1741856,
          1745920,
          1743264,
          1745856,
          1742624,
          1742656,
          1742560,
          1742976,
          1743648,
          1741824,
          1751456,
          1744864,
          1744448,
          1743968,
          1745472,
          1744544,
          1751200,
          1744416,
          1744160,
          1743872,
          1746080,
          1744096,
          1751168,
          1743616,
          1744096,
          1744800,
          1743616,
          1744384,
          1750784
        ],
        "chunk_tokens": 224,
        "block_threads": 128,
        "staged_input_bytes": 238676752,
        "applicable": true
      },
      {
        "kernel": "onpair_dh_k7_t128_b2_h2",
        "role": "experimental",
        "stage_bytes": null,
        "chunk_size": 224,
        "decode_ms": 1.76112,
        "decode_gib_s": 528.824026732344,
        "decode_ns_iters": [
          1769344,
          1763712,
          1761632,
          1761536,
          1761888,
          1761408,
          1762336,
          1761664,
          1762208,
          1763904,
          1761152,
          1761824,
          1761568,
          1763968,
          1761568,
          1762176,
          1761120,
          1763680,
          1762048,
          1762240,
          1767488,
          1762848,
          1763776,
          1763552,
          1761440,
          1762304,
          1762592,
          1763872,
          1763808,
          1763488
        ],
        "chunk_tokens": 224,
        "block_threads": 128,
        "staged_input_bytes": 238676752,
        "applicable": true
      },
      {
        "kernel": "onpair_dh_k7_t128_b2_h3",
        "role": "experimental",
        "stage_bytes": null,
        "chunk_size": 224,
        "decode_ms": 1.771648,
        "decode_gib_s": 525.6814953979942,
        "decode_ns_iters": [
          1774816,
          1773376,
          1773440,
          1773440,
          1773152,
          1773408,
          1773216,
          1771648,
          1774720,
          1773600,
          1773856,
          1773344,
          1779808,
          1773632,
          1773504,
          1773760,
          1773024,
          1772448,
          1774944,
          1779648,
          1774464,
          1772000,
          1773216,
          1773440,
          1773664,
          1773568,
          1772448,
          1771744,
          1773824,
          1772320
        ],
        "chunk_tokens": 224,
        "block_threads": 128,
        "staged_input_bytes": 238676752,
        "applicable": true
      },
      {
        "kernel": "onpair_dh_k7_t128_b2_h4",
        "role": "experimental",
        "stage_bytes": null,
        "chunk_size": 224,
        "decode_ms": 1.741088,
        "decode_gib_s": 534.9083848483624,
        "decode_ns_iters": [
          1744032,
          1743104,
          1743264,
          1743360,
          1743584,
          1743200,
          1743360,
          1743936,
          1743552,
          1745088,
          1744896,
          1745568,
          1745056,
          1743712,
          1744704,
          1743456,
          1743392,
          1741088,
          1742688,
          1744832,
          1743616,
          1742272,
          1743552,
          1743968,
          1743168,
          1743520,
          1742912,
          1743872,
          1743232,
          1743136
        ],
        "chunk_tokens": 224,
        "block_threads": 128,
        "staged_input_bytes": 238676752,
        "applicable": true
      },
      {
        "kernel": "onpair_dh_k7_t128_b4_h2",
        "role": "experimental",
        "stage_bytes": null,
        "chunk_size": 224,
        "decode_ms": 1.760224,
        "decode_gib_s": 529.0932119769221,
        "decode_ns_iters": [
          1765760,
          1761568,
          1761568,
          1761728,
          1771392,
          1762016,
          1761440,
          1763488,
          1763200,
          1761824,
          1761792,
          1762304,
          1760224,
          1761952,
          1763104,
          1761728,
          1761216,
          1761632,
          1761440,
          1761312,
          1763616,
          1763808,
          1761568,
          1761952,
          1768992,
          1762112,
          1761728,
          1761824,
          1762464,
          1761888
        ],
        "chunk_tokens": 224,
        "block_threads": 128,
        "staged_input_bytes": 238676752,
        "applicable": true
      },
      {
        "kernel": "onpair_dh_k7_t128_b4_h3",
        "role": "experimental",
        "stage_bytes": null,
        "chunk_size": 224,
        "decode_ms": 1.771616,
        "decode_gib_s": 525.6909905751955,
        "decode_ns_iters": [
          1773728,
          1775200,
          1782144,
          1771904,
          1771712,
          1773408,
          1775712,
          1771936,
          1773952,
          1780192,
          1776064,
          1771712,
          1773184,
          1773568,
          1771616,
          1772544,
          1774368,
          1773856,
          1773728,
          1773792,
          1773152,
          1773504,
          1774944,
          1772160,
          1772640,
          1771904,
          1772448,
          1771872,
          1773248,
          1773472
        ],
        "chunk_tokens": 224,
        "block_threads": 128,
        "staged_input_bytes": 238676752,
        "applicable": true
      },
      {
        "kernel": "onpair_dh_k7_t128_b4_h4",
        "role": "experimental",
        "stage_bytes": null,
        "chunk_size": 224,
        "decode_ms": 1.740768,
        "decode_gib_s": 535.0067154031241,
        "decode_ns_iters": [
          1744928,
          1744000,
          1743136,
          1744032,
          1742656,
          1742784,
          1742048,
          1742784,
          1741824,
          1743776,
          1743968,
          1741728,
          1742784,
          1743200,
          1743296,
          1742464,
          1744864,
          1742528,
          1740768,
          1741888,
          1742464,
          1742720,
          1742272,
          1742496,
          1742592,
          1749408,
          1743104,
          1742784,
          1742624,
          1742656
        ],
        "chunk_tokens": 224,
        "block_threads": 128,
        "staged_input_bytes": 238676752,
        "applicable": true
      },
      {
        "kernel": "onpair_dh_k7_t128_b6_h2",
        "role": "experimental",
        "stage_bytes": null,
        "chunk_size": 224,
        "decode_ms": 1.759616,
        "decode_gib_s": 529.2760295194324,
        "decode_ns_iters": [
          1763488,
          1763136,
          1770432,
          1762464,
          1761376,
          1761888,
          1761408,
          1762304,
          1759616,
          1762144,
          1763168,
          1761536,
          1761728,
          1762560,
          1762528,
          1761632,
          1761152,
          1761536,
          1761952,
          1761440,
          1763072,
          1762016,
          1761888,
          1761600,
          1762080,
          1761952,
          1762112,
          1761408,
          1760960,
          1767872
        ],
        "chunk_tokens": 224,
        "block_threads": 128,
        "staged_input_bytes": 238676752,
        "applicable": true
      },
      {
        "kernel": "onpair_dh_k7_t128_b6_h3",
        "role": "experimental",
        "stage_bytes": null,
        "chunk_size": 224,
        "decode_ms": 1.771488,
        "decode_gib_s": 525.7289747144015,
        "decode_ns_iters": [
          1780768,
          1773856,
          1772384,
          1772448,
          1772480,
          1771648,
          1774048,
          1779584,
          1774080,
          1772576,
          1772928,
          1773056,
          1774400,
          1774656,
          1771488,
          1772192,
          1773472,
          1772896,
          1773600,
          1773472,
          1775232,
          1772128,
          1772032,
          1773056,
          1773472,
          1772480,
          1771840,
          1773888,
          1774144,
          1772064
        ],
        "chunk_tokens": 224,
        "block_threads": 128,
        "staged_input_bytes": 238676752,
        "applicable": true
      },
      {
        "kernel": "onpair_dh_k7_t128_b6_h4",
        "role": "experimental",
        "stage_bytes": null,
        "chunk_size": 224,
        "decode_ms": 1.741824,
        "decode_gib_s": 534.6823616845707,
        "decode_ns_iters": [
          1747104,
          1746240,
          1743680,
          1742944,
          1743456,
          1743296,
          1743648,
          1742624,
          1744096,
          1743200,
          1743296,
          1744416,
          1743328,
          1742912,
          1743488,
          1741824,
          1743232,
          1742784,
          1743776,
          1743520,
          1743648,
          1744864,
          1742784,
          1743104,
          1743488,
          1743904,
          1743872,
          1743168,
          1743840,
          1743424
        ],
        "chunk_tokens": 224,
        "block_threads": 128,
        "staged_input_bytes": 238676752,
        "applicable": true
      },
      {
        "kernel": "onpair_dh_k7_t128_b8_h2",
        "role": "experimental",
        "stage_bytes": null,
        "chunk_size": 224,
        "decode_ms": 1.759168,
        "decode_gib_s": 529.4108180451586,
        "decode_ns_iters": [
          1769536,
          1762816,
          1761760,
          1761344,
          1761536,
          1761024,
          1759168,
          1763200,
          1761056,
          1761280,
          1761088,
          1763360,
          1761216,
          1763872,
          1762784,
          1761792,
          1761632,
          1762592,
          1761664,
          1761056,
          1768032,
          1763328,
          1763008,
          1763200,
          1762272,
          1760384,
          1761664,
          1760832,
          1763072,
          1760160
        ],
        "chunk_tokens": 224,
        "block_threads": 128,
        "staged_input_bytes": 238676752,
        "applicable": true
      },
      {
        "kernel": "onpair_dh_k7_t128_b8_h3",
        "role": "experimental",
        "stage_bytes": null,
        "chunk_size": 224,
        "decode_ms": 1.770688,
        "decode_gib_s": 525.9665000038774,
        "decode_ns_iters": [
          1775328,
          1773216,
          1773600,
          1773248,
          1773024,
          1781312,
          1772544,
          1772160,
          1771584,
          1772576,
          1775328,
          1773568,
          1781600,
          1773664,
          1771712,
          1772992,
          1773792,
          1770688,
          1773952,
          1774048,
          1773184,
          1774496,
          1772640,
          1772000,
          1771680,
          1771744,
          1770784,
          1774272,
          1770912,
          1771680
        ],
        "chunk_tokens": 224,
        "block_threads": 128,
        "staged_input_bytes": 238676752,
        "applicable": true
      },
      {
        "kernel": "onpair_dh_k7_t128_b8_h4",
        "role": "experimental",
        "stage_bytes": null,
        "chunk_size": 224,
        "decode_ms": 1.7424,
        "decode_gib_s": 534.5056071848403,
        "decode_ns_iters": [
          1744128,
          1744416,
          1743232,
          1743616,
          1743552,
          1744672,
          1744608,
          1743264,
          1742400,
          1744640,
          1747264,
          1743200,
          1743392,
          1744000,
          1744096,
          1744064,
          1744160,
          1743040,
          1744928,
          1744544,
          1744288,
          1742848,
          1744576,
          1742976,
          1743296,
          1742752,
          1744000,
          1743168,
          1745280,
          1745184
        ],
        "chunk_tokens": 224,
        "block_threads": 128,
        "staged_input_bytes": 238676752,
        "applicable": true
      },
      {
        "kernel": "onpair_dh_k7_t256_b1_h0",
        "role": "experimental",
        "stage_bytes": null,
        "chunk_size": 224,
        "decode_ms": 1.659456,
        "decode_gib_s": 561.2216111538152,
        "decode_ns_iters": [
          1661728,
          1665792,
          1672512,
          1666304,
          1665344,
          1663552,
          1668064,
          1665888,
          1662528,
          1665856,
          1663232,
          1661120,
          1664576,
          1662528,
          1666016,
          1667616,
          1663488,
          1665248,
          1668000,
          1669088,
          1669696,
          1666368,
          1659456,
          1669504,
          1665856,
          1663456,
          1660128,
          1666496,
          1662912,
          1662528
        ],
        "chunk_tokens": 224,
        "block_threads": 256,
        "staged_input_bytes": 238676752,
        "applicable": true
      },
      {
        "kernel": "onpair_dh_k7_t256_b1_h2",
        "role": "experimental",
        "stage_bytes": null,
        "chunk_size": 224,
        "decode_ms": 1.636096,
        "decode_gib_s": 569.2346720234422,
        "decode_ns_iters": [
          1647872,
          1639648,
          1641856,
          1637984,
          1641120,
          1641728,
          1638752,
          1638208,
          1638720,
          1639840,
          1641024,
          1641152,
          1636096,
          1640064,
          1641856,
          1643040,
          1641280,
          1642912,
          1640352,
          1643168,
          1639232,
          1639104,
          1640928,
          1642304,
          1641760,
          1642944,
          1637600,
          1637408,
          1640896,
          1639232
        ],
        "chunk_tokens": 224,
        "block_threads": 256,
        "staged_input_bytes": 238676752,
        "applicable": true
      },
      {
        "kernel": "onpair_dh_k7_t256_b1_h3",
        "role": "experimental",
        "stage_bytes": null,
        "chunk_size": 224,
        "decode_ms": 1.614976,
        "decode_gib_s": 576.6788917970705,
        "decode_ns_iters": [
          1616256,
          1617856,
          1618816,
          1616800,
          1614976,
          1617824,
          1618944,
          1619264,
          1617664,
          1617344,
          1630688,
          1628384,
          1630336,
          1631328,
          1630208,
          1630016,
          1615616,
          1631072,
          1631456,
          1630976,
          1630368,
          1631072,
          1629664,
          1627808,
          1629984,
          1629088,
          1629408,
          1628960,
          1629856,
          1628992
        ],
        "chunk_tokens": 224,
        "block_threads": 256,
        "staged_input_bytes": 238676752,
        "applicable": true
      },
      {
        "kernel": "onpair_dh_k7_t256_b1_h4",
        "role": "experimental",
        "stage_bytes": null,
        "chunk_size": 224,
        "decode_ms": 1.57744,
        "decode_gib_s": 590.4012640473587,
        "decode_ns_iters": [
          1582176,
          1581216,
          1579712,
          1582592,
          1578784,
          1581376,
          1578912,
          1579424,
          1578336,
          1581408,
          1579936,
          1580768,
          1583072,
          1584032,
          1581792,
          1579040,
          1577440,
          1583136,
          1579808,
          1581536,
          1580480,
          1585216,
          1578880,
          1582880,
          1580672,
          1583840,
          1580256,
          1583872,
          1582848,
          1585536
        ],
        "chunk_tokens": 224,
        "block_threads": 256,
        "staged_input_bytes": 238676752,
        "applicable": true
      },
      {
        "kernel": "onpair_dh_k7_t256_b2_h2",
        "role": "experimental",
        "stage_bytes": null,
        "chunk_size": 224,
        "decode_ms": 1.63728,
        "decode_gib_s": 568.8230296338229,
        "decode_ns_iters": [
          1641248,
          1643776,
          1647072,
          1642272,
          1641824,
          1640000,
          1640544,
          1637280,
          1639232,
          1638144,
          1640064,
          1638880,
          1638240,
          1648640,
          1639136,
          1641088,
          1641056,
          1638176,
          1643584,
          1639840,
          1641760,
          1642080,
          1643744,
          1644288,
          1643776,
          1640064,
          1642528,
          1641344,
          1638656,
          1640704
        ],
        "chunk_tokens": 224,
        "block_threads": 256,
        "staged_input_bytes": 238676752,
        "applicable": true
      },
      {
        "kernel": "onpair_dh_k7_t256_b2_h3",
        "role": "experimental",
        "stage_bytes": null,
        "chunk_size": 224,
        "decode_ms": 1.624992,
        "decode_gib_s": 573.1244030486707,
        "decode_ns_iters": [
          1631200,
          1633760,
          1631360,
          1629536,
          1629696,
          1628064,
          1627520,
          1627296,
          1628416,
          1627040,
          1626336,
          1630304,
          1628224,
          1625152,
          1625440,
          1630848,
          1627008,
          1626624,
          1630272,
          1627360,
          1624992,
          1627808,
          1628320,
          1628256,
          1627264,
          1631712,
          1627712,
          1629312,
          1628000,
          1626240
        ],
        "chunk_tokens": 224,
        "block_threads": 256,
        "staged_input_bytes": 238676752,
        "applicable": true
      },
      {
        "kernel": "onpair_dh_k7_t256_b2_h4",
        "role": "experimental",
        "stage_bytes": null,
        "chunk_size": 224,
        "decode_ms": 1.577312,
        "decode_gib_s": 590.449175533354,
        "decode_ns_iters": [
          1581152,
          1579776,
          1583104,
          1581312,
          1579232,
          1582016,
          1581248,
          1581216,
          1577312,
          1583872,
          1582304,
          1583424,
          1581728,
          1580992,
          1580064,
          1581568,
          1579680,
          1583328,
          1582624,
          1584320,
          1582688,
          1581312,
          1583808,
          1582816,
          1578656,
          1582016,
          1581088,
          1580480,
          1580576,
          1581248
        ],
        "chunk_tokens": 224,
        "block_threads": 256,
        "staged_input_bytes": 238676752,
        "applicable": true
      },
      {
        "kernel": "onpair_dh_k7_t256_b4_h0",
        "role": "experimental",
        "stage_bytes": null,
        "chunk_size": 224,
        "decode_ms": 1.655776,
        "decode_gib_s": 562.4689390103889,
        "decode_ns_iters": [
          1670176,
          1664608,
          1663424,
          1662720,
          1663264,
          1666016,
          1663616,
          1657984,
          1664576,
          1665664,
          1665216,
          1665888,
          1662240,
          1668256,
          1663872,
          1664096,
          1664928,
          1663584,
          1668320,
          1660256,
          1666592,
          1663424,
          1663136,
          1664480,
          1668288,
          1661760,
          1665088,
          1667680,
          1655776,
          1661408
        ],
        "chunk_tokens": 224,
        "block_threads": 256,
        "staged_input_bytes": 238676752,
        "applicable": true
      },
      {
        "kernel": "onpair_dh_k7_t256_b4_h2",
        "role": "experimental",
        "stage_bytes": null,
        "chunk_size": 224,
        "decode_ms": 1.627712,
        "decode_gib_s": 572.1666793381542,
        "decode_ns_iters": [
          1653952,
          1638112,
          1642272,
          1641216,
          1639552,
          1635680,
          1637952,
          1638976,
          1640608,
          1644160,
          1637696,
          1646816,
          1627744,
          1627712,
          1628416,
          1629056,
          1641440,
          1639008,
          1646816,
          1636128,
          1638272,
          1638592,
          1637472,
          1638208,
          1639968,
          1640064,
          1642336,
          1640416,
          1641568,
          1643840
        ],
        "chunk_tokens": 224,
        "block_threads": 256,
        "staged_input_bytes": 238676752,
        "applicable": true
      },
      {
        "kernel": "onpair_dh_k7_t256_b4_h3",
        "role": "experimental",
        "stage_bytes": null,
        "chunk_size": 224,
        "decode_ms": 1.625824,
        "decode_gib_s": 572.8311120753942,
        "decode_ns_iters": [
          1630816,
          1631488,
          1630560,
          1627744,
          1630432,
          1627584,
          1628928,
          1628800,
          1629088,
          1625824,
          1628672,
          1629728,
          1630912,
          1628480,
          1626336,
          1628800,
          1627552,
          1629216,
          1629696,
          1627904,
          1630720,
          1628000,
          1626624,
          1626240,
          1627456,
          1629696,
          1630624,
          1629760,
          1629408,
          1631104
        ],
        "chunk_tokens": 224,
        "block_threads": 256,
        "staged_input_bytes": 238676752,
        "applicable": true
      },
      {
        "kernel": "onpair_dh_k7_t256_b4_h4",
        "role": "experimental",
        "stage_bytes": null,
        "chunk_size": 224,
        "decode_ms": 1.56752,
        "decode_gib_s": 594.1375994940196,
        "decode_ns_iters": [
          1581824,
          1584512,
          1582816,
          1579840,
          1581376,
          1584768,
          1582976,
          1582784,
          1580384,
          1583072,
          1581056,
          1579744,
          1584640,
          1580416,
          1579648,
          1581728,
          1581696,
          1582880,
          1583232,
          1583872,
          1579616,
          1578336,
          1582432,
          1569056,
          1571040,
          1571232,
          1573056,
          1567520,
          1570336,
          1570592
        ],
        "chunk_tokens": 224,
        "block_threads": 256,
        "staged_input_bytes": 238676752,
        "applicable": true
      },
      {
        "kernel": "onpair_dh_k7_t256_b6_h2",
        "role": "experimental",
        "stage_bytes": null,
        "chunk_size": 224,
        "decode_ms": 1.5736,
        "decode_gib_s": 591.8419992112771,
        "decode_ns_iters": [
          1586048,
          1584800,
          1585088,
          1578368,
          1583168,
          1578720,
          1582112,
          1582080,
          1585152,
          1590656,
          1591520,
          1574624,
          1583808,
          1591136,
          1590432,
          1582656,
          1582432,
          1581920,
          1584128,
          1584512,
          1576800,
          1581696,
          1589952,
          1593536,
          1574464,
          1588736,
          1581280,
          1573600,
          1591872,
          1584224
        ],
        "chunk_tokens": 224,
        "block_threads": 256,
        "staged_input_bytes": 238676752,
        "applicable": true
      },
      {
        "kernel": "onpair_dh_k7_t256_b6_h3",
        "role": "experimental",
        "stage_bytes": null,
        "chunk_size": 224,
        "decode_ms": 1.655456,
        "decode_gib_s": 562.5776643769847,
        "decode_ns_iters": [
          1697216,
          1688512,
          1665248,
          1693216,
          1670464,
          1695648,
          1665216,
          1663648,
          1669248,
          1666496,
          1668800,
          1655456,
          1664864,
          1670304,
          1666688,
          1687456,
          1661600,
          1679840,
          1670592,
          1666144,
          1679936,
          1667872,
          1681152,
          1678016,
          1677888,
          1667840,
          1662784,
          1674464,
          1663968,
          1663904
        ],
        "chunk_tokens": 224,
        "block_threads": 256,
        "staged_input_bytes": 238676752,
        "applicable": true
      },
      {
        "kernel": "onpair_dh_k7_t256_b6_h4",
        "role": "experimental",
        "stage_bytes": null,
        "chunk_size": 224,
        "decode_ms": 1.754176,
        "decode_gib_s": 530.9174050715924,
        "decode_ns_iters": [
          1767072,
          1782496,
          1777952,
          1755360,
          1768672,
          1780320,
          1766976,
          1770496,
          1763872,
          1770112,
          1773088,
          1777120,
          1771968,
          1782880,
          1776064,
          1769280,
          1765376,
          1763232,
          1766688,
          1767584,
          1769056,
          1766240,
          1771552,
          1769664,
          1774208,
          1773760,
          1776832,
          1754176,
          1756992,
          1769600
        ],
        "chunk_tokens": 224,
        "block_threads": 256,
        "staged_input_bytes": 238676752,
        "applicable": true
      },
      {
        "kernel": "onpair_dh_k7_t256_b8_h0",
        "role": "experimental",
        "stage_bytes": null,
        "chunk_size": 224,
        "decode_ms": 1.751968,
        "decode_gib_s": 531.586518680059,
        "decode_ns_iters": [
          1760736,
          1771424,
          1762944,
          1767776,
          1764576,
          1760512,
          1763136,
          1757888,
          1751968,
          1752064,
          1765472,
          1770208,
          1764096,
          1755552,
          1772864,
          1769760,
          1762624,
          1770272,
          1774048,
          1757312,
          1767424,
          1769600,
          1758048,
          1756800,
          1753440,
          1762336,
          1764576,
          1755456,
          1775008,
          1766720
        ],
        "chunk_tokens": 224,
        "block_threads": 256,
        "staged_input_bytes": 238676752,
        "applicable": true
      },
      {
        "kernel": "onpair_dh_k7_t256_b8_h2",
        "role": "experimental",
        "stage_bytes": null,
        "chunk_size": 224,
        "decode_ms": 1.720256,
        "decode_gib_s": 541.3860320550345,
        "decode_ns_iters": [
          1728832,
          1727968,
          1734976,
          1740000,
          1725792,
          1725856,
          1735232,
          1728800,
          1743616,
          1736736,
          1750880,
          1731776,
          1720256,
          1746912,
          1737056,
          1752192,
          1737600,
          1729120,
          1737888,
          1737824,
          1746880,
          1729952,
          1755872,
          1736832,
          1732096,
          1737728,
          1745920,
          1744160,
          1738016,
          1727424
        ],
        "chunk_tokens": 224,
        "block_threads": 256,
        "staged_input_bytes": 238676752,
        "applicable": true
      },
      {
        "kernel": "onpair_dh_k7_t256_b8_h3",
        "role": "experimental",
        "stage_bytes": null,
        "chunk_size": 224,
        "decode_ms": 1.72736,
        "decode_gib_s": 539.1595092851899,
        "decode_ns_iters": [
          1739808,
          1741472,
          1748736,
          1735296,
          1736576,
          1749536,
          1736768,
          1739264,
          1738304,
          1743552,
          1756480,
          1757728,
          1744704,
          1738624,
          1754848,
          1736288,
          1736576,
          1733664,
          1741376,
          1751040,
          1749280,
          1735584,
          1743488,
          1742272,
          1746368,
          1737344,
          1739008,
          1747936,
          1727360,
          1737920
        ],
        "chunk_tokens": 224,
        "block_threads": 256,
        "staged_input_bytes": 238676752,
        "applicable": true
      },
      {
        "kernel": "onpair_dh_k7_t256_b8_h4",
        "role": "experimental",
        "stage_bytes": null,
        "chunk_size": 224,
        "decode_ms": 1.714752,
        "decode_gib_s": 543.1237694773737,
        "decode_ns_iters": [
          1718464,
          1730752,
          1715392,
          1721824,
          1717984,
          1719552,
          1717152,
          1720832,
          1717440,
          1717600,
          1729664,
          1729024,
          1718880,
          1725472,
          1726912,
          1721984,
          1722880,
          1716032,
          1719328,
          1725536,
          1714752,
          1723456,
          1716160,
          1722336,
          1724448,
          1723296,
          1718464,
          1721088,
          1726784,
          1718464
        ],
        "chunk_tokens": 224,
        "block_threads": 256,
        "staged_input_bytes": 238676752,
        "applicable": true
      },
      {
        "kernel": "onpair_dh_k8_t64_b1_h2",
        "role": "experimental",
        "stage_bytes": null,
        "chunk_size": 256,
        "decode_ms": 1.857504,
        "decode_gib_s": 501.3838839425733,
        "decode_ns_iters": [
          1858592,
          1857504,
          1859008,
          1863040,
          1862432,
          1860544,
          1861024,
          1862880,
          1862624,
          1871008,
          1862368,
          1858336,
          1863392,
          1860448,
          1858400,
          1860288,
          1860192,
          1860640,
          1860864,
          1861184,
          1860928,
          1864256,
          1858496,
          1863424,
          1862368,
          1858912,
          1860672,
          1861856,
          1862976,
          1869056
        ],
        "chunk_tokens": 256,
        "block_threads": 64,
        "staged_input_bytes": 238155712,
        "applicable": true
      },
      {
        "kernel": "onpair_dh_k8_t64_b1_h3",
        "role": "experimental",
        "stage_bytes": null,
        "chunk_size": 256,
        "decode_ms": 1.842752,
        "decode_gib_s": 505.39767150374314,
        "decode_ns_iters": [
          1858560,
          1855584,
          1855264,
          1856288,
          1857440,
          1856704,
          1864224,
          1855040,
          1856768,
          1858176,
          1859392,
          1855008,
          1855776,
          1859168,
          1857248,
          1858656,
          1857184,
          1856224,
          1854624,
          1842752,
          1845344,
          1857632,
          1854848,
          1861280,
          1851936,
          1856096,
          1856832,
          1858528,
          1856736,
          1856352
        ],
        "chunk_tokens": 256,
        "block_threads": 64,
        "staged_input_bytes": 238155712,
        "applicable": true
      },
      {
        "kernel": "onpair_dh_k8_t64_b1_h4",
        "role": "experimental",
        "stage_bytes": null,
        "chunk_size": 256,
        "decode_ms": 1.898976,
        "decode_gib_s": 490.43409182573436,
        "decode_ns_iters": [
          1898976,
          1911072,
          1908288,
          1912928,
          1909216,
          1911360,
          1904480,
          1906048,
          1913696,
          1913888,
          1912096,
          1906016,
          1910304,
          1914432,
          1905792,
          1909472,
          1906976,
          1910528,
          1905696,
          1908608,
          1910688,
          1912960,
          1910848,
          1909440,
          1917952,
          1914272,
          1911456,
          1908000,
          1914720,
          1910944
        ],
        "chunk_tokens": 256,
        "block_threads": 64,
        "staged_input_bytes": 238155712,
        "applicable": true
      },
      {
        "kernel": "onpair_dh_k8_t64_b2_h2",
        "role": "experimental",
        "stage_bytes": null,
        "chunk_size": 256,
        "decode_ms": 1.856352,
        "decode_gib_s": 501.6950287223898,
        "decode_ns_iters": [
          1861184,
          1857152,
          1862560,
          1862240,
          1857536,
          1863040,
          1861344,
          1861952,
          1872128,
          1859520,
          1860608,
          1858496,
          1857376,
          1861728,
          1861056,
          1863168,
          1864160,
          1859840,
          1860000,
          1862592,
          1859424,
          1862304,
          1860512,
          1856352,
          1861248,
          1859904,
          1861792,
          1861056,
          1867840,
          1860672
        ],
        "chunk_tokens": 256,
        "block_threads": 64,
        "staged_input_bytes": 238155712,
        "applicable": true
      },
      {
        "kernel": "onpair_dh_k8_t64_b2_h3",
        "role": "experimental",
        "stage_bytes": null,
        "chunk_size": 256,
        "decode_ms": 1.852768,
        "decode_gib_s": 502.66550909712697,
        "decode_ns_iters": [
          1858080,
          1855968,
          1856064,
          1855104,
          1857152,
          1857664,
          1856576,
          1857216,
          1864224,
          1857600,
          1857472,
          1857568,
          1852768,
          1856768,
          1859072,
          1857856,
          1856064,
          1858144,
          1857920,
          1857728,
          1856032,
          1858336,
          1858336,
          1857632,
          1856448,
          1856768,
          1858176,
          1863392,
          1857184,
          1855008
        ],
        "chunk_tokens": 256,
        "block_threads": 64,
        "staged_input_bytes": 238155712,
        "applicable": true
      },
      {
        "kernel": "onpair_dh_k8_t64_b2_h4",
        "role": "experimental",
        "stage_bytes": null,
        "chunk_size": 256,
        "decode_ms": 1.904384,
        "decode_gib_s": 489.0413750372118,
        "decode_ns_iters": [
          1914336,
          1912352,
          1912032,
          1912928,
          1912352,
          1906816,
          1909376,
          1909632,
          1910368,
          1910720,
          1912544,
          1904832,
          1907232,
          1912128,
          1912704,
          1908736,
          1911200,
          1910624,
          1908320,
          1912832,
          1913664,
          1913120,
          1911424,
          1913248,
          1912032,
          1914912,
          1911712,
          1904384,
          1908928,
          1912256
        ],
        "chunk_tokens": 256,
        "block_threads": 64,
        "staged_input_bytes": 238155712,
        "applicable": true
      },
      {
        "kernel": "onpair_dh_k8_t64_b4_h2",
        "role": "experimental",
        "stage_bytes": null,
        "chunk_size": 256,
        "decode_ms": 1.854144,
        "decode_gib_s": 502.292470249811,
        "decode_ns_iters": [
          1862560,
          1860864,
          1862400,
          1861824,
          1860160,
          1854144,
          1857856,
          1861632,
          1858272,
          1859104,
          1859520,
          1860992,
          1869440,
          1855456,
          1862528,
          1863104,
          1857376,
          1858720,
          1861536,
          1860992,
          1859776,
          1857280,
          1857344,
          1859136,
          1856288,
          1861984,
          1862784,
          1862464,
          1863328,
          1858976
        ],
        "chunk_tokens": 256,
        "block_threads": 64,
        "staged_input_bytes": 238155712,
        "applicable": true
      },
      {
        "kernel": "onpair_dh_k8_t64_b4_h3",
        "role": "experimental",
        "stage_bytes": null,
        "chunk_size": 256,
        "decode_ms": 1.851136,
        "decode_gib_s": 503.10866946505587,
        "decode_ns_iters": [
          1856032,
          1857312,
          1860192,
          1857472,
          1859424,
          1856224,
          1857632,
          1854400,
          1863296,
          1858144,
          1858432,
          1857344,
          1859552,
          1859456,
          1857152,
          1853760,
          1855296,
          1855552,
          1855360,
          1854400,
          1853408,
          1858272,
          1854912,
          1851136,
          1853600,
          1856768,
          1860960,
          1856064,
          1853664,
          1856384
        ],
        "chunk_tokens": 256,
        "block_threads": 64,
        "staged_input_bytes": 238155712,
        "applicable": true
      },
      {
        "kernel": "onpair_dh_k8_t64_b4_h4",
        "role": "experimental",
        "stage_bytes": null,
        "chunk_size": 256,
        "decode_ms": 1.898368,
        "decode_gib_s": 490.59116565326934,
        "decode_ns_iters": [
          1908928,
          1908832,
          1908704,
          1909664,
          1899840,
          1914080,
          1910240,
          1908352,
          1906880,
          1911904,
          1913024,
          1903584,
          1912224,
          1913152,
          1909312,
          1910976,
          1915232,
          1908352,
          1911296,
          1906432,
          1916320,
          1907744,
          1909824,
          1911936,
          1909472,
          1898368,
          1912512,
          1904704,
          1912768,
          1911744
        ],
        "chunk_tokens": 256,
        "block_threads": 64,
        "staged_input_bytes": 238155712,
        "applicable": true
      },
      {
        "kernel": "onpair_dh_k8_t64_b6_h2",
        "role": "experimental",
        "stage_bytes": null,
        "chunk_size": 256,
        "decode_ms": 1.855584,
        "decode_gib_s": 501.9026732063144,
        "decode_ns_iters": [
          1858848,
          1863872,
          1859072,
          1860160,
          1860576,
          1861408,
          1857920,
          1860896,
          1863328,
          1875168,
          1867072,
          1858976,
          1857888,
          1860960,
          1859584,
          1858816,
          1861568,
          1858880,
          1860160,
          1862560,
          1865792,
          1857824,
          1855584,
          1862016,
          1860832,
          1863904,
          1860192,
          1857760,
          1858336,
          1868832
        ],
        "chunk_tokens": 256,
        "block_threads": 64,
        "staged_input_bytes": 238155712,
        "applicable": true
      },
      {
        "kernel": "onpair_dh_k8_t64_b6_h3",
        "role": "experimental",
        "stage_bytes": null,
        "chunk_size": 256,
        "decode_ms": 1.853856,
        "decode_gib_s": 502.3705023253509,
        "decode_ns_iters": [
          1856896,
          1854336,
          1860160,
          1857408,
          1858656,
          1858016,
          1865536,
          1854592,
          1858176,
          1856576,
          1856320,
          1858880,
          1857664,
          1860160,
          1855200,
          1856832,
          1857472,
          1860576,
          1858752,
          1856192,
          1853856,
          1856480,
          1858272,
          1856512,
          1861664,
          1855040,
          1855872,
          1857120,
          1853856,
          1855584
        ],
        "chunk_tokens": 256,
        "block_threads": 64,
        "staged_input_bytes": 238155712,
        "applicable": true
      },
      {
        "kernel": "onpair_dh_k8_t64_b6_h4",
        "role": "experimental",
        "stage_bytes": null,
        "chunk_size": 256,
        "decode_ms": 1.906752,
        "decode_gib_s": 488.43403335036,
        "decode_ns_iters": [
          1909664,
          1914144,
          1912480,
          1907712,
          1912096,
          1909792,
          1909568,
          1906880,
          1911008,
          1907520,
          1907168,
          1911360,
          1911200,
          1913600,
          1913600,
          1912960,
          1910144,
          1911264,
          1906752,
          1911104,
          1914560,
          1915776,
          1910144,
          1915584,
          1913280,
          1908800,
          1909632,
          1911328,
          1908064,
          1911008
        ],
        "chunk_tokens": 256,
        "block_threads": 64,
        "staged_input_bytes": 238155712,
        "applicable": true
      },
      {
        "kernel": "onpair_dh_k8_t64_b8_h2",
        "role": "experimental",
        "stage_bytes": null,
        "chunk_size": 256,
        "decode_ms": 1.85696,
        "decode_gib_s": 501.5307653147433,
        "decode_ns_iters": [
          1861152,
          1861216,
          1861056,
          1858688,
          1859552,
          1857888,
          1860800,
          1861280,
          1867296,
          1861440,
          1862176,
          1859808,
          1856960,
          1860896,
          1857632,
          1859104,
          1860608,
          1860480,
          1861696,
          1859904,
          1861504,
          1859744,
          1858464,
          1862304,
          1858464,
          1860320,
          1861856,
          1869888,
          1861728,
          1860608
        ],
        "chunk_tokens": 256,
        "block_threads": 64,
        "staged_input_bytes": 238155712,
        "applicable": true
      },
      {
        "kernel": "onpair_dh_k8_t64_b8_h3",
        "role": "experimental",
        "stage_bytes": null,
        "chunk_size": 256,
        "decode_ms": 1.852512,
        "decode_gib_s": 502.7349728146785,
        "decode_ns_iters": [
          1858784,
          1857472,
          1857728,
          1856832,
          1862016,
          1854592,
          1853792,
          1855264,
          1853440,
          1856032,
          1855008,
          1856864,
          1857536,
          1857600,
          1853568,
          1857536,
          1857152,
          1860064,
          1853888,
          1852512,
          1856064,
          1856256,
          1861408,
          1855392,
          1854144,
          1857728,
          1855936,
          1858240,
          1856480,
          1856288
        ],
        "chunk_tokens": 256,
        "block_threads": 64,
        "staged_input_bytes": 238155712,
        "applicable": true
      },
      {
        "kernel": "onpair_dh_k8_t64_b8_h4",
        "role": "experimental",
        "stage_bytes": null,
        "chunk_size": 256,
        "decode_ms": 1.9024,
        "decode_gib_s": 489.5513929556695,
        "decode_ns_iters": [
          1910976,
          1912736,
          1914976,
          1910496,
          1912704,
          1906720,
          1911680,
          1911264,
          1907872,
          1907616,
          1911616,
          1902400,
          1908288,
          1910688,
          1906368,
          1912640,
          1911520,
          1908608,
          1909152,
          1911040,
          1907296,
          1910208,
          1910592,
          1908000,
          1904416,
          1912224,
          1911296,
          1906848,
          1908192,
          1906720
        ],
        "chunk_tokens": 256,
        "block_threads": 64,
        "staged_input_bytes": 238155712,
        "applicable": true
      },
      {
        "kernel": "onpair_dh_k8_t128_b1_h2",
        "role": "experimental",
        "stage_bytes": null,
        "chunk_size": 256,
        "decode_ms": 1.808064,
        "decode_gib_s": 515.0938074973374,
        "decode_ns_iters": [
          1818784,
          1809824,
          1827168,
          1812736,
          1818912,
          1816032,
          1818912,
          1819520,
          1813248,
          1809760,
          1826112,
          1814240,
          1819296,
          1819520,
          1818816,
          1817600,
          1817312,
          1816256,
          1815552,
          1818944,
          1815008,
          1815104,
          1810912,
          1811296,
          1823616,
          1816992,
          1813952,
          1815392,
          1813376,
          1808064
        ],
        "chunk_tokens": 256,
        "block_threads": 128,
        "staged_input_bytes": 238155712,
        "applicable": true
      },
      {
        "kernel": "onpair_dh_k8_t128_b1_h3",
        "role": "experimental",
        "stage_bytes": null,
        "chunk_size": 256,
        "decode_ms": 1.797312,
        "decode_gib_s": 518.1752361075125,
        "decode_ns_iters": [
          1803136,
          1801696,
          1802240,
          1800640,
          1798912,
          1799424,
          1803168,
          1798400,
          1799584,
          1801792,
          1803200,
          1799232,
          1800864,
          1802112,
          1799136,
          1799456,
          1798528,
          1802144,
          1799456,
          1799424,
          1797632,
          1801632,
          1798720,
          1798848,
          1797312,
          1799008,
          1799200,
          1802240,
          1798432,
          1801632
        ],
        "chunk_tokens": 256,
        "block_threads": 128,
        "staged_input_bytes": 238155712,
        "applicable": true
      },
      {
        "kernel": "onpair_dh_k8_t128_b1_h4",
        "role": "experimental",
        "stage_bytes": null,
        "chunk_size": 256,
        "decode_ms": 1.849472,
        "decode_gib_s": 503.56132450713807,
        "decode_ns_iters": [
          1868032,
          1863840,
          1865952,
          1862048,
          1876992,
          1856128,
          1854176,
          1854816,
          1852992,
          1858176,
          1863936,
          1849472,
          1850848,
          1850528,
          1855872,
          1963104,
          1862080,
          1863456,
          1864192,
          1862208,
          1858304,
          1861600,
          1864384,
          1862528,
          1861696,
          1863648,
          1859104,
          1865408,
          1864128,
          1863328
        ],
        "chunk_tokens": 256,
        "block_threads": 128,
        "staged_input_bytes": 238155712,
        "applicable": true
      },
      {
        "kernel": "onpair_dh_k8_t128_b2_h2",
        "role": "experimental",
        "stage_bytes": null,
        "chunk_size": 256,
        "decode_ms": 1.804032,
        "decode_gib_s": 516.2450388678614,
        "decode_ns_iters": [
          1819008,
          1811520,
          1812832,
          1813952,
          1810048,
          1804032,
          1811168,
          1817568,
          1815584,
          1818688,
          1815456,
          1812768,
          1815456,
          1813024,
          1822208,
          1808096,
          1815040,
          1814336,
          1810016,
          1812832,
          1812160,
          1805600,
          1811584,
          1815424,
          1822496,
          1820192,
          1818240,
          1819136,
          1820320,
          1816416
        ],
        "chunk_tokens": 256,
        "block_threads": 128,
        "staged_input_bytes": 238155712,
        "applicable": true
      },
      {
        "kernel": "onpair_dh_k8_t128_b2_h3",
        "role": "experimental",
        "stage_bytes": null,
        "chunk_size": 256,
        "decode_ms": 1.784832,
        "decode_gib_s": 521.7984493548221,
        "decode_ns_iters": [
          1787808,
          1786848,
          1791744,
          1792320,
          1797504,
          1800960,
          1797856,
          1796704,
          1802560,
          1801728,
          1802720,
          1796576,
          1798880,
          1800384,
          1806880,
          1795616,
          1799296,
          1799840,
          1800480,
          1801088,
          1790240,
          1784832,
          1806944,
          1798080,
          1798432,
          1789920,
          1788704,
          1787776,
          1786144,
          1785440
        ],
        "chunk_tokens": 256,
        "block_threads": 128,
        "staged_input_bytes": 238155712,
        "applicable": true
      },
      {
        "kernel": "onpair_dh_k8_t128_b2_h4",
        "role": "experimental",
        "stage_bytes": null,
        "chunk_size": 256,
        "decode_ms": 1.849792,
        "decode_gib_s": 503.47421221351675,
        "decode_ns_iters": [
          1863968,
          1863840,
          1864352,
          1866432,
          1860960,
          1865344,
          1875520,
          1862848,
          1864576,
          1861888,
          1868384,
          1862272,
          1861376,
          1868416,
          1859840,
          1865440,
          1865504,
          1863104,
          1868000,
          1853632,
          1849792,
          1862912,
          1866176,
          1862592,
          1864800,
          1861472,
          1861024,
          1864704,
          1865664,
          1858912
        ],
        "chunk_tokens": 256,
        "block_threads": 128,
        "staged_input_bytes": 238155712,
        "applicable": true
      },
      {
        "kernel": "onpair_dh_k8_t128_b4_h2",
        "role": "experimental",
        "stage_bytes": null,
        "chunk_size": 256,
        "decode_ms": 1.801984,
        "decode_gib_s": 516.8317642991645,
        "decode_ns_iters": [
          1820704,
          1811936,
          1804032,
          1801984,
          1802208,
          1811392,
          1816320,
          1812384,
          1807776,
          1818272,
          1815904,
          1812832,
          1812256,
          1818912,
          1819456,
          1813312,
          1822432,
          1810208,
          1812384,
          1817184,
          1820192,
          1814400,
          1806528,
          1817408,
          1810208,
          1815456,
          1816384,
          1818304,
          1818048,
          1812576
        ],
        "chunk_tokens": 256,
        "block_threads": 128,
        "staged_input_bytes": 238155712,
        "applicable": true
      },
      {
        "kernel": "onpair_dh_k8_t128_b4_h3",
        "role": "experimental",
        "stage_bytes": null,
        "chunk_size": 256,
        "decode_ms": 1.795264,
        "decode_gib_s": 518.7663596879711,
        "decode_ns_iters": [
          1798016,
          1795264,
          1798144,
          1797056,
          1801088,
          1808576,
          1797568,
          1799360,
          1800704,
          1800096,
          1799136,
          1800768,
          1798496,
          1806656,
          1800000,
          1803648,
          1800864,
          1800000,
          1803072,
          1800288,
          1801664,
          1808672,
          1803328,
          1801248,
          1800992,
          1802688,
          1797472,
          1801248,
          1801120,
          1806720
        ],
        "chunk_tokens": 256,
        "block_threads": 128,
        "staged_input_bytes": 238155712,
        "applicable": true
      },
      {
        "kernel": "onpair_dh_k8_t128_b4_h4",
        "role": "experimental",
        "stage_bytes": null,
        "chunk_size": 256,
        "decode_ms": 1.861888,
        "decode_gib_s": 500.20332584928076,
        "decode_ns_iters": [
          1867968,
          1866976,
          1865152,
          1871104,
          1866208,
          1861888,
          1866944,
          1869504,
          1867008,
          1868576,
          1866688,
          1864832,
          1869376,
          1862496,
          1866592,
          1867680,
          1862304,
          1864352,
          1867200,
          1863968,
          1872288,
          1870528,
          1864032,
          1865920,
          1864736,
          1866912,
          1865408,
          1864064,
          1868800,
          1862368
        ],
        "chunk_tokens": 256,
        "block_threads": 128,
        "staged_input_bytes": 238155712,
        "applicable": true
      },
      {
        "kernel": "onpair_dh_k8_t128_b6_h2",
        "role": "experimental",
        "stage_bytes": null,
        "chunk_size": 256,
        "decode_ms": 1.807424,
        "decode_gib_s": 515.2761996957358,
        "decode_ns_iters": [
          1813056,
          1812608,
          1815136,
          1817696,
          1814912,
          1819008,
          1820224,
          1819520,
          1819744,
          1815872,
          1810624,
          1817408,
          1811936,
          1815200,
          1818176,
          1822464,
          1817152,
          1811232,
          1815488,
          1810528,
          1815840,
          1820800,
          1817056,
          1817952,
          1817248,
          1816448,
          1808640,
          1817728,
          1821728,
          1807424
        ],
        "chunk_tokens": 256,
        "block_threads": 128,
        "staged_input_bytes": 238155712,
        "applicable": true
      },
      {
        "kernel": "onpair_dh_k8_t128_b6_h3",
        "role": "experimental",
        "stage_bytes": null,
        "chunk_size": 256,
        "decode_ms": 1.782336,
        "decode_gib_s": 522.5291807823361,
        "decode_ns_iters": [
          1804736,
          1800352,
          1798944,
          1806368,
          1803520,
          1798912,
          1799776,
          1798784,
          1791136,
          1787136,
          1789376,
          1787040,
          1784096,
          1782336,
          1791520,
          1788704,
          1789184,
          1785344,
          1798880,
          1800224,
          1801472,
          1803680,
          1796352,
          1794016,
          1800736,
          1802496,
          1806336,
          1796064,
          1800160,
          1795040
        ],
        "chunk_tokens": 256,
        "block_threads": 128,
        "staged_input_bytes": 238155712,
        "applicable": true
      },
      {
        "kernel": "onpair_dh_k8_t128_b6_h4",
        "role": "experimental",
        "stage_bytes": null,
        "chunk_size": 256,
        "decode_ms": 1.859392,
        "decode_gib_s": 500.87478592941443,
        "decode_ns_iters": [
          1865664,
          1869504,
          1866240,
          1867968,
          1862720,
          1859392,
          1862784,
          1859872,
          1866848,
          1864384,
          1864160,
          1868736,
          1869088,
          1864960,
          1870272,
          1865984,
          1861152,
          1866496,
          1863712,
          1863360,
          1863232,
          1865120,
          1868704,
          1862784,
          1866752,
          1862208,
          1866912,
          1866144,
          1864896,
          1865536
        ],
        "chunk_tokens": 256,
        "block_threads": 128,
        "staged_input_bytes": 238155712,
        "applicable": true
      },
      {
        "kernel": "onpair_dh_k8_t128_b8_h2",
        "role": "experimental",
        "stage_bytes": null,
        "chunk_size": 256,
        "decode_ms": 1.807136,
        "decode_gib_s": 515.3583183329122,
        "decode_ns_iters": [
          1815136,
          1811840,
          1817856,
          1819008,
          1814688,
          1820544,
          1813088,
          1816736,
          1815232,
          1817312,
          1817792,
          1815296,
          1817632,
          1812576,
          1815936,
          1816256,
          1817600,
          1809856,
          1810240,
          1812736,
          1813696,
          1817888,
          1809600,
          1817856,
          1810080,
          1816544,
          1818240,
          1817056,
          1807136,
          1811008
        ],
        "chunk_tokens": 256,
        "block_threads": 128,
        "staged_input_bytes": 238155712,
        "applicable": true
      },
      {
        "kernel": "onpair_dh_k8_t128_b8_h3",
        "role": "experimental",
        "stage_bytes": null,
        "chunk_size": 256,
        "decode_ms": 1.795776,
        "decode_gib_s": 518.6184523898669,
        "decode_ns_iters": [
          1801152,
          1803552,
          1801120,
          1802720,
          1800960,
          1803296,
          1798368,
          1804160,
          1804480,
          1807072,
          1799648,
          1797952,
          1799072,
          1797920,
          1802624,
          1799072,
          1799584,
          1807072,
          1806208,
          1796064,
          1797248,
          1796416,
          1799552,
          1799712,
          1800448,
          1806528,
          1800704,
          1796512,
          1805280,
          1795776
        ],
        "chunk_tokens": 256,
        "block_threads": 128,
        "staged_input_bytes": 238155712,
        "applicable": true
      },
      {
        "kernel": "onpair_dh_k8_t128_b8_h4",
        "role": "experimental",
        "stage_bytes": null,
        "chunk_size": 256,
        "decode_ms": 1.813216,
        "decode_gib_s": 513.6302403899291,
        "decode_ns_iters": [
          1819392,
          1819904,
          1816896,
          1817536,
          1822176,
          1820448,
          1834464,
          1823808,
          1820032,
          1819648,
          1821760,
          1819104,
          1817024,
          1817632,
          1818528,
          1819424,
          1820096,
          1819072,
          1821696,
          1820672,
          1820192,
          1817824,
          1813216,
          1816960,
          1822688,
          1820160,
          1824352,
          1817504,
          1824192,
          1823232
        ],
        "chunk_tokens": 256,
        "block_threads": 128,
        "staged_input_bytes": 238155712,
        "applicable": true
      },
      {
        "kernel": "onpair_dh_k8_t256_b1_h0",
        "role": "experimental",
        "stage_bytes": null,
        "chunk_size": 256,
        "decode_ms": 1.783744,
        "decode_gib_s": 522.1167218832218,
        "decode_ns_iters": [
          1793600,
          1796736,
          1794560,
          1798560,
          1795584,
          1801312,
          1790528,
          1794080,
          1791776,
          1785216,
          1790112,
          1793472,
          1794240,
          1796608,
          1796288,
          1799072,
          1787712,
          1795072,
          1795456,
          1793184,
          1790944,
          1795648,
          1789984,
          1783744,
          1796064,
          1794464,
          1794304,
          1797216,
          1792096,
          1792544
        ],
        "chunk_tokens": 256,
        "block_threads": 256,
        "staged_input_bytes": 238155712,
        "applicable": true
      },
      {
        "kernel": "onpair_dh_k8_t256_b1_h2",
        "role": "experimental",
        "stage_bytes": null,
        "chunk_size": 256,
        "decode_ms": 1.752928,
        "decode_gib_s": 531.2953925996194,
        "decode_ns_iters": [
          1765728,
          1761600,
          1754272,
          1764480,
          1756192,
          1762592,
          1764256,
          1764064,
          1768000,
          1758400,
          1757920,
          1752928,
          1758656,
          1763200,
          1756704,
          1757984,
          1761312,
          1764224,
          1754208,
          1762752,
          1765024,
          1762944,
          1758112,
          1769792,
          1762176,
          1762176,
          1768576,
          1762496,
          1756320,
          1762528
        ],
        "chunk_tokens": 256,
        "block_threads": 256,
        "staged_input_bytes": 238155712,
        "applicable": true
      },
      {
        "kernel": "onpair_dh_k8_t256_b1_h3",
        "role": "experimental",
        "stage_bytes": null,
        "chunk_size": 256,
        "decode_ms": 1.723008,
        "decode_gib_s": 540.5213266327642,
        "decode_ns_iters": [
          1725664,
          1729056,
          1727904,
          1726336,
          1725664,
          1728768,
          1729696,
          1725408,
          1723968,
          1731008,
          1727712,
          1725280,
          1727456,
          1727776,
          1723712,
          1728672,
          1726784,
          1723008,
          1729152,
          1725984,
          1725728,
          1728640,
          1728032,
          1726656,
          1725024,
          1726816,
          1728608,
          1727296,
          1724896,
          1726976
        ],
        "chunk_tokens": 256,
        "block_threads": 256,
        "staged_input_bytes": 238155712,
        "applicable": true
      },
      {
        "kernel": "onpair_dh_k8_t256_b1_h4",
        "role": "experimental",
        "stage_bytes": null,
        "chunk_size": 256,
        "decode_ms": 1.808992,
        "decode_gib_s": 514.8295680461084,
        "decode_ns_iters": [
          1812544,
          1816416,
          1819648,
          1819616,
          1820352,
          1816064,
          1818656,
          1820992,
          1819424,
          1810176,
          1816480,
          1817920,
          1820288,
          1819648,
          1821216,
          1820800,
          1820864,
          1819296,
          1819936,
          1817856,
          1817312,
          1821600,
          1818944,
          1820192,
          1825440,
          1808992,
          1816096,
          1820576,
          1811168,
          1813184
        ],
        "chunk_tokens": 256,
        "block_threads": 256,
        "staged_input_bytes": 238155712,
        "applicable": true
      },
      {
        "kernel": "onpair_dh_k8_t256_b2_h2",
        "role": "experimental",
        "stage_bytes": null,
        "chunk_size": 256,
        "decode_ms": 1.75184,
        "decode_gib_s": 531.6253595984026,
        "decode_ns_iters": [
          1753408,
          1761984,
          1757952,
          1753376,
          1764032,
          1755232,
          1757376,
          1751840,
          1759104,
          1758784,
          1758816,
          1757984,
          1762976,
          1761568,
          1760352,
          1759712,
          1759040,
          1761824,
          1758592,
          1756960,
          1756320,
          1760768,
          1763712,
          1767424,
          1763648,
          1761856,
          1757312,
          1752928,
          1760128,
          1760288
        ],
        "chunk_tokens": 256,
        "block_threads": 256,
        "staged_input_bytes": 238155712,
        "applicable": true
      },
      {
        "kernel": "onpair_dh_k8_t256_b2_h3",
        "role": "experimental",
        "stage_bytes": null,
        "chunk_size": 256,
        "decode_ms": 1.719936,
        "decode_gib_s": 541.486758785714,
        "decode_ns_iters": [
          1728832,
          1725888,
          1724192,
          1726304,
          1727488,
          1719936,
          1723424,
          1729376,
          1733184,
          1724896,
          1731584,
          1729312,
          1724704,
          1723680,
          1724000,
          1726784,
          1722080,
          1727104,
          1724864,
          1726336,
          1720992,
          1723488,
          1729696,
          1728544,
          1724800,
          1723040,
          1725056,
          1727424,
          1728768,
          1726880
        ],
        "chunk_tokens": 256,
        "block_threads": 256,
        "staged_input_bytes": 238155712,
        "applicable": true
      },
      {
        "kernel": "onpair_dh_k8_t256_b2_h4",
        "role": "experimental",
        "stage_bytes": null,
        "chunk_size": 256,
        "decode_ms": 1.809504,
        "decode_gib_s": 514.6838967799273,
        "decode_ns_iters": [
          1816992,
          1812704,
          1816288,
          1809632,
          1820000,
          1816352,
          1818016,
          1822528,
          1820096,
          1818848,
          1812800,
          1818496,
          1818240,
          1820640,
          1825888,
          1814784,
          1821536,
          1809504,
          1817216,
          1821632,
          1821888,
          1819424,
          1818496,
          1825344,
          1814944,
          1821888,
          1818496,
          1814144,
          1815744,
          1818208
        ],
        "chunk_tokens": 256,
        "block_threads": 256,
        "staged_input_bytes": 238155712,
        "applicable": true
      },
      {
        "kernel": "onpair_dh_k8_t256_b4_h0",
        "role": "experimental",
        "stage_bytes": null,
        "chunk_size": 256,
        "decode_ms": 1.779808,
        "decode_gib_s": 523.2713696976672,
        "decode_ns_iters": [
          1798816,
          1794080,
          1797824,
          1796096,
          1796448,
          1794304,
          1787808,
          1779808,
          1795008,
          1792608,
          1792672,
          1793184,
          1796032,
          1792992,
          1786304,
          1794784,
          1791936,
          1791680,
          1793696,
          1794080,
          1791040,
          1794560,
          1796992,
          1795904,
          1792800,
          1791296,
          1798304,
          1795872,
          1787200,
          1795648
        ],
        "chunk_tokens": 256,
        "block_threads": 256,
        "staged_input_bytes": 238155712,
        "applicable": true
      },
      {
        "kernel": "onpair_dh_k8_t256_b4_h2",
        "role": "experimental",
        "stage_bytes": null,
        "chunk_size": 256,
        "decode_ms": 1.752768,
        "decode_gib_s": 531.34389146702,
        "decode_ns_iters": [
          1758080,
          1754752,
          1762880,
          1753888,
          1757728,
          1766144,
          1759488,
          1759872,
          1762208,
          1767808,
          1758816,
          1759200,
          1763488,
          1765536,
          1762336,
          1762304,
          1765824,
          1756768,
          1757312,
          1752768,
          1762816,
          1768352,
          1758880,
          1759520,
          1756640,
          1762176,
          1756224,
          1758112,
          1763424,
          1762432
        ],
        "chunk_tokens": 256,
        "block_threads": 256,
        "staged_input_bytes": 238155712,
        "applicable": true
      },
      {
        "kernel": "onpair_dh_k8_t256_b4_h3",
        "role": "experimental",
        "stage_bytes": null,
        "chunk_size": 256,
        "decode_ms": 1.714368,
        "decode_gib_s": 543.2454233623503,
        "decode_ns_iters": [
          1724640,
          1727424,
          1725344,
          1732416,
          1727712,
          1729632,
          1729440,
          1723776,
          1729440,
          1729280,
          1732320,
          1728576,
          1731488,
          1728864,
          1726784,
          1724832,
          1723808,
          1722528,
          1714368,
          1727104,
          1731168,
          1723936,
          1726400,
          1725152,
          1720448,
          1726976,
          1728224,
          1729184,
          1727424,
          1728544
        ],
        "chunk_tokens": 256,
        "block_threads": 256,
        "staged_input_bytes": 238155712,
        "applicable": true
      },
      {
        "kernel": "onpair_dh_k8_t256_b4_h4",
        "role": "experimental",
        "stage_bytes": null,
        "chunk_size": 256,
        "decode_ms": 1.736832,
        "decode_gib_s": 536.2191449483114,
        "decode_ns_iters": [
          1740992,
          1740288,
          1746176,
          1747296,
          1744704,
          1744192,
          1741312,
          1739488,
          1747104,
          1743968,
          1744352,
          1743648,
          1748096,
          1748896,
          1745760,
          1744320,
          1746528,
          1747680,
          1745024,
          1745376,
          1747936,
          1747072,
          1744800,
          1746304,
          1746016,
          1741536,
          1745856,
          1748736,
          1736832,
          1745920
        ],
        "chunk_tokens": 256,
        "block_threads": 256,
        "staged_input_bytes": 238155712,
        "applicable": true
      },
      {
        "kernel": "onpair_dh_k8_t256_b6_h2",
        "role": "experimental",
        "stage_bytes": null,
        "chunk_size": 256,
        "decode_ms": 1.763488,
        "decode_gib_s": 528.1139253336942,
        "decode_ns_iters": [
          1763488,
          1785312,
          1780224,
          1777312,
          1775424,
          1784832,
          1782144,
          1782752,
          1784288,
          1780960,
          1779360,
          1782400,
          1777152,
          1774976,
          1772992,
          1773984,
          1792544,
          1778560,
          1772320,
          1784576,
          1781088,
          1784800,
          1774752,
          1787616,
          1788032,
          1775264,
          1781536,
          1769664,
          1782112,
          1770272
        ],
        "chunk_tokens": 256,
        "block_threads": 256,
        "staged_input_bytes": 238155712,
        "applicable": true
      },
      {
        "kernel": "onpair_dh_k8_t256_b6_h3",
        "role": "experimental",
        "stage_bytes": null,
        "chunk_size": 256,
        "decode_ms": 2.02256,
        "decode_gib_s": 460.46721479652797,
        "decode_ns_iters": [
          2043776,
          2029888,
          2032128,
          2040288,
          2033568,
          2027648,
          2022560,
          2027392,
          2035840,
          2037440,
          2034912,
          2028800,
          2038048,
          2033056,
          2035168,
          2029568,
          2028608,
          2033568,
          2029312,
          2034016,
          2033888,
          2026848,
          2045216,
          2034112,
          2033952,
          2036928,
          2035072,
          2028448,
          2031680,
          2038912
        ],
        "chunk_tokens": 256,
        "block_threads": 256,
        "staged_input_bytes": 238155712,
        "applicable": true
      },
      {
        "kernel": "onpair_dh_k8_t256_b6_h4",
        "role": "experimental",
        "stage_bytes": null,
        "chunk_size": 256,
        "decode_ms": 1.956416,
        "decode_gib_s": 476.0350405838358,
        "decode_ns_iters": [
          1962048,
          1962432,
          1967872,
          1970464,
          1964256,
          1965984,
          1964960,
          1963392,
          1959456,
          1959392,
          1967072,
          1963328,
          1969504,
          1965536,
          1965728,
          1967616,
          1970272,
          1970592,
          1967840,
          1966400,
          1963840,
          1956864,
          1958848,
          1959488,
          1969696,
          1972160,
          1968352,
          1956416,
          1963296,
          1965120
        ],
        "chunk_tokens": 256,
        "block_threads": 256,
        "staged_input_bytes": 238155712,
        "applicable": true
      },
      {
        "kernel": "onpair_dh_k8_t256_b8_h0",
        "role": "experimental",
        "stage_bytes": null,
        "chunk_size": 256,
        "decode_ms": 1.803744,
        "decode_gib_s": 516.3274666243467,
        "decode_ns_iters": [
          1826816,
          1831040,
          1823104,
          1827008,
          1819328,
          1828192,
          1832352,
          1814560,
          1822624,
          1822400,
          1823200,
          1803744,
          1816512,
          1811296,
          1823808,
          1821664,
          1827360,
          1819264,
          1812832,
          1824512,
          1819808,
          1818016,
          1822208,
          1824928,
          1818176,
          1823008,
          1826432,
          1824704,
          1826944,
          1827200
        ],
        "chunk_tokens": 256,
        "block_threads": 256,
        "staged_input_bytes": 238155712,
        "applicable": true
      },
      {
        "kernel": "onpair_dh_k8_t256_b8_h2",
        "role": "experimental",
        "stage_bytes": null,
        "chunk_size": 256,
        "decode_ms": 1.788832,
        "decode_gib_s": 520.631657952712,
        "decode_ns_iters": [
          1807040,
          1789024,
          1798624,
          1792224,
          1802656,
          1805056,
          1798624,
          1788864,
          1797824,
          1794272,
          1806816,
          1788832,
          1805824,
          1798208,
          1791712,
          1797664,
          1800288,
          1808320,
          1793824,
          1794496,
          1797440,
          1803936,
          1801632,
          1802272,
          1796000,
          1800800,
          1804608,
          1806720,
          1810656,
          1799680
        ],
        "chunk_tokens": 256,
        "block_threads": 256,
        "staged_input_bytes": 238155712,
        "applicable": true
      },
      {
        "kernel": "onpair_dh_k8_t256_b8_h3",
        "role": "experimental",
        "stage_bytes": null,
        "chunk_size": 256,
        "decode_ms": 1.793632,
        "decode_gib_s": 519.2383777490955,
        "decode_ns_iters": [
          1809760,
          1803552,
          1810208,
          1797920,
          1804896,
          1809120,
          1802432,
          1805696,
          1810336,
          1807456,
          1802208,
          1808672,
          1807904,
          1806464,
          1812032,
          1802432,
          1806912,
          1795680,
          1810496,
          1803520,
          1797184,
          1804768,
          1807392,
          1807680,
          1793632,
          1803456,
          1804704,
          1803904,
          1803424,
          1807808
        ],
        "chunk_tokens": 256,
        "block_threads": 256,
        "staged_input_bytes": 238155712,
        "applicable": true
      },
      {
        "kernel": "onpair_dh_k8_t256_b8_h4",
        "role": "experimental",
        "stage_bytes": null,
        "chunk_size": 256,
        "decode_ms": 1.796736,
        "decode_gib_s": 518.3413534091071,
        "decode_ns_iters": [
          1809696,
          1801760,
          1844800,
          1831584,
          1797984,
          1800960,
          1803680,
          1803520,
          1802336,
          1796736,
          1841472,
          1833280,
          1835328,
          1802880,
          1805664,
          1796864,
          1802752,
          1801824,
          1797376,
          1842144,
          1804928,
          1829792,
          1824000,
          1802528,
          1807968,
          1801312,
          1806560,
          1801376,
          1826080,
          1813408
        ],
        "chunk_tokens": 256,
        "block_threads": 256,
        "staged_input_bytes": 238155712,
        "applicable": true
      },
      {
        "kernel": "onpair_ds_k4_t128_b2_s10",
        "role": "experimental",
        "stage_bytes": 10,
        "chunk_size": 128,
        "decode_ms": 0.0,
        "decode_gib_s": 0.0,
        "chunk_tokens": 128,
        "block_threads": 128,
        "staged_input_bytes": 241803008,
        "applicable": false,
        "reason": "staging 1312 B/warp is below this column's largest batch (2048 B + 15 shift)"
      },
      {
        "kernel": "onpair_ds_k4_t128_b2_s12",
        "role": "experimental",
        "stage_bytes": 12,
        "chunk_size": 128,
        "decode_ms": 0.0,
        "decode_gib_s": 0.0,
        "chunk_tokens": 128,
        "block_threads": 128,
        "staged_input_bytes": 241803008,
        "applicable": false,
        "reason": "staging 1568 B/warp is below this column's largest batch (2048 B + 15 shift)"
      },
      {
        "kernel": "onpair_ds_k4_t128_b2_s14",
        "role": "experimental",
        "stage_bytes": 14,
        "chunk_size": 128,
        "decode_ms": 0.0,
        "decode_gib_s": 0.0,
        "chunk_tokens": 128,
        "block_threads": 128,
        "staged_input_bytes": 241803008,
        "applicable": false,
        "reason": "staging 1824 B/warp is below this column's largest batch (2048 B + 15 shift)"
      },
      {
        "kernel": "onpair_ds_k4_t128_b4_s10",
        "role": "experimental",
        "stage_bytes": 10,
        "chunk_size": 128,
        "decode_ms": 0.0,
        "decode_gib_s": 0.0,
        "chunk_tokens": 128,
        "block_threads": 128,
        "staged_input_bytes": 241803008,
        "applicable": false,
        "reason": "staging 1312 B/warp is below this column's largest batch (2048 B + 15 shift)"
      },
      {
        "kernel": "onpair_ds_k4_t128_b4_s12",
        "role": "experimental",
        "stage_bytes": 12,
        "chunk_size": 128,
        "decode_ms": 0.0,
        "decode_gib_s": 0.0,
        "chunk_tokens": 128,
        "block_threads": 128,
        "staged_input_bytes": 241803008,
        "applicable": false,
        "reason": "staging 1568 B/warp is below this column's largest batch (2048 B + 15 shift)"
      },
      {
        "kernel": "onpair_ds_k4_t128_b4_s14",
        "role": "experimental",
        "stage_bytes": 14,
        "chunk_size": 128,
        "decode_ms": 0.0,
        "decode_gib_s": 0.0,
        "chunk_tokens": 128,
        "block_threads": 128,
        "staged_input_bytes": 241803008,
        "applicable": false,
        "reason": "staging 1824 B/warp is below this column's largest batch (2048 B + 15 shift)"
      },
      {
        "kernel": "onpair_ds_k4_t128_b8_s10",
        "role": "experimental",
        "stage_bytes": 10,
        "chunk_size": 128,
        "decode_ms": 0.0,
        "decode_gib_s": 0.0,
        "chunk_tokens": 128,
        "block_threads": 128,
        "staged_input_bytes": 241803008,
        "applicable": false,
        "reason": "staging 1312 B/warp is below this column's largest batch (2048 B + 15 shift)"
      },
      {
        "kernel": "onpair_ds_k4_t128_b8_s12",
        "role": "experimental",
        "stage_bytes": 12,
        "chunk_size": 128,
        "decode_ms": 0.0,
        "decode_gib_s": 0.0,
        "chunk_tokens": 128,
        "block_threads": 128,
        "staged_input_bytes": 241803008,
        "applicable": false,
        "reason": "staging 1568 B/warp is below this column's largest batch (2048 B + 15 shift)"
      },
      {
        "kernel": "onpair_ds_k4_t128_b8_s14",
        "role": "experimental",
        "stage_bytes": 14,
        "chunk_size": 128,
        "decode_ms": 0.0,
        "decode_gib_s": 0.0,
        "chunk_tokens": 128,
        "block_threads": 128,
        "staged_input_bytes": 241803008,
        "applicable": false,
        "reason": "staging 1824 B/warp is below this column's largest batch (2048 B + 15 shift)"
      },
      {
        "kernel": "onpair_ds_k4_t256_b2_s10",
        "role": "experimental",
        "stage_bytes": 10,
        "chunk_size": 128,
        "decode_ms": 0.0,
        "decode_gib_s": 0.0,
        "chunk_tokens": 128,
        "block_threads": 256,
        "staged_input_bytes": 241803008,
        "applicable": false,
        "reason": "staging 1312 B/warp is below this column's largest batch (2048 B + 15 shift)"
      },
      {
        "kernel": "onpair_ds_k4_t256_b2_s12",
        "role": "experimental",
        "stage_bytes": 12,
        "chunk_size": 128,
        "decode_ms": 0.0,
        "decode_gib_s": 0.0,
        "chunk_tokens": 128,
        "block_threads": 256,
        "staged_input_bytes": 241803008,
        "applicable": false,
        "reason": "staging 1568 B/warp is below this column's largest batch (2048 B + 15 shift)"
      },
      {
        "kernel": "onpair_ds_k4_t256_b2_s14",
        "role": "experimental",
        "stage_bytes": 14,
        "chunk_size": 128,
        "decode_ms": 0.0,
        "decode_gib_s": 0.0,
        "chunk_tokens": 128,
        "block_threads": 256,
        "staged_input_bytes": 241803008,
        "applicable": false,
        "reason": "staging 1824 B/warp is below this column's largest batch (2048 B + 15 shift)"
      },
      {
        "kernel": "onpair_ds_k4_t256_b4_s10",
        "role": "experimental",
        "stage_bytes": 10,
        "chunk_size": 128,
        "decode_ms": 0.0,
        "decode_gib_s": 0.0,
        "chunk_tokens": 128,
        "block_threads": 256,
        "staged_input_bytes": 241803008,
        "applicable": false,
        "reason": "staging 1312 B/warp is below this column's largest batch (2048 B + 15 shift)"
      },
      {
        "kernel": "onpair_ds_k4_t256_b4_s12",
        "role": "experimental",
        "stage_bytes": 12,
        "chunk_size": 128,
        "decode_ms": 0.0,
        "decode_gib_s": 0.0,
        "chunk_tokens": 128,
        "block_threads": 256,
        "staged_input_bytes": 241803008,
        "applicable": false,
        "reason": "staging 1568 B/warp is below this column's largest batch (2048 B + 15 shift)"
      },
      {
        "kernel": "onpair_ds_k4_t256_b4_s14",
        "role": "experimental",
        "stage_bytes": 14,
        "chunk_size": 128,
        "decode_ms": 0.0,
        "decode_gib_s": 0.0,
        "chunk_tokens": 128,
        "block_threads": 256,
        "staged_input_bytes": 241803008,
        "applicable": false,
        "reason": "staging 1824 B/warp is below this column's largest batch (2048 B + 15 shift)"
      },
      {
        "kernel": "onpair_ds_k4_t256_b8_s10",
        "role": "experimental",
        "stage_bytes": 10,
        "chunk_size": 128,
        "decode_ms": 0.0,
        "decode_gib_s": 0.0,
        "chunk_tokens": 128,
        "block_threads": 256,
        "staged_input_bytes": 241803008,
        "applicable": false,
        "reason": "staging 1312 B/warp is below this column's largest batch (2048 B + 15 shift)"
      },
      {
        "kernel": "onpair_ds_k4_t256_b8_s12",
        "role": "experimental",
        "stage_bytes": 12,
        "chunk_size": 128,
        "decode_ms": 0.0,
        "decode_gib_s": 0.0,
        "chunk_tokens": 128,
        "block_threads": 256,
        "staged_input_bytes": 241803008,
        "applicable": false,
        "reason": "staging 1568 B/warp is below this column's largest batch (2048 B + 15 shift)"
      },
      {
        "kernel": "onpair_ds_k4_t256_b8_s14",
        "role": "experimental",
        "stage_bytes": 14,
        "chunk_size": 128,
        "decode_ms": 0.0,
        "decode_gib_s": 0.0,
        "chunk_tokens": 128,
        "block_threads": 256,
        "staged_input_bytes": 241803008,
        "applicable": false,
        "reason": "staging 1824 B/warp is below this column's largest batch (2048 B + 15 shift)"
      },
      {
        "kernel": "onpair_ds_k6_t128_b2_s10",
        "role": "experimental",
        "stage_bytes": 10,
        "chunk_size": 192,
        "decode_ms": 0.0,
        "decode_gib_s": 0.0,
        "chunk_tokens": 192,
        "block_threads": 128,
        "staged_input_bytes": 239371472,
        "applicable": false,
        "reason": "staging 1952 B/warp is below this column's largest batch (3072 B + 15 shift)"
      },
      {
        "kernel": "onpair_ds_k6_t128_b2_s12",
        "role": "experimental",
        "stage_bytes": 12,
        "chunk_size": 192,
        "decode_ms": 0.0,
        "decode_gib_s": 0.0,
        "chunk_tokens": 192,
        "block_threads": 128,
        "staged_input_bytes": 239371472,
        "applicable": false,
        "reason": "staging 2336 B/warp is below this column's largest batch (3072 B + 15 shift)"
      },
      {
        "kernel": "onpair_ds_k6_t128_b2_s14",
        "role": "experimental",
        "stage_bytes": 14,
        "chunk_size": 192,
        "decode_ms": 0.0,
        "decode_gib_s": 0.0,
        "chunk_tokens": 192,
        "block_threads": 128,
        "staged_input_bytes": 239371472,
        "applicable": false,
        "reason": "staging 2720 B/warp is below this column's largest batch (3072 B + 15 shift)"
      },
      {
        "kernel": "onpair_ds_k6_t128_b4_s10",
        "role": "experimental",
        "stage_bytes": 10,
        "chunk_size": 192,
        "decode_ms": 0.0,
        "decode_gib_s": 0.0,
        "chunk_tokens": 192,
        "block_threads": 128,
        "staged_input_bytes": 239371472,
        "applicable": false,
        "reason": "staging 1952 B/warp is below this column's largest batch (3072 B + 15 shift)"
      },
      {
        "kernel": "onpair_ds_k6_t128_b4_s12",
        "role": "experimental",
        "stage_bytes": 12,
        "chunk_size": 192,
        "decode_ms": 0.0,
        "decode_gib_s": 0.0,
        "chunk_tokens": 192,
        "block_threads": 128,
        "staged_input_bytes": 239371472,
        "applicable": false,
        "reason": "staging 2336 B/warp is below this column's largest batch (3072 B + 15 shift)"
      },
      {
        "kernel": "onpair_ds_k6_t128_b4_s14",
        "role": "experimental",
        "stage_bytes": 14,
        "chunk_size": 192,
        "decode_ms": 0.0,
        "decode_gib_s": 0.0,
        "chunk_tokens": 192,
        "block_threads": 128,
        "staged_input_bytes": 239371472,
        "applicable": false,
        "reason": "staging 2720 B/warp is below this column's largest batch (3072 B + 15 shift)"
      },
      {
        "kernel": "onpair_ds_k6_t128_b8_s10",
        "role": "experimental",
        "stage_bytes": 10,
        "chunk_size": 192,
        "decode_ms": 0.0,
        "decode_gib_s": 0.0,
        "chunk_tokens": 192,
        "block_threads": 128,
        "staged_input_bytes": 239371472,
        "applicable": false,
        "reason": "staging 1952 B/warp is below this column's largest batch (3072 B + 15 shift)"
      },
      {
        "kernel": "onpair_ds_k6_t128_b8_s12",
        "role": "experimental",
        "stage_bytes": 12,
        "chunk_size": 192,
        "decode_ms": 0.0,
        "decode_gib_s": 0.0,
        "chunk_tokens": 192,
        "block_threads": 128,
        "staged_input_bytes": 239371472,
        "applicable": false,
        "reason": "staging 2336 B/warp is below this column's largest batch (3072 B + 15 shift)"
      },
      {
        "kernel": "onpair_ds_k6_t128_b8_s14",
        "role": "experimental",
        "stage_bytes": 14,
        "chunk_size": 192,
        "decode_ms": 0.0,
        "decode_gib_s": 0.0,
        "chunk_tokens": 192,
        "block_threads": 128,
        "staged_input_bytes": 239371472,
        "applicable": false,
        "reason": "staging 2720 B/warp is below this column's largest batch (3072 B + 15 shift)"
      },
      {
        "kernel": "onpair_ds_k6_t256_b2_s10",
        "role": "experimental",
        "stage_bytes": 10,
        "chunk_size": 192,
        "decode_ms": 0.0,
        "decode_gib_s": 0.0,
        "chunk_tokens": 192,
        "block_threads": 256,
        "staged_input_bytes": 239371472,
        "applicable": false,
        "reason": "staging 1952 B/warp is below this column's largest batch (3072 B + 15 shift)"
      },
      {
        "kernel": "onpair_ds_k6_t256_b2_s12",
        "role": "experimental",
        "stage_bytes": 12,
        "chunk_size": 192,
        "decode_ms": 0.0,
        "decode_gib_s": 0.0,
        "chunk_tokens": 192,
        "block_threads": 256,
        "staged_input_bytes": 239371472,
        "applicable": false,
        "reason": "staging 2336 B/warp is below this column's largest batch (3072 B + 15 shift)"
      },
      {
        "kernel": "onpair_ds_k6_t256_b2_s14",
        "role": "experimental",
        "stage_bytes": 14,
        "chunk_size": 192,
        "decode_ms": 0.0,
        "decode_gib_s": 0.0,
        "chunk_tokens": 192,
        "block_threads": 256,
        "staged_input_bytes": 239371472,
        "applicable": false,
        "reason": "staging 2720 B/warp is below this column's largest batch (3072 B + 15 shift)"
      },
      {
        "kernel": "onpair_ds_k6_t256_b4_s10",
        "role": "experimental",
        "stage_bytes": 10,
        "chunk_size": 192,
        "decode_ms": 0.0,
        "decode_gib_s": 0.0,
        "chunk_tokens": 192,
        "block_threads": 256,
        "staged_input_bytes": 239371472,
        "applicable": false,
        "reason": "staging 1952 B/warp is below this column's largest batch (3072 B + 15 shift)"
      },
      {
        "kernel": "onpair_ds_k6_t256_b4_s12",
        "role": "experimental",
        "stage_bytes": 12,
        "chunk_size": 192,
        "decode_ms": 0.0,
        "decode_gib_s": 0.0,
        "chunk_tokens": 192,
        "block_threads": 256,
        "staged_input_bytes": 239371472,
        "applicable": false,
        "reason": "staging 2336 B/warp is below this column's largest batch (3072 B + 15 shift)"
      },
      {
        "kernel": "onpair_ds_k6_t256_b4_s14",
        "role": "experimental",
        "stage_bytes": 14,
        "chunk_size": 192,
        "decode_ms": 0.0,
        "decode_gib_s": 0.0,
        "chunk_tokens": 192,
        "block_threads": 256,
        "staged_input_bytes": 239371472,
        "applicable": false,
        "reason": "staging 2720 B/warp is below this column's largest batch (3072 B + 15 shift)"
      },
      {
        "kernel": "onpair_ds_k6_t256_b8_s10",
        "role": "experimental",
        "stage_bytes": 10,
        "chunk_size": 192,
        "decode_ms": 0.0,
        "decode_gib_s": 0.0,
        "chunk_tokens": 192,
        "block_threads": 256,
        "staged_input_bytes": 239371472,
        "applicable": false,
        "reason": "staging 1952 B/warp is below this column's largest batch (3072 B + 15 shift)"
      },
      {
        "kernel": "onpair_ds_k6_t256_b8_s12",
        "role": "experimental",
        "stage_bytes": 12,
        "chunk_size": 192,
        "decode_ms": 0.0,
        "decode_gib_s": 0.0,
        "chunk_tokens": 192,
        "block_threads": 256,
        "staged_input_bytes": 239371472,
        "applicable": false,
        "reason": "staging 2336 B/warp is below this column's largest batch (3072 B + 15 shift)"
      },
      {
        "kernel": "onpair_ds_k6_t256_b8_s14",
        "role": "experimental",
        "stage_bytes": 14,
        "chunk_size": 192,
        "decode_ms": 0.0,
        "decode_gib_s": 0.0,
        "chunk_tokens": 192,
        "block_threads": 256,
        "staged_input_bytes": 239371472,
        "applicable": false,
        "reason": "staging 2720 B/warp is below this column's largest batch (3072 B + 15 shift)"
      },
      {
        "kernel": "onpair_ds_k8_t128_b2_s10",
        "role": "experimental",
        "stage_bytes": 10,
        "chunk_size": 256,
        "decode_ms": 0.0,
        "decode_gib_s": 0.0,
        "chunk_tokens": 256,
        "block_threads": 128,
        "staged_input_bytes": 238155712,
        "applicable": false,
        "reason": "staging 2592 B/warp is below this column's largest batch (4096 B + 15 shift)"
      },
      {
        "kernel": "onpair_ds_k8_t128_b2_s12",
        "role": "experimental",
        "stage_bytes": 12,
        "chunk_size": 256,
        "decode_ms": 0.0,
        "decode_gib_s": 0.0,
        "chunk_tokens": 256,
        "block_threads": 128,
        "staged_input_bytes": 238155712,
        "applicable": false,
        "reason": "staging 3104 B/warp is below this column's largest batch (4096 B + 15 shift)"
      },
      {
        "kernel": "onpair_ds_k8_t128_b2_s14",
        "role": "experimental",
        "stage_bytes": 14,
        "chunk_size": 256,
        "decode_ms": 0.0,
        "decode_gib_s": 0.0,
        "chunk_tokens": 256,
        "block_threads": 128,
        "staged_input_bytes": 238155712,
        "applicable": false,
        "reason": "staging 3616 B/warp is below this column's largest batch (4096 B + 15 shift)"
      },
      {
        "kernel": "onpair_ds_k8_t128_b4_s10",
        "role": "experimental",
        "stage_bytes": 10,
        "chunk_size": 256,
        "decode_ms": 0.0,
        "decode_gib_s": 0.0,
        "chunk_tokens": 256,
        "block_threads": 128,
        "staged_input_bytes": 238155712,
        "applicable": false,
        "reason": "staging 2592 B/warp is below this column's largest batch (4096 B + 15 shift)"
      },
      {
        "kernel": "onpair_ds_k8_t128_b4_s12",
        "role": "experimental",
        "stage_bytes": 12,
        "chunk_size": 256,
        "decode_ms": 0.0,
        "decode_gib_s": 0.0,
        "chunk_tokens": 256,
        "block_threads": 128,
        "staged_input_bytes": 238155712,
        "applicable": false,
        "reason": "staging 3104 B/warp is below this column's largest batch (4096 B + 15 shift)"
      },
      {
        "kernel": "onpair_ds_k8_t128_b4_s14",
        "role": "experimental",
        "stage_bytes": 14,
        "chunk_size": 256,
        "decode_ms": 0.0,
        "decode_gib_s": 0.0,
        "chunk_tokens": 256,
        "block_threads": 128,
        "staged_input_bytes": 238155712,
        "applicable": false,
        "reason": "staging 3616 B/warp is below this column's largest batch (4096 B + 15 shift)"
      },
      {
        "kernel": "onpair_ds_k8_t128_b8_s10",
        "role": "experimental",
        "stage_bytes": 10,
        "chunk_size": 256,
        "decode_ms": 0.0,
        "decode_gib_s": 0.0,
        "chunk_tokens": 256,
        "block_threads": 128,
        "staged_input_bytes": 238155712,
        "applicable": false,
        "reason": "staging 2592 B/warp is below this column's largest batch (4096 B + 15 shift)"
      },
      {
        "kernel": "onpair_ds_k8_t128_b8_s12",
        "role": "experimental",
        "stage_bytes": 12,
        "chunk_size": 256,
        "decode_ms": 0.0,
        "decode_gib_s": 0.0,
        "chunk_tokens": 256,
        "block_threads": 128,
        "staged_input_bytes": 238155712,
        "applicable": false,
        "reason": "staging 3104 B/warp is below this column's largest batch (4096 B + 15 shift)"
      },
      {
        "kernel": "onpair_ds_k8_t128_b8_s14",
        "role": "experimental",
        "stage_bytes": 14,
        "chunk_size": 256,
        "decode_ms": 0.0,
        "decode_gib_s": 0.0,
        "chunk_tokens": 256,
        "block_threads": 128,
        "staged_input_bytes": 238155712,
        "applicable": false,
        "reason": "staging 3616 B/warp is below this column's largest batch (4096 B + 15 shift)"
      },
      {
        "kernel": "onpair_ds_k8_t256_b2_s10",
        "role": "experimental",
        "stage_bytes": 10,
        "chunk_size": 256,
        "decode_ms": 0.0,
        "decode_gib_s": 0.0,
        "chunk_tokens": 256,
        "block_threads": 256,
        "staged_input_bytes": 238155712,
        "applicable": false,
        "reason": "staging 2592 B/warp is below this column's largest batch (4096 B + 15 shift)"
      },
      {
        "kernel": "onpair_ds_k8_t256_b2_s12",
        "role": "experimental",
        "stage_bytes": 12,
        "chunk_size": 256,
        "decode_ms": 0.0,
        "decode_gib_s": 0.0,
        "chunk_tokens": 256,
        "block_threads": 256,
        "staged_input_bytes": 238155712,
        "applicable": false,
        "reason": "staging 3104 B/warp is below this column's largest batch (4096 B + 15 shift)"
      },
      {
        "kernel": "onpair_ds_k8_t256_b2_s14",
        "role": "experimental",
        "stage_bytes": 14,
        "chunk_size": 256,
        "decode_ms": 0.0,
        "decode_gib_s": 0.0,
        "chunk_tokens": 256,
        "block_threads": 256,
        "staged_input_bytes": 238155712,
        "applicable": false,
        "reason": "staging 3616 B/warp is below this column's largest batch (4096 B + 15 shift)"
      },
      {
        "kernel": "onpair_ds_k8_t256_b4_s10",
        "role": "experimental",
        "stage_bytes": 10,
        "chunk_size": 256,
        "decode_ms": 0.0,
        "decode_gib_s": 0.0,
        "chunk_tokens": 256,
        "block_threads": 256,
        "staged_input_bytes": 238155712,
        "applicable": false,
        "reason": "staging 2592 B/warp is below this column's largest batch (4096 B + 15 shift)"
      },
      {
        "kernel": "onpair_ds_k8_t256_b4_s12",
        "role": "experimental",
        "stage_bytes": 12,
        "chunk_size": 256,
        "decode_ms": 0.0,
        "decode_gib_s": 0.0,
        "chunk_tokens": 256,
        "block_threads": 256,
        "staged_input_bytes": 238155712,
        "applicable": false,
        "reason": "staging 3104 B/warp is below this column's largest batch (4096 B + 15 shift)"
      },
      {
        "kernel": "onpair_ds_k8_t256_b4_s14",
        "role": "experimental",
        "stage_bytes": 14,
        "chunk_size": 256,
        "decode_ms": 0.0,
        "decode_gib_s": 0.0,
        "chunk_tokens": 256,
        "block_threads": 256,
        "staged_input_bytes": 238155712,
        "applicable": false,
        "reason": "staging 3616 B/warp is below this column's largest batch (4096 B + 15 shift)"
      },
      {
        "kernel": "onpair_ds_k8_t256_b8_s10",
        "role": "experimental",
        "stage_bytes": 10,
        "chunk_size": 256,
        "decode_ms": 0.0,
        "decode_gib_s": 0.0,
        "chunk_tokens": 256,
        "block_threads": 256,
        "staged_input_bytes": 238155712,
        "applicable": false,
        "reason": "staging 2592 B/warp is below this column's largest batch (4096 B + 15 shift)"
      },
      {
        "kernel": "onpair_ds_k8_t256_b8_s12",
        "role": "experimental",
        "stage_bytes": 12,
        "chunk_size": 256,
        "decode_ms": 0.0,
        "decode_gib_s": 0.0,
        "chunk_tokens": 256,
        "block_threads": 256,
        "staged_input_bytes": 238155712,
        "applicable": false,
        "reason": "staging 3104 B/warp is below this column's largest batch (4096 B + 15 shift)"
      },
      {
        "kernel": "onpair_ds_k8_t256_b8_s14",
        "role": "experimental",
        "stage_bytes": 14,
        "chunk_size": 256,
        "decode_ms": 0.0,
        "decode_gib_s": 0.0,
        "chunk_tokens": 256,
        "block_threads": 256,
        "staged_input_bytes": 238155712,
        "applicable": false,
        "reason": "staging 3616 B/warp is below this column's largest batch (4096 B + 15 shift)"
      }
    ]
  }
}
==PROF== Disconnected from process 28252
==PROF== Report: /home/ubuntu/work/ncu_costsurface_clickbench_URL_b16.ncu-rep
