==PROF== Connected to process 24724 (/home/ubuntu/work/target/release/onpair-chunk-bench)
2026-08-24T05:20:43.253905Z  INFO vortex_cuda: vortex-cuda/src/lib.rs:111: Registering CUDA kernels
==PROF== Profiling "onpair_shmem_4tpt_b128o12": 0%....50%....100% - 40 passes
==PROF== Profiling "onpair_shmem_4tpt_b128o12": 0%....50%....100% - 40 passes
==PROF== Profiling "onpair_shmem_4tpt_b128o12": 0%....50%....100% - 40 passes
==PROF== Profiling "onpair_shmem_4tpt_b128o12": 0%....50%....100% - 40 passes
==PROF== Profiling "onpair_shmem_4tpt_b128o12": 0%....50%....100% - 40 passes
==PROF== Profiling "onpair_shmem_4tpt_b128o12": 0%....50%....100% - 40 passes
==PROF== Profiling "onpair_shmem_4tpt_b128o12": 0%....50%....100% - 40 passes
==PROF== Profiling "onpair_shmem_4tpt_b128o12": 0%....50%....100% - 40 passes
==PROF== Profiling "onpair_shmem_4tpt_b128o12": 0%....50%....100% - 40 passes
==PROF== Profiling "onpair_shmem_4tpt_b128o12": 0%....50%....100% - 40 passes
==PROF== Profiling "onpair_shmem_4tpt_b128o12": 0%....50%....100% - 40 passes
==PROF== Profiling "onpair_shmem_4tpt_b128o12": 0%....50%....100% - 40 passes
==PROF== Profiling "onpair_shmem_4tpt_b128o12": 0%....50%....100% - 40 passes
==PROF== Profiling "onpair_shmem_4tpt_b128o12": 0%....50%....100% - 40 passes
==PROF== Profiling "onpair_shmem_4tpt_b128o12": 0%....50%....100% - 40 passes
==PROF== Profiling "onpair_shmem_4tpt_b128o12": 0%....50%....100% - 40 passes
{
  "files": [
    "/home/ubuntu/work/vortex-bench/data/onpair-bench/loghub-windows/line/bits12_chunk1000mb_thr0.20_seed20260819/part_0000.vortex"
  ],
  "column": "line",
  "rows": 4139945,
  "in_memory_bytes": 156931216,
  "dict_bytes": 25391,
  "gpu": {
    "iterations": 30,
    "decoded_bytes": 999999899,
    "chunks": 1,
    "total_tokens": 99090926,
    "auto_kernel": "onpair_shmem_4tpt_b128o12",
    "frac_le8": 0.37251443,
    "dict_mean_len": 10.09174,
    "dict_max_len": 16,
    "dict_entries_max": 4096,
    "small_dict": true,
    "distinct_codes": 3551,
    "access_top4096_frac": 1.0,
    "compressed_bytes": 198211355,
    "h2d_gib_s": 23.93081772896444,
    "whole_decompress_gib_s": 108.45522786757886,
    "best_kernel": "onpair_decompress_6tpt",
    "auto_decode_ms": 0.873312,
    "best_decode_ms": 0.869088,
    "validated": false,
    "auto_decode_gib_s": 1066.4258369882682,
    "best_decode_gib_s": 1071.6089516273364,
    "kernels": [
      {
        "kernel": "onpair_shmem_2tpt",
        "role": "production",
        "stage_bytes": null,
        "chunk_size": 64,
        "decode_ms": 0.90352,
        "decode_gib_s": 1030.7712951034825,
        "decode_ns_iters": [
          908256,
          905184,
          906496,
          905728,
          907264,
          907264,
          906208,
          906048,
          906272,
          909376,
          907136,
          905760,
          907072,
          907072,
          906112,
          915744,
          906848,
          905280,
          905408,
          905280,
          904896,
          906560,
          905344,
          903520,
          907136,
          906656,
          905984,
          904768,
          905440,
          906176
        ],
        "chunk_tokens": 64,
        "block_threads": 512,
        "staged_input_bytes": 210637876,
        "applicable": true
      },
      {
        "kernel": "onpair_shmem_4tpt",
        "role": "production",
        "stage_bytes": null,
        "chunk_size": 128,
        "decode_ms": 0.872704,
        "decode_gib_s": 1067.1688001337204,
        "decode_ns_iters": [
          876032,
          874912,
          873536,
          875776,
          874752,
          875424,
          875968,
          874240,
          876096,
          873152,
          875520,
          874272,
          876320,
          876320,
          875232,
          875040,
          873504,
          875808,
          875424,
          873440,
          875328,
          875616,
          876768,
          872704,
          872800,
          878656,
          873120,
          875136,
          874880,
          875552
        ],
        "chunk_tokens": 128,
        "block_threads": 512,
        "staged_input_bytes": 204444692,
        "applicable": true
      },
      {
        "kernel": "onpair_shmem_4tpt_b128",
        "role": "production",
        "stage_bytes": null,
        "chunk_size": 128,
        "decode_ms": 0.8704,
        "decode_gib_s": 1069.9936587223099,
        "decode_ns_iters": [
          871776,
          876096,
          870912,
          872192,
          870400,
          871328,
          870496,
          872672,
          874432,
          872096,
          871040,
          871008,
          872672,
          877408,
          872128,
          872096,
          870848,
          872192,
          872768,
          872288,
          872480,
          873248,
          873856,
          870752,
          872704,
          871584,
          872832,
          881792,
          871168,
          870464
        ],
        "chunk_tokens": 128,
        "block_threads": 128,
        "staged_input_bytes": 204444692,
        "applicable": true
      },
      {
        "kernel": "onpair_shmem_4tpt_b128o12",
        "role": "production",
        "stage_bytes": null,
        "chunk_size": 128,
        "decode_ms": 0.873312,
        "decode_gib_s": 1066.4258369882682,
        "decode_ns_iters": [
          2022875547,
          2029762745,
          2021697760,
          2027765036,
          2024359941,
          2025984287,
          2022611618,
          2025192976,
          2024565697,
          2027556181,
          2024711370,
          2027651787,
          2031117916,
          2029481411,
          930912,
          885920,
          886016,
          889888,
          877056,
          874240,
          877536,
          875968,
          875232,
          875840,
          876608,
          876032,
          875328,
          875968,
          873312,
          875040
        ],
        "chunk_tokens": 128,
        "block_threads": 128,
        "staged_input_bytes": 204444692,
        "applicable": true
      },
      {
        "kernel": "onpair_decompress_1tpt",
        "role": "production",
        "stage_bytes": null,
        "chunk_size": 32,
        "decode_ms": 1.251008,
        "decode_gib_s": 744.4576537895031,
        "decode_ns_iters": [
          1254752,
          1254528,
          1256096,
          1256928,
          1255840,
          1259104,
          1255904,
          1251008,
          1258240,
          1254464,
          1256576,
          1267808,
          1258688,
          1260896,
          1254080,
          1255744,
          1253728,
          1254688,
          1258656,
          1255936,
          1258432,
          1254656,
          1255904,
          1256864,
          1256192,
          1255072,
          1255680,
          1262176,
          1254816,
          1256096
        ],
        "chunk_tokens": 32,
        "block_threads": 256,
        "staged_input_bytes": 223022212,
        "comparison": "tpt-matched",
        "abi_family": "packed",
        "launch_bounds_max_threads": 256,
        "launch_bounds_min_blocks": 4,
        "applicable": true
      },
      {
        "kernel": "onpair_decompress_2tpt",
        "role": "production",
        "stage_bytes": null,
        "chunk_size": 64,
        "decode_ms": 0.930144,
        "decode_gib_s": 1001.2669872104734,
        "decode_ns_iters": [
          931392,
          933088,
          931584,
          932864,
          934976,
          934080,
          931680,
          933344,
          932640,
          933376,
          939008,
          937280,
          938112,
          932032,
          930144,
          930336,
          932544,
          931456,
          930784,
          931488,
          931936,
          932864,
          933600,
          932928,
          933248,
          934784,
          932192,
          930752,
          934016,
          932192
        ],
        "chunk_tokens": 64,
        "block_threads": 256,
        "staged_input_bytes": 210635844,
        "comparison": "tpt-matched",
        "abi_family": "packed",
        "launch_bounds_max_threads": 256,
        "launch_bounds_min_blocks": 4,
        "applicable": true
      },
      {
        "kernel": "onpair_decompress_3tpt",
        "role": "production",
        "stage_bytes": null,
        "chunk_size": 96,
        "decode_ms": 0.882464,
        "decode_gib_s": 1055.3659758946524,
        "decode_ns_iters": [
          883872,
          885888,
          883584,
          886112,
          884064,
          884352,
          884064,
          885376,
          882592,
          884384,
          886944,
          883872,
          887264,
          883776,
          884000,
          884288,
          890784,
          884128,
          884544,
          885760,
          882848,
          884416,
          885600,
          884160,
          884576,
          884576,
          884864,
          884768,
          883296,
          882464
        ],
        "chunk_tokens": 96,
        "block_threads": 256,
        "staged_input_bytes": 206507060,
        "comparison": "tpt-matched",
        "abi_family": "packed",
        "launch_bounds_max_threads": 256,
        "launch_bounds_min_blocks": 4,
        "applicable": true
      },
      {
        "kernel": "onpair_decompress",
        "role": "production",
        "stage_bytes": null,
        "chunk_size": 128,
        "decode_ms": 0.875264,
        "decode_gib_s": 1064.0475108674623,
        "decode_ns_iters": [
          877664,
          878080,
          876448,
          878432,
          877632,
          877792,
          876032,
          876832,
          876736,
          875264,
          877600,
          877088,
          875616,
          875424,
          878752,
          876288,
          876928,
          876128,
          878176,
          880224,
          877152,
          875904,
          877504,
          877088,
          877984,
          878464,
          877952,
          876576,
          875488,
          876800
        ],
        "chunk_tokens": 128,
        "block_threads": 256,
        "staged_input_bytes": 204442660,
        "comparison": "tpt-matched",
        "abi_family": "packed",
        "launch_bounds_max_threads": 256,
        "launch_bounds_min_blocks": 4,
        "applicable": true
      },
      {
        "kernel": "onpair_decompress_5tpt",
        "role": "production",
        "stage_bytes": null,
        "chunk_size": 160,
        "decode_ms": 0.871936,
        "decode_gib_s": 1068.1087609089411,
        "decode_ns_iters": [
          873664,
          874624,
          875392,
          874336,
          875136,
          874848,
          874944,
          874016,
          875552,
          873920,
          874880,
          873888,
          873920,
          873632,
          876000,
          875584,
          873280,
          874688,
          871936,
          873440,
          875776,
          873024,
          873888,
          875424,
          874656,
          873504,
          873120,
          874784,
          875744,
          872736
        ],
        "chunk_tokens": 160,
        "block_threads": 256,
        "staged_input_bytes": 203204028,
        "comparison": "tpt-matched",
        "abi_family": "packed",
        "launch_bounds_max_threads": 256,
        "launch_bounds_min_blocks": 4,
        "applicable": true
      },
      {
        "kernel": "onpair_decompress_6tpt",
        "role": "production",
        "stage_bytes": null,
        "chunk_size": 192,
        "decode_ms": 0.869088,
        "decode_gib_s": 1071.6089516273364,
        "decode_ns_iters": [
          872032,
          871552,
          869856,
          870912,
          875808,
          870720,
          870528,
          876864,
          872768,
          871680,
          873600,
          873856,
          875168,
          869344,
          870464,
          872032,
          871904,
          870976,
          872032,
          872832,
          871040,
          877184,
          870912,
          872320,
          870752,
          873504,
          874368,
          871008,
          869088,
          872352
        ],
        "chunk_tokens": 192,
        "block_threads": 256,
        "staged_input_bytes": 202378268,
        "comparison": "tpt-matched",
        "abi_family": "packed",
        "launch_bounds_max_threads": 256,
        "launch_bounds_min_blocks": 4,
        "applicable": true
      },
      {
        "kernel": "onpair_decompress_7tpt",
        "role": "production",
        "stage_bytes": null,
        "chunk_size": 224,
        "decode_ms": 0.87008,
        "decode_gib_s": 1070.3871834220975,
        "decode_ns_iters": [
          872480,
          870816,
          871104,
          870912,
          871008,
          871072,
          872416,
          872896,
          872832,
          871072,
          871296,
          872768,
          872512,
          870176,
          872800,
          873024,
          872896,
          871616,
          871680,
          870080,
          872416,
          881312,
          873216,
          872192,
          872096,
          872288,
          870720,
          871392,
          870784,
          870176
        ],
        "chunk_tokens": 224,
        "block_threads": 256,
        "staged_input_bytes": 201788444,
        "comparison": "tpt-matched",
        "abi_family": "packed",
        "launch_bounds_max_threads": 256,
        "launch_bounds_min_blocks": 4,
        "applicable": true
      },
      {
        "kernel": "onpair_decompress_8tpt",
        "role": "production",
        "stage_bytes": null,
        "chunk_size": 256,
        "decode_ms": 0.905152,
        "decode_gib_s": 1028.9128019955747,
        "decode_ns_iters": [
          907104,
          909792,
          909664,
          907200,
          906208,
          905440,
          907104,
          908704,
          906048,
          906432,
          907040,
          910176,
          908640,
          908800,
          910944,
          907360,
          910048,
          914816,
          915872,
          906016,
          907936,
          907072,
          907360,
          907136,
          910304,
          905152,
          907872,
          909312,
          908544,
          907008
        ],
        "chunk_tokens": 256,
        "block_threads": 256,
        "staged_input_bytes": 201346068,
        "comparison": "tpt-matched",
        "abi_family": "packed",
        "launch_bounds_max_threads": 256,
        "launch_bounds_min_blocks": 4,
        "applicable": true
      },
      {
        "kernel": "onpair_shmem_4tpt_split8read",
        "role": "production",
        "stage_bytes": null,
        "chunk_size": 128,
        "decode_ms": 0.876608,
        "decode_gib_s": 1062.416131899205,
        "decode_ns_iters": [
          876768,
          878304,
          876992,
          879488,
          878624,
          877824,
          876864,
          880352,
          877984,
          877856,
          880256,
          878464,
          877024,
          879904,
          878912,
          876608,
          879808,
          883136,
          877280,
          878752,
          877440,
          878208,
          878464,
          878528,
          878688,
          880032,
          879648,
          879552,
          877888,
          878624
        ],
        "chunk_tokens": 128,
        "block_threads": 512,
        "staged_input_bytes": 204477476,
        "applicable": true
      },
      {
        "kernel": "onpair_shmem_8tpt",
        "role": "production",
        "stage_bytes": null,
        "chunk_size": 256,
        "decode_ms": 0.870496,
        "decode_gib_s": 1069.8756577306483,
        "decode_ns_iters": [
          874208,
          873472,
          872032,
          872800,
          870816,
          872384,
          872128,
          873888,
          874912,
          872736,
          875104,
          876480,
          873152,
          873056,
          872608,
          873600,
          874912,
          871808,
          873120,
          870496,
          873536,
          874784,
          871968,
          872736,
          874144,
          872608,
          875264,
          875360,
          873344,
          873696
        ],
        "chunk_tokens": 256,
        "block_threads": 256,
        "staged_input_bytes": 201348100,
        "applicable": true
      },
      {
        "kernel": "onpair_shmem_8tpt_b128",
        "role": "production",
        "stage_bytes": null,
        "chunk_size": 256,
        "decode_ms": 0.870752,
        "decode_gib_s": 1069.5611156240795,
        "decode_ns_iters": [
          873440,
          872288,
          872320,
          874208,
          870752,
          873120,
          872288,
          870976,
          872416,
          874048,
          874080,
          875360,
          873600,
          875200,
          873440,
          872544,
          875008,
          874912,
          872384,
          874656,
          871136,
          871776,
          874112,
          871616,
          879776,
          871008,
          871776,
          871616,
          872640,
          872512
        ],
        "chunk_tokens": 256,
        "block_threads": 128,
        "staged_input_bytes": 201348100,
        "applicable": true
      },
      {
        "kernel": "onpair_shmem_s8_4tpt",
        "role": "production",
        "stage_bytes": null,
        "chunk_size": 128,
        "decode_ms": 0.0,
        "decode_gib_s": 0.0,
        "chunk_tokens": 128,
        "block_threads": 512,
        "staged_input_bytes": 204411924,
        "applicable": false,
        "reason": "dictionary entry longer than 8 bytes"
      },
      {
        "kernel": "onpair_shmem_s4l1_16tpt",
        "role": "production",
        "stage_bytes": null,
        "chunk_size": 512,
        "decode_ms": 0.0,
        "decode_gib_s": 0.0,
        "chunk_tokens": 512,
        "block_threads": 256,
        "staged_input_bytes": 199750652,
        "applicable": false,
        "reason": "dictionary entry longer than 4 bytes"
      },
      {
        "kernel": "onpair_shmem_const1",
        "role": "production",
        "stage_bytes": null,
        "chunk_size": 512,
        "decode_ms": 0.0,
        "decode_gib_s": 0.0,
        "chunk_tokens": 512,
        "block_threads": 512,
        "staged_input_bytes": 198185948,
        "applicable": false,
        "reason": "not every dictionary entry is exactly 1 byte"
      },
      {
        "kernel": "onpair_shmem_const2",
        "role": "production",
        "stage_bytes": null,
        "chunk_size": 256,
        "decode_ms": 0.0,
        "decode_gib_s": 0.0,
        "chunk_tokens": 256,
        "block_threads": 512,
        "staged_input_bytes": 198190044,
        "applicable": false,
        "reason": "not every dictionary entry is exactly 2 bytes"
      },
      {
        "kernel": "onpair_dg_k1_t64_b1",
        "role": "experimental",
        "stage_bytes": null,
        "chunk_size": 32,
        "decode_ms": 1.097696,
        "decode_gib_s": 848.4338838365982,
        "decode_ns_iters": [
          1104704,
          1103488,
          1101344,
          1099872,
          1103040,
          1097696,
          1106144,
          1101216,
          1100928,
          1102400,
          1102464,
          1101920,
          1105760,
          1100864,
          1100288,
          1101632,
          1102240,
          1099776,
          1103136,
          1106048,
          1103104,
          1102912,
          1101824,
          1102432,
          1102048,
          1101600,
          1102112,
          1099776,
          1100768,
          1104384
        ],
        "chunk_tokens": 32,
        "block_threads": 64,
        "staged_input_bytes": 223022212,
        "applicable": true
      },
      {
        "kernel": "onpair_dg_k1_t64_b2",
        "role": "experimental",
        "stage_bytes": null,
        "chunk_size": 32,
        "decode_ms": 1.099552,
        "decode_gib_s": 847.0017612190222,
        "decode_ns_iters": [
          1099712,
          1100608,
          1102944,
          1104448,
          1107488,
          1101280,
          1101760,
          1103968,
          1102144,
          1101856,
          1102368,
          1101760,
          1100512,
          1103392,
          1104416,
          1102912,
          1102240,
          1101024,
          1104160,
          1101984,
          1102816,
          1104000,
          1102048,
          1109120,
          1100128,
          1103616,
          1101952,
          1104704,
          1099552,
          1102752
        ],
        "chunk_tokens": 32,
        "block_threads": 64,
        "staged_input_bytes": 223022212,
        "applicable": true
      },
      {
        "kernel": "onpair_dg_k1_t64_b4",
        "role": "experimental",
        "stage_bytes": null,
        "chunk_size": 32,
        "decode_ms": 1.1,
        "decode_gib_s": 846.6568005017258,
        "decode_ns_iters": [
          1105440,
          1101792,
          1100864,
          1101376,
          1105600,
          1107296,
          1103520,
          1102464,
          1103744,
          1105536,
          1101632,
          1102752,
          1105056,
          1104160,
          1111712,
          1100128,
          1104768,
          1100288,
          1103488,
          1102400,
          1103200,
          1100000,
          1100640,
          1103072,
          1102560,
          1106368,
          1102912,
          1107872,
          1104064,
          1103520
        ],
        "chunk_tokens": 32,
        "block_threads": 64,
        "staged_input_bytes": 223022212,
        "applicable": true
      },
      {
        "kernel": "onpair_dg_k1_t64_b6",
        "role": "experimental",
        "stage_bytes": null,
        "chunk_size": 32,
        "decode_ms": 1.100512,
        "decode_gib_s": 846.2629035866021,
        "decode_ns_iters": [
          1102144,
          1103296,
          1101568,
          1100704,
          1104544,
          1106272,
          1100896,
          1103168,
          1104512,
          1100512,
          1105216,
          1102656,
          1101824,
          1107744,
          1100992,
          1102272,
          1102400,
          1103968,
          1103424,
          1102432,
          1103296,
          1105632,
          1103008,
          1102272,
          1103968,
          1103456,
          1104224,
          1104032,
          1104000,
          1103456
        ],
        "chunk_tokens": 32,
        "block_threads": 64,
        "staged_input_bytes": 223022212,
        "applicable": true
      },
      {
        "kernel": "onpair_dg_k1_t64_b8",
        "role": "experimental",
        "stage_bytes": null,
        "chunk_size": 32,
        "decode_ms": 1.097344,
        "decode_gib_s": 848.7060398124001,
        "decode_ns_iters": [
          1098176,
          1105152,
          1100544,
          1104000,
          1098816,
          1106560,
          1105408,
          1100544,
          1104192,
          1100704,
          1102240,
          1101888,
          1100256,
          1098944,
          1106112,
          1101760,
          1101888,
          1099456,
          1101888,
          1097344,
          1098176,
          1100800,
          1103680,
          1103776,
          1102272,
          1104352,
          1100256,
          1100416,
          1100576,
          1102304
        ],
        "chunk_tokens": 32,
        "block_threads": 64,
        "staged_input_bytes": 223022212,
        "applicable": true
      },
      {
        "kernel": "onpair_dg_k1_t128_b1",
        "role": "experimental",
        "stage_bytes": null,
        "chunk_size": 32,
        "decode_ms": 1.184736,
        "decode_gib_s": 786.1012753490216,
        "decode_ns_iters": [
          1191808,
          1189344,
          1199296,
          1186208,
          1184736,
          1189536,
          1188064,
          1187680,
          1194112,
          1192352,
          1188352,
          1190368,
          1192064,
          1187904,
          1189728,
          1188416,
          1189568,
          1186944,
          1189632,
          1187904,
          1188192,
          1184960,
          1187968,
          1185984,
          1190176,
          1189216,
          1197728,
          1189632,
          1190496,
          1194208
        ],
        "chunk_tokens": 32,
        "block_threads": 128,
        "staged_input_bytes": 223022212,
        "applicable": true
      },
      {
        "kernel": "onpair_dg_k1_t128_b2",
        "role": "experimental",
        "stage_bytes": null,
        "chunk_size": 32,
        "decode_ms": 1.183712,
        "decode_gib_s": 786.7813121366501,
        "decode_ns_iters": [
          1189472,
          1191264,
          1187296,
          1188448,
          1189696,
          1189888,
          1185920,
          1186912,
          1188768,
          1190272,
          1187808,
          1189312,
          1187296,
          1188320,
          1186400,
          1185568,
          1191616,
          1185472,
          1188192,
          1190240,
          1190112,
          1191648,
          1191008,
          1185792,
          1188832,
          1184608,
          1189472,
          1187424,
          1183712,
          1184000
        ],
        "chunk_tokens": 32,
        "block_threads": 128,
        "staged_input_bytes": 223022212,
        "applicable": true
      },
      {
        "kernel": "onpair_dg_k1_t128_b4",
        "role": "experimental",
        "stage_bytes": null,
        "chunk_size": 32,
        "decode_ms": 1.177504,
        "decode_gib_s": 790.9293561226955,
        "decode_ns_iters": [
          1181184,
          1181472,
          1177504,
          1182208,
          1184640,
          1185632,
          1184288,
          1190496,
          1181984,
          1179168,
          1185664,
          1187328,
          1187776,
          1181472,
          1189536,
          1182848,
          1186080,
          1177568,
          1193120,
          1182432,
          1180160,
          1187360,
          1183520,
          1188704,
          1183200,
          1183936,
          1184736,
          1181792,
          1183712,
          1179808
        ],
        "chunk_tokens": 32,
        "block_threads": 128,
        "staged_input_bytes": 223022212,
        "applicable": true
      },
      {
        "kernel": "onpair_dg_k1_t128_b6",
        "role": "experimental",
        "stage_bytes": null,
        "chunk_size": 32,
        "decode_ms": 1.174624,
        "decode_gib_s": 792.8685950158506,
        "decode_ns_iters": [
          1182208,
          1183936,
          1184928,
          1185824,
          1174624,
          1183456,
          1191040,
          1183168,
          1185344,
          1175712,
          1178400,
          1180992,
          1181088,
          1185184,
          1181024,
          1183584,
          1185408,
          1178016,
          1176896,
          1186016,
          1182976,
          1177952,
          1182816,
          1182080,
          1183456,
          1187104,
          1179616,
          1181760,
          1182816,
          1179584
        ],
        "chunk_tokens": 32,
        "block_threads": 128,
        "staged_input_bytes": 223022212,
        "applicable": true
      },
      {
        "kernel": "onpair_dg_k1_t128_b8",
        "role": "experimental",
        "stage_bytes": null,
        "chunk_size": 32,
        "decode_ms": 1.17616,
        "decode_gib_s": 791.8331524213529,
        "decode_ns_iters": [
          1177312,
          1181696,
          1179328,
          1181888,
          1181568,
          1182944,
          1183424,
          1183904,
          1180672,
          1187328,
          1183968,
          1187968,
          1180704,
          1180992,
          1183968,
          1181920,
          1180352,
          1180544,
          1176672,
          1182080,
          1183904,
          1179552,
          1176224,
          1177536,
          1182400,
          1181504,
          1180064,
          1178176,
          1176160,
          1186112
        ],
        "chunk_tokens": 32,
        "block_threads": 128,
        "staged_input_bytes": 223022212,
        "applicable": true
      },
      {
        "kernel": "onpair_dg_k1_t256_b1",
        "role": "experimental",
        "stage_bytes": null,
        "chunk_size": 32,
        "decode_ms": 1.217216,
        "decode_gib_s": 765.1250727495353,
        "decode_ns_iters": [
          1219328,
          1224416,
          1217728,
          1222592,
          1225888,
          1222560,
          1224704,
          1227520,
          1226432,
          1223968,
          1226592,
          1223808,
          1224224,
          1219104,
          1224576,
          1230912,
          1220960,
          1219072,
          1225280,
          1221536,
          1225024,
          1225088,
          1224448,
          1221504,
          1227520,
          1221408,
          1222304,
          1221248,
          1219200,
          1217216
        ],
        "chunk_tokens": 32,
        "block_threads": 256,
        "staged_input_bytes": 223022212,
        "applicable": true
      },
      {
        "kernel": "onpair_dg_k1_t256_b2",
        "role": "experimental",
        "stage_bytes": null,
        "chunk_size": 32,
        "decode_ms": 1.2168,
        "decode_gib_s": 765.3866539709882,
        "decode_ns_iters": [
          1222560,
          1223104,
          1228064,
          1226112,
          1228288,
          1224416,
          1220608,
          1224000,
          1224800,
          1223776,
          1224992,
          1228864,
          1220064,
          1224800,
          1227040,
          1218848,
          1222848,
          1224960,
          1226912,
          1222464,
          1230560,
          1226592,
          1223904,
          1219840,
          1229280,
          1223360,
          1224928,
          1216800,
          1217600,
          1227712
        ],
        "chunk_tokens": 32,
        "block_threads": 256,
        "staged_input_bytes": 223022212,
        "applicable": true
      },
      {
        "kernel": "onpair_dg_k1_t256_b4",
        "role": "experimental",
        "stage_bytes": null,
        "chunk_size": 32,
        "decode_ms": 1.21904,
        "decode_gib_s": 763.9802472042744,
        "decode_ns_iters": [
          1226240,
          1222880,
          1231552,
          1220992,
          1219040,
          1226464,
          1222784,
          1224576,
          1224160,
          1225184,
          1220960,
          1223136,
          1228032,
          1220000,
          1228032,
          1227520,
          1228096,
          1227712,
          1224480,
          1225952,
          1224992,
          1224768,
          1226944,
          1225920,
          1221696,
          1220928,
          1221824,
          1225408,
          1219808,
          1229728
        ],
        "chunk_tokens": 32,
        "block_threads": 256,
        "staged_input_bytes": 223022212,
        "applicable": true
      },
      {
        "kernel": "onpair_dg_k1_t256_b6",
        "role": "experimental",
        "stage_bytes": null,
        "chunk_size": 32,
        "decode_ms": 1.076928,
        "decode_gib_s": 864.7954928759383,
        "decode_ns_iters": [
          1080064,
          1080032,
          1081120,
          1080800,
          1081024,
          1079296,
          1079168,
          1077184,
          1078560,
          1082368,
          1080960,
          1082144,
          1078368,
          1078272,
          1077760,
          1077856,
          1082528,
          1077888,
          1081792,
          1082592,
          1080064,
          1078848,
          1079776,
          1077376,
          1078400,
          1078720,
          1084640,
          1078976,
          1076928,
          1081440
        ],
        "chunk_tokens": 32,
        "block_threads": 256,
        "staged_input_bytes": 223022212,
        "applicable": true
      },
      {
        "kernel": "onpair_dg_k1_t256_b8",
        "role": "experimental",
        "stage_bytes": null,
        "chunk_size": 32,
        "decode_ms": 1.074016,
        "decode_gib_s": 867.140229337271,
        "decode_ns_iters": [
          1079616,
          1078304,
          1074016,
          1082784,
          1079840,
          1076896,
          1077984,
          1079872,
          1079744,
          1076416,
          1080448,
          1079712,
          1076512,
          1081984,
          1077760,
          1080096,
          1076768,
          1078272,
          1078144,
          1080672,
          1078880,
          1079328,
          1084576,
          1080288,
          1080640,
          1080896,
          1078656,
          1079168,
          1078368,
          1077280
        ],
        "chunk_tokens": 32,
        "block_threads": 256,
        "staged_input_bytes": 223022212,
        "applicable": true
      },
      {
        "kernel": "onpair_dg_k2_t64_b1",
        "role": "experimental",
        "stage_bytes": null,
        "chunk_size": 64,
        "decode_ms": 0.9008,
        "decode_gib_s": 1033.8837483924274,
        "decode_ns_iters": [
          904512,
          902656,
          903328,
          903264,
          902624,
          902624,
          907392,
          902176,
          902752,
          903072,
          901696,
          900800,
          901664,
          902336,
          902944,
          903328,
          902112,
          901408,
          904768,
          902304,
          902880,
          904416,
          903296,
          903040,
          902080,
          903680,
          902688,
          902592,
          903584,
          909376
        ],
        "chunk_tokens": 64,
        "block_threads": 64,
        "staged_input_bytes": 210635844,
        "applicable": true
      },
      {
        "kernel": "onpair_dg_k2_t64_b2",
        "role": "experimental",
        "stage_bytes": null,
        "chunk_size": 64,
        "decode_ms": 0.89984,
        "decode_gib_s": 1034.9867538138985,
        "decode_ns_iters": [
          899840,
          902432,
          903744,
          911104,
          900928,
          900992,
          903456,
          902528,
          900480,
          904416,
          901760,
          902944,
          902240,
          902080,
          901632,
          903456,
          901792,
          902208,
          903136,
          900960,
          901440,
          902272,
          901856,
          902688,
          900704,
          903072,
          910560,
          903136,
          903200,
          903424
        ],
        "chunk_tokens": 64,
        "block_threads": 64,
        "staged_input_bytes": 210635844,
        "applicable": true
      },
      {
        "kernel": "onpair_dg_k2_t64_b4",
        "role": "experimental",
        "stage_bytes": null,
        "chunk_size": 64,
        "decode_ms": 0.901152,
        "decode_gib_s": 1033.4799018943515,
        "decode_ns_iters": [
          909184,
          905504,
          903008,
          903648,
          901152,
          901792,
          901984,
          903104,
          902208,
          902208,
          901760,
          903424,
          902912,
          903392,
          904512,
          903360,
          901568,
          902368,
          904128,
          902144,
          903904,
          903520,
          903232,
          902816,
          908384,
          903520,
          903264,
          903264,
          902560,
          902816
        ],
        "chunk_tokens": 64,
        "block_threads": 64,
        "staged_input_bytes": 210635844,
        "applicable": true
      },
      {
        "kernel": "onpair_dg_k2_t64_b6",
        "role": "experimental",
        "stage_bytes": null,
        "chunk_size": 64,
        "decode_ms": 0.901248,
        "decode_gib_s": 1033.3698166896331,
        "decode_ns_iters": [
          905248,
          902368,
          903392,
          903712,
          902688,
          902144,
          904544,
          904864,
          908352,
          905024,
          902112,
          903200,
          903904,
          903904,
          903104,
          902400,
          902176,
          902720,
          901984,
          902656,
          903712,
          910496,
          903392,
          901248,
          903424,
          904448,
          904000,
          904480,
          903488,
          903488
        ],
        "chunk_tokens": 64,
        "block_threads": 64,
        "staged_input_bytes": 210635844,
        "applicable": true
      },
      {
        "kernel": "onpair_dg_k2_t64_b8",
        "role": "experimental",
        "stage_bytes": null,
        "chunk_size": 64,
        "decode_ms": 0.900032,
        "decode_gib_s": 1034.7659644900386,
        "decode_ns_iters": [
          902112,
          903104,
          902528,
          903264,
          902816,
          901664,
          902272,
          901824,
          903392,
          902752,
          903904,
          904928,
          901344,
          903040,
          902304,
          901632,
          903104,
          903904,
          905376,
          907392,
          901984,
          900032,
          903552,
          902400,
          902784,
          900992,
          901568,
          901888,
          902048,
          902656
        ],
        "chunk_tokens": 64,
        "block_threads": 64,
        "staged_input_bytes": 210635844,
        "applicable": true
      },
      {
        "kernel": "onpair_dg_k2_t128_b1",
        "role": "experimental",
        "stage_bytes": null,
        "chunk_size": 64,
        "decode_ms": 0.90048,
        "decode_gib_s": 1034.2511555524816,
        "decode_ns_iters": [
          901536,
          902624,
          904032,
          903072,
          902624,
          902208,
          903072,
          900960,
          901984,
          901920,
          902400,
          902432,
          902240,
          903360,
          902336,
          911072,
          909792,
          901120,
          903584,
          900480,
          903712,
          902688,
          902752,
          903936,
          903104,
          901536,
          904288,
          902432,
          900736,
          905472
        ],
        "chunk_tokens": 64,
        "block_threads": 128,
        "staged_input_bytes": 210635844,
        "applicable": true
      },
      {
        "kernel": "onpair_dg_k2_t128_b2",
        "role": "experimental",
        "stage_bytes": null,
        "chunk_size": 64,
        "decode_ms": 0.90048,
        "decode_gib_s": 1034.2511555524816,
        "decode_ns_iters": [
          904032,
          901728,
          900640,
          901632,
          902496,
          902304,
          903936,
          901952,
          901568,
          901088,
          902240,
          901472,
          903552,
          910016,
          902336,
          902816,
          902720,
          901696,
          902688,
          901024,
          902592,
          900736,
          902592,
          902432,
          902560,
          901760,
          902720,
          900480,
          901568,
          902976
        ],
        "chunk_tokens": 64,
        "block_threads": 128,
        "staged_input_bytes": 210635844,
        "applicable": true
      },
      {
        "kernel": "onpair_dg_k2_t128_b4",
        "role": "experimental",
        "stage_bytes": null,
        "chunk_size": 64,
        "decode_ms": 0.901024,
        "decode_gib_s": 1033.6267186577697,
        "decode_ns_iters": [
          901952,
          905568,
          904256,
          902400,
          904928,
          903584,
          902752,
          903008,
          901440,
          904160,
          903744,
          909408,
          901024,
          902496,
          903968,
          902336,
          902528,
          903136,
          902816,
          903040,
          903360,
          902976,
          902176,
          902720,
          902816,
          904256,
          901792,
          902912,
          902496,
          903264
        ],
        "chunk_tokens": 64,
        "block_threads": 128,
        "staged_input_bytes": 210635844,
        "applicable": true
      },
      {
        "kernel": "onpair_dg_k2_t128_b6",
        "role": "experimental",
        "stage_bytes": null,
        "chunk_size": 64,
        "decode_ms": 0.900928,
        "decode_gib_s": 1033.7368586079003,
        "decode_ns_iters": [
          902720,
          902880,
          903456,
          901536,
          904192,
          901632,
          903712,
          905056,
          909408,
          903232,
          902048,
          902432,
          903360,
          903616,
          902176,
          902560,
          902592,
          900992,
          902016,
          901600,
          902784,
          901696,
          903392,
          900928,
          902176,
          902304,
          901888,
          902080,
          903456,
          904160
        ],
        "chunk_tokens": 64,
        "block_threads": 128,
        "staged_input_bytes": 210635844,
        "applicable": true
      },
      {
        "kernel": "onpair_dg_k2_t128_b8",
        "role": "experimental",
        "stage_bytes": null,
        "chunk_size": 64,
        "decode_ms": 0.901088,
        "decode_gib_s": 1033.553305062212,
        "decode_ns_iters": [
          902816,
          904224,
          903392,
          904288,
          903168,
          903328,
          911488,
          902240,
          902848,
          903872,
          902944,
          901760,
          901088,
          903136,
          903296,
          903168,
          901472,
          901184,
          901440,
          903200,
          902464,
          903392,
          903360,
          903840,
          901440,
          903296,
          902432,
          903200,
          904160,
          903520
        ],
        "chunk_tokens": 64,
        "block_threads": 128,
        "staged_input_bytes": 210635844,
        "applicable": true
      },
      {
        "kernel": "onpair_dg_k2_t256_b1",
        "role": "experimental",
        "stage_bytes": null,
        "chunk_size": 64,
        "decode_ms": 0.90464,
        "decode_gib_s": 1029.4951367968458,
        "decode_ns_iters": [
          908704,
          907040,
          907072,
          909280,
          904640,
          912224,
          905952,
          907488,
          907328,
          905120,
          906560,
          905280,
          906496,
          904864,
          905184,
          907904,
          906304,
          907168,
          905920,
          907104,
          904832,
          905728,
          906880,
          906336,
          905984,
          904704,
          905408,
          906880,
          907200,
          907136
        ],
        "chunk_tokens": 64,
        "block_threads": 256,
        "staged_input_bytes": 210635844,
        "applicable": true
      },
      {
        "kernel": "onpair_dg_k2_t256_b2",
        "role": "experimental",
        "stage_bytes": null,
        "chunk_size": 64,
        "decode_ms": 0.905856,
        "decode_gib_s": 1028.1131664987574,
        "decode_ns_iters": [
          908384,
          907296,
          906528,
          908704,
          907552,
          917536,
          906240,
          906880,
          906880,
          906304,
          906592,
          906816,
          906592,
          906976,
          906528,
          907168,
          906144,
          907616,
          906560,
          907552,
          906016,
          906880,
          906752,
          906720,
          906048,
          905856,
          905856,
          906240,
          906592,
          908256
        ],
        "chunk_tokens": 64,
        "block_threads": 256,
        "staged_input_bytes": 210635844,
        "applicable": true
      },
      {
        "kernel": "onpair_dg_k2_t256_b4",
        "role": "experimental",
        "stage_bytes": null,
        "chunk_size": 64,
        "decode_ms": 0.904032,
        "decode_gib_s": 1030.187516096663,
        "decode_ns_iters": [
          906368,
          906048,
          906272,
          906080,
          907424,
          912512,
          906432,
          906496,
          906208,
          908672,
          906528,
          906560,
          906368,
          906400,
          907360,
          906464,
          905504,
          905920,
          905408,
          906176,
          906784,
          907328,
          906720,
          904032,
          907168,
          905216,
          905472,
          906944,
          906528,
          904672
        ],
        "chunk_tokens": 64,
        "block_threads": 256,
        "staged_input_bytes": 210635844,
        "applicable": true
      },
      {
        "kernel": "onpair_dg_k2_t256_b6",
        "role": "experimental",
        "stage_bytes": null,
        "chunk_size": 64,
        "decode_ms": 0.898112,
        "decode_gib_s": 1036.9781057951552,
        "decode_ns_iters": [
          899808,
          900448,
          900032,
          900384,
          906880,
          898784,
          899840,
          901888,
          900512,
          899136,
          899360,
          898336,
          900448,
          898720,
          899616,
          899200,
          900064,
          899936,
          900512,
          901120,
          898112,
          902880,
          899648,
          898720,
          899456,
          898528,
          903968,
          898144,
          902144,
          899840
        ],
        "chunk_tokens": 64,
        "block_threads": 256,
        "staged_input_bytes": 210635844,
        "applicable": true
      },
      {
        "kernel": "onpair_dg_k2_t256_b8",
        "role": "experimental",
        "stage_bytes": null,
        "chunk_size": 64,
        "decode_ms": 0.898496,
        "decode_gib_s": 1036.534921192636,
        "decode_ns_iters": [
          909440,
          902144,
          900256,
          900064,
          900480,
          904160,
          900640,
          903424,
          902560,
          901536,
          902592,
          899840,
          900352,
          898496,
          901408,
          898720,
          898496,
          901184,
          900480,
          900384,
          901408,
          903328,
          900288,
          907328,
          898816,
          901280,
          901984,
          901600,
          903872,
          900800
        ],
        "chunk_tokens": 64,
        "block_threads": 256,
        "staged_input_bytes": 210635844,
        "applicable": true
      },
      {
        "kernel": "onpair_dg_k3_t64_b1",
        "role": "experimental",
        "stage_bytes": null,
        "chunk_size": 96,
        "decode_ms": 0.879104,
        "decode_gib_s": 1059.3996621012968,
        "decode_ns_iters": [
          880736,
          881216,
          881024,
          880896,
          880544,
          880800,
          879136,
          880320,
          881856,
          879488,
          880512,
          880608,
          880032,
          885856,
          881376,
          881472,
          881440,
          883200,
          880096,
          880128,
          879680,
          880384,
          879104,
          880224,
          879264,
          880640,
          881216,
          880992,
          881568,
          884896
        ],
        "chunk_tokens": 96,
        "block_threads": 64,
        "staged_input_bytes": 206507060,
        "applicable": true
      },
      {
        "kernel": "onpair_dg_k3_t64_b2",
        "role": "experimental",
        "stage_bytes": null,
        "chunk_size": 96,
        "decode_ms": 0.878144,
        "decode_gib_s": 1060.5578134701125,
        "decode_ns_iters": [
          882528,
          880096,
          880256,
          880512,
          880768,
          879008,
          884736,
          882688,
          880192,
          881152,
          878848,
          881408,
          880864,
          879168,
          880288,
          880288,
          880928,
          887328,
          882496,
          879840,
          878592,
          880160,
          882272,
          878144,
          880224,
          880832,
          881120,
          879552,
          882016,
          881152
        ],
        "chunk_tokens": 96,
        "block_threads": 64,
        "staged_input_bytes": 206507060,
        "applicable": true
      },
      {
        "kernel": "onpair_dg_k3_t64_b4",
        "role": "experimental",
        "stage_bytes": null,
        "chunk_size": 96,
        "decode_ms": 0.878368,
        "decode_gib_s": 1060.2873517157939,
        "decode_ns_iters": [
          879520,
          878912,
          880352,
          881440,
          881152,
          887136,
          879904,
          882976,
          879936,
          880320,
          879456,
          878368,
          878880,
          879680,
          879904,
          881088,
          879872,
          883584,
          879744,
          879776,
          878816,
          879424,
          880000,
          879328,
          880416,
          879360,
          880192,
          879360,
          879680,
          880064
        ],
        "chunk_tokens": 96,
        "block_threads": 64,
        "staged_input_bytes": 206507060,
        "applicable": true
      },
      {
        "kernel": "onpair_dg_k3_t64_b6",
        "role": "experimental",
        "stage_bytes": null,
        "chunk_size": 96,
        "decode_ms": 0.877952,
        "decode_gib_s": 1060.7897476762948,
        "decode_ns_iters": [
          881088,
          880576,
          879968,
          883296,
          880768,
          879392,
          881664,
          880448,
          885664,
          880800,
          877952,
          879968,
          880352,
          880096,
          879104,
          879488,
          880544,
          879168,
          878720,
          880256,
          880256,
          879616,
          881120,
          885120,
          882080,
          878848,
          879456,
          880160,
          881888,
          880064
        ],
        "chunk_tokens": 96,
        "block_threads": 64,
        "staged_input_bytes": 206507060,
        "applicable": true
      },
      {
        "kernel": "onpair_dg_k3_t64_b8",
        "role": "experimental",
        "stage_bytes": null,
        "chunk_size": 96,
        "decode_ms": 0.878368,
        "decode_gib_s": 1060.2873517157939,
        "decode_ns_iters": [
          879616,
          882400,
          879104,
          880960,
          880544,
          880672,
          880480,
          879040,
          881760,
          880224,
          879808,
          881088,
          884032,
          880512,
          882464,
          881312,
          882080,
          881824,
          879168,
          879104,
          879712,
          880832,
          878368,
          880128,
          879840,
          880544,
          885696,
          879776,
          879584,
          880320
        ],
        "chunk_tokens": 96,
        "block_threads": 64,
        "staged_input_bytes": 206507060,
        "applicable": true
      },
      {
        "kernel": "onpair_dg_k3_t128_b1",
        "role": "experimental",
        "stage_bytes": null,
        "chunk_size": 96,
        "decode_ms": 0.879296,
        "decode_gib_s": 1059.1683352953937,
        "decode_ns_iters": [
          880544,
          879296,
          879296,
          880000,
          880640,
          880064,
          882208,
          879584,
          880000,
          881216,
          880000,
          879712,
          882080,
          881376,
          879936,
          880224,
          879456,
          879424,
          879392,
          882688,
          880800,
          881888,
          879712,
          879648,
          879968,
          879616,
          880704,
          881120,
          880352,
          885056
        ],
        "chunk_tokens": 96,
        "block_threads": 128,
        "staged_input_bytes": 206507060,
        "applicable": true
      },
      {
        "kernel": "onpair_dg_k3_t128_b2",
        "role": "experimental",
        "stage_bytes": null,
        "chunk_size": 96,
        "decode_ms": 0.878592,
        "decode_gib_s": 1060.0170278717521,
        "decode_ns_iters": [
          880256,
          881376,
          881536,
          887456,
          880192,
          880704,
          881056,
          880640,
          881536,
          883296,
          881472,
          879648,
          879936,
          881312,
          881344,
          881536,
          880768,
          881184,
          881408,
          878592,
          881408,
          880768,
          880704,
          887104,
          879936,
          880064,
          881280,
          880256,
          881056,
          882336
        ],
        "chunk_tokens": 96,
        "block_threads": 128,
        "staged_input_bytes": 206507060,
        "applicable": true
      },
      {
        "kernel": "onpair_dg_k3_t128_b4",
        "role": "experimental",
        "stage_bytes": null,
        "chunk_size": 96,
        "decode_ms": 0.87904,
        "decode_gib_s": 1059.4767934927856,
        "decode_ns_iters": [
          881536,
          883200,
          880320,
          880096,
          880160,
          882688,
          880512,
          881536,
          879040,
          883232,
          880416,
          886848,
          881888,
          879456,
          880672,
          881568,
          882112,
          879648,
          881856,
          880480,
          880192,
          881696,
          882144,
          881152,
          880704,
          880800,
          883296,
          881568,
          881408,
          879680
        ],
        "chunk_tokens": 96,
        "block_threads": 128,
        "staged_input_bytes": 206507060,
        "applicable": true
      },
      {
        "kernel": "onpair_dg_k3_t128_b6",
        "role": "experimental",
        "stage_bytes": null,
        "chunk_size": 96,
        "decode_ms": 0.87824,
        "decode_gib_s": 1060.4418843959493,
        "decode_ns_iters": [
          882272,
          880928,
          881024,
          880256,
          881504,
          880128,
          881568,
          881472,
          881056,
          880416,
          879040,
          880832,
          880768,
          879200,
          879616,
          882912,
          878240,
          879840,
          879904,
          880768,
          879872,
          880832,
          881152,
          881120,
          880672,
          879392,
          880896,
          879648,
          881152,
          880224
        ],
        "chunk_tokens": 96,
        "block_threads": 128,
        "staged_input_bytes": 206507060,
        "applicable": true
      },
      {
        "kernel": "onpair_dg_k3_t128_b8",
        "role": "experimental",
        "stage_bytes": null,
        "chunk_size": 96,
        "decode_ms": 0.873952,
        "decode_gib_s": 1065.6448873071959,
        "decode_ns_iters": [
          879904,
          881440,
          886144,
          881248,
          881728,
          879136,
          879456,
          879520,
          880800,
          879520,
          880608,
          878816,
          880576,
          873952,
          879328,
          881280,
          880480,
          881024,
          879808,
          879392,
          880192,
          879680,
          879680,
          880288,
          879776,
          882272,
          881024,
          882112,
          882240,
          880416
        ],
        "chunk_tokens": 96,
        "block_threads": 128,
        "staged_input_bytes": 206507060,
        "applicable": true
      },
      {
        "kernel": "onpair_dg_k3_t256_b1",
        "role": "experimental",
        "stage_bytes": null,
        "chunk_size": 96,
        "decode_ms": 0.87888,
        "decode_gib_s": 1059.6696711176708,
        "decode_ns_iters": [
          881728,
          880288,
          881696,
          882784,
          882240,
          880896,
          880832,
          881344,
          880640,
          882112,
          881888,
          883040,
          881024,
          880544,
          881696,
          882336,
          881312,
          881440,
          880832,
          882240,
          880064,
          887936,
          882400,
          881280,
          882016,
          878880,
          880192,
          880704,
          880576,
          881568
        ],
        "chunk_tokens": 96,
        "block_threads": 256,
        "staged_input_bytes": 206507060,
        "applicable": true
      },
      {
        "kernel": "onpair_dg_k3_t256_b2",
        "role": "experimental",
        "stage_bytes": null,
        "chunk_size": 96,
        "decode_ms": 0.879456,
        "decode_gib_s": 1058.9756401137731,
        "decode_ns_iters": [
          880928,
          881760,
          880832,
          880896,
          882304,
          880736,
          881984,
          880224,
          881248,
          879904,
          880480,
          880416,
          883936,
          880352,
          881312,
          882496,
          880864,
          880064,
          881504,
          880096,
          880800,
          880128,
          881728,
          879808,
          888512,
          883168,
          881664,
          881536,
          880512,
          879456
        ],
        "chunk_tokens": 96,
        "block_threads": 256,
        "staged_input_bytes": 206507060,
        "applicable": true
      },
      {
        "kernel": "onpair_dg_k3_t256_b4",
        "role": "experimental",
        "stage_bytes": null,
        "chunk_size": 96,
        "decode_ms": 0.879232,
        "decode_gib_s": 1059.2454330050527,
        "decode_ns_iters": [
          882656,
          880992,
          881408,
          881856,
          880160,
          880896,
          879232,
          879712,
          880992,
          880192,
          881472,
          879232,
          887200,
          880448,
          883200,
          881536,
          881952,
          881792,
          880736,
          880288,
          882560,
          882752,
          880384,
          880864,
          883264,
          881824,
          882432,
          879808,
          881920,
          881888
        ],
        "chunk_tokens": 96,
        "block_threads": 256,
        "staged_input_bytes": 206507060,
        "applicable": true
      },
      {
        "kernel": "onpair_dg_k3_t256_b6",
        "role": "experimental",
        "stage_bytes": null,
        "chunk_size": 96,
        "decode_ms": 0.877824,
        "decode_gib_s": 1060.944426846268,
        "decode_ns_iters": [
          886496,
          879296,
          879104,
          882240,
          880576,
          879904,
          879360,
          879392,
          878560,
          880992,
          879328,
          880160,
          880128,
          881120,
          878720,
          881760,
          880320,
          879392,
          880128,
          880672,
          879712,
          880192,
          880896,
          878944,
          880096,
          882016,
          878656,
          880224,
          879936,
          877824
        ],
        "chunk_tokens": 96,
        "block_threads": 256,
        "staged_input_bytes": 206507060,
        "applicable": true
      },
      {
        "kernel": "onpair_dg_k3_t256_b8",
        "role": "experimental",
        "stage_bytes": null,
        "chunk_size": 96,
        "decode_ms": 0.877152,
        "decode_gib_s": 1061.7572331270958,
        "decode_ns_iters": [
          880928,
          879808,
          879424,
          885888,
          879104,
          880544,
          881152,
          878688,
          879424,
          879584,
          879488,
          880256,
          879680,
          879392,
          882080,
          880096,
          879936,
          877888,
          886464,
          878144,
          879456,
          881568,
          877600,
          879104,
          877152,
          878592,
          880192,
          878784,
          879808,
          879008
        ],
        "chunk_tokens": 96,
        "block_threads": 256,
        "staged_input_bytes": 206507060,
        "applicable": true
      },
      {
        "kernel": "onpair_dg_k4_t64_b1",
        "role": "experimental",
        "stage_bytes": null,
        "chunk_size": 128,
        "decode_ms": 0.871776,
        "decode_gib_s": 1068.3047945250828,
        "decode_ns_iters": [
          874432,
          875040,
          874336,
          876608,
          874368,
          882848,
          875680,
          873248,
          872288,
          871776,
          872736,
          872320,
          873536,
          874016,
          872672,
          872192,
          873440,
          873824,
          872672,
          879584,
          872704,
          874656,
          874336,
          873792,
          874688,
          873472,
          873056,
          875744,
          873600,
          874112
        ],
        "chunk_tokens": 128,
        "block_threads": 64,
        "staged_input_bytes": 204442660,
        "applicable": true
      },
      {
        "kernel": "onpair_dg_k4_t64_b2",
        "role": "experimental",
        "stage_bytes": null,
        "chunk_size": 128,
        "decode_ms": 0.871744,
        "decode_gib_s": 1068.3440098835192,
        "decode_ns_iters": [
          873920,
          873536,
          872768,
          872352,
          874208,
          879328,
          872864,
          873632,
          873504,
          873568,
          873824,
          874752,
          873088,
          871744,
          873248,
          872704,
          873760,
          874336,
          871936,
          878784,
          872544,
          874048,
          873600,
          872256,
          873824,
          874496,
          874432,
          873504,
          873504,
          873920
        ],
        "chunk_tokens": 128,
        "block_threads": 64,
        "staged_input_bytes": 204442660,
        "applicable": true
      },
      {
        "kernel": "onpair_dg_k4_t64_b4",
        "role": "experimental",
        "stage_bytes": null,
        "chunk_size": 128,
        "decode_ms": 0.87152,
        "decode_gib_s": 1068.6185980263201,
        "decode_ns_iters": [
          873536,
          874720,
          873664,
          875488,
          876480,
          879232,
          871520,
          872256,
          874528,
          874144,
          874080,
          872672,
          873216,
          873568,
          874144,
          872288,
          874464,
          872256,
          873920,
          879168,
          873632,
          875168,
          874208,
          872768,
          874304,
          875136,
          872192,
          871968,
          874272,
          873280
        ],
        "chunk_tokens": 128,
        "block_threads": 64,
        "staged_input_bytes": 204442660,
        "applicable": true
      },
      {
        "kernel": "onpair_dg_k4_t64_b6",
        "role": "experimental",
        "stage_bytes": null,
        "chunk_size": 128,
        "decode_ms": 0.869824,
        "decode_gib_s": 1070.7022116564942,
        "decode_ns_iters": [
          873440,
          874912,
          873248,
          873536,
          874208,
          879680,
          873920,
          874560,
          873280,
          872064,
          873376,
          873376,
          873696,
          875424,
          873184,
          872544,
          874400,
          874080,
          873664,
          879360,
          874080,
          874080,
          874944,
          873472,
          869824,
          873760,
          873792,
          872576,
          872320,
          872576
        ],
        "chunk_tokens": 128,
        "block_threads": 64,
        "staged_input_bytes": 204442660,
        "applicable": true
      },
      {
        "kernel": "onpair_dg_k4_t64_b8",
        "role": "experimental",
        "stage_bytes": null,
        "chunk_size": 128,
        "decode_ms": 0.871616,
        "decode_gib_s": 1068.5009001118594,
        "decode_ns_iters": [
          872800,
          873184,
          874368,
          875360,
          873728,
          873600,
          871616,
          874592,
          872416,
          873664,
          872160,
          873792,
          873280,
          873376,
          872384,
          873952,
          873184,
          872960,
          872128,
          872384,
          873792,
          876096,
          875296,
          874848,
          873664,
          873280,
          871872,
          874112,
          875680,
          873600
        ],
        "chunk_tokens": 128,
        "block_threads": 64,
        "staged_input_bytes": 204442660,
        "applicable": true
      },
      {
        "kernel": "onpair_dg_k4_t128_b1",
        "role": "experimental",
        "stage_bytes": null,
        "chunk_size": 128,
        "decode_ms": 0.872672,
        "decode_gib_s": 1067.2079321347521,
        "decode_ns_iters": [
          874528,
          873280,
          872704,
          873792,
          875648,
          875680,
          874816,
          874592,
          874336,
          874624,
          875584,
          877472,
          875040,
          874912,
          876192,
          872672,
          874368,
          874304,
          873760,
          874208,
          875584,
          874112,
          875936,
          873760,
          873792,
          874720,
          873248,
          873664,
          875808,
          875232
        ],
        "chunk_tokens": 128,
        "block_threads": 128,
        "staged_input_bytes": 204442660,
        "applicable": true
      },
      {
        "kernel": "onpair_dg_k4_t128_b2",
        "role": "experimental",
        "stage_bytes": null,
        "chunk_size": 128,
        "decode_ms": 0.872512,
        "decode_gib_s": 1067.403635195732,
        "decode_ns_iters": [
          878016,
          875392,
          874912,
          876480,
          873376,
          874336,
          879968,
          873728,
          874368,
          873536,
          873248,
          875552,
          873664,
          875360,
          873728,
          874016,
          874208,
          875072,
          874464,
          874752,
          881376,
          875776,
          876352,
          873760,
          875744,
          875296,
          872672,
          874016,
          875744,
          872512
        ],
        "chunk_tokens": 128,
        "block_threads": 128,
        "staged_input_bytes": 204442660,
        "applicable": true
      },
      {
        "kernel": "onpair_dg_k4_t128_b4",
        "role": "experimental",
        "stage_bytes": null,
        "chunk_size": 128,
        "decode_ms": 0.872736,
        "decode_gib_s": 1067.1296710023405,
        "decode_ns_iters": [
          874464,
          874720,
          874240,
          874464,
          874368,
          875232,
          882496,
          874176,
          878112,
          874624,
          873216,
          873856,
          875008,
          876384,
          874816,
          873280,
          875072,
          874240,
          872736,
          874080,
          879584,
          873280,
          873568,
          873888,
          875968,
          873184,
          874400,
          873248,
          872768,
          874752
        ],
        "chunk_tokens": 128,
        "block_threads": 128,
        "staged_input_bytes": 204442660,
        "applicable": true
      },
      {
        "kernel": "onpair_dg_k4_t128_b6",
        "role": "experimental",
        "stage_bytes": null,
        "chunk_size": 128,
        "decode_ms": 0.872608,
        "decode_gib_s": 1067.2862047470323,
        "decode_ns_iters": [
          875360,
          875040,
          874144,
          877024,
          874912,
          876960,
          874848,
          873984,
          875584,
          874592,
          873728,
          875424,
          872832,
          874816,
          876288,
          873984,
          875296,
          874528,
          874144,
          872608,
          876608,
          880672,
          876288,
          876160,
          877152,
          875040,
          874144,
          875936,
          874176,
          875136
        ],
        "chunk_tokens": 128,
        "block_threads": 128,
        "staged_input_bytes": 204442660,
        "applicable": true
      },
      {
        "kernel": "onpair_dg_k4_t128_b8",
        "role": "experimental",
        "stage_bytes": null,
        "chunk_size": 128,
        "decode_ms": 0.872448,
        "decode_gib_s": 1067.4819365187363,
        "decode_ns_iters": [
          875456,
          875232,
          874624,
          874880,
          874368,
          875616,
          875968,
          881344,
          874304,
          874720,
          874528,
          875200,
          873504,
          876000,
          875264,
          875808,
          875488,
          874368,
          875168,
          874528,
          876416,
          873952,
          872448,
          873760,
          875232,
          874496,
          873888,
          877024,
          875488,
          875168
        ],
        "chunk_tokens": 128,
        "block_threads": 128,
        "staged_input_bytes": 204442660,
        "applicable": true
      },
      {
        "kernel": "onpair_dg_k4_t256_b1",
        "role": "experimental",
        "stage_bytes": null,
        "chunk_size": 128,
        "decode_ms": 0.87232,
        "decode_gib_s": 1067.6385736334125,
        "decode_ns_iters": [
          876288,
          873248,
          874880,
          875840,
          872736,
          874880,
          875904,
          872480,
          873824,
          874272,
          874176,
          874176,
          873568,
          876256,
          874656,
          877024,
          873152,
          874464,
          872736,
          874176,
          876544,
          874080,
          873568,
          872320,
          876544,
          875040,
          874688,
          872704,
          874752,
          872864
        ],
        "chunk_tokens": 128,
        "block_threads": 256,
        "staged_input_bytes": 204442660,
        "applicable": true
      },
      {
        "kernel": "onpair_dg_k4_t256_b2",
        "role": "experimental",
        "stage_bytes": null,
        "chunk_size": 128,
        "decode_ms": 0.871936,
        "decode_gib_s": 1068.1087609089411,
        "decode_ns_iters": [
          873984,
          872128,
          874848,
          872288,
          874624,
          875648,
          872416,
          871936,
          880064,
          873280,
          874336,
          874080,
          873408,
          875744,
          873824,
          873664,
          874176,
          873344,
          874688,
          873632,
          874304,
          872416,
          879488,
          874752,
          876992,
          872608,
          873760,
          877632,
          874176,
          873984
        ],
        "chunk_tokens": 128,
        "block_threads": 256,
        "staged_input_bytes": 204442660,
        "applicable": true
      },
      {
        "kernel": "onpair_dg_k4_t256_b4",
        "role": "experimental",
        "stage_bytes": null,
        "chunk_size": 128,
        "decode_ms": 0.872576,
        "decode_gib_s": 1067.3253453589125,
        "decode_ns_iters": [
          875424,
          874848,
          876288,
          875616,
          874240,
          875136,
          873344,
          874208,
          880864,
          875776,
          874304,
          873760,
          874912,
          876192,
          873280,
          874944,
          874144,
          873344,
          873952,
          874528,
          872736,
          874080,
          878976,
          872576,
          873984,
          875456,
          873984,
          873696,
          877568,
          873824
        ],
        "chunk_tokens": 128,
        "block_threads": 256,
        "staged_input_bytes": 204442660,
        "applicable": true
      },
      {
        "kernel": "onpair_dg_k4_t256_b6",
        "role": "experimental",
        "stage_bytes": null,
        "chunk_size": 128,
        "decode_ms": 0.87408,
        "decode_gib_s": 1065.488834605412,
        "decode_ns_iters": [
          876000,
          877280,
          875744,
          876128,
          875360,
          874240,
          877184,
          875520,
          876320,
          875264,
          876480,
          875744,
          874976,
          876768,
          874944,
          874080,
          876096,
          876896,
          875296,
          874656,
          876704,
          875808,
          877792,
          880800,
          874976,
          875008,
          876192,
          874880,
          875296,
          875296
        ],
        "chunk_tokens": 128,
        "block_threads": 256,
        "staged_input_bytes": 204442660,
        "applicable": true
      },
      {
        "kernel": "onpair_dg_k4_t256_b8",
        "role": "experimental",
        "stage_bytes": null,
        "chunk_size": 128,
        "decode_ms": 0.87232,
        "decode_gib_s": 1067.6385736334125,
        "decode_ns_iters": [
          874880,
          874048,
          876320,
          876288,
          874720,
          872928,
          873632,
          877984,
          875392,
          875168,
          876544,
          873632,
          873952,
          874432,
          873152,
          874976,
          875936,
          873504,
          874656,
          874368,
          874688,
          874944,
          877248,
          875744,
          875744,
          875456,
          875264,
          876416,
          874528,
          872320
        ],
        "chunk_tokens": 128,
        "block_threads": 256,
        "staged_input_bytes": 204442660,
        "applicable": true
      },
      {
        "kernel": "onpair_dg_k5_t64_b1",
        "role": "experimental",
        "stage_bytes": null,
        "chunk_size": 160,
        "decode_ms": 0.870368,
        "decode_gib_s": 1070.0329981707719,
        "decode_ns_iters": [
          873472,
          871808,
          871936,
          871520,
          872224,
          870432,
          871776,
          872736,
          873728,
          872928,
          873504,
          871584,
          872704,
          874240,
          871968,
          871392,
          872672,
          872064,
          871520,
          872640,
          870848,
          872224,
          871648,
          872352,
          878400,
          871072,
          871584,
          870368,
          871040,
          872800
        ],
        "chunk_tokens": 160,
        "block_threads": 64,
        "staged_input_bytes": 203204028,
        "applicable": true
      },
      {
        "kernel": "onpair_dg_k5_t64_b2",
        "role": "experimental",
        "stage_bytes": null,
        "chunk_size": 160,
        "decode_ms": 0.8704,
        "decode_gib_s": 1069.9936587223099,
        "decode_ns_iters": [
          873376,
          872416,
          872064,
          873152,
          872096,
          871104,
          872256,
          872224,
          872416,
          872800,
          870752,
          871264,
          872864,
          872576,
          870400,
          871648,
          870656,
          872000,
          872032,
          872288,
          871328,
          873376,
          871680,
          872096,
          878880,
          870944,
          871392,
          870464,
          872544,
          872224
        ],
        "chunk_tokens": 160,
        "block_threads": 64,
        "staged_input_bytes": 203204028,
        "applicable": true
      },
      {
        "kernel": "onpair_dg_k5_t64_b4",
        "role": "experimental",
        "stage_bytes": null,
        "chunk_size": 160,
        "decode_ms": 0.870208,
        "decode_gib_s": 1070.2297388117536,
        "decode_ns_iters": [
          870464,
          872800,
          870272,
          872384,
          872384,
          871200,
          870528,
          871424,
          872256,
          871200,
          877760,
          873184,
          870528,
          872832,
          871296,
          872288,
          871808,
          873824,
          872256,
          870880,
          872064,
          871968,
          871264,
          871840,
          870208,
          871680,
          871680,
          872320,
          873984,
          871584
        ],
        "chunk_tokens": 160,
        "block_threads": 64,
        "staged_input_bytes": 203204028,
        "applicable": true
      },
      {
        "kernel": "onpair_dg_k5_t64_b6",
        "role": "experimental",
        "stage_bytes": null,
        "chunk_size": 160,
        "decode_ms": 0.869824,
        "decode_gib_s": 1070.7022116564942,
        "decode_ns_iters": [
          872704,
          873024,
          873440,
          874432,
          871840,
          873152,
          870752,
          870560,
          871072,
          871648,
          877088,
          872800,
          871616,
          870592,
          871168,
          870880,
          872352,
          871200,
          871424,
          871648,
          873248,
          871488,
          871712,
          870784,
          872992,
          871808,
          873120,
          873248,
          869824,
          871808
        ],
        "chunk_tokens": 160,
        "block_threads": 64,
        "staged_input_bytes": 203204028,
        "applicable": true
      },
      {
        "kernel": "onpair_dg_k5_t64_b8",
        "role": "experimental",
        "stage_bytes": null,
        "chunk_size": 160,
        "decode_ms": 0.869504,
        "decode_gib_s": 1071.0962578112333,
        "decode_ns_iters": [
          871296,
          871840,
          871968,
          870816,
          869952,
          870080,
          872896,
          870432,
          870560,
          871776,
          872160,
          871968,
          872352,
          872704,
          871808,
          872992,
          870464,
          870336,
          871136,
          871232,
          871008,
          871072,
          873024,
          877248,
          869856,
          869504,
          870880,
          870240,
          871488,
          870752
        ],
        "chunk_tokens": 160,
        "block_threads": 64,
        "staged_input_bytes": 203204028,
        "applicable": true
      },
      {
        "kernel": "onpair_dg_k5_t128_b1",
        "role": "experimental",
        "stage_bytes": null,
        "chunk_size": 160,
        "decode_ms": 0.86992,
        "decode_gib_s": 1070.5840543405122,
        "decode_ns_iters": [
          872800,
          871424,
          873472,
          873632,
          871168,
          872672,
          871040,
          872736,
          872384,
          873472,
          874368,
          869920,
          873376,
          870336,
          871424,
          871808,
          870816,
          871552,
          871840,
          872576,
          872128,
          872928,
          871744,
          873472,
          876448,
          873568,
          872064,
          872416,
          872064,
          870880
        ],
        "chunk_tokens": 160,
        "block_threads": 128,
        "staged_input_bytes": 203204028,
        "applicable": true
      },
      {
        "kernel": "onpair_dg_k5_t128_b2",
        "role": "experimental",
        "stage_bytes": null,
        "chunk_size": 160,
        "decode_ms": 0.870304,
        "decode_gib_s": 1070.111685746473,
        "decode_ns_iters": [
          872448,
          872800,
          872160,
          872544,
          872736,
          872224,
          870976,
          871296,
          871552,
          872512,
          872832,
          872832,
          874336,
          872800,
          874560,
          870304,
          871104,
          871776,
          871840,
          871616,
          873568,
          872448,
          871552,
          871072,
          870720,
          873952,
          871232,
          871520,
          872864,
          871264
        ],
        "chunk_tokens": 160,
        "block_threads": 128,
        "staged_input_bytes": 203204028,
        "applicable": true
      },
      {
        "kernel": "onpair_dg_k5_t128_b4",
        "role": "experimental",
        "stage_bytes": null,
        "chunk_size": 160,
        "decode_ms": 0.870144,
        "decode_gib_s": 1070.3084553268177,
        "decode_ns_iters": [
          872672,
          872704,
          872000,
          875104,
          870176,
          872512,
          871776,
          871776,
          870144,
          872256,
          871360,
          870880,
          872128,
          871776,
          871616,
          871424,
          872128,
          871776,
          872000,
          872960,
          871744,
          871520,
          872384,
          876864,
          871648,
          870432,
          872704,
          872384,
          871680,
          872256
        ],
        "chunk_tokens": 160,
        "block_threads": 128,
        "staged_input_bytes": 203204028,
        "applicable": true
      },
      {
        "kernel": "onpair_dg_k5_t128_b6",
        "role": "experimental",
        "stage_bytes": null,
        "chunk_size": 160,
        "decode_ms": 0.870528,
        "decode_gib_s": 1069.8363298502732,
        "decode_ns_iters": [
          872128,
          871936,
          871776,
          872256,
          873472,
          872864,
          872128,
          872672,
          872320,
          872736,
          876096,
          872352,
          873568,
          873024,
          874208,
          871072,
          872576,
          872576,
          872576,
          871200,
          871616,
          873248,
          874336,
          872224,
          872992,
          870528,
          873024,
          872128,
          870592,
          871840
        ],
        "chunk_tokens": 160,
        "block_threads": 128,
        "staged_input_bytes": 203204028,
        "applicable": true
      },
      {
        "kernel": "onpair_dg_k5_t128_b8",
        "role": "experimental",
        "stage_bytes": null,
        "chunk_size": 160,
        "decode_ms": 0.869856,
        "decode_gib_s": 1070.6628229866765,
        "decode_ns_iters": [
          872832,
          871712,
          872416,
          873024,
          872480,
          871808,
          871936,
          872448,
          869856,
          871584,
          872416,
          871264,
          871360,
          873920,
          870656,
          871552,
          872512,
          872000,
          871872,
          873248,
          873312,
          872000,
          871264,
          871360,
          874176,
          872864,
          872576,
          873376,
          871936,
          870816
        ],
        "chunk_tokens": 160,
        "block_threads": 128,
        "staged_input_bytes": 203204028,
        "applicable": true
      },
      {
        "kernel": "onpair_dg_k5_t256_b1",
        "role": "experimental",
        "stage_bytes": null,
        "chunk_size": 160,
        "decode_ms": 0.870016,
        "decode_gib_s": 1070.465923100148,
        "decode_ns_iters": [
          871456,
          871904,
          871488,
          871520,
          873152,
          870592,
          874112,
          873152,
          873536,
          873696,
          871968,
          872576,
          871648,
          873568,
          872544,
          872768,
          872160,
          871584,
          870976,
          870112,
          871904,
          870080,
          870464,
          877792,
          871072,
          871648,
          870016,
          871776,
          873792,
          870912
        ],
        "chunk_tokens": 160,
        "block_threads": 256,
        "staged_input_bytes": 203204028,
        "applicable": true
      },
      {
        "kernel": "onpair_dg_k5_t256_b2",
        "role": "experimental",
        "stage_bytes": null,
        "chunk_size": 160,
        "decode_ms": 0.869952,
        "decode_gib_s": 1070.5446743635264,
        "decode_ns_iters": [
          873344,
          871392,
          874080,
          870784,
          869952,
          871392,
          873536,
          870976,
          870592,
          877920,
          872384,
          871840,
          872512,
          871776,
          870880,
          872224,
          871264,
          872320,
          872800,
          871712,
          870592,
          871840,
          870432,
          870496,
          875008,
          872960,
          872640,
          872736,
          870976,
          872224
        ],
        "chunk_tokens": 160,
        "block_threads": 256,
        "staged_input_bytes": 203204028,
        "applicable": true
      },
      {
        "kernel": "onpair_dg_k5_t256_b4",
        "role": "experimental",
        "stage_bytes": null,
        "chunk_size": 160,
        "decode_ms": 0.869472,
        "decode_gib_s": 1071.1356783794054,
        "decode_ns_iters": [
          871296,
          872864,
          870912,
          870560,
          873408,
          873920,
          871776,
          870752,
          871168,
          872928,
          872192,
          871392,
          869504,
          871328,
          872576,
          870016,
          871232,
          872352,
          869824,
          869472,
          871488,
          870080,
          878112,
          870080,
          870752,
          870336,
          874048,
          870656,
          869472,
          871072
        ],
        "chunk_tokens": 160,
        "block_threads": 256,
        "staged_input_bytes": 203204028,
        "applicable": true
      },
      {
        "kernel": "onpair_dg_k5_t256_b6",
        "role": "experimental",
        "stage_bytes": null,
        "chunk_size": 160,
        "decode_ms": 0.870656,
        "decode_gib_s": 1069.6790472378282,
        "decode_ns_iters": [
          874048,
          872608,
          872384,
          871936,
          870656,
          872064,
          871808,
          872416,
          879072,
          872832,
          873088,
          871456,
          871904,
          872160,
          871584,
          873248,
          872288,
          872512,
          872256,
          871840,
          872832,
          872448,
          876096,
          871232,
          874592,
          870784,
          873088,
          873376,
          872256,
          872160
        ],
        "chunk_tokens": 160,
        "block_threads": 256,
        "staged_input_bytes": 203204028,
        "applicable": true
      },
      {
        "kernel": "onpair_dg_k5_t256_b8",
        "role": "experimental",
        "stage_bytes": null,
        "chunk_size": 160,
        "decode_ms": 0.870272,
        "decode_gib_s": 1070.15103387435,
        "decode_ns_iters": [
          872960,
          872480,
          871488,
          873760,
          873408,
          871872,
          872704,
          872896,
          870272,
          871616,
          872576,
          871680,
          872448,
          873472,
          873568,
          872928,
          871648,
          872800,
          872512,
          872704,
          871968,
          873344,
          879328,
          873088,
          874016,
          873312,
          873248,
          873792,
          873088,
          872672
        ],
        "chunk_tokens": 160,
        "block_threads": 256,
        "staged_input_bytes": 203204028,
        "applicable": true
      },
      {
        "kernel": "onpair_dg_k6_t64_b1",
        "role": "experimental",
        "stage_bytes": null,
        "chunk_size": 192,
        "decode_ms": 0.869248,
        "decode_gib_s": 1071.4117036241653,
        "decode_ns_iters": [
          872864,
          872832,
          872448,
          871648,
          871808,
          873312,
          870368,
          870880,
          873536,
          870784,
          872192,
          872128,
          874304,
          871776,
          871328,
          870848,
          871328,
          870944,
          872064,
          872352,
          871104,
          871200,
          877184,
          870720,
          873760,
          871424,
          871680,
          869248,
          872704,
          873920
        ],
        "chunk_tokens": 192,
        "block_threads": 64,
        "staged_input_bytes": 202378268,
        "applicable": true
      },
      {
        "kernel": "onpair_dg_k6_t64_b2",
        "role": "experimental",
        "stage_bytes": null,
        "chunk_size": 192,
        "decode_ms": 0.869856,
        "decode_gib_s": 1070.6628229866765,
        "decode_ns_iters": [
          870912,
          872640,
          871328,
          872928,
          872000,
          871584,
          874272,
          873120,
          871648,
          869856,
          870976,
          873312,
          870464,
          871296,
          871808,
          871936,
          870848,
          869952,
          872480,
          871552,
          870176,
          873664,
          880768,
          870240,
          870656,
          871008,
          871776,
          871584,
          872704,
          871712
        ],
        "chunk_tokens": 192,
        "block_threads": 64,
        "staged_input_bytes": 202378268,
        "applicable": true
      },
      {
        "kernel": "onpair_dg_k6_t64_b4",
        "role": "experimental",
        "stage_bytes": null,
        "chunk_size": 192,
        "decode_ms": 0.869792,
        "decode_gib_s": 1070.7416032245624,
        "decode_ns_iters": [
          871296,
          872416,
          873664,
          873056,
          872864,
          872992,
          869792,
          870816,
          872064,
          873152,
          872608,
          871040,
          870816,
          871456,
          870816,
          871616,
          872800,
          871040,
          872288,
          870496,
          872608,
          872320,
          876896,
          870912,
          874272,
          871584,
          871712,
          870080,
          870368,
          870368
        ],
        "chunk_tokens": 192,
        "block_threads": 64,
        "staged_input_bytes": 202378268,
        "applicable": true
      },
      {
        "kernel": "onpair_dg_k6_t64_b6",
        "role": "experimental",
        "stage_bytes": null,
        "chunk_size": 192,
        "decode_ms": 0.869984,
        "decode_gib_s": 1070.5052972835115,
        "decode_ns_iters": [
          870464,
          872480,
          872160,
          872224,
          872512,
          870304,
          869984,
          870144,
          872672,
          871360,
          874304,
          872320,
          872064,
          872512,
          873856,
          870912,
          871296,
          870848,
          871040,
          873408,
          872352,
          871968,
          878080,
          872672,
          872224,
          872896,
          871776,
          870688,
          871840,
          872928
        ],
        "chunk_tokens": 192,
        "block_threads": 64,
        "staged_input_bytes": 202378268,
        "applicable": true
      },
      {
        "kernel": "onpair_dg_k6_t64_b8",
        "role": "experimental",
        "stage_bytes": null,
        "chunk_size": 192,
        "decode_ms": 0.869888,
        "decode_gib_s": 1070.6234372147892,
        "decode_ns_iters": [
          874080,
          872544,
          872448,
          872160,
          871424,
          871968,
          871232,
          872416,
          870976,
          870688,
          871808,
          869888,
          873056,
          871712,
          873056,
          871616,
          872320,
          870912,
          871616,
          871584,
          871808,
          871808,
          878592,
          871328,
          873344,
          871136,
          870272,
          869952,
          872736,
          871200
        ],
        "chunk_tokens": 192,
        "block_threads": 64,
        "staged_input_bytes": 202378268,
        "applicable": true
      },
      {
        "kernel": "onpair_dg_k6_t128_b1",
        "role": "experimental",
        "stage_bytes": null,
        "chunk_size": 192,
        "decode_ms": 0.869408,
        "decode_gib_s": 1071.2145282213858,
        "decode_ns_iters": [
          871136,
          872288,
          869760,
          870528,
          870624,
          870944,
          871840,
          870112,
          879008,
          870240,
          872352,
          872256,
          871264,
          872384,
          872128,
          870528,
          871872,
          873440,
          869664,
          871680,
          870016,
          872576,
          873024,
          870496,
          870496,
          870528,
          870688,
          869408,
          871072,
          871104
        ],
        "chunk_tokens": 192,
        "block_threads": 128,
        "staged_input_bytes": 202378268,
        "applicable": true
      },
      {
        "kernel": "onpair_dg_k6_t128_b2",
        "role": "experimental",
        "stage_bytes": null,
        "chunk_size": 192,
        "decode_ms": 0.869696,
        "decode_gib_s": 1070.859795321467,
        "decode_ns_iters": [
          872064,
          871840,
          872480,
          874240,
          871872,
          875520,
          872000,
          871712,
          871872,
          871520,
          872320,
          870880,
          870848,
          871264,
          870272,
          870656,
          873664,
          869696,
          870144,
          873952,
          870016,
          877664,
          871104,
          870016,
          872320,
          871488,
          873024,
          870848,
          870976,
          870336
        ],
        "chunk_tokens": 192,
        "block_threads": 128,
        "staged_input_bytes": 202378268,
        "applicable": true
      },
      {
        "kernel": "onpair_dg_k6_t128_b4",
        "role": "experimental",
        "stage_bytes": null,
        "chunk_size": 192,
        "decode_ms": 0.869728,
        "decode_gib_s": 1070.8203950567288,
        "decode_ns_iters": [
          872928,
          873536,
          871424,
          871488,
          870656,
          870432,
          869728,
          878656,
          870816,
          870400,
          871584,
          871680,
          871520,
          871488,
          873088,
          871360,
          873216,
          871040,
          870528,
          872704,
          870336,
          876160,
          871616,
          870528,
          870752,
          871584,
          871168,
          871584,
          871520,
          871776
        ],
        "chunk_tokens": 192,
        "block_threads": 128,
        "staged_input_bytes": 202378268,
        "applicable": true
      },
      {
        "kernel": "onpair_dg_k6_t128_b6",
        "role": "experimental",
        "stage_bytes": null,
        "chunk_size": 192,
        "decode_ms": 0.869184,
        "decode_gib_s": 1071.4905941111417,
        "decode_ns_iters": [
          872896,
          871680,
          872128,
          876032,
          872160,
          870592,
          870016,
          871904,
          869728,
          872000,
          872064,
          869920,
          871712,
          872608,
          870112,
          869184,
          871872,
          870304,
          870464,
          873600,
          872832,
          878592,
          872000,
          871872,
          874496,
          870880,
          871968,
          872128,
          870624,
          871776
        ],
        "chunk_tokens": 192,
        "block_threads": 128,
        "staged_input_bytes": 202378268,
        "applicable": true
      },
      {
        "kernel": "onpair_dg_k6_t128_b8",
        "role": "experimental",
        "stage_bytes": null,
        "chunk_size": 192,
        "decode_ms": 0.86992,
        "decode_gib_s": 1070.5840543405122,
        "decode_ns_iters": [
          871712,
          870240,
          871168,
          871520,
          872096,
          872192,
          871488,
          871776,
          872416,
          874464,
          870208,
          873056,
          872448,
          871232,
          871680,
          871360,
          871680,
          871648,
          871808,
          873120,
          870464,
          879104,
          871168,
          873504,
          871968,
          869920,
          872576,
          871200,
          872352,
          871712
        ],
        "chunk_tokens": 192,
        "block_threads": 128,
        "staged_input_bytes": 202378268,
        "applicable": true
      },
      {
        "kernel": "onpair_dg_k6_t256_b1",
        "role": "experimental",
        "stage_bytes": null,
        "chunk_size": 192,
        "decode_ms": 0.869504,
        "decode_gib_s": 1071.0962578112333,
        "decode_ns_iters": [
          874720,
          870688,
          869984,
          874912,
          870144,
          873344,
          869696,
          871232,
          871456,
          870688,
          871168,
          869504,
          869792,
          871264,
          869760,
          871040,
          871744,
          871040,
          871616,
          870432,
          871744,
          872288,
          872352,
          870048,
          871488,
          874464,
          874080,
          870400,
          871168,
          870592
        ],
        "chunk_tokens": 192,
        "block_threads": 256,
        "staged_input_bytes": 202378268,
        "applicable": true
      },
      {
        "kernel": "onpair_dg_k6_t256_b2",
        "role": "experimental",
        "stage_bytes": null,
        "chunk_size": 192,
        "decode_ms": 0.868736,
        "decode_gib_s": 1072.0431529853702,
        "decode_ns_iters": [
          870944,
          872736,
          869888,
          870880,
          868736,
          869696,
          871200,
          875776,
          869728,
          871200,
          870496,
          871392,
          871296,
          872928,
          871712,
          871136,
          868768,
          871040,
          870304,
          871488,
          870816,
          870688,
          871296,
          869664,
          870048,
          870080,
          871168,
          870656,
          868992,
          870464
        ],
        "chunk_tokens": 192,
        "block_threads": 256,
        "staged_input_bytes": 202378268,
        "applicable": true
      },
      {
        "kernel": "onpair_dg_k6_t256_b4",
        "role": "experimental",
        "stage_bytes": null,
        "chunk_size": 192,
        "decode_ms": 0.87008,
        "decode_gib_s": 1070.3871834220975,
        "decode_ns_iters": [
          872864,
          870944,
          871776,
          872256,
          870944,
          871616,
          874208,
          880608,
          871584,
          871136,
          872832,
          870464,
          872256,
          870976,
          872192,
          871552,
          872640,
          872704,
          870560,
          875328,
          870528,
          870912,
          873376,
          870080,
          871232,
          873888,
          870880,
          870368,
          872480,
          872704
        ],
        "chunk_tokens": 192,
        "block_threads": 256,
        "staged_input_bytes": 202378268,
        "applicable": true
      },
      {
        "kernel": "onpair_dg_k6_t256_b6",
        "role": "experimental",
        "stage_bytes": null,
        "chunk_size": 192,
        "decode_ms": 0.87664,
        "decode_gib_s": 1062.3773505109264,
        "decode_ns_iters": [
          878656,
          877824,
          878720,
          878944,
          877888,
          877952,
          877376,
          879488,
          883072,
          879104,
          877632,
          879584,
          878176,
          880064,
          877920,
          876640,
          877664,
          878080,
          876960,
          878368,
          877920,
          878432,
          876640,
          881536,
          876640,
          877536,
          877920,
          878656,
          881760,
          878368
        ],
        "chunk_tokens": 192,
        "block_threads": 256,
        "staged_input_bytes": 202378268,
        "applicable": true
      },
      {
        "kernel": "onpair_dg_k6_t256_b8",
        "role": "experimental",
        "stage_bytes": null,
        "chunk_size": 192,
        "decode_ms": 0.870176,
        "decode_gib_s": 1070.2690956219185,
        "decode_ns_iters": [
          875392,
          870560,
          871904,
          871488,
          870272,
          871136,
          871776,
          871776,
          872032,
          870432,
          871744,
          870720,
          870912,
          872320,
          871072,
          872896,
          875264,
          871328,
          872320,
          875776,
          870176,
          872832,
          871648,
          871584,
          877728,
          872352,
          872064,
          872064,
          872512,
          870432
        ],
        "chunk_tokens": 192,
        "block_threads": 256,
        "staged_input_bytes": 202378268,
        "applicable": true
      },
      {
        "kernel": "onpair_dg_k7_t64_b1",
        "role": "experimental",
        "stage_bytes": null,
        "chunk_size": 224,
        "decode_ms": 0.870144,
        "decode_gib_s": 1070.3084553268177,
        "decode_ns_iters": [
          872736,
          870720,
          870912,
          873088,
          871456,
          871648,
          873568,
          871936,
          871840,
          873920,
          872960,
          876608,
          870272,
          873664,
          872224,
          870144,
          872640,
          872192,
          871744,
          872896,
          871808,
          871136,
          871648,
          871904,
          871072,
          872960,
          873024,
          871136,
          873408,
          871456
        ],
        "chunk_tokens": 224,
        "block_threads": 64,
        "staged_input_bytes": 201788444,
        "applicable": true
      },
      {
        "kernel": "onpair_dg_k7_t64_b2",
        "role": "experimental",
        "stage_bytes": null,
        "chunk_size": 224,
        "decode_ms": 0.869984,
        "decode_gib_s": 1070.5052972835115,
        "decode_ns_iters": [
          871712,
          871456,
          874176,
          870944,
          871392,
          871328,
          871776,
          872256,
          870848,
          872704,
          869984,
          879392,
          871232,
          871456,
          873408,
          872128,
          872768,
          873024,
          871360,
          871424,
          872160,
          872096,
          873152,
          871264,
          871968,
          877952,
          871872,
          871872,
          871648,
          871936
        ],
        "chunk_tokens": 224,
        "block_threads": 64,
        "staged_input_bytes": 201788444,
        "applicable": true
      },
      {
        "kernel": "onpair_dg_k7_t64_b4",
        "role": "experimental",
        "stage_bytes": null,
        "chunk_size": 224,
        "decode_ms": 0.870016,
        "decode_gib_s": 1070.465923100148,
        "decode_ns_iters": [
          872704,
          870816,
          872576,
          870656,
          871360,
          870976,
          871584,
          871936,
          870016,
          871072,
          872672,
          871904,
          873888,
          872512,
          872224,
          872064,
          872992,
          871232,
          871168,
          871808,
          871456,
          870880,
          872512,
          871712,
          871296,
          871456,
          870720,
          872480,
          873120,
          871328
        ],
        "chunk_tokens": 224,
        "block_threads": 64,
        "staged_input_bytes": 201788444,
        "applicable": true
      },
      {
        "kernel": "onpair_dg_k7_t64_b6",
        "role": "experimental",
        "stage_bytes": null,
        "chunk_size": 224,
        "decode_ms": 0.869568,
        "decode_gib_s": 1071.017425378922,
        "decode_ns_iters": [
          872160,
          872512,
          871136,
          871008,
          872832,
          871648,
          869568,
          872224,
          870880,
          871744,
          872448,
          873024,
          877472,
          871264,
          872224,
          872224,
          874176,
          870272,
          871520,
          870912,
          875424,
          872608,
          871744,
          870720,
          873088,
          871328,
          872192,
          870880,
          872736,
          871040
        ],
        "chunk_tokens": 224,
        "block_threads": 64,
        "staged_input_bytes": 201788444,
        "applicable": true
      },
      {
        "kernel": "onpair_dg_k7_t64_b8",
        "role": "experimental",
        "stage_bytes": null,
        "chunk_size": 224,
        "decode_ms": 0.869696,
        "decode_gib_s": 1070.859795321467,
        "decode_ns_iters": [
          871072,
          870912,
          871456,
          871616,
          871424,
          872288,
          871456,
          870336,
          870080,
          871424,
          872416,
          871904,
          869696,
          874880,
          872576,
          872320,
          872352,
          871328,
          872800,
          871296,
          874112,
          872960,
          872480,
          869728,
          872352,
          871648,
          877280,
          872288,
          871744,
          870784
        ],
        "chunk_tokens": 224,
        "block_threads": 64,
        "staged_input_bytes": 201788444,
        "applicable": true
      },
      {
        "kernel": "onpair_dg_k7_t128_b1",
        "role": "experimental",
        "stage_bytes": null,
        "chunk_size": 224,
        "decode_ms": 0.869248,
        "decode_gib_s": 1071.4117036241653,
        "decode_ns_iters": [
          872960,
          871296,
          872480,
          873056,
          870752,
          869952,
          869440,
          870784,
          871168,
          871840,
          871904,
          873088,
          871264,
          877088,
          869344,
          870752,
          871360,
          870112,
          871296,
          869312,
          873792,
          872704,
          871552,
          872704,
          871712,
          870624,
          869952,
          869248,
          871296,
          870816
        ],
        "chunk_tokens": 224,
        "block_threads": 128,
        "staged_input_bytes": 201788444,
        "applicable": true
      },
      {
        "kernel": "onpair_dg_k7_t128_b2",
        "role": "experimental",
        "stage_bytes": null,
        "chunk_size": 224,
        "decode_ms": 0.86864,
        "decode_gib_s": 1072.1616326117824,
        "decode_ns_iters": [
          873536,
          870528,
          869984,
          870816,
          869344,
          870656,
          870304,
          870688,
          871200,
          870400,
          871040,
          868640,
          869248,
          877088,
          872128,
          869152,
          869472,
          872160,
          872288,
          869792,
          870464,
          870272,
          870816,
          869408,
          872384,
          871584,
          870624,
          870464,
          869920,
          870784
        ],
        "chunk_tokens": 224,
        "block_threads": 128,
        "staged_input_bytes": 201788444,
        "applicable": true
      },
      {
        "kernel": "onpair_dg_k7_t128_b4",
        "role": "experimental",
        "stage_bytes": null,
        "chunk_size": 224,
        "decode_ms": 0.868576,
        "decode_gib_s": 1072.2406335794433,
        "decode_ns_iters": [
          871552,
          870592,
          874144,
          873632,
          871328,
          871584,
          873088,
          872704,
          870944,
          871808,
          870016,
          874144,
          874560,
          871328,
          871712,
          872768,
          872256,
          870048,
          870720,
          872032,
          872576,
          872096,
          871744,
          872960,
          873728,
          868576,
          870944,
          874016,
          869984,
          872288
        ],
        "chunk_tokens": 224,
        "block_threads": 128,
        "staged_input_bytes": 201788444,
        "applicable": true
      },
      {
        "kernel": "onpair_dg_k7_t128_b6",
        "role": "experimental",
        "stage_bytes": null,
        "chunk_size": 224,
        "decode_ms": 0.869024,
        "decode_gib_s": 1071.6878711656968,
        "decode_ns_iters": [
          874176,
          872064,
          871712,
          871968,
          873344,
          870752,
          871168,
          870496,
          872192,
          869024,
          874048,
          869440,
          871360,
          873984,
          876448,
          870816,
          871776,
          871616,
          869696,
          871456,
          870688,
          870944,
          871648,
          873408,
          869088,
          873440,
          871808,
          871456,
          871136,
          869024
        ],
        "chunk_tokens": 224,
        "block_threads": 128,
        "staged_input_bytes": 201788444,
        "applicable": true
      },
      {
        "kernel": "onpair_dg_k7_t128_b8",
        "role": "experimental",
        "stage_bytes": null,
        "chunk_size": 224,
        "decode_ms": 0.869248,
        "decode_gib_s": 1071.4117036241653,
        "decode_ns_iters": [
          869248,
          871104,
          874944,
          872416,
          873440,
          871680,
          871552,
          870624,
          873120,
          871040,
          873216,
          870208,
          871776,
          871360,
          871328,
          870176,
          870592,
          870112,
          871360,
          869504,
          871040,
          869920,
          869536,
          871776,
          873216,
          871520,
          872320,
          872128,
          878528,
          871488
        ],
        "chunk_tokens": 224,
        "block_threads": 128,
        "staged_input_bytes": 201788444,
        "applicable": true
      },
      {
        "kernel": "onpair_dg_k7_t256_b1",
        "role": "experimental",
        "stage_bytes": null,
        "chunk_size": 224,
        "decode_ms": 0.868608,
        "decode_gib_s": 1072.201131640393,
        "decode_ns_iters": [
          870592,
          875840,
          870080,
          870496,
          869920,
          871104,
          870624,
          869920,
          870368,
          871776,
          871744,
          870176,
          872352,
          873088,
          872384,
          869856,
          870112,
          872032,
          871296,
          872032,
          869120,
          870528,
          870464,
          872480,
          868608,
          870944,
          871136,
          872192,
          876320,
          871008
        ],
        "chunk_tokens": 224,
        "block_threads": 256,
        "staged_input_bytes": 201788444,
        "applicable": true
      },
      {
        "kernel": "onpair_dg_k7_t256_b2",
        "role": "experimental",
        "stage_bytes": null,
        "chunk_size": 224,
        "decode_ms": 0.868448,
        "decode_gib_s": 1072.398670446473,
        "decode_ns_iters": [
          871168,
          876768,
          871200,
          873824,
          870048,
          869920,
          871232,
          870528,
          870560,
          869792,
          871040,
          870112,
          870816,
          870944,
          871520,
          869888,
          870112,
          871072,
          871296,
          871520,
          868992,
          871264,
          873920,
          869888,
          872608,
          873216,
          868448,
          870080,
          872032,
          869248
        ],
        "chunk_tokens": 224,
        "block_threads": 256,
        "staged_input_bytes": 201788444,
        "applicable": true
      },
      {
        "kernel": "onpair_dg_k7_t256_b4",
        "role": "experimental",
        "stage_bytes": null,
        "chunk_size": 224,
        "decode_ms": 0.868768,
        "decode_gib_s": 1072.003665595301,
        "decode_ns_iters": [
          869824,
          876544,
          870912,
          869504,
          870560,
          869120,
          870432,
          870336,
          870464,
          869856,
          870176,
          871360,
          870816,
          872096,
          876704,
          871552,
          871488,
          870048,
          869760,
          871488,
          870304,
          870080,
          868768,
          869088,
          870528,
          869440,
          870144,
          871008,
          870048,
          868960
        ],
        "chunk_tokens": 224,
        "block_threads": 256,
        "staged_input_bytes": 201788444,
        "applicable": true
      },
      {
        "kernel": "onpair_dg_k7_t256_b6",
        "role": "experimental",
        "stage_bytes": null,
        "chunk_size": 224,
        "decode_ms": 0.95488,
        "decode_gib_s": 975.3293403903093,
        "decode_ns_iters": [
          958688,
          959104,
          958976,
          958560,
          956768,
          960192,
          958112,
          954880,
          958112,
          957600,
          960640,
          961760,
          960608,
          959008,
          958560,
          958080,
          959168,
          957536,
          962400,
          958208,
          959776,
          956576,
          961376,
          959456,
          960512,
          958880,
          958560,
          959936,
          958912,
          958816
        ],
        "chunk_tokens": 224,
        "block_threads": 256,
        "staged_input_bytes": 201788444,
        "applicable": true
      },
      {
        "kernel": "onpair_dg_k7_t256_b8",
        "role": "experimental",
        "stage_bytes": null,
        "chunk_size": 224,
        "decode_ms": 1.101568,
        "decode_gib_s": 845.4516476076815,
        "decode_ns_iters": [
          1108320,
          1109024,
          1111200,
          1108736,
          1108928,
          1107808,
          1105024,
          1108192,
          1109280,
          1109568,
          1109056,
          1110304,
          1109408,
          1110304,
          1110592,
          1102112,
          1107296,
          1109632,
          1111168,
          1108768,
          1110560,
          1108544,
          1101568,
          1108704,
          1106944,
          1109760,
          1109344,
          1108320,
          1115136,
          1110336
        ],
        "chunk_tokens": 224,
        "block_threads": 256,
        "staged_input_bytes": 201788444,
        "applicable": true
      },
      {
        "kernel": "onpair_dg_k8_t64_b1",
        "role": "experimental",
        "stage_bytes": null,
        "chunk_size": 256,
        "decode_ms": 0.8712,
        "decode_gib_s": 1069.0111117446036,
        "decode_ns_iters": [
          871200,
          881664,
          880992,
          881024,
          880992,
          879616,
          882240,
          880896,
          881824,
          881216,
          882048,
          879136,
          881696,
          881664,
          879264,
          879680,
          880416,
          879584,
          881120,
          880160,
          881888,
          880000,
          880544,
          881568,
          886624,
          880832,
          880192,
          881568,
          879840,
          881312
        ],
        "chunk_tokens": 256,
        "block_threads": 64,
        "staged_input_bytes": 201346068,
        "applicable": true
      },
      {
        "kernel": "onpair_dg_k8_t64_b2",
        "role": "experimental",
        "stage_bytes": null,
        "chunk_size": 256,
        "decode_ms": 0.87936,
        "decode_gib_s": 1059.0912488081087,
        "decode_ns_iters": [
          880064,
          883904,
          880032,
          879360,
          880896,
          879872,
          879936,
          881280,
          882432,
          879648,
          882912,
          880000,
          881568,
          880704,
          880992,
          884384,
          882528,
          879552,
          880192,
          880512,
          882528,
          880064,
          880992,
          881408,
          881088,
          882816,
          880288,
          882048,
          881280,
          888320
        ],
        "chunk_tokens": 256,
        "block_threads": 64,
        "staged_input_bytes": 201346068,
        "applicable": true
      },
      {
        "kernel": "onpair_dg_k8_t64_b4",
        "role": "experimental",
        "stage_bytes": null,
        "chunk_size": 256,
        "decode_ms": 0.8792,
        "decode_gib_s": 1059.2839860690383,
        "decode_ns_iters": [
          881376,
          881248,
          880064,
          883296,
          881920,
          879488,
          879616,
          880896,
          881664,
          882944,
          881184,
          881568,
          882624,
          880896,
          881184,
          880864,
          881504,
          879808,
          881408,
          887232,
          879200,
          880544,
          881024,
          881952,
          882272,
          879232,
          880352,
          880544,
          880928,
          881280
        ],
        "chunk_tokens": 256,
        "block_threads": 64,
        "staged_input_bytes": 201346068,
        "applicable": true
      },
      {
        "kernel": "onpair_dg_k8_t64_b6",
        "role": "experimental",
        "stage_bytes": null,
        "chunk_size": 256,
        "decode_ms": 0.879712,
        "decode_gib_s": 1058.6674736185234,
        "decode_ns_iters": [
          880832,
          881440,
          880768,
          880704,
          880544,
          879712,
          882272,
          881920,
          880896,
          881952,
          881376,
          882592,
          882336,
          882656,
          881792,
          880992,
          880960,
          880448,
          879968,
          880704,
          882016,
          881472,
          884192,
          881248,
          887328,
          881248,
          881312,
          882176,
          881952,
          880992
        ],
        "chunk_tokens": 256,
        "block_threads": 64,
        "staged_input_bytes": 201346068,
        "applicable": true
      },
      {
        "kernel": "onpair_dg_k8_t64_b8",
        "role": "experimental",
        "stage_bytes": null,
        "chunk_size": 256,
        "decode_ms": 0.878912,
        "decode_gib_s": 1059.6310899747625,
        "decode_ns_iters": [
          883360,
          879680,
          880928,
          881216,
          880480,
          880736,
          880768,
          881472,
          882752,
          879840,
          879264,
          881472,
          879808,
          881472,
          887936,
          879712,
          881472,
          879584,
          881664,
          880576,
          883168,
          881920,
          878912,
          880384,
          881376,
          880928,
          879104,
          880320,
          883584,
          880736
        ],
        "chunk_tokens": 256,
        "block_threads": 64,
        "staged_input_bytes": 201346068,
        "applicable": true
      },
      {
        "kernel": "onpair_dg_k8_t128_b1",
        "role": "experimental",
        "stage_bytes": null,
        "chunk_size": 256,
        "decode_ms": 0.879808,
        "decode_gib_s": 1058.5519574178666,
        "decode_ns_iters": [
          882912,
          880320,
          881696,
          881472,
          884096,
          882880,
          881472,
          882336,
          882848,
          883776,
          881696,
          882464,
          882144,
          882208,
          881888,
          882176,
          883104,
          880736,
          881760,
          881472,
          882176,
          884128,
          882144,
          882272,
          882048,
          880672,
          881568,
          879808,
          883072,
          882432
        ],
        "chunk_tokens": 256,
        "block_threads": 128,
        "staged_input_bytes": 201346068,
        "applicable": true
      },
      {
        "kernel": "onpair_dg_k8_t128_b2",
        "role": "experimental",
        "stage_bytes": null,
        "chunk_size": 256,
        "decode_ms": 0.880224,
        "decode_gib_s": 1058.0516783817511,
        "decode_ns_iters": [
          882720,
          881344,
          881216,
          881568,
          880896,
          882176,
          881888,
          881280,
          883168,
          881152,
          884128,
          881824,
          882592,
          881152,
          882048,
          880928,
          880672,
          880224,
          880576,
          880928,
          880736,
          881344,
          881984,
          880768,
          883904,
          889632,
          882336,
          882080,
          880256,
          882464
        ],
        "chunk_tokens": 256,
        "block_threads": 128,
        "staged_input_bytes": 201346068,
        "applicable": true
      },
      {
        "kernel": "onpair_dg_k8_t128_b4",
        "role": "experimental",
        "stage_bytes": null,
        "chunk_size": 256,
        "decode_ms": 0.879744,
        "decode_gib_s": 1058.6289654170969,
        "decode_ns_iters": [
          881600,
          883104,
          882624,
          883328,
          879744,
          881248,
          883712,
          881856,
          881184,
          880896,
          882368,
          880576,
          882304,
          881088,
          882112,
          880928,
          881824,
          881728,
          882240,
          882208,
          882208,
          882720,
          884800,
          883232,
          880544,
          882848,
          882912,
          882272,
          882464,
          880448
        ],
        "chunk_tokens": 256,
        "block_threads": 128,
        "staged_input_bytes": 201346068,
        "applicable": true
      },
      {
        "kernel": "onpair_dg_k8_t128_b6",
        "role": "experimental",
        "stage_bytes": null,
        "chunk_size": 256,
        "decode_ms": 0.880192,
        "decode_gib_s": 1058.0901445956092,
        "decode_ns_iters": [
          882784,
          881088,
          880992,
          883360,
          881056,
          886336,
          884640,
          880288,
          883008,
          884448,
          882240,
          880704,
          881568,
          882848,
          884448,
          882048,
          882528,
          880192,
          883200,
          882336,
          882048,
          888096,
          880896,
          883136,
          881504,
          883328,
          884160,
          882016,
          883936,
          882528
        ],
        "chunk_tokens": 256,
        "block_threads": 128,
        "staged_input_bytes": 201346068,
        "applicable": true
      },
      {
        "kernel": "onpair_dg_k8_t128_b8",
        "role": "experimental",
        "stage_bytes": null,
        "chunk_size": 256,
        "decode_ms": 0.880096,
        "decode_gib_s": 1058.2055600206097,
        "decode_ns_iters": [
          881824,
          880960,
          882016,
          881120,
          882336,
          881344,
          881984,
          880192,
          881760,
          881280,
          880480,
          887680,
          880736,
          881408,
          881664,
          881184,
          883168,
          881664,
          881056,
          882176,
          883264,
          882528,
          881152,
          882112,
          880448,
          881408,
          883168,
          880768,
          880096,
          882016
        ],
        "chunk_tokens": 256,
        "block_threads": 128,
        "staged_input_bytes": 201346068,
        "applicable": true
      },
      {
        "kernel": "onpair_dg_k8_t256_b1",
        "role": "experimental",
        "stage_bytes": null,
        "chunk_size": 256,
        "decode_ms": 0.900064,
        "decode_gib_s": 1034.7291754274124,
        "decode_ns_iters": [
          904160,
          902432,
          903616,
          910304,
          902464,
          903744,
          904832,
          904000,
          900704,
          901344,
          901024,
          903424,
          901888,
          904416,
          902240,
          903424,
          901984,
          900768,
          902368,
          903008,
          900800,
          901536,
          901760,
          901312,
          904224,
          900064,
          908864,
          900064,
          903680,
          901088
        ],
        "chunk_tokens": 256,
        "block_threads": 256,
        "staged_input_bytes": 201346068,
        "applicable": true
      },
      {
        "kernel": "onpair_dg_k8_t256_b2",
        "role": "experimental",
        "stage_bytes": null,
        "chunk_size": 256,
        "decode_ms": 0.899776,
        "decode_gib_s": 1035.0603711944955,
        "decode_ns_iters": [
          901344,
          901056,
          902752,
          908512,
          902496,
          904128,
          903680,
          903360,
          902624,
          901056,
          900256,
          903328,
          899776,
          903072,
          903264,
          901216,
          901504,
          902368,
          904608,
          905664,
          903264,
          900992,
          902208,
          901184,
          901056,
          900128,
          906400,
          901888,
          900928,
          903680
        ],
        "chunk_tokens": 256,
        "block_threads": 256,
        "staged_input_bytes": 201346068,
        "applicable": true
      },
      {
        "kernel": "onpair_dg_k8_t256_b4",
        "role": "experimental",
        "stage_bytes": null,
        "chunk_size": 256,
        "decode_ms": 0.89968,
        "decode_gib_s": 1035.1708169036751,
        "decode_ns_iters": [
          903040,
          902144,
          902720,
          899680,
          909344,
          902752,
          903584,
          902016,
          902592,
          902336,
          902816,
          903712,
          901728,
          903424,
          903328,
          900544,
          901920,
          904480,
          900736,
          900960,
          901696,
          900928,
          903520,
          903232,
          904000,
          900928,
          904128,
          904608,
          907808,
          900736
        ],
        "chunk_tokens": 256,
        "block_threads": 256,
        "staged_input_bytes": 201346068,
        "applicable": true
      },
      {
        "kernel": "onpair_dg_k8_t256_b6",
        "role": "experimental",
        "stage_bytes": null,
        "chunk_size": 256,
        "decode_ms": 1.167872,
        "decode_gib_s": 797.4525295168465,
        "decode_ns_iters": [
          1175872,
          1170816,
          1172064,
          1180384,
          1173472,
          1177248,
          1173568,
          1173312,
          1169344,
          1177664,
          1177824,
          1177664,
          1180160,
          1173408,
          1172160,
          1177472,
          1181696,
          1175360,
          1187936,
          1177120,
          1174688,
          1177920,
          1176960,
          1173440,
          1178816,
          1177920,
          1167872,
          1173856,
          1174944,
          1172736
        ],
        "chunk_tokens": 256,
        "block_threads": 256,
        "staged_input_bytes": 201346068,
        "applicable": true
      },
      {
        "kernel": "onpair_dg_k8_t256_b8",
        "role": "experimental",
        "stage_bytes": null,
        "chunk_size": 256,
        "decode_ms": 0.889952,
        "decode_gib_s": 1046.4861931338978,
        "decode_ns_iters": [
          890880,
          892384,
          890624,
          892128,
          892544,
          892928,
          891744,
          891520,
          892512,
          891296,
          890816,
          890016,
          892960,
          893984,
          890752,
          892768,
          890528,
          893888,
          890784,
          892928,
          891360,
          899776,
          892512,
          893216,
          890880,
          891232,
          892352,
          891616,
          892768,
          889952
        ],
        "chunk_tokens": 256,
        "block_threads": 256,
        "staged_input_bytes": 201346068,
        "applicable": true
      },
      {
        "kernel": "onpair_dw_k1_t64_b1",
        "role": "experimental",
        "stage_bytes": null,
        "chunk_size": 32,
        "decode_ms": 0.991232,
        "decode_gib_s": 939.5605474317803,
        "decode_ns_iters": [
          1000256,
          996640,
          998688,
          995488,
          996160,
          995552,
          998048,
          996704,
          996768,
          997920,
          996000,
          995744,
          998176,
          996544,
          996736,
          994304,
          996320,
          998720,
          999808,
          1000128,
          997984,
          1003008,
          998208,
          998240,
          996384,
          993536,
          994752,
          991232,
          996384,
          998656
        ],
        "chunk_tokens": 32,
        "block_threads": 64,
        "staged_input_bytes": 223022196,
        "applicable": true
      },
      {
        "kernel": "onpair_dw_k1_t64_b2",
        "role": "experimental",
        "stage_bytes": null,
        "chunk_size": 32,
        "decode_ms": 0.993568,
        "decode_gib_s": 937.3515255643282,
        "decode_ns_iters": [
          998176,
          996544,
          1000128,
          997504,
          1006784,
          997280,
          995200,
          998048,
          1000096,
          997152,
          998432,
          998272,
          997632,
          993568,
          995136,
          997408,
          997056,
          996224,
          995936,
          996800,
          996704,
          998752,
          999456,
          1004480,
          996384,
          997184,
          995296,
          998944,
          996896,
          998336
        ],
        "chunk_tokens": 32,
        "block_threads": 64,
        "staged_input_bytes": 223022196,
        "applicable": true
      },
      {
        "kernel": "onpair_dw_k1_t64_b4",
        "role": "experimental",
        "stage_bytes": null,
        "chunk_size": 32,
        "decode_ms": 0.993568,
        "decode_gib_s": 937.3515255643282,
        "decode_ns_iters": [
          997888,
          999424,
          998144,
          996832,
          999200,
          995616,
          1001760,
          993568,
          996768,
          999936,
          996256,
          995968,
          999968,
          998784,
          999712,
          999776,
          994720,
          996608,
          997536,
          996896,
          1000032,
          996096,
          999616,
          999168,
          999200,
          1004672,
          996384,
          999040,
          998368,
          1000768
        ],
        "chunk_tokens": 32,
        "block_threads": 64,
        "staged_input_bytes": 223022196,
        "applicable": true
      },
      {
        "kernel": "onpair_dw_k1_t64_b6",
        "role": "experimental",
        "stage_bytes": null,
        "chunk_size": 32,
        "decode_ms": 0.993376,
        "decode_gib_s": 937.5326971377389,
        "decode_ns_iters": [
          998144,
          1000160,
          1001472,
          999392,
          998816,
          993376,
          998432,
          997280,
          1000512,
          997952,
          998080,
          996768,
          997376,
          999200,
          998560,
          999744,
          995680,
          1000576,
          999008,
          998368,
          995328,
          999136,
          999296,
          996768,
          998208,
          996608,
          998944,
          998912,
          997888,
          998752
        ],
        "chunk_tokens": 32,
        "block_threads": 64,
        "staged_input_bytes": 223022196,
        "applicable": true
      },
      {
        "kernel": "onpair_dw_k1_t64_b8",
        "role": "experimental",
        "stage_bytes": null,
        "chunk_size": 32,
        "decode_ms": 0.993344,
        "decode_gib_s": 937.5628992090338,
        "decode_ns_iters": [
          1000128,
          998048,
          998752,
          998144,
          998240,
          996512,
          998080,
          1000928,
          995712,
          1002208,
          998816,
          995008,
          1001632,
          1000064,
          998624,
          994240,
          997984,
          994752,
          1000864,
          996192,
          999904,
          999008,
          998944,
          993344,
          997696,
          999136,
          994656,
          1000448,
          1002688,
          996480
        ],
        "chunk_tokens": 32,
        "block_threads": 64,
        "staged_input_bytes": 223022196,
        "applicable": true
      },
      {
        "kernel": "onpair_dw_k1_t128_b1",
        "role": "experimental",
        "stage_bytes": null,
        "chunk_size": 32,
        "decode_ms": 0.988256,
        "decode_gib_s": 942.3899076270708,
        "decode_ns_iters": [
          990560,
          988576,
          988256,
          989440,
          990016,
          989792,
          988896,
          989728,
          992384,
          993056,
          992800,
          995232,
          989376,
          999424,
          990016,
          993664,
          995104,
          990176,
          990432,
          991392,
          989856,
          990816,
          990528,
          990464,
          992288,
          990624,
          993120,
          990816,
          989568,
          989440
        ],
        "chunk_tokens": 32,
        "block_threads": 128,
        "staged_input_bytes": 223022196,
        "applicable": true
      },
      {
        "kernel": "onpair_dw_k1_t128_b2",
        "role": "experimental",
        "stage_bytes": null,
        "chunk_size": 32,
        "decode_ms": 0.988128,
        "decode_gib_s": 942.5119828118407,
        "decode_ns_iters": [
          993440,
          992192,
          990272,
          989856,
          991808,
          988800,
          990400,
          992544,
          993664,
          994912,
          989568,
          988128,
          990560,
          991008,
          991424,
          989344,
          991072,
          990560,
          991840,
          988384,
          991616,
          993376,
          989888,
          991168,
          992096,
          994464,
          991488,
          988352,
          991104,
          993536
        ],
        "chunk_tokens": 32,
        "block_threads": 128,
        "staged_input_bytes": 223022196,
        "applicable": true
      },
      {
        "kernel": "onpair_dw_k1_t128_b4",
        "role": "experimental",
        "stage_bytes": null,
        "chunk_size": 32,
        "decode_ms": 0.985856,
        "decode_gib_s": 944.6840923541556,
        "decode_ns_iters": [
          988864,
          990784,
          993824,
          990464,
          995776,
          988384,
          989536,
          993248,
          987104,
          989792,
          987808,
          991136,
          987328,
          985856,
          989888,
          986848,
          989024,
          988672,
          988032,
          990880,
          988960,
          988384,
          992576,
          989120,
          992000,
          994976,
          989920,
          997568,
          987520,
          990144
        ],
        "chunk_tokens": 32,
        "block_threads": 128,
        "staged_input_bytes": 223022196,
        "applicable": true
      },
      {
        "kernel": "onpair_dw_k1_t128_b6",
        "role": "experimental",
        "stage_bytes": null,
        "chunk_size": 32,
        "decode_ms": 0.987488,
        "decode_gib_s": 943.122833443949,
        "decode_ns_iters": [
          993408,
          988384,
          988448,
          991776,
          987584,
          991424,
          987488,
          990880,
          990560,
          990656,
          990016,
          991520,
          995648,
          990624,
          988672,
          992800,
          989440,
          988704,
          992096,
          989472,
          990688,
          992000,
          993408,
          988640,
          989056,
          987936,
          993600,
          992672,
          993952,
          993056
        ],
        "chunk_tokens": 32,
        "block_threads": 128,
        "staged_input_bytes": 223022196,
        "applicable": true
      },
      {
        "kernel": "onpair_dw_k1_t128_b8",
        "role": "experimental",
        "stage_bytes": null,
        "chunk_size": 32,
        "decode_ms": 0.987296,
        "decode_gib_s": 943.3062430637808,
        "decode_ns_iters": [
          992928,
          990080,
          988576,
          990496,
          990624,
          990272,
          989536,
          988192,
          990368,
          991904,
          988000,
          989344,
          989664,
          990368,
          991744,
          991040,
          989216,
          992448,
          991072,
          992352,
          993344,
          992384,
          987296,
          993760,
          990112,
          990368,
          990432,
          989696,
          990720,
          991136
        ],
        "chunk_tokens": 32,
        "block_threads": 128,
        "staged_input_bytes": 223022196,
        "applicable": true
      },
      {
        "kernel": "onpair_dw_k1_t256_b1",
        "role": "experimental",
        "stage_bytes": null,
        "chunk_size": 32,
        "decode_ms": 1.06736,
        "decode_gib_s": 872.5476695322088,
        "decode_ns_iters": [
          1077536,
          1077120,
          1070720,
          1072736,
          1076640,
          1072832,
          1070112,
          1075168,
          1078720,
          1072448,
          1074752,
          1070528,
          1070048,
          1072192,
          1071904,
          1076512,
          1071776,
          1074304,
          1071936,
          1067360,
          1073376,
          1075392,
          1075008,
          1073568,
          1072832,
          1075648,
          1077536,
          1069088,
          1074816,
          1074976
        ],
        "chunk_tokens": 32,
        "block_threads": 256,
        "staged_input_bytes": 223022196,
        "applicable": true
      },
      {
        "kernel": "onpair_dw_k1_t256_b2",
        "role": "experimental",
        "stage_bytes": null,
        "chunk_size": 32,
        "decode_ms": 1.067328,
        "decode_gib_s": 872.5738297429642,
        "decode_ns_iters": [
          1074080,
          1071872,
          1073152,
          1070272,
          1074016,
          1079072,
          1075360,
          1071904,
          1071392,
          1069152,
          1072864,
          1070272,
          1070592,
          1072992,
          1075936,
          1067328,
          1070784,
          1075200,
          1075712,
          1073632,
          1074176,
          1070400,
          1072544,
          1075840,
          1073120,
          1070976,
          1073312,
          1074560,
          1079776,
          1073728
        ],
        "chunk_tokens": 32,
        "block_threads": 256,
        "staged_input_bytes": 223022196,
        "applicable": true
      },
      {
        "kernel": "onpair_dw_k1_t256_b4",
        "role": "experimental",
        "stage_bytes": null,
        "chunk_size": 32,
        "decode_ms": 1.068096,
        "decode_gib_s": 871.9464173181985,
        "decode_ns_iters": [
          1072704,
          1071296,
          1074432,
          1068704,
          1074912,
          1068512,
          1073600,
          1077824,
          1068096,
          1069984,
          1077568,
          1071552,
          1073120,
          1072096,
          1073728,
          1073600,
          1071232,
          1072576,
          1071456,
          1069248,
          1076352,
          1072640,
          1071584,
          1075776,
          1070016,
          1069696,
          1073280,
          1070880,
          1076256,
          1075744
        ],
        "chunk_tokens": 32,
        "block_threads": 256,
        "staged_input_bytes": 223022196,
        "applicable": true
      },
      {
        "kernel": "onpair_dw_k1_t256_b6",
        "role": "experimental",
        "stage_bytes": null,
        "chunk_size": 32,
        "decode_ms": 0.931424,
        "decode_gib_s": 999.8910061925594,
        "decode_ns_iters": [
          932832,
          932864,
          932608,
          933600,
          933536,
          933344,
          933536,
          932736,
          933888,
          932704,
          933152,
          933184,
          933952,
          932832,
          934048,
          936064,
          931776,
          937344,
          933888,
          933600,
          933088,
          934880,
          931808,
          932896,
          933856,
          934144,
          931424,
          934944,
          934688,
          934432
        ],
        "chunk_tokens": 32,
        "block_threads": 256,
        "staged_input_bytes": 223022196,
        "applicable": true
      },
      {
        "kernel": "onpair_dw_k1_t256_b8",
        "role": "experimental",
        "stage_bytes": null,
        "chunk_size": 32,
        "decode_ms": 0.931232,
        "decode_gib_s": 1000.0971622022208,
        "decode_ns_iters": [
          933280,
          933344,
          933088,
          933568,
          934464,
          933024,
          934656,
          933152,
          934400,
          933824,
          933536,
          935072,
          933984,
          932800,
          933760,
          932000,
          934720,
          933440,
          934432,
          933952,
          934656,
          933696,
          933792,
          934176,
          932064,
          933216,
          935392,
          931232,
          932576,
          934112
        ],
        "chunk_tokens": 32,
        "block_threads": 256,
        "staged_input_bytes": 223022196,
        "applicable": true
      },
      {
        "kernel": "onpair_dw_k2_t64_b1",
        "role": "experimental",
        "stage_bytes": null,
        "chunk_size": 64,
        "decode_ms": 1.056672,
        "decode_gib_s": 881.3732932753952,
        "decode_ns_iters": [
          1059232,
          1056896,
          1057984,
          1059584,
          1057312,
          1059840,
          1057600,
          1058560,
          1059488,
          1057536,
          1059680,
          1058560,
          1057312,
          1059232,
          1058496,
          1057088,
          1058144,
          1059584,
          1058464,
          1058784,
          1058752,
          1059712,
          1060608,
          1057440,
          1058720,
          1058144,
          1056672,
          1056896,
          1059008,
          1062944
        ],
        "chunk_tokens": 64,
        "block_threads": 64,
        "staged_input_bytes": 210635828,
        "applicable": true
      },
      {
        "kernel": "onpair_dw_k2_t64_b2",
        "role": "experimental",
        "stage_bytes": null,
        "chunk_size": 64,
        "decode_ms": 1.056384,
        "decode_gib_s": 881.6135804327768,
        "decode_ns_iters": [
          1059488,
          1058400,
          1058976,
          1058240,
          1057824,
          1058528,
          1061216,
          1058400,
          1059296,
          1056640,
          1058848,
          1058624,
          1057280,
          1057856,
          1057376,
          1058688,
          1058560,
          1058336,
          1058432,
          1057152,
          1057600,
          1063680,
          1057280,
          1057088,
          1056896,
          1057696,
          1059648,
          1058304,
          1056384,
          1058944
        ],
        "chunk_tokens": 64,
        "block_threads": 64,
        "staged_input_bytes": 210635828,
        "applicable": true
      },
      {
        "kernel": "onpair_dw_k2_t64_b4",
        "role": "experimental",
        "stage_bytes": null,
        "chunk_size": 64,
        "decode_ms": 1.05616,
        "decode_gib_s": 881.8005610436851,
        "decode_ns_iters": [
          1059680,
          1059872,
          1058336,
          1058144,
          1056160,
          1059392,
          1057312,
          1058688,
          1058656,
          1058336,
          1057792,
          1057120,
          1057568,
          1056576,
          1057568,
          1057696,
          1058368,
          1058144,
          1057536,
          1059840,
          1056672,
          1056544,
          1064064,
          1059552,
          1058496,
          1058720,
          1056896,
          1057536,
          1057088,
          1058528
        ],
        "chunk_tokens": 64,
        "block_threads": 64,
        "staged_input_bytes": 210635828,
        "applicable": true
      },
      {
        "kernel": "onpair_dw_k2_t64_b6",
        "role": "experimental",
        "stage_bytes": null,
        "chunk_size": 64,
        "decode_ms": 1.056448,
        "decode_gib_s": 881.5601719648279,
        "decode_ns_iters": [
          1058848,
          1057920,
          1056448,
          1058272,
          1057376,
          1058976,
          1058752,
          1058624,
          1058016,
          1057248,
          1058176,
          1057088,
          1060192,
          1057280,
          1058464,
          1057568,
          1057600,
          1056864,
          1059936,
          1058720,
          1058848,
          1058720,
          1057024,
          1057984,
          1056768,
          1059264,
          1058112,
          1057568,
          1057888,
          1057440
        ],
        "chunk_tokens": 64,
        "block_threads": 64,
        "staged_input_bytes": 210635828,
        "applicable": true
      },
      {
        "kernel": "onpair_dw_k2_t64_b8",
        "role": "experimental",
        "stage_bytes": null,
        "chunk_size": 64,
        "decode_ms": 1.057152,
        "decode_gib_s": 880.973105619531,
        "decode_ns_iters": [
          1061056,
          1057344,
          1057824,
          1058624,
          1059904,
          1057856,
          1058464,
          1059712,
          1058080,
          1060416,
          1058720,
          1059648,
          1058272,
          1057152,
          1058944,
          1057248,
          1058624,
          1057728,
          1058112,
          1058016,
          1058240,
          1058080,
          1058464,
          1058304,
          1058112,
          1059712,
          1057152,
          1058368,
          1057728,
          1058112
        ],
        "chunk_tokens": 64,
        "block_threads": 64,
        "staged_input_bytes": 210635828,
        "applicable": true
      },
      {
        "kernel": "onpair_dw_k2_t128_b1",
        "role": "experimental",
        "stage_bytes": null,
        "chunk_size": 64,
        "decode_ms": 1.01184,
        "decode_gib_s": 920.4246526643524,
        "decode_ns_iters": [
          1014784,
          1013632,
          1013536,
          1012576,
          1014336,
          1012672,
          1015840,
          1014048,
          1012544,
          1012704,
          1014528,
          1014624,
          1011872,
          1014880,
          1019200,
          1012960,
          1014272,
          1013440,
          1015296,
          1013056,
          1014880,
          1013440,
          1013536,
          1011840,
          1013632,
          1014688,
          1014496,
          1012992,
          1014400,
          1013184
        ],
        "chunk_tokens": 64,
        "block_threads": 128,
        "staged_input_bytes": 210635828,
        "applicable": true
      },
      {
        "kernel": "onpair_dw_k2_t128_b2",
        "role": "experimental",
        "stage_bytes": null,
        "chunk_size": 64,
        "decode_ms": 1.012576,
        "decode_gib_s": 919.7556337024565,
        "decode_ns_iters": [
          1014784,
          1014176,
          1013856,
          1012576,
          1013568,
          1013280,
          1014624,
          1020544,
          1015136,
          1013696,
          1015072,
          1013664,
          1014592,
          1013856,
          1012928,
          1014208,
          1016288,
          1013280,
          1014464,
          1013376,
          1014368,
          1014592,
          1014112,
          1013472,
          1013888,
          1013120,
          1014496,
          1013760,
          1014496,
          1014112
        ],
        "chunk_tokens": 64,
        "block_threads": 128,
        "staged_input_bytes": 210635828,
        "applicable": true
      },
      {
        "kernel": "onpair_dw_k2_t128_b4",
        "role": "experimental",
        "stage_bytes": null,
        "chunk_size": 64,
        "decode_ms": 1.012704,
        "decode_gib_s": 919.6393818449402,
        "decode_ns_iters": [
          1014400,
          1014880,
          1013408,
          1015040,
          1014528,
          1015232,
          1014624,
          1014848,
          1013664,
          1015136,
          1013696,
          1013120,
          1013792,
          1012704,
          1014944,
          1020256,
          1014208,
          1013152,
          1013664,
          1016352,
          1013600,
          1015744,
          1015328,
          1013344,
          1014944,
          1015648,
          1012832,
          1015488,
          1014208,
          1015136
        ],
        "chunk_tokens": 64,
        "block_threads": 128,
        "staged_input_bytes": 210635828,
        "applicable": true
      },
      {
        "kernel": "onpair_dw_k2_t128_b6",
        "role": "experimental",
        "stage_bytes": null,
        "chunk_size": 64,
        "decode_ms": 1.012512,
        "decode_gib_s": 919.813770653482,
        "decode_ns_iters": [
          1015360,
          1014048,
          1014272,
          1013408,
          1013408,
          1013024,
          1013504,
          1014592,
          1014080,
          1015200,
          1013120,
          1014240,
          1013984,
          1013344,
          1014368,
          1013056,
          1014496,
          1015200,
          1013376,
          1013280,
          1014336,
          1014688,
          1015712,
          1020384,
          1015168,
          1016160,
          1014720,
          1014496,
          1015680,
          1012512
        ],
        "chunk_tokens": 64,
        "block_threads": 128,
        "staged_input_bytes": 210635828,
        "applicable": true
      },
      {
        "kernel": "onpair_dw_k2_t128_b8",
        "role": "experimental",
        "stage_bytes": null,
        "chunk_size": 64,
        "decode_ms": 1.011808,
        "decode_gib_s": 920.4537625240148,
        "decode_ns_iters": [
          1013536,
          1013504,
          1014976,
          1012992,
          1014912,
          1013536,
          1014752,
          1012992,
          1013440,
          1012448,
          1012512,
          1014080,
          1015104,
          1013312,
          1013728,
          1013920,
          1021216,
          1014464,
          1012640,
          1014048,
          1012736,
          1013152,
          1013088,
          1014400,
          1011808,
          1012480,
          1013184,
          1012800,
          1015104,
          1014304
        ],
        "chunk_tokens": 64,
        "block_threads": 128,
        "staged_input_bytes": 210635828,
        "applicable": true
      },
      {
        "kernel": "onpair_dw_k2_t256_b1",
        "role": "experimental",
        "stage_bytes": null,
        "chunk_size": 64,
        "decode_ms": 0.99472,
        "decode_gib_s": 936.2659648462867,
        "decode_ns_iters": [
          997216,
          998592,
          994752,
          997568,
          997760,
          996160,
          996640,
          996864,
          997760,
          995936,
          996736,
          998784,
          996096,
          1002976,
          997280,
          997792,
          996544,
          995840,
          997248,
          995808,
          997216,
          997280,
          997248,
          996672,
          995968,
          994720,
          996160,
          995680,
          995520,
          996288
        ],
        "chunk_tokens": 64,
        "block_threads": 256,
        "staged_input_bytes": 210635828,
        "applicable": true
      },
      {
        "kernel": "onpair_dw_k2_t256_b2",
        "role": "experimental",
        "stage_bytes": null,
        "chunk_size": 64,
        "decode_ms": 0.994624,
        "decode_gib_s": 936.3563321937722,
        "decode_ns_iters": [
          998208,
          996864,
          997344,
          996352,
          996576,
          995968,
          996928,
          997504,
          994624,
          996672,
          996384,
          997376,
          997056,
          996448,
          995456,
          1003456,
          996832,
          996416,
          996832,
          995840,
          996480,
          995776,
          996832,
          995808,
          996320,
          995232,
          996096,
          995520,
          998880,
          995808
        ],
        "chunk_tokens": 64,
        "block_threads": 256,
        "staged_input_bytes": 210635828,
        "applicable": true
      },
      {
        "kernel": "onpair_dw_k2_t256_b4",
        "role": "experimental",
        "stage_bytes": null,
        "chunk_size": 64,
        "decode_ms": 0.994496,
        "decode_gib_s": 936.4768491295072,
        "decode_ns_iters": [
          997184,
          995328,
          995072,
          995552,
          996544,
          997120,
          997408,
          995968,
          997408,
          996000,
          996032,
          998016,
          997504,
          997024,
          996480,
          996832,
          995520,
          1003616,
          996800,
          995264,
          998400,
          995776,
          994496,
          995712,
          995104,
          998080,
          996736,
          996640,
          995456,
          996864
        ],
        "chunk_tokens": 64,
        "block_threads": 256,
        "staged_input_bytes": 210635828,
        "applicable": true
      },
      {
        "kernel": "onpair_dw_k2_t256_b6",
        "role": "experimental",
        "stage_bytes": null,
        "chunk_size": 64,
        "decode_ms": 0.971072,
        "decode_gib_s": 959.0663519820348,
        "decode_ns_iters": [
          973152,
          980352,
          973184,
          973696,
          972032,
          972608,
          972608,
          972864,
          974208,
          972192,
          971072,
          973344,
          971936,
          971424,
          973056,
          973120,
          973888,
          973760,
          973216,
          971648,
          972320,
          972608,
          972832,
          973152,
          971616,
          972384,
          972128,
          971872,
          972192,
          972736
        ],
        "chunk_tokens": 64,
        "block_threads": 256,
        "staged_input_bytes": 210635828,
        "applicable": true
      },
      {
        "kernel": "onpair_dw_k2_t256_b8",
        "role": "experimental",
        "stage_bytes": null,
        "chunk_size": 64,
        "decode_ms": 0.971008,
        "decode_gib_s": 959.1295648974041,
        "decode_ns_iters": [
          971552,
          971328,
          972128,
          972768,
          973696,
          972640,
          971904,
          972928,
          973440,
          973408,
          973280,
          972320,
          972320,
          972768,
          971008,
          973536,
          973376,
          972704,
          971328,
          972096,
          972928,
          972192,
          972672,
          974560,
          973408,
          972608,
          971872,
          973664,
          973216,
          972000
        ],
        "chunk_tokens": 64,
        "block_threads": 256,
        "staged_input_bytes": 210635828,
        "applicable": true
      },
      {
        "kernel": "onpair_dw_k3_t64_b1",
        "role": "experimental",
        "stage_bytes": null,
        "chunk_size": 96,
        "decode_ms": 1.032288,
        "decode_gib_s": 902.1924894524574,
        "decode_ns_iters": [
          1035840,
          1035008,
          1032288,
          1036480,
          1035424,
          1034112,
          1034016,
          1033600,
          1034368,
          1033888,
          1035616,
          1033152,
          1034208,
          1033792,
          1034784,
          1032672,
          1033760,
          1033056,
          1034176,
          1034144,
          1033376,
          1033120,
          1034976,
          1032320,
          1034368,
          1033792,
          1036288,
          1033920,
          1032352,
          1035648
        ],
        "chunk_tokens": 96,
        "block_threads": 64,
        "staged_input_bytes": 206507044,
        "applicable": true
      },
      {
        "kernel": "onpair_dw_k3_t64_b2",
        "role": "experimental",
        "stage_bytes": null,
        "chunk_size": 96,
        "decode_ms": 1.031808,
        "decode_gib_s": 902.6121919503419,
        "decode_ns_iters": [
          1034624,
          1037728,
          1034464,
          1034208,
          1034016,
          1035136,
          1034752,
          1035040,
          1034048,
          1059552,
          1039424,
          1034144,
          1034336,
          1035328,
          1034176,
          1036032,
          1041408,
          1034560,
          1031808,
          1034880,
          1033312,
          1032288,
          1032800,
          1034528,
          1033952,
          1034368,
          1035936,
          1042112,
          1034080,
          1034688
        ],
        "chunk_tokens": 96,
        "block_threads": 64,
        "staged_input_bytes": 206507044,
        "applicable": true
      },
      {
        "kernel": "onpair_dw_k3_t64_b4",
        "role": "experimental",
        "stage_bytes": null,
        "chunk_size": 96,
        "decode_ms": 1.032288,
        "decode_gib_s": 902.1924894524574,
        "decode_ns_iters": [
          1033248,
          1032288,
          1034912,
          1043872,
          1036864,
          1035424,
          1032576,
          1034784,
          1034112,
          1033344,
          1032576,
          1034208,
          1035520,
          1034304,
          1042720,
          1036416,
          1035072,
          1034080,
          1033728,
          1033440,
          1033920,
          1034752,
          1034752,
          1035744,
          1033952,
          1040480,
          1033792,
          1033504,
          1033664,
          1034336
        ],
        "chunk_tokens": 96,
        "block_threads": 64,
        "staged_input_bytes": 206507044,
        "applicable": true
      },
      {
        "kernel": "onpair_dw_k3_t64_b6",
        "role": "experimental",
        "stage_bytes": null,
        "chunk_size": 96,
        "decode_ms": 1.032416,
        "decode_gib_s": 902.0806346975429,
        "decode_ns_iters": [
          1033568,
          1032416,
          1035008,
          1034912,
          1033920,
          1034272,
          1035168,
          1034528,
          1036032,
          1033984,
          1033600,
          1033792,
          1033696,
          1034016,
          1035488,
          1034112,
          1033888,
          1034880,
          1033568,
          1034688,
          1034720,
          1035968,
          1033664,
          1034400,
          1034880,
          1036704,
          1038112,
          1034336,
          1035424,
          1034528
        ],
        "chunk_tokens": 96,
        "block_threads": 64,
        "staged_input_bytes": 206507044,
        "applicable": true
      },
      {
        "kernel": "onpair_dw_k3_t64_b8",
        "role": "experimental",
        "stage_bytes": null,
        "chunk_size": 96,
        "decode_ms": 1.032512,
        "decode_gib_s": 901.996761831241,
        "decode_ns_iters": [
          1033920,
          1033248,
          1033600,
          1034944,
          1036192,
          1033984,
          1034080,
          1033504,
          1035104,
          1034080,
          1037408,
          1035392,
          1036448,
          1034144,
          1036736,
          1034368,
          1034912,
          1034016,
          1033088,
          1034816,
          1034976,
          1033600,
          1035584,
          1033856,
          1034624,
          1035328,
          1032512,
          1035392,
          1035424,
          1035744
        ],
        "chunk_tokens": 96,
        "block_threads": 64,
        "staged_input_bytes": 206507044,
        "applicable": true
      },
      {
        "kernel": "onpair_dw_k3_t128_b1",
        "role": "experimental",
        "stage_bytes": null,
        "chunk_size": 96,
        "decode_ms": 0.98624,
        "decode_gib_s": 944.3162724609613,
        "decode_ns_iters": [
          988224,
          987296,
          987200,
          986976,
          989216,
          986400,
          987040,
          989056,
          988032,
          988032,
          986912,
          988576,
          986528,
          986240,
          988000,
          987584,
          987456,
          989632,
          988288,
          988160,
          988832,
          994656,
          989056,
          986816,
          988544,
          987296,
          987008,
          988032,
          988864,
          988512
        ],
        "chunk_tokens": 96,
        "block_threads": 128,
        "staged_input_bytes": 206507044,
        "applicable": true
      },
      {
        "kernel": "onpair_dw_k3_t128_b2",
        "role": "experimental",
        "stage_bytes": null,
        "chunk_size": 96,
        "decode_ms": 0.986272,
        "decode_gib_s": 944.2856337317681,
        "decode_ns_iters": [
          987168,
          988992,
          988000,
          990496,
          988128,
          986592,
          995168,
          986272,
          987168,
          988192,
          987296,
          987808,
          988384,
          988864,
          988672,
          987360,
          988096,
          987872,
          987328,
          988416,
          987776,
          986784,
          987200,
          989536,
          986272,
          988128,
          987744,
          989856,
          987904,
          988544
        ],
        "chunk_tokens": 96,
        "block_threads": 128,
        "staged_input_bytes": 206507044,
        "applicable": true
      },
      {
        "kernel": "onpair_dw_k3_t128_b4",
        "role": "experimental",
        "stage_bytes": null,
        "chunk_size": 96,
        "decode_ms": 0.986272,
        "decode_gib_s": 944.2856337317681,
        "decode_ns_iters": [
          987776,
          988672,
          989536,
          987520,
          988352,
          986784,
          989088,
          988672,
          989504,
          987840,
          988000,
          986304,
          987232,
          987744,
          994720,
          987584,
          988352,
          987456,
          986656,
          987520,
          987872,
          986272,
          987264,
          987744,
          988512,
          987264,
          987296,
          988480,
          988640,
          989024
        ],
        "chunk_tokens": 96,
        "block_threads": 128,
        "staged_input_bytes": 206507044,
        "applicable": true
      },
      {
        "kernel": "onpair_dw_k3_t128_b6",
        "role": "experimental",
        "stage_bytes": null,
        "chunk_size": 96,
        "decode_ms": 0.986432,
        "decode_gib_s": 944.1324699035499,
        "decode_ns_iters": [
          987360,
          986784,
          986432,
          988032,
          988608,
          986624,
          988352,
          987680,
          988768,
          987648,
          988416,
          988544,
          987360,
          987840,
          988864,
          986880,
          988320,
          987072,
          988576,
          989056,
          988704,
          987744,
          988800,
          986816,
          988000,
          987232,
          987200,
          987776,
          987968,
          988192
        ],
        "chunk_tokens": 96,
        "block_threads": 128,
        "staged_input_bytes": 206507044,
        "applicable": true
      },
      {
        "kernel": "onpair_dw_k3_t128_b8",
        "role": "experimental",
        "stage_bytes": null,
        "chunk_size": 96,
        "decode_ms": 0.986912,
        "decode_gib_s": 943.6732763933345,
        "decode_ns_iters": [
          988160,
          989696,
          988800,
          989536,
          987936,
          986912,
          988640,
          993984,
          991456,
          989056,
          989984,
          988416,
          987840,
          987520,
          988064,
          988128,
          989408,
          988128,
          988896,
          989568,
          987552,
          988864,
          988896,
          988640,
          988224,
          988512,
          987872,
          989248,
          989952,
          988576
        ],
        "chunk_tokens": 96,
        "block_threads": 128,
        "staged_input_bytes": 206507044,
        "applicable": true
      },
      {
        "kernel": "onpair_dw_k3_t256_b1",
        "role": "experimental",
        "stage_bytes": null,
        "chunk_size": 96,
        "decode_ms": 0.9344,
        "decode_gib_s": 996.7064218235214,
        "decode_ns_iters": [
          936352,
          936704,
          937216,
          937536,
          936096,
          936544,
          939072,
          938336,
          936032,
          937216,
          937472,
          936832,
          935584,
          937472,
          937824,
          935616,
          934400,
          936128,
          935712,
          935200,
          937216,
          937280,
          936800,
          936960,
          937312,
          937120,
          943456,
          942688,
          943520,
          942752
        ],
        "chunk_tokens": 96,
        "block_threads": 256,
        "staged_input_bytes": 206507044,
        "applicable": true
      },
      {
        "kernel": "onpair_dw_k3_t256_b2",
        "role": "experimental",
        "stage_bytes": null,
        "chunk_size": 96,
        "decode_ms": 0.936032,
        "decode_gib_s": 994.9686341406048,
        "decode_ns_iters": [
          937408,
          937152,
          936896,
          936576,
          937056,
          936576,
          936736,
          937248,
          939072,
          937056,
          937472,
          938400,
          936032,
          937504,
          937664,
          936576,
          938688,
          937760,
          936864,
          937440,
          936928,
          937792,
          936064,
          944736,
          944192,
          943776,
          942112,
          942048,
          943520,
          943072
        ],
        "chunk_tokens": 96,
        "block_threads": 256,
        "staged_input_bytes": 206507044,
        "applicable": true
      },
      {
        "kernel": "onpair_dw_k3_t256_b4",
        "role": "experimental",
        "stage_bytes": null,
        "chunk_size": 96,
        "decode_ms": 0.935616,
        "decode_gib_s": 995.411023915686,
        "decode_ns_iters": [
          935648,
          935616,
          937536,
          939456,
          937568,
          936992,
          936512,
          936608,
          939264,
          938304,
          937344,
          937216,
          935776,
          936160,
          937856,
          936608,
          937472,
          937280,
          935712,
          938464,
          936960,
          937152,
          938368,
          936480,
          941664,
          943008,
          943264,
          943200,
          941696,
          937024
        ],
        "chunk_tokens": 96,
        "block_threads": 256,
        "staged_input_bytes": 206507044,
        "applicable": true
      },
      {
        "kernel": "onpair_dw_k3_t256_b6",
        "role": "experimental",
        "stage_bytes": null,
        "chunk_size": 96,
        "decode_ms": 0.974464,
        "decode_gib_s": 955.727949469553,
        "decode_ns_iters": [
          976032,
          975552,
          975936,
          974816,
          976928,
          975744,
          975776,
          974976,
          976384,
          975616,
          977440,
          978048,
          976352,
          977152,
          974912,
          975040,
          976448,
          975808,
          976672,
          974944,
          976320,
          976992,
          975296,
          981920,
          975104,
          976032,
          974464,
          975840,
          976224,
          976096
        ],
        "chunk_tokens": 96,
        "block_threads": 256,
        "staged_input_bytes": 206507044,
        "applicable": true
      },
      {
        "kernel": "onpair_dw_k3_t256_b8",
        "role": "experimental",
        "stage_bytes": null,
        "chunk_size": 96,
        "decode_ms": 0.973088,
        "decode_gib_s": 957.079401402441,
        "decode_ns_iters": [
          976480,
          976576,
          976096,
          975136,
          973888,
          975616,
          976896,
          975648,
          976096,
          975744,
          975936,
          975136,
          974656,
          975072,
          974208,
          982912,
          977024,
          975232,
          976096,
          973088,
          975552,
          975136,
          975616,
          975296,
          975392,
          975520,
          976288,
          975232,
          975904,
          974624
        ],
        "chunk_tokens": 96,
        "block_threads": 256,
        "staged_input_bytes": 206507044,
        "applicable": true
      },
      {
        "kernel": "onpair_dw_k4_t64_b1",
        "role": "experimental",
        "stage_bytes": null,
        "chunk_size": 128,
        "decode_ms": 1.038208,
        "decode_gib_s": 897.0480679708675,
        "decode_ns_iters": [
          1040352,
          1041728,
          1039424,
          1040640,
          1038208,
          1041440,
          1041376,
          1039744,
          1040160,
          1039168,
          1039392,
          1044768,
          1039488,
          1041152,
          1040992,
          1040128,
          1041536,
          1039232,
          1039200,
          1040192,
          1040960,
          1039616,
          1040832,
          1041088,
          1039968,
          1040672,
          1040192,
          1038912,
          1040000,
          1040992
        ],
        "chunk_tokens": 128,
        "block_threads": 64,
        "staged_input_bytes": 204442644,
        "applicable": true
      },
      {
        "kernel": "onpair_dw_k4_t64_b2",
        "role": "experimental",
        "stage_bytes": null,
        "chunk_size": 128,
        "decode_ms": 1.038368,
        "decode_gib_s": 896.9098436699691,
        "decode_ns_iters": [
          1040480,
          1040032,
          1041088,
          1039936,
          1039552,
          1040736,
          1039232,
          1044192,
          1040672,
          1039072,
          1040960,
          1041120,
          1040768,
          1039232,
          1042720,
          1040800,
          1039424,
          1039488,
          1039808,
          1038368,
          1041408,
          1041312,
          1042336,
          1040992,
          1041696,
          1040000,
          1041024,
          1041952,
          1047776,
          1042240
        ],
        "chunk_tokens": 128,
        "block_threads": 64,
        "staged_input_bytes": 204442644,
        "applicable": true
      },
      {
        "kernel": "onpair_dw_k4_t64_b4",
        "role": "experimental",
        "stage_bytes": null,
        "chunk_size": 128,
        "decode_ms": 1.038496,
        "decode_gib_s": 896.7992948955975,
        "decode_ns_iters": [
          1041312,
          1039296,
          1038496,
          1038848,
          1042144,
          1042080,
          1040480,
          1040896,
          1039968,
          1039712,
          1041408,
          1039968,
          1041600,
          1043936,
          1039808,
          1042528,
          1041664,
          1040192,
          1040800,
          1043040,
          1042592,
          1041408,
          1041664,
          1040384,
          1047488,
          1041568,
          1042336,
          1039744,
          1042144,
          1043136
        ],
        "chunk_tokens": 128,
        "block_threads": 64,
        "staged_input_bytes": 204442644,
        "applicable": true
      },
      {
        "kernel": "onpair_dw_k4_t64_b6",
        "role": "experimental",
        "stage_bytes": null,
        "chunk_size": 128,
        "decode_ms": 1.039936,
        "decode_gib_s": 895.5574963766024,
        "decode_ns_iters": [
          1042112,
          1042080,
          1040608,
          1039936,
          1041184,
          1043040,
          1040768,
          1040992,
          1043232,
          1041440,
          1040928,
          1106976,
          1071040,
          1068992,
          1068416,
          1068928,
          1067968,
          1072736,
          1068352,
          1068448,
          1066848,
          1067936,
          1068544,
          1068096,
          1069824,
          1067360,
          1070592,
          1068864,
          1069280,
          1068160
        ],
        "chunk_tokens": 128,
        "block_threads": 64,
        "staged_input_bytes": 204442644,
        "applicable": true
      },
      {
        "kernel": "onpair_dw_k4_t64_b8",
        "role": "experimental",
        "stage_bytes": null,
        "chunk_size": 128,
        "decode_ms": 1.0672,
        "decode_gib_s": 872.6784862742678,
        "decode_ns_iters": [
          1070752,
          1068160,
          1067616,
          1070432,
          1070112,
          1073216,
          1071328,
          1070368,
          1069056,
          1067968,
          1068000,
          1068640,
          1067584,
          1067808,
          1069152,
          1068608,
          1067648,
          1069728,
          1068128,
          1067200,
          1068544,
          1068960,
          1068192,
          1070240,
          1069632,
          1069696,
          1067776,
          1070976,
          1075680,
          1068992
        ],
        "chunk_tokens": 128,
        "block_threads": 64,
        "staged_input_bytes": 204442644,
        "applicable": true
      },
      {
        "kernel": "onpair_dw_k4_t128_b1",
        "role": "experimental",
        "stage_bytes": null,
        "chunk_size": 128,
        "decode_ms": 1.01584,
        "decode_gib_s": 916.8003628050661,
        "decode_ns_iters": [
          1016640,
          1018368,
          1017792,
          1024416,
          1018496,
          1016160,
          1015840,
          1016832,
          1017056,
          1017152,
          1018528,
          1017376,
          1019616,
          1019488,
          1017504,
          1019616,
          1024800,
          1019520,
          1016800,
          1017728,
          1017312,
          1017728,
          1017472,
          1016768,
          1016512,
          1019232,
          1017440,
          1017280,
          1017696,
          1018496
        ],
        "chunk_tokens": 128,
        "block_threads": 128,
        "staged_input_bytes": 204442644,
        "applicable": true
      },
      {
        "kernel": "onpair_dw_k4_t128_b2",
        "role": "experimental",
        "stage_bytes": null,
        "chunk_size": 128,
        "decode_ms": 1.015552,
        "decode_gib_s": 917.0603578663607,
        "decode_ns_iters": [
          1018080,
          1017792,
          1018432,
          1024160,
          1017440,
          1016640,
          1020320,
          1018784,
          1017824,
          1018592,
          1015552,
          1018336,
          1015648,
          1016512,
          1017664,
          1017536,
          1023264,
          1017440,
          1017408,
          1016864,
          1018176,
          1019680,
          1018944,
          1016896,
          1018304,
          1017920,
          1019456,
          1019520,
          1017920,
          1018944
        ],
        "chunk_tokens": 128,
        "block_threads": 128,
        "staged_input_bytes": 204442644,
        "applicable": true
      },
      {
        "kernel": "onpair_dw_k4_t128_b4",
        "role": "experimental",
        "stage_bytes": null,
        "chunk_size": 128,
        "decode_ms": 1.015872,
        "decode_gib_s": 916.7714835647586,
        "decode_ns_iters": [
          1018208,
          1019136,
          1017760,
          1019968,
          1017504,
          1023232,
          1020448,
          1016128,
          1019008,
          1016384,
          1018016,
          1015872,
          1020320,
          1018624,
          1018592,
          1016288,
          1019488,
          1021024,
          1018048,
          1017632,
          1018144,
          1018112,
          1019040,
          1017312,
          1017184,
          1018368,
          1017536,
          1017792,
          1017504,
          1018144
        ],
        "chunk_tokens": 128,
        "block_threads": 128,
        "staged_input_bytes": 204442644,
        "applicable": true
      },
      {
        "kernel": "onpair_dw_k4_t128_b6",
        "role": "experimental",
        "stage_bytes": null,
        "chunk_size": 128,
        "decode_ms": 1.016224,
        "decode_gib_s": 916.453931959783,
        "decode_ns_iters": [
          1019712,
          1018240,
          1017888,
          1018208,
          1018688,
          1018528,
          1021920,
          1017056,
          1017664,
          1016672,
          1019168,
          1018368,
          1017408,
          1017536,
          1016224,
          1016288,
          1017024,
          1018848,
          1018080,
          1024416,
          1017792,
          1017088,
          1017920,
          1018592,
          1018144,
          1016768,
          1016768,
          1017312,
          1017312,
          1017760
        ],
        "chunk_tokens": 128,
        "block_threads": 128,
        "staged_input_bytes": 204442644,
        "applicable": true
      },
      {
        "kernel": "onpair_dw_k4_t128_b8",
        "role": "experimental",
        "stage_bytes": null,
        "chunk_size": 128,
        "decode_ms": 1.015584,
        "decode_gib_s": 917.0314622442834,
        "decode_ns_iters": [
          1019840,
          1020736,
          1015776,
          1018496,
          1020736,
          1018752,
          1017280,
          1018336,
          1023136,
          1018816,
          1019104,
          1018624,
          1016416,
          1019744,
          1018496,
          1017056,
          1017952,
          1018272,
          1017728,
          1018144,
          1017408,
          1019232,
          1019584,
          1016704,
          1015584,
          1017632,
          1017888,
          1020096,
          1019232,
          1017248
        ],
        "chunk_tokens": 128,
        "block_threads": 128,
        "staged_input_bytes": 204442644,
        "applicable": true
      },
      {
        "kernel": "onpair_dw_k4_t256_b1",
        "role": "experimental",
        "stage_bytes": null,
        "chunk_size": 128,
        "decode_ms": 0.939328,
        "decode_gib_s": 991.4773971944821,
        "decode_ns_iters": [
          941792,
          941792,
          943904,
          941120,
          941600,
          942304,
          941184,
          941120,
          943776,
          943232,
          942816,
          942752,
          941984,
          940224,
          939328,
          940608,
          943040,
          940000,
          943136,
          941856,
          941632,
          941920,
          940960,
          940896,
          941632,
          940448,
          940800,
          941952,
          940512,
          942720
        ],
        "chunk_tokens": 128,
        "block_threads": 256,
        "staged_input_bytes": 204442644,
        "applicable": true
      },
      {
        "kernel": "onpair_dw_k4_t256_b2",
        "role": "experimental",
        "stage_bytes": null,
        "chunk_size": 128,
        "decode_ms": 0.939168,
        "decode_gib_s": 991.6463088093914,
        "decode_ns_iters": [
          941056,
          939168,
          941120,
          941472,
          941696,
          942208,
          942016,
          941184,
          940736,
          940064,
          941728,
          941664,
          940384,
          943104,
          942880,
          943264,
          942336,
          941664,
          941856,
          941248,
          941120,
          939584,
          943968,
          942944,
          941504,
          941376,
          942336,
          943328,
          940128,
          941440
        ],
        "chunk_tokens": 128,
        "block_threads": 256,
        "staged_input_bytes": 204442644,
        "applicable": true
      },
      {
        "kernel": "onpair_dw_k4_t256_b4",
        "role": "experimental",
        "stage_bytes": null,
        "chunk_size": 128,
        "decode_ms": 0.9376,
        "decode_gib_s": 993.3046934213934,
        "decode_ns_iters": [
          942368,
          939712,
          939904,
          939776,
          939648,
          942400,
          943584,
          937600,
          940896,
          937984,
          940512,
          940192,
          942912,
          941152,
          940896,
          941920,
          942016,
          940928,
          939872,
          941376,
          940480,
          940640,
          940416,
          939584,
          940128,
          941120,
          938560,
          940320,
          943840,
          941408
        ],
        "chunk_tokens": 128,
        "block_threads": 256,
        "staged_input_bytes": 204442644,
        "applicable": true
      },
      {
        "kernel": "onpair_dw_k4_t256_b6",
        "role": "experimental",
        "stage_bytes": null,
        "chunk_size": 128,
        "decode_ms": 0.939648,
        "decode_gib_s": 991.1397465347645,
        "decode_ns_iters": [
          942560,
          943200,
          942688,
          940096,
          943104,
          942752,
          941792,
          940992,
          940608,
          940608,
          941248,
          941184,
          943104,
          941024,
          940512,
          940768,
          942496,
          944224,
          942912,
          944064,
          941728,
          941920,
          942176,
          941312,
          940800,
          939648,
          943136,
          941856,
          942144,
          941216
        ],
        "chunk_tokens": 128,
        "block_threads": 256,
        "staged_input_bytes": 204442644,
        "applicable": true
      },
      {
        "kernel": "onpair_dw_k4_t256_b8",
        "role": "experimental",
        "stage_bytes": null,
        "chunk_size": 128,
        "decode_ms": 1.035712,
        "decode_gib_s": 899.2098967202257,
        "decode_ns_iters": [
          1064608,
          1063744,
          1064896,
          1065888,
          1065248,
          1064672,
          1062112,
          1064928,
          1063200,
          1067712,
          1064384,
          1064800,
          1063968,
          1061600,
          1063936,
          1063872,
          1062144,
          1062816,
          1062304,
          1063584,
          1063776,
          1062368,
          1054176,
          1052704,
          1051264,
          1051776,
          1050784,
          1041984,
          1035712,
          1038464
        ],
        "chunk_tokens": 128,
        "block_threads": 256,
        "staged_input_bytes": 204442644,
        "applicable": true
      },
      {
        "kernel": "onpair_dw_k5_t64_b1",
        "role": "experimental",
        "stage_bytes": null,
        "chunk_size": 160,
        "decode_ms": 1.026208,
        "decode_gib_s": 907.5377316800283,
        "decode_ns_iters": [
          1037568,
          1028960,
          1026240,
          1026912,
          1028384,
          1031360,
          1029152,
          1029952,
          1027648,
          1028448,
          1027488,
          1028064,
          1032256,
          1028480,
          1027840,
          1027936,
          1026240,
          1029920,
          1026208,
          1029152,
          1029568,
          1027968,
          1027488,
          1027936,
          1034240,
          1026752,
          1028256,
          1027264,
          1028736,
          1028128
        ],
        "chunk_tokens": 160,
        "block_threads": 64,
        "staged_input_bytes": 203204012,
        "applicable": true
      },
      {
        "kernel": "onpair_dw_k5_t64_b2",
        "role": "experimental",
        "stage_bytes": null,
        "chunk_size": 160,
        "decode_ms": 1.025984,
        "decode_gib_s": 907.7358716626171,
        "decode_ns_iters": [
          1028192,
          1027936,
          1028768,
          1027456,
          1028192,
          1026976,
          1027104,
          1027072,
          1028256,
          1027584,
          1026944,
          1027296,
          1028736,
          1028864,
          1026496,
          1027424,
          1028640,
          1027168,
          1026976,
          1027040,
          1028960,
          1028320,
          1027040,
          1028704,
          1028672,
          1027616,
          1028000,
          1027200,
          1028064,
          1025984
        ],
        "chunk_tokens": 160,
        "block_threads": 64,
        "staged_input_bytes": 203204012,
        "applicable": true
      },
      {
        "kernel": "onpair_dw_k5_t64_b4",
        "role": "experimental",
        "stage_bytes": null,
        "chunk_size": 160,
        "decode_ms": 1.026624,
        "decode_gib_s": 907.16998682273,
        "decode_ns_iters": [
          1027648,
          1030176,
          1028928,
          1029696,
          1027456,
          1029344,
          1028256,
          1029184,
          1030528,
          1028576,
          1030816,
          1027712,
          1028864,
          1028160,
          1028768,
          1027168,
          1028224,
          1028480,
          1026624,
          1028128,
          1029024,
          1029024,
          1027872,
          1027552,
          1029184,
          1027744,
          1028128,
          1029120,
          1028576,
          1027392
        ],
        "chunk_tokens": 160,
        "block_threads": 64,
        "staged_input_bytes": 203204012,
        "applicable": true
      },
      {
        "kernel": "onpair_dw_k5_t64_b6",
        "role": "experimental",
        "stage_bytes": null,
        "chunk_size": 160,
        "decode_ms": 1.026688,
        "decode_gib_s": 907.113437141467,
        "decode_ns_iters": [
          1028544,
          1028192,
          1028544,
          1026688,
          1026976,
          1027808,
          1028352,
          1028448,
          1029760,
          1027680,
          1028992,
          1028576,
          1029408,
          1027424,
          1027328,
          1027872,
          1027808,
          1028384,
          1028672,
          1028800,
          1027104,
          1030720,
          1029664,
          1028352,
          1027808,
          1029536,
          1028384,
          1027424,
          1028864,
          1028224
        ],
        "chunk_tokens": 160,
        "block_threads": 64,
        "staged_input_bytes": 203204012,
        "applicable": true
      },
      {
        "kernel": "onpair_dw_k5_t64_b8",
        "role": "experimental",
        "stage_bytes": null,
        "chunk_size": 160,
        "decode_ms": 1.02544,
        "decode_gib_s": 908.2174291542153,
        "decode_ns_iters": [
          1027328,
          1027968,
          1027872,
          1028416,
          1026880,
          1030752,
          1029440,
          1030208,
          1030016,
          1030144,
          1028928,
          1026816,
          1029376,
          1029504,
          1027168,
          1028064,
          1029024,
          1027744,
          1027712,
          1025440,
          1029024,
          1027680,
          1027776,
          1027616,
          1030240,
          1029024,
          1028448,
          1027648,
          1026368,
          1028320
        ],
        "chunk_tokens": 160,
        "block_threads": 64,
        "staged_input_bytes": 203204012,
        "applicable": true
      },
      {
        "kernel": "onpair_dw_k5_t128_b1",
        "role": "experimental",
        "stage_bytes": null,
        "chunk_size": 160,
        "decode_ms": 0.97232,
        "decode_gib_s": 957.8353634111184,
        "decode_ns_iters": [
          973472,
          972448,
          973088,
          972480,
          972992,
          972992,
          981376,
          972832,
          974880,
          976064,
          974784,
          973472,
          974720,
          974432,
          974176,
          974144,
          975264,
          972320,
          973600,
          974272,
          973344,
          973312,
          973696,
          974208,
          974784,
          975072,
          973184,
          973312,
          973312,
          974880
        ],
        "chunk_tokens": 160,
        "block_threads": 128,
        "staged_input_bytes": 203204012,
        "applicable": true
      },
      {
        "kernel": "onpair_dw_k5_t128_b2",
        "role": "experimental",
        "stage_bytes": null,
        "chunk_size": 160,
        "decode_ms": 0.972128,
        "decode_gib_s": 958.0245405459965,
        "decode_ns_iters": [
          973984,
          975040,
          973472,
          973696,
          972544,
          974528,
          974016,
          973824,
          972736,
          975584,
          975136,
          976416,
          973536,
          974208,
          974912,
          975296,
          975776,
          975488,
          973600,
          975488,
          974368,
          974208,
          973216,
          972128,
          974528,
          974336,
          973376,
          974464,
          975616,
          973952
        ],
        "chunk_tokens": 160,
        "block_threads": 128,
        "staged_input_bytes": 203204012,
        "applicable": true
      },
      {
        "kernel": "onpair_dw_k5_t128_b4",
        "role": "experimental",
        "stage_bytes": null,
        "chunk_size": 160,
        "decode_ms": 0.971808,
        "decode_gib_s": 958.3400018850416,
        "decode_ns_iters": [
          975360,
          974464,
          973760,
          974304,
          975456,
          974240,
          973984,
          974336,
          973888,
          974240,
          973184,
          973184,
          973216,
          973088,
          973920,
          976992,
          974112,
          974208,
          972768,
          974144,
          974112,
          973696,
          973504,
          972512,
          981248,
          972480,
          971808,
          973440,
          976160,
          974848
        ],
        "chunk_tokens": 160,
        "block_threads": 128,
        "staged_input_bytes": 203204012,
        "applicable": true
      },
      {
        "kernel": "onpair_dw_k5_t128_b6",
        "role": "experimental",
        "stage_bytes": null,
        "chunk_size": 160,
        "decode_ms": 0.972448,
        "decode_gib_s": 957.70928682243,
        "decode_ns_iters": [
          972448,
          973888,
          975552,
          976128,
          972960,
          973824,
          972960,
          974272,
          973760,
          973280,
          974816,
          974176,
          974112,
          975424,
          973664,
          980032,
          974848,
          974176,
          974976,
          973472,
          974336,
          976416,
          975008,
          974592,
          975296,
          972768,
          972800,
          976896,
          973568,
          975200
        ],
        "chunk_tokens": 160,
        "block_threads": 128,
        "staged_input_bytes": 203204012,
        "applicable": true
      },
      {
        "kernel": "onpair_dw_k5_t128_b8",
        "role": "experimental",
        "stage_bytes": null,
        "chunk_size": 160,
        "decode_ms": 0.971328,
        "decode_gib_s": 958.813583621494,
        "decode_ns_iters": [
          975392,
          973984,
          972704,
          973280,
          975264,
          974432,
          979552,
          972704,
          973440,
          971328,
          974560,
          972384,
          974816,
          975136,
          972416,
          973760,
          975424,
          975200,
          974144,
          975680,
          974208,
          976224,
          977888,
          973888,
          974976,
          974848,
          974048,
          974400,
          973472,
          973696
        ],
        "chunk_tokens": 160,
        "block_threads": 128,
        "staged_input_bytes": 203204012,
        "applicable": true
      },
      {
        "kernel": "onpair_dw_k5_t256_b1",
        "role": "experimental",
        "stage_bytes": null,
        "chunk_size": 160,
        "decode_ms": 0.917312,
        "decode_gib_s": 1015.2734081227527,
        "decode_ns_iters": [
          919360,
          920832,
          919488,
          919456,
          920608,
          918976,
          918496,
          919040,
          917536,
          919040,
          919040,
          917568,
          918944,
          917600,
          918912,
          917600,
          919904,
          917312,
          917568,
          919776,
          919136,
          919936,
          918080,
          918784,
          917952,
          919680,
          918144,
          918560,
          918048,
          919424
        ],
        "chunk_tokens": 160,
        "block_threads": 256,
        "staged_input_bytes": 203204012,
        "applicable": true
      },
      {
        "kernel": "onpair_dw_k5_t256_b2",
        "role": "experimental",
        "stage_bytes": null,
        "chunk_size": 160,
        "decode_ms": 0.918144,
        "decode_gib_s": 1014.353391790284,
        "decode_ns_iters": [
          918752,
          919584,
          919968,
          918656,
          919232,
          918240,
          919520,
          918176,
          919936,
          918432,
          918944,
          918464,
          918944,
          918528,
          919232,
          922080,
          924608,
          923264,
          919136,
          918912,
          919264,
          919328,
          920480,
          918144,
          918272,
          919136,
          919840,
          918880,
          918944,
          919904
        ],
        "chunk_tokens": 160,
        "block_threads": 256,
        "staged_input_bytes": 203204012,
        "applicable": true
      },
      {
        "kernel": "onpair_dw_k5_t256_b4",
        "role": "experimental",
        "stage_bytes": null,
        "chunk_size": 160,
        "decode_ms": 0.917024,
        "decode_gib_s": 1015.592264272144,
        "decode_ns_iters": [
          920736,
          918496,
          919712,
          919168,
          921280,
          918560,
          919552,
          919872,
          920768,
          918272,
          919968,
          917600,
          917152,
          920928,
          918048,
          917344,
          918624,
          917760,
          917056,
          917632,
          920928,
          921632,
          920608,
          917024,
          919712,
          920512,
          920224,
          919360,
          917952,
          918592
        ],
        "chunk_tokens": 160,
        "block_threads": 256,
        "staged_input_bytes": 203204012,
        "applicable": true
      },
      {
        "kernel": "onpair_dw_k5_t256_b6",
        "role": "experimental",
        "stage_bytes": null,
        "chunk_size": 160,
        "decode_ms": 0.904448,
        "decode_gib_s": 1029.713682325461,
        "decode_ns_iters": [
          907872,
          907200,
          907360,
          907680,
          906176,
          906560,
          907776,
          906880,
          906816,
          907008,
          914784,
          907392,
          908000,
          907424,
          904640,
          904544,
          907744,
          904448,
          907648,
          907040,
          905792,
          906944,
          906944,
          906304,
          908288,
          905440,
          907936,
          905344,
          906816,
          906112
        ],
        "chunk_tokens": 160,
        "block_threads": 256,
        "staged_input_bytes": 203204012,
        "applicable": true
      },
      {
        "kernel": "onpair_dw_k5_t256_b8",
        "role": "experimental",
        "stage_bytes": null,
        "chunk_size": 160,
        "decode_ms": 0.914912,
        "decode_gib_s": 1017.9366764802501,
        "decode_ns_iters": [
          918560,
          919360,
          919072,
          916480,
          917248,
          916704,
          916416,
          915456,
          916544,
          914912,
          919392,
          918880,
          917952,
          916000,
          916320,
          916736,
          915936,
          915520,
          917696,
          925056,
          923232,
          916128,
          917376,
          917888,
          918688,
          918336,
          918272,
          917568,
          918112,
          919104
        ],
        "chunk_tokens": 160,
        "block_threads": 256,
        "staged_input_bytes": 203204012,
        "applicable": true
      },
      {
        "kernel": "onpair_dw_k6_t64_b1",
        "role": "experimental",
        "stage_bytes": null,
        "chunk_size": 192,
        "decode_ms": 1.032192,
        "decode_gib_s": 902.2763987241701,
        "decode_ns_iters": [
          1034400,
          1034752,
          1034688,
          1032960,
          1033184,
          1034048,
          1034720,
          1033280,
          1033440,
          1036672,
          1033920,
          1033344,
          1034720,
          1034208,
          1032384,
          1032544,
          1034400,
          1032192,
          1032192,
          1034848,
          1033568,
          1032608,
          1035584,
          1034208,
          1033536,
          1035232,
          1034336,
          1033856,
          1033088,
          1034336
        ],
        "chunk_tokens": 192,
        "block_threads": 64,
        "staged_input_bytes": 202378252,
        "applicable": true
      },
      {
        "kernel": "onpair_dw_k6_t64_b2",
        "role": "experimental",
        "stage_bytes": null,
        "chunk_size": 192,
        "decode_ms": 1.032608,
        "decode_gib_s": 901.9129045600058,
        "decode_ns_iters": [
          1034048,
          1033600,
          1034496,
          1033568,
          1034624,
          1035040,
          1040224,
          1035136,
          1034784,
          1034240,
          1034944,
          1035104,
          1033344,
          1034528,
          1034240,
          1033120,
          1032928,
          1034368,
          1033568,
          1032608,
          1033920,
          1034496,
          1033248,
          1034272,
          1034304,
          1034784,
          1035296,
          1034368,
          1033536,
          1033664
        ],
        "chunk_tokens": 192,
        "block_threads": 64,
        "staged_input_bytes": 202378252,
        "applicable": true
      },
      {
        "kernel": "onpair_dw_k6_t64_b4",
        "role": "experimental",
        "stage_bytes": null,
        "chunk_size": 192,
        "decode_ms": 1.033184,
        "decode_gib_s": 901.4100881855491,
        "decode_ns_iters": [
          1034944,
          1034624,
          1033984,
          1036864,
          1039040,
          1034336,
          1036736,
          1033472,
          1034176,
          1033376,
          1033824,
          1033696,
          1035808,
          1034368,
          1035744,
          1041728,
          1034304,
          1033280,
          1034784,
          1035584,
          1033888,
          1035200,
          1033184,
          1035040,
          1035328,
          1033344,
          1041856,
          1035040,
          1035424,
          1033792
        ],
        "chunk_tokens": 192,
        "block_threads": 64,
        "staged_input_bytes": 202378252,
        "applicable": true
      },
      {
        "kernel": "onpair_dw_k6_t64_b6",
        "role": "experimental",
        "stage_bytes": null,
        "chunk_size": 192,
        "decode_ms": 1.033344,
        "decode_gib_s": 901.2705164513447,
        "decode_ns_iters": [
          1033376,
          1034848,
          1034976,
          1036800,
          1033920,
          1036256,
          1034240,
          1034784,
          1034080,
          1034752,
          1033504,
          1034304,
          1034848,
          1033344,
          1034304,
          1035968,
          1036320,
          1036032,
          1034080,
          1036224,
          1037376,
          1035456,
          1036512,
          1035744,
          1039552,
          1035200,
          1034368,
          1033824,
          1034464,
          1035840
        ],
        "chunk_tokens": 192,
        "block_threads": 64,
        "staged_input_bytes": 202378252,
        "applicable": true
      },
      {
        "kernel": "onpair_dw_k6_t64_b8",
        "role": "experimental",
        "stage_bytes": null,
        "chunk_size": 192,
        "decode_ms": 1.032768,
        "decode_gib_s": 901.7731770851717,
        "decode_ns_iters": [
          1036128,
          1034528,
          1034816,
          1036640,
          1034880,
          1032768,
          1035776,
          1033440,
          1035840,
          1036640,
          1033088,
          1035168,
          1036768,
          1033088,
          1034944,
          1035680,
          1033792,
          1035072,
          1036224,
          1033248,
          1033504,
          1035712,
          1034272,
          1035136,
          1034304,
          1033088,
          1033952,
          1034112,
          1035072,
          1035296
        ],
        "chunk_tokens": 192,
        "block_threads": 64,
        "staged_input_bytes": 202378252,
        "applicable": true
      },
      {
        "kernel": "onpair_dw_k6_t128_b1",
        "role": "experimental",
        "stage_bytes": null,
        "chunk_size": 192,
        "decode_ms": 0.975936,
        "decode_gib_s": 954.2864291837768,
        "decode_ns_iters": [
          977344,
          978240,
          977504,
          976640,
          981088,
          977504,
          977536,
          978208,
          977504,
          978048,
          978304,
          979648,
          978688,
          979328,
          977728,
          977952,
          978400,
          977344,
          978368,
          976576,
          976256,
          978080,
          979584,
          975936,
          977760,
          986752,
          977120,
          976800,
          976064,
          977312
        ],
        "chunk_tokens": 192,
        "block_threads": 128,
        "staged_input_bytes": 202378252,
        "applicable": true
      },
      {
        "kernel": "onpair_dw_k6_t128_b2",
        "role": "experimental",
        "stage_bytes": null,
        "chunk_size": 192,
        "decode_ms": 0.975904,
        "decode_gib_s": 954.317720341241,
        "decode_ns_iters": [
          979808,
          977216,
          977280,
          977376,
          976576,
          977056,
          977952,
          978848,
          976640,
          977536,
          978720,
          978464,
          977440,
          984480,
          977824,
          975904,
          977088,
          976672,
          977088,
          976992,
          980000,
          978080,
          978688,
          977216,
          977504,
          977216,
          978688,
          976768,
          977888,
          977568
        ],
        "chunk_tokens": 192,
        "block_threads": 128,
        "staged_input_bytes": 202378252,
        "applicable": true
      },
      {
        "kernel": "onpair_dw_k6_t128_b4",
        "role": "experimental",
        "stage_bytes": null,
        "chunk_size": 192,
        "decode_ms": 0.976512,
        "decode_gib_s": 953.7235390367947,
        "decode_ns_iters": [
          979424,
          979392,
          985792,
          978432,
          977984,
          979424,
          976512,
          978016,
          978464,
          979200,
          977344,
          977280,
          978464,
          978400,
          978144,
          980192,
          979168,
          979456,
          978144,
          979232,
          977760,
          978080,
          979296,
          976992,
          978752,
          977216,
          977728,
          977696,
          978240,
          977760
        ],
        "chunk_tokens": 192,
        "block_threads": 128,
        "staged_input_bytes": 202378252,
        "applicable": true
      },
      {
        "kernel": "onpair_dw_k6_t128_b6",
        "role": "experimental",
        "stage_bytes": null,
        "chunk_size": 192,
        "decode_ms": 0.97584,
        "decode_gib_s": 954.3803088128161,
        "decode_ns_iters": [
          980224,
          977632,
          976224,
          978368,
          980672,
          978656,
          980544,
          977856,
          978816,
          975840,
          978048,
          977920,
          976672,
          979712,
          977984,
          978016,
          977024,
          978112,
          976768,
          976224,
          982912,
          977440,
          977856,
          978816,
          979488,
          976800,
          978976,
          978624,
          978144,
          976992
        ],
        "chunk_tokens": 192,
        "block_threads": 128,
        "staged_input_bytes": 202378252,
        "applicable": true
      },
      {
        "kernel": "onpair_dw_k6_t128_b8",
        "role": "experimental",
        "stage_bytes": null,
        "chunk_size": 192,
        "decode_ms": 0.975616,
        "decode_gib_s": 954.5994331293239,
        "decode_ns_iters": [
          977216,
          978592,
          977696,
          978400,
          975648,
          978336,
          979360,
          978400,
          983712,
          977792,
          977184,
          977760,
          976000,
          976992,
          976544,
          975616,
          977056,
          978112,
          977248,
          979232,
          978080,
          976864,
          980032,
          975616,
          978336,
          976192,
          977728,
          976256,
          979296,
          977504
        ],
        "chunk_tokens": 192,
        "block_threads": 128,
        "staged_input_bytes": 202378252,
        "applicable": true
      },
      {
        "kernel": "onpair_dw_k6_t256_b1",
        "role": "experimental",
        "stage_bytes": null,
        "chunk_size": 192,
        "decode_ms": 0.895424,
        "decode_gib_s": 1040.091041285356,
        "decode_ns_iters": [
          897696,
          898176,
          897280,
          897344,
          896160,
          896128,
          895904,
          899168,
          899072,
          896768,
          895424,
          897248,
          896224,
          896608,
          897088,
          897760,
          895424,
          897408,
          895968,
          903232,
          896384,
          896384,
          895744,
          896832,
          897344,
          895488,
          896832,
          895936,
          898848,
          896960
        ],
        "chunk_tokens": 192,
        "block_threads": 256,
        "staged_input_bytes": 202378252,
        "applicable": true
      },
      {
        "kernel": "onpair_dw_k6_t256_b2",
        "role": "experimental",
        "stage_bytes": null,
        "chunk_size": 192,
        "decode_ms": 0.894656,
        "decode_gib_s": 1040.9838871609854,
        "decode_ns_iters": [
          897856,
          896672,
          896704,
          896416,
          896896,
          896896,
          895936,
          896832,
          898144,
          896576,
          895904,
          898016,
          894656,
          896032,
          894912,
          901984,
          895616,
          896672,
          895584,
          894880,
          896128,
          896352,
          895872,
          894752,
          896416,
          895872,
          897120,
          896224,
          897664,
          897216
        ],
        "chunk_tokens": 192,
        "block_threads": 256,
        "staged_input_bytes": 202378252,
        "applicable": true
      },
      {
        "kernel": "onpair_dw_k6_t256_b4",
        "role": "experimental",
        "stage_bytes": null,
        "chunk_size": 192,
        "decode_ms": 0.894528,
        "decode_gib_s": 1041.1328438594414,
        "decode_ns_iters": [
          899808,
          895360,
          897152,
          896928,
          896704,
          896832,
          898688,
          896704,
          897568,
          897376,
          896352,
          897824,
          898112,
          894528,
          897664,
          896224,
          896896,
          895936,
          897632,
          897664,
          896768,
          897056,
          896672,
          898400,
          897088,
          896832,
          895968,
          897120,
          896128,
          896128
        ],
        "chunk_tokens": 192,
        "block_threads": 256,
        "staged_input_bytes": 202378252,
        "applicable": true
      },
      {
        "kernel": "onpair_dw_k6_t256_b6",
        "role": "experimental",
        "stage_bytes": null,
        "chunk_size": 192,
        "decode_ms": 0.916544,
        "decode_gib_s": 1016.1241364865173,
        "decode_ns_iters": [
          917632,
          917824,
          919616,
          918208,
          917664,
          917216,
          917728,
          918944,
          918016,
          921152,
          917312,
          916928,
          925280,
          923744,
          920128,
          920768,
          916928,
          916960,
          917728,
          918272,
          917888,
          917184,
          918176,
          918592,
          916544,
          916800,
          917376,
          918016,
          919616,
          917472
        ],
        "chunk_tokens": 192,
        "block_threads": 256,
        "staged_input_bytes": 202378252,
        "applicable": true
      },
      {
        "kernel": "onpair_dw_k6_t256_b8",
        "role": "experimental",
        "stage_bytes": null,
        "chunk_size": 192,
        "decode_ms": 1.006944,
        "decode_gib_s": 924.899975124633,
        "decode_ns_iters": [
          1012992,
          1009440,
          1009056,
          1010528,
          1008832,
          1011200,
          1013664,
          1013824,
          1011232,
          1006944,
          1016064,
          1013440,
          1013216,
          1013440,
          1010496,
          1011392,
          1009856,
          1013600,
          1007936,
          1013216,
          1012000,
          1011488,
          1011840,
          1012384,
          1018240,
          1010080,
          1010368,
          1007168,
          1008384,
          1011968
        ],
        "chunk_tokens": 192,
        "block_threads": 256,
        "staged_input_bytes": 202378252,
        "applicable": true
      },
      {
        "kernel": "onpair_dw_k7_t64_b1",
        "role": "experimental",
        "stage_bytes": null,
        "chunk_size": 224,
        "decode_ms": 1.003552,
        "decode_gib_s": 928.0261317319864,
        "decode_ns_iters": [
          1006400,
          1003552,
          1004768,
          1006208,
          1005216,
          1006368,
          1004416,
          1006144,
          1011872,
          1005312,
          1004960,
          1006880,
          1004384,
          1005664,
          1004320,
          1006272,
          1004800,
          1005504,
          1005664,
          1007072,
          1006176,
          1006368,
          1007200,
          1006496,
          1006880,
          1006112,
          1005664,
          1006912,
          1006016,
          1006080
        ],
        "chunk_tokens": 224,
        "block_threads": 64,
        "staged_input_bytes": 201788428,
        "applicable": true
      },
      {
        "kernel": "onpair_dw_k7_t64_b2",
        "role": "experimental",
        "stage_bytes": null,
        "chunk_size": 224,
        "decode_ms": 1.00288,
        "decode_gib_s": 928.6479743856677,
        "decode_ns_iters": [
          1005856,
          1006112,
          1006272,
          1011744,
          1005664,
          1005760,
          1004480,
          1004800,
          1008256,
          1004064,
          1002880,
          1005696,
          1006208,
          1006720,
          1005216,
          1005696,
          1005184,
          1006592,
          1007744,
          1003968,
          1005696,
          1005280,
          1006368,
          1005952,
          1004672,
          1006528,
          1007744,
          1005056,
          1005856,
          1004320
        ],
        "chunk_tokens": 224,
        "block_threads": 64,
        "staged_input_bytes": 201788428,
        "applicable": true
      },
      {
        "kernel": "onpair_dw_k7_t64_b4",
        "role": "experimental",
        "stage_bytes": null,
        "chunk_size": 224,
        "decode_ms": 1.002176,
        "decode_gib_s": 929.3003230489439,
        "decode_ns_iters": [
          1004608,
          1002240,
          1007008,
          1004448,
          1006336,
          1005824,
          1004640,
          1006592,
          1004448,
          1004704,
          1007072,
          1005600,
          1004960,
          1002176,
          1006208,
          1004960,
          1006912,
          1003776,
          1005120,
          1004352,
          1004320,
          1005440,
          1006624,
          1004256,
          1003328,
          1004032,
          1006304,
          1004576,
          1005184,
          1005056
        ],
        "chunk_tokens": 224,
        "block_threads": 64,
        "staged_input_bytes": 201788428,
        "applicable": true
      },
      {
        "kernel": "onpair_dw_k7_t64_b6",
        "role": "experimental",
        "stage_bytes": null,
        "chunk_size": 224,
        "decode_ms": 1.003584,
        "decode_gib_s": 927.9965409491367,
        "decode_ns_iters": [
          1004864,
          1005312,
          1004544,
          1006400,
          1004064,
          1006848,
          1004992,
          1004608,
          1005920,
          1004736,
          1011296,
          1004352,
          1006912,
          1005664,
          1006304,
          1006208,
          1006880,
          1003584,
          1005152,
          1004320,
          1008288,
          1004992,
          1006112,
          1005632,
          1004832,
          1003840,
          1005312,
          1005280,
          1005376,
          1005088
        ],
        "chunk_tokens": 224,
        "block_threads": 64,
        "staged_input_bytes": 201788428,
        "applicable": true
      },
      {
        "kernel": "onpair_dw_k7_t64_b8",
        "role": "experimental",
        "stage_bytes": null,
        "chunk_size": 224,
        "decode_ms": 1.004096,
        "decode_gib_s": 927.5233449310607,
        "decode_ns_iters": [
          1005568,
          1005280,
          1004960,
          1006784,
          1007136,
          1011680,
          1007168,
          1007776,
          1005856,
          1006016,
          1006336,
          1006816,
          1006944,
          1004928,
          1007648,
          1004288,
          1004096,
          1006528,
          1005344,
          1005216,
          1005312,
          1004896,
          1007296,
          1006176,
          1005920,
          1006112,
          1005184,
          1006976,
          1005568,
          1007840
        ],
        "chunk_tokens": 224,
        "block_threads": 64,
        "staged_input_bytes": 201788428,
        "applicable": true
      },
      {
        "kernel": "onpair_dw_k7_t128_b1",
        "role": "experimental",
        "stage_bytes": null,
        "chunk_size": 224,
        "decode_ms": 0.946016,
        "decode_gib_s": 984.4680011246095,
        "decode_ns_iters": [
          947680,
          950784,
          949088,
          949728,
          947776,
          946016,
          947776,
          948992,
          949312,
          948352,
          947072,
          948864,
          950560,
          947904,
          946304,
          949728,
          947968,
          949184,
          948512,
          947520,
          949312,
          947840,
          948864,
          947520,
          949344,
          948480,
          950592,
          947872,
          949824,
          947040
        ],
        "chunk_tokens": 224,
        "block_threads": 128,
        "staged_input_bytes": 201788428,
        "applicable": true
      },
      {
        "kernel": "onpair_dw_k7_t128_b2",
        "role": "experimental",
        "stage_bytes": null,
        "chunk_size": 224,
        "decode_ms": 0.94576,
        "decode_gib_s": 984.7344786752436,
        "decode_ns_iters": [
          949440,
          949152,
          948544,
          947776,
          949312,
          946592,
          947840,
          948480,
          948544,
          948192,
          945888,
          947232,
          949984,
          947584,
          948736,
          949056,
          945760,
          947840,
          949984,
          947040,
          946784,
          948576,
          948160,
          949024,
          947328,
          947520,
          949600,
          950400,
          947968,
          948000
        ],
        "chunk_tokens": 224,
        "block_threads": 128,
        "staged_input_bytes": 201788428,
        "applicable": true
      },
      {
        "kernel": "onpair_dw_k7_t128_b4",
        "role": "experimental",
        "stage_bytes": null,
        "chunk_size": 224,
        "decode_ms": 0.946976,
        "decode_gib_s": 983.4699934865281,
        "decode_ns_iters": [
          947648,
          950048,
          948096,
          948448,
          949120,
          947520,
          947840,
          949056,
          947808,
          949024,
          948800,
          949248,
          949056,
          950144,
          947488,
          946976,
          949184,
          947296,
          948832,
          949728,
          948480,
          948672,
          949152,
          949664,
          949280,
          947072,
          948736,
          948416,
          948224,
          948352
        ],
        "chunk_tokens": 224,
        "block_threads": 128,
        "staged_input_bytes": 201788428,
        "applicable": true
      },
      {
        "kernel": "onpair_dw_k7_t128_b6",
        "role": "experimental",
        "stage_bytes": null,
        "chunk_size": 224,
        "decode_ms": 0.945728,
        "decode_gib_s": 984.7677985127842,
        "decode_ns_iters": [
          947840,
          949664,
          949824,
          949248,
          949120,
          946048,
          947904,
          948320,
          947840,
          947424,
          949536,
          949120,
          946560,
          949376,
          947360,
          948896,
          948512,
          949984,
          947392,
          945728,
          948896,
          947136,
          949024,
          947232,
          948704,
          948064,
          946240,
          949120,
          950048,
          948192
        ],
        "chunk_tokens": 224,
        "block_threads": 128,
        "staged_input_bytes": 201788428,
        "applicable": true
      },
      {
        "kernel": "onpair_dw_k7_t128_b8",
        "role": "experimental",
        "stage_bytes": null,
        "chunk_size": 224,
        "decode_ms": 0.946752,
        "decode_gib_s": 983.7026809047126,
        "decode_ns_iters": [
          947552,
          949056,
          948064,
          948992,
          948128,
          949792,
          948576,
          948224,
          948000,
          947872,
          946976,
          949568,
          948128,
          948576,
          946752,
          947872,
          948288,
          947776,
          948384,
          947456,
          949824,
          949248,
          948224,
          949152,
          951328,
          950560,
          947200,
          951232,
          951488,
          947808
        ],
        "chunk_tokens": 224,
        "block_threads": 128,
        "staged_input_bytes": 201788428,
        "applicable": true
      },
      {
        "kernel": "onpair_dw_k7_t256_b1",
        "role": "experimental",
        "stage_bytes": null,
        "chunk_size": 224,
        "decode_ms": 0.878784,
        "decode_gib_s": 1059.785431405099,
        "decode_ns_iters": [
          881760,
          880480,
          888224,
          880640,
          881248,
          878784,
          879072,
          879392,
          880896,
          881536,
          882336,
          880480,
          880928,
          884448,
          883552,
          879712,
          880544,
          880256,
          880704,
          879296,
          881600,
          879744,
          882528,
          880768,
          881376,
          882048,
          878880,
          881568,
          883584,
          880160
        ],
        "chunk_tokens": 224,
        "block_threads": 256,
        "staged_input_bytes": 201788428,
        "applicable": true
      },
      {
        "kernel": "onpair_dw_k7_t256_b2",
        "role": "experimental",
        "stage_bytes": null,
        "chunk_size": 224,
        "decode_ms": 0.878016,
        "decode_gib_s": 1060.712425003529,
        "decode_ns_iters": [
          880608,
          881408,
          882016,
          881216,
          878016,
          881536,
          880416,
          888032,
          879968,
          881408,
          879680,
          881632,
          884128,
          880032,
          881536,
          879584,
          880896,
          880160,
          881216,
          880000,
          878560,
          880288,
          880032,
          889920,
          879904,
          880096,
          882560,
          880288,
          879808,
          882080
        ],
        "chunk_tokens": 224,
        "block_threads": 256,
        "staged_input_bytes": 201788428,
        "applicable": true
      },
      {
        "kernel": "onpair_dw_k7_t256_b4",
        "role": "experimental",
        "stage_bytes": null,
        "chunk_size": 224,
        "decode_ms": 0.877632,
        "decode_gib_s": 1061.1765301993303,
        "decode_ns_iters": [
          879168,
          882848,
          882592,
          879232,
          880192,
          879840,
          879392,
          879584,
          880768,
          879136,
          880512,
          880416,
          887232,
          881856,
          884544,
          880704,
          880576,
          880384,
          880800,
          880960,
          881792,
          881152,
          882112,
          881120,
          883520,
          877632,
          879200,
          880992,
          881632,
          881472
        ],
        "chunk_tokens": 224,
        "block_threads": 256,
        "staged_input_bytes": 201788428,
        "applicable": true
      },
      {
        "kernel": "onpair_dw_k7_t256_b6",
        "role": "experimental",
        "stage_bytes": null,
        "chunk_size": 224,
        "decode_ms": 1.291808,
        "decode_gib_s": 720.9449705775924,
        "decode_ns_iters": [
          1296064,
          1294400,
          1295808,
          1298912,
          1296064,
          1294336,
          1292960,
          1294336,
          1293472,
          1294784,
          1293792,
          1295136,
          1295104,
          1293184,
          1292224,
          1295520,
          1293440,
          1295872,
          1293888,
          1291808,
          1295520,
          1293184,
          1293824,
          1299008,
          1293216,
          1293888,
          1292960,
          1295264,
          1293312,
          1293344
        ],
        "chunk_tokens": 224,
        "block_threads": 256,
        "staged_input_bytes": 201788428,
        "applicable": true
      },
      {
        "kernel": "onpair_dw_k7_t256_b8",
        "role": "experimental",
        "stage_bytes": null,
        "chunk_size": 224,
        "decode_ms": 1.03568,
        "decode_gib_s": 899.2376801250372,
        "decode_ns_iters": [
          1038720,
          1036672,
          1038624,
          1036544,
          1038112,
          1037824,
          1037760,
          1038624,
          1037568,
          1038976,
          1047616,
          1037184,
          1038048,
          1037920,
          1039584,
          1039840,
          1037888,
          1037984,
          1039872,
          1036384,
          1037376,
          1038176,
          1035680,
          1040544,
          1040096,
          1038944,
          1039680,
          1037344,
          1039680,
          1040832
        ],
        "chunk_tokens": 224,
        "block_threads": 256,
        "staged_input_bytes": 201788428,
        "applicable": true
      },
      {
        "kernel": "onpair_dw_k8_t64_b1",
        "role": "experimental",
        "stage_bytes": null,
        "chunk_size": 256,
        "decode_ms": 1.05872,
        "decode_gib_s": 879.6683547603694,
        "decode_ns_iters": [
          1062528,
          1061024,
          1061472,
          1062272,
          1061792,
          1059392,
          1061440,
          1060512,
          1060000,
          1060704,
          1060640,
          1061792,
          1060384,
          1066496,
          1061696,
          1060320,
          1059680,
          1060576,
          1060096,
          1061088,
          1061632,
          1061312,
          1064288,
          1060128,
          1058720,
          1061888,
          1059264,
          1062528,
          1061312,
          1061184
        ],
        "chunk_tokens": 256,
        "block_threads": 64,
        "staged_input_bytes": 201346052,
        "applicable": true
      },
      {
        "kernel": "onpair_dw_k8_t64_b2",
        "role": "experimental",
        "stage_bytes": null,
        "chunk_size": 256,
        "decode_ms": 1.05856,
        "decode_gib_s": 879.8013155153214,
        "decode_ns_iters": [
          1061376,
          1061408,
          1061376,
          1060288,
          1061440,
          1059872,
          1059808,
          1060640,
          1061952,
          1060800,
          1060064,
          1061216,
          1061152,
          1058560,
          1060384,
          1060768,
          1060032,
          1061856,
          1060192,
          1058784,
          1060256,
          1066656,
          1060384,
          1061984,
          1062080,
          1064512,
          1061088,
          1060096,
          1059776,
          1059552
        ],
        "chunk_tokens": 256,
        "block_threads": 64,
        "staged_input_bytes": 201346052,
        "applicable": true
      },
      {
        "kernel": "onpair_dw_k8_t64_b4",
        "role": "experimental",
        "stage_bytes": null,
        "chunk_size": 256,
        "decode_ms": 1.058432,
        "decode_gib_s": 879.9077130622454,
        "decode_ns_iters": [
          1061504,
          1060992,
          1060480,
          1060096,
          1060064,
          1061440,
          1061056,
          1062144,
          1060736,
          1061248,
          1061920,
          1061664,
          1061184,
          1061760,
          1060800,
          1059744,
          1058560,
          1059872,
          1060576,
          1058432,
          1067232,
          1059392,
          1060736,
          1060000,
          1061184,
          1061696,
          1061280,
          1061504,
          1061312,
          1061408
        ],
        "chunk_tokens": 256,
        "block_threads": 64,
        "staged_input_bytes": 201346052,
        "applicable": true
      },
      {
        "kernel": "onpair_dw_k8_t64_b6",
        "role": "experimental",
        "stage_bytes": null,
        "chunk_size": 256,
        "decode_ms": 1.058656,
        "decode_gib_s": 879.7215342395438,
        "decode_ns_iters": [
          1060928,
          1060160,
          1066496,
          1061120,
          1060448,
          1061504,
          1059008,
          1061184,
          1061440,
          1061024,
          1059840,
          1061088,
          1059104,
          1061024,
          1059904,
          1060160,
          1061248,
          1059712,
          1060576,
          1065792,
          1058656,
          1059712,
          1060640,
          1060288,
          1061056,
          1059520,
          1059520,
          1059456,
          1059872,
          1062080
        ],
        "chunk_tokens": 256,
        "block_threads": 64,
        "staged_input_bytes": 201346052,
        "applicable": true
      },
      {
        "kernel": "onpair_dw_k8_t64_b8",
        "role": "experimental",
        "stage_bytes": null,
        "chunk_size": 256,
        "decode_ms": 1.05936,
        "decode_gib_s": 879.1369133740168,
        "decode_ns_iters": [
          1062560,
          1069920,
          1061248,
          1059360,
          1060192,
          1060736,
          1060416,
          1060832,
          1060320,
          1061024,
          1062816,
          1062528,
          1061632,
          1060704,
          1059744,
          1059584,
          1063104,
          1061120,
          1062464,
          1060608,
          1060448,
          1060448,
          1061344,
          1062176,
          1060512,
          1060192,
          1060896,
          1066784,
          1061280,
          1060544
        ],
        "chunk_tokens": 256,
        "block_threads": 64,
        "staged_input_bytes": 201346052,
        "applicable": true
      },
      {
        "kernel": "onpair_dw_k8_t128_b1",
        "role": "experimental",
        "stage_bytes": null,
        "chunk_size": 256,
        "decode_ms": 0.991424,
        "decode_gib_s": 939.3785913513276,
        "decode_ns_iters": [
          992832,
          994048,
          994880,
          1001216,
          994208,
          992576,
          993312,
          991936,
          994944,
          994080,
          994304,
          992800,
          993120,
          994112,
          993792,
          992224,
          994816,
          992960,
          993088,
          993248,
          996128,
          994816,
          994464,
          993792,
          998368,
          991424,
          994432,
          993792,
          994560,
          993600
        ],
        "chunk_tokens": 256,
        "block_threads": 128,
        "staged_input_bytes": 201346052,
        "applicable": true
      },
      {
        "kernel": "onpair_dw_k8_t128_b2",
        "role": "experimental",
        "stage_bytes": null,
        "chunk_size": 256,
        "decode_ms": 0.99248,
        "decode_gib_s": 938.3790913186144,
        "decode_ns_iters": [
          995776,
          996576,
          993824,
          993760,
          1000544,
          993216,
          994528,
          995232,
          994112,
          994944,
          995040,
          994304,
          993856,
          995072,
          993888,
          993280,
          992608,
          995040,
          993120,
          992864,
          992480,
          992512,
          995104,
          993568,
          992832,
          994688,
          993536,
          993280,
          994432,
          996576
        ],
        "chunk_tokens": 256,
        "block_threads": 128,
        "staged_input_bytes": 201346052,
        "applicable": true
      },
      {
        "kernel": "onpair_dw_k8_t128_b4",
        "role": "experimental",
        "stage_bytes": null,
        "chunk_size": 256,
        "decode_ms": 0.992544,
        "decode_gib_s": 938.318583913558,
        "decode_ns_iters": [
          993440,
          994048,
          994560,
          995424,
          995264,
          1002816,
          994752,
          996576,
          996160,
          994176,
          992544,
          994368,
          994112,
          996128,
          994176,
          994656,
          995808,
          993536,
          995744,
          993984,
          993088,
          994048,
          996928,
          993216,
          993344,
          998880,
          992992,
          995904,
          994400,
          994976
        ],
        "chunk_tokens": 256,
        "block_threads": 128,
        "staged_input_bytes": 201346052,
        "applicable": true
      },
      {
        "kernel": "onpair_dw_k8_t128_b6",
        "role": "experimental",
        "stage_bytes": null,
        "chunk_size": 256,
        "decode_ms": 0.991968,
        "decode_gib_s": 938.8634316347891,
        "decode_ns_iters": [
          995328,
          993920,
          993920,
          996448,
          993344,
          995392,
          994784,
          993600,
          995456,
          993568,
          992800,
          994144,
          994656,
          993536,
          995616,
          993632,
          994112,
          993504,
          994368,
          995328,
          994848,
          994464,
          992608,
          993888,
          995968,
          991968,
          1000256,
          993792,
          993888,
          993376
        ],
        "chunk_tokens": 256,
        "block_threads": 128,
        "staged_input_bytes": 201346052,
        "applicable": true
      },
      {
        "kernel": "onpair_dw_k8_t128_b8",
        "role": "experimental",
        "stage_bytes": null,
        "chunk_size": 256,
        "decode_ms": 0.990944,
        "decode_gib_s": 939.8336137580917,
        "decode_ns_iters": [
          994144,
          993888,
          996288,
          994112,
          992832,
          994368,
          995008,
          991232,
          993696,
          993504,
          992896,
          993280,
          993312,
          992928,
          993504,
          993504,
          993344,
          990944,
          993888,
          994368,
          992800,
          991296,
          994048,
          992800,
          992864,
          996320,
          991936,
          994752,
          993280,
          992608
        ],
        "chunk_tokens": 256,
        "block_threads": 128,
        "staged_input_bytes": 201346052,
        "applicable": true
      },
      {
        "kernel": "onpair_dw_k8_t256_b1",
        "role": "experimental",
        "stage_bytes": null,
        "chunk_size": 256,
        "decode_ms": 0.934464,
        "decode_gib_s": 996.6381589359231,
        "decode_ns_iters": [
          938976,
          938368,
          936704,
          938880,
          939296,
          936608,
          936064,
          937408,
          935872,
          937344,
          938336,
          936896,
          937792,
          934464,
          937888,
          936992,
          937408,
          936032,
          937568,
          938272,
          936992,
          935968,
          935264,
          936128,
          937120,
          937312,
          938016,
          935328,
          935616,
          936672
        ],
        "chunk_tokens": 256,
        "block_threads": 256,
        "staged_input_bytes": 201346052,
        "applicable": true
      },
      {
        "kernel": "onpair_dw_k8_t256_b2",
        "role": "experimental",
        "stage_bytes": null,
        "chunk_size": 256,
        "decode_ms": 0.93568,
        "decode_gib_s": 995.3429383463348,
        "decode_ns_iters": [
          939136,
          937120,
          939232,
          947296,
          936768,
          937856,
          940128,
          940544,
          937344,
          938848,
          939360,
          936384,
          937408,
          936512,
          937280,
          938720,
          938816,
          937216,
          939104,
          937216,
          938912,
          937856,
          940736,
          935808,
          936576,
          935680,
          938848,
          938880,
          939424,
          936320
        ],
        "chunk_tokens": 256,
        "block_threads": 256,
        "staged_input_bytes": 201346052,
        "applicable": true
      },
      {
        "kernel": "onpair_dw_k8_t256_b4",
        "role": "experimental",
        "stage_bytes": null,
        "chunk_size": 256,
        "decode_ms": 0.935872,
        "decode_gib_s": 995.1387375110041,
        "decode_ns_iters": [
          936832,
          938144,
          936992,
          937824,
          938944,
          938048,
          939808,
          938912,
          938912,
          935872,
          939584,
          937856,
          936672,
          937760,
          937184,
          938624,
          937216,
          935936,
          936800,
          937184,
          939040,
          936864,
          936896,
          937600,
          938592,
          938048,
          938848,
          936448,
          938592,
          937824
        ],
        "chunk_tokens": 256,
        "block_threads": 256,
        "staged_input_bytes": 201346052,
        "applicable": true
      },
      {
        "kernel": "onpair_dw_k8_t256_b6",
        "role": "experimental",
        "stage_bytes": null,
        "chunk_size": 256,
        "decode_ms": 1.419776,
        "decode_gib_s": 655.9643778679865,
        "decode_ns_iters": [
          1422240,
          1421408,
          1420928,
          1423904,
          1424096,
          1422528,
          1424320,
          1423808,
          1420320,
          1421952,
          1425152,
          1421664,
          1421888,
          1421664,
          1420672,
          1422976,
          1423264,
          1423168,
          1421536,
          1423552,
          1423552,
          1427584,
          1419776,
          1421728,
          1423008,
          1423136,
          1423936,
          1423008,
          1423840,
          1422688
        ],
        "chunk_tokens": 256,
        "block_threads": 256,
        "staged_input_bytes": 201346052,
        "applicable": true
      },
      {
        "kernel": "onpair_dw_k8_t256_b8",
        "role": "experimental",
        "stage_bytes": null,
        "chunk_size": 256,
        "decode_ms": 0.934816,
        "decode_gib_s": 996.2628801303129,
        "decode_ns_iters": [
          939424,
          937024,
          936128,
          937056,
          939168,
          936256,
          937184,
          937408,
          937056,
          934816,
          936224,
          937984,
          938336,
          936384,
          937152,
          938880,
          936000,
          938816,
          937504,
          935904,
          936864,
          936288,
          936000,
          937792,
          935808,
          936416,
          938624,
          938624,
          937760,
          939200
        ],
        "chunk_tokens": 256,
        "block_threads": 256,
        "staged_input_bytes": 201346052,
        "applicable": true
      },
      {
        "kernel": "onpair_dh_k1_t256_b1_h0",
        "role": "experimental",
        "stage_bytes": null,
        "chunk_size": 32,
        "decode_ms": 1.092256,
        "decode_gib_s": 852.6595235475003,
        "decode_ns_iters": [
          1097952,
          1103488,
          1105376,
          1097344,
          1093280,
          1096128,
          1102176,
          1098016,
          1094176,
          1104448,
          1096224,
          1095808,
          1099712,
          1102208,
          1098400,
          1094656,
          1098176,
          1097536,
          1100672,
          1102304,
          1101824,
          1095744,
          1098496,
          1102752,
          1092256,
          1095776,
          1098496,
          1099296,
          1098368,
          1098336
        ],
        "chunk_tokens": 32,
        "block_threads": 256,
        "staged_input_bytes": 223022212,
        "applicable": true
      },
      {
        "kernel": "onpair_dh_k1_t256_b4_h0",
        "role": "experimental",
        "stage_bytes": null,
        "chunk_size": 32,
        "decode_ms": 1.09248,
        "decode_gib_s": 852.4846958771773,
        "decode_ns_iters": [
          1098080,
          1095072,
          1098304,
          1098816,
          1092480,
          1095616,
          1098016,
          1095008,
          1101952,
          1101344,
          1098016,
          1099456,
          1095040,
          1098016,
          1100544,
          1095520,
          1098976,
          1096480,
          1098688,
          1100992,
          1100800,
          1094336,
          1095296,
          1099072,
          1094688,
          1096224,
          1096288,
          1095968,
          1100160,
          1100928
        ],
        "chunk_tokens": 32,
        "block_threads": 256,
        "staged_input_bytes": 223022212,
        "applicable": true
      },
      {
        "kernel": "onpair_dh_k1_t256_b8_h0",
        "role": "experimental",
        "stage_bytes": null,
        "chunk_size": 32,
        "decode_ms": 0.956672,
        "decode_gib_s": 973.5023922011917,
        "decode_ns_iters": [
          963808,
          962368,
          963104,
          959008,
          960352,
          958016,
          959776,
          959552,
          960704,
          957312,
          959136,
          958816,
          962048,
          962912,
          959424,
          959584,
          958912,
          959584,
          961408,
          958592,
          961664,
          965984,
          962016,
          961312,
          958624,
          956672,
          963648,
          958208,
          960896,
          960352
        ],
        "chunk_tokens": 32,
        "block_threads": 256,
        "staged_input_bytes": 223022212,
        "applicable": true
      },
      {
        "kernel": "onpair_dh_k2_t64_b1_h2",
        "role": "experimental",
        "stage_bytes": null,
        "chunk_size": 64,
        "decode_ms": 0.902208,
        "decode_gib_s": 1032.2702531477203,
        "decode_ns_iters": [
          904352,
          903136,
          902912,
          904064,
          904864,
          904032,
          904096,
          903424,
          903200,
          904224,
          903712,
          902208,
          905376,
          903936,
          904384,
          902944,
          905120,
          903552,
          911808,
          904992,
          903136,
          903072,
          902496,
          903040,
          904000,
          903808,
          903616,
          902944,
          904832,
          904704
        ],
        "chunk_tokens": 64,
        "block_threads": 64,
        "staged_input_bytes": 210635844,
        "applicable": true
      },
      {
        "kernel": "onpair_dh_k2_t64_b2_h2",
        "role": "experimental",
        "stage_bytes": null,
        "chunk_size": 64,
        "decode_ms": 0.902208,
        "decode_gib_s": 1032.2702531477203,
        "decode_ns_iters": [
          907296,
          903840,
          904384,
          904192,
          903776,
          903584,
          904608,
          902208,
          903136,
          904384,
          903872,
          903936,
          904448,
          902688,
          903456,
          903840,
          913184,
          905248,
          902272,
          905216,
          903072,
          904608,
          904512,
          905056,
          903584,
          902976,
          902688,
          904064,
          902848,
          904160
        ],
        "chunk_tokens": 64,
        "block_threads": 64,
        "staged_input_bytes": 210635844,
        "applicable": true
      },
      {
        "kernel": "onpair_dh_k2_t64_b4_h2",
        "role": "experimental",
        "stage_bytes": null,
        "chunk_size": 64,
        "decode_ms": 0.902176,
        "decode_gib_s": 1032.306867564531,
        "decode_ns_iters": [
          905408,
          902176,
          904672,
          902976,
          904896,
          903712,
          904000,
          906336,
          903488,
          903456,
          905824,
          903968,
          904416,
          904160,
          909312,
          903072,
          905600,
          903936,
          904032,
          904640,
          904608,
          903008,
          903584,
          903328,
          904480,
          904576,
          904128,
          903712,
          904992,
          904576
        ],
        "chunk_tokens": 64,
        "block_threads": 64,
        "staged_input_bytes": 210635844,
        "applicable": true
      },
      {
        "kernel": "onpair_dh_k2_t64_b6_h2",
        "role": "experimental",
        "stage_bytes": null,
        "chunk_size": 64,
        "decode_ms": 0.902144,
        "decode_gib_s": 1032.343484578846,
        "decode_ns_iters": [
          905888,
          904608,
          903616,
          904512,
          903872,
          903008,
          904160,
          903872,
          903552,
          902816,
          902240,
          903936,
          911360,
          902144,
          903680,
          903552,
          904736,
          903040,
          903936,
          904992,
          906112,
          904192,
          903264,
          903328,
          903040,
          904384,
          903552,
          903648,
          905344,
          903776
        ],
        "chunk_tokens": 64,
        "block_threads": 64,
        "staged_input_bytes": 210635844,
        "applicable": true
      },
      {
        "kernel": "onpair_dh_k2_t64_b8_h2",
        "role": "experimental",
        "stage_bytes": null,
        "chunk_size": 64,
        "decode_ms": 0.901952,
        "decode_gib_s": 1032.5632412278019,
        "decode_ns_iters": [
          905920,
          902016,
          902976,
          903840,
          904160,
          903328,
          902752,
          904160,
          905152,
          904416,
          903520,
          903008,
          902304,
          901952,
          902624,
          903712,
          904800,
          904096,
          903648,
          905760,
          905952,
          905280,
          903008,
          902944,
          905216,
          903616,
          904256,
          902976,
          905536,
          906080
        ],
        "chunk_tokens": 64,
        "block_threads": 64,
        "staged_input_bytes": 210635844,
        "applicable": true
      },
      {
        "kernel": "onpair_dh_k2_t128_b1_h2",
        "role": "experimental",
        "stage_bytes": null,
        "chunk_size": 64,
        "decode_ms": 0.902272,
        "decode_gib_s": 1032.1970321055053,
        "decode_ns_iters": [
          903040,
          904064,
          903936,
          902272,
          903712,
          904672,
          904224,
          909024,
          904864,
          904576,
          904736,
          903296,
          903552,
          903680,
          904000,
          905408,
          903360,
          905216,
          904704,
          903168,
          903808,
          903712,
          903936,
          904640,
          902848,
          904288,
          903840,
          903744,
          906048,
          902720
        ],
        "chunk_tokens": 64,
        "block_threads": 128,
        "staged_input_bytes": 210635844,
        "applicable": true
      },
      {
        "kernel": "onpair_dh_k2_t128_b2_h2",
        "role": "experimental",
        "stage_bytes": null,
        "chunk_size": 64,
        "decode_ms": 0.901504,
        "decode_gib_s": 1033.076370766961,
        "decode_ns_iters": [
          904672,
          905120,
          904288,
          904512,
          905792,
          911264,
          905056,
          904096,
          904288,
          904608,
          903296,
          904640,
          903424,
          902944,
          903712,
          904352,
          904512,
          903456,
          905248,
          903584,
          902112,
          904160,
          901504,
          902464,
          903872,
          904352,
          903584,
          903008,
          903456,
          908736
        ],
        "chunk_tokens": 64,
        "block_threads": 128,
        "staged_input_bytes": 210635844,
        "applicable": true
      },
      {
        "kernel": "onpair_dh_k2_t128_b4_h2",
        "role": "experimental",
        "stage_bytes": null,
        "chunk_size": 64,
        "decode_ms": 0.90128,
        "decode_gib_s": 1033.3331268328361,
        "decode_ns_iters": [
          903296,
          902944,
          903168,
          908064,
          905152,
          902464,
          903264,
          902880,
          902720,
          901856,
          903136,
          903616,
          904288,
          903200,
          901952,
          903168,
          903392,
          904928,
          903456,
          903744,
          902880,
          902752,
          903360,
          901280,
          903904,
          903840,
          912640,
          903008,
          903104,
          904256
        ],
        "chunk_tokens": 64,
        "block_threads": 128,
        "staged_input_bytes": 210635844,
        "applicable": true
      },
      {
        "kernel": "onpair_dh_k2_t128_b6_h2",
        "role": "experimental",
        "stage_bytes": null,
        "chunk_size": 64,
        "decode_ms": 0.902176,
        "decode_gib_s": 1032.306867564531,
        "decode_ns_iters": [
          909152,
          904224,
          906400,
          905632,
          905920,
          905568,
          904256,
          903424,
          904960,
          904160,
          903040,
          904576,
          905920,
          902944,
          902720,
          903232,
          904736,
          903840,
          903520,
          904608,
          902176,
          904960,
          902496,
          905120,
          903680,
          905216,
          905024,
          904000,
          903552,
          904320
        ],
        "chunk_tokens": 64,
        "block_threads": 128,
        "staged_input_bytes": 210635844,
        "applicable": true
      },
      {
        "kernel": "onpair_dh_k2_t128_b8_h2",
        "role": "experimental",
        "stage_bytes": null,
        "chunk_size": 64,
        "decode_ms": 0.902016,
        "decode_gib_s": 1032.4899786166748,
        "decode_ns_iters": [
          904224,
          903296,
          903136,
          902272,
          904096,
          904096,
          902720,
          903968,
          903424,
          902016,
          904960,
          906080,
          904416,
          902688,
          905760,
          902208,
          906144,
          902912,
          904992,
          903264,
          905120,
          904128,
          903552,
          908320,
          903520,
          904768,
          904288,
          904288,
          904704,
          902880
        ],
        "chunk_tokens": 64,
        "block_threads": 128,
        "staged_input_bytes": 210635844,
        "applicable": true
      },
      {
        "kernel": "onpair_dh_k2_t256_b1_h0",
        "role": "experimental",
        "stage_bytes": null,
        "chunk_size": 64,
        "decode_ms": 0.907232,
        "decode_gib_s": 1026.5538258702277,
        "decode_ns_iters": [
          909312,
          910272,
          909056,
          910016,
          909920,
          910688,
          909312,
          908640,
          908064,
          910080,
          909440,
          909568,
          909440,
          909088,
          908448,
          909632,
          910176,
          911904,
          908384,
          907584,
          909760,
          907936,
          908896,
          913760,
          915680,
          907232,
          908864,
          909632,
          909920,
          908448
        ],
        "chunk_tokens": 64,
        "block_threads": 256,
        "staged_input_bytes": 210635844,
        "applicable": true
      },
      {
        "kernel": "onpair_dh_k2_t256_b1_h2",
        "role": "experimental",
        "stage_bytes": null,
        "chunk_size": 64,
        "decode_ms": 0.905472,
        "decode_gib_s": 1028.5491771715729,
        "decode_ns_iters": [
          913120,
          906240,
          905760,
          907072,
          905472,
          906112,
          905632,
          905952,
          906048,
          907744,
          905760,
          908576,
          908128,
          906176,
          906528,
          908576,
          907360,
          907200,
          907488,
          905888,
          907360,
          907072,
          907936,
          905568,
          908416,
          906880,
          914240,
          906048,
          905920,
          907360
        ],
        "chunk_tokens": 64,
        "block_threads": 256,
        "staged_input_bytes": 210635844,
        "applicable": true
      },
      {
        "kernel": "onpair_dh_k2_t256_b2_h2",
        "role": "experimental",
        "stage_bytes": null,
        "chunk_size": 64,
        "decode_ms": 0.904928,
        "decode_gib_s": 1029.1674923882326,
        "decode_ns_iters": [
          908448,
          911936,
          904928,
          908832,
          906880,
          907616,
          907328,
          907488,
          905472,
          907936,
          906144,
          907136,
          908064,
          906496,
          906176,
          906112,
          905184,
          906496,
          906272,
          906592,
          905312,
          906752,
          905824,
          908928,
          905504,
          905824,
          905632,
          913376,
          905536,
          906112
        ],
        "chunk_tokens": 64,
        "block_threads": 256,
        "staged_input_bytes": 210635844,
        "applicable": true
      },
      {
        "kernel": "onpair_dh_k2_t256_b4_h0",
        "role": "experimental",
        "stage_bytes": null,
        "chunk_size": 64,
        "decode_ms": 0.907296,
        "decode_gib_s": 1026.4814135099223,
        "decode_ns_iters": [
          910976,
          909248,
          916608,
          907968,
          909696,
          908160,
          911552,
          909760,
          910368,
          910368,
          908448,
          909856,
          909216,
          910336,
          908448,
          909088,
          907296,
          909376,
          911520,
          908608,
          907648,
          909216,
          909248,
          910240,
          907584,
          909088,
          909120,
          909344,
          909088,
          914336
        ],
        "chunk_tokens": 64,
        "block_threads": 256,
        "staged_input_bytes": 210635844,
        "applicable": true
      },
      {
        "kernel": "onpair_dh_k2_t256_b4_h2",
        "role": "experimental",
        "stage_bytes": null,
        "chunk_size": 64,
        "decode_ms": 0.904128,
        "decode_gib_s": 1030.078131140611,
        "decode_ns_iters": [
          907488,
          905504,
          906944,
          906112,
          910816,
          906048,
          905600,
          904864,
          905088,
          906560,
          905024,
          905728,
          906656,
          905152,
          905376,
          906624,
          906656,
          906688,
          906848,
          907360,
          905120,
          906880,
          905440,
          907584,
          906624,
          904128,
          907648,
          905344,
          905824,
          906592
        ],
        "chunk_tokens": 64,
        "block_threads": 256,
        "staged_input_bytes": 210635844,
        "applicable": true
      },
      {
        "kernel": "onpair_dh_k2_t256_b6_h2",
        "role": "experimental",
        "stage_bytes": null,
        "chunk_size": 64,
        "decode_ms": 0.897568,
        "decode_gib_s": 1037.6065997806277,
        "decode_ns_iters": [
          901728,
          899072,
          899552,
          908352,
          900768,
          901280,
          901568,
          902048,
          901056,
          899936,
          901408,
          897568,
          901376,
          899648,
          900064,
          899840,
          899872,
          899104,
          899968,
          900288,
          900288,
          898976,
          900032,
          898880,
          900000,
          905632,
          899872,
          902176,
          901248,
          902624
        ],
        "chunk_tokens": 64,
        "block_threads": 256,
        "staged_input_bytes": 210635844,
        "applicable": true
      },
      {
        "kernel": "onpair_dh_k2_t256_b8_h0",
        "role": "experimental",
        "stage_bytes": null,
        "chunk_size": 64,
        "decode_ms": 0.89936,
        "decode_gib_s": 1035.5391395569054,
        "decode_ns_iters": [
          901952,
          902752,
          904928,
          899616,
          900384,
          901472,
          902272,
          900512,
          902272,
          902080,
          901536,
          901856,
          901152,
          901120,
          903296,
          900256,
          901600,
          905152,
          901440,
          899360,
          903296,
          900608,
          907232,
          900832,
          901184,
          899904,
          901600,
          902240,
          899648,
          900256
        ],
        "chunk_tokens": 64,
        "block_threads": 256,
        "staged_input_bytes": 210635844,
        "applicable": true
      },
      {
        "kernel": "onpair_dh_k2_t256_b8_h2",
        "role": "experimental",
        "stage_bytes": null,
        "chunk_size": 64,
        "decode_ms": 0.89872,
        "decode_gib_s": 1036.2765717374693,
        "decode_ns_iters": [
          901344,
          902208,
          903648,
          902592,
          899264,
          902240,
          901344,
          900672,
          901280,
          901280,
          899936,
          900704,
          901056,
          901536,
          902176,
          900192,
          900928,
          899584,
          901152,
          899072,
          900256,
          900896,
          899456,
          901792,
          900704,
          899328,
          903584,
          901312,
          902176,
          898720
        ],
        "chunk_tokens": 64,
        "block_threads": 256,
        "staged_input_bytes": 210635844,
        "applicable": true
      },
      {
        "kernel": "onpair_dh_k3_t64_b1_h2",
        "role": "experimental",
        "stage_bytes": null,
        "chunk_size": 96,
        "decode_ms": 0.87936,
        "decode_gib_s": 1059.0912488081087,
        "decode_ns_iters": [
          881216,
          880384,
          879808,
          880832,
          880416,
          879968,
          880864,
          881152,
          880384,
          880864,
          879840,
          880736,
          879904,
          881184,
          880128,
          880608,
          879648,
          881120,
          879360,
          879520,
          880448,
          880352,
          881120,
          880320,
          879712,
          887168,
          881600,
          881024,
          880480,
          880384
        ],
        "chunk_tokens": 96,
        "block_threads": 64,
        "staged_input_bytes": 206507060,
        "applicable": true
      },
      {
        "kernel": "onpair_dh_k3_t64_b1_h3",
        "role": "experimental",
        "stage_bytes": null,
        "chunk_size": 96,
        "decode_ms": 0.876992,
        "decode_gib_s": 1061.9509420290021,
        "decode_ns_iters": [
          879712,
          879808,
          879168,
          879488,
          879488,
          877984,
          880544,
          880288,
          880608,
          879008,
          879296,
          880352,
          878400,
          877760,
          879232,
          880448,
          879296,
          878816,
          877312,
          876992,
          880736,
          880160,
          879104,
          879232,
          879680,
          878944,
          880832,
          879424,
          878016,
          879904
        ],
        "chunk_tokens": 96,
        "block_threads": 64,
        "staged_input_bytes": 206507060,
        "applicable": true
      },
      {
        "kernel": "onpair_dh_k3_t64_b2_h2",
        "role": "experimental",
        "stage_bytes": null,
        "chunk_size": 96,
        "decode_ms": 0.8784,
        "decode_gib_s": 1060.2487255827623,
        "decode_ns_iters": [
          880288,
          879744,
          879392,
          878784,
          880800,
          881792,
          880800,
          881408,
          882080,
          880576,
          881280,
          879904,
          881376,
          879744,
          879264,
          885504,
          879744,
          878400,
          880128,
          879136,
          881152,
          881152,
          881120,
          879808,
          881536,
          882016,
          880576,
          880608,
          880256,
          881792
        ],
        "chunk_tokens": 96,
        "block_threads": 64,
        "staged_input_bytes": 206507060,
        "applicable": true
      },
      {
        "kernel": "onpair_dh_k3_t64_b2_h3",
        "role": "experimental",
        "stage_bytes": null,
        "chunk_size": 96,
        "decode_ms": 0.877376,
        "decode_gib_s": 1061.486159356876,
        "decode_ns_iters": [
          877376,
          880448,
          878592,
          877760,
          881216,
          879904,
          877408,
          879744,
          879200,
          879104,
          879072,
          879456,
          879392,
          880768,
          878688,
          879328,
          879520,
          879328,
          887392,
          879072,
          879488,
          880000,
          878528,
          880384,
          879232,
          881088,
          881632,
          880032,
          878624,
          880256
        ],
        "chunk_tokens": 96,
        "block_threads": 64,
        "staged_input_bytes": 206507060,
        "applicable": true
      },
      {
        "kernel": "onpair_dh_k3_t64_b4_h2",
        "role": "experimental",
        "stage_bytes": null,
        "chunk_size": 96,
        "decode_ms": 0.878784,
        "decode_gib_s": 1059.785431405099,
        "decode_ns_iters": [
          880832,
          880800,
          878784,
          879968,
          882176,
          882304,
          880288,
          879776,
          879712,
          881792,
          879808,
          881376,
          883392,
          881248,
          881280,
          880576,
          880320,
          881216,
          881312,
          880128,
          881600,
          887072,
          881984,
          879968,
          880992,
          880608,
          882560,
          881312,
          881120,
          879936
        ],
        "chunk_tokens": 96,
        "block_threads": 64,
        "staged_input_bytes": 206507060,
        "applicable": true
      },
      {
        "kernel": "onpair_dh_k3_t64_b4_h3",
        "role": "experimental",
        "stage_bytes": null,
        "chunk_size": 96,
        "decode_ms": 0.877824,
        "decode_gib_s": 1060.944426846268,
        "decode_ns_iters": [
          879392,
          879264,
          878656,
          878624,
          881312,
          878112,
          879040,
          879136,
          878016,
          884960,
          879168,
          877856,
          880000,
          877824,
          880352,
          878848,
          879232,
          879200,
          879936,
          879232,
          878496,
          881536,
          879616,
          879168,
          887040,
          880608,
          880448,
          879488,
          879616,
          879456
        ],
        "chunk_tokens": 96,
        "block_threads": 64,
        "staged_input_bytes": 206507060,
        "applicable": true
      },
      {
        "kernel": "onpair_dh_k3_t64_b6_h2",
        "role": "experimental",
        "stage_bytes": null,
        "chunk_size": 96,
        "decode_ms": 0.87904,
        "decode_gib_s": 1059.4767934927856,
        "decode_ns_iters": [
          879904,
          880576,
          882592,
          881248,
          881248,
          880896,
          880992,
          880864,
          880832,
          880032,
          879808,
          882624,
          883168,
          880032,
          880384,
          882464,
          880608,
          879040,
          879552,
          882016,
          881024,
          882112,
          879328,
          881664,
          881440,
          882176,
          881152,
          879584,
          881376,
          880480
        ],
        "chunk_tokens": 96,
        "block_threads": 64,
        "staged_input_bytes": 206507060,
        "applicable": true
      },
      {
        "kernel": "onpair_dh_k3_t64_b6_h3",
        "role": "experimental",
        "stage_bytes": null,
        "chunk_size": 96,
        "decode_ms": 0.876736,
        "decode_gib_s": 1062.2610233318794,
        "decode_ns_iters": [
          878368,
          881120,
          878080,
          879712,
          880096,
          879424,
          879008,
          878528,
          877568,
          877920,
          879552,
          881568,
          876736,
          878752,
          879200,
          884928,
          878784,
          878592,
          879104,
          878560,
          878848,
          880608,
          879584,
          878080,
          879200,
          881344,
          880992,
          880032,
          877632,
          879584
        ],
        "chunk_tokens": 96,
        "block_threads": 64,
        "staged_input_bytes": 206507060,
        "applicable": true
      },
      {
        "kernel": "onpair_dh_k3_t64_b8_h2",
        "role": "experimental",
        "stage_bytes": null,
        "chunk_size": 96,
        "decode_ms": 0.879232,
        "decode_gib_s": 1059.2454330050527,
        "decode_ns_iters": [
          881568,
          880544,
          879232,
          882048,
          880672,
          881312,
          881344,
          880736,
          882784,
          879712,
          880416,
          882976,
          882016,
          880512,
          881888,
          882144,
          884160,
          881408,
          880736,
          880768,
          883360,
          879840,
          880800,
          880896,
          881824,
          880512,
          879840,
          880608,
          880672,
          882496
        ],
        "chunk_tokens": 96,
        "block_threads": 64,
        "staged_input_bytes": 206507060,
        "applicable": true
      },
      {
        "kernel": "onpair_dh_k3_t64_b8_h3",
        "role": "experimental",
        "stage_bytes": null,
        "chunk_size": 96,
        "decode_ms": 0.877312,
        "decode_gib_s": 1061.563594880611,
        "decode_ns_iters": [
          881600,
          878752,
          879136,
          882688,
          880000,
          879232,
          879008,
          878528,
          877696,
          877920,
          879040,
          878336,
          879648,
          878208,
          881312,
          877312,
          881664,
          877824,
          879520,
          878080,
          878112,
          879520,
          879872,
          878752,
          879936,
          879104,
          878912,
          879232,
          878144,
          880224
        ],
        "chunk_tokens": 96,
        "block_threads": 64,
        "staged_input_bytes": 206507060,
        "applicable": true
      },
      {
        "kernel": "onpair_dh_k3_t128_b1_h2",
        "role": "experimental",
        "stage_bytes": null,
        "chunk_size": 96,
        "decode_ms": 0.878912,
        "decode_gib_s": 1059.6310899747625,
        "decode_ns_iters": [
          881120,
          880768,
          881888,
          880288,
          882816,
          879904,
          881216,
          880864,
          881056,
          885888,
          881504,
          880000,
          880608,
          883616,
          880960,
          880864,
          880800,
          880992,
          880576,
          880512,
          879872,
          880640,
          879744,
          880256,
          879616,
          880864,
          879616,
          879296,
          880704,
          878912
        ],
        "chunk_tokens": 96,
        "block_threads": 128,
        "staged_input_bytes": 206507060,
        "applicable": true
      },
      {
        "kernel": "onpair_dh_k3_t128_b1_h3",
        "role": "experimental",
        "stage_bytes": null,
        "chunk_size": 96,
        "decode_ms": 0.87824,
        "decode_gib_s": 1060.4418843959493,
        "decode_ns_iters": [
          881472,
          879904,
          881184,
          880480,
          879968,
          880160,
          882048,
          878880,
          879168,
          879776,
          879968,
          880736,
          886688,
          879008,
          881472,
          880288,
          879776,
          880768,
          880960,
          878880,
          879712,
          881152,
          879360,
          878240,
          882432,
          880352,
          882016,
          884672,
          879104,
          881504
        ],
        "chunk_tokens": 96,
        "block_threads": 128,
        "staged_input_bytes": 206507060,
        "applicable": true
      },
      {
        "kernel": "onpair_dh_k3_t128_b2_h2",
        "role": "experimental",
        "stage_bytes": null,
        "chunk_size": 96,
        "decode_ms": 0.87952,
        "decode_gib_s": 1058.8985816717056,
        "decode_ns_iters": [
          880736,
          880320,
          881760,
          880672,
          881152,
          880480,
          881056,
          882176,
          880544,
          881664,
          880896,
          880384,
          881024,
          884608,
          879840,
          888096,
          882240,
          880576,
          882240,
          881664,
          880128,
          880224,
          879520,
          880992,
          880992,
          880608,
          879840,
          879712,
          882048,
          881056
        ],
        "chunk_tokens": 96,
        "block_threads": 128,
        "staged_input_bytes": 206507060,
        "applicable": true
      },
      {
        "kernel": "onpair_dh_k3_t128_b2_h3",
        "role": "experimental",
        "stage_bytes": null,
        "chunk_size": 96,
        "decode_ms": 0.878624,
        "decode_gib_s": 1059.9784214315778,
        "decode_ns_iters": [
          880736,
          880544,
          880064,
          888608,
          882144,
          880608,
          880032,
          879840,
          879712,
          878688,
          880576,
          879616,
          881504,
          880000,
          878784,
          879776,
          879168,
          881280,
          880320,
          878880,
          880192,
          880224,
          879872,
          881056,
          882400,
          880832,
          878624,
          879840,
          879808,
          881824
        ],
        "chunk_tokens": 96,
        "block_threads": 128,
        "staged_input_bytes": 206507060,
        "applicable": true
      },
      {
        "kernel": "onpair_dh_k3_t128_b4_h2",
        "role": "experimental",
        "stage_bytes": null,
        "chunk_size": 96,
        "decode_ms": 0.879616,
        "decode_gib_s": 1058.7830150337177,
        "decode_ns_iters": [
          881856,
          882016,
          881120,
          881536,
          881472,
          879904,
          889120,
          881376,
          879616,
          882432,
          883040,
          881536,
          883392,
          881056,
          880544,
          882208,
          880448,
          880352,
          879968,
          881248,
          879904,
          881120,
          886016,
          881152,
          880096,
          882016,
          880992,
          881504,
          881088,
          880032
        ],
        "chunk_tokens": 96,
        "block_threads": 128,
        "staged_input_bytes": 206507060,
        "applicable": true
      },
      {
        "kernel": "onpair_dh_k3_t128_b4_h3",
        "role": "experimental",
        "stage_bytes": null,
        "chunk_size": 96,
        "decode_ms": 0.87792,
        "decode_gib_s": 1060.8284132402707,
        "decode_ns_iters": [
          880864,
          880640,
          880704,
          880000,
          880192,
          877920,
          881120,
          879488,
          879392,
          880672,
          879520,
          880288,
          878720,
          879776,
          880384,
          879840,
          877920,
          879360,
          879392,
          878400,
          879456,
          881120,
          879616,
          883008,
          879200,
          887328,
          879104,
          879584,
          880672,
          879360
        ],
        "chunk_tokens": 96,
        "block_threads": 128,
        "staged_input_bytes": 206507060,
        "applicable": true
      },
      {
        "kernel": "onpair_dh_k3_t128_b6_h2",
        "role": "experimental",
        "stage_bytes": null,
        "chunk_size": 96,
        "decode_ms": 0.878848,
        "decode_gib_s": 1059.7082550701582,
        "decode_ns_iters": [
          881920,
          881536,
          879776,
          880704,
          879328,
          880160,
          880160,
          878944,
          879872,
          883328,
          880064,
          881184,
          882592,
          881312,
          879520,
          880608,
          880992,
          879584,
          880992,
          878848,
          879936,
          878912,
          879872,
          879616,
          880000,
          881312,
          880128,
          879808,
          887264,
          879232
        ],
        "chunk_tokens": 96,
        "block_threads": 128,
        "staged_input_bytes": 206507060,
        "applicable": true
      },
      {
        "kernel": "onpair_dh_k3_t128_b6_h3",
        "role": "experimental",
        "stage_bytes": null,
        "chunk_size": 96,
        "decode_ms": 0.878752,
        "decode_gib_s": 1059.824023788166,
        "decode_ns_iters": [
          880928,
          881504,
          881536,
          880224,
          878880,
          880448,
          879264,
          881824,
          880384,
          879072,
          880384,
          878752,
          880928,
          880896,
          879744,
          880064,
          886656,
          880224,
          882336,
          880064,
          881920,
          880480,
          880064,
          879776,
          880768,
          881056,
          879392,
          880000,
          879712,
          878880
        ],
        "chunk_tokens": 96,
        "block_threads": 128,
        "staged_input_bytes": 206507060,
        "applicable": true
      },
      {
        "kernel": "onpair_dh_k3_t128_b8_h2",
        "role": "experimental",
        "stage_bytes": null,
        "chunk_size": 96,
        "decode_ms": 0.87856,
        "decode_gib_s": 1060.0556371242699,
        "decode_ns_iters": [
          880864,
          882144,
          879840,
          881920,
          888672,
          882656,
          881536,
          881184,
          880480,
          883072,
          881088,
          881696,
          883104,
          880640,
          880448,
          882336,
          881920,
          880960,
          878560,
          880192,
          881120,
          880576,
          880640,
          879744,
          880288,
          880256,
          879456,
          880928,
          879744,
          880640
        ],
        "chunk_tokens": 96,
        "block_threads": 128,
        "staged_input_bytes": 206507060,
        "applicable": true
      },
      {
        "kernel": "onpair_dh_k3_t128_b8_h3",
        "role": "experimental",
        "stage_bytes": null,
        "chunk_size": 96,
        "decode_ms": 0.878848,
        "decode_gib_s": 1059.7082550701582,
        "decode_ns_iters": [
          880736,
          882688,
          879968,
          879584,
          880160,
          878880,
          879872,
          886400,
          880512,
          879008,
          879776,
          879392,
          880064,
          880608,
          881984,
          881376,
          879392,
          880000,
          879904,
          880320,
          880480,
          879648,
          880928,
          879712,
          879712,
          879968,
          881824,
          878848,
          879808,
          879424
        ],
        "chunk_tokens": 96,
        "block_threads": 128,
        "staged_input_bytes": 206507060,
        "applicable": true
      },
      {
        "kernel": "onpair_dh_k3_t256_b1_h0",
        "role": "experimental",
        "stage_bytes": null,
        "chunk_size": 96,
        "decode_ms": 0.87984,
        "decode_gib_s": 1058.5134576194519,
        "decode_ns_iters": [
          880832,
          880384,
          880864,
          880192,
          882080,
          881824,
          881920,
          882400,
          882752,
          881120,
          886880,
          882176,
          882400,
          881472,
          881760,
          880512,
          880704,
          881856,
          880896,
          880032,
          881792,
          880000,
          881152,
          879840,
          881888,
          881696,
          880736,
          881824,
          880064,
          881984
        ],
        "chunk_tokens": 96,
        "block_threads": 256,
        "staged_input_bytes": 206507060,
        "applicable": true
      },
      {
        "kernel": "onpair_dh_k3_t256_b1_h2",
        "role": "experimental",
        "stage_bytes": null,
        "chunk_size": 96,
        "decode_ms": 0.880224,
        "decode_gib_s": 1058.0516783817511,
        "decode_ns_iters": [
          883168,
          881920,
          882080,
          882240,
          881056,
          881120,
          881568,
          881568,
          881920,
          881728,
          881664,
          881728,
          883872,
          882240,
          888416,
          880768,
          880576,
          883520,
          881472,
          881920,
          881216,
          880864,
          881120,
          880224,
          881664,
          882592,
          881376,
          882208,
          881056,
          881984
        ],
        "chunk_tokens": 96,
        "block_threads": 256,
        "staged_input_bytes": 206507060,
        "applicable": true
      },
      {
        "kernel": "onpair_dh_k3_t256_b1_h3",
        "role": "experimental",
        "stage_bytes": null,
        "chunk_size": 96,
        "decode_ms": 0.880448,
        "decode_gib_s": 1057.7824931760858,
        "decode_ns_iters": [
          884480,
          885824,
          890528,
          883296,
          882112,
          882048,
          882880,
          881024,
          883936,
          880448,
          883616,
          884448,
          883136,
          883104,
          881120,
          882080,
          882912,
          881536,
          888000,
          881888,
          882464,
          886976,
          882496,
          882720,
          881760,
          882144,
          881760,
          882176,
          881440,
          883584
        ],
        "chunk_tokens": 96,
        "block_threads": 256,
        "staged_input_bytes": 206507060,
        "applicable": true
      },
      {
        "kernel": "onpair_dh_k3_t256_b2_h2",
        "role": "experimental",
        "stage_bytes": null,
        "chunk_size": 96,
        "decode_ms": 0.878912,
        "decode_gib_s": 1059.6310899747625,
        "decode_ns_iters": [
          883264,
          880480,
          881824,
          880416,
          881312,
          882304,
          888384,
          883520,
          880352,
          881248,
          881056,
          881920,
          882784,
          878912,
          880512,
          879040,
          881440,
          880672,
          882560,
          882400,
          880064,
          883392,
          882592,
          880576,
          881824,
          881568,
          880640,
          880736,
          880000,
          881600
        ],
        "chunk_tokens": 96,
        "block_threads": 256,
        "staged_input_bytes": 206507060,
        "applicable": true
      },
      {
        "kernel": "onpair_dh_k3_t256_b2_h3",
        "role": "experimental",
        "stage_bytes": null,
        "chunk_size": 96,
        "decode_ms": 0.880992,
        "decode_gib_s": 1057.129327566991,
        "decode_ns_iters": [
          881440,
          882912,
          882176,
          881440,
          883488,
          882976,
          884064,
          881472,
          883360,
          880992,
          890336,
          883744,
          881984,
          883232,
          882368,
          882752,
          882048,
          883392,
          882880,
          881696,
          882848,
          883456,
          882656,
          882624,
          881312,
          882944,
          888960,
          881056,
          881952,
          882816
        ],
        "chunk_tokens": 96,
        "block_threads": 256,
        "staged_input_bytes": 206507060,
        "applicable": true
      },
      {
        "kernel": "onpair_dh_k3_t256_b4_h0",
        "role": "experimental",
        "stage_bytes": null,
        "chunk_size": 96,
        "decode_ms": 0.880576,
        "decode_gib_s": 1057.6287345463634,
        "decode_ns_iters": [
          882560,
          881504,
          882368,
          881536,
          880768,
          882016,
          882592,
          881536,
          882880,
          881120,
          881728,
          880576,
          881312,
          882496,
          889344,
          882112,
          881600,
          881696,
          883008,
          882080,
          882304,
          882784,
          882144,
          880576,
          883520,
          881600,
          880832,
          883200,
          882560,
          880736
        ],
        "chunk_tokens": 96,
        "block_threads": 256,
        "staged_input_bytes": 206507060,
        "applicable": true
      },
      {
        "kernel": "onpair_dh_k3_t256_b4_h2",
        "role": "experimental",
        "stage_bytes": null,
        "chunk_size": 96,
        "decode_ms": 0.879872,
        "decode_gib_s": 1058.4749606214295,
        "decode_ns_iters": [
          882112,
          881024,
          888960,
          882176,
          879872,
          881536,
          881696,
          882176,
          881568,
          882720,
          881824,
          880896,
          881696,
          880384,
          879904,
          883936,
          881984,
          880448,
          885856,
          883296,
          880288,
          881824,
          880032,
          881760,
          881120,
          882432,
          881472,
          881120,
          883296,
          882592
        ],
        "chunk_tokens": 96,
        "block_threads": 256,
        "staged_input_bytes": 206507060,
        "applicable": true
      },
      {
        "kernel": "onpair_dh_k3_t256_b4_h3",
        "role": "experimental",
        "stage_bytes": null,
        "chunk_size": 96,
        "decode_ms": 0.881344,
        "decode_gib_s": 1056.7071206610567,
        "decode_ns_iters": [
          881344,
          884032,
          882656,
          883520,
          883520,
          883328,
          882592,
          881408,
          883648,
          882624,
          881408,
          882176,
          883680,
          881792,
          883680,
          882144,
          883520,
          883168,
          883168,
          882592,
          885312,
          881888,
          882240,
          882304,
          884864,
          882592,
          883616,
          881376,
          881952,
          883040
        ],
        "chunk_tokens": 96,
        "block_threads": 256,
        "staged_input_bytes": 206507060,
        "applicable": true
      },
      {
        "kernel": "onpair_dh_k3_t256_b6_h2",
        "role": "experimental",
        "stage_bytes": null,
        "chunk_size": 96,
        "decode_ms": 0.875552,
        "decode_gib_s": 1063.6975080313887,
        "decode_ns_iters": [
          878400,
          877408,
          877248,
          877472,
          877280,
          879872,
          878624,
          878368,
          879040,
          879712,
          884768,
          878144,
          877312,
          878464,
          877248,
          877664,
          878208,
          875552,
          879232,
          877632,
          877984,
          879616,
          877600,
          877376,
          877344,
          882880,
          876800,
          877088,
          879232,
          877120
        ],
        "chunk_tokens": 96,
        "block_threads": 256,
        "staged_input_bytes": 206507060,
        "applicable": true
      },
      {
        "kernel": "onpair_dh_k3_t256_b6_h3",
        "role": "experimental",
        "stage_bytes": null,
        "chunk_size": 96,
        "decode_ms": 0.876384,
        "decode_gib_s": 1062.6876809160121,
        "decode_ns_iters": [
          877984,
          879680,
          878656,
          878240,
          878912,
          877568,
          878144,
          876384,
          877152,
          876928,
          878432,
          879552,
          883744,
          878816,
          877760,
          878272,
          879104,
          878464,
          877376,
          878272,
          879648,
          879168,
          879328,
          878592,
          877568,
          879648,
          876832,
          877504,
          877728,
          878240
        ],
        "chunk_tokens": 96,
        "block_threads": 256,
        "staged_input_bytes": 206507060,
        "applicable": true
      },
      {
        "kernel": "onpair_dh_k3_t256_b8_h0",
        "role": "experimental",
        "stage_bytes": null,
        "chunk_size": 96,
        "decode_ms": 0.879136,
        "decode_gib_s": 1059.361100616854,
        "decode_ns_iters": [
          879552,
          880064,
          880512,
          880608,
          880800,
          880320,
          881184,
          879840,
          881344,
          882432,
          882592,
          880864,
          879680,
          881344,
          886624,
          880896,
          880928,
          879136,
          882880,
          879904,
          879616,
          881824,
          880096,
          880736,
          880704,
          882336,
          882176,
          882240,
          880576,
          881472
        ],
        "chunk_tokens": 96,
        "block_threads": 256,
        "staged_input_bytes": 206507060,
        "applicable": true
      },
      {
        "kernel": "onpair_dh_k3_t256_b8_h2",
        "role": "experimental",
        "stage_bytes": null,
        "chunk_size": 96,
        "decode_ms": 0.87664,
        "decode_gib_s": 1062.3773505109264,
        "decode_ns_iters": [
          878240,
          878560,
          890784,
          879424,
          878304,
          876768,
          876864,
          878336,
          877632,
          879200,
          878432,
          877184,
          878176,
          879040,
          877504,
          876768,
          877472,
          885568,
          878720,
          881504,
          879072,
          878400,
          878816,
          880160,
          880160,
          877600,
          876640,
          880096,
          877472,
          877376
        ],
        "chunk_tokens": 96,
        "block_threads": 256,
        "staged_input_bytes": 206507060,
        "applicable": true
      },
      {
        "kernel": "onpair_dh_k3_t256_b8_h3",
        "role": "experimental",
        "stage_bytes": null,
        "chunk_size": 96,
        "decode_ms": 0.876864,
        "decode_gib_s": 1062.105960048421,
        "decode_ns_iters": [
          880768,
          878080,
          878688,
          880032,
          878336,
          878720,
          877664,
          880896,
          881504,
          879392,
          877856,
          877984,
          877472,
          877280,
          878048,
          877856,
          877504,
          877952,
          876992,
          884000,
          877408,
          878112,
          877344,
          877216,
          877152,
          878336,
          876864,
          879072,
          880544,
          878016
        ],
        "chunk_tokens": 96,
        "block_threads": 256,
        "staged_input_bytes": 206507060,
        "applicable": true
      },
      {
        "kernel": "onpair_dh_k4_t64_b1_h2",
        "role": "experimental",
        "stage_bytes": null,
        "chunk_size": 128,
        "decode_ms": 0.87136,
        "decode_gib_s": 1068.8148188485798,
        "decode_ns_iters": [
          871360,
          873760,
          872768,
          873344,
          872896,
          873120,
          878848,
          871584,
          874208,
          873568,
          872320,
          873472,
          873344,
          873504,
          874016,
          871616,
          875552,
          872064,
          871712,
          874848,
          872736,
          873152,
          873088,
          873120,
          874368,
          873632,
          872224,
          872128,
          872160,
          872320
        ],
        "chunk_tokens": 128,
        "block_threads": 64,
        "staged_input_bytes": 204442660,
        "applicable": true
      },
      {
        "kernel": "onpair_dh_k4_t64_b1_h3",
        "role": "experimental",
        "stage_bytes": null,
        "chunk_size": 128,
        "decode_ms": 0.869888,
        "decode_gib_s": 1070.6234372147892,
        "decode_ns_iters": [
          871360,
          871936,
          871360,
          872128,
          874112,
          873408,
          870656,
          872224,
          874048,
          870336,
          872256,
          869888,
          870528,
          871040,
          870784,
          870720,
          871424,
          871296,
          870656,
          878720,
          872640,
          870208,
          871136,
          870720,
          871008,
          871552,
          870656,
          872032,
          870880,
          870528
        ],
        "chunk_tokens": 128,
        "block_threads": 64,
        "staged_input_bytes": 204442660,
        "applicable": true
      },
      {
        "kernel": "onpair_dh_k4_t64_b1_h4",
        "role": "experimental",
        "stage_bytes": null,
        "chunk_size": 128,
        "decode_ms": 0.870208,
        "decode_gib_s": 1070.2297388117536,
        "decode_ns_iters": [
          871584,
          871648,
          870752,
          870528,
          870464,
          871520,
          872224,
          871232,
          872896,
          872096,
          870208,
          870336,
          870720,
          871456,
          874304,
          871648,
          871360,
          870272,
          877536,
          871744,
          872608,
          872736,
          871264,
          871296,
          870400,
          872256,
          870592,
          870688,
          870464,
          871136
        ],
        "chunk_tokens": 128,
        "block_threads": 64,
        "staged_input_bytes": 204442660,
        "applicable": true
      },
      {
        "kernel": "onpair_dh_k4_t64_b2_h2",
        "role": "experimental",
        "stage_bytes": null,
        "chunk_size": 128,
        "decode_ms": 0.8712,
        "decode_gib_s": 1069.0111117446036,
        "decode_ns_iters": [
          873856,
          873696,
          872480,
          874496,
          879968,
          873984,
          873408,
          872320,
          876000,
          872928,
          873728,
          874048,
          873152,
          874784,
          871648,
          872256,
          872672,
          872928,
          872672,
          873056,
          871936,
          873184,
          874112,
          874528,
          871200,
          871936,
          872704,
          873792,
          873440,
          872672
        ],
        "chunk_tokens": 128,
        "block_threads": 64,
        "staged_input_bytes": 204442660,
        "applicable": true
      },
      {
        "kernel": "onpair_dh_k4_t64_b2_h3",
        "role": "experimental",
        "stage_bytes": null,
        "chunk_size": 128,
        "decode_ms": 0.86992,
        "decode_gib_s": 1070.5840543405122,
        "decode_ns_iters": [
          871584,
          871648,
          871520,
          869920,
          870368,
          871808,
          871040,
          871648,
          871616,
          870656,
          871072,
          870976,
          873312,
          871520,
          871392,
          872928,
          872608,
          879584,
          872000,
          873056,
          872992,
          873184,
          872928,
          872896,
          872480,
          871776,
          871424,
          873440,
          872064,
          872192
        ],
        "chunk_tokens": 128,
        "block_threads": 64,
        "staged_input_bytes": 204442660,
        "applicable": true
      },
      {
        "kernel": "onpair_dh_k4_t64_b2_h4",
        "role": "experimental",
        "stage_bytes": null,
        "chunk_size": 128,
        "decode_ms": 0.870208,
        "decode_gib_s": 1070.2297388117536,
        "decode_ns_iters": [
          872832,
          871200,
          871264,
          879456,
          870432,
          871392,
          871936,
          871808,
          871744,
          871680,
          871360,
          870688,
          870304,
          871392,
          870624,
          871296,
          870624,
          870976,
          870208,
          872704,
          870944,
          872736,
          875136,
          871392,
          871200,
          873184,
          871136,
          872032,
          871744,
          871360
        ],
        "chunk_tokens": 128,
        "block_threads": 64,
        "staged_input_bytes": 204442660,
        "applicable": true
      },
      {
        "kernel": "onpair_dh_k4_t64_b4_h2",
        "role": "experimental",
        "stage_bytes": null,
        "chunk_size": 128,
        "decode_ms": 0.871136,
        "decode_gib_s": 1069.0896490925625,
        "decode_ns_iters": [
          871648,
          871136,
          871904,
          872992,
          872160,
          872864,
          873856,
          873152,
          872448,
          873376,
          874048,
          873120,
          872416,
          871200,
          872256,
          872544,
          878176,
          872096,
          873792,
          873600,
          873824,
          872320,
          874144,
          871264,
          874240,
          873568,
          873600,
          872000,
          872704,
          871648
        ],
        "chunk_tokens": 128,
        "block_threads": 64,
        "staged_input_bytes": 204442660,
        "applicable": true
      },
      {
        "kernel": "onpair_dh_k4_t64_b4_h3",
        "role": "experimental",
        "stage_bytes": null,
        "chunk_size": 128,
        "decode_ms": 0.870016,
        "decode_gib_s": 1070.465923100148,
        "decode_ns_iters": [
          871232,
          872928,
          872192,
          872416,
          871104,
          871104,
          871936,
          871072,
          873792,
          871040,
          870016,
          870592,
          871680,
          871904,
          871680,
          873152,
          871072,
          870368,
          876960,
          870752,
          871552,
          871456,
          870656,
          871744,
          870656,
          870624,
          873600,
          872448,
          871104,
          870816
        ],
        "chunk_tokens": 128,
        "block_threads": 64,
        "staged_input_bytes": 204442660,
        "applicable": true
      },
      {
        "kernel": "onpair_dh_k4_t64_b4_h4",
        "role": "experimental",
        "stage_bytes": null,
        "chunk_size": 128,
        "decode_ms": 0.869472,
        "decode_gib_s": 1071.1356783794054,
        "decode_ns_iters": [
          871712,
          871840,
          871232,
          872384,
          870208,
          872928,
          873600,
          873472,
          871968,
          871936,
          869472,
          871808,
          870816,
          870592,
          871072,
          870912,
          871936,
          878880,
          877920,
          873472,
          872704,
          870304,
          871328,
          871392,
          870816,
          871008,
          870624,
          871776,
          873024,
          871264
        ],
        "chunk_tokens": 128,
        "block_threads": 64,
        "staged_input_bytes": 204442660,
        "applicable": true
      },
      {
        "kernel": "onpair_dh_k4_t64_b6_h2",
        "role": "experimental",
        "stage_bytes": null,
        "chunk_size": 128,
        "decode_ms": 0.870336,
        "decode_gib_s": 1070.0723405120534,
        "decode_ns_iters": [
          871840,
          872992,
          872192,
          879840,
          872192,
          873248,
          874080,
          870336,
          873312,
          872832,
          873152,
          870592,
          871680,
          873280,
          872672,
          871968,
          875104,
          878656,
          873056,
          872960,
          871712,
          871104,
          872928,
          872480,
          872384,
          871424,
          872768,
          872832,
          873312,
          871360
        ],
        "chunk_tokens": 128,
        "block_threads": 64,
        "staged_input_bytes": 204442660,
        "applicable": true
      },
      {
        "kernel": "onpair_dh_k4_t64_b6_h3",
        "role": "experimental",
        "stage_bytes": null,
        "chunk_size": 128,
        "decode_ms": 0.869792,
        "decode_gib_s": 1070.7416032245624,
        "decode_ns_iters": [
          873440,
          871520,
          872096,
          877984,
          873440,
          873888,
          871840,
          871712,
          871232,
          871680,
          871776,
          871584,
          871168,
          870752,
          869952,
          871264,
          871104,
          872512,
          870816,
          873216,
          872320,
          871392,
          871232,
          870528,
          872128,
          873472,
          872000,
          869792,
          871488,
          872704
        ],
        "chunk_tokens": 128,
        "block_threads": 64,
        "staged_input_bytes": 204442660,
        "applicable": true
      },
      {
        "kernel": "onpair_dh_k4_t64_b6_h4",
        "role": "experimental",
        "stage_bytes": null,
        "chunk_size": 128,
        "decode_ms": 0.869856,
        "decode_gib_s": 1070.6628229866765,
        "decode_ns_iters": [
          871232,
          870368,
          870976,
          872224,
          871552,
          872032,
          872640,
          871520,
          871360,
          871936,
          870208,
          872064,
          871968,
          870976,
          873184,
          871488,
          878272,
          872288,
          869856,
          870240,
          871264,
          872352,
          872288,
          871136,
          871968,
          870816,
          871040,
          871072,
          871872,
          872864
        ],
        "chunk_tokens": 128,
        "block_threads": 64,
        "staged_input_bytes": 204442660,
        "applicable": true
      },
      {
        "kernel": "onpair_dh_k4_t64_b8_h2",
        "role": "experimental",
        "stage_bytes": null,
        "chunk_size": 128,
        "decode_ms": 0.871168,
        "decode_gib_s": 1069.0503789761542,
        "decode_ns_iters": [
          873376,
          871744,
          880064,
          874048,
          871488,
          873600,
          873248,
          871168,
          872864,
          872544,
          873312,
          873088,
          873088,
          872832,
          871776,
          873696,
          873120,
          872832,
          873312,
          874304,
          872736,
          873248,
          871360,
          873344,
          871776,
          871584,
          872544,
          873408,
          872480,
          878080
        ],
        "chunk_tokens": 128,
        "block_threads": 64,
        "staged_input_bytes": 204442660,
        "applicable": true
      },
      {
        "kernel": "onpair_dh_k4_t64_b8_h3",
        "role": "experimental",
        "stage_bytes": null,
        "chunk_size": 128,
        "decode_ms": 0.869568,
        "decode_gib_s": 1071.017425378922,
        "decode_ns_iters": [
          871360,
          871008,
          872160,
          870464,
          871264,
          871712,
          871392,
          871456,
          872832,
          871168,
          871840,
          871520,
          874720,
          871296,
          872512,
          871200,
          872064,
          869568,
          872416,
          872448,
          871968,
          870048,
          870880,
          870528,
          870656,
          871168,
          870528,
          871392,
          870336,
          876320
        ],
        "chunk_tokens": 128,
        "block_threads": 64,
        "staged_input_bytes": 204442660,
        "applicable": true
      },
      {
        "kernel": "onpair_dh_k4_t64_b8_h4",
        "role": "experimental",
        "stage_bytes": null,
        "chunk_size": 128,
        "decode_ms": 0.869152,
        "decode_gib_s": 1071.530043711455,
        "decode_ns_iters": [
          874144,
          871808,
          871072,
          870112,
          869536,
          869152,
          871392,
          869344,
          871648,
          870720,
          870016,
          871168,
          871328,
          870880,
          870816,
          870240,
          871872,
          871808,
          872064,
          872704,
          871552,
          874112,
          874848,
          870720,
          870080,
          871712,
          872128,
          871712,
          876320,
          870528
        ],
        "chunk_tokens": 128,
        "block_threads": 64,
        "staged_input_bytes": 204442660,
        "applicable": true
      },
      {
        "kernel": "onpair_dh_k4_t128_b1_h2",
        "role": "experimental",
        "stage_bytes": null,
        "chunk_size": 128,
        "decode_ms": 0.871424,
        "decode_gib_s": 1068.7363218730475,
        "decode_ns_iters": [
          873440,
          874336,
          874464,
          875104,
          874720,
          872448,
          874656,
          875744,
          873280,
          878912,
          873152,
          872480,
          874432,
          874816,
          873184,
          874656,
          873152,
          872640,
          873312,
          871424,
          873056,
          873984,
          874016,
          876640,
          873344,
          873792,
          873504,
          875360,
          872960,
          874976
        ],
        "chunk_tokens": 128,
        "block_threads": 128,
        "staged_input_bytes": 204442660,
        "applicable": true
      },
      {
        "kernel": "onpair_dh_k4_t128_b1_h3",
        "role": "experimental",
        "stage_bytes": null,
        "chunk_size": 128,
        "decode_ms": 0.87104,
        "decode_gib_s": 1069.2074767541083,
        "decode_ns_iters": [
          873792,
          873888,
          872480,
          873152,
          873760,
          873408,
          871040,
          872736,
          873536,
          872544,
          872736,
          873760,
          874240,
          871424,
          873152,
          878464,
          874400,
          873152,
          874784,
          874656,
          875136,
          872704,
          873632,
          872544,
          874176,
          874368,
          873312,
          874048,
          873216,
          878112
        ],
        "chunk_tokens": 128,
        "block_threads": 128,
        "staged_input_bytes": 204442660,
        "applicable": true
      },
      {
        "kernel": "onpair_dh_k4_t128_b1_h4",
        "role": "experimental",
        "stage_bytes": null,
        "chunk_size": 128,
        "decode_ms": 0.871392,
        "decode_gib_s": 1068.7755689194971,
        "decode_ns_iters": [
          872960,
          871488,
          873280,
          872768,
          872832,
          872064,
          874496,
          874304,
          876032,
          874176,
          872704,
          872000,
          872640,
          871392,
          873216,
          873408,
          874752,
          871456,
          872608,
          872992,
          873920,
          872832,
          872864,
          876288,
          872960,
          873376,
          874176,
          873728,
          873536,
          873472
        ],
        "chunk_tokens": 128,
        "block_threads": 128,
        "staged_input_bytes": 204442660,
        "applicable": true
      },
      {
        "kernel": "onpair_dh_k4_t128_b2_h2",
        "role": "experimental",
        "stage_bytes": null,
        "chunk_size": 128,
        "decode_ms": 0.872,
        "decode_gib_s": 1068.0303676053882,
        "decode_ns_iters": [
          873696,
          873664,
          880576,
          873696,
          874304,
          873472,
          872992,
          873856,
          874240,
          873920,
          874016,
          873152,
          873888,
          872000,
          872960,
          873856,
          875104,
          874272,
          874080,
          875968,
          873472,
          873600,
          872544,
          872992,
          873696,
          873696,
          873856,
          874432,
          872000,
          873952
        ],
        "chunk_tokens": 128,
        "block_threads": 128,
        "staged_input_bytes": 204442660,
        "applicable": true
      },
      {
        "kernel": "onpair_dh_k4_t128_b2_h3",
        "role": "experimental",
        "stage_bytes": null,
        "chunk_size": 128,
        "decode_ms": 0.87168,
        "decode_gib_s": 1068.422449238136,
        "decode_ns_iters": [
          874016,
          874208,
          877856,
          872544,
          876128,
          872736,
          873280,
          874080,
          874944,
          874560,
          872064,
          873088,
          873760,
          871840,
          872160,
          872416,
          878944,
          873856,
          872896,
          872064,
          873024,
          873312,
          873216,
          872384,
          871680,
          873216,
          872960,
          873536,
          871840,
          873376
        ],
        "chunk_tokens": 128,
        "block_threads": 128,
        "staged_input_bytes": 204442660,
        "applicable": true
      },
      {
        "kernel": "onpair_dh_k4_t128_b2_h4",
        "role": "experimental",
        "stage_bytes": null,
        "chunk_size": 128,
        "decode_ms": 0.871456,
        "decode_gib_s": 1068.697077708913,
        "decode_ns_iters": [
          873280,
          872320,
          872928,
          873376,
          872128,
          873728,
          873344,
          871872,
          872320,
          873632,
          873984,
          873312,
          871456,
          872224,
          874336,
          872160,
          878976,
          874304,
          871872,
          872992,
          873664,
          872096,
          873024,
          874176,
          872064,
          872384,
          872192,
          873408,
          872640,
          874304
        ],
        "chunk_tokens": 128,
        "block_threads": 128,
        "staged_input_bytes": 204442660,
        "applicable": true
      },
      {
        "kernel": "onpair_dh_k4_t128_b4_h2",
        "role": "experimental",
        "stage_bytes": null,
        "chunk_size": 128,
        "decode_ms": 0.872288,
        "decode_gib_s": 1067.6777400948981,
        "decode_ns_iters": [
          873056,
          873632,
          881984,
          873184,
          875648,
          875360,
          875456,
          873024,
          874176,
          875136,
          875200,
          876384,
          874848,
          872928,
          872672,
          875424,
          880064,
          873056,
          874240,
          872288,
          875136,
          873824,
          874048,
          876320,
          873888,
          873376,
          873504,
          875008,
          872768,
          872832
        ],
        "chunk_tokens": 128,
        "block_threads": 128,
        "staged_input_bytes": 204442660,
        "applicable": true
      },
      {
        "kernel": "onpair_dh_k4_t128_b4_h3",
        "role": "experimental",
        "stage_bytes": null,
        "chunk_size": 128,
        "decode_ms": 0.87056,
        "decode_gib_s": 1069.797004861122,
        "decode_ns_iters": [
          874112,
          871904,
          872480,
          873312,
          871456,
          870560,
          871584,
          872032,
          873472,
          872288,
          872960,
          873472,
          873248,
          872736,
          871488,
          872416,
          879296,
          874176,
          873088,
          872896,
          873344,
          872608,
          873120,
          873120,
          872288,
          871392,
          872448,
          871456,
          872320,
          871680
        ],
        "chunk_tokens": 128,
        "block_threads": 128,
        "staged_input_bytes": 204442660,
        "applicable": true
      },
      {
        "kernel": "onpair_dh_k4_t128_b4_h4",
        "role": "experimental",
        "stage_bytes": null,
        "chunk_size": 128,
        "decode_ms": 0.871616,
        "decode_gib_s": 1068.5009001118594,
        "decode_ns_iters": [
          873952,
          874272,
          874176,
          873344,
          873888,
          874720,
          873728,
          873760,
          872928,
          875840,
          872576,
          873152,
          873504,
          873472,
          872256,
          874080,
          872160,
          873472,
          871904,
          873280,
          874080,
          871616,
          872416,
          872864,
          873728,
          871968,
          871712,
          872832,
          873440,
          872768
        ],
        "chunk_tokens": 128,
        "block_threads": 128,
        "staged_input_bytes": 204442660,
        "applicable": true
      },
      {
        "kernel": "onpair_dh_k4_t128_b6_h2",
        "role": "experimental",
        "stage_bytes": null,
        "chunk_size": 128,
        "decode_ms": 0.872448,
        "decode_gib_s": 1067.4819365187363,
        "decode_ns_iters": [
          872992,
          875488,
          872832,
          874944,
          874240,
          874880,
          873952,
          875488,
          875648,
          876800,
          872576,
          875168,
          873920,
          873536,
          875136,
          875200,
          875872,
          876704,
          873184,
          875840,
          875104,
          874592,
          874880,
          873856,
          873920,
          874624,
          872448,
          872864,
          873664,
          875744
        ],
        "chunk_tokens": 128,
        "block_threads": 128,
        "staged_input_bytes": 204442660,
        "applicable": true
      },
      {
        "kernel": "onpair_dh_k4_t128_b6_h3",
        "role": "experimental",
        "stage_bytes": null,
        "chunk_size": 128,
        "decode_ms": 0.871552,
        "decode_gib_s": 1068.5793625072267,
        "decode_ns_iters": [
          873152,
          872864,
          874080,
          880288,
          872576,
          874624,
          875136,
          873984,
          872288,
          875360,
          873472,
          874240,
          873184,
          874080,
          873920,
          871872,
          873408,
          879168,
          875360,
          872800,
          873248,
          874464,
          871552,
          873504,
          873824,
          873056,
          874688,
          875232,
          872960,
          873568
        ],
        "chunk_tokens": 128,
        "block_threads": 128,
        "staged_input_bytes": 204442660,
        "applicable": true
      },
      {
        "kernel": "onpair_dh_k4_t128_b6_h4",
        "role": "experimental",
        "stage_bytes": null,
        "chunk_size": 128,
        "decode_ms": 0.871296,
        "decode_gib_s": 1068.8933273559142,
        "decode_ns_iters": [
          873696,
          872608,
          873152,
          874528,
          872640,
          875104,
          873760,
          872992,
          873760,
          873888,
          873408,
          872896,
          874304,
          872992,
          873536,
          872032,
          872768,
          873856,
          871296,
          875360,
          873504,
          871744,
          872704,
          873536,
          873792,
          871904,
          873856,
          875232,
          873312,
          872736
        ],
        "chunk_tokens": 128,
        "block_threads": 128,
        "staged_input_bytes": 204442660,
        "applicable": true
      },
      {
        "kernel": "onpair_dh_k4_t128_b8_h2",
        "role": "experimental",
        "stage_bytes": null,
        "chunk_size": 128,
        "decode_ms": 0.872672,
        "decode_gib_s": 1067.2079321347521,
        "decode_ns_iters": [
          875008,
          875104,
          873920,
          874208,
          878752,
          874336,
          875424,
          874720,
          876288,
          874240,
          874816,
          872864,
          874336,
          874336,
          873216,
          872768,
          873568,
          872672,
          880160,
          874496,
          873760,
          873376,
          873856,
          875008,
          873376,
          873696,
          874720,
          873472,
          874592,
          873216
        ],
        "chunk_tokens": 128,
        "block_threads": 128,
        "staged_input_bytes": 204442660,
        "applicable": true
      },
      {
        "kernel": "onpair_dh_k4_t128_b8_h3",
        "role": "experimental",
        "stage_bytes": null,
        "chunk_size": 128,
        "decode_ms": 0.871488,
        "decode_gib_s": 1068.6578364267764,
        "decode_ns_iters": [
          875040,
          873248,
          872736,
          874208,
          875296,
          871488,
          873312,
          875072,
          872704,
          873664,
          873792,
          873600,
          874144,
          873344,
          873312,
          874208,
          873088,
          874432,
          874400,
          875584,
          875392,
          874208,
          872896,
          874176,
          873824,
          874784,
          874400,
          874496,
          874752,
          873248
        ],
        "chunk_tokens": 128,
        "block_threads": 128,
        "staged_input_bytes": 204442660,
        "applicable": true
      },
      {
        "kernel": "onpair_dh_k4_t128_b8_h4",
        "role": "experimental",
        "stage_bytes": null,
        "chunk_size": 128,
        "decode_ms": 0.871648,
        "decode_gib_s": 1068.461673234951,
        "decode_ns_iters": [
          872480,
          874560,
          872256,
          872992,
          872992,
          882528,
          872832,
          873376,
          874272,
          873696,
          872992,
          873120,
          873728,
          875232,
          873632,
          874272,
          873088,
          874560,
          872512,
          880352,
          873696,
          875328,
          872544,
          873216,
          873632,
          874528,
          874016,
          875744,
          871648,
          873088
        ],
        "chunk_tokens": 128,
        "block_threads": 128,
        "staged_input_bytes": 204442660,
        "applicable": true
      },
      {
        "kernel": "onpair_dh_k4_t256_b1_h0",
        "role": "experimental",
        "stage_bytes": null,
        "chunk_size": 128,
        "decode_ms": 0.87152,
        "decode_gib_s": 1068.6185980263201,
        "decode_ns_iters": [
          873824,
          874112,
          873536,
          875008,
          873856,
          879200,
          875360,
          874592,
          874528,
          874208,
          874688,
          874848,
          873728,
          873280,
          876704,
          872768,
          875616,
          874848,
          871520,
          878912,
          873088,
          874176,
          874720,
          873536,
          873088,
          874144,
          874400,
          872608,
          874592,
          874624
        ],
        "chunk_tokens": 128,
        "block_threads": 256,
        "staged_input_bytes": 204442660,
        "applicable": true
      },
      {
        "kernel": "onpair_dh_k4_t256_b1_h2",
        "role": "experimental",
        "stage_bytes": null,
        "chunk_size": 128,
        "decode_ms": 0.872384,
        "decode_gib_s": 1067.5602493304536,
        "decode_ns_iters": [
          875136,
          874848,
          873568,
          875904,
          876160,
          876128,
          882624,
          873280,
          875744,
          876256,
          874176,
          875872,
          875456,
          873248,
          874080,
          873824,
          875584,
          875296,
          873952,
          875168,
          880768,
          873280,
          874560,
          875968,
          874176,
          874464,
          873120,
          875712,
          876096,
          872384
        ],
        "chunk_tokens": 128,
        "block_threads": 256,
        "staged_input_bytes": 204442660,
        "applicable": true
      },
      {
        "kernel": "onpair_dh_k4_t256_b1_h3",
        "role": "experimental",
        "stage_bytes": null,
        "chunk_size": 128,
        "decode_ms": 0.872384,
        "decode_gib_s": 1067.5602493304536,
        "decode_ns_iters": [
          876032,
          874368,
          873408,
          873888,
          875808,
          874624,
          873856,
          880544,
          873952,
          874112,
          874336,
          872832,
          873472,
          874848,
          874016,
          872384,
          875264,
          873664,
          872832,
          875552,
          877856,
          880800,
          876640,
          874400,
          874080,
          873280,
          873152,
          872992,
          875456,
          873600
        ],
        "chunk_tokens": 128,
        "block_threads": 256,
        "staged_input_bytes": 204442660,
        "applicable": true
      },
      {
        "kernel": "onpair_dh_k4_t256_b1_h4",
        "role": "experimental",
        "stage_bytes": null,
        "chunk_size": 128,
        "decode_ms": 0.871936,
        "decode_gib_s": 1068.1087609089411,
        "decode_ns_iters": [
          876448,
          878816,
          876320,
          877248,
          874688,
          874720,
          875264,
          873952,
          882816,
          872896,
          874528,
          874176,
          872768,
          872448,
          873440,
          873120,
          874176,
          875552,
          876032,
          873632,
          873120,
          871936,
          878048,
          873888,
          873472,
          873888,
          875264,
          874400,
          872960,
          876032
        ],
        "chunk_tokens": 128,
        "block_threads": 256,
        "staged_input_bytes": 204442660,
        "applicable": true
      },
      {
        "kernel": "onpair_dh_k4_t256_b2_h2",
        "role": "experimental",
        "stage_bytes": null,
        "chunk_size": 128,
        "decode_ms": 0.873184,
        "decode_gib_s": 1066.5821642997334,
        "decode_ns_iters": [
          875072,
          873376,
          873600,
          875936,
          873184,
          874464,
          873856,
          873376,
          874432,
          874752,
          874688,
          873504,
          873504,
          874272,
          875552,
          874208,
          875936,
          874656,
          874048,
          876448,
          876032,
          875200,
          874112,
          875712,
          875904,
          875776,
          873728,
          873600,
          875840,
          876512
        ],
        "chunk_tokens": 128,
        "block_threads": 256,
        "staged_input_bytes": 204442660,
        "applicable": true
      },
      {
        "kernel": "onpair_dh_k4_t256_b2_h3",
        "role": "experimental",
        "stage_bytes": null,
        "chunk_size": 128,
        "decode_ms": 0.871808,
        "decode_gib_s": 1068.2655820454715,
        "decode_ns_iters": [
          873760,
          874880,
          874272,
          874272,
          873920,
          876320,
          875072,
          874944,
          874624,
          873216,
          873440,
          875616,
          874144,
          873664,
          875104,
          873120,
          872896,
          873952,
          871808,
          873920,
          875008,
          874656,
          872512,
          873088,
          873984,
          873536,
          875520,
          873888,
          873184,
          874432
        ],
        "chunk_tokens": 128,
        "block_threads": 256,
        "staged_input_bytes": 204442660,
        "applicable": true
      },
      {
        "kernel": "onpair_dh_k4_t256_b2_h4",
        "role": "experimental",
        "stage_bytes": null,
        "chunk_size": 128,
        "decode_ms": 0.872544,
        "decode_gib_s": 1067.3644888417073,
        "decode_ns_iters": [
          875040,
          873408,
          875712,
          874272,
          873952,
          873184,
          872640,
          872992,
          872704,
          873120,
          878752,
          873440,
          874048,
          874624,
          873408,
          873856,
          875232,
          874080,
          874656,
          875008,
          873760,
          875712,
          872704,
          872896,
          881696,
          874176,
          872544,
          875168,
          872864,
          872832
        ],
        "chunk_tokens": 128,
        "block_threads": 256,
        "staged_input_bytes": 204442660,
        "applicable": true
      },
      {
        "kernel": "onpair_dh_k4_t256_b4_h0",
        "role": "experimental",
        "stage_bytes": null,
        "chunk_size": 128,
        "decode_ms": 0.872096,
        "decode_gib_s": 1067.9127992238223,
        "decode_ns_iters": [
          874624,
          874144,
          874752,
          875168,
          874368,
          874400,
          872832,
          874976,
          876096,
          875712,
          873888,
          873728,
          872096,
          874464,
          872640,
          874944,
          872448,
          872448,
          873024,
          875200,
          874560,
          874624,
          874880,
          872416,
          876128,
          874048,
          876320,
          874944,
          874496,
          876160
        ],
        "chunk_tokens": 128,
        "block_threads": 256,
        "staged_input_bytes": 204442660,
        "applicable": true
      },
      {
        "kernel": "onpair_dh_k4_t256_b4_h2",
        "role": "experimental",
        "stage_bytes": null,
        "chunk_size": 128,
        "decode_ms": 0.871872,
        "decode_gib_s": 1068.1871657214574,
        "decode_ns_iters": [
          873504,
          873248,
          876160,
          875168,
          875328,
          874272,
          873920,
          874112,
          875488,
          872672,
          877088,
          875200,
          876288,
          873568,
          874720,
          874176,
          875232,
          875488,
          874720,
          875104,
          875104,
          873280,
          874368,
          874176,
          872448,
          878240,
          871872,
          874368,
          872736,
          873984
        ],
        "chunk_tokens": 128,
        "block_threads": 256,
        "staged_input_bytes": 204442660,
        "applicable": true
      },
      {
        "kernel": "onpair_dh_k4_t256_b4_h3",
        "role": "experimental",
        "stage_bytes": null,
        "chunk_size": 128,
        "decode_ms": 0.872224,
        "decode_gib_s": 1067.7560816394625,
        "decode_ns_iters": [
          872928,
          875360,
          872864,
          873632,
          873760,
          873056,
          873632,
          873088,
          875488,
          872224,
          876224,
          875104,
          872864,
          873664,
          874336,
          874240,
          874208,
          872992,
          873632,
          874048,
          873344,
          873408,
          873472,
          873024,
          873280,
          873184,
          875072,
          875168,
          874368,
          874880
        ],
        "chunk_tokens": 128,
        "block_threads": 256,
        "staged_input_bytes": 204442660,
        "applicable": true
      },
      {
        "kernel": "onpair_dh_k4_t256_b4_h4",
        "role": "experimental",
        "stage_bytes": null,
        "chunk_size": 128,
        "decode_ms": 0.871936,
        "decode_gib_s": 1068.1087609089411,
        "decode_ns_iters": [
          871936,
          872416,
          874240,
          873888,
          873408,
          873952,
          875424,
          874016,
          874880,
          872832,
          876128,
          874112,
          874240,
          873536,
          872832,
          875424,
          876480,
          872960,
          874112,
          872768,
          873216,
          873472,
          872832,
          872928,
          874336,
          873472,
          872224,
          873344,
          874016,
          874656
        ],
        "chunk_tokens": 128,
        "block_threads": 256,
        "staged_input_bytes": 204442660,
        "applicable": true
      },
      {
        "kernel": "onpair_dh_k4_t256_b6_h2",
        "role": "experimental",
        "stage_bytes": null,
        "chunk_size": 128,
        "decode_ms": 0.873504,
        "decode_gib_s": 1066.1914319246375,
        "decode_ns_iters": [
          876480,
          873760,
          875168,
          876320,
          876832,
          876352,
          875520,
          876736,
          877440,
          874848,
          874496,
          874304,
          875072,
          873504,
          875520,
          874592,
          875424,
          875168,
          874464,
          877376,
          874912,
          874400,
          876160,
          874944,
          875040,
          874272,
          874752,
          874016,
          875616,
          873760
        ],
        "chunk_tokens": 128,
        "block_threads": 256,
        "staged_input_bytes": 204442660,
        "applicable": true
      },
      {
        "kernel": "onpair_dh_k4_t256_b6_h3",
        "role": "experimental",
        "stage_bytes": null,
        "chunk_size": 128,
        "decode_ms": 0.874752,
        "decode_gib_s": 1064.6703071863778,
        "decode_ns_iters": [
          876064,
          875584,
          875264,
          876000,
          874752,
          875232,
          874816,
          876384,
          875264,
          876480,
          876992,
          876832,
          875392,
          876736,
          875360,
          879648,
          878016,
          875072,
          876896,
          876320,
          875904,
          875712,
          875584,
          877472,
          876096,
          876064,
          877088,
          875168,
          876448,
          875872
        ],
        "chunk_tokens": 128,
        "block_threads": 256,
        "staged_input_bytes": 204442660,
        "applicable": true
      },
      {
        "kernel": "onpair_dh_k4_t256_b6_h4",
        "role": "experimental",
        "stage_bytes": null,
        "chunk_size": 128,
        "decode_ms": 0.878528,
        "decode_gib_s": 1060.094249189438,
        "decode_ns_iters": [
          881056,
          879456,
          879616,
          879392,
          882016,
          881856,
          881152,
          880480,
          881952,
          880096,
          880640,
          881184,
          881632,
          880032,
          879040,
          879584,
          881504,
          880224,
          885856,
          880256,
          881504,
          879424,
          879680,
          878528,
          881792,
          879904,
          882848,
          880032,
          881088,
          880352
        ],
        "chunk_tokens": 128,
        "block_threads": 256,
        "staged_input_bytes": 204442660,
        "applicable": true
      },
      {
        "kernel": "onpair_dh_k4_t256_b8_h0",
        "role": "experimental",
        "stage_bytes": null,
        "chunk_size": 128,
        "decode_ms": 0.872192,
        "decode_gib_s": 1067.795256723174,
        "decode_ns_iters": [
          875808,
          875136,
          874752,
          873792,
          876032,
          874400,
          875072,
          875008,
          876512,
          876000,
          874976,
          874944,
          872192,
          874272,
          876256,
          875936,
          875168,
          875296,
          877024,
          875040,
          882592,
          873344,
          874368,
          876160,
          874880,
          875136,
          875936,
          875552,
          876320,
          874912
        ],
        "chunk_tokens": 128,
        "block_threads": 256,
        "staged_input_bytes": 204442660,
        "applicable": true
      },
      {
        "kernel": "onpair_dh_k4_t256_b8_h2",
        "role": "experimental",
        "stage_bytes": null,
        "chunk_size": 128,
        "decode_ms": 0.872096,
        "decode_gib_s": 1067.9127992238223,
        "decode_ns_iters": [
          873824,
          875552,
          875008,
          875552,
          874240,
          872096,
          874464,
          879904,
          878208,
          874112,
          872832,
          874112,
          875648,
          873696,
          874720,
          874240,
          873408,
          873792,
          875456,
          873536,
          874112,
          878880,
          872576,
          874528,
          874112,
          876096,
          874816,
          873504,
          875104,
          875584
        ],
        "chunk_tokens": 128,
        "block_threads": 256,
        "staged_input_bytes": 204442660,
        "applicable": true
      },
      {
        "kernel": "onpair_dh_k4_t256_b8_h3",
        "role": "experimental",
        "stage_bytes": null,
        "chunk_size": 128,
        "decode_ms": 0.87344,
        "decode_gib_s": 1066.2695554953957,
        "decode_ns_iters": [
          875552,
          875168,
          876224,
          875872,
          874368,
          874368,
          876832,
          874912,
          881888,
          875712,
          876768,
          876736,
          873440,
          877632,
          876832,
          876064,
          876000,
          875360,
          878208,
          876384,
          874944,
          876736,
          875008,
          876736,
          876192,
          875584,
          874624,
          876384,
          873920,
          875424
        ],
        "chunk_tokens": 128,
        "block_threads": 256,
        "staged_input_bytes": 204442660,
        "applicable": true
      },
      {
        "kernel": "onpair_dh_k4_t256_b8_h4",
        "role": "experimental",
        "stage_bytes": null,
        "chunk_size": 128,
        "decode_ms": 0.875808,
        "decode_gib_s": 1063.3865876446646,
        "decode_ns_iters": [
          878912,
          876320,
          876384,
          877088,
          876288,
          879584,
          877024,
          878624,
          877280,
          879776,
          879840,
          880736,
          879968,
          877856,
          875904,
          878720,
          878656,
          876288,
          878976,
          878048,
          877312,
          876352,
          877792,
          875808,
          879936,
          876672,
          878752,
          877952,
          880096,
          878144
        ],
        "chunk_tokens": 128,
        "block_threads": 256,
        "staged_input_bytes": 204442660,
        "applicable": true
      },
      {
        "kernel": "onpair_dh_k5_t64_b1_h2",
        "role": "experimental",
        "stage_bytes": null,
        "chunk_size": 160,
        "decode_ms": 0.87088,
        "decode_gib_s": 1069.403913916841,
        "decode_ns_iters": [
          873600,
          872160,
          871552,
          872768,
          871840,
          871968,
          870880,
          871936,
          872640,
          871168,
          873600,
          871968,
          871456,
          871200,
          871872,
          872256,
          872352,
          872480,
          874784,
          874016,
          873984,
          873440,
          871008,
          872448,
          872736,
          871968,
          877312,
          872256,
          871904,
          872032
        ],
        "chunk_tokens": 160,
        "block_threads": 64,
        "staged_input_bytes": 203204028,
        "applicable": true
      },
      {
        "kernel": "onpair_dh_k5_t64_b1_h3",
        "role": "experimental",
        "stage_bytes": null,
        "chunk_size": 160,
        "decode_ms": 0.868704,
        "decode_gib_s": 1072.0826432845922,
        "decode_ns_iters": [
          870880,
          871744,
          869344,
          871840,
          872960,
          870208,
          871872,
          873024,
          871296,
          873376,
          871232,
          870496,
          871648,
          871968,
          870752,
          871104,
          869920,
          871872,
          871840,
          871488,
          871104,
          868960,
          870464,
          870912,
          871232,
          868704,
          875872,
          871904,
          872896,
          873280
        ],
        "chunk_tokens": 160,
        "block_threads": 64,
        "staged_input_bytes": 203204028,
        "applicable": true
      },
      {
        "kernel": "onpair_dh_k5_t64_b1_h4",
        "role": "experimental",
        "stage_bytes": null,
        "chunk_size": 160,
        "decode_ms": 0.868,
        "decode_gib_s": 1072.9521665344453,
        "decode_ns_iters": [
          871040,
          869824,
          871136,
          869952,
          869344,
          870880,
          872512,
          869952,
          871392,
          870016,
          871392,
          872384,
          871360,
          877280,
          870528,
          872064,
          871520,
          871872,
          874592,
          870624,
          869984,
          872640,
          872768,
          870144,
          871808,
          871584,
          870944,
          868000,
          873152,
          871840
        ],
        "chunk_tokens": 160,
        "block_threads": 64,
        "staged_input_bytes": 203204028,
        "applicable": true
      },
      {
        "kernel": "onpair_dh_k5_t64_b2_h2",
        "role": "experimental",
        "stage_bytes": null,
        "chunk_size": 160,
        "decode_ms": 0.869696,
        "decode_gib_s": 1070.859795321467,
        "decode_ns_iters": [
          872800,
          872320,
          871872,
          873248,
          873344,
          873344,
          872384,
          871264,
          871136,
          872544,
          873120,
          871424,
          870080,
          878752,
          871968,
          871008,
          870336,
          871072,
          869696,
          870272,
          870752,
          870080,
          870560,
          871008,
          871104,
          870688,
          870400,
          871680,
          872096,
          872992
        ],
        "chunk_tokens": 160,
        "block_threads": 64,
        "staged_input_bytes": 203204028,
        "applicable": true
      },
      {
        "kernel": "onpair_dh_k5_t64_b2_h3",
        "role": "experimental",
        "stage_bytes": null,
        "chunk_size": 160,
        "decode_ms": 0.868416,
        "decode_gib_s": 1072.4381869425465,
        "decode_ns_iters": [
          870112,
          870016,
          871360,
          870528,
          871008,
          869536,
          869696,
          869344,
          871552,
          869824,
          870784,
          871072,
          870176,
          869888,
          869856,
          872864,
          871328,
          872128,
          870592,
          870560,
          870048,
          870560,
          871520,
          872160,
          871424,
          869088,
          875680,
          872160,
          868416,
          869440
        ],
        "chunk_tokens": 160,
        "block_threads": 64,
        "staged_input_bytes": 203204028,
        "applicable": true
      },
      {
        "kernel": "onpair_dh_k5_t64_b2_h4",
        "role": "experimental",
        "stage_bytes": null,
        "chunk_size": 160,
        "decode_ms": 0.868704,
        "decode_gib_s": 1072.0826432845922,
        "decode_ns_iters": [
          870944,
          870016,
          871232,
          869888,
          872608,
          869568,
          870336,
          871648,
          869216,
          870304,
          871616,
          868800,
          876000,
          870496,
          871360,
          868896,
          870944,
          870912,
          869792,
          869216,
          869984,
          868704,
          868928,
          869056,
          870688,
          872480,
          873152,
          870688,
          871904,
          871008
        ],
        "chunk_tokens": 160,
        "block_threads": 64,
        "staged_input_bytes": 203204028,
        "applicable": true
      },
      {
        "kernel": "onpair_dh_k5_t64_b4_h2",
        "role": "experimental",
        "stage_bytes": null,
        "chunk_size": 160,
        "decode_ms": 0.869952,
        "decode_gib_s": 1070.5446743635264,
        "decode_ns_iters": [
          872448,
          871936,
          871488,
          870752,
          870336,
          871232,
          871104,
          871264,
          871584,
          871136,
          871392,
          871552,
          877152,
          872544,
          873568,
          872544,
          871712,
          870912,
          873408,
          870400,
          873248,
          871232,
          872864,
          872096,
          870656,
          869952,
          872448,
          872480,
          870784,
          870528
        ],
        "chunk_tokens": 160,
        "block_threads": 64,
        "staged_input_bytes": 203204028,
        "applicable": true
      },
      {
        "kernel": "onpair_dh_k5_t64_b4_h3",
        "role": "experimental",
        "stage_bytes": null,
        "chunk_size": 160,
        "decode_ms": 0.869408,
        "decode_gib_s": 1071.2145282213858,
        "decode_ns_iters": [
          872128,
          873120,
          871392,
          871744,
          872192,
          871616,
          871296,
          873344,
          870496,
          869408,
          871456,
          871072,
          874816,
          872608,
          870112,
          871104,
          870720,
          870272,
          871264,
          870592,
          870784,
          871424,
          871232,
          870880,
          871488,
          870656,
          872960,
          871232,
          870496,
          870720
        ],
        "chunk_tokens": 160,
        "block_threads": 64,
        "staged_input_bytes": 203204028,
        "applicable": true
      },
      {
        "kernel": "onpair_dh_k5_t64_b4_h4",
        "role": "experimental",
        "stage_bytes": null,
        "chunk_size": 160,
        "decode_ms": 0.869472,
        "decode_gib_s": 1071.1356783794054,
        "decode_ns_iters": [
          871808,
          871424,
          870592,
          871520,
          871776,
          870624,
          870400,
          871008,
          871936,
          870368,
          872672,
          873568,
          870944,
          869696,
          871072,
          871296,
          871232,
          870560,
          870176,
          871168,
          871584,
          870976,
          870240,
          870144,
          871904,
          874464,
          869472,
          870528,
          870784,
          869536
        ],
        "chunk_tokens": 160,
        "block_threads": 64,
        "staged_input_bytes": 203204028,
        "applicable": true
      },
      {
        "kernel": "onpair_dh_k5_t64_b6_h2",
        "role": "experimental",
        "stage_bytes": null,
        "chunk_size": 160,
        "decode_ms": 0.870048,
        "decode_gib_s": 1070.4265518131167,
        "decode_ns_iters": [
          871232,
          871296,
          871200,
          870048,
          873472,
          873184,
          871904,
          872832,
          871264,
          870432,
          870496,
          871712,
          870624,
          872416,
          870432,
          870560,
          870912,
          871712,
          870944,
          870464,
          875232,
          870656,
          870304,
          870848,
          872000,
          875392,
          872672,
          870400,
          872736,
          871968
        ],
        "chunk_tokens": 160,
        "block_threads": 64,
        "staged_input_bytes": 203204028,
        "applicable": true
      },
      {
        "kernel": "onpair_dh_k5_t64_b6_h3",
        "role": "experimental",
        "stage_bytes": null,
        "chunk_size": 160,
        "decode_ms": 0.868896,
        "decode_gib_s": 1071.8457451201277,
        "decode_ns_iters": [
          869856,
          871744,
          871296,
          870048,
          870784,
          870720,
          871040,
          869440,
          872992,
          871008,
          871968,
          878976,
          871040,
          870336,
          869184,
          871456,
          870656,
          873408,
          873344,
          868896,
          869728,
          871424,
          870880,
          871040,
          870656,
          870016,
          872320,
          871296,
          872096,
          873056
        ],
        "chunk_tokens": 160,
        "block_threads": 64,
        "staged_input_bytes": 203204028,
        "applicable": true
      },
      {
        "kernel": "onpair_dh_k5_t64_b6_h4",
        "role": "experimental",
        "stage_bytes": null,
        "chunk_size": 160,
        "decode_ms": 0.869504,
        "decode_gib_s": 1071.0962578112333,
        "decode_ns_iters": [
          872320,
          871584,
          871488,
          871072,
          872224,
          872448,
          871424,
          872864,
          870560,
          870016,
          872352,
          876928,
          871776,
          869664,
          870880,
          870304,
          871136,
          869504,
          869888,
          870368,
          871712,
          871488,
          870752,
          870912,
          870464,
          870304,
          872992,
          870848,
          871616,
          871904
        ],
        "chunk_tokens": 160,
        "block_threads": 64,
        "staged_input_bytes": 203204028,
        "applicable": true
      },
      {
        "kernel": "onpair_dh_k5_t64_b8_h2",
        "role": "experimental",
        "stage_bytes": null,
        "chunk_size": 160,
        "decode_ms": 0.870464,
        "decode_gib_s": 1069.914988502567,
        "decode_ns_iters": [
          871936,
          871616,
          871520,
          872960,
          871168,
          873216,
          873472,
          870944,
          873056,
          872704,
          871296,
          876992,
          870592,
          871552,
          871552,
          871488,
          871072,
          872256,
          872832,
          871712,
          871168,
          872608,
          871776,
          871712,
          870464,
          872864,
          871776,
          872832,
          872672,
          872768
        ],
        "chunk_tokens": 160,
        "block_threads": 64,
        "staged_input_bytes": 203204028,
        "applicable": true
      },
      {
        "kernel": "onpair_dh_k5_t64_b8_h3",
        "role": "experimental",
        "stage_bytes": null,
        "chunk_size": 160,
        "decode_ms": 0.868288,
        "decode_gib_s": 1072.5962820537638,
        "decode_ns_iters": [
          870176,
          870112,
          870176,
          870496,
          872096,
          870496,
          869824,
          871680,
          871584,
          871232,
          870016,
          868992,
          870528,
          871808,
          871008,
          873440,
          869184,
          870560,
          868288,
          869920,
          870592,
          869856,
          870560,
          870880,
          876384,
          871296,
          870336,
          869792,
          872128,
          869952
        ],
        "chunk_tokens": 160,
        "block_threads": 64,
        "staged_input_bytes": 203204028,
        "applicable": true
      },
      {
        "kernel": "onpair_dh_k5_t64_b8_h4",
        "role": "experimental",
        "stage_bytes": null,
        "chunk_size": 160,
        "decode_ms": 0.868512,
        "decode_gib_s": 1072.3196461901487,
        "decode_ns_iters": [
          872480,
          870752,
          869920,
          871264,
          871936,
          871424,
          870976,
          870816,
          870272,
          870912,
          870688,
          870240,
          871584,
          870464,
          870944,
          873504,
          871808,
          872288,
          870048,
          868512,
          870400,
          869984,
          870816,
          871136,
          872480,
          869952,
          870400,
          870112,
          870432,
          871104
        ],
        "chunk_tokens": 160,
        "block_threads": 64,
        "staged_input_bytes": 203204028,
        "applicable": true
      },
      {
        "kernel": "onpair_dh_k5_t128_b1_h2",
        "role": "experimental",
        "stage_bytes": null,
        "chunk_size": 160,
        "decode_ms": 0.87056,
        "decode_gib_s": 1069.797004861122,
        "decode_ns_iters": [
          871648,
          872736,
          871616,
          871808,
          872992,
          872928,
          871872,
          873408,
          871968,
          872096,
          877856,
          871872,
          872032,
          874304,
          873184,
          872896,
          871360,
          872192,
          872096,
          870752,
          870624,
          870688,
          870784,
          870624,
          871072,
          870560,
          871328,
          871168,
          872704,
          871648
        ],
        "chunk_tokens": 160,
        "block_threads": 128,
        "staged_input_bytes": 203204028,
        "applicable": true
      },
      {
        "kernel": "onpair_dh_k5_t128_b1_h3",
        "role": "experimental",
        "stage_bytes": null,
        "chunk_size": 160,
        "decode_ms": 0.869056,
        "decode_gib_s": 1071.648409943546,
        "decode_ns_iters": [
          871840,
          873888,
          871552,
          871744,
          871488,
          869376,
          870592,
          870496,
          871104,
          871232,
          870176,
          871296,
          871328,
          871840,
          870400,
          872000,
          871424,
          869632,
          872160,
          870368,
          870976,
          869056,
          872512,
          876960,
          870240,
          870368,
          870464,
          871584,
          869440,
          873088
        ],
        "chunk_tokens": 160,
        "block_threads": 128,
        "staged_input_bytes": 203204028,
        "applicable": true
      },
      {
        "kernel": "onpair_dh_k5_t128_b1_h4",
        "role": "experimental",
        "stage_bytes": null,
        "chunk_size": 160,
        "decode_ms": 0.868768,
        "decode_gib_s": 1072.003665595301,
        "decode_ns_iters": [
          872128,
          869408,
          871008,
          870304,
          871808,
          869920,
          870176,
          873216,
          872512,
          869696,
          869568,
          871136,
          871872,
          869312,
          871392,
          872096,
          871680,
          870496,
          870592,
          872512,
          870016,
          870112,
          869536,
          874944,
          868768,
          871456,
          872672,
          871680,
          871168,
          873664
        ],
        "chunk_tokens": 160,
        "block_threads": 128,
        "staged_input_bytes": 203204028,
        "applicable": true
      },
      {
        "kernel": "onpair_dh_k5_t128_b2_h2",
        "role": "experimental",
        "stage_bytes": null,
        "chunk_size": 160,
        "decode_ms": 0.870048,
        "decode_gib_s": 1070.4265518131167,
        "decode_ns_iters": [
          873280,
          873024,
          871712,
          874080,
          873728,
          873440,
          871712,
          871584,
          873280,
          877760,
          873408,
          872032,
          870080,
          872288,
          872832,
          872128,
          873536,
          870816,
          873632,
          872608,
          873440,
          870592,
          871776,
          879136,
          872224,
          872064,
          871104,
          870048,
          871392,
          872960
        ],
        "chunk_tokens": 160,
        "block_threads": 128,
        "staged_input_bytes": 203204028,
        "applicable": true
      },
      {
        "kernel": "onpair_dh_k5_t128_b2_h3",
        "role": "experimental",
        "stage_bytes": null,
        "chunk_size": 160,
        "decode_ms": 0.868992,
        "decode_gib_s": 1071.7273352941093,
        "decode_ns_iters": [
          871776,
          871296,
          870816,
          871072,
          871520,
          870400,
          870528,
          873344,
          871712,
          869568,
          871200,
          870208,
          870944,
          871008,
          870912,
          871616,
          870816,
          872416,
          871392,
          870400,
          873088,
          869504,
          868992,
          871104,
          872032,
          870688,
          871680,
          872512,
          872000,
          875200
        ],
        "chunk_tokens": 160,
        "block_threads": 128,
        "staged_input_bytes": 203204028,
        "applicable": true
      },
      {
        "kernel": "onpair_dh_k5_t128_b2_h4",
        "role": "experimental",
        "stage_bytes": null,
        "chunk_size": 160,
        "decode_ms": 0.869088,
        "decode_gib_s": 1071.6089516273364,
        "decode_ns_iters": [
          870656,
          869792,
          871104,
          870240,
          870240,
          869536,
          871424,
          870944,
          871840,
          870976,
          869088,
          872064,
          873248,
          869568,
          871456,
          872512,
          871488,
          872352,
          873664,
          873728,
          870880,
          870304,
          870976,
          876832,
          872320,
          869600,
          872000,
          869856,
          870976,
          870720
        ],
        "chunk_tokens": 160,
        "block_threads": 128,
        "staged_input_bytes": 203204028,
        "applicable": true
      },
      {
        "kernel": "onpair_dh_k5_t128_b4_h2",
        "role": "experimental",
        "stage_bytes": null,
        "chunk_size": 160,
        "decode_ms": 0.8696,
        "decode_gib_s": 1070.9780135141427,
        "decode_ns_iters": [
          872064,
          872160,
          871584,
          871360,
          875456,
          872704,
          872992,
          873056,
          872896,
          880352,
          869600,
          870400,
          872096,
          872864,
          872224,
          872704,
          872640,
          870880,
          869632,
          870784,
          873248,
          872576,
          871648,
          878592,
          870720,
          871328,
          874208,
          874560,
          874912,
          873248
        ],
        "chunk_tokens": 160,
        "block_threads": 128,
        "staged_input_bytes": 203204028,
        "applicable": true
      },
      {
        "kernel": "onpair_dh_k5_t128_b4_h3",
        "role": "experimental",
        "stage_bytes": null,
        "chunk_size": 160,
        "decode_ms": 0.869312,
        "decode_gib_s": 1071.3328247532513,
        "decode_ns_iters": [
          871488,
          871552,
          870880,
          869696,
          871136,
          872384,
          870592,
          870304,
          869888,
          871168,
          870752,
          872384,
          871648,
          871072,
          870816,
          874208,
          872768,
          870848,
          872160,
          871200,
          869312,
          870784,
          869888,
          876704,
          869824,
          870016,
          870304,
          870176,
          870400,
          870976
        ],
        "chunk_tokens": 160,
        "block_threads": 128,
        "staged_input_bytes": 203204028,
        "applicable": true
      },
      {
        "kernel": "onpair_dh_k5_t128_b4_h4",
        "role": "experimental",
        "stage_bytes": null,
        "chunk_size": 160,
        "decode_ms": 0.868768,
        "decode_gib_s": 1072.003665595301,
        "decode_ns_iters": [
          872384,
          871520,
          870368,
          873568,
          871392,
          872320,
          868768,
          872640,
          869472,
          876896,
          871648,
          870688,
          872864,
          870336,
          871136,
          871584,
          871040,
          871264,
          871584,
          870912,
          872224,
          871264,
          870432,
          870272,
          872608,
          870272,
          872160,
          873248,
          871168,
          872128
        ],
        "chunk_tokens": 160,
        "block_threads": 128,
        "staged_input_bytes": 203204028,
        "applicable": true
      },
      {
        "kernel": "onpair_dh_k5_t128_b6_h2",
        "role": "experimental",
        "stage_bytes": null,
        "chunk_size": 160,
        "decode_ms": 0.870368,
        "decode_gib_s": 1070.0329981707719,
        "decode_ns_iters": [
          872864,
          872736,
          871872,
          870848,
          872096,
          872384,
          874208,
          871136,
          873472,
          879136,
          870752,
          871072,
          873472,
          872352,
          871008,
          874496,
          871168,
          872768,
          873024,
          871936,
          871136,
          871648,
          870368,
          870944,
          874080,
          872448,
          871680,
          871104,
          871904,
          871200
        ],
        "chunk_tokens": 160,
        "block_threads": 128,
        "staged_input_bytes": 203204028,
        "applicable": true
      },
      {
        "kernel": "onpair_dh_k5_t128_b6_h3",
        "role": "experimental",
        "stage_bytes": null,
        "chunk_size": 160,
        "decode_ms": 0.869408,
        "decode_gib_s": 1071.2145282213858,
        "decode_ns_iters": [
          870976,
          872448,
          871072,
          869984,
          871008,
          872192,
          870656,
          874688,
          872544,
          876992,
          871520,
          869536,
          871456,
          870016,
          870272,
          871680,
          870368,
          869696,
          870912,
          870592,
          871936,
          869824,
          873216,
          870624,
          869408,
          869824,
          871680,
          870976,
          871584,
          872768
        ],
        "chunk_tokens": 160,
        "block_threads": 128,
        "staged_input_bytes": 203204028,
        "applicable": true
      },
      {
        "kernel": "onpair_dh_k5_t128_b6_h4",
        "role": "experimental",
        "stage_bytes": null,
        "chunk_size": 160,
        "decode_ms": 0.869632,
        "decode_gib_s": 1070.9386045498538,
        "decode_ns_iters": [
          871136,
          871424,
          871008,
          872096,
          870816,
          870784,
          870592,
          870176,
          873152,
          877856,
          873824,
          869632,
          870528,
          870240,
          871936,
          871232,
          870368,
          870400,
          870176,
          871712,
          870720,
          870368,
          870816,
          870944,
          870592,
          870944,
          872032,
          870432,
          870240,
          872576
        ],
        "chunk_tokens": 160,
        "block_threads": 128,
        "staged_input_bytes": 203204028,
        "applicable": true
      },
      {
        "kernel": "onpair_dh_k5_t128_b8_h2",
        "role": "experimental",
        "stage_bytes": null,
        "chunk_size": 160,
        "decode_ms": 0.86992,
        "decode_gib_s": 1070.5840543405122,
        "decode_ns_iters": [
          872128,
          872096,
          871360,
          871616,
          872352,
          874208,
          874080,
          874368,
          873760,
          875776,
          870816,
          872224,
          871040,
          871296,
          869920,
          871104,
          872480,
          871840,
          873312,
          873248,
          869920,
          873216,
          871904,
          871360,
          870944,
          871456,
          872736,
          872704,
          874144,
          872672
        ],
        "chunk_tokens": 160,
        "block_threads": 128,
        "staged_input_bytes": 203204028,
        "applicable": true
      },
      {
        "kernel": "onpair_dh_k5_t128_b8_h3",
        "role": "experimental",
        "stage_bytes": null,
        "chunk_size": 160,
        "decode_ms": 0.869344,
        "decode_gib_s": 1071.293389673016,
        "decode_ns_iters": [
          869536,
          872320,
          870880,
          870592,
          870720,
          870432,
          870912,
          871040,
          873312,
          871552,
          871040,
          870656,
          870112,
          870304,
          870688,
          872736,
          870752,
          869504,
          872416,
          870400,
          872224,
          871552,
          875424,
          869408,
          871232,
          869344,
          871136,
          871968,
          870368,
          870624
        ],
        "chunk_tokens": 160,
        "block_threads": 128,
        "staged_input_bytes": 203204028,
        "applicable": true
      },
      {
        "kernel": "onpair_dh_k5_t128_b8_h4",
        "role": "experimental",
        "stage_bytes": null,
        "chunk_size": 160,
        "decode_ms": 0.86864,
        "decode_gib_s": 1072.1616326117824,
        "decode_ns_iters": [
          870336,
          870208,
          870624,
          872128,
          873472,
          870848,
          870112,
          873472,
          877632,
          869664,
          871072,
          871072,
          871488,
          870848,
          870912,
          870976,
          869376,
          872448,
          870752,
          870528,
          870368,
          868640,
          869984,
          870944,
          870752,
          871552,
          871904,
          870784,
          873376,
          871840
        ],
        "chunk_tokens": 160,
        "block_threads": 128,
        "staged_input_bytes": 203204028,
        "applicable": true
      },
      {
        "kernel": "onpair_dh_k5_t256_b1_h0",
        "role": "experimental",
        "stage_bytes": null,
        "chunk_size": 160,
        "decode_ms": 0.871136,
        "decode_gib_s": 1069.0896490925625,
        "decode_ns_iters": [
          871232,
          874336,
          872928,
          873728,
          875200,
          874272,
          873312,
          873056,
          874944,
          872064,
          874816,
          872736,
          872672,
          873472,
          872640,
          874624,
          873760,
          872608,
          873664,
          872160,
          872256,
          872640,
          872704,
          872096,
          874976,
          873280,
          873472,
          874688,
          871136,
          872928
        ],
        "chunk_tokens": 160,
        "block_threads": 256,
        "staged_input_bytes": 203204028,
        "applicable": true
      },
      {
        "kernel": "onpair_dh_k5_t256_b1_h2",
        "role": "experimental",
        "stage_bytes": null,
        "chunk_size": 160,
        "decode_ms": 0.87088,
        "decode_gib_s": 1069.403913916841,
        "decode_ns_iters": [
          870944,
          872480,
          872256,
          871744,
          873312,
          871552,
          872096,
          875104,
          872928,
          881952,
          872768,
          870880,
          873568,
          873664,
          871616,
          874400,
          871648,
          872800,
          872416,
          871648,
          873088,
          873216,
          871808,
          877568,
          871040,
          872480,
          873664,
          871648,
          873856,
          872256
        ],
        "chunk_tokens": 160,
        "block_threads": 256,
        "staged_input_bytes": 203204028,
        "applicable": true
      },
      {
        "kernel": "onpair_dh_k5_t256_b1_h3",
        "role": "experimental",
        "stage_bytes": null,
        "chunk_size": 160,
        "decode_ms": 0.869888,
        "decode_gib_s": 1070.6234372147892,
        "decode_ns_iters": [
          871296,
          872128,
          871040,
          872576,
          872672,
          871680,
          872096,
          869888,
          871168,
          872032,
          877568,
          871392,
          871232,
          872064,
          872576,
          872032,
          872672,
          872960,
          871904,
          870144,
          873024,
          871360,
          870208,
          871488,
          872064,
          873664,
          870688,
          871872,
          872064,
          872128
        ],
        "chunk_tokens": 160,
        "block_threads": 256,
        "staged_input_bytes": 203204028,
        "applicable": true
      },
      {
        "kernel": "onpair_dh_k5_t256_b1_h4",
        "role": "experimental",
        "stage_bytes": null,
        "chunk_size": 160,
        "decode_ms": 0.870656,
        "decode_gib_s": 1069.6790472378282,
        "decode_ns_iters": [
          872480,
          875008,
          871648,
          873696,
          874208,
          871392,
          871648,
          876960,
          872640,
          872000,
          879072,
          872800,
          873120,
          873536,
          872352,
          872192,
          870816,
          874048,
          870656,
          870976,
          872896,
          872576,
          871200,
          872608,
          877216,
          872000,
          871904,
          873344,
          875008,
          871360
        ],
        "chunk_tokens": 160,
        "block_threads": 256,
        "staged_input_bytes": 203204028,
        "applicable": true
      },
      {
        "kernel": "onpair_dh_k5_t256_b2_h2",
        "role": "experimental",
        "stage_bytes": null,
        "chunk_size": 160,
        "decode_ms": 0.869728,
        "decode_gib_s": 1070.8203950567288,
        "decode_ns_iters": [
          871616,
          872256,
          870464,
          872000,
          872320,
          870720,
          872448,
          871936,
          871872,
          872832,
          877056,
          870784,
          870400,
          872544,
          871584,
          872864,
          872000,
          873632,
          871552,
          870016,
          869728,
          871680,
          872128,
          873856,
          870240,
          871712,
          872032,
          871264,
          872256,
          871936
        ],
        "chunk_tokens": 160,
        "block_threads": 256,
        "staged_input_bytes": 203204028,
        "applicable": true
      },
      {
        "kernel": "onpair_dh_k5_t256_b2_h3",
        "role": "experimental",
        "stage_bytes": null,
        "chunk_size": 160,
        "decode_ms": 0.869568,
        "decode_gib_s": 1071.017425378922,
        "decode_ns_iters": [
          871424,
          871040,
          870464,
          871232,
          873024,
          869568,
          870304,
          874528,
          870912,
          869984,
          876800,
          870496,
          870112,
          872480,
          870816,
          870976,
          870752,
          870016,
          872128,
          870240,
          871488,
          871520,
          871552,
          870144,
          870368,
          871776,
          872928,
          870592,
          873024,
          872160
        ],
        "chunk_tokens": 160,
        "block_threads": 256,
        "staged_input_bytes": 203204028,
        "applicable": true
      },
      {
        "kernel": "onpair_dh_k5_t256_b2_h4",
        "role": "experimental",
        "stage_bytes": null,
        "chunk_size": 160,
        "decode_ms": 0.870112,
        "decode_gib_s": 1070.3478179267709,
        "decode_ns_iters": [
          873248,
          870112,
          872896,
          871584,
          871296,
          871264,
          872128,
          872352,
          872832,
          871648,
          878176,
          872096,
          872864,
          872480,
          872448,
          873984,
          871424,
          872032,
          872704,
          875008,
          871968,
          873024,
          870880,
          872416,
          872544,
          871328,
          872256,
          872928,
          872192,
          872800
        ],
        "chunk_tokens": 160,
        "block_threads": 256,
        "staged_input_bytes": 203204028,
        "applicable": true
      },
      {
        "kernel": "onpair_dh_k5_t256_b4_h0",
        "role": "experimental",
        "stage_bytes": null,
        "chunk_size": 160,
        "decode_ms": 0.87072,
        "decode_gib_s": 1069.6004232725772,
        "decode_ns_iters": [
          872320,
          873088,
          873600,
          872640,
          874176,
          872704,
          870720,
          875616,
          872512,
          872192,
          872256,
          874656,
          873472,
          872832,
          871584,
          872896,
          872640,
          873440,
          873184,
          871392,
          873600,
          873952,
          871488,
          872704,
          873472,
          874048,
          872448,
          873056,
          877152,
          873632
        ],
        "chunk_tokens": 160,
        "block_threads": 256,
        "staged_input_bytes": 203204028,
        "applicable": true
      },
      {
        "kernel": "onpair_dh_k5_t256_b4_h2",
        "role": "experimental",
        "stage_bytes": null,
        "chunk_size": 160,
        "decode_ms": 0.870624,
        "decode_gib_s": 1069.7183635552185,
        "decode_ns_iters": [
          872576,
          873088,
          873600,
          872224,
          873088,
          871520,
          873248,
          872480,
          873824,
          874304,
          880864,
          872192,
          871392,
          873408,
          871648,
          872832,
          873152,
          875168,
          874528,
          871776,
          871136,
          872160,
          873376,
          871072,
          877408,
          872224,
          872448,
          872256,
          870624,
          872704
        ],
        "chunk_tokens": 160,
        "block_threads": 256,
        "staged_input_bytes": 203204028,
        "applicable": true
      },
      {
        "kernel": "onpair_dh_k5_t256_b4_h3",
        "role": "experimental",
        "stage_bytes": null,
        "chunk_size": 160,
        "decode_ms": 0.870048,
        "decode_gib_s": 1070.4265518131167,
        "decode_ns_iters": [
          872544,
          870656,
          870272,
          870784,
          872352,
          873760,
          871712,
          873216,
          871008,
          874144,
          873152,
          873120,
          872032,
          870048,
          872000,
          870720,
          870976,
          870688,
          870752,
          870656,
          872832,
          871392,
          872896,
          871936,
          877792,
          872544,
          874272,
          871104,
          872960,
          872000
        ],
        "chunk_tokens": 160,
        "block_threads": 256,
        "staged_input_bytes": 203204028,
        "applicable": true
      },
      {
        "kernel": "onpair_dh_k5_t256_b4_h4",
        "role": "experimental",
        "stage_bytes": null,
        "chunk_size": 160,
        "decode_ms": 0.870528,
        "decode_gib_s": 1069.8363298502732,
        "decode_ns_iters": [
          872064,
          872608,
          872064,
          872512,
          872544,
          872768,
          873184,
          872224,
          872768,
          874112,
          870528,
          871136,
          873760,
          872384,
          873568,
          874496,
          871456,
          873824,
          873184,
          871232,
          871712,
          873184,
          871456,
          873536,
          878336,
          872800,
          874400,
          871232,
          872576,
          872064
        ],
        "chunk_tokens": 160,
        "block_threads": 256,
        "staged_input_bytes": 203204028,
        "applicable": true
      },
      {
        "kernel": "onpair_dh_k5_t256_b6_h2",
        "role": "experimental",
        "stage_bytes": null,
        "chunk_size": 160,
        "decode_ms": 0.871552,
        "decode_gib_s": 1068.5793625072267,
        "decode_ns_iters": [
          874112,
          874048,
          872704,
          875808,
          873504,
          873472,
          873600,
          874400,
          874016,
          871552,
          872384,
          877664,
          871808,
          872032,
          872896,
          873248,
          873632,
          874624,
          872160,
          873088,
          873056,
          873504,
          872128,
          872864,
          874368,
          873728,
          876320,
          874368,
          874528,
          875328
        ],
        "chunk_tokens": 160,
        "block_threads": 256,
        "staged_input_bytes": 203204028,
        "applicable": true
      },
      {
        "kernel": "onpair_dh_k5_t256_b6_h3",
        "role": "experimental",
        "stage_bytes": null,
        "chunk_size": 160,
        "decode_ms": 0.878784,
        "decode_gib_s": 1059.785431405099,
        "decode_ns_iters": [
          881632,
          883904,
          881824,
          878784,
          881856,
          881088,
          880768,
          881568,
          879552,
          880608,
          880544,
          880128,
          883488,
          881440,
          880640,
          882112,
          880928,
          881440,
          883104,
          881312,
          882464,
          881472,
          882368,
          882816,
          882816,
          879232,
          883776,
          880800,
          880896,
          881312
        ],
        "chunk_tokens": 160,
        "block_threads": 256,
        "staged_input_bytes": 203204028,
        "applicable": true
      },
      {
        "kernel": "onpair_dh_k5_t256_b6_h4",
        "role": "experimental",
        "stage_bytes": null,
        "chunk_size": 160,
        "decode_ms": 0.946112,
        "decode_gib_s": 984.368109221634,
        "decode_ns_iters": [
          949696,
          949056,
          950656,
          949600,
          948992,
          948544,
          948512,
          947552,
          949312,
          948160,
          947072,
          948704,
          946976,
          948480,
          946112,
          947584,
          948192,
          950112,
          948192,
          949600,
          947712,
          948192,
          947424,
          947488,
          946720,
          949792,
          948192,
          952320,
          948608,
          949408
        ],
        "chunk_tokens": 160,
        "block_threads": 256,
        "staged_input_bytes": 203204028,
        "applicable": true
      },
      {
        "kernel": "onpair_dh_k5_t256_b8_h0",
        "role": "experimental",
        "stage_bytes": null,
        "chunk_size": 160,
        "decode_ms": 0.899776,
        "decode_gib_s": 1035.0603711944955,
        "decode_ns_iters": [
          902592,
          901856,
          900096,
          901024,
          900320,
          899776,
          899808,
          902112,
          902624,
          899936,
          901120,
          901120,
          899968,
          901952,
          903552,
          902048,
          908896,
          900320,
          900160,
          901824,
          900928,
          901952,
          900960,
          900192,
          900896,
          901376,
          902656,
          901056,
          901952,
          901280
        ],
        "chunk_tokens": 160,
        "block_threads": 256,
        "staged_input_bytes": 203204028,
        "applicable": true
      },
      {
        "kernel": "onpair_dh_k5_t256_b8_h2",
        "role": "experimental",
        "stage_bytes": null,
        "chunk_size": 160,
        "decode_ms": 0.870688,
        "decode_gib_s": 1069.6397338103873,
        "decode_ns_iters": [
          874688,
          870688,
          871424,
          875360,
          871520,
          872224,
          872512,
          871776,
          872576,
          872992,
          873376,
          872864,
          872224,
          871392,
          874624,
          874784,
          872224,
          872704,
          871936,
          872416,
          873344,
          873664,
          873600,
          872384,
          873248,
          873120,
          871584,
          885568,
          871936,
          872704
        ],
        "chunk_tokens": 160,
        "block_threads": 256,
        "staged_input_bytes": 203204028,
        "applicable": true
      },
      {
        "kernel": "onpair_dh_k5_t256_b8_h3",
        "role": "experimental",
        "stage_bytes": null,
        "chunk_size": 160,
        "decode_ms": 0.870816,
        "decode_gib_s": 1069.4825089937465,
        "decode_ns_iters": [
          873600,
          873280,
          873696,
          875456,
          873216,
          872800,
          873376,
          871200,
          873504,
          874304,
          872640,
          873056,
          873856,
          874688,
          874816,
          873248,
          873344,
          872640,
          873760,
          873248,
          873664,
          870816,
          874816,
          871520,
          879968,
          872416,
          874016,
          873248,
          874592,
          872768
        ],
        "chunk_tokens": 160,
        "block_threads": 256,
        "staged_input_bytes": 203204028,
        "applicable": true
      },
      {
        "kernel": "onpair_dh_k5_t256_b8_h4",
        "role": "experimental",
        "stage_bytes": null,
        "chunk_size": 160,
        "decode_ms": 0.872416,
        "decode_gib_s": 1067.5210914883478,
        "decode_ns_iters": [
          876608,
          875360,
          876448,
          876000,
          873696,
          874272,
          875040,
          873248,
          875168,
          875136,
          872416,
          875264,
          882176,
          873312,
          874144,
          875008,
          873824,
          874144,
          876128,
          874144,
          874912,
          874720,
          874816,
          873280,
          877472,
          874112,
          875648,
          873632,
          873824,
          873600
        ],
        "chunk_tokens": 160,
        "block_threads": 256,
        "staged_input_bytes": 203204028,
        "applicable": true
      },
      {
        "kernel": "onpair_dh_k6_t64_b1_h2",
        "role": "experimental",
        "stage_bytes": null,
        "chunk_size": 192,
        "decode_ms": 0.869984,
        "decode_gib_s": 1070.5052972835115,
        "decode_ns_iters": [
          873216,
          871040,
          871008,
          874240,
          873056,
          872288,
          871776,
          872256,
          872480,
          870144,
          873344,
          873088,
          873696,
          874112,
          873920,
          871296,
          871488,
          871264,
          871616,
          870592,
          871488,
          873312,
          873344,
          871520,
          871872,
          872224,
          873344,
          877728,
          872320,
          869984
        ],
        "chunk_tokens": 192,
        "block_threads": 64,
        "staged_input_bytes": 202378268,
        "applicable": true
      },
      {
        "kernel": "onpair_dh_k6_t64_b1_h3",
        "role": "experimental",
        "stage_bytes": null,
        "chunk_size": 192,
        "decode_ms": 0.869536,
        "decode_gib_s": 1071.056840144512,
        "decode_ns_iters": [
          871776,
          873088,
          878624,
          872864,
          871776,
          871680,
          872416,
          871616,
          871808,
          873216,
          871968,
          870944,
          872352,
          871904,
          869536,
          873152,
          870656,
          870336,
          871520,
          872032,
          870784,
          872288,
          870176,
          870816,
          873888,
          871840,
          871648,
          871136,
          870304,
          876416
        ],
        "chunk_tokens": 192,
        "block_threads": 64,
        "staged_input_bytes": 202378268,
        "applicable": true
      },
      {
        "kernel": "onpair_dh_k6_t64_b1_h4",
        "role": "experimental",
        "stage_bytes": null,
        "chunk_size": 192,
        "decode_ms": 0.870272,
        "decode_gib_s": 1070.15103387435,
        "decode_ns_iters": [
          870848,
          870304,
          872480,
          871296,
          871936,
          872864,
          872416,
          871424,
          870336,
          872352,
          873024,
          871584,
          873600,
          872576,
          873664,
          870272,
          878688,
          872800,
          872096,
          871200,
          871296,
          872832,
          871968,
          870976,
          870816,
          871168,
          872672,
          871648,
          871744,
          870368
        ],
        "chunk_tokens": 192,
        "block_threads": 64,
        "staged_input_bytes": 202378268,
        "applicable": true
      },
      {
        "kernel": "onpair_dh_k6_t64_b2_h2",
        "role": "experimental",
        "stage_bytes": null,
        "chunk_size": 192,
        "decode_ms": 0.87024,
        "decode_gib_s": 1070.190384896004,
        "decode_ns_iters": [
          872576,
          873280,
          873312,
          873216,
          872960,
          872064,
          871584,
          872992,
          871392,
          871040,
          872128,
          870592,
          871968,
          871200,
          870432,
          870816,
          878080,
          873760,
          870240,
          871488,
          873632,
          871008,
          870944,
          871200,
          872480,
          871936,
          871040,
          872128,
          873088,
          871904
        ],
        "chunk_tokens": 192,
        "block_threads": 64,
        "staged_input_bytes": 202378268,
        "applicable": true
      },
      {
        "kernel": "onpair_dh_k6_t64_b2_h3",
        "role": "experimental",
        "stage_bytes": null,
        "chunk_size": 192,
        "decode_ms": 0.869472,
        "decode_gib_s": 1071.1356783794054,
        "decode_ns_iters": [
          869472,
          870368,
          872032,
          876416,
          871520,
          869856,
          871584,
          871776,
          872064,
          869664,
          872128,
          870368,
          870848,
          875872,
          870848,
          871392,
          872288,
          870528,
          871168,
          872256,
          871360,
          871616,
          869920,
          871328,
          871168,
          872320,
          870208,
          871584,
          870656,
          870176
        ],
        "chunk_tokens": 192,
        "block_threads": 64,
        "staged_input_bytes": 202378268,
        "applicable": true
      },
      {
        "kernel": "onpair_dh_k6_t64_b2_h4",
        "role": "experimental",
        "stage_bytes": null,
        "chunk_size": 192,
        "decode_ms": 0.870304,
        "decode_gib_s": 1070.111685746473,
        "decode_ns_iters": [
          871808,
          872064,
          873696,
          875552,
          871936,
          871808,
          870944,
          873408,
          873024,
          872608,
          872928,
          870976,
          873696,
          872192,
          870368,
          871136,
          871680,
          870432,
          872128,
          870304,
          871680,
          873760,
          873216,
          873408,
          871008,
          873696,
          872384,
          871552,
          871392,
          872000
        ],
        "chunk_tokens": 192,
        "block_threads": 64,
        "staged_input_bytes": 202378268,
        "applicable": true
      },
      {
        "kernel": "onpair_dh_k6_t64_b4_h2",
        "role": "experimental",
        "stage_bytes": null,
        "chunk_size": 192,
        "decode_ms": 0.870112,
        "decode_gib_s": 1070.3478179267709,
        "decode_ns_iters": [
          872032,
          870304,
          871040,
          870272,
          871008,
          871360,
          872832,
          872128,
          871424,
          870112,
          871136,
          872192,
          872160,
          872160,
          873664,
          870208,
          871488,
          870528,
          871776,
          870432,
          872448,
          870944,
          872320,
          873600,
          870240,
          872096,
          871680,
          871616,
          871136,
          871488
        ],
        "chunk_tokens": 192,
        "block_threads": 64,
        "staged_input_bytes": 202378268,
        "applicable": true
      },
      {
        "kernel": "onpair_dh_k6_t64_b4_h3",
        "role": "experimental",
        "stage_bytes": null,
        "chunk_size": 192,
        "decode_ms": 0.869728,
        "decode_gib_s": 1070.8203950567288,
        "decode_ns_iters": [
          872224,
          872096,
          872800,
          871040,
          869856,
          871872,
          870816,
          872064,
          870976,
          870272,
          871840,
          870304,
          871584,
          871744,
          872960,
          871200,
          872640,
          876544,
          872416,
          871520,
          873088,
          873024,
          870912,
          873728,
          872416,
          872864,
          871296,
          870432,
          869728,
          872384
        ],
        "chunk_tokens": 192,
        "block_threads": 64,
        "staged_input_bytes": 202378268,
        "applicable": true
      },
      {
        "kernel": "onpair_dh_k6_t64_b4_h4",
        "role": "experimental",
        "stage_bytes": null,
        "chunk_size": 192,
        "decode_ms": 0.869984,
        "decode_gib_s": 1070.5052972835115,
        "decode_ns_iters": [
          872864,
          872928,
          871904,
          871328,
          877024,
          871616,
          870880,
          870816,
          869984,
          872800,
          870720,
          872064,
          870688,
          872640,
          871264,
          873280,
          872928,
          871776,
          871424,
          873408,
          872704,
          871008,
          871584,
          871744,
          871232,
          873248,
          870432,
          870688,
          872064,
          871872
        ],
        "chunk_tokens": 192,
        "block_threads": 64,
        "staged_input_bytes": 202378268,
        "applicable": true
      },
      {
        "kernel": "onpair_dh_k6_t64_b6_h2",
        "role": "experimental",
        "stage_bytes": null,
        "chunk_size": 192,
        "decode_ms": 0.868864,
        "decode_gib_s": 1071.8852208767983,
        "decode_ns_iters": [
          872928,
          871712,
          874304,
          873024,
          878656,
          868864,
          870880,
          870400,
          870688,
          871136,
          870528,
          871104,
          870592,
          870432,
          873088,
          870336,
          870848,
          870944,
          871328,
          872064,
          871488,
          872096,
          871360,
          872448,
          874176,
          871616,
          869184,
          870912,
          873024,
          869568
        ],
        "chunk_tokens": 192,
        "block_threads": 64,
        "staged_input_bytes": 202378268,
        "applicable": true
      },
      {
        "kernel": "onpair_dh_k6_t64_b6_h3",
        "role": "experimental",
        "stage_bytes": null,
        "chunk_size": 192,
        "decode_ms": 0.869824,
        "decode_gib_s": 1070.7022116564942,
        "decode_ns_iters": [
          872320,
          873824,
          873152,
          871136,
          871680,
          872544,
          870176,
          872256,
          871488,
          872928,
          873536,
          872384,
          869888,
          873216,
          870976,
          871104,
          872096,
          871072,
          876480,
          870208,
          872704,
          870112,
          871264,
          871136,
          869824,
          871232,
          871424,
          870880,
          871008,
          872256
        ],
        "chunk_tokens": 192,
        "block_threads": 64,
        "staged_input_bytes": 202378268,
        "applicable": true
      },
      {
        "kernel": "onpair_dh_k6_t64_b6_h4",
        "role": "experimental",
        "stage_bytes": null,
        "chunk_size": 192,
        "decode_ms": 0.86944,
        "decode_gib_s": 1071.1751018493496,
        "decode_ns_iters": [
          871424,
          872480,
          874336,
          871968,
          871072,
          877824,
          870432,
          871584,
          870816,
          871968,
          870848,
          869440,
          870944,
          872768,
          870112,
          871680,
          871680,
          870240,
          873280,
          873600,
          873440,
          871840,
          871328,
          873120,
          871488,
          872480,
          872256,
          870336,
          870464,
          871328
        ],
        "chunk_tokens": 192,
        "block_threads": 64,
        "staged_input_bytes": 202378268,
        "applicable": true
      },
      {
        "kernel": "onpair_dh_k6_t64_b8_h2",
        "role": "experimental",
        "stage_bytes": null,
        "chunk_size": 192,
        "decode_ms": 0.86976,
        "decode_gib_s": 1070.7809976912004,
        "decode_ns_iters": [
          872608,
          872224,
          872576,
          871584,
          870944,
          871040,
          876704,
          872672,
          870944,
          870400,
          872576,
          871872,
          872288,
          872704,
          871232,
          870752,
          870720,
          872384,
          871168,
          876544,
          870112,
          872000,
          870656,
          870688,
          873472,
          870784,
          873056,
          874528,
          873216,
          869760
        ],
        "chunk_tokens": 192,
        "block_threads": 64,
        "staged_input_bytes": 202378268,
        "applicable": true
      },
      {
        "kernel": "onpair_dh_k6_t64_b8_h3",
        "role": "experimental",
        "stage_bytes": null,
        "chunk_size": 192,
        "decode_ms": 0.869728,
        "decode_gib_s": 1070.8203950567288,
        "decode_ns_iters": [
          873472,
          871712,
          873504,
          871232,
          873408,
          870432,
          872896,
          869728,
          871072,
          870944,
          871360,
          871136,
          871808,
          872800,
          870848,
          871552,
          873760,
          870528,
          871264,
          877888,
          871936,
          873216,
          871200,
          873184,
          872384,
          871072,
          871424,
          870944,
          871040,
          869792
        ],
        "chunk_tokens": 192,
        "block_threads": 64,
        "staged_input_bytes": 202378268,
        "applicable": true
      },
      {
        "kernel": "onpair_dh_k6_t64_b8_h4",
        "role": "experimental",
        "stage_bytes": null,
        "chunk_size": 192,
        "decode_ms": 0.871008,
        "decode_gib_s": 1069.246758413124,
        "decode_ns_iters": [
          872544,
          872480,
          873856,
          871744,
          873952,
          872192,
          878240,
          871488,
          874336,
          871808,
          873568,
          873024,
          872160,
          871520,
          871904,
          872288,
          871296,
          872288,
          874336,
          872512,
          872480,
          871488,
          873376,
          871520,
          871296,
          875680,
          871392,
          871008,
          872096,
          871040
        ],
        "chunk_tokens": 192,
        "block_threads": 64,
        "staged_input_bytes": 202378268,
        "applicable": true
      },
      {
        "kernel": "onpair_dh_k6_t128_b1_h2",
        "role": "experimental",
        "stage_bytes": null,
        "chunk_size": 192,
        "decode_ms": 0.869632,
        "decode_gib_s": 1070.9386045498538,
        "decode_ns_iters": [
          872960,
          872832,
          872224,
          871488,
          872000,
          871808,
          870464,
          872768,
          871648,
          871360,
          872672,
          872864,
          872544,
          872864,
          871936,
          871744,
          872544,
          872544,
          871680,
          873024,
          880544,
          871808,
          872384,
          874400,
          873184,
          872608,
          873120,
          870976,
          872832,
          869632
        ],
        "chunk_tokens": 192,
        "block_threads": 128,
        "staged_input_bytes": 202378268,
        "applicable": true
      },
      {
        "kernel": "onpair_dh_k6_t128_b1_h3",
        "role": "experimental",
        "stage_bytes": null,
        "chunk_size": 192,
        "decode_ms": 0.870368,
        "decode_gib_s": 1070.0329981707719,
        "decode_ns_iters": [
          871328,
          870464,
          871040,
          872736,
          870944,
          872320,
          873024,
          877952,
          873024,
          870368,
          871744,
          871648,
          872768,
          871200,
          870592,
          873056,
          871776,
          873760,
          870816,
          872832,
          872704,
          871392,
          873312,
          871392,
          873408,
          871424,
          872992,
          872544,
          872704,
          871168
        ],
        "chunk_tokens": 192,
        "block_threads": 128,
        "staged_input_bytes": 202378268,
        "applicable": true
      },
      {
        "kernel": "onpair_dh_k6_t128_b1_h4",
        "role": "experimental",
        "stage_bytes": null,
        "chunk_size": 192,
        "decode_ms": 0.870368,
        "decode_gib_s": 1070.0329981707719,
        "decode_ns_iters": [
          872544,
          873472,
          872576,
          872704,
          873408,
          872704,
          872224,
          872480,
          872448,
          870880,
          871360,
          873696,
          872288,
          873024,
          872416,
          872256,
          872544,
          873056,
          870368,
          871872,
          874304,
          875872,
          872608,
          875040,
          872640,
          871232,
          872544,
          871808,
          872704,
          872320
        ],
        "chunk_tokens": 192,
        "block_threads": 128,
        "staged_input_bytes": 202378268,
        "applicable": true
      },
      {
        "kernel": "onpair_dh_k6_t128_b2_h2",
        "role": "experimental",
        "stage_bytes": null,
        "chunk_size": 192,
        "decode_ms": 0.870176,
        "decode_gib_s": 1070.2690956219185,
        "decode_ns_iters": [
          871456,
          870176,
          873376,
          871776,
          870944,
          872192,
          873088,
          870208,
          872384,
          873376,
          871136,
          872064,
          872640,
          872064,
          871648,
          873280,
          872768,
          871840,
          870880,
          870976,
          873760,
          872768,
          878496,
          872032,
          870240,
          872608,
          871008,
          872448,
          871104,
          872640
        ],
        "chunk_tokens": 192,
        "block_threads": 128,
        "staged_input_bytes": 202378268,
        "applicable": true
      },
      {
        "kernel": "onpair_dh_k6_t128_b2_h3",
        "role": "experimental",
        "stage_bytes": null,
        "chunk_size": 192,
        "decode_ms": 0.8696,
        "decode_gib_s": 1070.9780135141427,
        "decode_ns_iters": [
          870944,
          872800,
          873888,
          872096,
          871296,
          872800,
          869600,
          873472,
          873312,
          872736,
          872608,
          871968,
          873088,
          871264,
          870848,
          871776,
          872960,
          870912,
          871744,
          870656,
          872992,
          872192,
          870880,
          877632,
          872864,
          871168,
          871648,
          871872,
          871808,
          872608
        ],
        "chunk_tokens": 192,
        "block_threads": 128,
        "staged_input_bytes": 202378268,
        "applicable": true
      },
      {
        "kernel": "onpair_dh_k6_t128_b2_h4",
        "role": "experimental",
        "stage_bytes": null,
        "chunk_size": 192,
        "decode_ms": 0.86992,
        "decode_gib_s": 1070.5840543405122,
        "decode_ns_iters": [
          872672,
          872544,
          871744,
          870656,
          873376,
          870688,
          870240,
          871520,
          871648,
          872512,
          876960,
          870080,
          873312,
          871616,
          872256,
          871360,
          872896,
          873984,
          870976,
          872544,
          871712,
          870688,
          872736,
          870432,
          872864,
          871008,
          871904,
          869920,
          871232,
          870592
        ],
        "chunk_tokens": 192,
        "block_threads": 128,
        "staged_input_bytes": 202378268,
        "applicable": true
      },
      {
        "kernel": "onpair_dh_k6_t128_b4_h2",
        "role": "experimental",
        "stage_bytes": null,
        "chunk_size": 192,
        "decode_ms": 0.870336,
        "decode_gib_s": 1070.0723405120534,
        "decode_ns_iters": [
          873056,
          873792,
          872416,
          872320,
          871552,
          870560,
          873600,
          871840,
          871008,
          872224,
          877824,
          872512,
          871648,
          870848,
          871584,
          871520,
          871648,
          871456,
          872704,
          871264,
          872896,
          871968,
          872416,
          874432,
          873280,
          873376,
          870336,
          873152,
          871968,
          871744
        ],
        "chunk_tokens": 192,
        "block_threads": 128,
        "staged_input_bytes": 202378268,
        "applicable": true
      },
      {
        "kernel": "onpair_dh_k6_t128_b4_h3",
        "role": "experimental",
        "stage_bytes": null,
        "chunk_size": 192,
        "decode_ms": 0.869632,
        "decode_gib_s": 1070.9386045498538,
        "decode_ns_iters": [
          872928,
          872256,
          874400,
          872448,
          870112,
          871616,
          869632,
          871296,
          871168,
          871744,
          870624,
          871232,
          873088,
          872928,
          871936,
          873248,
          870784,
          873344,
          870176,
          872608,
          870272,
          870304,
          871232,
          871328,
          872608,
          871264,
          870592,
          871008,
          872320,
          870816
        ],
        "chunk_tokens": 192,
        "block_threads": 128,
        "staged_input_bytes": 202378268,
        "applicable": true
      },
      {
        "kernel": "onpair_dh_k6_t128_b4_h4",
        "role": "experimental",
        "stage_bytes": null,
        "chunk_size": 192,
        "decode_ms": 0.870976,
        "decode_gib_s": 1069.2860429585874,
        "decode_ns_iters": [
          872064,
          874432,
          873504,
          873216,
          871744,
          871392,
          872000,
          872576,
          872032,
          872992,
          872576,
          871072,
          873504,
          872000,
          872512,
          871168,
          871904,
          872960,
          871616,
          870976,
          872960,
          871872,
          872928,
          875232,
          874528,
          875968,
          871776,
          871968,
          873664,
          871808
        ],
        "chunk_tokens": 192,
        "block_threads": 128,
        "staged_input_bytes": 202378268,
        "applicable": true
      },
      {
        "kernel": "onpair_dh_k6_t128_b6_h2",
        "role": "experimental",
        "stage_bytes": null,
        "chunk_size": 192,
        "decode_ms": 0.869408,
        "decode_gib_s": 1071.2145282213858,
        "decode_ns_iters": [
          874752,
          872128,
          873760,
          871904,
          871520,
          871072,
          870784,
          872960,
          873184,
          873472,
          872544,
          874144,
          879904,
          870176,
          874336,
          871488,
          871488,
          872480,
          872064,
          872320,
          872192,
          870368,
          872512,
          870688,
          872768,
          869408,
          870784,
          871968,
          871872,
          873280
        ],
        "chunk_tokens": 192,
        "block_threads": 128,
        "staged_input_bytes": 202378268,
        "applicable": true
      },
      {
        "kernel": "onpair_dh_k6_t128_b6_h3",
        "role": "experimental",
        "stage_bytes": null,
        "chunk_size": 192,
        "decode_ms": 0.869984,
        "decode_gib_s": 1070.5052972835115,
        "decode_ns_iters": [
          871648,
          876704,
          872096,
          871584,
          873760,
          871296,
          871008,
          872512,
          873056,
          869984,
          872480,
          872704,
          872256,
          875968,
          873120,
          873056,
          872512,
          870752,
          871168,
          871904,
          874112,
          872544,
          871360,
          873696,
          873504,
          872608,
          871648,
          870080,
          873216,
          872576
        ],
        "chunk_tokens": 192,
        "block_threads": 128,
        "staged_input_bytes": 202378268,
        "applicable": true
      },
      {
        "kernel": "onpair_dh_k6_t128_b6_h4",
        "role": "experimental",
        "stage_bytes": null,
        "chunk_size": 192,
        "decode_ms": 0.870176,
        "decode_gib_s": 1070.2690956219185,
        "decode_ns_iters": [
          878752,
          872800,
          871328,
          871072,
          870656,
          871392,
          870848,
          870240,
          872608,
          872832,
          874560,
          871840,
          871808,
          872832,
          871712,
          870240,
          874112,
          870176,
          871680,
          873856,
          872608,
          871328,
          871072,
          874112,
          871168,
          872800,
          871360,
          871200,
          872832,
          872288
        ],
        "chunk_tokens": 192,
        "block_threads": 128,
        "staged_input_bytes": 202378268,
        "applicable": true
      },
      {
        "kernel": "onpair_dh_k6_t128_b8_h2",
        "role": "experimental",
        "stage_bytes": null,
        "chunk_size": 192,
        "decode_ms": 0.862624,
        "decode_gib_s": 1079.6389626904636,
        "decode_ns_iters": [
          873024,
          874624,
          872256,
          871296,
          870912,
          871808,
          871584,
          872224,
          871008,
          871488,
          871584,
          871808,
          873792,
          862624,
          877760,
          870656,
          871488,
          873408,
          871072,
          874688,
          871040,
          871008,
          871840,
          870912,
          872704,
          874176,
          871104,
          871616,
          876224,
          871264
        ],
        "chunk_tokens": 192,
        "block_threads": 128,
        "staged_input_bytes": 202378268,
        "applicable": true
      },
      {
        "kernel": "onpair_dh_k6_t128_b8_h3",
        "role": "experimental",
        "stage_bytes": null,
        "chunk_size": 192,
        "decode_ms": 0.870048,
        "decode_gib_s": 1070.4265518131167,
        "decode_ns_iters": [
          873312,
          877056,
          870688,
          871456,
          872352,
          872480,
          873120,
          871840,
          872352,
          871744,
          870464,
          870880,
          873824,
          872288,
          871456,
          871808,
          871200,
          871744,
          870816,
          870592,
          871264,
          873024,
          870048,
          870400,
          870816,
          870816,
          871296,
          870688,
          878624,
          870816
        ],
        "chunk_tokens": 192,
        "block_threads": 128,
        "staged_input_bytes": 202378268,
        "applicable": true
      },
      {
        "kernel": "onpair_dh_k6_t128_b8_h4",
        "role": "experimental",
        "stage_bytes": null,
        "chunk_size": 192,
        "decode_ms": 0.871072,
        "decode_gib_s": 1069.1681979812215,
        "decode_ns_iters": [
          871616,
          874496,
          873600,
          872864,
          873376,
          871744,
          871072,
          871200,
          871904,
          872992,
          872224,
          874080,
          871488,
          872832,
          874016,
          878688,
          873664,
          874560,
          872000,
          872000,
          873344,
          871744,
          875008,
          871520,
          871648,
          871072,
          873408,
          871488,
          873088,
          875712
        ],
        "chunk_tokens": 192,
        "block_threads": 128,
        "staged_input_bytes": 202378268,
        "applicable": true
      },
      {
        "kernel": "onpair_dh_k6_t256_b1_h0",
        "role": "experimental",
        "stage_bytes": null,
        "chunk_size": 192,
        "decode_ms": 0.868352,
        "decode_gib_s": 1072.5172286721267,
        "decode_ns_iters": [
          871168,
          872096,
          878112,
          870112,
          869856,
          871424,
          870080,
          869856,
          868352,
          872832,
          869792,
          870496,
          872800,
          868768,
          872000,
          868928,
          869440,
          871808,
          871264,
          872672,
          870080,
          870112,
          871840,
          870880,
          871488,
          869184,
          873664,
          869952,
          870976,
          875168
        ],
        "chunk_tokens": 192,
        "block_threads": 256,
        "staged_input_bytes": 202378268,
        "applicable": true
      },
      {
        "kernel": "onpair_dh_k6_t256_b1_h2",
        "role": "experimental",
        "stage_bytes": null,
        "chunk_size": 192,
        "decode_ms": 0.869216,
        "decode_gib_s": 1071.4511474154854,
        "decode_ns_iters": [
          871840,
          875776,
          870528,
          871744,
          871648,
          869664,
          869280,
          872096,
          872480,
          872800,
          873440,
          869216,
          871168,
          871744,
          871264,
          872128,
          876896,
          871808,
          872064,
          872384,
          872352,
          870880,
          872448,
          872256,
          869888,
          873504,
          871424,
          870080,
          871040,
          871264
        ],
        "chunk_tokens": 192,
        "block_threads": 256,
        "staged_input_bytes": 202378268,
        "applicable": true
      },
      {
        "kernel": "onpair_dh_k6_t256_b1_h3",
        "role": "experimental",
        "stage_bytes": null,
        "chunk_size": 192,
        "decode_ms": 0.869792,
        "decode_gib_s": 1070.7416032245624,
        "decode_ns_iters": [
          872160,
          871744,
          873888,
          873024,
          873600,
          870176,
          872640,
          871392,
          871872,
          872032,
          871040,
          873504,
          872960,
          870592,
          872416,
          870528,
          871424,
          872512,
          877440,
          871168,
          872064,
          871680,
          872544,
          873376,
          871424,
          871456,
          871552,
          872128,
          870688,
          869792
        ],
        "chunk_tokens": 192,
        "block_threads": 256,
        "staged_input_bytes": 202378268,
        "applicable": true
      },
      {
        "kernel": "onpair_dh_k6_t256_b1_h4",
        "role": "experimental",
        "stage_bytes": null,
        "chunk_size": 192,
        "decode_ms": 0.870176,
        "decode_gib_s": 1070.2690956219185,
        "decode_ns_iters": [
          871232,
          872704,
          872416,
          872896,
          873280,
          879648,
          871808,
          873024,
          871296,
          872512,
          872608,
          870208,
          873600,
          872064,
          871360,
          872544,
          871168,
          870176,
          873216,
          880320,
          873216,
          870656,
          873600,
          873504,
          870464,
          870368,
          872512,
          870688,
          870976,
          872064
        ],
        "chunk_tokens": 192,
        "block_threads": 256,
        "staged_input_bytes": 202378268,
        "applicable": true
      },
      {
        "kernel": "onpair_dh_k6_t256_b2_h2",
        "role": "experimental",
        "stage_bytes": null,
        "chunk_size": 192,
        "decode_ms": 0.87008,
        "decode_gib_s": 1070.3871834220975,
        "decode_ns_iters": [
          875296,
          872192,
          872576,
          870688,
          871456,
          872192,
          872288,
          871872,
          871232,
          872256,
          872416,
          872480,
          872896,
          870304,
          872352,
          870624,
          871712,
          871168,
          871680,
          876192,
          871264,
          873024,
          870112,
          870400,
          871520,
          871104,
          870080,
          871680,
          871200,
          871776
        ],
        "chunk_tokens": 192,
        "block_threads": 256,
        "staged_input_bytes": 202378268,
        "applicable": true
      },
      {
        "kernel": "onpair_dh_k6_t256_b2_h3",
        "role": "experimental",
        "stage_bytes": null,
        "chunk_size": 192,
        "decode_ms": 0.870272,
        "decode_gib_s": 1070.15103387435,
        "decode_ns_iters": [
          872608,
          871584,
          872480,
          871104,
          873312,
          872992,
          871072,
          871200,
          872960,
          872928,
          871808,
          871104,
          870976,
          872608,
          870784,
          870560,
          871008,
          870976,
          871008,
          871648,
          876352,
          872064,
          875328,
          872896,
          872576,
          872640,
          872128,
          873600,
          870272,
          871744
        ],
        "chunk_tokens": 192,
        "block_threads": 256,
        "staged_input_bytes": 202378268,
        "applicable": true
      },
      {
        "kernel": "onpair_dh_k6_t256_b2_h4",
        "role": "experimental",
        "stage_bytes": null,
        "chunk_size": 192,
        "decode_ms": 0.870336,
        "decode_gib_s": 1070.0723405120534,
        "decode_ns_iters": [
          874944,
          873440,
          871936,
          871136,
          871968,
          873664,
          871296,
          877696,
          871264,
          871168,
          870720,
          872896,
          872992,
          871424,
          873216,
          871776,
          870336,
          871520,
          872672,
          872448,
          873408,
          871360,
          872640,
          873376,
          871680,
          873536,
          873024,
          870912,
          872320,
          870976
        ],
        "chunk_tokens": 192,
        "block_threads": 256,
        "staged_input_bytes": 202378268,
        "applicable": true
      },
      {
        "kernel": "onpair_dh_k6_t256_b4_h0",
        "role": "experimental",
        "stage_bytes": null,
        "chunk_size": 192,
        "decode_ms": 0.868192,
        "decode_gib_s": 1072.7148839794636,
        "decode_ns_iters": [
          871712,
          873792,
          868480,
          871104,
          869728,
          870240,
          870688,
          880480,
          869568,
          870464,
          869920,
          870464,
          870464,
          868960,
          870080,
          870176,
          870528,
          870592,
          868800,
          871328,
          869760,
          870816,
          876960,
          870304,
          870016,
          870720,
          869760,
          868192,
          870048,
          870624
        ],
        "chunk_tokens": 192,
        "block_threads": 256,
        "staged_input_bytes": 202378268,
        "applicable": true
      },
      {
        "kernel": "onpair_dh_k6_t256_b4_h2",
        "role": "experimental",
        "stage_bytes": null,
        "chunk_size": 192,
        "decode_ms": 0.87104,
        "decode_gib_s": 1069.2074767541083,
        "decode_ns_iters": [
          871200,
          872352,
          871648,
          872448,
          871840,
          873088,
          872896,
          877984,
          872672,
          873056,
          872448,
          872960,
          874944,
          872416,
          873824,
          871040,
          873568,
          872672,
          871424,
          874976,
          871360,
          878432,
          873824,
          871552,
          872480,
          871456,
          872672,
          872928,
          871136,
          871488
        ],
        "chunk_tokens": 192,
        "block_threads": 256,
        "staged_input_bytes": 202378268,
        "applicable": true
      },
      {
        "kernel": "onpair_dh_k6_t256_b4_h3",
        "role": "experimental",
        "stage_bytes": null,
        "chunk_size": 192,
        "decode_ms": 0.870208,
        "decode_gib_s": 1070.2297388117536,
        "decode_ns_iters": [
          874496,
          872096,
          873696,
          871936,
          873472,
          873632,
          871392,
          872352,
          871456,
          871840,
          872512,
          874592,
          871744,
          873664,
          872992,
          872288,
          872640,
          871040,
          872288,
          870976,
          872864,
          871616,
          873664,
          874016,
          872576,
          873344,
          871616,
          870208,
          875200,
          871424
        ],
        "chunk_tokens": 192,
        "block_threads": 256,
        "staged_input_bytes": 202378268,
        "applicable": true
      },
      {
        "kernel": "onpair_dh_k6_t256_b4_h4",
        "role": "experimental",
        "stage_bytes": null,
        "chunk_size": 192,
        "decode_ms": 0.87056,
        "decode_gib_s": 1069.797004861122,
        "decode_ns_iters": [
          872480,
          873984,
          872608,
          874016,
          872320,
          871328,
          873440,
          871264,
          874720,
          872384,
          872288,
          876160,
          871616,
          873472,
          872928,
          871264,
          870560,
          872736,
          870944,
          871392,
          871552,
          871904,
          870784,
          872608,
          873408,
          872448,
          871648,
          877920,
          872672,
          870848
        ],
        "chunk_tokens": 192,
        "block_threads": 256,
        "staged_input_bytes": 202378268,
        "applicable": true
      },
      {
        "kernel": "onpair_dh_k6_t256_b6_h2",
        "role": "experimental",
        "stage_bytes": null,
        "chunk_size": 192,
        "decode_ms": 0.87984,
        "decode_gib_s": 1058.5134576194519,
        "decode_ns_iters": [
          883712,
          892256,
          881280,
          881856,
          881984,
          881152,
          879840,
          882976,
          881216,
          880928,
          881760,
          880800,
          881856,
          882176,
          881440,
          883776,
          881280,
          889696,
          883616,
          883456,
          881856,
          881024,
          884224,
          883680,
          881888,
          883616,
          881568,
          882368,
          883936,
          881728
        ],
        "chunk_tokens": 192,
        "block_threads": 256,
        "staged_input_bytes": 202378268,
        "applicable": true
      },
      {
        "kernel": "onpair_dh_k6_t256_b6_h3",
        "role": "experimental",
        "stage_bytes": null,
        "chunk_size": 192,
        "decode_ms": 0.875008,
        "decode_gib_s": 1064.3588179215487,
        "decode_ns_iters": [
          877472,
          877088,
          875936,
          877920,
          875680,
          877152,
          875008,
          883648,
          877696,
          878016,
          879520,
          876416,
          876992,
          875808,
          877920,
          876768,
          877024,
          876576,
          875104,
          876032,
          876704,
          876960,
          875360,
          878944,
          876128,
          877952,
          876640,
          877216,
          875168,
          877440
        ],
        "chunk_tokens": 192,
        "block_threads": 256,
        "staged_input_bytes": 202378268,
        "applicable": true
      },
      {
        "kernel": "onpair_dh_k6_t256_b6_h4",
        "role": "experimental",
        "stage_bytes": null,
        "chunk_size": 192,
        "decode_ms": 0.875104,
        "decode_gib_s": 1064.2420564320337,
        "decode_ns_iters": [
          878368,
          875904,
          877664,
          875552,
          875104,
          876512,
          876832,
          877344,
          877280,
          876160,
          878112,
          885184,
          877280,
          875712,
          877408,
          876128,
          875552,
          877856,
          878528,
          878400,
          875296,
          877504,
          876128,
          877152,
          877472,
          877536,
          881312,
          877440,
          878176,
          876000
        ],
        "chunk_tokens": 192,
        "block_threads": 256,
        "staged_input_bytes": 202378268,
        "applicable": true
      },
      {
        "kernel": "onpair_dh_k6_t256_b8_h0",
        "role": "experimental",
        "stage_bytes": null,
        "chunk_size": 192,
        "decode_ms": 0.870144,
        "decode_gib_s": 1070.3084553268177,
        "decode_ns_iters": [
          870144,
          871552,
          873120,
          873056,
          871552,
          870880,
          872512,
          874336,
          871296,
          871360,
          871936,
          872768,
          871616,
          872224,
          871808,
          872064,
          872544,
          873184,
          870912,
          873024,
          873408,
          872608,
          870336,
          874176,
          873184,
          874144,
          873216,
          875872,
          875808,
          873760
        ],
        "chunk_tokens": 192,
        "block_threads": 256,
        "staged_input_bytes": 202378268,
        "applicable": true
      },
      {
        "kernel": "onpair_dh_k6_t256_b8_h2",
        "role": "experimental",
        "stage_bytes": null,
        "chunk_size": 192,
        "decode_ms": 0.870688,
        "decode_gib_s": 1069.6397338103873,
        "decode_ns_iters": [
          870944,
          876896,
          870688,
          872544,
          874560,
          872000,
          872480,
          870784,
          871392,
          872032,
          871200,
          872992,
          872320,
          871776,
          871296,
          872960,
          873632,
          871968,
          873408,
          870752,
          873280,
          872448,
          871296,
          871904,
          874496,
          871456,
          871712,
          872608,
          872480,
          873728
        ],
        "chunk_tokens": 192,
        "block_threads": 256,
        "staged_input_bytes": 202378268,
        "applicable": true
      },
      {
        "kernel": "onpair_dh_k6_t256_b8_h3",
        "role": "experimental",
        "stage_bytes": null,
        "chunk_size": 192,
        "decode_ms": 0.870944,
        "decode_gib_s": 1069.3253303908155,
        "decode_ns_iters": [
          871328,
          871584,
          871200,
          878304,
          872000,
          874144,
          872928,
          872384,
          871680,
          873568,
          874080,
          872672,
          871072,
          871232,
          871168,
          872192,
          871936,
          872416,
          872064,
          874816,
          871008,
          871808,
          872576,
          871872,
          871648,
          873536,
          872448,
          871520,
          871456,
          870944
        ],
        "chunk_tokens": 192,
        "block_threads": 256,
        "staged_input_bytes": 202378268,
        "applicable": true
      },
      {
        "kernel": "onpair_dh_k6_t256_b8_h4",
        "role": "experimental",
        "stage_bytes": null,
        "chunk_size": 192,
        "decode_ms": 0.870912,
        "decode_gib_s": 1069.3646207101274,
        "decode_ns_iters": [
          873312,
          873632,
          872128,
          871488,
          871328,
          872352,
          873056,
          871392,
          872608,
          871168,
          874752,
          872384,
          873056,
          875392,
          872960,
          871296,
          873344,
          873408,
          872672,
          872800,
          874496,
          871936,
          872896,
          871424,
          873440,
          874528,
          872992,
          870912,
          873408,
          871392
        ],
        "chunk_tokens": 192,
        "block_threads": 256,
        "staged_input_bytes": 202378268,
        "applicable": true
      },
      {
        "kernel": "onpair_dh_k7_t64_b1_h2",
        "role": "experimental",
        "stage_bytes": null,
        "chunk_size": 224,
        "decode_ms": 0.870016,
        "decode_gib_s": 1070.465923100148,
        "decode_ns_iters": [
          873216,
          872992,
          874368,
          871776,
          870976,
          872800,
          873376,
          874144,
          872064,
          875584,
          873216,
          870176,
          873344,
          872704,
          872992,
          872352,
          870016,
          872704,
          872320,
          870912,
          872512,
          870912,
          871584,
          876000,
          872032,
          873696,
          873344,
          874368,
          871136,
          870432
        ],
        "chunk_tokens": 224,
        "block_threads": 64,
        "staged_input_bytes": 201788444,
        "applicable": true
      },
      {
        "kernel": "onpair_dh_k7_t64_b1_h3",
        "role": "experimental",
        "stage_bytes": null,
        "chunk_size": 224,
        "decode_ms": 0.870304,
        "decode_gib_s": 1070.111685746473,
        "decode_ns_iters": [
          870976,
          872000,
          872576,
          871904,
          871264,
          871232,
          873120,
          871680,
          871296,
          875328,
          870912,
          874016,
          870944,
          870720,
          871200,
          871232,
          870880,
          871648,
          871744,
          870976,
          873344,
          877024,
          872832,
          872992,
          873216,
          870304,
          872192,
          872032,
          870816,
          871136
        ],
        "chunk_tokens": 224,
        "block_threads": 64,
        "staged_input_bytes": 201788444,
        "applicable": true
      },
      {
        "kernel": "onpair_dh_k7_t64_b1_h4",
        "role": "experimental",
        "stage_bytes": null,
        "chunk_size": 224,
        "decode_ms": 0.86992,
        "decode_gib_s": 1070.5840543405122,
        "decode_ns_iters": [
          873440,
          870752,
          872608,
          872480,
          873472,
          872064,
          870464,
          870624,
          880288,
          873888,
          873920,
          870176,
          871392,
          869984,
          871712,
          871456,
          872416,
          870432,
          871232,
          871392,
          873376,
          871264,
          878080,
          870688,
          872544,
          869920,
          871200,
          871232,
          870752,
          873568
        ],
        "chunk_tokens": 224,
        "block_threads": 64,
        "staged_input_bytes": 201788444,
        "applicable": true
      },
      {
        "kernel": "onpair_dh_k7_t64_b2_h2",
        "role": "experimental",
        "stage_bytes": null,
        "chunk_size": 224,
        "decode_ms": 0.869472,
        "decode_gib_s": 1071.1356783794054,
        "decode_ns_iters": [
          872736,
          872480,
          872448,
          874048,
          873408,
          872000,
          873280,
          871360,
          870464,
          879616,
          870816,
          872384,
          871616,
          873376,
          872704,
          869472,
          875008,
          873248,
          870528,
          870720,
          873760,
          872768,
          873248,
          872480,
          870976,
          875392,
          872832,
          870624,
          872608,
          871904
        ],
        "chunk_tokens": 224,
        "block_threads": 64,
        "staged_input_bytes": 201788444,
        "applicable": true
      },
      {
        "kernel": "onpair_dh_k7_t64_b2_h3",
        "role": "experimental",
        "stage_bytes": null,
        "chunk_size": 224,
        "decode_ms": 0.870368,
        "decode_gib_s": 1070.0329981707719,
        "decode_ns_iters": [
          872736,
          872256,
          871616,
          873600,
          871456,
          870816,
          873344,
          871424,
          871072,
          872768,
          872672,
          872256,
          872800,
          872544,
          870976,
          870976,
          872608,
          870912,
          872736,
          871488,
          872576,
          872192,
          872608,
          871520,
          871488,
          872928,
          871392,
          872224,
          874880,
          870368
        ],
        "chunk_tokens": 224,
        "block_threads": 64,
        "staged_input_bytes": 201788444,
        "applicable": true
      },
      {
        "kernel": "onpair_dh_k7_t64_b2_h4",
        "role": "experimental",
        "stage_bytes": null,
        "chunk_size": 224,
        "decode_ms": 0.869632,
        "decode_gib_s": 1070.9386045498538,
        "decode_ns_iters": [
          871968,
          870240,
          871040,
          871776,
          873088,
          870528,
          872224,
          871040,
          872960,
          871584,
          872128,
          870432,
          871008,
          870496,
          872032,
          869632,
          871232,
          870944,
          870368,
          870144,
          873056,
          871072,
          872224,
          871232,
          877376,
          871648,
          869952,
          872672,
          872672,
          870720
        ],
        "chunk_tokens": 224,
        "block_threads": 64,
        "staged_input_bytes": 201788444,
        "applicable": true
      },
      {
        "kernel": "onpair_dh_k7_t64_b4_h2",
        "role": "experimental",
        "stage_bytes": null,
        "chunk_size": 224,
        "decode_ms": 0.870336,
        "decode_gib_s": 1070.0723405120534,
        "decode_ns_iters": [
          871520,
          873408,
          873504,
          872608,
          871296,
          873088,
          872320,
          872576,
          870656,
          873792,
          870688,
          879776,
          870432,
          872896,
          871968,
          873952,
          871232,
          871648,
          871392,
          873568,
          870944,
          870336,
          872768,
          870752,
          873248,
          872288,
          871136,
          872928,
          875840,
          871168
        ],
        "chunk_tokens": 224,
        "block_threads": 64,
        "staged_input_bytes": 201788444,
        "applicable": true
      },
      {
        "kernel": "onpair_dh_k7_t64_b4_h3",
        "role": "experimental",
        "stage_bytes": null,
        "chunk_size": 224,
        "decode_ms": 0.869536,
        "decode_gib_s": 1071.056840144512,
        "decode_ns_iters": [
          870624,
          871744,
          872096,
          871424,
          875936,
          871808,
          874304,
          871552,
          873792,
          872032,
          871648,
          870624,
          872416,
          873888,
          870624,
          872448,
          872768,
          871680,
          871936,
          872416,
          873664,
          871296,
          873504,
          869536,
          873024,
          878720,
          870880,
          871072,
          871264,
          872192
        ],
        "chunk_tokens": 224,
        "block_threads": 64,
        "staged_input_bytes": 201788444,
        "applicable": true
      },
      {
        "kernel": "onpair_dh_k7_t64_b4_h4",
        "role": "experimental",
        "stage_bytes": null,
        "chunk_size": 224,
        "decode_ms": 0.869888,
        "decode_gib_s": 1070.6234372147892,
        "decode_ns_iters": [
          870880,
          871232,
          871072,
          871904,
          871232,
          872768,
          873056,
          869888,
          870528,
          873440,
          871968,
          871648,
          871424,
          873792,
          870784,
          872960,
          870816,
          871264,
          871552,
          873888,
          873920,
          871776,
          872256,
          870496,
          871616,
          870976,
          877632,
          873920,
          870848,
          871072
        ],
        "chunk_tokens": 224,
        "block_threads": 64,
        "staged_input_bytes": 201788444,
        "applicable": true
      },
      {
        "kernel": "onpair_dh_k7_t64_b6_h2",
        "role": "experimental",
        "stage_bytes": null,
        "chunk_size": 224,
        "decode_ms": 0.870656,
        "decode_gib_s": 1069.6790472378282,
        "decode_ns_iters": [
          879584,
          875296,
          874176,
          871584,
          871680,
          871872,
          871392,
          873024,
          872768,
          872096,
          873440,
          872896,
          871008,
          871552,
          872480,
          873280,
          871552,
          874912,
          872448,
          873696,
          871712,
          871840,
          875520,
          871168,
          870656,
          873088,
          873888,
          871424,
          873792,
          871520
        ],
        "chunk_tokens": 224,
        "block_threads": 64,
        "staged_input_bytes": 201788444,
        "applicable": true
      },
      {
        "kernel": "onpair_dh_k7_t64_b6_h3",
        "role": "experimental",
        "stage_bytes": null,
        "chunk_size": 224,
        "decode_ms": 0.869728,
        "decode_gib_s": 1070.8203950567288,
        "decode_ns_iters": [
          870688,
          878112,
          872544,
          874336,
          871872,
          873856,
          873856,
          873056,
          873472,
          875424,
          873056,
          872160,
          871232,
          871136,
          872928,
          878400,
          872224,
          871488,
          872896,
          872928,
          873280,
          871648,
          873984,
          870656,
          871456,
          873472,
          871008,
          872064,
          872576,
          869728
        ],
        "chunk_tokens": 224,
        "block_threads": 64,
        "staged_input_bytes": 201788444,
        "applicable": true
      },
      {
        "kernel": "onpair_dh_k7_t64_b6_h4",
        "role": "experimental",
        "stage_bytes": null,
        "chunk_size": 224,
        "decode_ms": 0.869856,
        "decode_gib_s": 1070.6628229866765,
        "decode_ns_iters": [
          872128,
          873344,
          879072,
          873216,
          873504,
          872640,
          871712,
          871232,
          871264,
          873760,
          870272,
          871680,
          872896,
          871744,
          871840,
          870880,
          871136,
          873312,
          872224,
          875328,
          874016,
          870912,
          870624,
          871648,
          873856,
          869856,
          871680,
          871552,
          871392,
          878304
        ],
        "chunk_tokens": 224,
        "block_threads": 64,
        "staged_input_bytes": 201788444,
        "applicable": true
      },
      {
        "kernel": "onpair_dh_k7_t64_b8_h2",
        "role": "experimental",
        "stage_bytes": null,
        "chunk_size": 224,
        "decode_ms": 0.870272,
        "decode_gib_s": 1070.15103387435,
        "decode_ns_iters": [
          874240,
          871936,
          871392,
          871808,
          870720,
          871104,
          871136,
          873664,
          874112,
          873376,
          872736,
          871552,
          872576,
          871072,
          873248,
          872256,
          873216,
          871136,
          870976,
          870976,
          873440,
          870272,
          872896,
          873376,
          873280,
          871584,
          871008,
          872544,
          874528,
          873504
        ],
        "chunk_tokens": 224,
        "block_threads": 64,
        "staged_input_bytes": 201788444,
        "applicable": true
      },
      {
        "kernel": "onpair_dh_k7_t64_b8_h3",
        "role": "experimental",
        "stage_bytes": null,
        "chunk_size": 224,
        "decode_ms": 0.870176,
        "decode_gib_s": 1070.2690956219185,
        "decode_ns_iters": [
          871808,
          870176,
          872224,
          871776,
          877920,
          870912,
          871584,
          872704,
          874496,
          870784,
          871488,
          872096,
          872832,
          870432,
          872224,
          871936,
          873856,
          872832,
          871104,
          873760,
          872736,
          872288,
          871936,
          871680,
          872160,
          871392,
          871008,
          870912,
          871168,
          875872
        ],
        "chunk_tokens": 224,
        "block_threads": 64,
        "staged_input_bytes": 201788444,
        "applicable": true
      },
      {
        "kernel": "onpair_dh_k7_t64_b8_h4",
        "role": "experimental",
        "stage_bytes": null,
        "chunk_size": 224,
        "decode_ms": 0.869472,
        "decode_gib_s": 1071.1356783794054,
        "decode_ns_iters": [
          871072,
          873216,
          871424,
          871264,
          871488,
          880704,
          872256,
          871968,
          872160,
          871808,
          871520,
          871712,
          870592,
          872672,
          871520,
          870912,
          869472,
          871168,
          871456,
          869856,
          872320,
          870816,
          871648,
          871296,
          871488,
          870432,
          874464,
          870880,
          872864,
          871040
        ],
        "chunk_tokens": 224,
        "block_threads": 64,
        "staged_input_bytes": 201788444,
        "applicable": true
      },
      {
        "kernel": "onpair_dh_k7_t128_b1_h2",
        "role": "experimental",
        "stage_bytes": null,
        "chunk_size": 224,
        "decode_ms": 0.868608,
        "decode_gib_s": 1072.201131640393,
        "decode_ns_iters": [
          870720,
          871840,
          872896,
          872832,
          872512,
          871264,
          871776,
          872160,
          872960,
          871200,
          870880,
          871104,
          870304,
          872384,
          873792,
          871136,
          874112,
          872032,
          868608,
          880224,
          873920,
          871360,
          872416,
          872960,
          871904,
          871008,
          871392,
          871200,
          871488,
          871584
        ],
        "chunk_tokens": 224,
        "block_threads": 128,
        "staged_input_bytes": 201788444,
        "applicable": true
      },
      {
        "kernel": "onpair_dh_k7_t128_b1_h3",
        "role": "experimental",
        "stage_bytes": null,
        "chunk_size": 224,
        "decode_ms": 0.869504,
        "decode_gib_s": 1071.0962578112333,
        "decode_ns_iters": [
          870656,
          872352,
          871584,
          873376,
          871936,
          870944,
          870720,
          871360,
          872832,
          873056,
          870976,
          870880,
          871712,
          870688,
          869600,
          869984,
          869952,
          869568,
          872032,
          869504,
          877792,
          869952,
          871392,
          873696,
          870528,
          872832,
          872544,
          873728,
          873184,
          870496
        ],
        "chunk_tokens": 224,
        "block_threads": 128,
        "staged_input_bytes": 201788444,
        "applicable": true
      },
      {
        "kernel": "onpair_dh_k7_t128_b1_h4",
        "role": "experimental",
        "stage_bytes": null,
        "chunk_size": 224,
        "decode_ms": 0.8688,
        "decode_gib_s": 1071.9641811140636,
        "decode_ns_iters": [
          872352,
          869376,
          869152,
          869664,
          870336,
          870240,
          871168,
          871104,
          872512,
          872320,
          869184,
          870272,
          872160,
          869568,
          871008,
          870624,
          872864,
          870624,
          871104,
          874304,
          870080,
          870784,
          871904,
          870368,
          871456,
          871520,
          869984,
          868800,
          871136,
          869888
        ],
        "chunk_tokens": 224,
        "block_threads": 128,
        "staged_input_bytes": 201788444,
        "applicable": true
      },
      {
        "kernel": "onpair_dh_k7_t128_b2_h2",
        "role": "experimental",
        "stage_bytes": null,
        "chunk_size": 224,
        "decode_ms": 0.869088,
        "decode_gib_s": 1071.6089516273364,
        "decode_ns_iters": [
          875008,
          873344,
          871328,
          875008,
          870688,
          873120,
          873056,
          872192,
          873600,
          871680,
          870976,
          871488,
          872768,
          871808,
          873152,
          870912,
          871328,
          872000,
          871328,
          870720,
          871136,
          880224,
          872416,
          871168,
          870240,
          872832,
          869088,
          872416,
          872288,
          871296
        ],
        "chunk_tokens": 224,
        "block_threads": 128,
        "staged_input_bytes": 201788444,
        "applicable": true
      },
      {
        "kernel": "onpair_dh_k7_t128_b2_h3",
        "role": "experimental",
        "stage_bytes": null,
        "chunk_size": 224,
        "decode_ms": 0.868928,
        "decode_gib_s": 1071.8062722710033,
        "decode_ns_iters": [
          871424,
          868928,
          872000,
          871744,
          871680,
          871680,
          872384,
          870848,
          876672,
          872128,
          869632,
          869856,
          873312,
          872512,
          873120,
          870496,
          871648,
          871136,
          870592,
          871552,
          871968,
          873600,
          869696,
          869376,
          872576,
          871808,
          870560,
          868960,
          871072,
          870464
        ],
        "chunk_tokens": 224,
        "block_threads": 128,
        "staged_input_bytes": 201788444,
        "applicable": true
      },
      {
        "kernel": "onpair_dh_k7_t128_b2_h4",
        "role": "experimental",
        "stage_bytes": null,
        "chunk_size": 224,
        "decode_ms": 0.868224,
        "decode_gib_s": 1072.6753470900348,
        "decode_ns_iters": [
          871744,
          870560,
          870976,
          870944,
          873408,
          871552,
          871520,
          870368,
          873184,
          869440,
          870624,
          870112,
          870016,
          868832,
          870656,
          870272,
          869952,
          869696,
          869984,
          871776,
          870432,
          870592,
          868672,
          870400,
          868224,
          869920,
          871968,
          871904,
          871072,
          868256
        ],
        "chunk_tokens": 224,
        "block_threads": 128,
        "staged_input_bytes": 201788444,
        "applicable": true
      },
      {
        "kernel": "onpair_dh_k7_t128_b4_h2",
        "role": "experimental",
        "stage_bytes": null,
        "chunk_size": 224,
        "decode_ms": 0.869984,
        "decode_gib_s": 1070.5052972835115,
        "decode_ns_iters": [
          871776,
          870912,
          871712,
          871136,
          872128,
          871808,
          871104,
          873632,
          869984,
          874368,
          872448,
          871168,
          871168,
          871968,
          871232,
          872160,
          872192,
          870944,
          870976,
          871488,
          870944,
          872800,
          878208,
          870560,
          871168,
          870720,
          872320,
          871904,
          872672,
          872576
        ],
        "chunk_tokens": 224,
        "block_threads": 128,
        "staged_input_bytes": 201788444,
        "applicable": true
      },
      {
        "kernel": "onpair_dh_k7_t128_b4_h3",
        "role": "experimental",
        "stage_bytes": null,
        "chunk_size": 224,
        "decode_ms": 0.869856,
        "decode_gib_s": 1070.6628229866765,
        "decode_ns_iters": [
          871744,
          870528,
          871680,
          873504,
          872320,
          874880,
          871456,
          871520,
          872032,
          877312,
          871008,
          873408,
          871616,
          872608,
          870560,
          870400,
          874112,
          872032,
          871424,
          871232,
          871072,
          874464,
          872256,
          873600,
          870464,
          871200,
          869856,
          870976,
          871296,
          873120
        ],
        "chunk_tokens": 224,
        "block_threads": 128,
        "staged_input_bytes": 201788444,
        "applicable": true
      },
      {
        "kernel": "onpair_dh_k7_t128_b4_h4",
        "role": "experimental",
        "stage_bytes": null,
        "chunk_size": 224,
        "decode_ms": 0.869216,
        "decode_gib_s": 1071.4511474154854,
        "decode_ns_iters": [
          869504,
          870240,
          871488,
          870240,
          871360,
          870080,
          869216,
          869600,
          873216,
          870368,
          872224,
          870944,
          873152,
          870176,
          872512,
          870400,
          873536,
          871072,
          870240,
          871584,
          869472,
          870976,
          870176,
          871584,
          869824,
          872800,
          870784,
          870976,
          869824,
          870240
        ],
        "chunk_tokens": 224,
        "block_threads": 128,
        "staged_input_bytes": 201788444,
        "applicable": true
      },
      {
        "kernel": "onpair_dh_k7_t128_b6_h2",
        "role": "experimental",
        "stage_bytes": null,
        "chunk_size": 224,
        "decode_ms": 0.870912,
        "decode_gib_s": 1069.3646207101274,
        "decode_ns_iters": [
          871040,
          872512,
          874176,
          871456,
          870912,
          872704,
          871104,
          871616,
          875488,
          871808,
          871040,
          873472,
          871456,
          873664,
          876096,
          871424,
          871552,
          870944,
          872320,
          870912,
          873888,
          872384,
          871968,
          872992,
          873856,
          872640,
          872064,
          871488,
          871264,
          872544
        ],
        "chunk_tokens": 224,
        "block_threads": 128,
        "staged_input_bytes": 201788444,
        "applicable": true
      },
      {
        "kernel": "onpair_dh_k7_t128_b6_h3",
        "role": "experimental",
        "stage_bytes": null,
        "chunk_size": 224,
        "decode_ms": 0.868512,
        "decode_gib_s": 1072.3196461901487,
        "decode_ns_iters": [
          871040,
          870144,
          872064,
          871008,
          872192,
          871744,
          872160,
          871296,
          870528,
          871552,
          868512,
          869984,
          871584,
          869728,
          871616,
          870304,
          871776,
          869856,
          869440,
          873856,
          869248,
          871840,
          869664,
          871424,
          876448,
          871328,
          869760,
          869216,
          869632,
          871136
        ],
        "chunk_tokens": 224,
        "block_threads": 128,
        "staged_input_bytes": 201788444,
        "applicable": true
      },
      {
        "kernel": "onpair_dh_k7_t128_b6_h4",
        "role": "experimental",
        "stage_bytes": null,
        "chunk_size": 224,
        "decode_ms": 0.869088,
        "decode_gib_s": 1071.6089516273364,
        "decode_ns_iters": [
          870880,
          869984,
          872000,
          871616,
          870912,
          874112,
          869216,
          872224,
          874400,
          870048,
          871840,
          872896,
          869088,
          871936,
          871840,
          873952,
          870400,
          872192,
          872192,
          871072,
          870880,
          869888,
          870400,
          871520,
          871872,
          874976,
          873632,
          872032,
          870752,
          873568
        ],
        "chunk_tokens": 224,
        "block_threads": 128,
        "staged_input_bytes": 201788444,
        "applicable": true
      },
      {
        "kernel": "onpair_dh_k7_t128_b8_h2",
        "role": "experimental",
        "stage_bytes": null,
        "chunk_size": 224,
        "decode_ms": 0.869248,
        "decode_gib_s": 1071.4117036241653,
        "decode_ns_iters": [
          871008,
          872256,
          875072,
          871040,
          871456,
          872544,
          873216,
          871680,
          870656,
          870528,
          871296,
          870688,
          870752,
          872864,
          872512,
          871424,
          871648,
          871040,
          872448,
          876672,
          873216,
          871424,
          870176,
          872832,
          872096,
          869248,
          877376,
          872896,
          870720,
          871488
        ],
        "chunk_tokens": 224,
        "block_threads": 128,
        "staged_input_bytes": 201788444,
        "applicable": true
      },
      {
        "kernel": "onpair_dh_k7_t128_b8_h3",
        "role": "experimental",
        "stage_bytes": null,
        "chunk_size": 224,
        "decode_ms": 0.86928,
        "decode_gib_s": 1071.3722627368609,
        "decode_ns_iters": [
          876832,
          873152,
          871232,
          870464,
          872160,
          874112,
          870528,
          870912,
          872640,
          872480,
          870528,
          870400,
          869280,
          872064,
          872288,
          870368,
          871264,
          872704,
          871296,
          870112,
          870848,
          871648,
          870720,
          870080,
          870432,
          869440,
          870144,
          871488,
          872800,
          872160
        ],
        "chunk_tokens": 224,
        "block_threads": 128,
        "staged_input_bytes": 201788444,
        "applicable": true
      },
      {
        "kernel": "onpair_dh_k7_t128_b8_h4",
        "role": "experimental",
        "stage_bytes": null,
        "chunk_size": 224,
        "decode_ms": 0.869248,
        "decode_gib_s": 1071.4117036241653,
        "decode_ns_iters": [
          872224,
          871680,
          871936,
          869856,
          871392,
          873344,
          871872,
          871776,
          870304,
          871456,
          873088,
          873184,
          871840,
          869248,
          876352,
          870048,
          871520,
          870624,
          873696,
          870560,
          870144,
          872480,
          871840,
          872992,
          872992,
          870368,
          871584,
          870880,
          870880,
          870368
        ],
        "chunk_tokens": 224,
        "block_threads": 128,
        "staged_input_bytes": 201788444,
        "applicable": true
      },
      {
        "kernel": "onpair_dh_k7_t256_b1_h0",
        "role": "experimental",
        "stage_bytes": null,
        "chunk_size": 224,
        "decode_ms": 0.86992,
        "decode_gib_s": 1070.5840543405122,
        "decode_ns_iters": [
          870080,
          876960,
          872320,
          870624,
          870880,
          873856,
          872672,
          872128,
          874624,
          871328,
          872672,
          869920,
          870080,
          871328,
          873184,
          872864,
          871520,
          870432,
          870304,
          871904,
          870912,
          871840,
          870240,
          871616,
          872800,
          870048,
          871392,
          872864,
          881632,
          872832
        ],
        "chunk_tokens": 224,
        "block_threads": 256,
        "staged_input_bytes": 201788444,
        "applicable": true
      },
      {
        "kernel": "onpair_dh_k7_t256_b1_h2",
        "role": "experimental",
        "stage_bytes": null,
        "chunk_size": 224,
        "decode_ms": 0.868224,
        "decode_gib_s": 1072.6753470900348,
        "decode_ns_iters": [
          871520,
          871328,
          872032,
          871744,
          871424,
          870048,
          870560,
          870912,
          870304,
          870784,
          868224,
          870432,
          870464,
          869440,
          871232,
          877120,
          870944,
          872096,
          868896,
          873376,
          870112,
          871552,
          870240,
          871008,
          870464,
          870560,
          870560,
          870528,
          870656,
          869312
        ],
        "chunk_tokens": 224,
        "block_threads": 256,
        "staged_input_bytes": 201788444,
        "applicable": true
      },
      {
        "kernel": "onpair_dh_k7_t256_b1_h3",
        "role": "experimental",
        "stage_bytes": null,
        "chunk_size": 224,
        "decode_ms": 0.8688,
        "decode_gib_s": 1071.9641811140636,
        "decode_ns_iters": [
          868800,
          869408,
          877760,
          872736,
          872544,
          872928,
          870144,
          871168,
          872672,
          871936,
          874176,
          870208,
          872416,
          872352,
          870592,
          870848,
          871328,
          870784,
          871264,
          870496,
          870752,
          871744,
          869856,
          871648,
          871776,
          871904,
          872160,
          873216,
          873088,
          879648
        ],
        "chunk_tokens": 224,
        "block_threads": 256,
        "staged_input_bytes": 201788444,
        "applicable": true
      },
      {
        "kernel": "onpair_dh_k7_t256_b1_h4",
        "role": "experimental",
        "stage_bytes": null,
        "chunk_size": 224,
        "decode_ms": 0.869472,
        "decode_gib_s": 1071.1356783794054,
        "decode_ns_iters": [
          873408,
          872288,
          871360,
          878752,
          872288,
          871744,
          870528,
          872960,
          869984,
          870080,
          869664,
          869696,
          871328,
          873088,
          872704,
          871072,
          872640,
          871744,
          872608,
          870688,
          872160,
          870368,
          871648,
          871104,
          871072,
          869472,
          869472,
          870400,
          871904,
          870304
        ],
        "chunk_tokens": 224,
        "block_threads": 256,
        "staged_input_bytes": 201788444,
        "applicable": true
      },
      {
        "kernel": "onpair_dh_k7_t256_b2_h2",
        "role": "experimental",
        "stage_bytes": null,
        "chunk_size": 224,
        "decode_ms": 0.868992,
        "decode_gib_s": 1071.7273352941093,
        "decode_ns_iters": [
          871328,
          871808,
          870688,
          878432,
          872352,
          870912,
          871744,
          873408,
          870880,
          868992,
          870624,
          871904,
          871360,
          871296,
          872512,
          870176,
          871456,
          870016,
          871136,
          872160,
          871744,
          871552,
          872352,
          872000,
          872640,
          872928,
          873504,
          869824,
          871136,
          871904
        ],
        "chunk_tokens": 224,
        "block_threads": 256,
        "staged_input_bytes": 201788444,
        "applicable": true
      },
      {
        "kernel": "onpair_dh_k7_t256_b2_h3",
        "role": "experimental",
        "stage_bytes": null,
        "chunk_size": 224,
        "decode_ms": 0.868416,
        "decode_gib_s": 1072.4381869425465,
        "decode_ns_iters": [
          871264,
          870912,
          870112,
          870176,
          871520,
          870080,
          871136,
          871744,
          869856,
          871936,
          871424,
          870592,
          871104,
          869888,
          871936,
          870656,
          870912,
          875200,
          872160,
          869824,
          870624,
          870048,
          871552,
          870144,
          868416,
          871712,
          869536,
          869760,
          871264,
          870752
        ],
        "chunk_tokens": 224,
        "block_threads": 256,
        "staged_input_bytes": 201788444,
        "applicable": true
      },
      {
        "kernel": "onpair_dh_k7_t256_b2_h4",
        "role": "experimental",
        "stage_bytes": null,
        "chunk_size": 224,
        "decode_ms": 0.86912,
        "decode_gib_s": 1071.5694962167463,
        "decode_ns_iters": [
          872512,
          873056,
          871232,
          870560,
          871232,
          872896,
          869760,
          872800,
          870784,
          871328,
          870944,
          871456,
          870720,
          869952,
          869408,
          873408,
          869344,
          871616,
          876416,
          869120,
          872064,
          871168,
          870368,
          870720,
          870880,
          871424,
          871296,
          871808,
          872736,
          871200
        ],
        "chunk_tokens": 224,
        "block_threads": 256,
        "staged_input_bytes": 201788444,
        "applicable": true
      },
      {
        "kernel": "onpair_dh_k7_t256_b4_h0",
        "role": "experimental",
        "stage_bytes": null,
        "chunk_size": 224,
        "decode_ms": 0.869888,
        "decode_gib_s": 1070.6234372147892,
        "decode_ns_iters": [
          870624,
          869888,
          870816,
          870336,
          871168,
          872096,
          873440,
          870336,
          873600,
          871328,
          870784,
          870240,
          871008,
          872960,
          871136,
          870592,
          870592,
          872160,
          876832,
          872064,
          871456,
          871520,
          870432,
          870432,
          870688,
          871424,
          871040,
          871360,
          871936,
          873408
        ],
        "chunk_tokens": 224,
        "block_threads": 256,
        "staged_input_bytes": 201788444,
        "applicable": true
      },
      {
        "kernel": "onpair_dh_k7_t256_b4_h2",
        "role": "experimental",
        "stage_bytes": null,
        "chunk_size": 224,
        "decode_ms": 0.869472,
        "decode_gib_s": 1071.1356783794054,
        "decode_ns_iters": [
          872320,
          871808,
          871008,
          870720,
          871328,
          872032,
          870880,
          872448,
          870080,
          871328,
          870880,
          871840,
          871104,
          870336,
          869472,
          869952,
          871808,
          872960,
          871232,
          871936,
          873408,
          870496,
          871936,
          869952,
          870880,
          869952,
          875712,
          869472,
          870144,
          873664
        ],
        "chunk_tokens": 224,
        "block_threads": 256,
        "staged_input_bytes": 201788444,
        "applicable": true
      },
      {
        "kernel": "onpair_dh_k7_t256_b4_h3",
        "role": "experimental",
        "stage_bytes": null,
        "chunk_size": 224,
        "decode_ms": 0.86832,
        "decode_gib_s": 1072.556753906277,
        "decode_ns_iters": [
          871072,
          870144,
          870752,
          870144,
          869152,
          869504,
          871712,
          871712,
          872512,
          871808,
          871136,
          872032,
          871424,
          871104,
          871040,
          872704,
          871424,
          870624,
          874272,
          875552,
          870880,
          870304,
          870624,
          869920,
          872288,
          869856,
          872864,
          872256,
          870720,
          868320
        ],
        "chunk_tokens": 224,
        "block_threads": 256,
        "staged_input_bytes": 201788444,
        "applicable": true
      },
      {
        "kernel": "onpair_dh_k7_t256_b4_h4",
        "role": "experimental",
        "stage_bytes": null,
        "chunk_size": 224,
        "decode_ms": 0.869184,
        "decode_gib_s": 1071.4905941111417,
        "decode_ns_iters": [
          870656,
          871200,
          871136,
          872000,
          869664,
          870816,
          875808,
          872640,
          870752,
          871520,
          871008,
          870944,
          870976,
          872000,
          871872,
          873088,
          870624,
          869184,
          870816,
          870912,
          872480,
          870848,
          869376,
          870080,
          871648,
          871520,
          872896,
          871136,
          870784,
          872224
        ],
        "chunk_tokens": 224,
        "block_threads": 256,
        "staged_input_bytes": 201788444,
        "applicable": true
      },
      {
        "kernel": "onpair_dh_k7_t256_b6_h2",
        "role": "experimental",
        "stage_bytes": null,
        "chunk_size": 224,
        "decode_ms": 0.937184,
        "decode_gib_s": 993.7456044404285,
        "decode_ns_iters": [
          941056,
          940448,
          938784,
          940832,
          940800,
          939968,
          937184,
          938016,
          940640,
          940832,
          940320,
          940064,
          939584,
          937376,
          939904,
          939104,
          938880,
          938976,
          940000,
          938368,
          938592,
          939072,
          940032,
          938592,
          940224,
          941536,
          940960,
          940032,
          939264,
          940512
        ],
        "chunk_tokens": 224,
        "block_threads": 256,
        "staged_input_bytes": 201788444,
        "applicable": true
      },
      {
        "kernel": "onpair_dh_k7_t256_b6_h3",
        "role": "experimental",
        "stage_bytes": null,
        "chunk_size": 224,
        "decode_ms": 0.978784,
        "decode_gib_s": 951.509710571381,
        "decode_ns_iters": [
          993568,
          982048,
          984896,
          985632,
          981248,
          984032,
          983040,
          982528,
          978784,
          981504,
          978976,
          979584,
          983456,
          980768,
          982528,
          982144,
          980896,
          983072,
          982208,
          983552,
          980000,
          980928,
          981952,
          981344,
          982240,
          980320,
          982688,
          983456,
          980992,
          982208
        ],
        "chunk_tokens": 224,
        "block_threads": 256,
        "staged_input_bytes": 201788444,
        "applicable": true
      },
      {
        "kernel": "onpair_dh_k7_t256_b6_h4",
        "role": "experimental",
        "stage_bytes": null,
        "chunk_size": 224,
        "decode_ms": 1.12464,
        "decode_gib_s": 828.1071992387772,
        "decode_ns_iters": [
          1133120,
          1126176,
          1132160,
          1130848,
          1129824,
          1134720,
          1136000,
          1124640,
          1134176,
          1129952,
          1129504,
          1129024,
          1131200,
          1132448,
          1128512,
          1133824,
          1135584,
          1132000,
          1131040,
          1132896,
          1135456,
          1135776,
          1130624,
          1132224,
          1131296,
          1128448,
          1130496,
          1129600,
          1135136,
          1136736
        ],
        "chunk_tokens": 224,
        "block_threads": 256,
        "staged_input_bytes": 201788444,
        "applicable": true
      },
      {
        "kernel": "onpair_dh_k7_t256_b8_h0",
        "role": "experimental",
        "stage_bytes": null,
        "chunk_size": 224,
        "decode_ms": 1.076512,
        "decode_gib_s": 865.1296785840739,
        "decode_ns_iters": [
          1082112,
          1086368,
          1087904,
          1084096,
          1085664,
          1090560,
          1087008,
          1082688,
          1083680,
          1083488,
          1086880,
          1081440,
          1084192,
          1084576,
          1084896,
          1085920,
          1085536,
          1086560,
          1076512,
          1084928,
          1086336,
          1085344,
          1087488,
          1085504,
          1085504,
          1083744,
          1084384,
          1082912,
          1083584,
          1083936
        ],
        "chunk_tokens": 224,
        "block_threads": 256,
        "staged_input_bytes": 201788444,
        "applicable": true
      },
      {
        "kernel": "onpair_dh_k7_t256_b8_h2",
        "role": "experimental",
        "stage_bytes": null,
        "chunk_size": 224,
        "decode_ms": 1.090176,
        "decode_gib_s": 854.2863542693093,
        "decode_ns_iters": [
          1096672,
          1103168,
          1098432,
          1097056,
          1095328,
          1103200,
          1097952,
          1091104,
          1096736,
          1097184,
          1090176,
          1095840,
          1100704,
          1098624,
          1094912,
          1091968,
          1095360,
          1100064,
          1097984,
          1098144,
          1096640,
          1092608,
          1095840,
          1097504,
          1098240,
          1101472,
          1098592,
          1099392,
          1099072,
          1092480
        ],
        "chunk_tokens": 224,
        "block_threads": 256,
        "staged_input_bytes": 201788444,
        "applicable": true
      },
      {
        "kernel": "onpair_dh_k7_t256_b8_h3",
        "role": "experimental",
        "stage_bytes": null,
        "chunk_size": 224,
        "decode_ms": 1.085312,
        "decode_gib_s": 858.1149757414444,
        "decode_ns_iters": [
          1089472,
          1091040,
          1090016,
          1088608,
          1090848,
          1090624,
          1088032,
          1091392,
          1087168,
          1087360,
          1089248,
          1086400,
          1088544,
          1091136,
          1096960,
          1090336,
          1088608,
          1090848,
          1089824,
          1089088,
          1088576,
          1086944,
          1090656,
          1089376,
          1090176,
          1088672,
          1088352,
          1085312,
          1092288,
          1090336
        ],
        "chunk_tokens": 224,
        "block_threads": 256,
        "staged_input_bytes": 201788444,
        "applicable": true
      },
      {
        "kernel": "onpair_dh_k7_t256_b8_h4",
        "role": "experimental",
        "stage_bytes": null,
        "chunk_size": 224,
        "decode_ms": 1.069632,
        "decode_gib_s": 870.694295376259,
        "decode_ns_iters": [
          1074656,
          1069952,
          1072864,
          1070464,
          1073952,
          1072640,
          1073408,
          1071040,
          1075456,
          1071072,
          1072320,
          1073088,
          1071424,
          1072160,
          1072608,
          1072256,
          1074688,
          1072736,
          1069984,
          1070656,
          1069632,
          1071712,
          1071616,
          1071488,
          1074656,
          1072416,
          1081472,
          1073216,
          1072128,
          1071616
        ],
        "chunk_tokens": 224,
        "block_threads": 256,
        "staged_input_bytes": 201788444,
        "applicable": true
      },
      {
        "kernel": "onpair_dh_k8_t64_b1_h2",
        "role": "experimental",
        "stage_bytes": null,
        "chunk_size": 256,
        "decode_ms": 0.868096,
        "decode_gib_s": 1072.8335121367895,
        "decode_ns_iters": [
          869024,
          872512,
          869696,
          870944,
          869952,
          872512,
          869312,
          868512,
          870880,
          869824,
          879072,
          870304,
          869056,
          869600,
          868192,
          868896,
          869216,
          868096,
          868576,
          868256,
          868704,
          868768,
          870720,
          869312,
          871648,
          871040,
          868608,
          869472,
          870016,
          869824
        ],
        "chunk_tokens": 256,
        "block_threads": 64,
        "staged_input_bytes": 201346068,
        "applicable": true
      },
      {
        "kernel": "onpair_dh_k8_t64_b1_h3",
        "role": "experimental",
        "stage_bytes": null,
        "chunk_size": 256,
        "decode_ms": 0.868352,
        "decode_gib_s": 1072.5172286721267,
        "decode_ns_iters": [
          869504,
          871072,
          868352,
          869984,
          872448,
          868512,
          869984,
          869472,
          869600,
          870624,
          869632,
          869568,
          868672,
          869536,
          869248,
          869472,
          871616,
          870048,
          870496,
          869248,
          868992,
          869184,
          871424,
          871840,
          869856,
          869312,
          869600,
          869184,
          869728,
          868672
        ],
        "chunk_tokens": 256,
        "block_threads": 64,
        "staged_input_bytes": 201346068,
        "applicable": true
      },
      {
        "kernel": "onpair_dh_k8_t64_b1_h4",
        "role": "experimental",
        "stage_bytes": null,
        "chunk_size": 256,
        "decode_ms": 0.865824,
        "decode_gib_s": 1075.6487237035453,
        "decode_ns_iters": [
          869536,
          870112,
          869472,
          868832,
          868896,
          868768,
          869120,
          869216,
          869472,
          867680,
          867808,
          867136,
          868192,
          868448,
          868128,
          867040,
          866240,
          867936,
          867808,
          867712,
          867712,
          867008,
          868096,
          866336,
          868416,
          869056,
          868288,
          869472,
          865824,
          868224
        ],
        "chunk_tokens": 256,
        "block_threads": 64,
        "staged_input_bytes": 201346068,
        "applicable": true
      },
      {
        "kernel": "onpair_dh_k8_t64_b2_h2",
        "role": "experimental",
        "stage_bytes": null,
        "chunk_size": 256,
        "decode_ms": 0.867552,
        "decode_gib_s": 1073.506234268261,
        "decode_ns_iters": [
          871712,
          869312,
          869440,
          869280,
          868960,
          868320,
          868864,
          869440,
          871072,
          870208,
          868640,
          870432,
          869056,
          870112,
          868704,
          869952,
          870976,
          868000,
          868992,
          868960,
          871392,
          868960,
          870048,
          869600,
          867648,
          871264,
          867552,
          869120,
          869248,
          873824
        ],
        "chunk_tokens": 256,
        "block_threads": 64,
        "staged_input_bytes": 201346068,
        "applicable": true
      },
      {
        "kernel": "onpair_dh_k8_t64_b2_h3",
        "role": "experimental",
        "stage_bytes": null,
        "chunk_size": 256,
        "decode_ms": 0.868288,
        "decode_gib_s": 1072.5962820537638,
        "decode_ns_iters": [
          870144,
          871008,
          871168,
          868800,
          870112,
          870560,
          869888,
          871264,
          868640,
          869472,
          868704,
          869152,
          870368,
          868448,
          868960,
          870016,
          868288,
          872192,
          869568,
          871072,
          869408,
          868448,
          869696,
          870624,
          868864,
          870240,
          872224,
          875168,
          868320,
          869696
        ],
        "chunk_tokens": 256,
        "block_threads": 64,
        "staged_input_bytes": 201346068,
        "applicable": true
      },
      {
        "kernel": "onpair_dh_k8_t64_b2_h4",
        "role": "experimental",
        "stage_bytes": null,
        "chunk_size": 256,
        "decode_ms": 0.866112,
        "decode_gib_s": 1075.291048446273,
        "decode_ns_iters": [
          869504,
          870528,
          868576,
          870336,
          867648,
          870656,
          869088,
          869312,
          868256,
          867360,
          869280,
          867200,
          871520,
          869536,
          866112,
          869696,
          868512,
          867584,
          866720,
          868768,
          869920,
          868128,
          868928,
          869472,
          869056,
          869600,
          870752,
          867712,
          869152,
          868224
        ],
        "chunk_tokens": 256,
        "block_threads": 64,
        "staged_input_bytes": 201346068,
        "applicable": true
      },
      {
        "kernel": "onpair_dh_k8_t64_b4_h2",
        "role": "experimental",
        "stage_bytes": null,
        "chunk_size": 256,
        "decode_ms": 0.866976,
        "decode_gib_s": 1074.219448464431,
        "decode_ns_iters": [
          874784,
          871424,
          872128,
          869824,
          870016,
          867296,
          870112,
          869312,
          868352,
          868224,
          867712,
          867872,
          867744,
          870464,
          866976,
          868160,
          868832,
          867136,
          868512,
          868448,
          870528,
          868384,
          871104,
          869088,
          868928,
          868384,
          868480,
          869440,
          868576,
          869184
        ],
        "chunk_tokens": 256,
        "block_threads": 64,
        "staged_input_bytes": 201346068,
        "applicable": true
      },
      {
        "kernel": "onpair_dh_k8_t64_b4_h3",
        "role": "experimental",
        "stage_bytes": null,
        "chunk_size": 256,
        "decode_ms": 0.866368,
        "decode_gib_s": 1074.9733145175012,
        "decode_ns_iters": [
          877248,
          868672,
          869216,
          870752,
          870016,
          868512,
          869792,
          868448,
          869824,
          868320,
          869216,
          870944,
          871008,
          870144,
          869664,
          870464,
          869120,
          867552,
          870240,
          870368,
          868160,
          870144,
          866368,
          868224,
          871232,
          867552,
          868288,
          869664,
          869408,
          868064
        ],
        "chunk_tokens": 256,
        "block_threads": 64,
        "staged_input_bytes": 201346068,
        "applicable": true
      },
      {
        "kernel": "onpair_dh_k8_t64_b4_h4",
        "role": "experimental",
        "stage_bytes": null,
        "chunk_size": 256,
        "decode_ms": 0.86592,
        "decode_gib_s": 1075.5294721820703,
        "decode_ns_iters": [
          871968,
          866848,
          869056,
          869152,
          869792,
          869120,
          867872,
          869280,
          868128,
          867968,
          868480,
          868480,
          870592,
          867424,
          869216,
          867552,
          867904,
          869600,
          868512,
          867520,
          869024,
          867424,
          868288,
          870336,
          869024,
          865920,
          869984,
          867648,
          868800,
          869344
        ],
        "chunk_tokens": 256,
        "block_threads": 64,
        "staged_input_bytes": 201346068,
        "applicable": true
      },
      {
        "kernel": "onpair_dh_k8_t64_b6_h2",
        "role": "experimental",
        "stage_bytes": null,
        "chunk_size": 256,
        "decode_ms": 0.866624,
        "decode_gib_s": 1074.6557683053995,
        "decode_ns_iters": [
          868928,
          869376,
          868032,
          868320,
          871072,
          866752,
          868096,
          868960,
          871744,
          866624,
          870464,
          869216,
          868448,
          868032,
          868800,
          871136,
          870304,
          868960,
          867232,
          868544,
          869248,
          870656,
          869696,
          868608,
          870880,
          868672,
          869760,
          872864,
          872160,
          869216
        ],
        "chunk_tokens": 256,
        "block_threads": 64,
        "staged_input_bytes": 201346068,
        "applicable": true
      },
      {
        "kernel": "onpair_dh_k8_t64_b6_h3",
        "role": "experimental",
        "stage_bytes": null,
        "chunk_size": 256,
        "decode_ms": 0.867424,
        "decode_gib_s": 1073.6646444551898,
        "decode_ns_iters": [
          869216,
          876000,
          871776,
          869632,
          870080,
          870880,
          869024,
          870176,
          870944,
          867424,
          870496,
          871104,
          868416,
          868192,
          874688,
          870112,
          870336,
          868672,
          868096,
          867840,
          870400,
          869632,
          870528,
          869408,
          868480,
          870528,
          868928,
          871424,
          870272,
          868928
        ],
        "chunk_tokens": 256,
        "block_threads": 64,
        "staged_input_bytes": 201346068,
        "applicable": true
      },
      {
        "kernel": "onpair_dh_k8_t64_b6_h4",
        "role": "experimental",
        "stage_bytes": null,
        "chunk_size": 256,
        "decode_ms": 0.866112,
        "decode_gib_s": 1075.291048446273,
        "decode_ns_iters": [
          867200,
          875648,
          867808,
          866880,
          868160,
          869312,
          867968,
          867936,
          867232,
          868160,
          868160,
          866112,
          867520,
          867776,
          872768,
          869696,
          868768,
          868480,
          867072,
          869632,
          869600,
          868352,
          869088,
          868448,
          868992,
          870912,
          869248,
          873472,
          869856,
          868896
        ],
        "chunk_tokens": 256,
        "block_threads": 64,
        "staged_input_bytes": 201346068,
        "applicable": true
      },
      {
        "kernel": "onpair_dh_k8_t64_b8_h2",
        "role": "experimental",
        "stage_bytes": null,
        "chunk_size": 256,
        "decode_ms": 0.867488,
        "decode_gib_s": 1073.5854335182717,
        "decode_ns_iters": [
          869344,
          869504,
          873248,
          868160,
          873568,
          868320,
          867552,
          870784,
          871264,
          868288,
          871392,
          868576,
          870432,
          869472,
          872352,
          868960,
          869184,
          869952,
          868064,
          869248,
          870592,
          868672,
          868768,
          871520,
          868352,
          869728,
          870368,
          873312,
          869568,
          867488
        ],
        "chunk_tokens": 256,
        "block_threads": 64,
        "staged_input_bytes": 201346068,
        "applicable": true
      },
      {
        "kernel": "onpair_dh_k8_t64_b8_h3",
        "role": "experimental",
        "stage_bytes": null,
        "chunk_size": 256,
        "decode_ms": 0.866752,
        "decode_gib_s": 1074.497065541122,
        "decode_ns_iters": [
          870848,
          875456,
          873536,
          869280,
          868512,
          870048,
          868800,
          869440,
          868416,
          867520,
          869440,
          870112,
          869568,
          872640,
          874176,
          871968,
          869280,
          870464,
          869664,
          869984,
          867808,
          869888,
          868928,
          870496,
          866752,
          866816,
          869088,
          877280,
          868864,
          869408
        ],
        "chunk_tokens": 256,
        "block_threads": 64,
        "staged_input_bytes": 201346068,
        "applicable": true
      },
      {
        "kernel": "onpair_dh_k8_t64_b8_h4",
        "role": "experimental",
        "stage_bytes": null,
        "chunk_size": 256,
        "decode_ms": 0.86688,
        "decode_gib_s": 1074.338409643663,
        "decode_ns_iters": [
          868864,
          872864,
          869408,
          869632,
          870784,
          871552,
          869056,
          869280,
          868576,
          867264,
          869568,
          868800,
          868704,
          868480,
          876224,
          868480,
          867616,
          869120,
          868544,
          869248,
          868896,
          868384,
          869408,
          869472,
          867296,
          866880,
          872544,
          873952,
          869632,
          870432
        ],
        "chunk_tokens": 256,
        "block_threads": 64,
        "staged_input_bytes": 201346068,
        "applicable": true
      },
      {
        "kernel": "onpair_dh_k8_t128_b1_h2",
        "role": "experimental",
        "stage_bytes": null,
        "chunk_size": 256,
        "decode_ms": 0.867168,
        "decode_gib_s": 1073.981605123688,
        "decode_ns_iters": [
          868416,
          869024,
          868544,
          868576,
          870400,
          870016,
          869696,
          869504,
          869344,
          870336,
          869280,
          868064,
          869696,
          868192,
          877536,
          870400,
          870944,
          868672,
          868704,
          870080,
          868352,
          870400,
          868576,
          869376,
          869248,
          868864,
          869824,
          875136,
          867168,
          868352
        ],
        "chunk_tokens": 256,
        "block_threads": 128,
        "staged_input_bytes": 201346068,
        "applicable": true
      },
      {
        "kernel": "onpair_dh_k8_t128_b1_h3",
        "role": "experimental",
        "stage_bytes": null,
        "chunk_size": 256,
        "decode_ms": 0.868224,
        "decode_gib_s": 1072.6753470900348,
        "decode_ns_iters": [
          872160,
          875328,
          871424,
          872064,
          870528,
          869984,
          869920,
          869568,
          869728,
          870624,
          869792,
          870944,
          868864,
          869824,
          874496,
          869952,
          869120,
          870272,
          869344,
          868224,
          870304,
          870048,
          869856,
          871296,
          868960,
          871136,
          869792,
          876736,
          871520,
          868448
        ],
        "chunk_tokens": 256,
        "block_threads": 128,
        "staged_input_bytes": 201346068,
        "applicable": true
      },
      {
        "kernel": "onpair_dh_k8_t128_b1_h4",
        "role": "experimental",
        "stage_bytes": null,
        "chunk_size": 256,
        "decode_ms": 0.86752,
        "decode_gib_s": 1073.5458324325646,
        "decode_ns_iters": [
          869856,
          876704,
          867520,
          868704,
          879520,
          882016,
          881824,
          881856,
          880832,
          880256,
          881664,
          880704,
          884736,
          882208,
          882784,
          882048,
          881536,
          881920,
          882368,
          880576,
          883808,
          882336,
          881632,
          881568,
          882144,
          881760,
          881888,
          882176,
          880864,
          883104
        ],
        "chunk_tokens": 256,
        "block_threads": 128,
        "staged_input_bytes": 201346068,
        "applicable": true
      },
      {
        "kernel": "onpair_dh_k8_t128_b2_h2",
        "role": "experimental",
        "stage_bytes": null,
        "chunk_size": 256,
        "decode_ms": 0.879296,
        "decode_gib_s": 1059.1683352953937,
        "decode_ns_iters": [
          883616,
          881888,
          881728,
          880992,
          884032,
          880736,
          880768,
          888640,
          882144,
          881344,
          881824,
          882656,
          879296,
          881120,
          881216,
          881024,
          882528,
          879776,
          881248,
          880192,
          881824,
          881184,
          881216,
          883616,
          879328,
          882336,
          881568,
          882048,
          879744,
          881088
        ],
        "chunk_tokens": 256,
        "block_threads": 128,
        "staged_input_bytes": 201346068,
        "applicable": true
      },
      {
        "kernel": "onpair_dh_k8_t128_b2_h3",
        "role": "experimental",
        "stage_bytes": null,
        "chunk_size": 256,
        "decode_ms": 0.877792,
        "decode_gib_s": 1060.9831036873181,
        "decode_ns_iters": [
          877792,
          880832,
          879968,
          881600,
          880928,
          880608,
          881408,
          880832,
          880576,
          881568,
          881024,
          880096,
          881536,
          886016,
          881824,
          880992,
          881248,
          881088,
          881408,
          881952,
          882112,
          880128,
          881120,
          879328,
          879936,
          882176,
          879712,
          881280,
          881376,
          887776
        ],
        "chunk_tokens": 256,
        "block_threads": 128,
        "staged_input_bytes": 201346068,
        "applicable": true
      },
      {
        "kernel": "onpair_dh_k8_t128_b2_h4",
        "role": "experimental",
        "stage_bytes": null,
        "chunk_size": 256,
        "decode_ms": 0.880576,
        "decode_gib_s": 1057.6287345463634,
        "decode_ns_iters": [
          883840,
          880992,
          883936,
          884032,
          887936,
          883072,
          880640,
          882752,
          881184,
          883168,
          881536,
          881088,
          881280,
          882816,
          881984,
          882528,
          882592,
          883584,
          883232,
          881952,
          888480,
          881408,
          882912,
          880736,
          883104,
          880576,
          881824,
          883520,
          881792,
          882400
        ],
        "chunk_tokens": 256,
        "block_threads": 128,
        "staged_input_bytes": 201346068,
        "applicable": true
      },
      {
        "kernel": "onpair_dh_k8_t128_b4_h2",
        "role": "experimental",
        "stage_bytes": null,
        "chunk_size": 256,
        "decode_ms": 0.87856,
        "decode_gib_s": 1060.0556371242699,
        "decode_ns_iters": [
          881280,
          880288,
          882240,
          878624,
          881216,
          883616,
          878560,
          881184,
          882016,
          879808,
          881152,
          881984,
          880064,
          880864,
          881632,
          880608,
          881824,
          880704,
          880960,
          880992,
          881664,
          882592,
          880768,
          881728,
          880288,
          880704,
          892096,
          881472,
          879552,
          880288
        ],
        "chunk_tokens": 256,
        "block_threads": 128,
        "staged_input_bytes": 201346068,
        "applicable": true
      },
      {
        "kernel": "onpair_dh_k8_t128_b4_h3",
        "role": "experimental",
        "stage_bytes": null,
        "chunk_size": 256,
        "decode_ms": 0.879104,
        "decode_gib_s": 1059.3996621012968,
        "decode_ns_iters": [
          881344,
          886272,
          882688,
          880512,
          881184,
          882560,
          881312,
          880448,
          881152,
          881248,
          882720,
          881920,
          879488,
          880320,
          883424,
          880032,
          880032,
          879104,
          880736,
          880736,
          881632,
          881888,
          880928,
          881344,
          883008,
          881184,
          880576,
          881600,
          881280,
          881152
        ],
        "chunk_tokens": 256,
        "block_threads": 128,
        "staged_input_bytes": 201346068,
        "applicable": true
      },
      {
        "kernel": "onpair_dh_k8_t128_b4_h4",
        "role": "experimental",
        "stage_bytes": null,
        "chunk_size": 256,
        "decode_ms": 0.880608,
        "decode_gib_s": 1057.590301873136,
        "decode_ns_iters": [
          882304,
          883200,
          884704,
          881536,
          882976,
          882880,
          882112,
          888960,
          881728,
          882464,
          882720,
          881312,
          883744,
          882944,
          881248,
          882560,
          882016,
          880608,
          881920,
          881376,
          884000,
          880608,
          881120,
          887072,
          882464,
          881280,
          883616,
          881504,
          881408,
          881408
        ],
        "chunk_tokens": 256,
        "block_threads": 128,
        "staged_input_bytes": 201346068,
        "applicable": true
      },
      {
        "kernel": "onpair_dh_k8_t128_b6_h2",
        "role": "experimental",
        "stage_bytes": null,
        "chunk_size": 256,
        "decode_ms": 0.879648,
        "decode_gib_s": 1058.744498426528,
        "decode_ns_iters": [
          881504,
          882720,
          881408,
          881088,
          880448,
          879904,
          881184,
          881984,
          879648,
          881056,
          880768,
          882528,
          881504,
          885056,
          880832,
          880928,
          880864,
          881728,
          881600,
          881344,
          880512,
          882240,
          880992,
          881856,
          880512,
          880416,
          880768,
          881600,
          881952,
          882112
        ],
        "chunk_tokens": 256,
        "block_threads": 128,
        "staged_input_bytes": 201346068,
        "applicable": true
      },
      {
        "kernel": "onpair_dh_k8_t128_b6_h3",
        "role": "experimental",
        "stage_bytes": null,
        "chunk_size": 256,
        "decode_ms": 0.87936,
        "decode_gib_s": 1059.0912488081087,
        "decode_ns_iters": [
          881344,
          880800,
          880864,
          881696,
          880704,
          882528,
          879360,
          881536,
          882016,
          881440,
          881408,
          881728,
          881152,
          881536,
          882240,
          880768,
          881728,
          880416,
          880896,
          884832,
          880352,
          880640,
          880544,
          880992,
          881184,
          881408,
          881344,
          880736,
          879424,
          881248
        ],
        "chunk_tokens": 256,
        "block_threads": 128,
        "staged_input_bytes": 201346068,
        "applicable": true
      },
      {
        "kernel": "onpair_dh_k8_t128_b6_h4",
        "role": "experimental",
        "stage_bytes": null,
        "chunk_size": 256,
        "decode_ms": 0.879968,
        "decode_gib_s": 1058.3594864266638,
        "decode_ns_iters": [
          884480,
          883136,
          881088,
          880672,
          882816,
          882272,
          881664,
          879968,
          884864,
          888000,
          882080,
          881824,
          881120,
          881504,
          882080,
          882560,
          880608,
          882624,
          880800,
          883296,
          882112,
          882528,
          884896,
          881952,
          881120,
          886144,
          881728,
          880576,
          883392,
          881120
        ],
        "chunk_tokens": 256,
        "block_threads": 128,
        "staged_input_bytes": 201346068,
        "applicable": true
      },
      {
        "kernel": "onpair_dh_k8_t128_b8_h2",
        "role": "experimental",
        "stage_bytes": null,
        "chunk_size": 256,
        "decode_ms": 0.87888,
        "decode_gib_s": 1059.6696711176708,
        "decode_ns_iters": [
          881024,
          880032,
          881152,
          881152,
          881440,
          881120,
          881824,
          880448,
          880544,
          879744,
          881504,
          880640,
          882240,
          879424,
          879744,
          885888,
          883168,
          882048,
          880928,
          879520,
          880192,
          880352,
          879904,
          880608,
          881056,
          881280,
          880672,
          880512,
          882016,
          878880
        ],
        "chunk_tokens": 256,
        "block_threads": 128,
        "staged_input_bytes": 201346068,
        "applicable": true
      },
      {
        "kernel": "onpair_dh_k8_t128_b8_h3",
        "role": "experimental",
        "stage_bytes": null,
        "chunk_size": 256,
        "decode_ms": 0.878848,
        "decode_gib_s": 1059.7082550701582,
        "decode_ns_iters": [
          882720,
          880512,
          881216,
          881632,
          882464,
          881280,
          880992,
          881504,
          880864,
          881440,
          881504,
          880768,
          878912,
          880480,
          880608,
          880768,
          883104,
          878848,
          880224,
          880768,
          880960,
          890464,
          881472,
          880864,
          881728,
          883264,
          881472,
          879712,
          880064,
          881344
        ],
        "chunk_tokens": 256,
        "block_threads": 128,
        "staged_input_bytes": 201346068,
        "applicable": true
      },
      {
        "kernel": "onpair_dh_k8_t128_b8_h4",
        "role": "experimental",
        "stage_bytes": null,
        "chunk_size": 256,
        "decode_ms": 0.879392,
        "decode_gib_s": 1059.0527097720908,
        "decode_ns_iters": [
          880288,
          879840,
          882400,
          881696,
          879936,
          879936,
          881056,
          882528,
          881728,
          880832,
          883168,
          886848,
          879552,
          881824,
          882176,
          879936,
          880832,
          880256,
          881344,
          880064,
          881728,
          881216,
          879648,
          879776,
          881664,
          879872,
          881696,
          887008,
          879392,
          881120
        ],
        "chunk_tokens": 256,
        "block_threads": 128,
        "staged_input_bytes": 201346068,
        "applicable": true
      },
      {
        "kernel": "onpair_dh_k8_t256_b1_h0",
        "role": "experimental",
        "stage_bytes": null,
        "chunk_size": 256,
        "decode_ms": 0.880064,
        "decode_gib_s": 1058.2440374244356,
        "decode_ns_iters": [
          886144,
          882944,
          883232,
          880064,
          890688,
          882752,
          881280,
          882400,
          880640,
          880480,
          881408,
          882560,
          882880,
          881376,
          882304,
          883360,
          882368,
          882496,
          881600,
          881536,
          883744,
          883648,
          884288,
          882400,
          881504,
          881888,
          883360,
          882976,
          882496,
          881184
        ],
        "chunk_tokens": 256,
        "block_threads": 256,
        "staged_input_bytes": 201346068,
        "applicable": true
      },
      {
        "kernel": "onpair_dh_k8_t256_b1_h2",
        "role": "experimental",
        "stage_bytes": null,
        "chunk_size": 256,
        "decode_ms": 0.88224,
        "decode_gib_s": 1055.6339324355033,
        "decode_ns_iters": [
          882272,
          882656,
          883936,
          886144,
          882880,
          884960,
          885056,
          882720,
          885280,
          885952,
          884928,
          891520,
          884480,
          883168,
          882752,
          885824,
          883872,
          883616,
          882240,
          883936,
          883360,
          884352,
          883680,
          883360,
          883328,
          882880,
          883232,
          889504,
          885984,
          883552
        ],
        "chunk_tokens": 256,
        "block_threads": 256,
        "staged_input_bytes": 201346068,
        "applicable": true
      },
      {
        "kernel": "onpair_dh_k8_t256_b1_h3",
        "role": "experimental",
        "stage_bytes": null,
        "chunk_size": 256,
        "decode_ms": 0.882784,
        "decode_gib_s": 1054.9834167269664,
        "decode_ns_iters": [
          886784,
          885344,
          883904,
          884224,
          884064,
          884864,
          884800,
          885152,
          884576,
          884352,
          885280,
          883840,
          882784,
          884160,
          883584,
          885408,
          884576,
          884128,
          885152,
          885312,
          884192,
          883776,
          882784,
          883712,
          884096,
          884064,
          884320,
          884704,
          884032,
          884704
        ],
        "chunk_tokens": 256,
        "block_threads": 256,
        "staged_input_bytes": 201346068,
        "applicable": true
      },
      {
        "kernel": "onpair_dh_k8_t256_b1_h4",
        "role": "experimental",
        "stage_bytes": null,
        "chunk_size": 256,
        "decode_ms": 0.90544,
        "decode_gib_s": 1028.5855280878893,
        "decode_ns_iters": [
          905888,
          907712,
          907584,
          907840,
          908640,
          908672,
          910016,
          908160,
          909888,
          908896,
          907456,
          907296,
          906560,
          906976,
          908224,
          908128,
          908064,
          908544,
          914208,
          908064,
          907456,
          906816,
          908064,
          907648,
          907296,
          908416,
          908864,
          906528,
          909632,
          905440
        ],
        "chunk_tokens": 256,
        "block_threads": 256,
        "staged_input_bytes": 201346068,
        "applicable": true
      },
      {
        "kernel": "onpair_dh_k8_t256_b2_h2",
        "role": "experimental",
        "stage_bytes": null,
        "chunk_size": 256,
        "decode_ms": 0.882272,
        "decode_gib_s": 1055.5956445992829,
        "decode_ns_iters": [
          884544,
          885536,
          883456,
          884448,
          883296,
          884320,
          885152,
          882528,
          883936,
          885088,
          884352,
          882464,
          883008,
          890304,
          884640,
          882784,
          883104,
          884896,
          883456,
          884640,
          883744,
          883712,
          885184,
          884224,
          883904,
          882272,
          884704,
          884192,
          883040,
          884000
        ],
        "chunk_tokens": 256,
        "block_threads": 256,
        "staged_input_bytes": 201346068,
        "applicable": true
      },
      {
        "kernel": "onpair_dh_k8_t256_b2_h3",
        "role": "experimental",
        "stage_bytes": null,
        "chunk_size": 256,
        "decode_ms": 0.882208,
        "decode_gib_s": 1055.6722230493244,
        "decode_ns_iters": [
          884480,
          883264,
          886592,
          884576,
          883616,
          891552,
          884576,
          883488,
          885600,
          883744,
          883744,
          884288,
          884864,
          882272,
          884576,
          882816,
          884256,
          883168,
          883040,
          882208,
          883488,
          893184,
          886144,
          886080,
          885184,
          884128,
          884736,
          884576,
          884416,
          883904
        ],
        "chunk_tokens": 256,
        "block_threads": 256,
        "staged_input_bytes": 201346068,
        "applicable": true
      },
      {
        "kernel": "onpair_dh_k8_t256_b2_h4",
        "role": "experimental",
        "stage_bytes": null,
        "chunk_size": 256,
        "decode_ms": 0.90528,
        "decode_gib_s": 1028.7673212176328,
        "decode_ns_iters": [
          907744,
          907936,
          909120,
          908832,
          907744,
          907328,
          907424,
          907808,
          907456,
          905664,
          909184,
          907808,
          907360,
          908416,
          906592,
          905984,
          909792,
          908960,
          906304,
          908288,
          908800,
          905696,
          913312,
          905280,
          906080,
          907680,
          906912,
          906784,
          906720,
          907424
        ],
        "chunk_tokens": 256,
        "block_threads": 256,
        "staged_input_bytes": 201346068,
        "applicable": true
      },
      {
        "kernel": "onpair_dh_k8_t256_b4_h0",
        "role": "experimental",
        "stage_bytes": null,
        "chunk_size": 256,
        "decode_ms": 0.880704,
        "decode_gib_s": 1057.4750206106687,
        "decode_ns_iters": [
          882112,
          882528,
          882880,
          881600,
          884256,
          882048,
          883040,
          885280,
          882336,
          881568,
          882240,
          883104,
          883808,
          882432,
          882848,
          888416,
          882400,
          883392,
          881792,
          883680,
          881888,
          882624,
          884000,
          882752,
          882304,
          883040,
          883104,
          883392,
          882432,
          880704
        ],
        "chunk_tokens": 256,
        "block_threads": 256,
        "staged_input_bytes": 201346068,
        "applicable": true
      },
      {
        "kernel": "onpair_dh_k8_t256_b4_h2",
        "role": "experimental",
        "stage_bytes": null,
        "chunk_size": 256,
        "decode_ms": 0.882496,
        "decode_gib_s": 1055.3277074931768,
        "decode_ns_iters": [
          883616,
          883424,
          883840,
          882656,
          884896,
          885472,
          890816,
          886304,
          885344,
          882528,
          884416,
          883360,
          885472,
          883104,
          885344,
          886400,
          884736,
          882944,
          883936,
          883136,
          883584,
          883072,
          888512,
          883264,
          885184,
          883456,
          882752,
          886304,
          882496,
          884608
        ],
        "chunk_tokens": 256,
        "block_threads": 256,
        "staged_input_bytes": 201346068,
        "applicable": true
      },
      {
        "kernel": "onpair_dh_k8_t256_b4_h3",
        "role": "experimental",
        "stage_bytes": null,
        "chunk_size": 256,
        "decode_ms": 0.882144,
        "decode_gib_s": 1055.748812610978,
        "decode_ns_iters": [
          883008,
          884192,
          884224,
          885280,
          885152,
          885248,
          884512,
          882144,
          884448,
          883360,
          883648,
          884096,
          883616,
          891296,
          886240,
          885184,
          885408,
          883584,
          883552,
          883936,
          886112,
          884000,
          883872,
          885152,
          885600,
          885792,
          883968,
          884544,
          883168,
          882976
        ],
        "chunk_tokens": 256,
        "block_threads": 256,
        "staged_input_bytes": 201346068,
        "applicable": true
      },
      {
        "kernel": "onpair_dh_k8_t256_b4_h4",
        "role": "experimental",
        "stage_bytes": null,
        "chunk_size": 256,
        "decode_ms": 0.881152,
        "decode_gib_s": 1056.9373735200038,
        "decode_ns_iters": [
          882720,
          883648,
          882240,
          884800,
          883456,
          883008,
          887552,
          882112,
          881568,
          881248,
          884736,
          883168,
          882848,
          883904,
          883776,
          884256,
          884800,
          882784,
          882720,
          883296,
          883104,
          881760,
          883008,
          882400,
          882816,
          882528,
          881504,
          881728,
          883168,
          881152
        ],
        "chunk_tokens": 256,
        "block_threads": 256,
        "staged_input_bytes": 201346068,
        "applicable": true
      },
      {
        "kernel": "onpair_dh_k8_t256_b6_h2",
        "role": "experimental",
        "stage_bytes": null,
        "chunk_size": 256,
        "decode_ms": 1.17504,
        "decode_gib_s": 792.5878953498591,
        "decode_ns_iters": [
          1183200,
          1191104,
          1182592,
          1192768,
          1182016,
          1183168,
          1189024,
          1182176,
          1181952,
          1180256,
          1185120,
          1184544,
          1185504,
          1195520,
          1185792,
          1181792,
          1179584,
          1182688,
          1186624,
          1191648,
          1183360,
          1183840,
          1178496,
          1183712,
          1189152,
          1182304,
          1175040,
          1184480,
          1189312,
          1188960
        ],
        "chunk_tokens": 256,
        "block_threads": 256,
        "staged_input_bytes": 201346068,
        "applicable": true
      },
      {
        "kernel": "onpair_dh_k8_t256_b6_h3",
        "role": "experimental",
        "stage_bytes": null,
        "chunk_size": 256,
        "decode_ms": 1.105536,
        "decode_gib_s": 842.4171447622678,
        "decode_ns_iters": [
          1107584,
          1113632,
          1107808,
          1111840,
          1109568,
          1109344,
          1107168,
          1106272,
          1109376,
          1110304,
          1109312,
          1105536,
          1108832,
          1109344,
          1108832,
          1106752,
          1110720,
          1110144,
          1108768,
          1108768,
          1106944,
          1108864,
          1108160,
          1106848,
          1106240,
          1108224,
          1107264,
          1106624,
          1105888,
          1110272
        ],
        "chunk_tokens": 256,
        "block_threads": 256,
        "staged_input_bytes": 201346068,
        "applicable": true
      },
      {
        "kernel": "onpair_dh_k8_t256_b6_h4",
        "role": "experimental",
        "stage_bytes": null,
        "chunk_size": 256,
        "decode_ms": 1.11328,
        "decode_gib_s": 836.5572727003973,
        "decode_ns_iters": [
          1116896,
          1116544,
          1115328,
          1120640,
          1115808,
          1123616,
          1114240,
          1117280,
          1117248,
          1114496,
          1113280,
          1115712,
          1117024,
          1118560,
          1119104,
          1117568,
          1121728,
          1115840,
          1116096,
          1119680,
          1117472,
          1119424,
          1119296,
          1115328,
          1119360,
          1114688,
          1120192,
          1117024,
          1119264,
          1117024
        ],
        "chunk_tokens": 256,
        "block_threads": 256,
        "staged_input_bytes": 201346068,
        "applicable": true
      },
      {
        "kernel": "onpair_dh_k8_t256_b8_h0",
        "role": "experimental",
        "stage_bytes": null,
        "chunk_size": 256,
        "decode_ms": 0.878528,
        "decode_gib_s": 1060.094249189438,
        "decode_ns_iters": [
          880320,
          880480,
          879296,
          879840,
          881088,
          879040,
          878912,
          879072,
          881056,
          878624,
          878528,
          884512,
          881600,
          880832,
          881280,
          881440,
          880000,
          880480,
          879488,
          881312,
          879776,
          880544,
          879680,
          881568,
          878528,
          879648,
          880608,
          879296,
          882336,
          881248
        ],
        "chunk_tokens": 256,
        "block_threads": 256,
        "staged_input_bytes": 201346068,
        "applicable": true
      },
      {
        "kernel": "onpair_dh_k8_t256_b8_h2",
        "role": "experimental",
        "stage_bytes": null,
        "chunk_size": 256,
        "decode_ms": 0.886592,
        "decode_gib_s": 1050.452158999741,
        "decode_ns_iters": [
          891552,
          891456,
          891808,
          895712,
          890176,
          888480,
          889024,
          887680,
          889280,
          889344,
          889440,
          891520,
          888640,
          887104,
          890496,
          886592,
          888160,
          889408,
          889536,
          888160,
          889856,
          889440,
          889792,
          889728,
          891264,
          891744,
          889792,
          888480,
          889504,
          888768
        ],
        "chunk_tokens": 256,
        "block_threads": 256,
        "staged_input_bytes": 201346068,
        "applicable": true
      },
      {
        "kernel": "onpair_dh_k8_t256_b8_h3",
        "role": "experimental",
        "stage_bytes": null,
        "chunk_size": 256,
        "decode_ms": 0.892448,
        "decode_gib_s": 1043.5593788678987,
        "decode_ns_iters": [
          893888,
          893056,
          895040,
          894944,
          895424,
          896128,
          892448,
          895264,
          896768,
          895328,
          895584,
          893056,
          895072,
          896096,
          895744,
          896160,
          895104,
          895872,
          903232,
          892896,
          894944,
          896768,
          895392,
          892768,
          893824,
          893152,
          896288,
          893440,
          894688,
          894784
        ],
        "chunk_tokens": 256,
        "block_threads": 256,
        "staged_input_bytes": 201346068,
        "applicable": true
      },
      {
        "kernel": "onpair_dh_k8_t256_b8_h4",
        "role": "experimental",
        "stage_bytes": null,
        "chunk_size": 256,
        "decode_ms": 0.906432,
        "decode_gib_s": 1027.459843156352,
        "decode_ns_iters": [
          910656,
          907904,
          910144,
          907648,
          909952,
          907424,
          908384,
          908448,
          909152,
          906848,
          906432,
          910464,
          910048,
          909280,
          910016,
          907872,
          908032,
          907040,
          907264,
          909184,
          907968,
          917920,
          909856,
          909216,
          908480,
          911840,
          906560,
          908224,
          909280,
          907456
        ],
        "chunk_tokens": 256,
        "block_threads": 256,
        "staged_input_bytes": 201346068,
        "applicable": true
      },
      {
        "kernel": "onpair_ds_k4_t128_b2_s10",
        "role": "experimental",
        "stage_bytes": 10,
        "chunk_size": 128,
        "decode_ms": 0.0,
        "decode_gib_s": 0.0,
        "chunk_tokens": 128,
        "block_threads": 128,
        "staged_input_bytes": 204442660,
        "applicable": false,
        "reason": "staging 1312 B/warp is below this column's largest batch (1516 B + 15 shift)"
      },
      {
        "kernel": "onpair_ds_k4_t128_b2_s12",
        "role": "experimental",
        "stage_bytes": 12,
        "chunk_size": 128,
        "decode_ms": 0.871456,
        "decode_gib_s": 1068.697077708913,
        "decode_ns_iters": [
          871456,
          876032,
          874784,
          874080,
          876832,
          873728,
          875328,
          874016,
          874976,
          873056,
          873216,
          875648,
          882272,
          872832,
          874976,
          874240,
          874400,
          873920,
          874240,
          875424,
          874080,
          873632,
          874912,
          873600,
          874592,
          876320,
          880864,
          875744,
          875168,
          874144
        ],
        "chunk_tokens": 128,
        "block_threads": 128,
        "staged_input_bytes": 204442660,
        "applicable": true
      },
      {
        "kernel": "onpair_ds_k4_t128_b2_s14",
        "role": "experimental",
        "stage_bytes": 14,
        "chunk_size": 128,
        "decode_ms": 0.872576,
        "decode_gib_s": 1067.3253453589125,
        "decode_ns_iters": [
          874784,
          874368,
          877216,
          874560,
          876320,
          876896,
          875712,
          876192,
          875776,
          875456,
          876032,
          875776,
          876576,
          878528,
          875520,
          874656,
          875392,
          873952,
          873152,
          874240,
          873856,
          875392,
          873120,
          873568,
          873568,
          875968,
          873152,
          874176,
          872576,
          874336
        ],
        "chunk_tokens": 128,
        "block_threads": 128,
        "staged_input_bytes": 204442660,
        "applicable": true
      },
      {
        "kernel": "onpair_ds_k4_t128_b4_s10",
        "role": "experimental",
        "stage_bytes": 10,
        "chunk_size": 128,
        "decode_ms": 0.0,
        "decode_gib_s": 0.0,
        "chunk_tokens": 128,
        "block_threads": 128,
        "staged_input_bytes": 204442660,
        "applicable": false,
        "reason": "staging 1312 B/warp is below this column's largest batch (1516 B + 15 shift)"
      },
      {
        "kernel": "onpair_ds_k4_t128_b4_s12",
        "role": "experimental",
        "stage_bytes": 12,
        "chunk_size": 128,
        "decode_ms": 0.872704,
        "decode_gib_s": 1067.1688001337204,
        "decode_ns_iters": [
          873216,
          876416,
          876160,
          875008,
          876352,
          873600,
          876352,
          875008,
          874592,
          874272,
          873792,
          872704,
          875168,
          873344,
          873184,
          872736,
          872864,
          873248,
          873504,
          874016,
          873728,
          873568,
          877216,
          874368,
          874048,
          875040,
          874048,
          873056,
          874304,
          874944
        ],
        "chunk_tokens": 128,
        "block_threads": 128,
        "staged_input_bytes": 204442660,
        "applicable": true
      },
      {
        "kernel": "onpair_ds_k4_t128_b4_s14",
        "role": "experimental",
        "stage_bytes": 14,
        "chunk_size": 128,
        "decode_ms": 0.87184,
        "decode_gib_s": 1068.226372444369,
        "decode_ns_iters": [
          880544,
          876768,
          873600,
          874272,
          873792,
          873888,
          875424,
          873568,
          873280,
          871840,
          877408,
          875168,
          874208,
          872960,
          879712,
          877024,
          874112,
          874912,
          873408,
          874048,
          874176,
          875776,
          875008,
          874560,
          873024,
          872608,
          875264,
          873632,
          881408,
          875008
        ],
        "chunk_tokens": 128,
        "block_threads": 128,
        "staged_input_bytes": 204442660,
        "applicable": true
      },
      {
        "kernel": "onpair_ds_k4_t128_b8_s10",
        "role": "experimental",
        "stage_bytes": 10,
        "chunk_size": 128,
        "decode_ms": 0.0,
        "decode_gib_s": 0.0,
        "chunk_tokens": 128,
        "block_threads": 128,
        "staged_input_bytes": 204442660,
        "applicable": false,
        "reason": "staging 1312 B/warp is below this column's largest batch (1516 B + 15 shift)"
      },
      {
        "kernel": "onpair_ds_k4_t128_b8_s12",
        "role": "experimental",
        "stage_bytes": 12,
        "chunk_size": 128,
        "decode_ms": 0.87264,
        "decode_gib_s": 1067.247067005751,
        "decode_ns_iters": [
          873152,
          883968,
          873632,
          874944,
          875264,
          874048,
          873920,
          872640,
          874464,
          873920,
          875456,
          873824,
          872736,
          873856,
          874496,
          881056,
          875360,
          873344,
          874624,
          873344,
          875104,
          873152,
          873312,
          874496,
          874112,
          874976,
          875264,
          875904,
          875680,
          880032
        ],
        "chunk_tokens": 128,
        "block_threads": 128,
        "staged_input_bytes": 204442660,
        "applicable": true
      },
      {
        "kernel": "onpair_ds_k4_t128_b8_s14",
        "role": "experimental",
        "stage_bytes": 14,
        "chunk_size": 128,
        "decode_ms": 0.871872,
        "decode_gib_s": 1068.1871657214574,
        "decode_ns_iters": [
          873376,
          874016,
          874848,
          875744,
          874016,
          874336,
          874656,
          873792,
          876512,
          874464,
          873280,
          875968,
          873888,
          872928,
          876352,
          874752,
          873536,
          871872,
          874048,
          873056,
          875552,
          873312,
          872416,
          874784,
          873792,
          874528,
          874752,
          874912,
          876544,
          875808
        ],
        "chunk_tokens": 128,
        "block_threads": 128,
        "staged_input_bytes": 204442660,
        "applicable": true
      },
      {
        "kernel": "onpair_ds_k4_t256_b2_s10",
        "role": "experimental",
        "stage_bytes": 10,
        "chunk_size": 128,
        "decode_ms": 0.0,
        "decode_gib_s": 0.0,
        "chunk_tokens": 128,
        "block_threads": 256,
        "staged_input_bytes": 204442660,
        "applicable": false,
        "reason": "staging 1312 B/warp is below this column's largest batch (1516 B + 15 shift)"
      },
      {
        "kernel": "onpair_ds_k4_t256_b2_s12",
        "role": "experimental",
        "stage_bytes": 12,
        "chunk_size": 128,
        "decode_ms": 0.87264,
        "decode_gib_s": 1067.247067005751,
        "decode_ns_iters": [
          874816,
          873344,
          881248,
          876928,
          875872,
          873824,
          875456,
          874464,
          873632,
          872768,
          874496,
          874016,
          873088,
          873120,
          873248,
          873920,
          878848,
          875456,
          872640,
          873312,
          874304,
          874336,
          876256,
          874944,
          873888,
          877184,
          874112,
          874720,
          873952,
          874240
        ],
        "chunk_tokens": 128,
        "block_threads": 256,
        "staged_input_bytes": 204442660,
        "applicable": true
      },
      {
        "kernel": "onpair_ds_k4_t256_b2_s14",
        "role": "experimental",
        "stage_bytes": 14,
        "chunk_size": 128,
        "decode_ms": 0.872672,
        "decode_gib_s": 1067.2079321347521,
        "decode_ns_iters": [
          874304,
          874304,
          873888,
          875232,
          875872,
          876512,
          873024,
          872800,
          874528,
          872672,
          873920,
          873760,
          873664,
          875232,
          877696,
          872928,
          875072,
          875104,
          874560,
          873536,
          876544,
          877088,
          872800,
          873088,
          875232,
          874816,
          876384,
          873440,
          875168,
          874112
        ],
        "chunk_tokens": 128,
        "block_threads": 256,
        "staged_input_bytes": 204442660,
        "applicable": true
      },
      {
        "kernel": "onpair_ds_k4_t256_b4_s10",
        "role": "experimental",
        "stage_bytes": 10,
        "chunk_size": 128,
        "decode_ms": 0.0,
        "decode_gib_s": 0.0,
        "chunk_tokens": 128,
        "block_threads": 256,
        "staged_input_bytes": 204442660,
        "applicable": false,
        "reason": "staging 1312 B/warp is below this column's largest batch (1516 B + 15 shift)"
      },
      {
        "kernel": "onpair_ds_k4_t256_b4_s12",
        "role": "experimental",
        "stage_bytes": 12,
        "chunk_size": 128,
        "decode_ms": 0.872512,
        "decode_gib_s": 1067.403635195732,
        "decode_ns_iters": [
          874240,
          874080,
          876416,
          882208,
          874368,
          873376,
          873760,
          875680,
          875616,
          873824,
          874688,
          874336,
          874176,
          874048,
          875584,
          875872,
          874720,
          872512,
          873824,
          872928,
          875264,
          874144,
          877312,
          873984,
          874336,
          874368,
          875200,
          873056,
          872544,
          874624
        ],
        "chunk_tokens": 128,
        "block_threads": 256,
        "staged_input_bytes": 204442660,
        "applicable": true
      },
      {
        "kernel": "onpair_ds_k4_t256_b4_s14",
        "role": "experimental",
        "stage_bytes": 14,
        "chunk_size": 128,
        "decode_ms": 0.872384,
        "decode_gib_s": 1067.5602493304536,
        "decode_ns_iters": [
          874400,
          874144,
          873856,
          877536,
          873408,
          874272,
          875200,
          875488,
          875200,
          872384,
          874144,
          876032,
          874464,
          872832,
          874816,
          875328,
          874112,
          874560,
          873248,
          875808,
          876448,
          873152,
          874336,
          873312,
          877952,
          874976,
          875936,
          875136,
          875904,
          875104
        ],
        "chunk_tokens": 128,
        "block_threads": 256,
        "staged_input_bytes": 204442660,
        "applicable": true
      },
      {
        "kernel": "onpair_ds_k4_t256_b8_s10",
        "role": "experimental",
        "stage_bytes": 10,
        "chunk_size": 128,
        "decode_ms": 0.0,
        "decode_gib_s": 0.0,
        "chunk_tokens": 128,
        "block_threads": 256,
        "staged_input_bytes": 204442660,
        "applicable": false,
        "reason": "staging 1312 B/warp is below this column's largest batch (1516 B + 15 shift)"
      },
      {
        "kernel": "onpair_ds_k4_t256_b8_s12",
        "role": "experimental",
        "stage_bytes": 12,
        "chunk_size": 128,
        "decode_ms": 0.871584,
        "decode_gib_s": 1068.540129869179,
        "decode_ns_iters": [
          874560,
          877408,
          875552,
          873888,
          872992,
          873184,
          874048,
          874496,
          871584,
          874688,
          873920,
          873056,
          875328,
          872000,
          872896,
          872544,
          874464,
          872768,
          872928,
          873184,
          873632,
          874272,
          874912,
          872928,
          876704,
          875008,
          875200,
          875072,
          874208,
          872448
        ],
        "chunk_tokens": 128,
        "block_threads": 256,
        "staged_input_bytes": 204442660,
        "applicable": true
      },
      {
        "kernel": "onpair_ds_k4_t256_b8_s14",
        "role": "experimental",
        "stage_bytes": 14,
        "chunk_size": 128,
        "decode_ms": 0.87328,
        "decode_gib_s": 1066.4649145198546,
        "decode_ns_iters": [
          875904,
          874688,
          874656,
          875008,
          875680,
          880480,
          874528,
          874304,
          876448,
          876160,
          875072,
          876096,
          874944,
          874304,
          875744,
          873280,
          874912,
          876256,
          875744,
          875456,
          873280,
          875424,
          874400,
          874624,
          874912,
          873408,
          875904,
          874944,
          875456,
          875264
        ],
        "chunk_tokens": 128,
        "block_threads": 256,
        "staged_input_bytes": 204442660,
        "applicable": true
      },
      {
        "kernel": "onpair_ds_k6_t128_b2_s10",
        "role": "experimental",
        "stage_bytes": 10,
        "chunk_size": 192,
        "decode_ms": 0.0,
        "decode_gib_s": 0.0,
        "chunk_tokens": 192,
        "block_threads": 128,
        "staged_input_bytes": 202378268,
        "applicable": false,
        "reason": "staging 1952 B/warp is below this column's largest batch (2274 B + 15 shift)"
      },
      {
        "kernel": "onpair_ds_k6_t128_b2_s12",
        "role": "experimental",
        "stage_bytes": 12,
        "chunk_size": 192,
        "decode_ms": 0.868224,
        "decode_gib_s": 1072.6753470900348,
        "decode_ns_iters": [
          873472,
          870528,
          873120,
          872768,
          868224,
          871360,
          872512,
          870816,
          873600,
          870752,
          874912,
          871680,
          871488,
          870176,
          872160,
          870464,
          870816,
          871936,
          872128,
          870656,
          876768,
          871808,
          871680,
          872608,
          871488,
          871904,
          870880,
          871232,
          871904,
          872512
        ],
        "chunk_tokens": 192,
        "block_threads": 128,
        "staged_input_bytes": 202378268,
        "applicable": true
      },
      {
        "kernel": "onpair_ds_k6_t128_b2_s14",
        "role": "experimental",
        "stage_bytes": 14,
        "chunk_size": 192,
        "decode_ms": 0.870752,
        "decode_gib_s": 1069.5611156240795,
        "decode_ns_iters": [
          872352,
          872544,
          870752,
          872448,
          873408,
          871232,
          871424,
          873120,
          872800,
          873568,
          871072,
          875552,
          871904,
          874432,
          874400,
          875296,
          873536,
          872704,
          870944,
          873472,
          873952,
          871648,
          872768,
          871104,
          871712,
          872416,
          872192,
          871168,
          871552,
          871648
        ],
        "chunk_tokens": 192,
        "block_threads": 128,
        "staged_input_bytes": 202378268,
        "applicable": true
      },
      {
        "kernel": "onpair_ds_k6_t128_b4_s10",
        "role": "experimental",
        "stage_bytes": 10,
        "chunk_size": 192,
        "decode_ms": 0.0,
        "decode_gib_s": 0.0,
        "chunk_tokens": 192,
        "block_threads": 128,
        "staged_input_bytes": 202378268,
        "applicable": false,
        "reason": "staging 1952 B/warp is below this column's largest batch (2274 B + 15 shift)"
      },
      {
        "kernel": "onpair_ds_k6_t128_b4_s12",
        "role": "experimental",
        "stage_bytes": 12,
        "chunk_size": 192,
        "decode_ms": 0.869952,
        "decode_gib_s": 1070.5446743635264,
        "decode_ns_iters": [
          872256,
          871776,
          870464,
          872864,
          870624,
          871168,
          874144,
          879584,
          871456,
          871584,
          872320,
          870624,
          870784,
          873824,
          873504,
          871584,
          874016,
          873376,
          869952,
          872672,
          872960,
          871136,
          870752,
          870688,
          873152,
          871232,
          871584,
          873888,
          871136,
          870304
        ],
        "chunk_tokens": 192,
        "block_threads": 128,
        "staged_input_bytes": 202378268,
        "applicable": true
      },
      {
        "kernel": "onpair_ds_k6_t128_b4_s14",
        "role": "experimental",
        "stage_bytes": 14,
        "chunk_size": 192,
        "decode_ms": 0.870016,
        "decode_gib_s": 1070.465923100148,
        "decode_ns_iters": [
          873312,
          871232,
          872800,
          871008,
          871872,
          871712,
          871168,
          879264,
          873472,
          872352,
          873728,
          874048,
          873408,
          874496,
          873152,
          872288,
          873312,
          872224,
          872672,
          873920,
          871360,
          878400,
          870016,
          872960,
          872288,
          870944,
          872128,
          871904,
          874176,
          871840
        ],
        "chunk_tokens": 192,
        "block_threads": 128,
        "staged_input_bytes": 202378268,
        "applicable": true
      },
      {
        "kernel": "onpair_ds_k6_t128_b8_s10",
        "role": "experimental",
        "stage_bytes": 10,
        "chunk_size": 192,
        "decode_ms": 0.0,
        "decode_gib_s": 0.0,
        "chunk_tokens": 192,
        "block_threads": 128,
        "staged_input_bytes": 202378268,
        "applicable": false,
        "reason": "staging 1952 B/warp is below this column's largest batch (2274 B + 15 shift)"
      },
      {
        "kernel": "onpair_ds_k6_t128_b8_s12",
        "role": "experimental",
        "stage_bytes": 12,
        "chunk_size": 192,
        "decode_ms": 0.869792,
        "decode_gib_s": 1070.7416032245624,
        "decode_ns_iters": [
          872128,
          872704,
          871136,
          873632,
          871328,
          873216,
          873152,
          872704,
          876640,
          869792,
          871488,
          871040,
          870848,
          871360,
          870112,
          869856,
          870048,
          870048,
          870400,
          872864,
          870496,
          877120,
          872320,
          870528,
          872256,
          871424,
          873152,
          870560,
          873728,
          869856
        ],
        "chunk_tokens": 192,
        "block_threads": 128,
        "staged_input_bytes": 202378268,
        "applicable": true
      },
      {
        "kernel": "onpair_ds_k6_t128_b8_s14",
        "role": "experimental",
        "stage_bytes": 14,
        "chunk_size": 192,
        "decode_ms": 0.870144,
        "decode_gib_s": 1070.3084553268177,
        "decode_ns_iters": [
          870592,
          871296,
          872000,
          874368,
          871968,
          873408,
          871136,
          871744,
          877664,
          871904,
          873312,
          871552,
          872736,
          872640,
          877088,
          872736,
          870400,
          872000,
          870688,
          870144,
          871648,
          870816,
          870848,
          871360,
          871584,
          870752,
          871904,
          870528,
          872096,
          870688
        ],
        "chunk_tokens": 192,
        "block_threads": 128,
        "staged_input_bytes": 202378268,
        "applicable": true
      },
      {
        "kernel": "onpair_ds_k6_t256_b2_s10",
        "role": "experimental",
        "stage_bytes": 10,
        "chunk_size": 192,
        "decode_ms": 0.0,
        "decode_gib_s": 0.0,
        "chunk_tokens": 192,
        "block_threads": 256,
        "staged_input_bytes": 202378268,
        "applicable": false,
        "reason": "staging 1952 B/warp is below this column's largest batch (2274 B + 15 shift)"
      },
      {
        "kernel": "onpair_ds_k6_t256_b2_s12",
        "role": "experimental",
        "stage_bytes": 12,
        "chunk_size": 192,
        "decode_ms": 0.86864,
        "decode_gib_s": 1072.1616326117824,
        "decode_ns_iters": [
          870816,
          872064,
          872608,
          875264,
          871136,
          871584,
          871712,
          871168,
          876896,
          872736,
          869920,
          870560,
          871392,
          870336,
          871200,
          871840,
          871328,
          868640,
          870496,
          870464,
          872256,
          879104,
          870400,
          873024,
          872608,
          870912,
          872224,
          869024,
          869952,
          872544
        ],
        "chunk_tokens": 192,
        "block_threads": 256,
        "staged_input_bytes": 202378268,
        "applicable": true
      },
      {
        "kernel": "onpair_ds_k6_t256_b2_s14",
        "role": "experimental",
        "stage_bytes": 14,
        "chunk_size": 192,
        "decode_ms": 0.868768,
        "decode_gib_s": 1072.003665595301,
        "decode_ns_iters": [
          871808,
          870400,
          871648,
          870816,
          872288,
          871200,
          870304,
          871776,
          870336,
          872224,
          870880,
          871328,
          873408,
          875392,
          873216,
          872000,
          872736,
          872800,
          870784,
          871904,
          872224,
          872320,
          871168,
          871392,
          872128,
          871808,
          871168,
          869856,
          871648,
          868768
        ],
        "chunk_tokens": 192,
        "block_threads": 256,
        "staged_input_bytes": 202378268,
        "applicable": true
      },
      {
        "kernel": "onpair_ds_k6_t256_b4_s10",
        "role": "experimental",
        "stage_bytes": 10,
        "chunk_size": 192,
        "decode_ms": 0.0,
        "decode_gib_s": 0.0,
        "chunk_tokens": 192,
        "block_threads": 256,
        "staged_input_bytes": 202378268,
        "applicable": false,
        "reason": "staging 1952 B/warp is below this column's largest batch (2274 B + 15 shift)"
      },
      {
        "kernel": "onpair_ds_k6_t256_b4_s12",
        "role": "experimental",
        "stage_bytes": 12,
        "chunk_size": 192,
        "decode_ms": 0.8696,
        "decode_gib_s": 1070.9780135141427,
        "decode_ns_iters": [
          875360,
          871648,
          871392,
          872224,
          871200,
          871168,
          870496,
          871776,
          877440,
          869632,
          870976,
          869600,
          870912,
          871616,
          869760,
          872544,
          871232,
          871104,
          871200,
          871968,
          870496,
          873440,
          872160,
          870400,
          871584,
          871808,
          870592,
          870112,
          871808,
          870176
        ],
        "chunk_tokens": 192,
        "block_threads": 256,
        "staged_input_bytes": 202378268,
        "applicable": true
      },
      {
        "kernel": "onpair_ds_k6_t256_b4_s14",
        "role": "experimental",
        "stage_bytes": 14,
        "chunk_size": 192,
        "decode_ms": 0.870016,
        "decode_gib_s": 1070.465923100148,
        "decode_ns_iters": [
          871360,
          872416,
          871744,
          870144,
          871936,
          870624,
          873120,
          871712,
          875872,
          872704,
          871104,
          873408,
          870016,
          873568,
          872480,
          871264,
          871200,
          870784,
          871744,
          870784,
          871168,
          871808,
          871392,
          872800,
          872416,
          871776,
          872640,
          871104,
          871040,
          870336
        ],
        "chunk_tokens": 192,
        "block_threads": 256,
        "staged_input_bytes": 202378268,
        "applicable": true
      },
      {
        "kernel": "onpair_ds_k6_t256_b8_s10",
        "role": "experimental",
        "stage_bytes": 10,
        "chunk_size": 192,
        "decode_ms": 0.0,
        "decode_gib_s": 0.0,
        "chunk_tokens": 192,
        "block_threads": 256,
        "staged_input_bytes": 202378268,
        "applicable": false,
        "reason": "staging 1952 B/warp is below this column's largest batch (2274 B + 15 shift)"
      },
      {
        "kernel": "onpair_ds_k6_t256_b8_s12",
        "role": "experimental",
        "stage_bytes": 12,
        "chunk_size": 192,
        "decode_ms": 0.869792,
        "decode_gib_s": 1070.7416032245624,
        "decode_ns_iters": [
          870560,
          871168,
          873568,
          871968,
          869792,
          874240,
          872000,
          873344,
          872256,
          873472,
          870752,
          871648,
          871296,
          871264,
          871136,
          871936,
          870336,
          872384,
          871712,
          871872,
          873184,
          873536,
          878112,
          874112,
          873088,
          872064,
          871968,
          872512,
          871744,
          870880
        ],
        "chunk_tokens": 192,
        "block_threads": 256,
        "staged_input_bytes": 202378268,
        "applicable": true
      },
      {
        "kernel": "onpair_ds_k6_t256_b8_s14",
        "role": "experimental",
        "stage_bytes": 14,
        "chunk_size": 192,
        "decode_ms": 0.869888,
        "decode_gib_s": 1070.6234372147892,
        "decode_ns_iters": [
          871712,
          871040,
          873440,
          871168,
          872992,
          869888,
          872064,
          875200,
          873504,
          871552,
          871008,
          873664,
          872288,
          873696,
          871680,
          871936,
          871520,
          873600,
          870784,
          872064,
          871040,
          872160,
          870528,
          878144,
          872928,
          871104,
          870144,
          872608,
          871520,
          872992
        ],
        "chunk_tokens": 192,
        "block_threads": 256,
        "staged_input_bytes": 202378268,
        "applicable": true
      },
      {
        "kernel": "onpair_ds_k8_t128_b2_s10",
        "role": "experimental",
        "stage_bytes": 10,
        "chunk_size": 256,
        "decode_ms": 0.0,
        "decode_gib_s": 0.0,
        "chunk_tokens": 256,
        "block_threads": 128,
        "staged_input_bytes": 201346068,
        "applicable": false,
        "reason": "staging 2592 B/warp is below this column's largest batch (3025 B + 15 shift)"
      },
      {
        "kernel": "onpair_ds_k8_t128_b2_s12",
        "role": "experimental",
        "stage_bytes": 12,
        "chunk_size": 256,
        "decode_ms": 0.866592,
        "decode_gib_s": 1074.695451321843,
        "decode_ns_iters": [
          869088,
          869056,
          870528,
          868640,
          867776,
          868608,
          866592,
          868000,
          867904,
          866624,
          875456,
          868768,
          869408,
          866880,
          870112,
          868160,
          869120,
          868768,
          867104,
          870560,
          870848,
          868704,
          869824,
          873056,
          869120,
          870688,
          867584,
          869792,
          868544,
          868960
        ],
        "chunk_tokens": 256,
        "block_threads": 128,
        "staged_input_bytes": 201346068,
        "applicable": true
      },
      {
        "kernel": "onpair_ds_k8_t128_b2_s14",
        "role": "experimental",
        "stage_bytes": 14,
        "chunk_size": 256,
        "decode_ms": 0.86672,
        "decode_gib_s": 1074.5367368376158,
        "decode_ns_iters": [
          872032,
          869760,
          866784,
          867904,
          870848,
          868576,
          867680,
          869024,
          869344,
          868544,
          868704,
          869216,
          868928,
          872864,
          869056,
          869216,
          867872,
          867424,
          867648,
          870272,
          869728,
          868896,
          869152,
          878016,
          866720,
          869984,
          869280,
          867456,
          869696,
          867264
        ],
        "chunk_tokens": 256,
        "block_threads": 128,
        "staged_input_bytes": 201346068,
        "applicable": true
      },
      {
        "kernel": "onpair_ds_k8_t128_b4_s10",
        "role": "experimental",
        "stage_bytes": 10,
        "chunk_size": 256,
        "decode_ms": 0.0,
        "decode_gib_s": 0.0,
        "chunk_tokens": 256,
        "block_threads": 128,
        "staged_input_bytes": 201346068,
        "applicable": false,
        "reason": "staging 2592 B/warp is below this column's largest batch (3025 B + 15 shift)"
      },
      {
        "kernel": "onpair_ds_k8_t128_b4_s12",
        "role": "experimental",
        "stage_bytes": 12,
        "chunk_size": 256,
        "decode_ms": 0.86576,
        "decode_gib_s": 1075.728239410343,
        "decode_ns_iters": [
          870240,
          866880,
          870272,
          871200,
          867616,
          868096,
          867552,
          871328,
          867616,
          867520,
          867072,
          868000,
          868704,
          865760,
          869120,
          867136,
          867904,
          867904,
          867360,
          867712,
          868064,
          869856,
          867424,
          870624,
          867936,
          869888,
          868512,
          868032,
          866848,
          868288
        ],
        "chunk_tokens": 256,
        "block_threads": 128,
        "staged_input_bytes": 201346068,
        "applicable": true
      },
      {
        "kernel": "onpair_ds_k8_t128_b4_s14",
        "role": "experimental",
        "stage_bytes": 14,
        "chunk_size": 256,
        "decode_ms": 0.86512,
        "decode_gib_s": 1076.5240435452868,
        "decode_ns_iters": [
          867712,
          867712,
          871872,
          866784,
          868864,
          868768,
          866496,
          865696,
          868736,
          867616,
          869088,
          867616,
          865120,
          867488,
          870336,
          866880,
          869152,
          868544,
          869280,
          868480,
          867328,
          871136,
          869952,
          871584,
          868800,
          868096,
          867552,
          872704,
          868704,
          868064
        ],
        "chunk_tokens": 256,
        "block_threads": 128,
        "staged_input_bytes": 201346068,
        "applicable": true
      },
      {
        "kernel": "onpair_ds_k8_t128_b8_s10",
        "role": "experimental",
        "stage_bytes": 10,
        "chunk_size": 256,
        "decode_ms": 0.0,
        "decode_gib_s": 0.0,
        "chunk_tokens": 256,
        "block_threads": 128,
        "staged_input_bytes": 201346068,
        "applicable": false,
        "reason": "staging 2592 B/warp is below this column's largest batch (3025 B + 15 shift)"
      },
      {
        "kernel": "onpair_ds_k8_t128_b8_s12",
        "role": "experimental",
        "stage_bytes": 12,
        "chunk_size": 256,
        "decode_ms": 0.866336,
        "decode_gib_s": 1075.0130209894296,
        "decode_ns_iters": [
          871872,
          869504,
          868704,
          871392,
          869056,
          868064,
          871232,
          866880,
          873568,
          868000,
          867136,
          873696,
          867616,
          866336,
          869184,
          868096,
          868576,
          867584,
          868288,
          866720,
          869632,
          875136,
          866880,
          867808,
          870752,
          869920,
          867392,
          867648,
          868672,
          866496
        ],
        "chunk_tokens": 256,
        "block_threads": 128,
        "staged_input_bytes": 201346068,
        "applicable": true
      },
      {
        "kernel": "onpair_ds_k8_t128_b8_s14",
        "role": "experimental",
        "stage_bytes": 14,
        "chunk_size": 256,
        "decode_ms": 0.865664,
        "decode_gib_s": 1075.847535015778,
        "decode_ns_iters": [
          871520,
          866944,
          868128,
          869440,
          870464,
          868928,
          866976,
          868640,
          867456,
          870336,
          869600,
          866432,
          869344,
          869856,
          871936,
          865664,
          869664,
          868672,
          866720,
          869120,
          867648,
          869728,
          869920,
          869952,
          866976,
          867168,
          869056,
          867616,
          868608,
          866368
        ],
        "chunk_tokens": 256,
        "block_threads": 128,
        "staged_input_bytes": 201346068,
        "applicable": true
      },
      {
        "kernel": "onpair_ds_k8_t256_b2_s10",
        "role": "experimental",
        "stage_bytes": 10,
        "chunk_size": 256,
        "decode_ms": 0.0,
        "decode_gib_s": 0.0,
        "chunk_tokens": 256,
        "block_threads": 256,
        "staged_input_bytes": 201346068,
        "applicable": false,
        "reason": "staging 2592 B/warp is below this column's largest batch (3025 B + 15 shift)"
      },
      {
        "kernel": "onpair_ds_k8_t256_b2_s12",
        "role": "experimental",
        "stage_bytes": 12,
        "chunk_size": 256,
        "decode_ms": 0.865952,
        "decode_gib_s": 1075.4897275506014,
        "decode_ns_iters": [
          870816,
          868736,
          870080,
          867552,
          868576,
          869856,
          868160,
          869216,
          870528,
          867872,
          866464,
          868864,
          869792,
          869728,
          868352,
          868480,
          865952,
          870432,
          869344,
          869056,
          869952,
          871136,
          867904,
          866336,
          869120,
          867488,
          869024,
          868032,
          868640,
          867328
        ],
        "chunk_tokens": 256,
        "block_threads": 256,
        "staged_input_bytes": 201346068,
        "applicable": true
      },
      {
        "kernel": "onpair_ds_k8_t256_b2_s14",
        "role": "experimental",
        "stage_bytes": 14,
        "chunk_size": 256,
        "decode_ms": 0.900512,
        "decode_gib_s": 1034.2144030861316,
        "decode_ns_iters": [
          904352,
          901696,
          904640,
          902240,
          901888,
          902816,
          905024,
          904768,
          904448,
          904096,
          902144,
          907264,
          902752,
          903872,
          903936,
          904384,
          902528,
          900512,
          902560,
          901984,
          903744,
          902368,
          902368,
          902432,
          902592,
          902912,
          902112,
          904352,
          901248,
          903648
        ],
        "chunk_tokens": 256,
        "block_threads": 256,
        "staged_input_bytes": 201346068,
        "applicable": true
      },
      {
        "kernel": "onpair_ds_k8_t256_b4_s10",
        "role": "experimental",
        "stage_bytes": 10,
        "chunk_size": 256,
        "decode_ms": 0.0,
        "decode_gib_s": 0.0,
        "chunk_tokens": 256,
        "block_threads": 256,
        "staged_input_bytes": 201346068,
        "applicable": false,
        "reason": "staging 2592 B/warp is below this column's largest batch (3025 B + 15 shift)"
      },
      {
        "kernel": "onpair_ds_k8_t256_b4_s12",
        "role": "experimental",
        "stage_bytes": 12,
        "chunk_size": 256,
        "decode_ms": 0.866816,
        "decode_gib_s": 1074.4177317353376,
        "decode_ns_iters": [
          867200,
          872256,
          866816,
          867008,
          870368,
          868192,
          876800,
          868832,
          868352,
          867648,
          868544,
          868352,
          870400,
          870944,
          870400,
          871712,
          867104,
          869536,
          869088,
          867840,
          869408,
          870816,
          869696,
          870656,
          869920,
          868896,
          866880,
          868480,
          870336,
          869920
        ],
        "chunk_tokens": 256,
        "block_threads": 256,
        "staged_input_bytes": 201346068,
        "applicable": true
      },
      {
        "kernel": "onpair_ds_k8_t256_b4_s14",
        "role": "experimental",
        "stage_bytes": 14,
        "chunk_size": 256,
        "decode_ms": 0.900992,
        "decode_gib_s": 1033.6634293666298,
        "decode_ns_iters": [
          903840,
          902272,
          901920,
          901664,
          903776,
          902528,
          901664,
          902048,
          903328,
          903520,
          904128,
          903488,
          903648,
          902752,
          900992,
          901824,
          902944,
          901920,
          902400,
          901504,
          901632,
          901856,
          903008,
          902656,
          903904,
          903008,
          901824,
          902528,
          903264,
          903264
        ],
        "chunk_tokens": 256,
        "block_threads": 256,
        "staged_input_bytes": 201346068,
        "applicable": true
      },
      {
        "kernel": "onpair_ds_k8_t256_b8_s10",
        "role": "experimental",
        "stage_bytes": 10,
        "chunk_size": 256,
        "decode_ms": 0.0,
        "decode_gib_s": 0.0,
        "chunk_tokens": 256,
        "block_threads": 256,
        "staged_input_bytes": 201346068,
        "applicable": false,
        "reason": "staging 2592 B/warp is below this column's largest batch (3025 B + 15 shift)"
      },
      {
        "kernel": "onpair_ds_k8_t256_b8_s12",
        "role": "experimental",
        "stage_bytes": 12,
        "chunk_size": 256,
        "decode_ms": 0.867488,
        "decode_gib_s": 1073.5854335182717,
        "decode_ns_iters": [
          869120,
          869920,
          867552,
          869888,
          867488,
          869920,
          869440,
          868608,
          869472,
          873824,
          871680,
          868320,
          869312,
          868992,
          870208,
          867936,
          870368,
          871136,
          871072,
          868768,
          871232,
          871072,
          871744,
          870944,
          867552,
          867552,
          871712,
          871776,
          869984,
          869280
        ],
        "chunk_tokens": 256,
        "block_threads": 256,
        "staged_input_bytes": 201346068,
        "applicable": true
      },
      {
        "kernel": "onpair_ds_k8_t256_b8_s14",
        "role": "experimental",
        "stage_bytes": 14,
        "chunk_size": 256,
        "decode_ms": 0.88992,
        "decode_gib_s": 1046.5238229862218,
        "decode_ns_iters": [
          891776,
          891776,
          891424,
          892096,
          892992,
          891968,
          889920,
          891872,
          892096,
          892640,
          892416,
          893344,
          892128,
          893280,
          895040,
          891520,
          891584,
          893472,
          891008,
          893312,
          891872,
          889920,
          892768,
          894112,
          892928,
          890528,
          893280,
          891840,
          891712,
          891008
        ],
        "chunk_tokens": 256,
        "block_threads": 256,
        "staged_input_bytes": 201346068,
        "applicable": true
      }
    ]
  }
}
==PROF== Disconnected from process 24724
==PROF== Report: /home/ubuntu/work/ncu_costsurface_loghub-windows_line_b12.ncu-rep
