820222
341054
339013
305611
305608
243462
239866
219924
219568
219388
203495
199162
198047
198043
198041
186570
170972
170247
154774
152784
152784
152784
152695
151411
150472
145427
144948
144886
144681
142558
140518
137238
134082
131142
129406
129251
128664
128159
127277
124819
120348
118124
113114
111346
109726
109722
109666
108780
107754
107398
107398
107264
107263
107172
107171
107055
107054
105880
105880
104644
104009
103635
103633
102317
98533
98525
97376
96200
94647
92039
91035
91035
91035
90354
88615
87969
87793
86811
86462
83596
82723
82542
82212
78411
78118
77960
77891
77891
75026
74545
74532
74205
73945
71781
71667
70798
69584
69570
69570
69570
69570
69570
68618
68325
66512
65771
65398
64475
64280
64280
63871
63410
63212
63212
63209
62812
62352
62350
61735
61397
61251
61251
61232
61038
60588
60588
60588
60523
60205
60092
60083
59262
58834
58716
58655
58451
58362
58362
58238
57786
57499
56876
56175
55594
55437
54965
54932
54792
54774
52813
52517
52202
52174
51979
51919
51841
51734
51667
51583
51337
51323
51275
51248
51245
51155
51122
50223
50064
49937
49921
49914
49829
49642
49075
48684
48543
48362
48290
48264
48026
48026
48000
47934
47932
47885
47001
46978
46524
46239
46088
46087
46076
46005
45462
45461
45461
45461
45461
45425
45420
45353
45312
45214
45037
45027
44916
44798
44630
44564
44364
44355
44026
43703
43695
43665
43635
43435
43057
42987
42983
42943
42870
42814
42809
42538
42444
42380
42314
42120
42057
41857
41362
41339
41301
41158
41034
40984
40958
40941
40941
40874
40660
40339
40137
40116
40114
40031
39987
39953
39864
39807
39693
39527
39243
39233
39233
39233
39169
38876
38496
38306
38303
38211
38189
38142
38082
38004
37909
37884
37728
37702
37650
37544
37421
37409
37303
37285
37111
37106
37106
37103
36931
36843
36546
36527
36497
36467
36317
36311
36258
36021
35941
35888
35831
35830
35733
35731
35606
35502
35341
35293
35226
35041
35007
34948
34874
34665
34633
34577
34537
34521
34440
34438
34438
34428
34110
33988
33978
33864
33761
33636
33565
33443
33280
33083
33053
33030
33030
33030
32966
32888
32877
32872
32871
32836
32799
32654
32620
32601
32589
32557
32418
32418
32364
32321
32313
32313
32211
32194
32132
32132
32111
32085
32077
32038
31855
31750
31557
31325
31267
31256
31179
30870
30832
30798
30737
30723
30708
30634
30601
30568
30490
30422
30416
30412
30328
30319
30298
30296
30296
30296
30296
30296
30296
30295
30294
30294
30294
30294
30294
30294
30294
30259
30162
30120
30063
29922
29774
29725
29575
29515
29515
29463
28926
28873
28809
28768
28767
28745
28639
28637
28602
28530
28462
28394
28328
28326
28260
28161
28085
27939
27609
27609
27609
27609
27445
27445
27445
27415
27413
27129
27112
26905
26890
26779
26758
26658
26650
26113
26095
26074
25992
25990
25989
25958
25956
25922
25899
25872
25674
25668
25663
25644
25644
25492
25489
25465
25454
25337
25248
25134
25134
25042
24877
24805
24730
24720
24713
24713
24713
24713
24682
24678
24676
24667
24606
24591
24463
24463
24447
24421
24414
24320
24267
24254
24211
24169
24136
24113
24073
23954
23910
23874
23833
23781
23781
23728
23676
23608
23599
23561
23544
23544
23527
23501
23498
23336
23197
23147
23124
23116
23116
23116
23115
23104
23094
23083
23069
23036
23003
22983
22963
22959
22917
22888
22882
22797
22649
22613
22586
22570
22504
22486
22455
22399
22384
22380
22364
22327
22279
22277
22270
22236
22232
22167
22157
22089
21981
21968
21858
21853
21819
21806
21754
21754
21743
21743
21702
21693
21678
21667
21517
21506
21460
21455
21424
21422
21407
21374
21360
21321
21273
21257
21248
21157
21140
21132
21100
21097
21097
20972
20970
20956
20901
20801
20764
20692
20622
20615
20505
20505
20503
20495
20483
20482
20454
20392
20372
20356
20333
20242
20178
20155
20114
20112
20108
20108
20108
20098
20058
20035
20035
20035
20033
19918
19883
19864
19828
19817
19789
19662
19654
19610
19597
19542
19532
19510
19497
19454
19394
19391
19380
19372
19369
19298
19276
19261
19228
19192
19146
19099
19059
19032
19021
18964
18955
18948
18935
18920
18864
18847
18799
18798
18760
18693
18580
18575
18545
18530
18491
18476
18466
18462
18439
18422
18372
18351
18342
18338
18327
18325
18314
18279
18247
18157
18144
18112
18110
18091
18082
17958
17935
17921
17912
17902
17900
17889
17881
17863
17856
17843
17839
17838
17768
17741
17729
17717
17712
17671
17665
17655
17597
17554
17501
17467
17458
17447
17430
17407
17383
17347
17343
17287
17286
17261
17259
17253
17238
17234
17216
17202
17181
17175
17164
17151
17125
17124
17120
17103
17081
17062
17051
17049
17047
17046
17041
17041
17041
17041
17039
17012
16964
16963
16959
16926
16918
16886
16853
16844
16774
16769
16759
16740
16739
16729
16721
16686
16655
16619
16587
16573
16559
16521
16521
16521
16513
16510
16487
16429
16420
16410
16402
16376
16355
16309
16269
16219
16212
16201
16191
16173
16159
16158
16158
16158
16158
16156
16152
16122
16062
16052
16040
16039
16039
16039
16038
16038
16037
15981
15968
15962
15948
15943
15935
15930
15921
15916
15894
15894
15894
15893
15888
15888
15888
15868
15864
15860
15858
15803
15779
15774
15764
15715
15713
15638
15637
15616
15613
15588
15587
15587
15549
15545
15499
15482
15434
15392
15381
15380
15366
15355
15354
15337
15327
15322
15308
15308
15289
15274
15274
15274
15270
15266
15258
15244
15243
15240
15240
15220
15201
15195
15169
15166
15122
15118
15107
15104
15091
15087
15083
15080
15070
15068
15055
15050
15043
15043
15028
15025
15023
15023
15022
15021
15018
15006
14990
14988
14982
14978
14942
14938
14936
14936
14934
14900
14882
14878
14876
14870
14861
14858
14851
14849
14827
14819
14817
14788
14768
14763
14763
14737
14720
14703
14691
14688
14666
14644
14634
14631
14622
14618
14614
14610
14602
14596
14596
14578
14553
14538
14524
14511
14497
14463
14456
14456
14415
14396
14379
14354
14346
14320
14311
14308
14299
14293
14292
14275
14272
14261
14253
14252
14240
14200
14196
14184
14161
14148
14147
14125
14102
14102
14080
14064
14041
14023
14017
14009
13993
13991
13990
13974
13963
13955
13925
13911
13897
13889
13884
13880
13871
13870
13865
13848
13838
13836
13804
13803
13800
13800
13796
13786
13786
13763
13755
13755
13753
13723
13720
13720
13708
13708
13708
13706
13701
13694
13686
13649
13630
13630
13626
13622
13622
13622
13622
13605
13602
13600
13600
13578
13527
13508
13465
13460
13433
13426
13425
13425
13422
13421
13403
13390
13386
13372
13367
13362
13355
13344
13339
13335
13326
13314
13298
13264
13262
13247
13243
13221
13219
13211
13193
13188
13185
13174
13150
13143
13141
13129
13128
13127
13127
13078
13064
13045
13044
13044
13042
13039
13034
13032
13028
13024
13013
13005
12996
12991
12954
12954
12937
12936
12935
12930
12928
12904
12904
12896
12858
12846
12839
12839
12827
12800
12777
12728
12713
12708
12705
12681
12633
12626
12620
12609
12595
12562
12560
12546
12530
12528
12513
12501
12500
12485
12483
12475
12473
12464
12463
12462
12456
12456
12449
12444
12421
12397
12390
12388
12372
12368
12360
12359
12352
12347
12346
12346
12341
12331
12289
12288
12277
12271
12266
12253
12253
12252
12244
12237
12228
12221
12212
12202
12200
12198
12191
12191
12190
12183
12168
12146
12140
12111
12102
12098
12096
12093
12083
12080
12069
12067
12060
12042
12020
12016
12013
12009
12008
11996
11991
11988
11957
11954
11942
11930
11925
11919
11908
11907
11907
11887
11883
11874
11873
11850
11850
11839
11831
11825
11813
11811
11802
11784
11780
11768
11762
11756
11755
11754
11744
11742
11730
11728
11720
11700
11692
11685
11681
11659
11653
11653
11649
11648
11642
11641
11630
11625
11623
11615
11610
11606
11602
11594
11594
11588
11583
11576
11574
11570
11569
11560
11559
11559
11558
11557
11557
11556
11554
11552
11552
11550
11550
11549
11548
11548
11541
11533
11531
11520
11499
11494
11482
11436
11417
11413
11406
11394
11385
11378
11375
11373
11370
11352
11346
11344
11313
11307
11293
11262
11259
11249
11236
11222
11222
11207
11202
11200
11195
11192
11190
11185
11181
11171
11167
11161
11156
11148
11142
11141
11139
11128
11128
11126
11121
11117
11116
11115
11115
11103
11102
11080
11078
11076
11063
11058
11055
11037
11028
11027
11025
11024
11005
10990
10983
10981
10978
10977
10974
10941
10939
10936
10932
10930
10930
10930
10929
10928
10918
10914
10914
10889
10878
10872
10871
10868
10865
10865
10861
10847
10839
10839
10833
10832
10827
10822
10816
10814
10794
10779
10770
10767
10767
10762
10747
10746
10743
10740
10714
10703
10699
10691
10686
10670
10663
10660
10644
10638
10636
10636
10636
10636
10636
10630
10630
10628
10623
10615
10600
10594
10586
10578
10564
10560
10560
10555
10553
10546
10544
10542
10537
10536
10535
10533
10528
10526
10516
10515
10505
10498
10491
10491
10488
10487
10478
10472
10465
10463
10444
10432
10430
10426
10425
10425
10422
10414
10413
10412
10412
10404
10404
10404
10400
10397
10391
10381
10381
10372
10363
10363
10347
10341
10330
10324
10323
10322
10316
10310
10302
10300
10292
10284
10282
10270
10268
10262
10261
10257
10254
10252
10245
10242
10238
10237
10230
10224
10221
10214
10205
10203
10200
10199
10197
10197
10193
10192
10188
10186
10182
10179
10179
10175
10164
10161
10160
10159
10158
10147
10146
10138
10133
10125
10125
10122
10121
10113
10096
10093
10089
10085
10085
10082
10060
10056
10054
10034
10017
10008
9996
9996
9989
9978
9963
9963
9947
9945
9926
9922
9921
9920
9918
9911
9887
9887
9883
9883
9879
9875
9872
9866
9866
9828
9822
9809
9799
9792
9791
9788
9767
9760
9756
9756
9755
9755
9755
9755
9755
9755
9755
9745
9740
9736
9726
9724
9720
9702
9692
9689
9681
9670
9670
9668
9666
9664
9663
9660
9660
9648
9648
9643
9638
9638
9635
9632
9631
9629
9620
9615
9613
9610
9606
9603
9597
9592
9592
9587
9585
9583
9582
9579
9574
9568
9556
9542
9533
9526
9508
9506
9504
9502
9502
9500
9491
9489
9489
9489
9488
9479
9479
9471
9465
9461
9455
9439
9438
9430
9428
9425
9422
9422
9420
9417
9413
9412
9404
9390
9390
9388
9384
9378
9370
9369
9362
9358
9357
9354
9351
9332
9326
9325
9325
9325
9325
9325
9325
9325
9324
9314
9312
9311
9308
9307
9304
9300
9297
9293
9293
9286
9285
9285
9280
9274
9271
9264
9253
9252
9246
9246
9244
9244
9244
9236
9233
9223
9215
9212
9211
9208
9207
9202
9189
9188
9187
9181
9179
9175
9174
9174
9169
9158
9152
9143
9140
9131
9126
9125
9124
9123
9111
9107
9092
9087
9086
9085
9079
9073
9071
9070
9070
9068
9067
9066
9066
9062
9059
9055
9053
9053
9049
9046
9035
9032
9032
9024
9019
9016
9005
9001
8998
8996
8994
8994
8991
8985
8978
8978
8972
8972
8971
8971
8970
8962
8961
8960
8956
8949
8946
8931
8928
8921
8913
8910
8909
8904
8900
8893
8890
8870
8870
8866
8864
8858
8858
8853
8852
8847
8841
8840
8833
8827
8820
8819
8818
8818
8814
8806
8804
8801
8801
8800
8794
8778
8774
8772
8762
8760
8745
8742
8742
8738
8735
8725
8720
8715
8711
8709
8709
8707
8697
8692
8691
8687
8682
8681
8681
8678
8670
8669
8669
8668
8662
8659
8647
8646
8638
8635
8633
8633
8632
8632
8629
8628
8624
8622
8611
8611
8598
8595
8583
8583
8581
8581
8581
8580
8578
8574
8567
8567
8567
8567
8567
8567
8567
8567
8566
8566
8566
8564
8561
8560
8559
8559
8558
8555
8554
8544
8535
8532
8530
8530
8530
8526
8524
8524
8522
8521
8519
8513
8512
8512
8512
8512
8511
8508
8508
8504
8504
8502
8502
8499
8495
8491
8483
8478
8475
8473
8471
8467
8464
8463
8456
8455
8455
8453
8451
8451
8450
8443
8440
8439
8433
8425
8423
8422
8419
8419
8419
8419
8419
8419
8419
8419
8419
8414
8411
8399
8397
8391
8387
8368
8354
8350
8340
8340
8339
8335
8327
8324
8323
8321
8317
8313
8308
8296
8293
8291
8291
8291
8288
8285
8282
8279
8273
8266
8265
8264
8260
8258
8257
8251
8250
8249
8246
8221
8220
8219
8218
8208
8206
8205
8205
8201
8197
8187
8181
8179
8172
8168
8161
8154
8153
8151
8148
8145
8139
8135
8124
8123
8122
8121
8117
8115
8113
8105
8098
8093
8093
8089
8075
8071
8067
8059
8053
8047
8046
8036
8036
8032
8024
8018
8017
8015
8015
8012
8010
8007
7997
7993
7966
7964
7962
7959
7954
7954
7951
7948
7946
7944
7939
7937
7927
7926
7925
7906
7904
7902
7902
7896
7893
7892
7884
7880
7875
7875
7874
7864
7864
7864
7864
7864
7864
7861
7860
7856
7855
7855
7854
7854
7854
7853
7853
7849
7841
7838
7830
7806
7805
7802
7796
7782
7775
7773
7773
7771
7770
7770
7768
7761
7760
7760
7760
7759
7755
7749
7744
7741
7739
7726
7714
7713
7713
7710
7705
7701
7699
7697
7697
7694
7687
7680
7678
7678
7676
7676
7674
7670
7670
7670
7669
7666
7664
7657
7654
7651
7649
7648
7645
7643
7637
7637
7634
7631
7630
7616
7613
7610
7609
7608
7606
7603
7598
7596
7596
7595
7584
7583
7583
7583
7577
7577
7577
7577
7577
7577
7577
7577
7577
7577
7575
7572
7566
7566
7563
7562
7561
7561
7554
7553
7553
7552
7545
7545
7541
7538
7533
7526
7524
7522
7520
7518
7516
7515
7515
7513
7509
7506
7504
7501
7500
7498
7498
7495
7493
7489
7487
7485
7481
7480
7472
7468
7466
7459
7450
7450
7448
7448
7446
7444
7442
7441
7441
7440
7437
7430
7424
7422
7420
7418
7415
7414
7395
7391
7386
7384
7379
7375
7373
7371
7370
7360
7358
7357
7355
7352
7348
7347
7324
7323
7320
7308
7306
7306
7306
7306
7306
7300
7294
7292
7289
7287
7281
7277
7276
7276
7275
7273
7272
7272
7265
7259
7257
7254
7253
7253
7253
7253
7253
7253
7253
7252
7252
7249
7245
7241
7238
7234
7225
7225
7224
7223
7221
7220
7220
7216
7211
7211
7208
7205
7203
7199
7198
7197
7196
7189
7187
7186
7184
7181
7175
7175
7172
7170
7169
7165
7160
7159
7149
7145
7142
7141
7139
7139
7136
7134
7117
7111
7110
7104
7093
7088
7087
7084
7069
7064
7061
7060
7059
7057
7056
7052
7047
7043
7042
7041
7032
7028
7023
7019
7019
7017
7013
7012
7007
7003
7002
6995
6995
6989
6986
6985
6982
6981
6980
6976
6975
6971
6970
6964
6962
6962
6959
6958
6958
6958
6957
6956
6954
6951
6950
6949
6932
6928
6925
6921
6917
6917
6916
6908
6905
6903
6903
6901
6900
6899
6893
6892
6890
6890
6889
6889
6888
6888
6884
6884
6884
6884
6882
6881
6876
6874
6873
6869
6869
6865
6865
6864
6864
6864
6862
6861
6860
6860
6850
6847
6845
6843
6840
6838
6836
6835
6834
6829
6825
6823
6820
6815
6813
6813
6810
6810
6808
6793
6787
6787
6786
6785
6783
6778
6775
6775
6768
6765
6765
6765
6764
6762
6754
6750
6743
6737
6735
6732
6730
6730
6721
6716
6716
6716
6715
6705
6704
6700
6698
6695
6688
6688
6687
6680
6676
6671
6669
6663
6661
6661
6657
6652
6651
6647
6646
6646
6643
6637
6634
6631
6627
6624
6623
6622
6620
6619
6615
6613
6610
6607
6607
6607
6607
6603
6597
6596
6596
6592
6589
6585
6585
6574
6561
6559
6556
6551
6548
6548
6546
6541
6537
6537
6535
6535
6534
6533
6526
6520
6516
6515
6515
6513
6512
6512
6506
6504
6504
6501
6500
6498
6497
6494
6493
6489
6486
6483
6480
6478
6477
6474
6471
6469
6468
6467
6466
6466
6462
6459
6459
6457
6455
6444
6439
6436
6434
6433
6432
6431
6427
6424
6424
6424
6423
6423
6423
6415
6414
6412
6409
6409
6405
6405
6404
6402
6398
6398
6398
6393
6382
6369
6367
6366
6366
6363
6360
6360
6360
6360
6359
6359
6359
6355
6353
6353
6350
6347
6344
6343
6343
6341
6340
6337
6336
6336
6335
6335
6330
6328
6323
6312
6311
6310
6307
6303
6300
6300
6292
6292
6290
6285
6276
6275
6272
6272
6271
6269
6265
6264
6253
6252
6250
6247
6246
6244
6239
6238
6237
6233
6233
6233
6229
6227
6226
6226
6224
6222
6222
6221
6221
6218
6214
6213
6210
6210
6206
6203
6202
6199
6199
6197
6194
6194
6193
6191
6190
6184
6183
6181
6173
6173
6172
6165
6163
6159
6157
6152
6150
6147
6145
6143
6141
6140
6140
6139
6138
6134
6132
6130
6129
6128
6127
6126
6122
6122
6122
6118
6118
6117
6115
6115
6115
6115
6114
6112
6109
6106
6100
6096
6096
6095
6091
6087
6085
6084
6081
6079
6078
6077
6075
6074
6071
6066
6064
6061
6055
6055
6055
6052
6051
6050
6049
6048
6048
6047
6046
6044
6043
6042
6042
6041
6038
6038
6038
6037
6035
6034
6033
6032
6031
6026
6024
6024
6021
6020
6012
6012
6010
6008
6007
6007
6007
6005
6003
6003
6003
6001
5999
5999
5999
5997
5997
5994
5992
5992
5990
5990
5987
5987
5985
5984
5982
5982
5981
5975
5973
5969
5959
5952
5952
5952
5951
5951
5950
5950
5948
5947
5946
5945
5944
5942
5941
5934
5934
5933
5928
5927
5926
5922
5921
5919
5917
5912
5911
5911
5908
5907
5907
5905
5899
5899
5899
5898
5898
5897
5896
5896
5894
5894
5892
5890
5890
5890
5888
5886
5885
5883
5883
5883
5880
5877
5875
5875
5874
5871
5868
5867
5860
5860
5855
5855
5852
5849
5849
5848
5848
5843
5841
5841
5840
5839
5839
5837
5836
5836
5835
5832
5832
5830
5829
5828
5827
5827
5826
5826
5824
5821
5820
5820
5817
5815
5815
5815
5811
5811
5810
5809
5805
5805
5805
5805
5801
5797
5787
5784
5781
5778
5776
5775
5775
5774
5771
5770
5769
5769
5766
5766
5756
5743
5742
5741
5739
5738
5737
5735
5735
5735
5735
5735
5735
5735
5735
5735
5735
5735
5735
5735
5733
5732
5732
5731
5731
5730
5725
5721
5721
5720
5720
5720
5720
5719
5718
5717
5715
5714
5712
5711
5709
5708
5708
5708
5703
5703
5698
5697
5695
5695
5692
5685
5684
5683
5678
5677
5675
5674
5674
5673
5672
5669
5668
5665
5665
5664
5662
5662
5661
5658
5656
5655
5655
5654
5653
5653
5651
5649
5648
5646
5645
5644
5644
5640
5639
5638
5637
5636
5636
5636
5634
5634
5634
5634
5633
5632
5632
5631
5628
5627
5624
5623
5620
5620
5620
5620
5619
5617
5617
5616
5615
5614
5612
5612
5610
5609
5608
5607
5606
5606
5604
5602
5600
5599
5598
5598
5596
5596
5593
5593
5592
5591
5591
5591
5589
5587
5586
5583
5582
5582
5582
5581
5581
5581
5579
5578
5578
5577
5575
5575
5574
5571
5571
5571
5570
5569
5567
5566
5565
5565
5562
5561
5557
5554
5554
5551
5549
5549
5547
5545
5545
5545
5543
5543
5542
5540
5540
5540
5539
5538
5532
5531
5531
5529
5528
5527
5526
5526
5526
5525
5524
5524
5523
5522
5521
5521
5520
5520
5519
5519
5518
5518
5518
5517
5515
5515
5515
5514
5514
5511
5510
5509
5509
5509
5508
5508
5505
5504
5504
5504
5504
5503
5502
5502
5501
5500
5500
5500
5498
5497
5495
5494
5494
5494
5494
5494
5493
5491
5490
5490
5489
5488
5487
5486
5485
5485
5483
5483
5482
5482
5480
5480
5480
5480
5479
5479
5479
5476
5475
5475
5475
5473
5472
5472
5471
5471
5471
5471
5471
5470
5468
5468
5468
5467
5466
5466
5466
5464
5463
5463
5462
5459
5459
5457
5457
5456
5456
5455
5455
5454
5453
5451
5450
5449
5448
5447
5445
5445
5444
5443
5442
5442
5441
5441
5440
5439
5438
5438
5436
5436
5436
5435
5435
5435
5434
5433
5433
5431
5429
5428
5428
5427
5426
5426
5425
5424
5423
5423
5423
5419
5418
5418
5418
5417
5417
5417
5416
5415
5415
5415
5414
5413
5412
5412
5412
5412
5409
5409
5409
5408
5408
5407
5406
5406
5406
5406
5405
5404
5404
5403
5402
5402
5401
5400
5400
5400
5397
5395
5394
5394
5393
5393
5391
5391
5390
5390
5390
5389
5389
5389
5388
5386
5385
5385
5385
5385
5385
5382
5382
5382
5380
5380
5379
5379
5379
5378
5376
5376
5375
5374
5374
5374
5374
5373
5373
5373
5370
5370
5368
5367
5365
5363
5362
5362
5361
5359
5358
5358
5358
5357
5356
5355
5354
5354
5353
5353
5353
5353
5352
5351
5351
5351
5350
5350
5350
5349
5349
5348
5348
5348
5348
5348
5347
5346
5345
5344
5344
5343
5343
5343
5343
5342
5342
5341
5341
5340
5340
5340
5340
5339
5338
5337
5336
5336
5336
5336
5335
5335
5332
5332
5331
5331
5331
5330
5330
5330
5330
5329
5329
5327
5326
5325
5325
5324
5323
5323
5322
5322
5322
5322
5321
5321
5321
5320
5320
5320
5318
5318
5317
5317
5316
5316
5315
5314
5314
5313
5312
5311
5311
5310
5310
5309
5307
5305
5305
5305
5304
5304
5303
5303
5301
5301
5300
5299
5298
5296
5296
5296
5295
5295
5294
5293
5292
5291
5291
5291
5291
5290
5290
5288
5288
5288
5288
5286
5286
5285
5284
5284
5283
5283
5283
5282
5281
5281
5280
5280
5279
5279
5278
5277
5277
5276
5276
5275
5275
5271
5271
5270
5270
5269
5268
5267
5267
5265
5263
5262
5261
5260
5260
5259
5259
5258
5255
5255
5255
5254
5254
5253
5253
5252
5251
5250
5250
5249
5249
5248
5248
5248
5247
5247
5246
5245
5244
5244
5244
5244
5243
5242
5242
5241
5240
5240
5237
5236
5236
5234
5234
5234
5233
5232
5232
5232
5231
5231
5230
5229
5229
5228
5227
5227
5226
5225
5225
5225
5223
5223
5222
5222
5222
5219
5218
5218
5217
5216
5216
5216
5216
5215
5215
5215
5214
5214
5214
5214
5213
5213
5212
5210
5210
5210
5209
5209
5208
5207
5207
5205
5204
5203
5200
5199
5198
5198
5198
5198
5197
5197
5195
5195
5195
5193
5193
5192
5192
5191
5190
5190
5189
5189
5188
5188
5187
5186
5185
5185
5184
5183
5183
5183
5182
5182
5182
5181
5181
5181
5181
5181
5179
5178
5178
5177
5176
5176
5175
5174
5173
5173
5173
5173
5172
5172
5172
5172
5172
5172
5172
5172
5172
5172
5171
5170
5170
5169
5169
5168
5167
5167
5166
5166
5166
5165
5165
5165
5162
5161
5160
5160
5159
5159
5158
5157
5157
5157
5155
5155
5154
5154
5153
5153
5151
5151
5150
5149
5149
5149
5146
5146
5145
5145
5145
5144
5142
5142
5141
5140
5140
5140
5140
5139
5139
5139
5138
5137
5135
5134
5133
5132
5132
5132
5131
5130
5130
5130
5127
5126
5125
5124
5124
5124
5123
5123
5122
5122
5120
5118
5118
5117
5117
5115
5114
5114
5112
5110
5108
5108
5108
5107
5106
5106
5105
5103
5102
5101
5100
5100
5099
5099
5098
5098
5097
5097
5096
5096
5096
5096
5093
5093
5091
5091
5091
5091
5090
5090
5089
5088
5086
5086
5086
5086
5083
5081
5081
5081
5081
5079
5079
5079
5079
5078
5077
5077
5074
5074
5073
5073
5072
5072
5071
5071
5070
5067
5067
5066
5065
5065
5065
5065
5064
5064
5063
5063
5062
5062
5059
5058
5058
5057
5056
5054
5054
5054
5052
5052
5049
5049
5049
5049
5049
5049
5046
5045
5044
5043
5043
5042
5038
5036
5035
5033
5032
5032
5031
5030
5030
5027
5026
5026
5025
5025
5025
5025
5024
5020
5020
5019
5018
5017
5017
5015
5014
5013
5012
5010
5010
5009
5009
5008
5007
5005
5004
5004
5004
5004
5003
5001
4996
4996
4994
4993
4992
4989
4986
4985
4984
4983
4982
4982
4981
4981
4981
4981
4981
4980
4980
4979
4976
4974
4973
4972
4971
4971
4971
4971
4968
4967
4965
4963
4960
4960
4956
4956
4954
4953
4951
4951
4951
4951
4948
4946
4945
4939
4933
4933
4931
4930
4930
4926
4926
4925
4924
4924
4923
4923
4923
4922
4922
4918
4914
4913
4913
4912
4909
4909
4908
4907
4906
4903
4902
4901
4901
4897
4895
4888
4885
4884
4884
4883
4879
4879
4878
4878
4878
4877
4877
4875
4873
4871
4871
4869
4867
4864
4864
4862
4860
4858
4857
4848
4847
4844
4844
4838
4836
4836
4835
4834
4833
4831
4831
4827
4826
4822
4821
4821
4818
4815
4814
4812
4810
4808
4807
4807
4807
4807
4807
4807
4807
4806
4805
4804
4802
4801
4801
4800
4800
4799
4799
4798
4794
4792
4791
4791
4790
4790
4789
4789
4784
4780
4779
4779
4779
4779
4778
4776
4768
4766
4766
4764
4764
4764
4762
4761
4761
4761
4760
4759
4757
4757
4756
4755
4755
4755
4753
4749
4749
4747
4747
4747
4747
4747
4745
4745
4744
4744
4744
4743
4742
4742
4741
4739
4739
4737
4737
4734
4733
4730
4727
4726
4726
4725
4724
4720
4718
4717
4717
4716
4716
4716
4715
4714
4713
4711
4711
4708
4708
4707
4706
4705
4705
4704
4703
4703
4700
4699
4699
4699
4696
4696
4693
4692
4691
4690
4689
4687
4687
4687
4685
4683
4683
4677
4676
4674
4674
4674
4673
4673
4672
4671
4668
4665
4664
4662
4661
4660
4656
4656
4653
4653
4652
4650
4650
4649
4647
4647
4645
4645
4645
4645
4645
4644
4643
4642
4642
4641
4640
4638
4636
4635
4635
4634
4634
4634
4633
4632
4631
4630
4627
4626
4626
4625
4625
4624
4623
4621
4621
4619
4618
4618
4616
4612
4611
4610
4605
4605
4604
4604
4602
4598
4595
4593
4591
4591
4589
4587
4587
4586
4585
4584
4582
4580
4578
4577
4576
4576
4575
4574
4572
4572
4571
4571
4570
4568
4565
4565
4565
4564
4564
4563
4563
4562
4560
4559
4558
4558
4558
4558
4557
4556
4554
4552
4552
4550
4549
4546
4545
4544
4542
4541
4540
4540
4538
4537
4536
4536
4535
4533
4533
4533
4529
4528
4528
4526
4524
4524
4524
4523
4521
4520
4520
4520
4519
4517
4516
4512
4512
4510
4510
4506
4500
4500
4499
4498
4498
4498
4498
4498
4494
4494
4494
4494
4493
4492
4491
4491
4491
4491
4490
4490
4489
4486
4485
4484
4484
4482
4480
4479
4479
4477
4475
4473
4473
4473
4472
4472
4471
4471
4471
4471
4471
4469
4468
4466
4465
4465
4465
4463
4462
4462
4460
4460
4459
4459
4457
4456
4455
4455
4455
4452
4452
4452
4452
4452
4451
4447
4447
4445
4445
4445
4445
4445
4445
4445
4442
4441
4439
4435
4435
4435
4435
4433
4432
4431
4431
4430
4428
4427
4427
4427
4427
4427
4427
4426
4426
4425
4424
4424
4423
4423
4420
4418
4417
4417
4417
4413
4412
4410
4409
4409
4408
4406
4405
4404
4403
4403
4403
4403
4402
4402
4402
4402
4402
4402
4402
4402
4402
4401
4399
4398
4396
4393
4391
4391
4387
4385
4384
4383
4383
4382
4382
4382
4381
4381
4381
4377
4377
4375
4374
4374
4373
4371
4370
4370
4367
4366
4365
4364
4363
4361
4360
4355
4355
4354
4352
4351
4350
4350
4348
4347
4347
4346
4345
4344
4344
4342
4342
4342
4340
4340
4338
4338
4338
4336
4336
4334
4332
4332
4332
4331
4331
4327
4326
4326
4325
4325
4324
4324
4323
4320
4320
4318
4317
4316
4316
4316
4315
4315
4315
4314
4314
4313
4313
4312
4311
4311
4310
4309
4307
4307
4307
4306
4306
4306
4305
4304
4304
4304
4303
4301
4300
4300
4298
4298
4298
4298
4297
4296
4293
4293
4291
4291
4290
4289
4288
4287
4285
4285
4284
4281
4280
4280
4279
4278
4278
4277
4277
4275
4275
4274
4273
4273
4272
4271
4271
4271
4271
4271
4271
4271
4270
4269
4269
4268
4268
4268
4266
4266
4264
4264
4263
4261
4261
4259
4257
4256
4255
4252
4252
4252
4251
4251
4249
4247
4244
4244
4242
4242
4239
4238
4238
4235
4235
4235
4234
4232
4232
4229
4228
4228
4227
4227
4227
4225
4224
4224
4224
4224
4222
4222
4221
4217
4216
4211
4211
4211
4209
4208
4208
4206
4204
4201
4201
4199
4198
4197
4196
4194
4193
4193
4193
4193
4189
4187
4186
4186
4185
4185
4183
4181
4180
4178
4177
4176
4175
4172
4172
4172
4171
4168
4168
4168
4167
4166
4165
4165
4164
4161
4160
4159
4155
4154
4154
4153
4152
4149
4148
4143
4140
4138
4137
4137
4136
4136
4133
4132
4131
4129
4129
4129
4128
4127
4127
4126
4125
4125
4125
4125
4124
4123
4123
4122
4122
4121
4121
4121
4120
4120
4120
4118
4118
4117
4116
4115
4115
4115
4114
4113
4113
4112
4112
4112
4112
4109
4109
4108
4106
4105
4103
4101
4101
4100
4100
4098
4097
4095
4092
4090
4089
4088
4087
4086
4086
4085
4085
4084
4083
4083
4082
4081
4074
4073
4073
4072
4071
4071
4071
4071
4070
4069
4069
4068
4068
4067
4067
4066
4066
4066
4065
4065
4064
4064
4063
4063
4061
4061
4061
4061
4061
4061
4061
4060
4059
4058
4057
4057
4056
4055
4055
4054
4053
4052
4052
4052
4051
4051
4050
4050
4050
4049
4046
4046
4045
4043
4041
4041
4040
4040
4040
4040
4039
4038
4038
4037
4037
4035
4034
4033
4032
4032
4031
4030
4030
4030
4030
4029
4029
4027
4025
4025
4025
4023
4023
4023
4022
4021
4021
4021
4020
4020
4019
4019
4019
4019
4018
4018
4018
4017
4016
4016
4014
4014
4014
4013
4012
4011
4010
4010
4008
4007
4006
4005
4005
4005
4004
4003
4003
4001
4000
3999
3998
3998
3997
3996
3995
3995
3995
3994
3991
3990
3989
3989
3988
3987
3987
3987
3985
3985
3985
3985
3984
3983
3983
3983
3982
3982
3981
3980
3980
3980
3979
3979
3979
3979
3978
3977
3976
3976
3976
3975
3975
3974
3972
3972
3972
3971
3971
3970
3969
3969
3969
3968
3968
3968
3968
3966
3965
3964
3963
3962
3962
3962
3962
3961
3960
3960
3959
3958
3958
3957
3955
3954
3954
3954
3954
3954
3950
3949
3949
3948
3948
3948
3947
3947
3947
3944
3940
3938
3938
3938
3937
3936
3935
3935
3934
3934
3933
3931
3931
3930
3930
3928
3927
3927
3927
3926
3925
3925
3925
3925
3924
3924
3924
3923
3920
3919
3918
3918
3917
3916
3914
3913
3910
3909
3909
3908
3908
3908
3907
3906
3904
3904
3904
3903
3901
3900
3899
3897
3897
3895
3895
3894
3894
3894
3893
3892
3891
3890
3889
3889
3887
3887
3886
3885
3885
3885
3885
3885
3884
3884
3883
3882
3881
3878
3878
3877
3877
3876
3876
3874
3874
3874
3874
3873
3873
3868
3867
3866
3865
3864
3862
3861
3861
3860
3859
3858
3858
3858
3858
3857
3856
3856
3856
3854
3854
3851
3851
3850
3847
3847
3844
3844
3844
3844
3843
3841
3840
3840
3840
3839
3838
3836
3835
3832
3832
3831
3830
3828
3827
3826
3825
3825
3825
3824
3824
3823
3823
3821
3821
3820
3820
3819
3819
3818
3818
3817
3817
3815
3814
3814
3814
3813
3812
3812
3810
3810
3810
3810
3810
3809
3809
3808
3808
3805
3805
3804
3803
3802
3802
3801
3801
3801
3800
3798
3798
3798
3798
3797
3797
3797
3797
3797
3797
3797
3797
3797
3796
3795
3794
3794
3792
3791
3790
3789
3787
3784
3782
3780
3780
3780
3779
3778
3776
3775
3775
3775
3775
3774
3774
3774
3774
3773
3772
3771
3770
3770
3769
3769
3769
3769
3768
3768
3768
3767
3765
3765
3764
3763
3763
3763
3762
3761
3761
3761
3761
3761
3759
3758
3758
3758
3757
3757
3757
3757
3755
3754
3754
3753
3752
3752
3752
3751
3750
3748
3748
3746
3746
3745
3744
3744
3744
3744
3742
3741
3736
3736
3733
3731
3731
3730
3729
3728
3725
3725
3725
3725
3724
3724
3724
3723
3722
3722
3721
3721
3721
3721
3720
3720
3720
3720
3719
3718
3718
3718
3717
3717
3716
3716
3716
3716
3716
3715
3715
3715
3715
3714
3714
3713
3713
3712
3712
3712
3712
3712
3712
3712
3712
3711
3711
3711
3711
3710
3710
3709
3709
3708
3708
3708
3708
3707
3707
3707
3707
3706
3706
3705
3704
3703
3702
3701
3700
3699
3699
3698
3698
3697
3696
3695
3695
3694
3694
3693
3693
3693
3693
3692
3692
3691
3691
3691
3690
3690
3689
3689
3689
3689
3686
3685
3685
3684
3683
3682
3682
3682
3682
3681
3681
3681
3680
3679
3679
3679
3677
3676
3676
3676
3674
3674
3674
3674
3673
3673
3673
3672
3671
3671
3671
3670
3669
3668
3667
3667
3667
3667
3667
3666
3663
3662
3660
3660
3660
3659
3659
3657
3656
3656
3654
3652
3651
3650
3650
3650
3648
3647
3646
3644
3644
3641
3640
3640
3639
3637
3636
3634
3633
3633
3632
3631
3630
3630
3629
3628
3627
3627
3626
3625
3625
3625
3624
3624
3623
3623
3622
3622
3622
3621
3620
3620
3619
3618
3618
3617
3616
3616
3615
3615
3614
3614
3614
3614
3613
3612
3612
3609
3608
3608
3607
3606
3606
3605
3603
3603
3603
3603
3601
3599
3599
3599
3598
3598
3597
3597
3597
3597
3597
3597
3596
3595
3595
3593
3592
3592
3592
3591
3590
3590
3589
3589
3589
3589
3588
3588
3587
3585
3584
3584
3583
3583
3582
3580
3579
3578
3578
3578
3578
3578
3578
3578
3577
3577
3575
3574
3573
3572
3572
3572
3570
3570
3570
3569
3569
3569
3568
3568
3568
3567
3567
3566
3566
3565
3565
3564
3564
3564
3563
3562
3562
3562
3562
3562
3561
3561
3561
3561
3561
3560
3559
3557
3556
3555
3555
3555
3555
3555
3555
3555
3555
3554
3553
3552
3552
3550
3549
3548
3548
3547
3544
3543
3543
3543
3542
3542
3541
3541
3540
3539
3538
3537
3536
3536
3535
3535
3532
3531
3531
3530
3530
3529
3529
3527
3527
3526
3525
3524
3524
3524
3524
3523
3523
3523
3523
3522
3520
3520
3520
3519
3519
3518
3518
3517
3515
3515
3514
3514
3513
3512
3512
3512
3511
3511
3510
3510
3510
3509
3509
3508
3507
3507
3507
3505
3505
3503
3503
3503
3503
3502
3500
3498
3497
3497
3497
3495
3494
3494
3494
3493
3492
3492
3491
3491
3490
3490
3490
3488
3488
3488
3487
3487
3487
3486
3486
3485
3485
3485
3485
3484
3483
3483
3482
3481
3480
3480
3479
3479
3479
3479
3478
3478
3475
3475
3474
3474
3473
3472
3472
3471
3471
3470
3469
3469
3469
3469
3468
3468
3468
3468
3467
3467
3467
3467
3466
3465
3463
3463
3462
3462
3462
3462
3462
3462
3461
3461
3461
3461
3460
3460
3459
3458
3458
3457
3456
3456
3456
3456
3455
3455
3455
3455
3454
3454
3453
3453
3453
3450
3450
3450
3450
3450
3449
3449
3448
3448
3448
3448
3446
3446
3446
3445
3444
3444
3443
3443
3442
3442
3441
3441
3440
3440
3439
3439
3438
3438
3438
3437
3436
3435
3435
3435
3434
3433
3433
3432
3432
3431
3431
3430
3430
3429
3429
3428
3428
3428
3427
3425
3424
3423
3423
3422
3422
3421
3421
3421
3420
3420
3420
3420
3419
3419
3419
3418
3418
3418
3418
3417
3417
3413
3413
3413
3413
3413
3413
3412
3412
3412
3411
3410
3410
3410
3409
3409
3408
3408
3407
3406
3406
3406
3404
3403
3402
3401
3401
3401
3401
3400
3400
3399
3399
3399
3398
3398
3397
3397
3396
3396
3396
3396
3395
3395
3394
3393
3392
3392
3392
3391
3391
3391
3390
3389
3389
3389
3388
3387
3386
3386
3385
3383
3383
3381
3381
3379
3377
3377
3376
3374
3374
3374
3374
3374
3373
3372
3371
3369
3368
3367
3367
3367
3367
3363
3362
3362
3361
3361
3361
3361
3360
3360
3359
3359
3358
3358
3358
3358
3357
3357
3357
3357
3357
3356
3356
3356
3354
3354
3354
3353
3349
3348
3347
3347
3346
3346
3345
3345
3345
3345
3343
3343
3343
3343
3343
3341
3341
3341
3340
3340
3339
3338
3338
3337
3336
3335
3334
3334
3333
3332
3332
3332
3331
3331
3331
3330
3329
3328
3328
3328
3328
3328
3328
3327
3326
3326
3326
3325
3325
3325
3324
3323
3322
3321
3321
3321
3320
3319
3319
3319
3318
3317
3317
3316
3316
3315
3315
3315
3315
3314
3314
3313
3313
3312
3312
3312
3312
3312
3312
3311
3311
3311
3310
3309
3309
3308
3308
3307
3307
3307
3305
3304
3304
3304
3304
3304
3303
3303
3303
3303
3302
3300
3300
3299
3299
3299
3298
3294
3293
3292
3289
3287
3287
3287
3287
3287
3287
3287
3286
3286
3285
3285
3285
3284
3284
3283
3283
3282
3282
3280
3279
3279
3279
3278
3278
3277
3277
3277
3275
3275
3275
3274
3274
3274
3274
3273
3273
3272
3271
3270
3270
3269
3268
3267
3267
3267
3267
3267
3267
3266
3265
3265
3265
3263
3262
3262
3262
3262
3261
3260
3260
3259
3259
3256
3256
3256
3255
3254
3253
3252
3251
3251
3251
3251
3251
3250
3250
3249
3249
3249
3248
3248
3248
3247
3247
3247
3246
3245
3245
3244
3244
3244
3243
3243
3243
3241
3240
3239
3239
3238
3238
3237
3237
3236
3236
3235
3235
3235
3235
3232
3232
3230
3229
3228
3228
3227
3225
3225
3224
3224
3224
3224
3224
3223
3223
3223
3222
3222
3222
3221
3221
3221
3220
3219
3218
3218
3217
3217
3216
3215
3215
3214
3214
3213
3212
3212
3212
3212
3212
3212
3210
3209
3208
3207
3207
3207
3204
3204
3202
3202
3201
3200
3200
3200
3199
3199
3199
3199
3198
3198
3197
3197
3197
3197
3196
3196
3195
3194
3194
3194
3194
3193
3193
3193
3192
3192
3192
3192
3191
3191
3190
3190
3189
3189
3189
3188
3188
3187
3185
3185
3185
3185
3184
3184
3183
3183
3183
3181
3180
3180
3180
3179
3178
3177
3175
3174
3174
3174
3172
3171
3170
3169
3169
3168
3168
3167
3166
3166
3165
3165
3164
3164
3164
3164
3164
3162
3162
3161
3161
3160
3160
3160
3160
3160
3159
3159
3158
3157
3156
3156
3156
3156
3156
3155
3155
3154
3154
3153
3151
3151
3151
3150
3148
3147
3147
3147
3145
3145
3145
3145
3145
3144
3144
3144
3143
3143
3143
3142
3142
3142
3142
3142
3142
3141
3141
3141
3141
3140
3140
3140
3140
3139
3139
3139
3138
3138
3138
3137
3136
3134
3134
3133
3133
3132
3131
3131
3131
3131
3130
3130
3130
3130
3129
3128
3128
3128
3128
3126
3126
3126
3126
3124
3124
3124
3123
3123
3122
3122
3122
3121
3120
3119
3119
3119
3117
3117
3117
3117
3116
3116
3116
3115
3114
3113
3113
3113
3113
3112
3112
3112
3111
3111
3111
3111
3109
3109
3109
3109
3109
3108
3108
3108
3108
3108
3106
3106
3106
3106
3106
3106
3105
3105
3104
3104
3103
3103
3102
3102
3102
3102
3101
3101
3100
3099
3099
3098
3098
3098
3098
3098
3098
3098
3097
3096
3095
3095
3095
3094
3094
3093
3092
3091
3091
3090
3089
3089
3089
3089
3088
3088
3088
3087
3086
3085
3085
3083
3083
3083
3083
3083
3082
3082
3081
3081
3081
3081
3081
3081
3080
3080
3080
3079
3079
3079
3078
3078
3077
3077
3077
3076
3076
3076
3076
3076
3076
3076
3076
3074
3074
3074
3073
3073
3073
3072
3072
3070
3069
3069
3067
3067
3067
3066
3066
3066
3066
3065
3065
3065
3064
3063
3063
3063
3063
3063
3063
3063
3063
3062
3061
3061
3061
3060
3059
3059
3058
3058
3058
3058
3057
3057
3057
3056
3056
3055
3055
3054
3054
3053
3053
3052
3052
3051
3051
3051
3051
3050
3050
3050
3049
3048
3048
3047
3046
3046
3046
3046
3046
3046
3046
3046
3045
3045
3043
3043
3042
3042
3040
3040
3040
3040
3039
3038
3038
3038
3038
3037
3037
3037
3035
3034
3034
3033
3033
3032
3032
3032
3032
3032
3032
3031
3031
3031
3031
3030
3030
3029
3029
3029
3028
3028
3028
3027
3026
3026
3025
3024
3024
3024
3024
3023
3022
3021
3021
3021
3021
3021
3018
3018
3017
3017
3017
3016
3016
3016
3016
3015
3015
3015
3014
3013
3011
3010
3010
3009
3009
3008
3008
3007
3007
3007
3006
3006
3006
3006
3006
3005
3005
3005
3003
3003
3003
3002
3001
3000
2999
2998
2998
2998
2998
2997
2997
2997
2996
2996
2996
2994
2992
2992
2992
2992
2991
2991
2991
2990
2990
2990
2989
2989
2988
2988
2987
2987
2987
2986
2985
2985
2985
2984
2984
2983
2983
2983
2983
2983
2982
2982
2981
2981
2981
2979
2979
2978
2978
2977
2976
2976
2976
2976
2976
2976
2974
2972
2972
2971
2970
2970
2969
2968
2968
2967
2967
2966
2966
2966
2964
2964
2963
2962
2962
2961
2959
2959
2958
2957
2957
2957
2956
2954
2954
2953
2953
2953
2952
2951
2951
2950
2950
2949
2948
2948
2947
2946
2945
2944
2944
2943
2941
2941
2939
2938
2937
2936
2936
2935
2934
2934
2934
2934
2932
2932
2931
2931
2931
2931
2930
2930
2930
2929
2929
2929
2928
2928
2928
2927
2927
2926
2925
2925
2925
2925
2924
2924
2924
2923
2922
2922
2922
2921
2921
2920
2920
2920
2919
2918
2918
2917
2916
2914
2914
2914
2914
2914
2914
2914
2914
2912
2912
2911
2911
2910
2910
2910
2909
2909
2909
2909
2908
2908
2908
2908
2908
2908
2908
2905
2904
2903
2903
2901
2900
2899
2899
2899
2897
2897
2897
2896
2895
2894
2894
2894
2894
2894
2892
2891
2890
2888
2888
2887
2887
2886
2885
2885
2885
2884
2884
2884
2884
2884
2883
2882
2882
2882
2881
2880
2880
2880
2879
2878
2878
2877
2877
2877
2876
2876
2876
2875
2874
2874
2873
2872
2871
2871
2871
2870
2869
2868
2867
2867
2867
2866
2866
2866
2866
2865
2864
2864
2864
2864
2864
2864
2862
2862
2862
2862
2861
2861
2861
2861
2860
2860
2859
2859
2858
2857
2854
2853
2853
2850
2849
2848
2846
2846
2846
2845
2843
2843
2843
2842
2842
2842
2841
2841
2841
2841
2840
2840
2840
2840
2838
2838
2838
2838
2838
2838
2837
2836
2835
2835
2835
2835
2835
2834
2834
2833
2833
2829
2829
2829
2828
2828
2828
2827
2827
2826
2826
2825
2825
2823
2823
2823
2822
2822
2821
2821
2821
2820
2820
2820
2820
2820
2820
2819
2819
2819
2819
2818
2818
2818
2817
2817
2816
2816
2816
2816
2815
2815
2815
2815
2815
2815
2814
2814
2813
2812
2812
2812
2812
2811
2811
2811
2810
2809
2809
2809
2809
2809
2808
2808
2808
2807
2807
2807
2806
2806
2806
2805
2805
2805
2805
2804
2804
2803
2802
2802
2802
2801
2800
2800
2798
2798
2797
2797
2797
2797
2796
2795
2794
2794
2793
2793
2792
2792
2790
2790
2788
2787
2786
2786
2786
2786
2784
2784
2784
2783
2783
2783
2782
2782
2782
2781
2781
2781
2781
2781
2780
2779
2778
2778
2778
2778
2778
2777
2777
2776
2775
2775
2775
2775
2775
2774
2774
2774
2774
2773
2772
2772
2771
2771
2770
2768
2768
2768
2767
2767
2766
2765
2765
2764
2763
2762
2762
2762
2762
2762
2762
2762
2761
2761
2761
2761
2761
2760
2760
2759
2758
2758
2757
2756
2756
2755
2753
2753
2752
2752
2751
2751
2750
2750
2750
2750
2749
2749
2749
2749
2748
2747
2747
2746
2745
2745
2745
2745
2743
2742
2742
2742
2742
2740
2739
2738
2738
2738
2738
2737
2737
2736
2736
2736
2735
2735
2735
2735
2735
2733
2732
2732
2732
2732
2731
2731
2730
2730
2730
2729
2729
2728
2728
2728
2727
2727
2726
2726
2725
2725
2724
2724
2724
2723
2723
2723
2722
2722
2721
2721
2720
2720
2720
2719
2719
2719
2718
2718
2717
2717
2717
2716
2716
2715
2714
2714
2713
2713
2713
2713
2712
2712
2711
2711
2710
2710
2709
2709
2709
2707
2707
2707
2707
2706
2705
2704
2704
2704
2703
2703
2700
2699
2698
2698
2698
2697
2697
2696
2696
2694
2693
2693
2693
2693
2691
2691
2691
2691
2690
2690
2689
2688
2688
2687
2687
2687
2686
2686
2686
2686
2686
2685
2685
2685
2684
2684
2683
2683
2683
2682
2681
2681
2681
2680
2680
2680
2680
2680
2680
2680
2680
2680
2679
2679
2679
2679
2679
2678
2677
2677
2677
2677
2676
2676
2676
2673
2673
2672
2672
2670
2668
2667
2667
2667
2667
2667
2666
2666
2666
2666
2666
2665
2664
2664
2664
2663
2663
2662
2662
2662
2661
2660
2660
2660
2659
2658
2658
2658
2656
2656
2656
2656
2655
2654
2654
2654
2654
2653
2653
2653
2653
2652
2652
2652
2652
2651
2651
2651
2650
2649
2649
2649
2648
2648
2648
2647
2647
2646
2645
2645
2645
2643
2643
2642
2642
2641
2641
2640
2640
2639
2639
2637
2637
2636
2636
2636
2636
2635
2635
2635
2634
2634
2633
2633
2632
2632
2632
2632
2632
2632
2631
2630
2630
2630
2630
2629
2629
2628
2627
2627
2627
2627
2626
2626
2626
2626
2625
2624
2623
2622
2621
2620
2620
2619
2619
2618
2618
2618
2618
2618
2618
2617
2617
2616
2615
2615
2615
2615
2615
2615
2614
2613
2613
2613
2612
2612
2612
2612
2612
2612
2612
2611
2611
2611
2610
2609
2608
2608
2608
2608
2607
2607
2606
2606
2606
2606
2605
2605
2605
2604
2603
2603
2603
2602
2602
2601
2601
2600
2600
2600
2599
2599
2598
2598
2598
2597
2597
2596
2596
2596
2595
2595
2595
2595
2594
2594
2594
2594
2593
2592
2592
2591
2590
2590
2590
2590
2590
2589
2589
2589
2588
2587
2587
2587
2587
2586
2585
2584
2584
2584
2584
2584
2582
2580
2580
2580
2580
2579
2579
2579
2578
2577
2577
2577
2576
2575
2575
2575
2574
2573
2573
2573
2573
2572
2572
2572
2571
2571
2571
2570
2570
2569
2569
2569
2569
2568
2568
2566
2566
2566
2566
2565
2565
2565
2564
2564
2564
2564
2564
2563
2563
2563
2563
2562
2562
2562
2562
2561
2561
2561
2560
2559
2559
2558
2558
2557
2557
2557
2557
2556
2556
2556
2556
2555
2554
2554
2554
2554
2554
2554
2553
2553
2552
2552
2550
2550
2549
2549
2548
2547
2547
2547
2546
2545
2545
2545
2545
2545
2545
2543
2543
2543
2542
2542
2541
2541
2541
2540
2540
2540
2540
2539
2539
2537
2537
2537
2536
2535
2535
2535
2534
2534
2533
2533
2532
2532
2532
2532
2532
2532
2531
2530
2529
2529
2529
2529
2528
2528
2528
2527
2527
2527
2527
2527
2526
2525
2525
2524
2524
2524
2524
2523
2523
2523
2523
2522
2522
2522
2522
2521
2521
2521
2521
2521
2521
2519
2519
2519
2519
2519
2519
2519
2518
2518
2518
2518
2517
2517
2517
2517
2517
2516
2516
2515
2515
2515
2514
2512
2512
2511
2511
2511
2511
2511
2510
2510
2510
2510
2510
2508
2508
2507
2507
2506
2506
2506
2505
2505
2504
2503
2503
2501
2501
2499
2498
2498
2498
2497
2497
2496
2496
2496
2496
2496
2496
2494
2494
2493
2492
2492
2491
2491
2491
2491
2491
2490
2489
2487
2487
2487
2487
2487
2486
2485
2485
2485
2485
2484
2484
2484
2484
2483
2483
2483
2483
2483
2483
2482
2482
2481
2481
2480
2479
2479
2479
2478
2477
2477
2477
2474
2474
2474
2474
2473
2472
2472
2471
2471
2471
2471
2471
2471
2471
2471
2470
2469
2469
2469
2469
2468
2468
2467
2467
2467
2466
2465
2465
2463
2463
2463
2462
2462
2462
2462
2462
2462
2462
2462
2462
2462
2459
2459
2458
2458
2458
2458
2457
2457
2457
2457
2455
2454
2454
2454
2454
2454
2454
2453
2453
2453
2452
2451
2451
2451
2451
2451
2450
2450
2449
2449
2449
2449
2447
2446
2446
2445
2445
2445
2444
2443
2443
2443
2443
2443
2442
2441
2440
2440
2440
2439
2438
2437
2437
2437
2436
2436
2436
2435
2435
2434
2434
2434
2433
2433
2432
2432
2432
2431
2431
2431
2430
2429
2428
2428
2427
2427
2426
2426
2425
2425
2425
2423
2423
2423
2422
2421
2421
2420
2420
2420
2419
2418
2418
2418
2417
2417
2417
2416
2416
2415
2415
2414
2414
2413
2413
2413
2413
2412
2411
2411
2411
2411
2411
2410
2410
2410
2409
2409
2408
2408
2408
2408
2408
2407
2407
2407
2407
2407
2407
2406
2405
2405
2405
2405
2405
2404
2404
2403
2402
2402
2402
2402
2402
2401
2401
2401
2400
2400
2399
2399
2399
2398
2398
2398
2396
2396
2396
2396
2395
2395
2395
2394
2394
2394
2394
2394
2394
2393
2392
2391
2391
2391
2391
2391
2390
2390
2390
2390
2390
2390
2389
2389
2388
2388
2388
2388
2388
2388
2388
2388
2387
2386
2386
2386
2385
2385
2385
2385
2385
2384
2384
2384
2384
2383
2383
2383
2383
2383
2383
2383
2383
2383
2383
2383
2383
2382
2382
2382
2382
2381
2381
2380
2380
2380
2380
2379
2378
2378
2377
2377
2377
2377
2376
2376
2374
2374
2374
2374
2373
2372
2372
2372
2372
2372
2372
2372
2372
2372
2372
2372
2372
2371
2371
2371
2371
2369
2369
2368
2368
2367
2367
2367
2366
2366
2366
2366
2366
2366
2365
2365
2365
2363
2363
2363
2363
2363
2363
2363
2363
2362
2362
2361
2361
2361
2360
2360
2360
2359
2359
2359
2359
2359
2359
2359
2359
2358
2358
2358
2358
2358
2358
2358
2358
2358
2358
2356
2356
2356
2355
2355
2354
2354
2354
2354
2352
2352
2352
2352
2351
2351
2350
2349
2349
2348
2347
2347
2347
2347
2347
2346
2346
2345
2345
2345
2345
2344
2344
2344
2344
2343
2343
2343
2343
2342
2342
2341
2341
2341
2340
2340
2340
2340
2339
2339
2339
2339
2339
2339
2338
2338
2338
2338
2337
2337
2336
2336
2336
2335
2335
2335
2335
2334
2334
2334
2333
2333
2333
2333
2333
2333
2333
2332
2331
2331
2331
2330
2330
2329
2329
2328
2328
2328
2327
2326
2326
2326
2326
2326
2324
2324
2324
2324
2323
2323
2322
2322
2322
2322
2322
2321
2321
2321
2321
2321
2321
2320
2319
2318
2317
2317
2317
2317
2317
2317
2316
2316
2316
2315
2315
2315
2315
2315
2315
2314
2314
2314
2314
2314
2314
2313
2313
2313
2312
2312
2311
2311
2311
2311
2310
2309
2309
2308
2308
2308
2308
2308
2307
2307
2306
2306
2306
2305
2305
2304
2303
2303
2303
2301
2301
2301
2301
2300
2300
2300
2300
2298
2298
2298
2297
2297
2297
2297
2297
2296
2296
2295
2295
2295
2294
2294
2294
2294
2294
2294
2293
2292
2292
2292
2292
2292
2292
2291
2290
2290
2289
2289
2288
2288
2287
2287
2287
2287
2286
2285
2285
2285
2284
2284
2284
2284
2284
2284
2283
2283
2283
2283
2282
2282
2282
2281
2281
2280
2280
2280
2280
2279
2279
2279
2279
2279
2279
2279
2279
2279
2279
2278
2278
2277
2277
2277
2277
2277
2277
2277
2276
2276
2276
2276
2276
2276
2276
2276
2275
2275
2275
2274
2273
2272
2272
2272
2272
2272
2271
2271
2271
2271
2270
2270
2270
2270
2269
2269
2269
2269
2269
2269
2268
2268
2268
2268
2267
2267
2266
2266
2265
2265
2264
2264
2263
2263
2262
2262
2262
2261
2261
2260
2260
2259
2259
2259
2258
2258
2258
2258
2258
2258
2257
2257
2257
2257
2256
2256
2256
2256
2256
2256
2256
2255
2254
2253
2253
2253
2253
2253
2252
2252
2252
2251
2251
2251
2250
2250
2250
2249
2249
2249
2248
2248
2248
2248
2248
2248
2246
2246
2246
2245
2245
2245
2245
2244
2244
2244
2243
2243
2243
2243
2242
2242
2242
2242
2242
2242
2241
2241
2241
2241
2241
2241
2241
2240
2240
2240
2240
2240
2239
2239
2239
2239
2238
2238
2238
2238
2238
2238
2237
2237
2237
2237
2237
2237
2236
2236
2236
2236
2236
2236
2235
2235
2235
2235
2234
2234
2234
2234
2233
2233
2233
2232
2232
2232
2232
2232
2231
2231
2231
2230
2230
2230
2230
2230
2229
2229
2229
2229
2229
2228
2228
2228
2228
2228
2228
2228
2228
2227
2227
2227
2227
2226
2226
2226
2226
2226
2226
2226
2226
2226
2225
2225
2225
2224
2224
2224
2224
2223
2223
2223
2223
2222
2222
2222
2222
2221
2221
2221
2220
2220
2220
2220
2220
2220
2220
2220
2219
2219
2218
2218
2218
2217
2217
2216
2216
2216
2216
2215
2215
2215
2215
2215
2215
2214
2213
2213
2212
2212
2211
2210
2210
2210
2210
2210
2210
2210
2210
2209
2209
2209
2208
2208
2208
2208
2208
2208
2207
2207
2206
2206
2206
2206
2205
2205
2205
2205
2205
2205
2205
2204
2204
2203
2203
2203
2202
2202
2202
2202
2202
2202
2202
2202
2202
2202
2202
2202
2202
2202
2202
2202
2202
2202
2202
2202
2201
2201
2201
2201
2201
2201
2201
2201
2201
2201
2201
2201
2201
2201
2201
2201
2201
2201
2201
2201
2201
2201
2201
2201
2201
2201
2201
2201
2201
2201
2201
2201
2201
2201
2201
2201
2201
2201
2201
2201
2201
2201
2201
2201
2201
2201
2201
2201
2201
2201
2201
2201
2201
2201
2201
2201
2201
2201
2201
2201
2201
2200
2200
2199
2199
2199
2199
2199
2198
2198
2198
2198
2198
2198
2197
2197
2197
2197
2197
2196
2195
2194
2194
2194
2194
2194
2194
2194
2194
2194
2194
2193
2193
2193
2193
2193
2193
2192
2192
2192
2192
2191
2191
2191
2190
2190
2190
2190
2189
2189
2188
2188
2188
2188
2188
2187
2187
2187
2187
2187
2186
2186
2186
2186
2186
2186
2186
2185
2185
2185
2185
2185
2185
2184
2184
2184
2184
2184
2184
2183
2183
2183
2183
2183
2183
2183
2183
2182
2182
2182
2182
2180
2179
2179
2179
2178
2178
2178
2178
2178
2178
2177
2177
2177
2176
2176
2176
2176
2176
2176
2175
2175
2175
2175
2175
2175
2175
2175
2174
2174
2174
2173
2173
2173
2173
2172
2172
2172
2171
2171
2171
2170
2170
2170
2169
2169
2169
2169
2169
2169
2169
2167
2167
2166
2166
2166
2166
2165
2165
2165
2165
2165
2165
2164
2164
2164
2164
2164
2164
2164
2163
2162
2162
2161
2161
2161
2160
2160
2160
2160
2160
2159
2158
2158
2158
2157
2157
2157
2156
2155
2154
2154
2154
2154
2153
2153
2152
2152
2151
2151
2150
2150
2150
2150
2149
2149
2149
2149
2149
2149
2149
2149
2149
2149
2149
2148
2148
2148
2148
2147
2147
2147
2146
2146
2146
2146
2145
2145
2145
2144
2144
2144
2143
2143
2143
2143
2142
2142
2142
2141
2141
2141
2141
2141
2141
2141
2141
2140
2140
2140
2140
2140
2140
2140
2139
2139
2139
2139
2138
2138
2138
2137
2137
2137
2137
2137
2136
2136
2136
2136
2135
2135
2135
2135
2134
2134
2134
2134
2133
2132
2132
2132
2132
2131
2131
2131
2131
2131
2130
2130
2130
2130
2130
2130
2130
2129
2129
2129
2129
2128
2128
2128
2128
2128
2128
2127
2127
2127
2127
2126
2126
2126
2126
2126
2126
2126
2125
2125
2124
2123
2123
2123
2122
2122
2122
2121
2120
2120
2120
2120
2120
2120
2119
2118
2118
2118
2118
2118
2117
2117
2117
2117
2117
2116
2116
2116
2115
2115
2115
2115
2114
2114
2114
2113
2113
2113
2113
2113
2112
2112
2112
2112
2112
2111
2111
2111
2111
2111
2111
2110
2110
2108
2107
2106
2106
2106
2106
2106
2105
2105
2105
2105
2104
2104
2104
2103
2103
2103
2103
2101
2101
2101
2101
2101
2101
2100
2100
2100
2100
2100
2100
2099
2099
2099
2099
2099
2099
2098
2098
2098
2098
2097
2097
2097
2097
2097
2096
2096
2096
2096
2095
2095
2095
2094
2094
2093
2092
2091
2091
2090
2090
2090
2090
2089
2089
2089
2088
2088
2088
2087
2087
2087
2087
2087
2087
2086
2086
2086
2086
2086
2085
2085
2085
2085
2084
2084
2084
2084
2084
2084
2083
2083
2082
2082
2081
2081
2080
2080
2080
2080
2080
2080
2080
2079
2079
2079
2079
2078
2078
2078
2078
2077
2077
2077
2077
2077
2076
2076
2075
2075
2075
2075
2074
2074
2074
2074
2074
2074
2073
2073
2073
2073
2073
2072
2072
2072
2072
2072
2072
2072
2071
2070
2070
2070
2070
2070
2070
2069
2069
2069
2069
2068
2068
2068
2068
2068
2068
2067
2067
2067
2067
2067
2067
2066
2066
2066
2066
2066
2066
2066
2065
2065
2064
2064
2064
2064
2063
2063
2062
2062
2062
2062
2062
2062
2061
2061
2061
2060
2060
2060
2060
2060
2060
2059
2059
2058
2058
2058
2057
2057
2057
2057
2057
2057
2057
2057
2056
2056
2056
2056
2054
2054
2054
2054
2054
2053
2053
2053
2053
2053
2053
2053
2052
2052
2052
2051
2051
2051
2050
2050
2050
2050
2049
2049
2049
2048
2048
2048
2047
2046
2046
2045
2045
2045
2045
2045
2045
2045
2044
2044
2044
2044
2043
2043
2043
2043
2043
2043
2043
2043
2043
2042
2042
2042
2042
2041
2041
2041
2041
2040
2040
2039
2039
2038
2038
2038
2038
2038
2038
2037
2037
2037
2037
2037
2037
2037
2036
2036
2036
2036
2036
2036
2036
2036
2035
2035
2035
2035
2034
2034
2034
2034
2034
2034
2034
2034
2033
2033
2033
2032
2032
2032
2031
2031
2031
2031
2031
2031
2031
2031
2030
2030
2030
2030
2029
2029
2029
2029
2029
2029
2029
2028
2028
2028
2027
2027
2027
2026
2026
2026
2025
2025
2025
2024
2024
2024
2024
2024
2024
2024
2024
2024
2023
2023
2023
2023
2021
2021
2021
2021
2021
2021
2021
2020
2020
2020
2019
2019
2019
2018
2018
2018
2018
2018
2018
2018
2017
2017
2017
2017
2017
2016
2016
2016
2015
2015
2015
2015
2015
2015
2014
2014
2014
2014
2014
2014
2013
2013
2012
2012
2011
2011
2011
2011
2011
2010
2010
2009
2009
2009
2009
2009
2008
2008
2008
2008
2008
2008
2008
2007
2007
2007
2007
2007
2006
2006
2006
2006
2006
2006
2005
2005
2004
2004
2004
2004
2003
2003
2003
2003
2003
2002
2002
2002
2002
2001
2001
2001
2001
2001
2001
2001
2000
2000
2000
2000
2000
1999
1999
1999
1999
1998
1998
1998
1998
1998
1998
1998
1997
1997
1997
1997
1997
1996
1996
1995
1995
1995
1995
1994
1994
1993
1992
1992
1992
1992
1991
1991
1991
1991
1990
1990
1990
1990
1990
1989
1989
1989
1989
1988
1988
1987
1987
1987
1987
1986
1986
1985
1985
1985
1985
1985
1985
1984
1984
1984
1984
1984
1984
1983
1982
1982
1982
1981
1981
1981
1981
1981
1981
1981
1981
1980
1980
1980
1980
1980
1980
1979
1979
1979
1978
1978
1978
1978
1978
1978
1978
1977
1977
1977
1977
1977
1977
1976
1976
1976
1976
1976
1976
1976
1976
1975
1975
1974
1974
1974
1974
1974
1974
1974
1973
1973
1973
1973
1973
1973
1973
1972
1971
1971
1970
1969
1969
1969
1969
1968
1968
1968
1968
1968
1967
1967
1967
1967
1967
1967
1967
1966
1966
1966
1966
1966
1966
1966
1966
1965
1964
1964
1964
1964
1963
1963
1963
1962
1962
1962
1962
1962
1962
1962
1962
1962
1962
1962
1962
1962
1961
1961
1961
1961
1961
1961
1961
1960
1960
1960
1960
1960
1959
1959
1959
1959
1959
1958
1958
1958
1957
1957
1957
1957
1957
1956
1955
1955
1954
1954
1953
1953
1953
1952
1952
1952
1952
1951
1950
1950
1950
1950
1950
1950
1949
1949
1949
1948
1948
1948
1948
1948
1947
1947
1947
1947
1947
1947
1947
1946
1946
1946
1946
1946
1946
1946
1946
1946
1946
1946
1945
1945
1945
1945
1945
1945
1945
1944
1944
1944
1944
1943
1943
1943
1943
1943
1943
1942
1942
1942
1942
1942
1941
1941
1940
1940
1940
1940
1940
1940
1939
1938
1938
1937
1937
1937
1937
1937
1937
1937
1936
1936
1936
1936
1936
1936
1936
1936
1936
1936
1936
1936
1935
1935
1935
1935
1934
1934
1934
1934
1934
1934
1934
1934
1933
1933
1933
1933
1933
1932
1932
1932
1932
1932
1932
1932
1932
1932
1931
1931
1930
1930
1929
1929
1929
1929
1929
1929
1929
1929
1929
1928
1928
1928
1927
1927
1927
1927
1927
1927
1926
1926
1926
1926
1926
1926
1926
1925
1925
1925
1925
1925
1925
1925
1925
1925
1924
1924
1924
1924
1924
1924
1924
1924
1924
1924
1924
1924
1924
1924
1924
1923
1923
1923
1923
1923
1923
1923
1923
1923
1923
1923
1923
1923
1922
1922
1922
1922
1921
1921
1921
1921
1921
1921
1921
1920
1920
1920
1920
1920
1920
1920
1920
1920
1920
1920
1919
1919
1919
1918
1918
1918
1918
1918
1918
1918
1917
1917
1917
1917
1917
1916
1916
1916
1916
1916
1915
1915
1915
1914
1914
1914
1914
1914
1914
1913
1913
1913
1913
1913
1913
1912
1912
1912
1912
1911
1911
1911
1911
1910
1910
1910
1910
1909
1909
1909
1909
1908
1908
1908
1908
1907
1906
1906
1905
1905
1905
1905
1905
1905
1905
1905
1905
1905
1904
1904
1904
1903
1903
1903
1903
1902
1902
1902
1902
1902
1902
1902
1901
1901
1901
1901
1901
1901
1901
1900
1900
1899
1899
1899
1899
1899
1899
1898
1898
1898
1898
1898
1898
1897
1897
1897
1897
1896
1896
1896
1896
1896
1896
1895
1895
1895
1895
1895
1894
1894
1894
1893
1893
1893
1893
1893
1893
1893
1893
1892
1892
1892
1891
1891
1891
1891
1890
1890
1890
1889
1889
1889
1889
1889
1889
1889
1888
1888
1888
1888
1887
1887
1887
1887
1887
1887
1887
1887
1887
1887
1887
1887
1887
1887
1886
1886
1885
1885
1884
1884
1884
1883
1883
1883
1882
1882
1882
1882
1882
1882
1882
1882
1882
1882
1881
1881
1881
1881
1881
1881
1881
1881
1880
1880
1880
1880
1880
1880
1880
1880
1880
1880
1880
1880
1880
1880
1880
1880
1879
1879
1879
1878
1878
1878
1878
1878
1878
1877
1877
1877
1877
1877
1877
1876
1876
1876
1876
1876
1876
1876
1876
1876
1876
1876
1875
1875
1875
1875
1875
1874
1874
1874
1874
1873
1873
1873
1873
1873
1872
1872
1872
1872
1872
1871
1871
1871
1871
1871
1871
1871
1870
1870
1870
1870
1870
1870
1870
1870
1870
1869
1869
1869
1869
1869
1869
1869
1869
1868
1868
1868
1868
1868
1867
1867
1867
1867
1867
1866
1866
1866
1866
1866
1866
1866
1866
1866
1866
1866
1866
1865
1865
1865
1865
1864
1864
1864
1864
1863
1863
1863
1863
1863
1863
1863
1863
1863
1863
1862
1862
1862
1862
1862
1862
1862
1862
1862
1862
1862
1862
1861
1861
1861
1861
1860
1860
1860
1860
1860
1860
1859
1859
1859
1858
1858
1858
1858
1858
1858
1858
1857
1857
1857
1857
1857
1857
1857
1857
1857
1857
1857
1856
1856
1856
1856
1856
1856
1856
1855
1855
1855
1855
1854
1854
1854
1854
1853
1853
1853
1853
1853
1853
1852
1852
1852
1852
1852
1852
1852
1852
1852
1851
1851
1851
1851
1851
1851
1851
1850
1850
1850
1850
1850
1850
1850
1849
1849
1849
1849
1849
1849
1849
1849
1849
1848
1848
1848
1848
1848
1848
1848
1847
1847
1847
1847
1846
1846
1846
1846
1846
1845
1845
1845
1845
1845
1844
1844
1844
1843
1843
1843
1843
1843
1843
1843
1843
1843
1843
1842
1842
1842
1842
1842
1842
1842
1842
1842
1842
1842
1841
1841
1841
1841
1841
1840
1839
1839
1839
1839
1838
1838
1838
1838
1838
1838
1837
1837
1837
1837
1836
1836
1836
1836
1836
1836
1836
1836
1835
1835
1835
1835
1835
1835
1835
1835
1835
1835
1835
1835
1835
1834
1834
1834
1834
1834
1834
1834
1833
1833
1833
1833
1833
1833
1833
1833
1833
1832
1832
1832
1832
1832
1832
1832
1832
1831
1831
1831
1831
1831
1831
1830
1830
1830
1830
1830
1830
1830
1829
1829
1828
1828
1828
1828
1828
1828
1828
1828
1827
1827
1827
1827
1827
1827
1826
1826
1826
1826
1826
1826
1826
1826
1825
1825
1825
1825
1824
1824
1824
1824
1824
1824
1824
1823
1823
1823
1823
1823
1822
1822
1822
1822
1822
1822
1821
1821
1821
1821
1821
1820
1820
1820
1820
1820
1819
1819
1819
1819
1819
1819
1819
1819
1819
1819
1819
1819
1818
1818
1818
1817
1817
1817
1817
1817
1816
1816
1816
1816
1816
1816
1815
1815
1815
1815
1815
1815
1814
1814
1814
1814
1813
1813
1813
1813
1813
1813
1813
1813
1813
1812
1812
1812
1812
1811
1811
1811
1811
1811
1811
1811
1811
1810
1810
1810
1810
1810
1810
1810
1810
1810
1810
1810
1809
1809
1809
1809
1808
1808
1808
1808
1808
1808
1808
1808
1808
1808
1807
1807
1807
1807
1807
1807
1807
1806
1806
1806
1806
1806
1806
1805
1805
1805
1805
1805
1805
1805
1805
1805
1805
1804
1804
1804
1804
1804
1804
1804
1803
1803
1803
1803
1803
1803
1803
1803
1802
1802
1802
1801
1801
1801
1801
1801
1800
1800
1800
1800
1800
1800
1799
1799
1799
1799
1799
1799
1799
1798
1798
1798
1798
1798
1798
1797
1797
1797
1797
1797
1797
1796
1795
1795
1795
1795
1794
1794
1794
1794
1793
1793
1792
1792
1792
1791
1791
1791
1791
1791
1790
1790
1790
1789
1789
1789
1789
1789
1789
1789
1788
1788
1788
1788
1788
1788
1788
1788
1788
1788
1788
1788
1788
1787
1787
1787
1787
1787
1787
1787
1787
1786
1786
1786
1786
1786
1786
1786
1786
1786
1785
1785
1785
1785
1785
1785
1784
1784
1784
1784
1784
1784
1784
1783
1783
1783
1783
1783
1783
1783
1782
1782
1782
1782
1782
1782
1782
1782
1781
1781
1781
1781
1781
1781
1781
1781
1781
1781
1781
1780
1780
1779
1779
1779
1779
1779
1778
1778
1777
1777
1777
1777
1776
1776
1776
1776
1775
1775
1775
1775
1775
1775
1775
1775
1775
1775
1775
1774
1774
1774
1774
1774
1774
1774
1774
1774
1773
1773
1773
1773
1773
1773
1773
1772
1772
1772
1772
1772
1772
1772
1772
1771
1771
1771
1771
1771
1770
1770
1770
1770
1770
1770
1770
1770
1770
1769
1769
1769
1769
1769
1769
1769
1769
1768
1768
1768
1768
1768
1768
1768
1768
1767
1767
1767
1767
1767
1766
1766
1766
1765
1765
1765
1764
1764
1764
1764
1764
1763
1763
1763
1762
1762
1762
1762
1762
1761
1761
1761
1761
1761
1761
1761
1761
1760
1760
1760
1760
1760
1760
1760
1760
1760
1760
1760
1760
1759
1759
1759
1759
1759
1759
1759
1759
1759
1759
1758
1758
1758
1758
1758
1757
1757
1757
1757
1757
1757
1756
1756
1756
1756
1756
1756
1756
1756
1756
1756
1756
1755
1755
1755
1755
1755
1755
1755
1755
1754
1754
1754
1754
1753
1753
1753
1753
1753
1753
1753
1752
1752
1752
1752
1752
1752
1752
1752
1751
1751
1751
1751
1751
1750
1750
1750
1750
1750
1750
1750
1750
1750
1750
1749
1749
1749
1749
1749
1749
1749
1749
1749
1749
1748
1748
1748
1748
1748
1748
1748
1747
1747
1747
1747
1747
1747
1746
1746
1746
1746
1746
1746
1745
1745
1745
1745
1745
1745
1745
1745
1744
1744
1744
1744
1743
1742
1742
1742
1742
1742
1742
1742
1741
1741
1741
1740
1740
1740
1740
1740
1740
1740
1740
1740
1740
1739
1739
1739
1739
1739
1739
1738
1738
1738
1738
1738
1738
1738
1738
1737
1737
1737
1737
1736
1736
1736
1736
1736
1736
1736
1736
1735
1735
1735
1735
1735
1735
1735
1734
1734
1734
1734
1734
1734
1734
1734
1734
1734
1734
1734
1733
1733
1733
1732
1732
1732
1732
1731
1731
1731
1731
1731
1731
1731
1730
1730
1730
1730
1730
1730
1730
1730
1730
1729
1729
1729
1729
1729
1729
1729
1729
1729
1729
1729
1728
1728
1728
1728
1728
1727
1727
1727
1727
1727
1727
1726
1726
1726
1726
1726
1726
1726
1726
1726
1726
1725
1725
1725
1725
1725
1725
1725
1724
1724
1724
1724
1724
1724
1724
1724
1724
1724
1723
1723
1723
1723
1723
1723
1723
1723
1723
1723
1723
1723
1723
1723
1722
1722
1722
1722
1722
1722
1722
1722
1721
1721
1721
1721
1721
1721
1721
1720
1720
1720
1720
1720
1719
1719
1719
1719
1719
1719
1719
1719
1719
1719
1718
1718
1718
1718
1718
1718
1718
1718
1717
1717
1717
1717
1717
1717
1717
1717
1717
1717
1717
1716
1716
1716
1716
1716
1715
1715
1715
1715
1715
1715
1715
1715
1714
1714
1714
1714
1714
1714
1714
1713
1713
1713
1713
1713
1713
1713
1713
1713
1713
1713
1712
1712
1712
1712
1712
1712
1712
1712
1712
1712
1712
1712
1712
1711
1711
1711
1711
1711
1711
1711
1711
1710
1710
1710
1710
1710
1709
1709
1709
1709
1709
1708
1708
1708
1708
1707
1707
1707
1707
1707
1707
1707
1707
1707
1707
1706
1706
1706
1706
1706
1706
1706
1706
1706
1706
1706
1706
1705
1705
1705
1705
1705
1705
1705
1705
1704
1704
1704
1704
1704
1704
1704
1704
1703
1703
1703
1703
1703
1703
1703
1703
1703
1702
1702
1702
1702
1702
1702
1701
1701
1701
1701
1701
1701
1701
1701
1701
1700
1700
1700
1700
1700
1700
1700
1700
1700
1700
1700
1700
1699
1699
1699
1699
1699
1699
1699
1699
1699
1699
1698
1698
1698
1698
1698
1698
1698
1698
1697
1697
1697
1697
1697
1697
1696
1696
1696
1696
1696
1696
1696
1696
1695
1695
1695
1695
1695
1695
1695
1695
1695
1695
1695
1695
1695
1695
1694
1694
1694
1693
1693
1693
1693
1693
1693
1692
1692
1692
1692
1692
1692
1692
1692
1692
1692
1692
1692
1692
1692
1692
1692
1692
1692
1691
1691
1691
1691
1691
1691
1691
1691
1691
1691
1691
1690
1690
1690
1690
1690
1690
1690
1690
1689
1689
1689
1689
1689
1688
1688
1688
1688
1688
1688
1688
1688
1688
1688
1688
1688
1688
1688
1688
1688
1687
1687
1687
1687
1687
1687
1687
1686
1686
1686
1686
1686
1686
1686
1686
1686
1686
1686
1685
1685
1685
1685
1685
1685
1685
1685
1684
1684
1684
1684
1684
1684
1684
1683
1683
1683
1683
1683
1683
1683
1683
1683
1683
1683
1683
1682
1682
1682
1682
1682
1682
1682
1681
1681
1681
1681
1681
1681
1681
1681
1681
1681
1680
1680
1680
1680
1680
1680
1680
1680
1679
1679
1679
1679
1679
1679
1679
1679
1679
1678
1678
1678
1678
1678
1678
1678
1678
1678
1678
1678
1677
1677
1677
1677
1677
1677
1677
1676
1676
1676
1676
1676
1676
1676
1675
1675
1675
1675
1675
1675
1675
1675
1675
1675
1675
1675
1675
1675
1674
1674
1674
1674
1674
1674
1674
1674
1674
1674
1674
1674
1673
1673
1673
1673
1673
1673
1673
1672
1672
1672
1672
1672
1672
1672
1672
1672
1671
1671
1671
1671
1671
1671
1671
1671
1671
1670
1670
1670
1670
1670
1670
1670
1670
1670
1670
1670
1670
1670
1670
1669
1669
1669
1669
1669
1668
1668
1668
1668
1668
1668
1668
1668
1667
1667
1667
1667
1667
1667
1667
1666
1666
1666
1666
1666
1666
1666
1665
1665
1665
1665
1665
1664
1664
1664
1664
1664
1664
1664
1664
1664
1664
1664
1664
1664
1664
1664
1664
1663
1663
1663
1663
1663
1663
1663
1662
1662
1662
1662
1661
1661
1661
1661
1661
1661
1661
1661
1660
1660
1660
1660
1659
1659
1659
1659
1659
1659
1658
1658
1658
1658
1658
1658
1658
1657
1657
1657
1657
1657
1657
1656
1656
1656
1656
1656
1656
1656
1656
1656
1656
1656
1656
1656
1655
1655
1655
1655
1655
1655
1655
1655
1655
1654
1654
1654
1654
1654
1654
1654
1654
1654
1654
1654
1654
1654
1653
1653
1653
1653
1653
1653
1653
1653
1652
1652
1652
1652
1652
1652
1652
1652
1652
1651
1651
1651
1651
1650
1650
1650
1650
1650
1650
1650
1650
1650
1650
1650
1650
1649
1649
1649
1649
1649
1649
1648
1648
1648
1648
1648
1648
1648
1647
1647
1647
1647
1647
1647
1647
1647
1646
1646
1646
1646
1646
1646
1646
1646
1646
1646
1645
1645
1645
1645
1645
1645
1645
1645
1645
1645
1645
1645
1644
1644
1644
1644
1644
1644
1644
1644
1644
1644
1643
1643
1643
1643
1643
1643
1643
1643
1642
1642
1642
1642
1642
1642
1642
1642
1642
1641
1641
1641
1641
1641
1641
1641
1641
1640
1640
1640
1640
1640
1640
1640
1640
1640
1640
1640
1639
1639
1639
1639
1639
1639
1638
1638
1638
1638
1638
1638
1638
1638
1637
1637
1637
1637
1637
1637
1637
1636
1636
1636
1636
1636
1636
1636
1636
1636
1636
1636
1636
1636
1636
1635
1635
1635
1635
1635
1635
1635
1635
1635
1635
1634
1634
1634
1634
1634
1634
1634
1634
1634
1633
1633
1633
1633
1633
1632
1632
1632
1632
1632
1632
1632
1632
1632
1632
1631
1631
1631
1631
1631
1631
1630
1630
1630
1630
1630
1630
1630
1630
1630
1630
1629
1629
1629
1629
1629
1629
1629
1629
1629
1628
1628
1628
1628
1628
1628
1627
1627
1627
1627
1627
1627
1627
1627
1627
1626
1626
1626
1626
1626
1625
1625
1625
1625
1625
1625
1625
1625
1625
1624
1624
1624
1624
1624
1624
1624
1623
1623
1623
1622
1622
1622
1622
1622
1622
1622
1622
1621
1621
1621
1621
1621
1621
1621
1621
1621
1621
1621
1620
1620
1620
1620
1620
1620
1620
1620
1620
1620
1620
1620
1620
1619
1619
1619
1619
1619
1619
1619
1618
1618
1618
1618
1618
1618
1618
1618
1618
1618
1618
1618
1618
1617
1617
1617
1617
1617
1617
1617
1617
1617
1617
1617
1617
1617
1616
1616
1616
1616
1616
1616
1616
1616
1616
1616
1616
1616
1616
1616
1615
1615
1615
1615
1615
1615
1615
1615
1615
1614
1614
1614
1614
1614
1614
1614
1614
1614
1614
1613
1613
1613
1613
1613
1613
1613
1612
1612
1612
1612
1612
1611
1611
1611
1611
1611
1611
1611
1611
1611
1611
1611
1611
1610
1610
1610
1610
1610
1610
1610
1609
1609
1609
1609
1609
1609
1609
1608
1608
1608
1608
1608
1607
1607
1607
1607
1607
1607
1607
1607
1606
1606
1606
1606
1606
1605
1605
1605
1605
1605
1605
1605
1605
1605
1605
1604
1604
1604
1604
1604
1604
1604
1604
1604
1604
1604
1604
1603
1603
1603
1603
1603
1603
1603
1603
1602
1602
1602
1602
1601
1601
1601
1601
1601
1601
1600
1600
1600
1600
1600
1600
1600
1600
1600
1600
1600
1600
1600
1600
1599
1599
1599
1599
1599
1599
1599
1599
1599
1599
1599
1599
1599
1599
1599
1599
1598
1598
1598
1598
1598
1598
1598
1598
1598
1598
1597
1597
1597
1597
1597
1597
1597
1597
1597
1596
1596
1596
1596
1596
1596
1596
1596
1596
1596
1596
1595
1595
1595
1595
1595
1595
1595
1595
1595
1595
1594
1594
1594
1594
1594
1594
1594
1594
1594
1594
1593
1593
1593
1593
1593
1593
1593
1593
1593
1592
1592
1592
1592
1592
1592
1592
1592
1592
1592
1592
1592
1592
1591
1591
1591
1591
1591
1591
1591
1591
1591
1591
1591
1591
1590
1590
1590
1590
1590
1590
1590
1589
1589
1589
1589
1589
1588
1588
1588
1588
1587
1587
1587
1587
1587
1586
1586
1586
1586
1586
1586
1586
1586
1585
1585
1585
1585
1585
1585
1584
1584
1584
1584
1584
1584
1584
1584
1584
1584
1584
1583
1583
1583
1583
1582
1582
1582
1582
1582
1582
1582
1582
1582
1582
1582
1582
1582
1581
1581
1581
1581
1581
1581
1580
1580
1580
1580
1579
1579
1579
1579
1579
1579
1578
1578
1578
1578
1578
1577
1577
1577
1577
1577
1577
1577
1577
1577
1577
1576
1576
1576
1576
1576
1575
1575
1575
1575
1575
1575
1575
1575
1574
1574
1574
1574
1574
1573
1573
1573
1573
1573
1573
1573
1572
1572
1572
1572
1572
1572
1571
1571
1571
1571
1571
1571
1571
1571
1570
1570
1570
1570
1570
1570
1570
1570
1569
1569
1569
1569
1569
1569
1569
1569
1568
1568
1568
1568
1568
1568
1568
1567
1567
1567
1567
1567
1567
1567
1567
1567
1566
1566
1566
1566
1566
1566
1566
1566
1566
1566
1566
1566
1565
1565
1565
1565
1565
1565
1565
1565
1565
1565
1565
1565
1565
1564
1564
1564
1564
1564
1564
1564
1564
1563
1563
1563
1563
1563
1562
1562
1562
1562
1562
1562
1562
1562
1562
1562
1562
1562
1561
1561
1561
1561
1561
1561
1561
1561
1561
1561
1561
1561
1561
1560
1560
1560
1560
1560
1559
1559
1559
1559
1559
1559
1559
1558
1558
1558
1558
1558
1558
1558
1558
1558
1558
1558
1558
1558
1558
1558
1557
1557
1557
1557
1557
1557
1557
1557
1557
1556
1556
1555
1555
1555
1555
1555
1555
1555
1555
1555
1554
1554
1554
1554
1554
1554
1554
1554
1554
1553
1553
1553
1553
1553
1553
1553
1553
1553
1553
1553
1553
1553
1553
1553
1553
1553
1553
1553
1552
1552
1552
1552
1552
1552
1552
1552
1552
1552
1552
1552
1551
1551
1551
1551
1551
1551
1551
1551
1550
1550
1550
1550
1550
1550
1550
1549
1549
1549
1549
1549
1549
1549
1549
1549
1549
1549
1548
1548
1548
1548
1548
1548
1548
1548
1548
1548
1547
1547
1547
1547
1547
1547
1546
1546
1546
1546
1546
1545
1545
1545
1545
1545
1545
1545
1545
1544
1544
1544
1544
1544
1544
1544
1544
1544
1544
1543
1543
1543
1543
1543
1542
1542
1542
1542
1542
1542
1542
1542
1542
1541
1541
1541
1541
1541
1541
1541
1541
1540
1540
1540
1539
1539
1539
1539
1539
1539
1539
1539
1539
1539
1539
1539
1538
1538
1538
1538
1538
1538
1538
1538
1538
1538
1538
1537
1537
1537
1537
1537
1537
1537
1537
1537
1537
1537
1536
1536
1536
1536
1536
1536
1535
1535
1535
1535
1535
1535
1535
1535
1535
1535
1535
1535
1535
1535
1534
1534
1534
1534
1534
1534
1534
1533
1533
1533
1533
1533
1532
1532
1532
1532
1532
1532
1532
1532
1532
1532
1532
1532
1532
1532
1532
1531
1531
1531
1531
1531
1531
1531
1531
1531
1531
1531
1530
1530
1530
1530
1530
1530
1530
1529
1529
1529
1529
1529
1529
1529
1529
1528
1528
1528
1528
1528
1528
1528
1528
1528
1528
1528
1528
1528
1528
1527
1527
1527
1527
1527
1526
1526
1526
1526
1526
1526
1526
1526
1526
1526
1526
1526
1526
1526
1526
1526
1526
1526
1526
1526
1526
1526
1525
1525
1525
1525
1525
1525
1525
1525
1525
1525
1525
1525
1525
1524
1524
1524
1524
1524
1524
1523
1523
1523
1523
1523
1523
1523
1523
1523
1523
1523
1523
1523
1523
1523
1523
1523
1523
1523
1523
1523
1523
1523
1523
1523
1523
1522
1522
1522
1522
1522
1522
1522
1522
1522
1522
1521
1521
1521
1521
1521
1521
1521
1521
1521
1521
1521
1520
1520
1520
1520
1520
1520
1520
1520
1519
1519
1519
1519
1519
1519
1518
1518
1518
1518
1518
1518
1518
1518
1518
1518
1518
1517
1517
1517
1517
1517
1517
1517
1516
1516
1516
1516
1516
1515
1515
1515
1515
1515
1515
1515
1515
1515
1514
1514
1514
1514
1514
1514
1514
1514
1514
1514
1513
1513
1513
1513
1513
1513
1513
1513
1513
1513
1513
1513
1512
1512
1512
1512
1512
1512
1511
1511
1511
1511
1510
1510
1510
1510
1510
1510
1509
1509
1509
1509
1509
1509
1509
1509
1509
1509
1509
1508
1508
1508
1508
1508
1508
1508
1508
1508
1508
1508
1508
1508
1508
1508
1508
1508
1508
1508
1507
1507
1507
1507
1507
1507
1506
1506
1506
1506
1506
1506
1506
1506
1506
1506
1506
1506
1505
1505
1505
1505
1505
1505
1505
1504
1504
1504
1504
1504
1504
1504
1504
1503
1503
1503
1503
1503
1503
1503
1503
1503
1503
1503
1502
1502
1502
1502
1502
1502
1502
1502
1502
1501
1501
1501
1501
1501
1501
1501
1501
1501
1501
1500
1500
1500
1500
1500
1500
1500
1500
1500
1500
1500
1500
1500
1499
1499
1499
1498
1498
1498
1498
1498
1497
1497
1497
1497
1496
1496
1496
1496
1496
1496
1496
1495
1495
1495
1495
1495
1495
1495
1495
1494
1494
1494
1494
1494
1494
1494
1493
1493
1493
1493
1493
1493
1493
1493
1493
1493
1493
1493
1492
1492
1492
1492
1492
1492
1492
1492
1491
1491
1491
1491
1491
1491
1491
1491
1491
1491
1490
1490
1490
1490
1489
1489
1489
1489
1489
1488
1488
1488
1488
1488
1488
1488
1488
1488
1488
1488
1487
1487
1487
1487
1487
1487
1486
1486
1486
1486
1486
1486
1486
1486
1485
1485
1485
1485
1485
1485
1485
1485
1485
1484
1484
1484
1483
1483
1483
1483
1483
1483
1483
1483
1482
1482
1482
1482
1482
1482
1482
1482
1481
1481
1481
1481
1481
1480
1480
1480
1480
1480
1480
1480
1480
1480
1480
1479
1479
1479
1479
1479
1479
1479
1478
1478
1478
1478
1478
1477
1477
1477
1477
1477
1477
1477
1477
1477
1477
1477
1477
1476
1476
1476
1476
1476
1476
1476
1476
1476
1476
1475
1475
1475
1475
1475
1475
1475
1475
1475
1475
1475
1475
1474
1474
1474
1474
1474
1474
1474
1474
1474
1473
1473
1473
1473
1473
1473
1473
1472
1472
1472
1472
1472
1472
1472
1472
1471
1471
1471
1471
1471
1471
1471
1470
1470
1470
1470
1470
1470
1469
1469
1469
1469
1469
1469
1469
1469
1469
1469
1469
1469
1469
1469
1468
1468
1467
1467
1467
1467
1467
1467
1467
1467
1467
1467
1467
1466
1466
1466
1466
1466
1466
1466
1466
1465
1465
1465
1465
1465
1465
1465
1465
1465
1464
1464
1464
1464
1464
1464
1464
1464
1463
1463
1463
1463
1463
1463
1463
1462
1462
1462
1462
1462
1462
1462
1462
1462
1461
1461
1461
1461
1461
1460
1460
1460
1460
1460
1460
1460
1460
1460
1460
1460
1459
1459
1459
1459
1459
1459
1459
1459
1458
1458
1458
1458
1458
1458
1458
1458
1458
1458
1458
1458
1457
1457
1457
1457
1457
1457
1457
1457
1457
1457
1457
1457
1457
1457
1457
1456
1456
1456
1456
1456
1456
1455
1455
1455
1455
1455
1455
1455
1455
1455
1455
1455
1455
1454
1454
1454
1453
1453
1453
1453
1453
1453
1453
1453
1453
1453
1452
1452
1452
1452
1452
1452
1452
1451
1451
1451
1451
1451
1451
1451
1451
1451
1451
1451
1451
1450
1450
1450
1450
1450
1450
1450
1450
1450
1450
1450
1450
1449
1449
1449
1449
1448
1448
1448
1448
1448
1448
1448
1448
1448
1448
1447
1447
1447
1447
1447
1447
1447
1447
1447
1447
1447
1447
1447
1446
1446
1446
1446
1446
1446
1446
1446
1446
1446
1446
1445
1445
1445
1445
1445
1445
1445
1445
1445
1445
1444
1444
1444
1444
1444
1443
1443
1443
1443
1443
1443
1443
1442
1442
1442
1442
1442
1442
1442
1442
1441
1441
1441
1441
1441
1441
1441
1440
1440
1440
1440
1440
1440
1440
1439
1439
1439
1439
1439
1439
1439
1439
1439
1439
1439
1439
1439
1439
1439
1439
1438
1438
1438
1438
1438
1438
1438
1437
1437
1437
1437
1437
1437
1437
1437
1437
1436
1436
1436
1436
1436
1436
1436
1436
1436
1436
1435
1435
1435
1435
1435
1435
1435
1435
1434
1434
1434
1434
1434
1434
1434
1434
1434
1434
1434
1434
1434
1434
1434
1434
1434
1433
1433
1433
1433
1433
1433
1433
1432
1432
1432
1432
1432
1432
1432
1432
1432
1432
1432
1432
1432
1432
1431
1431
1431
1431
1431
1431
1431
1430
1430
1430
1430
1430
1430
1430
1430
1430
1430
1430
1429
1429
1429
1429
1429
1429
1429
1428
1428
1428
1428
1428
1428
1428
1428
1428
1428
1427
1427
1427
1427
1427
1427
1427
1427
1427
1427
1427
1427
1427
1426
1426
1426
1426
1426
1426
1426
1426
1426
1426
1425
1425
1425
1425
1425
1425
1425
1424
1424
1424
1424
1424
1424
1424
1424
1424
1424
1424
1424
1424
1423
1423
1423
1423
1423
1423
1423
1423
1423
1423
1423
1423
1422
1422
1422
1422
1422
1422
1422
1422
1422
1422
1422
1422
1421
1421
1421
1421
1421
1421
1421
1421
1420
1420
1420
1420
1420
1420
1420
1420
1419
1419
1419
1419
1419
1419
1419
1419
1419
1419
1419
1419
1419
1418
1418
1418
1418
1418
1418
1418
1418
1418
1418
1417
1417
1417
1417
1417
1417
1417
1417
1417
1416
1416
1416
1416
1416
1416
1416
1416
1415
1415
1415
1415
1415
1415
1415
1415
1414
1414
1414
1414
1414
1414
1413
1413
1413
1413
1413
1413
1413
1413
1413
1413
1413
1413
1413
1412
1412
1412
1412
1412
1412
1412
1412
1412
1412
1412
1411
1411
1411
1411
1411
1411
1411
1411
1410
1410
1410
1410
1410
1410
1410
1410
1410
1409
1409
1409
1409
1409
1409
1408
1408
1408
1408
1408
1408
1408
1408
1408
1408
1408
1407
1407
1407
1407
1407
1407
1407
1407
1407
1407
1406
1406
1406
1406
1406
1406
1406
1406
1406
1406
1406
1406
1406
1406
1405
1405
1405
1405
1405
1405
1405
1405
1405
1405
1405
1405
1404
1404
1404
1404
1404
1404
1404
1404
1404
1404
1403
1403
1403
1403
1403
1403
1403
1403
1403
1403
1403
1403
1403
1403
1402
1402
1402
1402
1402
1402
1402
1401
1401
1401
1401
1401
1401
1401
1401
1401
1401
1401
1400
1400
1400
1400
1400
1400
1400
1400
1400
1399
1399
1399
1399
1399
1398
1398
1398
1398
1398
1398
1398
1398
1398
1398
1397
1397
1397
1397
1397
1397
1397
1397
1397
1397
1397
1396
1396
1396
1396
1396
1396
1396
1396
1395
1395
1395
1395
1395
1395
1395
1395
1395
1395
1395
1395
1395
1394
1394
1394
1394
1394
1394
1393
1393
1393
1393
1393
1393
1393
1392
1392
1392
1392
1392
1392
1392
1392
1392
1391
1391
1391
1391
1391
1391
1391
1391
1391
1391
1390
1390
1390
1390
1390
1390
1390
1390
1389
1389
1389
1389
1389
1389
1389
1389
1389
1388
1388
1388
1388
1388
1388
1388
1388
1388
1388
1388
1388
1388
1387
1387
1387
1387
1387
1387
1387
1387
1387
1387
1387
1387
1386
1386
1386
1386
1386
1386
1386
1386
1386
1385
1385
1385
1385
1385
1385
1384
1384
1384
1384
1384
1384
1384
1384
1384
1383
1383
1383
1383
1383
1383
1383
1383
1383
1382
1382
1382
1382
1382
1382
1382
1382
1382
1382
1381
1381
1381
1381
1381
1381
1381
1380
1380
1380
1380
1380
1380
1380
1379
1379
1379
1379
1379
1379
1379
1379
1379
1379
1379
1379
1378
1378
1378
1378
1378
1378
1378
1378
1378
1378
1378
1378
1377
1377
1377
1377
1377
1377
1377
1377
1377
1377
1376
1376
1376
1376
1376
1376
1376
1376
1376
1375
1375
1375
1375
1375
1375
1375
1375
1375
1374
1374
1374
1374
1374
1374
1374
1374
1374
1374
1374
1374
1374
1374
1374
1374
1374
1373
1373
1373
1373
1373
1373
1373
1373
1373
1373
1373
1373
1373
1373
1373
1373
1372
1372
1372
1372
1372
1372
1372
1372
1372
1372
1371
1371
1371
1371
1371
1371
1371
1371
1370
1370
1370
1370
1370
1370
1370
1370
1370
1370
1369
1369
1369
1369
1369
1369
1369
1369
1369
1369
1369
1369
1369
1369
1369
1369
1369
1369
1368
1368
1368
1368
1368
1368
1367
1367
1367
1367
1367
1367
1367
1367
1367
1367
1366
1366
1366
1366
1366
1366
1366
1366
1366
1366
1365
1365
1365
1365
1365
1365
1365
1365
1364
1364
1364
1364
1364
1363
1363
1363
1363
1363
1363
1363
1363
1362
1362
1362
1362
1362
1362
1362
1362
1362
1362
1362
1362
1362
1361
1361
1361
1361
1361
1361
1361
1361
1360
1360
1360
1360
1360
1360
1360
1360
1360
1360
1360
1360
1360
1360
1360
1360
1360
1360
1360
1359
1359
1359
1359
1359
1359
1359
1359
1359
1358
1358
1358
1358
1358
1358
1357
1357
1357
1357
1357
1357
1357
1357
1357
1357
1356
1356
1356
1356
1356
1356
1356
1355
1355
1355
1355
1355
1355
1355
1355
1355
1355
1355
1355
1355
1355
1354
1354
1354
1354
1354
1354
1354
1354
1354
1354
1354
1354
1354
1354
1354
1354
1354
1354
1354
1354
1353
1353
1353
1353
1353
1353
1353
1353
1353
1353
1352
1352
1352
1352
1352
1352
1352
1352
1351
1351
1351
1351
1351
1351
1351
1350
1350
1350
1350
1350
1350
1350
1350
1350
1350
1349
1349
1349
1349
1349
1348
1348
1348
1348
1348
1348
1348
1348
1348
1348
1348
1348
1348
1348
1348
1347
1347
1347
1347
1347
1347
1347
1347
1346
1346
1346
1345
1345
1345
1345
1345
1345
1345
1345
1344
1344
1344
1344
1344
1344
1344
1344
1344
1344
1344
1344
1344
1344
1344
1343
1343
1343
1343
1343
1343
1343
1343
1343
1343
1343
1343
1343
1343
1342
1342
1342
1342
1342
1342
1342
1342
1341
1341
1341
1341
1341
1341
1341
1341
1340
1340
1340
1340
1340
1340
1340
1340
1340
1339
1339
1339
1339
1338
1338
1338
1338
1338
1338
1338
1338
1338
1338
1338
1338
1338
1337
1337
1337
1337
1337
1337
1336
1336
1336
1336
1335
1335
1335
1335
1335
1335
1335
1335
1335
1335
1335
1335
1335
1334
1334
1334
1334
1334
1334
1334
1334
1334
1333
1333
1333
1333
1333
1333
1333
1333
1333
1333
1333
1333
1333
1333
1333
1333
1333
1333
1332
1332
1332
1332
1332
1332
1332
1332
1331
1331
1331
1331
1331
1331
1330
1330
1330
1330
1330
1330
1329
1329
1329
1329
1329
1329
1329
1329
1329
1329
1328
1328
1328
1328
1328
1328
1328
1328
1327
1327
1327
1327
1327
1327
1327
1327
1327
1326
1326
1326
1326
1326
1326
1326
1326
1326
1326
1326
1326
1326
1326
1325
1325
1325
1325
1325
1325
1325
1324
1324
1324
1324
1324
1323
1323
1323
1323
1323
1323
1323
1323
1322
1322
1322
1322
1322
1322
1322
1322
1322
1322
1321
1321
1321
1321
1321
1321
1321
1321
1321
1320
1320
1320
1320
1320
1320
1320
1320
1320
1320
1319
1319
1319
1319
1319
1319
1319
1319
1319
1319
1318
1318
1318
1318
1318
1318
1318
1318
1318
1317
1317
1317
1317
1317
1317
1317
1317
1317
1317
1317
1317
1316
1316
1316
1316
1316
1316
1316
1316
1316
1315
1315
1315
1315
1315
1315
1315
1315
1315
1315
1314
1314
1314
1314
1314
1314
1314
1314
1314
1314
1314
1314
1313
1313
1312
1312
1312
1312
1312
1312
1312
1312
1312
1312
1312
1312
1312
1311
1311
1311
1311
1311
1311
1311
1311
1311
1311
1311
1311
1310
1310
1310
1310
1310
1310
1310
1310
1310
1309
1309
1309
1309
1309
1309
1309
1309
1309
1309
1309
1309
1309
1308
1308
1307
1307
1307
1307
1307
1307
1307
1307
1307
1307
1307
1306
1306
1306
1306
1306
1306
1306
1306
1306
1306
1306
1305
1305
1305
1305
1305
1304
1304
1304
1304
1304
1304
1304
1304
1303
1303
1303
1303
1303
1303
1303
1303
1303
1303
1303
1302
1302
1302
1302
1302
1302
1302
1302
1302
1302
1302
1302
1302
1302
1302
1301
1301
1301
1301
1301
1301
1301
1301
1300
1300
1300
1300
1300
1300
1300
1300
1300
1300
1300
1300
1299
1299
1299
1299
1299
1298
1298
1298
1298
1298
1298
1298
1298
1298
1298
1297
1297
1297
1297
1297
1297
1297
1297
1296
1296
1296
1296
1296
1296
1296
1296
1296
1296
1296
1296
1296
1296
1296
1296
1296
1296
1295
1295
1295
1295
1295
1295
1295
1295
1294
1294
1294
1294
1294
1294
1294
1294
1294
1294
1294
1294
1294
1294
1294
1293
1293
1293
1293
1293
1293
1292
1292
1292
1292
1292
1292
1292
1292
1292
1292
1292
1291
1291
1291
1291
1291
1291
1291
1291
1291
1291
1291
1291
1290
1290
1290
1289
1289
1289
1289
1289
1289
1289
1289
1288
1288
1288
1288
1288
1288
1288
1288
1287
1287
1287
1287
1287
1287
1286
1286
1286
1286
1286
1286
1286
1286
1286
1286
1286
1285
1285
1285
1285
1285
1285
1285
1285
1285
1285
1285
1285
1285
1284
1284
1284
1284
1284
1284
1284
1284
1284
1284
1284
1284
1284
1283
1283
1283
1283
1283
1283
1283
1283
1283
1283
1283
1283
1283
1283
1283
1283
1282
1282
1282
1282
1282
1282
1282
1281
1281
1281
1281
1280
1280
1280
1280
1280
1280
1280
1280
1280
1280
1280
1280
1280
1280
1279
1279
1279
1279
1279
1279
1278
1278
1278
1278
1278
1278
1278
1278
1278
1278
1278
1278
1278
1278
1277
1277
1277
1277
1277
1277
1277
1277
1277
1276
1276
1276
1276
1276
1276
1276
1276
1276
1276
1275
1275
1275
1275
1275
1275
1275
1274
1274
1274
1274
1274
1274
1274
1274
1273
1273
1273
1273
1273
1273
1273
1273
1273
1272
1272
1272
1272
1272
1272
1272
1271
1271
1271
1271
1271
1271
1271
1271
1271
1271
1270
1270
1270
1269
1269
1269
1269
1269
1269
1269
1269
1269
1268
1268
1268
1268
1268
1268
1267
1267
1267
1267
1267
1267
1267
1267
1267
1266
1266
1266
1266
1266
1266
1266
1266
1265
1265
1265
1265
1265
1265
1265
1265
1265
1265
1265
1265
1264
1264
1264
1264
1264
1264
1264
1264
1264
1264
1263
1263
1263
1263
1263
1263
1263
1263
1263
1262
1262
1262
1262
1262
1262
1262
1262
1262
1262
1261
1261
1261
1261
1261
1261
1261
1261
1260
1260
1260
1260
1260
1260
1260
1260
1260
1259
1259
1259
1259
1259
1259
1259
1259
1259
1259
1259
1259
1258
1258
1258
1258
1258
1258
1258
1258
1258
1258
1258
1257
1257
1257
1257
1257
1257
1257
1257
1257
1257
1257
1257
1256
1256
1256
1256
1256
1256
1256
1256
1256
1256
1256
1256
1255
1255
1255
1255
1255
1255
1255
1255
1255
1255
1255
1254
1254
1254
1254
1254
1253
1253
1253
1253
1253
1253
1252
1252
1252
1252
1252
1252
1252
1252
1252
1252
1252
1251
1251
1251
1251
1251
1251
1251
1251
1251
1251
1251
1251
1251
1251
1251
1251
1251
1250
1250
1250
1250
1250
1250
1250
1250
1250
1250
1250
1249
1249
1249
1249
1249
1249
1248
1248
1247
1247
1247
1247
1247
1247
1247
1247
1247
1247
1247
1247
1247
1247
1247
1247
1247
1247
1247
1247
1246
1246
1246
1246
1246
1246
1246
1246
1246
1246
1245
1245
1245
1245
1245
1245
1245
1245
1245
1245
1245
1245
1245
1244
1244
1244
1244
1244
1244
1244
1244
1244
1244
1244
1244
1244
1244
1244
1243
1243
1243
1243
1243
1243
1243
1243
1242
1242
1242
1242
1242
1242
1242
1242
1242
1242
1241
1241
1241
1241
1241
1241
1241
1241
1241
1240
1240
1240
1240
1240
1240
1240
1240
1240
1240
1240
1240
1240
1239
1239
1239
1239
1239
1239
1239
1239
1239
1239
1238
1238
1238
1238
1238
1238
1238
1238
1238
1238
1238
1238
1238
1238
1238
1238
1238
1238
1238
1237
1237
1237
1237
1237
1237
1237
1237
1237
1237
1237
1237
1237
1237
1237
1236
1236
1236
1236
1236
1236
1235
1235
1235
1235
1235
1235
1234
1234
1234
1234
1234
1234
1234
1234
1234
1234
1234
1234
1234
1233
1233
1233
1233
1233
1233
1232
1232
1232
1232
1232
1232
1232
1232
1232
1232
1231
1231
1231
1231
1231
1231
1231
1231
1231
1231
1231
1230
1230
1230
1230
1230
1230
1230
1230
1230
1229
1229
1229
1229
1229
1229
1229
1229
1228
1228
1228
1228
1228
1228
1228
1228
1228
1228
1228
1227
1227
1227
1227
1227
1227
1227
1227
1227
1227
1227
1227
1227
1227
1227
1226
1226
1226
1226
1226
1226
1226
1226
1226
1226
1225
1225
1225
1225
1225
1225
1224
1224
1224
1224
1224
1224
1224
1224
1223
1223
1223
1223
1223
1223
1223
1223
1223
1223
1223
1223
1223
1223
1223
1223
1223
1223
1222
1222
1222
1222
1222
1222
1222
1222
1222
1222
1221
1221
1221
1221
1221
1221
1221
1221
1221
1220
1220
1220
1220
1220
1220
1220
1220
1220
1220
1220
1220
1220
1219
1219
1219
1219
1219
1219
1219
1219
1219
1219
1219
1218
1218
1218
1218
1218
1218
1218
1218
1218
1218
1218
1218
1218
1218
1218
1217
1217
1217
1217
1217
1217
1217
1217
1217
1217
1217
1216
1216
1216
1216
1216
1216
1216
1216
1216
1215
1215
1215
1215
1215
1215
1214
1214
1214
1214
1214
1214
1214
1214
1214
1214
1213
1213
1213
1213
1213
1213
1213
1213
1213
1213
1213
1213
1213
1213
1213
1213
1213
1213
1213
1213
1213
1213
1212
1212
1212
1212
1212
1212
1212
1212
1212
1212
1212
1212
1212
1212
1211
1211
1211
1211
1211
1211
1211
1211
1210
1210
1210
1210
1210
1210
1210
1210
1210
1210
1210
1210
1210
1210
1210
1210
1210
1209
1209
1209
1209
1209
1209
1209
1209
1208
1208
1208
1208
1208
1208
1208
1208
1208
1208
1207
1207
1207
1207
1207
1207
1207
1207
1207
1207
1206
1206
1206
1206
1206
1206
1206
1206
1206
1206
1206
1206
1206
1206
1206
1206
1206
1206
1206
1206
1206
1206
1206
1206
1205
1205
1205
1205
1205
1205
1205
1205
1205
1205
1205
1205
1205
1204
1204
1204
1204
1204
1204
1203
1203
1203
1203
1203
1203
1203
1203
1203
1203
1202
1202
1202
1202
1202
1202
1202
1202
1202
1202
1201
1201
1201
1201
1201
1201
1201
1201
1201
1200
1200
1200
1200
1200
1200
1200
1200
1200
1200
1200
1200
1200
1200
1200
1200
1200
1199
1199
1199
1199
1199
1199
1199
1199
1199
1199
1198
1198
1198
1198
1198
1198
1198
1198
1198
1198
1198
1198
1198
1198
1198
1198
1197
1197
1197
1197
1197
1197
1196
1196
1196
1196
1196
1196
1196
1196
1196
1196
1196
1196
1195
1195
1195
1195
1195
1195
1195
1195
1195
1195
1195
1195
1195
1195
1195
1195
1195
1194
1194
1194
1194
1194
1194
1194
1194
1194
1194
1193
1193
1193
1193
1193
1193
1193
1193
1193
1193
1193
1193
1193
1193
1192
1192
1192
1192
1192
1192
1192
1192
1192
1192
1192
1192
1192
1192
1191
1191
1191
1191
1191
1191
1191
1191
1191
1191
1191
1191
1191
1191
1190
1190
1190
1190
1190
1190
1190
1190
1189
1189
1189
1189
1189
1189
1189
1189
1189
1189
1189
1189
1189
1189
1189
1189
1188
1188
1188
1188
1188
1188
1188
1188
1187
1187
1187
1187
1187
1187
1187
1187
1187
1187
1187
1187
1187
1186
1186
1186
1186
1186
1186
1186
1186
1186
1185
1185
1185
1185
1185
1185
1185
1185
1185
1185
1185
1184
1184
1184
1184
1184
1184
1184
1184
1184
1184
1184
1184
1184
1183
1183
1183
1183
1183
1183
1183
1183
1183
1183
1183
1183
1183
1183
1183
1182
1182
1182
1182
1182
1182
1182
1182
1182
1182
1182
1182
1181
1181
1181
1181
1181
1181
1181
1181
1181
1181
1181
1181
1180
1180
1180
1180
1180
1180
1180
1180
1180
1180
1180
1180
1179
1179
1179
1179
1179
1179
1179
1179
1179
1179
1179
1179
1179
1179
1178
1178
1178
1178
1178
1178
1178
1178
1178
1177
1177
1177
1177
1177
1177
1177
1177
1177
1177
1177
1177
1177
1177
1177
1176
1176
1176
1176
1176
1176
1176
1176
1176
1176
1176
1176
1176
1175
1175
1175
1175
1175
1175
1175
1175
1175
1175
1175
1175
1175
1175
1174
1174
1174
1174
1174
1174
1174
1174
1173
1173
1173
1173
1173
1173
1173
1173
1173
1173
1173
1173
1173
1173
1173
1173
1173
1173
1173
1172
1172
1172
1172
1172
1172
1172
1172
1172
1172
1172
1172
1171
1171
1171
1171
1171
1171
1171
1171
1171
1171
1171
1171
1171
1171
1171
1171
1171
1171
1171
1170
1170
1170
1170
1170
1170
1170
1170
1170
1170
1170
1170
1170
1170
1169
1169
1169
1169
1169
1169
1169
1169
1169
1169
1169
1169
1169
1169
1169
1169
1169
1169
1168
1168
1168
1168
1168
1168
1168
1168
1167
1167
1167
1167
1167
1167
1167
1167
1167
1167
1167
1167
1167
1167
1167
1167
1167
1166
1166
1166
1166
1166
1166
1166
1166
1166
1166
1166
1166
1166
1165
1165
1165
1165
1165
1165
1165
1165
1164
1164
1164
1164
1164
1164
1164
1164
1164
1163
1163
1163
1163
1163
1163
1162
1162
1162
1162
1162
1162
1162
1162
1162
1162
1162
1162
1162
1162
1162
1162
1161
1161
1161
1161
1161
1161
1161
1161
1161
1161
1161
1161
1161
1161
1161
1161
1161
1161
1160
1160
1160
1160
1160
1160
1160
1160
1160
1160
1160
1160
1160
1160
1159
1159
1159
1159
1159
1159
1159
1159
1159
1159
1159
1159
1159
1159
1159
1158
1158
1158
1158
1158
1158
1158
1158
1158
1158
1158
1158
1157
1157
1157
1157
1157
1157
1157
1157
1157
1157
1156
1156
1156
1156
1156
1156
1156
1156
1156
1156
1156
1156
1156
1156
1156
1156
1156
1156
1156
1155
1155
1155
1155
1155
1155
1155
1155
1155
1155
1155
1155
1155
1155
1155
1155
1155
1155
1154
1154
1154
1154
1154
1154
1154
1154
1154
1154
1154
1154
1154
1154
1154
1154
1154
1154
1154
1154
1154
1154
1154
1154
1154
1154
1154
1154
1154
1154
1154
1154
1154
1154
1154
1154
1154
1154
1154
1154
1154
1154
1154
1154
1154
1154
1154
1154
1154
1154
1154
1154
1154
1154
1154
1153
1153
1153
1153
1153
1153
1153
1153
1152
1152
1152
1152
1152
1152
1152
1152
1152
1152
1152
1152
1152
1152
1152
1152
1152
1152
1152
1152
1151
1151
1151
1151
1151
1151
1151
1151
1150
1150
1150
1150
1150
1150
1150
1150
1150
1150
1150
1150
1150
1150
1150
1150
1149
1149
1149
1149
1149
1149
1149
1149
1149
1149
1149
1149
1149
1149
1148
1148
1148
1148
1148
1148
1148
1148
1148
1148
1148
1148
1148
1148
1148
1148
1148
1147
1147
1147
1147
1147
1147
1147
1147
1147
1147
1147
1147
1147
1147
1147
1147
1147
1147
1147
1147
1147
1147
1147
1146
1146
1146
1146
1146
1146
1146
1146
1146
1146
1146
1146
1145
1145
1145
1145
1145
1145
1145
1145
1145
1145
1145
1145
1145
1145
1144
1144
1144
1144
1144
1144
1144
1144
1144
1144
1144
1144
1144
1144
1143
1143
1143
1143
1143
1143
1143
1143
1143
1143
1143
1142
1142
1142
1142
1142
1142
1142
1142
1142
1142
1142
1141
1141
1141
1141
1141
1141
1141
1141
1141
1141
1141
1140
1140
1140
1140
1140
1140
1140
1140
1140
1140
1140
1140
1140
1140
1140
1140
1140
1140
1140
1139
1139
1139
1139
1139
1139
1139
1139
1138
1138
1138
1138
1138
1138
1137
1137
1137
1137
1137
1137
1137
1137
1137
1137
1137
1137
1137
1136
1136
1136
1136
1136
1136
1136
1136
1136
1136
1136
1136
1136
1135
1135
1135
1135
1135
1135
1135
1135
1135
1135
1134
1134
1134
1134
1134
1134
1134
1133
1133
1133
1133
1133
1133
1133
1133
1133
1133
1133
1133
1133
1133
1132
1132
1132
1132
1132
1132
1132
1132
1132
1132
1131
1131
1131
1131
1131
1131
1131
1131
1131
1130
1130
1130
1130
1130
1130
1130
1130
1130
1130
1130
1130
1130
1130
1130
1130
1130
1130
1130
1130
1130
1130
1130
1130
1130
1129
1129
1129
1129
1129
1129
1129
1129
1129
1128
1128
1128
1128
1128
1128
1128
1128
1128
1128
1128
1128
1128
1128
1128
1128
1127
1127
1127
1127
1127
1127
1127
1127
1127
1127
1127
1126
1126
1126
1126
1126
1126
1126
1125
1125
1125
1125
1125
1125
1125
1125
1124
1124
1124
1124
1124
1124
1124
1124
1124
1124
1124
1124
1123
1123
1123
1123
1123
1123
1123
1123
1123
1123
1123
1123
1123
1123
1123
1123
1123
1123
1123
1123
1122
1122
1122
1122
1122
1122
1122
1122
1122
1122
1122
1122
1122
1122
1121
1121
1121
1121
1121
1121
1121
1121
1121
1121
1121
1121
1121
1121
1121
1120
1120
1120
1120
1120
1120
1120
1120
1120
1120
1120
1120
1120
1120
1120
1119
1119
1119
1119
1119
1119
1119
1119
1119
1119
1119
1119
1119
1118
1118
1118
1118
1118
1118
1118
1118
1118
1118
1118
1118
1117
1117
1117
1117
1117
1117
1117
1117
1117
1117
1117
1117
1116
1116
1116
1116
1116
1116
1116
1116
1116
1116
1116
1116
1116
1115
1115
1115
1115
1115
1115
1115
1115
1115
1115
1115
1115
1115
1114
1114
1114
1114
1114
1114
1114
1114
1114
1114
1114
1114
1114
1113
1113
1113
1113
1113
1113
1113
1113
1113
1113
1113
1113
1113
1113
1113
1112
1112
1112
1112
1112
1112
1112
1112
1112
1112
1111
1111
1111
1111
1111
1111
1111
1111
1111
1111
1111
1111
1111
1110
1110
1110
1110
1110
1110
1110
1110
1110
1110
1110
1110
1110
1110
1110
1109
1109
1109
1109
1109
1109
1109
1109
1108
1108
1108
1108
1108
1108
1108
1108
1108
1108
1108
1108
1108
1108
1108
1108
1108
1108
1107
1107
1107
1107
1107
1107
1107
1107
1107
1107
1107
1106
1106
1106
1106
1106
1106
1106
1106
1106
1105
1105
1105
1105
1105
1105
1105
1105
1105
1104
1104
1104
1104
1104
1104
1103
1103
1103
1103
1103
1103
1103
1102
1102
1102
1102
1102
1102
1102
1102
1102
1102
1102
1102
1102
1102
1101
1101
1101
1101
1101
1101
1101
1101
1101
1101
1101
1101
1100
1100
1100
1100
1100
1100
1100
1100
1100
1100
1100
1100
1100
1100
1100
1100
1099
1099
1099
1099
1099
1099
1099
1099
1098
1098
1098
1098
1098
1098
1098
1098
1098
1098
1098
1098
1097
1097
1097
1097
1097
1097
1097
1097
1097
1097
1096
1096
1096
1096
1096
1096
1096
1096
1096
1096
1096
1096
1096
1096
1096
1096
1096
1096
1096
1095
1095
1095
1095
1095
1094
1094
1094
1094
1094
1094
1094
1094
1094
1093
1093
1093
1093
1093
1093
1093
1093
1093
1093
1093
1093
1093
1093
1092
1092
1092
1092
1092
1092
1092
1092
1092
1092
1091
1091
1091
1091
1091
1091
1091
1091
1091
1091
1091
1091
1090
1090
1090
1090
1090
1090
1090
1090
1090
1090
1090
1090
1090
1090
1090
1089
1089
1089
1089
1089
1089
1089
1089
1089
1089
1089
1089
1089
1089
1089
1089
1089
1089
1088
1088
1088
1088
1088
1088
1088
1088
1088
1087
1087
1087
1087
1087
1087
1087
1087
1087
1086
1086
1086
1086
1086
1086
1086
1086
1086
1086
1086
1086
1086
1086
1085
1085
1085
1085
1085
1085
1085
1085
1085
1085
1085
1085
1085
1085
1085
1084
1084
1084
1084
1084
1084
1084
1084
1084
1084
1084
1084
1083
1083
1083
1083
1083
1083
1083
1083
1083
1083
1083
1083
1083
1083
1083
1082
1082
1082
1082
1082
1082
1082
1082
1082
1082
1082
1082
1082
1082
1082
1082
1081
1081
1081
1081
1081
1081
1081
1081
1081
1080
1080
1080
1080
1080
1080
1080
1080
1080
1080
1080
1080
1080
1080
1080
1079
1079
1079
1079
1079
1079
1079
1079
1079
1079
1079
1078
1078
1078
1078
1078
1078
1077
1077
1077
1077
1077
1077
1077
1077
1077
1077
1077
1077
1076
1076
1076
1076
1076
1076
1076
1076
1076
1076
1076
1075
1075
1075
1075
1075
1075
1075
1075
1075
1075
1075
1075
1075
1075
1075
1074
1074
1074
1074
1074
1074
1074
1074
1074
1074
1074
1074
1074
1074
1073
1073
1073
1073
1073
1073
1073
1073
1073
1073
1073
1073
1073
1073
1073
1073
1072
1072
1072
1072
1072
1072
1072
1072
1072
1072
1072
1072
1072
1072
1072
1072
1072
1071
1071
1071
1071
1071
1071
1071
1071
1071
1071
1070
1070
1070
1070
1070
1070
1070
1070
1070
1070
1070
1069
1069
1069
1069
1069
1069
1069
1069
1069
1068
1068
1068
1068
1068
1068
1068
1068
1068
1068
1067
1067
1067
1067
1067
1067
1067
1067
1067
1067
1067
1067
1067
1067
1067
1066
1066
1066
1066
1066
1066
1066
1066
1066
1066
1066
1066
1066
1065
1065
1065
1065
1065
1065
1065
1065
1065
1065
1065
1065
1064
1064
1064
1064
1064
1064
1064
1064
1064
1064
1064
1063
1063
1063
1063
1063
1063
1063
1063
1063
1063
1062
1062
1062
1062
1062
1062
1062
1062
1062
1062
1062
1062
1062
1062
1062
1061
1061
1061
1061
1061
1061
1061
1061
1061
1061
1061
1061
1061
1061
1061
1060
1060
1060
1060
1060
1060
1060
1060
1060
1060
1060
1060
1059
1059
1059
1059
1059
1059
1059
1058
1058
1058
1058
1058
1057
1057
1057
1057
1057
1057
1057
1057
1057
1057
1057
1057
1056
1056
1056
1056
1056
1056
1056
1056
1056
1056
1056
1056
1055
1055
1055
1055
1055
1055
1055
1054
1054
1054
1054
1054
1054
1054
1054
1054
1054
1054
1054
1054
1054
1054
1053
1053
1053
1053
1053
1053
1052
1052
1052
1052
1052
1052
1052
1052
1052
1052
1052
1052
1052
1051
1051
1051
1051
1051
1051
1051
1051
1051
1050
1050
1050
1050
1050
1050
1050
1050
1050
1050
1050
1050
1049
1049
1049
1049
1049
1049
1049
1048
1048
1048
1048
1048
1048
1047
1047
1047
1047
1047
1047
1047
1047
1047
1047
1047
1046
1046
1046
1046
1046
1046
1046
1046
1046
1046
1046
1046
1046
1046
1046
1046
1046
1046
1045
1045
1045
1045
1045
1045
1045
1045
1045
1045
1045
1045
1045
1045
1045
1045
1045
1044
1044
1044
1044
1044
1044
1044
1044
1044
1044
1044
1044
1044
1044
1044
1044
1044
1044
1043
1043
1043
1043
1043
1043
1043
1043
1043
1043
1043
1042
1042
1042
1042
1042
1042
1042
1042
1042
1042
1042
1042
1042
1042
1042
1042
1042
1041
1041
1041
1041
1041
1041
1041
1041
1041
1040
1040
1040
1040
1040
1040
1040
1040
1040
1040
1040
1040
1039
1039
1039
1038
1038
1038
1038
1038
1038
1038
1038
1038
1038
1037
1037
1037
1037
1037
1037
1037
1037
1037
1036
1036
1036
1036
1036
1036
1036
1036
1036
1036
1036
1036
1036
1035
1035
1035
1035
1035
1035
1035
1035
1035
1034
1034
1034
1034
1034
1034
1034
1034
1034
1034
1034
1034
1034
1034
1034
1034
1034
1034
1034
1034
1034
1034
1034
1033
1033
1033
1033
1033
1033
1033
1033
1033
1033
1033
1033
1033
1033
1033
1033
1033
1033
1032
1032
1032
1032
1032
1032
1032
1032
1032
1032
1032
1032
1032
1032
1032
1032
1032
1032
1032
1032
1032
1032
1031
1031
1031
1031
1031
1031
1031
1030
1030
1030
1030
1030
1030
1030
1030
1030
1030
1030
1030
1030
1030
1030
1029
1029
1029
1029
1029
1029
1029
1029
1029
1029
1029
1029
1029
1028
1028
1028
1028
1028
1028
1028
1027
1027
1027
1027
1027
1027
1027
1027
1027
1027
1026
1026
1026
1026
1026
1026
1026
1026
1026
1026
1026
1026
1026
1026
1026
1025
1025
1025
1025
1025
1025
1025
1025
1024
1024
1024
1024
1024
1024
1024
1024
1024
1024
1024
1024
1024
1024
1024
1024
1023
1023
1023
1023
1023
1023
1023
1023
1023
1023
1023
1022
1022
1022
1022
1022
1022
1021
1021
1021
1021
1021
1021
1021
1021
1021
1021
1021
1021
1020
1020
1020
1020
1020
1020
1020
1020
1020
1020
1020
1020
1020
1020
1020
1020
1020
1020
1020
1019
1019
1019
1019
1019
1019
1019
1019
1019
1019
1019
1019
1018
1018
1018
1018
1018
1018
1018
1018
1018
1018
1018
1018
1018
1018
1017
1017
1017
1017
1017
1017
1017
1017
1017
1017
1017
1017
1017
1017
1017
1017
1017
1017
1017
1017
1017
1017
1016
1016
1016
1016
1016
1016
1016
1016
1016
1016
1016
1016
1015
1015
1015
1015
1015
1015
1015
1015
1015
1015
1015
1015
1014
1014
1014
1014
1014
1014
1014
1014
1014
1014
1014
1014
1014
1014
1014
1014
1013
1013
1013
1013
1013
1013
1013
1013
1013
1013
1013
1013
1012
1012
1012
1012
1012
1012
1011
1011
1011
1011
1011
1011
1011
1011
1011
1011
1011
1011
1011
1011
1010
1010
1010
1010
1010
1010
1010
1010
1010
1010
1010
1010
1010
1009
1009
1009
1009
1009
1009
1009
1009
1009
1009
1009
1009
1009
1009
1009
1008
1008
1008
1008
1008
1008
1008
1008
1008
1008
1008
1008
1008
1007
1007
1007
1007
1007
1007
1007
1007
1007
1007
1007
1007
1007
1007
1007
1007
1007
1006
1006
1006
1006
1006
1006
1006
1006
1006
1006
1006
1005
1005
1005
1005
1005
1005
1005
1005
1005
1005
1005
1004
1004
1004
1004
1004
1004
1004
1004
1004
1004
1004
1004
1004
1004
1004
1004
1004
1004
1004
1004
1003
1003
1003
1003
1003
1003
1003
1003
1003
1003
1003
1003
1002
1002
1002
1002
1002
1002
1002
1002
1002
1002
1002
1002
1002
1001
1001
1001
1001
1001
1001
1001
1001
1001
1001
1001
1001
1001
1001
1001
1001
1001
1001
1001
1000
1000
1000
1000
1000
1000
1000
1000
1000
1000
1000
1000
1000
1000
1000
1000
1000
1000
1000
999
999
999
999
999
999
999
999
999
999
999
999
999
999
999
999
999
999
998
998
998
998
998
998
998
998
998
998
998
998
998
998
998
998
998
997
997
997
997
997
997
997
997
997
997
997
997
997
997
997
996
996
996
996
996
996
996
996
996
996
996
996
996
996
996
996
996
996
996
996
995
995
995
995
995
995
995
995
995
995
995
995
995
995
995
995
995
995
994
994
994
994
994
994
994
994
994
994
994
994
994
994
994
994
994
993
993
993
993
993
993
993
993
993
993
993
993
993
993
992
992
992
992
992
992
992
992
992
992
992
992
992
992
992
992
992
992
992
992
992
991
991
991
991
991
991
991
991
991
991
991
991
991
991
990
990
990
990
990
990
990
990
990
990
990
990
990
990
990
990
990
990
990
990
990
989
989
989
989
989
989
989
989
989
989
989
989
989
989
989
989
989
989
989
989
989
988
988
988
988
988
988
988
988
988
988
988
988
988
988
988
988
988
988
988
988
988
988
988
988
988
987
987
987
987
987
987
987
987
987
987
987
987
987
987
987
986
986
986
986
986
986
986
986
986
986
986
986
985
985
985
985
985
985
985
985
985
985
985
984
984
984
984
984
984
984
984
984
984
984
984
984
984
984
983
983
983
983
983
983
983
983
983
983
983
982
982
982
982
982
982
982
982
982
982
981
981
981
981
981
981
981
981
981
981
981
981
981
981
981
981
981
981
981
981
981
981
980
980
980
980
980
980
980
980
980
980
980
980
980
980
980
980
980
980
980
980
980
980
980
980
980
980
980
979
979
979
979
979
979
979
979
979
978
978
978
978
978
978
978
978
978
978
978
978
978
978
978
978
978
978
978
978
977
977
977
977
977
977
977
977
977
977
977
977
977
977
976
976
976
976
976
976
976
976
976
976
976
976
976
976
976
975
975
975
975
975
975
975
975
975
975
975
975
975
975
975
975
975
975
975
975
975
974
974
974
974
974
974
974
974
974
974
974
974
974
974
974
974
974
974
974
974
974
974
974
974
973
973
973
973
973
973
973
973
973
973
973
973
973
972
972
972
972
972
972
972
972
972
971
971
971
971
971
971
971
971
971
971
971
971
971
971
971
971
971
971
970
970
970
970
970
970
970
970
970
970
970
970
970
970
969
969
969
969
969
969
969
969
969
969
969
969
969
969
969
969
969
969
968
968
968
968
968
968
968
968
968
968
968
968
968
967
967
967
967
967
967
967
967
967
967
967
967
967
967
967
967
967
967
967
967
967
966
966
966
966
966
966
966
966
966
966
966
966
966
966
966
965
965
965
965
965
965
965
965
965
965
965
965
964
964
964
964
964
964
964
964
964
964
964
964
964
964
964
964
964
964
964
964
964
964
964
964
964
964
964
964
963
963
963
963
963
963
963
963
963
963
963
963
963
963
963
963
963
963
963
962
962
962
962
962
962
962
962
962
962
962
962
962
962
962
962
962
962
962
962
962
962
962
962
962
962
962
962
962
961
961
961
961
961
961
961
961
961
961
961
961
961
961
961
961
961
961
961
961
961
961
961
961
961
961
960
960
960
960
960
960
960
960
960
960
960
960
960
960
960
960
960
960
959
959
959
959
959
959
959
959
959
959
959
959
959
959
959
959
959
958
958
958
958
958
958
958
958
958
958
958
958
958
958
958
958
958
958
958
958
957
957
957
957
957
957
957
957
957
957
957
957
957
957
957
957
957
957
957
957
957
957
957
957
957
957
957
956
956
956
956
956
956
956
956
956
956
956
956
956
956
956
956
956
956
956
956
956
956
956
956
955
955
955
955
955
955
955
955
955
955
955
955
955
955
955
955
955
955
955
955
954
954
954
954
954
954
954
954
954
954
954
954
954
954
954
954
954
954
954
954
954
954
954
954
953
953
953
953
953
953
953
953
953
953
953
953
953
953
952
952
952
952
952
952
952
952
952
952
952
952
951
951
951
951
951
951
951
951
951
951
951
951
951
951
951
951
950
950
950
950
950
950
950
950
950
950
950
950
950
950
950
949
949
949
949
949
949
949
949
949
949
949
949
949
948
948
948
948
948
948
948
948
948
948
948
948
948
948
948
948
948
948
948
948
948
948
947
947
947
947
947
947
947
947
947
947
947
947
947
947
947
947
947
946
946
946
946
946
946
946
946
946
946
946
946
946
946
946
946
946
946
946
946
946
946
945
945
945
945
945
945
945
945
945
945
945
945
945
945
945
945
944
944
944
944
944
944
944
944
944
943
943
943
943
943
943
943
943
943
943
943
943
943
943
943
943
943
943
943
943
943
942
942
942
942
942
942
942
942
942
942
942
942
942
942
942
942
942
942
942
941
941
941
941
941
941
941
941
941
941
941
941
940
940
940
940
940
940
940
940
940
940
940
940
940
939
939
939
939
939
939
939
939
939
939
939
939
939
938
938
938
938
938
938
938
938
938
938
938
938
938
938
938
938
937
937
937
937
937
937
937
937
937
937
937
937
937
937
936
936
936
936
936
936
936
936
936
936
936
936
936
936
935
935
935
935
935
935
935
935
935
935
935
935
935
934
934
934
934
934
934
934
934
934
934
934
934
934
934
934
934
934
934
934
934
933
933
933
933
933
933
933
933
933
933
932
932
932
932
932
932
932
932
932
932
932
932
932
932
932
932
932
931
931
931
931
931
931
931
931
931
931
931
931
931
930
930
930
930
930
930
930
930
930
930
930
930
930
930
930
930
930
929
929
929
929
929
929
929
929
929
929
929
929
929
929
929
929
929
929
929
929
929
929
929
929
929
928
928
928
928
928
928
928
928
928
928
928
928
928
928
928
928
928
928
928
928
928
928
927
927
927
927
927
927
927
927
927
927
927
927
927
926
926
926
926
926
926
926
926
926
926
926
926
926
926
926
926
926
926
926
926
926
925
925
925
925
925
925
925
925
925
925
925
925
924
924
924
924
924
924
924
924
924
924
924
924
924
924
924
924
923
923
923
923
923
923
923
923
923
923
923
923
923
923
923
923
923
922
922
922
922
922
922
922
922
922
922
921
921
921
921
921
921
921
921
921
921
921
921
921
921
920
920
920
920
920
920
920
920
920
920
920
920
920
920
920
920
920
920
920
920
920
920
920
920
920
920
919
919
919
919
919
919
919
919
919
919
919
919
919
919
919
919
919
919
919
918
918
918
918
918
918
918
918
918
918
917
917
917
917
917
917
917
917
917
917
917
917
917
917
917
917
917
917
917
917
917
917
917
917
916
916
916
916
916
916
916
916
916
916
916
916
916
916
915
915
915
915
915
915
915
915
915
915
915
914
914
914
914
914
914
914
914
914
914
914
914
914
914
914
913
913
913
913
913
913
913
913
913
913
913
913
913
913
913
913
913
913
913
913
913
913
912
912
912
912
912
912
912
912
912
912
912
912
912
912
912
912
911
911
911
911
911
911
911
911
911
911
911
911
911
910
910
910
910
910
910
910
910
910
910
910
910
910
910
910
910
909
909
909
909
909
909
909
909
909
909
909
909
909
909
909
909
909
909
909
909
908
908
908
908
908
908
908
908
908
908
908
908
908
908
908
908
908
908
908
908
908
908
907
907
907
907
907
907
907
907
907
907
907
907
907
907
906
906
906
906
906
906
906
906
906
906
906
906
906
906
906
906
906
906
905
905
905
905
905
905
905
905
905
905
905
905
904
904
904
904
904
904
904
904
904
904
904
904
904
904
904
904
904
904
903
903
903
903
903
903
903
903
903
903
903
903
903
903
903
903
903
903
903
902
902
902
902
902
902
902
902
902
902
902
902
902
902
902
902
902
902
902
902
902
902
901
901
901
901
901
901
901
901
901
901
901
901
900
900
900
900
900
900
900
900
900
900
900
899
899
899
899
899
899
899
899
899
899
899
899
899
899
898
898
898
898
898
898
898
898
898
898
898
898
898
898
898
898
898
898
898
898
898
897
897
897
897
897
897
897
897
897
897
897
897
897
897
897
897
897
897
897
897
897
897
896
896
896
896
896
896
896
896
896
896
896
896
896
896
896
896
896
896
896
896
895
895
895
895
895
895
895
895
895
895
895
895
895
895
895
895
895
895
895
895
895
894
894
894
894
894
894
894
894
894
894
894
894
894
894
894
894
893
893
893
893
893
893
893
893
893
893
893
893
893
893
892
892
892
892
892
892
892
892
892
892
892
892
892
892
892
892
892
892
892
892
892
892
892
892
892
892
892
892
892
891
891
891
891
891
891
891
891
891
891
891
891
891
891
891
891
891
891
891
890
890
890
890
890
890
890
890
890
890
890
890
890
890
890
890
890
890
889
889
889
889
889
889
889
889
889
889
889
889
889
889
889
888
888
888
888
888
888
888
888
888
888
888
888
888
888
888
888
888
887
887
887
887
887
887
887
887
887
887
887
887
887
887
887
887
887
887
886
886
886
886
886
886
886
886
886
886
886
886
886
886
885
885
885
885
885
885
885
885
885
885
885
885
884
884
884
884
884
884
884
884
884
884
884
884
883
883
883
883
883
883
883
883
883
883
883
883
883
883
883
883
883
883
883
883
883
883
882
882
882
882
882
882
882
882
882
882
882
882
882
882
882
882
882
882
881
881
881
881
881
881
881
881
880
880
880
880
880
880
880
880
880
880
880
880
880
880
880
879
879
879
879
879
879
879
879
879
879
879
879
879
879
879
879
879
879
879
879
878
878
878
878
878
878
878
878
878
878
878
878
878
878
878
878
878
878
878
878
877
877
877
877
877
877
877
877
877
877
877
877
877
877
877
877
877
877
876
876
876
876
876
876
876
876
876
876
876
876
876
876
876
876
876
876
876
876
876
876
876
876
876
876
876
875
875
875
875
875
875
875
875
875
875
875
874
874
874
874
874
874
874
874
874
874
874
874
874
874
874
874
874
874
874
874
874
874
874
873
873
873
873
873
873
873
873
873
873
873
873
873
873
873
873
873
873
873
873
873
873
872
872
872
872
872
872
872
872
872
872
871
871
871
871
871
871
871
871
871
871
871
871
871
871
871
870
870
870
870
870
870
870
870
870
870
870
870
870
870
870
870
870
870
869
869
869
869
869
869
869
869
869
869
869
869
869
869
869
869
868
868
868
868
868
868
868
868
868
868
868
868
868
868
868
868
868
868
868
868
868
867
867
867
867
867
867
867
867
867
867
867
867
867
867
867
867
867
867
867
867
867
866
866
866
866
866
866
866
866
866
866
866
866
865
865
865
865
865
865
865
865
865
865
864
864
864
864
864
864
864
864
864
864
864
863
863
863
863
863
863
863
863
863
863
863
863
863
863
863
863
862
862
862
862
862
862
862
862
862
862
862
862
861
861
861
861
861
861
861
861
861
861
861
861
861
861
861
861
861
861
861
860
860
860
860
860
860
860
860
860
860
860
860
860
860
859
859
859
859
859
859
859
859
859
859
859
859
859
859
859
859
859
859
859
859
859
858
858
858
858
858
858
858
858
858
858
858
858
858
858
858
858
858
857
857
857
857
857
857
857
857
857
857
857
857
857
857
857
857
856
856
856
856
856
856
856
856
856
856
856
856
856
856
856
856
856
856
856
856
856
856
855
855
855
855
855
855
855
855
855
855
855
855
855
855
855
855
855
855
855
855
855
855
854
854
854
854
854
854
854
854
854
854
854
854
854
854
854
854
854
853
853
853
853
853
853
853
853
853
853
853
853
853
853
853
853
853
853
853
853
853
853
853
853
853
853
853
852
852
852
852
852
852
852
852
852
852
852
852
852
852
852
851
851
851
851
851
851
851
851
851
851
851
851
851
850
850
850
850
850
850
850
850
850
850
850
850
850
849
849
849
849
849
849
849
849
849
849
849
849
849
849
849
849
849
849
849
849
848
848
848
848
848
848
848
848
848
848
848
848
848
848
848
848
848
848
848
848
848
848
847
847
847
847
847
847
847
847
847
847
847
847
847
847
847
847
847
847
846
846
846
846
846
846
846
846
846
846
846
846
846
846
846
846
846
846
846
846
846
846
846
846
846
846
846
846
846
846
846
846
846
846
846
845
845
845
845
845
845
845
845
845
845
845
845
845
844
844
844
844
844
844
844
844
844
844
844
844
844
844
844
844
844
844
844
844
844
844
843
843
843
843
843
843
843
843
843
843
843
843
842
842
842
842
842
842
842
842
842
842
842
842
842
842
842
842
842
842
842
842
842
842
842
841
841
841
841
841
841
841
841
841
841
841
841
841
841
841
841
841
840
840
840
840
840
840
840
840
840
840
840
840
840
840
840
840
840
840
840
840
840
840
839
839
839
839
839
839
839
839
839
839
839
839
839
839
839
839
839
839
839
839
839
839
839
839
839
838
838
838
838
838
838
838
838
838
838
838
838
838
838
838
838
837
837
837
837
837
837
837
837
837
837
837
837
837
837
837
837
837
837
837
837
837
837
837
837
837
837
837
837
837
837
837
837
837
837
836
836
836
836
836
836
836
836
836
836
835
835
835
835
835
835
835
835
835
835
835
835
835
835
835
835
835
835
835
834
834
834
834
834
834
834
834
834
834
834
834
834
834
834
834
834
834
834
834
834
834
834
834
834
834
833
833
833
833
833
833
833
833
833
833
833
833
833
833
833
833
833
833
833
833
833
833
833
833
833
833
833
833
833
833
833
833
833
833
832
832
832
832
832
832
832
832
832
832
832
832
832
832
832
832
832
832
832
832
832
832
831
831
831
831
831
831
831
831
831
831
831
831
831
831
831
830
830
830
830
830
830
830
830
830
830
830
830
830
830
830
830
830
829
829
829
829
829
829
829
829
829
829
829
829
829
829
829
829
829
829
829
829
829
828
828
828
828
828
828
828
828
828
828
828
828
828
828
828
828
828
828
828
828
827
827
827
827
827
827
827
827
827
827
827
827
827
827
827
827
827
827
827
827
827
827
827
827
827
827
827
827
827
826
826
826
826
826
826
826
826
826
826
826
826
826
826
826
826
826
826
826
826
826
826
826
825
825
825
825
825
825
825
825
825
825
824
824
824
824
824
824
824
824
824
824
824
824
824
824
824
824
824
824
824
824
824
824
823
823
823
823
823
823
823
823
823
823
823
823
823
823
823
823
823
823
823
823
823
823
823
823
822
822
822
822
822
822
822
822
822
822
822
822
822
822
822
822
821
821
821
821
821
821
821
821
821
821
821
821
821
821
821
821
821
821
821
820
820
820
820
820
820
820
820
820
820
820
820
820
820
820
820
820
820
820
819
819
819
819
819
819
819
819
819
819
819
819
819
819
819
819
819
819
819
819
818
818
818
818
818
818
818
818
818
818
818
818
818
818
818
818
818
818
818
818
818
817
817
817
817
817
817
817
817
817
817
817
817
817
817
817
817
817
817
817
817
817
817
817
816
816
816
816
816
816
816
816
816
816
816
816
816
816
816
816
816
816
816
815
815
815
815
815
815
815
815
815
815
815
815
815
815
815
815
815
814
814
814
814
814
814
814
814
814
814
814
814
814
814
814
814
814
813
813
813
813
813
813
813
813
813
813
813
813
813
813
813
813
813
813
813
813
813
813
813
813
813
813
813
813
812
812
812
812
812
812
812
812
812
812
812
812
812
812
812
812
812
811
811
811
811
811
811
811
811
811
811
811
811
811
811
811
810
810
810
810
810
810
810
810
810
810
810
810
810
810
810
810
810
810
810
809
809
809
809
809
809
809
809
809
809
809
809
809
809
809
809
809
809
809
809
809
809
809
809
809
808
808
808
808
808
808
808
808
808
808
808
808
808
808
808
808
808
808
808
808
808
808
807
807
807
807
807
807
807
807
807
807
807
807
807
807
807
807
807
807
807
806
806
806
806
806
806
806
806
806
806
806
806
806
806
806
806
806
806
806
806
806
806
806
806
806
806
805
805
805
805
805
805
805
805
805
805
805
805
805
805
805
805
805
805
805
805
805
805
805
805
805
805
804
804
804
804
804
804
804
804
804
804
804
804
804
804
804
804
804
804
804
803
803
803
803
803
803
803
803
803
803
803
803
803
803
803
803
802
802
802
802
802
802
802
802
802
802
802
802
802
802
802
802
802
802
802
802
802
802
802
802
802
802
802
801
801
801
801
801
801
801
801
801
801
801
801
801
801
801
801
801
801
801
801
801
801
800
800
800
800
800
800
800
800
800
800
800
800
800
800
800
800
800
800
799
799
799
799
799
799
799
799
799
799
799
799
799
799
799
799
799
799
799
799
799
799
799
799
799
798
798
798
798
798
798
798
798
798
798
798
798
798
798
798
798
798
798
798
798
797
797
797
797
797
797
797
797
797
797
797
797
797
797
797
797
797
797
797
797
797
797
797
797
797
797
796
796
796
796
796
796
796
796
796
796
796
796
796
796
796
796
796
796
796
795
795
795
795
795
795
795
795
795
795
795
795
795
795
795
795
795
795
795
795
795
795
795
795
795
795
795
795
794
794
794
794
794
794
794
794
794
794
794
794
794
794
794
794
794
794
794
793
793
793
793
793
793
793
793
793
793
793
793
793
793
793
793
793
793
793
793
792
792
792
792
792
792
792
792
792
792
792
792
792
792
792
792
792
792
792
792
792
792
791
791
791
791
791
791
791
791
791
791
791
791
791
791
791
791
791
791
791
791
791
791
791
790
790
790
790
790
790
790
790
790
790
790
790
790
790
790
790
790
790
790
790
790
790
790
789
789
789
789
789
789
789
789
789
789
789
789
789
789
789
789
789
789
789
789
789
789
789
789
788
788
788
788
788
788
788
788
788
788
788
788
788
788
788
788
788
788
788
788
788
788
788
787
787
787
787
787
787
787
787
787
787
787
787
787
787
787
787
787
787
787
787
786
786
786
786
786
786
786
786
786
786
786
786
786
786
785
785
785
785
785
785
785
785
785
785
785
785
785
785
785
785
784
784
784
784
784
784
784
784
784
784
784
784
784
784
784
784
784
784
784
784
784
783
783
783
783
783
783
783
783
783
783
783
783
783
783
783
783
783
783
783
783
783
783
783
783
783
783
783
782
782
782
782
782
782
782
782
782
782
782
782
782
782
782
782
782
782
781
781
781
781
781
781
781
781
781
781
781
781
781
781
781
781
781
781
781
781
781
781
781
781
781
780
780
780
780
780
780
780
780
780
780
780
780
780
780
780
780
780
780
780
780
780
780
780
780
780
779
779
779
779
779
779
779
779
779
779
779
779
779
779
779
779
779
779
779
779
779
779
779
779
778
778
778
778
778
778
778
778
778
778
778
778
778
778
778
778
778
778
778
778
778
778
778
778
778
778
778
778
778
777
777
777
777
777
777
777
777
777
777
777
777
777
777
777
777
777
777
777
777
777
777
776
776
776
776
776
776
776
776
776
776
776
776
776
776
776
776
776
776
776
776
776
776
776
776
775
775
775
775
775
775
775
775
775
775
775
775
774
774
774
774
774
774
774
774
774
774
774
774
774
774
774
774
774
774
774
773
773
773
773
773
773
773
773
773
773
773
773
773
773
772
772
772
772
772
772
772
772
772
772
772
772
772
772
772
772
772
772
772
772
772
772
772
772
772
772
772
772
772
771
771
771
771
771
771
771
771
771
771
771
771
771
771
771
771
771
771
771
771
771
771
771
771
771
771
771
770
770
770
770
770
770
770
770
770
770
770
770
770
770
770
770
770
770
770
770
770
770
770
770
769
769
769
769
769
769
769
769
769
769
769
769
769
769
769
769
769
768
768
768
768
768
768
768
768
768
768
768
768
768
768
768
768
768
768
768
768
768
768
768
768
768
767
767
767
767
767
767
767
767
767
767
767
767
767
767
767
767
767
767
767
767
767
767
767
767
767
767
767
767
767
767
766
766
766
766
766
766
766
766
766
766
766
766
766
766
766
766
766
766
766
766
766
766
766
766
766
766
766
766
766
765
765
765
765
765
765
765
765
765
765
765
765
765
765
765
765
765
765
765
765
765
765
765
764
764
764
764
764
764
764
764
764
764
764
764
764
764
764
764
764
764
764
764
764
764
764
764
763
763
763
763
763
763
763
763
763
763
763
763
763
763
763
763
763
763
763
763
763
763
763
763
763
763
763
763
763
763
763
763
763
763
763
763
762
762
762
762
762
762
762
762
762
762
762
762
762
762
762
762
762
762
762
762
762
762
762
762
762
761
761
761
761
761
761
761
761
761
761
761
761
761
761
761
761
761
761
761
761
761
761
761
761
761
760
760
760
760
760
760
760
760
760
760
760
760
760
760
760
760
760
760
759
759
759
759
759
759
759
759
759
759
759
759
759
759
759
759
759
758
758
758
758
758
758
758
758
758
758
758
758
758
758
758
758
758
758
758
758
758
758
758
758
758
758
758
758
758
757
757
757
757
757
757
757
757
757
757
757
757
757
757
757
757
757
757
757
757
757
757
757
757
757
757
756
756
756
756
756
756
756
756
756
756
756
756
756
756
756
756
756
756
756
756
756
756
756
756
756
756
756
755
755
755
755
755
755
755
755
755
755
755
755
755
755
755
754
754
754
754
754
754
754
754
754
754
754
754
754
754
754
754
754
754
754
754
754
754
754
754
753
753
753
753
753
753
753
753
753
753
753
753
753
753
753
753
753
753
753
753
753
753
753
753
753
752
752
752
752
752
752
752
752
752
752
752
752
752
752
752
752
752
752
752
752
752
752
752
752
752
752
752
752
752
752
752
752
752
752
752
752
752
751
751
751
751
751
751
751
751
751
751
751
751
751
751
751
750
750
750
750
750
750
750
750
750
750
750
750
750
750
750
750
750
750
750
750
750
750
749
749
749
749
749
749
749
749
749
749
749
749
749
749
749
749
749
749
748
748
748
748
748
748
748
748
748
748
748
748
748
748
748
748
748
748
748
748
748
747
747
747
747
747
747
747
747
747
747
747
747
747
747
747
747
747
747
747
747
747
747
747
747
747
747
747
746
746
746
746
746
746
746
746
746
746
746
746
746
746
746
746
746
746
746
746
746
746
746
746
746
746
746
746
746
746
746
746
746
745
745
745
745
745
745
745
745
745
745
745
745
745
745
745
745
745
745
745
745
745
745
745
745
745
745
745
745
744
744
744
744
744
744
744
744
744
744
744
744
744
744
744
744
744
744
744
744
744
744
744
744
744
744
743
743
743
743
743
743
743
743
743
743
743
743
743
743
743
743
743
743
743
743
743
743
743
743
743
743
743
743
743
743
742
742
742
742
742
742
742
742
742
742
742
742
742
742
742
742
742
742
742
742
742
742
742
742
742
741
741
741
741
741
741
741
741
741
741
741
741
741
741
741
741
741
741
740
740
740
740
740
740
740
740
740
740
740
740
740
740
740
740
740
740
740
740
740
740
740
740
740
740
740
740
739
739
739
739
739
739
739
739
739
739
739
739
739
739
739
739
739
739
739
739
739
739
738
738
738
738
738
738
738
738
738
738
738
738
738
738
738
738
738
738
738
738
738
738
738
738
738
738
738
738
737
737
737
737
737
737
737
737
737
737
737
737
737
737
737
737
737
737
737
737
737
737
737
737
737
737
736
736
736
736
736
736
736
736
736
736
736
736
736
736
736
736
736
736
736
736
736
735
735
735
735
735
735
735
735
735
735
735
735
735
735
735
735
735
735
735
735
735
735
735
735
734
734
734
734
734
734
734
734
734
734
734
734
734
734
734
734
734
734
734
734
734
734
734
734
733
733
733
733
733
733
733
733
733
733
733
733
733
733
733
733
733
733
733
733
733
732
732
732
732
732
732
732
732
732
732
732
732
732
732
732
732
732
732
732
732
732
732
732
732
731
731
731
731
731
731
731
731
731
731
731
731
731
731
731
731
731
731
731
731
731
731
731
731
731
730
730
730
730
730
730
730
730
730
730
730
730
730
730
730
730
730
730
730
730
730
730
730
730
730
730
730
730
730
730
730
730
730
730
730
730
729
729
729
729
729
729
729
729
729
729
729
729
729
729
729
729
729
729
729
729
729
729
729
729
729
729
729
729
729
729
729
729
729
729
729
729
729
728
728
728
728
728
728
728
728
728
728
728
728
728
728
728
728
728
728
728
728
728
728
728
728
728
727
727
727
727
727
727
727
727
727
727
727
727
727
727
727
727
727
727
727
727
727
727
727
727
727
727
727
727
727
727
726
726
726
726
726
726
726
726
726
726
726
726
726
726
726
726
726
726
726
726
726
726
726
726
726
726
726
726
726
726
726
726
726
726
726
726
726
725
725
725
725
725
725
725
725
725
725
725
725
725
725
725
725
725
725
725
725
725
725
725
725
725
725
725
724
724
724
724
724
724
724
724
724
724
724
724
724
724
724
724
724
724
724
724
724
724
724
724
724
724
724
724
724
724
724
724
724
724
724
724
723
723
723
723
723
723
723
723
723
723
723
723
723
723
723
723
723
723
723
723
723
723
723
723
723
723
723
723
723
723
723
723
723
722
722
722
722
722
722
722
722
722
722
722
722
722
722
722
722
722
722
722
722
722
722
722
722
722
722
722
722
722
722
722
722
722
721
721
721
721
721
721
721
721
721
721
721
721
721
721
721
721
721
721
720
720
720
720
720
720
720
720
720
720
720
720
720
720
720
720
720
720
720
720
720
720
720
720
720
720
720
720
720
720
720
720
719
719
719
719
719
719
719
719
719
719
719
719
719
719
719
719
719
719
719
719
719
719
718
718
718
718
718
718
718
718
718
718
718
718
718
718
718
718
718
718
718
718
718
718
718
718
718
718
718
718
718
718
718
718
718
718
718
717
717
717
717
717
717
717
717
717
717
717
717
717
717
717
717
717
717
717
717
717
717
717
717
717
716
716
716
716
716
716
716
716
716
716
716
716
716
716
716
716
716
716
716
716
716
716
716
716
716
716
716
716
716
716
716
716
716
716
716
716
716
716
716
716
716
716
716
716
716
716
716
716
716
716
716
716
716
715
715
715
715
715
715
715
715
715
715
715
715
715
715
715
715
715
715
715
715
715
715
715
715
715
715
714
714
714
714
714
714
714
714
714
714
714
714
714
714
714
714
714
714
714
714
714
714
714
714
713
713
713
713
713
713
713
713
713
713
713
713
713
713
713
713
713
713
713
713
713
713
713
713
713
712
712
712
712
712
712
712
712
712
712
712
712
712
712
712
712
712
712
712
712
712
712
712
712
712
712
712
711
711
711
711
711
711
711
711
711
711
711
711
711
711
711
711
711
711
711
711
711
711
711
711
711
711
711
711
711
711
711
710
710
710
710
710
710
710
710
710
710
710
710
710
710
710
710
710
710
710
710
710
710
710
710
710
710
710
710
710
709
709
709
709
709
709
709
709
709
709
709
709
709
709
709
709
709
709
709
709
709
709
709
709
709
709
709
709
709
709
709
709
709
709
709
709
709
708
708
708
708
708
708
708
708
708
708
708
708
708
708
708
707
707
707
707
707
707
707
707
707
707
707
707
707
707
707
707
707
707
707
707
707
707
707
706
706
706
706
706
706
706
706
706
706
706
706
706
706
706
706
706
706
706
706
706
706
706
706
706
706
706
706
706
706
705
705
705
705
705
705
705
705
705
705
705
705
705
705
705
705
705
705
705
705
705
705
705
705
705
705
705
705
705
705
705
705
705
705
705
705
705
705
705
705
705
705
705
705
705
705
705
705
705
705
705
705
705
705
704
704
704
704
704
704
704
704
704
704
704
704
704
704
704
704
704
704
703
703
703
703
703
703
703
703
703
703
703
703
703
703
703
703
703
703
703
703
703
703
703
703
703
703
703
703
702
702
702
702
702
702
702
702
702
702
702
702
702
702
702
702
702
702
702
702
702
702
702
701
701
701
701
701
701
701
701
701
701
701
701
701
701
701
701
701
701
701
701
701
701
701
700
700
700
700
700
700
700
700
700
700
700
700
700
700
700
700
700
700
700
700
700
700
700
700
700
700
700
700
700
700
700
700
700
700
700
700
700
700
700
700
700
700
700
700
700
699
699
699
699
699
699
699
699
699
699
699
699
699
699
699
699
699
699
699
699
699
699
699
699
699
699
699
699
699
699
699
699
699
699
699
699
699
698
698
698
698
698
698
698
698
698
698
698
698
698
698
698
698
698
698
698
698
698
698
697
697
697
697
697
697
697
697
697
697
697
697
697
697
697
697
697
697
697
697
697
697
697
697
697
697
697
697
697
696
696
696
696
696
696
696
696
696
696
696
696
696
696
696
696
696
696
696
696
696
696
696
695
695
695
695
695
695
695
695
695
695
695
695
695
695
695
695
695
695
695
695
695
695
695
695
695
695
695
695
695
695
695
695
695
695
695
695
695
694
694
694
694
694
694
694
694
694
694
694
694
694
694
694
694
694
694
694
694
694
694
694
694
694
694
693
693
693
693
693
693
693
693
693
693
693
693
693
693
693
693
693
693
693
693
693
693
693
693
693
693
693
692
692
692
692
692
692
692
692
692
692
692
692
692
692
692
692
692
692
692
692
692
692
692
692
692
692
692
692
692
692
692
691
691
691
691
691
691
691
691
691
691
691
691
691
691
691
691
691
691
691
691
691
691
691
691
691
691
691
691
691
690
690
690
690
690
690
690
690
690
690
690
690
690
690
690
690
690
690
690
690
690
690
690
690
690
690
690
689
689
689
689
689
689
689
689
689
689
689
689
689
689
689
689
689
689
689
689
689
689
689
689
689
689
689
689
689
689
689
689
689
689
689
689
689
688
688
688
688
688
688
688
688
688
688
688
688
688
688
688
688
688
688
688
688
688
688
688
688
688
688
688
688
688
688
688
688
688
687
687
687
687
687
687
687
687
687
687
687
687
687
687
687
687
687
687
687
687
687
687
687
687
687
687
687
687
687
687
687
687
687
687
687
687
687
687
687
686
686
686
686
686
686
686
686
686
686
686
686
686
686
686
686
686
686
686
686
686
686
686
686
686
686
686
686
686
686
686
686
686
686
686
686
686
685
685
685
685
685
685
685
685
685
685
685
685
685
685
685
685
685
685
685
685
685
685
685
685
685
685
685
685
685
685
685
685
685
685
685
684
684
684
684
684
684
684
684
684
684
684
684
684
684
684
684
684
684
684
684
684
684
683
683
683
683
683
683
683
683
683
683
683
683
683
683
683
683
683
683
683
683
683
683
683
683
683
683
683
683
683
682
682
682
682
682
682
682
682
682
682
682
682
682
682
682
682
682
682
682
682
682
682
682
682
682
682
682
681
681
681
681
681
681
681
681
681
681
681
681
681
681
681
681
681
681
681
681
681
681
681
680
680
680
680
680
680
680
680
680
680
680
680
680
680
680
680
680
680
680
680
680
680
680
680
680
680
680
680
680
680
680
680
680
680
680
680
679
679
679
679
679
679
679
679
679
679
679
679
679
679
679
679
679
679
679
679
679
679
679
679
679
679
679
679
679
679
679
679
679
678
678
678
678
678
678
678
678
678
678
678
678
678
678
678
678
678
678
678
678
678
678
678
678
678
678
678
678
677
677
677
677
677
677
677
677
677
677
677
677
677
677
677
677
677
677
677
676
676
676
676
676
676
676
676
676
676
676
676
676
676
676
676
676
676
676
676
676
676
676
676
676
676
676
676
676
676
676
676
676
676
676
676
675
675
675
675
675
675
675
675
675
675
675
675
675
675
675
675
675
675
675
675
675
675
675
675
675
675
675
675
675
675
675
675
675
675
675
675
675
675
674
674
674
674
674
674
674
674
674
674
674
674
674
674
674
674
674
674
674
674
674
674
674
674
674
674
674
673
673
673
673
673
673
673
673
673
673
673
673
673
673
673
673
673
673
673
673
673
673
673
673
673
673
672
672
672
672
672
672
672
672
672
672
672
672
672
672
672
672
672
672
672
672
672
672
672
672
672
672
672
672
672
672
672
671
671
671
671
671
671
671
671
671
671
671
671
671
671
671
671
671
671
671
671
671
671
671
671
671
671
671
671
671
671
671
671
671
671
671
670
670
670
670
670
670
670
670
670
670
670
670
670
670
670
670
670
670
670
670
670
670
670
670
670
670
670
670
670
670
670
670
670
670
670
670
670
669
669
669
669
669
669
669
669
669
669
669
669
669
669
669
669
669
669
669
669
668
668
668
668
668
668
668
668
668
668
668
668
668
668
668
668
668
668
668
668
668
668
668
668
668
668
668
668
668
668
668
668
668
668
668
668
668
668
667
667
667
667
667
667
667
667
667
667
667
667
667
667
667
667
667
667
667
667
667
667
667
667
667
667
667
667
666
666
666
666
666
666
666
666
666
666
666
666
666
666
666
666
666
666
666
666
666
666
666
666
666
666
666
666
666
665
665
665
665
665
665
665
665
665
665
665
665
665
665
665
665
665
665
665
665
665
665
665
665
665
665
665
665
665
665
665
665
664
664
664
664
664
664
664
664
664
664
664
664
664
664
664
664
664
664
664
664
664
664
664
664
664
664
663
663
663
663
663
663
663
663
663
663
663
663
663
663
663
663
663
663
663
663
663
663
663
663
663
663
663
663
663
663
663
663
663
663
663
663
663
662
662
662
662
662
662
662
662
662
662
662
662
662
662
662
662
662
662
662
662
662
662
662
662
662
662
662
662
662
662
662
662
662
662
662
662
662
662
662
662
661
661
661
661
661
661
661
661
661
661
661
661
661
661
661
661
661
661
661
661
661
661
661
661
661
661
661
661
661
661
661
661
661
661
661
661
661
661
661
661
661
661
660
660
660
660
660
660
660
660
660
660
660
660
660
660
660
660
660
660
660
660
660
660
660
660
660
660
660
660
660
660
659
659
659
659
659
659
659
659
659
659
659
659
659
659
659
659
659
659
659
659
659
659
659
659
659
659
659
659
659
659
659
659
659
659
659
659
659
659
659
659
659
659
659
658
658
658
658
658
658
658
658
658
658
658
658
658
658
658
658
658
658
658
658
658
658
658
658
658
658
658
658
658
658
658
658
658
658
658
658
658
658
658
658
658
658
658
657
657
657
657
657
657
657
657
657
657
657
657
657
657
657
657
657
657
657
657
657
657
657
657
657
657
657
657
657
657
657
657
657
657
657
657
656
656
656
656
656
656
656
656
656
656
656
656
656
656
656
656
656
656
656
656
656
656
656
656
656
656
656
656
656
656
656
656
656
656
656
656
656
656
655
655
655
655
655
655
655
655
655
655
655
655
655
655
655
655
655
655
655
655
655
655
655
655
655
655
655
655
655
655
655
655
655
655
655
654
654
654
654
654
654
654
654
654
654
654
654
654
654
654
654
654
654
654
654
654
654
654
654
654
654
654
654
654
654
653
653
653
653
653
653
653
653
653
653
653
653
653
653
653
653
653
653
653
653
653
653
653
653
652
652
652
652
652
652
652
652
652
652
652
652
652
652
652
652
652
652
652
652
652
652
652
652
652
652
652
652
652
652
652
652
652
652
652
652
652
652
652
652
651
651
651
651
651
651
651
651
651
651
651
651
651
651
651
651
651
651
651
651
651
651
651
651
651
651
651
651
651
651
651
651
651
651
651
651
651
651
651
651
651
651
651
651
651
651
651
651
651
651
651
651
651
651
651
651
651
650
650
650
650
650
650
650
650
650
650
650
650
650
650
650
650
650
650
650
650
650
650
650
650
650
650
650
650
650
649
649
649
649
649
649
649
649
649
649
649
649
649
649
649
649
649
649
649
649
649
649
649
649
649
649
649
649
649
649
649
649
649
648
648
648
648
648
648
648
648
648
648
648
648
648
648
648
648
648
648
648
648
648
648
648
648
648
648
648
648
648
647
647
647
647
647
647
647
647
647
647
647
647
647
647
647
647
647
647
647
647
647
647
647
647
647
647
647
647
647
647
646
646
646
646
646
646
646
646
646
646
646
646
646
646
646
646
646
646
646
646
646
646
646
646
646
646
646
646
646
646
646
646
646
646
646
646
646
646
646
646
646
646
646
646
645
645
645
645
645
645
645
645
645
645
645
645
645
645
645
645
645
645
645
645
645
645
645
645
645
645
645
645
645
645
645
645
645
645
645
645
645
645
645
644
644
644
644
644
644
644
644
644
644
644
644
644
644
644
644
644
644
644
644
644
644
644
644
644
644
644
644
644
644
644
644
644
644
644
644
643
643
643
643
643
643
643
643
643
643
643
643
643
643
643
643
643
643
643
643
643
643
643
643
643
643
643
643
643
643
643
643
643
642
642
642
642
642
642
642
642
642
642
642
642
642
642
642
642
642
642
642
642
642
642
642
642
642
642
642
642
642
642
642
642
642
642
642
642
641
641
641
641
641
641
641
641
641
641
641
641
641
641
641
641
641
641
641
641
641
641
641
641
641
641
641
641
641
641
641
641
641
640
640
640
640
640
640
640
640
640
640
640
640
640
640
640
640
640
640
640
640
640
640
640
640
640
640
640
640
640
640
640
640
640
640
640
639
639
639
639
639
639
639
639
639
639
639
639
639
639
639
639
639
639
639
639
639
639
639
639
639
639
639
639
639
639
639
639
639
639
639
638
638
638
638
638
638
638
638
638
638
638
638
638
638
638
638
638
638
638
638
638
638
638
638
638
638
638
638
638
638
638
638
638
638
638
638
638
638
638
638
638
637
637
637
637
637
637
637
637
637
637
637
637
637
637
637
637
637
637
637
637
637
637
637
637
637
637
637
637
637
637
637
637
637
637
637
637
637
636
636
636
636
636
636
636
636
636
636
636
636
636
636
636
636
636
636
636
636
636
636
636
636
636
636
636
636
636
636
636
636
636
636
635
635
635
635
635
635
635
635
635
635
635
635
635
635
635
635
635
635
635
635
635
635
635
635
635
635
635
635
635
635
635
635
634
634
634
634
634
634
634
634
634
634
634
634
634
634
634
634
634
634
634
634
634
634
634
634
634
634
633
633
633
633
633
633
633
633
633
633
633
633
633
633
633
633
633
633
633
633
633
633
633
633
633
633
633
633
633
633
633
633
633
633
633
633
632
632
632
632
632
632
632
632
632
632
632
632
632
632
632
632
632
632
632
632
632
632
632
632
632
632
632
632
632
632
632
632
632
632
632
632
632
632
632
632
632
632
632
632
631
631
631
631
631
631
631
631
631
631
631
631
631
631
631
631
631
631
631
631
631
631
631
631
631
631
631
631
631
631
631
631
631
631
631
631
631
631
631
631
631
631
630
630
630
630
630
630
630
630
630
630
630
630
630
630
630
630
630
630
630
630
630
630
630
630
630
630
630
630
630
630
630
630
630
630
630
630
630
629
629
629
629
629
629
629
629
629
629
629
629
629
629
629
629
629
629
629
629
629
629
629
629
629
629
629
629
629
629
629
629
629
629
629
629
629
628
628
628
628
628
628
628
628
628
628
628
628
628
628
628
628
628
628
628
628
628
628
628
628
628
628
628
628
628
628
628
628
628
628
628
628
628
627
627
627
627
627
627
627
627
627
627
627
627
627
627
627
627
627
627
627
627
627
627
627
627
627
627
627
627
627
627
627
627
627
627
627
627
626
626
626
626
626
626
626
626
626
626
626
626
626
626
626
626
626
626
626
626
626
626
626
626
626
626
626
626
626
626
626
626
626
626
626
626
626
626
626
626
626
626
625
625
625
625
625
625
625
625
625
625
625
625
625
625
625
625
625
625
625
625
625
625
625
625
625
625
625
625
624
624
624
624
624
624
624
624
624
624
624
624
624
624
624
624
624
624
624
624
624
624
624
624
624
624
624
624
624
624
624
624
624
624
624
624
624
624
624
624
624
624
624
623
623
623
623
623
623
623
623
623
623
623
623
623
623
623
623
623
623
623
623
623
623
623
623
623
623
623
623
623
623
623
623
622
622
622
622
622
622
622
622
622
622
622
622
622
622
622
622
622
622
622
622
622
622
622
622
622
622
622
622
622
622
622
622
622
622
622
621
621
621
621
621
621
621
621
621
621
621
621
621
621
621
621
621
621
621
621
621
621
621
621
621
621
621
621
621
621
621
621
621
620
620
620
620
620
620
620
620
620
620
620
620
620
620
620
620
620
620
620
620
620
620
620
620
620
620
620
620
620
620
620
620
620
620
620
620
620
620
620
620
620
620
620
619
619
619
619
619
619
619
619
619
619
619
619
619
619
619
619
619
619
619
619
619
619
619
619
619
619
619
619
619
619
619
619
619
619
619
618
618
618
618
618
618
618
618
618
618
618
618
618
618
618
618
618
618
618
618
618
618
618
618
618
618
618
618
618
618
618
618
618
618
618
618
618
618
618
618
618
618
618
618
618
618
618
618
617
617
617
617
617
617
617
617
617
617
617
617
617
617
617
617
617
617
617
617
617
617
617
617
617
617
617
617
617
617
616
616
616
616
616
616
616
616
616
616
616
616
616
616
616
616
616
616
616
616
616
616
616
616
616
616
616
616
616
616
616
616
616
616
616
616
616
616
616
616
615
615
615
615
615
615
615
615
615
615
615
615
615
615
615
615
615
615
615
615
615
615
615
615
615
615
615
614
614
614
614
614
614
614
614
614
614
614
614
614
614
614
614
614
614
614
614
614
614
614
614
614
614
614
614
614
614
614
614
614
614
614
614
614
614
614
614
614
614
613
613
613
613
613
613
613
613
613
613
613
613
613
613
613
613
613
613
613
613
613
613
613
613
613
613
613
613
613
613
613
613
613
613
613
613
613
613
613
613
613
613
613
613
613
613
613
612
612
612
612
612
612
612
612
612
612
612
612
612
612
612
612
612
612
612
612
612
612
612
612
612
612
612
612
612
612
612
612
612
612
612
612
612
611
611
611
611
611
611
611
611
611
611
611
611
611
611
611
611
611
611
611
611
611
611
611
611
611
611
611
611
611
611
611
611
611
611
611
611
611
611
610
610
610
610
610
610
610
610
610
610
610
610
610
610
610
610
610
610
610
610
610
610
610
610
610
610
610
610
610
610
610
610
610
610
610
609
609
609
609
609
609
609
609
609
609
609
609
609
609
609
609
609
609
609
609
609
609
609
609
609
609
609
609
609
609
609
609
609
609
609
609
609
609
609
609
609
609
609
609
609
609
609
609
609
609
609
609
608
608
608
608
608
608
608
608
608
608
608
608
608
608
608
608
608
608
608
608
608
608
608
608
608
608
608
608
608
608
608
608
608
607
607
607
607
607
607
607
607
607
607
607
607
607
607
607
607
607
607
607
607
607
607
607
607
607
607
607
607
607
607
607
607
606
606
606
606
606
606
606
606
606
606
606
606
606
606
606
606
606
606
606
606
606
606
606
606
606
606
606
606
606
606
606
606
606
606
606
606
606
606
606
606
606
606
605
605
605
605
605
605
605
605
605
605
605
605
605
605
605
605
605
605
605
605
605
605
605
605
605
605
605
605
605
605
605
605
605
605
604
604
604
604
604
604
604
604
604
604
604
604
604
604
604
604
604
604
604
604
604
604
604
604
604
604
604
604
604
604
604
604
604
604
604
604
604
604
604
603
603
603
603
603
603
603
603
603
603
603
603
603
603
603
603
603
603
603
603
603
603
603
603
603
603
603
603
603
603
603
603
603
603
603
603
603
603
602
602
602
602
602
602
602
602
602
602
602
602
602
602
602
602
602
602
602
602
602
602
602
602
602
602
602
602
602
602
602
602
602
602
601
601
601
601
601
601
601
601
601
601
601
601
601
601
601
601
601
601
601
601
601
601
601
601
601
601
601
601
601
601
601
601
601
601
601
601
601
601
601
601
601
601
601
601
601
601
601
600
600
600
600
600
600
600
600
600
600
600
600
600
600
600
600
600
600
600
600
600
600
600
600
600
600
600
600
600
600
600
600
600
600
600
600
600
600
600
600
600
600
599
599
599
599
599
599
599
599
599
599
599
599
599
599
599
599
599
599
599
599
599
599
599
599
599
599
599
599
599
599
599
599
599
599
599
598
598
598
598
598
598
598
598
598
598
598
598
598
598
598
598
598
598
598
598
598
598
598
598
598
598
598
598
598
598
598
598
598
598
598
598
598
598
598
598
597
597
597
597
597
597
597
597
597
597
597
597
597
597
597
597
597
597
597
597
597
597
597
597
597
597
597
597
597
597
597
597
597
597
597
597
597
597
597
597
597
597
597
597
597
597
596
596
596
596
596
596
596
596
596
596
596
596
596
596
596
596
596
596
596
596
596
596
596
596
596
596
596
596
596
596
596
596
595
595
595
595
595
595
595
595
595
595
595
595
595
595
595
595
595
595
595
595
595
595
595
595
595
595
595
595
595
595
595
595
595
595
595
595
595
595
595
595
595
595
595
595
594
594
594
594
594
594
594
594
594
594
594
594
594
594
594
594
594
594
594
594
594
594
594
594
594
594
594
594
594
594
594
594
594
594
594
594
594
594
594
594
594
594
594
594
594
594
594
594
594
594
594
594
594
593
593
593
593
593
593
593
593
593
593
593
593
593
593
593
593
593
593
593
593
593
593
593
593
593
593
593
593
593
593
593
593
593
593
593
592
592
592
592
592
592
592
592
592
592
592
592
592
592
592
592
592
592
592
592
592
592
592
592
592
592
591
591
591
591
591
591
591
591
591
591
591
591
591
591
591
591
591
591
591
591
591
591
591
591
591
591
591
591
591
591
591
591
591
591
591
590
590
590
590
590
590
590
590
590
590
590
590
590
590
590
590
590
590
590
590
590
590
590
590
590
590
590
590
590
590
590
589
589
589
589
589
589
589
589
589
589
589
589
589
589
589
589
589
589
589
589
589
589
589
589
589
589
589
589
589
589
589
589
589
589
589
589
589
589
589
589
589
588
588
588
588
588
588
588
588
588
588
588
588
588
588
588
588
588
588
588
588
588
588
588
588
588
588
588
588
588
588
588
588
588
588
588
588
588
588
588
588
588
588
588
588
588
588
588
588
587
587
587
587
587
587
587
587
587
587
587
587
587
587
587
587
587
587
587
587
587
587
587
587
587
587
587
587
587
587
587
587
587
587
587
587
587
587
586
586
586
586
586
586
586
586
586
586
586
586
586
586
586
586
586
586
586
586
586
586
586
586
586
586
586
586
586
586
586
586
586
586
586
586
586
586
586
586
586
586
585
585
585
585
585
585
585
585
585
585
585
585
585
585
585
585
585
585
585
585
585
585
585
585
585
585
585
585
585
585
585
585
585
585
585
585
585
585
585
585
584
584
584
584
584
584
584
584
584
584
584
584
584
584
584
584
584
584
584
584
584
584
584
584
584
584
584
584
584
584
584
584
584
584
584
584
584
584
583
583
583
583
583
583
583
583
583
583
583
583
583
583
583
583
583
583
583
583
583
583
583
583
583
583
583
583
583
583
583
583
583
583
583
583
583
583
583
583
583
582
582
582
582
582
582
582
582
582
582
582
582
582
582
582
582
582
582
582
582
582
582
582
582
582
582
582
582
582
582
582
582
582
582
582
582
582
582
582
582
582
581
581
581
581
581
581
581
581
581
581
581
581
581
581
581
581
581
581
581
581
581
581
581
581
581
581
581
581
581
581
581
581
581
581
580
580
580
580
580
580
580
580
580
580
580
580
580
580
580
580
580
580
580
580
580
580
580
580
580
580
580
580
580
580
580
580
580
580
580
580
580
580
580
580
580
580
580
580
580
579
579
579
579
579
579
579
579
579
579
579
579
579
579
579
579
579
579
579
579
579
579
579
579
579
579
579
579
579
579
579
579
579
579
579
579
579
579
579
579
579
579
579
579
579
579
579
579
579
579
579
579
579
579
579
579
579
578
578
578
578
578
578
578
578
578
578
578
578
578
578
578
578
578
578
578
578
578
578
578
578
578
578
578
578
578
578
578
578
578
578
578
578
578
578
578
578
578
578
578
578
578
577
577
577
577
577
577
577
577
577
577
577
577
577
577
577
577
577
577
577
577
577
577
577
577
577
577
577
577
577
577
577
577
577
576
576
576
576
576
576
576
576
576
576
576
576
576
576
576
576
576
576
576
576
576
576
576
576
576
576
576
576
576
576
575
575
575
575
575
575
575
575
575
575
575
575
575
575
575
575
575
575
575
575
575
575
575
575
575
575
575
575
575
575
575
575
575
575
575
574
574
574
574
574
574
574
574
574
574
574
574
574
574
574
574
574
574
574
574
574
574
574
574
574
574
574
574
574
574
574
574
574
574
574
573
573
573
573
573
573
573
573
573
573
573
573
573
573
573
573
573
573
573
573
573
573
573
573
573
573
573
573
573
573
573
573
573
572
572
572
572
572
572
572
572
572
572
572
572
572
572
572
572
572
572
572
572
572
572
572
572
572
572
572
572
572
572
572
572
572
572
572
572
572
572
571
571
571
571
571
571
571
571
571
571
571
571
571
571
571
571
571
571
571
571
571
571
571
571
571
571
571
571
571
571
571
571
571
571
570
570
570
570
570
570
570
570
570
570
570
570
570
570
570
570
570
570
570
570
570
570
570
570
570
570
570
570
570
570
570
570
570
570
570
570
570
570
570
570
570
570
570
569
569
569
569
569
569
569
569
569
569
569
569
569
569
569
569
569
569
569
569
569
569
569
569
569
569
569
569
569
569
569
569
569
569
569
569
569
569
569
569
569
569
569
569
569
569
569
569
568
568
568
568
568
568
568
568
568
568
568
568
568
568
568
568
568
568
568
568
568
568
568
568
568
568
568
568
568
568
568
568
568
567
567
567
567
567
567
567
567
567
567
567
567
567
567
567
567
567
567
567
567
567
567
567
567
567
567
567
567
567
567
567
567
567
566
566
566
566
566
566
566
566
566
566
566
566
566
566
566
566
566
566
566
566
566
566
566
566
566
566
566
566
566
566
566
566
566
566
566
566
566
566
566
565
565
565
565
565
565
565
565
565
565
565
565
565
565
565
565
565
565
565
565
565
565
565
565
565
565
565
565
565
565
565
565
565
565
565
564
564
564
564
564
564
564
564
564
564
564
564
564
564
564
564
564
564
564
564
564
564
564
564
564
564
564
564
564
564
564
564
564
564
564
564
564
564
564
564
564
564
564
564
564
564
564
564
564
563
563
563
563
563
563
563
563
563
563
563
563
563
563
563
563
563
563
563
563
563
563
563
563
563
563
563
563
563
563
563
563
563
563
563
563
563
563
563
563
563
563
562
562
562
562
562
562
562
562
562
562
562
562
562
562
562
562
562
562
562
562
562
562
562
562
562
562
562
562
562
562
562
562
562
562
562
562
561
561
561
561
561
561
561
561
561
561
561
561
561
561
561
561
561
561
561
561
561
561
561
561
561
561
561
561
561
561
561
561
561
560
560
560
560
560
560
560
560
560
560
560
560
560
560
560
560
560
560
560
560
560
560
560
560
560
560
560
560
560
560
560
560
560
560
560
560
560
560
560
559
559
559
559
559
559
559
559
559
559
559
559
559
559
559
559
559
559
559
559
559
559
559
559
559
559
559
559
559
559
559
559
559
559
559
559
559
559
559
559
559
559
559
558
558
558
558
558
558
558
558
558
558
558
558
558
558
558
558
558
558
558
558
558
558
558
558
558
558
558
558
558
558
558
558
558
558
558
558
558
558
558
558
558
558
558
557
557
557
557
557
557
557
557
557
557
557
557
557
557
557
557
557
557
557
557
557
557
557
557
557
557
557
557
557
557
557
557
557
557
557
557
557
557
556
556
556
556
556
556
556
556
556
556
556
556
556
556
556
556
556
556
556
556
556
556
556
556
556
556
556
556
556
556
556
556
556
556
556
556
556
556
556
556
556
556
556
556
555
555
555
555
555
555
555
555
555
555
555
555
555
555
555
555
555
555
555
555
555
555
555
555
555
555
555
555
555
555
555
555
555
555
555
555
555
555
555
555
555
555
555
555
554
554
554
554
554
554
554
554
554
554
554
554
554
554
554
554
554
554
554
554
554
554
554
554
554
554
554
554
554
554
554
554
554
554
554
554
554
554
553
553
553
553
553
553
553
553
553
553
553
553
553
553
553
553
553
553
553
553
553
553
553
553
553
553
553
553
553
553
553
553
553
553
553
553
553
553
553
553
553
553
553
553
553
553
552
552
552
552
552
552
552
552
552
552
552
552
552
552
552
552
552
552
552
552
552
552
552
552
552
552
552
552
552
552
552
552
552
552
552
552
552
552
552
552
552
552
552
552
552
552
552
552
552
552
552
551
551
551
551
551
551
551
551
551
551
551
551
551
551
551
551
551
551
551
551
551
551
551
551
551
551
551
551
551
551
551
551
551
551
551
551
550
550
550
550
550
550
550
550
550
550
550
550
550
550
550
550
550
550
550
550
550
550
550
550
550
550
550
550
550
550
550
550
550
550
550
550
550
550
550
550
550
550
550
550
550
550
550
550
549
549
549
549
549
549
549
549
549
549
549
549
549
549
549
549
549
549
549
549
549
549
549
549
549
549
549
549
549
549
549
549
549
549
549
549
549
548
548
548
548
548
548
548
548
548
548
548
548
548
548
548
548
548
548
548
548
548
548
548
548
548
548
548
548
548
548
548
548
548
548
548
548
548
548
548
548
548
548
548
548
548
548
548
547
547
547
547
547
547
547
547
547
547
547
547
547
547
547
547
547
547
547
547
547
547
547
547
547
547
547
547
547
547
547
547
547
547
547
547
547
547
547
546
546
546
546
546
546
546
546
546
546
546
546
546
546
546
546
546
546
546
546
546
546
546
546
546
546
546
546
546
546
546
546
546
546
546
546
546
546
546
546
546
546
546
546
545
545
545
545
545
545
545
545
545
545
545
545
545
545
545
545
545
545
545
545
545
545
545
545
545
545
545
545
545
545
545
545
545
545
545
545
544
544
544
544
544
544
544
544
544
544
544
544
544
544
544
544
544
544
544
544
544
544
544
544
544
544
544
544
544
544
544
544
544
544
544
544
544
544
544
544
543
543
543
543
543
543
543
543
543
543
543
543
543
543
543
543
543
543
543
543
543
543
543
543
543
543
543
543
543
543
543
543
543
543
543
543
543
543
543
543
543
543
543
542
542
542
542
542
542
542
542
542
542
542
542
542
542
542
542
542
542
542
542
542
542
542
542
542
542
542
542
542
542
542
542
542
542
542
542
542
542
542
542
542
542
542
542
542
542
541
541
541
541
541
541
541
541
541
541
541
541
541
541
541
541
541
541
541
541
541
541
541
541
541
541
541
541
541
541
541
541
541
541
541
541
541
541
541
541
541
541
541
541
541
541
541
541
541
541
541
541
541
541
541
541
541
540
540
540
540
540
540
540
540
540
540
540
540
540
540
540
540
540
540
540
540
540
540
540
540
540
540
540
540
540
540
540
540
540
540
540
539
539
539
539
539
539
539
539
539
539
539
539
539
539
539
539
539
539
539
539
539
539
539
539
539
539
539
539
539
539
539
539
539
539
539
539
539
539
539
539
539
539
539
539
539
539
538
538
538
538
538
538
538
538
538
538
538
538
538
538
538
538
538
538
538
538
538
538
538
538
538
538
538
538
538
538
538
538
538
538
538
538
538
538
538
538
538
538
538
538
538
538
538
538
538
538
538
538
538
537
537
537
537
537
537
537
537
537
537
537
537
537
537
537
537
537
537
537
537
537
537
537
537
537
537
537
537
537
537
537
537
537
537
537
537
537
537
537
537
537
537
537
537
537
537
537
536
536
536
536
536
536
536
536
536
536
536
536
536
536
536
536
536
536
536
536
536
536
536
536
536
536
536
536
536
536
536
536
536
536
536
536
536
536
536
536
536
536
536
536
536
536
536
536
536
536
536
536
536
535
535
535
535
535
535
535
535
535
535
535
535
535
535
535
535
535
535
535
535
535
535
535
535
535
535
535
535
535
535
535
535
535
535
535
535
535
535
535
535
535
535
535
535
535
535
534
534
534
534
534
534
534
534
534
534
534
534
534
534
534
534
534
534
534
534
534
534
534
534
534
534
534
534
534
534
534
534
534
534
534
534
534
534
534
534
534
534
534
534
534
533
533
533
533
533
533
533
533
533
533
533
533
533
533
533
533
533
533
533
533
533
533
533
533
533
533
533
533
533
533
533
533
533
533
533
533
533
533
533
533
533
533
533
533
533
533
533
533
533
533
533
533
533
533
533
533
533
533
533
533
533
533
533
532
532
532
532
532
532
532
532
532
532
532
532
532
532
532
532
532
532
532
532
532
532
532
532
532
532
532
532
532
532
532
532
532
532
532
532
532
532
532
532
532
532
531
531
531
531
531
531
531
531
531
531
531
531
531
531
531
531
531
531
531
531
531
531
531
531
531
531
531
531
531
531
531
531
531
531
531
531
531
531
531
531
531
531
531
531
531
531
531
531
531
531
531
531
531
531
531
531
531
531
531
531
531
531
531
531
531
531
531
531
531
531
530
530
530
530
530
530
530
530
530
530
530
530
530
530
530
530
530
530
530
530
530
530
530
530
530
530
530
530
530
530
530
530
530
530
530
530
530
530
530
530
530
530
530
530
530
530
530
530
530
530
530
530
529
529
529
529
529
529
529
529
529
529
529
529
529
529
529
529
529
529
529
529
529
529
529
529
529
529
529
529
529
529
529
529
529
529
529
529
529
529
529
528
528
528
528
528
528
528
528
528
528
528
528
528
528
528
528
528
528
528
528
528
528
528
528
528
528
528
528
528
528
528
528
528
528
528
528
528
528
527
527
527
527
527
527
527
527
527
527
527
527
527
527
527
527
527
527
527
527
527
527
527
527
527
527
527
527
527
527
527
527
527
527
527
527
527
527
527
527
527
527
527
526
526
526
526
526
526
526
526
526
526
526
526
526
526
526
526
526
526
526
526
526
526
526
526
526
526
526
526
526
526
526
526
526
526
526
526
526
526
525
525
525
525
525
525
525
525
525
525
525
525
525
525
525
525
525
525
525
525
525
525
525
525
525
525
525
525
525
525
525
525
525
525
525
525
525
525
525
525
525
525
525
525
524
524
524
524
524
524
524
524
524
524
524
524
524
524
524
524
524
524
524
524
524
524
524
524
524
524
524
524
524
524
524
524
524
524
524
524
524
524
524
524
524
524
524
524
523
523
523
523
523
523
523
523
523
523
523
523
523
523
523
523
523
523
523
523
523
523
523
523
523
523
523
523
523
523
523
523
523
523
523
523
523
523
523
523
523
523
523
523
523
523
523
523
523
523
523
523
523
523
523
522
522
522
522
522
522
522
522
522
522
522
522
522
522
522
522
522
522
522
522
522
522
522
522
522
522
522
522
522
522
522
522
522
522
522
522
522
522
522
521
521
521
521
521
521
521
521
521
521
521
521
521
521
521
521
521
521
521
521
521
521
521
521
521
521
521
521
521
521
521
521
521
521
521
521
521
521
521
521
521
521
521
521
521
521
521
521
521
521
521
521
520
520
520
520
520
520
520
520
520
520
520
520
520
520
520
520
520
520
520
520
520
520
520
520
520
520
520
520
520
520
520
520
520
520
520
520
520
520
520
520
520
520
520
520
520
520
520
520
520
520
520
520
520
520
520
520
520
520
519
519
519
519
519
519
519
519
519
519
519
519
519
519
519
519
519
519
519
519
519
519
519
519
519
519
519
519
519
519
519
519
519
519
519
519
519
519
519
519
519
519
519
519
519
519
519
519
518
518
518
518
518
518
518
518
518
518
518
518
518
518
518
518
518
518
518
518
518
518
518
518
518
518
518
518
518
518
518
518
518
518
518
518
518
518
518
518
518
518
518
518
518
518
518
518
518
518
518
518
518
518
518
518
518
517
517
517
517
517
517
517
517
517
517
517
517
517
517
517
517
517
517
517
517
517
517
517
517
517
517
517
517
517
517
517
517
517
517
517
517
517
517
517
517
517
517
517
517
517
517
517
517
517
517
517
517
517
517
516
516
516
516
516
516
516
516
516
516
516
516
516
516
516
516
516
516
516
516
516
516
516
516
516
516
516
516
516
516
516
516
516
516
516
516
516
516
516
516
516
516
516
516
516
516
516
515
515
515
515
515
515
515
515
515
515
515
515
515
515
515
515
515
515
515
515
515
515
515
515
515
515
515
515
515
515
515
515
515
515
515
515
515
515
515
515
515
515
515
515
515
515
515
515
515
515
515
514
514
514
514
514
514
514
514
514
514
514
514
514
514
514
514
514
514
514
514
514
514
514
514
514
514
514
514
514
514
514
514
514
514
514
514
514
514
514
514
514
514
514
514
514
514
514
514
514
514
514
513
513
513
513
513
513
513
513
513
513
513
513
513
513
513
513
513
513
513
513
513
513
513
513
513
513
513
513
513
513
513
513
513
513
513
513
513
513
513
513
513
513
513
513
513
513
513
512
512
512
512
512
512
512
512
512
512
512
512
512
512
512
512
512
512
512
512
512
512
512
512
512
512
512
512
512
512
512
512
512
512
512
512
512
512
512
512
511
511
511
511
511
511
511
511
511
511
511
511
511
511
511
511
511
511
511
511
511
511
511
511
511
511
511
511
511
511
511
511
511
511
511
511
511
511
511
511
511
511
511
511
511
511
511
511
511
511
511
511
510
510
510
510
510
510
510
510
510
510
510
510
510
510
510
510
510
510
510
510
510
510
510
510
510
510
510
510
510
510
510
510
510
510
510
510
510
510
510
510
510
510
510
510
510
510
510
510
510
510
510
510
510
510
510
510
510
510
510
510
510
510
510
510
510
509
509
509
509
509
509
509
509
509
509
509
509
509
509
509
509
509
509
509
509
509
509
509
509
509
509
509
509
509
509
509
509
509
509
509
509
509
509
509
509
508
508
508
508
508
508
508
508
508
508
508
508
508
508
508
508
508
508
508
508
508
508
508
508
508
508
508
508
508
508
508
508
508
508
508
508
508
508
508
508
508
508
508
508
508
508
508
508
508
508
508
508
508
508
507
507
507
507
507
507
507
507
507
507
507
507
507
507
507
507
507
507
507
507
507
507
507
507
507
507
507
507
507
507
507
507
507
507
507
507
507
507
507
507
507
507
507
507
507
507
507
507
506
506
506
506
506
506
506
506
506
506
506
506
506
506
506
506
506
506
506
506
506
506
506
506
506
506
506
506
506
506
506
506
506
506
506
506
506
506
506
506
506
506
505
505
505
505
505
505
505
505
505
505
505
505
505
505
505
505
505
505
505
505
505
505
505
505
505
505
505
505
505
505
505
505
505
505
505
505
505
505
504
504
504
504
504
504
504
504
504
504
504
504
504
504
504
504
504
504
504
504
504
504
504
504
504
504
504
504
504
504
504
504
504
504
504
504
504
504
504
504
504
504
504
504
504
504
504
504
504
503
503
503
503
503
503
503
503
503
503
503
503
503
503
503
503
503
503
503
503
503
503
503
503
503
503
503
503
503
503
503
503
503
503
503
503
502
502
502
502
502
502
502
502
502
502
502
502
502
502
502
502
502
502
502
502
502
502
502
502
502
502
502
502
502
502
502
502
502
502
502
502
502
502
502
502
502
502
502
502
502
502
502
502
502
502
502
502
502
502
502
502
502
502
502
502
502
502
501
501
501
501
501
501
501
501
501
501
501
501
501
501
501
501
501
501
501
501
501
501
501
501
501
501
501
501
501
501
501
501
501
501
501
501
501
501
501
501
501
501
501
501
501
501
501
501
501
501
501
501
500
500
500
500
500
500
500
500
500
500
500
500
500
500
500
500
500
500
500
500
500
500
500
500
500
500
500
500
500
500
500
500
500
500
500
500
500
500
500
500
500
500
500
500
500
500
500
500
500
500
500
500
500
500
500
500
499
499
499
499
499
499
499
499
499
499
499
499
499
499
499
499
499
499
499
499
499
499
499
499
499
499
499
499
499
499
499
499
499
499
499
499
499
499
499
499
499
499
499
499
499
499
499
499
498
498
498
498
498
498
498
498
498
498
498
498
498
498
498
498
498
498
498
498
498
498
498
498
498
498
498
498
498
498
498
498
498
498
498
498
498
498
498
498
498
498
498
498
498
498
498
497
497
497
497
497
497
497
497
497
497
497
497
497
497
497
497
497
497
497
497
497
497
497
497
497
497
497
497
497
497
497
497
497
497
497
497
497
497
497
496
496
496
496
496
496
496
496
496
496
496
496
496
496
496
496
496
496
496
496
496
496
496
496
496
496
496
496
496
496
496
496
496
496
496
496
496
496
496
496
496
496
496
496
496
496
496
496
496
496
495
495
495
495
495
495
495
495
495
495
495
495
495
495
495
495
495
495
495
495
495
495
495
495
495
495
495
495
495
495
495
495
495
495
495
495
495
495
495
495
495
495
495
495
495
495
495
495
495
495
495
495
495
495
494
494
494
494
494
494
494
494
494
494
494
494
494
494
494
494
494
494
494
494
494
494
494
494
494
494
494
494
494
494
494
494
494
494
494
494
494
494
494
494
494
494
493
493
493
493
493
493
493
493
493
493
493
493
493
493
493
493
493
493
493
493
493
493
493
493
493
493
493
493
493
493
493
493
493
493
493
493
493
493
493
493
493
493
493
493
493
493
493
493
493
493
493
493
493
493
492
492
492
492
492
492
492
492
492
492
492
492
492
492
492
492
492
492
492
492
492
492
492
492
492
492
492
492
492
492
492
492
492
492
492
492
492
492
492
492
492
492
492
492
492
492
492
492
492
492
491
491
491
491
491
491
491
491
491
491
491
491
491
491
491
491
491
491
491
491
491
491
491
491
491
491
491
491
491
491
491
491
491
491
491
491
491
491
491
490
490
490
490
490
490
490
490
490
490
490
490
490
490
490
490
490
490
490
490
490
490
490
490
490
490
490
490
490
490
490
490
490
490
490
490
490
490
490
490
490
490
490
490
490
490
490
490
490
490
490
490
490
490
490
490
490
490
490
490
490
490
490
490
490
490
490
490
490
489
489
489
489
489
489
489
489
489
489
489
489
489
489
489
489
489
489
489
489
489
489
489
489
489
489
489
489
489
489
489
489
489
489
489
489
489
489
489
489
489
489
489
489
489
489
489
489
489
489
489
489
488
488
488
488
488
488
488
488
488
488
488
488
488
488
488
488
488
488
488
488
488
488
488
488
488
488
488
488
488
488
488
488
488
488
488
488
488
488
488
488
488
488
488
488
488
488
488
488
488
488
488
488
488
488
488
488
488
488
488
488
488
488
488
488
488
488
488
488
488
488
488
487
487
487
487
487
487
487
487
487
487
487
487
487
487
487
487
487
487
487
487
487
487
487
487
487
487
487
487
487
487
487
487
487
487
487
487
487
487
487
487
487
487
487
487
487
487
487
487
487
486
486
486
486
486
486
486
486
486
486
486
486
486
486
486
486
486
486
486
486
486
486
486
486
486
486
486
486
486
486
486
486
486
486
486
486
486
486
486
486
486
486
486
486
486
486
486
486
486
486
486
486
486
486
486
486
486
486
486
486
486
486
486
486
486
486
486
485
485
485
485
485
485
485
485
485
485
485
485
485
485
485
485
485
485
485
485
485
485
485
485
485
485
485
485
485
485
485
485
485
485
485
485
485
485
485
485
485
485
485
485
485
485
485
485
485
485
485
485
485
485
485
485
485
485
485
485
485
485
485
484
484
484
484
484
484
484
484
484
484
484
484
484
484
484
484
484
484
484
484
484
484
484
484
484
484
484
484
484
484
484
484
484
484
484
484
484
484
484
484
484
484
484
484
484
484
484
484
484
484
484
484
484
484
484
484
484
484
483
483
483
483
483
483
483
483
483
483
483
483
483
483
483
483
483
483
483
483
483
483
483
483
483
483
483
483
483
483
483
483
483
483
483
483
483
483
483
483
483
483
483
483
483
483
483
483
483
483
483
483
483
483
483
483
483
483
483
483
483
483
483
483
483
483
483
483
483
483
482
482
482
482
482
482
482
482
482
482
482
482
482
482
482
482
482
482
482
482
482
482
482
482
482
482
482
482
482
482
482
482
482
482
482
482
482
482
482
482
482
482
482
482
482
482
482
482
482
482
482
482
482
482
482
482
482
482
482
482
482
482
482
482
482
482
482
482
482
482
482
482
482
482
482
482
482
482
482
482
482
482
482
481
481
481
481
481
481
481
481
481
481
481
481
481
481
481
481
481
481
481
481
481
481
481
481
481
481
481
481
481
481
481
481
481
481
481
481
481
481
481
481
481
481
481
481
481
481
481
481
481
481
481
481
481
481
481
481
481
481
480
480
480
480
480
480
480
480
480
480
480
480
480
480
480
480
480
480
480
480
480
480
480
480
480
480
480
480
480
480
480
480
480
480
480
480
480
480
480
480
480
480
480
480
480
480
480
480
480
480
480
480
480
480
480
480
480
480
480
480
480
480
480
480
480
480
480
480
480
480
480
480
479
479
479
479
479
479
479
479
479
479
479
479
479
479
479
479
479
479
479
479
479
479
479
479
479
479
479
479
479
479
479
479
479
479
479
479
479
479
479
479
479
479
479
479
479
479
479
479
479
479
479
479
479
479
479
479
478
478
478
478
478
478
478
478
478
478
478
478
478
478
478
478
478
478
478
478
478
478
478
478
478
478
478
478
478
478
478
478
478
478
478
478
478
478
478
478
478
478
478
478
478
478
478
478
478
478
478
478
478
478
478
477
477
477
477
477
477
477
477
477
477
477
477
477
477
477
477
477
477
477
477
477
477
477
477
477
477
477
477
477
477
477
477
477
477
477
477
477
477
477
477
477
477
477
477
477
477
476
476
476
476
476
476
476
476
476
476
476
476
476
476
476
476
476
476
476
476
476
476
476
476
476
476
476
476
476
476
476
476
476
476
476
476
476
476
476
476
476
476
476
476
476
476
476
476
476
476
476
476
476
476
476
476
476
476
475
475
475
475
475
475
475
475
475
475
475
475
475
475
475
475
475
475
475
475
475
475
475
475
475
475
475
475
475
475
475
475
475
475
475
475
475
475
475
475
475
475
475
475
475
475
475
475
475
475
475
475
475
475
475
475
475
475
475
475
475
475
475
475
475
475
475
475
475
475
474
474
474
474
474
474
474
474
474
474
474
474
474
474
474
474
474
474
474
474
474
474
474
474
474
474
474
474
474
474
474
474
474
474
474
474
474
474
474
474
474
474
474
474
474
474
474
474
474
474
474
474
474
474
474
474
474
474
474
474
474
474
474
474
474
473
473
473
473
473
473
473
473
473
473
473
473
473
473
473
473
473
473
473
473
473
473
473
473
473
473
473
473
473
473
473
473
473
473
473
473
473
473
473
473
473
473
473
473
473
473
473
473
473
473
473
473
473
473
472
472
472
472
472
472
472
472
472
472
472
472
472
472
472
472
472
472
472
472
472
472
472
472
472
472
472
472
472
472
472
472
472
472
472
472
472
472
472
472
472
472
472
472
472
472
472
472
472
472
472
472
472
472
472
472
472
472
472
472
472
472
472
472
471
471
471
471
471
471
471
471
471
471
471
471
471
471
471
471
471
471
471
471
471
471
471
471
471
471
471
471
471
471
471
471
471
471
471
471
470
470
470
470
470
470
470
470
470
470
470
470
470
470
470
470
470
470
470
470
470
470
470
470
470
470
470
470
470
470
470
470
470
470
470
470
470
470
470
470
470
470
470
470
470
470
470
470
470
470
470
470
470
470
470
470
470
470
470
470
470
470
469
469
469
469
469
469
469
469
469
469
469
469
469
469
469
469
469
469
469
469
469
469
469
469
469
469
469
469
469
469
469
469
469
469
469
469
469
469
469
469
469
469
469
469
469
469
469
469
469
469
469
469
469
469
469
469
469
468
468
468
468
468
468
468
468
468
468
468
468
468
468
468
468
468
468
468
468
468
468
468
468
468
468
468
468
468
468
468
468
468
468
468
468
468
468
468
468
468
468
468
468
468
468
468
468
468
468
468
468
468
468
468
468
468
468
468
468
468
468
468
468
468
468
468
468
468
468
468
468
468
468
468
467
467
467
467
467
467
467
467
467
467
467
467
467
467
467
467
467
467
467
467
467
467
467
467
467
467
467
467
467
467
467
467
467
467
467
467
467
467
467
467
467
467
467
467
467
467
467
467
467
467
467
467
467
467
467
467
467
467
467
467
467
467
467
466
466
466
466
466
466
466
466
466
466
466
466
466
466
466
466
466
466
466
466
466
466
466
466
466
466
466
466
466
466
466
466
466
466
466
466
466
466
466
466
466
466
466
466
466
466
466
466
466
466
466
466
466
465
465
465
465
465
465
465
465
465
465
465
465
465
465
465
465
465
465
465
465
465
465
465
465
465
465
465
465
465
465
465
465
465
465
465
465
465
465
465
465
465
465
465
465
464
464
464
464
464
464
464
464
464
464
464
464
464
464
464
464
464
464
464
464
464
464
464
464
464
464
464
464
464
464
464
464
464
464
464
464
464
464
464
464
464
464
464
464
464
464
464
464
464
464
464
464
464
464
464
464
464
464
464
464
464
464
464
464
464
464
464
464
464
464
464
464
463
463
463
463
463
463
463
463
463
463
463
463
463
463
463
463
463
463
463
463
463
463
463
463
463
463
463
463
463
463
463
463
463
463
463
463
463
463
463
463
463
463
463
463
463
463
463
463
463
463
463
463
463
463
463
463
463
463
463
463
463
463
463
463
463
463
462
462
462
462
462
462
462
462
462
462
462
462
462
462
462
462
462
462
462
462
462
462
462
462
462
462
462
462
462
462
462
462
462
462
462
462
462
462
462
462
462
462
462
462
462
462
462
462
462
462
462
462
462
462
462
462
462
462
462
462
462
462
462
461
461
461
461
461
461
461
461
461
461
461
461
461
461
461
461
461
461
461
461
461
461
461
461
461
461
461
461
461
461
461
461
461
461
461
461
461
461
461
461
461
461
461
461
461
461
461
461
461
461
461
461
461
461
460
460
460
460
460
460
460
460
460
460
460
460
460
460
460
460
460
460
460
460
460
460
460
460
460
460
460
460
460
460
460
460
460
460
460
460
460
460
460
460
460
460
460
460
460
460
460
460
460
460
460
460
460
460
460
460
460
460
460
460
460
460
460
460
460
460
460
460
460
460
459
459
459
459
459
459
459
459
459
459
459
459
459
459
459
459
459
459
459
459
459
459
459
459
459
459
459
459
459
459
459
459
459
459
459
459
459
459
459
459
459
459
459
459
459
459
459
459
459
459
459
459
459
459
459
459
459
459
459
459
459
459
459
459
459
459
459
458
458
458
458
458
458
458
458
458
458
458
458
458
458
458
458
458
458
458
458
458
458
458
458
458
458
458
458
458
458
458
458
458
458
458
458
458
458
458
458
458
458
458
458
458
458
457
457
457
457
457
457
457
457
457
457
457
457
457
457
457
457
457
457
457
457
457
457
457
457
457
457
457
457
457
457
457
457
457
457
457
457
457
457
457
457
457
457
457
457
457
457
457
457
457
457
457
457
457
457
457
457
457
457
457
457
457
457
457
457
457
457
456
456
456
456
456
456
456
456
456
456
456
456
456
456
456
456
456
456
456
456
456
456
456
456
456
456
456
456
456
456
456
456
456
456
456
456
456
456
456
456
456
456
456
456
456
456
456
456
456
456
456
456
456
456
456
456
456
456
456
456
456
456
456
456
456
456
456
456
456
456
456
456
455
455
455
455
455
455
455
455
455
455
455
455
455
455
455
455
455
455
455
455
455
455
455
455
455
455
455
455
455
455
455
455
455
455
455
455
455
455
455
455
455
455
455
455
455
455
455
455
455
455
455
455
455
455
455
455
455
454
454
454
454
454
454
454
454
454
454
454
454
454
454
454
454
454
454
454
454
454
454
454
454
454
454
454
454
454
454
454
454
454
454
454
454
454
454
454
454
454
454
454
454
454
454
454
453
453
453
453
453
453
453
453
453
453
453
453
453
453
453
453
453
453
453
453
453
453
453
453
453
453
453
453
453
453
453
453
453
453
453
453
453
453
453
453
453
453
453
453
453
452
452
452
452
452
452
452
452
452
452
452
452
452
452
452
452
452
452
452
452
452
452
452
452
452
452
452
452
452
452
452
452
452
452
452
452
452
452
452
452
452
452
452
452
452
452
452
452
452
452
452
452
452
452
452
452
452
452
451
451
451
451
451
451
451
451
451
451
451
451
451
451
451
451
451
451
451
451
451
451
451
451
451
451
451
451
451
451
451
451
451
451
451
451
451
451
451
451
451
451
451
451
451
451
451
451
451
451
451
451
451
451
450
450
450
450
450
450
450
450
450
450
450
450
450
450
450
450
450
450
450
450
450
450
450
450
450
450
450
450
450
450
450
450
450
450
450
450
450
450
450
450
450
450
450
450
450
450
450
450
450
450
450
450
450
450
450
450
450
449
449
449
449
449
449
449
449
449
449
449
449
449
449
449
449
449
449
449
449
449
449
449
449
449
449
449
449
449
449
449
449
449
449
449
449
449
449
449
449
449
449
449
449
449
448
448
448
448
448
448
448
448
448
448
448
448
448
448
448
448
448
448
448
448
448
448
448
448
448
448
448
448
448
448
448
448
448
448
448
448
448
448
448
448
448
448
448
448
448
448
448
448
448
448
448
448
448
448
448
448
448
448
448
448
448
448
448
448
448
448
448
448
448
448
448
448
448
448
448
448
448
447
447
447
447
447
447
447
447
447
447
447
447
447
447
447
447
447
447
447
447
447
447
447
447
447
447
447
447
447
447
447
447
447
447
447
447
447
447
447
447
447
447
447
447
447
447
447
447
447
447
446
446
446
446
446
446
446
446
446
446
446
446
446
446
446
446
446
446
446
446
446
446
446
446
446
446
446
446
446
446
446
446
446
446
446
446
446
446
446
446
446
446
446
446
446
446
446
446
446
446
446
446
446
446
446
446
446
446
446
446
446
446
446
446
446
446
446
446
446
446
446
446
445
445
445
445
445
445
445
445
445
445
445
445
445
445
445
445
445
445
445
445
445
445
445
445
445
445
445
445
445
445
445
445
445
445
445
445
445
445
445
445
445
445
445
445
445
445
445
445
445
445
445
445
445
445
445
445
445
445
445
445
445
445
445
445
445
445
445
445
445
445
444
444
444
444
444
444
444
444
444
444
444
444
444
444
444
444
444
444
444
444
444
444
444
444
444
444
444
444
444
444
444
444
444
444
444
444
444
444
444
444
444
444
444
444
444
444
444
444
444
444
444
444
444
444
444
444
444
444
444
444
444
444
444
444
444
444
444
444
444
444
444
444
444
444
443
443
443
443
443
443
443
443
443
443
443
443
443
443
443
443
443
443
443
443
443
443
443
443
443
443
443
443
443
443
443
443
443
443
443
443
443
443
443
443
443
443
443
443
443
443
443
443
443
443
443
443
443
443
443
443
443
443
443
443
443
443
442
442
442
442
442
442
442
442
442
442
442
442
442
442
442
442
442
442
442
442
442
442
442
442
442
442
442
442
442
442
442
442
442
442
442
442
442
442
442
442
442
442
442
442
442
442
442
442
442
442
442
442
442
442
442
442
442
442
442
442
442
442
442
442
442
442
442
442
442
442
442
442
441
441
441
441
441
441
441
441
441
441
441
441
441
441
441
441
441
441
441
441
441
441
441
441
441
441
441
441
441
441
441
441
441
441
441
441
441
441
441
441
441
441
441
441
441
441
441
441
441
441
441
441
441
441
441
441
441
441
441
441
441
441
441
441
441
441
441
441
441
441
441
441
441
441
440
440
440
440
440
440
440
440
440
440
440
440
440
440
440
440
440
440
440
440
440
440
440
440
440
440
440
440
440
440
440
440
440
440
440
440
440
440
440
440
440
440
440
440
440
440
440
440
440
440
440
440
440
440
440
440
440
440
440
440
440
440
440
440
440
440
440
439
439
439
439
439
439
439
439
439
439
439
439
439
439
439
439
439
439
439
439
439
439
439
439
439
439
439
439
439
439
439
439
439
439
439
439
439
439
439
439
439
439
439
439
439
439
439
439
439
439
439
439
439
439
439
439
439
439
438
438
438
438
438
438
438
438
438
438
438
438
438
438
438
438
438
438
438
438
438
438
438
438
438
438
438
438
438
438
438
438
438
438
438
438
438
438
438
438
438
438
438
438
438
438
438
438
438
438
438
438
438
438
438
438
438
438
438
438
438
438
438
438
438
438
438
438
438
438
438
437
437
437
437
437
437
437
437
437
437
437
437
437
437
437
437
437
437
437
437
437
437
437
437
437
437
437
437
437
437
437
437
437
437
437
437
437
437
437
437
437
437
437
437
437
437
437
437
437
437
437
437
437
437
437
437
437
437
437
437
437
437
437
437
437
437
437
437
436
436
436
436
436
436
436
436
436
436
436
436
436
436
436
436
436
436
436
436
436
436
436
436
436
436
436
436
436
436
436
436
436
436
436
436
436
436
436
436
436
436
436
436
436
436
436
436
436
436
436
436
436
436
436
436
436
436
436
436
436
436
436
436
436
436
436
435
435
435
435
435
435
435
435
435
435
435
435
435
435
435
435
435
435
435
435
435
435
435
435
435
435
435
435
435
435
435
435
435
435
435
435
435
435
435
435
435
435
435
435
435
435
435
435
435
435
435
435
435
435
435
435
434
434
434
434
434
434
434
434
434
434
434
434
434
434
434
434
434
434
434
434
434
434
434
434
434
434
434
434
434
434
434
434
434
434
434
434
434
434
434
434
434
434
434
434
434
434
434
434
434
434
434
434
434
434
434
434
434
434
434
434
434
434
434
434
434
434
434
434
434
434
434
434
434
434
434
434
434
434
434
433
433
433
433
433
433
433
433
433
433
433
433
433
433
433
433
433
433
433
433
433
433
433
433
433
433
433
433
433
433
433
433
433
433
433
433
433
433
433
433
433
433
433
433
433
433
433
433
433
433
433
433
433
433
433
432
432
432
432
432
432
432
432
432
432
432
432
432
432
432
432
432
432
432
432
432
432
432
432
432
432
432
432
432
432
432
432
432
432
432
432
432
432
432
432
432
432
432
432
432
432
432
432
432
432
432
432
432
432
432
432
432
432
432
432
432
432
432
432
432
432
432
432
432
432
432
432
432
432
432
432
432
432
432
432
432
432
432
432
432
431
431
431
431
431
431
431
431
431
431
431
431
431
431
431
431
431
431
431
431
431
431
431
431
431
431
431
431
431
431
431
431
431
431
431
431
431
431
431
431
431
431
431
431
431
431
431
431
431
431
431
431
431
431
431
431
431
431
431
431
431
431
431
431
430
430
430
430
430
430
430
430
430
430
430
430
430
430
430
430
430
430
430
430
430
430
430
430
430
430
430
430
430
430
430
430
430
430
430
430
430
430
430
430
430
430
430
430
430
430
430
430
430
430
430
430
430
430
430
430
430
430
430
430
430
430
430
430
429
429
429
429
429
429
429
429
429
429
429
429
429
429
429
429
429
429
429
429
429
429
429
429
429
429
429
429
429
429
429
429
429
429
429
429
429
429
429
429
429
429
429
429
429
429
429
429
429
429
429
429
429
429
429
429
429
429
429
429
429
429
429
429
429
429
428
428
428
428
428
428
428
428
428
428
428
428
428
428
428
428
428
428
428
428
428
428
428
428
428
428
428
428
428
428
428
428
428
428
428
428
428
428
428
428
428
428
428
428
428
428
428
428
428
428
428
428
428
428
428
428
428
428
428
428
428
428
428
428
428
428
428
428
428
428
428
428
428
428
428
428
428
428
428
428
428
428
428
428
428
428
428
428
428
428
428
428
428
428
428
428
428
428
427
427
427
427
427
427
427
427
427
427
427
427
427
427
427
427
427
427
427
427
427
427
427
427
427
427
427
427
427
427
427
427
427
427
427
427
427
427
427
427
427
427
426
426
426
426
426
426
426
426
426
426
426
426
426
426
426
426
426
426
426
426
426
426
426
426
426
426
426
426
426
426
426
426
426
426
426
426
426
426
426
426
426
426
426
426
426
426
426
426
426
426
426
426
426
426
426
426
426
426
426
426
426
426
426
426
426
426
426
425
425
425
425
425
425
425
425
425
425
425
425
425
425
425
425
425
425
425
425
425
425
425
425
425
425
425
425
425
425
425
425
425
425
425
425
425
425
425
425
425
425
425
425
425
425
425
425
425
425
425
425
425
425
425
425
425
425
425
425
425
425
424
424
424
424
424
424
424
424
424
424
424
424
424
424
424
424
424
424
424
424
424
424
424
424
424
424
424
424
424
424
424
424
424
424
424
424
424
424
424
424
424
424
424
424
424
424
424
424
424
424
424
424
424
424
424
424
424
424
424
424
423
423
423
423
423
423
423
423
423
423
423
423
423
423
423
423
423
423
423
423
423
423
423
423
423
423
423
423
423
423
423
423
423
423
423
423
423
423
423
423
423
423
423
423
423
423
423
423
423
423
423
423
423
422
422
422
422
422
422
422
422
422
422
422
422
422
422
422
422
422
422
422
422
422
422
422
422
422
422
422
422
422
422
422
422
422
422
422
422
422
422
422
422
422
422
422
422
422
422
422
422
422
422
422
422
422
422
422
422
422
422
422
422
422
422
422
422
422
422
422
422
422
422
422
421
421
421
421
421
421
421
421
421
421
421
421
421
421
421
421
421
421
421
421
421
421
421
421
421
421
421
421
421
421
421
421
421
421
421
421
421
421
421
421
421
421
421
421
421
421
421
421
421
421
421
421
421
421
421
421
421
421
421
421
421
421
420
420
420
420
420
420
420
420
420
420
420
420
420
420
420
420
420
420
420
420
420
420
420
420
420
420
420
420
420
420
420
420
420
420
420
420
420
420
420
420
420
420
420
420
420
420
420
420
420
420
420
420
420
420
420
420
420
420
420
420
420
420
420
420
420
420
420
420
420
420
420
420
420
420
420
420
419
419
419
419
419
419
419
419
419
419
419
419
419
419
419
419
419
419
419
419
419
419
419
419
419
419
419
419
419
419
419
419
419
419
419
419
419
419
419
419
419
419
419
419
419
419
419
419
419
419
419
419
419
419
419
419
419
419
419
419
418
418
418
418
418
418
418
418
418
418
418
418
418
418
418
418
418
418
418
418
418
418
418
418
418
418
418
418
418
418
418
418
418
418
418
418
418
418
418
418
418
418
418
418
418
418
418
418
418
418
418
418
418
418
418
418
417
417
417
417
417
417
417
417
417
417
417
417
417
417
417
417
417
417
417
417
417
417
417
417
417
417
417
417
417
417
417
417
417
417
417
417
417
417
417
417
417
417
417
417
417
417
417
417
417
417
417
417
417
417
417
417
417
417
417
417
417
417
417
417
417
417
417
417
417
417
417
417
417
417
417
416
416
416
416
416
416
416
416
416
416
416
416
416
416
416
416
416
416
416
416
416
416
416
416
416
416
416
416
416
416
416
416
416
416
416
416
416
416
416
416
416
416
416
416
416
416
416
416
416
416
416
416
416
416
416
416
416
416
416
416
416
416
416
416
416
416
416
416
416
416
416
416
416
416
415
415
415
415
415
415
415
415
415
415
415
415
415
415
415
415
415
415
415
415
415
415
415
415
415
415
415
415
415
415
415
415
415
415
415
415
415
415
415
415
415
415
415
415
415
415
415
415
415
415
415
415
415
415
415
415
415
415
415
415
415
415
414
414
414
414
414
414
414
414
414
414
414
414
414
414
414
414
414
414
414
414
414
414
414
414
414
414
414
414
414
414
414
414
414
414
414
414
414
414
414
414
414
414
414
414
414
414
414
414
414
414
414
414
414
414
414
414
414
414
414
414
414
414
413
413
413
413
413
413
413
413
413
413
413
413
413
413
413
413
413
413
413
413
413
413
413
413
413
413
413
413
413
413
413
413
413
413
413
413
413
413
413
413
413
413
413
413
413
413
413
413
413
413
413
413
413
413
413
413
413
413
412
412
412
412
412
412
412
412
412
412
412
412
412
412
412
412
412
412
412
412
412
412
412
412
412
412
412
412
412
412
412
412
412
412
412
412
412
412
412
412
412
412
412
412
412
412
412
412
412
412
412
412
412
412
412
412
412
412
412
412
412
412
412
412
412
412
412
412
412
412
412
411
411
411
411
411
411
411
411
411
411
411
411
411
411
411
411
411
411
411
411
411
411
411
411
411
411
411
411
411
411
411
411
411
411
411
411
411
411
411
411
411
411
411
411
411
411
411
411
411
411
411
411
411
411
410
410
410
410
410
410
410
410
410
410
410
410
410
410
410
410
410
410
410
410
410
410
410
410
410
410
410
410
410
410
410
410
410
410
410
410
410
410
410
410
410
410
410
410
410
410
410
410
410
410
410
410
410
410
410
410
410
410
410
410
410
410
410
410
410
410
410
410
410
410
410
410
410
410
410
410
410
410
410
410
409
409
409
409
409
409
409
409
409
409
409
409
409
409
409
409
409
409
409
409
409
409
409
409
409
409
409
409
409
409
409
409
409
409
409
409
409
409
409
409
409
409
409
409
409
409
409
409
409
409
409
409
409
409
409
409
409
409
409
409
409
409
408
408
408
408
408
408
408
408
408
408
408
408
408
408
408
408
408
408
408
408
408
408
408
408
408
408
408
408
408
408
408
408
408
408
408
408
408
408
408
408
408
408
408
408
408
408
408
408
408
408
408
408
408
408
408
408
408
408
408
408
408
408
408
408
408
408
408
408
408
408
408
408
408
408
408
408
408
408
408
408
408
408
408
408
408
408
408
408
408
408
408
408
408
408
408
408
408
408
408
408
408
408
408
408
408
408
408
408
408
408
408
408
408
408
408
408
408
407
407
407
407
407
407
407
407
407
407
407
407
407
407
407
407
407
407
407
407
407
407
407
407
407
407
407
407
407
407
407
407
407
407
407
407
407
407
407
407
407
407
407
407
407
407
407
407
406
406
406
406
406
406
406
406
406
406
406
406
406
406
406
406
406
406
406
406
406
406
406
406
406
406
406
406
406
406
406
406
406
406
406
406
406
406
406
406
406
406
406
406
406
406
406
406
406
406
406
406
406
406
406
406
406
406
405
405
405
405
405
405
405
405
405
405
405
405
405
405
405
405
405
405
405
405
405
405
405
405
405
405
405
405
405
405
405
405
405
405
405
405
405
405
405
405
405
405
405
405
405
405
405
405
405
405
405
405
405
405
405
405
405
405
405
405
405
405
404
404
404
404
404
404
404
404
404
404
404
404
404
404
404
404
404
404
404
404
404
404
404
404
404
404
404
404
404
404
404
404
404
404
404
404
404
404
404
404
404
404
404
404
404
404
403
403
403
403
403
403
403
403
403
403
403
403
403
403
403
403
403
403
403
403
403
403
403
403
403
403
403
403
403
403
403
403
403
403
403
403
403
403
403
403
403
403
403
403
403
403
403
403
403
403
403
403
403
403
403
403
403
403
403
403
403
403
402
402
402
402
402
402
402
402
402
402
402
402
402
402
402
402
402
402
402
402
402
402
402
402
402
402
402
402
402
402
402
402
402
402
402
402
402
402
402
402
402
402
402
402
402
402
402
402
402
402
402
402
402
402
402
401
401
401
401
401
401
401
401
401
401
401
401
401
401
401
401
401
401
401
401
401
401
401
401
401
401
401
401
401
401
401
401
401
401
401
401
401
401
401
401
401
401
401
401
401
401
401
401
401
401
401
401
401
401
401
401
401
401
401
401
401
401
401
401
401
401
401
401
400
400
400
400
400
400
400
400
400
400
400
400
400
400
400
400
400
400
400
400
400
400
400
400
400
400
400
400
400
400
400
400
400
400
400
400
400
400
400
400
400
400
400
400
400
400
400
400
400
400
400
400
400
400
400
400
400
400
400
400
399
399
399
399
399
399
399
399
399
399
399
399
399
399
399
399
399
399
399
399
399
399
399
399
399
399
399
399
399
399
399
399
399
399
399
399
399
399
399
399
399
399
399
399
399
399
399
399
399
399
399
399
399
399
399
399
399
399
399
399
399
398
398
398
398
398
398
398
398
398
398
398
398
398
398
398
398
398
398
398
398
398
398
398
398
398
398
398
398
398
398
398
398
398
398
398
398
398
398
398
398
398
398
398
398
398
398
398
398
398
398
398
398
398
398
398
398
398
398
398
398
398
397
397
397
397
397
397
397
397
397
397
397
397
397
397
397
397
397
397
397
397
397
397
397
397
397
397
397
397
397
397
397
397
397
397
397
397
397
397
397
397
397
397
397
397
397
397
397
397
397
397
397
397
397
397
397
397
397
397
397
396
396
396
396
396
396
396
396
396
396
396
396
396
396
396
396
396
396
396
396
396
396
396
396
396
396
396
396
396
396
396
396
396
396
396
396
396
396
396
396
396
396
396
396
396
396
396
396
396
396
396
396
396
396
396
396
396
396
396
396
396
395
395
395
395
395
395
395
395
395
395
395
395
395
395
395
395
395
395
395
395
395
395
395
395
395
395
395
395
395
395
395
395
395
395
395
395
395
395
395
395
395
395
395
395
395
395
395
395
395
395
395
395
395
395
395
395
395
395
395
395
395
395
395
395
395
395
395
394
394
394
394
394
394
394
394
394
394
394
394
394
394
394
394
394
394
394
394
394
394
394
394
394
394
394
394
394
394
394
394
394
394
394
394
394
394
394
394
394
394
394
394
394
394
394
394
394
394
394
393
393
393
393
393
393
393
393
393
393
393
393
393
393
393
393
393
393
393
393
393
393
393
393
393
393
393
393
393
393
393
393
393
393
393
393
393
393
393
393
393
393
393
393
393
393
393
393
393
393
393
393
393
393
393
393
393
393
393
393
393
393
393
393
393
393
393
393
393
393
393
393
393
393
393
393
393
393
393
393
392
392
392
392
392
392
392
392
392
392
392
392
392
392
392
392
392
392
392
392
392
392
392
392
392
392
392
392
392
392
392
392
392
392
392
392
392
392
392
392
392
392
392
392
392
392
392
392
392
392
392
392
392
392
392
392
392
392
392
392
392
392
392
392
391
391
391
391
391
391
391
391
391
391
391
391
391
391
391
391
391
391
391
391
391
391
391
391
391
391
391
391
391
391
391
391
391
391
391
391
391
391
391
391
391
391
391
391
391
391
391
391
391
391
391
391
391
391
391
391
391
391
391
391
391
391
391
391
391
391
391
391
391
390
390
390
390
390
390
390
390
390
390
390
390
390
390
390
390
390
390
390
390
390
390
390
390
390
390
390
390
390
390
390
390
390
390
390
390
390
390
390
390
390
390
390
390
390
390
390
390
390
390
390
390
390
390
390
390
390
390
390
390
390
390
390
390
390
389
389
389
389
389
389
389
389
389
389
389
389
389
389
389
389
389
389
389
389
389
389
389
389
389
389
389
389
389
389
389
389
389
389
389
389
389
389
389
389
389
389
389
389
389
389
389
389
389
389
389
389
389
389
389
389
389
389
389
389
389
389
389
389
389
389
389
389
389
389
389
389
389
389
388
388
388
388
388
388
388
388
388
388
388
388
388
388
388
388
388
388
388
388
388
388
388
388
388
388
388
388
388
388
388
388
388
388
388
388
388
388
388
388
388
388
388
388
388
388
388
388
388
388
388
388
388
388
388
388
388
388
388
388
388
388
388
387
387
387
387
387
387
387
387
387
387
387
387
387
387
387
387
387
387
387
387
387
387
387
387
387
387
387
387
387
387
387
387
387
387
387
387
387
387
387
387
387
387
387
387
387
387
387
387
387
387
387
387
387
387
387
387
387
387
387
387
387
387
387
387
387
387
387
387
387
387
387
387
387
387
387
387
387
387
387
386
386
386
386
386
386
386
386
386
386
386
386
386
386
386
386
386
386
386
386
386
386
386
386
386
386
386
386
386
386
386
386
386
386
386
386
386
386
386
386
386
386
386
386
386
386
386
386
386
386
386
386
386
386
386
386
386
386
386
386
386
386
386
386
386
386
386
386
386
386
386
386
386
385
385
385
385
385
385
385
385
385
385
385
385
385
385
385
385
385
385
385
385
385
385
385
385
385
385
385
385
385
385
385
385
385
385
385
385
385
385
385
385
385
385
385
385
385
385
385
385
385
385
385
385
385
385
385
385
385
385
385
385
384
384
384
384
384
384
384
384
384
384
384
384
384
384
384
384
384
384
384
384
384
384
384
384
384
384
384
384
384
384
384
384
384
384
384
384
384
384
384
384
384
384
384
384
384
384
384
384
384
384
384
384
384
384
384
384
384
383
383
383
383
383
383
383
383
383
383
383
383
383
383
383
383
383
383
383
383
383
383
383
383
383
383
383
383
383
383
383
383
383
383
383
383
383
383
383
383
383
383
383
383
383
383
383
383
383
383
383
383
383
383
383
383
383
383
383
383
383
383
383
383
383
383
383
383
383
383
383
383
383
383
383
383
383
383
383
382
382
382
382
382
382
382
382
382
382
382
382
382
382
382
382
382
382
382
382
382
382
382
382
382
382
382
382
382
382
382
382
382
382
382
382
382
382
382
382
382
382
382
382
382
382
382
382
382
382
382
382
382
382
382
382
382
382
382
382
382
382
382
382
382
382
382
382
382
382
382
382
381
381
381
381
381
381
381
381
381
381
381
381
381
381
381
381
381
381
381
381
381
381
381
381
381
381
381
381
381
381
381
381
381
381
381
381
381
381
381
381
381
381
381
381
381
381
381
381
381
381
381
381
381
381
381
381
381
381
381
381
381
381
381
381
381
381
381
381
381
381
381
381
381
381
381
381
381
381
381
381
381
381
380
380
380
380
380
380
380
380
380
380
380
380
380
380
380
380
380
380
380
380
380
380
380
380
380
380
380
380
380
380
380
380
380
380
380
380
380
380
380
380
380
380
380
380
380
380
380
380
380
380
380
380
380
380
380
380
380
380
380
380
380
380
380
380
380
380
380
379
379
379
379
379
379
379
379
379
379
379
379
379
379
379
379
379
379
379
379
379
379
379
379
379
379
379
379
379
379
379
379
379
379
379
379
379
379
379
379
379
379
379
379
379
379
379
379
379
379
379
379
379
379
379
379
379
379
379
379
379
379
379
379
379
379
379
379
379
379
379
379
379
379
379
379
379
379
378
378
378
378
378
378
378
378
378
378
378
378
378
378
378
378
378
378
378
378
378
378
378
378
378
378
378
378
378
378
378
378
378
378
378
378
378
378
378
378
378
378
378
378
378
378
378
378
378
378
378
378
378
378
378
378
378
378
378
378
378
378
378
378
378
378
378
378
378
378
378
378
378
378
378
378
378
378
378
378
378
378
378
378
378
378
378
378
378
378
377
377
377
377
377
377
377
377
377
377
377
377
377
377
377
377
377
377
377
377
377
377
377
377
377
377
377
377
377
377
377
377
377
377
377
377
377
377
377
377
377
377
377
377
377
377
377
377
377
377
377
377
377
377
377
377
377
377
377
377
377
377
377
377
377
377
377
377
377
377
377
376
376
376
376
376
376
376
376
376
376
376
376
376
376
376
376
376
376
376
376
376
376
376
376
376
376
376
376
376
376
376
376
376
376
376
376
376
376
376
376
376
376
376
376
376
376
376
376
376
376
376
376
376
376
376
376
376
376
376
376
376
376
376
376
376
376
376
376
376
376
376
376
376
376
376
376
376
375
375
375
375
375
375
375
375
375
375
375
375
375
375
375
375
375
375
375
375
375
375
375
375
375
375
375
375
375
375
375
375
375
375
375
375
375
375
375
375
375
375
375
375
375
375
375
375
375
375
375
375
375
375
375
375
375
375
375
375
375
375
375
375
375
375
375
375
375
375
375
374
374
374
374
374
374
374
374
374
374
374
374
374
374
374
374
374
374
374
374
374
374
374
374
374
374
374
374
374
374
374
374
374
374
374
374
374
374
374
374
374
374
374
374
374
374
374
374
374
374
374
374
374
374
374
374
374
374
374
374
374
374
374
374
374
374
374
374
374
374
374
374
374
374
374
374
374
374
374
374
374
374
373
373
373
373
373
373
373
373
373
373
373
373
373
373
373
373
373
373
373
373
373
373
373
373
373
373
373
373
373
373
373
373
373
373
373
373
373
373
373
373
373
373
373
373
373
373
373
373
373
373
373
373
373
373
373
373
373
373
373
373
373
373
373
373
372
372
372
372
372
372
372
372
372
372
372
372
372
372
372
372
372
372
372
372
372
372
372
372
372
372
372
372
372
372
372
372
372
372
372
372
372
372
372
372
372
372
372
372
372
372
372
372
372
372
372
372
372
372
372
372
372
372
372
372
372
372
372
372
372
372
372
372
372
372
372
372
372
372
372
372
372
372
372
372
372
372
372
372
372
372
372
372
372
372
372
371
371
371
371
371
371
371
371
371
371
371
371
371
371
371
371
371
371
371
371
371
371
371
371
371
371
371
371
371
371
371
371
371
371
371
371
371
371
371
371
371
371
371
371
371
371
371
371
371
371
371
371
371
371
371
371
371
371
371
371
371
371
371
371
371
371
371
371
370
370
370
370
370
370
370
370
370
370
370
370
370
370
370
370
370
370
370
370
370
370
370
370
370
370
370
370
370
370
370
370
370
370
370
370
370
370
370
370
370
370
370
370
370
370
370
370
370
370
370
370
370
370
370
370
370
370
370
370
370
370
370
370
370
370
370
370
370
370
370
370
370
370
370
370
370
370
370
370
370
370
370
370
370
370
370
370
370
370
370
370
370
370
370
370
370
370
370
370
370
369
369
369
369
369
369
369
369
369
369
369
369
369
369
369
369
369
369
369
369
369
369
369
369
369
369
369
369
369
369
369
369
369
369
369
369
369
369
369
369
369
369
369
369
369
369
369
369
369
369
369
369
369
369
369
369
369
369
369
369
369
369
369
369
369
369
369
369
369
369
369
369
369
369
369
369
369
369
369
369
369
369
369
369
369
369
369
369
369
369
369
369
369
369
369
369
369
369
369
369
369
369
369
369
369
369
369
369
369
369
369
369
369
369
369
368
368
368
368
368
368
368
368
368
368
368
368
368
368
368
368
368
368
368
368
368
368
368
368
368
368
368
368
368
368
368
368
368
368
368
368
368
368
368
368
368
368
368
368
368
368
368
368
368
368
368
368
368
368
368
368
368
368
368
368
368
368
368
368
367
367
367
367
367
367
367
367
367
367
367
367
367
367
367
367
367
367
367
367
367
367
367
367
367
367
367
367
367
367
367
367
367
367
367
367
367
367
367
367
367
367
367
367
367
367
367
367
367
367
367
367
367
367
367
367
367
367
367
367
367
367
367
367
367
367
367
367
367
367
367
367
366
366
366
366
366
366
366
366
366
366
366
366
366
366
366
366
366
366
366
366
366
366
366
366
366
366
366
366
366
366
366
366
366
366
366
366
366
366
366
366
366
366
366
366
366
366
366
366
366
366
366
366
366
366
366
366
366
366
366
366
366
366
366
366
366
365
365
365
365
365
365
365
365
365
365
365
365
365
365
365
365
365
365
365
365
365
365
365
365
365
365
365
365
365
365
365
365
365
365
365
365
365
365
365
365
365
365
365
365
365
365
365
365
365
365
365
365
365
365
365
365
365
365
365
365
365
365
365
365
365
365
365
365
365
365
365
365
365
364
364
364
364
364
364
364
364
364
364
364
364
364
364
364
364
364
364
364
364
364
364
364
364
364
364
364
364
364
364
364
364
364
364
364
364
364
364
364
364
364
364
364
364
364
364
364
364
364
364
364
364
364
364
364
364
364
364
364
364
364
364
364
364
364
364
364
364
364
364
364
364
364
364
364
364
364
364
364
364
364
364
364
364
364
364
364
364
364
363
363
363
363
363
363
363
363
363
363
363
363
363
363
363
363
363
363
363
363
363
363
363
363
363
363
363
363
363
363
363
363
363
363
363
363
363
363
363
363
363
363
363
363
363
363
363
363
363
363
363
363
363
363
363
363
363
363
363
363
363
363
363
363
362
362
362
362
362
362
362
362
362
362
362
362
362
362
362
362
362
362
362
362
362
362
362
362
362
362
362
362
362
362
362
362
362
362
362
362
362
362
362
362
362
362
362
362
362
362
362
362
362
362
362
362
362
362
362
362
362
362
362
362
362
362
362
362
362
362
362
362
362
362
362
362
361
361
361
361
361
361
361
361
361
361
361
361
361
361
361
361
361
361
361
361
361
361
361
361
361
361
361
361
361
361
361
361
361
361
361
361
361
361
361
361
361
361
361
361
361
361
361
361
361
361
361
361
361
361
361
361
361
361
361
361
361
361
361
361
361
361
361
361
361
361
361
361
361
361
361
361
361
361
361
361
361
361
361
361
361
361
360
360
360
360
360
360
360
360
360
360
360
360
360
360
360
360
360
360
360
360
360
360
360
360
360
360
360
360
360
360
360
360
360
360
360
360
360
360
360
360
360
360
360
360
360
360
360
360
360
360
360
360
360
360
360
360
360
360
360
360
360
360
360
360
360
360
360
360
360
360
360
360
360
360
360
360
360
360
360
360
360
360
360
360
359
359
359
359
359
359
359
359
359
359
359
359
359
359
359
359
359
359
359
359
359
359
359
359
359
359
359
359
359
359
359
359
359
359
359
359
359
359
359
359
359
359
359
359
359
359
359
359
359
359
359
359
359
359
359
359
359
359
359
358
358
358
358
358
358
358
358
358
358
358
358
358
358
358
358
358
358
358
358
358
358
358
358
358
358
358
358
358
358
358
358
358
358
358
358
358
358
358
358
358
358
358
358
358
358
358
358
358
358
358
358
358
358
358
358
358
358
358
358
358
357
357
357
357
357
357
357
357
357
357
357
357
357
357
357
357
357
357
357
357
357
357
357
357
357
357
357
357
357
357
357
357
357
357
357
357
357
357
357
357
357
357
357
357
357
357
357
357
357
357
357
357
357
357
357
357
357
357
357
357
357
357
357
357
357
357
357
357
357
357
357
357
357
357
357
357
357
357
357
357
357
357
357
357
357
356
356
356
356
356
356
356
356
356
356
356
356
356
356
356
356
356
356
356
356
356
356
356
356
356
356
356
356
356
356
356
356
356
356
356
356
356
356
356
356
356
356
356
356
356
356
356
356
356
356
356
356
356
356
356
355
355
355
355
355
355
355
355
355
355
355
355
355
355
355
355
355
355
355
355
355
355
355
355
355
355
355
355
355
355
355
355
355
355
355
355
355
355
355
355
355
355
355
355
355
355
355
355
355
355
355
355
355
355
355
355
355
355
355
355
355
355
355
355
355
355
355
355
355
355
355
355
355
355
355
355
355
355
354
354
354
354
354
354
354
354
354
354
354
354
354
354
354
354
354
354
354
354
354
354
354
354
354
354
354
354
354
354
354
354
354
354
354
354
354
354
354
354
354
354
354
354
354
354
354
354
354
354
354
354
354
354
354
354
354
354
354
354
354
354
354
354
354
354
354
354
354
354
354
354
354
354
354
354
354
354
354
354
354
354
354
353
353
353
353
353
353
353
353
353
353
353
353
353
353
353
353
353
353
353
353
353
353
353
353
353
353
353
353
353
353
353
353
353
353
353
353
353
353
353
353
353
353
353
353
353
353
353
353
353
353
353
353
353
353
353
353
353
353
353
353
353
353
353
353
353
353
353
353
353
353
353
353
353
352
352
352
352
352
352
352
352
352
352
352
352
352
352
352
352
352
352
352
352
352
352
352
352
352
352
352
352
352
352
352
352
352
352
352
352
352
352
352
352
352
352
352
352
352
352
352
352
352
352
352
352
352
352
352
352
352
352
352
352
352
352
352
352
351
351
351
351
351
351
351
351
351
351
351
351
351
351
351
351
351
351
351
351
351
351
351
351
351
351
351
351
351
351
351
351
351
351
351
351
351
351
351
351
351
351
351
351
351
351
351
351
351
351
351
351
351
351
351
351
351
351
351
351
351
351
351
351
351
351
351
351
351
351
351
351
351
351
351
351
351
351
351
351
351
351
351
350
350
350
350
350
350
350
350
350
350
350
350
350
350
350
350
350
350
350
350
350
350
350
350
350
350
350
350
350
350
350
350
350
350
350
350
350
350
350
350
350
350
350
350
350
350
350
350
350
350
350
350
350
350
350
350
350
350
350
350
350
350
350
350
350
350
350
350
350
350
350
350
350
350
350
350
350
350
350
350
350
350
350
350
350
350
350
350
350
350
350
350
350
350
350
350
350
350
349
349
349
349
349
349
349
349
349
349
349
349
349
349
349
349
349
349
349
349
349
349
349
349
349
349
349
349
349
349
349
349
349
349
349
349
349
349
349
349
349
349
349
349
349
349
349
349
349
349
349
349
349
349
349
349
349
348
348
348
348
348
348
348
348
348
348
348
348
348
348
348
348
348
348
348
348
348
348
348
348
348
348
348
348
348
348
348
348
348
348
348
348
348
348
348
348
348
348
348
348
348
348
348
348
348
348
348
348
348
348
348
348
348
348
348
348
348
348
348
348
348
348
348
348
348
348
348
348
348
348
348
348
348
347
347
347
347
347
347
347
347
347
347
347
347
347
347
347
347
347
347
347
347
347
347
347
347
347
347
347
347
347
347
347
347
347
347
347
347
347
347
347
347
347
347
347
347
347
347
347
347
347
347
347
347
347
347
347
347
347
347
347
347
347
347
347
347
347
347
347
347
346
346
346
346
346
346
346
346
346
346
346
346
346
346
346
346
346
346
346
346
346
346
346
346
346
346
346
346
346
346
346
346
346
346
346
346
346
346
346
346
346
346
346
346
346
346
346
346
346
346
346
346
346
346
346
346
346
346
346
346
346
346
346
346
346
346
346
346
346
346
346
346
346
346
346
346
346
346
346
346
346
346
346
346
346
346
346
346
346
346
346
346
346
346
346
346
346
346
346
346
345
345
345
345
345
345
345
345
345
345
345
345
345
345
345
345
345
345
345
345
345
345
345
345
345
345
345
345
345
345
345
345
345
345
345
345
345
345
345
345
345
345
345
345
345
345
345
345
345
345
345
345
345
345
345
345
345
345
345
345
345
345
345
345
345
345
345
344
344
344
344
344
344
344
344
344
344
344
344
344
344
344
344
344
344
344
344
344
344
344
344
344
344
344
344
344
344
344
344
344
344
344
344
344
344
344
344
344
344
344
344
344
344
344
344
344
344
344
344
344
344
344
344
344
344
344
344
344
344
344
344
344
344
344
344
344
344
344
344
344
344
344
344
344
343
343
343
343
343
343
343
343
343
343
343
343
343
343
343
343
343
343
343
343
343
343
343
343
343
343
343
343
343
343
343
343
343
343
343
343
343
343
343
343
343
343
343
343
343
343
343
343
343
343
343
343
343
343
343
343
343
343
343
343
343
343
343
343
343
343
343
343
342
342
342
342
342
342
342
342
342
342
342
342
342
342
342
342
342
342
342
342
342
342
342
342
342
342
342
342
342
342
342
342
342
342
342
342
342
342
342
342
342
342
342
342
342
342
342
342
342
342
342
342
342
342
342
342
342
342
342
342
342
342
342
342
342
342
342
342
342
342
342
342
342
342
342
342
342
342
341
341
341
341
341
341
341
341
341
341
341
341
341
341
341
341
341
341
341
341
341
341
341
341
341
341
341
341
341
341
341
341
341
341
341
341
341
341
341
341
341
341
341
341
341
341
341
341
341
341
341
341
341
341
341
341
341
341
341
341
341
341
341
340
340
340
340
340
340
340
340
340
340
340
340
340
340
340
340
340
340
340
340
340
340
340
340
340
340
340
340
340
340
340
340
340
340
340
340
340
340
340
340
340
340
340
340
340
340
340
340
340
340
340
340
340
340
340
340
340
340
340
340
340
340
340
340
340
340
340
340
340
340
340
340
340
340
340
340
340
340
340
340
340
339
339
339
339
339
339
339
339
339
339
339
339
339
339
339
339
339
339
339
339
339
339
339
339
339
339
339
339
339
339
339
339
339
339
339
339
339
339
339
339
339
339
339
339
339
339
339
339
339
339
339
339
339
339
339
339
339
339
339
339
339
339
339
339
339
339
339
339
339
338
338
338
338
338
338
338
338
338
338
338
338
338
338
338
338
338
338
338
338
338
338
338
338
338
338
338
338
338
338
338
338
338
338
338
338
338
338
338
338
338
338
338
338
338
338
338
338
338
338
338
338
338
338
338
338
338
338
338
338
338
338
338
338
338
338
338
338
338
338
338
338
338
338
338
338
338
338
338
338
338
338
338
338
338
338
338
338
337
337
337
337
337
337
337
337
337
337
337
337
337
337
337
337
337
337
337
337
337
337
337
337
337
337
337
337
337
337
337
337
337
337
337
337
337
337
337
337
337
337
337
337
337
337
337
337
337
337
337
337
337
337
337
337
337
337
337
337
337
337
337
337
337
337
337
337
337
337
337
337
337
337
337
336
336
336
336
336
336
336
336
336
336
336
336
336
336
336
336
336
336
336
336
336
336
336
336
336
336
336
336
336
336
336
336
336
336
336
336
336
336
336
336
336
336
336
336
336
336
336
336
336
336
336
336
336
336
336
336
336
336
336
336
336
336
336
336
336
336
336
336
336
336
336
336
336
336
336
336
336
336
336
336
336
336
336
336
336
336
336
336
336
336
336
336
336
336
335
335
335
335
335
335
335
335
335
335
335
335
335
335
335
335
335
335
335
335
335
335
335
335
335
335
335
335
335
335
335
335
335
335
335
335
335
335
335
335
335
335
335
335
335
335
335
335
335
335
335
335
335
335
335
335
335
335
335
335
335
335
335
335
335
335
335
335
335
335
335
335
335
335
335
335
335
335
335
335
335
335
335
335
335
335
335
335
334
334
334
334
334
334
334
334
334
334
334
334
334
334
334
334
334
334
334
334
334
334
334
334
334
334
334
334
334
334
334
334
334
334
334
334
334
334
334
334
334
334
334
334
334
334
334
334
334
334
334
334
334
334
334
334
334
334
334
334
334
334
334
334
334
334
334
334
334
334
334
334
334
334
334
334
334
334
334
334
334
334
334
334
334
334
334
334
333
333
333
333
333
333
333
333
333
333
333
333
333
333
333
333
333
333
333
333
333
333
333
333
333
333
333
333
333
333
333
333
333
333
333
333
333
333
333
333
333
333
333
333
333
333
333
333
333
333
333
333
333
333
333
333
333
333
333
333
333
333
333
333
333
333
333
333
332
332
332
332
332
332
332
332
332
332
332
332
332
332
332
332
332
332
332
332
332
332
332
332
332
332
332
332
332
332
332
332
332
332
332
332
332
332
332
332
332
332
332
332
332
332
332
332
332
332
332
332
332
332
332
332
332
332
332
332
332
332
332
332
332
332
332
332
332
332
332
332
331
331
331
331
331
331
331
331
331
331
331
331
331
331
331
331
331
331
331
331
331
331
331
331
331
331
331
331
331
331
331
331
331
331
331
331
331
331
331
331
331
331
331
331
331
331
331
331
331
331
331
331
331
331
331
331
331
331
331
331
331
331
331
331
331
331
331
331
331
331
331
331
331
331
330
330
330
330
330
330
330
330
330
330
330
330
330
330
330
330
330
330
330
330
330
330
330
330
330
330
330
330
330
330
330
330
330
330
330
330
330
330
330
330
330
330
330
330
330
330
330
330
330
330
330
330
330
330
330
330
330
330
330
330
330
330
330
330
330
330
330
330
330
330
330
330
330
330
330
330
330
330
330
330
330
330
330
330
330
330
330
330
330
330
330
330
330
330
330
330
330
330
330
330
330
330
330
330
330
330
329
329
329
329
329
329
329
329
329
329
329
329
329
329
329
329
329
329
329
329
329
329
329
329
329
329
329
329
329
329
329
329
329
329
329
329
329
329
329
329
329
329
329
329
329
329
329
329
329
329
329
329
329
329
329
329
329
329
329
329
329
329
329
329
329
329
329
329
329
329
329
329
329
329
329
329
329
329
329
329
329
329
329
329
329
329
328
328
328
328
328
328
328
328
328
328
328
328
328
328
328
328
328
328
328
328
328
328
328
328
328
328
328
328
328
328
328
328
328
328
328
328
328
328
328
328
328
328
328
328
328
328
328
328
328
328
328
328
328
328
328
328
328
328
328
328
328
328
328
328
328
328
328
328
328
328
328
328
328
328
328
328
328
328
328
328
328
328
328
328
327
327
327
327
327
327
327
327
327
327
327
327
327
327
327
327
327
327
327
327
327
327
327
327
327
327
327
327
327
327
327
327
327
327
327
327
327
327
327
327
327
327
327
327
327
327
327
327
327
327
327
327
327
327
327
327
327
327
327
327
327
327
327
327
327
327
327
327
327
327
327
327
327
327
327
326
326
326
326
326
326
326
326
326
326
326
326
326
326
326
326
326
326
326
326
326
326
326
326
326
326
326
326
326
326
326
326
326
326
326
326
326
326
326
326
326
326
326
326
326
326
326
326
326
326
326
326
326
326
326
326
326
326
326
326
326
326
326
326
326
326
326
326
326
326
326
326
326
326
326
326
326
326
326
326
326
326
326
326
326
326
326
326
326
326
326
325
325
325
325
325
325
325
325
325
325
325
325
325
325
325
325
325
325
325
325
325
325
325
325
325
325
325
325
325
325
325
325
325
325
325
325
325
325
325
325
325
325
325
325
325
325
325
325
325
325
325
325
325
325
325
325
325
325
325
325
325
325
325
324
324
324
324
324
324
324
324
324
324
324
324
324
324
324
324
324
324
324
324
324
324
324
324
324
324
324
324
324
324
324
324
324
324
324
324
324
324
324
324
324
324
324
324
324
324
324
324
324
324
324
324
324
324
324
324
324
324
324
324
324
324
324
324
324
324
324
324
324
324
324
323
323
323
323
323
323
323
323
323
323
323
323
323
323
323
323
323
323
323
323
323
323
323
323
323
323
323
323
323
323
323
323
323
323
323
323
323
323
323
323
323
323
323
323
323
323
323
323
323
323
323
323
323
323
323
323
323
323
323
323
323
323
323
323
323
323
323
323
323
323
323
323
323
323
323
323
323
323
323
323
323
323
323
323
323
323
323
323
322
322
322
322
322
322
322
322
322
322
322
322
322
322
322
322
322
322
322
322
322
322
322
322
322
322
322
322
322
322
322
322
322
322
322
322
322
322
322
322
322
322
322
322
322
322
322
322
322
322
322
322
322
322
322
322
322
322
322
322
322
322
322
322
322
322
322
322
322
322
322
322
322
322
322
322
322
322
322
322
322
322
322
322
322
322
322
322
322
322
322
321
321
321
321
321
321
321
321
321
321
321
321
321
321
321
321
321
321
321
321
321
321
321
321
321
321
321
321
321
321
321
321
321
321
321
321
321
321
321
321
321
321
321
321
321
321
321
321
321
321
321
321
321
321
321
321
321
321
321
321
321
321
321
321
321
321
321
321
321
321
321
321
321
321
321
321
321
321
321
321
320
320
320
320
320
320
320
320
320
320
320
320
320
320
320
320
320
320
320
320
320
320
320
320
320
320
320
320
320
320
320
320
320
320
320
320
320
320
320
320
320
320
320
320
320
320
320
320
320
320
320
320
320
320
320
320
320
320
320
320
320
320
320
320
320
320
320
320
320
320
320
320
320
320
320
320
320
320
320
320
320
320
320
320
320
319
319
319
319
319
319
319
319
319
319
319
319
319
319
319
319
319
319
319
319
319
319
319
319
319
319
319
319
319
319
319
319
319
319
319
319
319
319
319
319
319
319
319
319
319
319
319
319
319
319
319
319
319
319
319
319
319
319
319
319
319
319
319
319
319
319
319
319
319
319
319
319
319
319
319
319
319
319
319
319
319
319
319
319
318
318
318
318
318
318
318
318
318
318
318
318
318
318
318
318
318
318
318
318
318
318
318
318
318
318
318
318
318
318
318
318
318
318
318
318
318
318
318
318
318
318
318
318
318
318
318
318
318
318
318
318
318
318
318
318
318
318
318
318
318
318
318
318
318
318
318
318
318
318
318
318
318
318
318
318
318
318
318
318
318
318
317
317
317
317
317
317
317
317
317
317
317
317
317
317
317
317
317
317
317
317
317
317
317
317
317
317
317
317
317
317
317
317
317
317
317
317
317
317
317
317
317
317
317
317
317
317
317
317
317
317
317
317
317
317
317
317
317
317
317
317
317
317
317
317
317
317
317
317
317
317
317
317
317
317
317
317
317
317
317
317
317
317
317
317
317
317
317
317
317
317
317
317
317
317
317
316
316
316
316
316
316
316
316
316
316
316
316
316
316
316
316
316
316
316
316
316
316
316
316
316
316
316
316
316
316
316
316
316
316
316
316
316
316
316
316
316
316
316
316
316
316
316
316
316
316
316
316
316
316
316
316
316
316
316
316
316
316
316
316
316
316
316
316
316
316
316
316
316
316
316
316
316
316
316
316
316
316
316
316
316
316
316
316
316
316
316
316
316
316
316
315
315
315
315
315
315
315
315
315
315
315
315
315
315
315
315
315
315
315
315
315
315
315
315
315
315
315
315
315
315
315
315
315
315
315
315
315
315
315
315
315
315
315
315
315
315
315
315
315
315
315
315
315
315
315
315
315
315
315
315
315
315
315
315
315
315
314
314
314
314
314
314
314
314
314
314
314
314
314
314
314
314
314
314
314
314
314
314
314
314
314
314
314
314
314
314
314
314
314
314
314
314
314
314
314
314
314
314
314
314
314
314
314
314
314
314
314
314
314
314
314
314
314
314
314
314
314
314
313
313
313
313
313
313
313
313
313
313
313
313
313
313
313
313
313
313
313
313
313
313
313
313
313
313
313
313
313
313
313
313
313
313
313
313
313
313
313
313
313
313
313
313
313
313
313
313
313
313
313
313
313
313
313
313
313
313
313
313
313
313
313
313
313
313
313
313
313
313
313
313
313
313
313
313
313
313
313
313
313
313
313
312
312
312
312
312
312
312
312
312
312
312
312
312
312
312
312
312
312
312
312
312
312
312
312
312
312
312
312
312
312
312
312
312
312
312
312
312
312
312
312
312
312
312
312
312
312
312
312
312
312
312
312
312
312
312
312
312
312
312
312
312
312
312
312
312
312
312
312
312
312
312
312
312
312
312
312
312
312
312
312
312
312
312
312
312
312
312
311
311
311
311
311
311
311
311
311
311
311
311
311
311
311
311
311
311
311
311
311
311
311
311
311
311
311
311
311
311
311
311
311
311
311
311
311
311
311
311
311
311
311
311
311
311
311
311
311
311
311
311
311
311
311
311
311
311
311
311
311
311
311
311
311
311
311
311
311
311
311
311
311
311
311
311
311
311
311
311
311
311
311
310
310
310
310
310
310
310
310
310
310
310
310
310
310
310
310
310
310
310
310
310
310
310
310
310
310
310
310
310
310
310
310
310
310
310
310
310
310
310
310
310
310
310
310
310
310
310
310
310
310
310
310
310
310
310
310
310
310
310
310
310
310
310
310
310
310
310
310
310
310
310
309
309
309
309
309
309
309
309
309
309
309
309
309
309
309
309
309
309
309
309
309
309
309
309
309
309
309
309
309
309
309
309
309
309
309
309
309
309
309
309
309
309
309
309
309
309
309
309
309
309
309
309
309
309
309
309
309
309
309
309
309
309
309
309
309
309
309
309
309
309
309
309
309
309
309
309
309
309
309
309
309
309
309
309
309
309
309
309
309
309
308
308
308
308
308
308
308
308
308
308
308
308
308
308
308
308
308
308
308
308
308
308
308
308
308
308
308
308
308
308
308
308
308
308
308
308
308
308
308
308
308
308
308
308
308
308
308
308
308
308
308
308
308
308
308
308
308
308
308
308
308
308
308
308
308
308
308
308
308
308
308
308
308
308
308
307
307
307
307
307
307
307
307
307
307
307
307
307
307
307
307
307
307
307
307
307
307
307
307
307
307
307
307
307
307
307
307
307
307
307
307
307
307
307
307
307
307
307
307
307
307
307
307
307
307
307
307
307
307
307
307
307
307
307
307
307
307
307
307
307
307
307
307
307
307
307
307
306
306
306
306
306
306
306
306
306
306
306
306
306
306
306
306
306
306
306
306
306
306
306
306
306
306
306
306
306
306
306
306
306
306
306
306
306
306
306
306
306
306
306
306
306
306
306
306
306
306
306
306
306
306
306
306
306
306
306
306
306
306
306
306
306
306
306
306
306
306
306
306
306
306
305
305
305
305
305
305
305
305
305
305
305
305
305
305
305
305
305
305
305
305
305
305
305
305
305
305
305
305
305
305
305
305
305
305
305
305
305
305
305
305
305
305
305
305
305
305
305
305
305
305
305
305
305
305
305
305
305
305
305
305
305
305
305
305
305
305
305
305
305
305
305
305
305
305
305
305
305
305
305
305
305
305
305
305
305
305
304
304
304
304
304
304
304
304
304
304
304
304
304
304
304
304
304
304
304
304
304
304
304
304
304
304
304
304
304
304
304
304
304
304
304
304
304
304
304
304
304
304
304
304
304
304
304
304
304
304
304
304
304
304
304
304
304
304
304
304
304
304
304
304
304
304
304
304
304
304
304
304
304
304
304
304
304
304
304
304
304
304
304
304
304
304
304
304
304
304
304
304
304
304
304
304
303
303
303
303
303
303
303
303
303
303
303
303
303
303
303
303
303
303
303
303
303
303
303
303
303
303
303
303
303
303
303
303
303
303
303
303
303
303
303
303
303
303
303
303
303
303
303
303
303
303
303
303
303
303
303
303
303
303
303
303
303
303
303
303
303
303
303
303
302
302
302
302
302
302
302
302
302
302
302
302
302
302
302
302
302
302
302
302
302
302
302
302
302
302
302
302
302
302
302
302
302
302
302
302
302
302
302
302
302
302
302
302
302
302
302
302
302
302
302
302
302
302
302
302
302
302
302
302
302
302
302
302
302
302
302
302
302
302
302
302
302
302
302
302
302
302
302
302
301
301
301
301
301
301
301
301
301
301
301
301
301
301
301
301
301
301
301
301
301
301
301
301
301
301
301
301
301
301
301
301
301
301
301
301
301
301
301
301
301
301
301
301
301
301
301
301
301
301
301
301
301
301
301
301
301
301
301
301
301
301
301
301
301
301
301
301
301
301
301
301
301
301
301
301
301
301
301
301
301
301
301
301
301
301
301
301
301
301
301
301
301
301
300
300
300
300
300
300
300
300
300
300
300
300
300
300
300
300
300
300
300
300
300
300
300
300
300
300
300
300
300
300
300
300
300
300
300
300
300
300
300
300
300
300
300
300
300
300
300
300
300
300
300
300
300
300
300
300
300
300
300
300
300
300
300
300
300
300
300
300
300
300
300
300
300
300
300
300
299
299
299
299
299
299
299
299
299
299
299
299
299
299
299
299
299
299
299
299
299
299
299
299
299
299
299
299
299
299
299
299
299
299
299
299
299
299
299
299
299
299
299
299
299
299
299
299
299
299
299
299
299
299
299
299
299
299
299
299
299
298
298
298
298
298
298
298
298
298
298
298
298
298
298
298
298
298
298
298
298
298
298
298
298
298
298
298
298
298
298
298
298
298
298
298
298
298
298
298
298
298
298
298
298
298
298
298
298
298
298
298
298
298
298
298
298
298
298
298
298
298
298
298
298
298
298
298
298
297
297
297
297
297
297
297
297
297
297
297
297
297
297
297
297
297
297
297
297
297
297
297
297
297
297
297
297
297
297
297
297
297
297
297
297
297
297
297
297
297
297
297
297
297
297
297
297
297
297
297
297
297
297
297
297
297
297
297
297
297
297
297
297
297
297
297
297
297
297
297
297
297
297
297
297
296
296
296
296
296
296
296
296
296
296
296
296
296
296
296
296
296
296
296
296
296
296
296
296
296
296
296
296
296
296
296
296
296
296
296
296
296
296
296
296
296
296
296
296
296
296
296
296
296
296
296
296
296
296
296
296
296
296
296
296
296
296
296
296
296
296
296
296
296
296
296
296
296
296
296
296
295
295
295
295
295
295
295
295
295
295
295
295
295
295
295
295
295
295
295
295
295
295
295
295
295
295
295
295
295
295
295
295
295
295
295
295
295
295
295
295
295
295
295
295
295
295
295
295
295
295
295
295
295
295
295
295
295
295
295
295
295
294
294
294
294
294
294
294
294
294
294
294
294
294
294
294
294
294
294
294
294
294
294
294
294
294
294
294
294
294
294
294
294
294
294
294
294
294
294
294
294
294
294
294
294
294
294
294
294
294
294
294
294
294
294
294
294
294
294
294
294
294
294
294
294
294
294
294
294
294
294
294
294
294
294
294
294
293
293
293
293
293
293
293
293
293
293
293
293
293
293
293
293
293
293
293
293
293
293
293
293
293
293
293
293
293
293
293
293
293
293
293
293
293
293
293
293
293
293
293
293
293
293
293
293
293
293
293
293
293
293
293
293
293
293
293
293
293
293
293
293
293
293
293
293
293
293
293
293
293
293
292
292
292
292
292
292
292
292
292
292
292
292
292
292
292
292
292
292
292
292
292
292
292
292
292
292
292
292
292
292
292
292
292
292
292
292
292
292
292
292
292
292
292
292
292
292
292
292
292
292
292
292
292
292
292
292
292
292
292
292
292
292
292
292
292
292
292
292
292
292
292
292
292
292
292
292
292
292
292
292
292
292
292
292
292
292
292
292
291
291
291
291
291
291
291
291
291
291
291
291
291
291
291
291
291
291
291
291
291
291
291
291
291
291
291
291
291
291
291
291
291
291
291
291
291
291
291
291
291
291
291
291
291
291
291
291
291
291
291
291
291
291
291
291
291
291
291
291
291
291
291
291
291
291
291
291
291
291
291
291
291
291
291
291
291
291
291
291
291
291
291
291
291
290
290
290
290
290
290
290
290
290
290
290
290
290
290
290
290
290
290
290
290
290
290
290
290
290
290
290
290
290
290
290
290
290
290
290
290
290
290
290
290
290
290
290
290
290
290
290
290
290
290
290
290
290
290
290
290
290
290
290
290
290
290
290
290
290
290
290
290
290
290
290
290
290
290
290
290
289
289
289
289
289
289
289
289
289
289
289
289
289
289
289
289
289
289
289
289
289
289
289
289
289
289
289
289
289
289
289
289
289
289
289
289
289
289
289
289
289
289
289
289
289
289
289
289
289
289
289
289
289
289
289
289
289
289
289
289
289
289
289
289
289
289
289
289
289
289
289
289
289
289
289
289
289
289
289
288
288
288
288
288
288
288
288
288
288
288
288
288
288
288
288
288
288
288
288
288
288
288
288
288
288
288
288
288
288
288
288
288
288
288
288
288
288
288
288
288
288
288
288
288
288
288
288
288
288
288
288
288
288
288
288
288
288
288
288
288
288
288
288
288
288
288
288
288
288
288
288
288
288
288
288
288
288
287
287
287
287
287
287
287
287
287
287
287
287
287
287
287
287
287
287
287
287
287
287
287
287
287
287
287
287
287
287
287
287
287
287
287
287
287
287
287
287
287
287
287
287
287
287
287
287
287
287
287
287
287
287
287
287
287
287
287
287
287
287
287
287
287
287
287
287
287
287
287
287
287
286
286
286
286
286
286
286
286
286
286
286
286
286
286
286
286
286
286
286
286
286
286
286
286
286
286
286
286
286
286
286
286
286
286
286
286
286
286
286
286
286
286
286
286
286
286
286
286
286
286
286
286
286
286
286
286
286
286
286
286
285
285
285
285
285
285
285
285
285
285
285
285
285
285
285
285
285
285
285
285
285
285
285
285
285
285
285
285
285
285
285
285
285
285
285
285
285
285
285
285
285
285
285
285
285
285
285
285
285
285
285
285
285
285
285
285
285
285
285
285
285
285
285
285
285
285
285
285
285
285
285
285
285
285
285
285
285
285
285
285
285
285
285
285
285
285
285
285
285
285
284
284
284
284
284
284
284
284
284
284
284
284
284
284
284
284
284
284
284
284
284
284
284
284
284
284
284
284
284
284
284
284
284
284
284
284
284
284
284
284
284
284
284
284
284
284
284
284
284
284
284
284
284
284
284
284
284
284
284
284
284
284
284
284
284
284
284
284
284
284
284
284
284
284
284
284
284
284
284
284
284
284
284
284
283
283
283
283
283
283
283
283
283
283
283
283
283
283
283
283
283
283
283
283
283
283
283
283
283
283
283
283
283
283
283
283
283
283
283
283
283
283
283
283
283
283
283
283
283
283
283
283
283
283
283
283
283
283
283
283
283
283
283
283
283
283
283
283
283
283
283
283
283
283
283
283
283
283
283
283
283
283
283
283
283
283
283
283
282
282
282
282
282
282
282
282
282
282
282
282
282
282
282
282
282
282
282
282
282
282
282
282
282
282
282
282
282
282
282
282
282
282
282
282
282
282
282
282
282
282
282
282
282
282
282
282
282
282
282
282
282
282
282
282
282
282
282
282
282
282
282
282
282
282
282
282
282
282
282
282
282
282
282
281
281
281
281
281
281
281
281
281
281
281
281
281
281
281
281
281
281
281
281
281
281
281
281
281
281
281
281
281
281
281
281
281
281
281
281
281
281
281
281
281
281
281
281
281
281
281
281
281
281
281
281
281
281
281
281
281
281
281
281
281
281
281
281
281
280
280
280
280
280
280
280
280
280
280
280
280
280
280
280
280
280
280
280
280
280
280
280
280
280
280
280
280
280
280
280
280
280
280
280
280
280
280
280
280
280
280
280
280
280
280
280
280
280
280
280
280
280
280
280
280
280
280
280
280
280
280
280
280
280
280
280
280
280
280
280
280
280
280
280
280
280
280
280
280
279
279
279
279
279
279
279
279
279
279
279
279
279
279
279
279
279
279
279
279
279
279
279
279
279
279
279
279
279
279
279
279
279
279
279
279
279
279
279
279
279
279
279
279
279
279
279
279
279
279
279
279
279
279
279
279
279
279
279
279
279
279
279
279
279
279
279
279
279
279
279
279
279
279
279
279
279
279
279
279
279
278
278
278
278
278
278
278
278
278
278
278
278
278
278
278
278
278
278
278
278
278
278
278
278
278
278
278
278
278
278
278
278
278
278
278
278
278
278
278
278
278
278
278
278
278
278
278
278
278
278
278
278
278
278
278
278
278
278
278
278
278
278
278
278
278
278
278
278
277
277
277
277
277
277
277
277
277
277
277
277
277
277
277
277
277
277
277
277
277
277
277
277
277
277
277
277
277
277
277
277
277
277
277
277
277
277
277
277
277
277
277
277
277
277
277
277
277
277
277
277
277
277
277
277
277
277
277
277
277
277
277
277
277
277
277
277
277
277
277
277
276
276
276
276
276
276
276
276
276
276
276
276
276
276
276
276
276
276
276
276
276
276
276
276
276
276
276
276
276
276
276
276
276
276
276
276
276
276
276
276
276
276
276
276
276
276
276
276
276
276
276
276
276
276
276
276
276
276
276
276
276
276
276
276
276
276
276
276
276
276
276
276
276
276
276
276
276
276
276
276
276
275
275
275
275
275
275
275
275
275
275
275
275
275
275
275
275
275
275
275
275
275
275
275
275
275
275
275
275
275
275
275
275
275
275
275
275
275
275
275
275
275
275
275
275
275
275
275
275
275
275
275
275
275
275
275
275
275
275
275
275
275
275
275
275
275
275
275
275
275
275
275
275
275
275
275
275
275
275
275
275
274
274
274
274
274
274
274
274
274
274
274
274
274
274
274
274
274
274
274
274
274
274
274
274
274
274
274
274
274
274
274
274
274
274
274
274
274
274
274
274
274
274
274
274
274
274
274
274
274
274
274
274
274
274
274
274
274
274
274
274
274
274
274
274
274
274
274
274
274
274
274
274
274
273
273
273
273
273
273
273
273
273
273
273
273
273
273
273
273
273
273
273
273
273
273
273
273
273
273
273
273
273
273
273
273
273
273
273
273
273
273
273
273
273
273
273
273
273
273
273
273
273
273
273
273
273
273
273
273
273
273
273
273
273
273
273
273
273
273
273
273
273
273
273
273
273
273
273
273
273
273
272
272
272
272
272
272
272
272
272
272
272
272
272
272
272
272
272
272
272
272
272
272
272
272
272
272
272
272
272
272
272
272
272
272
272
272
272
272
272
272
272
272
272
272
272
272
272
272
272
272
272
272
272
272
272
272
272
272
272
272
272
272
272
272
272
272
272
272
272
272
272
272
271
271
271
271
271
271
271
271
271
271
271
271
271
271
271
271
271
271
271
271
271
271
271
271
271
271
271
271
271
271
271
271
271
271
271
271
271
271
271
271
271
271
271
271
271
271
271
271
271
271
271
271
271
271
271
271
271
271
271
271
271
271
271
271
271
271
271
271
271
271
271
271
271
271
270
270
270
270
270
270
270
270
270
270
270
270
270
270
270
270
270
270
270
270
270
270
270
270
270
270
270
270
270
270
270
270
270
270
270
270
270
270
270
270
270
270
270
270
270
270
270
270
270
270
270
270
270
270
270
270
270
270
270
270
270
270
270
270
270
270
270
270
270
270
270
270
270
270
270
270
270
270
270
270
270
270
270
270
270
270
270
270
270
270
270
270
270
270
270
269
269
269
269
269
269
269
269
269
269
269
269
269
269
269
269
269
269
269
269
269
269
269
269
269
269
269
269
269
269
269
269
269
269
269
269
269
269
269
269
269
269
269
269
269
269
269
269
269
269
269
269
269
269
269
269
269
269
269
269
269
269
268
268
268
268
268
268
268
268
268
268
268
268
268
268
268
268
268
268
268
268
268
268
268
268
268
268
268
268
268
268
268
268
268
268
268
268
268
268
268
268
268
268
268
268
268
268
268
268
268
268
268
268
268
268
268
268
268
268
268
268
268
268
268
268
268
268
268
268
268
268
268
268
268
268
268
268
267
267
267
267
267
267
267
267
267
267
267
267
267
267
267
267
267
267
267
267
267
267
267
267
267
267
267
267
267
267
267
267
267
267
267
267
267
267
267
267
267
267
267
267
267
267
267
267
267
267
267
267
267
267
267
267
267
267
267
267
267
267
267
267
267
267
267
267
267
267
267
267
267
267
267
266
266
266
266
266
266
266
266
266
266
266
266
266
266
266
266
266
266
266
266
266
266
266
266
266
266
266
266
266
266
266
266
266
266
266
266
266
266
266
266
266
266
266
266
266
266
266
266
266
266
266
266
266
266
266
266
266
266
266
266
266
266
266
266
266
266
266
266
266
266
266
266
266
265
265
265
265
265
265
265
265
265
265
265
265
265
265
265
265
265
265
265
265
265
265
265
265
265
265
265
265
265
265
265
265
265
265
265
265
265
265
265
265
265
265
265
265
265
265
265
265
265
265
265
265
265
265
265
265
265
265
265
265
265
265
265
265
265
265
265
265
265
265
265
265
265
265
265
265
265
265
264
264
264
264
264
264
264
264
264
264
264
264
264
264
264
264
264
264
264
264
264
264
264
264
264
264
264
264
264
264
264
264
264
264
264
264
264
264
264
264
264
264
264
264
264
264
264
264
264
264
264
264
264
264
264
264
264
264
264
264
264
264
264
264
264
264
264
264
264
264
264
264
264
264
264
264
264
264
264
264
264
264
264
263
263
263
263
263
263
263
263
263
263
263
263
263
263
263
263
263
263
263
263
263
263
263
263
263
263
263
263
263
263
263
263
263
263
263
263
263
263
263
263
263
263
263
263
263
263
263
263
263
263
263
263
263
263
263
263
263
263
263
263
263
263
263
263
263
263
263
263
263
263
263
263
263
263
263
263
263
263
263
262
262
262
262
262
262
262
262
262
262
262
262
262
262
262
262
262
262
262
262
262
262
262
262
262
262
262
262
262
262
262
262
262
262
262
262
262
262
262
262
262
262
262
262
262
262
262
262
262
262
262
262
262
262
262
262
262
262
262
262
262
262
262
262
262
262
262
262
262
262
262
262
262
262
262
261
261
261
261
261
261
261
261
261
261
261
261
261
261
261
261
261
261
261
261
261
261
261
261
261
261
261
261
261
261
261
261
261
261
261
261
261
261
261
261
261
261
261
261
261
261
261
261
261
261
261
261
261
261
261
261
261
261
261
261
261
261
261
261
261
261
261
261
261
261
261
261
261
261
261
261
261
261
261
261
261
261
261
261
261
261
261
261
261
261
261
261
261
261
261
261
261
261
261
261
261
261
261
260
260
260
260
260
260
260
260
260
260
260
260
260
260
260
260
260
260
260
260
260
260
260
260
260
260
260
260
260
260
260
260
260
260
260
260
260
260
260
260
260
260
260
260
260
260
260
260
260
260
260
260
260
260
260
260
260
260
260
260
260
260
260
260
260
260
260
260
260
260
260
260
260
260
260
260
260
260
260
260
260
260
259
259
259
259
259
259
259
259
259
259
259
259
259
259
259
259
259
259
259
259
259
259
259
259
259
259
259
259
259
259
259
259
259
259
259
259
259
259
259
259
259
259
259
259
259
259
259
259
259
259
259
259
259
259
259
259
259
259
259
259
259
259
259
259
259
259
259
258
258
258
258
258
258
258
258
258
258
258
258
258
258
258
258
258
258
258
258
258
258
258
258
258
258
258
258
258
258
258
258
258
258
258
258
258
258
258
258
258
258
258
258
258
258
258
258
258
258
258
258
258
258
258
258
258
258
258
258
258
258
258
258
258
258
258
258
258
258
258
258
258
258
258
258
258
258
258
258
258
258
257
257
257
257
257
257
257
257
257
257
257
257
257
257
257
257
257
257
257
257
257
257
257
257
257
257
257
257
257
257
257
257
257
257
257
257
257
257
257
257
257
257
257
257
257
257
257
257
257
257
257
257
257
257
257
257
257
257
257
257
257
257
257
257
257
257
257
256
256
256
256
256
256
256
256
256
256
256
256
256
256
256
256
256
256
256
256
256
256
256
256
256
256
256
256
256
256
256
256
256
256
256
256
256
256
256
256
256
256
256
256
256
256
256
256
256
256
256
256
256
256
256
256
256
256
256
256
256
256
256
256
256
256
256
256
256
256
256
256
256
256
256
256
256
256
256
256
256
256
256
256
256
256
256
256
256
256
256
256
256
256
256
256
256
256
256
256
256
255
255
255
255
255
255
255
255
255
255
255
255
255
255
255
255
255
255
255
255
255
255
255
255
255
255
255
255
255
255
255
255
255
255
255
255
255
255
255
255
255
255
255
255
255
255
255
255
255
255
255
255
255
255
255
255
255
255
255
255
255
255
255
255
255
255
255
255
255
255
255
255
255
255
255
255
255
255
255
255
255
255
255
255
255
255
255
255
255
255
255
255
255
255
255
255
255
255
255
255
255
254
254
254
254
254
254
254
254
254
254
254
254
254
254
254
254
254
254
254
254
254
254
254
254
254
254
254
254
254
254
254
254
254
254
254
254
254
254
254
254
254
254
254
254
254
254
254
254
254
254
254
254
254
254
254
254
254
254
254
254
254
254
254
254
254
254
254
254
254
254
254
254
254
254
254
254
254
254
254
254
254
254
253
253
253
253
253
253
253
253
253
253
253
253
253
253
253
253
253
253
253
253
253
253
253
253
253
253
253
253
253
253
253
253
253
253
253
253
253
253
253
253
253
253
253
253
253
253
253
253
253
253
253
253
253
253
253
253
253
253
253
253
253
253
253
253
253
253
253
253
253
253
253
253
253
253
253
253
253
253
253
252
252
252
252
252
252
252
252
252
252
252
252
252
252
252
252
252
252
252
252
252
252
252
252
252
252
252
252
252
252
252
252
252
252
252
252
252
252
252
252
252
252
252
252
252
252
252
252
252
252
252
252
252
252
252
252
252
252
252
252
252
252
252
252
252
252
252
252
252
252
252
252
252
252
252
252
252
252
252
252
252
252
252
252
252
252
252
252
252
252
252
251
251
251
251
251
251
251
251
251
251
251
251
251
251
251
251
251
251
251
251
251
251
251
251
251
251
251
251
251
251
251
251
251
251
251
251
251
251
251
251
251
251
251
251
251
251
251
251
251
251
251
251
251
251
251
251
251
251
251
251
251
251
251
251
251
251
251
251
251
251
251
251
251
250
250
250
250
250
250
250
250
250
250
250
250
250
250
250
250
250
250
250
250
250
250
250
250
250
250
250
250
250
250
250
250
250
250
250
250
250
250
250
250
250
250
250
250
250
250
250
250
250
250
250
250
250
250
250
250
250
250
250
250
250
250
250
250
249
249
249
249
249
249
249
249
249
249
249
249
249
249
249
249
249
249
249
249
249
249
249
249
249
249
249
249
249
249
249
249
249
249
249
249
249
249
249
249
249
249
249
249
249
249
249
249
249
249
249
249
249
249
249
249
249
249
249
248
248
248
248
248
248
248
248
248
248
248
248
248
248
248
248
248
248
248
248
248
248
248
248
248
248
248
248
248
248
248
248
248
248
248
248
248
248
248
248
248
248
248
248
248
248
248
248
248
248
248
248
248
248
248
248
248
248
248
248
248
248
248
248
248
248
248
248
248
248
248
248
247
247
247
247
247
247
247
247
247
247
247
247
247
247
247
247
247
247
247
247
247
247
247
247
247
247
247
247
247
247
247
247
247
247
247
247
247
247
247
247
247
247
247
247
247
247
247
247
247
247
247
247
247
247
247
247
247
247
247
247
247
247
247
247
247
247
247
247
247
247
247
247
247
247
247
247
247
247
246
246
246
246
246
246
246
246
246
246
246
246
246
246
246
246
246
246
246
246
246
246
246
246
246
246
246
246
246
246
246
246
246
246
246
246
246
246
246
246
246
246
246
246
246
246
246
246
246
246
246
246
246
246
246
246
246
246
246
246
246
246
246
246
246
246
246
246
246
246
246
246
246
246
246
246
246
246
246
246
246
246
246
246
245
245
245
245
245
245
245
245
245
245
245
245
245
245
245
245
245
245
245
245
245
245
245
245
245
245
245
245
245
245
245
245
245
245
245
245
245
245
245
245
245
245
245
245
245
245
245
245
245
245
245
245
245
245
245
245
245
245
244
244
244
244
244
244
244
244
244
244
244
244
244
244
244
244
244
244
244
244
244
244
244
244
244
244
244
244
244
244
244
244
244
244
244
244
244
244
244
244
244
244
244
244
244
244
244
244
244
244
244
244
244
244
244
244
244
244
244
244
244
244
244
244
244
244
244
244
244
244
244
244
244
244
243
243
243
243
243
243
243
243
243
243
243
243
243
243
243
243
243
243
243
243
243
243
243
243
243
243
243
243
243
243
243
243
243
243
243
243
243
243
243
243
243
243
243
243
243
243
243
243
243
243
243
243
243
243
243
243
243
243
243
243
243
243
243
243
243
243
243
243
243
243
243
243
243
243
243
243
243
243
243
243
243
243
243
243
243
243
243
243
243
243
243
242
242
242
242
242
242
242
242
242
242
242
242
242
242
242
242
242
242
242
242
242
242
242
242
242
242
242
242
242
242
242
242
242
242
242
242
242
242
242
242
242
242
242
242
242
242
242
242
242
242
242
242
242
242
242
242
242
242
242
242
242
242
242
242
242
242
242
242
242
242
242
242
242
242
242
241
241
241
241
241
241
241
241
241
241
241
241
241
241
241
241
241
241
241
241
241
241
241
241
241
241
241
241
241
241
241
241
241
241
241
241
241
241
241
241
241
241
241
241
241
241
241
241
241
241
241
241
241
241
241
241
241
241
241
241
241
241
241
241
241
241
241
241
240
240
240
240
240
240
240
240
240
240
240
240
240
240
240
240
240
240
240
240
240
240
240
240
240
240
240
240
240
240
240
240
240
240
240
240
240
240
240
240
240
240
240
240
240
240
240
240
240
240
240
240
240
240
240
240
240
240
240
240
240
240
240
240
240
240
240
240
240
240
240
240
240
240
240
240
240
240
240
240
240
240
240
240
240
240
240
240
240
240
240
240
240
240
239
239
239
239
239
239
239
239
239
239
239
239
239
239
239
239
239
239
239
239
239
239
239
239
239
239
239
239
239
239
239
239
239
239
239
239
239
239
239
239
239
239
239
239
239
239
239
239
239
239
239
239
239
239
239
239
239
239
238
238
238
238
238
238
238
238
238
238
238
238
238
238
238
238
238
238
238
238
238
238
238
238
238
238
238
238
238
238
238
238
238
238
238
238
238
238
238
238
238
238
238
238
238
238
238
238
238
238
238
238
238
238
238
238
238
238
238
238
238
238
238
238
238
238
238
238
238
238
238
238
237
237
237
237
237
237
237
237
237
237
237
237
237
237
237
237
237
237
237
237
237
237
237
237
237
237
237
237
237
237
237
237
237
237
237
237
237
237
237
237
237
237
237
237
237
237
237
237
237
237
237
237
237
237
237
237
237
237
237
237
236
236
236
236
236
236
236
236
236
236
236
236
236
236
236
236
236
236
236
236
236
236
236
236
236
236
236
236
236
236
236
236
236
236
236
236
236
236
236
236
236
236
236
236
236
236
236
236
236
236
236
236
236
236
236
236
236
236
236
236
236
236
236
236
236
236
236
236
236
236
236
236
236
236
236
235
235
235
235
235
235
235
235
235
235
235
235
235
235
235
235
235
235
235
235
235
235
235
235
235
235
235
235
235
235
235
235
235
235
235
235
235
235
235
235
234
234
234
234
234
234
234
234
234
234
234
234
234
234
234
234
234
234
234
234
234
234
234
234
234
234
234
234
234
234
234
234
234
234
234
234
234
234
234
234
234
234
234
234
234
234
234
233
233
233
233
233
233
233
233
233
233
233
233
233
233
233
233
233
233
233
233
233
233
233
233
233
233
233
233
233
233
233
233
233
233
233
233
233
233
233
233
233
233
233
233
233
233
233
233
233
233
233
233
233
233
233
233
233
233
233
233
233
232
232
232
232
232
232
232
232
232
232
232
232
232
232
232
232
232
232
232
232
232
232
232
232
232
232
232
232
232
232
232
232
232
232
232
232
232
232
232
232
232
232
232
232
232
232
232
232
232
232
232
232
232
232
232
232
232
232
232
232
232
232
232
232
232
232
231
231
231
231
231
231
231
231
231
231
231
231
231
231
231
231
231
231
231
231
231
231
231
231
231
231
231
231
231
231
231
231
231
231
231
231
231
231
231
231
231
231
231
231
231
231
231
231
231
231
231
230
230
230
230
230
230
230
230
230
230
230
230
230
230
230
230
230
230
230
230
230
230
230
230
230
230
230
230
230
230
230
230
230
230
230
230
230
230
230
230
230
230
230
230
230
230
230
230
230
230
230
230
230
230
230
229
229
229
229
229
229
229
229
229
229
229
229
229
229
229
229
229
229
229
229
229
229
229
229
229
229
229
229
229
229
229
229
229
229
229
229
229
229
229
229
229
229
229
229
229
229
229
229
229
229
229
229
229
229
229
229
229
229
229
228
228
228
228
228
228
228
228
228
228
228
228
228
228
228
228
228
228
228
228
228
228
228
228
228
228
228
228
228
228
228
228
228
228
228
228
228
228
228
228
228
228
228
228
228
228
228
228
228
228
228
228
228
228
228
227
227
227
227
227
227
227
227
227
227
227
227
227
227
227
227
227
227
227
227
227
227
227
227
227
227
227
227
227
227
227
227
227
227
227
227
227
227
227
227
227
227
227
227
227
227
227
227
227
227
227
227
227
227
227
227
227
227
227
226
226
226
226
226
226
226
226
226
226
226
226
226
226
226
226
226
226
226
226
226
226
226
226
226
226
226
226
226
226
226
226
226
226
226
226
226
226
226
226
226
226
226
226
226
226
226
226
226
226
226
226
226
226
226
226
226
226
226
225
225
225
225
225
225
225
225
225
225
225
225
225
225
225
225
225
225
225
225
225
225
225
225
225
225
225
225
225
225
225
225
225
225
225
225
225
225
225
225
225
225
225
225
225
225
225
225
225
225
225
225
225
225
225
224
224
224
224
224
224
224
224
224
224
224
224
224
224
224
224
224
224
224
224
224
224
224
224
224
224
224
224
224
224
224
224
224
224
224
224
224
224
224
224
224
224
224
224
224
224
224
224
224
224
224
224
224
224
224
224
224
224
224
224
224
224
224
224
224
224
224
224
224
224
224
224
224
224
223
223
223
223
223
223
223
223
223
223
223
223
223
223
223
223
223
223
223
223
223
223
223
223
223
223
223
223
223
223
223
223
223
223
223
223
223
223
223
223
223
222
222
222
222
222
222
222
222
222
222
222
222
222
222
222
222
222
222
222
222
222
222
222
222
222
222
222
222
222
222
222
222
222
222
222
222
222
222
222
222
222
222
222
222
222
222
222
222
222
222
222
221
221
221
221
221
221
221
221
221
221
221
221
221
221
221
221
221
221
221
221
221
221
221
221
221
221
221
221
221
221
221
221
221
221
221
221
221
221
221
221
221
221
221
221
221
221
221
221
221
221
221
221
221
221
221
221
221
221
221
221
221
221
221
221
221
221
221
220
220
220
220
220
220
220
220
220
220
220
220
220
220
220
220
220
220
220
220
220
220
220
220
220
220
220
220
220
220
220
220
220
220
220
220
220
220
220
220
220
220
220
220
220
220
220
220
220
220
220
220
220
220
220
220
220
220
220
220
220
220
220
220
220
219
219
219
219
219
219
219
219
219
219
219
219
219
219
219
219
219
219
219
219
219
219
219
219
219
219
219
219
219
219
219
219
219
219
219
219
219
219
219
219
219
219
219
219
219
219
219
219
219
219
219
219
219
219
219
219
219
219
219
219
218
218
218
218
218
218
218
218
218
218
218
218
218
218
218
218
218
218
218
218
218
218
218
218
218
218
218
218
218
218
218
218
218
218
218
218
218
218
218
218
218
218
218
218
218
218
218
218
218
218
218
218
217
217
217
217
217
217
217
217
217
217
217
217
217
217
217
217
217
217
217
217
217
217
217
217
217
217
217
217
217
217
217
217
217
217
217
217
217
217
217
217
217
217
217
217
217
217
217
217
217
217
217
216
216
216
216
216
216
216
216
216
216
216
216
216
216
216
216
216
216
216
216
216
216
216
216
216
216
216
216
216
216
216
216
216
216
216
216
216
216
216
216
216
216
216
216
216
216
216
216
216
216
215
215
215
215
215
215
215
215
215
215
215
215
215
215
215
215
215
215
215
215
215
215
215
215
215
215
215
215
215
215
215
215
215
215
215
215
215
215
215
215
215
215
215
215
215
215
215
215
215
215
215
215
215
215
215
214
214
214
214
214
214
214
214
214
214
214
214
214
214
214
214
214
214
214
214
214
214
214
214
214
214
214
214
214
214
214
214
214
214
214
214
214
214
214
214
214
214
214
214
214
214
214
214
214
214
214
214
214
213
213
213
213
213
213
213
213
213
213
213
213
213
213
213
213
213
213
213
213
213
213
213
213
213
213
213
213
213
213
213
213
213
213
213
213
213
213
213
213
213
213
213
213
213
213
213
213
213
212
212
212
212
212
212
212
212
212
212
212
212
212
212
212
212
212
212
212
212
212
212
212
212
212
212
212
212
212
212
212
212
212
212
212
212
212
212
212
212
212
212
212
212
212
212
212
212
212
212
211
211
211
211
211
211
211
211
211
211
211
211
211
211
211
211
211
211
211
211
211
211
211
211
211
211
211
211
211
211
211
211
211
211
211
211
211
211
211
211
211
211
211
211
211
211
211
210
210
210
210
210
210
210
210
210
210
210
210
210
210
210
210
210
210
210
210
210
210
210
210
210
210
210
210
210
210
210
210
210
210
210
210
210
210
210
210
210
210
210
210
210
210
210
210
210
209
209
209
209
209
209
209
209
209
209
209
209
209
209
209
209
209
209
209
209
209
209
209
209
209
209
209
209
209
209
209
209
209
209
209
209
209
209
209
209
209
209
209
209
209
209
209
209
209
209
209
209
208
208
208
208
208
208
208
208
208
208
208
208
208
208
208
208
208
208
208
208
208
208
208
208
208
208
208
208
208
208
208
208
208
208
208
208
208
208
208
208
208
208
208
208
208
208
208
208
208
208
208
208
208
208
208
208
208
208
208
207
207
207
207
207
207
207
207
207
207
207
207
207
207
207
207
207
207
207
207
207
207
207
207
207
207
207
207
207
207
207
207
207
207
207
207
207
207
207
207
207
207
207
207
206
206
206
206
206
206
206
206
206
206
206
206
206
206
206
206
206
206
206
206
206
206
206
206
206
206
206
206
206
206
206
206
206
206
206
206
206
206
206
206
206
206
206
206
206
206
205
205
205
205
205
205
205
205
205
205
205
205
205
205
205
205
205
205
205
205
205
205
205
205
205
205
205
205
205
205
205
205
205
205
205
205
205
205
204
204
204
204
204
204
204
204
204
204
204
204
204
204
204
204
204
204
204
204
204
204
204
204
204
204
204
204
204
204
204
204
204
204
204
204
204
204
204
204
204
204
204
204
204
204
204
203
203
203
203
203
203
203
203
203
203
203
203
203
203
203
203
203
203
203
203
203
203
203
203
203
203
203
203
203
203
203
203
203
203
203
203
202
202
202
202
202
202
202
202
202
202
202
202
202
202
202
202
202
202
202
202
202
202
202
202
202
202
202
202
202
202
202
202
202
202
202
202
202
202
202
202
202
202
202
202
201
201
201
201
201
201
201
201
201
201
201
201
201
201
201
201
201
201
201
201
201
201
201
201
201
201
201
201
201
201
201
201
201
201
201
201
201
201
201
201
201
201
201
201
201
201
201
201
201
201
201
201
201
200
200
200
200
200
200
200
200
200
200
200
200
200
200
200
200
200
200
200
200
200
200
200
200
200
200
200
200
200
200
200
200
200
200
200
200
200
200
200
200
200
200
200
200
200
200
200
200
199
199
199
199
199
199
199
199
199
199
199
199
199
199
199
199
199
199
199
199
199
199
199
199
199
199
199
199
199
199
199
199
199
199
199
199
199
199
199
199
199
198
198
198
198
198
198
198
198
198
198
198
198
198
198
198
198
198
198
198
198
198
198
198
198
198
198
198
198
198
198
198
198
198
198
198
198
198
197
197
197
197
197
197
197
197
197
197
197
197
197
197
197
197
197
197
197
197
197
197
197
197
197
197
197
197
197
197
197
197
197
197
197
197
197
197
197
197
197
197
197
197
197
197
197
197
197
197
197
197
196
196
196
196
196
196
196
196
196
196
196
196
196
196
196
196
196
196
196
196
196
196
196
196
196
196
196
196
196
196
196
196
196
196
196
196
196
196
196
196
195
195
195
195
195
195
195
195
195
195
195
195
195
195
195
195
195
195
195
195
195
195
195
195
195
195
195
195
195
195
195
195
195
195
195
195
194
194
194
194
194
194
194
194
194
194
194
194
194
194
194
194
194
194
194
194
194
194
194
194
194
194
194
194
194
194
194
194
194
194
194
194
194
194
194
194
194
194
194
194
194
193
193
193
193
193
193
193
193
193
193
193
193
193
193
193
193
193
193
193
193
193
193
193
193
193
193
193
193
193
193
193
193
193
193
193
193
193
193
193
193
193
193
192
192
192
192
192
192
192
192
192
192
192
192
192
192
192
192
192
192
192
192
192
192
192
192
192
192
192
192
192
192
192
192
192
192
192
192
192
192
192
192
192
192
192
192
192
192
192
192
192
192
192
192
192
192
192
192
192
192
192
192
191
191
191
191
191
191
191
191
191
191
191
191
191
191
191
191
191
191
191
191
191
191
191
191
191
191
191
191
191
191
191
191
191
191
191
191
191
191
190
190
190
190
190
190
190
190
190
190
190
190
190
190
190
190
190
190
190
190
190
190
190
190
190
190
190
190
190
190
190
190
190
190
190
189
189
189
189
189
189
189
189
189
189
189
189
189
189
189
189
189
189
189
189
189
189
189
189
189
189
189
189
189
189
189
189
189
189
189
189
189
189
189
189
189
189
188
188
188
188
188
188
188
188
188
188
188
188
188
188
188
188
188
188
188
188
188
188
188
188
188
188
188
188
188
188
188
188
188
188
187
187
187
187
187
187
187
187
187
187
187
187
187
187
187
187
187
187
187
187
187
187
187
187
187
187
187
187
187
187
187
187
187
187
187
187
187
187
187
187
187
187
187
187
187
187
187
187
186
186
186
186
186
186
186
186
186
186
186
186
186
186
186
186
186
186
186
186
186
186
186
186
186
186
186
186
186
186
186
186
186
186
185
185
185
185
185
185
185
185
185
185
185
185
185
185
185
185
185
185
185
185
185
185
185
185
185
185
185
185
185
185
185
185
185
185
185
185
185
185
185
184
184
184
184
184
184
184
184
184
184
184
184
184
184
184
184
184
184
184
184
184
184
184
184
184
184
184
184
184
184
184
184
184
183
183
183
183
183
183
183
183
183
183
183
183
183
183
183
183
183
183
183
183
183
183
183
183
183
183
183
183
183
183
183
183
183
183
183
183
183
183
183
183
183
183
183
182
182
182
182
182
182
182
182
182
182
182
182
182
182
182
182
182
182
182
182
182
182
182
182
182
182
182
182
182
182
182
182
182
182
182
182
182
182
182
182
182
182
182
182
182
182
182
182
182
181
181
181
181
181
181
181
181
181
181
181
181
181
181
181
181
181
181
181
181
181
181
181
181
181
181
181
181
181
181
181
181
181
181
181
180
180
180
180
180
180
180
180
180
180
180
180
180
180
180
180
180
180
180
180
180
180
180
180
180
180
180
180
180
180
180
179
179
179
179
179
179
179
179
179
179
179
179
179
179
179
179
179
179
179
179
179
179
179
179
179
179
179
179
179
179
179
179
179
179
179
179
179
179
179
179
179
179
179
179
179
178
178
178
178
178
178
178
178
178
178
178
178
178
178
178
178
178
178
178
178
178
178
178
178
178
178
178
178
178
178
178
178
178
178
178
178
177
177
177
177
177
177
177
177
177
177
177
177
177
177
177
177
177
177
177
177
177
177
177
177
177
177
177
177
177
177
177
177
177
177
177
177
177
177
177
177
177
177
177
176
176
176
176
176
176
176
176
176
176
176
176
176
176
176
176
176
176
176
176
176
176
176
176
176
176
176
176
176
176
176
176
176
176
176
176
176
176
176
176
176
176
176
176
176
176
175
175
175
175
175
175
175
175
175
175
175
175
175
175
175
175
175
175
175
175
175
175
175
175
175
175
175
175
175
175
175
175
175
175
175
175
175
175
175
175
175
174
174
174
174
174
174
174
174
174
174
174
174
174
174
174
174
174
174
174
174
174
174
174
174
174
174
174
174
174
174
174
174
174
173
173
173
173
173
173
173
173
173
173
173
173
173
173
173
173
173
173
173
173
173
173
173
173
173
173
173
173
173
173
173
173
173
173
173
173
173
173
173
173
173
172
172
172
172
172
172
172
172
172
172
172
172
172
172
172
172
172
172
172
172
172
172
172
172
172
172
172
172
172
172
172
172
172
172
172
172
172
172
172
172
171
171
171
171
171
171
171
171
171
171
171
171
171
171
171
171
171
171
171
171
171
171
171
171
171
171
171
171
171
171
171
171
171
171
171
171
171
171
171
170
170
170
170
170
170
170
170
170
170
170
170
170
170
170
170
170
170
170
170
170
170
170
170
170
170
170
170
170
170
170
170
170
170
170
170
169
169
169
169
169
169
169
169
169
169
169
169
169
169
169
169
169
169
169
169
169
169
169
169
169
169
169
169
169
169
168
168
168
168
168
168
168
168
168
168
168
168
168
168
168
168
168
168
168
168
168
168
168
168
168
168
168
168
168
168
168
168
168
168
168
168
168
168
168
168
167
167
167
167
167
167
167
167
167
167
167
167
167
167
167
167
167
167
167
167
167
167
167
167
167
167
167
167
167
166
166
166
166
166
166
166
166
166
166
166
166
166
166
166
166
166
166
166
166
166
166
166
166
166
166
166
166
166
166
166
166
166
166
165
165
165
165
165
165
165
165
165
165
165
165
165
165
165
165
165
165
165
165
165
165
165
165
165
165
165
165
165
165
165
165
165
165
165
165
165
165
165
165
165
164
164
164
164
164
164
164
164
164
164
164
164
164
164
164
164
164
164
164
164
164
164
164
164
163
163
163
163
163
163
163
163
163
163
163
163
163
163
163
163
163
163
163
163
163
163
163
163
163
163
163
163
163
163
163
163
163
163
163
162
162
162
162
162
162
162
162
162
162
162
162
162
162
162
162
162
162
162
162
162
162
162
162
162
162
162
162
162
162
162
162
161
161
161
161
161
161
161
161
161
161
161
161
161
161
161
161
161
161
161
161
161
161
161
161
161
161
161
161
161
161
161
161
161
161
161
160
160
160
160
160
160
160
160
160
160
160
160
160
160
160
160
160
160
160
160
160
160
160
160
160
160
160
160
159
159
159
159
159
159
159
159
159
159
159
159
159
159
159
159
159
159
159
159
159
159
159
159
159
159
159
159
159
159
159
159
158
158
158
158
158
158
158
158
158
158
158
158
158
158
158
158
158
158
158
158
158
158
158
158
158
158
158
157
157
157
157
157
157
157
157
157
157
157
157
157
157
157
157
157
157
157
157
157
157
157
157
157
157
157
157
157
157
156
156
156
156
156
156
156
156
156
156
156
156
156
156
156
156
156
156
156
156
156
156
156
156
156
156
156
155
155
155
155
155
155
155
155
155
155
155
155
155
155
155
155
155
155
155
155
155
155
155
154
154
154
154
154
154
154
154
154
154
154
154
154
154
154
154
154
154
154
154
154
154
154
154
154
154
154
154
154
154
154
154
154
154
154
154
154
154
153
153
153
153
153
153
153
153
153
153
153
153
153
153
153
153
153
153
153
153
153
153
153
153
153
153
153
153
153
153
153
153
153
153
153
152
152
152
152
152
152
152
152
152
152
152
152
152
152
152
152
152
152
152
152
152
152
152
151
151
151
151
151
151
151
151
151
151
151
151
151
151
151
151
151
151
151
151
151
151
151
150
150
150
150
150
150
150
150
150
150
150
150
150
150
150
150
150
150
150
150
150
150
150
150
150
150
150
150
150
150
149
149
149
149
149
149
149
149
149
149
149
149
149
149
149
149
149
149
149
148
148
148
148
148
148
148
148
148
148
148
148
148
148
148
148
148
148
148
148
148
148
148
148
148
148
147
147
147
147
147
147
147
147
147
147
147
147
147
147
147
147
147
147
147
147
147
147
147
147
147
147
147
147
147
147
147
146
146
146
146
146
146
146
146
146
146
146
146
146
146
146
146
146
146
146
146
146
146
146
146
146
146
146
145
145
145
145
145
145
145
145
145
145
145
145
145
145
145
145
145
145
145
145
145
145
145
145
145
145
145
145
145
144
144
144
144
144
144
144
144
144
144
144
144
144
144
144
144
144
144
144
144
144
144
144
144
144
144
144
144
144
144
144
143
143
143
143
143
143
143
143
143
143
143
143
143
143
143
143
143
143
143
142
142
142
142
142
142
142
142
142
142
142
142
142
142
142
142
142
142
142
142
142
142
142
142
142
142
142
142
142
142
142
141
141
141
141
141
141
141
141
141
141
141
141
141
141
141
141
141
141
141
141
141
141
141
141
141
141
141
141
141
141
140
140
140
140
140
140
140
140
140
140
140
140
140
140
140
140
140
140
140
140
140
140
140
140
140
140
140
140
140
140
140
140
139
139
139
139
139
139
139
139
139
139
139
139
139
139
139
139
139
139
139
139
139
139
139
139
139
139
139
139
139
139
138
138
138
138
138
138
138
138
138
138
138
138
138
138
138
138
138
138
138
138
138
138
138
138
138
138
138
138
138
138
138
137
137
137
137
137
137
137
137
137
137
137
137
137
137
137
137
137
137
137
137
137
137
137
137
137
137
137
137
136
136
136
136
136
136
136
136
136
136
136
136
136
136
136
136
136
136
136
136
136
136
136
136
136
136
136
136
136
135
135
135
135
135
135
135
135
135
135
135
135
135
135
135
135
135
135
135
135
135
135
135
135
135
135
135
135
135
135
135
135
135
135
135
135
135
134
134
134
134
134
134
134
134
134
134
134
134
134
134
134
134
134
134
134
134
134
134
134
134
134
134
134
134
134
134
134
134
134
134
133
133
133
133
133
133
133
133
133
133
133
133
133
133
133
133
133
133
133
133
133
132
132
132
132
132
132
132
132
132
132
132
132
132
132
132
132
132
132
132
132
132
132
132
132
132
132
132
132
132
132
132
132
132
132
132
132
132
131
131
131
131
131
131
131
131
131
131
131
131
131
131
131
131
131
131
131
131
131
131
131
131
131
131
131
131
131
131
131
131
131
130
130
130
130
130
130
130
130
130
130
130
130
130
130
130
130
130
130
130
130
130
130
130
130
130
130
130
130
130
130
130
130
130
130
130
129
129
129
129
129
129
129
129
129
129
129
129
129
129
129
129
129
129
129
129
129
129
129
129
129
129
129
128
128
128
128
128
128
128
128
128
128
128
128
128
128
128
128
128
128
128
128
128
128
128
128
128
128
128
128
128
128
127
127
127
127
127
127
127
127
127
127
127
127
127
127
127
127
127
127
126
126
126
126
126
126
126
126
126
126
126
126
126
126
126
126
126
126
126
126
126
126
126
126
126
126
126
126
126
126
126
126
126
126
126
126
125
125
125
125
125
125
125
125
125
125
125
125
125
125
125
125
125
125
125
125
125
125
125
124
124
124
124
124
124
124
124
124
124
124
124
124
124
124
124
124
124
124
124
124
124
124
124
124
124
124
124
124
124
124
123
123
123
123
123
123
123
123
123
123
123
123
123
123
123
123
123
123
123
123
123
123
123
123
123
123
123
123
123
123
122
122
122
122
122
122
122
122
122
122
122
122
122
122
122
122
122
122
122
122
122
122
122
122
122
122
122
122
122
122
122
121
121
121
121
121
121
121
121
121
121
121
121
121
121
121
121
121
121
121
121
121
121
121
121
121
121
121
121
121
121
121
121
120
120
120
120
120
120
120
120
120
120
120
120
120
120
120
120
120
120
120
120
120
120
120
120
120
120
120
120
120
120
119
119
119
119
119
119
119
119
119
119
119
119
119
119
119
119
119
119
119
119
119
119
119
119
119
119
119
119
119
119
119
119
119
118
118
118
118
118
118
118
118
118
118
118
118
118
118
118
118
118
118
118
118
118
118
118
118
118
118
118
118
118
118
118
118
118
118
118
118
118
118
118
117
117
117
117
117
117
117
117
117
117
117
117
117
117
117
117
117
117
117
117
117
117
117
117
117
116
116
116
116
116
116
116
116
116
116
116
116
116
116
116
116
116
116
116
116
116
116
116
116
116
116
116
116
116
116
115
115
115
115
115
115
115
115
115
115
115
115
115
115
115
115
115
115
115
115
115
115
115
115
115
115
115
115
115
115
115
115
115
115
114
114
114
114
114
114
114
114
114
114
114
114
114
114
114
114
114
114
114
114
114
114
114
114
114
114
114
114
114
113
113
113
113
113
113
113
113
113
113
113
113
113
113
113
113
113
113
113
113
113
113
112
112
112
112
112
112
112
112
112
112
112
112
112
112
112
112
112
112
112
112
112
112
112
112
112
112
112
112
112
112
112
111
111
111
111
111
111
111
111
111
111
111
111
111
111
111
111
111
111
111
111
111
111
111
111
111
111
111
111
111
111
110
110
110
110
110
110
110
110
110
110
110
110
110
110
110
110
110
110
110
110
110
110
110
110
110
110
110
110
110
110
110
110
109
109
109
109
109
109
109
109
109
109
109
109
109
109
109
109
109
109
109
109
109
109
109
109
109
109
109
109
109
108
108
108
108
108
108
108
108
108
108
108
108
108
108
108
108
108
108
108
108
108
108
108
108
108
108
108
108
108
108
108
107
107
107
107
107
107
107
107
107
107
107
107
107
107
107
107
107
107
107
107
107
107
107
107
107
107
107
107
107
107
107
106
106
106
106
106
106
106
106
106
106
106
106
106
106
106
106
106
106
106
106
106
106
106
106
106
106
106
106
106
106
106
106
106
106
105
105
105
105
105
105
105
105
105
105
105
105
105
105
105
105
105
105
105
105
105
105
105
105
105
105
105
105
105
105
105
105
105
105
105
105
105
105
105
105
104
104
104
104
104
104
104
104
104
104
104
104
104
104
104
104
104
104
104
104
104
104
104
104
104
104
104
104
104
104
103
103
103
103
103
103
103
103
103
103
103
103
103
103
103
103
103
103
103
103
103
103
103
103
102
102
102
102
102
102
102
102
102
102
102
102
102
102
102
102
102
102
102
102
102
102
102
102
102
102
102
102
102
102
101
101
101
101
101
101
101
101
101
101
101
101
101
101
101
101
101
101
101
101
101
101
101
101
101
101
101
101
101
101
101
100
100
100
100
100
100
100
100
100
100
100
100
100
100
100
100
100
100
100
100
100
100
100
100
100
100
100
100
100
99
99
99
99
99
99
99
99
99
99
99
99
99
99
99
99
99
99
99
99
99
99
99
99
99
99
99
99
99
99
99
99
99
99
99
98
98
98
98
98
98
98
98
98
98
98
98
98
98
98
98
98
98
98
98
98
98
98
98
98
98
98
98
98
98
98
98
98
98
98
98
98
98
98
98
98
97
97
97
97
97
97
97
97
97
97
97
97
97
97
97
97
97
97
97
97
97
97
97
97
97
97
97
97
97
97
97
97
97
97
97
97
97
96
96
96
96
96
96
96
96
96
96
96
96
96
96
96
96
96
96
96
96
96
96
96
96
96
96
96
96
96
96
96
96
96
96
96
95
95
95
95
95
95
95
95
95
95
95
95
95
95
95
95
95
95
95
95
95
95
95
95
95
95
95
95
95
95
95
94
94
94
94
94
94
94
94
94
94
94
94
94
94
94
94
94
94
94
94
94
94
94
94
94
94
94
94
94
94
94
94
93
93
93
93
93
93
93
93
93
93
93
93
93
93
93
93
93
93
93
93
93
93
93
93
93
93
93
93
93
92
92
92
92
92
92
92
92
92
92
92
92
92
92
92
92
92
92
92
92
92
92
92
92
92
92
92
92
92
92
92
92
92
92
92
92
92
92
92
92
92
92
92
92
92
92
92
92
92
91
91
91
91
91
91
91
91
91
91
91
91
91
91
91
91
91
91
91
91
91
91
91
91
91
91
91
91
91
91
91
91
91
91
91
91
91
90
90
90
90
90
90
90
90
90
90
90
90
90
90
90
90
90
90
90
90
90
90
90
90
90
90
90
90
90
90
90
90
90
90
89
89
89
89
89
89
89
89
89
89
89
89
89
89
89
89
89
89
89
89
89
89
89
89
89
89
89
89
89
89
89
88
88
88
88
88
88
88
88
88
88
88
88
88
88
88
88
88
88
88
88
88
88
88
88
88
88
87
87
87
87
87
87
87
87
87
87
87
87
87
87
87
87
87
87
87
87
87
87
87
87
87
87
87
86
86
86
86
86
86
86
86
86
86
86
86
86
86
86
86
86
86
86
86
86
86
86
86
86
86
86
85
85
85
85
85
85
85
85
85
85
85
85
85
85
85
85
85
85
85
85
85
85
85
85
85
85
85
85
85
85
85
85
84
84
84
84
84
84
84
84
84
84
84
84
84
84
84
84
84
84
84
84
84
84
84
84
84
84
84
84
84
84
83
83
83
83
83
83
83
83
83
83
83
83
83
83
83
83
83
83
83
83
83
83
83
83
83
83
83
83
83
82
82
82
82
82
82
82
82
82
82
82
82
82
82
82
82
82
82
82
82
82
82
82
82
82
82
82
82
82
82
82
82
82
82
82
82
82
82
82
82
82
82
82
81
81
81
81
81
81
81
81
81
81
81
81
81
81
81
81
81
81
81
81
81
81
81
81
81
81
81
80
80
80
80
80
80
80
80
80
80
80
80
80
80
80
80
80
80
80
80
80
80
80
80
80
80
79
79
79
79
79
79
79
79
79
79
79
79
79
79
79
79
79
79
79
79
79
79
79
79
79
79
78
78
78
78
78
78
78
78
78
78
78
78
78
78
78
78
78
78
78
78
78
78
78
78
78
78
78
77
77
77
77
77
77
77
77
77
77
77
77
77
77
77
77
77
77
77
77
77
77
77
77
77
77
77
77
77
77
77
77
77
77
77
77
77
76
76
76
76
76
76
76
76
76
76
76
76
76
76
76
76
76
76
76
76
76
76
76
75
75
75
75
75
75
75
75
75
75
75
75
75
75
75
75
75
75
75
75
75
75
75
75
75
75
75
75
75
75
75
75
75
75
75
75
75
75
75
75
75
74
74
74
74
74
74
74
74
74
74
74
74
74
74
74
74
74
74
74
74
74
74
74
74
74
74
74
74
74
74
74
74
74
74
74
74
74
74
74
74
74
74
74
74
73
73
73
73
73
73
73
73
73
73
73
73
73
73
73
73
73
73
73
73
73
73
73
73
73
73
73
73
73
72
72
72
72
72
72
72
72
72
72
72
72
72
72
72
72
72
72
72
72
72
72
72
72
72
72
72
72
72
72
72
72
72
72
72
72
72
72
71
71
71
71
71
71
71
71
71
71
71
71
71
71
71
71
71
71
71
71
71
71
71
71
71
71
71
70
70
70
70
70
70
70
70
70
70
70
70
70
70
70
70
70
70
70
70
70
70
70
70
70
70
70
70
70
70
70
70
70
70
70
69
69
69
69
69
69
69
69
69
69
69
69
69
69
69
69
69
69
69
69
69
69
69
69
69
69
69
69
69
69
69
69
69
69
69
69
69
69
68
68
68
68
68
68
68
68
68
68
68
68
68
68
68
68
68
68
68
68
68
68
68
68
68
68
68
68
68
68
68
67
67
67
67
67
67
67
67
67
67
67
67
67
67
67
67
67
67
67
67
67
67
67
67
67
67
67
67
67
67
67
67
66
66
66
66
66
66
66
66
66
66
66
66
66
66
66
66
66
66
66
66
66
66
66
66
66
66
66
66
66
66
66
66
66
66
66
66
65
65
65
65
65
65
65
65
65
65
65
65
65
65
65
65
65
65
65
65
65
65
65
65
65
65
65
65
65
65
65
65
65
65
65
65
65
65
64
64
64
64
64
64
64
64
64
64
64
64
64
64
64
64
64
64
64
64
64
64
64
64
64
64
64
64
64
64
63
63
63
63
63
63
63
63
63
63
63
63
63
63
63
63
63
63
63
63
63
63
63
63
63
63
63
63
63
63
63
63
63
63
63
62
62
62
62
62
62
62
62
62
62
62
62
62
62
62
62
62
62
62
62
62
62
62
62
62
62
62
62
62
62
62
62
62
62
62
62
62
62
62
62
62
62
62
62
62
62
62
61
61
61
61
61
61
61
61
61
61
61
61
61
61
61
61
61
61
61
61
61
61
61
61
61
61
61
61
61
61
61
61
61
61
61
60
60
60
60
60
60
60
60
60
60
60
60
60
60
60
60
60
60
60
60
60
60
60
60
60
60
60
60
60
60
60
60
60
60
59
59
59
59
59
59
59
59
59
59
59
59
59
59
59
59
59
59
59
59
59
59
59
59
59
59
59
59
59
59
59
59
59
59
59
59
59
59
59
59
59
59
59
59
59
59
58
58
58
58
58
58
58
58
58
58
58
58
58
58
58
58
58
58
58
58
58
58
58
58
58
58
58
58
58
58
58
58
58
58
58
57
57
57
57
57
57
57
57
57
57
57
57
57
57
57
57
57
57
57
57
57
57
57
57
57
57
56
56
56
56
56
56
56
56
56
56
56
56
56
56
56
56
56
56
56
56
56
56
56
56
56
56
56
56
56
56
56
56
56
56
56
56
56
55
55
55
55
55
55
55
55
55
55
55
55
55
55
55
55
55
55
55
55
55
55
55
55
55
55
55
55
55
55
55
55
55
55
55
55
54
54
54
54
54
54
54
54
54
54
54
54
54
54
54
54
54
54
54
54
54
54
54
54
54
54
54
54
54
54
54
54
54
54
54
54
54
54
54
54
54
54
54
54
54
54
54
54
53
53
53
53
53
53
53
53
53
53
53
53
53
53
53
53
53
53
53
53
53
53
53
53
53
53
53
53
53
53
52
52
52
52
52
52
52
52
52
52
52
52
52
52
52
52
52
52
52
52
52
52
52
52
52
52
52
52
52
52
52
52
52
51
51
51
51
51
51
51
51
51
51
51
51
51
51
51
51
51
51
51
51
51
51
51
51
51
51
51
51
50
50
50
50
50
50
50
50
50
50
50
50
50
50
50
50
50
50
50
50
50
50
50
50
50
50
50
50
50
50
50
50
50
50
50
50
50
50
50
49
49
49
49
49
49
49
49
49
49
49
49
49
49
49
49
49
49
49
49
49
49
49
49
49
49
49
49
49
49
49
49
49
49
49
49
49
49
49
49
49
48
48
48
48
48
48
48
48
48
48
48
48
48
48
48
48
48
48
48
48
48
48
48
48
48
48
48
48
48
48
48
48
48
48
48
48
48
48
47
47
47
47
47
47
47
47
47
47
47
47
47
47
47
47
47
47
47
47
47
47
47
47
47
47
47
47
47
47
47
47
47
46
46
46
46
46
46
46
46
46
46
46
46
46
46
46
46
46
46
46
46
46
46
46
46
46
46
46
46
46
46
46
46
46
46
46
46
46
45
45
45
45
45
45
45
45
45
45
45
45
45
45
45
45
45
45
45
45
45
45
45
45
45
45
45
45
45
45
45
45
45
45
45
45
45
45
45
45
45
45
44
44
44
44
44
44
44
44
44
44
44
44
44
44
44
44
44
44
44
44
44
44
44
44
44
44
44
44
44
44
44
44
44
44
44
44
44
44
43
43
43
43
43
43
43
43
43
43
43
43
43
43
43
43
43
43
43
43
43
43
43
43
43
43
43
43
43
43
43
43
43
43
42
42
42
42
42
42
42
42
42
42
42
42
42
42
42
42
42
42
42
42
42
42
42
42
42
42
42
42
42
42
42
42
42
42
42
42
42
42
42
42
42
42
42
42
42
41
41
41
41
41
41
41
41
41
41
41
41
41
41
41
41
41
41
41
41
41
41
41
41
41
41
41
41
41
41
41
41
41
41
41
41
41
41
41
41
41
41
41
41
41
41
41
41
41
41
41
40
40
40
40
40
40
40
40
40
40
40
40
40
40
40
40
40
40
40
40
40
40
40
40
40
40
40
40
40
40
40
40
40
40
40
40
40
40
40
40
40
40
40
40
39
39
39
39
39
39
39
39
39
39
39
39
39
39
39
39
39
39
39
39
39
39
39
39
39
39
39
38
38
38
38
38
38
38
38
38
38
38
38
38
38
38
38
38
38
38
38
38
38
38
38
38
38
38
38
38
38
38
38
38
38
38
38
38
38
38
38
38
38
38
38
38
38
37
37
37
37
37
37
37
37
37
37
37
37
37
37
37
37
37
37
37
37
37
37
37
37
37
37
37
37
37
37
37
37
37
37
37
37
37
37
37
37
37
37
37
37
37
36
36
36
36
36
36
36
36
36
36
36
36
36
36
36
36
36
36
36
36
36
36
36
36
36
36
36
36
36
36
36
36
36
36
36
36
36
36
36
36
35
35
35
35
35
35
35
35
35
35
35
35
35
35
35
35
35
35
35
35
35
35
35
35
35
35
35
35
35
35
35
35
35
35
35
35
34
34
34
34
34
34
34
34
34
34
34
34
34
34
34
34
34
34
34
34
34
34
34
34
34
34
34
34
34
34
34
34
34
34
34
34
34
34
34
34
34
34
34
34
33
33
33
33
33
33
33
33
33
33
33
33
33
33
33
33
33
33
33
33
33
33
33
33
33
33
33
33
33
33
33
33
33
33
33
33
33
33
33
33
33
33
33
33
33
33
33
33
32
32
32
32
32
32
32
32
32
32
32
32
32
32
32
32
32
32
32
32
32
32
32
32
32
32
32
32
32
32
32
32
32
32
32
31
31
31
31
31
31
31
31
31
31
31
31
31
31
31
31
31
31
31
31
31
31
31
31
31
31
31
31
31
31
31
31
31
31
31
31
31
31
31
31
31
31
31
30
30
30
30
30
30
30
30
30
30
30
30
30
30
30
30
30
30
30
30
30
30
30
30
30
30
30
30
30
30
30
30
30
30
30
30
30
30
30
30
29
29
29
29
29
29
29
29
29
29
29
29
29
29
29
29
29
29
29
29
29
29
29
29
29
29
29
29
29
29
29
29
29
29
29
29
29
29
29
29
29
29
29
29
29
29
29
29
29
28
28
28
28
28
28
28
28
28
28
28
28
28
28
28
28
28
28
28
28
28
28
28
28
28
28
28
28
28
28
28
28
28
28
28
28
28
28
28
28
28
28
28
28
27
27
27
27
27
27
27
27
27
27
27
27
27
27
27
27
27
27
27
27
27
27
27
27
27
27
27
27
27
27
27
27
27
27
27
27
27
27
27
27
27
27
27
27
27
27
27
26
26
26
26
26
26
26
26
26
26
26
26
26
26
26
26
26
26
26
26
26
26
26
26
26
26
26
26
26
26
26
26
26
26
26
26
26
26
26
26
26
26
26
26
26
26
26
26
26
26
26
26
25
25
25
25
25
25
25
25
25
25
25
25
25
25
25
25
25
25
25
25
25
25
25
25
25
25
25
25
25
25
25
25
25
25
25
25
25
25
25
25
25
25
25
25
25
25
25
24
24
24
24
24
24
24
24
24
24
24
24
24
24
24
24
24
24
24
24
24
24
24
24
24
24
24
24
24
24
24
24
24
24
24
24
24
24
24
24
24
24
24
24
24
24
24
24
24
24
24
24
24
24
24
24
24
23
23
23
23
23
23
23
23
23
23
23
23
23
23
23
23
23
23
23
23
23
23
23
23
23
23
23
23
23
23
23
23
23
23
23
23
23
23
23
23
23
23
23
22
22
22
22
22
22
22
22
22
22
22
22
22
22
22
22
22
22
22
22
22
22
22
22
22
22
22
22
22
22
22
22
22
22
22
22
22
22
22
22
22
22
22
21
21
21
21
21
21
21
21
21
21
21
21
21
21
21
21
21
21
21
21
21
21
21
21
21
21
21
21
21
21
21
21
21
21
21
21
21
21
21
21
21
21
21
21
21
21
21
21
21
21
21
21
21
21
21
21
21
20
20
20
20
20
20
20
20
20
20
20
20
20
20
20
20
20
20
20
20
20
20
20
20
20
20
20
20
20
20
20
20
20
20
20
20
20
20
20
20
20
20
20
20
20
20
20
20
20
20
20
20
20
20
20
20
20
20
20
20
20
20
20
20
20
20
20
20
20
20
20
20
20
20
20
20
20
20
19
19
19
19
19
19
19
19
19
19
19
19
19
19
19
19
19
19
19
19
19
19
19
19
19
19
19
19
19
19
19
19
19
19
19
19
19
19
19
19
18
18
18
18
18
18
18
18
18
18
18
18
18
18
18
18
18
18
18
18
18
18
18
18
18
18
18
18
18
18
18
18
18
18
18
18
18
18
18
18
18
18
18
18
18
18
18
18
18
18
18
18
17
17
17
17
17
17
17
17
17
17
17
17
17
17
17
17
17
17
17
17
17
17
17
17
17
17
17
17
17
17
17
17
17
17
17
17
17
17
17
17
17
17
17
17
17
17
17
17
17
17
17
17
17
17
17
17
17
17
17
17
16
16
16
16
16
16
16
16
16
16
16
16
16
16
16
16
16
16
16
16
16
16
16
16
16
16
16
16
16
16
16
16
16
16
16
16
16
16
16
16
16
16
16
16
16
16
16
16
16
16
16
16
16
16
16
16
16
16
15
15
15
15
15
15
15
15
15
15
15
15
15
15
15
15
15
15
15
15
15
15
15
15
15
15
15
15
15
15
15
15
15
15
15
15
15
15
15
15
15
15
15
15
15
15
15
15
15
15
15
15
15
15
15
15
15
15
15
14
14
14
14
14
14
14
14
14
14
14
14
14
14
14
14
14
14
14
14
14
14
14
14
14
14
14
14
14
14
14
14
14
14
14
14
14
14
14
14
14
14
14
14
14
14
14
14
14
14
14
14
14
14
14
14
14
14
14
14
14
14
14
14
14
14
14
14
14
14
14
14
14
14
14
14
14
14
14
14
14
13
13
13
13
13
13
13
13
13
13
13
13
13
13
13
13
13
13
13
13
13
13
13
13
13
13
13
13
13
13
13
13
13
13
13
13
13
13
13
13
13
13
13
13
13
13
13
13
13
13
13
13
13
13
13
13
13
13
13
12
12
12
12
12
12
12
12
12
12
12
12
12
12
12
12
12
12
12
12
12
12
12
12
12
12
12
12
12
12
12
12
12
12
12
12
12
12
12
12
12
12
12
12
12
12
12
12
12
12
12
12
12
12
12
12
12
12
12
12
12
12
12
12
12
12
12
12
12
12
12
12
12
12
12
11
11
11
11
11
11
11
11
11
11
11
11
11
11
11
11
11
11
11
11
11
11
11
11
11
11
11
11
11
11
11
11
11
11
11
11
11
11
11
11
11
11
11
11
11
11
11
11
11
11
11
11
11
11
11
11
11
11
11
11
11
11
11
11
11
11
11
11
11
11
11
11
11
11
11
11
11
11
11
10
10
10
10
10
10
10
10
10
10
10
10
10
10
10
10
10
10
10
10
10
10
10
10
10
10
10
10
10
10
10
10
10
10
10
10
10
10
10
10
10
10
10
10
10
10
10
10
10
10
10
10
10
10
10
10
10
10
10
10
10
10
10
10
10
10
10
10
10
10
10
10
10
10
10
10
10
10
10
10
9
9
9
9
9
9
9
9
9
9
9
9
9
9
9
9
9
9
9
9
9
9
9
9
9
9
9
9
9
9
9
9
9
9
9
9
9
9
9
9
9
9
9
9
9
9
9
9
9
9
9
9
9
9
9
9
9
9
9
9
9
9
9
9
9
9
9
9
9
9
9
9
9
9
9
9
9
8
8
8
8
8
8
8
8
8
8
8
8
8
8
8
8
8
8
8
8
8
8
8
8
8
8
8
8
8
8
8
8
8
8
8
8
8
8
8
8
8
8
8
8
8
8
8
8
8
8
8
8
8
8
8
8
8
8
8
8
8
8
8
8
8
8
8
8
8
8
8
8
8
8
8
8
8
8
8
8
8
8
8
8
8
8
8
8
8
8
8
8
8
8
8
8
8
8
8
8
8
8
8
8
8
7
7
7
7
7
7
7
7
7
7
7
7
7
7
7
7
7
7
7
7
7
7
7
7
7
7
7
7
7
7
7
7
7
7
7
7
7
7
7
7
7
7
7
7
7
7
7
7
7
7
7
7
7
7
7
7
7
7
7
7
7
7
7
7
7
7
7
7
7
7
7
7
7
7
7
7
7
7
6
6
6
6
6
6
6
6
6
6
6
6
6
6
6
6
6
6
6
6
6
6
6
6
6
6
6
6
6
6
6
6
6
6
6
6
6
6
6
6
6
6
6
6
6
6
6
6
6
6
6
6
6
6
6
6
6
6
6
6
6
6
6
6
6
6
6
6
6
6
6
6
6
6
6
6
6
6
6
6
6
6
6
6
6
6
6
6
6
6
6
6
6
6
6
6
6
6
6
6
6
6
6
6
6
6
6
6
6
6
6
6
6
6
6
6
6
6
6
6
6
6
6
6
6
6
6
6
6
6
6
6
6
6
6
6
6
6
6
6
6
6
6
6
6
6
5
5
5
5
5
5
5
5
5
5
5
5
5
5
5
5
5
5
5
5
5
5
5
5
5
5
5
5
5
5
5
5
5
5
5
5
5
5
5
5
5
5
5
5
5
5
5
5
5
5
5
5
5
5
5
5
5
5
5
5
5
5
5
5
5
5
5
5
5
5
5
5
5
5
5
5
5
5
5
5
5
5
5
5
5
5
5
5
5
5
5
5
5
5
5
5
5
5
5
5
5
5
5
5
5
4
4
4
4
4
4
4
4
4
4
4
4
4
4
4
4
4
4
4
4
4
4
4
4
4
4
4
4
4
4
4
4
4
4
4
4
4
4
4
4
4
4
4
4
4
4
4
4
4
4
4
4
4
4
4
4
4
4
4
4
4
4
4
4
4
4
4
4
4
4
4
4
4
4
4
4
4
4
4
4
4
4
4
4
4
4
4
4
4
4
4
4
4
4
4
4
4
4
4
4
4
4
4
4
4
4
4
4
4
4
4
4
4
4
4
4
4
4
4
4
4
4
4
4
4
4
4
4
4
4
4
4
4
4
4
4
4
4
4
4
4
4
4
4
4
4
4
4
4
4
4
4
4
4
4
4
4
4
3
3
3
3
3
3
3
3
3
3
3
3
3
3
3
3
3
3
3
3
3
3
3
3
3
3
3
3
3
3
3
3
3
3
3
3
3
3
3
3
3
3
3
3
3
3
3
3
3
3
3
3
3
3
3
3
3
3
3
3
3
3
3
3
3
3
3
3
3
3
3
3
3
3
3
3
3
3
3
3
3
3
3
3
3
3
3
3
3
3
3
3
3
3
3
3
3
3
3
3
3
3
3
3
3
3
3
3
3
3
3
3
3
3
3
3
3
3
3
3
3
3
3
3
3
3
3
3
3
3
3
3
3
3
3
3
3
3
3
3
3
3
3
3
3
3
3
3
3
3
3
3
3
3
3
3
3
3
3
3
3
3
3
3
3
3
3
3
3
3
3
3
3
3
2
2
2
2
2
2
2
2
2
2
2
2
2
2
2
2
2
2
2
2
2
2
2
2
2
2
2
2
2
2
2
2
2
2
2
2
2
2
2
2
2
2
2
2
2
2
2
2
2
2
2
2
2
2
2
2
2
2
2
2
2
2
2
2
2
2
2
2
2
2
2
2
2
2
2
2
2
2
2
2
2
2
2
2
2
2
2
2
2
2
2
2
2
2
2
2
2
2
2
2
2
2
2
2
2
2
2
2
2
2
2
2
2
2
2
2
2
2
2
2
2
2
2
2
2
2
2
2
2
2
2
2
2
2
2
2
2
2
2
2
2
2
2
2
2
2
2
2
2
2
2
2
2
2
2
2
2
2
2
2
2
2
2
2
2
2
2
2
2
2
2
2
2
2
2
2
2
2
2
2
2
2
2
2
2
2
2
2
2
2
2
2
2
2
2
2
2
2
2
2
2
2
2
2
2
2
2
2
2
2
2
2
2
2
2
2
2
2
2
2
2
2
2
2
2
2
2
2
1
1
1
1
1
1
1
1
1
1
1
1
1
1
1
1
1
1
1
1
1
1
1
1
1
1
1
1
1
1
1
1
1
1
1
1
1
1
1
1
1
1
1
1
1
1
1
1
1
1
1
1
1
1
1
1
1
1
1
1
1
1
1
1
1
1
1
1
1
1
1
1
1
1
1
1
1
1
1
1
1
1
1
1
1
1
1
1
1
1
1
1
1
1
1
1
1
1
1
1
1
1
1
1
1
1
1
1
1
1
1
1
1
1
1
1
1
1
1
1
1
1
1
1
1
1
1
1
1
1
1
1
1
1
1
1
1
1
1
1
1
1
1
1
1
1
1
1
1
1
1
1
1
1
1
1
1
1
1
1
1
1
1
1
1
1
1
1
1
1
1
1
1
1
1
1
1
1
1
1
1
1
1
1
1
1
1
1
1
1
1
1
1
1
1
1
1
1
1
1
1
1
1
1
1
1
1
1
1
1
1
1
1
1
1
1
1
1
1
1
1
1
1
1
1
1
1
1
1
1
1
1
1
1
1
1
1
1
1
1
1
1
1
1
1
1
1
1
1
1
1
1
