279231
278443
277904
276898
276889
276659
276627
276482
276264
276230
276013
275965
275941
275765
275533
275500
275319
275303
275224
274950
274877
274828
274681
274358
274350
274305
274205
274162
274087
274049
274017
273977
273879
273807
273708
273541
273362
273165
273074
273030
273022
272885
272881
272862
272718
272683
272639
272543
272312
272044
271980
271956
271413
271239
271149
270899
270344
270268
270132
270122
269816
269169
266749
265613
100204
98558
98374
98148
97770
97708
97541
97413
97362
97297
97232
97167
97115
97098
96880
96855
96832
96531
96500
96374
96245
96172
96056
95958
95848
95788
95752
95734
95696
95638
95611
95598
95579
95573
95464
95415
95415
95382
95313
95263
95224
95109
95095
95071
95068
95067
95039
94888
94856
94696
94666
94659
94649
94642
94625
94620
94602
94575
94574
94478
94417
94386
94356
94326
94276
94231
94155
94056
94054
94053
94026
94014
93997
93983
93979
93946
93946
93895
93870
93849
93820
93810
93803
93731
93731
93680
93676
93662
93656
93640
93581
93571
93495
93493
93485
93458
93448
93421
93418
93361
93354
93329
93325
93317
93292
93292
93287
93285
93269
93258
93257
93256
93227
93210
93152
93106
93102
93079
93076
93052
93018
93014
93010
93005
92970
92954
92952
92943
92941
92917
92884
92841
92823
92791
92786
92748
92735
92729
92710
92709
92702
92664
92652
92640
92637
92610
92602
92598
92592
92582
92546
92544
92517
92497
92495
92489
92488
92487
92482
92464
92427
92419
92413
92371
92367
92364
92358
92357
92356
92351
92337
92329
92326
92308
92306
92305
92284
92221
92217
92207
92183
92183
92176
92167
92164
92157
92157
92106
92082
92081
92048
92030
92022
92019
92000
91974
91948
91932
91921
91909
91895
91889
91855
91830
91787
91752
91730
91729
91724
91697
91688
91677
91670
91661
91660
91649
91641
91620
91617
91614
91612
91591
91573
91572
91570
91514
91453
91446
91442
91435
91425
91422
91416
91415
91402
91389
91359
91351
91349
91317
91314
91280
91278
91258
91222
91215
91214
91201
91186
91183
91182
91175
91167
91160
91147
91135
91134
91099
91077
91065
91064
91060
91048
91045
91022
91016
91004
91002
91001
91000
90999
90998
90974
90958
90956
90954
90953
90949
90946
90941
90929
90924
90922
90919
90917
90916
90913
90911
90858
90846
90844
90834
90833
90829
90816
90807
90797
90789
90744
90742
90740
90723
90720
90691
90673
90669
90667
90652
90645
90634
90602
90600
90599
90597
90595
90594
90590
90588
90559
90557
90538
90532
90531
90518
90510
90506
90492
90491
90482
90480
90470
90468
90465
90455
90442
90437
90414
90413
90406
90401
90401
90399
90372
90372
90361
90359
90337
90334
90324
90321
90314
90310
90295
90276
90243
90237
90236
90236
90218
90213
90208
90196
90187
90187
90185
90181
90176
90174
90172
90158
90145
90143
90137
90134
90131
90125
90124
90119
90114
90111
90087
90082
90075
90071
90070
90068
90065
90063
90044
90043
90032
90032
90020
90005
90002
89990
89958
89955
89950
89947
89933
89919
89919
89903
89898
89896
89875
89871
89870
89865
89865
89861
89855
89849
89844
89843
89837
89835
89835
89832
89828
89820
89818
89813
89799
89797
89782
89782
89779
89770
89761
89759
89759
89751
89728
89727
89704
89703
89698
89693
89689
89681
89681
89680
89680
89670
89647
89644
89641
89638
89631
89627
89617
89609
89606
89597
89592
89588
89585
89582
89570
89559
89554
89529
89525
89525
89490
89481
89475
89473
89461
89457
89456
89450
89448
89434
89431
89430
89426
89418
89418
89404
89396
89393
89390
89378
89378
89375
89373
89371
89371
89360
89355
89345
89336
89326
89325
89318
89311
89303
89302
89302
89285
89282
89273
89262
89262
89261
89256
89252
89249
89248
89238
89230
89230
89227
89226
89218
89218
89214
89208
89207
89204
89192
89185
89184
89180
89166
89163
89163
89162
89158
89150
89126
89122
89118
89117
89112
89110
89110
89106
89105
89101
89100
89090
89090
89088
89087
89079
89075
89074
89070
89070
89066
89065
89063
89060
89060
89041
89036
89023
89008
89003
89003
88999
88995
88976
88975
88973
88972
88963
88955
88949
88947
88946
88943
88943
88932
88926
88926
88913
88903
88901
88880
88857
88856
88855
88851
88847
88844
88841
88839
88838
88831
88824
88820
88819
88818
88807
88805
88805
88801
88796
88794
88793
88788
88784
88778
88778
88775
88772
88757
88741
88733
88729
88727
88703
88686
88682
88658
88653
88650
88649
88649
88648
88643
88640
88639
88633
88630
88623
88623
88622
88620
88609
88608
88602
88601
88598
88597
88595
88592
88591
88583
88573
88571
88571
88565
88564
88553
88546
88538
88538
88536
88535
88522
88519
88495
88487
88487
88476
88474
88472
88467
88463
88463
88456
88450
88437
88434
88429
88415
88411
88402
88401
88382
88378
88370
88359
88349
88342
88330
88330
88329
88301
88290
88289
88276
88272
88270
88254
88234
88230
88224
88223
88214
88210
88207
88207
88206
88203
88197
88194
88192
88178
88174
88172
88171
88170
88162
88161
88158
88150
88149
88148
88143
88143
88123
88113
88112
88109
88097
88095
88090
88089
88089
88085
88084
88080
88078
88077
88070
88067
88059
88057
88052
88051
88037
88034
88022
88014
88013
88010
88009
88003
87990
87983
87976
87964
87964
87946
87937
87930
87929
87926
87924
87923
87918
87907
87902
87902
87900
87894
87889
87888
87883
87874
87868
87867
87862
87855
87855
87855
87854
87850
87845
87844
87844
87843
87836
87830
87826
87824
87820
87819
87819
87819
87811
87809
87807
87791
87788
87787
87784
87783
87777
87770
87767
87763
87754
87749
87747
87742
87739
87733
87733
87729
87727
87726
87724
87721
87717
87714
87711
87700
87695
87693
87682
87678
87672
87669
87667
87664
87658
87658
87646
87646
87635
87634
87622
87617
87615
87615
87600
87592
87588
87587
87582
87581
87573
87572
87570
87567
87563
87562
87561
87558
87546
87542
87537
87536
87527
87526
87521
87513
87512
87512
87508
87506
87504
87496
87492
87485
87485
87480
87470
87451
87449
87447
87442
87440
87439
87437
87436
87424
87424
87422
87421
87420
87419
87414
87413
87412
87406
87395
87395
87388
87375
87375
87375
87363
87359
87359
87358
87351
87348
87346
87345
87344
87334
87333
87328
87328
87306
87301
87297
87297
87296
87290
87287
87284
87271
87268
87266
87265
87262
87259
87251
87250
87250
87247
87246
87243
87237
87237
87223
87216
87209
87208
87208
87205
87202
87201
87201
87198
87187
87185
87174
87164
87149
87147
87145
87142
87139
87138
87125
87125
87122
87122
87122
87112
87106
87105
87102
87098
87097
87092
87087
87082
87082
87074
87072
87060
87058
87056
87054
87051
87044
87038
87031
87025
87023
87015
87010
87009
87008
86997
86997
86987
86987
86986
86982
86982
86979
86977
86973
86968
86966
86961
86959
86953
86951
86949
86946
86946
86946
86938
86937
86934
86928
86924
86920
86916
86911
86900
86897
86896
86891
86889
86886
86885
86877
86876
86874
86871
86866
86860
86857
86853
86851
86848
86848
86839
86828
86825
86808
86805
86804
86802
86789
86787
86769
86763
86762
86755
86747
86745
86739
86735
86732
86727
86727
86726
86721
86720
86720
86719
86717
86713
86712
86708
86705
86700
86695
86695
86692
86690
86689
86685
86684
86684
86679
86678
86678
86667
86663
86663
86662
86656
86649
86646
86645
86644
86642
86641
86633
86611
86601
86596
86590
86587
86586
86578
86572
86565
86564
86556
86554
86552
86543
86543
86543
86537
86523
86510
86508
86505
86503
86483
86480
86479
86476
86472
86467
86460
86450
86449
86439
86433
86427
86426
86425
86424
86422
86421
86417
86410
86408
86405
86402
86385
86385
86384
86383
86378
86374
86370
86367
86363
86360
86355
86353
86352
86345
86345
86341
86338
86338
86336
86326
86315
86307
86304
86304
86302
86300
86300
86292
86286
86279
86274
86263
86261
86247
86245
86244
86242
86241
86234
86229
86228
86225
86224
86221
86211
86205
86204
86201
86201
86200
86193
86191
86184
86183
86182
86181
86177
86169
86165
86163
86160
86159
86155
86152
86146
86145
86137
86129
86127
86124
86118
86116
86112
86111
86111
86110
86109
86107
86104
86104
86097
86095
86091
86089
86087
86082
86079
86078
86072
86071
86066
86065
86065
86062
86059
86058
86051
86046
86046
86043
86038
86033
86020
86017
86015
86014
86013
86011
86010
86010
86009
86007
85999
85998
85995
85987
85979
85976
85974
85961
85958
85957
85952
85952
85950
85949
85947
85937
85933
85932
85932
85930
85928
85927
85919
85917
85916
85908
85898
85898
85896
85891
85890
85889
85886
85883
85874
85865
85863
85863
85853
85853
85851
85848
85845
85845
85844
85843
85840
85839
85838
85836
85835
85829
85819
85814
85812
85811
85804
85802
85797
85797
85793
85790
85790
85788
85787
85786
85784
85780
85778
85776
85775
85773
85772
85770
85767
85766
85762
85757
85753
85753
85753
85749
85744
85743
85742
85737
85733
85728
85726
85723
85709
85702
85701
85695
85694
85693
85692
85686
85682
85674
85670
85668
85665
85665
85657
85656
85654
85652
85645
85642
85641
85636
85633
85631
85629
85628
85623
85622
85612
85611
85610
85606
85604
85604
85600
85591
85591
85587
85586
85586
85585
85575
85574
85571
85562
85560
85558
85552
85550
85547
85546
85542
85542
85541
85540
85538
85538
85536
85525
85523
85520
85520
85511
85511
85509
85506
85505
85504
85502
85499
85499
85494
85490
85481
85480
85476
85476
85471
85471
85468
85463
85458
85457
85455
85450
85448
85448
85442
85438
85430
85428
85417
85417
85412
85405
85404
85398
85389
85389
85388
85377
85376
85374
85371
85370
85370
85369
85360
85357
85355
85351
85326
85313
85308
85306
85305
85304
85303
85303
85302
85300
85298
85298
85295
85290
85289
85280
85277
85273
85268
85266
85255
85255
85248
85236
85234
85229
85222
85211
85197
85197
85193
85189
85189
85182
85181
85180
85173
85173
85165
85155
85146
85143
85142
85136
85135
85128
85123
85120
85113
85110
85105
85094
85094
85083
85082
85079
85070
85069
85069
85065
85063
85056
85055
85054
85047
85046
85041
85040
85038
85032
85031
85021
85014
85006
85002
84999
84995
84987
84985
84982
84974
84963
84962
84959
84959
84950
84947
84946
84946
84944
84943
84936
84933
84933
84931
84925
84916
84908
84899
84897
84895
84895
84888
84887
84885
84885
84884
84881
84879
84878
84874
84874
84870
84870
84868
84867
84863
84860
84859
84857
84856
84850
84845
84842
84838
84838
84834
84821
84817
84811
84810
84804
84803
84800
84798
84792
84792
84785
84782
84782
84779
84779
84778
84769
84762
84760
84752
84742
84734
84733
84730
84730
84728
84713
84710
84706
84705
84704
84704
84694
84693
84688
84683
84682
84680
84670
84670
84659
84656
84651
84649
84648
84648
84643
84642
84641
84641
84639
84637
84633
84630
84629
84619
84613
84608
84604
84602
84602
84597
84596
84594
84591
84590
84583
84582
84581
84577
84575
84575
84575
84571
84571
84570
84568
84567
84550
84548
84546
84545
84542
84532
84530
84529
84528
84525
84524
84522
84516
84514
84507
84499
84498
84495
84492
84490
84489
84486
84484
84480
84473
84470
84470
84465
84463
84463
84461
84460
84459
84453
84452
84451
84444
84442
84442
84438
84437
84437
84432
84422
84422
84422
84420
84418
84417
84416
84413
84400
84396
84393
84388
84384
84378
84370
84368
84359
84358
84352
84352
84345
84343
84343
84342
84342
84337
84335
84334
84334
84333
84331
84331
84329
84328
84328
84327
84326
84324
84323
84320
84314
84313
84312
84311
84310
84306
84304
84301
84301
84299
84294
84291
84291
84289
84289
84286
84285
84278
84276
84275
84272
84266
84266
84263
84263
84259
84256
84254
84254
84253
84252
84248
84248
84245
84242
84238
84237
84235
84234
84230
84226
84218
84218
84207
84205
84203
84197
84193
84185
84181
84179
84177
84175
84171
84170
84168
84167
84166
84165
84161
84157
84151
84149
84148
84147
84138
84138
84137
84129
84125
84119
84117
84111
84110
84108
84105
84099
84095
84092
84090
84086
84082
84080
84076
84075
84071
84070
84067
84064
84064
84061
84060
84053
84047
84044
84040
84040
84037
84037
84033
84032
84032
84030
84030
84024
84018
84012
84006
84001
84000
83998
83998
83996
83996
83996
83991
83988
83988
83988
83988
83984
83977
83976
83965
83962
83957
83956
83953
83940
83938
83932
83930
83928
83926
83924
83923
83920
83919
83918
83913
83904
83903
83902
83899
83894
83891
83889
83883
83878
83876
83869
83865
83865
83862
83862
83861
83852
83848
83847
83842
83840
83840
83840
83837
83832
83831
83831
83826
83825
83824
83824
83817
83812
83812
83802
83802
83800
83800
83799
83795
83793
83792
83789
83787
83776
83776
83773
83767
83767
83766
83759
83752
83743
83741
83739
83732
83730
83726
83705
83703
83699
83694
83685
83682
83682
83679
83679
83674
83663
83661
83659
83658
83653
83651
83638
83637
83636
83633
83628
83626
83623
83621
83617
83614
83614
83610
83606
83602
83602
83599
83597
83596
83591
83583
83581
83581
83573
83571
83570
83567
83566
83565
83562
83561
83560
83559
83553
83545
83534
83534
83534
83528
83523
83518
83511
83507
83502
83498
83496
83496
83493
83492
83484
83484
83479
83479
83475
83473
83471
83468
83468
83464
83462
83462
83461
83452
83450
83450
83449
83447
83437
83436
83434
83427
83420
83409
83408
83408
83405
83394
83393
83388
83386
83382
83376
83372
83368
83368
83359
83358
83354
83352
83342
83341
83340
83338
83338
83337
83316
83310
83304
83304
83299
83290
83289
83287
83283
83281
83281
83280
83279
83275
83269
83268
83267
83264
83260
83260
83257
83253
83252
83251
83250
83247
83242
83241
83241
83239
83234
83230
83229
83227
83224
83223
83221
83218
83213
83212
83209
83209
83204
83202
83194
83193
83188
83186
83181
83180
83174
83173
83170
83169
83169
83166
83165
83160
83159
83154
83151
83149
83147
83133
83127
83126
83118
83117
83114
83113
83110
83109
83108
83103
83101
83100
83098
83092
83090
83082
83081
83081
83080
83052
83050
83050
83049
83046
83045
83044
83044
83044
83042
83041
83041
83040
83032
83026
83017
83013
83011
83002
82998
82986
82985
82976
82975
82975
82970
82970
82965
82963
82962
82956
82955
82952
82951
82945
82944
82939
82929
82929
82928
82927
82926
82925
82922
82921
82921
82917
82917
82913
82912
82903
82901
82895
82892
82890
82889
82887
82884
82882
82871
82867
82863
82863
82863
82860
82858
82857
82852
82844
82838
82838
82834
82833
82830
82819
82816
82810
82809
82797
82797
82794
82789
82789
82789
82787
82787
82783
82783
82780
82779
82777
82777
82777
82774
82772
82767
82767
82765
82764
82763
82751
82751
82750
82749
82747
82746
82736
82735
82735
82721
82721
82716
82715
82706
82703
82702
82700
82699
82698
82695
82695
82693
82690
82682
82681
82677
82674
82673
82673
82670
82670
82667
82659
82657
82656
82654
82652
82649
82645
82643
82640
82638
82634
82633
82630
82625
82623
82622
82620
82619
82613
82608
82607
82605
82602
82597
82595
82593
82589
82587
82585
82585
82583
82583
82582
82581
82579
82579
82578
82577
82577
82573
82570
82570
82567
82567
82561
82560
82559
82556
82553
82553
82549
82548
82547
82546
82544
82543
82538
82536
82534
82533
82521
82516
82514
82512
82504
82503
82501
82501
82498
82495
82489
82489
82488
82486
82483
82474
82469
82467
82465
82459
82455
82451
82450
82450
82450
82447
82443
82441
82434
82432
82430
82424
82421
82418
82411
82407
82406
82405
82402
82400
82391
82391
82388
82386
82386
82382
82378
82378
82377
82376
82375
82373
82373
82372
82371
82367
82367
82363
82358
82356
82354
82353
82352
82348
82344
82344
82341
82340
82332
82330
82329
82314
82311
82311
82301
82296
82296
82278
82276
82269
82269
82267
82262
82262
82261
82250
82248
82243
82233
82230
82226
82222
82222
82221
82218
82212
82209
82208
82206
82204
82203
82202
82201
82201
82197
82197
82194
82181
82179
82179
82178
82171
82168
82166
82156
82155
82151
82149
82143
82140
82140
82138
82132
82126
82125
82124
82124
82115
82111
82110
82099
82098
82097
82091
82089
82088
82088
82083
82078
82073
82073
82069
82068
82068
82065
82064
82063
82057
82056
82051
82051
82045
82044
82038
82030
82026
82023
82022
82021
82018
82001
82000
81997
81993
81985
81981
81980
81976
81972
81968
81968
81966
81960
81960
81956
81954
81946
81943
81934
81922
81919
81912
81909
81900
81895
81894
81892
81883
81882
81879
81873
81868
81863
81861
81861
81858
81854
81846
81842
81839
81836
81835
81833
81828
81826
81826
81822
81819
81806
81806
81805
81804
81801
81797
81789
81777
81774
81774
81772
81769
81768
81767
81763
81761
81759
81755
81754
81751
81750
81746
81745
81741
81739
81732
81731
81729
81728
81727
81726
81722
81715
81713
81709
81708
81699
81691
81690
81684
81682
81679
81674
81673
81669
81668
81663
81659
81657
81654
81653
81651
81647
81643
81637
81632
81631
81613
81600
81588
81588
81587
81585
81584
81577
81571
81566
81560
81560
81559
81551
81541
81527
81517
81514
81509
81503
81503
81502
81496
81492
81490
81490
81489
81487
81487
81483
81477
81474
81469
81469
81457
81454
81452
81452
81452
81444
81441
81437
81433
81432
81432
81425
81417
81417
81417
81412
81410
81407
81393
81385
81380
81376
81374
81374
81361
81358
81357
81356
81353
81349
81349
81346
81341
81336
81333
81329
81329
81321
81311
81311
81311
81307
81303
81300
81299
81291
81277
81274
81274
81268
81265
81263
81252
81250
81249
81247
81242
81240
81239
81239
81231
81231
81231
81221
81218
81217
81217
81211
81210
81207
81205
81196
81193
81192
81182
81179
81179
81173
81171
81168
81163
81161
81159
81158
81153
81150
81150
81136
81135
81134
81134
81133
81133
81132
81131
81127
81118
81117
81106
81094
81092
81091
81084
81075
81070
81064
81063
81057
81056
81045
81044
81043
81042
81039
81037
81037
81032
81029
81028
81027
81021
81015
81014
81011
81009
81008
81007
81006
81000
80999
80998
80996
80993
80985
80984
80983
80977
80976
80973
80970
80967
80965
80961
80960
80960
80957
80957
80952
80950
80946
80943
80942
80935
80927
80927
80921
80921
80913
80898
80897
80889
80883
80882
80882
80881
80877
80872
80871
80871
80870
80864
80863
80863
80861
80860
80858
80852
80848
80847
80837
80830
80821
80818
80816
80816
80814
80808
80806
80803
80803
80800
80797
80796
80793
80786
80784
80770
80769
80764
80764
80764
80753
80745
80742
80728
80723
80713
80712
80705
80697
80692
80688
80686
80685
80682
80681
80675
80674
80669
80669
80669
80667
80658
80657
80651
80650
80644
80643
80642
80639
80637
80634
80633
80631
80626
80625
80621
80609
80608
80607
80595
80594
80594
80591
80588
80587
80585
80584
80582
80582
80581
80577
80572
80571
80570
80569
80568
80561
80555
80551
80542
80532
80531
80529
80529
80527
80524
80520
80513
80506
80504
80491
80491
80489
80484
80483
80467
80466
80465
80458
80457
80456
80454
80439
80425
80424
80423
80422
80414
80404
80399
80396
80396
80389
80384
80383
80380
80376
80375
80369
80368
80359
80354
80350
80343
80334
80332
80330
80328
80325
80322
80312
80311
80299
80299
80295
80287
80287
80277
80270
80268
80263
80257
80252
80252
80250
80249
80246
80244
80244
80242
80224
80220
80204
80202
80186
80174
80166
80160
80158
80155
80154
80150
80115
80112
80109
80109
80105
80105
80105
80102
80099
80098
80093
80086
80085
80085
80083
80081
80081
80080
80078
80070
80069
80068
80065
80061
80055
80045
80039
80036
80028
80025
80016
80005
80002
80001
79999
79995
79986
79986
79982
79981
79980
79979
79979
79977
79973
79966
79964
79960
79959
79956
79956
79954
79953
79941
79938
79935
79935
79933
79931
79927
79918
79905
79904
79901
79900
79897
79895
79894
79888
79881
79871
79870
79867
79863
79860
79855
79854
79854
79848
79835
79830
79828
79821
79820
79819
79818
79816
79809
79806
79804
79802
79801
79800
79792
79788
79785
79784
79782
79775
79771
79763
79758
79755
79751
79747
79746
79746
79742
79739
79735
79733
79729
79726
79722
79720
79714
79705
79700
79689
79680
79669
79668
79666
79660
79654
79650
79649
79649
79649
79646
79645
79642
79635
79624
79621
79618
79614
79614
79611
79604
79599
79598
79594
79592
79589
79584
79582
79581
79579
79577
79573
79573
79569
79558
79550
79543
79542
79542
79536
79535
79534
79533
79533
79521
79516
79515
79503
79502
79487
79480
79474
79473
79471
79455
79454
79451
79446
79444
79438
79430
79428
79427
79425
79425
79424
79418
79408
79408
79397
79393
79392
79390
79388
79382
79382
79376
79374
79372
79370
79369
79364
79363
79358
79351
79344
79343
79341
79341
79338
79337
79332
79330
79326
79326
79323
79322
79321
79320
79318
79318
79316
79314
79311
79311
79307
79303
79303
79302
79301
79295
79284
79279
79275
79273
79271
79269
79267
79263
79262
79260
79236
79231
79230
79226
79224
79219
79214
79211
79206
79203
79202
79196
79190
79187
79186
79186
79184
79172
79163
79155
79155
79154
79149
79146
79145
79143
79133
79128
79126
79123
79121
79118
79113
79109
79108
79102
79094
79085
79081
79068
79068
79063
79062
79059
79058
79055
79053
79052
79044
79041
79037
79033
79033
79028
79026
79025
79022
79017
79015
79003
78988
78976
78976
78973
78973
78972
78969
78966
78965
78962
78962
78961
78954
78949
78946
78942
78938
78931
78924
78919
78913
78912
78909
78904
78904
78868
78859
78853
78850
78848
78844
78835
78833
78833
78829
78827
78824
78809
78802
78795
78794
78786
78781
78773
78773
78754
78743
78725
78722
78719
78712
78707
78704
78704
78703
78700
78687
78687
78685
78681
78670
78644
78632
78619
78603
78602
78599
78595
78595
78585
78585
78578
78568
78567
78563
78556
78551
78551
78545
78541
78536
78535
78525
78518
78517
78513
78511
78507
78507
78501
78499
78497
78479
78478
78475
78465
78452
78452
78439
78408
78395
78375
78361
78360
78359
78346
78343
78340
78339
78338
78327
78315
78300
78295
78287
78284
78283
78281
78277
78261
78257
78254
78251
78248
78235
78230
78191
78176
78174
78166
78164
78159
78147
78118
78115
78108
78101
78096
78085
78072
78065
78061
78059
78057
78054
78054
78043
78026
78017
78013
78009
78005
77999
77997
77996
77993
77993
77992
77992
77991
77990
77987
77987
77971
77965
77956
77949
77944
77927
77923
77921
77916
77913
77913
77897
77881
77873
77866
77859
77857
77856
77855
77852
77849
77843
77843
77843
77840
77838
77837
77833
77829
77818
77814
77808
77789
77780
77779
77778
77773
77766
77758
77755
77741
77740
77732
77728
77726
77712
77709
77699
77689
77675
77671
77657
77648
77648
77647
77644
77640
77633
77630
77618
77607
77601
77596
77591
77572
77571
77569
77568
77565
77556
77555
77549
77541
77536
77527
77526
77525
77523
77515
77506
77493
77486
77480
77459
77456
77451
77451
77444
77442
77436
77436
77432
77413
77409
77395
77377
77369
77367
77366
77360
77360
77352
77346
77345
77340
77338
77315
77308
77307
77305
77291
77289
77283
77277
77264
77252
77252
77227
77223
77218
77203
77200
77196
77190
77183
77181
77177
77174
77150
77148
77148
77141
77139
77133
77128
77124
77116
77097
77089
77085
77083
77079
77078
77075
77071
77068
77067
77063
77060
77043
77041
77037
77031
77029
77028
77020
77017
76983
76966
76961
76957
76956
76951
76939
76923
76903
76877
76870
76869
76863
76849
76836
76835
76832
76831
76825
76819
76776
76772
76768
76757
76742
76737
76731
76729
76724
76717
76709
76708
76705
76703
76697
76693
76679
76677
76672
76667
76636
76632
76631
76615
76602
76588
76567
76563
76556
76545
76545
76544
76536
76525
76523
76518
76505
76501
76499
76494
76479
76476
76464
76458
76458
76453
76452
76443
76436
76432
76405
76401
76400
76388
76385
76374
76372
76371
76357
76355
76340
76335
76334
76327
76325
76324
76311
76308
76307
76306
76293
76279
76270
76270
76262
76255
76250
76240
76221
76219
76218
76199
76191
76186
76166
76163
76159
76155
76149
76149
76135
76130
76122
76104
76102
76102
76101
76090
76083
76062
76061
76058
76049
76048
76047
76047
76042
76032
76020
76018
76015
76012
76011
76001
75999
75987
75985
75982
75967
75958
75955
75951
75947
75938
75926
75925
75923
75915
75915
75911
75910
75905
75905
75884
75881
75875
75872
75863
75852
75849
75848
75820
75813
75778
75774
75760
75755
75734
75730
75719
75696
75654
75652
75648
75644
75640
75638
75633
75633
75612
75607
75602
75601
75599
75593
75589
75589
75564
75557
75548
75536
75535
75534
75520
75517
75503
75503
75501
75499
75476
75475
75453
75436
75433
75424
75411
75406
75403
75394
75368
75364
75320
75305
75302
75290
75270
75264
75240
75238
75222
75219
75191
75190
75182
75172
75148
75146
75136
75129
75085
75081
75060
75055
75048
75033
75032
75020
75014
74991
74976
74976
74971
74918
74907
74897
74888
74884
74881
74874
74845
74839
74810
74809
74808
74807
74793
74753
74747
74745
74733
74729
74708
74696
74694
74692
74668
74667
74632
74628
74628
74626
74614
74565
74557
74554
74554
74551
74546
74537
74527
74517
74507
74501
74491
74482
74476
74458
74444
74442
74422
74417
74380
74371
74366
74352
74339
74338
74331
74323
74315
74267
74238
74223
74201
74176
74176
74164
74164
74160
74117
74090
74082
74079
74041
74019
74017
74012
74004
74002
74000
73948
73940
73932
73924
73902
73850
73836
73811
73804
73803
73793
73788
73774
73754
73739
73738
73737
73737
73727
73705
73696
73690
73655
73649
73639
73595
73592
73577
73575
73558
73558
73516
73501
73491
73472
73436
73396
73378
73361
73351
73331
73324
73314
73267
73261
73258
73246
73208
73207
73199
73185
73169
73142
73139
73082
73072
73052
73047
73045
73039
72962
72951
72947
72933
72932
72920
72906
72846
72829
72827
72814
72802
72797
72775
72771
72770
72742
72725
72714
72703
72693
72685
72663
72641
72568
72562
72547
72516
72512
72491
72491
72481
72480
72479
72423
72379
72363
72281
72273
72220
72218
72166
72114
72042
72038
72022
71991
71990
71938
71903
71890
71840
71835
71815
71788
71755
71732
71719
71708
71690
71660
71658
71604
71592
71568
71555
71536
71535
71519
71498
71470
71452
71426
71396
71386
71378
71369
71219
71159
71147
71143
71130
71083
71070
71062
71019
70996
70986
70912
70894
70802
70746
70725
70646
70535
70433
70263
70241
70214
70184
70134
70006
70002
69917
69866
69852
69795
69783
69775
69717
69701
69673
69644
69578
69499
69186
68969
68850
68824
68798
68490
68486
68345
68063
68043
67968
67854
67741
67740
67674
67668
67625
67625
67327
67292
67012
66875
66493
66396
66291
66173
65521
65415
64807
64738
64564
64556
64148
63534
62194
1790
1777
1770
1758
1756
1756
1755
1753
1753
1752
1750
1750
1749
1746
1746
1745
1742
1742
1741
1741
1741
1740
1739
1739
1738
1738
1738
1737
1736
1736
1736
1736
1735
1735
1734
1733
1733
1733
1733
1732
1732
1732
1732
1732
1731
1731
1731
1730
1730
1730
1730
1730
1729
1729
1729
1728
1728
1728
1728
1727
1727
1727
1726
1726
1726
1726
1726
1726
1726
1725
1725
1725
1725
1725
1725
1725
1724
1724
1724
1724
1724
1724
1724
1724
1723
1723
1723
1723
1723
1723
1723
1723
1723
1722
1722
1722
1722
1722
1722
1722
1721
1721
1721
1721
1721
1721
1721
1720
1720
1720
1720
1720
1720
1719
1719
1719
1719
1719
1719
1719
1719
1719
1719
1719
1718
1718
1718
1718
1718
1718
1718
1718
1718
1717
1717
1717
1717
1717
1717
1717
1717
1717
1717
1717
1717
1716
1716
1716
1716
1716
1716
1716
1716
1716
1716
1715
1715
1715
1715
1715
1715
1715
1715
1715
1715
1715
1715
1715
1715
1715
1714
1714
1714
1714
1714
1714
1714
1714
1714
1714
1714
1714
1714
1714
1714
1714
1714
1714
1713
1713
1713
1713
1713
1713
1713
1713
1713
1713
1713
1713
1713
1713
1713
1713
1712
1712
1712
1712
1712
1712
1712
1712
1712
1712
1712
1712
1712
1712
1712
1712
1712
1712
1712
1712
1711
1711
1711
1711
1711
1711
1711
1711
1711
1711
1711
1711
1711
1711
1710
1710
1710
1710
1710
1710
1710
1710
1710
1710
1710
1710
1710
1710
1710
1710
1710
1710
1710
1709
1709
1709
1709
1709
1709
1709
1709
1709
1709
1709
1709
1709
1709
1709
1709
1709
1709
1709
1709
1708
1708
1708
1708
1708
1708
1708
1708
1708
1708
1708
1707
1707
1707
1707
1707
1707
1707
1707
1707
1707
1707
1707
1707
1707
1707
1707
1707
1707
1707
1707
1707
1707
1707
1707
1707
1707
1707
1706
1706
1706
1706
1706
1706
1706
1706
1706
1706
1706
1706
1706
1706
1706
1706
1706
1706
1706
1706
1706
1706
1706
1706
1706
1706
1706
1706
1706
1705
1705
1705
1705
1705
1705
1705
1705
1705
1705
1705
1705
1705
1705
1705
1705
1705
1705
1705
1705
1705
1705
1705
1705
1705
1705
1705
1704
1704
1704
1704
1704
1704
1704
1704
1704
1704
1704
1704
1704
1704
1704
1704
1704
1704
1704
1704
1704
1704
1704
1704
1704
1703
1703
1703
1703
1703
1703
1703
1703
1703
1703
1703
1703
1703
1703
1703
1703
1703
1703
1703
1703
1703
1703
1703
1703
1703
1703
1703
1703
1703
1703
1702
1702
1702
1702
1702
1702
1702
1702
1702
1702
1702
1702
1702
1702
1702
1702
1702
1702
1702
1702
1702
1701
1701
1701
1701
1701
1701
1701
1701
1701
1701
1701
1701
1701
1701
1701
1701
1701
1701
1701
1701
1701
1701
1701
1701
1701
1701
1701
1701
1701
1701
1701
1701
1701
1700
1700
1700
1700
1700
1700
1700
1700
1700
1700
1700
1700
1700
1700
1700
1700
1700
1700
1700
1700
1700
1700
1700
1700
1700
1700
1700
1700
1700
1700
1700
1700
1699
1699
1699
1699
1699
1699
1699
1699
1699
1699
1699
1699
1699
1699
1699
1699
1699
1699
1699
1699
1699
1699
1699
1699
1699
1699
1698
1698
1698
1698
1698
1698
1698
1698
1698
1698
1698
1698
1698
1698
1698
1698
1698
1698
1698
1698
1698
1698
1698
1698
1698
1698
1698
1698
1698
1698
1698
1698
1698
1698
1698
1698
1698
1698
1698
1698
1698
1698
1698
1697
1697
1697
1697
1697
1697
1697
1697
1697
1697
1697
1697
1697
1697
1697
1697
1697
1697
1697
1697
1697
1697
1697
1697
1697
1697
1697
1697
1697
1697
1697
1697
1697
1697
1697
1697
1697
1697
1697
1697
1697
1696
1696
1696
1696
1696
1696
1696
1696
1696
1696
1696
1696
1696
1696
1696
1696
1696
1696
1696
1696
1696
1696
1696
1696
1696
1696
1696
1696
1696
1696
1696
1696
1696
1696
1696
1696
1696
1696
1696
1696
1696
1696
1695
1695
1695
1695
1695
1695
1695
1695
1695
1695
1695
1695
1695
1695
1695
1695
1695
1695
1695
1695
1695
1695
1695
1695
1695
1695
1695
1695
1695
1695
1695
1695
1695
1695
1695
1695
1695
1695
1695
1694
1694
1694
1694
1694
1694
1694
1694
1694
1694
1694
1694
1694
1694
1694
1694
1694
1694
1694
1694
1694
1694
1694
1694
1694
1694
1694
1694
1694
1694
1694
1694
1694
1694
1694
1694
1694
1694
1694
1694
1694
1693
1693
1693
1693
1693
1693
1693
1693
1693
1693
1693
1693
1693
1693
1693
1693
1693
1693
1693
1693
1693
1693
1693
1693
1693
1693
1693
1693
1693
1693
1693
1693
1693
1693
1693
1693
1693
1693
1693
1693
1693
1693
1693
1693
1692
1692
1692
1692
1692
1692
1692
1692
1692
1692
1692
1692
1692
1692
1692
1692
1692
1692
1692
1692
1692
1692
1692
1692
1692
1692
1692
1692
1692
1692
1692
1692
1692
1692
1692
1692
1692
1692
1692
1692
1692
1692
1692
1692
1692
1692
1692
1692
1692
1692
1692
1692
1691
1691
1691
1691
1691
1691
1691
1691
1691
1691
1691
1691
1691
1691
1691
1691
1691
1691
1691
1691
1691
1691
1691
1691
1691
1691
1691
1691
1691
1691
1691
1691
1691
1691
1691
1691
1691
1691
1691
1691
1691
1691
1691
1691
1691
1691
1691
1691
1691
1691
1691
1691
1691
1691
1690
1690
1690
1690
1690
1690
1690
1690
1690
1690
1690
1690
1690
1690
1690
1690
1690
1690
1690
1690
1690
1690
1690
1690
1690
1690
1690
1690
1690
1690
1690
1690
1690
1690
1690
1690
1690
1690
1690
1690
1690
1690
1690
1690
1690
1690
1690
1690
1690
1690
1690
1690
1690
1690
1690
1690
1690
1690
1690
1690
1690
1689
1689
1689
1689
1689
1689
1689
1689
1689
1689
1689
1689
1689
1689
1689
1689
1689
1689
1689
1689
1689
1689
1689
1689
1689
1689
1689
1689
1689
1689
1689
1689
1689
1689
1689
1689
1689
1689
1689
1689
1689
1689
1689
1689
1689
1689
1689
1689
1689
1689
1689
1689
1689
1689
1689
1689
1689
1689
1689
1689
1689
1688
1688
1688
1688
1688
1688
1688
1688
1688
1688
1688
1688
1688
1688
1688
1688
1688
1688
1688
1688
1688
1688
1688
1688
1688
1688
1688
1688
1688
1688
1688
1688
1688
1688
1688
1688
1688
1688
1688
1688
1688
1688
1688
1688
1688
1688
1688
1688
1688
1688
1688
1688
1688
1688
1688
1688
1688
1687
1687
1687
1687
1687
1687
1687
1687
1687
1687
1687
1687
1687
1687
1687
1687
1687
1687
1687
1687
1687
1687
1687
1687
1687
1687
1687
1687
1687
1687
1687
1687
1687
1687
1687
1687
1687
1687
1687
1687
1687
1687
1687
1687
1687
1687
1687
1687
1687
1687
1687
1687
1687
1687
1687
1687
1687
1687
1687
1687
1687
1687
1687
1687
1687
1687
1686
1686
1686
1686
1686
1686
1686
1686
1686
1686
1686
1686
1686
1686
1686
1686
1686
1686
1686
1686
1686
1686
1686
1686
1686
1686
1686
1686
1686
1686
1686
1686
1686
1686
1686
1686
1686
1686
1686
1686
1686
1686
1686
1686
1686
1686
1686
1686
1686
1686
1686
1686
1686
1686
1686
1685
1685
1685
1685
1685
1685
1685
1685
1685
1685
1685
1685
1685
1685
1685
1685
1685
1685
1685
1685
1685
1685
1685
1685
1685
1685
1685
1685
1685
1685
1685
1685
1685
1685
1685
1685
1685
1685
1685
1685
1685
1685
1685
1685
1685
1685
1685
1685
1685
1685
1685
1685
1685
1685
1685
1684
1684
1684
1684
1684
1684
1684
1684
1684
1684
1684
1684
1684
1684
1684
1684
1684
1684
1684
1684
1684
1684
1684
1684
1684
1684
1684
1684
1684
1684
1684
1684
1684
1684
1684
1684
1684
1684
1684
1684
1684
1684
1684
1684
1684
1684
1684
1684
1684
1684
1684
1684
1684
1684
1684
1684
1684
1684
1684
1684
1684
1684
1684
1684
1684
1684
1684
1683
1683
1683
1683
1683
1683
1683
1683
1683
1683
1683
1683
1683
1683
1683
1683
1683
1683
1683
1683
1683
1683
1683
1683
1683
1683
1683
1683
1683
1683
1683
1683
1683
1683
1683
1683
1683
1683
1683
1683
1683
1683
1683
1683
1683
1683
1683
1683
1683
1683
1683
1683
1683
1683
1683
1683
1683
1683
1683
1683
1683
1683
1683
1683
1683
1682
1682
1682
1682
1682
1682
1682
1682
1682
1682
1682
1682
1682
1682
1682
1682
1682
1682
1682
1682
1682
1682
1682
1682
1682
1682
1682
1682
1682
1682
1682
1682
1682
1682
1682
1682
1682
1682
1682
1682
1682
1682
1682
1682
1682
1682
1682
1682
1682
1682
1682
1682
1682
1682
1682
1682
1682
1682
1682
1682
1682
1682
1682
1682
1682
1682
1682
1682
1682
1682
1682
1681
1681
1681
1681
1681
1681
1681
1681
1681
1681
1681
1681
1681
1681
1681
1681
1681
1681
1681
1681
1681
1681
1681
1681
1681
1681
1681
1681
1681
1681
1681
1681
1681
1681
1681
1681
1681
1681
1681
1681
1681
1681
1681
1681
1681
1681
1681
1681
1681
1681
1681
1681
1681
1681
1681
1681
1681
1681
1681
1681
1681
1681
1681
1681
1681
1681
1681
1681
1681
1681
1681
1681
1681
1681
1681
1681
1681
1681
1681
1681
1680
1680
1680
1680
1680
1680
1680
1680
1680
1680
1680
1680
1680
1680
1680
1680
1680
1680
1680
1680
1680
1680
1680
1680
1680
1680
1680
1680
1680
1680
1680
1680
1680
1680
1680
1680
1680
1680
1680
1680
1680
1680
1680
1680
1680
1680
1680
1680
1680
1680
1680
1680
1680
1680
1680
1680
1680
1680
1680
1680
1680
1680
1680
1680
1680
1680
1680
1680
1680
1680
1680
1680
1680
1680
1680
1680
1680
1680
1680
1680
1680
1680
1680
1680
1680
1680
1680
1680
1679
1679
1679
1679
1679
1679
1679
1679
1679
1679
1679
1679
1679
1679
1679
1679
1679
1679
1679
1679
1679
1679
1679
1679
1679
1679
1679
1679
1679
1679
1679
1679
1679
1679
1679
1679
1679
1679
1679
1679
1679
1679
1679
1679
1679
1679
1679
1679
1679
1679
1679
1679
1679
1679
1679
1679
1679
1679
1679
1679
1679
1679
1679
1679
1679
1679
1679
1679
1679
1679
1679
1679
1679
1679
1679
1679
1679
1679
1679
1679
1679
1679
1679
1679
1679
1679
1679
1678
1678
1678
1678
1678
1678
1678
1678
1678
1678
1678
1678
1678
1678
1678
1678
1678
1678
1678
1678
1678
1678
1678
1678
1678
1678
1678
1678
1678
1678
1678
1678
1678
1678
1678
1678
1678
1678
1678
1678
1678
1678
1678
1678
1678
1678
1678
1678
1678
1678
1678
1678
1678
1678
1678
1678
1678
1678
1678
1678
1678
1678
1678
1678
1678
1678
1678
1678
1678
1678
1678
1678
1678
1678
1678
1678
1678
1678
1678
1678
1678
1678
1678
1678
1678
1678
1678
1678
1678
1678
1678
1678
1678
1678
1678
1678
1678
1678
1678
1678
1678
1678
1678
1678
1678
1678
1678
1678
1677
1677
1677
1677
1677
1677
1677
1677
1677
1677
1677
1677
1677
1677
1677
1677
1677
1677
1677
1677
1677
1677
1677
1677
1677
1677
1677
1677
1677
1677
1677
1677
1677
1677
1677
1677
1677
1677
1677
1677
1677
1677
1677
1677
1677
1677
1677
1677
1677
1677
1677
1677
1677
1677
1677
1677
1677
1677
1677
1677
1677
1677
1677
1677
1677
1677
1677
1677
1677
1677
1677
1677
1677
1677
1677
1677
1677
1677
1677
1677
1677
1677
1677
1677
1677
1677
1677
1677
1677
1677
1677
1677
1677
1677
1677
1677
1677
1677
1677
1677
1677
1677
1677
1677
1677
1677
1677
1677
1677
1676
1676
1676
1676
1676
1676
1676
1676
1676
1676
1676
1676
1676
1676
1676
1676
1676
1676
1676
1676
1676
1676
1676
1676
1676
1676
1676
1676
1676
1676
1676
1676
1676
1676
1676
1676
1676
1676
1676
1676
1676
1676
1676
1676
1676
1676
1676
1676
1676
1676
1676
1676
1676
1676
1676
1676
1676
1676
1676
1676
1676
1676
1676
1676
1676
1676
1676
1676
1676
1676
1676
1676
1676
1676
1676
1676
1676
1676
1676
1676
1676
1676
1676
1676
1676
1676
1676
1675
1675
1675
1675
1675
1675
1675
1675
1675
1675
1675
1675
1675
1675
1675
1675
1675
1675
1675
1675
1675
1675
1675
1675
1675
1675
1675
1675
1675
1675
1675
1675
1675
1675
1675
1675
1675
1675
1675
1675
1675
1675
1675
1675
1675
1675
1675
1675
1675
1675
1675
1675
1675
1675
1675
1675
1675
1675
1675
1675
1675
1675
1675
1675
1675
1675
1675
1675
1675
1675
1675
1675
1675
1675
1675
1675
1675
1675
1675
1675
1675
1675
1675
1675
1675
1675
1675
1675
1675
1675
1675
1675
1675
1675
1675
1675
1675
1675
1675
1675
1675
1675
1675
1675
1675
1675
1675
1675
1675
1674
1674
1674
1674
1674
1674
1674
1674
1674
1674
1674
1674
1674
1674
1674
1674
1674
1674
1674
1674
1674
1674
1674
1674
1674
1674
1674
1674
1674
1674
1674
1674
1674
1674
1674
1674
1674
1674
1674
1674
1674
1674
1674
1674
1674
1674
1674
1674
1674
1674
1674
1674
1674
1674
1674
1674
1674
1674
1674
1674
1674
1674
1674
1674
1674
1674
1674
1674
1674
1674
1674
1674
1674
1674
1674
1674
1674
1674
1674
1674
1674
1674
1674
1674
1674
1674
1674
1674
1674
1674
1674
1674
1674
1674
1674
1674
1674
1674
1674
1673
1673
1673
1673
1673
1673
1673
1673
1673
1673
1673
1673
1673
1673
1673
1673
1673
1673
1673
1673
1673
1673
1673
1673
1673
1673
1673
1673
1673
1673
1673
1673
1673
1673
1673
1673
1673
1673
1673
1673
1673
1673
1673
1673
1673
1673
1673
1673
1673
1673
1673
1673
1673
1673
1673
1673
1673
1673
1673
1673
1673
1673
1673
1673
1673
1673
1673
1673
1673
1673
1673
1673
1673
1673
1673
1673
1673
1673
1673
1673
1673
1673
1673
1673
1673
1673
1673
1673
1673
1673
1673
1673
1673
1673
1673
1673
1673
1673
1673
1673
1673
1673
1673
1673
1673
1673
1673
1673
1673
1673
1673
1672
1672
1672
1672
1672
1672
1672
1672
1672
1672
1672
1672
1672
1672
1672
1672
1672
1672
1672
1672
1672
1672
1672
1672
1672
1672
1672
1672
1672
1672
1672
1672
1672
1672
1672
1672
1672
1672
1672
1672
1672
1672
1672
1672
1672
1672
1672
1672
1672
1672
1672
1672
1672
1672
1672
1672
1672
1672
1672
1672
1672
1672
1672
1672
1672
1672
1672
1672
1672
1672
1672
1672
1672
1672
1672
1672
1672
1672
1672
1672
1672
1672
1672
1672
1672
1672
1672
1672
1672
1672
1672
1672
1672
1672
1672
1672
1672
1672
1672
1672
1672
1672
1672
1672
1672
1672
1672
1672
1672
1672
1672
1672
1672
1672
1672
1672
1672
1672
1672
1672
1672
1672
1672
1672
1672
1672
1672
1672
1672
1672
1672
1671
1671
1671
1671
1671
1671
1671
1671
1671
1671
1671
1671
1671
1671
1671
1671
1671
1671
1671
1671
1671
1671
1671
1671
1671
1671
1671
1671
1671
1671
1671
1671
1671
1671
1671
1671
1671
1671
1671
1671
1671
1671
1671
1671
1671
1671
1671
1671
1671
1671
1671
1671
1671
1671
1671
1671
1671
1671
1671
1671
1671
1671
1671
1671
1671
1671
1671
1671
1671
1671
1671
1671
1671
1671
1671
1671
1671
1671
1671
1671
1671
1671
1671
1671
1671
1671
1671
1671
1671
1671
1671
1671
1671
1671
1671
1671
1671
1671
1671
1671
1671
1671
1671
1671
1671
1671
1671
1671
1671
1671
1671
1671
1671
1671
1671
1670
1670
1670
1670
1670
1670
1670
1670
1670
1670
1670
1670
1670
1670
1670
1670
1670
1670
1670
1670
1670
1670
1670
1670
1670
1670
1670
1670
1670
1670
1670
1670
1670
1670
1670
1670
1670
1670
1670
1670
1670
1670
1670
1670
1670
1670
1670
1670
1670
1670
1670
1670
1670
1670
1670
1670
1670
1670
1670
1670
1670
1670
1670
1670
1670
1670
1670
1670
1670
1670
1670
1670
1670
1670
1670
1670
1670
1670
1670
1670
1670
1670
1670
1670
1670
1670
1670
1670
1670
1670
1670
1670
1670
1670
1670
1670
1670
1670
1670
1670
1670
1670
1670
1670
1670
1670
1670
1670
1670
1670
1670
1670
1670
1670
1670
1670
1670
1670
1670
1670
1670
1670
1670
1670
1670
1670
1670
1670
1670
1670
1670
1670
1670
1670
1670
1670
1670
1669
1669
1669
1669
1669
1669
1669
1669
1669
1669
1669
1669
1669
1669
1669
1669
1669
1669
1669
1669
1669
1669
1669
1669
1669
1669
1669
1669
1669
1669
1669
1669
1669
1669
1669
1669
1669
1669
1669
1669
1669
1669
1669
1669
1669
1669
1669
1669
1669
1669
1669
1669
1669
1669
1669
1669
1669
1669
1669
1669
1669
1669
1669
1669
1669
1669
1669
1669
1669
1669
1669
1669
1669
1669
1669
1669
1669
1669
1669
1669
1669
1669
1669
1669
1669
1669
1669
1669
1669
1669
1669
1669
1669
1669
1669
1669
1669
1669
1669
1669
1669
1669
1669
1669
1669
1669
1669
1669
1669
1669
1669
1669
1669
1669
1669
1669
1669
1669
1669
1669
1669
1669
1669
1669
1669
1669
1669
1669
1669
1669
1669
1669
1669
1669
1669
1669
1669
1669
1669
1669
1669
1669
1668
1668
1668
1668
1668
1668
1668
1668
1668
1668
1668
1668
1668
1668
1668
1668
1668
1668
1668
1668
1668
1668
1668
1668
1668
1668
1668
1668
1668
1668
1668
1668
1668
1668
1668
1668
1668
1668
1668
1668
1668
1668
1668
1668
1668
1668
1668
1668
1668
1668
1668
1668
1668
1668
1668
1668
1668
1668
1668
1668
1668
1668
1668
1668
1668
1668
1668
1668
1668
1668
1668
1668
1668
1668
1668
1668
1668
1668
1668
1668
1668
1668
1668
1668
1668
1668
1668
1668
1668
1668
1668
1668
1668
1668
1668
1668
1668
1668
1668
1668
1668
1668
1668
1668
1668
1668
1668
1668
1668
1668
1668
1668
1668
1668
1668
1668
1668
1668
1668
1668
1668
1668
1668
1668
1668
1668
1668
1668
1668
1668
1668
1668
1668
1668
1668
1668
1668
1668
1668
1668
1668
1668
1668
1668
1668
1668
1668
1667
1667
1667
1667
1667
1667
1667
1667
1667
1667
1667
1667
1667
1667
1667
1667
1667
1667
1667
1667
1667
1667
1667
1667
1667
1667
1667
1667
1667
1667
1667
1667
1667
1667
1667
1667
1667
1667
1667
1667
1667
1667
1667
1667
1667
1667
1667
1667
1667
1667
1667
1667
1667
1667
1667
1667
1667
1667
1667
1667
1667
1667
1667
1667
1667
1667
1667
1667
1667
1667
1667
1667
1667
1667
1667
1667
1667
1667
1667
1667
1667
1667
1667
1667
1667
1667
1667
1667
1667
1667
1667
1667
1667
1667
1667
1667
1667
1667
1667
1667
1667
1667
1667
1667
1667
1667
1667
1667
1667
1667
1667
1667
1667
1667
1667
1667
1667
1667
1667
1667
1667
1667
1667
1667
1667
1667
1667
1667
1667
1667
1667
1667
1667
1667
1667
1667
1667
1667
1667
1667
1667
1667
1667
1667
1667
1667
1667
1667
1667
1667
1667
1667
1667
1667
1667
1667
1667
1667
1667
1667
1667
1667
1667
1667
1667
1667
1667
1667
1667
1667
1666
1666
1666
1666
1666
1666
1666
1666
1666
1666
1666
1666
1666
1666
1666
1666
1666
1666
1666
1666
1666
1666
1666
1666
1666
1666
1666
1666
1666
1666
1666
1666
1666
1666
1666
1666
1666
1666
1666
1666
1666
1666
1666
1666
1666
1666
1666
1666
1666
1666
1666
1666
1666
1666
1666
1666
1666
1666
1666
1666
1666
1666
1666
1666
1666
1666
1666
1666
1666
1666
1666
1666
1666
1666
1666
1666
1666
1666
1666
1666
1666
1666
1666
1666
1666
1666
1666
1666
1666
1666
1666
1666
1666
1666
1666
1666
1666
1666
1666
1666
1666
1666
1666
1666
1666
1666
1666
1666
1666
1666
1666
1666
1666
1666
1666
1666
1666
1666
1666
1666
1666
1666
1666
1666
1666
1666
1666
1666
1666
1666
1666
1666
1666
1666
1665
1665
1665
1665
1665
1665
1665
1665
1665
1665
1665
1665
1665
1665
1665
1665
1665
1665
1665
1665
1665
1665
1665
1665
1665
1665
1665
1665
1665
1665
1665
1665
1665
1665
1665
1665
1665
1665
1665
1665
1665
1665
1665
1665
1665
1665
1665
1665
1665
1665
1665
1665
1665
1665
1665
1665
1665
1665
1665
1665
1665
1665
1665
1665
1665
1665
1665
1665
1665
1665
1665
1665
1665
1665
1665
1665
1665
1665
1665
1665
1665
1665
1665
1665
1665
1665
1665
1665
1665
1665
1665
1665
1665
1665
1665
1665
1665
1665
1665
1665
1665
1665
1665
1665
1665
1665
1665
1665
1665
1665
1665
1665
1665
1665
1665
1665
1665
1665
1665
1665
1665
1665
1665
1665
1665
1665
1665
1665
1665
1665
1665
1665
1665
1665
1665
1665
1665
1665
1665
1665
1665
1665
1665
1665
1665
1665
1665
1665
1665
1665
1665
1665
1665
1665
1665
1665
1665
1665
1665
1665
1665
1665
1665
1665
1664
1664
1664
1664
1664
1664
1664
1664
1664
1664
1664
1664
1664
1664
1664
1664
1664
1664
1664
1664
1664
1664
1664
1664
1664
1664
1664
1664
1664
1664
1664
1664
1664
1664
1664
1664
1664
1664
1664
1664
1664
1664
1664
1664
1664
1664
1664
1664
1664
1664
1664
1664
1664
1664
1664
1664
1664
1664
1664
1664
1664
1664
1664
1664
1664
1664
1664
1664
1664
1664
1664
1664
1664
1664
1664
1664
1664
1664
1664
1664
1664
1664
1664
1664
1664
1664
1664
1664
1664
1664
1664
1664
1664
1664
1664
1664
1664
1664
1664
1664
1664
1664
1664
1664
1664
1664
1664
1664
1664
1664
1664
1664
1664
1664
1664
1664
1664
1664
1664
1664
1664
1664
1664
1664
1664
1664
1664
1664
1664
1664
1664
1664
1664
1664
1664
1664
1664
1664
1664
1664
1664
1664
1664
1664
1664
1664
1664
1664
1664
1664
1664
1664
1664
1664
1664
1664
1664
1664
1664
1664
1664
1664
1664
1664
1664
1664
1664
1664
1664
1664
1664
1664
1664
1664
1664
1664
1664
1664
1664
1664
1664
1664
1664
1664
1664
1664
1664
1664
1664
1664
1664
1664
1663
1663
1663
1663
1663
1663
1663
1663
1663
1663
1663
1663
1663
1663
1663
1663
1663
1663
1663
1663
1663
1663
1663
1663
1663
1663
1663
1663
1663
1663
1663
1663
1663
1663
1663
1663
1663
1663
1663
1663
1663
1663
1663
1663
1663
1663
1663
1663
1663
1663
1663
1663
1663
1663
1663
1663
1663
1663
1663
1663
1663
1663
1663
1663
1663
1663
1663
1663
1663
1663
1663
1663
1663
1663
1663
1663
1663
1663
1663
1663
1663
1663
1663
1663
1663
1663
1663
1663
1663
1663
1663
1663
1663
1663
1663
1663
1663
1663
1663
1663
1663
1663
1663
1663
1663
1663
1663
1663
1663
1663
1663
1663
1663
1663
1663
1663
1663
1663
1663
1663
1663
1663
1663
1663
1663
1663
1663
1663
1663
1663
1663
1663
1663
1663
1663
1663
1663
1663
1663
1663
1663
1663
1663
1663
1663
1663
1663
1663
1663
1663
1663
1663
1663
1663
1663
1663
1663
1663
1663
1663
1663
1663
1663
1663
1663
1663
1663
1663
1663
1663
1663
1663
1663
1663
1663
1663
1663
1663
1663
1663
1663
1663
1663
1663
1663
1663
1662
1662
1662
1662
1662
1662
1662
1662
1662
1662
1662
1662
1662
1662
1662
1662
1662
1662
1662
1662
1662
1662
1662
1662
1662
1662
1662
1662
1662
1662
1662
1662
1662
1662
1662
1662
1662
1662
1662
1662
1662
1662
1662
1662
1662
1662
1662
1662
1662
1662
1662
1662
1662
1662
1662
1662
1662
1662
1662
1662
1662
1662
1662
1662
1662
1662
1662
1662
1662
1662
1662
1662
1662
1662
1662
1662
1662
1662
1662
1662
1662
1662
1662
1662
1662
1662
1662
1662
1662
1662
1662
1662
1662
1662
1662
1662
1662
1662
1662
1662
1662
1662
1662
1662
1662
1662
1662
1662
1662
1662
1662
1662
1662
1662
1662
1662
1662
1662
1662
1662
1662
1662
1662
1662
1662
1662
1662
1662
1662
1662
1662
1662
1662
1662
1662
1662
1662
1662
1662
1662
1662
1662
1662
1662
1662
1662
1662
1662
1662
1662
1662
1662
1662
1662
1662
1662
1662
1662
1662
1662
1662
1662
1662
1662
1662
1662
1662
1662
1662
1662
1662
1662
1662
1662
1662
1662
1662
1662
1662
1661
1661
1661
1661
1661
1661
1661
1661
1661
1661
1661
1661
1661
1661
1661
1661
1661
1661
1661
1661
1661
1661
1661
1661
1661
1661
1661
1661
1661
1661
1661
1661
1661
1661
1661
1661
1661
1661
1661
1661
1661
1661
1661
1661
1661
1661
1661
1661
1661
1661
1661
1661
1661
1661
1661
1661
1661
1661
1661
1661
1661
1661
1661
1661
1661
1661
1661
1661
1661
1661
1661
1661
1661
1661
1661
1661
1661
1661
1661
1661
1661
1661
1661
1661
1661
1661
1661
1661
1661
1661
1661
1661
1661
1661
1661
1661
1661
1661
1661
1661
1661
1661
1661
1661
1661
1661
1661
1661
1661
1661
1661
1661
1661
1661
1661
1661
1661
1661
1661
1661
1661
1661
1661
1661
1661
1661
1661
1661
1661
1661
1661
1661
1661
1661
1661
1661
1661
1661
1661
1661
1661
1661
1661
1661
1661
1661
1661
1661
1661
1661
1661
1661
1661
1661
1661
1661
1661
1661
1661
1661
1661
1661
1661
1661
1661
1661
1661
1661
1661
1661
1661
1661
1661
1661
1661
1661
1661
1661
1661
1661
1661
1661
1661
1661
1660
1660
1660
1660
1660
1660
1660
1660
1660
1660
1660
1660
1660
1660
1660
1660
1660
1660
1660
1660
1660
1660
1660
1660
1660
1660
1660
1660
1660
1660
1660
1660
1660
1660
1660
1660
1660
1660
1660
1660
1660
1660
1660
1660
1660
1660
1660
1660
1660
1660
1660
1660
1660
1660
1660
1660
1660
1660
1660
1660
1660
1660
1660
1660
1660
1660
1660
1660
1660
1660
1660
1660
1660
1660
1660
1660
1660
1660
1660
1660
1660
1660
1660
1660
1660
1660
1660
1660
1660
1660
1660
1660
1660
1660
1660
1660
1660
1660
1660
1660
1660
1660
1660
1660
1660
1660
1660
1660
1660
1660
1660
1660
1660
1660
1660
1660
1660
1660
1660
1660
1660
1660
1660
1660
1660
1660
1660
1660
1660
1660
1660
1660
1660
1660
1660
1660
1660
1660
1660
1660
1660
1660
1660
1660
1660
1660
1660
1660
1660
1660
1660
1660
1660
1660
1660
1660
1660
1660
1660
1660
1660
1660
1660
1660
1660
1660
1660
1660
1660
1660
1660
1660
1660
1660
1660
1660
1660
1660
1660
1660
1660
1660
1660
1660
1660
1660
1660
1660
1659
1659
1659
1659
1659
1659
1659
1659
1659
1659
1659
1659
1659
1659
1659
1659
1659
1659
1659
1659
1659
1659
1659
1659
1659
1659
1659
1659
1659
1659
1659
1659
1659
1659
1659
1659
1659
1659
1659
1659
1659
1659
1659
1659
1659
1659
1659
1659
1659
1659
1659
1659
1659
1659
1659
1659
1659
1659
1659
1659
1659
1659
1659
1659
1659
1659
1659
1659
1659
1659
1659
1659
1659
1659
1659
1659
1659
1659
1659
1659
1659
1659
1659
1659
1659
1659
1659
1659
1659
1659
1659
1659
1659
1659
1659
1659
1659
1659
1659
1659
1659
1659
1659
1659
1659
1659
1659
1659
1659
1659
1659
1659
1659
1659
1659
1659
1659
1659
1659
1659
1659
1659
1659
1659
1659
1659
1659
1659
1659
1659
1659
1659
1659
1659
1659
1659
1659
1659
1659
1659
1659
1659
1659
1659
1659
1659
1659
1659
1659
1659
1659
1659
1659
1659
1659
1659
1659
1659
1659
1659
1659
1659
1659
1659
1659
1659
1659
1659
1659
1659
1659
1659
1659
1659
1659
1659
1659
1659
1659
1659
1659
1659
1659
1659
1659
1659
1659
1659
1659
1659
1659
1659
1659
1659
1659
1659
1659
1659
1659
1659
1659
1659
1658
1658
1658
1658
1658
1658
1658
1658
1658
1658
1658
1658
1658
1658
1658
1658
1658
1658
1658
1658
1658
1658
1658
1658
1658
1658
1658
1658
1658
1658
1658
1658
1658
1658
1658
1658
1658
1658
1658
1658
1658
1658
1658
1658
1658
1658
1658
1658
1658
1658
1658
1658
1658
1658
1658
1658
1658
1658
1658
1658
1658
1658
1658
1658
1658
1658
1658
1658
1658
1658
1658
1658
1658
1658
1658
1658
1658
1658
1658
1658
1658
1658
1658
1658
1658
1658
1658
1658
1658
1658
1658
1658
1658
1658
1658
1658
1658
1658
1658
1658
1658
1658
1658
1658
1658
1658
1658
1658
1658
1658
1658
1658
1658
1658
1658
1658
1658
1658
1658
1658
1658
1658
1658
1658
1658
1658
1658
1658
1658
1658
1658
1658
1658
1658
1658
1658
1658
1658
1658
1658
1658
1658
1658
1658
1658
1658
1658
1658
1658
1658
1658
1658
1658
1658
1658
1658
1658
1658
1658
1658
1658
1658
1658
1658
1658
1658
1658
1658
1658
1658
1658
1658
1658
1658
1658
1658
1658
1658
1658
1658
1658
1658
1658
1658
1658
1658
1658
1658
1658
1658
1658
1658
1658
1658
1658
1658
1658
1658
1658
1658
1658
1658
1658
1658
1658
1658
1658
1658
1658
1658
1658
1658
1658
1658
1658
1658
1658
1658
1658
1658
1658
1658
1657
1657
1657
1657
1657
1657
1657
1657
1657
1657
1657
1657
1657
1657
1657
1657
1657
1657
1657
1657
1657
1657
1657
1657
1657
1657
1657
1657
1657
1657
1657
1657
1657
1657
1657
1657
1657
1657
1657
1657
1657
1657
1657
1657
1657
1657
1657
1657
1657
1657
1657
1657
1657
1657
1657
1657
1657
1657
1657
1657
1657
1657
1657
1657
1657
1657
1657
1657
1657
1657
1657
1657
1657
1657
1657
1657
1657
1657
1657
1657
1657
1657
1657
1657
1657
1657
1657
1657
1657
1657
1657
1657
1657
1657
1657
1657
1657
1657
1657
1657
1657
1657
1657
1657
1657
1657
1657
1657
1657
1657
1657
1657
1657
1657
1657
1657
1657
1657
1657
1657
1657
1657
1657
1657
1657
1657
1657
1657
1657
1657
1657
1657
1657
1657
1657
1657
1657
1657
1657
1657
1657
1657
1657
1657
1657
1657
1657
1657
1657
1657
1657
1657
1657
1657
1657
1657
1657
1657
1657
1657
1657
1657
1657
1657
1657
1657
1657
1657
1657
1657
1657
1657
1657
1657
1657
1657
1657
1657
1657
1657
1657
1657
1657
1657
1657
1657
1657
1657
1657
1657
1657
1657
1657
1657
1657
1657
1657
1657
1657
1657
1657
1657
1657
1657
1657
1657
1657
1657
1657
1657
1657
1656
1656
1656
1656
1656
1656
1656
1656
1656
1656
1656
1656
1656
1656
1656
1656
1656
1656
1656
1656
1656
1656
1656
1656
1656
1656
1656
1656
1656
1656
1656
1656
1656
1656
1656
1656
1656
1656
1656
1656
1656
1656
1656
1656
1656
1656
1656
1656
1656
1656
1656
1656
1656
1656
1656
1656
1656
1656
1656
1656
1656
1656
1656
1656
1656
1656
1656
1656
1656
1656
1656
1656
1656
1656
1656
1656
1656
1656
1656
1656
1656
1656
1656
1656
1656
1656
1656
1656
1656
1656
1656
1656
1656
1656
1656
1656
1656
1656
1656
1656
1656
1656
1656
1656
1656
1656
1656
1656
1656
1656
1656
1656
1656
1656
1656
1656
1656
1656
1656
1656
1656
1656
1656
1656
1656
1656
1656
1656
1656
1656
1656
1656
1656
1656
1656
1656
1656
1656
1656
1656
1656
1656
1656
1656
1656
1656
1656
1656
1656
1656
1656
1656
1656
1656
1656
1656
1656
1656
1656
1656
1656
1656
1656
1656
1656
1656
1656
1656
1656
1656
1656
1656
1656
1656
1656
1656
1656
1656
1656
1656
1656
1656
1656
1656
1656
1656
1656
1656
1656
1656
1656
1656
1656
1656
1656
1656
1656
1656
1656
1656
1656
1656
1656
1656
1656
1656
1656
1656
1656
1656
1656
1656
1656
1656
1656
1656
1656
1656
1656
1656
1656
1656
1656
1656
1656
1656
1656
1656
1656
1656
1656
1656
1656
1656
1656
1656
1656
1656
1656
1656
1656
1656
1656
1656
1655
1655
1655
1655
1655
1655
1655
1655
1655
1655
1655
1655
1655
1655
1655
1655
1655
1655
1655
1655
1655
1655
1655
1655
1655
1655
1655
1655
1655
1655
1655
1655
1655
1655
1655
1655
1655
1655
1655
1655
1655
1655
1655
1655
1655
1655
1655
1655
1655
1655
1655
1655
1655
1655
1655
1655
1655
1655
1655
1655
1655
1655
1655
1655
1655
1655
1655
1655
1655
1655
1655
1655
1655
1655
1655
1655
1655
1655
1655
1655
1655
1655
1655
1655
1655
1655
1655
1655
1655
1655
1655
1655
1655
1655
1655
1655
1655
1655
1655
1655
1655
1655
1655
1655
1655
1655
1655
1655
1655
1655
1655
1655
1655
1655
1655
1655
1655
1655
1655
1655
1655
1655
1655
1655
1655
1655
1655
1655
1655
1655
1655
1655
1655
1655
1655
1655
1655
1655
1655
1655
1655
1655
1655
1655
1655
1655
1655
1655
1655
1655
1655
1655
1655
1655
1655
1655
1655
1655
1655
1655
1655
1655
1655
1655
1655
1655
1655
1655
1655
1655
1655
1655
1655
1655
1655
1655
1655
1655
1655
1655
1655
1655
1655
1655
1655
1655
1655
1655
1655
1655
1655
1655
1655
1655
1655
1655
1655
1655
1655
1655
1655
1655
1655
1655
1655
1655
1655
1655
1655
1655
1655
1655
1655
1655
1655
1655
1655
1655
1655
1655
1655
1655
1655
1655
1655
1655
1655
1655
1655
1655
1655
1655
1655
1655
1655
1655
1655
1655
1655
1655
1655
1655
1655
1655
1655
1655
1655
1655
1655
1655
1655
1655
1655
1655
1655
1655
1655
1655
1655
1655
1655
1654
1654
1654
1654
1654
1654
1654
1654
1654
1654
1654
1654
1654
1654
1654
1654
1654
1654
1654
1654
1654
1654
1654
1654
1654
1654
1654
1654
1654
1654
1654
1654
1654
1654
1654
1654
1654
1654
1654
1654
1654
1654
1654
1654
1654
1654
1654
1654
1654
1654
1654
1654
1654
1654
1654
1654
1654
1654
1654
1654
1654
1654
1654
1654
1654
1654
1654
1654
1654
1654
1654
1654
1654
1654
1654
1654
1654
1654
1654
1654
1654
1654
1654
1654
1654
1654
1654
1654
1654
1654
1654
1654
1654
1654
1654
1654
1654
1654
1654
1654
1654
1654
1654
1654
1654
1654
1654
1654
1654
1654
1654
1654
1654
1654
1654
1654
1654
1654
1654
1654
1654
1654
1654
1654
1654
1654
1654
1654
1654
1654
1654
1654
1654
1654
1654
1654
1654
1654
1654
1654
1654
1654
1654
1654
1654
1654
1654
1654
1654
1654
1654
1654
1654
1654
1654
1654
1654
1654
1654
1654
1654
1654
1654
1654
1654
1654
1654
1654
1654
1654
1654
1654
1654
1654
1654
1654
1654
1654
1654
1654
1654
1654
1654
1654
1654
1654
1654
1654
1654
1654
1654
1654
1654
1654
1654
1654
1654
1654
1654
1654
1654
1654
1654
1654
1654
1654
1654
1654
1654
1654
1654
1654
1654
1654
1654
1654
1654
1654
1654
1654
1654
1654
1654
1654
1654
1654
1654
1654
1654
1654
1654
1654
1654
1654
1654
1654
1654
1654
1654
1654
1654
1654
1654
1654
1654
1654
1654
1654
1653
1653
1653
1653
1653
1653
1653
1653
1653
1653
1653
1653
1653
1653
1653
1653
1653
1653
1653
1653
1653
1653
1653
1653
1653
1653
1653
1653
1653
1653
1653
1653
1653
1653
1653
1653
1653
1653
1653
1653
1653
1653
1653
1653
1653
1653
1653
1653
1653
1653
1653
1653
1653
1653
1653
1653
1653
1653
1653
1653
1653
1653
1653
1653
1653
1653
1653
1653
1653
1653
1653
1653
1653
1653
1653
1653
1653
1653
1653
1653
1653
1653
1653
1653
1653
1653
1653
1653
1653
1653
1653
1653
1653
1653
1653
1653
1653
1653
1653
1653
1653
1653
1653
1653
1653
1653
1653
1653
1653
1653
1653
1653
1653
1653
1653
1653
1653
1653
1653
1653
1653
1653
1653
1653
1653
1653
1653
1653
1653
1653
1653
1653
1653
1653
1653
1653
1653
1653
1653
1653
1653
1653
1653
1653
1653
1653
1653
1653
1653
1653
1653
1653
1653
1653
1653
1653
1653
1653
1653
1653
1653
1653
1653
1653
1653
1653
1653
1653
1653
1653
1653
1653
1653
1653
1653
1653
1653
1653
1653
1653
1653
1653
1653
1653
1653
1653
1653
1653
1653
1653
1653
1653
1653
1653
1653
1653
1653
1653
1653
1653
1653
1653
1653
1653
1653
1653
1653
1653
1653
1653
1653
1653
1653
1653
1653
1653
1653
1653
1653
1653
1653
1653
1653
1652
1652
1652
1652
1652
1652
1652
1652
1652
1652
1652
1652
1652
1652
1652
1652
1652
1652
1652
1652
1652
1652
1652
1652
1652
1652
1652
1652
1652
1652
1652
1652
1652
1652
1652
1652
1652
1652
1652
1652
1652
1652
1652
1652
1652
1652
1652
1652
1652
1652
1652
1652
1652
1652
1652
1652
1652
1652
1652
1652
1652
1652
1652
1652
1652
1652
1652
1652
1652
1652
1652
1652
1652
1652
1652
1652
1652
1652
1652
1652
1652
1652
1652
1652
1652
1652
1652
1652
1652
1652
1652
1652
1652
1652
1652
1652
1652
1652
1652
1652
1652
1652
1652
1652
1652
1652
1652
1652
1652
1652
1652
1652
1652
1652
1652
1652
1652
1652
1652
1652
1652
1652
1652
1652
1652
1652
1652
1652
1652
1652
1652
1652
1652
1652
1652
1652
1652
1652
1652
1652
1652
1652
1652
1652
1652
1652
1652
1652
1652
1652
1652
1652
1652
1652
1652
1652
1652
1652
1652
1652
1652
1652
1652
1652
1652
1652
1652
1652
1652
1652
1652
1652
1652
1652
1652
1652
1652
1652
1652
1652
1652
1652
1652
1652
1652
1652
1652
1652
1652
1652
1652
1652
1652
1652
1652
1652
1652
1652
1652
1652
1652
1652
1652
1652
1652
1652
1652
1652
1652
1652
1652
1652
1652
1652
1652
1652
1652
1652
1652
1652
1652
1652
1652
1652
1652
1652
1652
1652
1652
1652
1652
1652
1652
1652
1652
1652
1652
1652
1652
1652
1652
1652
1652
1652
1652
1652
1652
1652
1652
1652
1652
1652
1652
1652
1652
1652
1652
1652
1652
1651
1651
1651
1651
1651
1651
1651
1651
1651
1651
1651
1651
1651
1651
1651
1651
1651
1651
1651
1651
1651
1651
1651
1651
1651
1651
1651
1651
1651
1651
1651
1651
1651
1651
1651
1651
1651
1651
1651
1651
1651
1651
1651
1651
1651
1651
1651
1651
1651
1651
1651
1651
1651
1651
1651
1651
1651
1651
1651
1651
1651
1651
1651
1651
1651
1651
1651
1651
1651
1651
1651
1651
1651
1651
1651
1651
1651
1651
1651
1651
1651
1651
1651
1651
1651
1651
1651
1651
1651
1651
1651
1651
1651
1651
1651
1651
1651
1651
1651
1651
1651
1651
1651
1651
1651
1651
1651
1651
1651
1651
1651
1651
1651
1651
1651
1651
1651
1651
1651
1651
1651
1651
1651
1651
1651
1651
1651
1651
1651
1651
1651
1651
1651
1651
1651
1651
1651
1651
1651
1651
1651
1651
1651
1651
1651
1651
1651
1651
1651
1651
1651
1651
1651
1651
1651
1651
1651
1651
1651
1651
1651
1651
1651
1651
1651
1651
1651
1651
1651
1651
1651
1651
1651
1651
1651
1651
1651
1651
1651
1651
1651
1651
1651
1651
1651
1651
1651
1651
1651
1651
1651
1651
1651
1651
1651
1651
1651
1651
1651
1651
1651
1651
1651
1651
1651
1651
1651
1651
1651
1651
1651
1651
1651
1651
1651
1651
1651
1651
1651
1651
1651
1651
1651
1651
1651
1651
1651
1651
1651
1651
1651
1651
1651
1651
1651
1651
1651
1651
1651
1651
1651
1651
1651
1651
1651
1651
1651
1651
1651
1651
1651
1650
1650
1650
1650
1650
1650
1650
1650
1650
1650
1650
1650
1650
1650
1650
1650
1650
1650
1650
1650
1650
1650
1650
1650
1650
1650
1650
1650
1650
1650
1650
1650
1650
1650
1650
1650
1650
1650
1650
1650
1650
1650
1650
1650
1650
1650
1650
1650
1650
1650
1650
1650
1650
1650
1650
1650
1650
1650
1650
1650
1650
1650
1650
1650
1650
1650
1650
1650
1650
1650
1650
1650
1650
1650
1650
1650
1650
1650
1650
1650
1650
1650
1650
1650
1650
1650
1650
1650
1650
1650
1650
1650
1650
1650
1650
1650
1650
1650
1650
1650
1650
1650
1650
1650
1650
1650
1650
1650
1650
1650
1650
1650
1650
1650
1650
1650
1650
1650
1650
1650
1650
1650
1650
1650
1650
1650
1650
1650
1650
1650
1650
1650
1650
1650
1650
1650
1650
1650
1650
1650
1650
1650
1650
1650
1650
1650
1650
1650
1650
1650
1650
1650
1650
1650
1650
1650
1650
1650
1650
1650
1650
1650
1650
1650
1650
1650
1650
1650
1650
1650
1650
1650
1650
1650
1650
1650
1650
1650
1650
1650
1650
1650
1650
1650
1650
1650
1650
1650
1650
1650
1650
1650
1650
1650
1650
1650
1650
1650
1650
1650
1650
1650
1650
1650
1650
1650
1650
1650
1650
1650
1650
1650
1650
1650
1650
1650
1650
1650
1650
1650
1650
1650
1650
1650
1650
1650
1650
1650
1650
1650
1650
1650
1650
1650
1650
1650
1650
1650
1650
1650
1650
1650
1650
1650
1650
1650
1650
1650
1650
1650
1650
1650
1650
1650
1650
1650
1650
1650
1650
1650
1650
1650
1650
1650
1650
1650
1650
1650
1650
1650
1650
1650
1650
1650
1650
1650
1650
1649
1649
1649
1649
1649
1649
1649
1649
1649
1649
1649
1649
1649
1649
1649
1649
1649
1649
1649
1649
1649
1649
1649
1649
1649
1649
1649
1649
1649
1649
1649
1649
1649
1649
1649
1649
1649
1649
1649
1649
1649
1649
1649
1649
1649
1649
1649
1649
1649
1649
1649
1649
1649
1649
1649
1649
1649
1649
1649
1649
1649
1649
1649
1649
1649
1649
1649
1649
1649
1649
1649
1649
1649
1649
1649
1649
1649
1649
1649
1649
1649
1649
1649
1649
1649
1649
1649
1649
1649
1649
1649
1649
1649
1649
1649
1649
1649
1649
1649
1649
1649
1649
1649
1649
1649
1649
1649
1649
1649
1649
1649
1649
1649
1649
1649
1649
1649
1649
1649
1649
1649
1649
1649
1649
1649
1649
1649
1649
1649
1649
1649
1649
1649
1649
1649
1649
1649
1649
1649
1649
1649
1649
1649
1649
1649
1649
1649
1649
1649
1649
1649
1649
1649
1649
1649
1649
1649
1649
1649
1649
1649
1649
1649
1649
1649
1649
1649
1649
1649
1649
1649
1649
1649
1649
1649
1649
1649
1649
1649
1649
1649
1649
1649
1649
1649
1649
1649
1649
1649
1649
1649
1649
1649
1649
1649
1649
1649
1649
1649
1649
1649
1649
1649
1649
1649
1649
1649
1649
1649
1649
1649
1649
1649
1649
1649
1649
1649
1649
1649
1649
1649
1649
1649
1649
1649
1649
1649
1649
1649
1649
1649
1649
1649
1649
1649
1649
1649
1649
1649
1649
1649
1649
1649
1649
1649
1649
1649
1649
1649
1649
1649
1649
1649
1649
1649
1649
1649
1649
1649
1649
1649
1649
1649
1649
1649
1649
1649
1649
1649
1649
1649
1649
1649
1649
1649
1649
1649
1649
1649
1649
1649
1649
1649
1649
1649
1649
1649
1649
1649
1649
1649
1649
1648
1648
1648
1648
1648
1648
1648
1648
1648
1648
1648
1648
1648
1648
1648
1648
1648
1648
1648
1648
1648
1648
1648
1648
1648
1648
1648
1648
1648
1648
1648
1648
1648
1648
1648
1648
1648
1648
1648
1648
1648
1648
1648
1648
1648
1648
1648
1648
1648
1648
1648
1648
1648
1648
1648
1648
1648
1648
1648
1648
1648
1648
1648
1648
1648
1648
1648
1648
1648
1648
1648
1648
1648
1648
1648
1648
1648
1648
1648
1648
1648
1648
1648
1648
1648
1648
1648
1648
1648
1648
1648
1648
1648
1648
1648
1648
1648
1648
1648
1648
1648
1648
1648
1648
1648
1648
1648
1648
1648
1648
1648
1648
1648
1648
1648
1648
1648
1648
1648
1648
1648
1648
1648
1648
1648
1648
1648
1648
1648
1648
1648
1648
1648
1648
1648
1648
1648
1648
1648
1648
1648
1648
1648
1648
1648
1648
1648
1648
1648
1648
1648
1648
1648
1648
1648
1648
1648
1648
1648
1648
1648
1648
1648
1648
1648
1648
1648
1648
1648
1648
1648
1648
1648
1648
1648
1648
1648
1648
1648
1648
1648
1648
1648
1648
1648
1648
1648
1648
1648
1648
1648
1648
1648
1648
1648
1648
1648
1648
1648
1648
1648
1648
1648
1648
1648
1648
1648
1648
1648
1648
1648
1648
1648
1648
1648
1648
1648
1648
1648
1648
1648
1648
1648
1648
1648
1648
1648
1648
1648
1648
1648
1648
1648
1648
1648
1648
1648
1648
1648
1648
1648
1648
1648
1648
1648
1648
1648
1648
1648
1648
1648
1648
1648
1648
1648
1648
1648
1648
1648
1648
1648
1648
1648
1648
1648
1648
1648
1648
1648
1648
1648
1648
1648
1648
1648
1648
1648
1648
1648
1648
1648
1648
1648
1648
1648
1648
1648
1648
1648
1648
1648
1648
1648
1648
1648
1648
1648
1648
1648
1648
1648
1648
1648
1648
1648
1648
1648
1648
1648
1648
1648
1648
1648
1648
1648
1648
1648
1647
1647
1647
1647
1647
1647
1647
1647
1647
1647
1647
1647
1647
1647
1647
1647
1647
1647
1647
1647
1647
1647
1647
1647
1647
1647
1647
1647
1647
1647
1647
1647
1647
1647
1647
1647
1647
1647
1647
1647
1647
1647
1647
1647
1647
1647
1647
1647
1647
1647
1647
1647
1647
1647
1647
1647
1647
1647
1647
1647
1647
1647
1647
1647
1647
1647
1647
1647
1647
1647
1647
1647
1647
1647
1647
1647
1647
1647
1647
1647
1647
1647
1647
1647
1647
1647
1647
1647
1647
1647
1647
1647
1647
1647
1647
1647
1647
1647
1647
1647
1647
1647
1647
1647
1647
1647
1647
1647
1647
1647
1647
1647
1647
1647
1647
1647
1647
1647
1647
1647
1647
1647
1647
1647
1647
1647
1647
1647
1647
1647
1647
1647
1647
1647
1647
1647
1647
1647
1647
1647
1647
1647
1647
1647
1647
1647
1647
1647
1647
1647
1647
1647
1647
1647
1647
1647
1647
1647
1647
1647
1647
1647
1647
1647
1647
1647
1647
1647
1647
1647
1647
1647
1647
1647
1647
1647
1647
1647
1647
1647
1647
1647
1647
1647
1647
1647
1647
1647
1647
1647
1647
1647
1647
1647
1647
1647
1647
1647
1647
1647
1647
1647
1647
1647
1647
1647
1647
1647
1647
1647
1647
1647
1647
1647
1647
1647
1647
1647
1647
1647
1647
1647
1647
1647
1647
1647
1647
1647
1647
1647
1647
1647
1647
1647
1647
1647
1647
1647
1647
1647
1647
1647
1647
1647
1647
1647
1647
1647
1647
1647
1647
1647
1647
1647
1647
1647
1647
1647
1647
1647
1647
1647
1647
1647
1647
1647
1647
1647
1647
1647
1647
1647
1647
1647
1647
1647
1647
1647
1647
1647
1647
1647
1647
1647
1647
1647
1647
1647
1647
1647
1647
1647
1647
1647
1647
1647
1647
1647
1647
1647
1647
1647
1647
1647
1647
1647
1647
1647
1647
1647
1647
1647
1647
1647
1647
1647
1647
1647
1647
1647
1647
1647
1647
1646
1646
1646
1646
1646
1646
1646
1646
1646
1646
1646
1646
1646
1646
1646
1646
1646
1646
1646
1646
1646
1646
1646
1646
1646
1646
1646
1646
1646
1646
1646
1646
1646
1646
1646
1646
1646
1646
1646
1646
1646
1646
1646
1646
1646
1646
1646
1646
1646
1646
1646
1646
1646
1646
1646
1646
1646
1646
1646
1646
1646
1646
1646
1646
1646
1646
1646
1646
1646
1646
1646
1646
1646
1646
1646
1646
1646
1646
1646
1646
1646
1646
1646
1646
1646
1646
1646
1646
1646
1646
1646
1646
1646
1646
1646
1646
1646
1646
1646
1646
1646
1646
1646
1646
1646
1646
1646
1646
1646
1646
1646
1646
1646
1646
1646
1646
1646
1646
1646
1646
1646
1646
1646
1646
1646
1646
1646
1646
1646
1646
1646
1646
1646
1646
1646
1646
1646
1646
1646
1646
1646
1646
1646
1646
1646
1646
1646
1646
1646
1646
1646
1646
1646
1646
1646
1646
1646
1646
1646
1646
1646
1646
1646
1646
1646
1646
1646
1646
1646
1646
1646
1646
1646
1646
1646
1646
1646
1646
1646
1646
1646
1646
1646
1646
1646
1646
1646
1646
1646
1646
1646
1646
1646
1646
1646
1646
1646
1646
1646
1646
1646
1646
1646
1646
1646
1646
1646
1646
1646
1646
1646
1646
1646
1646
1646
1646
1646
1646
1646
1646
1646
1646
1646
1646
1646
1646
1646
1646
1646
1646
1646
1646
1646
1646
1646
1646
1646
1646
1646
1646
1646
1646
1646
1646
1646
1646
1646
1646
1646
1646
1646
1646
1646
1646
1646
1646
1646
1646
1646
1646
1646
1646
1646
1646
1646
1646
1646
1646
1646
1646
1646
1646
1646
1646
1646
1646
1646
1646
1646
1646
1646
1646
1646
1646
1646
1646
1646
1646
1646
1646
1646
1646
1646
1646
1646
1646
1646
1646
1645
1645
1645
1645
1645
1645
1645
1645
1645
1645
1645
1645
1645
1645
1645
1645
1645
1645
1645
1645
1645
1645
1645
1645
1645
1645
1645
1645
1645
1645
1645
1645
1645
1645
1645
1645
1645
1645
1645
1645
1645
1645
1645
1645
1645
1645
1645
1645
1645
1645
1645
1645
1645
1645
1645
1645
1645
1645
1645
1645
1645
1645
1645
1645
1645
1645
1645
1645
1645
1645
1645
1645
1645
1645
1645
1645
1645
1645
1645
1645
1645
1645
1645
1645
1645
1645
1645
1645
1645
1645
1645
1645
1645
1645
1645
1645
1645
1645
1645
1645
1645
1645
1645
1645
1645
1645
1645
1645
1645
1645
1645
1645
1645
1645
1645
1645
1645
1645
1645
1645
1645
1645
1645
1645
1645
1645
1645
1645
1645
1645
1645
1645
1645
1645
1645
1645
1645
1645
1645
1645
1645
1645
1645
1645
1645
1645
1645
1645
1645
1645
1645
1645
1645
1645
1645
1645
1645
1645
1645
1645
1645
1645
1645
1645
1645
1645
1645
1645
1645
1645
1645
1645
1645
1645
1645
1645
1645
1645
1645
1645
1645
1645
1645
1645
1645
1645
1645
1645
1645
1645
1645
1645
1645
1645
1645
1645
1645
1645
1645
1645
1645
1645
1645
1645
1645
1645
1645
1645
1645
1645
1645
1645
1645
1645
1645
1645
1645
1645
1645
1645
1645
1645
1645
1645
1645
1645
1645
1645
1645
1645
1645
1645
1645
1645
1645
1645
1645
1645
1645
1645
1645
1645
1645
1645
1645
1645
1645
1645
1645
1645
1645
1645
1645
1645
1645
1645
1645
1645
1645
1645
1645
1645
1645
1645
1645
1645
1645
1645
1645
1645
1645
1645
1645
1645
1645
1645
1645
1645
1645
1645
1645
1645
1645
1645
1645
1645
1645
1645
1645
1645
1645
1645
1645
1645
1645
1645
1645
1645
1645
1645
1645
1645
1645
1645
1645
1645
1645
1645
1645
1645
1645
1645
1645
1645
1645
1645
1645
1645
1645
1645
1645
1645
1645
1645
1645
1645
1645
1645
1645
1645
1645
1645
1645
1645
1645
1645
1644
1644
1644
1644
1644
1644
1644
1644
1644
1644
1644
1644
1644
1644
1644
1644
1644
1644
1644
1644
1644
1644
1644
1644
1644
1644
1644
1644
1644
1644
1644
1644
1644
1644
1644
1644
1644
1644
1644
1644
1644
1644
1644
1644
1644
1644
1644
1644
1644
1644
1644
1644
1644
1644
1644
1644
1644
1644
1644
1644
1644
1644
1644
1644
1644
1644
1644
1644
1644
1644
1644
1644
1644
1644
1644
1644
1644
1644
1644
1644
1644
1644
1644
1644
1644
1644
1644
1644
1644
1644
1644
1644
1644
1644
1644
1644
1644
1644
1644
1644
1644
1644
1644
1644
1644
1644
1644
1644
1644
1644
1644
1644
1644
1644
1644
1644
1644
1644
1644
1644
1644
1644
1644
1644
1644
1644
1644
1644
1644
1644
1644
1644
1644
1644
1644
1644
1644
1644
1644
1644
1644
1644
1644
1644
1644
1644
1644
1644
1644
1644
1644
1644
1644
1644
1644
1644
1644
1644
1644
1644
1644
1644
1644
1644
1644
1644
1644
1644
1644
1644
1644
1644
1644
1644
1644
1644
1644
1644
1644
1644
1644
1644
1644
1644
1644
1644
1644
1644
1644
1644
1644
1644
1644
1644
1644
1644
1644
1644
1644
1644
1644
1644
1644
1644
1644
1644
1644
1644
1644
1644
1644
1644
1644
1644
1644
1644
1644
1644
1644
1644
1644
1644
1644
1644
1644
1644
1644
1644
1644
1644
1644
1644
1644
1644
1644
1644
1644
1644
1644
1644
1644
1644
1644
1644
1644
1644
1644
1644
1644
1644
1644
1644
1644
1644
1644
1644
1644
1644
1644
1644
1644
1644
1644
1644
1644
1644
1644
1644
1644
1644
1644
1644
1644
1644
1644
1644
1644
1644
1644
1644
1644
1644
1644
1644
1644
1644
1644
1644
1644
1644
1644
1644
1644
1644
1644
1644
1644
1644
1644
1644
1644
1644
1644
1644
1644
1644
1644
1644
1644
1644
1644
1644
1644
1644
1643
1643
1643
1643
1643
1643
1643
1643
1643
1643
1643
1643
1643
1643
1643
1643
1643
1643
1643
1643
1643
1643
1643
1643
1643
1643
1643
1643
1643
1643
1643
1643
1643
1643
1643
1643
1643
1643
1643
1643
1643
1643
1643
1643
1643
1643
1643
1643
1643
1643
1643
1643
1643
1643
1643
1643
1643
1643
1643
1643
1643
1643
1643
1643
1643
1643
1643
1643
1643
1643
1643
1643
1643
1643
1643
1643
1643
1643
1643
1643
1643
1643
1643
1643
1643
1643
1643
1643
1643
1643
1643
1643
1643
1643
1643
1643
1643
1643
1643
1643
1643
1643
1643
1643
1643
1643
1643
1643
1643
1643
1643
1643
1643
1643
1643
1643
1643
1643
1643
1643
1643
1643
1643
1643
1643
1643
1643
1643
1643
1643
1643
1643
1643
1643
1643
1643
1643
1643
1643
1643
1643
1643
1643
1643
1643
1643
1643
1643
1643
1643
1643
1643
1643
1643
1643
1643
1643
1643
1643
1643
1643
1643
1643
1643
1643
1643
1643
1643
1643
1643
1643
1643
1643
1643
1643
1643
1643
1643
1643
1643
1643
1643
1643
1643
1643
1643
1643
1643
1643
1643
1643
1643
1643
1643
1643
1643
1643
1643
1643
1643
1643
1643
1643
1643
1643
1643
1643
1643
1643
1643
1643
1643
1643
1643
1643
1643
1643
1643
1643
1643
1643
1643
1643
1643
1643
1643
1643
1643
1643
1643
1643
1643
1643
1643
1643
1643
1643
1643
1643
1643
1643
1643
1643
1643
1643
1643
1643
1643
1643
1643
1643
1643
1643
1643
1643
1643
1643
1643
1643
1643
1643
1643
1643
1643
1643
1643
1643
1643
1643
1643
1643
1643
1643
1643
1643
1643
1643
1643
1643
1643
1643
1643
1643
1643
1643
1643
1643
1643
1643
1643
1643
1643
1643
1643
1643
1643
1643
1643
1643
1643
1643
1643
1643
1643
1643
1643
1643
1643
1643
1643
1643
1643
1643
1643
1643
1643
1643
1643
1643
1643
1643
1643
1643
1643
1643
1643
1643
1643
1642
1642
1642
1642
1642
1642
1642
1642
1642
1642
1642
1642
1642
1642
1642
1642
1642
1642
1642
1642
1642
1642
1642
1642
1642
1642
1642
1642
1642
1642
1642
1642
1642
1642
1642
1642
1642
1642
1642
1642
1642
1642
1642
1642
1642
1642
1642
1642
1642
1642
1642
1642
1642
1642
1642
1642
1642
1642
1642
1642
1642
1642
1642
1642
1642
1642
1642
1642
1642
1642
1642
1642
1642
1642
1642
1642
1642
1642
1642
1642
1642
1642
1642
1642
1642
1642
1642
1642
1642
1642
1642
1642
1642
1642
1642
1642
1642
1642
1642
1642
1642
1642
1642
1642
1642
1642
1642
1642
1642
1642
1642
1642
1642
1642
1642
1642
1642
1642
1642
1642
1642
1642
1642
1642
1642
1642
1642
1642
1642
1642
1642
1642
1642
1642
1642
1642
1642
1642
1642
1642
1642
1642
1642
1642
1642
1642
1642
1642
1642
1642
1642
1642
1642
1642
1642
1642
1642
1642
1642
1642
1642
1642
1642
1642
1642
1642
1642
1642
1642
1642
1642
1642
1642
1642
1642
1642
1642
1642
1642
1642
1642
1642
1642
1642
1642
1642
1642
1642
1642
1642
1642
1642
1642
1642
1642
1642
1642
1642
1642
1642
1642
1642
1642
1642
1642
1642
1642
1642
1642
1642
1642
1642
1642
1642
1642
1642
1642
1642
1642
1642
1642
1642
1642
1642
1642
1642
1642
1642
1642
1642
1642
1642
1642
1642
1642
1642
1642
1642
1642
1642
1642
1642
1642
1642
1642
1642
1642
1642
1642
1642
1642
1642
1642
1642
1642
1642
1642
1642
1642
1642
1642
1642
1642
1642
1642
1642
1642
1642
1642
1642
1642
1642
1642
1642
1642
1642
1642
1642
1642
1642
1642
1642
1642
1642
1642
1642
1642
1642
1642
1642
1642
1642
1642
1642
1642
1642
1642
1642
1642
1642
1642
1642
1642
1642
1642
1642
1642
1642
1642
1642
1642
1642
1642
1642
1642
1642
1642
1642
1642
1642
1642
1642
1642
1642
1642
1642
1642
1642
1642
1642
1642
1642
1642
1642
1642
1642
1642
1642
1641
1641
1641
1641
1641
1641
1641
1641
1641
1641
1641
1641
1641
1641
1641
1641
1641
1641
1641
1641
1641
1641
1641
1641
1641
1641
1641
1641
1641
1641
1641
1641
1641
1641
1641
1641
1641
1641
1641
1641
1641
1641
1641
1641
1641
1641
1641
1641
1641
1641
1641
1641
1641
1641
1641
1641
1641
1641
1641
1641
1641
1641
1641
1641
1641
1641
1641
1641
1641
1641
1641
1641
1641
1641
1641
1641
1641
1641
1641
1641
1641
1641
1641
1641
1641
1641
1641
1641
1641
1641
1641
1641
1641
1641
1641
1641
1641
1641
1641
1641
1641
1641
1641
1641
1641
1641
1641
1641
1641
1641
1641
1641
1641
1641
1641
1641
1641
1641
1641
1641
1641
1641
1641
1641
1641
1641
1641
1641
1641
1641
1641
1641
1641
1641
1641
1641
1641
1641
1641
1641
1641
1641
1641
1641
1641
1641
1641
1641
1641
1641
1641
1641
1641
1641
1641
1641
1641
1641
1641
1641
1641
1641
1641
1641
1641
1641
1641
1641
1641
1641
1641
1641
1641
1641
1641
1641
1641
1641
1641
1641
1641
1641
1641
1641
1641
1641
1641
1641
1641
1641
1641
1641
1641
1641
1641
1641
1641
1641
1641
1641
1641
1641
1641
1641
1641
1641
1641
1641
1641
1641
1641
1641
1641
1641
1641
1641
1641
1641
1641
1641
1641
1641
1641
1641
1641
1641
1641
1641
1641
1641
1641
1641
1641
1641
1641
1641
1641
1641
1641
1641
1641
1641
1641
1641
1641
1641
1641
1641
1641
1641
1641
1641
1641
1641
1641
1641
1641
1641
1641
1641
1641
1641
1641
1641
1641
1641
1641
1641
1641
1641
1641
1641
1641
1641
1641
1641
1641
1641
1641
1641
1641
1641
1641
1641
1641
1641
1641
1641
1641
1641
1641
1641
1641
1641
1641
1641
1641
1641
1641
1641
1641
1641
1641
1641
1641
1641
1641
1641
1641
1641
1641
1641
1641
1641
1641
1641
1641
1641
1641
1641
1641
1641
1641
1641
1641
1641
1641
1641
1641
1641
1641
1641
1641
1641
1641
1641
1641
1641
1641
1641
1641
1641
1641
1641
1641
1641
1641
1641
1641
1641
1641
1641
1641
1641
1641
1641
1641
1641
1641
1641
1641
1641
1641
1641
1641
1641
1641
1641
1641
1641
1641
1640
1640
1640
1640
1640
1640
1640
1640
1640
1640
1640
1640
1640
1640
1640
1640
1640
1640
1640
1640
1640
1640
1640
1640
1640
1640
1640
1640
1640
1640
1640
1640
1640
1640
1640
1640
1640
1640
1640
1640
1640
1640
1640
1640
1640
1640
1640
1640
1640
1640
1640
1640
1640
1640
1640
1640
1640
1640
1640
1640
1640
1640
1640
1640
1640
1640
1640
1640
1640
1640
1640
1640
1640
1640
1640
1640
1640
1640
1640
1640
1640
1640
1640
1640
1640
1640
1640
1640
1640
1640
1640
1640
1640
1640
1640
1640
1640
1640
1640
1640
1640
1640
1640
1640
1640
1640
1640
1640
1640
1640
1640
1640
1640
1640
1640
1640
1640
1640
1640
1640
1640
1640
1640
1640
1640
1640
1640
1640
1640
1640
1640
1640
1640
1640
1640
1640
1640
1640
1640
1640
1640
1640
1640
1640
1640
1640
1640
1640
1640
1640
1640
1640
1640
1640
1640
1640
1640
1640
1640
1640
1640
1640
1640
1640
1640
1640
1640
1640
1640
1640
1640
1640
1640
1640
1640
1640
1640
1640
1640
1640
1640
1640
1640
1640
1640
1640
1640
1640
1640
1640
1640
1640
1640
1640
1640
1640
1640
1640
1640
1640
1640
1640
1640
1640
1640
1640
1640
1640
1640
1640
1640
1640
1640
1640
1640
1640
1640
1640
1640
1640
1640
1640
1640
1640
1640
1640
1640
1640
1640
1640
1640
1640
1640
1640
1640
1640
1640
1640
1640
1640
1640
1640
1640
1640
1640
1640
1640
1640
1640
1640
1640
1640
1640
1640
1640
1640
1640
1640
1640
1640
1640
1640
1640
1640
1640
1640
1640
1640
1640
1640
1640
1640
1640
1640
1640
1640
1640
1640
1640
1640
1640
1640
1640
1640
1640
1640
1640
1640
1640
1640
1640
1640
1640
1640
1640
1640
1640
1640
1640
1640
1640
1640
1640
1640
1640
1640
1640
1640
1640
1640
1640
1640
1640
1640
1640
1640
1640
1640
1640
1640
1640
1640
1640
1640
1640
1640
1640
1640
1640
1640
1640
1640
1640
1640
1640
1640
1640
1640
1640
1640
1640
1640
1640
1640
1640
1640
1640
1640
1640
1640
1640
1640
1640
1640
1640
1640
1640
1640
1639
1639
1639
1639
1639
1639
1639
1639
1639
1639
1639
1639
1639
1639
1639
1639
1639
1639
1639
1639
1639
1639
1639
1639
1639
1639
1639
1639
1639
1639
1639
1639
1639
1639
1639
1639
1639
1639
1639
1639
1639
1639
1639
1639
1639
1639
1639
1639
1639
1639
1639
1639
1639
1639
1639
1639
1639
1639
1639
1639
1639
1639
1639
1639
1639
1639
1639
1639
1639
1639
1639
1639
1639
1639
1639
1639
1639
1639
1639
1639
1639
1639
1639
1639
1639
1639
1639
1639
1639
1639
1639
1639
1639
1639
1639
1639
1639
1639
1639
1639
1639
1639
1639
1639
1639
1639
1639
1639
1639
1639
1639
1639
1639
1639
1639
1639
1639
1639
1639
1639
1639
1639
1639
1639
1639
1639
1639
1639
1639
1639
1639
1639
1639
1639
1639
1639
1639
1639
1639
1639
1639
1639
1639
1639
1639
1639
1639
1639
1639
1639
1639
1639
1639
1639
1639
1639
1639
1639
1639
1639
1639
1639
1639
1639
1639
1639
1639
1639
1639
1639
1639
1639
1639
1639
1639
1639
1639
1639
1639
1639
1639
1639
1639
1639
1639
1639
1639
1639
1639
1639
1639
1639
1639
1639
1639
1639
1639
1639
1639
1639
1639
1639
1639
1639
1639
1639
1639
1639
1639
1639
1639
1639
1639
1639
1639
1639
1639
1639
1639
1639
1639
1639
1639
1639
1639
1639
1639
1639
1639
1639
1639
1639
1639
1639
1639
1639
1639
1639
1639
1639
1639
1639
1639
1639
1639
1639
1639
1639
1639
1639
1639
1639
1639
1639
1639
1639
1639
1639
1639
1639
1639
1639
1639
1639
1639
1639
1639
1639
1639
1639
1639
1639
1639
1639
1639
1639
1639
1639
1639
1639
1639
1639
1639
1639
1639
1639
1639
1639
1639
1639
1639
1639
1639
1639
1639
1639
1639
1639
1639
1639
1639
1639
1639
1639
1639
1639
1639
1639
1639
1639
1639
1639
1639
1639
1639
1639
1639
1639
1639
1639
1639
1639
1639
1639
1639
1639
1639
1639
1639
1639
1639
1639
1639
1639
1639
1639
1639
1639
1639
1639
1639
1639
1639
1639
1639
1639
1639
1639
1639
1639
1639
1639
1639
1639
1639
1639
1639
1639
1639
1639
1639
1639
1639
1639
1639
1639
1639
1639
1639
1639
1639
1639
1639
1639
1639
1639
1639
1638
1638
1638
1638
1638
1638
1638
1638
1638
1638
1638
1638
1638
1638
1638
1638
1638
1638
1638
1638
1638
1638
1638
1638
1638
1638
1638
1638
1638
1638
1638
1638
1638
1638
1638
1638
1638
1638
1638
1638
1638
1638
1638
1638
1638
1638
1638
1638
1638
1638
1638
1638
1638
1638
1638
1638
1638
1638
1638
1638
1638
1638
1638
1638
1638
1638
1638
1638
1638
1638
1638
1638
1638
1638
1638
1638
1638
1638
1638
1638
1638
1638
1638
1638
1638
1638
1638
1638
1638
1638
1638
1638
1638
1638
1638
1638
1638
1638
1638
1638
1638
1638
1638
1638
1638
1638
1638
1638
1638
1638
1638
1638
1638
1638
1638
1638
1638
1638
1638
1638
1638
1638
1638
1638
1638
1638
1638
1638
1638
1638
1638
1638
1638
1638
1638
1638
1638
1638
1638
1638
1638
1638
1638
1638
1638
1638
1638
1638
1638
1638
1638
1638
1638
1638
1638
1638
1638
1638
1638
1638
1638
1638
1638
1638
1638
1638
1638
1638
1638
1638
1638
1638
1638
1638
1638
1638
1638
1638
1638
1638
1638
1638
1638
1638
1638
1638
1638
1638
1638
1638
1638
1638
1638
1638
1638
1638
1638
1638
1638
1638
1638
1638
1638
1638
1638
1638
1638
1638
1638
1638
1638
1638
1638
1638
1638
1638
1638
1638
1638
1638
1638
1638
1638
1638
1638
1638
1638
1638
1638
1638
1638
1638
1638
1638
1638
1638
1638
1638
1638
1638
1638
1638
1638
1638
1638
1638
1638
1638
1638
1638
1638
1638
1638
1638
1638
1638
1638
1638
1638
1638
1638
1638
1638
1638
1638
1638
1638
1638
1638
1638
1638
1638
1638
1638
1638
1638
1638
1638
1638
1638
1638
1638
1638
1638
1638
1638
1638
1638
1638
1638
1638
1638
1638
1638
1638
1638
1638
1638
1638
1638
1638
1638
1638
1638
1638
1638
1638
1638
1638
1638
1638
1638
1638
1638
1638
1638
1638
1638
1638
1638
1638
1638
1638
1638
1638
1638
1638
1638
1638
1638
1638
1638
1638
1638
1638
1638
1638
1638
1638
1638
1638
1638
1638
1638
1638
1638
1638
1638
1638
1638
1638
1638
1638
1638
1638
1638
1638
1638
1638
1638
1638
1638
1638
1638
1638
1638
1638
1638
1638
1638
1638
1638
1638
1638
1638
1638
1638
1638
1638
1638
1638
1638
1638
1638
1638
1638
1638
1638
1638
1638
1638
1638
1638
1638
1638
1638
1638
1638
1638
1638
1638
1638
1638
1638
1637
1637
1637
1637
1637
1637
1637
1637
1637
1637
1637
1637
1637
1637
1637
1637
1637
1637
1637
1637
1637
1637
1637
1637
1637
1637
1637
1637
1637
1637
1637
1637
1637
1637
1637
1637
1637
1637
1637
1637
1637
1637
1637
1637
1637
1637
1637
1637
1637
1637
1637
1637
1637
1637
1637
1637
1637
1637
1637
1637
1637
1637
1637
1637
1637
1637
1637
1637
1637
1637
1637
1637
1637
1637
1637
1637
1637
1637
1637
1637
1637
1637
1637
1637
1637
1637
1637
1637
1637
1637
1637
1637
1637
1637
1637
1637
1637
1637
1637
1637
1637
1637
1637
1637
1637
1637
1637
1637
1637
1637
1637
1637
1637
1637
1637
1637
1637
1637
1637
1637
1637
1637
1637
1637
1637
1637
1637
1637
1637
1637
1637
1637
1637
1637
1637
1637
1637
1637
1637
1637
1637
1637
1637
1637
1637
1637
1637
1637
1637
1637
1637
1637
1637
1637
1637
1637
1637
1637
1637
1637
1637
1637
1637
1637
1637
1637
1637
1637
1637
1637
1637
1637
1637
1637
1637
1637
1637
1637
1637
1637
1637
1637
1637
1637
1637
1637
1637
1637
1637
1637
1637
1637
1637
1637
1637
1637
1637
1637
1637
1637
1637
1637
1637
1637
1637
1637
1637
1637
1637
1637
1637
1637
1637
1637
1637
1637
1637
1637
1637
1637
1637
1637
1637
1637
1637
1637
1637
1637
1637
1637
1637
1637
1637
1637
1637
1637
1637
1637
1637
1637
1637
1637
1637
1637
1637
1637
1637
1637
1637
1637
1637
1637
1637
1637
1637
1637
1637
1637
1637
1637
1637
1637
1637
1637
1637
1637
1637
1637
1637
1637
1637
1637
1637
1637
1637
1637
1637
1637
1637
1637
1637
1637
1637
1637
1637
1637
1637
1637
1637
1637
1637
1637
1637
1637
1637
1637
1637
1637
1637
1637
1637
1637
1637
1637
1637
1637
1637
1637
1637
1637
1637
1637
1637
1637
1637
1637
1637
1637
1637
1637
1637
1637
1637
1637
1637
1637
1637
1637
1637
1637
1637
1637
1637
1637
1637
1637
1637
1637
1637
1637
1637
1637
1637
1637
1637
1637
1637
1637
1637
1637
1637
1637
1637
1637
1637
1637
1637
1637
1637
1637
1637
1637
1637
1637
1637
1637
1637
1637
1637
1637
1637
1637
1637
1637
1637
1637
1637
1637
1637
1637
1637
1637
1636
1636
1636
1636
1636
1636
1636
1636
1636
1636
1636
1636
1636
1636
1636
1636
1636
1636
1636
1636
1636
1636
1636
1636
1636
1636
1636
1636
1636
1636
1636
1636
1636
1636
1636
1636
1636
1636
1636
1636
1636
1636
1636
1636
1636
1636
1636
1636
1636
1636
1636
1636
1636
1636
1636
1636
1636
1636
1636
1636
1636
1636
1636
1636
1636
1636
1636
1636
1636
1636
1636
1636
1636
1636
1636
1636
1636
1636
1636
1636
1636
1636
1636
1636
1636
1636
1636
1636
1636
1636
1636
1636
1636
1636
1636
1636
1636
1636
1636
1636
1636
1636
1636
1636
1636
1636
1636
1636
1636
1636
1636
1636
1636
1636
1636
1636
1636
1636
1636
1636
1636
1636
1636
1636
1636
1636
1636
1636
1636
1636
1636
1636
1636
1636
1636
1636
1636
1636
1636
1636
1636
1636
1636
1636
1636
1636
1636
1636
1636
1636
1636
1636
1636
1636
1636
1636
1636
1636
1636
1636
1636
1636
1636
1636
1636
1636
1636
1636
1636
1636
1636
1636
1636
1636
1636
1636
1636
1636
1636
1636
1636
1636
1636
1636
1636
1636
1636
1636
1636
1636
1636
1636
1636
1636
1636
1636
1636
1636
1636
1636
1636
1636
1636
1636
1636
1636
1636
1636
1636
1636
1636
1636
1636
1636
1636
1636
1636
1636
1636
1636
1636
1636
1636
1636
1636
1636
1636
1636
1636
1636
1636
1636
1636
1636
1636
1636
1636
1636
1636
1636
1636
1636
1636
1636
1636
1636
1636
1636
1636
1636
1636
1636
1636
1636
1636
1636
1636
1636
1636
1636
1636
1636
1636
1636
1636
1636
1636
1636
1636
1636
1636
1636
1636
1636
1636
1636
1636
1636
1636
1636
1636
1636
1636
1636
1636
1636
1636
1636
1636
1636
1636
1636
1636
1636
1636
1636
1636
1636
1636
1636
1636
1636
1636
1636
1636
1636
1636
1636
1636
1636
1636
1636
1636
1636
1636
1636
1636
1636
1636
1636
1636
1636
1636
1636
1636
1636
1636
1636
1636
1636
1636
1636
1636
1636
1636
1636
1636
1636
1636
1636
1636
1636
1636
1636
1636
1636
1636
1636
1636
1636
1636
1636
1636
1636
1636
1636
1636
1636
1636
1636
1636
1636
1636
1636
1636
1636
1636
1636
1636
1636
1636
1636
1636
1636
1636
1636
1636
1636
1636
1636
1636
1636
1636
1636
1636
1636
1636
1636
1636
1636
1636
1636
1636
1636
1636
1636
1636
1636
1636
1636
1636
1636
1636
1636
1636
1636
1636
1635
1635
1635
1635
1635
1635
1635
1635
1635
1635
1635
1635
1635
1635
1635
1635
1635
1635
1635
1635
1635
1635
1635
1635
1635
1635
1635
1635
1635
1635
1635
1635
1635
1635
1635
1635
1635
1635
1635
1635
1635
1635
1635
1635
1635
1635
1635
1635
1635
1635
1635
1635
1635
1635
1635
1635
1635
1635
1635
1635
1635
1635
1635
1635
1635
1635
1635
1635
1635
1635
1635
1635
1635
1635
1635
1635
1635
1635
1635
1635
1635
1635
1635
1635
1635
1635
1635
1635
1635
1635
1635
1635
1635
1635
1635
1635
1635
1635
1635
1635
1635
1635
1635
1635
1635
1635
1635
1635
1635
1635
1635
1635
1635
1635
1635
1635
1635
1635
1635
1635
1635
1635
1635
1635
1635
1635
1635
1635
1635
1635
1635
1635
1635
1635
1635
1635
1635
1635
1635
1635
1635
1635
1635
1635
1635
1635
1635
1635
1635
1635
1635
1635
1635
1635
1635
1635
1635
1635
1635
1635
1635
1635
1635
1635
1635
1635
1635
1635
1635
1635
1635
1635
1635
1635
1635
1635
1635
1635
1635
1635
1635
1635
1635
1635
1635
1635
1635
1635
1635
1635
1635
1635
1635
1635
1635
1635
1635
1635
1635
1635
1635
1635
1635
1635
1635
1635
1635
1635
1635
1635
1635
1635
1635
1635
1635
1635
1635
1635
1635
1635
1635
1635
1635
1635
1635
1635
1635
1635
1635
1635
1635
1635
1635
1635
1635
1635
1635
1635
1635
1635
1635
1635
1635
1635
1635
1635
1635
1635
1635
1635
1635
1635
1635
1635
1635
1635
1635
1635
1635
1635
1635
1635
1635
1635
1635
1635
1635
1635
1635
1635
1635
1635
1635
1635
1635
1635
1635
1635
1635
1635
1635
1635
1635
1635
1635
1635
1635
1635
1635
1635
1635
1635
1635
1635
1635
1635
1635
1635
1635
1635
1635
1635
1635
1635
1635
1635
1635
1635
1635
1635
1635
1635
1635
1635
1635
1635
1635
1635
1635
1635
1635
1635
1635
1635
1635
1635
1635
1635
1635
1635
1635
1635
1635
1635
1635
1635
1635
1635
1635
1635
1635
1635
1635
1635
1635
1635
1635
1635
1635
1635
1635
1635
1635
1635
1635
1635
1635
1635
1634
1634
1634
1634
1634
1634
1634
1634
1634
1634
1634
1634
1634
1634
1634
1634
1634
1634
1634
1634
1634
1634
1634
1634
1634
1634
1634
1634
1634
1634
1634
1634
1634
1634
1634
1634
1634
1634
1634
1634
1634
1634
1634
1634
1634
1634
1634
1634
1634
1634
1634
1634
1634
1634
1634
1634
1634
1634
1634
1634
1634
1634
1634
1634
1634
1634
1634
1634
1634
1634
1634
1634
1634
1634
1634
1634
1634
1634
1634
1634
1634
1634
1634
1634
1634
1634
1634
1634
1634
1634
1634
1634
1634
1634
1634
1634
1634
1634
1634
1634
1634
1634
1634
1634
1634
1634
1634
1634
1634
1634
1634
1634
1634
1634
1634
1634
1634
1634
1634
1634
1634
1634
1634
1634
1634
1634
1634
1634
1634
1634
1634
1634
1634
1634
1634
1634
1634
1634
1634
1634
1634
1634
1634
1634
1634
1634
1634
1634
1634
1634
1634
1634
1634
1634
1634
1634
1634
1634
1634
1634
1634
1634
1634
1634
1634
1634
1634
1634
1634
1634
1634
1634
1634
1634
1634
1634
1634
1634
1634
1634
1634
1634
1634
1634
1634
1634
1634
1634
1634
1634
1634
1634
1634
1634
1634
1634
1634
1634
1634
1634
1634
1634
1634
1634
1634
1634
1634
1634
1634
1634
1634
1634
1634
1634
1634
1634
1634
1634
1634
1634
1634
1634
1634
1634
1634
1634
1634
1634
1634
1634
1634
1634
1634
1634
1634
1634
1634
1634
1634
1634
1634
1634
1634
1634
1634
1634
1634
1634
1634
1634
1634
1634
1634
1634
1634
1634
1634
1634
1634
1634
1634
1634
1634
1634
1634
1634
1634
1634
1634
1634
1634
1634
1634
1634
1634
1634
1634
1634
1634
1634
1634
1634
1634
1634
1634
1634
1634
1634
1634
1634
1634
1634
1634
1634
1634
1634
1634
1634
1634
1634
1634
1634
1634
1634
1634
1634
1634
1634
1634
1634
1634
1634
1634
1634
1634
1634
1634
1634
1634
1634
1634
1634
1634
1634
1634
1634
1634
1634
1634
1634
1634
1634
1634
1634
1634
1634
1634
1634
1634
1634
1634
1634
1634
1634
1634
1634
1634
1634
1634
1634
1634
1634
1634
1634
1634
1634
1634
1634
1634
1634
1634
1634
1634
1634
1634
1634
1634
1634
1634
1634
1634
1634
1634
1634
1634
1634
1634
1634
1634
1634
1634
1634
1634
1634
1634
1634
1634
1634
1634
1634
1634
1634
1634
1634
1634
1634
1634
1634
1634
1634
1634
1634
1634
1634
1634
1633
1633
1633
1633
1633
1633
1633
1633
1633
1633
1633
1633
1633
1633
1633
1633
1633
1633
1633
1633
1633
1633
1633
1633
1633
1633
1633
1633
1633
1633
1633
1633
1633
1633
1633
1633
1633
1633
1633
1633
1633
1633
1633
1633
1633
1633
1633
1633
1633
1633
1633
1633
1633
1633
1633
1633
1633
1633
1633
1633
1633
1633
1633
1633
1633
1633
1633
1633
1633
1633
1633
1633
1633
1633
1633
1633
1633
1633
1633
1633
1633
1633
1633
1633
1633
1633
1633
1633
1633
1633
1633
1633
1633
1633
1633
1633
1633
1633
1633
1633
1633
1633
1633
1633
1633
1633
1633
1633
1633
1633
1633
1633
1633
1633
1633
1633
1633
1633
1633
1633
1633
1633
1633
1633
1633
1633
1633
1633
1633
1633
1633
1633
1633
1633
1633
1633
1633
1633
1633
1633
1633
1633
1633
1633
1633
1633
1633
1633
1633
1633
1633
1633
1633
1633
1633
1633
1633
1633
1633
1633
1633
1633
1633
1633
1633
1633
1633
1633
1633
1633
1633
1633
1633
1633
1633
1633
1633
1633
1633
1633
1633
1633
1633
1633
1633
1633
1633
1633
1633
1633
1633
1633
1633
1633
1633
1633
1633
1633
1633
1633
1633
1633
1633
1633
1633
1633
1633
1633
1633
1633
1633
1633
1633
1633
1633
1633
1633
1633
1633
1633
1633
1633
1633
1633
1633
1633
1633
1633
1633
1633
1633
1633
1633
1633
1633
1633
1633
1633
1633
1633
1633
1633
1633
1633
1633
1633
1633
1633
1633
1633
1633
1633
1633
1633
1633
1633
1633
1633
1633
1633
1633
1633
1633
1633
1633
1633
1633
1633
1633
1633
1633
1633
1633
1633
1633
1633
1633
1633
1633
1633
1633
1633
1633
1633
1633
1633
1633
1633
1633
1633
1633
1633
1633
1633
1633
1633
1633
1633
1633
1633
1633
1633
1633
1633
1633
1633
1633
1633
1633
1633
1633
1633
1633
1633
1633
1633
1633
1633
1633
1633
1633
1633
1633
1633
1633
1633
1633
1633
1633
1633
1633
1633
1633
1633
1633
1633
1633
1633
1633
1633
1633
1633
1633
1633
1633
1633
1633
1633
1633
1633
1633
1633
1633
1633
1633
1633
1633
1633
1633
1633
1633
1633
1633
1633
1633
1633
1633
1633
1633
1633
1633
1633
1633
1633
1633
1633
1633
1633
1633
1633
1633
1633
1633
1633
1633
1633
1633
1633
1633
1633
1633
1633
1633
1633
1633
1633
1633
1633
1633
1633
1633
1633
1633
1633
1633
1633
1633
1633
1633
1633
1633
1633
1633
1633
1633
1633
1633
1633
1632
1632
1632
1632
1632
1632
1632
1632
1632
1632
1632
1632
1632
1632
1632
1632
1632
1632
1632
1632
1632
1632
1632
1632
1632
1632
1632
1632
1632
1632
1632
1632
1632
1632
1632
1632
1632
1632
1632
1632
1632
1632
1632
1632
1632
1632
1632
1632
1632
1632
1632
1632
1632
1632
1632
1632
1632
1632
1632
1632
1632
1632
1632
1632
1632
1632
1632
1632
1632
1632
1632
1632
1632
1632
1632
1632
1632
1632
1632
1632
1632
1632
1632
1632
1632
1632
1632
1632
1632
1632
1632
1632
1632
1632
1632
1632
1632
1632
1632
1632
1632
1632
1632
1632
1632
1632
1632
1632
1632
1632
1632
1632
1632
1632
1632
1632
1632
1632
1632
1632
1632
1632
1632
1632
1632
1632
1632
1632
1632
1632
1632
1632
1632
1632
1632
1632
1632
1632
1632
1632
1632
1632
1632
1632
1632
1632
1632
1632
1632
1632
1632
1632
1632
1632
1632
1632
1632
1632
1632
1632
1632
1632
1632
1632
1632
1632
1632
1632
1632
1632
1632
1632
1632
1632
1632
1632
1632
1632
1632
1632
1632
1632
1632
1632
1632
1632
1632
1632
1632
1632
1632
1632
1632
1632
1632
1632
1632
1632
1632
1632
1632
1632
1632
1632
1632
1632
1632
1632
1632
1632
1632
1632
1632
1632
1632
1632
1632
1632
1632
1632
1632
1632
1632
1632
1632
1632
1632
1632
1632
1632
1632
1632
1632
1632
1632
1632
1632
1632
1632
1632
1632
1632
1632
1632
1632
1632
1632
1632
1632
1632
1632
1632
1632
1632
1632
1632
1632
1632
1632
1632
1632
1632
1632
1632
1632
1632
1632
1632
1632
1632
1632
1632
1632
1632
1632
1632
1632
1632
1632
1632
1632
1632
1632
1632
1632
1632
1632
1632
1632
1632
1632
1632
1632
1632
1632
1632
1632
1632
1632
1632
1632
1632
1632
1632
1632
1632
1632
1632
1632
1632
1632
1632
1632
1632
1632
1632
1632
1632
1632
1632
1632
1632
1632
1632
1632
1632
1632
1632
1632
1632
1632
1632
1632
1632
1632
1632
1632
1632
1632
1632
1632
1632
1632
1632
1632
1632
1632
1632
1632
1632
1632
1632
1632
1632
1632
1632
1632
1632
1632
1632
1632
1632
1632
1632
1632
1632
1632
1632
1632
1632
1632
1632
1632
1632
1632
1632
1632
1632
1632
1632
1632
1632
1632
1632
1632
1632
1632
1632
1632
1632
1632
1632
1632
1632
1632
1632
1632
1632
1632
1632
1632
1632
1632
1632
1632
1632
1632
1632
1632
1632
1632
1632
1632
1632
1632
1632
1632
1632
1631
1631
1631
1631
1631
1631
1631
1631
1631
1631
1631
1631
1631
1631
1631
1631
1631
1631
1631
1631
1631
1631
1631
1631
1631
1631
1631
1631
1631
1631
1631
1631
1631
1631
1631
1631
1631
1631
1631
1631
1631
1631
1631
1631
1631
1631
1631
1631
1631
1631
1631
1631
1631
1631
1631
1631
1631
1631
1631
1631
1631
1631
1631
1631
1631
1631
1631
1631
1631
1631
1631
1631
1631
1631
1631
1631
1631
1631
1631
1631
1631
1631
1631
1631
1631
1631
1631
1631
1631
1631
1631
1631
1631
1631
1631
1631
1631
1631
1631
1631
1631
1631
1631
1631
1631
1631
1631
1631
1631
1631
1631
1631
1631
1631
1631
1631
1631
1631
1631
1631
1631
1631
1631
1631
1631
1631
1631
1631
1631
1631
1631
1631
1631
1631
1631
1631
1631
1631
1631
1631
1631
1631
1631
1631
1631
1631
1631
1631
1631
1631
1631
1631
1631
1631
1631
1631
1631
1631
1631
1631
1631
1631
1631
1631
1631
1631
1631
1631
1631
1631
1631
1631
1631
1631
1631
1631
1631
1631
1631
1631
1631
1631
1631
1631
1631
1631
1631
1631
1631
1631
1631
1631
1631
1631
1631
1631
1631
1631
1631
1631
1631
1631
1631
1631
1631
1631
1631
1631
1631
1631
1631
1631
1631
1631
1631
1631
1631
1631
1631
1631
1631
1631
1631
1631
1631
1631
1631
1631
1631
1631
1631
1631
1631
1631
1631
1631
1631
1631
1631
1631
1631
1631
1631
1631
1631
1631
1631
1631
1631
1631
1631
1631
1631
1631
1631
1631
1631
1631
1631
1631
1631
1631
1631
1631
1631
1631
1631
1631
1631
1631
1631
1631
1631
1631
1631
1631
1631
1631
1631
1631
1631
1631
1631
1631
1631
1631
1631
1631
1631
1631
1631
1631
1631
1631
1631
1631
1631
1631
1631
1631
1631
1631
1631
1631
1631
1631
1631
1631
1631
1631
1631
1631
1631
1631
1631
1631
1631
1631
1631
1631
1631
1631
1631
1631
1631
1631
1631
1631
1631
1631
1631
1631
1631
1631
1631
1631
1631
1631
1631
1631
1631
1631
1631
1631
1631
1631
1631
1631
1631
1631
1631
1631
1631
1631
1631
1631
1631
1631
1631
1631
1631
1631
1631
1631
1631
1631
1631
1631
1631
1631
1631
1631
1631
1631
1631
1631
1631
1631
1631
1631
1631
1631
1631
1631
1631
1631
1631
1631
1631
1631
1631
1631
1631
1631
1631
1631
1631
1631
1631
1631
1631
1631
1630
1630
1630
1630
1630
1630
1630
1630
1630
1630
1630
1630
1630
1630
1630
1630
1630
1630
1630
1630
1630
1630
1630
1630
1630
1630
1630
1630
1630
1630
1630
1630
1630
1630
1630
1630
1630
1630
1630
1630
1630
1630
1630
1630
1630
1630
1630
1630
1630
1630
1630
1630
1630
1630
1630
1630
1630
1630
1630
1630
1630
1630
1630
1630
1630
1630
1630
1630
1630
1630
1630
1630
1630
1630
1630
1630
1630
1630
1630
1630
1630
1630
1630
1630
1630
1630
1630
1630
1630
1630
1630
1630
1630
1630
1630
1630
1630
1630
1630
1630
1630
1630
1630
1630
1630
1630
1630
1630
1630
1630
1630
1630
1630
1630
1630
1630
1630
1630
1630
1630
1630
1630
1630
1630
1630
1630
1630
1630
1630
1630
1630
1630
1630
1630
1630
1630
1630
1630
1630
1630
1630
1630
1630
1630
1630
1630
1630
1630
1630
1630
1630
1630
1630
1630
1630
1630
1630
1630
1630
1630
1630
1630
1630
1630
1630
1630
1630
1630
1630
1630
1630
1630
1630
1630
1630
1630
1630
1630
1630
1630
1630
1630
1630
1630
1630
1630
1630
1630
1630
1630
1630
1630
1630
1630
1630
1630
1630
1630
1630
1630
1630
1630
1630
1630
1630
1630
1630
1630
1630
1630
1630
1630
1630
1630
1630
1630
1630
1630
1630
1630
1630
1630
1630
1630
1630
1630
1630
1630
1630
1630
1630
1630
1630
1630
1630
1630
1630
1630
1630
1630
1630
1630
1630
1630
1630
1630
1630
1630
1630
1630
1630
1630
1630
1630
1630
1630
1630
1630
1630
1630
1630
1630
1630
1630
1630
1630
1630
1630
1630
1630
1630
1630
1630
1630
1630
1630
1630
1630
1630
1630
1630
1630
1630
1630
1630
1630
1630
1630
1630
1630
1630
1630
1630
1630
1630
1630
1630
1630
1630
1630
1630
1630
1630
1630
1630
1630
1630
1630
1630
1630
1630
1630
1630
1630
1630
1630
1630
1630
1630
1630
1630
1630
1630
1630
1630
1630
1630
1630
1630
1630
1630
1630
1630
1630
1630
1630
1630
1630
1630
1630
1630
1630
1630
1630
1630
1630
1630
1630
1630
1630
1630
1630
1630
1630
1630
1630
1630
1630
1630
1630
1630
1630
1630
1630
1630
1630
1630
1630
1630
1630
1630
1630
1630
1630
1630
1630
1630
1630
1630
1630
1630
1630
1630
1630
1630
1630
1630
1630
1630
1630
1630
1630
1630
1630
1630
1630
1630
1630
1630
1630
1630
1630
1630
1630
1630
1630
1630
1630
1630
1630
1630
1630
1630
1630
1630
1630
1630
1630
1630
1630
1630
1630
1630
1630
1630
1630
1630
1630
1630
1630
1630
1630
1630
1630
1630
1630
1630
1630
1630
1629
1629
1629
1629
1629
1629
1629
1629
1629
1629
1629
1629
1629
1629
1629
1629
1629
1629
1629
1629
1629
1629
1629
1629
1629
1629
1629
1629
1629
1629
1629
1629
1629
1629
1629
1629
1629
1629
1629
1629
1629
1629
1629
1629
1629
1629
1629
1629
1629
1629
1629
1629
1629
1629
1629
1629
1629
1629
1629
1629
1629
1629
1629
1629
1629
1629
1629
1629
1629
1629
1629
1629
1629
1629
1629
1629
1629
1629
1629
1629
1629
1629
1629
1629
1629
1629
1629
1629
1629
1629
1629
1629
1629
1629
1629
1629
1629
1629
1629
1629
1629
1629
1629
1629
1629
1629
1629
1629
1629
1629
1629
1629
1629
1629
1629
1629
1629
1629
1629
1629
1629
1629
1629
1629
1629
1629
1629
1629
1629
1629
1629
1629
1629
1629
1629
1629
1629
1629
1629
1629
1629
1629
1629
1629
1629
1629
1629
1629
1629
1629
1629
1629
1629
1629
1629
1629
1629
1629
1629
1629
1629
1629
1629
1629
1629
1629
1629
1629
1629
1629
1629
1629
1629
1629
1629
1629
1629
1629
1629
1629
1629
1629
1629
1629
1629
1629
1629
1629
1629
1629
1629
1629
1629
1629
1629
1629
1629
1629
1629
1629
1629
1629
1629
1629
1629
1629
1629
1629
1629
1629
1629
1629
1629
1629
1629
1629
1629
1629
1629
1629
1629
1629
1629
1629
1629
1629
1629
1629
1629
1629
1629
1629
1629
1629
1629
1629
1629
1629
1629
1629
1629
1629
1629
1629
1629
1629
1629
1629
1629
1629
1629
1629
1629
1629
1629
1629
1629
1629
1629
1629
1629
1629
1629
1629
1629
1629
1629
1629
1629
1629
1629
1629
1629
1629
1629
1629
1629
1629
1629
1629
1629
1629
1629
1629
1629
1629
1629
1629
1629
1629
1629
1629
1629
1629
1629
1629
1629
1629
1629
1629
1629
1629
1629
1629
1629
1629
1629
1629
1629
1629
1629
1629
1629
1629
1629
1629
1629
1629
1629
1629
1629
1629
1629
1629
1629
1629
1629
1629
1629
1629
1629
1629
1629
1629
1629
1629
1629
1629
1629
1629
1629
1629
1629
1629
1629
1629
1629
1629
1629
1629
1629
1629
1629
1629
1629
1629
1629
1629
1629
1629
1629
1629
1629
1629
1629
1629
1629
1629
1629
1629
1629
1629
1629
1629
1629
1629
1629
1629
1629
1629
1629
1629
1629
1629
1629
1629
1629
1629
1629
1629
1629
1629
1629
1629
1629
1629
1629
1629
1629
1629
1629
1629
1629
1629
1629
1629
1629
1629
1629
1629
1629
1629
1629
1629
1629
1629
1629
1629
1629
1629
1629
1629
1629
1629
1629
1629
1629
1629
1629
1629
1629
1629
1629
1629
1629
1629
1629
1629
1629
1629
1629
1629
1629
1629
1629
1629
1629
1629
1629
1629
1628
1628
1628
1628
1628
1628
1628
1628
1628
1628
1628
1628
1628
1628
1628
1628
1628
1628
1628
1628
1628
1628
1628
1628
1628
1628
1628
1628
1628
1628
1628
1628
1628
1628
1628
1628
1628
1628
1628
1628
1628
1628
1628
1628
1628
1628
1628
1628
1628
1628
1628
1628
1628
1628
1628
1628
1628
1628
1628
1628
1628
1628
1628
1628
1628
1628
1628
1628
1628
1628
1628
1628
1628
1628
1628
1628
1628
1628
1628
1628
1628
1628
1628
1628
1628
1628
1628
1628
1628
1628
1628
1628
1628
1628
1628
1628
1628
1628
1628
1628
1628
1628
1628
1628
1628
1628
1628
1628
1628
1628
1628
1628
1628
1628
1628
1628
1628
1628
1628
1628
1628
1628
1628
1628
1628
1628
1628
1628
1628
1628
1628
1628
1628
1628
1628
1628
1628
1628
1628
1628
1628
1628
1628
1628
1628
1628
1628
1628
1628
1628
1628
1628
1628
1628
1628
1628
1628
1628
1628
1628
1628
1628
1628
1628
1628
1628
1628
1628
1628
1628
1628
1628
1628
1628
1628
1628
1628
1628
1628
1628
1628
1628
1628
1628
1628
1628
1628
1628
1628
1628
1628
1628
1628
1628
1628
1628
1628
1628
1628
1628
1628
1628
1628
1628
1628
1628
1628
1628
1628
1628
1628
1628
1628
1628
1628
1628
1628
1628
1628
1628
1628
1628
1628
1628
1628
1628
1628
1628
1628
1628
1628
1628
1628
1628
1628
1628
1628
1628
1628
1628
1628
1628
1628
1628
1628
1628
1628
1628
1628
1628
1628
1628
1628
1628
1628
1628
1628
1628
1628
1628
1628
1628
1628
1628
1628
1628
1628
1628
1628
1628
1628
1628
1628
1628
1628
1628
1628
1628
1628
1628
1628
1628
1628
1628
1628
1628
1628
1628
1628
1628
1628
1628
1628
1628
1628
1628
1628
1628
1628
1628
1628
1628
1628
1628
1628
1628
1628
1628
1628
1628
1628
1628
1628
1628
1628
1628
1628
1628
1628
1628
1628
1628
1628
1628
1628
1628
1628
1628
1628
1628
1628
1628
1628
1628
1628
1628
1628
1628
1628
1628
1628
1628
1628
1628
1628
1628
1628
1628
1628
1628
1628
1628
1628
1628
1628
1628
1628
1628
1628
1628
1628
1628
1628
1628
1628
1628
1628
1628
1628
1628
1628
1628
1628
1628
1628
1628
1628
1628
1628
1628
1628
1628
1628
1628
1628
1628
1628
1628
1628
1628
1628
1628
1628
1628
1628
1628
1628
1628
1628
1628
1628
1628
1628
1628
1628
1628
1628
1628
1628
1628
1628
1628
1628
1628
1628
1628
1628
1628
1628
1628
1628
1628
1628
1628
1628
1628
1628
1628
1628
1628
1628
1628
1628
1628
1628
1628
1628
1628
1628
1628
1628
1628
1628
1628
1628
1628
1628
1628
1628
1628
1628
1628
1628
1628
1628
1628
1628
1628
1628
1628
1628
1628
1628
1628
1628
1628
1628
1628
1628
1628
1628
1628
1628
1628
1628
1628
1627
1627
1627
1627
1627
1627
1627
1627
1627
1627
1627
1627
1627
1627
1627
1627
1627
1627
1627
1627
1627
1627
1627
1627
1627
1627
1627
1627
1627
1627
1627
1627
1627
1627
1627
1627
1627
1627
1627
1627
1627
1627
1627
1627
1627
1627
1627
1627
1627
1627
1627
1627
1627
1627
1627
1627
1627
1627
1627
1627
1627
1627
1627
1627
1627
1627
1627
1627
1627
1627
1627
1627
1627
1627
1627
1627
1627
1627
1627
1627
1627
1627
1627
1627
1627
1627
1627
1627
1627
1627
1627
1627
1627
1627
1627
1627
1627
1627
1627
1627
1627
1627
1627
1627
1627
1627
1627
1627
1627
1627
1627
1627
1627
1627
1627
1627
1627
1627
1627
1627
1627
1627
1627
1627
1627
1627
1627
1627
1627
1627
1627
1627
1627
1627
1627
1627
1627
1627
1627
1627
1627
1627
1627
1627
1627
1627
1627
1627
1627
1627
1627
1627
1627
1627
1627
1627
1627
1627
1627
1627
1627
1627
1627
1627
1627
1627
1627
1627
1627
1627
1627
1627
1627
1627
1627
1627
1627
1627
1627
1627
1627
1627
1627
1627
1627
1627
1627
1627
1627
1627
1627
1627
1627
1627
1627
1627
1627
1627
1627
1627
1627
1627
1627
1627
1627
1627
1627
1627
1627
1627
1627
1627
1627
1627
1627
1627
1627
1627
1627
1627
1627
1627
1627
1627
1627
1627
1627
1627
1627
1627
1627
1627
1627
1627
1627
1627
1627
1627
1627
1627
1627
1627
1627
1627
1627
1627
1627
1627
1627
1627
1627
1627
1627
1627
1627
1627
1627
1627
1627
1627
1627
1627
1627
1627
1627
1627
1627
1627
1627
1627
1627
1627
1627
1627
1627
1627
1627
1627
1627
1627
1627
1627
1627
1627
1627
1627
1627
1627
1627
1627
1627
1627
1627
1627
1627
1627
1627
1627
1627
1627
1627
1627
1627
1627
1627
1627
1627
1627
1627
1627
1627
1627
1627
1627
1627
1627
1627
1627
1627
1627
1627
1627
1627
1627
1627
1627
1627
1627
1627
1627
1627
1627
1627
1627
1627
1627
1627
1627
1627
1627
1627
1627
1627
1627
1627
1627
1627
1627
1627
1627
1627
1627
1627
1627
1627
1627
1627
1627
1627
1627
1627
1627
1627
1627
1627
1627
1627
1627
1627
1627
1627
1627
1627
1627
1627
1627
1627
1627
1627
1627
1627
1627
1627
1627
1627
1627
1627
1627
1627
1627
1627
1627
1627
1627
1627
1627
1627
1627
1627
1627
1627
1627
1627
1627
1627
1627
1627
1627
1627
1627
1627
1627
1627
1627
1627
1627
1627
1627
1627
1627
1627
1627
1627
1627
1627
1627
1627
1627
1627
1627
1627
1627
1627
1627
1627
1627
1627
1627
1627
1627
1627
1627
1627
1627
1627
1627
1627
1627
1627
1627
1627
1627
1627
1627
1627
1627
1627
1627
1627
1627
1627
1627
1627
1627
1627
1627
1627
1627
1627
1627
1627
1627
1627
1627
1627
1627
1627
1627
1627
1627
1626
1626
1626
1626
1626
1626
1626
1626
1626
1626
1626
1626
1626
1626
1626
1626
1626
1626
1626
1626
1626
1626
1626
1626
1626
1626
1626
1626
1626
1626
1626
1626
1626
1626
1626
1626
1626
1626
1626
1626
1626
1626
1626
1626
1626
1626
1626
1626
1626
1626
1626
1626
1626
1626
1626
1626
1626
1626
1626
1626
1626
1626
1626
1626
1626
1626
1626
1626
1626
1626
1626
1626
1626
1626
1626
1626
1626
1626
1626
1626
1626
1626
1626
1626
1626
1626
1626
1626
1626
1626
1626
1626
1626
1626
1626
1626
1626
1626
1626
1626
1626
1626
1626
1626
1626
1626
1626
1626
1626
1626
1626
1626
1626
1626
1626
1626
1626
1626
1626
1626
1626
1626
1626
1626
1626
1626
1626
1626
1626
1626
1626
1626
1626
1626
1626
1626
1626
1626
1626
1626
1626
1626
1626
1626
1626
1626
1626
1626
1626
1626
1626
1626
1626
1626
1626
1626
1626
1626
1626
1626
1626
1626
1626
1626
1626
1626
1626
1626
1626
1626
1626
1626
1626
1626
1626
1626
1626
1626
1626
1626
1626
1626
1626
1626
1626
1626
1626
1626
1626
1626
1626
1626
1626
1626
1626
1626
1626
1626
1626
1626
1626
1626
1626
1626
1626
1626
1626
1626
1626
1626
1626
1626
1626
1626
1626
1626
1626
1626
1626
1626
1626
1626
1626
1626
1626
1626
1626
1626
1626
1626
1626
1626
1626
1626
1626
1626
1626
1626
1626
1626
1626
1626
1626
1626
1626
1626
1626
1626
1626
1626
1626
1626
1626
1626
1626
1626
1626
1626
1626
1626
1626
1626
1626
1626
1626
1626
1626
1626
1626
1626
1626
1626
1626
1626
1626
1626
1626
1626
1626
1626
1626
1626
1626
1626
1626
1626
1626
1626
1626
1626
1626
1626
1626
1626
1626
1626
1626
1626
1626
1626
1626
1626
1626
1626
1626
1626
1626
1626
1626
1626
1626
1626
1626
1626
1626
1626
1626
1626
1626
1626
1626
1626
1626
1626
1626
1626
1626
1626
1626
1626
1626
1626
1626
1626
1626
1626
1626
1626
1626
1626
1626
1626
1626
1626
1626
1626
1626
1626
1626
1626
1626
1626
1626
1626
1626
1626
1626
1626
1626
1626
1626
1626
1626
1626
1626
1626
1626
1626
1626
1626
1626
1626
1626
1626
1626
1626
1626
1626
1626
1626
1626
1626
1626
1626
1626
1626
1626
1626
1626
1626
1626
1626
1626
1626
1626
1626
1626
1626
1626
1626
1626
1626
1626
1626
1626
1626
1626
1626
1626
1626
1626
1626
1626
1626
1626
1626
1626
1626
1626
1626
1626
1626
1626
1626
1626
1626
1626
1626
1626
1626
1626
1626
1626
1626
1626
1626
1626
1626
1626
1626
1626
1626
1626
1626
1626
1626
1626
1626
1626
1626
1626
1626
1626
1626
1626
1626
1626
1626
1626
1626
1626
1626
1626
1626
1626
1626
1626
1626
1626
1626
1626
1626
1626
1626
1626
1626
1626
1626
1626
1626
1626
1626
1626
1626
1626
1626
1626
1626
1626
1626
1626
1626
1626
1626
1626
1626
1626
1626
1626
1626
1625
1625
1625
1625
1625
1625
1625
1625
1625
1625
1625
1625
1625
1625
1625
1625
1625
1625
1625
1625
1625
1625
1625
1625
1625
1625
1625
1625
1625
1625
1625
1625
1625
1625
1625
1625
1625
1625
1625
1625
1625
1625
1625
1625
1625
1625
1625
1625
1625
1625
1625
1625
1625
1625
1625
1625
1625
1625
1625
1625
1625
1625
1625
1625
1625
1625
1625
1625
1625
1625
1625
1625
1625
1625
1625
1625
1625
1625
1625
1625
1625
1625
1625
1625
1625
1625
1625
1625
1625
1625
1625
1625
1625
1625
1625
1625
1625
1625
1625
1625
1625
1625
1625
1625
1625
1625
1625
1625
1625
1625
1625
1625
1625
1625
1625
1625
1625
1625
1625
1625
1625
1625
1625
1625
1625
1625
1625
1625
1625
1625
1625
1625
1625
1625
1625
1625
1625
1625
1625
1625
1625
1625
1625
1625
1625
1625
1625
1625
1625
1625
1625
1625
1625
1625
1625
1625
1625
1625
1625
1625
1625
1625
1625
1625
1625
1625
1625
1625
1625
1625
1625
1625
1625
1625
1625
1625
1625
1625
1625
1625
1625
1625
1625
1625
1625
1625
1625
1625
1625
1625
1625
1625
1625
1625
1625
1625
1625
1625
1625
1625
1625
1625
1625
1625
1625
1625
1625
1625
1625
1625
1625
1625
1625
1625
1625
1625
1625
1625
1625
1625
1625
1625
1625
1625
1625
1625
1625
1625
1625
1625
1625
1625
1625
1625
1625
1625
1625
1625
1625
1625
1625
1625
1625
1625
1625
1625
1625
1625
1625
1625
1625
1625
1625
1625
1625
1625
1625
1625
1625
1625
1625
1625
1625
1625
1625
1625
1625
1625
1625
1625
1625
1625
1625
1625
1625
1625
1625
1625
1625
1625
1625
1625
1625
1625
1625
1625
1625
1625
1625
1625
1625
1625
1625
1625
1625
1625
1625
1625
1625
1625
1625
1625
1625
1625
1625
1625
1625
1625
1625
1625
1625
1625
1625
1625
1625
1625
1625
1625
1625
1625
1625
1625
1625
1625
1625
1625
1625
1625
1625
1625
1625
1625
1625
1625
1625
1625
1625
1625
1625
1625
1625
1625
1625
1625
1625
1625
1625
1625
1625
1625
1625
1625
1625
1625
1625
1625
1625
1625
1625
1625
1625
1625
1625
1625
1625
1625
1625
1625
1625
1625
1625
1625
1625
1625
1625
1625
1625
1625
1625
1625
1625
1625
1625
1625
1625
1625
1625
1625
1625
1625
1625
1625
1625
1625
1625
1625
1625
1625
1625
1625
1625
1625
1625
1625
1625
1625
1625
1625
1625
1625
1625
1625
1625
1625
1625
1625
1625
1625
1625
1625
1625
1625
1625
1625
1625
1625
1625
1625
1625
1625
1625
1625
1625
1625
1625
1625
1625
1625
1625
1625
1625
1625
1625
1625
1625
1625
1625
1625
1625
1625
1625
1625
1625
1625
1625
1625
1625
1625
1625
1625
1625
1625
1625
1625
1625
1625
1625
1625
1625
1625
1625
1625
1625
1625
1624
1624
1624
1624
1624
1624
1624
1624
1624
1624
1624
1624
1624
1624
1624
1624
1624
1624
1624
1624
1624
1624
1624
1624
1624
1624
1624
1624
1624
1624
1624
1624
1624
1624
1624
1624
1624
1624
1624
1624
1624
1624
1624
1624
1624
1624
1624
1624
1624
1624
1624
1624
1624
1624
1624
1624
1624
1624
1624
1624
1624
1624
1624
1624
1624
1624
1624
1624
1624
1624
1624
1624
1624
1624
1624
1624
1624
1624
1624
1624
1624
1624
1624
1624
1624
1624
1624
1624
1624
1624
1624
1624
1624
1624
1624
1624
1624
1624
1624
1624
1624
1624
1624
1624
1624
1624
1624
1624
1624
1624
1624
1624
1624
1624
1624
1624
1624
1624
1624
1624
1624
1624
1624
1624
1624
1624
1624
1624
1624
1624
1624
1624
1624
1624
1624
1624
1624
1624
1624
1624
1624
1624
1624
1624
1624
1624
1624
1624
1624
1624
1624
1624
1624
1624
1624
1624
1624
1624
1624
1624
1624
1624
1624
1624
1624
1624
1624
1624
1624
1624
1624
1624
1624
1624
1624
1624
1624
1624
1624
1624
1624
1624
1624
1624
1624
1624
1624
1624
1624
1624
1624
1624
1624
1624
1624
1624
1624
1624
1624
1624
1624
1624
1624
1624
1624
1624
1624
1624
1624
1624
1624
1624
1624
1624
1624
1624
1624
1624
1624
1624
1624
1624
1624
1624
1624
1624
1624
1624
1624
1624
1624
1624
1624
1624
1624
1624
1624
1624
1624
1624
1624
1624
1624
1624
1624
1624
1624
1624
1624
1624
1624
1624
1624
1624
1624
1624
1624
1624
1624
1624
1624
1624
1624
1624
1624
1624
1624
1624
1624
1624
1624
1624
1624
1624
1624
1624
1624
1624
1624
1624
1624
1624
1624
1624
1624
1624
1624
1624
1624
1624
1624
1624
1624
1624
1624
1624
1624
1624
1624
1624
1624
1624
1624
1624
1624
1624
1624
1624
1624
1624
1624
1624
1624
1624
1624
1624
1624
1624
1624
1624
1624
1624
1624
1624
1624
1624
1624
1624
1624
1624
1624
1624
1624
1624
1624
1624
1624
1624
1624
1624
1624
1624
1624
1624
1624
1624
1624
1624
1624
1624
1624
1624
1624
1624
1624
1624
1624
1624
1624
1624
1624
1624
1624
1624
1624
1624
1624
1624
1624
1624
1624
1624
1624
1624
1624
1624
1624
1624
1624
1624
1624
1624
1624
1624
1624
1624
1624
1624
1624
1624
1624
1624
1624
1624
1624
1624
1624
1624
1624
1624
1624
1624
1624
1624
1624
1624
1624
1624
1624
1624
1624
1624
1624
1624
1624
1624
1624
1624
1624
1624
1624
1624
1624
1624
1624
1624
1624
1624
1624
1624
1624
1624
1624
1624
1624
1624
1624
1624
1624
1624
1624
1624
1624
1624
1624
1624
1624
1624
1624
1624
1624
1624
1624
1624
1624
1624
1624
1623
1623
1623
1623
1623
1623
1623
1623
1623
1623
1623
1623
1623
1623
1623
1623
1623
1623
1623
1623
1623
1623
1623
1623
1623
1623
1623
1623
1623
1623
1623
1623
1623
1623
1623
1623
1623
1623
1623
1623
1623
1623
1623
1623
1623
1623
1623
1623
1623
1623
1623
1623
1623
1623
1623
1623
1623
1623
1623
1623
1623
1623
1623
1623
1623
1623
1623
1623
1623
1623
1623
1623
1623
1623
1623
1623
1623
1623
1623
1623
1623
1623
1623
1623
1623
1623
1623
1623
1623
1623
1623
1623
1623
1623
1623
1623
1623
1623
1623
1623
1623
1623
1623
1623
1623
1623
1623
1623
1623
1623
1623
1623
1623
1623
1623
1623
1623
1623
1623
1623
1623
1623
1623
1623
1623
1623
1623
1623
1623
1623
1623
1623
1623
1623
1623
1623
1623
1623
1623
1623
1623
1623
1623
1623
1623
1623
1623
1623
1623
1623
1623
1623
1623
1623
1623
1623
1623
1623
1623
1623
1623
1623
1623
1623
1623
1623
1623
1623
1623
1623
1623
1623
1623
1623
1623
1623
1623
1623
1623
1623
1623
1623
1623
1623
1623
1623
1623
1623
1623
1623
1623
1623
1623
1623
1623
1623
1623
1623
1623
1623
1623
1623
1623
1623
1623
1623
1623
1623
1623
1623
1623
1623
1623
1623
1623
1623
1623
1623
1623
1623
1623
1623
1623
1623
1623
1623
1623
1623
1623
1623
1623
1623
1623
1623
1623
1623
1623
1623
1623
1623
1623
1623
1623
1623
1623
1623
1623
1623
1623
1623
1623
1623
1623
1623
1623
1623
1623
1623
1623
1623
1623
1623
1623
1623
1623
1623
1623
1623
1623
1623
1623
1623
1623
1623
1623
1623
1623
1623
1623
1623
1623
1623
1623
1623
1623
1623
1623
1623
1623
1623
1623
1623
1623
1623
1623
1623
1623
1623
1623
1623
1623
1623
1623
1623
1623
1623
1623
1623
1623
1623
1623
1623
1623
1623
1623
1623
1623
1623
1623
1623
1623
1623
1623
1623
1623
1623
1623
1623
1623
1623
1623
1623
1623
1623
1623
1623
1623
1623
1623
1623
1623
1623
1623
1623
1623
1623
1623
1623
1623
1623
1623
1623
1623
1623
1623
1623
1623
1623
1623
1623
1623
1623
1623
1623
1623
1623
1623
1623
1623
1623
1623
1623
1623
1623
1623
1623
1623
1623
1623
1623
1623
1623
1623
1623
1623
1623
1623
1623
1623
1623
1623
1623
1623
1623
1623
1623
1623
1623
1623
1623
1623
1623
1623
1623
1623
1623
1623
1623
1623
1623
1623
1623
1623
1623
1623
1623
1623
1623
1623
1623
1623
1623
1623
1623
1623
1623
1623
1623
1623
1623
1623
1623
1623
1623
1623
1623
1623
1623
1623
1623
1623
1623
1623
1623
1623
1623
1623
1623
1623
1623
1623
1623
1623
1623
1623
1623
1623
1623
1623
1623
1623
1623
1623
1623
1623
1623
1623
1623
1623
1623
1623
1623
1623
1623
1623
1622
1622
1622
1622
1622
1622
1622
1622
1622
1622
1622
1622
1622
1622
1622
1622
1622
1622
1622
1622
1622
1622
1622
1622
1622
1622
1622
1622
1622
1622
1622
1622
1622
1622
1622
1622
1622
1622
1622
1622
1622
1622
1622
1622
1622
1622
1622
1622
1622
1622
1622
1622
1622
1622
1622
1622
1622
1622
1622
1622
1622
1622
1622
1622
1622
1622
1622
1622
1622
1622
1622
1622
1622
1622
1622
1622
1622
1622
1622
1622
1622
1622
1622
1622
1622
1622
1622
1622
1622
1622
1622
1622
1622
1622
1622
1622
1622
1622
1622
1622
1622
1622
1622
1622
1622
1622
1622
1622
1622
1622
1622
1622
1622
1622
1622
1622
1622
1622
1622
1622
1622
1622
1622
1622
1622
1622
1622
1622
1622
1622
1622
1622
1622
1622
1622
1622
1622
1622
1622
1622
1622
1622
1622
1622
1622
1622
1622
1622
1622
1622
1622
1622
1622
1622
1622
1622
1622
1622
1622
1622
1622
1622
1622
1622
1622
1622
1622
1622
1622
1622
1622
1622
1622
1622
1622
1622
1622
1622
1622
1622
1622
1622
1622
1622
1622
1622
1622
1622
1622
1622
1622
1622
1622
1622
1622
1622
1622
1622
1622
1622
1622
1622
1622
1622
1622
1622
1622
1622
1622
1622
1622
1622
1622
1622
1622
1622
1622
1622
1622
1622
1622
1622
1622
1622
1622
1622
1622
1622
1622
1622
1622
1622
1622
1622
1622
1622
1622
1622
1622
1622
1622
1622
1622
1622
1622
1622
1622
1622
1622
1622
1622
1622
1622
1622
1622
1622
1622
1622
1622
1622
1622
1622
1622
1622
1622
1622
1622
1622
1622
1622
1622
1622
1622
1622
1622
1622
1622
1622
1622
1622
1622
1622
1622
1622
1622
1622
1622
1622
1622
1622
1622
1622
1622
1622
1622
1622
1622
1622
1622
1622
1622
1622
1622
1622
1622
1622
1622
1622
1622
1622
1622
1622
1622
1622
1622
1622
1622
1622
1622
1622
1622
1622
1622
1622
1622
1622
1622
1622
1622
1622
1622
1622
1622
1622
1622
1622
1622
1622
1622
1622
1622
1622
1622
1622
1622
1622
1622
1622
1622
1622
1622
1622
1622
1622
1622
1622
1622
1622
1622
1622
1622
1622
1622
1622
1622
1622
1622
1622
1622
1622
1622
1622
1622
1622
1622
1622
1622
1622
1622
1622
1622
1622
1622
1622
1622
1622
1622
1622
1622
1622
1622
1622
1622
1622
1622
1622
1622
1622
1622
1622
1622
1622
1622
1622
1622
1622
1622
1622
1622
1622
1622
1622
1622
1622
1622
1622
1622
1622
1622
1622
1622
1622
1622
1622
1622
1622
1622
1622
1622
1622
1622
1622
1622
1622
1622
1622
1622
1622
1622
1622
1622
1622
1622
1622
1622
1622
1622
1622
1622
1622
1622
1622
1622
1622
1622
1622
1622
1622
1622
1622
1622
1622
1622
1622
1622
1621
1621
1621
1621
1621
1621
1621
1621
1621
1621
1621
1621
1621
1621
1621
1621
1621
1621
1621
1621
1621
1621
1621
1621
1621
1621
1621
1621
1621
1621
1621
1621
1621
1621
1621
1621
1621
1621
1621
1621
1621
1621
1621
1621
1621
1621
1621
1621
1621
1621
1621
1621
1621
1621
1621
1621
1621
1621
1621
1621
1621
1621
1621
1621
1621
1621
1621
1621
1621
1621
1621
1621
1621
1621
1621
1621
1621
1621
1621
1621
1621
1621
1621
1621
1621
1621
1621
1621
1621
1621
1621
1621
1621
1621
1621
1621
1621
1621
1621
1621
1621
1621
1621
1621
1621
1621
1621
1621
1621
1621
1621
1621
1621
1621
1621
1621
1621
1621
1621
1621
1621
1621
1621
1621
1621
1621
1621
1621
1621
1621
1621
1621
1621
1621
1621
1621
1621
1621
1621
1621
1621
1621
1621
1621
1621
1621
1621
1621
1621
1621
1621
1621
1621
1621
1621
1621
1621
1621
1621
1621
1621
1621
1621
1621
1621
1621
1621
1621
1621
1621
1621
1621
1621
1621
1621
1621
1621
1621
1621
1621
1621
1621
1621
1621
1621
1621
1621
1621
1621
1621
1621
1621
1621
1621
1621
1621
1621
1621
1621
1621
1621
1621
1621
1621
1621
1621
1621
1621
1621
1621
1621
1621
1621
1621
1621
1621
1621
1621
1621
1621
1621
1621
1621
1621
1621
1621
1621
1621
1621
1621
1621
1621
1621
1621
1621
1621
1621
1621
1621
1621
1621
1621
1621
1621
1621
1621
1621
1621
1621
1621
1621
1621
1621
1621
1621
1621
1621
1621
1621
1621
1621
1621
1621
1621
1621
1621
1621
1621
1621
1621
1621
1621
1621
1621
1621
1621
1621
1621
1621
1621
1621
1621
1621
1621
1621
1621
1621
1621
1621
1621
1621
1621
1621
1621
1621
1621
1621
1621
1621
1621
1621
1621
1621
1621
1621
1621
1621
1621
1621
1621
1621
1621
1621
1621
1621
1621
1621
1621
1621
1621
1621
1621
1621
1621
1621
1621
1621
1621
1621
1621
1621
1621
1621
1621
1621
1621
1621
1621
1621
1621
1621
1621
1621
1621
1621
1621
1621
1621
1621
1621
1621
1621
1621
1621
1621
1621
1621
1621
1621
1621
1621
1621
1621
1621
1621
1621
1621
1621
1621
1621
1621
1621
1621
1621
1621
1621
1621
1621
1621
1621
1621
1621
1621
1621
1621
1621
1621
1621
1621
1621
1621
1621
1621
1621
1621
1621
1621
1621
1621
1621
1621
1621
1621
1621
1621
1621
1621
1621
1621
1621
1621
1621
1621
1621
1621
1621
1621
1621
1621
1621
1621
1621
1621
1621
1621
1621
1621
1621
1621
1621
1621
1621
1621
1621
1621
1621
1621
1621
1621
1621
1621
1621
1621
1621
1621
1621
1621
1621
1621
1621
1621
1621
1621
1621
1621
1621
1621
1621
1621
1621
1621
1621
1621
1621
1621
1621
1621
1621
1621
1621
1621
1621
1621
1621
1621
1621
1621
1621
1621
1621
1621
1621
1621
1621
1621
1621
1621
1621
1621
1621
1621
1621
1621
1621
1621
1621
1621
1621
1621
1621
1621
1621
1621
1621
1621
1621
1621
1621
1620
1620
1620
1620
1620
1620
1620
1620
1620
1620
1620
1620
1620
1620
1620
1620
1620
1620
1620
1620
1620
1620
1620
1620
1620
1620
1620
1620
1620
1620
1620
1620
1620
1620
1620
1620
1620
1620
1620
1620
1620
1620
1620
1620
1620
1620
1620
1620
1620
1620
1620
1620
1620
1620
1620
1620
1620
1620
1620
1620
1620
1620
1620
1620
1620
1620
1620
1620
1620
1620
1620
1620
1620
1620
1620
1620
1620
1620
1620
1620
1620
1620
1620
1620
1620
1620
1620
1620
1620
1620
1620
1620
1620
1620
1620
1620
1620
1620
1620
1620
1620
1620
1620
1620
1620
1620
1620
1620
1620
1620
1620
1620
1620
1620
1620
1620
1620
1620
1620
1620
1620
1620
1620
1620
1620
1620
1620
1620
1620
1620
1620
1620
1620
1620
1620
1620
1620
1620
1620
1620
1620
1620
1620
1620
1620
1620
1620
1620
1620
1620
1620
1620
1620
1620
1620
1620
1620
1620
1620
1620
1620
1620
1620
1620
1620
1620
1620
1620
1620
1620
1620
1620
1620
1620
1620
1620
1620
1620
1620
1620
1620
1620
1620
1620
1620
1620
1620
1620
1620
1620
1620
1620
1620
1620
1620
1620
1620
1620
1620
1620
1620
1620
1620
1620
1620
1620
1620
1620
1620
1620
1620
1620
1620
1620
1620
1620
1620
1620
1620
1620
1620
1620
1620
1620
1620
1620
1620
1620
1620
1620
1620
1620
1620
1620
1620
1620
1620
1620
1620
1620
1620
1620
1620
1620
1620
1620
1620
1620
1620
1620
1620
1620
1620
1620
1620
1620
1620
1620
1620
1620
1620
1620
1620
1620
1620
1620
1620
1620
1620
1620
1620
1620
1620
1620
1620
1620
1620
1620
1620
1620
1620
1620
1620
1620
1620
1620
1620
1620
1620
1620
1620
1620
1620
1620
1620
1620
1620
1620
1620
1620
1620
1620
1620
1620
1620
1620
1620
1620
1620
1620
1620
1620
1620
1620
1620
1620
1620
1620
1620
1620
1620
1620
1620
1620
1620
1620
1620
1620
1620
1620
1620
1620
1620
1620
1620
1620
1620
1620
1620
1620
1620
1620
1620
1620
1620
1620
1620
1620
1620
1620
1620
1620
1620
1620
1620
1620
1620
1620
1620
1620
1620
1620
1620
1620
1620
1620
1620
1620
1620
1620
1620
1620
1620
1620
1620
1620
1620
1620
1620
1620
1620
1620
1620
1620
1620
1620
1620
1620
1620
1620
1620
1620
1620
1620
1620
1620
1620
1620
1620
1620
1620
1620
1620
1620
1620
1620
1620
1620
1620
1620
1620
1620
1620
1620
1620
1620
1620
1620
1620
1620
1620
1620
1620
1620
1620
1620
1620
1620
1620
1620
1620
1620
1620
1620
1620
1620
1620
1620
1620
1620
1620
1620
1620
1620
1620
1620
1620
1620
1620
1620
1620
1620
1620
1620
1620
1620
1620
1620
1620
1620
1620
1620
1620
1620
1620
1620
1620
1620
1620
1620
1620
1620
1620
1620
1620
1619
1619
1619
1619
1619
1619
1619
1619
1619
1619
1619
1619
1619
1619
1619
1619
1619
1619
1619
1619
1619
1619
1619
1619
1619
1619
1619
1619
1619
1619
1619
1619
1619
1619
1619
1619
1619
1619
1619
1619
1619
1619
1619
1619
1619
1619
1619
1619
1619
1619
1619
1619
1619
1619
1619
1619
1619
1619
1619
1619
1619
1619
1619
1619
1619
1619
1619
1619
1619
1619
1619
1619
1619
1619
1619
1619
1619
1619
1619
1619
1619
1619
1619
1619
1619
1619
1619
1619
1619
1619
1619
1619
1619
1619
1619
1619
1619
1619
1619
1619
1619
1619
1619
1619
1619
1619
1619
1619
1619
1619
1619
1619
1619
1619
1619
1619
1619
1619
1619
1619
1619
1619
1619
1619
1619
1619
1619
1619
1619
1619
1619
1619
1619
1619
1619
1619
1619
1619
1619
1619
1619
1619
1619
1619
1619
1619
1619
1619
1619
1619
1619
1619
1619
1619
1619
1619
1619
1619
1619
1619
1619
1619
1619
1619
1619
1619
1619
1619
1619
1619
1619
1619
1619
1619
1619
1619
1619
1619
1619
1619
1619
1619
1619
1619
1619
1619
1619
1619
1619
1619
1619
1619
1619
1619
1619
1619
1619
1619
1619
1619
1619
1619
1619
1619
1619
1619
1619
1619
1619
1619
1619
1619
1619
1619
1619
1619
1619
1619
1619
1619
1619
1619
1619
1619
1619
1619
1619
1619
1619
1619
1619
1619
1619
1619
1619
1619
1619
1619
1619
1619
1619
1619
1619
1619
1619
1619
1619
1619
1619
1619
1619
1619
1619
1619
1619
1619
1619
1619
1619
1619
1619
1619
1619
1619
1619
1619
1619
1619
1619
1619
1619
1619
1619
1619
1619
1619
1619
1619
1619
1619
1619
1619
1619
1619
1619
1619
1619
1619
1619
1619
1619
1619
1619
1619
1619
1619
1619
1619
1619
1619
1619
1619
1619
1619
1619
1619
1619
1619
1619
1619
1619
1619
1619
1619
1619
1619
1619
1619
1619
1619
1619
1619
1619
1619
1619
1619
1619
1619
1619
1619
1619
1619
1619
1619
1619
1619
1619
1619
1619
1619
1619
1619
1619
1619
1619
1619
1619
1619
1619
1619
1619
1619
1619
1619
1619
1619
1619
1619
1619
1619
1619
1619
1619
1619
1619
1619
1619
1619
1619
1619
1619
1619
1619
1619
1619
1619
1619
1619
1619
1619
1619
1619
1619
1619
1619
1619
1619
1619
1619
1619
1619
1619
1619
1619
1619
1619
1619
1619
1619
1619
1619
1619
1619
1619
1619
1619
1619
1619
1619
1619
1619
1619
1619
1619
1619
1619
1619
1619
1619
1619
1619
1619
1619
1619
1619
1619
1619
1619
1619
1619
1619
1619
1619
1619
1619
1619
1619
1619
1619
1619
1619
1619
1619
1619
1619
1619
1619
1619
1619
1619
1619
1619
1619
1619
1619
1619
1619
1619
1619
1619
1619
1619
1619
1619
1619
1619
1619
1619
1619
1619
1619
1619
1619
1619
1619
1619
1619
1619
1619
1619
1619
1619
1619
1619
1619
1619
1619
1619
1619
1619
1619
1619
1619
1619
1619
1619
1619
1619
1619
1619
1619
1619
1619
1619
1619
1619
1619
1619
1619
1619
1619
1619
1619
1619
1618
1618
1618
1618
1618
1618
1618
1618
1618
1618
1618
1618
1618
1618
1618
1618
1618
1618
1618
1618
1618
1618
1618
1618
1618
1618
1618
1618
1618
1618
1618
1618
1618
1618
1618
1618
1618
1618
1618
1618
1618
1618
1618
1618
1618
1618
1618
1618
1618
1618
1618
1618
1618
1618
1618
1618
1618
1618
1618
1618
1618
1618
1618
1618
1618
1618
1618
1618
1618
1618
1618
1618
1618
1618
1618
1618
1618
1618
1618
1618
1618
1618
1618
1618
1618
1618
1618
1618
1618
1618
1618
1618
1618
1618
1618
1618
1618
1618
1618
1618
1618
1618
1618
1618
1618
1618
1618
1618
1618
1618
1618
1618
1618
1618
1618
1618
1618
1618
1618
1618
1618
1618
1618
1618
1618
1618
1618
1618
1618
1618
1618
1618
1618
1618
1618
1618
1618
1618
1618
1618
1618
1618
1618
1618
1618
1618
1618
1618
1618
1618
1618
1618
1618
1618
1618
1618
1618
1618
1618
1618
1618
1618
1618
1618
1618
1618
1618
1618
1618
1618
1618
1618
1618
1618
1618
1618
1618
1618
1618
1618
1618
1618
1618
1618
1618
1618
1618
1618
1618
1618
1618
1618
1618
1618
1618
1618
1618
1618
1618
1618
1618
1618
1618
1618
1618
1618
1618
1618
1618
1618
1618
1618
1618
1618
1618
1618
1618
1618
1618
1618
1618
1618
1618
1618
1618
1618
1618
1618
1618
1618
1618
1618
1618
1618
1618
1618
1618
1618
1618
1618
1618
1618
1618
1618
1618
1618
1618
1618
1618
1618
1618
1618
1618
1618
1618
1618
1618
1618
1618
1618
1618
1618
1618
1618
1618
1618
1618
1618
1618
1618
1618
1618
1618
1618
1618
1618
1618
1618
1618
1618
1618
1618
1618
1618
1618
1618
1618
1618
1618
1618
1618
1618
1618
1618
1618
1618
1618
1618
1618
1618
1618
1618
1618
1618
1618
1618
1618
1618
1618
1618
1618
1618
1618
1618
1618
1618
1618
1618
1618
1618
1618
1618
1618
1618
1618
1618
1618
1618
1618
1618
1618
1618
1618
1618
1618
1618
1618
1618
1618
1618
1618
1618
1618
1618
1618
1618
1618
1618
1618
1618
1618
1618
1618
1618
1618
1618
1618
1618
1618
1618
1618
1618
1618
1618
1618
1618
1618
1618
1618
1618
1618
1618
1618
1618
1618
1618
1618
1618
1618
1618
1618
1618
1618
1618
1618
1618
1618
1618
1618
1618
1618
1618
1618
1618
1618
1618
1618
1618
1618
1618
1618
1618
1618
1618
1618
1618
1618
1618
1618
1618
1618
1618
1618
1618
1618
1618
1618
1618
1618
1618
1618
1618
1618
1618
1618
1618
1618
1618
1618
1618
1618
1618
1618
1618
1618
1618
1618
1618
1618
1618
1618
1618
1618
1618
1618
1618
1618
1618
1618
1618
1618
1618
1618
1618
1618
1618
1618
1618
1618
1618
1618
1618
1618
1618
1618
1618
1618
1618
1618
1618
1618
1618
1618
1618
1618
1618
1618
1618
1618
1618
1618
1618
1618
1618
1618
1618
1618
1618
1618
1618
1618
1618
1618
1618
1618
1618
1618
1618
1618
1618
1618
1618
1618
1618
1618
1618
1618
1618
1618
1618
1618
1618
1618
1618
1618
1618
1618
1618
1618
1618
1617
1617
1617
1617
1617
1617
1617
1617
1617
1617
1617
1617
1617
1617
1617
1617
1617
1617
1617
1617
1617
1617
1617
1617
1617
1617
1617
1617
1617
1617
1617
1617
1617
1617
1617
1617
1617
1617
1617
1617
1617
1617
1617
1617
1617
1617
1617
1617
1617
1617
1617
1617
1617
1617
1617
1617
1617
1617
1617
1617
1617
1617
1617
1617
1617
1617
1617
1617
1617
1617
1617
1617
1617
1617
1617
1617
1617
1617
1617
1617
1617
1617
1617
1617
1617
1617
1617
1617
1617
1617
1617
1617
1617
1617
1617
1617
1617
1617
1617
1617
1617
1617
1617
1617
1617
1617
1617
1617
1617
1617
1617
1617
1617
1617
1617
1617
1617
1617
1617
1617
1617
1617
1617
1617
1617
1617
1617
1617
1617
1617
1617
1617
1617
1617
1617
1617
1617
1617
1617
1617
1617
1617
1617
1617
1617
1617
1617
1617
1617
1617
1617
1617
1617
1617
1617
1617
1617
1617
1617
1617
1617
1617
1617
1617
1617
1617
1617
1617
1617
1617
1617
1617
1617
1617
1617
1617
1617
1617
1617
1617
1617
1617
1617
1617
1617
1617
1617
1617
1617
1617
1617
1617
1617
1617
1617
1617
1617
1617
1617
1617
1617
1617
1617
1617
1617
1617
1617
1617
1617
1617
1617
1617
1617
1617
1617
1617
1617
1617
1617
1617
1617
1617
1617
1617
1617
1617
1617
1617
1617
1617
1617
1617
1617
1617
1617
1617
1617
1617
1617
1617
1617
1617
1617
1617
1617
1617
1617
1617
1617
1617
1617
1617
1617
1617
1617
1617
1617
1617
1617
1617
1617
1617
1617
1617
1617
1617
1617
1617
1617
1617
1617
1617
1617
1617
1617
1617
1617
1617
1617
1617
1617
1617
1617
1617
1617
1617
1617
1617
1617
1617
1617
1617
1617
1617
1617
1617
1617
1617
1617
1617
1617
1617
1617
1617
1617
1617
1617
1617
1617
1617
1617
1617
1617
1617
1617
1617
1617
1617
1617
1617
1617
1617
1617
1617
1617
1617
1617
1617
1617
1617
1617
1617
1617
1617
1617
1617
1617
1617
1617
1617
1617
1617
1617
1617
1617
1617
1617
1617
1617
1617
1617
1617
1617
1617
1617
1617
1617
1617
1617
1617
1617
1617
1617
1617
1617
1617
1617
1617
1617
1617
1617
1617
1617
1617
1617
1617
1617
1617
1617
1617
1617
1617
1617
1617
1617
1617
1617
1617
1617
1617
1617
1617
1617
1617
1617
1617
1617
1617
1617
1617
1617
1617
1617
1617
1617
1617
1617
1617
1617
1617
1617
1617
1617
1617
1617
1617
1617
1617
1617
1617
1617
1617
1617
1617
1617
1617
1617
1617
1617
1617
1617
1617
1617
1617
1617
1617
1617
1617
1617
1617
1617
1617
1617
1617
1617
1617
1617
1617
1617
1617
1617
1617
1617
1617
1617
1617
1617
1617
1617
1617
1617
1617
1617
1617
1617
1617
1617
1617
1617
1617
1617
1617
1617
1617
1617
1617
1617
1617
1617
1617
1617
1617
1617
1617
1617
1617
1617
1617
1617
1617
1617
1617
1617
1617
1617
1617
1617
1617
1617
1617
1617
1617
1617
1617
1617
1617
1617
1617
1617
1617
1617
1617
1617
1617
1617
1617
1617
1617
1617
1617
1617
1617
1617
1617
1617
1617
1617
1617
1617
1617
1617
1617
1617
1617
1617
1617
1617
1617
1617
1617
1617
1617
1617
1617
1617
1617
1617
1617
1617
1617
1617
1616
1616
1616
1616
1616
1616
1616
1616
1616
1616
1616
1616
1616
1616
1616
1616
1616
1616
1616
1616
1616
1616
1616
1616
1616
1616
1616
1616
1616
1616
1616
1616
1616
1616
1616
1616
1616
1616
1616
1616
1616
1616
1616
1616
1616
1616
1616
1616
1616
1616
1616
1616
1616
1616
1616
1616
1616
1616
1616
1616
1616
1616
1616
1616
1616
1616
1616
1616
1616
1616
1616
1616
1616
1616
1616
1616
1616
1616
1616
1616
1616
1616
1616
1616
1616
1616
1616
1616
1616
1616
1616
1616
1616
1616
1616
1616
1616
1616
1616
1616
1616
1616
1616
1616
1616
1616
1616
1616
1616
1616
1616
1616
1616
1616
1616
1616
1616
1616
1616
1616
1616
1616
1616
1616
1616
1616
1616
1616
1616
1616
1616
1616
1616
1616
1616
1616
1616
1616
1616
1616
1616
1616
1616
1616
1616
1616
1616
1616
1616
1616
1616
1616
1616
1616
1616
1616
1616
1616
1616
1616
1616
1616
1616
1616
1616
1616
1616
1616
1616
1616
1616
1616
1616
1616
1616
1616
1616
1616
1616
1616
1616
1616
1616
1616
1616
1616
1616
1616
1616
1616
1616
1616
1616
1616
1616
1616
1616
1616
1616
1616
1616
1616
1616
1616
1616
1616
1616
1616
1616
1616
1616
1616
1616
1616
1616
1616
1616
1616
1616
1616
1616
1616
1616
1616
1616
1616
1616
1616
1616
1616
1616
1616
1616
1616
1616
1616
1616
1616
1616
1616
1616
1616
1616
1616
1616
1616
1616
1616
1616
1616
1616
1616
1616
1616
1616
1616
1616
1616
1616
1616
1616
1616
1616
1616
1616
1616
1616
1616
1616
1616
1616
1616
1616
1616
1616
1616
1616
1616
1616
1616
1616
1616
1616
1616
1616
1616
1616
1616
1616
1616
1616
1616
1616
1616
1616
1616
1616
1616
1616
1616
1616
1616
1616
1616
1616
1616
1616
1616
1616
1616
1616
1616
1616
1616
1616
1616
1616
1616
1616
1616
1616
1616
1616
1616
1616
1616
1616
1616
1616
1616
1616
1616
1616
1616
1616
1616
1616
1616
1616
1616
1616
1616
1616
1616
1616
1616
1616
1616
1616
1616
1616
1616
1616
1616
1616
1616
1616
1616
1616
1616
1616
1616
1616
1616
1616
1616
1616
1616
1616
1616
1616
1616
1616
1616
1616
1616
1616
1616
1616
1616
1616
1616
1616
1616
1616
1616
1616
1616
1616
1616
1616
1616
1616
1616
1616
1616
1616
1616
1616
1616
1616
1616
1616
1616
1616
1616
1616
1616
1616
1616
1616
1616
1616
1616
1616
1616
1616
1616
1616
1616
1616
1616
1616
1616
1616
1616
1616
1616
1616
1616
1616
1616
1616
1616
1616
1616
1616
1616
1616
1616
1616
1616
1616
1616
1616
1616
1616
1616
1616
1616
1616
1616
1616
1616
1616
1616
1616
1616
1616
1616
1616
1616
1616
1616
1616
1616
1616
1616
1616
1616
1616
1616
1616
1616
1616
1616
1616
1616
1616
1616
1616
1616
1616
1616
1616
1616
1616
1616
1616
1616
1616
1616
1616
1616
1616
1616
1616
1616
1616
1616
1616
1616
1616
1616
1616
1616
1616
1616
1616
1616
1616
1616
1616
1616
1616
1616
1616
1616
1616
1616
1616
1616
1616
1616
1616
1616
1616
1616
1616
1616
1616
1616
1616
1616
1616
1616
1616
1616
1616
1616
1616
1616
1615
1615
1615
1615
1615
1615
1615
1615
1615
1615
1615
1615
1615
1615
1615
1615
1615
1615
1615
1615
1615
1615
1615
1615
1615
1615
1615
1615
1615
1615
1615
1615
1615
1615
1615
1615
1615
1615
1615
1615
1615
1615
1615
1615
1615
1615
1615
1615
1615
1615
1615
1615
1615
1615
1615
1615
1615
1615
1615
1615
1615
1615
1615
1615
1615
1615
1615
1615
1615
1615
1615
1615
1615
1615
1615
1615
1615
1615
1615
1615
1615
1615
1615
1615
1615
1615
1615
1615
1615
1615
1615
1615
1615
1615
1615
1615
1615
1615
1615
1615
1615
1615
1615
1615
1615
1615
1615
1615
1615
1615
1615
1615
1615
1615
1615
1615
1615
1615
1615
1615
1615
1615
1615
1615
1615
1615
1615
1615
1615
1615
1615
1615
1615
1615
1615
1615
1615
1615
1615
1615
1615
1615
1615
1615
1615
1615
1615
1615
1615
1615
1615
1615
1615
1615
1615
1615
1615
1615
1615
1615
1615
1615
1615
1615
1615
1615
1615
1615
1615
1615
1615
1615
1615
1615
1615
1615
1615
1615
1615
1615
1615
1615
1615
1615
1615
1615
1615
1615
1615
1615
1615
1615
1615
1615
1615
1615
1615
1615
1615
1615
1615
1615
1615
1615
1615
1615
1615
1615
1615
1615
1615
1615
1615
1615
1615
1615
1615
1615
1615
1615
1615
1615
1615
1615
1615
1615
1615
1615
1615
1615
1615
1615
1615
1615
1615
1615
1615
1615
1615
1615
1615
1615
1615
1615
1615
1615
1615
1615
1615
1615
1615
1615
1615
1615
1615
1615
1615
1615
1615
1615
1615
1615
1615
1615
1615
1615
1615
1615
1615
1615
1615
1615
1615
1615
1615
1615
1615
1615
1615
1615
1615
1615
1615
1615
1615
1615
1615
1615
1615
1615
1615
1615
1615
1615
1615
1615
1615
1615
1615
1615
1615
1615
1615
1615
1615
1615
1615
1615
1615
1615
1615
1615
1615
1615
1615
1615
1615
1615
1615
1615
1615
1615
1615
1615
1615
1615
1615
1615
1615
1615
1615
1615
1615
1615
1615
1615
1615
1615
1615
1615
1615
1615
1615
1615
1615
1615
1615
1615
1615
1615
1615
1615
1615
1615
1615
1615
1615
1615
1615
1615
1615
1615
1615
1615
1615
1615
1615
1615
1615
1615
1615
1615
1615
1615
1615
1615
1615
1615
1615
1615
1615
1615
1615
1615
1615
1615
1615
1615
1615
1615
1615
1615
1615
1615
1615
1615
1615
1615
1615
1615
1615
1615
1615
1615
1615
1615
1615
1615
1615
1615
1615
1615
1615
1615
1615
1615
1615
1615
1615
1615
1615
1615
1615
1615
1615
1615
1615
1615
1615
1615
1615
1615
1615
1615
1615
1615
1615
1615
1615
1615
1615
1615
1615
1615
1615
1615
1615
1615
1615
1615
1615
1615
1615
1615
1615
1615
1615
1615
1615
1615
1615
1615
1615
1615
1615
1615
1615
1615
1615
1615
1615
1615
1615
1615
1615
1615
1615
1615
1615
1615
1615
1615
1615
1615
1615
1615
1615
1615
1615
1615
1615
1615
1615
1615
1615
1615
1615
1615
1615
1615
1615
1615
1615
1615
1615
1615
1615
1615
1615
1615
1615
1615
1615
1615
1615
1615
1615
1615
1615
1615
1615
1615
1615
1615
1615
1615
1615
1615
1615
1615
1615
1615
1615
1615
1615
1615
1614
1614
1614
1614
1614
1614
1614
1614
1614
1614
1614
1614
1614
1614
1614
1614
1614
1614
1614
1614
1614
1614
1614
1614
1614
1614
1614
1614
1614
1614
1614
1614
1614
1614
1614
1614
1614
1614
1614
1614
1614
1614
1614
1614
1614
1614
1614
1614
1614
1614
1614
1614
1614
1614
1614
1614
1614
1614
1614
1614
1614
1614
1614
1614
1614
1614
1614
1614
1614
1614
1614
1614
1614
1614
1614
1614
1614
1614
1614
1614
1614
1614
1614
1614
1614
1614
1614
1614
1614
1614
1614
1614
1614
1614
1614
1614
1614
1614
1614
1614
1614
1614
1614
1614
1614
1614
1614
1614
1614
1614
1614
1614
1614
1614
1614
1614
1614
1614
1614
1614
1614
1614
1614
1614
1614
1614
1614
1614
1614
1614
1614
1614
1614
1614
1614
1614
1614
1614
1614
1614
1614
1614
1614
1614
1614
1614
1614
1614
1614
1614
1614
1614
1614
1614
1614
1614
1614
1614
1614
1614
1614
1614
1614
1614
1614
1614
1614
1614
1614
1614
1614
1614
1614
1614
1614
1614
1614
1614
1614
1614
1614
1614
1614
1614
1614
1614
1614
1614
1614
1614
1614
1614
1614
1614
1614
1614
1614
1614
1614
1614
1614
1614
1614
1614
1614
1614
1614
1614
1614
1614
1614
1614
1614
1614
1614
1614
1614
1614
1614
1614
1614
1614
1614
1614
1614
1614
1614
1614
1614
1614
1614
1614
1614
1614
1614
1614
1614
1614
1614
1614
1614
1614
1614
1614
1614
1614
1614
1614
1614
1614
1614
1614
1614
1614
1614
1614
1614
1614
1614
1614
1614
1614
1614
1614
1614
1614
1614
1614
1614
1614
1614
1614
1614
1614
1614
1614
1614
1614
1614
1614
1614
1614
1614
1614
1614
1614
1614
1614
1614
1614
1614
1614
1614
1614
1614
1614
1614
1614
1614
1614
1614
1614
1614
1614
1614
1614
1614
1614
1614
1614
1614
1614
1614
1614
1614
1614
1614
1614
1614
1614
1614
1614
1614
1614
1614
1614
1614
1614
1614
1614
1614
1614
1614
1614
1614
1614
1614
1614
1614
1614
1614
1614
1614
1614
1614
1614
1614
1614
1614
1614
1614
1614
1614
1614
1614
1614
1614
1614
1614
1614
1614
1614
1614
1614
1614
1614
1614
1614
1614
1614
1614
1614
1614
1614
1614
1614
1614
1614
1614
1614
1614
1614
1614
1614
1614
1614
1614
1614
1614
1614
1614
1614
1614
1614
1614
1614
1614
1614
1614
1614
1614
1614
1614
1614
1614
1614
1614
1614
1614
1614
1614
1614
1614
1614
1614
1614
1614
1614
1614
1614
1614
1614
1614
1614
1614
1614
1614
1614
1614
1614
1614
1614
1614
1614
1614
1614
1614
1614
1614
1614
1614
1614
1614
1614
1614
1614
1614
1614
1614
1614
1614
1614
1614
1614
1614
1614
1614
1614
1614
1614
1614
1614
1614
1614
1614
1614
1614
1614
1614
1614
1614
1614
1614
1614
1614
1614
1614
1614
1614
1614
1614
1614
1614
1614
1614
1614
1614
1614
1614
1614
1614
1614
1614
1614
1614
1614
1614
1614
1614
1614
1614
1614
1614
1614
1614
1614
1614
1614
1614
1614
1614
1614
1614
1614
1614
1614
1614
1614
1614
1614
1614
1614
1614
1614
1614
1614
1614
1614
1614
1614
1614
1614
1614
1614
1614
1614
1614
1614
1614
1614
1614
1614
1614
1614
1614
1614
1614
1614
1614
1614
1614
1614
1613
1613
1613
1613
1613
1613
1613
1613
1613
1613
1613
1613
1613
1613
1613
1613
1613
1613
1613
1613
1613
1613
1613
1613
1613
1613
1613
1613
1613
1613
1613
1613
1613
1613
1613
1613
1613
1613
1613
1613
1613
1613
1613
1613
1613
1613
1613
1613
1613
1613
1613
1613
1613
1613
1613
1613
1613
1613
1613
1613
1613
1613
1613
1613
1613
1613
1613
1613
1613
1613
1613
1613
1613
1613
1613
1613
1613
1613
1613
1613
1613
1613
1613
1613
1613
1613
1613
1613
1613
1613
1613
1613
1613
1613
1613
1613
1613
1613
1613
1613
1613
1613
1613
1613
1613
1613
1613
1613
1613
1613
1613
1613
1613
1613
1613
1613
1613
1613
1613
1613
1613
1613
1613
1613
1613
1613
1613
1613
1613
1613
1613
1613
1613
1613
1613
1613
1613
1613
1613
1613
1613
1613
1613
1613
1613
1613
1613
1613
1613
1613
1613
1613
1613
1613
1613
1613
1613
1613
1613
1613
1613
1613
1613
1613
1613
1613
1613
1613
1613
1613
1613
1613
1613
1613
1613
1613
1613
1613
1613
1613
1613
1613
1613
1613
1613
1613
1613
1613
1613
1613
1613
1613
1613
1613
1613
1613
1613
1613
1613
1613
1613
1613
1613
1613
1613
1613
1613
1613
1613
1613
1613
1613
1613
1613
1613
1613
1613
1613
1613
1613
1613
1613
1613
1613
1613
1613
1613
1613
1613
1613
1613
1613
1613
1613
1613
1613
1613
1613
1613
1613
1613
1613
1613
1613
1613
1613
1613
1613
1613
1613
1613
1613
1613
1613
1613
1613
1613
1613
1613
1613
1613
1613
1613
1613
1613
1613
1613
1613
1613
1613
1613
1613
1613
1613
1613
1613
1613
1613
1613
1613
1613
1613
1613
1613
1613
1613
1613
1613
1613
1613
1613
1613
1613
1613
1613
1613
1613
1613
1613
1613
1613
1613
1613
1613
1613
1613
1613
1613
1613
1613
1613
1613
1613
1613
1613
1613
1613
1613
1613
1613
1613
1613
1613
1613
1613
1613
1613
1613
1613
1613
1613
1613
1613
1613
1613
1613
1613
1613
1613
1613
1613
1613
1613
1613
1613
1613
1613
1613
1613
1613
1613
1613
1613
1613
1613
1613
1613
1613
1613
1613
1613
1613
1613
1613
1613
1613
1613
1613
1613
1613
1613
1613
1613
1613
1613
1613
1613
1613
1613
1613
1613
1613
1613
1613
1613
1613
1613
1613
1613
1613
1613
1613
1613
1613
1613
1613
1613
1613
1613
1613
1613
1613
1613
1613
1613
1613
1613
1613
1613
1613
1613
1613
1613
1613
1613
1613
1613
1613
1613
1613
1613
1613
1613
1613
1613
1613
1613
1613
1613
1613
1613
1613
1613
1613
1613
1613
1613
1613
1613
1613
1613
1613
1613
1613
1613
1613
1613
1613
1613
1613
1613
1613
1613
1613
1613
1613
1613
1613
1613
1613
1613
1613
1613
1613
1613
1613
1613
1613
1613
1613
1613
1613
1613
1613
1613
1613
1613
1613
1613
1613
1613
1613
1613
1613
1613
1613
1613
1613
1613
1613
1613
1613
1613
1613
1613
1613
1613
1613
1613
1613
1613
1613
1613
1613
1613
1613
1613
1613
1613
1613
1613
1613
1613
1613
1613
1613
1613
1613
1613
1613
1613
1613
1613
1613
1613
1613
1613
1613
1613
1613
1613
1613
1613
1613
1613
1613
1613
1613
1613
1613
1613
1613
1613
1613
1613
1613
1613
1613
1613
1613
1613
1613
1613
1613
1613
1613
1613
1613
1613
1613
1613
1613
1613
1613
1613
1613
1613
1613
1613
1613
1613
1613
1613
1613
1612
1612
1612
1612
1612
1612
1612
1612
1612
1612
1612
1612
1612
1612
1612
1612
1612
1612
1612
1612
1612
1612
1612
1612
1612
1612
1612
1612
1612
1612
1612
1612
1612
1612
1612
1612
1612
1612
1612
1612
1612
1612
1612
1612
1612
1612
1612
1612
1612
1612
1612
1612
1612
1612
1612
1612
1612
1612
1612
1612
1612
1612
1612
1612
1612
1612
1612
1612
1612
1612
1612
1612
1612
1612
1612
1612
1612
1612
1612
1612
1612
1612
1612
1612
1612
1612
1612
1612
1612
1612
1612
1612
1612
1612
1612
1612
1612
1612
1612
1612
1612
1612
1612
1612
1612
1612
1612
1612
1612
1612
1612
1612
1612
1612
1612
1612
1612
1612
1612
1612
1612
1612
1612
1612
1612
1612
1612
1612
1612
1612
1612
1612
1612
1612
1612
1612
1612
1612
1612
1612
1612
1612
1612
1612
1612
1612
1612
1612
1612
1612
1612
1612
1612
1612
1612
1612
1612
1612
1612
1612
1612
1612
1612
1612
1612
1612
1612
1612
1612
1612
1612
1612
1612
1612
1612
1612
1612
1612
1612
1612
1612
1612
1612
1612
1612
1612
1612
1612
1612
1612
1612
1612
1612
1612
1612
1612
1612
1612
1612
1612
1612
1612
1612
1612
1612
1612
1612
1612
1612
1612
1612
1612
1612
1612
1612
1612
1612
1612
1612
1612
1612
1612
1612
1612
1612
1612
1612
1612
1612
1612
1612
1612
1612
1612
1612
1612
1612
1612
1612
1612
1612
1612
1612
1612
1612
1612
1612
1612
1612
1612
1612
1612
1612
1612
1612
1612
1612
1612
1612
1612
1612
1612
1612
1612
1612
1612
1612
1612
1612
1612
1612
1612
1612
1612
1612
1612
1612
1612
1612
1612
1612
1612
1612
1612
1612
1612
1612
1612
1612
1612
1612
1612
1612
1612
1612
1612
1612
1612
1612
1612
1612
1612
1612
1612
1612
1612
1612
1612
1612
1612
1612
1612
1612
1612
1612
1612
1612
1612
1612
1612
1612
1612
1612
1612
1612
1612
1612
1612
1612
1612
1612
1612
1612
1612
1612
1612
1612
1612
1612
1612
1612
1612
1612
1612
1612
1612
1612
1612
1612
1612
1612
1612
1612
1612
1612
1612
1612
1612
1612
1612
1612
1612
1612
1612
1612
1612
1612
1612
1612
1612
1612
1612
1612
1612
1612
1612
1612
1612
1612
1612
1612
1612
1612
1612
1612
1612
1612
1612
1612
1612
1612
1612
1612
1612
1612
1612
1612
1612
1612
1612
1612
1612
1612
1612
1612
1612
1612
1612
1612
1612
1612
1612
1612
1612
1612
1612
1612
1612
1612
1612
1612
1612
1612
1612
1612
1612
1612
1612
1612
1612
1612
1612
1612
1612
1612
1612
1612
1612
1612
1612
1612
1612
1612
1612
1612
1612
1612
1612
1612
1612
1612
1612
1612
1612
1612
1612
1612
1612
1612
1612
1612
1612
1612
1612
1612
1612
1612
1612
1612
1612
1612
1612
1612
1612
1612
1612
1612
1612
1612
1612
1612
1612
1612
1612
1612
1612
1612
1612
1612
1612
1612
1612
1612
1612
1612
1612
1612
1612
1612
1612
1612
1612
1612
1612
1612
1612
1612
1612
1612
1612
1612
1612
1612
1612
1612
1612
1612
1612
1612
1612
1612
1612
1612
1612
1612
1612
1612
1612
1612
1612
1612
1612
1612
1612
1612
1612
1612
1612
1612
1612
1612
1612
1612
1612
1612
1612
1612
1612
1612
1612
1612
1612
1612
1612
1612
1612
1612
1612
1612
1612
1612
1612
1612
1612
1612
1612
1612
1612
1612
1612
1612
1612
1612
1611
1611
1611
1611
1611
1611
1611
1611
1611
1611
1611
1611
1611
1611
1611
1611
1611
1611
1611
1611
1611
1611
1611
1611
1611
1611
1611
1611
1611
1611
1611
1611
1611
1611
1611
1611
1611
1611
1611
1611
1611
1611
1611
1611
1611
1611
1611
1611
1611
1611
1611
1611
1611
1611
1611
1611
1611
1611
1611
1611
1611
1611
1611
1611
1611
1611
1611
1611
1611
1611
1611
1611
1611
1611
1611
1611
1611
1611
1611
1611
1611
1611
1611
1611
1611
1611
1611
1611
1611
1611
1611
1611
1611
1611
1611
1611
1611
1611
1611
1611
1611
1611
1611
1611
1611
1611
1611
1611
1611
1611
1611
1611
1611
1611
1611
1611
1611
1611
1611
1611
1611
1611
1611
1611
1611
1611
1611
1611
1611
1611
1611
1611
1611
1611
1611
1611
1611
1611
1611
1611
1611
1611
1611
1611
1611
1611
1611
1611
1611
1611
1611
1611
1611
1611
1611
1611
1611
1611
1611
1611
1611
1611
1611
1611
1611
1611
1611
1611
1611
1611
1611
1611
1611
1611
1611
1611
1611
1611
1611
1611
1611
1611
1611
1611
1611
1611
1611
1611
1611
1611
1611
1611
1611
1611
1611
1611
1611
1611
1611
1611
1611
1611
1611
1611
1611
1611
1611
1611
1611
1611
1611
1611
1611
1611
1611
1611
1611
1611
1611
1611
1611
1611
1611
1611
1611
1611
1611
1611
1611
1611
1611
1611
1611
1611
1611
1611
1611
1611
1611
1611
1611
1611
1611
1611
1611
1611
1611
1611
1611
1611
1611
1611
1611
1611
1611
1611
1611
1611
1611
1611
1611
1611
1611
1611
1611
1611
1611
1611
1611
1611
1611
1611
1611
1611
1611
1611
1611
1611
1611
1611
1611
1611
1611
1611
1611
1611
1611
1611
1611
1611
1611
1611
1611
1611
1611
1611
1611
1611
1611
1611
1611
1611
1611
1611
1611
1611
1611
1611
1611
1611
1611
1611
1611
1611
1611
1611
1611
1611
1611
1611
1611
1611
1611
1611
1611
1611
1611
1611
1611
1611
1611
1611
1611
1611
1611
1611
1611
1611
1611
1611
1611
1611
1611
1611
1611
1611
1611
1611
1611
1611
1611
1611
1611
1611
1611
1611
1611
1611
1611
1611
1611
1611
1611
1611
1611
1611
1611
1611
1611
1611
1611
1611
1611
1611
1611
1611
1611
1611
1611
1611
1611
1611
1611
1611
1611
1611
1611
1611
1611
1611
1611
1611
1611
1611
1611
1611
1611
1611
1611
1611
1611
1611
1611
1611
1611
1611
1611
1611
1611
1611
1611
1611
1611
1611
1611
1611
1611
1611
1611
1611
1611
1611
1611
1611
1611
1611
1611
1611
1611
1611
1611
1611
1611
1611
1611
1611
1611
1611
1611
1611
1611
1611
1611
1611
1611
1611
1611
1611
1611
1611
1611
1611
1611
1611
1611
1611
1611
1611
1611
1611
1611
1611
1611
1611
1611
1611
1611
1611
1611
1611
1611
1611
1611
1611
1611
1611
1611
1611
1611
1611
1611
1611
1611
1611
1611
1611
1611
1611
1611
1611
1611
1611
1611
1611
1611
1611
1611
1611
1611
1611
1611
1611
1611
1611
1611
1611
1611
1611
1611
1611
1611
1611
1611
1611
1611
1611
1611
1611
1611
1611
1611
1611
1611
1611
1611
1611
1611
1611
1611
1611
1611
1611
1611
1611
1611
1611
1611
1611
1611
1611
1611
1611
1611
1611
1611
1611
1611
1611
1611
1611
1611
1611
1611
1611
1611
1611
1611
1611
1611
1611
1611
1611
1611
1611
1611
1611
1611
1611
1611
1611
1611
1610
1610
1610
1610
1610
1610
1610
1610
1610
1610
1610
1610
1610
1610
1610
1610
1610
1610
1610
1610
1610
1610
1610
1610
1610
1610
1610
1610
1610
1610
1610
1610
1610
1610
1610
1610
1610
1610
1610
1610
1610
1610
1610
1610
1610
1610
1610
1610
1610
1610
1610
1610
1610
1610
1610
1610
1610
1610
1610
1610
1610
1610
1610
1610
1610
1610
1610
1610
1610
1610
1610
1610
1610
1610
1610
1610
1610
1610
1610
1610
1610
1610
1610
1610
1610
1610
1610
1610
1610
1610
1610
1610
1610
1610
1610
1610
1610
1610
1610
1610
1610
1610
1610
1610
1610
1610
1610
1610
1610
1610
1610
1610
1610
1610
1610
1610
1610
1610
1610
1610
1610
1610
1610
1610
1610
1610
1610
1610
1610
1610
1610
1610
1610
1610
1610
1610
1610
1610
1610
1610
1610
1610
1610
1610
1610
1610
1610
1610
1610
1610
1610
1610
1610
1610
1610
1610
1610
1610
1610
1610
1610
1610
1610
1610
1610
1610
1610
1610
1610
1610
1610
1610
1610
1610
1610
1610
1610
1610
1610
1610
1610
1610
1610
1610
1610
1610
1610
1610
1610
1610
1610
1610
1610
1610
1610
1610
1610
1610
1610
1610
1610
1610
1610
1610
1610
1610
1610
1610
1610
1610
1610
1610
1610
1610
1610
1610
1610
1610
1610
1610
1610
1610
1610
1610
1610
1610
1610
1610
1610
1610
1610
1610
1610
1610
1610
1610
1610
1610
1610
1610
1610
1610
1610
1610
1610
1610
1610
1610
1610
1610
1610
1610
1610
1610
1610
1610
1610
1610
1610
1610
1610
1610
1610
1610
1610
1610
1610
1610
1610
1610
1610
1610
1610
1610
1610
1610
1610
1610
1610
1610
1610
1610
1610
1610
1610
1610
1610
1610
1610
1610
1610
1610
1610
1610
1610
1610
1610
1610
1610
1610
1610
1610
1610
1610
1610
1610
1610
1610
1610
1610
1610
1610
1610
1610
1610
1610
1610
1610
1610
1610
1610
1610
1610
1610
1610
1610
1610
1610
1610
1610
1610
1610
1610
1610
1610
1610
1610
1610
1610
1610
1610
1610
1610
1610
1610
1610
1610
1610
1610
1610
1610
1610
1610
1610
1610
1610
1610
1610
1610
1610
1610
1610
1610
1610
1610
1610
1610
1610
1610
1610
1610
1610
1610
1610
1610
1610
1610
1610
1610
1610
1610
1610
1610
1610
1610
1610
1610
1610
1610
1610
1610
1610
1610
1610
1610
1610
1610
1610
1610
1610
1610
1610
1610
1610
1610
1610
1610
1610
1610
1610
1610
1610
1610
1610
1610
1610
1610
1610
1610
1610
1610
1610
1610
1610
1610
1610
1610
1610
1610
1610
1610
1610
1610
1610
1610
1610
1610
1610
1610
1610
1610
1610
1610
1610
1610
1610
1610
1610
1610
1610
1610
1610
1610
1610
1610
1610
1610
1610
1610
1610
1610
1610
1610
1610
1610
1610
1610
1610
1610
1610
1610
1610
1610
1610
1610
1610
1610
1610
1610
1610
1610
1610
1610
1610
1610
1610
1610
1610
1610
1610
1610
1610
1610
1610
1610
1610
1610
1610
1610
1610
1610
1610
1610
1610
1610
1610
1610
1610
1610
1610
1610
1610
1610
1610
1610
1610
1610
1610
1610
1610
1610
1610
1610
1610
1610
1610
1610
1610
1610
1610
1610
1610
1610
1610
1610
1610
1610
1610
1610
1610
1610
1610
1610
1610
1610
1610
1610
1610
1610
1610
1610
1610
1610
1610
1610
1610
1610
1610
1610
1610
1610
1610
1610
1610
1610
1610
1610
1610
1610
1610
1610
1610
1610
1610
1610
1610
1610
1610
1610
1610
1610
1610
1610
1610
1610
1610
1610
1610
1610
1610
1610
1610
1610
1610
1610
1610
1610
1610
1610
1610
1610
1610
1610
1610
1610
1609
1609
1609
1609
1609
1609
1609
1609
1609
1609
1609
1609
1609
1609
1609
1609
1609
1609
1609
1609
1609
1609
1609
1609
1609
1609
1609
1609
1609
1609
1609
1609
1609
1609
1609
1609
1609
1609
1609
1609
1609
1609
1609
1609
1609
1609
1609
1609
1609
1609
1609
1609
1609
1609
1609
1609
1609
1609
1609
1609
1609
1609
1609
1609
1609
1609
1609
1609
1609
1609
1609
1609
1609
1609
1609
1609
1609
1609
1609
1609
1609
1609
1609
1609
1609
1609
1609
1609
1609
1609
1609
1609
1609
1609
1609
1609
1609
1609
1609
1609
1609
1609
1609
1609
1609
1609
1609
1609
1609
1609
1609
1609
1609
1609
1609
1609
1609
1609
1609
1609
1609
1609
1609
1609
1609
1609
1609
1609
1609
1609
1609
1609
1609
1609
1609
1609
1609
1609
1609
1609
1609
1609
1609
1609
1609
1609
1609
1609
1609
1609
1609
1609
1609
1609
1609
1609
1609
1609
1609
1609
1609
1609
1609
1609
1609
1609
1609
1609
1609
1609
1609
1609
1609
1609
1609
1609
1609
1609
1609
1609
1609
1609
1609
1609
1609
1609
1609
1609
1609
1609
1609
1609
1609
1609
1609
1609
1609
1609
1609
1609
1609
1609
1609
1609
1609
1609
1609
1609
1609
1609
1609
1609
1609
1609
1609
1609
1609
1609
1609
1609
1609
1609
1609
1609
1609
1609
1609
1609
1609
1609
1609
1609
1609
1609
1609
1609
1609
1609
1609
1609
1609
1609
1609
1609
1609
1609
1609
1609
1609
1609
1609
1609
1609
1609
1609
1609
1609
1609
1609
1609
1609
1609
1609
1609
1609
1609
1609
1609
1609
1609
1609
1609
1609
1609
1609
1609
1609
1609
1609
1609
1609
1609
1609
1609
1609
1609
1609
1609
1609
1609
1609
1609
1609
1609
1609
1609
1609
1609
1609
1609
1609
1609
1609
1609
1609
1609
1609
1609
1609
1609
1609
1609
1609
1609
1609
1609
1609
1609
1609
1609
1609
1609
1609
1609
1609
1609
1609
1609
1609
1609
1609
1609
1609
1609
1609
1609
1609
1609
1609
1609
1609
1609
1609
1609
1609
1609
1609
1609
1609
1609
1609
1609
1609
1609
1609
1609
1609
1609
1609
1609
1609
1609
1609
1609
1609
1609
1609
1609
1609
1609
1609
1609
1609
1609
1609
1609
1609
1609
1609
1609
1609
1609
1609
1609
1609
1609
1609
1609
1609
1609
1609
1609
1609
1609
1609
1609
1609
1609
1609
1609
1609
1609
1609
1609
1609
1609
1609
1609
1609
1609
1609
1609
1609
1609
1609
1609
1609
1609
1609
1609
1609
1609
1609
1609
1609
1609
1609
1609
1609
1609
1609
1609
1609
1609
1609
1609
1609
1609
1609
1609
1609
1609
1609
1609
1609
1609
1609
1609
1609
1609
1609
1609
1609
1609
1609
1609
1609
1609
1609
1609
1609
1609
1609
1609
1609
1609
1609
1609
1609
1609
1609
1609
1609
1609
1609
1609
1609
1609
1609
1609
1609
1609
1609
1609
1609
1609
1609
1609
1609
1609
1609
1609
1609
1609
1609
1609
1609
1609
1609
1609
1609
1609
1609
1609
1609
1609
1609
1609
1609
1609
1609
1609
1609
1609
1609
1609
1609
1609
1609
1609
1609
1609
1609
1609
1609
1609
1609
1609
1609
1609
1609
1609
1609
1609
1609
1609
1609
1609
1609
1609
1609
1609
1609
1609
1609
1609
1609
1609
1609
1609
1609
1609
1609
1609
1609
1609
1609
1609
1609
1609
1609
1609
1609
1609
1609
1609
1608
1608
1608
1608
1608
1608
1608
1608
1608
1608
1608
1608
1608
1608
1608
1608
1608
1608
1608
1608
1608
1608
1608
1608
1608
1608
1608
1608
1608
1608
1608
1608
1608
1608
1608
1608
1608
1608
1608
1608
1608
1608
1608
1608
1608
1608
1608
1608
1608
1608
1608
1608
1608
1608
1608
1608
1608
1608
1608
1608
1608
1608
1608
1608
1608
1608
1608
1608
1608
1608
1608
1608
1608
1608
1608
1608
1608
1608
1608
1608
1608
1608
1608
1608
1608
1608
1608
1608
1608
1608
1608
1608
1608
1608
1608
1608
1608
1608
1608
1608
1608
1608
1608
1608
1608
1608
1608
1608
1608
1608
1608
1608
1608
1608
1608
1608
1608
1608
1608
1608
1608
1608
1608
1608
1608
1608
1608
1608
1608
1608
1608
1608
1608
1608
1608
1608
1608
1608
1608
1608
1608
1608
1608
1608
1608
1608
1608
1608
1608
1608
1608
1608
1608
1608
1608
1608
1608
1608
1608
1608
1608
1608
1608
1608
1608
1608
1608
1608
1608
1608
1608
1608
1608
1608
1608
1608
1608
1608
1608
1608
1608
1608
1608
1608
1608
1608
1608
1608
1608
1608
1608
1608
1608
1608
1608
1608
1608
1608
1608
1608
1608
1608
1608
1608
1608
1608
1608
1608
1608
1608
1608
1608
1608
1608
1608
1608
1608
1608
1608
1608
1608
1608
1608
1608
1608
1608
1608
1608
1608
1608
1608
1608
1608
1608
1608
1608
1608
1608
1608
1608
1608
1608
1608
1608
1608
1608
1608
1608
1608
1608
1608
1608
1608
1608
1608
1608
1608
1608
1608
1608
1608
1608
1608
1608
1608
1608
1608
1608
1608
1608
1608
1608
1608
1608
1608
1608
1608
1608
1608
1608
1608
1608
1608
1608
1608
1608
1608
1608
1608
1608
1608
1608
1608
1608
1608
1608
1608
1608
1608
1608
1608
1608
1608
1608
1608
1608
1608
1608
1608
1608
1608
1608
1608
1608
1608
1608
1608
1608
1608
1608
1608
1608
1608
1608
1608
1608
1608
1608
1608
1608
1608
1608
1608
1608
1608
1608
1608
1608
1608
1608
1608
1608
1608
1608
1608
1608
1608
1608
1608
1608
1608
1608
1608
1608
1608
1608
1608
1608
1608
1608
1608
1608
1608
1608
1608
1608
1608
1608
1608
1608
1608
1608
1608
1608
1608
1608
1608
1608
1608
1608
1608
1608
1608
1608
1608
1608
1608
1608
1608
1608
1608
1608
1608
1608
1608
1608
1608
1608
1608
1608
1608
1608
1608
1608
1608
1608
1608
1608
1608
1608
1608
1608
1608
1608
1608
1608
1608
1608
1608
1608
1608
1608
1608
1608
1608
1608
1608
1608
1608
1608
1608
1608
1608
1608
1608
1608
1608
1608
1608
1608
1608
1608
1608
1608
1608
1608
1608
1608
1608
1608
1608
1608
1608
1608
1608
1608
1608
1608
1608
1608
1608
1608
1608
1608
1608
1608
1608
1608
1608
1608
1608
1608
1608
1608
1608
1608
1608
1608
1608
1608
1608
1608
1608
1608
1608
1608
1608
1608
1608
1608
1608
1608
1608
1608
1608
1608
1608
1608
1608
1608
1608
1608
1608
1608
1608
1608
1608
1608
1608
1608
1608
1608
1608
1608
1608
1608
1608
1608
1608
1608
1608
1608
1608
1608
1608
1608
1608
1608
1608
1608
1608
1608
1608
1608
1608
1608
1608
1608
1608
1608
1608
1608
1608
1608
1608
1608
1608
1608
1608
1608
1608
1608
1608
1607
1607
1607
1607
1607
1607
1607
1607
1607
1607
1607
1607
1607
1607
1607
1607
1607
1607
1607
1607
1607
1607
1607
1607
1607
1607
1607
1607
1607
1607
1607
1607
1607
1607
1607
1607
1607
1607
1607
1607
1607
1607
1607
1607
1607
1607
1607
1607
1607
1607
1607
1607
1607
1607
1607
1607
1607
1607
1607
1607
1607
1607
1607
1607
1607
1607
1607
1607
1607
1607
1607
1607
1607
1607
1607
1607
1607
1607
1607
1607
1607
1607
1607
1607
1607
1607
1607
1607
1607
1607
1607
1607
1607
1607
1607
1607
1607
1607
1607
1607
1607
1607
1607
1607
1607
1607
1607
1607
1607
1607
1607
1607
1607
1607
1607
1607
1607
1607
1607
1607
1607
1607
1607
1607
1607
1607
1607
1607
1607
1607
1607
1607
1607
1607
1607
1607
1607
1607
1607
1607
1607
1607
1607
1607
1607
1607
1607
1607
1607
1607
1607
1607
1607
1607
1607
1607
1607
1607
1607
1607
1607
1607
1607
1607
1607
1607
1607
1607
1607
1607
1607
1607
1607
1607
1607
1607
1607
1607
1607
1607
1607
1607
1607
1607
1607
1607
1607
1607
1607
1607
1607
1607
1607
1607
1607
1607
1607
1607
1607
1607
1607
1607
1607
1607
1607
1607
1607
1607
1607
1607
1607
1607
1607
1607
1607
1607
1607
1607
1607
1607
1607
1607
1607
1607
1607
1607
1607
1607
1607
1607
1607
1607
1607
1607
1607
1607
1607
1607
1607
1607
1607
1607
1607
1607
1607
1607
1607
1607
1607
1607
1607
1607
1607
1607
1607
1607
1607
1607
1607
1607
1607
1607
1607
1607
1607
1607
1607
1607
1607
1607
1607
1607
1607
1607
1607
1607
1607
1607
1607
1607
1607
1607
1607
1607
1607
1607
1607
1607
1607
1607
1607
1607
1607
1607
1607
1607
1607
1607
1607
1607
1607
1607
1607
1607
1607
1607
1607
1607
1607
1607
1607
1607
1607
1607
1607
1607
1607
1607
1607
1607
1607
1607
1607
1607
1607
1607
1607
1607
1607
1607
1607
1607
1607
1607
1607
1607
1607
1607
1607
1607
1607
1607
1607
1607
1607
1607
1607
1607
1607
1607
1607
1607
1607
1607
1607
1607
1607
1607
1607
1607
1607
1607
1607
1607
1607
1607
1607
1607
1607
1607
1607
1607
1607
1607
1607
1607
1607
1607
1607
1607
1607
1607
1607
1607
1607
1607
1607
1607
1607
1607
1607
1607
1607
1607
1607
1607
1607
1607
1607
1607
1607
1607
1607
1607
1607
1607
1607
1607
1607
1607
1607
1607
1607
1607
1607
1607
1607
1607
1607
1607
1607
1607
1607
1607
1607
1607
1607
1607
1607
1607
1607
1607
1607
1607
1607
1607
1607
1607
1607
1607
1607
1607
1607
1607
1607
1607
1607
1607
1607
1607
1607
1607
1607
1607
1607
1607
1607
1607
1607
1607
1607
1607
1607
1607
1607
1607
1607
1607
1607
1607
1607
1607
1607
1607
1607
1607
1607
1607
1607
1607
1607
1607
1607
1607
1607
1607
1607
1607
1607
1607
1607
1607
1607
1607
1607
1607
1607
1607
1607
1607
1607
1607
1607
1607
1607
1607
1607
1607
1607
1607
1607
1607
1607
1607
1607
1607
1607
1607
1607
1607
1607
1607
1607
1607
1607
1607
1607
1607
1607
1607
1607
1607
1607
1607
1607
1607
1607
1607
1607
1607
1607
1607
1607
1607
1607
1607
1607
1607
1607
1607
1607
1607
1607
1607
1607
1607
1607
1607
1607
1607
1606
1606
1606
1606
1606
1606
1606
1606
1606
1606
1606
1606
1606
1606
1606
1606
1606
1606
1606
1606
1606
1606
1606
1606
1606
1606
1606
1606
1606
1606
1606
1606
1606
1606
1606
1606
1606
1606
1606
1606
1606
1606
1606
1606
1606
1606
1606
1606
1606
1606
1606
1606
1606
1606
1606
1606
1606
1606
1606
1606
1606
1606
1606
1606
1606
1606
1606
1606
1606
1606
1606
1606
1606
1606
1606
1606
1606
1606
1606
1606
1606
1606
1606
1606
1606
1606
1606
1606
1606
1606
1606
1606
1606
1606
1606
1606
1606
1606
1606
1606
1606
1606
1606
1606
1606
1606
1606
1606
1606
1606
1606
1606
1606
1606
1606
1606
1606
1606
1606
1606
1606
1606
1606
1606
1606
1606
1606
1606
1606
1606
1606
1606
1606
1606
1606
1606
1606
1606
1606
1606
1606
1606
1606
1606
1606
1606
1606
1606
1606
1606
1606
1606
1606
1606
1606
1606
1606
1606
1606
1606
1606
1606
1606
1606
1606
1606
1606
1606
1606
1606
1606
1606
1606
1606
1606
1606
1606
1606
1606
1606
1606
1606
1606
1606
1606
1606
1606
1606
1606
1606
1606
1606
1606
1606
1606
1606
1606
1606
1606
1606
1606
1606
1606
1606
1606
1606
1606
1606
1606
1606
1606
1606
1606
1606
1606
1606
1606
1606
1606
1606
1606
1606
1606
1606
1606
1606
1606
1606
1606
1606
1606
1606
1606
1606
1606
1606
1606
1606
1606
1606
1606
1606
1606
1606
1606
1606
1606
1606
1606
1606
1606
1606
1606
1606
1606
1606
1606
1606
1606
1606
1606
1606
1606
1606
1606
1606
1606
1606
1606
1606
1606
1606
1606
1606
1606
1606
1606
1606
1606
1606
1606
1606
1606
1606
1606
1606
1606
1606
1606
1606
1606
1606
1606
1606
1606
1606
1606
1606
1606
1606
1606
1606
1606
1606
1606
1606
1606
1606
1606
1606
1606
1606
1606
1606
1606
1606
1606
1606
1606
1606
1606
1606
1606
1606
1606
1606
1606
1606
1606
1606
1606
1606
1606
1606
1606
1606
1606
1606
1606
1606
1606
1606
1606
1606
1606
1606
1606
1606
1606
1606
1606
1606
1606
1606
1606
1606
1606
1606
1606
1606
1606
1606
1606
1606
1606
1606
1606
1606
1606
1606
1606
1606
1606
1606
1606
1606
1606
1606
1606
1606
1606
1606
1606
1606
1606
1606
1606
1606
1606
1606
1606
1606
1606
1606
1606
1606
1606
1606
1606
1606
1606
1606
1606
1606
1606
1606
1606
1606
1606
1606
1606
1606
1606
1606
1606
1606
1606
1606
1606
1606
1606
1606
1606
1606
1606
1606
1606
1606
1606
1606
1606
1606
1606
1606
1606
1606
1606
1606
1606
1606
1606
1606
1606
1606
1606
1606
1606
1606
1606
1606
1606
1606
1606
1606
1606
1606
1606
1606
1606
1606
1606
1606
1606
1606
1606
1606
1606
1606
1606
1606
1606
1606
1606
1606
1606
1606
1606
1606
1606
1606
1606
1606
1606
1606
1606
1606
1606
1606
1606
1606
1606
1606
1606
1606
1606
1606
1606
1606
1606
1606
1606
1606
1606
1606
1606
1606
1606
1606
1606
1606
1606
1606
1606
1606
1606
1606
1606
1606
1606
1606
1606
1606
1606
1606
1606
1606
1606
1606
1606
1606
1606
1606
1606
1606
1606
1606
1606
1606
1606
1606
1606
1606
1606
1606
1606
1606
1606
1606
1606
1606
1606
1606
1606
1606
1606
1606
1606
1606
1606
1606
1606
1606
1606
1606
1606
1606
1606
1606
1606
1606
1606
1606
1605
1605
1605
1605
1605
1605
1605
1605
1605
1605
1605
1605
1605
1605
1605
1605
1605
1605
1605
1605
1605
1605
1605
1605
1605
1605
1605
1605
1605
1605
1605
1605
1605
1605
1605
1605
1605
1605
1605
1605
1605
1605
1605
1605
1605
1605
1605
1605
1605
1605
1605
1605
1605
1605
1605
1605
1605
1605
1605
1605
1605
1605
1605
1605
1605
1605
1605
1605
1605
1605
1605
1605
1605
1605
1605
1605
1605
1605
1605
1605
1605
1605
1605
1605
1605
1605
1605
1605
1605
1605
1605
1605
1605
1605
1605
1605
1605
1605
1605
1605
1605
1605
1605
1605
1605
1605
1605
1605
1605
1605
1605
1605
1605
1605
1605
1605
1605
1605
1605
1605
1605
1605
1605
1605
1605
1605
1605
1605
1605
1605
1605
1605
1605
1605
1605
1605
1605
1605
1605
1605
1605
1605
1605
1605
1605
1605
1605
1605
1605
1605
1605
1605
1605
1605
1605
1605
1605
1605
1605
1605
1605
1605
1605
1605
1605
1605
1605
1605
1605
1605
1605
1605
1605
1605
1605
1605
1605
1605
1605
1605
1605
1605
1605
1605
1605
1605
1605
1605
1605
1605
1605
1605
1605
1605
1605
1605
1605
1605
1605
1605
1605
1605
1605
1605
1605
1605
1605
1605
1605
1605
1605
1605
1605
1605
1605
1605
1605
1605
1605
1605
1605
1605
1605
1605
1605
1605
1605
1605
1605
1605
1605
1605
1605
1605
1605
1605
1605
1605
1605
1605
1605
1605
1605
1605
1605
1605
1605
1605
1605
1605
1605
1605
1605
1605
1605
1605
1605
1605
1605
1605
1605
1605
1605
1605
1605
1605
1605
1605
1605
1605
1605
1605
1605
1605
1605
1605
1605
1605
1605
1605
1605
1605
1605
1605
1605
1605
1605
1605
1605
1605
1605
1605
1605
1605
1605
1605
1605
1605
1605
1605
1605
1605
1605
1605
1605
1605
1605
1605
1605
1605
1605
1605
1605
1605
1605
1605
1605
1605
1605
1605
1605
1605
1605
1605
1605
1605
1605
1605
1605
1605
1605
1605
1605
1605
1605
1605
1605
1605
1605
1605
1605
1605
1605
1605
1605
1605
1605
1605
1605
1605
1605
1605
1605
1605
1605
1605
1605
1605
1605
1605
1605
1605
1605
1605
1605
1605
1605
1605
1605
1605
1605
1605
1605
1605
1605
1605
1605
1605
1605
1605
1605
1605
1605
1605
1605
1605
1605
1605
1605
1605
1605
1605
1605
1605
1605
1605
1605
1605
1605
1605
1605
1605
1605
1605
1605
1605
1605
1605
1605
1605
1605
1605
1605
1605
1605
1605
1605
1605
1605
1605
1605
1605
1605
1605
1605
1605
1605
1605
1605
1605
1605
1605
1605
1605
1605
1605
1605
1605
1605
1605
1605
1605
1605
1605
1605
1605
1605
1605
1605
1605
1605
1605
1605
1605
1605
1605
1605
1605
1605
1605
1605
1605
1605
1605
1605
1605
1605
1605
1605
1605
1605
1605
1605
1605
1605
1605
1605
1605
1605
1605
1605
1605
1605
1605
1605
1605
1605
1605
1605
1605
1605
1605
1605
1605
1605
1605
1605
1605
1605
1605
1605
1605
1605
1605
1605
1605
1605
1605
1605
1605
1605
1605
1605
1605
1605
1605
1605
1605
1605
1605
1605
1605
1605
1605
1605
1605
1605
1605
1605
1605
1605
1605
1605
1605
1605
1605
1605
1605
1605
1605
1605
1605
1605
1605
1605
1605
1605
1605
1605
1605
1605
1605
1605
1605
1605
1605
1605
1605
1605
1605
1605
1604
1604
1604
1604
1604
1604
1604
1604
1604
1604
1604
1604
1604
1604
1604
1604
1604
1604
1604
1604
1604
1604
1604
1604
1604
1604
1604
1604
1604
1604
1604
1604
1604
1604
1604
1604
1604
1604
1604
1604
1604
1604
1604
1604
1604
1604
1604
1604
1604
1604
1604
1604
1604
1604
1604
1604
1604
1604
1604
1604
1604
1604
1604
1604
1604
1604
1604
1604
1604
1604
1604
1604
1604
1604
1604
1604
1604
1604
1604
1604
1604
1604
1604
1604
1604
1604
1604
1604
1604
1604
1604
1604
1604
1604
1604
1604
1604
1604
1604
1604
1604
1604
1604
1604
1604
1604
1604
1604
1604
1604
1604
1604
1604
1604
1604
1604
1604
1604
1604
1604
1604
1604
1604
1604
1604
1604
1604
1604
1604
1604
1604
1604
1604
1604
1604
1604
1604
1604
1604
1604
1604
1604
1604
1604
1604
1604
1604
1604
1604
1604
1604
1604
1604
1604
1604
1604
1604
1604
1604
1604
1604
1604
1604
1604
1604
1604
1604
1604
1604
1604
1604
1604
1604
1604
1604
1604
1604
1604
1604
1604
1604
1604
1604
1604
1604
1604
1604
1604
1604
1604
1604
1604
1604
1604
1604
1604
1604
1604
1604
1604
1604
1604
1604
1604
1604
1604
1604
1604
1604
1604
1604
1604
1604
1604
1604
1604
1604
1604
1604
1604
1604
1604
1604
1604
1604
1604
1604
1604
1604
1604
1604
1604
1604
1604
1604
1604
1604
1604
1604
1604
1604
1604
1604
1604
1604
1604
1604
1604
1604
1604
1604
1604
1604
1604
1604
1604
1604
1604
1604
1604
1604
1604
1604
1604
1604
1604
1604
1604
1604
1604
1604
1604
1604
1604
1604
1604
1604
1604
1604
1604
1604
1604
1604
1604
1604
1604
1604
1604
1604
1604
1604
1604
1604
1604
1604
1604
1604
1604
1604
1604
1604
1604
1604
1604
1604
1604
1604
1604
1604
1604
1604
1604
1604
1604
1604
1604
1604
1604
1604
1604
1604
1604
1604
1604
1604
1604
1604
1604
1604
1604
1604
1604
1604
1604
1604
1604
1604
1604
1604
1604
1604
1604
1604
1604
1604
1604
1604
1604
1604
1604
1604
1604
1604
1604
1604
1604
1604
1604
1604
1604
1604
1604
1604
1604
1604
1604
1604
1604
1604
1604
1604
1604
1604
1604
1604
1604
1604
1604
1604
1604
1604
1604
1604
1604
1604
1604
1604
1604
1604
1604
1604
1604
1604
1604
1604
1604
1604
1604
1604
1604
1604
1604
1604
1604
1604
1604
1604
1604
1604
1604
1604
1604
1604
1604
1604
1604
1604
1604
1604
1604
1604
1604
1604
1604
1604
1604
1604
1604
1604
1604
1604
1604
1604
1604
1604
1604
1604
1604
1604
1604
1604
1604
1604
1604
1604
1604
1604
1604
1604
1604
1604
1604
1604
1604
1604
1604
1604
1604
1604
1604
1604
1604
1604
1604
1604
1604
1604
1604
1604
1604
1604
1604
1604
1604
1604
1604
1604
1604
1604
1604
1604
1604
1604
1604
1604
1604
1604
1604
1604
1604
1604
1604
1604
1604
1604
1604
1604
1604
1604
1604
1604
1604
1604
1604
1604
1604
1604
1604
1604
1604
1604
1604
1604
1604
1604
1604
1604
1604
1604
1604
1604
1604
1604
1604
1604
1604
1604
1604
1604
1604
1604
1604
1604
1604
1604
1604
1604
1604
1604
1604
1604
1604
1604
1604
1604
1604
1604
1604
1604
1604
1604
1604
1604
1604
1604
1604
1604
1604
1604
1604
1604
1604
1604
1604
1604
1604
1604
1604
1604
1604
1604
1604
1604
1604
1604
1604
1604
1604
1604
1604
1604
1604
1604
1604
1604
1604
1604
1604
1604
1603
1603
1603
1603
1603
1603
1603
1603
1603
1603
1603
1603
1603
1603
1603
1603
1603
1603
1603
1603
1603
1603
1603
1603
1603
1603
1603
1603
1603
1603
1603
1603
1603
1603
1603
1603
1603
1603
1603
1603
1603
1603
1603
1603
1603
1603
1603
1603
1603
1603
1603
1603
1603
1603
1603
1603
1603
1603
1603
1603
1603
1603
1603
1603
1603
1603
1603
1603
1603
1603
1603
1603
1603
1603
1603
1603
1603
1603
1603
1603
1603
1603
1603
1603
1603
1603
1603
1603
1603
1603
1603
1603
1603
1603
1603
1603
1603
1603
1603
1603
1603
1603
1603
1603
1603
1603
1603
1603
1603
1603
1603
1603
1603
1603
1603
1603
1603
1603
1603
1603
1603
1603
1603
1603
1603
1603
1603
1603
1603
1603
1603
1603
1603
1603
1603
1603
1603
1603
1603
1603
1603
1603
1603
1603
1603
1603
1603
1603
1603
1603
1603
1603
1603
1603
1603
1603
1603
1603
1603
1603
1603
1603
1603
1603
1603
1603
1603
1603
1603
1603
1603
1603
1603
1603
1603
1603
1603
1603
1603
1603
1603
1603
1603
1603
1603
1603
1603
1603
1603
1603
1603
1603
1603
1603
1603
1603
1603
1603
1603
1603
1603
1603
1603
1603
1603
1603
1603
1603
1603
1603
1603
1603
1603
1603
1603
1603
1603
1603
1603
1603
1603
1603
1603
1603
1603
1603
1603
1603
1603
1603
1603
1603
1603
1603
1603
1603
1603
1603
1603
1603
1603
1603
1603
1603
1603
1603
1603
1603
1603
1603
1603
1603
1603
1603
1603
1603
1603
1603
1603
1603
1603
1603
1603
1603
1603
1603
1603
1603
1603
1603
1603
1603
1603
1603
1603
1603
1603
1603
1603
1603
1603
1603
1603
1603
1603
1603
1603
1603
1603
1603
1603
1603
1603
1603
1603
1603
1603
1603
1603
1603
1603
1603
1603
1603
1603
1603
1603
1603
1603
1603
1603
1603
1603
1603
1603
1603
1603
1603
1603
1603
1603
1603
1603
1603
1603
1603
1603
1603
1603
1603
1603
1603
1603
1603
1603
1603
1603
1603
1603
1603
1603
1603
1603
1603
1603
1603
1603
1603
1603
1603
1603
1603
1603
1603
1603
1603
1603
1603
1603
1603
1603
1603
1603
1603
1603
1603
1603
1603
1603
1603
1603
1603
1603
1603
1603
1603
1603
1603
1603
1603
1603
1603
1603
1603
1603
1603
1603
1603
1603
1603
1603
1603
1603
1603
1603
1603
1603
1603
1603
1603
1603
1603
1603
1603
1603
1603
1603
1603
1603
1603
1603
1603
1603
1603
1603
1603
1603
1603
1603
1603
1603
1603
1603
1603
1603
1603
1603
1603
1603
1603
1603
1603
1603
1603
1603
1603
1603
1603
1603
1603
1603
1603
1603
1603
1603
1603
1603
1603
1603
1603
1603
1603
1603
1603
1603
1603
1603
1603
1603
1603
1603
1603
1603
1603
1603
1603
1603
1603
1603
1603
1603
1603
1603
1603
1603
1603
1603
1603
1603
1603
1603
1603
1603
1603
1603
1603
1603
1603
1603
1603
1603
1603
1603
1603
1603
1603
1603
1603
1603
1603
1603
1603
1603
1603
1603
1603
1603
1603
1603
1603
1603
1603
1603
1603
1603
1603
1603
1603
1603
1603
1603
1603
1603
1603
1603
1603
1603
1603
1603
1603
1603
1603
1603
1603
1603
1603
1603
1603
1603
1603
1603
1603
1603
1603
1603
1603
1603
1603
1603
1603
1603
1603
1603
1603
1603
1603
1603
1603
1603
1603
1603
1603
1603
1603
1603
1603
1603
1603
1603
1603
1603
1603
1603
1603
1603
1603
1603
1603
1603
1603
1602
1602
1602
1602
1602
1602
1602
1602
1602
1602
1602
1602
1602
1602
1602
1602
1602
1602
1602
1602
1602
1602
1602
1602
1602
1602
1602
1602
1602
1602
1602
1602
1602
1602
1602
1602
1602
1602
1602
1602
1602
1602
1602
1602
1602
1602
1602
1602
1602
1602
1602
1602
1602
1602
1602
1602
1602
1602
1602
1602
1602
1602
1602
1602
1602
1602
1602
1602
1602
1602
1602
1602
1602
1602
1602
1602
1602
1602
1602
1602
1602
1602
1602
1602
1602
1602
1602
1602
1602
1602
1602
1602
1602
1602
1602
1602
1602
1602
1602
1602
1602
1602
1602
1602
1602
1602
1602
1602
1602
1602
1602
1602
1602
1602
1602
1602
1602
1602
1602
1602
1602
1602
1602
1602
1602
1602
1602
1602
1602
1602
1602
1602
1602
1602
1602
1602
1602
1602
1602
1602
1602
1602
1602
1602
1602
1602
1602
1602
1602
1602
1602
1602
1602
1602
1602
1602
1602
1602
1602
1602
1602
1602
1602
1602
1602
1602
1602
1602
1602
1602
1602
1602
1602
1602
1602
1602
1602
1602
1602
1602
1602
1602
1602
1602
1602
1602
1602
1602
1602
1602
1602
1602
1602
1602
1602
1602
1602
1602
1602
1602
1602
1602
1602
1602
1602
1602
1602
1602
1602
1602
1602
1602
1602
1602
1602
1602
1602
1602
1602
1602
1602
1602
1602
1602
1602
1602
1602
1602
1602
1602
1602
1602
1602
1602
1602
1602
1602
1602
1602
1602
1602
1602
1602
1602
1602
1602
1602
1602
1602
1602
1602
1602
1602
1602
1602
1602
1602
1602
1602
1602
1602
1602
1602
1602
1602
1602
1602
1602
1602
1602
1602
1602
1602
1602
1602
1602
1602
1602
1602
1602
1602
1602
1602
1602
1602
1602
1602
1602
1602
1602
1602
1602
1602
1602
1602
1602
1602
1602
1602
1602
1602
1602
1602
1602
1602
1602
1602
1602
1602
1602
1602
1602
1602
1602
1602
1602
1602
1602
1602
1602
1602
1602
1602
1602
1602
1602
1602
1602
1602
1602
1602
1602
1602
1602
1602
1602
1602
1602
1602
1602
1602
1602
1602
1602
1602
1602
1602
1602
1602
1602
1602
1602
1602
1602
1602
1602
1602
1602
1602
1602
1602
1602
1602
1602
1602
1602
1602
1602
1602
1602
1602
1602
1602
1602
1602
1602
1602
1602
1602
1602
1602
1602
1602
1602
1602
1602
1602
1602
1602
1602
1602
1602
1602
1602
1602
1602
1602
1602
1602
1602
1602
1602
1602
1602
1602
1602
1602
1602
1602
1602
1602
1602
1602
1602
1602
1602
1602
1602
1602
1602
1602
1602
1602
1602
1602
1602
1602
1602
1602
1602
1602
1602
1602
1602
1602
1602
1602
1602
1602
1602
1602
1602
1602
1602
1602
1602
1602
1602
1602
1602
1602
1602
1602
1602
1602
1602
1602
1602
1602
1602
1602
1602
1602
1602
1602
1602
1602
1602
1602
1602
1602
1602
1602
1602
1602
1602
1602
1602
1602
1602
1602
1602
1602
1602
1602
1602
1602
1602
1602
1602
1602
1602
1602
1602
1602
1602
1602
1602
1602
1602
1602
1602
1602
1602
1602
1602
1602
1602
1602
1602
1602
1602
1602
1602
1602
1602
1602
1602
1602
1602
1602
1602
1602
1602
1602
1602
1602
1602
1602
1602
1602
1602
1602
1602
1602
1602
1602
1602
1602
1602
1602
1602
1602
1602
1602
1602
1602
1602
1602
1602
1602
1602
1602
1602
1602
1602
1602
1602
1602
1602
1602
1602
1602
1602
1602
1602
1602
1602
1602
1602
1602
1602
1602
1602
1602
1602
1602
1602
1602
1601
1601
1601
1601
1601
1601
1601
1601
1601
1601
1601
1601
1601
1601
1601
1601
1601
1601
1601
1601
1601
1601
1601
1601
1601
1601
1601
1601
1601
1601
1601
1601
1601
1601
1601
1601
1601
1601
1601
1601
1601
1601
1601
1601
1601
1601
1601
1601
1601
1601
1601
1601
1601
1601
1601
1601
1601
1601
1601
1601
1601
1601
1601
1601
1601
1601
1601
1601
1601
1601
1601
1601
1601
1601
1601
1601
1601
1601
1601
1601
1601
1601
1601
1601
1601
1601
1601
1601
1601
1601
1601
1601
1601
1601
1601
1601
1601
1601
1601
1601
1601
1601
1601
1601
1601
1601
1601
1601
1601
1601
1601
1601
1601
1601
1601
1601
1601
1601
1601
1601
1601
1601
1601
1601
1601
1601
1601
1601
1601
1601
1601
1601
1601
1601
1601
1601
1601
1601
1601
1601
1601
1601
1601
1601
1601
1601
1601
1601
1601
1601
1601
1601
1601
1601
1601
1601
1601
1601
1601
1601
1601
1601
1601
1601
1601
1601
1601
1601
1601
1601
1601
1601
1601
1601
1601
1601
1601
1601
1601
1601
1601
1601
1601
1601
1601
1601
1601
1601
1601
1601
1601
1601
1601
1601
1601
1601
1601
1601
1601
1601
1601
1601
1601
1601
1601
1601
1601
1601
1601
1601
1601
1601
1601
1601
1601
1601
1601
1601
1601
1601
1601
1601
1601
1601
1601
1601
1601
1601
1601
1601
1601
1601
1601
1601
1601
1601
1601
1601
1601
1601
1601
1601
1601
1601
1601
1601
1601
1601
1601
1601
1601
1601
1601
1601
1601
1601
1601
1601
1601
1601
1601
1601
1601
1601
1601
1601
1601
1601
1601
1601
1601
1601
1601
1601
1601
1601
1601
1601
1601
1601
1601
1601
1601
1601
1601
1601
1601
1601
1601
1601
1601
1601
1601
1601
1601
1601
1601
1601
1601
1601
1601
1601
1601
1601
1601
1601
1601
1601
1601
1601
1601
1601
1601
1601
1601
1601
1601
1601
1601
1601
1601
1601
1601
1601
1601
1601
1601
1601
1601
1601
1601
1601
1601
1601
1601
1601
1601
1601
1601
1601
1601
1601
1601
1601
1601
1601
1601
1601
1601
1601
1601
1601
1601
1601
1601
1601
1601
1601
1601
1601
1601
1601
1601
1601
1601
1601
1601
1601
1601
1601
1601
1601
1601
1601
1601
1601
1601
1601
1601
1601
1601
1601
1601
1601
1601
1601
1601
1601
1601
1601
1601
1601
1601
1601
1601
1601
1601
1601
1601
1601
1601
1601
1601
1601
1601
1601
1601
1601
1601
1601
1601
1601
1601
1601
1601
1601
1601
1601
1601
1601
1601
1601
1601
1601
1601
1601
1601
1601
1601
1601
1601
1601
1601
1601
1601
1601
1601
1601
1601
1601
1601
1601
1601
1601
1601
1601
1601
1601
1601
1601
1601
1601
1601
1601
1601
1601
1601
1601
1601
1601
1601
1601
1601
1601
1601
1601
1601
1601
1601
1601
1601
1601
1601
1601
1601
1601
1601
1601
1601
1601
1601
1601
1601
1601
1601
1601
1601
1601
1601
1601
1601
1601
1601
1601
1601
1601
1601
1601
1601
1601
1601
1601
1601
1601
1601
1601
1601
1601
1601
1601
1601
1601
1601
1601
1601
1601
1601
1601
1601
1601
1601
1601
1601
1601
1601
1601
1601
1601
1601
1601
1601
1601
1601
1601
1601
1601
1601
1601
1601
1601
1601
1601
1601
1601
1601
1601
1601
1601
1601
1601
1601
1601
1601
1601
1601
1601
1601
1601
1601
1601
1601
1601
1601
1601
1601
1601
1601
1601
1601
1601
1601
1601
1601
1601
1601
1601
1601
1601
1601
1601
1601
1601
1601
1601
1601
1601
1601
1601
1601
1600
1600
1600
1600
1600
1600
1600
1600
1600
1600
1600
1600
1600
1600
1600
1600
1600
1600
1600
1600
1600
1600
1600
1600
1600
1600
1600
1600
1600
1600
1600
1600
1600
1600
1600
1600
1600
1600
1600
1600
1600
1600
1600
1600
1600
1600
1600
1600
1600
1600
1600
1600
1600
1600
1600
1600
1600
1600
1600
1600
1600
1600
1600
1600
1600
1600
1600
1600
1600
1600
1600
1600
1600
1600
1600
1600
1600
1600
1600
1600
1600
1600
1600
1600
1600
1600
1600
1600
1600
1600
1600
1600
1600
1600
1600
1600
1600
1600
1600
1600
1600
1600
1600
1600
1600
1600
1600
1600
1600
1600
1600
1600
1600
1600
1600
1600
1600
1600
1600
1600
1600
1600
1600
1600
1600
1600
1600
1600
1600
1600
1600
1600
1600
1600
1600
1600
1600
1600
1600
1600
1600
1600
1600
1600
1600
1600
1600
1600
1600
1600
1600
1600
1600
1600
1600
1600
1600
1600
1600
1600
1600
1600
1600
1600
1600
1600
1600
1600
1600
1600
1600
1600
1600
1600
1600
1600
1600
1600
1600
1600
1600
1600
1600
1600
1600
1600
1600
1600
1600
1600
1600
1600
1600
1600
1600
1600
1600
1600
1600
1600
1600
1600
1600
1600
1600
1600
1600
1600
1600
1600
1600
1600
1600
1600
1600
1600
1600
1600
1600
1600
1600
1600
1600
1600
1600
1600
1600
1600
1600
1600
1600
1600
1600
1600
1600
1600
1600
1600
1600
1600
1600
1600
1600
1600
1600
1600
1600
1600
1600
1600
1600
1600
1600
1600
1600
1600
1600
1600
1600
1600
1600
1600
1600
1600
1600
1600
1600
1600
1600
1600
1600
1600
1600
1600
1600
1600
1600
1600
1600
1600
1600
1600
1600
1600
1600
1600
1600
1600
1600
1600
1600
1600
1600
1600
1600
1600
1600
1600
1600
1600
1600
1600
1600
1600
1600
1600
1600
1600
1600
1600
1600
1600
1600
1600
1600
1600
1600
1600
1600
1600
1600
1600
1600
1600
1600
1600
1600
1600
1600
1600
1600
1600
1600
1600
1600
1600
1600
1600
1600
1600
1600
1600
1600
1600
1600
1600
1600
1600
1600
1600
1600
1600
1600
1600
1600
1600
1600
1600
1600
1600
1600
1600
1600
1600
1600
1600
1600
1600
1600
1600
1600
1600
1600
1600
1600
1600
1600
1600
1600
1600
1600
1600
1600
1600
1600
1600
1600
1600
1600
1600
1600
1600
1600
1600
1600
1600
1600
1600
1600
1600
1600
1600
1600
1600
1600
1600
1600
1600
1600
1600
1600
1600
1600
1600
1600
1600
1600
1600
1600
1600
1600
1600
1600
1600
1600
1600
1600
1600
1600
1600
1600
1600
1600
1600
1600
1600
1600
1600
1600
1600
1600
1600
1600
1600
1600
1600
1600
1600
1600
1600
1600
1600
1600
1600
1600
1600
1600
1600
1600
1600
1600
1600
1600
1600
1600
1600
1600
1600
1600
1600
1600
1600
1600
1600
1600
1600
1600
1600
1600
1600
1600
1600
1600
1600
1600
1600
1600
1600
1600
1600
1600
1600
1600
1600
1600
1600
1600
1600
1600
1600
1600
1600
1600
1600
1600
1600
1600
1600
1600
1600
1600
1600
1600
1600
1600
1600
1600
1600
1600
1600
1600
1600
1600
1600
1600
1600
1600
1600
1600
1600
1600
1600
1600
1600
1600
1600
1600
1600
1600
1600
1600
1600
1600
1600
1600
1600
1600
1600
1600
1600
1600
1600
1600
1600
1600
1600
1600
1600
1600
1600
1600
1600
1600
1600
1600
1600
1600
1600
1600
1600
1600
1600
1600
1600
1600
1600
1600
1599
1599
1599
1599
1599
1599
1599
1599
1599
1599
1599
1599
1599
1599
1599
1599
1599
1599
1599
1599
1599
1599
1599
1599
1599
1599
1599
1599
1599
1599
1599
1599
1599
1599
1599
1599
1599
1599
1599
1599
1599
1599
1599
1599
1599
1599
1599
1599
1599
1599
1599
1599
1599
1599
1599
1599
1599
1599
1599
1599
1599
1599
1599
1599
1599
1599
1599
1599
1599
1599
1599
1599
1599
1599
1599
1599
1599
1599
1599
1599
1599
1599
1599
1599
1599
1599
1599
1599
1599
1599
1599
1599
1599
1599
1599
1599
1599
1599
1599
1599
1599
1599
1599
1599
1599
1599
1599
1599
1599
1599
1599
1599
1599
1599
1599
1599
1599
1599
1599
1599
1599
1599
1599
1599
1599
1599
1599
1599
1599
1599
1599
1599
1599
1599
1599
1599
1599
1599
1599
1599
1599
1599
1599
1599
1599
1599
1599
1599
1599
1599
1599
1599
1599
1599
1599
1599
1599
1599
1599
1599
1599
1599
1599
1599
1599
1599
1599
1599
1599
1599
1599
1599
1599
1599
1599
1599
1599
1599
1599
1599
1599
1599
1599
1599
1599
1599
1599
1599
1599
1599
1599
1599
1599
1599
1599
1599
1599
1599
1599
1599
1599
1599
1599
1599
1599
1599
1599
1599
1599
1599
1599
1599
1599
1599
1599
1599
1599
1599
1599
1599
1599
1599
1599
1599
1599
1599
1599
1599
1599
1599
1599
1599
1599
1599
1599
1599
1599
1599
1599
1599
1599
1599
1599
1599
1599
1599
1599
1599
1599
1599
1599
1599
1599
1599
1599
1599
1599
1599
1599
1599
1599
1599
1599
1599
1599
1599
1599
1599
1599
1599
1599
1599
1599
1599
1599
1599
1599
1599
1599
1599
1599
1599
1599
1599
1599
1599
1599
1599
1599
1599
1599
1599
1599
1599
1599
1599
1599
1599
1599
1599
1599
1599
1599
1599
1599
1599
1599
1599
1599
1599
1599
1599
1599
1599
1599
1599
1599
1599
1599
1599
1599
1599
1599
1599
1599
1599
1599
1599
1599
1599
1599
1599
1599
1599
1599
1599
1599
1599
1599
1599
1599
1599
1599
1599
1599
1599
1599
1599
1599
1599
1599
1599
1599
1599
1599
1599
1599
1599
1599
1599
1599
1599
1599
1599
1599
1599
1599
1599
1599
1599
1599
1599
1599
1599
1599
1599
1599
1599
1599
1599
1599
1599
1599
1599
1599
1599
1599
1599
1599
1599
1599
1599
1599
1599
1599
1599
1599
1599
1599
1599
1599
1599
1599
1599
1599
1599
1599
1599
1599
1599
1599
1599
1599
1599
1599
1599
1599
1599
1599
1599
1599
1599
1599
1599
1599
1599
1599
1599
1599
1599
1599
1599
1599
1599
1599
1599
1599
1599
1599
1599
1599
1599
1599
1599
1599
1599
1599
1599
1599
1599
1599
1599
1599
1599
1599
1599
1599
1599
1599
1599
1599
1599
1599
1599
1599
1599
1599
1599
1599
1599
1599
1599
1599
1599
1599
1599
1599
1599
1599
1599
1599
1599
1599
1599
1599
1599
1599
1599
1599
1599
1599
1599
1599
1599
1599
1599
1599
1599
1599
1599
1599
1599
1599
1599
1599
1599
1599
1599
1599
1599
1599
1599
1599
1599
1599
1599
1599
1599
1599
1599
1599
1599
1599
1599
1599
1599
1599
1599
1599
1599
1599
1599
1599
1599
1599
1599
1599
1599
1599
1599
1599
1599
1599
1599
1599
1599
1599
1599
1599
1599
1599
1599
1599
1599
1599
1599
1599
1599
1599
1599
1599
1599
1599
1599
1599
1599
1599
1599
1599
1598
1598
1598
1598
1598
1598
1598
1598
1598
1598
1598
1598
1598
1598
1598
1598
1598
1598
1598
1598
1598
1598
1598
1598
1598
1598
1598
1598
1598
1598
1598
1598
1598
1598
1598
1598
1598
1598
1598
1598
1598
1598
1598
1598
1598
1598
1598
1598
1598
1598
1598
1598
1598
1598
1598
1598
1598
1598
1598
1598
1598
1598
1598
1598
1598
1598
1598
1598
1598
1598
1598
1598
1598
1598
1598
1598
1598
1598
1598
1598
1598
1598
1598
1598
1598
1598
1598
1598
1598
1598
1598
1598
1598
1598
1598
1598
1598
1598
1598
1598
1598
1598
1598
1598
1598
1598
1598
1598
1598
1598
1598
1598
1598
1598
1598
1598
1598
1598
1598
1598
1598
1598
1598
1598
1598
1598
1598
1598
1598
1598
1598
1598
1598
1598
1598
1598
1598
1598
1598
1598
1598
1598
1598
1598
1598
1598
1598
1598
1598
1598
1598
1598
1598
1598
1598
1598
1598
1598
1598
1598
1598
1598
1598
1598
1598
1598
1598
1598
1598
1598
1598
1598
1598
1598
1598
1598
1598
1598
1598
1598
1598
1598
1598
1598
1598
1598
1598
1598
1598
1598
1598
1598
1598
1598
1598
1598
1598
1598
1598
1598
1598
1598
1598
1598
1598
1598
1598
1598
1598
1598
1598
1598
1598
1598
1598
1598
1598
1598
1598
1598
1598
1598
1598
1598
1598
1598
1598
1598
1598
1598
1598
1598
1598
1598
1598
1598
1598
1598
1598
1598
1598
1598
1598
1598
1598
1598
1598
1598
1598
1598
1598
1598
1598
1598
1598
1598
1598
1598
1598
1598
1598
1598
1598
1598
1598
1598
1598
1598
1598
1598
1598
1598
1598
1598
1598
1598
1598
1598
1598
1598
1598
1598
1598
1598
1598
1598
1598
1598
1598
1598
1598
1598
1598
1598
1598
1598
1598
1598
1598
1598
1598
1598
1598
1598
1598
1598
1598
1598
1598
1598
1598
1598
1598
1598
1598
1598
1598
1598
1598
1598
1598
1598
1598
1598
1598
1598
1598
1598
1598
1598
1598
1598
1598
1598
1598
1598
1598
1598
1598
1598
1598
1598
1598
1598
1598
1598
1598
1598
1598
1598
1598
1598
1598
1598
1598
1598
1598
1598
1598
1598
1598
1598
1598
1598
1598
1598
1598
1598
1598
1598
1598
1598
1598
1598
1598
1598
1598
1598
1598
1598
1598
1598
1598
1598
1598
1598
1598
1598
1598
1598
1598
1598
1598
1598
1598
1598
1598
1598
1598
1598
1598
1598
1598
1598
1598
1598
1598
1598
1598
1598
1598
1598
1598
1598
1598
1598
1598
1598
1598
1598
1598
1598
1598
1598
1598
1598
1598
1598
1598
1598
1598
1598
1598
1598
1598
1598
1598
1598
1598
1598
1598
1598
1598
1598
1598
1598
1598
1598
1598
1598
1598
1598
1598
1598
1598
1598
1598
1598
1598
1598
1598
1598
1598
1598
1598
1598
1598
1598
1598
1598
1598
1598
1598
1598
1598
1598
1598
1598
1598
1598
1598
1598
1598
1598
1598
1598
1598
1598
1598
1598
1598
1598
1598
1598
1598
1598
1598
1598
1598
1598
1598
1598
1598
1598
1598
1598
1598
1598
1598
1598
1598
1598
1598
1598
1598
1598
1598
1598
1598
1598
1598
1598
1598
1598
1598
1598
1598
1598
1598
1598
1598
1598
1598
1598
1598
1598
1598
1598
1598
1598
1598
1598
1598
1598
1598
1598
1598
1598
1598
1598
1598
1598
1598
1598
1598
1598
1598
1598
1598
1598
1598
1598
1598
1598
1597
1597
1597
1597
1597
1597
1597
1597
1597
1597
1597
1597
1597
1597
1597
1597
1597
1597
1597
1597
1597
1597
1597
1597
1597
1597
1597
1597
1597
1597
1597
1597
1597
1597
1597
1597
1597
1597
1597
1597
1597
1597
1597
1597
1597
1597
1597
1597
1597
1597
1597
1597
1597
1597
1597
1597
1597
1597
1597
1597
1597
1597
1597
1597
1597
1597
1597
1597
1597
1597
1597
1597
1597
1597
1597
1597
1597
1597
1597
1597
1597
1597
1597
1597
1597
1597
1597
1597
1597
1597
1597
1597
1597
1597
1597
1597
1597
1597
1597
1597
1597
1597
1597
1597
1597
1597
1597
1597
1597
1597
1597
1597
1597
1597
1597
1597
1597
1597
1597
1597
1597
1597
1597
1597
1597
1597
1597
1597
1597
1597
1597
1597
1597
1597
1597
1597
1597
1597
1597
1597
1597
1597
1597
1597
1597
1597
1597
1597
1597
1597
1597
1597
1597
1597
1597
1597
1597
1597
1597
1597
1597
1597
1597
1597
1597
1597
1597
1597
1597
1597
1597
1597
1597
1597
1597
1597
1597
1597
1597
1597
1597
1597
1597
1597
1597
1597
1597
1597
1597
1597
1597
1597
1597
1597
1597
1597
1597
1597
1597
1597
1597
1597
1597
1597
1597
1597
1597
1597
1597
1597
1597
1597
1597
1597
1597
1597
1597
1597
1597
1597
1597
1597
1597
1597
1597
1597
1597
1597
1597
1597
1597
1597
1597
1597
1597
1597
1597
1597
1597
1597
1597
1597
1597
1597
1597
1597
1597
1597
1597
1597
1597
1597
1597
1597
1597
1597
1597
1597
1597
1597
1597
1597
1597
1597
1597
1597
1597
1597
1597
1597
1597
1597
1597
1597
1597
1597
1597
1597
1597
1597
1597
1597
1597
1597
1597
1597
1597
1597
1597
1597
1597
1597
1597
1597
1597
1597
1597
1597
1597
1597
1597
1597
1597
1597
1597
1597
1597
1597
1597
1597
1597
1597
1597
1597
1597
1597
1597
1597
1597
1597
1597
1597
1597
1597
1597
1597
1597
1597
1597
1597
1597
1597
1597
1597
1597
1597
1597
1597
1597
1597
1597
1597
1597
1597
1597
1597
1597
1597
1597
1597
1597
1597
1597
1597
1597
1597
1597
1597
1597
1597
1597
1597
1597
1597
1597
1597
1597
1597
1597
1597
1597
1597
1597
1597
1597
1597
1597
1597
1597
1597
1597
1597
1597
1597
1597
1597
1597
1597
1597
1597
1597
1597
1597
1597
1597
1597
1597
1597
1597
1597
1597
1597
1597
1597
1597
1597
1597
1597
1597
1597
1597
1597
1597
1597
1597
1597
1597
1597
1597
1597
1597
1597
1597
1597
1597
1597
1597
1597
1597
1597
1597
1597
1597
1597
1597
1597
1597
1597
1597
1597
1597
1597
1597
1597
1597
1597
1597
1597
1597
1597
1597
1597
1597
1597
1597
1597
1597
1597
1597
1597
1597
1597
1597
1597
1597
1597
1597
1597
1597
1597
1597
1597
1597
1597
1597
1597
1597
1597
1597
1597
1597
1597
1597
1597
1597
1597
1597
1597
1597
1597
1597
1597
1597
1597
1597
1597
1597
1597
1597
1597
1597
1597
1597
1597
1597
1597
1597
1597
1597
1597
1597
1597
1597
1597
1597
1597
1597
1597
1597
1597
1597
1597
1597
1597
1597
1597
1597
1597
1597
1597
1597
1597
1597
1597
1597
1597
1597
1597
1597
1597
1597
1597
1597
1597
1597
1597
1597
1597
1597
1597
1597
1597
1597
1597
1597
1597
1597
1596
1596
1596
1596
1596
1596
1596
1596
1596
1596
1596
1596
1596
1596
1596
1596
1596
1596
1596
1596
1596
1596
1596
1596
1596
1596
1596
1596
1596
1596
1596
1596
1596
1596
1596
1596
1596
1596
1596
1596
1596
1596
1596
1596
1596
1596
1596
1596
1596
1596
1596
1596
1596
1596
1596
1596
1596
1596
1596
1596
1596
1596
1596
1596
1596
1596
1596
1596
1596
1596
1596
1596
1596
1596
1596
1596
1596
1596
1596
1596
1596
1596
1596
1596
1596
1596
1596
1596
1596
1596
1596
1596
1596
1596
1596
1596
1596
1596
1596
1596
1596
1596
1596
1596
1596
1596
1596
1596
1596
1596
1596
1596
1596
1596
1596
1596
1596
1596
1596
1596
1596
1596
1596
1596
1596
1596
1596
1596
1596
1596
1596
1596
1596
1596
1596
1596
1596
1596
1596
1596
1596
1596
1596
1596
1596
1596
1596
1596
1596
1596
1596
1596
1596
1596
1596
1596
1596
1596
1596
1596
1596
1596
1596
1596
1596
1596
1596
1596
1596
1596
1596
1596
1596
1596
1596
1596
1596
1596
1596
1596
1596
1596
1596
1596
1596
1596
1596
1596
1596
1596
1596
1596
1596
1596
1596
1596
1596
1596
1596
1596
1596
1596
1596
1596
1596
1596
1596
1596
1596
1596
1596
1596
1596
1596
1596
1596
1596
1596
1596
1596
1596
1596
1596
1596
1596
1596
1596
1596
1596
1596
1596
1596
1596
1596
1596
1596
1596
1596
1596
1596
1596
1596
1596
1596
1596
1596
1596
1596
1596
1596
1596
1596
1596
1596
1596
1596
1596
1596
1596
1596
1596
1596
1596
1596
1596
1596
1596
1596
1596
1596
1596
1596
1596
1596
1596
1596
1596
1596
1596
1596
1596
1596
1596
1596
1596
1596
1596
1596
1596
1596
1596
1596
1596
1596
1596
1596
1596
1596
1596
1596
1596
1596
1596
1596
1596
1596
1596
1596
1596
1596
1596
1596
1596
1596
1596
1596
1596
1596
1596
1596
1596
1596
1596
1596
1596
1596
1596
1596
1596
1596
1596
1596
1596
1596
1596
1596
1596
1596
1596
1596
1596
1596
1596
1596
1596
1596
1596
1596
1596
1596
1596
1596
1596
1596
1596
1596
1596
1596
1596
1596
1596
1596
1596
1596
1596
1596
1596
1596
1596
1596
1596
1596
1596
1596
1596
1596
1596
1596
1596
1596
1596
1596
1596
1596
1596
1596
1596
1596
1596
1596
1596
1596
1596
1596
1596
1596
1596
1596
1596
1596
1596
1596
1596
1596
1596
1596
1596
1596
1596
1596
1596
1596
1596
1596
1596
1596
1596
1596
1596
1596
1596
1596
1596
1596
1596
1596
1596
1596
1596
1596
1596
1596
1596
1596
1596
1596
1596
1596
1596
1596
1596
1596
1596
1596
1596
1596
1596
1596
1596
1596
1596
1596
1596
1596
1596
1596
1596
1596
1596
1596
1596
1596
1596
1596
1596
1596
1596
1596
1596
1596
1596
1596
1596
1596
1596
1596
1596
1596
1596
1596
1596
1596
1596
1596
1596
1596
1596
1596
1596
1596
1596
1596
1596
1596
1596
1596
1596
1596
1596
1596
1596
1596
1596
1596
1596
1596
1596
1596
1596
1596
1596
1596
1596
1596
1596
1596
1596
1596
1596
1596
1596
1596
1596
1596
1596
1596
1596
1596
1596
1596
1596
1596
1596
1596
1596
1596
1596
1596
1596
1596
1596
1596
1596
1596
1596
1596
1596
1596
1596
1596
1596
1596
1596
1596
1596
1596
1596
1596
1596
1596
1596
1596
1596
1596
1596
1596
1596
1596
1596
1596
1596
1596
1596
1596
1596
1596
1596
1596
1596
1596
1595
1595
1595
1595
1595
1595
1595
1595
1595
1595
1595
1595
1595
1595
1595
1595
1595
1595
1595
1595
1595
1595
1595
1595
1595
1595
1595
1595
1595
1595
1595
1595
1595
1595
1595
1595
1595
1595
1595
1595
1595
1595
1595
1595
1595
1595
1595
1595
1595
1595
1595
1595
1595
1595
1595
1595
1595
1595
1595
1595
1595
1595
1595
1595
1595
1595
1595
1595
1595
1595
1595
1595
1595
1595
1595
1595
1595
1595
1595
1595
1595
1595
1595
1595
1595
1595
1595
1595
1595
1595
1595
1595
1595
1595
1595
1595
1595
1595
1595
1595
1595
1595
1595
1595
1595
1595
1595
1595
1595
1595
1595
1595
1595
1595
1595
1595
1595
1595
1595
1595
1595
1595
1595
1595
1595
1595
1595
1595
1595
1595
1595
1595
1595
1595
1595
1595
1595
1595
1595
1595
1595
1595
1595
1595
1595
1595
1595
1595
1595
1595
1595
1595
1595
1595
1595
1595
1595
1595
1595
1595
1595
1595
1595
1595
1595
1595
1595
1595
1595
1595
1595
1595
1595
1595
1595
1595
1595
1595
1595
1595
1595
1595
1595
1595
1595
1595
1595
1595
1595
1595
1595
1595
1595
1595
1595
1595
1595
1595
1595
1595
1595
1595
1595
1595
1595
1595
1595
1595
1595
1595
1595
1595
1595
1595
1595
1595
1595
1595
1595
1595
1595
1595
1595
1595
1595
1595
1595
1595
1595
1595
1595
1595
1595
1595
1595
1595
1595
1595
1595
1595
1595
1595
1595
1595
1595
1595
1595
1595
1595
1595
1595
1595
1595
1595
1595
1595
1595
1595
1595
1595
1595
1595
1595
1595
1595
1595
1595
1595
1595
1595
1595
1595
1595
1595
1595
1595
1595
1595
1595
1595
1595
1595
1595
1595
1595
1595
1595
1595
1595
1595
1595
1595
1595
1595
1595
1595
1595
1595
1595
1595
1595
1595
1595
1595
1595
1595
1595
1595
1595
1595
1595
1595
1595
1595
1595
1595
1595
1595
1595
1595
1595
1595
1595
1595
1595
1595
1595
1595
1595
1595
1595
1595
1595
1595
1595
1595
1595
1595
1595
1595
1595
1595
1595
1595
1595
1595
1595
1595
1595
1595
1595
1595
1595
1595
1595
1595
1595
1595
1595
1595
1595
1595
1595
1595
1595
1595
1595
1595
1595
1595
1595
1595
1595
1595
1595
1595
1595
1595
1595
1595
1595
1595
1595
1595
1595
1595
1595
1595
1595
1595
1595
1595
1595
1595
1595
1595
1595
1595
1595
1595
1595
1595
1595
1595
1595
1595
1595
1595
1595
1595
1595
1595
1595
1595
1595
1595
1595
1595
1595
1595
1595
1595
1595
1595
1595
1595
1595
1595
1595
1595
1595
1595
1595
1595
1595
1595
1595
1595
1595
1595
1595
1595
1595
1595
1595
1595
1595
1595
1595
1595
1595
1595
1595
1595
1595
1595
1595
1595
1595
1595
1595
1595
1595
1595
1595
1595
1595
1595
1595
1595
1595
1595
1595
1595
1595
1595
1595
1595
1595
1595
1595
1595
1595
1595
1595
1595
1595
1595
1595
1595
1595
1595
1595
1595
1595
1595
1595
1595
1595
1595
1595
1595
1595
1595
1595
1595
1595
1595
1595
1595
1595
1595
1595
1595
1595
1595
1595
1595
1595
1595
1595
1595
1595
1595
1595
1595
1595
1595
1595
1595
1595
1595
1595
1595
1595
1595
1595
1595
1595
1595
1595
1595
1595
1595
1595
1595
1595
1595
1595
1595
1595
1595
1595
1595
1595
1595
1595
1595
1595
1595
1595
1595
1595
1595
1595
1595
1595
1595
1595
1595
1595
1595
1595
1595
1595
1595
1595
1595
1595
1595
1595
1595
1595
1595
1595
1595
1595
1595
1595
1595
1595
1595
1595
1595
1595
1595
1595
1595
1595
1595
1595
1595
1595
1595
1595
1595
1595
1595
1595
1595
1595
1595
1595
1595
1595
1595
1594
1594
1594
1594
1594
1594
1594
1594
1594
1594
1594
1594
1594
1594
1594
1594
1594
1594
1594
1594
1594
1594
1594
1594
1594
1594
1594
1594
1594
1594
1594
1594
1594
1594
1594
1594
1594
1594
1594
1594
1594
1594
1594
1594
1594
1594
1594
1594
1594
1594
1594
1594
1594
1594
1594
1594
1594
1594
1594
1594
1594
1594
1594
1594
1594
1594
1594
1594
1594
1594
1594
1594
1594
1594
1594
1594
1594
1594
1594
1594
1594
1594
1594
1594
1594
1594
1594
1594
1594
1594
1594
1594
1594
1594
1594
1594
1594
1594
1594
1594
1594
1594
1594
1594
1594
1594
1594
1594
1594
1594
1594
1594
1594
1594
1594
1594
1594
1594
1594
1594
1594
1594
1594
1594
1594
1594
1594
1594
1594
1594
1594
1594
1594
1594
1594
1594
1594
1594
1594
1594
1594
1594
1594
1594
1594
1594
1594
1594
1594
1594
1594
1594
1594
1594
1594
1594
1594
1594
1594
1594
1594
1594
1594
1594
1594
1594
1594
1594
1594
1594
1594
1594
1594
1594
1594
1594
1594
1594
1594
1594
1594
1594
1594
1594
1594
1594
1594
1594
1594
1594
1594
1594
1594
1594
1594
1594
1594
1594
1594
1594
1594
1594
1594
1594
1594
1594
1594
1594
1594
1594
1594
1594
1594
1594
1594
1594
1594
1594
1594
1594
1594
1594
1594
1594
1594
1594
1594
1594
1594
1594
1594
1594
1594
1594
1594
1594
1594
1594
1594
1594
1594
1594
1594
1594
1594
1594
1594
1594
1594
1594
1594
1594
1594
1594
1594
1594
1594
1594
1594
1594
1594
1594
1594
1594
1594
1594
1594
1594
1594
1594
1594
1594
1594
1594
1594
1594
1594
1594
1594
1594
1594
1594
1594
1594
1594
1594
1594
1594
1594
1594
1594
1594
1594
1594
1594
1594
1594
1594
1594
1594
1594
1594
1594
1594
1594
1594
1594
1594
1594
1594
1594
1594
1594
1594
1594
1594
1594
1594
1594
1594
1594
1594
1594
1594
1594
1594
1594
1594
1594
1594
1594
1594
1594
1594
1594
1594
1594
1594
1594
1594
1594
1594
1594
1594
1594
1594
1594
1594
1594
1594
1594
1594
1594
1594
1594
1594
1594
1594
1594
1594
1594
1594
1594
1594
1594
1594
1594
1594
1594
1594
1594
1594
1594
1594
1594
1594
1594
1594
1594
1594
1594
1594
1594
1594
1594
1594
1594
1594
1594
1594
1594
1594
1594
1594
1594
1594
1594
1594
1594
1594
1594
1594
1594
1594
1594
1594
1594
1594
1594
1594
1594
1594
1594
1594
1594
1594
1594
1594
1594
1594
1594
1594
1594
1594
1594
1594
1594
1594
1594
1594
1594
1594
1594
1594
1594
1594
1594
1594
1594
1594
1594
1594
1594
1594
1594
1594
1594
1594
1594
1594
1594
1594
1594
1594
1594
1594
1594
1594
1594
1594
1594
1594
1594
1594
1594
1594
1594
1594
1594
1594
1594
1594
1594
1594
1594
1594
1594
1594
1594
1594
1594
1594
1594
1594
1594
1594
1594
1594
1594
1594
1594
1594
1594
1594
1594
1594
1594
1594
1594
1594
1594
1594
1594
1594
1594
1594
1594
1594
1594
1594
1594
1594
1594
1594
1594
1594
1594
1594
1594
1594
1594
1594
1594
1594
1594
1594
1594
1594
1594
1594
1594
1594
1594
1594
1594
1594
1594
1594
1594
1594
1594
1594
1594
1594
1594
1593
1593
1593
1593
1593
1593
1593
1593
1593
1593
1593
1593
1593
1593
1593
1593
1593
1593
1593
1593
1593
1593
1593
1593
1593
1593
1593
1593
1593
1593
1593
1593
1593
1593
1593
1593
1593
1593
1593
1593
1593
1593
1593
1593
1593
1593
1593
1593
1593
1593
1593
1593
1593
1593
1593
1593
1593
1593
1593
1593
1593
1593
1593
1593
1593
1593
1593
1593
1593
1593
1593
1593
1593
1593
1593
1593
1593
1593
1593
1593
1593
1593
1593
1593
1593
1593
1593
1593
1593
1593
1593
1593
1593
1593
1593
1593
1593
1593
1593
1593
1593
1593
1593
1593
1593
1593
1593
1593
1593
1593
1593
1593
1593
1593
1593
1593
1593
1593
1593
1593
1593
1593
1593
1593
1593
1593
1593
1593
1593
1593
1593
1593
1593
1593
1593
1593
1593
1593
1593
1593
1593
1593
1593
1593
1593
1593
1593
1593
1593
1593
1593
1593
1593
1593
1593
1593
1593
1593
1593
1593
1593
1593
1593
1593
1593
1593
1593
1593
1593
1593
1593
1593
1593
1593
1593
1593
1593
1593
1593
1593
1593
1593
1593
1593
1593
1593
1593
1593
1593
1593
1593
1593
1593
1593
1593
1593
1593
1593
1593
1593
1593
1593
1593
1593
1593
1593
1593
1593
1593
1593
1593
1593
1593
1593
1593
1593
1593
1593
1593
1593
1593
1593
1593
1593
1593
1593
1593
1593
1593
1593
1593
1593
1593
1593
1593
1593
1593
1593
1593
1593
1593
1593
1593
1593
1593
1593
1593
1593
1593
1593
1593
1593
1593
1593
1593
1593
1593
1593
1593
1593
1593
1593
1593
1593
1593
1593
1593
1593
1593
1593
1593
1593
1593
1593
1593
1593
1593
1593
1593
1593
1593
1593
1593
1593
1593
1593
1593
1593
1593
1593
1593
1593
1593
1593
1593
1593
1593
1593
1593
1593
1593
1593
1593
1593
1593
1593
1593
1593
1593
1593
1593
1593
1593
1593
1593
1593
1593
1593
1593
1593
1593
1593
1593
1593
1593
1593
1593
1593
1593
1593
1593
1593
1593
1593
1593
1593
1593
1593
1593
1593
1593
1593
1593
1593
1593
1593
1593
1593
1593
1593
1593
1593
1593
1593
1593
1593
1593
1593
1593
1593
1593
1593
1593
1593
1593
1593
1593
1593
1593
1593
1593
1593
1593
1593
1593
1593
1593
1593
1593
1593
1593
1593
1593
1593
1593
1593
1593
1593
1593
1593
1593
1593
1593
1593
1593
1593
1593
1593
1593
1593
1593
1593
1593
1593
1593
1593
1593
1593
1593
1593
1593
1593
1593
1593
1593
1593
1593
1593
1593
1593
1593
1593
1593
1593
1593
1593
1593
1593
1593
1593
1593
1593
1593
1593
1593
1593
1593
1593
1593
1593
1593
1593
1593
1593
1593
1593
1593
1593
1593
1593
1593
1593
1593
1593
1593
1593
1593
1593
1593
1593
1593
1593
1593
1593
1593
1593
1593
1593
1593
1593
1593
1593
1593
1593
1593
1593
1593
1593
1593
1593
1593
1593
1593
1593
1593
1593
1593
1593
1593
1593
1593
1593
1593
1593
1593
1593
1593
1593
1593
1593
1593
1593
1593
1593
1593
1593
1593
1593
1593
1593
1593
1593
1593
1593
1593
1593
1593
1593
1593
1593
1593
1593
1593
1593
1593
1593
1593
1593
1593
1593
1593
1593
1593
1593
1593
1593
1593
1593
1593
1593
1593
1593
1593
1593
1593
1593
1593
1593
1593
1593
1593
1593
1593
1593
1593
1593
1593
1593
1593
1593
1593
1593
1593
1593
1593
1593
1593
1593
1593
1593
1593
1593
1593
1593
1593
1593
1593
1593
1593
1593
1593
1593
1593
1593
1593
1593
1593
1593
1592
1592
1592
1592
1592
1592
1592
1592
1592
1592
1592
1592
1592
1592
1592
1592
1592
1592
1592
1592
1592
1592
1592
1592
1592
1592
1592
1592
1592
1592
1592
1592
1592
1592
1592
1592
1592
1592
1592
1592
1592
1592
1592
1592
1592
1592
1592
1592
1592
1592
1592
1592
1592
1592
1592
1592
1592
1592
1592
1592
1592
1592
1592
1592
1592
1592
1592
1592
1592
1592
1592
1592
1592
1592
1592
1592
1592
1592
1592
1592
1592
1592
1592
1592
1592
1592
1592
1592
1592
1592
1592
1592
1592
1592
1592
1592
1592
1592
1592
1592
1592
1592
1592
1592
1592
1592
1592
1592
1592
1592
1592
1592
1592
1592
1592
1592
1592
1592
1592
1592
1592
1592
1592
1592
1592
1592
1592
1592
1592
1592
1592
1592
1592
1592
1592
1592
1592
1592
1592
1592
1592
1592
1592
1592
1592
1592
1592
1592
1592
1592
1592
1592
1592
1592
1592
1592
1592
1592
1592
1592
1592
1592
1592
1592
1592
1592
1592
1592
1592
1592
1592
1592
1592
1592
1592
1592
1592
1592
1592
1592
1592
1592
1592
1592
1592
1592
1592
1592
1592
1592
1592
1592
1592
1592
1592
1592
1592
1592
1592
1592
1592
1592
1592
1592
1592
1592
1592
1592
1592
1592
1592
1592
1592
1592
1592
1592
1592
1592
1592
1592
1592
1592
1592
1592
1592
1592
1592
1592
1592
1592
1592
1592
1592
1592
1592
1592
1592
1592
1592
1592
1592
1592
1592
1592
1592
1592
1592
1592
1592
1592
1592
1592
1592
1592
1592
1592
1592
1592
1592
1592
1592
1592
1592
1592
1592
1592
1592
1592
1592
1592
1592
1592
1592
1592
1592
1592
1592
1592
1592
1592
1592
1592
1592
1592
1592
1592
1592
1592
1592
1592
1592
1592
1592
1592
1592
1592
1592
1592
1592
1592
1592
1592
1592
1592
1592
1592
1592
1592
1592
1592
1592
1592
1592
1592
1592
1592
1592
1592
1592
1592
1592
1592
1592
1592
1592
1592
1592
1592
1592
1592
1592
1592
1592
1592
1592
1592
1592
1592
1592
1592
1592
1592
1592
1592
1592
1592
1592
1592
1592
1592
1592
1592
1592
1592
1592
1592
1592
1592
1592
1592
1592
1592
1592
1592
1592
1592
1592
1592
1592
1592
1592
1592
1592
1592
1592
1592
1592
1592
1592
1592
1592
1592
1592
1592
1592
1592
1592
1592
1592
1592
1592
1592
1592
1592
1592
1592
1592
1592
1592
1592
1592
1592
1592
1592
1592
1592
1592
1592
1592
1592
1592
1592
1592
1592
1592
1592
1592
1592
1592
1592
1592
1592
1592
1592
1592
1592
1592
1592
1592
1592
1592
1592
1592
1592
1592
1592
1592
1592
1592
1592
1592
1592
1592
1592
1592
1592
1592
1592
1592
1592
1592
1592
1592
1592
1592
1592
1592
1592
1592
1592
1592
1592
1592
1592
1592
1592
1592
1592
1592
1592
1592
1592
1592
1592
1592
1592
1592
1592
1592
1592
1592
1592
1592
1592
1592
1592
1592
1592
1592
1592
1592
1592
1592
1592
1592
1592
1592
1592
1592
1592
1592
1592
1592
1592
1592
1592
1592
1592
1592
1592
1592
1592
1592
1592
1592
1592
1592
1592
1592
1592
1592
1592
1592
1592
1592
1592
1592
1592
1592
1592
1592
1592
1592
1592
1592
1592
1592
1592
1592
1592
1592
1592
1592
1592
1592
1592
1592
1592
1592
1592
1592
1592
1592
1592
1592
1592
1592
1592
1592
1592
1592
1592
1592
1592
1592
1592
1592
1592
1592
1592
1592
1592
1592
1592
1592
1592
1592
1592
1592
1592
1592
1592
1592
1592
1592
1592
1592
1592
1591
1591
1591
1591
1591
1591
1591
1591
1591
1591
1591
1591
1591
1591
1591
1591
1591
1591
1591
1591
1591
1591
1591
1591
1591
1591
1591
1591
1591
1591
1591
1591
1591
1591
1591
1591
1591
1591
1591
1591
1591
1591
1591
1591
1591
1591
1591
1591
1591
1591
1591
1591
1591
1591
1591
1591
1591
1591
1591
1591
1591
1591
1591
1591
1591
1591
1591
1591
1591
1591
1591
1591
1591
1591
1591
1591
1591
1591
1591
1591
1591
1591
1591
1591
1591
1591
1591
1591
1591
1591
1591
1591
1591
1591
1591
1591
1591
1591
1591
1591
1591
1591
1591
1591
1591
1591
1591
1591
1591
1591
1591
1591
1591
1591
1591
1591
1591
1591
1591
1591
1591
1591
1591
1591
1591
1591
1591
1591
1591
1591
1591
1591
1591
1591
1591
1591
1591
1591
1591
1591
1591
1591
1591
1591
1591
1591
1591
1591
1591
1591
1591
1591
1591
1591
1591
1591
1591
1591
1591
1591
1591
1591
1591
1591
1591
1591
1591
1591
1591
1591
1591
1591
1591
1591
1591
1591
1591
1591
1591
1591
1591
1591
1591
1591
1591
1591
1591
1591
1591
1591
1591
1591
1591
1591
1591
1591
1591
1591
1591
1591
1591
1591
1591
1591
1591
1591
1591
1591
1591
1591
1591
1591
1591
1591
1591
1591
1591
1591
1591
1591
1591
1591
1591
1591
1591
1591
1591
1591
1591
1591
1591
1591
1591
1591
1591
1591
1591
1591
1591
1591
1591
1591
1591
1591
1591
1591
1591
1591
1591
1591
1591
1591
1591
1591
1591
1591
1591
1591
1591
1591
1591
1591
1591
1591
1591
1591
1591
1591
1591
1591
1591
1591
1591
1591
1591
1591
1591
1591
1591
1591
1591
1591
1591
1591
1591
1591
1591
1591
1591
1591
1591
1591
1591
1591
1591
1591
1591
1591
1591
1591
1591
1591
1591
1591
1591
1591
1591
1591
1591
1591
1591
1591
1591
1591
1591
1591
1591
1591
1591
1591
1591
1591
1591
1591
1591
1591
1591
1591
1591
1591
1591
1591
1591
1591
1591
1591
1591
1591
1591
1591
1591
1591
1591
1591
1591
1591
1591
1591
1591
1591
1591
1591
1591
1591
1591
1591
1591
1591
1591
1591
1591
1591
1591
1591
1591
1591
1591
1591
1591
1591
1591
1591
1591
1591
1591
1591
1591
1591
1591
1591
1591
1591
1591
1591
1591
1591
1591
1591
1591
1591
1591
1591
1591
1591
1591
1591
1591
1591
1591
1591
1591
1591
1591
1591
1591
1591
1591
1591
1591
1591
1591
1591
1591
1591
1591
1591
1591
1591
1591
1591
1591
1591
1591
1591
1591
1591
1591
1591
1591
1591
1591
1591
1591
1591
1591
1591
1591
1591
1591
1591
1591
1591
1591
1591
1591
1591
1591
1591
1591
1591
1591
1591
1591
1591
1591
1591
1591
1591
1591
1591
1591
1591
1591
1591
1591
1591
1591
1591
1591
1591
1591
1591
1591
1591
1591
1591
1591
1591
1591
1591
1591
1591
1591
1591
1591
1591
1591
1591
1591
1591
1591
1591
1591
1591
1591
1591
1591
1591
1591
1591
1591
1591
1591
1591
1591
1591
1591
1591
1591
1591
1591
1591
1591
1591
1591
1591
1591
1591
1591
1591
1591
1591
1591
1591
1591
1591
1591
1591
1591
1591
1591
1591
1591
1591
1591
1591
1591
1591
1591
1591
1591
1591
1591
1591
1591
1591
1591
1591
1591
1591
1591
1591
1591
1591
1591
1591
1591
1591
1591
1591
1591
1591
1591
1591
1591
1591
1591
1591
1591
1591
1591
1591
1591
1591
1591
1591
1591
1591
1591
1591
1591
1591
1591
1591
1591
1591
1591
1591
1591
1590
1590
1590
1590
1590
1590
1590
1590
1590
1590
1590
1590
1590
1590
1590
1590
1590
1590
1590
1590
1590
1590
1590
1590
1590
1590
1590
1590
1590
1590
1590
1590
1590
1590
1590
1590
1590
1590
1590
1590
1590
1590
1590
1590
1590
1590
1590
1590
1590
1590
1590
1590
1590
1590
1590
1590
1590
1590
1590
1590
1590
1590
1590
1590
1590
1590
1590
1590
1590
1590
1590
1590
1590
1590
1590
1590
1590
1590
1590
1590
1590
1590
1590
1590
1590
1590
1590
1590
1590
1590
1590
1590
1590
1590
1590
1590
1590
1590
1590
1590
1590
1590
1590
1590
1590
1590
1590
1590
1590
1590
1590
1590
1590
1590
1590
1590
1590
1590
1590
1590
1590
1590
1590
1590
1590
1590
1590
1590
1590
1590
1590
1590
1590
1590
1590
1590
1590
1590
1590
1590
1590
1590
1590
1590
1590
1590
1590
1590
1590
1590
1590
1590
1590
1590
1590
1590
1590
1590
1590
1590
1590
1590
1590
1590
1590
1590
1590
1590
1590
1590
1590
1590
1590
1590
1590
1590
1590
1590
1590
1590
1590
1590
1590
1590
1590
1590
1590
1590
1590
1590
1590
1590
1590
1590
1590
1590
1590
1590
1590
1590
1590
1590
1590
1590
1590
1590
1590
1590
1590
1590
1590
1590
1590
1590
1590
1590
1590
1590
1590
1590
1590
1590
1590
1590
1590
1590
1590
1590
1590
1590
1590
1590
1590
1590
1590
1590
1590
1590
1590
1590
1590
1590
1590
1590
1590
1590
1590
1590
1590
1590
1590
1590
1590
1590
1590
1590
1590
1590
1590
1590
1590
1590
1590
1590
1590
1590
1590
1590
1590
1590
1590
1590
1590
1590
1590
1590
1590
1590
1590
1590
1590
1590
1590
1590
1590
1590
1590
1590
1590
1590
1590
1590
1590
1590
1590
1590
1590
1590
1590
1590
1590
1590
1590
1590
1590
1590
1590
1590
1590
1590
1590
1590
1590
1590
1590
1590
1590
1590
1590
1590
1590
1590
1590
1590
1590
1590
1590
1590
1590
1590
1590
1590
1590
1590
1590
1590
1590
1590
1590
1590
1590
1590
1590
1590
1590
1590
1590
1590
1590
1590
1590
1590
1590
1590
1590
1590
1590
1590
1590
1590
1590
1590
1590
1590
1590
1590
1590
1590
1590
1590
1590
1590
1590
1590
1590
1590
1590
1590
1590
1590
1590
1590
1590
1590
1590
1590
1590
1590
1590
1590
1590
1590
1590
1590
1590
1590
1590
1590
1590
1590
1590
1590
1590
1590
1590
1590
1590
1590
1590
1590
1590
1590
1590
1590
1590
1590
1590
1590
1590
1590
1590
1590
1590
1590
1590
1590
1590
1590
1590
1590
1590
1590
1590
1590
1590
1590
1590
1590
1590
1590
1590
1590
1590
1590
1590
1590
1590
1590
1590
1590
1590
1590
1590
1590
1590
1590
1590
1590
1590
1590
1590
1590
1590
1590
1590
1590
1590
1590
1590
1590
1590
1590
1590
1590
1590
1590
1590
1590
1590
1590
1590
1590
1590
1590
1590
1590
1590
1590
1590
1590
1590
1590
1590
1590
1590
1590
1590
1590
1590
1590
1590
1590
1590
1590
1590
1590
1590
1590
1590
1590
1590
1590
1590
1590
1590
1590
1590
1590
1590
1590
1590
1590
1590
1590
1590
1590
1590
1590
1590
1590
1590
1590
1590
1590
1590
1590
1590
1590
1590
1590
1590
1590
1590
1590
1590
1590
1590
1590
1590
1590
1590
1590
1590
1590
1590
1590
1590
1590
1590
1590
1590
1590
1590
1590
1590
1590
1590
1590
1590
1590
1590
1590
1590
1590
1590
1590
1590
1590
1590
1590
1590
1590
1590
1590
1590
1590
1590
1590
1590
1590
1590
1590
1590
1590
1590
1590
1590
1590
1590
1590
1590
1590
1590
1590
1590
1590
1590
1590
1590
1590
1590
1590
1590
1590
1590
1590
1590
1589
1589
1589
1589
1589
1589
1589
1589
1589
1589
1589
1589
1589
1589
1589
1589
1589
1589
1589
1589
1589
1589
1589
1589
1589
1589
1589
1589
1589
1589
1589
1589
1589
1589
1589
1589
1589
1589
1589
1589
1589
1589
1589
1589
1589
1589
1589
1589
1589
1589
1589
1589
1589
1589
1589
1589
1589
1589
1589
1589
1589
1589
1589
1589
1589
1589
1589
1589
1589
1589
1589
1589
1589
1589
1589
1589
1589
1589
1589
1589
1589
1589
1589
1589
1589
1589
1589
1589
1589
1589
1589
1589
1589
1589
1589
1589
1589
1589
1589
1589
1589
1589
1589
1589
1589
1589
1589
1589
1589
1589
1589
1589
1589
1589
1589
1589
1589
1589
1589
1589
1589
1589
1589
1589
1589
1589
1589
1589
1589
1589
1589
1589
1589
1589
1589
1589
1589
1589
1589
1589
1589
1589
1589
1589
1589
1589
1589
1589
1589
1589
1589
1589
1589
1589
1589
1589
1589
1589
1589
1589
1589
1589
1589
1589
1589
1589
1589
1589
1589
1589
1589
1589
1589
1589
1589
1589
1589
1589
1589
1589
1589
1589
1589
1589
1589
1589
1589
1589
1589
1589
1589
1589
1589
1589
1589
1589
1589
1589
1589
1589
1589
1589
1589
1589
1589
1589
1589
1589
1589
1589
1589
1589
1589
1589
1589
1589
1589
1589
1589
1589
1589
1589
1589
1589
1589
1589
1589
1589
1589
1589
1589
1589
1589
1589
1589
1589
1589
1589
1589
1589
1589
1589
1589
1589
1589
1589
1589
1589
1589
1589
1589
1589
1589
1589
1589
1589
1589
1589
1589
1589
1589
1589
1589
1589
1589
1589
1589
1589
1589
1589
1589
1589
1589
1589
1589
1589
1589
1589
1589
1589
1589
1589
1589
1589
1589
1589
1589
1589
1589
1589
1589
1589
1589
1589
1589
1589
1589
1589
1589
1589
1589
1589
1589
1589
1589
1589
1589
1589
1589
1589
1589
1589
1589
1589
1589
1589
1589
1589
1589
1589
1589
1589
1589
1589
1589
1589
1589
1589
1589
1589
1589
1589
1589
1589
1589
1589
1589
1589
1589
1589
1589
1589
1589
1589
1589
1589
1589
1589
1589
1589
1589
1589
1589
1589
1589
1589
1589
1589
1589
1589
1589
1589
1589
1589
1589
1589
1589
1589
1589
1589
1589
1589
1589
1589
1589
1589
1589
1589
1589
1589
1589
1589
1589
1589
1589
1589
1589
1589
1589
1589
1589
1589
1589
1589
1589
1589
1589
1589
1589
1589
1589
1589
1589
1589
1589
1589
1589
1589
1589
1589
1589
1589
1589
1589
1589
1589
1589
1589
1589
1589
1589
1589
1589
1589
1589
1589
1589
1589
1589
1589
1589
1589
1589
1589
1589
1589
1589
1589
1589
1589
1589
1589
1589
1589
1589
1589
1589
1589
1589
1589
1589
1589
1589
1589
1589
1589
1589
1589
1589
1589
1589
1589
1589
1589
1589
1589
1589
1589
1589
1589
1589
1589
1589
1589
1589
1589
1589
1589
1589
1589
1589
1589
1589
1589
1589
1589
1589
1589
1589
1589
1589
1589
1589
1589
1589
1589
1589
1589
1589
1589
1589
1589
1589
1589
1589
1589
1589
1589
1589
1589
1589
1589
1589
1589
1589
1589
1589
1589
1589
1589
1589
1589
1589
1589
1589
1589
1589
1589
1589
1589
1589
1589
1589
1589
1589
1589
1589
1589
1589
1589
1589
1589
1589
1589
1589
1589
1589
1589
1589
1589
1589
1589
1589
1589
1589
1589
1589
1589
1589
1589
1589
1589
1588
1588
1588
1588
1588
1588
1588
1588
1588
1588
1588
1588
1588
1588
1588
1588
1588
1588
1588
1588
1588
1588
1588
1588
1588
1588
1588
1588
1588
1588
1588
1588
1588
1588
1588
1588
1588
1588
1588
1588
1588
1588
1588
1588
1588
1588
1588
1588
1588
1588
1588
1588
1588
1588
1588
1588
1588
1588
1588
1588
1588
1588
1588
1588
1588
1588
1588
1588
1588
1588
1588
1588
1588
1588
1588
1588
1588
1588
1588
1588
1588
1588
1588
1588
1588
1588
1588
1588
1588
1588
1588
1588
1588
1588
1588
1588
1588
1588
1588
1588
1588
1588
1588
1588
1588
1588
1588
1588
1588
1588
1588
1588
1588
1588
1588
1588
1588
1588
1588
1588
1588
1588
1588
1588
1588
1588
1588
1588
1588
1588
1588
1588
1588
1588
1588
1588
1588
1588
1588
1588
1588
1588
1588
1588
1588
1588
1588
1588
1588
1588
1588
1588
1588
1588
1588
1588
1588
1588
1588
1588
1588
1588
1588
1588
1588
1588
1588
1588
1588
1588
1588
1588
1588
1588
1588
1588
1588
1588
1588
1588
1588
1588
1588
1588
1588
1588
1588
1588
1588
1588
1588
1588
1588
1588
1588
1588
1588
1588
1588
1588
1588
1588
1588
1588
1588
1588
1588
1588
1588
1588
1588
1588
1588
1588
1588
1588
1588
1588
1588
1588
1588
1588
1588
1588
1588
1588
1588
1588
1588
1588
1588
1588
1588
1588
1588
1588
1588
1588
1588
1588
1588
1588
1588
1588
1588
1588
1588
1588
1588
1588
1588
1588
1588
1588
1588
1588
1588
1588
1588
1588
1588
1588
1588
1588
1588
1588
1588
1588
1588
1588
1588
1588
1588
1588
1588
1588
1588
1588
1588
1588
1588
1588
1588
1588
1588
1588
1588
1588
1588
1588
1588
1588
1588
1588
1588
1588
1588
1588
1588
1588
1588
1588
1588
1588
1588
1588
1588
1588
1588
1588
1588
1588
1588
1588
1588
1588
1588
1588
1588
1588
1588
1588
1588
1588
1588
1588
1588
1588
1588
1588
1588
1588
1588
1588
1588
1588
1588
1588
1588
1588
1588
1588
1588
1588
1588
1588
1588
1588
1588
1588
1588
1588
1588
1588
1588
1588
1588
1588
1588
1588
1588
1588
1588
1588
1588
1588
1588
1588
1588
1588
1588
1588
1588
1588
1588
1588
1588
1588
1588
1588
1588
1588
1588
1588
1588
1588
1588
1588
1588
1588
1588
1588
1588
1588
1588
1588
1588
1588
1588
1588
1588
1588
1588
1588
1588
1588
1588
1588
1588
1588
1588
1588
1588
1588
1588
1588
1588
1588
1588
1588
1588
1588
1588
1588
1588
1588
1588
1588
1588
1588
1588
1588
1588
1588
1588
1588
1588
1588
1588
1588
1588
1588
1588
1588
1588
1588
1588
1588
1588
1588
1588
1588
1588
1588
1588
1588
1588
1588
1588
1588
1588
1588
1588
1588
1588
1588
1588
1588
1588
1588
1588
1588
1588
1588
1588
1588
1588
1588
1588
1588
1588
1588
1588
1588
1588
1588
1588
1588
1588
1588
1588
1588
1588
1588
1588
1588
1588
1588
1588
1588
1588
1588
1588
1588
1588
1588
1588
1588
1588
1588
1588
1588
1588
1588
1588
1588
1588
1588
1588
1588
1588
1588
1588
1588
1588
1588
1588
1588
1588
1588
1588
1588
1588
1588
1587
1587
1587
1587
1587
1587
1587
1587
1587
1587
1587
1587
1587
1587
1587
1587
1587
1587
1587
1587
1587
1587
1587
1587
1587
1587
1587
1587
1587
1587
1587
1587
1587
1587
1587
1587
1587
1587
1587
1587
1587
1587
1587
1587
1587
1587
1587
1587
1587
1587
1587
1587
1587
1587
1587
1587
1587
1587
1587
1587
1587
1587
1587
1587
1587
1587
1587
1587
1587
1587
1587
1587
1587
1587
1587
1587
1587
1587
1587
1587
1587
1587
1587
1587
1587
1587
1587
1587
1587
1587
1587
1587
1587
1587
1587
1587
1587
1587
1587
1587
1587
1587
1587
1587
1587
1587
1587
1587
1587
1587
1587
1587
1587
1587
1587
1587
1587
1587
1587
1587
1587
1587
1587
1587
1587
1587
1587
1587
1587
1587
1587
1587
1587
1587
1587
1587
1587
1587
1587
1587
1587
1587
1587
1587
1587
1587
1587
1587
1587
1587
1587
1587
1587
1587
1587
1587
1587
1587
1587
1587
1587
1587
1587
1587
1587
1587
1587
1587
1587
1587
1587
1587
1587
1587
1587
1587
1587
1587
1587
1587
1587
1587
1587
1587
1587
1587
1587
1587
1587
1587
1587
1587
1587
1587
1587
1587
1587
1587
1587
1587
1587
1587
1587
1587
1587
1587
1587
1587
1587
1587
1587
1587
1587
1587
1587
1587
1587
1587
1587
1587
1587
1587
1587
1587
1587
1587
1587
1587
1587
1587
1587
1587
1587
1587
1587
1587
1587
1587
1587
1587
1587
1587
1587
1587
1587
1587
1587
1587
1587
1587
1587
1587
1587
1587
1587
1587
1587
1587
1587
1587
1587
1587
1587
1587
1587
1587
1587
1587
1587
1587
1587
1587
1587
1587
1587
1587
1587
1587
1587
1587
1587
1587
1587
1587
1587
1587
1587
1587
1587
1587
1587
1587
1587
1587
1587
1587
1587
1587
1587
1587
1587
1587
1587
1587
1587
1587
1587
1587
1587
1587
1587
1587
1587
1587
1587
1587
1587
1587
1587
1587
1587
1587
1587
1587
1587
1587
1587
1587
1587
1587
1587
1587
1587
1587
1587
1587
1587
1587
1587
1587
1587
1587
1587
1587
1587
1587
1587
1587
1587
1587
1587
1587
1587
1587
1587
1587
1587
1587
1587
1587
1587
1587
1587
1587
1587
1587
1587
1587
1587
1587
1587
1587
1587
1587
1587
1587
1587
1587
1587
1587
1587
1587
1587
1587
1587
1587
1587
1587
1587
1587
1587
1587
1587
1587
1587
1587
1587
1587
1587
1587
1587
1587
1587
1587
1587
1587
1587
1587
1587
1587
1587
1587
1587
1587
1587
1587
1587
1587
1587
1587
1587
1587
1587
1587
1587
1587
1587
1587
1587
1587
1587
1587
1587
1587
1587
1587
1587
1587
1587
1587
1587
1587
1587
1587
1587
1587
1587
1587
1587
1587
1587
1587
1587
1587
1587
1587
1587
1587
1587
1587
1587
1587
1587
1587
1587
1587
1587
1587
1587
1587
1587
1587
1587
1587
1587
1587
1587
1587
1587
1587
1587
1587
1587
1587
1587
1587
1587
1587
1587
1587
1587
1587
1587
1587
1587
1587
1587
1587
1587
1587
1587
1587
1587
1587
1587
1587
1587
1587
1587
1587
1587
1587
1587
1587
1587
1587
1587
1587
1587
1587
1587
1587
1587
1587
1587
1587
1587
1587
1587
1587
1587
1587
1587
1587
1587
1587
1587
1587
1587
1587
1587
1587
1587
1587
1587
1587
1587
1587
1587
1587
1587
1587
1587
1587
1587
1587
1586
1586
1586
1586
1586
1586
1586
1586
1586
1586
1586
1586
1586
1586
1586
1586
1586
1586
1586
1586
1586
1586
1586
1586
1586
1586
1586
1586
1586
1586
1586
1586
1586
1586
1586
1586
1586
1586
1586
1586
1586
1586
1586
1586
1586
1586
1586
1586
1586
1586
1586
1586
1586
1586
1586
1586
1586
1586
1586
1586
1586
1586
1586
1586
1586
1586
1586
1586
1586
1586
1586
1586
1586
1586
1586
1586
1586
1586
1586
1586
1586
1586
1586
1586
1586
1586
1586
1586
1586
1586
1586
1586
1586
1586
1586
1586
1586
1586
1586
1586
1586
1586
1586
1586
1586
1586
1586
1586
1586
1586
1586
1586
1586
1586
1586
1586
1586
1586
1586
1586
1586
1586
1586
1586
1586
1586
1586
1586
1586
1586
1586
1586
1586
1586
1586
1586
1586
1586
1586
1586
1586
1586
1586
1586
1586
1586
1586
1586
1586
1586
1586
1586
1586
1586
1586
1586
1586
1586
1586
1586
1586
1586
1586
1586
1586
1586
1586
1586
1586
1586
1586
1586
1586
1586
1586
1586
1586
1586
1586
1586
1586
1586
1586
1586
1586
1586
1586
1586
1586
1586
1586
1586
1586
1586
1586
1586
1586
1586
1586
1586
1586
1586
1586
1586
1586
1586
1586
1586
1586
1586
1586
1586
1586
1586
1586
1586
1586
1586
1586
1586
1586
1586
1586
1586
1586
1586
1586
1586
1586
1586
1586
1586
1586
1586
1586
1586
1586
1586
1586
1586
1586
1586
1586
1586
1586
1586
1586
1586
1586
1586
1586
1586
1586
1586
1586
1586
1586
1586
1586
1586
1586
1586
1586
1586
1586
1586
1586
1586
1586
1586
1586
1586
1586
1586
1586
1586
1586
1586
1586
1586
1586
1586
1586
1586
1586
1586
1586
1586
1586
1586
1586
1586
1586
1586
1586
1586
1586
1586
1586
1586
1586
1586
1586
1586
1586
1586
1586
1586
1586
1586
1586
1586
1586
1586
1586
1586
1586
1586
1586
1586
1586
1586
1586
1586
1586
1586
1586
1586
1586
1586
1586
1586
1586
1586
1586
1586
1586
1586
1586
1586
1586
1586
1586
1586
1586
1586
1586
1586
1586
1586
1586
1586
1586
1586
1586
1586
1586
1586
1586
1586
1586
1586
1586
1586
1586
1586
1586
1586
1586
1586
1586
1586
1586
1586
1586
1586
1586
1586
1586
1586
1586
1586
1586
1586
1586
1586
1586
1586
1586
1586
1586
1586
1586
1586
1586
1586
1586
1586
1586
1586
1586
1586
1586
1586
1586
1586
1586
1586
1586
1586
1586
1586
1586
1586
1586
1586
1586
1586
1586
1586
1586
1586
1586
1586
1586
1586
1586
1586
1586
1586
1586
1586
1586
1586
1586
1586
1586
1586
1586
1586
1586
1586
1586
1586
1586
1586
1586
1586
1586
1586
1586
1586
1586
1586
1586
1586
1586
1586
1586
1586
1586
1586
1586
1586
1586
1586
1586
1586
1586
1586
1586
1586
1586
1586
1586
1586
1586
1586
1586
1586
1586
1586
1586
1586
1586
1586
1586
1586
1585
1585
1585
1585
1585
1585
1585
1585
1585
1585
1585
1585
1585
1585
1585
1585
1585
1585
1585
1585
1585
1585
1585
1585
1585
1585
1585
1585
1585
1585
1585
1585
1585
1585
1585
1585
1585
1585
1585
1585
1585
1585
1585
1585
1585
1585
1585
1585
1585
1585
1585
1585
1585
1585
1585
1585
1585
1585
1585
1585
1585
1585
1585
1585
1585
1585
1585
1585
1585
1585
1585
1585
1585
1585
1585
1585
1585
1585
1585
1585
1585
1585
1585
1585
1585
1585
1585
1585
1585
1585
1585
1585
1585
1585
1585
1585
1585
1585
1585
1585
1585
1585
1585
1585
1585
1585
1585
1585
1585
1585
1585
1585
1585
1585
1585
1585
1585
1585
1585
1585
1585
1585
1585
1585
1585
1585
1585
1585
1585
1585
1585
1585
1585
1585
1585
1585
1585
1585
1585
1585
1585
1585
1585
1585
1585
1585
1585
1585
1585
1585
1585
1585
1585
1585
1585
1585
1585
1585
1585
1585
1585
1585
1585
1585
1585
1585
1585
1585
1585
1585
1585
1585
1585
1585
1585
1585
1585
1585
1585
1585
1585
1585
1585
1585
1585
1585
1585
1585
1585
1585
1585
1585
1585
1585
1585
1585
1585
1585
1585
1585
1585
1585
1585
1585
1585
1585
1585
1585
1585
1585
1585
1585
1585
1585
1585
1585
1585
1585
1585
1585
1585
1585
1585
1585
1585
1585
1585
1585
1585
1585
1585
1585
1585
1585
1585
1585
1585
1585
1585
1585
1585
1585
1585
1585
1585
1585
1585
1585
1585
1585
1585
1585
1585
1585
1585
1585
1585
1585
1585
1585
1585
1585
1585
1585
1585
1585
1585
1585
1585
1585
1585
1585
1585
1585
1585
1585
1585
1585
1585
1585
1585
1585
1585
1585
1585
1585
1585
1585
1585
1585
1585
1585
1585
1585
1585
1585
1585
1585
1585
1585
1585
1585
1585
1585
1585
1585
1585
1585
1585
1585
1585
1585
1585
1585
1585
1585
1585
1585
1585
1585
1585
1585
1585
1585
1585
1585
1585
1585
1585
1585
1585
1585
1585
1585
1585
1585
1585
1585
1585
1585
1585
1585
1585
1585
1585
1585
1585
1585
1585
1585
1585
1585
1585
1585
1585
1585
1585
1585
1585
1585
1585
1585
1585
1585
1585
1585
1585
1585
1585
1585
1585
1585
1585
1585
1585
1585
1585
1585
1585
1585
1585
1585
1585
1585
1585
1585
1585
1585
1585
1585
1585
1585
1585
1585
1585
1585
1585
1585
1585
1585
1585
1585
1585
1585
1585
1585
1585
1585
1585
1585
1585
1585
1585
1585
1585
1585
1585
1585
1585
1585
1585
1585
1585
1585
1585
1585
1585
1585
1585
1585
1585
1585
1585
1585
1585
1585
1585
1585
1585
1585
1585
1585
1585
1585
1585
1585
1585
1585
1585
1585
1585
1585
1585
1585
1585
1585
1585
1585
1585
1585
1585
1585
1585
1585
1585
1585
1585
1585
1585
1585
1585
1585
1585
1585
1585
1585
1585
1585
1585
1585
1585
1585
1585
1585
1585
1585
1585
1585
1585
1585
1585
1585
1585
1585
1585
1585
1585
1585
1585
1585
1585
1585
1585
1585
1585
1585
1585
1585
1585
1585
1585
1585
1585
1585
1585
1585
1585
1585
1585
1585
1585
1585
1585
1585
1585
1585
1585
1585
1585
1585
1585
1585
1585
1585
1585
1585
1585
1585
1585
1585
1585
1585
1585
1584
1584
1584
1584
1584
1584
1584
1584
1584
1584
1584
1584
1584
1584
1584
1584
1584
1584
1584
1584
1584
1584
1584
1584
1584
1584
1584
1584
1584
1584
1584
1584
1584
1584
1584
1584
1584
1584
1584
1584
1584
1584
1584
1584
1584
1584
1584
1584
1584
1584
1584
1584
1584
1584
1584
1584
1584
1584
1584
1584
1584
1584
1584
1584
1584
1584
1584
1584
1584
1584
1584
1584
1584
1584
1584
1584
1584
1584
1584
1584
1584
1584
1584
1584
1584
1584
1584
1584
1584
1584
1584
1584
1584
1584
1584
1584
1584
1584
1584
1584
1584
1584
1584
1584
1584
1584
1584
1584
1584
1584
1584
1584
1584
1584
1584
1584
1584
1584
1584
1584
1584
1584
1584
1584
1584
1584
1584
1584
1584
1584
1584
1584
1584
1584
1584
1584
1584
1584
1584
1584
1584
1584
1584
1584
1584
1584
1584
1584
1584
1584
1584
1584
1584
1584
1584
1584
1584
1584
1584
1584
1584
1584
1584
1584
1584
1584
1584
1584
1584
1584
1584
1584
1584
1584
1584
1584
1584
1584
1584
1584
1584
1584
1584
1584
1584
1584
1584
1584
1584
1584
1584
1584
1584
1584
1584
1584
1584
1584
1584
1584
1584
1584
1584
1584
1584
1584
1584
1584
1584
1584
1584
1584
1584
1584
1584
1584
1584
1584
1584
1584
1584
1584
1584
1584
1584
1584
1584
1584
1584
1584
1584
1584
1584
1584
1584
1584
1584
1584
1584
1584
1584
1584
1584
1584
1584
1584
1584
1584
1584
1584
1584
1584
1584
1584
1584
1584
1584
1584
1584
1584
1584
1584
1584
1584
1584
1584
1584
1584
1584
1584
1584
1584
1584
1584
1584
1584
1584
1584
1584
1584
1584
1584
1584
1584
1584
1584
1584
1584
1584
1584
1584
1584
1584
1584
1584
1584
1584
1584
1584
1584
1584
1584
1584
1584
1584
1584
1584
1584
1584
1584
1584
1584
1584
1584
1584
1584
1584
1584
1584
1584
1584
1584
1584
1584
1584
1584
1584
1584
1584
1584
1584
1584
1584
1584
1584
1584
1584
1584
1584
1584
1584
1584
1584
1584
1584
1584
1584
1584
1584
1584
1584
1584
1584
1584
1584
1584
1584
1584
1584
1584
1584
1584
1584
1584
1584
1584
1584
1584
1584
1584
1584
1584
1584
1584
1584
1584
1584
1584
1584
1584
1584
1584
1584
1584
1584
1584
1584
1584
1584
1584
1584
1584
1584
1584
1584
1584
1584
1584
1584
1584
1584
1584
1584
1584
1584
1584
1584
1584
1584
1584
1584
1584
1584
1584
1584
1584
1584
1584
1584
1584
1584
1584
1584
1584
1584
1584
1584
1584
1584
1584
1584
1584
1584
1584
1584
1584
1584
1584
1584
1584
1584
1584
1584
1584
1584
1584
1584
1584
1584
1584
1584
1584
1584
1584
1584
1584
1584
1584
1584
1584
1584
1584
1584
1584
1584
1584
1584
1584
1584
1584
1584
1584
1584
1584
1584
1584
1584
1584
1584
1584
1584
1584
1584
1584
1584
1584
1584
1584
1584
1584
1584
1584
1584
1584
1584
1584
1584
1584
1584
1584
1584
1584
1584
1584
1584
1584
1584
1584
1584
1584
1584
1584
1584
1584
1584
1584
1584
1584
1584
1584
1584
1584
1584
1584
1584
1584
1584
1584
1584
1584
1584
1584
1584
1584
1584
1584
1584
1584
1584
1584
1584
1584
1584
1584
1584
1584
1584
1584
1584
1584
1584
1584
1584
1584
1584
1584
1584
1584
1584
1584
1584
1584
1584
1584
1583
1583
1583
1583
1583
1583
1583
1583
1583
1583
1583
1583
1583
1583
1583
1583
1583
1583
1583
1583
1583
1583
1583
1583
1583
1583
1583
1583
1583
1583
1583
1583
1583
1583
1583
1583
1583
1583
1583
1583
1583
1583
1583
1583
1583
1583
1583
1583
1583
1583
1583
1583
1583
1583
1583
1583
1583
1583
1583
1583
1583
1583
1583
1583
1583
1583
1583
1583
1583
1583
1583
1583
1583
1583
1583
1583
1583
1583
1583
1583
1583
1583
1583
1583
1583
1583
1583
1583
1583
1583
1583
1583
1583
1583
1583
1583
1583
1583
1583
1583
1583
1583
1583
1583
1583
1583
1583
1583
1583
1583
1583
1583
1583
1583
1583
1583
1583
1583
1583
1583
1583
1583
1583
1583
1583
1583
1583
1583
1583
1583
1583
1583
1583
1583
1583
1583
1583
1583
1583
1583
1583
1583
1583
1583
1583
1583
1583
1583
1583
1583
1583
1583
1583
1583
1583
1583
1583
1583
1583
1583
1583
1583
1583
1583
1583
1583
1583
1583
1583
1583
1583
1583
1583
1583
1583
1583
1583
1583
1583
1583
1583
1583
1583
1583
1583
1583
1583
1583
1583
1583
1583
1583
1583
1583
1583
1583
1583
1583
1583
1583
1583
1583
1583
1583
1583
1583
1583
1583
1583
1583
1583
1583
1583
1583
1583
1583
1583
1583
1583
1583
1583
1583
1583
1583
1583
1583
1583
1583
1583
1583
1583
1583
1583
1583
1583
1583
1583
1583
1583
1583
1583
1583
1583
1583
1583
1583
1583
1583
1583
1583
1583
1583
1583
1583
1583
1583
1583
1583
1583
1583
1583
1583
1583
1583
1583
1583
1583
1583
1583
1583
1583
1583
1583
1583
1583
1583
1583
1583
1583
1583
1583
1583
1583
1583
1583
1583
1583
1583
1583
1583
1583
1583
1583
1583
1583
1583
1583
1583
1583
1583
1583
1583
1583
1583
1583
1583
1583
1583
1583
1583
1583
1583
1583
1583
1583
1583
1583
1583
1583
1583
1583
1583
1583
1583
1583
1583
1583
1583
1583
1583
1583
1583
1583
1583
1583
1583
1583
1583
1583
1583
1583
1583
1583
1583
1583
1583
1583
1583
1583
1583
1583
1583
1583
1583
1583
1583
1583
1583
1583
1583
1583
1583
1583
1583
1583
1583
1583
1583
1583
1583
1583
1583
1583
1583
1583
1583
1583
1583
1583
1583
1583
1583
1583
1583
1583
1583
1583
1583
1583
1583
1583
1583
1583
1583
1583
1583
1583
1583
1583
1583
1583
1583
1583
1583
1583
1583
1583
1583
1583
1583
1583
1583
1583
1583
1583
1583
1583
1583
1583
1583
1583
1583
1583
1583
1583
1583
1583
1583
1583
1583
1583
1583
1583
1583
1583
1583
1583
1583
1583
1583
1583
1583
1583
1583
1583
1583
1583
1583
1583
1583
1583
1583
1583
1583
1583
1583
1583
1583
1583
1583
1583
1583
1583
1583
1583
1583
1583
1583
1583
1583
1583
1583
1583
1583
1583
1583
1583
1583
1583
1583
1583
1583
1583
1583
1583
1583
1583
1583
1583
1583
1583
1583
1583
1583
1583
1583
1583
1583
1583
1583
1583
1583
1583
1583
1583
1583
1583
1583
1583
1583
1583
1583
1583
1583
1583
1583
1583
1583
1583
1583
1583
1583
1583
1583
1583
1583
1583
1583
1583
1583
1583
1583
1583
1583
1583
1583
1583
1583
1583
1583
1582
1582
1582
1582
1582
1582
1582
1582
1582
1582
1582
1582
1582
1582
1582
1582
1582
1582
1582
1582
1582
1582
1582
1582
1582
1582
1582
1582
1582
1582
1582
1582
1582
1582
1582
1582
1582
1582
1582
1582
1582
1582
1582
1582
1582
1582
1582
1582
1582
1582
1582
1582
1582
1582
1582
1582
1582
1582
1582
1582
1582
1582
1582
1582
1582
1582
1582
1582
1582
1582
1582
1582
1582
1582
1582
1582
1582
1582
1582
1582
1582
1582
1582
1582
1582
1582
1582
1582
1582
1582
1582
1582
1582
1582
1582
1582
1582
1582
1582
1582
1582
1582
1582
1582
1582
1582
1582
1582
1582
1582
1582
1582
1582
1582
1582
1582
1582
1582
1582
1582
1582
1582
1582
1582
1582
1582
1582
1582
1582
1582
1582
1582
1582
1582
1582
1582
1582
1582
1582
1582
1582
1582
1582
1582
1582
1582
1582
1582
1582
1582
1582
1582
1582
1582
1582
1582
1582
1582
1582
1582
1582
1582
1582
1582
1582
1582
1582
1582
1582
1582
1582
1582
1582
1582
1582
1582
1582
1582
1582
1582
1582
1582
1582
1582
1582
1582
1582
1582
1582
1582
1582
1582
1582
1582
1582
1582
1582
1582
1582
1582
1582
1582
1582
1582
1582
1582
1582
1582
1582
1582
1582
1582
1582
1582
1582
1582
1582
1582
1582
1582
1582
1582
1582
1582
1582
1582
1582
1582
1582
1582
1582
1582
1582
1582
1582
1582
1582
1582
1582
1582
1582
1582
1582
1582
1582
1582
1582
1582
1582
1582
1582
1582
1582
1582
1582
1582
1582
1582
1582
1582
1582
1582
1582
1582
1582
1582
1582
1582
1582
1582
1582
1582
1582
1582
1582
1582
1582
1582
1582
1582
1582
1582
1582
1582
1582
1582
1582
1582
1582
1582
1582
1582
1582
1582
1582
1582
1582
1582
1582
1582
1582
1582
1582
1582
1582
1582
1582
1582
1582
1582
1582
1582
1582
1582
1582
1582
1582
1582
1582
1582
1582
1582
1582
1582
1582
1582
1582
1582
1582
1582
1582
1582
1582
1582
1582
1582
1582
1582
1582
1582
1582
1582
1582
1582
1582
1582
1582
1582
1582
1582
1582
1582
1582
1582
1582
1582
1582
1582
1582
1582
1582
1582
1582
1582
1582
1582
1582
1582
1582
1582
1582
1582
1582
1582
1582
1582
1582
1582
1582
1582
1582
1582
1582
1582
1582
1582
1582
1582
1582
1582
1582
1582
1582
1582
1582
1582
1582
1582
1582
1582
1582
1582
1582
1582
1582
1582
1582
1582
1582
1582
1582
1582
1582
1582
1582
1582
1582
1582
1582
1582
1582
1582
1582
1582
1582
1582
1582
1582
1582
1582
1582
1582
1582
1582
1582
1582
1582
1582
1582
1582
1582
1582
1582
1582
1582
1582
1582
1582
1582
1582
1582
1582
1582
1582
1582
1582
1582
1582
1582
1582
1582
1582
1582
1582
1582
1582
1582
1582
1582
1582
1582
1582
1582
1582
1582
1582
1582
1582
1582
1582
1582
1582
1582
1582
1582
1582
1582
1582
1582
1582
1582
1582
1582
1582
1582
1582
1582
1582
1582
1582
1582
1582
1582
1582
1582
1582
1582
1582
1582
1582
1582
1582
1582
1582
1582
1582
1582
1582
1582
1582
1582
1582
1582
1582
1582
1582
1582
1582
1582
1582
1582
1582
1582
1582
1582
1582
1582
1582
1582
1582
1582
1581
1581
1581
1581
1581
1581
1581
1581
1581
1581
1581
1581
1581
1581
1581
1581
1581
1581
1581
1581
1581
1581
1581
1581
1581
1581
1581
1581
1581
1581
1581
1581
1581
1581
1581
1581
1581
1581
1581
1581
1581
1581
1581
1581
1581
1581
1581
1581
1581
1581
1581
1581
1581
1581
1581
1581
1581
1581
1581
1581
1581
1581
1581
1581
1581
1581
1581
1581
1581
1581
1581
1581
1581
1581
1581
1581
1581
1581
1581
1581
1581
1581
1581
1581
1581
1581
1581
1581
1581
1581
1581
1581
1581
1581
1581
1581
1581
1581
1581
1581
1581
1581
1581
1581
1581
1581
1581
1581
1581
1581
1581
1581
1581
1581
1581
1581
1581
1581
1581
1581
1581
1581
1581
1581
1581
1581
1581
1581
1581
1581
1581
1581
1581
1581
1581
1581
1581
1581
1581
1581
1581
1581
1581
1581
1581
1581
1581
1581
1581
1581
1581
1581
1581
1581
1581
1581
1581
1581
1581
1581
1581
1581
1581
1581
1581
1581
1581
1581
1581
1581
1581
1581
1581
1581
1581
1581
1581
1581
1581
1581
1581
1581
1581
1581
1581
1581
1581
1581
1581
1581
1581
1581
1581
1581
1581
1581
1581
1581
1581
1581
1581
1581
1581
1581
1581
1581
1581
1581
1581
1581
1581
1581
1581
1581
1581
1581
1581
1581
1581
1581
1581
1581
1581
1581
1581
1581
1581
1581
1581
1581
1581
1581
1581
1581
1581
1581
1581
1581
1581
1581
1581
1581
1581
1581
1581
1581
1581
1581
1581
1581
1581
1581
1581
1581
1581
1581
1581
1581
1581
1581
1581
1581
1581
1581
1581
1581
1581
1581
1581
1581
1581
1581
1581
1581
1581
1581
1581
1581
1581
1581
1581
1581
1581
1581
1581
1581
1581
1581
1581
1581
1581
1581
1581
1581
1581
1581
1581
1581
1581
1581
1581
1581
1581
1581
1581
1581
1581
1581
1581
1581
1581
1581
1581
1581
1581
1581
1581
1581
1581
1581
1581
1581
1581
1581
1581
1581
1581
1581
1581
1581
1581
1581
1581
1581
1581
1581
1581
1581
1581
1581
1581
1581
1581
1581
1581
1581
1581
1581
1581
1581
1581
1581
1581
1581
1581
1581
1581
1581
1581
1581
1581
1581
1581
1581
1581
1581
1581
1581
1581
1581
1581
1581
1581
1581
1581
1581
1581
1581
1581
1581
1581
1581
1581
1581
1581
1581
1581
1581
1581
1581
1581
1581
1581
1581
1581
1581
1581
1581
1581
1581
1581
1581
1581
1581
1581
1581
1581
1581
1581
1581
1581
1581
1581
1581
1581
1581
1581
1581
1581
1581
1581
1581
1581
1581
1581
1581
1581
1581
1581
1581
1581
1581
1581
1581
1581
1581
1581
1581
1581
1581
1581
1581
1581
1581
1581
1581
1581
1581
1581
1581
1581
1581
1581
1581
1581
1581
1581
1581
1581
1581
1581
1581
1581
1581
1581
1581
1581
1581
1581
1581
1581
1581
1581
1581
1581
1581
1581
1581
1581
1581
1581
1581
1581
1581
1581
1581
1581
1581
1581
1581
1581
1581
1581
1581
1581
1581
1581
1581
1581
1581
1581
1581
1581
1581
1581
1581
1581
1581
1581
1581
1581
1581
1581
1581
1581
1581
1581
1581
1581
1581
1581
1581
1581
1581
1581
1581
1581
1581
1581
1581
1581
1581
1581
1581
1581
1581
1581
1581
1581
1581
1581
1581
1581
1581
1581
1581
1581
1581
1581
1581
1581
1581
1581
1581
1581
1581
1580
1580
1580
1580
1580
1580
1580
1580
1580
1580
1580
1580
1580
1580
1580
1580
1580
1580
1580
1580
1580
1580
1580
1580
1580
1580
1580
1580
1580
1580
1580
1580
1580
1580
1580
1580
1580
1580
1580
1580
1580
1580
1580
1580
1580
1580
1580
1580
1580
1580
1580
1580
1580
1580
1580
1580
1580
1580
1580
1580
1580
1580
1580
1580
1580
1580
1580
1580
1580
1580
1580
1580
1580
1580
1580
1580
1580
1580
1580
1580
1580
1580
1580
1580
1580
1580
1580
1580
1580
1580
1580
1580
1580
1580
1580
1580
1580
1580
1580
1580
1580
1580
1580
1580
1580
1580
1580
1580
1580
1580
1580
1580
1580
1580
1580
1580
1580
1580
1580
1580
1580
1580
1580
1580
1580
1580
1580
1580
1580
1580
1580
1580
1580
1580
1580
1580
1580
1580
1580
1580
1580
1580
1580
1580
1580
1580
1580
1580
1580
1580
1580
1580
1580
1580
1580
1580
1580
1580
1580
1580
1580
1580
1580
1580
1580
1580
1580
1580
1580
1580
1580
1580
1580
1580
1580
1580
1580
1580
1580
1580
1580
1580
1580
1580
1580
1580
1580
1580
1580
1580
1580
1580
1580
1580
1580
1580
1580
1580
1580
1580
1580
1580
1580
1580
1580
1580
1580
1580
1580
1580
1580
1580
1580
1580
1580
1580
1580
1580
1580
1580
1580
1580
1580
1580
1580
1580
1580
1580
1580
1580
1580
1580
1580
1580
1580
1580
1580
1580
1580
1580
1580
1580
1580
1580
1580
1580
1580
1580
1580
1580
1580
1580
1580
1580
1580
1580
1580
1580
1580
1580
1580
1580
1580
1580
1580
1580
1580
1580
1580
1580
1580
1580
1580
1580
1580
1580
1580
1580
1580
1580
1580
1580
1580
1580
1580
1580
1580
1580
1580
1580
1580
1580
1580
1580
1580
1580
1580
1580
1580
1580
1580
1580
1580
1580
1580
1580
1580
1580
1580
1580
1580
1580
1580
1580
1580
1580
1580
1580
1580
1580
1580
1580
1580
1580
1580
1580
1580
1580
1580
1580
1580
1580
1580
1580
1580
1580
1580
1580
1580
1580
1580
1580
1580
1580
1580
1580
1580
1580
1580
1580
1580
1580
1580
1580
1580
1580
1580
1580
1580
1580
1580
1580
1580
1580
1580
1580
1580
1580
1580
1580
1580
1580
1580
1580
1580
1580
1580
1580
1580
1580
1580
1580
1580
1580
1580
1580
1580
1580
1580
1580
1580
1580
1580
1580
1580
1580
1580
1580
1580
1580
1580
1580
1580
1580
1580
1580
1580
1580
1580
1580
1580
1580
1580
1580
1580
1580
1580
1580
1580
1580
1580
1580
1580
1580
1580
1580
1580
1580
1580
1580
1580
1580
1580
1580
1580
1580
1580
1580
1580
1580
1580
1580
1580
1580
1580
1580
1580
1580
1580
1580
1580
1580
1580
1580
1580
1580
1580
1580
1580
1580
1580
1580
1580
1580
1580
1580
1580
1580
1580
1580
1580
1580
1580
1580
1580
1580
1580
1580
1580
1580
1580
1580
1580
1580
1580
1580
1580
1580
1580
1580
1580
1580
1580
1580
1580
1580
1580
1580
1580
1580
1580
1580
1580
1580
1580
1580
1580
1580
1580
1580
1580
1580
1580
1580
1580
1580
1580
1580
1580
1580
1580
1580
1580
1580
1579
1579
1579
1579
1579
1579
1579
1579
1579
1579
1579
1579
1579
1579
1579
1579
1579
1579
1579
1579
1579
1579
1579
1579
1579
1579
1579
1579
1579
1579
1579
1579
1579
1579
1579
1579
1579
1579
1579
1579
1579
1579
1579
1579
1579
1579
1579
1579
1579
1579
1579
1579
1579
1579
1579
1579
1579
1579
1579
1579
1579
1579
1579
1579
1579
1579
1579
1579
1579
1579
1579
1579
1579
1579
1579
1579
1579
1579
1579
1579
1579
1579
1579
1579
1579
1579
1579
1579
1579
1579
1579
1579
1579
1579
1579
1579
1579
1579
1579
1579
1579
1579
1579
1579
1579
1579
1579
1579
1579
1579
1579
1579
1579
1579
1579
1579
1579
1579
1579
1579
1579
1579
1579
1579
1579
1579
1579
1579
1579
1579
1579
1579
1579
1579
1579
1579
1579
1579
1579
1579
1579
1579
1579
1579
1579
1579
1579
1579
1579
1579
1579
1579
1579
1579
1579
1579
1579
1579
1579
1579
1579
1579
1579
1579
1579
1579
1579
1579
1579
1579
1579
1579
1579
1579
1579
1579
1579
1579
1579
1579
1579
1579
1579
1579
1579
1579
1579
1579
1579
1579
1579
1579
1579
1579
1579
1579
1579
1579
1579
1579
1579
1579
1579
1579
1579
1579
1579
1579
1579
1579
1579
1579
1579
1579
1579
1579
1579
1579
1579
1579
1579
1579
1579
1579
1579
1579
1579
1579
1579
1579
1579
1579
1579
1579
1579
1579
1579
1579
1579
1579
1579
1579
1579
1579
1579
1579
1579
1579
1579
1579
1579
1579
1579
1579
1579
1579
1579
1579
1579
1579
1579
1579
1579
1579
1579
1579
1579
1579
1579
1579
1579
1579
1579
1579
1579
1579
1579
1579
1579
1579
1579
1579
1579
1579
1579
1579
1579
1579
1579
1579
1579
1579
1579
1579
1579
1579
1579
1579
1579
1579
1579
1579
1579
1579
1579
1579
1579
1579
1579
1579
1579
1579
1579
1579
1579
1579
1579
1579
1579
1579
1579
1579
1579
1579
1579
1579
1579
1579
1579
1579
1579
1579
1579
1579
1579
1579
1579
1579
1579
1579
1579
1579
1579
1579
1579
1579
1579
1579
1579
1579
1579
1579
1579
1579
1579
1579
1579
1579
1579
1579
1579
1579
1579
1579
1579
1579
1579
1579
1579
1579
1579
1579
1579
1579
1579
1579
1579
1579
1579
1579
1579
1579
1579
1579
1579
1579
1579
1579
1579
1579
1579
1579
1579
1579
1579
1579
1579
1579
1579
1579
1579
1579
1579
1579
1579
1579
1579
1579
1579
1579
1579
1579
1579
1579
1579
1579
1579
1579
1579
1579
1579
1579
1579
1579
1579
1579
1579
1579
1579
1579
1579
1579
1579
1579
1579
1579
1579
1579
1579
1579
1579
1579
1579
1579
1579
1579
1579
1579
1579
1579
1579
1579
1579
1579
1579
1579
1579
1579
1579
1579
1579
1579
1579
1579
1579
1579
1579
1579
1579
1579
1579
1579
1579
1579
1579
1579
1579
1579
1579
1579
1579
1579
1579
1579
1579
1579
1579
1579
1579
1579
1578
1578
1578
1578
1578
1578
1578
1578
1578
1578
1578
1578
1578
1578
1578
1578
1578
1578
1578
1578
1578
1578
1578
1578
1578
1578
1578
1578
1578
1578
1578
1578
1578
1578
1578
1578
1578
1578
1578
1578
1578
1578
1578
1578
1578
1578
1578
1578
1578
1578
1578
1578
1578
1578
1578
1578
1578
1578
1578
1578
1578
1578
1578
1578
1578
1578
1578
1578
1578
1578
1578
1578
1578
1578
1578
1578
1578
1578
1578
1578
1578
1578
1578
1578
1578
1578
1578
1578
1578
1578
1578
1578
1578
1578
1578
1578
1578
1578
1578
1578
1578
1578
1578
1578
1578
1578
1578
1578
1578
1578
1578
1578
1578
1578
1578
1578
1578
1578
1578
1578
1578
1578
1578
1578
1578
1578
1578
1578
1578
1578
1578
1578
1578
1578
1578
1578
1578
1578
1578
1578
1578
1578
1578
1578
1578
1578
1578
1578
1578
1578
1578
1578
1578
1578
1578
1578
1578
1578
1578
1578
1578
1578
1578
1578
1578
1578
1578
1578
1578
1578
1578
1578
1578
1578
1578
1578
1578
1578
1578
1578
1578
1578
1578
1578
1578
1578
1578
1578
1578
1578
1578
1578
1578
1578
1578
1578
1578
1578
1578
1578
1578
1578
1578
1578
1578
1578
1578
1578
1578
1578
1578
1578
1578
1578
1578
1578
1578
1578
1578
1578
1578
1578
1578
1578
1578
1578
1578
1578
1578
1578
1578
1578
1578
1578
1578
1578
1578
1578
1578
1578
1578
1578
1578
1578
1578
1578
1578
1578
1578
1578
1578
1578
1578
1578
1578
1578
1578
1578
1578
1578
1578
1578
1578
1578
1578
1578
1578
1578
1578
1578
1578
1578
1578
1578
1578
1578
1578
1578
1578
1578
1578
1578
1578
1578
1578
1578
1578
1578
1578
1578
1578
1578
1578
1578
1578
1578
1578
1578
1578
1578
1578
1578
1578
1578
1578
1578
1578
1578
1578
1578
1578
1578
1578
1578
1578
1578
1578
1578
1578
1578
1578
1578
1578
1578
1578
1578
1578
1578
1578
1578
1578
1578
1578
1578
1578
1578
1578
1578
1578
1578
1578
1578
1578
1578
1578
1578
1578
1578
1578
1578
1578
1578
1578
1578
1578
1578
1578
1578
1578
1578
1578
1578
1578
1578
1578
1578
1578
1578
1578
1578
1578
1578
1578
1578
1578
1578
1578
1578
1578
1578
1578
1578
1578
1578
1578
1578
1578
1578
1578
1578
1578
1578
1578
1578
1578
1578
1578
1578
1578
1578
1578
1578
1578
1578
1578
1578
1578
1578
1578
1578
1578
1578
1578
1578
1578
1578
1578
1578
1578
1578
1578
1578
1578
1578
1578
1578
1578
1578
1578
1578
1578
1578
1578
1578
1578
1578
1578
1578
1578
1578
1578
1578
1578
1578
1578
1578
1578
1578
1578
1578
1578
1578
1578
1578
1578
1578
1578
1578
1578
1578
1578
1578
1578
1578
1578
1578
1578
1578
1578
1578
1578
1578
1578
1578
1578
1578
1578
1578
1578
1578
1578
1578
1578
1578
1578
1578
1578
1578
1578
1578
1578
1578
1578
1578
1578
1578
1578
1578
1578
1578
1578
1578
1578
1577
1577
1577
1577
1577
1577
1577
1577
1577
1577
1577
1577
1577
1577
1577
1577
1577
1577
1577
1577
1577
1577
1577
1577
1577
1577
1577
1577
1577
1577
1577
1577
1577
1577
1577
1577
1577
1577
1577
1577
1577
1577
1577
1577
1577
1577
1577
1577
1577
1577
1577
1577
1577
1577
1577
1577
1577
1577
1577
1577
1577
1577
1577
1577
1577
1577
1577
1577
1577
1577
1577
1577
1577
1577
1577
1577
1577
1577
1577
1577
1577
1577
1577
1577
1577
1577
1577
1577
1577
1577
1577
1577
1577
1577
1577
1577
1577
1577
1577
1577
1577
1577
1577
1577
1577
1577
1577
1577
1577
1577
1577
1577
1577
1577
1577
1577
1577
1577
1577
1577
1577
1577
1577
1577
1577
1577
1577
1577
1577
1577
1577
1577
1577
1577
1577
1577
1577
1577
1577
1577
1577
1577
1577
1577
1577
1577
1577
1577
1577
1577
1577
1577
1577
1577
1577
1577
1577
1577
1577
1577
1577
1577
1577
1577
1577
1577
1577
1577
1577
1577
1577
1577
1577
1577
1577
1577
1577
1577
1577
1577
1577
1577
1577
1577
1577
1577
1577
1577
1577
1577
1577
1577
1577
1577
1577
1577
1577
1577
1577
1577
1577
1577
1577
1577
1577
1577
1577
1577
1577
1577
1577
1577
1577
1577
1577
1577
1577
1577
1577
1577
1577
1577
1577
1577
1577
1577
1577
1577
1577
1577
1577
1577
1577
1577
1577
1577
1577
1577
1577
1577
1577
1577
1577
1577
1577
1577
1577
1577
1577
1577
1577
1577
1577
1577
1577
1577
1577
1577
1577
1577
1577
1577
1577
1577
1577
1577
1577
1577
1577
1577
1577
1577
1577
1577
1577
1577
1577
1577
1577
1577
1577
1577
1577
1577
1577
1577
1577
1577
1577
1577
1577
1577
1577
1577
1577
1577
1577
1577
1577
1577
1577
1577
1577
1577
1577
1577
1577
1577
1577
1577
1577
1577
1577
1577
1577
1577
1577
1577
1577
1577
1577
1577
1577
1577
1577
1577
1577
1577
1577
1577
1577
1577
1577
1577
1577
1577
1577
1577
1577
1577
1577
1577
1577
1577
1577
1577
1577
1577
1577
1577
1577
1577
1577
1577
1577
1577
1577
1577
1577
1577
1577
1577
1577
1577
1577
1577
1577
1577
1577
1577
1577
1577
1577
1577
1577
1577
1577
1577
1577
1577
1577
1577
1577
1577
1577
1577
1577
1577
1577
1577
1577
1577
1577
1577
1577
1577
1577
1577
1577
1577
1577
1577
1577
1577
1577
1577
1577
1577
1577
1577
1577
1577
1577
1577
1577
1577
1577
1577
1577
1577
1577
1577
1577
1577
1577
1577
1577
1577
1577
1577
1577
1577
1577
1577
1577
1577
1577
1577
1577
1577
1577
1577
1577
1577
1577
1577
1577
1577
1577
1577
1577
1577
1577
1577
1577
1577
1577
1577
1577
1577
1577
1577
1577
1577
1577
1577
1577
1577
1577
1577
1577
1577
1577
1577
1577
1577
1577
1577
1577
1577
1577
1577
1577
1577
1577
1577
1577
1577
1577
1577
1577
1577
1577
1577
1577
1577
1577
1577
1577
1577
1576
1576
1576
1576
1576
1576
1576
1576
1576
1576
1576
1576
1576
1576
1576
1576
1576
1576
1576
1576
1576
1576
1576
1576
1576
1576
1576
1576
1576
1576
1576
1576
1576
1576
1576
1576
1576
1576
1576
1576
1576
1576
1576
1576
1576
1576
1576
1576
1576
1576
1576
1576
1576
1576
1576
1576
1576
1576
1576
1576
1576
1576
1576
1576
1576
1576
1576
1576
1576
1576
1576
1576
1576
1576
1576
1576
1576
1576
1576
1576
1576
1576
1576
1576
1576
1576
1576
1576
1576
1576
1576
1576
1576
1576
1576
1576
1576
1576
1576
1576
1576
1576
1576
1576
1576
1576
1576
1576
1576
1576
1576
1576
1576
1576
1576
1576
1576
1576
1576
1576
1576
1576
1576
1576
1576
1576
1576
1576
1576
1576
1576
1576
1576
1576
1576
1576
1576
1576
1576
1576
1576
1576
1576
1576
1576
1576
1576
1576
1576
1576
1576
1576
1576
1576
1576
1576
1576
1576
1576
1576
1576
1576
1576
1576
1576
1576
1576
1576
1576
1576
1576
1576
1576
1576
1576
1576
1576
1576
1576
1576
1576
1576
1576
1576
1576
1576
1576
1576
1576
1576
1576
1576
1576
1576
1576
1576
1576
1576
1576
1576
1576
1576
1576
1576
1576
1576
1576
1576
1576
1576
1576
1576
1576
1576
1576
1576
1576
1576
1576
1576
1576
1576
1576
1576
1576
1576
1576
1576
1576
1576
1576
1576
1576
1576
1576
1576
1576
1576
1576
1576
1576
1576
1576
1576
1576
1576
1576
1576
1576
1576
1576
1576
1576
1576
1576
1576
1576
1576
1576
1576
1576
1576
1576
1576
1576
1576
1576
1576
1576
1576
1576
1576
1576
1576
1576
1576
1576
1576
1576
1576
1576
1576
1576
1576
1576
1576
1576
1576
1576
1576
1576
1576
1576
1576
1576
1576
1576
1576
1576
1576
1576
1576
1576
1576
1576
1576
1576
1576
1576
1576
1576
1576
1576
1576
1576
1576
1576
1576
1576
1576
1576
1576
1576
1576
1576
1576
1576
1576
1576
1576
1576
1576
1576
1576
1576
1576
1576
1576
1576
1576
1576
1576
1576
1576
1576
1576
1576
1576
1576
1576
1576
1576
1576
1576
1576
1576
1576
1576
1576
1576
1576
1576
1576
1576
1576
1576
1576
1576
1576
1576
1576
1576
1576
1576
1576
1576
1576
1576
1576
1576
1576
1576
1576
1576
1576
1576
1576
1576
1576
1576
1576
1576
1576
1576
1576
1576
1576
1576
1576
1576
1576
1576
1576
1576
1576
1576
1576
1576
1576
1576
1576
1576
1576
1576
1576
1576
1576
1576
1576
1576
1576
1576
1576
1576
1576
1576
1576
1576
1576
1576
1576
1576
1576
1576
1576
1576
1576
1576
1576
1576
1576
1576
1576
1576
1576
1576
1576
1576
1576
1576
1576
1576
1576
1576
1576
1576
1576
1576
1576
1576
1576
1576
1576
1576
1576
1576
1576
1576
1576
1576
1576
1576
1576
1576
1576
1576
1576
1576
1576
1576
1575
1575
1575
1575
1575
1575
1575
1575
1575
1575
1575
1575
1575
1575
1575
1575
1575
1575
1575
1575
1575
1575
1575
1575
1575
1575
1575
1575
1575
1575
1575
1575
1575
1575
1575
1575
1575
1575
1575
1575
1575
1575
1575
1575
1575
1575
1575
1575
1575
1575
1575
1575
1575
1575
1575
1575
1575
1575
1575
1575
1575
1575
1575
1575
1575
1575
1575
1575
1575
1575
1575
1575
1575
1575
1575
1575
1575
1575
1575
1575
1575
1575
1575
1575
1575
1575
1575
1575
1575
1575
1575
1575
1575
1575
1575
1575
1575
1575
1575
1575
1575
1575
1575
1575
1575
1575
1575
1575
1575
1575
1575
1575
1575
1575
1575
1575
1575
1575
1575
1575
1575
1575
1575
1575
1575
1575
1575
1575
1575
1575
1575
1575
1575
1575
1575
1575
1575
1575
1575
1575
1575
1575
1575
1575
1575
1575
1575
1575
1575
1575
1575
1575
1575
1575
1575
1575
1575
1575
1575
1575
1575
1575
1575
1575
1575
1575
1575
1575
1575
1575
1575
1575
1575
1575
1575
1575
1575
1575
1575
1575
1575
1575
1575
1575
1575
1575
1575
1575
1575
1575
1575
1575
1575
1575
1575
1575
1575
1575
1575
1575
1575
1575
1575
1575
1575
1575
1575
1575
1575
1575
1575
1575
1575
1575
1575
1575
1575
1575
1575
1575
1575
1575
1575
1575
1575
1575
1575
1575
1575
1575
1575
1575
1575
1575
1575
1575
1575
1575
1575
1575
1575
1575
1575
1575
1575
1575
1575
1575
1575
1575
1575
1575
1575
1575
1575
1575
1575
1575
1575
1575
1575
1575
1575
1575
1575
1575
1575
1575
1575
1575
1575
1575
1575
1575
1575
1575
1575
1575
1575
1575
1575
1575
1575
1575
1575
1575
1575
1575
1575
1575
1575
1575
1575
1575
1575
1575
1575
1575
1575
1575
1575
1575
1575
1575
1575
1575
1575
1575
1575
1575
1575
1575
1575
1575
1575
1575
1575
1575
1575
1575
1575
1575
1575
1575
1575
1575
1575
1575
1575
1575
1575
1575
1575
1575
1575
1575
1575
1575
1575
1575
1575
1575
1575
1575
1575
1575
1575
1575
1575
1575
1575
1575
1575
1575
1575
1575
1575
1575
1575
1575
1575
1575
1575
1575
1575
1575
1575
1575
1575
1575
1575
1575
1575
1575
1575
1575
1575
1575
1575
1575
1575
1575
1575
1575
1575
1575
1575
1575
1575
1575
1575
1575
1575
1575
1575
1575
1575
1575
1575
1575
1575
1575
1575
1575
1575
1575
1575
1575
1575
1575
1575
1575
1575
1575
1575
1575
1575
1575
1575
1575
1575
1575
1575
1575
1575
1575
1575
1575
1575
1575
1575
1575
1575
1575
1575
1575
1575
1575
1575
1575
1575
1575
1575
1575
1575
1575
1575
1575
1575
1575
1575
1575
1575
1575
1575
1575
1575
1575
1575
1575
1575
1575
1575
1575
1575
1574
1574
1574
1574
1574
1574
1574
1574
1574
1574
1574
1574
1574
1574
1574
1574
1574
1574
1574
1574
1574
1574
1574
1574
1574
1574
1574
1574
1574
1574
1574
1574
1574
1574
1574
1574
1574
1574
1574
1574
1574
1574
1574
1574
1574
1574
1574
1574
1574
1574
1574
1574
1574
1574
1574
1574
1574
1574
1574
1574
1574
1574
1574
1574
1574
1574
1574
1574
1574
1574
1574
1574
1574
1574
1574
1574
1574
1574
1574
1574
1574
1574
1574
1574
1574
1574
1574
1574
1574
1574
1574
1574
1574
1574
1574
1574
1574
1574
1574
1574
1574
1574
1574
1574
1574
1574
1574
1574
1574
1574
1574
1574
1574
1574
1574
1574
1574
1574
1574
1574
1574
1574
1574
1574
1574
1574
1574
1574
1574
1574
1574
1574
1574
1574
1574
1574
1574
1574
1574
1574
1574
1574
1574
1574
1574
1574
1574
1574
1574
1574
1574
1574
1574
1574
1574
1574
1574
1574
1574
1574
1574
1574
1574
1574
1574
1574
1574
1574
1574
1574
1574
1574
1574
1574
1574
1574
1574
1574
1574
1574
1574
1574
1574
1574
1574
1574
1574
1574
1574
1574
1574
1574
1574
1574
1574
1574
1574
1574
1574
1574
1574
1574
1574
1574
1574
1574
1574
1574
1574
1574
1574
1574
1574
1574
1574
1574
1574
1574
1574
1574
1574
1574
1574
1574
1574
1574
1574
1574
1574
1574
1574
1574
1574
1574
1574
1574
1574
1574
1574
1574
1574
1574
1574
1574
1574
1574
1574
1574
1574
1574
1574
1574
1574
1574
1574
1574
1574
1574
1574
1574
1574
1574
1574
1574
1574
1574
1574
1574
1574
1574
1574
1574
1574
1574
1574
1574
1574
1574
1574
1574
1574
1574
1574
1574
1574
1574
1574
1574
1574
1574
1574
1574
1574
1574
1574
1574
1574
1574
1574
1574
1574
1574
1574
1574
1574
1574
1574
1574
1574
1574
1574
1574
1574
1574
1574
1574
1574
1574
1574
1574
1574
1574
1574
1574
1574
1574
1574
1574
1574
1574
1574
1574
1574
1574
1574
1574
1574
1574
1574
1574
1574
1574
1574
1574
1574
1574
1574
1574
1574
1574
1574
1574
1574
1574
1574
1574
1574
1574
1574
1574
1574
1574
1574
1574
1574
1574
1574
1574
1574
1574
1574
1574
1574
1574
1574
1574
1574
1574
1574
1574
1574
1574
1574
1574
1574
1574
1574
1574
1574
1574
1574
1574
1574
1574
1574
1574
1574
1574
1574
1574
1574
1574
1574
1574
1574
1574
1574
1574
1574
1574
1574
1574
1574
1574
1574
1574
1574
1574
1574
1574
1574
1574
1574
1574
1574
1574
1574
1574
1574
1574
1574
1574
1574
1574
1574
1574
1574
1574
1574
1574
1574
1574
1574
1574
1574
1574
1574
1574
1574
1574
1574
1574
1574
1574
1574
1574
1574
1574
1574
1574
1574
1574
1574
1574
1574
1574
1574
1574
1574
1574
1574
1574
1573
1573
1573
1573
1573
1573
1573
1573
1573
1573
1573
1573
1573
1573
1573
1573
1573
1573
1573
1573
1573
1573
1573
1573
1573
1573
1573
1573
1573
1573
1573
1573
1573
1573
1573
1573
1573
1573
1573
1573
1573
1573
1573
1573
1573
1573
1573
1573
1573
1573
1573
1573
1573
1573
1573
1573
1573
1573
1573
1573
1573
1573
1573
1573
1573
1573
1573
1573
1573
1573
1573
1573
1573
1573
1573
1573
1573
1573
1573
1573
1573
1573
1573
1573
1573
1573
1573
1573
1573
1573
1573
1573
1573
1573
1573
1573
1573
1573
1573
1573
1573
1573
1573
1573
1573
1573
1573
1573
1573
1573
1573
1573
1573
1573
1573
1573
1573
1573
1573
1573
1573
1573
1573
1573
1573
1573
1573
1573
1573
1573
1573
1573
1573
1573
1573
1573
1573
1573
1573
1573
1573
1573
1573
1573
1573
1573
1573
1573
1573
1573
1573
1573
1573
1573
1573
1573
1573
1573
1573
1573
1573
1573
1573
1573
1573
1573
1573
1573
1573
1573
1573
1573
1573
1573
1573
1573
1573
1573
1573
1573
1573
1573
1573
1573
1573
1573
1573
1573
1573
1573
1573
1573
1573
1573
1573
1573
1573
1573
1573
1573
1573
1573
1573
1573
1573
1573
1573
1573
1573
1573
1573
1573
1573
1573
1573
1573
1573
1573
1573
1573
1573
1573
1573
1573
1573
1573
1573
1573
1573
1573
1573
1573
1573
1573
1573
1573
1573
1573
1573
1573
1573
1573
1573
1573
1573
1573
1573
1573
1573
1573
1573
1573
1573
1573
1573
1573
1573
1573
1573
1573
1573
1573
1573
1573
1573
1573
1573
1573
1573
1573
1573
1573
1573
1573
1573
1573
1573
1573
1573
1573
1573
1573
1573
1573
1573
1573
1573
1573
1573
1573
1573
1573
1573
1573
1573
1573
1573
1573
1573
1573
1573
1573
1573
1573
1573
1573
1573
1573
1573
1573
1573
1573
1573
1573
1573
1573
1573
1573
1573
1573
1573
1573
1573
1573
1573
1573
1573
1573
1573
1573
1573
1573
1573
1573
1573
1573
1573
1573
1573
1573
1573
1573
1573
1573
1573
1573
1573
1573
1573
1573
1573
1573
1573
1573
1573
1573
1573
1573
1573
1573
1573
1573
1573
1573
1573
1573
1573
1573
1573
1573
1573
1573
1573
1573
1573
1573
1573
1573
1573
1573
1573
1573
1573
1573
1573
1573
1573
1573
1573
1573
1573
1573
1573
1573
1573
1573
1573
1573
1573
1573
1573
1573
1573
1573
1573
1573
1573
1573
1573
1573
1573
1573
1573
1573
1573
1573
1573
1573
1573
1573
1573
1573
1573
1573
1573
1573
1573
1573
1573
1573
1573
1573
1573
1573
1573
1573
1573
1573
1573
1573
1573
1573
1573
1573
1573
1573
1573
1573
1573
1573
1573
1573
1573
1572
1572
1572
1572
1572
1572
1572
1572
1572
1572
1572
1572
1572
1572
1572
1572
1572
1572
1572
1572
1572
1572
1572
1572
1572
1572
1572
1572
1572
1572
1572
1572
1572
1572
1572
1572
1572
1572
1572
1572
1572
1572
1572
1572
1572
1572
1572
1572
1572
1572
1572
1572
1572
1572
1572
1572
1572
1572
1572
1572
1572
1572
1572
1572
1572
1572
1572
1572
1572
1572
1572
1572
1572
1572
1572
1572
1572
1572
1572
1572
1572
1572
1572
1572
1572
1572
1572
1572
1572
1572
1572
1572
1572
1572
1572
1572
1572
1572
1572
1572
1572
1572
1572
1572
1572
1572
1572
1572
1572
1572
1572
1572
1572
1572
1572
1572
1572
1572
1572
1572
1572
1572
1572
1572
1572
1572
1572
1572
1572
1572
1572
1572
1572
1572
1572
1572
1572
1572
1572
1572
1572
1572
1572
1572
1572
1572
1572
1572
1572
1572
1572
1572
1572
1572
1572
1572
1572
1572
1572
1572
1572
1572
1572
1572
1572
1572
1572
1572
1572
1572
1572
1572
1572
1572
1572
1572
1572
1572
1572
1572
1572
1572
1572
1572
1572
1572
1572
1572
1572
1572
1572
1572
1572
1572
1572
1572
1572
1572
1572
1572
1572
1572
1572
1572
1572
1572
1572
1572
1572
1572
1572
1572
1572
1572
1572
1572
1572
1572
1572
1572
1572
1572
1572
1572
1572
1572
1572
1572
1572
1572
1572
1572
1572
1572
1572
1572
1572
1572
1572
1572
1572
1572
1572
1572
1572
1572
1572
1572
1572
1572
1572
1572
1572
1572
1572
1572
1572
1572
1572
1572
1572
1572
1572
1572
1572
1572
1572
1572
1572
1572
1572
1572
1572
1572
1572
1572
1572
1572
1572
1572
1572
1572
1572
1572
1572
1572
1572
1572
1572
1572
1572
1572
1572
1572
1572
1572
1572
1572
1572
1572
1572
1572
1572
1572
1572
1572
1572
1572
1572
1572
1572
1572
1572
1572
1572
1572
1572
1572
1572
1572
1572
1572
1572
1572
1572
1572
1572
1572
1572
1572
1572
1572
1572
1572
1572
1572
1572
1572
1572
1572
1572
1572
1572
1572
1572
1572
1572
1572
1572
1572
1572
1572
1572
1572
1572
1572
1572
1572
1572
1572
1572
1572
1572
1572
1572
1572
1572
1572
1572
1572
1572
1572
1572
1572
1572
1572
1572
1572
1572
1572
1572
1572
1572
1572
1572
1572
1572
1572
1572
1572
1572
1572
1572
1572
1572
1572
1572
1572
1572
1572
1572
1572
1572
1572
1572
1572
1572
1572
1572
1572
1572
1572
1572
1572
1572
1572
1572
1572
1572
1572
1572
1572
1572
1572
1572
1572
1572
1572
1572
1572
1572
1572
1572
1572
1572
1572
1572
1572
1572
1572
1572
1572
1572
1572
1572
1572
1572
1572
1572
1572
1572
1572
1571
1571
1571
1571
1571
1571
1571
1571
1571
1571
1571
1571
1571
1571
1571
1571
1571
1571
1571
1571
1571
1571
1571
1571
1571
1571
1571
1571
1571
1571
1571
1571
1571
1571
1571
1571
1571
1571
1571
1571
1571
1571
1571
1571
1571
1571
1571
1571
1571
1571
1571
1571
1571
1571
1571
1571
1571
1571
1571
1571
1571
1571
1571
1571
1571
1571
1571
1571
1571
1571
1571
1571
1571
1571
1571
1571
1571
1571
1571
1571
1571
1571
1571
1571
1571
1571
1571
1571
1571
1571
1571
1571
1571
1571
1571
1571
1571
1571
1571
1571
1571
1571
1571
1571
1571
1571
1571
1571
1571
1571
1571
1571
1571
1571
1571
1571
1571
1571
1571
1571
1571
1571
1571
1571
1571
1571
1571
1571
1571
1571
1571
1571
1571
1571
1571
1571
1571
1571
1571
1571
1571
1571
1571
1571
1571
1571
1571
1571
1571
1571
1571
1571
1571
1571
1571
1571
1571
1571
1571
1571
1571
1571
1571
1571
1571
1571
1571
1571
1571
1571
1571
1571
1571
1571
1571
1571
1571
1571
1571
1571
1571
1571
1571
1571
1571
1571
1571
1571
1571
1571
1571
1571
1571
1571
1571
1571
1571
1571
1571
1571
1571
1571
1571
1571
1571
1571
1571
1571
1571
1571
1571
1571
1571
1571
1571
1571
1571
1571
1571
1571
1571
1571
1571
1571
1571
1571
1571
1571
1571
1571
1571
1571
1571
1571
1571
1571
1571
1571
1571
1571
1571
1571
1571
1571
1571
1571
1571
1571
1571
1571
1571
1571
1571
1571
1571
1571
1571
1571
1571
1571
1571
1571
1571
1571
1571
1571
1571
1571
1571
1571
1571
1571
1571
1571
1571
1571
1571
1571
1571
1571
1571
1571
1571
1571
1571
1571
1571
1571
1571
1571
1571
1571
1571
1571
1571
1571
1571
1571
1571
1571
1571
1571
1571
1571
1571
1571
1571
1571
1571
1571
1571
1571
1571
1571
1571
1571
1571
1571
1571
1571
1571
1571
1571
1571
1571
1571
1571
1571
1571
1571
1571
1571
1571
1571
1571
1571
1571
1571
1571
1571
1571
1571
1571
1571
1571
1571
1571
1571
1571
1571
1571
1571
1571
1571
1571
1571
1571
1571
1571
1571
1571
1571
1571
1571
1571
1571
1571
1571
1571
1571
1571
1571
1571
1571
1571
1571
1571
1571
1571
1571
1571
1571
1571
1571
1571
1571
1571
1571
1571
1571
1571
1571
1571
1571
1571
1571
1571
1571
1571
1571
1571
1571
1571
1571
1571
1571
1571
1571
1571
1571
1571
1571
1571
1571
1571
1571
1571
1571
1571
1571
1571
1571
1571
1571
1571
1571
1571
1571
1571
1571
1571
1571
1571
1571
1571
1571
1571
1571
1571
1571
1571
1571
1571
1571
1571
1571
1571
1571
1571
1571
1571
1571
1571
1571
1571
1571
1571
1571
1571
1571
1571
1571
1571
1571
1571
1571
1571
1571
1571
1571
1571
1571
1571
1571
1571
1571
1571
1571
1571
1571
1571
1571
1571
1570
1570
1570
1570
1570
1570
1570
1570
1570
1570
1570
1570
1570
1570
1570
1570
1570
1570
1570
1570
1570
1570
1570
1570
1570
1570
1570
1570
1570
1570
1570
1570
1570
1570
1570
1570
1570
1570
1570
1570
1570
1570
1570
1570
1570
1570
1570
1570
1570
1570
1570
1570
1570
1570
1570
1570
1570
1570
1570
1570
1570
1570
1570
1570
1570
1570
1570
1570
1570
1570
1570
1570
1570
1570
1570
1570
1570
1570
1570
1570
1570
1570
1570
1570
1570
1570
1570
1570
1570
1570
1570
1570
1570
1570
1570
1570
1570
1570
1570
1570
1570
1570
1570
1570
1570
1570
1570
1570
1570
1570
1570
1570
1570
1570
1570
1570
1570
1570
1570
1570
1570
1570
1570
1570
1570
1570
1570
1570
1570
1570
1570
1570
1570
1570
1570
1570
1570
1570
1570
1570
1570
1570
1570
1570
1570
1570
1570
1570
1570
1570
1570
1570
1570
1570
1570
1570
1570
1570
1570
1570
1570
1570
1570
1570
1570
1570
1570
1570
1570
1570
1570
1570
1570
1570
1570
1570
1570
1570
1570
1570
1570
1570
1570
1570
1570
1570
1570
1570
1570
1570
1570
1570
1570
1570
1570
1570
1570
1570
1570
1570
1570
1570
1570
1570
1570
1570
1570
1570
1570
1570
1570
1570
1570
1570
1570
1570
1570
1570
1570
1570
1570
1570
1570
1570
1570
1570
1570
1570
1570
1570
1570
1570
1570
1570
1570
1570
1570
1570
1570
1570
1570
1570
1570
1570
1570
1570
1570
1570
1570
1570
1570
1570
1570
1570
1570
1570
1570
1570
1570
1570
1570
1570
1570
1570
1570
1570
1570
1570
1570
1570
1570
1570
1570
1570
1570
1570
1570
1570
1570
1570
1570
1570
1570
1570
1570
1570
1570
1570
1570
1570
1570
1570
1570
1570
1570
1570
1570
1570
1570
1570
1570
1570
1570
1570
1570
1570
1570
1570
1570
1570
1570
1570
1570
1570
1570
1570
1570
1570
1570
1570
1570
1570
1570
1570
1570
1570
1570
1570
1570
1570
1570
1570
1570
1570
1570
1570
1570
1570
1570
1570
1570
1570
1570
1570
1570
1570
1570
1570
1570
1570
1570
1570
1570
1570
1570
1570
1570
1570
1570
1570
1570
1570
1570
1570
1570
1570
1570
1570
1570
1570
1570
1570
1570
1570
1570
1570
1570
1570
1570
1570
1570
1570
1570
1570
1570
1570
1570
1570
1570
1570
1570
1570
1570
1570
1570
1570
1570
1570
1570
1570
1570
1570
1570
1570
1570
1570
1570
1570
1570
1570
1570
1570
1570
1570
1570
1570
1570
1570
1570
1570
1570
1570
1570
1570
1570
1570
1570
1570
1569
1569
1569
1569
1569
1569
1569
1569
1569
1569
1569
1569
1569
1569
1569
1569
1569
1569
1569
1569
1569
1569
1569
1569
1569
1569
1569
1569
1569
1569
1569
1569
1569
1569
1569
1569
1569
1569
1569
1569
1569
1569
1569
1569
1569
1569
1569
1569
1569
1569
1569
1569
1569
1569
1569
1569
1569
1569
1569
1569
1569
1569
1569
1569
1569
1569
1569
1569
1569
1569
1569
1569
1569
1569
1569
1569
1569
1569
1569
1569
1569
1569
1569
1569
1569
1569
1569
1569
1569
1569
1569
1569
1569
1569
1569
1569
1569
1569
1569
1569
1569
1569
1569
1569
1569
1569
1569
1569
1569
1569
1569
1569
1569
1569
1569
1569
1569
1569
1569
1569
1569
1569
1569
1569
1569
1569
1569
1569
1569
1569
1569
1569
1569
1569
1569
1569
1569
1569
1569
1569
1569
1569
1569
1569
1569
1569
1569
1569
1569
1569
1569
1569
1569
1569
1569
1569
1569
1569
1569
1569
1569
1569
1569
1569
1569
1569
1569
1569
1569
1569
1569
1569
1569
1569
1569
1569
1569
1569
1569
1569
1569
1569
1569
1569
1569
1569
1569
1569
1569
1569
1569
1569
1569
1569
1569
1569
1569
1569
1569
1569
1569
1569
1569
1569
1569
1569
1569
1569
1569
1569
1569
1569
1569
1569
1569
1569
1569
1569
1569
1569
1569
1569
1569
1569
1569
1569
1569
1569
1569
1569
1569
1569
1569
1569
1569
1569
1569
1569
1569
1569
1569
1569
1569
1569
1569
1569
1569
1569
1569
1569
1569
1569
1569
1569
1569
1569
1569
1569
1569
1569
1569
1569
1569
1569
1569
1569
1569
1569
1569
1569
1569
1569
1569
1569
1569
1569
1569
1569
1569
1569
1569
1569
1569
1569
1569
1569
1569
1569
1569
1569
1569
1569
1569
1569
1569
1569
1569
1569
1569
1569
1569
1569
1569
1569
1569
1569
1569
1569
1569
1569
1569
1569
1569
1569
1569
1569
1569
1569
1569
1569
1569
1569
1569
1569
1569
1569
1569
1569
1569
1569
1569
1569
1569
1569
1569
1569
1569
1569
1569
1569
1569
1569
1569
1569
1569
1569
1569
1569
1569
1569
1569
1569
1569
1569
1569
1569
1569
1569
1569
1569
1569
1569
1569
1569
1569
1569
1569
1569
1569
1569
1569
1569
1569
1569
1569
1569
1569
1569
1569
1569
1569
1569
1569
1569
1569
1569
1569
1569
1569
1569
1569
1569
1569
1569
1569
1569
1569
1569
1569
1569
1569
1569
1569
1569
1569
1569
1569
1569
1569
1569
1569
1569
1569
1569
1569
1569
1569
1569
1569
1569
1569
1569
1569
1569
1569
1569
1569
1569
1569
1569
1569
1569
1569
1569
1569
1569
1569
1569
1568
1568
1568
1568
1568
1568
1568
1568
1568
1568
1568
1568
1568
1568
1568
1568
1568
1568
1568
1568
1568
1568
1568
1568
1568
1568
1568
1568
1568
1568
1568
1568
1568
1568
1568
1568
1568
1568
1568
1568
1568
1568
1568
1568
1568
1568
1568
1568
1568
1568
1568
1568
1568
1568
1568
1568
1568
1568
1568
1568
1568
1568
1568
1568
1568
1568
1568
1568
1568
1568
1568
1568
1568
1568
1568
1568
1568
1568
1568
1568
1568
1568
1568
1568
1568
1568
1568
1568
1568
1568
1568
1568
1568
1568
1568
1568
1568
1568
1568
1568
1568
1568
1568
1568
1568
1568
1568
1568
1568
1568
1568
1568
1568
1568
1568
1568
1568
1568
1568
1568
1568
1568
1568
1568
1568
1568
1568
1568
1568
1568
1568
1568
1568
1568
1568
1568
1568
1568
1568
1568
1568
1568
1568
1568
1568
1568
1568
1568
1568
1568
1568
1568
1568
1568
1568
1568
1568
1568
1568
1568
1568
1568
1568
1568
1568
1568
1568
1568
1568
1568
1568
1568
1568
1568
1568
1568
1568
1568
1568
1568
1568
1568
1568
1568
1568
1568
1568
1568
1568
1568
1568
1568
1568
1568
1568
1568
1568
1568
1568
1568
1568
1568
1568
1568
1568
1568
1568
1568
1568
1568
1568
1568
1568
1568
1568
1568
1568
1568
1568
1568
1568
1568
1568
1568
1568
1568
1568
1568
1568
1568
1568
1568
1568
1568
1568
1568
1568
1568
1568
1568
1568
1568
1568
1568
1568
1568
1568
1568
1568
1568
1568
1568
1568
1568
1568
1568
1568
1568
1568
1568
1568
1568
1568
1568
1568
1568
1568
1568
1568
1568
1568
1568
1568
1568
1568
1568
1568
1568
1568
1568
1568
1568
1568
1568
1568
1568
1568
1568
1568
1568
1568
1568
1568
1568
1568
1568
1568
1568
1568
1568
1568
1568
1568
1568
1568
1568
1568
1568
1568
1568
1568
1568
1568
1568
1568
1568
1568
1568
1568
1568
1568
1568
1568
1568
1568
1568
1568
1568
1568
1568
1568
1568
1568
1568
1568
1568
1568
1568
1568
1568
1568
1568
1568
1568
1568
1568
1568
1568
1568
1568
1568
1568
1568
1568
1568
1568
1568
1568
1568
1568
1568
1568
1568
1568
1568
1568
1568
1568
1568
1568
1568
1568
1568
1568
1568
1568
1568
1568
1568
1568
1568
1568
1568
1568
1568
1568
1568
1568
1568
1568
1568
1568
1568
1568
1568
1568
1568
1568
1568
1568
1568
1568
1568
1568
1568
1568
1568
1568
1568
1568
1568
1568
1568
1568
1568
1568
1568
1568
1568
1568
1568
1568
1568
1567
1567
1567
1567
1567
1567
1567
1567
1567
1567
1567
1567
1567
1567
1567
1567
1567
1567
1567
1567
1567
1567
1567
1567
1567
1567
1567
1567
1567
1567
1567
1567
1567
1567
1567
1567
1567
1567
1567
1567
1567
1567
1567
1567
1567
1567
1567
1567
1567
1567
1567
1567
1567
1567
1567
1567
1567
1567
1567
1567
1567
1567
1567
1567
1567
1567
1567
1567
1567
1567
1567
1567
1567
1567
1567
1567
1567
1567
1567
1567
1567
1567
1567
1567
1567
1567
1567
1567
1567
1567
1567
1567
1567
1567
1567
1567
1567
1567
1567
1567
1567
1567
1567
1567
1567
1567
1567
1567
1567
1567
1567
1567
1567
1567
1567
1567
1567
1567
1567
1567
1567
1567
1567
1567
1567
1567
1567
1567
1567
1567
1567
1567
1567
1567
1567
1567
1567
1567
1567
1567
1567
1567
1567
1567
1567
1567
1567
1567
1567
1567
1567
1567
1567
1567
1567
1567
1567
1567
1567
1567
1567
1567
1567
1567
1567
1567
1567
1567
1567
1567
1567
1567
1567
1567
1567
1567
1567
1567
1567
1567
1567
1567
1567
1567
1567
1567
1567
1567
1567
1567
1567
1567
1567
1567
1567
1567
1567
1567
1567
1567
1567
1567
1567
1567
1567
1567
1567
1567
1567
1567
1567
1567
1567
1567
1567
1567
1567
1567
1567
1567
1567
1567
1567
1567
1567
1567
1567
1567
1567
1567
1567
1567
1567
1567
1567
1567
1567
1567
1567
1567
1567
1567
1567
1567
1567
1567
1567
1567
1567
1567
1567
1567
1567
1567
1567
1567
1567
1567
1567
1567
1567
1567
1567
1567
1567
1567
1567
1567
1567
1567
1567
1567
1567
1567
1567
1567
1567
1567
1567
1567
1567
1567
1567
1567
1567
1567
1567
1567
1567
1567
1567
1567
1567
1567
1567
1567
1567
1567
1567
1567
1567
1567
1567
1567
1567
1567
1567
1567
1567
1567
1567
1567
1567
1567
1567
1567
1567
1567
1567
1567
1567
1567
1567
1567
1567
1567
1567
1567
1567
1567
1567
1567
1567
1567
1567
1567
1567
1567
1567
1567
1567
1567
1567
1567
1567
1567
1567
1567
1567
1567
1567
1567
1567
1567
1567
1567
1567
1567
1567
1567
1567
1567
1567
1567
1567
1567
1567
1567
1567
1567
1567
1567
1567
1567
1567
1567
1567
1567
1567
1567
1567
1567
1567
1567
1567
1567
1567
1567
1567
1567
1567
1567
1567
1567
1567
1567
1567
1567
1567
1567
1567
1567
1567
1567
1567
1567
1567
1567
1567
1567
1567
1567
1567
1567
1567
1567
1567
1567
1567
1567
1567
1567
1567
1567
1567
1567
1567
1567
1567
1567
1567
1567
1567
1567
1567
1567
1567
1567
1567
1567
1567
1567
1567
1567
1567
1567
1567
1567
1567
1567
1567
1567
1567
1567
1567
1567
1567
1567
1567
1567
1567
1567
1567
1567
1567
1567
1567
1567
1567
1567
1567
1567
1567
1567
1567
1567
1567
1567
1566
1566
1566
1566
1566
1566
1566
1566
1566
1566
1566
1566
1566
1566
1566
1566
1566
1566
1566
1566
1566
1566
1566
1566
1566
1566
1566
1566
1566
1566
1566
1566
1566
1566
1566
1566
1566
1566
1566
1566
1566
1566
1566
1566
1566
1566
1566
1566
1566
1566
1566
1566
1566
1566
1566
1566
1566
1566
1566
1566
1566
1566
1566
1566
1566
1566
1566
1566
1566
1566
1566
1566
1566
1566
1566
1566
1566
1566
1566
1566
1566
1566
1566
1566
1566
1566
1566
1566
1566
1566
1566
1566
1566
1566
1566
1566
1566
1566
1566
1566
1566
1566
1566
1566
1566
1566
1566
1566
1566
1566
1566
1566
1566
1566
1566
1566
1566
1566
1566
1566
1566
1566
1566
1566
1566
1566
1566
1566
1566
1566
1566
1566
1566
1566
1566
1566
1566
1566
1566
1566
1566
1566
1566
1566
1566
1566
1566
1566
1566
1566
1566
1566
1566
1566
1566
1566
1566
1566
1566
1566
1566
1566
1566
1566
1566
1566
1566
1566
1566
1566
1566
1566
1566
1566
1566
1566
1566
1566
1566
1566
1566
1566
1566
1566
1566
1566
1566
1566
1566
1566
1566
1566
1566
1566
1566
1566
1566
1566
1566
1566
1566
1566
1566
1566
1566
1566
1566
1566
1566
1566
1566
1566
1566
1566
1566
1566
1566
1566
1566
1566
1566
1566
1566
1566
1566
1566
1566
1566
1566
1566
1566
1566
1566
1566
1566
1566
1566
1566
1566
1566
1566
1566
1566
1566
1566
1566
1566
1566
1566
1566
1566
1566
1566
1566
1566
1566
1566
1566
1566
1566
1566
1566
1566
1566
1566
1566
1566
1566
1566
1566
1566
1566
1566
1566
1566
1566
1566
1566
1566
1566
1566
1566
1566
1566
1566
1566
1566
1566
1566
1566
1566
1566
1566
1566
1566
1566
1566
1566
1566
1566
1566
1566
1566
1566
1566
1566
1566
1566
1566
1566
1566
1566
1566
1566
1566
1566
1566
1566
1566
1566
1566
1566
1566
1566
1566
1566
1566
1566
1566
1566
1566
1566
1566
1566
1566
1566
1566
1566
1566
1566
1566
1566
1566
1566
1566
1566
1566
1566
1566
1566
1566
1566
1566
1566
1566
1566
1566
1566
1566
1566
1566
1566
1566
1566
1566
1566
1566
1566
1566
1566
1566
1566
1566
1566
1566
1566
1566
1566
1566
1566
1566
1566
1566
1566
1566
1566
1566
1566
1566
1566
1566
1566
1566
1566
1566
1566
1566
1566
1566
1566
1566
1566
1566
1566
1566
1566
1566
1566
1566
1566
1566
1565
1565
1565
1565
1565
1565
1565
1565
1565
1565
1565
1565
1565
1565
1565
1565
1565
1565
1565
1565
1565
1565
1565
1565
1565
1565
1565
1565
1565
1565
1565
1565
1565
1565
1565
1565
1565
1565
1565
1565
1565
1565
1565
1565
1565
1565
1565
1565
1565
1565
1565
1565
1565
1565
1565
1565
1565
1565
1565
1565
1565
1565
1565
1565
1565
1565
1565
1565
1565
1565
1565
1565
1565
1565
1565
1565
1565
1565
1565
1565
1565
1565
1565
1565
1565
1565
1565
1565
1565
1565
1565
1565
1565
1565
1565
1565
1565
1565
1565
1565
1565
1565
1565
1565
1565
1565
1565
1565
1565
1565
1565
1565
1565
1565
1565
1565
1565
1565
1565
1565
1565
1565
1565
1565
1565
1565
1565
1565
1565
1565
1565
1565
1565
1565
1565
1565
1565
1565
1565
1565
1565
1565
1565
1565
1565
1565
1565
1565
1565
1565
1565
1565
1565
1565
1565
1565
1565
1565
1565
1565
1565
1565
1565
1565
1565
1565
1565
1565
1565
1565
1565
1565
1565
1565
1565
1565
1565
1565
1565
1565
1565
1565
1565
1565
1565
1565
1565
1565
1565
1565
1565
1565
1565
1565
1565
1565
1565
1565
1565
1565
1565
1565
1565
1565
1565
1565
1565
1565
1565
1565
1565
1565
1565
1565
1565
1565
1565
1565
1565
1565
1565
1565
1565
1565
1565
1565
1565
1565
1565
1565
1565
1565
1565
1565
1565
1565
1565
1565
1565
1565
1565
1565
1565
1565
1565
1565
1565
1565
1565
1565
1565
1565
1565
1565
1565
1565
1565
1565
1565
1565
1565
1565
1565
1565
1565
1565
1565
1565
1565
1565
1565
1565
1565
1565
1565
1565
1565
1565
1565
1565
1565
1565
1565
1565
1565
1565
1565
1565
1565
1565
1565
1565
1565
1565
1565
1565
1565
1565
1565
1565
1565
1565
1565
1565
1565
1565
1565
1565
1565
1565
1565
1565
1565
1565
1565
1565
1565
1565
1565
1565
1565
1565
1565
1565
1565
1565
1565
1565
1565
1565
1565
1565
1565
1565
1565
1565
1565
1565
1565
1565
1565
1565
1565
1565
1565
1565
1565
1565
1565
1565
1565
1565
1565
1565
1565
1565
1565
1565
1565
1565
1565
1565
1565
1565
1565
1565
1565
1565
1565
1565
1565
1565
1565
1565
1565
1565
1565
1565
1565
1565
1565
1565
1565
1565
1565
1565
1565
1565
1565
1565
1565
1565
1565
1565
1565
1565
1565
1565
1565
1565
1565
1565
1565
1565
1565
1565
1565
1565
1565
1565
1565
1565
1565
1564
1564
1564
1564
1564
1564
1564
1564
1564
1564
1564
1564
1564
1564
1564
1564
1564
1564
1564
1564
1564
1564
1564
1564
1564
1564
1564
1564
1564
1564
1564
1564
1564
1564
1564
1564
1564
1564
1564
1564
1564
1564
1564
1564
1564
1564
1564
1564
1564
1564
1564
1564
1564
1564
1564
1564
1564
1564
1564
1564
1564
1564
1564
1564
1564
1564
1564
1564
1564
1564
1564
1564
1564
1564
1564
1564
1564
1564
1564
1564
1564
1564
1564
1564
1564
1564
1564
1564
1564
1564
1564
1564
1564
1564
1564
1564
1564
1564
1564
1564
1564
1564
1564
1564
1564
1564
1564
1564
1564
1564
1564
1564
1564
1564
1564
1564
1564
1564
1564
1564
1564
1564
1564
1564
1564
1564
1564
1564
1564
1564
1564
1564
1564
1564
1564
1564
1564
1564
1564
1564
1564
1564
1564
1564
1564
1564
1564
1564
1564
1564
1564
1564
1564
1564
1564
1564
1564
1564
1564
1564
1564
1564
1564
1564
1564
1564
1564
1564
1564
1564
1564
1564
1564
1564
1564
1564
1564
1564
1564
1564
1564
1564
1564
1564
1564
1564
1564
1564
1564
1564
1564
1564
1564
1564
1564
1564
1564
1564
1564
1564
1564
1564
1564
1564
1564
1564
1564
1564
1564
1564
1564
1564
1564
1564
1564
1564
1564
1564
1564
1564
1564
1564
1564
1564
1564
1564
1564
1564
1564
1564
1564
1564
1564
1564
1564
1564
1564
1564
1564
1564
1564
1564
1564
1564
1564
1564
1564
1564
1564
1564
1564
1564
1564
1564
1564
1564
1564
1564
1564
1564
1564
1564
1564
1564
1564
1564
1564
1564
1564
1564
1564
1564
1564
1564
1564
1564
1564
1564
1564
1564
1564
1564
1564
1564
1564
1564
1564
1564
1564
1564
1564
1564
1564
1564
1564
1564
1564
1564
1564
1564
1564
1564
1564
1564
1564
1564
1564
1564
1564
1564
1564
1564
1564
1564
1564
1564
1564
1564
1564
1564
1564
1564
1564
1564
1564
1564
1564
1564
1564
1564
1564
1564
1564
1564
1564
1564
1564
1564
1564
1564
1564
1564
1564
1564
1564
1564
1564
1564
1564
1564
1564
1564
1564
1564
1564
1564
1564
1564
1564
1564
1564
1564
1564
1564
1564
1564
1564
1564
1564
1564
1564
1564
1564
1564
1564
1564
1564
1564
1564
1564
1564
1564
1564
1564
1564
1564
1564
1563
1563
1563
1563
1563
1563
1563
1563
1563
1563
1563
1563
1563
1563
1563
1563
1563
1563
1563
1563
1563
1563
1563
1563
1563
1563
1563
1563
1563
1563
1563
1563
1563
1563
1563
1563
1563
1563
1563
1563
1563
1563
1563
1563
1563
1563
1563
1563
1563
1563
1563
1563
1563
1563
1563
1563
1563
1563
1563
1563
1563
1563
1563
1563
1563
1563
1563
1563
1563
1563
1563
1563
1563
1563
1563
1563
1563
1563
1563
1563
1563
1563
1563
1563
1563
1563
1563
1563
1563
1563
1563
1563
1563
1563
1563
1563
1563
1563
1563
1563
1563
1563
1563
1563
1563
1563
1563
1563
1563
1563
1563
1563
1563
1563
1563
1563
1563
1563
1563
1563
1563
1563
1563
1563
1563
1563
1563
1563
1563
1563
1563
1563
1563
1563
1563
1563
1563
1563
1563
1563
1563
1563
1563
1563
1563
1563
1563
1563
1563
1563
1563
1563
1563
1563
1563
1563
1563
1563
1563
1563
1563
1563
1563
1563
1563
1563
1563
1563
1563
1563
1563
1563
1563
1563
1563
1563
1563
1563
1563
1563
1563
1563
1563
1563
1563
1563
1563
1563
1563
1563
1563
1563
1563
1563
1563
1563
1563
1563
1563
1563
1563
1563
1563
1563
1563
1563
1563
1563
1563
1563
1563
1563
1563
1563
1563
1563
1563
1563
1563
1563
1563
1563
1563
1563
1563
1563
1563
1563
1563
1563
1563
1563
1563
1563
1563
1563
1563
1563
1563
1563
1563
1563
1563
1563
1563
1563
1563
1563
1563
1563
1563
1563
1563
1563
1563
1563
1563
1563
1563
1563
1563
1563
1563
1563
1563
1563
1563
1563
1563
1563
1563
1563
1563
1563
1563
1563
1563
1563
1563
1563
1563
1563
1563
1563
1563
1563
1563
1563
1563
1563
1563
1563
1563
1563
1563
1563
1563
1563
1563
1563
1563
1563
1563
1563
1563
1563
1563
1563
1563
1563
1563
1563
1563
1563
1563
1563
1563
1563
1563
1563
1563
1563
1563
1563
1563
1563
1563
1563
1563
1563
1563
1563
1563
1563
1563
1563
1563
1563
1563
1563
1563
1563
1563
1563
1563
1563
1563
1563
1563
1563
1563
1563
1563
1563
1563
1563
1563
1563
1563
1563
1563
1563
1563
1563
1563
1563
1563
1563
1563
1563
1563
1563
1563
1562
1562
1562
1562
1562
1562
1562
1562
1562
1562
1562
1562
1562
1562
1562
1562
1562
1562
1562
1562
1562
1562
1562
1562
1562
1562
1562
1562
1562
1562
1562
1562
1562
1562
1562
1562
1562
1562
1562
1562
1562
1562
1562
1562
1562
1562
1562
1562
1562
1562
1562
1562
1562
1562
1562
1562
1562
1562
1562
1562
1562
1562
1562
1562
1562
1562
1562
1562
1562
1562
1562
1562
1562
1562
1562
1562
1562
1562
1562
1562
1562
1562
1562
1562
1562
1562
1562
1562
1562
1562
1562
1562
1562
1562
1562
1562
1562
1562
1562
1562
1562
1562
1562
1562
1562
1562
1562
1562
1562
1562
1562
1562
1562
1562
1562
1562
1562
1562
1562
1562
1562
1562
1562
1562
1562
1562
1562
1562
1562
1562
1562
1562
1562
1562
1562
1562
1562
1562
1562
1562
1562
1562
1562
1562
1562
1562
1562
1562
1562
1562
1562
1562
1562
1562
1562
1562
1562
1562
1562
1562
1562
1562
1562
1562
1562
1562
1562
1562
1562
1562
1562
1562
1562
1562
1562
1562
1562
1562
1562
1562
1562
1562
1562
1562
1562
1562
1562
1562
1562
1562
1562
1562
1562
1562
1562
1562
1562
1562
1562
1562
1562
1562
1562
1562
1562
1562
1562
1562
1562
1562
1562
1562
1562
1562
1562
1562
1562
1562
1562
1562
1562
1562
1562
1562
1562
1562
1562
1562
1562
1562
1562
1562
1562
1562
1562
1562
1562
1562
1562
1562
1562
1562
1562
1562
1562
1562
1562
1562
1562
1562
1562
1562
1562
1562
1562
1562
1562
1562
1562
1562
1562
1562
1562
1562
1562
1562
1562
1562
1562
1562
1562
1562
1562
1562
1562
1562
1562
1562
1562
1562
1562
1562
1562
1562
1562
1562
1562
1562
1562
1562
1562
1562
1562
1562
1562
1562
1562
1562
1562
1562
1562
1562
1562
1562
1562
1562
1562
1562
1562
1562
1562
1562
1562
1562
1562
1562
1562
1562
1562
1562
1562
1562
1562
1562
1562
1562
1562
1562
1562
1562
1562
1562
1562
1562
1562
1562
1562
1562
1562
1562
1562
1562
1562
1562
1562
1562
1562
1562
1562
1562
1562
1562
1562
1562
1562
1562
1562
1562
1562
1562
1562
1562
1562
1562
1562
1562
1562
1562
1562
1562
1562
1562
1562
1562
1562
1562
1562
1561
1561
1561
1561
1561
1561
1561
1561
1561
1561
1561
1561
1561
1561
1561
1561
1561
1561
1561
1561
1561
1561
1561
1561
1561
1561
1561
1561
1561
1561
1561
1561
1561
1561
1561
1561
1561
1561
1561
1561
1561
1561
1561
1561
1561
1561
1561
1561
1561
1561
1561
1561
1561
1561
1561
1561
1561
1561
1561
1561
1561
1561
1561
1561
1561
1561
1561
1561
1561
1561
1561
1561
1561
1561
1561
1561
1561
1561
1561
1561
1561
1561
1561
1561
1561
1561
1561
1561
1561
1561
1561
1561
1561
1561
1561
1561
1561
1561
1561
1561
1561
1561
1561
1561
1561
1561
1561
1561
1561
1561
1561
1561
1561
1561
1561
1561
1561
1561
1561
1561
1561
1561
1561
1561
1561
1561
1561
1561
1561
1561
1561
1561
1561
1561
1561
1561
1561
1561
1561
1561
1561
1561
1561
1561
1561
1561
1561
1561
1561
1561
1561
1561
1561
1561
1561
1561
1561
1561
1561
1561
1561
1561
1561
1561
1561
1561
1561
1561
1561
1561
1561
1561
1561
1561
1561
1561
1561
1561
1561
1561
1561
1561
1561
1561
1561
1561
1561
1561
1561
1561
1561
1561
1561
1561
1561
1561
1561
1561
1561
1561
1561
1561
1561
1561
1561
1561
1561
1561
1561
1561
1561
1561
1561
1561
1561
1561
1561
1561
1561
1561
1561
1561
1561
1561
1561
1561
1561
1561
1561
1561
1561
1561
1561
1561
1561
1561
1561
1561
1561
1561
1561
1561
1561
1561
1561
1561
1561
1561
1561
1561
1561
1561
1561
1561
1561
1561
1561
1561
1561
1561
1561
1561
1561
1561
1561
1561
1561
1561
1561
1561
1561
1561
1561
1561
1561
1561
1561
1561
1561
1561
1561
1561
1561
1561
1561
1561
1561
1561
1561
1561
1561
1561
1561
1561
1561
1561
1561
1561
1561
1561
1561
1561
1561
1561
1561
1561
1561
1561
1561
1561
1561
1561
1561
1561
1561
1561
1561
1561
1561
1561
1561
1561
1561
1561
1561
1561
1561
1561
1561
1561
1561
1561
1561
1561
1561
1561
1561
1561
1561
1561
1561
1561
1561
1561
1561
1561
1561
1561
1561
1561
1561
1561
1561
1561
1561
1561
1561
1561
1560
1560
1560
1560
1560
1560
1560
1560
1560
1560
1560
1560
1560
1560
1560
1560
1560
1560
1560
1560
1560
1560
1560
1560
1560
1560
1560
1560
1560
1560
1560
1560
1560
1560
1560
1560
1560
1560
1560
1560
1560
1560
1560
1560
1560
1560
1560
1560
1560
1560
1560
1560
1560
1560
1560
1560
1560
1560
1560
1560
1560
1560
1560
1560
1560
1560
1560
1560
1560
1560
1560
1560
1560
1560
1560
1560
1560
1560
1560
1560
1560
1560
1560
1560
1560
1560
1560
1560
1560
1560
1560
1560
1560
1560
1560
1560
1560
1560
1560
1560
1560
1560
1560
1560
1560
1560
1560
1560
1560
1560
1560
1560
1560
1560
1560
1560
1560
1560
1560
1560
1560
1560
1560
1560
1560
1560
1560
1560
1560
1560
1560
1560
1560
1560
1560
1560
1560
1560
1560
1560
1560
1560
1560
1560
1560
1560
1560
1560
1560
1560
1560
1560
1560
1560
1560
1560
1560
1560
1560
1560
1560
1560
1560
1560
1560
1560
1560
1560
1560
1560
1560
1560
1560
1560
1560
1560
1560
1560
1560
1560
1560
1560
1560
1560
1560
1560
1560
1560
1560
1560
1560
1560
1560
1560
1560
1560
1560
1560
1560
1560
1560
1560
1560
1560
1560
1560
1560
1560
1560
1560
1560
1560
1560
1560
1560
1560
1560
1560
1560
1560
1560
1560
1560
1560
1560
1560
1560
1560
1560
1560
1560
1560
1560
1560
1560
1560
1560
1560
1560
1560
1560
1560
1560
1560
1560
1560
1560
1560
1560
1560
1560
1560
1560
1560
1560
1560
1560
1560
1560
1560
1560
1560
1560
1560
1560
1560
1560
1560
1560
1560
1560
1560
1560
1560
1560
1560
1560
1560
1560
1560
1560
1560
1560
1560
1560
1560
1560
1560
1560
1560
1560
1560
1560
1560
1560
1560
1560
1560
1560
1560
1560
1560
1560
1560
1560
1560
1560
1560
1560
1560
1560
1560
1560
1560
1560
1560
1560
1560
1560
1560
1560
1560
1560
1560
1560
1560
1560
1560
1560
1560
1560
1560
1560
1560
1560
1560
1560
1560
1560
1560
1560
1560
1560
1560
1560
1560
1560
1560
1560
1560
1560
1560
1560
1560
1560
1560
1560
1560
1560
1560
1560
1560
1560
1560
1560
1560
1560
1560
1560
1560
1560
1560
1560
1560
1560
1560
1560
1560
1559
1559
1559
1559
1559
1559
1559
1559
1559
1559
1559
1559
1559
1559
1559
1559
1559
1559
1559
1559
1559
1559
1559
1559
1559
1559
1559
1559
1559
1559
1559
1559
1559
1559
1559
1559
1559
1559
1559
1559
1559
1559
1559
1559
1559
1559
1559
1559
1559
1559
1559
1559
1559
1559
1559
1559
1559
1559
1559
1559
1559
1559
1559
1559
1559
1559
1559
1559
1559
1559
1559
1559
1559
1559
1559
1559
1559
1559
1559
1559
1559
1559
1559
1559
1559
1559
1559
1559
1559
1559
1559
1559
1559
1559
1559
1559
1559
1559
1559
1559
1559
1559
1559
1559
1559
1559
1559
1559
1559
1559
1559
1559
1559
1559
1559
1559
1559
1559
1559
1559
1559
1559
1559
1559
1559
1559
1559
1559
1559
1559
1559
1559
1559
1559
1559
1559
1559
1559
1559
1559
1559
1559
1559
1559
1559
1559
1559
1559
1559
1559
1559
1559
1559
1559
1559
1559
1559
1559
1559
1559
1559
1559
1559
1559
1559
1559
1559
1559
1559
1559
1559
1559
1559
1559
1559
1559
1559
1559
1559
1559
1559
1559
1559
1559
1559
1559
1559
1559
1559
1559
1559
1559
1559
1559
1559
1559
1559
1559
1559
1559
1559
1559
1559
1559
1559
1559
1559
1559
1559
1559
1559
1559
1559
1559
1559
1559
1559
1559
1559
1559
1559
1559
1559
1559
1559
1559
1559
1559
1559
1559
1559
1559
1559
1559
1559
1559
1559
1559
1559
1559
1559
1559
1559
1559
1559
1559
1559
1559
1559
1559
1559
1559
1559
1559
1559
1559
1559
1559
1559
1559
1559
1559
1559
1559
1559
1559
1559
1559
1559
1559
1559
1559
1559
1559
1559
1559
1559
1559
1559
1559
1559
1559
1559
1559
1559
1559
1559
1559
1559
1559
1559
1559
1559
1559
1559
1559
1559
1559
1559
1559
1559
1559
1559
1559
1559
1559
1559
1559
1559
1559
1559
1559
1559
1559
1559
1559
1559
1559
1559
1559
1559
1559
1559
1559
1559
1559
1559
1559
1559
1559
1559
1559
1559
1559
1559
1559
1559
1559
1559
1559
1559
1559
1559
1559
1559
1559
1559
1559
1559
1559
1559
1559
1559
1559
1559
1559
1559
1559
1559
1559
1559
1558
1558
1558
1558
1558
1558
1558
1558
1558
1558
1558
1558
1558
1558
1558
1558
1558
1558
1558
1558
1558
1558
1558
1558
1558
1558
1558
1558
1558
1558
1558
1558
1558
1558
1558
1558
1558
1558
1558
1558
1558
1558
1558
1558
1558
1558
1558
1558
1558
1558
1558
1558
1558
1558
1558
1558
1558
1558
1558
1558
1558
1558
1558
1558
1558
1558
1558
1558
1558
1558
1558
1558
1558
1558
1558
1558
1558
1558
1558
1558
1558
1558
1558
1558
1558
1558
1558
1558
1558
1558
1558
1558
1558
1558
1558
1558
1558
1558
1558
1558
1558
1558
1558
1558
1558
1558
1558
1558
1558
1558
1558
1558
1558
1558
1558
1558
1558
1558
1558
1558
1558
1558
1558
1558
1558
1558
1558
1558
1558
1558
1558
1558
1558
1558
1558
1558
1558
1558
1558
1558
1558
1558
1558
1558
1558
1558
1558
1558
1558
1558
1558
1558
1558
1558
1558
1558
1558
1558
1558
1558
1558
1558
1558
1558
1558
1558
1558
1558
1558
1558
1558
1558
1558
1558
1558
1558
1558
1558
1558
1558
1558
1558
1558
1558
1558
1558
1558
1558
1558
1558
1558
1558
1558
1558
1558
1558
1558
1558
1558
1558
1558
1558
1558
1558
1558
1558
1558
1558
1558
1558
1558
1558
1558
1558
1558
1558
1558
1558
1558
1558
1558
1558
1558
1558
1558
1558
1558
1558
1558
1558
1558
1558
1558
1558
1558
1558
1558
1558
1558
1558
1558
1558
1558
1558
1558
1558
1558
1558
1558
1558
1558
1558
1558
1558
1558
1558
1558
1558
1558
1558
1558
1558
1558
1558
1558
1558
1558
1558
1558
1558
1558
1558
1558
1558
1558
1558
1558
1558
1558
1558
1558
1558
1558
1558
1558
1558
1558
1558
1558
1558
1558
1558
1558
1558
1558
1558
1558
1558
1558
1558
1558
1558
1558
1558
1558
1558
1558
1558
1558
1558
1558
1558
1558
1558
1558
1558
1558
1558
1558
1558
1558
1558
1558
1558
1558
1558
1558
1558
1558
1558
1558
1558
1558
1558
1558
1558
1558
1558
1558
1558
1558
1558
1558
1558
1558
1558
1558
1558
1558
1558
1558
1558
1558
1558
1558
1558
1558
1558
1558
1558
1558
1557
1557
1557
1557
1557
1557
1557
1557
1557
1557
1557
1557
1557
1557
1557
1557
1557
1557
1557
1557
1557
1557
1557
1557
1557
1557
1557
1557
1557
1557
1557
1557
1557
1557
1557
1557
1557
1557
1557
1557
1557
1557
1557
1557
1557
1557
1557
1557
1557
1557
1557
1557
1557
1557
1557
1557
1557
1557
1557
1557
1557
1557
1557
1557
1557
1557
1557
1557
1557
1557
1557
1557
1557
1557
1557
1557
1557
1557
1557
1557
1557
1557
1557
1557
1557
1557
1557
1557
1557
1557
1557
1557
1557
1557
1557
1557
1557
1557
1557
1557
1557
1557
1557
1557
1557
1557
1557
1557
1557
1557
1557
1557
1557
1557
1557
1557
1557
1557
1557
1557
1557
1557
1557
1557
1557
1557
1557
1557
1557
1557
1557
1557
1557
1557
1557
1557
1557
1557
1557
1557
1557
1557
1557
1557
1557
1557
1557
1557
1557
1557
1557
1557
1557
1557
1557
1557
1557
1557
1557
1557
1557
1557
1557
1557
1557
1557
1557
1557
1557
1557
1557
1557
1557
1557
1557
1557
1557
1557
1557
1557
1557
1557
1557
1557
1557
1557
1557
1557
1557
1557
1557
1557
1557
1557
1557
1557
1557
1557
1557
1557
1557
1557
1557
1557
1557
1557
1557
1557
1557
1557
1557
1557
1557
1557
1557
1557
1557
1557
1557
1557
1557
1557
1557
1557
1557
1557
1557
1557
1557
1557
1557
1557
1557
1557
1557
1557
1557
1557
1557
1557
1557
1557
1557
1557
1557
1557
1557
1557
1557
1557
1557
1557
1557
1557
1557
1557
1557
1557
1557
1557
1557
1557
1557
1557
1557
1557
1557
1557
1557
1557
1557
1557
1557
1557
1557
1557
1557
1557
1557
1557
1557
1557
1557
1557
1557
1557
1557
1557
1557
1557
1557
1557
1557
1557
1557
1557
1557
1557
1557
1557
1557
1557
1557
1557
1557
1557
1557
1557
1557
1557
1557
1557
1557
1557
1557
1557
1557
1557
1557
1557
1557
1557
1557
1557
1557
1557
1557
1557
1557
1557
1557
1557
1557
1557
1557
1557
1557
1557
1557
1557
1556
1556
1556
1556
1556
1556
1556
1556
1556
1556
1556
1556
1556
1556
1556
1556
1556
1556
1556
1556
1556
1556
1556
1556
1556
1556
1556
1556
1556
1556
1556
1556
1556
1556
1556
1556
1556
1556
1556
1556
1556
1556
1556
1556
1556
1556
1556
1556
1556
1556
1556
1556
1556
1556
1556
1556
1556
1556
1556
1556
1556
1556
1556
1556
1556
1556
1556
1556
1556
1556
1556
1556
1556
1556
1556
1556
1556
1556
1556
1556
1556
1556
1556
1556
1556
1556
1556
1556
1556
1556
1556
1556
1556
1556
1556
1556
1556
1556
1556
1556
1556
1556
1556
1556
1556
1556
1556
1556
1556
1556
1556
1556
1556
1556
1556
1556
1556
1556
1556
1556
1556
1556
1556
1556
1556
1556
1556
1556
1556
1556
1556
1556
1556
1556
1556
1556
1556
1556
1556
1556
1556
1556
1556
1556
1556
1556
1556
1556
1556
1556
1556
1556
1556
1556
1556
1556
1556
1556
1556
1556
1556
1556
1556
1556
1556
1556
1556
1556
1556
1556
1556
1556
1556
1556
1556
1556
1556
1556
1556
1556
1556
1556
1556
1556
1556
1556
1556
1556
1556
1556
1556
1556
1556
1556
1556
1556
1556
1556
1556
1556
1556
1556
1556
1556
1556
1556
1556
1556
1556
1556
1556
1556
1556
1556
1556
1556
1556
1556
1556
1556
1556
1556
1556
1556
1556
1556
1556
1556
1556
1556
1556
1556
1556
1556
1556
1556
1556
1556
1556
1556
1556
1556
1556
1556
1556
1556
1556
1556
1556
1556
1556
1556
1556
1556
1556
1556
1556
1556
1556
1556
1556
1556
1556
1556
1556
1556
1556
1556
1556
1556
1556
1556
1556
1556
1556
1556
1556
1556
1556
1556
1556
1556
1556
1556
1556
1556
1556
1556
1556
1556
1556
1556
1556
1556
1556
1556
1556
1556
1556
1556
1556
1556
1556
1556
1556
1556
1556
1556
1556
1556
1556
1556
1556
1556
1556
1556
1556
1556
1556
1556
1556
1556
1556
1556
1556
1556
1556
1556
1556
1556
1556
1556
1556
1556
1556
1556
1556
1556
1556
1555
1555
1555
1555
1555
1555
1555
1555
1555
1555
1555
1555
1555
1555
1555
1555
1555
1555
1555
1555
1555
1555
1555
1555
1555
1555
1555
1555
1555
1555
1555
1555
1555
1555
1555
1555
1555
1555
1555
1555
1555
1555
1555
1555
1555
1555
1555
1555
1555
1555
1555
1555
1555
1555
1555
1555
1555
1555
1555
1555
1555
1555
1555
1555
1555
1555
1555
1555
1555
1555
1555
1555
1555
1555
1555
1555
1555
1555
1555
1555
1555
1555
1555
1555
1555
1555
1555
1555
1555
1555
1555
1555
1555
1555
1555
1555
1555
1555
1555
1555
1555
1555
1555
1555
1555
1555
1555
1555
1555
1555
1555
1555
1555
1555
1555
1555
1555
1555
1555
1555
1555
1555
1555
1555
1555
1555
1555
1555
1555
1555
1555
1555
1555
1555
1555
1555
1555
1555
1555
1555
1555
1555
1555
1555
1555
1555
1555
1555
1555
1555
1555
1555
1555
1555
1555
1555
1555
1555
1555
1555
1555
1555
1555
1555
1555
1555
1555
1555
1555
1555
1555
1555
1555
1555
1555
1555
1555
1555
1555
1555
1555
1555
1555
1555
1555
1555
1555
1555
1555
1555
1555
1555
1555
1555
1555
1555
1555
1555
1555
1555
1555
1555
1555
1555
1555
1555
1555
1555
1555
1555
1555
1555
1555
1555
1555
1555
1555
1555
1555
1555
1555
1555
1555
1555
1555
1555
1555
1555
1555
1555
1555
1555
1555
1555
1555
1555
1555
1555
1555
1555
1555
1555
1555
1555
1555
1555
1555
1555
1555
1555
1555
1555
1555
1555
1555
1555
1555
1555
1555
1555
1555
1555
1555
1555
1555
1555
1555
1555
1555
1555
1555
1555
1555
1555
1555
1555
1555
1555
1555
1555
1555
1555
1555
1555
1555
1555
1555
1555
1555
1555
1555
1555
1555
1555
1555
1555
1555
1555
1555
1555
1555
1555
1555
1555
1555
1555
1555
1555
1555
1555
1555
1555
1554
1554
1554
1554
1554
1554
1554
1554
1554
1554
1554
1554
1554
1554
1554
1554
1554
1554
1554
1554
1554
1554
1554
1554
1554
1554
1554
1554
1554
1554
1554
1554
1554
1554
1554
1554
1554
1554
1554
1554
1554
1554
1554
1554
1554
1554
1554
1554
1554
1554
1554
1554
1554
1554
1554
1554
1554
1554
1554
1554
1554
1554
1554
1554
1554
1554
1554
1554
1554
1554
1554
1554
1554
1554
1554
1554
1554
1554
1554
1554
1554
1554
1554
1554
1554
1554
1554
1554
1554
1554
1554
1554
1554
1554
1554
1554
1554
1554
1554
1554
1554
1554
1554
1554
1554
1554
1554
1554
1554
1554
1554
1554
1554
1554
1554
1554
1554
1554
1554
1554
1554
1554
1554
1554
1554
1554
1554
1554
1554
1554
1554
1554
1554
1554
1554
1554
1554
1554
1554
1554
1554
1554
1554
1554
1554
1554
1554
1554
1554
1554
1554
1554
1554
1554
1554
1554
1554
1554
1554
1554
1554
1554
1554
1554
1554
1554
1554
1554
1554
1554
1554
1554
1554
1554
1554
1554
1554
1554
1554
1554
1554
1554
1554
1554
1554
1554
1554
1554
1554
1554
1554
1554
1554
1554
1554
1554
1554
1554
1554
1554
1554
1554
1554
1554
1554
1554
1554
1554
1554
1554
1554
1554
1554
1554
1554
1554
1554
1554
1554
1554
1554
1554
1554
1554
1554
1554
1554
1554
1554
1554
1554
1554
1554
1554
1554
1554
1554
1554
1554
1554
1554
1554
1554
1554
1554
1554
1554
1554
1554
1554
1554
1554
1554
1554
1554
1554
1554
1554
1554
1554
1554
1554
1554
1554
1554
1554
1554
1554
1554
1554
1554
1554
1554
1554
1554
1554
1554
1554
1554
1554
1554
1554
1554
1554
1554
1554
1554
1554
1554
1554
1554
1554
1554
1554
1554
1554
1554
1554
1554
1554
1554
1554
1554
1554
1554
1554
1554
1554
1554
1554
1554
1554
1554
1554
1554
1554
1554
1554
1554
1554
1554
1554
1554
1553
1553
1553
1553
1553
1553
1553
1553
1553
1553
1553
1553
1553
1553
1553
1553
1553
1553
1553
1553
1553
1553
1553
1553
1553
1553
1553
1553
1553
1553
1553
1553
1553
1553
1553
1553
1553
1553
1553
1553
1553
1553
1553
1553
1553
1553
1553
1553
1553
1553
1553
1553
1553
1553
1553
1553
1553
1553
1553
1553
1553
1553
1553
1553
1553
1553
1553
1553
1553
1553
1553
1553
1553
1553
1553
1553
1553
1553
1553
1553
1553
1553
1553
1553
1553
1553
1553
1553
1553
1553
1553
1553
1553
1553
1553
1553
1553
1553
1553
1553
1553
1553
1553
1553
1553
1553
1553
1553
1553
1553
1553
1553
1553
1553
1553
1553
1553
1553
1553
1553
1553
1553
1553
1553
1553
1553
1553
1553
1553
1553
1553
1553
1553
1553
1553
1553
1553
1553
1553
1553
1553
1553
1553
1553
1553
1553
1553
1553
1553
1553
1553
1553
1553
1553
1553
1553
1553
1553
1553
1553
1553
1553
1553
1553
1553
1553
1553
1553
1553
1553
1553
1553
1553
1553
1553
1553
1553
1553
1553
1553
1553
1553
1553
1553
1553
1553
1553
1553
1553
1553
1553
1553
1553
1553
1553
1553
1553
1553
1553
1553
1553
1553
1553
1553
1553
1553
1553
1553
1553
1553
1553
1553
1553
1553
1553
1553
1553
1553
1553
1553
1553
1553
1553
1553
1553
1553
1553
1553
1553
1553
1553
1553
1553
1553
1553
1553
1553
1553
1553
1553
1553
1553
1553
1553
1553
1553
1553
1553
1553
1553
1553
1553
1553
1553
1553
1553
1553
1553
1553
1553
1553
1553
1553
1553
1553
1553
1553
1553
1553
1553
1553
1553
1553
1553
1553
1553
1553
1553
1553
1553
1553
1553
1553
1553
1553
1553
1553
1553
1553
1553
1553
1553
1553
1553
1553
1553
1553
1553
1553
1553
1553
1553
1553
1553
1553
1553
1553
1553
1553
1553
1553
1553
1553
1553
1553
1553
1553
1553
1553
1553
1553
1552
1552
1552
1552
1552
1552
1552
1552
1552
1552
1552
1552
1552
1552
1552
1552
1552
1552
1552
1552
1552
1552
1552
1552
1552
1552
1552
1552
1552
1552
1552
1552
1552
1552
1552
1552
1552
1552
1552
1552
1552
1552
1552
1552
1552
1552
1552
1552
1552
1552
1552
1552
1552
1552
1552
1552
1552
1552
1552
1552
1552
1552
1552
1552
1552
1552
1552
1552
1552
1552
1552
1552
1552
1552
1552
1552
1552
1552
1552
1552
1552
1552
1552
1552
1552
1552
1552
1552
1552
1552
1552
1552
1552
1552
1552
1552
1552
1552
1552
1552
1552
1552
1552
1552
1552
1552
1552
1552
1552
1552
1552
1552
1552
1552
1552
1552
1552
1552
1552
1552
1552
1552
1552
1552
1552
1552
1552
1552
1552
1552
1552
1552
1552
1552
1552
1552
1552
1552
1552
1552
1552
1552
1552
1552
1552
1552
1552
1552
1552
1552
1552
1552
1552
1552
1552
1552
1552
1552
1552
1552
1552
1552
1552
1552
1552
1552
1552
1552
1552
1552
1552
1552
1552
1552
1552
1552
1552
1552
1552
1552
1552
1552
1552
1552
1552
1552
1552
1552
1552
1552
1552
1552
1552
1552
1552
1552
1552
1552
1552
1552
1552
1552
1552
1552
1552
1552
1552
1552
1552
1552
1552
1552
1552
1552
1552
1552
1552
1552
1552
1552
1552
1552
1552
1552
1552
1552
1552
1552
1552
1552
1552
1552
1552
1552
1552
1552
1552
1552
1552
1552
1552
1552
1552
1552
1552
1552
1552
1552
1552
1552
1552
1552
1552
1552
1552
1552
1552
1552
1552
1552
1552
1552
1552
1552
1552
1552
1552
1552
1552
1552
1552
1552
1552
1552
1552
1552
1552
1552
1552
1552
1552
1552
1552
1552
1552
1552
1552
1552
1552
1552
1552
1552
1552
1552
1552
1552
1552
1552
1552
1552
1552
1552
1552
1551
1551
1551
1551
1551
1551
1551
1551
1551
1551
1551
1551
1551
1551
1551
1551
1551
1551
1551
1551
1551
1551
1551
1551
1551
1551
1551
1551
1551
1551
1551
1551
1551
1551
1551
1551
1551
1551
1551
1551
1551
1551
1551
1551
1551
1551
1551
1551
1551
1551
1551
1551
1551
1551
1551
1551
1551
1551
1551
1551
1551
1551
1551
1551
1551
1551
1551
1551
1551
1551
1551
1551
1551
1551
1551
1551
1551
1551
1551
1551
1551
1551
1551
1551
1551
1551
1551
1551
1551
1551
1551
1551
1551
1551
1551
1551
1551
1551
1551
1551
1551
1551
1551
1551
1551
1551
1551
1551
1551
1551
1551
1551
1551
1551
1551
1551
1551
1551
1551
1551
1551
1551
1551
1551
1551
1551
1551
1551
1551
1551
1551
1551
1551
1551
1551
1551
1551
1551
1551
1551
1551
1551
1551
1551
1551
1551
1551
1551
1551
1551
1551
1551
1551
1551
1551
1551
1551
1551
1551
1551
1551
1551
1551
1551
1551
1551
1551
1551
1551
1551
1551
1551
1551
1551
1551
1551
1551
1551
1551
1551
1551
1551
1551
1551
1551
1551
1551
1551
1551
1551
1551
1551
1551
1551
1551
1551
1551
1551
1551
1551
1551
1551
1551
1551
1551
1551
1551
1551
1551
1551
1551
1551
1551
1551
1551
1551
1551
1551
1551
1551
1551
1551
1551
1551
1551
1551
1551
1551
1551
1551
1551
1551
1551
1551
1551
1551
1551
1551
1551
1551
1551
1551
1551
1551
1551
1551
1551
1551
1551
1551
1551
1551
1551
1551
1551
1551
1551
1551
1551
1551
1551
1551
1551
1551
1551
1551
1551
1551
1551
1551
1551
1551
1551
1551
1551
1551
1551
1551
1551
1551
1551
1551
1550
1550
1550
1550
1550
1550
1550
1550
1550
1550
1550
1550
1550
1550
1550
1550
1550
1550
1550
1550
1550
1550
1550
1550
1550
1550
1550
1550
1550
1550
1550
1550
1550
1550
1550
1550
1550
1550
1550
1550
1550
1550
1550
1550
1550
1550
1550
1550
1550
1550
1550
1550
1550
1550
1550
1550
1550
1550
1550
1550
1550
1550
1550
1550
1550
1550
1550
1550
1550
1550
1550
1550
1550
1550
1550
1550
1550
1550
1550
1550
1550
1550
1550
1550
1550
1550
1550
1550
1550
1550
1550
1550
1550
1550
1550
1550
1550
1550
1550
1550
1550
1550
1550
1550
1550
1550
1550
1550
1550
1550
1550
1550
1550
1550
1550
1550
1550
1550
1550
1550
1550
1550
1550
1550
1550
1550
1550
1550
1550
1550
1550
1550
1550
1550
1550
1550
1550
1550
1550
1550
1550
1550
1550
1550
1550
1550
1550
1550
1550
1550
1550
1550
1550
1550
1550
1550
1550
1550
1550
1550
1550
1550
1550
1550
1550
1550
1550
1550
1550
1550
1550
1550
1550
1550
1550
1550
1550
1550
1550
1550
1550
1550
1550
1550
1550
1550
1550
1550
1550
1550
1550
1550
1550
1550
1550
1550
1550
1550
1550
1550
1550
1550
1550
1550
1550
1550
1550
1550
1550
1550
1550
1550
1550
1550
1550
1550
1550
1550
1550
1550
1550
1550
1550
1550
1550
1550
1550
1550
1550
1550
1550
1550
1550
1550
1550
1550
1550
1550
1550
1550
1550
1550
1550
1550
1550
1550
1550
1550
1550
1550
1550
1550
1550
1550
1550
1550
1550
1550
1550
1550
1550
1550
1550
1550
1550
1550
1550
1550
1550
1550
1550
1550
1550
1550
1550
1550
1550
1550
1550
1550
1550
1550
1550
1550
1550
1550
1550
1550
1550
1550
1550
1550
1550
1550
1550
1550
1550
1550
1550
1550
1550
1550
1550
1550
1550
1550
1550
1550
1550
1550
1550
1549
1549
1549
1549
1549
1549
1549
1549
1549
1549
1549
1549
1549
1549
1549
1549
1549
1549
1549
1549
1549
1549
1549
1549
1549
1549
1549
1549
1549
1549
1549
1549
1549
1549
1549
1549
1549
1549
1549
1549
1549
1549
1549
1549
1549
1549
1549
1549
1549
1549
1549
1549
1549
1549
1549
1549
1549
1549
1549
1549
1549
1549
1549
1549
1549
1549
1549
1549
1549
1549
1549
1549
1549
1549
1549
1549
1549
1549
1549
1549
1549
1549
1549
1549
1549
1549
1549
1549
1549
1549
1549
1549
1549
1549
1549
1549
1549
1549
1549
1549
1549
1549
1549
1549
1549
1549
1549
1549
1549
1549
1549
1549
1549
1549
1549
1549
1549
1549
1549
1549
1549
1549
1549
1549
1549
1549
1549
1549
1549
1549
1549
1549
1549
1549
1549
1549
1549
1549
1549
1549
1549
1549
1549
1549
1549
1549
1549
1549
1549
1549
1549
1549
1549
1549
1549
1549
1549
1549
1549
1549
1549
1549
1549
1549
1549
1549
1549
1549
1549
1549
1549
1549
1549
1549
1549
1549
1549
1549
1549
1549
1549
1549
1549
1549
1549
1549
1549
1549
1549
1549
1549
1549
1549
1549
1549
1549
1549
1549
1549
1549
1549
1549
1549
1549
1549
1549
1549
1549
1549
1549
1549
1549
1549
1549
1549
1549
1549
1549
1549
1549
1549
1549
1549
1549
1549
1549
1549
1549
1549
1549
1549
1549
1549
1549
1549
1549
1549
1549
1549
1549
1549
1549
1549
1549
1549
1549
1549
1549
1549
1549
1549
1549
1549
1549
1549
1549
1549
1549
1549
1549
1549
1549
1549
1549
1549
1549
1549
1549
1549
1549
1549
1549
1549
1549
1549
1549
1549
1549
1549
1549
1549
1549
1549
1549
1549
1549
1548
1548
1548
1548
1548
1548
1548
1548
1548
1548
1548
1548
1548
1548
1548
1548
1548
1548
1548
1548
1548
1548
1548
1548
1548
1548
1548
1548
1548
1548
1548
1548
1548
1548
1548
1548
1548
1548
1548
1548
1548
1548
1548
1548
1548
1548
1548
1548
1548
1548
1548
1548
1548
1548
1548
1548
1548
1548
1548
1548
1548
1548
1548
1548
1548
1548
1548
1548
1548
1548
1548
1548
1548
1548
1548
1548
1548
1548
1548
1548
1548
1548
1548
1548
1548
1548
1548
1548
1548
1548
1548
1548
1548
1548
1548
1548
1548
1548
1548
1548
1548
1548
1548
1548
1548
1548
1548
1548
1548
1548
1548
1548
1548
1548
1548
1548
1548
1548
1548
1548
1548
1548
1548
1548
1548
1548
1548
1548
1548
1548
1548
1548
1548
1548
1548
1548
1548
1548
1548
1548
1548
1548
1548
1548
1548
1548
1548
1548
1548
1548
1548
1548
1548
1548
1548
1548
1548
1548
1548
1548
1548
1548
1548
1548
1548
1548
1548
1548
1548
1548
1548
1548
1548
1548
1548
1548
1548
1548
1548
1548
1548
1548
1548
1548
1548
1548
1548
1548
1548
1548
1548
1548
1548
1548
1548
1548
1548
1548
1548
1548
1548
1548
1548
1548
1548
1548
1548
1548
1548
1548
1548
1548
1548
1548
1548
1548
1548
1548
1548
1548
1548
1548
1548
1548
1548
1548
1548
1548
1548
1548
1548
1548
1548
1548
1548
1548
1548
1548
1548
1548
1548
1548
1548
1548
1548
1548
1548
1548
1548
1548
1548
1548
1548
1548
1548
1548
1548
1548
1548
1548
1548
1548
1548
1548
1548
1548
1548
1548
1548
1548
1548
1548
1548
1548
1548
1548
1548
1548
1548
1548
1547
1547
1547
1547
1547
1547
1547
1547
1547
1547
1547
1547
1547
1547
1547
1547
1547
1547
1547
1547
1547
1547
1547
1547
1547
1547
1547
1547
1547
1547
1547
1547
1547
1547
1547
1547
1547
1547
1547
1547
1547
1547
1547
1547
1547
1547
1547
1547
1547
1547
1547
1547
1547
1547
1547
1547
1547
1547
1547
1547
1547
1547
1547
1547
1547
1547
1547
1547
1547
1547
1547
1547
1547
1547
1547
1547
1547
1547
1547
1547
1547
1547
1547
1547
1547
1547
1547
1547
1547
1547
1547
1547
1547
1547
1547
1547
1547
1547
1547
1547
1547
1547
1547
1547
1547
1547
1547
1547
1547
1547
1547
1547
1547
1547
1547
1547
1547
1547
1547
1547
1547
1547
1547
1547
1547
1547
1547
1547
1547
1547
1547
1547
1547
1547
1547
1547
1547
1547
1547
1547
1547
1547
1547
1547
1547
1547
1547
1547
1547
1547
1547
1547
1547
1547
1547
1547
1547
1547
1547
1547
1547
1547
1547
1547
1547
1547
1547
1547
1547
1547
1547
1547
1547
1547
1547
1547
1547
1547
1547
1547
1547
1547
1547
1547
1547
1547
1547
1547
1547
1547
1547
1547
1547
1547
1547
1547
1547
1547
1547
1547
1547
1547
1547
1547
1547
1547
1547
1547
1547
1547
1547
1547
1547
1547
1547
1547
1547
1547
1547
1547
1547
1547
1547
1547
1547
1547
1547
1547
1547
1547
1547
1547
1546
1546
1546
1546
1546
1546
1546
1546
1546
1546
1546
1546
1546
1546
1546
1546
1546
1546
1546
1546
1546
1546
1546
1546
1546
1546
1546
1546
1546
1546
1546
1546
1546
1546
1546
1546
1546
1546
1546
1546
1546
1546
1546
1546
1546
1546
1546
1546
1546
1546
1546
1546
1546
1546
1546
1546
1546
1546
1546
1546
1546
1546
1546
1546
1546
1546
1546
1546
1546
1546
1546
1546
1546
1546
1546
1546
1546
1546
1546
1546
1546
1546
1546
1546
1546
1546
1546
1546
1546
1546
1546
1546
1546
1546
1546
1546
1546
1546
1546
1546
1546
1546
1546
1546
1546
1546
1546
1546
1546
1546
1546
1546
1546
1546
1546
1546
1546
1546
1546
1546
1546
1546
1546
1546
1546
1546
1546
1546
1546
1546
1546
1546
1546
1546
1546
1546
1546
1546
1546
1546
1546
1546
1546
1546
1546
1546
1546
1546
1546
1546
1546
1546
1546
1546
1546
1546
1546
1546
1546
1546
1546
1546
1546
1546
1546
1546
1546
1546
1546
1546
1546
1546
1546
1546
1546
1546
1546
1546
1546
1546
1546
1546
1546
1546
1546
1546
1546
1546
1546
1546
1546
1546
1546
1546
1546
1546
1546
1546
1546
1546
1546
1546
1546
1546
1546
1546
1546
1546
1546
1546
1546
1546
1546
1546
1546
1546
1546
1546
1546
1546
1546
1545
1545
1545
1545
1545
1545
1545
1545
1545
1545
1545
1545
1545
1545
1545
1545
1545
1545
1545
1545
1545
1545
1545
1545
1545
1545
1545
1545
1545
1545
1545
1545
1545
1545
1545
1545
1545
1545
1545
1545
1545
1545
1545
1545
1545
1545
1545
1545
1545
1545
1545
1545
1545
1545
1545
1545
1545
1545
1545
1545
1545
1545
1545
1545
1545
1545
1545
1545
1545
1545
1545
1545
1545
1545
1545
1545
1545
1545
1545
1545
1545
1545
1545
1545
1545
1545
1545
1545
1545
1545
1545
1545
1545
1545
1545
1545
1545
1545
1545
1545
1545
1545
1545
1545
1545
1545
1545
1545
1545
1545
1545
1545
1545
1545
1545
1545
1545
1545
1545
1545
1545
1545
1545
1545
1545
1545
1545
1545
1545
1545
1545
1545
1545
1545
1545
1545
1545
1545
1545
1545
1545
1545
1545
1545
1545
1545
1545
1545
1545
1545
1545
1545
1545
1545
1545
1545
1545
1545
1545
1545
1545
1545
1545
1545
1545
1545
1545
1545
1545
1545
1545
1545
1545
1545
1545
1545
1545
1545
1545
1545
1545
1545
1545
1545
1545
1545
1545
1545
1545
1545
1545
1545
1545
1545
1545
1545
1545
1545
1545
1545
1545
1545
1545
1545
1545
1545
1545
1545
1545
1545
1545
1545
1545
1545
1545
1545
1545
1545
1545
1545
1545
1545
1545
1545
1545
1545
1545
1545
1545
1545
1545
1545
1545
1545
1545
1545
1545
1545
1545
1545
1545
1545
1545
1545
1545
1545
1545
1545
1545
1545
1545
1545
1545
1545
1545
1545
1545
1545
1545
1544
1544
1544
1544
1544
1544
1544
1544
1544
1544
1544
1544
1544
1544
1544
1544
1544
1544
1544
1544
1544
1544
1544
1544
1544
1544
1544
1544
1544
1544
1544
1544
1544
1544
1544
1544
1544
1544
1544
1544
1544
1544
1544
1544
1544
1544
1544
1544
1544
1544
1544
1544
1544
1544
1544
1544
1544
1544
1544
1544
1544
1544
1544
1544
1544
1544
1544
1544
1544
1544
1544
1544
1544
1544
1544
1544
1544
1544
1544
1544
1544
1544
1544
1544
1544
1544
1544
1544
1544
1544
1544
1544
1544
1544
1544
1544
1544
1544
1544
1544
1544
1544
1544
1544
1544
1544
1544
1544
1544
1544
1544
1544
1544
1544
1544
1544
1544
1544
1544
1544
1544
1544
1544
1544
1544
1544
1544
1544
1544
1544
1544
1544
1544
1544
1544
1544
1544
1544
1544
1544
1544
1544
1544
1544
1544
1544
1544
1544
1544
1544
1544
1544
1544
1544
1544
1544
1544
1544
1544
1544
1544
1544
1544
1544
1544
1544
1544
1544
1544
1544
1544
1544
1544
1544
1544
1544
1544
1544
1544
1544
1544
1544
1544
1544
1544
1544
1544
1544
1544
1544
1544
1544
1544
1544
1544
1544
1544
1544
1544
1544
1544
1544
1544
1544
1544
1544
1544
1544
1544
1544
1544
1544
1544
1544
1544
1544
1544
1544
1544
1544
1544
1544
1544
1544
1544
1543
1543
1543
1543
1543
1543
1543
1543
1543
1543
1543
1543
1543
1543
1543
1543
1543
1543
1543
1543
1543
1543
1543
1543
1543
1543
1543
1543
1543
1543
1543
1543
1543
1543
1543
1543
1543
1543
1543
1543
1543
1543
1543
1543
1543
1543
1543
1543
1543
1543
1543
1543
1543
1543
1543
1543
1543
1543
1543
1543
1543
1543
1543
1543
1543
1543
1543
1543
1543
1543
1543
1543
1543
1543
1543
1543
1543
1543
1543
1543
1543
1543
1543
1543
1543
1543
1543
1543
1543
1543
1543
1543
1543
1543
1543
1543
1543
1543
1543
1543
1543
1543
1543
1543
1543
1543
1543
1543
1543
1543
1543
1543
1543
1543
1543
1543
1543
1543
1543
1543
1543
1543
1543
1543
1543
1543
1543
1543
1543
1543
1543
1543
1543
1543
1543
1543
1543
1543
1543
1543
1543
1543
1543
1543
1543
1543
1543
1543
1543
1543
1543
1543
1543
1543
1543
1543
1543
1543
1543
1543
1543
1543
1543
1543
1543
1543
1543
1543
1543
1543
1543
1543
1543
1543
1543
1543
1543
1543
1543
1543
1543
1543
1543
1543
1543
1543
1543
1543
1543
1543
1543
1543
1543
1543
1543
1543
1543
1543
1543
1543
1543
1542
1542
1542
1542
1542
1542
1542
1542
1542
1542
1542
1542
1542
1542
1542
1542
1542
1542
1542
1542
1542
1542
1542
1542
1542
1542
1542
1542
1542
1542
1542
1542
1542
1542
1542
1542
1542
1542
1542
1542
1542
1542
1542
1542
1542
1542
1542
1542
1542
1542
1542
1542
1542
1542
1542
1542
1542
1542
1542
1542
1542
1542
1542
1542
1542
1542
1542
1542
1542
1542
1542
1542
1542
1542
1542
1542
1542
1542
1542
1542
1542
1542
1542
1542
1542
1542
1542
1542
1542
1542
1542
1542
1542
1542
1542
1542
1542
1542
1542
1542
1542
1542
1542
1542
1542
1542
1542
1542
1542
1542
1542
1542
1542
1542
1542
1542
1542
1542
1542
1542
1542
1542
1542
1542
1542
1542
1542
1542
1542
1542
1542
1542
1542
1542
1542
1542
1542
1542
1542
1542
1542
1542
1542
1542
1542
1542
1542
1542
1542
1542
1542
1542
1542
1542
1542
1542
1542
1542
1542
1542
1542
1542
1542
1542
1542
1542
1542
1542
1542
1542
1542
1542
1542
1542
1542
1542
1542
1542
1542
1542
1542
1542
1542
1542
1542
1542
1542
1542
1542
1542
1542
1542
1542
1542
1542
1542
1542
1542
1542
1542
1542
1542
1542
1542
1542
1542
1542
1542
1542
1542
1542
1542
1542
1542
1542
1541
1541
1541
1541
1541
1541
1541
1541
1541
1541
1541
1541
1541
1541
1541
1541
1541
1541
1541
1541
1541
1541
1541
1541
1541
1541
1541
1541
1541
1541
1541
1541
1541
1541
1541
1541
1541
1541
1541
1541
1541
1541
1541
1541
1541
1541
1541
1541
1541
1541
1541
1541
1541
1541
1541
1541
1541
1541
1541
1541
1541
1541
1541
1541
1541
1541
1541
1541
1541
1541
1541
1541
1541
1541
1541
1541
1541
1541
1541
1541
1541
1541
1541
1541
1541
1541
1541
1541
1541
1541
1541
1541
1541
1541
1541
1541
1541
1541
1541
1541
1541
1541
1541
1541
1541
1541
1541
1541
1541
1541
1541
1541
1541
1541
1541
1541
1541
1541
1541
1541
1541
1541
1541
1541
1541
1541
1541
1541
1541
1541
1541
1541
1541
1541
1541
1541
1541
1541
1541
1541
1541
1541
1541
1541
1541
1541
1541
1541
1541
1541
1541
1541
1541
1541
1541
1541
1541
1541
1541
1541
1541
1541
1541
1541
1541
1541
1541
1541
1541
1541
1541
1541
1541
1541
1541
1541
1541
1541
1541
1541
1541
1541
1541
1541
1541
1541
1541
1541
1541
1541
1541
1541
1541
1541
1541
1541
1541
1541
1540
1540
1540
1540
1540
1540
1540
1540
1540
1540
1540
1540
1540
1540
1540
1540
1540
1540
1540
1540
1540
1540
1540
1540
1540
1540
1540
1540
1540
1540
1540
1540
1540
1540
1540
1540
1540
1540
1540
1540
1540
1540
1540
1540
1540
1540
1540
1540
1540
1540
1540
1540
1540
1540
1540
1540
1540
1540
1540
1540
1540
1540
1540
1540
1540
1540
1540
1540
1540
1540
1540
1540
1540
1540
1540
1540
1540
1540
1540
1540
1540
1540
1540
1540
1540
1540
1540
1540
1540
1540
1540
1540
1540
1540
1540
1540
1540
1540
1540
1540
1540
1540
1540
1540
1540
1540
1540
1540
1540
1540
1540
1540
1540
1540
1540
1540
1540
1540
1540
1540
1540
1540
1540
1540
1540
1540
1540
1540
1540
1540
1540
1540
1540
1540
1540
1540
1540
1540
1540
1540
1540
1540
1540
1540
1540
1540
1540
1540
1540
1540
1540
1540
1540
1540
1540
1540
1540
1540
1540
1540
1540
1540
1540
1540
1540
1540
1540
1540
1540
1540
1540
1540
1540
1540
1540
1540
1540
1540
1540
1540
1540
1540
1540
1540
1540
1540
1540
1540
1540
1540
1540
1540
1540
1540
1540
1540
1540
1540
1540
1540
1540
1540
1540
1540
1540
1540
1540
1540
1540
1540
1540
1540
1540
1540
1540
1540
1540
1540
1540
1540
1540
1540
1540
1540
1540
1540
1539
1539
1539
1539
1539
1539
1539
1539
1539
1539
1539
1539
1539
1539
1539
1539
1539
1539
1539
1539
1539
1539
1539
1539
1539
1539
1539
1539
1539
1539
1539
1539
1539
1539
1539
1539
1539
1539
1539
1539
1539
1539
1539
1539
1539
1539
1539
1539
1539
1539
1539
1539
1539
1539
1539
1539
1539
1539
1539
1539
1539
1539
1539
1539
1539
1539
1539
1539
1539
1539
1539
1539
1539
1539
1539
1539
1539
1539
1539
1539
1539
1539
1539
1539
1539
1539
1539
1539
1539
1539
1539
1539
1539
1539
1539
1539
1539
1539
1539
1539
1539
1539
1539
1539
1539
1539
1539
1539
1539
1539
1539
1539
1539
1539
1539
1539
1539
1539
1539
1539
1539
1539
1539
1539
1539
1539
1539
1539
1539
1539
1539
1539
1539
1539
1539
1539
1539
1539
1539
1539
1539
1539
1539
1539
1539
1539
1539
1539
1539
1539
1539
1539
1539
1539
1539
1539
1539
1539
1539
1539
1539
1539
1539
1539
1539
1539
1539
1539
1539
1539
1539
1539
1539
1539
1539
1539
1539
1539
1539
1539
1539
1539
1539
1539
1539
1539
1539
1538
1538
1538
1538
1538
1538
1538
1538
1538
1538
1538
1538
1538
1538
1538
1538
1538
1538
1538
1538
1538
1538
1538
1538
1538
1538
1538
1538
1538
1538
1538
1538
1538
1538
1538
1538
1538
1538
1538
1538
1538
1538
1538
1538
1538
1538
1538
1538
1538
1538
1538
1538
1538
1538
1538
1538
1538
1538
1538
1538
1538
1538
1538
1538
1538
1538
1538
1538
1538
1538
1538
1538
1538
1538
1538
1538
1538
1538
1538
1538
1538
1538
1538
1538
1538
1538
1538
1538
1538
1538
1538
1538
1538
1538
1538
1538
1538
1538
1538
1538
1538
1538
1538
1538
1538
1538
1538
1538
1538
1538
1538
1538
1538
1538
1538
1538
1538
1538
1538
1538
1538
1538
1538
1538
1538
1538
1538
1538
1538
1538
1538
1538
1538
1538
1538
1538
1538
1538
1538
1538
1538
1538
1538
1538
1538
1538
1538
1538
1538
1538
1538
1538
1538
1538
1538
1538
1538
1538
1538
1538
1538
1538
1538
1538
1538
1538
1538
1538
1538
1538
1538
1538
1538
1538
1538
1538
1538
1538
1538
1538
1537
1537
1537
1537
1537
1537
1537
1537
1537
1537
1537
1537
1537
1537
1537
1537
1537
1537
1537
1537
1537
1537
1537
1537
1537
1537
1537
1537
1537
1537
1537
1537
1537
1537
1537
1537
1537
1537
1537
1537
1537
1537
1537
1537
1537
1537
1537
1537
1537
1537
1537
1537
1537
1537
1537
1537
1537
1537
1537
1537
1537
1537
1537
1537
1537
1537
1537
1537
1537
1537
1537
1537
1537
1537
1537
1537
1537
1537
1537
1537
1537
1537
1537
1537
1537
1537
1537
1537
1537
1537
1537
1537
1537
1537
1537
1537
1537
1537
1537
1537
1537
1537
1537
1537
1537
1537
1537
1537
1537
1537
1537
1537
1537
1537
1537
1537
1537
1537
1537
1537
1537
1537
1537
1537
1537
1537
1537
1537
1537
1537
1537
1537
1537
1537
1537
1537
1537
1537
1537
1537
1537
1537
1537
1537
1537
1537
1537
1537
1537
1537
1537
1537
1537
1537
1537
1537
1537
1537
1537
1537
1537
1537
1537
1537
1537
1537
1537
1537
1537
1537
1537
1537
1537
1537
1537
1537
1536
1536
1536
1536
1536
1536
1536
1536
1536
1536
1536
1536
1536
1536
1536
1536
1536
1536
1536
1536
1536
1536
1536
1536
1536
1536
1536
1536
1536
1536
1536
1536
1536
1536
1536
1536
1536
1536
1536
1536
1536
1536
1536
1536
1536
1536
1536
1536
1536
1536
1536
1536
1536
1536
1536
1536
1536
1536
1536
1536
1536
1536
1536
1536
1536
1536
1536
1536
1536
1536
1536
1536
1536
1536
1536
1536
1536
1536
1536
1536
1536
1536
1536
1536
1536
1536
1536
1536
1536
1536
1536
1536
1536
1536
1536
1536
1536
1536
1536
1536
1536
1536
1536
1536
1536
1536
1536
1536
1536
1536
1536
1536
1536
1536
1536
1536
1536
1536
1536
1536
1536
1536
1536
1536
1536
1536
1536
1536
1536
1536
1536
1536
1536
1536
1536
1536
1536
1536
1536
1536
1536
1536
1536
1536
1536
1536
1536
1536
1536
1536
1536
1536
1536
1536
1536
1536
1536
1536
1536
1536
1536
1536
1536
1536
1536
1536
1536
1536
1536
1536
1536
1536
1536
1536
1536
1536
1536
1536
1536
1536
1536
1536
1536
1536
1536
1536
1536
1536
1536
1535
1535
1535
1535
1535
1535
1535
1535
1535
1535
1535
1535
1535
1535
1535
1535
1535
1535
1535
1535
1535
1535
1535
1535
1535
1535
1535
1535
1535
1535
1535
1535
1535
1535
1535
1535
1535
1535
1535
1535
1535
1535
1535
1535
1535
1535
1535
1535
1535
1535
1535
1535
1535
1535
1535
1535
1535
1535
1535
1535
1535
1535
1535
1535
1535
1535
1535
1535
1535
1535
1535
1535
1535
1535
1535
1535
1535
1535
1535
1535
1535
1535
1535
1535
1535
1535
1535
1535
1535
1535
1535
1535
1535
1535
1535
1535
1535
1535
1535
1535
1535
1535
1535
1535
1535
1535
1535
1535
1535
1535
1535
1535
1535
1535
1535
1535
1535
1535
1535
1535
1535
1535
1535
1535
1535
1535
1535
1535
1535
1535
1535
1535
1535
1535
1535
1535
1535
1535
1535
1535
1535
1535
1535
1535
1535
1535
1535
1535
1535
1535
1535
1535
1535
1535
1535
1535
1535
1535
1535
1535
1535
1535
1535
1535
1535
1535
1535
1535
1535
1535
1535
1535
1535
1535
1535
1535
1535
1535
1535
1535
1535
1535
1535
1534
1534
1534
1534
1534
1534
1534
1534
1534
1534
1534
1534
1534
1534
1534
1534
1534
1534
1534
1534
1534
1534
1534
1534
1534
1534
1534
1534
1534
1534
1534
1534
1534
1534
1534
1534
1534
1534
1534
1534
1534
1534
1534
1534
1534
1534
1534
1534
1534
1534
1534
1534
1534
1534
1534
1534
1534
1534
1534
1534
1534
1534
1534
1534
1534
1534
1534
1534
1534
1534
1534
1534
1534
1534
1534
1534
1534
1534
1534
1534
1534
1534
1534
1534
1534
1534
1534
1534
1534
1534
1534
1534
1534
1534
1534
1534
1534
1534
1534
1534
1534
1534
1534
1534
1534
1534
1534
1534
1534
1534
1534
1534
1534
1534
1534
1534
1534
1534
1534
1534
1534
1534
1534
1534
1534
1534
1534
1534
1534
1534
1534
1534
1534
1534
1534
1534
1534
1534
1534
1534
1534
1534
1534
1534
1534
1534
1534
1534
1534
1534
1534
1534
1534
1534
1534
1534
1534
1534
1534
1534
1534
1534
1534
1534
1534
1534
1534
1534
1534
1534
1534
1534
1534
1534
1534
1533
1533
1533
1533
1533
1533
1533
1533
1533
1533
1533
1533
1533
1533
1533
1533
1533
1533
1533
1533
1533
1533
1533
1533
1533
1533
1533
1533
1533
1533
1533
1533
1533
1533
1533
1533
1533
1533
1533
1533
1533
1533
1533
1533
1533
1533
1533
1533
1533
1533
1533
1533
1533
1533
1533
1533
1533
1533
1533
1533
1533
1533
1533
1533
1533
1533
1533
1533
1533
1533
1533
1533
1533
1533
1533
1533
1533
1533
1533
1533
1533
1533
1533
1533
1533
1533
1533
1533
1533
1533
1533
1533
1533
1533
1533
1533
1533
1533
1533
1533
1533
1533
1533
1533
1533
1533
1533
1533
1533
1533
1533
1533
1533
1533
1533
1533
1533
1533
1533
1533
1533
1533
1533
1533
1533
1533
1533
1533
1533
1533
1533
1533
1533
1533
1533
1533
1533
1533
1533
1532
1532
1532
1532
1532
1532
1532
1532
1532
1532
1532
1532
1532
1532
1532
1532
1532
1532
1532
1532
1532
1532
1532
1532
1532
1532
1532
1532
1532
1532
1532
1532
1532
1532
1532
1532
1532
1532
1532
1532
1532
1532
1532
1532
1532
1532
1532
1532
1532
1532
1532
1532
1532
1532
1532
1532
1532
1532
1532
1532
1532
1532
1532
1532
1532
1532
1532
1532
1532
1532
1532
1532
1532
1532
1532
1532
1532
1532
1532
1532
1532
1532
1532
1532
1532
1532
1532
1532
1532
1532
1532
1532
1532
1532
1532
1532
1532
1532
1532
1532
1532
1532
1532
1532
1532
1532
1532
1532
1532
1532
1532
1532
1532
1532
1532
1532
1532
1532
1532
1532
1532
1532
1532
1532
1532
1532
1532
1532
1532
1532
1532
1532
1532
1532
1532
1532
1532
1532
1532
1532
1532
1532
1532
1532
1532
1532
1532
1531
1531
1531
1531
1531
1531
1531
1531
1531
1531
1531
1531
1531
1531
1531
1531
1531
1531
1531
1531
1531
1531
1531
1531
1531
1531
1531
1531
1531
1531
1531
1531
1531
1531
1531
1531
1531
1531
1531
1531
1531
1531
1531
1531
1531
1531
1531
1531
1531
1531
1531
1531
1531
1531
1531
1531
1531
1531
1531
1531
1531
1531
1531
1531
1531
1531
1531
1531
1531
1531
1531
1531
1531
1531
1531
1531
1531
1531
1531
1531
1531
1531
1531
1531
1531
1531
1531
1531
1531
1531
1531
1531
1531
1531
1531
1531
1531
1531
1531
1531
1531
1531
1531
1531
1531
1531
1531
1531
1531
1531
1531
1531
1531
1531
1531
1531
1531
1531
1531
1531
1531
1531
1531
1531
1531
1531
1531
1531
1531
1531
1531
1531
1531
1531
1531
1531
1531
1531
1531
1531
1531
1531
1531
1531
1531
1531
1531
1531
1531
1531
1531
1531
1531
1530
1530
1530
1530
1530
1530
1530
1530
1530
1530
1530
1530
1530
1530
1530
1530
1530
1530
1530
1530
1530
1530
1530
1530
1530
1530
1530
1530
1530
1530
1530
1530
1530
1530
1530
1530
1530
1530
1530
1530
1530
1530
1530
1530
1530
1530
1530
1530
1530
1530
1530
1530
1530
1530
1530
1530
1530
1530
1530
1530
1530
1530
1530
1530
1530
1530
1530
1530
1530
1530
1530
1530
1530
1530
1530
1530
1530
1530
1530
1530
1530
1530
1530
1530
1530
1530
1530
1530
1530
1530
1530
1530
1530
1530
1530
1530
1530
1530
1530
1530
1530
1530
1530
1530
1530
1530
1530
1530
1530
1530
1530
1530
1530
1530
1530
1530
1530
1530
1530
1530
1530
1530
1530
1530
1530
1530
1530
1530
1530
1530
1530
1530
1530
1530
1530
1530
1530
1530
1530
1530
1530
1530
1530
1529
1529
1529
1529
1529
1529
1529
1529
1529
1529
1529
1529
1529
1529
1529
1529
1529
1529
1529
1529
1529
1529
1529
1529
1529
1529
1529
1529
1529
1529
1529
1529
1529
1529
1529
1529
1529
1529
1529
1529
1529
1529
1529
1529
1529
1529
1529
1529
1529
1529
1529
1529
1529
1529
1529
1529
1529
1529
1529
1529
1529
1529
1529
1529
1529
1529
1529
1529
1529
1529
1529
1529
1529
1529
1529
1529
1529
1529
1529
1529
1529
1529
1529
1529
1529
1529
1529
1529
1529
1529
1529
1529
1529
1529
1529
1529
1529
1529
1529
1529
1529
1529
1529
1529
1529
1529
1529
1529
1529
1529
1529
1529
1529
1529
1529
1529
1529
1529
1529
1529
1529
1529
1529
1529
1529
1529
1529
1529
1529
1529
1529
1529
1529
1529
1529
1529
1529
1529
1529
1529
1529
1528
1528
1528
1528
1528
1528
1528
1528
1528
1528
1528
1528
1528
1528
1528
1528
1528
1528
1528
1528
1528
1528
1528
1528
1528
1528
1528
1528
1528
1528
1528
1528
1528
1528
1528
1528
1528
1528
1528
1528
1528
1528
1528
1528
1528
1528
1528
1528
1528
1528
1528
1528
1528
1528
1528
1528
1528
1528
1528
1528
1528
1528
1528
1528
1528
1528
1528
1528
1528
1528
1528
1528
1528
1528
1528
1528
1528
1528
1528
1528
1528
1528
1528
1528
1528
1528
1528
1528
1528
1528
1528
1528
1528
1528
1528
1528
1528
1528
1528
1528
1528
1528
1528
1528
1528
1528
1528
1528
1528
1528
1528
1528
1528
1528
1528
1528
1527
1527
1527
1527
1527
1527
1527
1527
1527
1527
1527
1527
1527
1527
1527
1527
1527
1527
1527
1527
1527
1527
1527
1527
1527
1527
1527
1527
1527
1527
1527
1527
1527
1527
1527
1527
1527
1527
1527
1527
1527
1527
1527
1527
1527
1527
1527
1527
1527
1527
1527
1527
1527
1527
1527
1527
1527
1527
1527
1527
1527
1527
1527
1527
1527
1527
1527
1527
1527
1527
1527
1527
1527
1527
1527
1527
1527
1527
1527
1527
1527
1527
1527
1527
1527
1527
1527
1527
1527
1527
1527
1527
1527
1527
1527
1527
1527
1527
1527
1527
1527
1527
1527
1527
1527
1527
1527
1527
1527
1527
1527
1527
1527
1527
1527
1527
1527
1527
1527
1527
1527
1527
1527
1527
1527
1527
1527
1526
1526
1526
1526
1526
1526
1526
1526
1526
1526
1526
1526
1526
1526
1526
1526
1526
1526
1526
1526
1526
1526
1526
1526
1526
1526
1526
1526
1526
1526
1526
1526
1526
1526
1526
1526
1526
1526
1526
1526
1526
1526
1526
1526
1526
1526
1526
1526
1526
1526
1526
1526
1526
1526
1526
1526
1526
1526
1526
1526
1526
1526
1526
1526
1526
1526
1526
1526
1526
1526
1526
1526
1526
1526
1526
1526
1526
1526
1526
1526
1526
1526
1526
1526
1526
1526
1526
1526
1526
1526
1526
1526
1526
1526
1526
1526
1526
1526
1526
1526
1526
1526
1526
1526
1526
1526
1526
1526
1526
1526
1526
1526
1526
1526
1526
1526
1526
1526
1526
1526
1526
1526
1526
1526
1526
1525
1525
1525
1525
1525
1525
1525
1525
1525
1525
1525
1525
1525
1525
1525
1525
1525
1525
1525
1525
1525
1525
1525
1525
1525
1525
1525
1525
1525
1525
1525
1525
1525
1525
1525
1525
1525
1525
1525
1525
1525
1525
1525
1525
1525
1525
1525
1525
1525
1525
1525
1525
1525
1525
1525
1525
1525
1525
1525
1525
1525
1525
1525
1525
1525
1525
1525
1525
1525
1525
1525
1525
1525
1525
1525
1525
1525
1525
1525
1525
1525
1525
1525
1525
1525
1525
1525
1525
1525
1525
1525
1525
1525
1525
1525
1525
1525
1525
1525
1525
1525
1525
1525
1525
1525
1525
1525
1525
1525
1525
1525
1524
1524
1524
1524
1524
1524
1524
1524
1524
1524
1524
1524
1524
1524
1524
1524
1524
1524
1524
1524
1524
1524
1524
1524
1524
1524
1524
1524
1524
1524
1524
1524
1524
1524
1524
1524
1524
1524
1524
1524
1524
1524
1524
1524
1524
1524
1524
1524
1524
1524
1524
1524
1524
1524
1524
1524
1524
1524
1524
1524
1524
1524
1524
1524
1524
1524
1524
1524
1524
1524
1524
1524
1524
1524
1524
1524
1524
1524
1524
1524
1524
1524
1524
1524
1524
1524
1524
1524
1524
1524
1524
1524
1524
1524
1524
1524
1524
1524
1524
1524
1524
1524
1524
1524
1524
1524
1524
1523
1523
1523
1523
1523
1523
1523
1523
1523
1523
1523
1523
1523
1523
1523
1523
1523
1523
1523
1523
1523
1523
1523
1523
1523
1523
1523
1523
1523
1523
1523
1523
1523
1523
1523
1523
1523
1523
1523
1523
1523
1523
1523
1523
1523
1523
1523
1523
1523
1523
1523
1523
1523
1523
1523
1523
1523
1523
1523
1523
1523
1523
1523
1523
1523
1523
1523
1523
1523
1523
1523
1523
1523
1523
1523
1523
1523
1523
1523
1523
1523
1523
1523
1523
1523
1523
1523
1523
1522
1522
1522
1522
1522
1522
1522
1522
1522
1522
1522
1522
1522
1522
1522
1522
1522
1522
1522
1522
1522
1522
1522
1522
1522
1522
1522
1522
1522
1522
1522
1522
1522
1522
1522
1522
1522
1522
1522
1522
1522
1522
1522
1522
1522
1522
1522
1522
1522
1522
1522
1522
1522
1522
1522
1522
1522
1522
1522
1522
1522
1522
1522
1522
1522
1522
1522
1522
1522
1522
1522
1522
1522
1522
1522
1522
1522
1522
1522
1522
1522
1522
1522
1521
1521
1521
1521
1521
1521
1521
1521
1521
1521
1521
1521
1521
1521
1521
1521
1521
1521
1521
1521
1521
1521
1521
1521
1521
1521
1521
1521
1521
1521
1521
1521
1521
1521
1521
1521
1521
1521
1521
1521
1521
1521
1521
1521
1521
1521
1521
1521
1521
1521
1521
1521
1521
1521
1521
1521
1521
1521
1521
1521
1521
1521
1521
1521
1521
1521
1521
1521
1521
1521
1521
1521
1521
1521
1521
1521
1521
1521
1521
1521
1521
1521
1520
1520
1520
1520
1520
1520
1520
1520
1520
1520
1520
1520
1520
1520
1520
1520
1520
1520
1520
1520
1520
1520
1520
1520
1520
1520
1520
1520
1520
1520
1520
1520
1520
1520
1520
1520
1520
1520
1520
1520
1520
1520
1520
1520
1520
1520
1520
1520
1520
1520
1520
1520
1520
1520
1520
1520
1520
1520
1520
1520
1520
1520
1520
1520
1520
1520
1520
1520
1520
1520
1520
1520
1520
1520
1520
1520
1520
1520
1520
1520
1520
1520
1520
1520
1520
1520
1520
1520
1519
1519
1519
1519
1519
1519
1519
1519
1519
1519
1519
1519
1519
1519
1519
1519
1519
1519
1519
1519
1519
1519
1519
1519
1519
1519
1519
1519
1519
1519
1519
1519
1519
1519
1519
1519
1519
1519
1519
1519
1519
1519
1519
1519
1519
1519
1519
1519
1519
1519
1519
1519
1519
1519
1519
1519
1519
1519
1519
1519
1519
1519
1519
1519
1519
1519
1519
1519
1519
1519
1519
1519
1519
1519
1519
1519
1519
1519
1519
1519
1519
1519
1519
1519
1519
1518
1518
1518
1518
1518
1518
1518
1518
1518
1518
1518
1518
1518
1518
1518
1518
1518
1518
1518
1518
1518
1518
1518
1518
1518
1518
1518
1518
1518
1518
1518
1518
1518
1518
1518
1518
1518
1518
1518
1518
1518
1518
1518
1518
1518
1518
1518
1518
1518
1518
1518
1518
1518
1518
1518
1518
1518
1518
1518
1518
1518
1518
1518
1518
1518
1518
1518
1518
1518
1518
1518
1518
1518
1518
1518
1518
1517
1517
1517
1517
1517
1517
1517
1517
1517
1517
1517
1517
1517
1517
1517
1517
1517
1517
1517
1517
1517
1517
1517
1517
1517
1517
1517
1517
1517
1517
1517
1517
1517
1517
1517
1517
1517
1517
1517
1517
1517
1517
1517
1517
1517
1517
1517
1517
1517
1517
1517
1517
1517
1517
1517
1517
1517
1517
1517
1517
1517
1517
1517
1517
1517
1517
1517
1517
1517
1517
1517
1517
1517
1517
1517
1517
1517
1517
1517
1517
1517
1517
1517
1517
1517
1517
1517
1517
1516
1516
1516
1516
1516
1516
1516
1516
1516
1516
1516
1516
1516
1516
1516
1516
1516
1516
1516
1516
1516
1516
1516
1516
1516
1516
1516
1516
1516
1516
1516
1516
1516
1516
1516
1516
1516
1516
1516
1516
1516
1516
1516
1516
1516
1516
1516
1516
1516
1516
1516
1516
1516
1516
1516
1516
1516
1516
1516
1516
1516
1516
1516
1516
1516
1516
1516
1516
1516
1516
1516
1515
1515
1515
1515
1515
1515
1515
1515
1515
1515
1515
1515
1515
1515
1515
1515
1515
1515
1515
1515
1515
1515
1515
1515
1515
1515
1515
1515
1515
1515
1515
1515
1515
1515
1515
1515
1515
1515
1515
1515
1515
1515
1515
1515
1515
1515
1515
1515
1515
1515
1515
1515
1515
1515
1515
1515
1515
1515
1515
1514
1514
1514
1514
1514
1514
1514
1514
1514
1514
1514
1514
1514
1514
1514
1514
1514
1514
1514
1514
1514
1514
1514
1514
1514
1514
1514
1514
1514
1514
1514
1514
1514
1514
1514
1514
1514
1514
1514
1514
1514
1514
1514
1514
1514
1514
1514
1514
1514
1514
1514
1514
1514
1514
1514
1514
1514
1514
1514
1514
1514
1514
1514
1514
1514
1513
1513
1513
1513
1513
1513
1513
1513
1513
1513
1513
1513
1513
1513
1513
1513
1513
1513
1513
1513
1513
1513
1513
1513
1513
1513
1513
1513
1513
1513
1513
1513
1513
1513
1513
1513
1513
1513
1513
1513
1513
1513
1513
1513
1513
1513
1513
1513
1513
1513
1513
1513
1513
1512
1512
1512
1512
1512
1512
1512
1512
1512
1512
1512
1512
1512
1512
1512
1512
1512
1512
1512
1512
1512
1512
1512
1512
1512
1512
1512
1512
1512
1512
1512
1512
1512
1512
1512
1512
1512
1512
1512
1512
1512
1512
1512
1512
1512
1512
1512
1512
1512
1512
1512
1512
1511
1511
1511
1511
1511
1511
1511
1511
1511
1511
1511
1511
1511
1511
1511
1511
1511
1511
1511
1511
1511
1511
1511
1511
1511
1511
1511
1511
1511
1511
1511
1511
1511
1511
1511
1511
1511
1511
1511
1511
1511
1511
1511
1511
1511
1511
1511
1511
1511
1511
1511
1511
1511
1510
1510
1510
1510
1510
1510
1510
1510
1510
1510
1510
1510
1510
1510
1510
1510
1510
1510
1510
1510
1510
1510
1510
1510
1510
1510
1510
1510
1510
1510
1510
1510
1510
1510
1510
1510
1510
1510
1510
1510
1510
1510
1510
1510
1510
1510
1510
1510
1510
1510
1510
1509
1509
1509
1509
1509
1509
1509
1509
1509
1509
1509
1509
1509
1509
1509
1509
1509
1509
1509
1509
1509
1509
1509
1509
1509
1509
1509
1509
1509
1509
1509
1509
1509
1509
1509
1509
1509
1509
1509
1509
1509
1509
1509
1509
1509
1508
1508
1508
1508
1508
1508
1508
1508
1508
1508
1508
1508
1508
1508
1508
1508
1508
1508
1508
1508
1508
1508
1508
1508
1508
1508
1508
1508
1508
1508
1508
1508
1508
1508
1508
1508
1508
1508
1508
1508
1508
1508
1508
1508
1508
1508
1508
1508
1508
1508
1508
1508
1508
1507
1507
1507
1507
1507
1507
1507
1507
1507
1507
1507
1507
1507
1507
1507
1507
1507
1507
1507
1507
1507
1507
1507
1507
1507
1507
1507
1507
1507
1507
1507
1507
1507
1507
1507
1506
1506
1506
1506
1506
1506
1506
1506
1506
1506
1506
1506
1506
1506
1506
1506
1506
1506
1506
1506
1506
1506
1506
1506
1506
1506
1506
1506
1506
1506
1506
1506
1506
1506
1506
1505
1505
1505
1505
1505
1505
1505
1505
1505
1505
1505
1505
1505
1505
1505
1505
1505
1505
1505
1505
1505
1505
1505
1505
1505
1505
1505
1505
1505
1505
1505
1505
1505
1505
1505
1505
1505
1505
1505
1505
1504
1504
1504
1504
1504
1504
1504
1504
1504
1504
1504
1504
1504
1504
1504
1504
1504
1504
1504
1504
1504
1504
1504
1504
1504
1504
1504
1504
1504
1504
1504
1504
1504
1504
1504
1504
1504
1504
1504
1504
1504
1504
1504
1504
1503
1503
1503
1503
1503
1503
1503
1503
1503
1503
1503
1503
1503
1503
1503
1503
1503
1503
1503
1503
1503
1503
1503
1503
1503
1503
1503
1503
1503
1503
1503
1503
1503
1503
1502
1502
1502
1502
1502
1502
1502
1502
1502
1502
1502
1502
1502
1502
1502
1502
1502
1502
1502
1502
1502
1502
1502
1502
1502
1502
1502
1502
1502
1502
1502
1501
1501
1501
1501
1501
1501
1501
1501
1501
1501
1501
1501
1501
1501
1501
1501
1501
1501
1501
1501
1501
1501
1501
1501
1501
1501
1501
1501
1501
1501
1501
1501
1500
1500
1500
1500
1500
1500
1500
1500
1500
1500
1500
1500
1500
1500
1500
1500
1500
1500
1500
1500
1500
1500
1500
1500
1500
1500
1499
1499
1499
1499
1499
1499
1499
1499
1499
1499
1499
1499
1499
1499
1499
1499
1499
1499
1499
1499
1499
1499
1499
1499
1499
1499
1499
1499
1498
1498
1498
1498
1498
1498
1498
1498
1498
1498
1498
1498
1498
1498
1498
1498
1498
1498
1498
1498
1498
1498
1498
1498
1498
1498
1498
1498
1497
1497
1497
1497
1497
1497
1497
1497
1497
1497
1497
1497
1497
1497
1497
1497
1496
1496
1496
1496
1496
1496
1496
1496
1496
1496
1496
1496
1496
1496
1496
1496
1496
1496
1496
1496
1496
1496
1496
1496
1496
1496
1496
1496
1496
1495
1495
1495
1495
1495
1495
1495
1495
1495
1495
1495
1495
1495
1495
1495
1495
1495
1495
1495
1495
1495
1495
1495
1495
1495
1494
1494
1494
1494
1494
1494
1494
1494
1494
1494
1494
1494
1494
1494
1494
1494
1494
1494
1494
1494
1494
1494
1494
1494
1494
1494
1493
1493
1493
1493
1493
1493
1493
1493
1493
1493
1493
1493
1493
1493
1493
1493
1493
1493
1493
1493
1493
1493
1493
1493
1493
1493
1493
1493
1492
1492
1492
1492
1492
1492
1492
1492
1492
1492
1492
1492
1492
1492
1491
1491
1491
1491
1491
1491
1491
1491
1491
1491
1491
1491
1491
1491
1491
1490
1490
1490
1490
1490
1490
1490
1490
1490
1490
1490
1490
1490
1490
1490
1489
1489
1489
1489
1489
1489
1489
1489
1489
1489
1489
1489
1489
1489
1488
1488
1488
1488
1488
1488
1488
1488
1488
1488
1488
1488
1488
1488
1488
1488
1488
1488
1488
1487
1487
1487
1487
1487
1487
1487
1487
1487
1487
1487
1487
1487
1487
1487
1486
1486
1486
1486
1486
1486
1486
1486
1486
1486
1485
1485
1485
1485
1485
1485
1485
1485
1485
1485
1485
1485
1485
1484
1484
1484
1484
1484
1484
1484
1484
1484
1484
1483
1483
1483
1483
1483
1483
1483
1483
1482
1482
1482
1482
1482
1482
1482
1482
1482
1481
1481
1481
1481
1481
1481
1481
1481
1481
1481
1481
1481
1480
1480
1480
1480
1480
1480
1480
1480
1480
1480
1479
1479
1479
1479
1479
1479
1478
1478
1478
1478
1478
1478
1477
1477
1477
1477
1477
1476
1476
1476
1476
1475
1475
1475
1475
1475
1474
1474
1474
1474
1473
1473
1472
1472
1472
1471
1471
1471
1471
1471
1471
1470
1470
1470
1469
1469
1469
1468
1468
1468
1467
1467
1467
1467
1467
1467
1467
1467
1466
1465
1465
1465
1465
1465
1464
1464
1462
1461
1460
1460
1460
1459
1458
1457
1456
1456
1455
1455
1454
1454
1452
1452
1451
1451
1450
1450
1449
1448
1447
1441
1439
1438
1437
1435
1432
1429
47
46
45
45
45
45
44
44
44
44
43
42
41
41
41
41
40
40
40
40
40
39
39
39
39
39
39
39
39
39
39
39
39
39
39
39
38
38
38
38
38
38
38
38
38
38
38
38
37
37
37
37
37
37
37
37
37
37
37
37
37
36
36
36
36
36
36
36
36
36
36
36
36
36
36
36
36
36
36
36
36
36
36
36
36
36
36
36
36
36
36
36
36
36
36
36
36
36
36
35
35
35
35
35
35
35
35
35
35
35
35
35
35
35
35
35
35
35
35
35
35
35
35
35
35
35
35
35
35
35
35
35
35
35
34
34
34
34
34
34
34
34
34
34
34
34
34
34
34
34
34
34
34
34
34
34
34
34
34
34
34
34
34
34
34
34
34
34
34
34
34
34
34
34
34
33
33
33
33
33
33
33
33
33
33
33
33
33
33
33
33
33
33
33
33
33
33
33
33
33
33
33
33
33
33
33
33
33
33
33
33
33
33
33
33
33
33
33
33
33
33
33
33
33
33
33
33
33
33
33
33
33
33
33
33
33
33
33
33
33
33
33
33
33
32
32
32
32
32
32
32
32
32
32
32
32
32
32
32
32
32
32
32
32
32
32
32
32
32
32
32
32
32
32
32
32
32
32
32
32
32
32
32
32
32
32
32
32
32
32
32
32
32
32
32
32
32
32
32
32
32
32
32
32
32
32
32
32
32
32
32
32
32
32
32
32
32
32
32
31
31
31
31
31
31
31
31
31
31
31
31
31
31
31
31
31
31
31
31
31
31
31
31
31
31
31
31
31
31
31
31
31
31
31
31
31
31
31
31
31
31
31
31
31
31
31
31
31
31
31
31
31
31
31
31
31
31
31
31
31
31
31
31
31
31
31
31
31
31
31
31
31
31
31
31
31
31
31
31
31
31
31
30
30
30
30
30
30
30
30
30
30
30
30
30
30
30
30
30
30
30
30
30
30
30
30
30
30
30
30
30
30
30
30
30
30
30
30
30
30
30
30
30
30
30
30
30
30
30
30
30
30
30
30
30
30
30
30
30
30
30
30
30
30
30
30
30
30
30
30
30
30
30
30
30
30
30
30
30
30
30
30
30
30
30
30
30
30
30
29
29
29
29
29
29
29
29
29
29
29
29
29
29
29
29
29
29
29
29
29
29
29
29
29
29
29
29
29
29
29
29
29
29
29
29
29
29
29
29
29
29
29
29
29
29
29
29
29
29
29
29
29
29
29
29
29
29
29
29
29
29
29
29
29
29
29
29
29
29
29
29
29
29
29
29
29
29
29
29
29
29
29
29
29
29
29
29
29
29
29
29
29
29
29
29
29
29
29
29
29
29
29
29
29
29
29
28
28
28
28
28
28
28
28
28
28
28
28
28
28
28
28
28
28
28
28
28
28
28
28
28
28
28
28
28
28
28
28
28
28
28
28
28
28
28
28
28
28
28
28
28
28
28
28
28
28
28
28
28
28
28
28
28
28
28
28
28
28
28
28
28
28
28
28
28
28
28
28
28
28
28
28
28
28
28
28
28
28
28
28
28
28
28
28
28
28
28
28
28
28
28
28
28
28
28
28
27
27
27
27
27
27
27
27
27
27
27
27
27
27
27
27
27
27
27
27
27
27
27
27
27
27
27
27
27
27
27
27
27
27
27
27
27
27
27
27
27
27
27
27
27
27
27
27
27
27
27
27
27
27
27
27
27
27
27
27
27
27
27
27
27
27
27
27
27
27
27
27
27
27
27
27
27
27
27
27
27
27
27
27
27
27
27
27
27
27
27
27
27
27
27
27
27
27
27
27
27
27
27
27
27
27
27
27
27
27
26
26
26
26
26
26
26
26
26
26
26
26
26
26
26
26
26
26
26
26
26
26
26
26
26
26
26
26
26
26
26
26
26
26
26
26
26
26
26
26
26
26
26
26
26
26
26
26
26
26
26
26
26
26
26
26
26
26
26
26
26
26
26
26
26
26
26
26
26
26
26
26
26
26
26
26
26
26
26
26
26
26
26
26
26
26
26
26
26
26
25
25
25
25
25
25
25
25
25
25
25
25
25
25
25
25
25
25
25
25
25
25
25
25
25
25
25
25
25
25
25
25
25
25
25
25
25
25
25
25
25
25
25
25
25
25
25
25
25
25
25
25
25
25
25
25
25
25
25
25
25
25
25
25
25
25
25
25
25
25
25
25
25
25
25
25
25
25
25
25
25
25
25
25
25
25
25
25
25
25
25
25
25
25
24
24
24
24
24
24
24
24
24
24
24
24
24
24
24
24
24
24
24
24
24
24
24
24
24
24
24
24
24
24
24
24
24
24
24
24
24
24
24
24
24
24
24
24
24
24
24
24
24
24
24
24
24
24
24
24
24
24
24
24
24
24
24
24
24
24
24
24
24
24
24
24
24
24
24
23
23
23
23
23
23
23
23
23
23
23
23
23
23
23
23
23
23
23
23
23
23
23
23
23
23
23
23
23
23
23
23
23
23
23
23
23
23
23
23
23
23
23
23
23
23
23
23
23
23
23
23
23
23
23
23
23
23
23
23
23
23
23
23
23
23
23
23
23
23
23
23
23
23
23
23
23
23
22
22
22
22
22
22
22
22
22
22
22
22
22
22
22
22
22
22
22
22
22
22
22
22
22
22
22
22
22
22
22
22
22
22
22
22
22
22
22
22
22
22
22
22
22
22
22
22
22
22
22
22
22
22
22
22
22
21
21
21
21
21
21
21
21
21
21
21
21
21
21
21
21
21
21
21
21
21
21
21
21
21
21
21
21
20
20
20
20
20
20
20
20
20
20
20
20
20
20
20
20
20
20
20
20
20
20
20
20
20
20
19
19
19
19
19
19
19
19
19
19
19
19
19
19
19
19
19
19
19
18
18
18
18
18
18
18
18
17
17
17
17
17
16
16
16
16
15
