668796
589237
581790
565589
551349
520147
505412
491493
430400
312415
307259
278186
265685
254720
241593
226627
220288
218483
215722
199207
197480
195638
192186
184282
183363
179043
176812
176461
176373
175997
174964
173411
170276
166626
165778
164618
162602
161762
161635
159950
159804
158016
155919
155413
152673
151889
149412
147731
147097
144665
143452
143254
141436
139601
139518
139506
139329
138163
136783
136521
135939
135026
132840
132223
132055
130709
129857
127169
125463
124173
123610
123397
121812
121381
121050
119351
117582
117259
116861
115969
115650
115040
114584
113831
112875
112367
111603
110102
109864
108950
107468
107435
106497
105977
105878
105524
104273
103881
102744
101221
100169
100100
99616
99300
97867
97587
95872
95717
95152
94628
93137
92251
91201
90863
90415
90368
89908
89064
88737
88534
88477
88029
87925
86824
86470
86369
85763
85476
85214
85153
84699
84563
83980
83931
83759
83758
83711
83220
82388
82367
82064
82050
81397
81354
81282
80948
80868
80650
80561
80513
80451
80029
79961
79332
78535
78521
77997
77550
77491
77167
76471
76210
76069
75938
75804
74336
74166
74098
73965
73945
73929
73913
73810
73468
73321
73096
73084
72984
72820
72595
71785
71051
70906
70610
69948
69900
69860
69644
69482
69448
69379
69360
69107
69080
68401
68357
68079
67889
67721
67455
66892
66454
66319
66214
65983
65980
65880
65573
65478
65121
64945
64569
64437
64108
63995
63945
63595
63536
63482
63392
63376
63106
62833
62817
62761
62677
62591
62308
62212
62182
62159
62067
61837
61388
61072
61008
60950
60927
60875
60780
60758
60732
60165
59918
59790
59742
59452
59160
59012
59012
58887
58877
58834
58582
58450
58245
58161
58041
58029
57992
57951
57697
57575
57542
57459
57193
56669
56600
56515
56360
56356
56309
56224
56160
56096
55995
55925
55917
55885
55762
55581
55349
55211
55193
55173
55080
54702
54652
54644
54521
54509
54392
54392
54311
54025
53967
53936
53929
53925
53687
53629
53597
53408
53348
53282
53240
53159
53129
53066
53049
52997
52909
52863
52748
52644
52558
52445
52378
52376
52358
52072
51788
51646
51480
51355
51130
51119
50922
50911
50752
50714
50420
50288
50184
50096
50081
49943
49744
49585
49458
49441
49438
49366
49274
48911
48884
48867
48794
48758
48710
48636
48622
48577
48534
48529
48424
48314
48280
48272
48239
48203
48155
48153
48026
47998
47990
47929
47815
47720
47678
47672
47636
47619
47393
47269
47260
47240
47183
47111
46973
46938
46917
46887
46739
46701
46576
46473
46359
46286
46281
46152
46142
45892
45835
45803
45791
45740
45739
45700
45683
45645
45627
45592
45482
45446
45428
45285
45221
45161
45117
45060
44960
44959
44913
44830
44780
44672
44577
44576
44542
44397
44347
44294
44234
44227
44067
44047
43883
43882
43784
43741
43741
43677
43644
43602
43547
43469
43378
43340
43222
43199
43137
43129
43123
43120
42948
42829
42808
42774
42766
42765
42706
42702
42594
42540
42476
42345
42291
42261
42257
42192
42158
42028
42019
41968
41950
41935
41908
41849
41812
41757
41720
41620
41566
41513
41478
41393
41369
41359
41307
41220
41200
41116
40976
40860
40857
40805
40787
40763
40752
40699
40619
40561
40404
40381
40361
40289
40277
40251
40108
40098
40078
40061
40052
39918
39843
39824
39801
39790
39761
39755
39704
39687
39646
39566
39562
39528
39510
39441
39393
39346
39289
39266
39262
39251
39186
39121
39041
38970
38965
38963
38889
38875
38872
38841
38808
38748
38712
38702
38695
38658
38633
38604
38597
38490
38380
38319
38297
38225
38203
38142
38100
38087
38055
38031
37907
37788
37762
37711
37653
37588
37531
37518
37458
37455
37444
37344
37261
37254
37220
37203
37199
37186
37167
37115
37065
37039
37013
36930
36870
36854
36675
36674
36589
36556
36512
36467
36452
36364
36356
36350
36349
36251
36163
36154
36103
36084
36078
36039
36030
36030
36026
35977
35965
35903
35900
35892
35854
35791
35773
35746
35735
35651
35636
35563
35545
35484
35445
35436
35415
35364
35301
35262
35208
35186
35150
35076
35032
35030
34991
34977
34944
34930
34920
34911
34901
34887
34873
34854
34836
34820
34807
34782
34767
34761
34741
34739
34721
34690
34671
34649
34634
34620
34619
34613
34608
34578
34535
34529
34507
34493
34488
34446
34362
34337
34320
34302
34245
34210
34156
34147
34084
34058
34043
33977
33961
33961
33932
33924
33901
33855
33855
33836
33831
33830
33792
33756
33737
33706
33657
33651
33648
33648
33581
33577
33559
33498
33489
33454
33448
33434
33379
33372
33351
33296
33272
33270
33253
33133
33120
33071
33032
33030
33019
33017
32983
32970
32946
32927
32855
32854
32797
32786
32767
32765
32757
32734
32724
32721
32676
32656
32643
32602
32596
32550
32482
32479
32474
32457
32448
32418
32400
32394
32383
32355
32304
32270
32215
32193
32176
32175
32171
32150
32150
32105
32079
32042
32040
31893
31892
31851
31848
31818
31807
31805
31801
31799
31772
31765
31760
31659
31652
31619
31542
31540
31507
31495
31484
31451
31444
31427
31427
31418
31408
31402
31365
31338
31280
31273
31247
31245
31244
31140
31112
31091
31034
31033
31013
31009
31009
30994
30969
30962
30944
30942
30912
30908
30888
30876
30805
30766
30757
30729
30701
30681
30669
30669
30662
30647
30646
30620
30612
30590
30565
30565
30534
30509
30483
30465
30464
30447
30388
30377
30333
30310
30285
30281
30266
30243
30243
30191
30178
30117
30093
30064
30038
30038
30023
29951
29941
29916
29914
29884
29866
29863
29863
29849
29825
29824
29809
29759
29743
29714
29701
29685
29658
29655
29644
29629
29566
29561
29543
29529
29454
29424
29404
29396
29394
29394
29331
29325
29283
29262
29245
29235
29231
29228
29161
29145
29127
29104
29093
29082
29033
29032
29030
29024
29003
28954
28920
28884
28881
28866
28860
28848
28837
28818
28716
28705
28703
28696
28691
28675
28651
28633
28590
28577
28561
28546
28529
28501
28477
28471
28465
28464
28447
28423
28360
28347
28344
28342
28333
28330
28329
28304
28282
28273
28254
28221
28202
28201
28181
28162
28157
28133
28132
28114
28063
28056
28054
28050
28027
28001
27991
27990
27988
27977
27952
27941
27940
27938
27925
27899
27898
27886
27854
27834
27834
27821
27819
27765
27753
27739
27738
27730
27713
27704
27693
27680
27676
27675
27661
27658
27554
27549
27541
27530
27519
27516
27491
27490
27485
27485
27482
27466
27447
27446
27437
27393
27381
27370
27366
27360
27339
27332
27328
27327
27324
27302
27282
27217
27199
27149
27127
27121
27103
27096
27089
27086
27027
27024
26937
26920
26903
26902
26889
26884
26880
26876
26875
26866
26858
26833
26833
26830
26796
26778
26771
26766
26697
26669
26663
26654
26632
26630
26629
26620
26615
26610
26610
26576
26520
26513
26501
26442
26429
26413
26408
26323
26319
26302
26265
26262
26260
26234
26231
26229
26224
26193
26175
26154
26113
26097
26093
26074
26040
26015
26009
26007
25994
25993
25949
25932
25895
25895
25875
25873
25866
25855
25841
25832
25826
25823
25818
25815
25798
25787
25783
25765
25741
25727
25725
25720
25715
25714
25706
25694
25693
25692
25691
25687
25681
25608
25597
25597
25580
25547
25533
25511
25488
25453
25453
25443
25423
25421
25410
25388
25382
25359
25357
25306
25305
25274
25270
25254
25223
25207
25164
25163
25163
25161
25149
25146
25146
25137
25125
25124
25098
25097
25065
25064
25056
25052
25050
25041
25027
24951
24907
24874
24870
24856
24830
24816
24808
24774
24729
24727
24722
24716
24714
24690
24678
24669
24666
24653
24643
24586
24572
24545
24538
24522
24517
24516
24467
24441
24437
24435
24424
24410
24394
24375
24368
24366
24329
24301
24292
24289
24254
24247
24226
24225
24220
24218
24215
24212
24198
24188
24156
24114
24073
24065
24061
24041
24037
24014
24012
23980
23952
23950
23900
23857
23851
23839
23830
23827
23796
23795
23786
23775
23757
23751
23707
23691
23690
23688
23676
23651
23646
23645
23616
23608
23595
23566
23551
23515
23513
23508
23504
23504
23500
23477
23474
23420
23365
23355
23336
23326
23324
23299
23253
23243
23222
23207
23196
23191
23159
23155
23154
23145
23135
23109
23097
23095
23092
23086
23071
23068
23032
23005
22966
22954
22933
22933
22928
22908
22907
22902
22897
22893
22886
22831
22826
22826
22805
22786
22726
22721
22695
22682
22666
22660
22659
22651
22646
22603
22599
22553
22539
22537
22517
22507
22498
22473
22471
22457
22452
22449
22437
22412
22407
22383
22369
22352
22344
22331
22322
22312
22292
22282
22263
22256
22243
22232
22224
22215
22215
22214
22152
22139
22120
22114
22112
22103
22100
22079
22043
22042
22042
22037
22025
22022
22009
22006
21992
21969
21968
21960
21943
21935
21918
21918
21909
21900
21887
21875
21868
21862
21860
21833
21830
21823
21810
21800
21777
21776
21775
21770
21768
21732
21723
21723
21659
21648
21643
21629
21627
21620
21619
21614
21606
21585
21576
21575
21575
21558
21557
21530
21484
21475
21471
21463
21432
21406
21333
21295
21281
21281
21275
21261
21254
21225
21215
21167
21123
21117
21086
21072
21030
21025
21016
20989
20973
20947
20946
20931
20931
20920
20915
20896
20883
20857
20851
20839
20835
20834
20816
20773
20767
20731
20730
20725
20723
20708
20696
20689
20688
20670
20667
20662
20632
20627
20625
20596
20593
20578
20576
20552
20516
20513
20511
20501
20501
20496
20486
20485
20483
20476
20461
20453
20453
20449
20436
20430
20426
20419
20418
20412
20410
20398
20397
20375
20354
20344
20313
20303
20272
20258
20250
20240
20240
20238
20226
20207
20189
20175
20168
20167
20152
20125
20124
20119
20111
20107
20098
20093
20031
20028
20017
20011
20006
20003
19986
19977
19972
19965
19958
19954
19948
19942
19921
19921
19918
19898
19886
19882
19869
19867
19861
19859
19856
19836
19836
19834
19819
19811
19778
19775
19769
19768
19766
19753
19753
19730
19727
19715
19693
19676
19665
19632
19616
19611
19602
19599
19596
19585
19582
19574
19560
19547
19527
19513
19502
19497
19489
19479
19477
19442
19442
19411
19407
19393
19381
19375
19350
19327
19324
19312
19294
19291
19289
19276
19274
19268
19266
19262
19262
19242
19224
19218
19191
19174
19165
19153
19140
19134
19128
19112
19109
19088
19084
19078
19069
19067
19066
19059
19054
19052
19041
19041
19009
19002
18992
18990
18984
18978
18962
18954
18953
18936
18935
18926
18918
18898
18895
18883
18883
18875
18844
18838
18836
18825
18825
18802
18786
18778
18770
18769
18768
18765
18764
18763
18757
18755
18732
18728
18712
18696
18691
18691
18686
18675
18663
18661
18652
18646
18638
18625
18624
18621
18607
18594
18594
18582
18578
18567
18566
18562
18556
18539
18530
18529
18511
18511
18511
18509
18505
18494
18488
18472
18469
18467
18463
18463
18461
18460
18446
18432
18431
18429
18417
18404
18394
18385
18375
18341
18318
18317
18316
18316
18312
18293
18281
18266
18263
18261
18260
18255
18247
18237
18228
18224
18223
18207
18192
18191
18188
18175
18164
18142
18115
18108
18071
18071
18056
18051
18035
18024
18005
18000
17997
17988
17983
17980
17976
17969
17965
17963
17960
17945
17933
17926
17915
17910
17901
17901
17891
17891
17890
17882
17879
17862
17859
17858
17851
17846
17834
17808
17805
17804
17797
17797
17772
17753
17743
17737
17725
17724
17684
17681
17678
17675
17652
17646
17645
17639
17604
17601
17599
17584
17574
17565
17564
17558
17543
17533
17531
17519
17514
17511
17504
17503
17494
17489
17485
17477
17476
17473
17471
17464
17461
17420
17416
17412
17393
17378
17360
17354
17347
17335
17313
17310
17294
17292
17279
17271
17270
17269
17264
17249
17239
17219
17218
17196
17196
17189
17181
17179
17169
17159
17157
17145
17143
17126
17120
17108
17100
17100
17099
17098
17091
17082
17076
17075
17067
17066
17057
17050
17046
17045
17041
17038
17033
17029
17027
17016
17010
17002
17000
16985
16970
16929
16926
16925
16913
16911
16903
16889
16888
16886
16885
16875
16862
16851
16849
16846
16841
16841
16834
16833
16823
16808
16808
16800
16790
16786
16785
16780
16779
16773
16766
16762
16753
16750
16748
16747
16742
16741
16740
16727
16717
16714
16705
16691
16687
16682
16664
16658
16651
16648
16643
16640
16621
16601
16594
16580
16577
16575
16572
16564
16557
16541
16538
16532
16528
16489
16481
16465
16456
16452
16437
16430
16424
16421
16414
16403
16398
16397
16376
16370
16361
16358
16347
16345
16344
16341
16339
16336
16336
16333
16322
16316
16310
16310
16301
16291
16290
16290
16274
16266
16262
16258
16245
16242
16238
16231
16229
16202
16196
16185
16179
16170
16141
16141
16137
16135
16132
16125
16114
16111
16087
16080
16079
16078
16077
16067
16048
16038
16028
16022
16019
16014
16005
16005
15997
15991
15991
15987
15983
15983
15982
15976
15972
15966
15964
15959
15955
15950
15947
15947
15922
15917
15914
15903
15896
15889
15885
15884
15881
15867
15859
15856
15853
15836
15822
15812
15811
15805
15795
15786
15771
15764
15754
15747
15742
15738
15734
15732
15722
15719
15719
15711
15704
15695
15693
15681
15681
15670
15669
15665
15664
15661
15645
15633
15629
15627
15622
15622
15612
15595
15593
15589
15587
15584
15557
15541
15539
15531
15526
15526
15515
15510
15507
15507
15506
15502
15484
15468
15464
15463
15462
15450
15448
15443
15438
15432
15429
15424
15402
15390
15387
15382
15374
15372
15372
15372
15370
15370
15360
15356
15345
15341
15331
15323
15318
15309
15301
15299
15298
15296
15295
15290
15285
15272
15271
15270
15267
15255
15251
15248
15248
15235
15229
15228
15227
15223
15220
15217
15210
15206
15206
15191
15183
15172
15158
15151
15147
15147
15145
15132
15129
15124
15118
15117
15113
15113
15112
15086
15084
15080
15073
15071
15071
15065
15038
15021
15014
15001
14996
14992
14991
14978
14976
14973
14972
14972
14969
14965
14964
14959
14951
14949
14947
14947
14943
14942
14937
14934
14928
14925
14917
14915
14913
14913
14910
14910
14902
14895
14892
14890
14881
14873
14871
14849
14845
14840
14840
14837
14827
14818
14816
14815
14807
14799
14798
14796
14786
14783
14782
14777
14776
14774
14766
14761
14752
14752
14751
14747
14735
14734
14732
14726
14718
14711
14701
14696
14693
14690
14682
14682
14673
14668
14655
14654
14653
14651
14651
14648
14647
14643
14639
14637
14637
14626
14625
14621
14620
14613
14610
14602
14596
14592
14590
14584
14583
14578
14576
14576
14568
14568
14562
14562
14557
14555
14550
14539
14536
14530
14522
14521
14514
14511
14509
14509
14500
14491
14489
14487
14483
14466
14464
14464
14463
14458
14455
14452
14447
14443
14442
14439
14431
14430
14422
14419
14417
14404
14403
14401
14393
14387
14386
14385
14371
14368
14356
14355
14338
14327
14325
14320
14318
14314
14314
14312
14304
14302
14298
14296
14284
14278
14277
14259
14256
14256
14251
14239
14238
14232
14203
14199
14193
14184
14181
14180
14176
14157
14156
14150
14149
14136
14132
14130
14125
14123
14120
14116
14115
14102
14099
14093
14089
14082
14081
14079
14073
14065
14064
14061
14059
14058
14049
14047
14046
14044
14037
14030
14025
14019
14017
14010
13994
13993
13988
13987
13987
13984
13983
13975
13970
13965
13965
13961
13959
13948
13946
13929
13929
13926
13921
13918
13914
13913
13907
13902
13894
13890
13877
13873
13867
13863
13860
13857
13854
13836
13832
13831
13828
13825
13824
13823
13822
13815
13815
13807
13807
13806
13803
13791
13790
13779
13775
13772
13771
13762
13756
13744
13743
13732
13729
13728
13722
13722
13715
13708
13706
13699
13697
13695
13675
13665
13659
13659
13647
13645
13642
13639
13636
13631
13627
13626
13622
13615
13611
13608
13603
13603
13599
13598
13597
13593
13589
13575
13574
13573
13570
13569
13565
13559
13554
13551
13551
13550
13523
13516
13499
13498
13490
13481
13470
13470
13467
13466
13462
13454
13437
13434
13434
13431
13427
13427
13418
13390
13390
13387
13384
13380
13380
13373
13370
13370
13364
13364
13361
13356
13355
13351
13349
13342
13342
13341
13339
13338
13336
13335
13330
13328
13327
13323
13319
13316
13307
13303
13291
13288
13288
13287
13280
13256
13256
13251
13234
13234
13231
13229
13227
13223
13221
13210
13209
13192
13191
13190
13184
13180
13176
13172
13172
13169
13168
13145
13140
13137
13126
13117
13117
13112
13111
13110
13110
13110
13109
13109
13107
13099
13098
13091
13090
13090
13085
13082
13077
13076
13073
13068
13065
13064
13064
13063
13059
13059
13053
13051
13045
13044
13041
13033
13027
13026
13023
13022
13021
13018
13018
13014
13013
13008
13007
13005
13004
12999
12998
12998
12997
12992
12987
12984
12980
12970
12960
12956
12952
12948
12948
12945
12943
12938
12935
12935
12933
12931
12921
12919
12918
12915
12913
12912
12898
12878
12876
12874
12873
12849
12846
12845
12841
12837
12836
12835
12835
12830
12823
12822
12821
12820
12820
12814
12808
12804
12798
12796
12788
12787
12782
12776
12774
12771
12765
12765
12764
12762
12755
12755
12754
12748
12747
12746
12744
12736
12731
12724
12718
12717
12716
12716
12713
12705
12699
12696
12695
12689
12678
12677
12674
12670
12663
12663
12662
12660
12660
12652
12643
12641
12640
12640
12639
12638
12631
12624
12617
12612
12603
12599
12588
12585
12574
12570
12562
12562
12561
12553
12546
12545
12544
12543
12540
12534
12533
12532
12526
12519
12519
12515
12508
12507
12493
12492
12485
12485
12480
12479
12478
12476
12472
12460
12459
12458
12457
12453
12451
12451
12447
12444
12437
12436
12434
12432
12431
12431
12424
12424
12415
12414
12409
12403
12402
12398
12398
12395
12389
12385
12383
12379
12374
12373
12373
12372
12365
12364
12361
12359
12356
12351
12349
12339
12338
12331
12330
12327
12327
12326
12325
12324
12309
12304
12300
12272
12271
12269
12257
12251
12251
12248
12245
12243
12238
12238
12236
12232
12224
12220
12215
12213
12212
12211
12209
12208
12204
12204
12200
12199
12197
12194
12194
12189
12186
12179
12172
12172
12170
12169
12159
12156
12156
12154
12150
12143
12141
12137
12136
12136
12134
12132
12130
12124
12120
12119
12111
12107
12106
12103
12103
12103
12100
12085
12083
12083
12082
12080
12075
12068
12067
12061
12057
12054
12047
12036
12035
12034
12031
12031
12031
12029
12017
11996
11992
11990
11984
11984
11972
11971
11969
11960
11955
11952
11946
11944
11937
11934
11933
11918
11917
11916
11908
11907
11905
11904
11904
11889
11888
11884
11884
11882
11864
11858
11855
11851
11847
11845
11839
11839
11834
11834
11833
11832
11826
11823
11820
11819
11815
11812
11812
11810
11808
11807
11793
11793
11791
11787
11786
11782
11775
11765
11764
11760
11760
11758
11753
11752
11750
11747
11747
11745
11743
11739
11738
11737
11730
11721
11711
11709
11708
11708
11705
11702
11701
11699
11697
11697
11696
11694
11690
11688
11682
11676
11676
11673
11667
11666
11665
11656
11656
11651
11648
11642
11638
11634
11623
11622
11622
11616
11611
11610
11605
11605
11604
11593
11588
11585
11576
11571
11557
11557
11548
11546
11536
11535
11535
11532
11528
11527
11523
11522
11517
11511
11509
11509
11502
11497
11491
11489
11487
11486
11484
11482
11481
11476
11475
11471
11464
11462
11461
11452
11447
11440
11437
11436
11430
11426
11426
11415
11408
11394
11393
11379
11376
11372
11372
11368
11367
11366
11366
11361
11357
11354
11353
11352
11351
11348
11338
11334
11326
11325
11322
11322
11322
11311
11309
11308
11299
11295
11293
11288
11286
11285
11285
11283
11280
11279
11279
11276
11266
11259
11249
11246
11245
11242
11240
11233
11230
11226
11225
11223
11216
11215
11207
11207
11206
11205
11203
11203
11194
11188
11187
11187
11185
11184
11181
11175
11174
11166
11160
11159
11158
11153
11149
11147
11139
11139
11137
11134
11131
11129
11127
11127
11127
11125
11122
11119
11113
11105
11098
11088
11084
11080
11080
11079
11077
11068
11062
11059
11056
11055
11055
11054
11048
11046
11044
11044
11037
11035
11034
11033
11031
11029
11022
11021
11019
11016
11016
11010
11006
11006
11004
11001
10998
10989
10986
10984
10983
10981
10971
10971
10965
10962
10958
10957
10953
10952
10949
10943
10937
10937
10936
10935
10934
10934
10931
10930
10930
10930
10928
10927
10926
10919
10916
10911
10908
10908
10906
10901
10894
10891
10885
10884
10884
10881
10879
10879
10878
10862
10860
10859
10858
10857
10856
10852
10850
10847
10844
10840
10831
10829
10826
10826
10823
10822
10822
10819
10819
10819
10810
10805
10797
10797
10790
10790
10788
10787
10781
10780
10773
10771
10766
10763
10761
10758
10757
10751
10747
10746
10746
10745
10743
10742
10741
10739
10738
10737
10733
10732
10732
10731
10730
10728
10725
10721
10720
10720
10719
10719
10712
10711
10706
10705
10704
10703
10696
10696
10694
10694
10690
10689
10688
10686
10685
10683
10682
10679
10677
10674
10670
10666
10663
10660
10660
10659
10655
10655
10653
10648
10648
10648
10640
10640
10632
10627
10625
10624
10620
10614
10612
10610
10608
10606
10601
10599
10590
10583
10580
10580
10574
10570
10568
10568
10565
10563
10563
10562
10558
10558
10556
10553
10546
10545
10545
10544
10543
10536
10536
10535
10533
10531
10529
10525
10523
10523
10517
10516
10516
10513
10509
10508
10507
10507
10507
10502
10502
10500
10496
10491
10490
10484
10480
10479
10478
10474
10474
10472
10471
10471
10471
10469
10466
10462
10461
10457
10456
10456
10454
10454
10451
10448
10448
10443
10442
10440
10434
10431
10423
10422
10420
10419
10418
10416
10415
10413
10413
10411
10408
10403
10401
10399
10398
10395
10394
10393
10387
10386
10383
10380
10377
10375
10374
10371
10371
10364
10359
10357
10353
10351
10351
10350
10349
10344
10343
10342
10338
10334
10334
10333
10326
10325
10324
10324
10324
10324
10322
10318
10318
10309
10300
10298
10295
10292
10292
10290
10288
10287
10276
10271
10266
10259
10254
10252
10251
10249
10248
10247
10238
10237
10234
10232
10232
10231
10229
10228
10221
10219
10218
10217
10214
10197
10196
10192
10190
10188
10185
10182
10177
10177
10169
10167
10165
10149
10148
10146
10144
10142
10136
10135
10135
10134
10129
10128
10125
10125
10125
10123
10122
10122
10116
10114
10113
10102
10101
10098
10093
10091
10088
10088
10083
10082
10079
10078
10074
10073
10072
10072
10072
10071
10070
10059
10055
10054
10050
10049
10049
10045
10044
10044
10043
10035
10033
10032
10031
10030
10029
10027
10026
10023
10012
10011
10010
10004
10002
10002
9995
9992
9989
9989
9989
9986
9985
9985
9980
9979
9970
9970
9968
9966
9961
9958
9956
9955
9955
9954
9950
9950
9948
9936
9935
9934
9933
9927
9923
9920
9907
9904
9900
9900
9898
9898
9896
9893
9891
9887
9881
9881
9877
9876
9866
9864
9859
9856
9854
9853
9852
9851
9847
9845
9842
9840
9839
9835
9823
9818
9815
9814
9814
9814
9812
9810
9809
9808
9808
9807
9806
9803
9802
9800
9798
9796
9796
9793
9793
9793
9793
9792
9791
9789
9787
9785
9782
9780
9780
9779
9777
9775
9773
9771
9770
9770
9770
9769
9768
9767
9767
9761
9756
9755
9753
9748
9743
9743
9742
9741
9737
9737
9733
9730
9728
9724
9723
9723
9723
9720
9718
9716
9715
9714
9711
9709
9709
9708
9704
9701
9698
9693
9691
9687
9686
9685
9684
9677
9676
9675
9675
9668
9667
9665
9663
9660
9659
9658
9658
9657
9654
9651
9650
9646
9645
9644
9632
9630
9625
9618
9617
9610
9606
9605
9605
9603
9603
9602
9601
9601
9599
9598
9597
9594
9590
9588
9588
9587
9584
9583
9582
9580
9577
9576
9576
9575
9571
9565
9565
9558
9552
9550
9549
9549
9549
9540
9538
9538
9536
9535
9535
9530
9530
9530
9527
9527
9521
9518
9516
9510
9509
9508
9506
9506
9505
9504
9503
9501
9497
9485
9483
9483
9481
9480
9471
9470
9469
9461
9460
9458
9457
9452
9451
9450
9445
9444
9444
9437
9436
9434
9434
9427
9427
9419
9417
9416
9414
9408
9408
9406
9406
9404
9404
9401
9400
9396
9396
9396
9394
9391
9385
9383
9379
9379
9379
9378
9377
9377
9374
9371
9370
9370
9369
9367
9367
9363
9363
9361
9359
9358
9355
9354
9354
9353
9353
9350
9349
9345
9344
9337
9330
9328
9327
9327
9327
9326
9326
9325
9324
9324
9324
9318
9318
9317
9317
9315
9315
9313
9309
9308
9302
9302
9298
9295
9292
9289
9289
9288
9288
9287
9280
9280
9277
9276
9274
9273
9262
9259
9259
9259
9258
9255
9249
9247
9243
9241
9240
9238
9238
9236
9232
9229
9227
9225
9223
9220
9219
9218
9218
9216
9213
9213
9212
9202
9199
9196
9192
9186
9185
9185
9179
9178
9177
9177
9176
9175
9173
9172
9170
9169
9169
9169
9169
9167
9167
9165
9164
9162
9158
9157
9155
9153
9152
9147
9143
9143
9142
9142
9142
9141
9135
9133
9127
9126
9121
9120
9116
9113
9113
9111
9108
9108
9104
9104
9104
9102
9095
9093
9093
9092
9088
9088
9087
9087
9082
9079
9078
9078
9072
9070
9064
9057
9057
9056
9048
9046
9044
9044
9043
9043
9039
9037
9035
9033
9031
9028
9027
9026
9023
9022
9020
9020
9018
9009
9009
9009
9006
9004
9003
8995
8991
8990
8989
8988
8986
8985
8984
8982
8982
8979
8976
8973
8970
8970
8969
8966
8965
8964
8964
8963
8959
8958
8957
8954
8951
8951
8950
8949
8948
8946
8943
8939
8938
8934
8933
8930
8929
8928
8927
8922
8916
8912
8911
8910
8909
8908
8907
8904
8904
8901
8897
8897
8894
8894
8886
8885
8884
8882
8881
8879
8878
8877
8874
8870
8870
8865
8864
8864
8864
8861
8860
8857
8856
8852
8850
8843
8842
8841
8841
8838
8832
8830
8827
8823
8822
8822
8822
8820
8819
8818
8815
8815
8813
8812
8811
8810
8808
8804
8804
8802
8801
8800
8797
8797
8796
8794
8792
8788
8782
8780
8778
8774
8771
8771
8769
8767
8765
8765
8761
8761
8759
8756
8755
8754
8752
8743
8743
8739
8734
8732
8729
8729
8727
8726
8725
8724
8721
8721
8719
8718
8717
8716
8711
8709
8704
8704
8702
8699
8698
8698
8697
8693
8693
8690
8689
8686
8685
8682
8678
8677
8676
8674
8673
8670
8669
8669
8668
8667
8667
8666
8662
8661
8658
8658
8656
8655
8653
8651
8649
8648
8647
8645
8644
8639
8638
8636
8635
8633
8631
8630
8629
8624
8620
8617
8617
8616
8611
8610
8608
8607
8607
8605
8602
8600
8600
8598
8594
8592
8592
8588
8588
8587
8583
8577
8577
8577
8576
8574
8573
8572
8571
8571
8570
8570
8570
8569
8569
8569
8567
8567
8565
8564
8562
8562
8560
8553
8553
8551
8546
8545
8543
8539
8538
8538
8537
8534
8533
8523
8522
8521
8519
8516
8516
8515
8511
8510
8509
8509
8505
8505
8504
8501
8498
8497
8494
8493
8486
8485
8484
8482
8479
8475
8468
8468
8465
8465
8464
8462
8461
8461
8460
8459
8459
8457
8455
8455
8451
8449
8446
8445
8442
8441
8439
8437
8436
8436
8433
8433
8430
8429
8428
8426
8424
8423
8423
8418
8418
8415
8415
8413
8411
8410
8405
8405
8404
8403
8402
8402
8398
8394
8392
8389
8388
8383
8381
8378
8377
8375
8374
8371
8369
8368
8367
8366
8365
8364
8364
8363
8362
8360
8351
8351
8351
8347
8345
8340
8340
8337
8336
8334
8334
8329
8326
8326
8325
8324
8323
8320
8316
8315
8313
8313
8311
8310
8309
8307
8305
8305
8303
8301
8301
8300
8299
8298
8296
8295
8293
8290
8287
8283
8282
8280
8279
8275
8273
8273
8272
8266
8263
8262
8261
8260
8259
8258
8256
8254
8252
8249
8245
8244
8240
8240
8239
8238
8237
8236
8236
8234
8233
8230
8229
8229
8228
8227
8224
8221
8218
8217
8212
8211
8208
8207
8206
8206
8205
8204
8203
8203
8202
8202
8198
8196
8193
8193
8192
8191
8188
8187
8185
8180
8178
8177
8177
8177
8176
8173
8168
8163
8162
8162
8161
8160
8157
8155
8154
8153
8152
8152
8148
8145
8144
8143
8142
8137
8133
8132
8132
8130
8128
8128
8127
8123
8122
8122
8120
8115
8115
8115
8110
8108
8108
8106
8102
8102
8100
8100
8097
8095
8095
8094
8092
8090
8088
8086
8086
8085
8082
8082
8081
8081
8075
8075
8073
8072
8070
8069
8069
8068
8067
8066
8065
8064
8064
8060
8059
8059
8055
8054
8051
8051
8048
8047
8044
8043
8042
8038
8036
8035
8035
8033
8029
8020
8019
8018
8016
8016
8015
8015
8015
8015
8014
8012
8012
8011
8011
8010
8006
8005
8004
8004
7999
7998
7995
7991
7986
7983
7977
7973
7971
7970
7968
7966
7964
7964
7961
7960
7959
7957
7957
7955
7952
7950
7949
7948
7948
7948
7948
7945
7943
7943
7942
7941
7941
7941
7935
7935
7932
7930
7930
7929
7928
7928
7926
7921
7921
7920
7920
7918
7913
7913
7912
7909
7908
7905
7904
7903
7903
7902
7900
7898
7896
7896
7894
7894
7892
7892
7891
7891
7890
7889
7884
7878
7878
7878
7877
7876
7874
7873
7872
7871
7867
7867
7865
7864
7863
7861
7861
7859
7858
7856
7850
7848
7848
7848
7845
7843
7840
7838
7835
7831
7828
7823
7823
7822
7820
7820
7820
7816
7815
7814
7813
7809
7808
7807
7806
7805
7804
7802
7801
7800
7798
7796
7794
7794
7793
7791
7787
7787
7787
7786
7786
7785
7782
7780
7780
7777
7776
7774
7774
7772
7770
7768
7764
7762
7760
7758
7758
7756
7756
7755
7751
7751
7750
7747
7744
7735
7735
7733
7732
7731
7728
7728
7728
7727
7727
7726
7726
7723
7722
7722
7720
7720
7719
7717
7712
7712
7711
7707
7707
7705
7705
7703
7701
7700
7699
7698
7697
7696
7695
7695
7694
7694
7692
7690
7690
7689
7689
7687
7687
7686
7685
7685
7683
7680
7680
7679
7677
7676
7674
7671
7671
7671
7671
7670
7669
7669
7668
7668
7667
7664
7659
7659
7656
7656
7656
7650
7649
7648
7648
7648
7647
7646
7643
7637
7631
7630
7630
7629
7625
7623
7622
7621
7619
7617
7614
7611
7610
7609
7609
7609
7608
7607
7606
7604
7601
7600
7596
7591
7588
7583
7581
7580
7577
7575
7575
7572
7572
7572
7571
7568
7564
7564
7559
7558
7556
7554
7553
7553
7551
7550
7546
7544
7541
7536
7535
7531
7530
7528
7527
7524
7523
7522
7521
7521
7520
7519
7519
7515
7515
7515
7512
7511
7511
7510
7509
7508
7507
7505
7501
7500
7496
7495
7493
7492
7489
7488
7488
7482
7482
7480
7480
7478
7477
7474
7473
7473
7470
7469
7468
7467
7466
7465
7465
7464
7464
7464
7464
7463
7461
7458
7458
7455
7454
7453
7450
7446
7445
7444
7439
7439
7439
7436
7433
7433
7430
7428
7428
7425
7425
7424
7421
7421
7420
7419
7419
7418
7417
7415
7414
7411
7411
7409
7409
7408
7407
7406
7405
7404
7404
7401
7399
7398
7393
7390
7390
7387
7379
7378
7377
7373
7372
7371
7371
7371
7366
7366
7365
7365
7364
7362
7361
7360
7358
7357
7356
7356
7355
7353
7353
7352
7351
7350
7344
7344
7343
7343
7341
7340
7339
7337
7336
7336
7334
7334
7333
7333
7332
7332
7327
7324
7322
7322
7321
7317
7314
7314
7313
7312
7311
7311
7310
7310
7308
7307
7307
7306
7300
7300
7296
7293
7293
7292
7290
7287
7286
7283
7283
7280
7276
7276
7275
7273
7271
7270
7269
7269
7262
7262
7260
7260
7257
7256
7254
7254
7253
7253
7252
7251
7250
7248
7246
7246
7245
7243
7240
7239
7237
7237
7236
7235
7234
7233
7232
7228
7228
7227
7226
7225
7225
7224
7224
7223
7223
7222
7220
7219
7218
7218
7217
7217
7217
7214
7211
7208
7206
7203
7203
7202
7200
7197
7196
7194
7192
7189
7189
7187
7185
7185
7183
7176
7175
7174
7173
7172
7172
7171
7171
7170
7169
7166
7162
7161
7160
7159
7157
7155
7152
7152
7150
7150
7149
7149
7146
7145
7145
7143
7143
7142
7139
7139
7139
7137
7133
7132
7131
7130
7129
7125
7125
7124
7124
7122
7118
7118
7115
7112
7111
7110
7107
7104
7101
7099
7099
7099
7097
7096
7094
7094
7093
7093
7090
7090
7089
7089
7089
7088
7087
7085
7085
7082
7079
7078
7078
7076
7075
7075
7074
7073
7072
7072
7072
7071
7066
7066
7065
7064
7062
7060
7059
7056
7055
7052
7049
7049
7047
7047
7047
7047
7047
7045
7042
7040
7040
7038
7038
7037
7036
7035
7034
7034
7034
7033
7032
7031
7031
7031
7030
7029
7028
7028
7026
7026
7026
7023
7023
7023
7021
7020
7020
7020
7017
7016
7014
7011
7009
7006
7006
7005
7005
7002
6998
6997
6997
6995
6991
6987
6987
6983
6982
6978
6978
6977
6975
6974
6969
6968
6968
6968
6968
6964
6964
6963
6962
6962
6960
6959
6959
6958
6958
6957
6956
6956
6956
6953
6952
6951
6950
6949
6945
6944
6939
6939
6938
6937
6936
6934
6933
6930
6929
6928
6927
6926
6925
6923
6923
6923
6922
6922
6921
6920
6920
6920
6919
6918
6917
6917
6916
6916
6914
6913
6913
6911
6910
6909
6908
6908
6908
6906
6906
6905
6905
6904
6904
6904
6902
6901
6901
6900
6899
6899
6898
6895
6895
6895
6894
6893
6892
6892
6891
6890
6889
6889
6888
6886
6886
6881
6878
6878
6877
6876
6875
6872
6871
6870
6869
6865
6865
6864
6863
6862
6861
6861
6860
6860
6860
6859
6857
6856
6850
6849
6849
6844
6841
6839
6835
6834
6833
6830
6829
6829
6828
6827
6826
6825
6822
6816
6816
6815
6815
6814
6813
6811
6810
6808
6808
6807
6806
6803
6802
6801
6801
6798
6798
6798
6796
6796
6796
6793
6791
6789
6788
6787
6786
6784
6784
6782
6782
6781
6779
6778
6778
6775
6775
6775
6775
6773
6772
6772
6772
6771
6770
6769
6769
6769
6765
6764
6761
6759
6758
6758
6754
6754
6751
6750
6750
6749
6748
6742
6742
6741
6741
6741
6741
6739
6739
6735
6735
6734
6734
6734
6730
6730
6728
6728
6728
6725
6723
6723
6720
6720
6719
6718
6714
6714
6714
6714
6712
6711
6711
6708
6707
6707
6706
6706
6704
6704
6703
6700
6697
6697
6697
6695
6695
6694
6692
6691
6690
6688
6687
6686
6686
6686
6681
6679
6678
6676
6674
6671
6670
6669
6666
6665
6665
6664
6662
6661
6656
6656
6655
6654
6653
6652
6651
6651
6649
6648
6646
6646
6645
6645
6644
6643
6643
6642
6642
6640
6639
6639
6638
6636
6636
6635
6635
6633
6633
6630
6627
6627
6623
6622
6621
6620
6620
6619
6618
6618
6617
6616
6616
6615
6615
6615
6612
6612
6612
6611
6608
6607
6607
6605
6605
6604
6603
6602
6602
6601
6600
6600
6599
6599
6598
6597
6595
6595
6595
6591
6589
6588
6587
6586
6584
6583
6582
6581
6580
6580
6578
6576
6576
6576
6576
6575
6575
6572
6572
6572
6570
6567
6567
6566
6566
6564
6564
6564
6563
6562
6557
6553
6553
6552
6552
6552
6551
6550
6547
6544
6543
6543
6540
6539
6538
6537
6534
6533
6532
6531
6530
6528
6528
6527
6526
6526
6524
6523
6521
6521
6521
6520
6519
6518
6518
6517
6516
6514
6514
6511
6511
6510
6510
6506
6506
6506
6504
6502
6501
6501
6495
6495
6493
6491
6491
6489
6485
6484
6483
6483
6482
6482
6480
6480
6480
6477
6477
6471
6471
6471
6470
6467
6465
6464
6463
6462
6462
6462
6462
6461
6461
6460
6460
6456
6455
6455
6454
6453
6453
6452
6451
6451
6449
6449
6449
6449
6448
6448
6446
6443
6442
6441
6441
6440
6440
6439
6437
6437
6435
6435
6433
6432
6431
6431
6431
6429
6428
6427
6426
6425
6424
6423
6422
6421
6421
6419
6418
6416
6416
6415
6415
6414
6414
6412
6411
6411
6410
6408
6407
6407
6407
6407
6406
6406
6406
6403
6402
6401
6401
6401
6399
6396
6396
6395
6395
6394
6393
6393
6393
6390
6389
6387
6387
6386
6386
6386
6385
6384
6383
6383
6382
6382
6382
6380
6380
6379
6378
6378
6375
6370
6370
6368
6368
6364
6364
6362
6361
6358
6358
6358
6358
6357
6355
6355
6354
6354
6352
6352
6352
6348
6348
6348
6348
6348
6344
6344
6344
6342
6341
6341
6340
6340
6339
6339
6336
6334
6329
6329
6329
6329
6327
6327
6326
6324
6323
6322
6320
6320
6319
6318
6317
6316
6314
6313
6311
6310
6309
6308
6306
6305
6305
6304
6304
6304
6304
6301
6300
6298
6297
6296
6296
6294
6294
6293
6292
6290
6290
6289
6285
6285
6283
6283
6283
6281
6279
6276
6275
6275
6275
6274
6274
6274
6273
6272
6272
6271
6271
6269
6269
6268
6267
6266
6266
6266
6265
6263
6261
6257
6255
6255
6254
6254
6253
6252
6251
6250
6248
6246
6246
6245
6243
6242
6240
6239
6238
6235
6233
6231
6230
6230
6229
6227
6222
6222
6222
6221
6216
6214
6214
6214
6213
6212
6212
6212
6212
6212
6212
6210
6209
6209
6208
6207
6207
6207
6205
6203
6203
6202
6201
6201
6200
6199
6198
6198
6198
6198
6196
6195
6195
6195
6195
6194
6194
6193
6192
6191
6187
6187
6181
6181
6180
6179
6179
6179
6179
6178
6178
6178
6177
6172
6171
6171
6170
6168
6167
6165
6161
6159
6158
6157
6155
6155
6154
6152
6152
6152
6151
6146
6146
6145
6145
6143
6143
6142
6142
6141
6141
6140
6139
6138
6136
6135
6132
6131
6131
6130
6130
6130
6129
6129
6128
6126
6126
6126
6126
6126
6124
6123
6122
6120
6119
6118
6117
6116
6115
6115
6115
6114
6113
6111
6109
6109
6108
6108
6108
6106
6106
6105
6105
6104
6104
6104
6104
6103
6103
6103
6100
6100
6095
6095
6094
6093
6093
6092
6092
6090
6089
6088
6087
6084
6084
6083
6082
6082
6082
6081
6081
6081
6076
6076
6075
6075
6074
6073
6073
6068
6068
6068
6066
6064
6063
6063
6062
6062
6060
6059
6058
6057
6057
6056
6056
6055
6055
6054
6053
6053
6052
6052
6051
6049
6049
6049
6049
6048
6047
6042
6042
6042
6041
6041
6040
6038
6038
6038
6037
6036
6035
6033
6032
6031
6030
6030
6029
6028
6027
6026
6025
6025
6025
6024
6024
6020
6017
6015
6015
6013
6008
6008
6007
6007
6006
6005
6003
6003
6003
6002
6001
6001
5999
5998
5998
5998
5996
5996
5996
5994
5993
5993
5992
5991
5990
5990
5988
5987
5984
5983
5983
5982
5981
5980
5978
5978
5974
5973
5972
5971
5970
5969
5969
5969
5967
5967
5966
5966
5965
5964
5964
5962
5961
5961
5960
5959
5959
5959
5958
5958
5957
5956
5956
5955
5954
5952
5951
5949
5949
5948
5945
5945
5942
5941
5940
5940
5939
5939
5938
5937
5937
5935
5935
5934
5934
5933
5931
5931
5930
5928
5928
5928
5927
5927
5925
5925
5925
5923
5922
5921
5921
5920
5916
5916
5916
5916
5916
5914
5913
5913
5912
5912
5909
5909
5908
5908
5907
5907
5907
5907
5905
5904
5904
5903
5902
5902
5901
5900
5899
5899
5896
5895
5890
5889
5889
5887
5886
5885
5884
5883
5882
5881
5880
5880
5879
5877
5875
5875
5874
5873
5868
5868
5867
5865
5865
5864
5862
5861
5861
5858
5857
5856
5855
5855
5854
5854
5853
5853
5853
5852
5850
5850
5849
5849
5848
5845
5842
5840
5839
5839
5838
5835
5834
5832
5831
5829
5828
5827
5827
5826
5824
5822
5822
5821
5821
5818
5817
5814
5814
5813
5812
5812
5812
5811
5810
5810
5809
5808
5808
5808
5806
5806
5805
5805
5804
5804
5804
5804
5803
5802
5802
5801
5801
5800
5799
5799
5797
5795
5794
5793
5793
5793
5793
5790
5790
5787
5786
5785
5782
5781
5779
5779
5778
5778
5777
5776
5776
5776
5775
5775
5772
5772
5771
5771
5771
5770
5769
5769
5768
5767
5766
5765
5762
5762
5762
5761
5760
5760
5759
5759
5758
5758
5758
5757
5757
5756
5756
5755
5755
5754
5753
5753
5752
5750
5749
5748
5748
5748
5748
5747
5745
5744
5743
5742
5741
5741
5740
5740
5739
5739
5739
5739
5739
5739
5738
5737
5736
5736
5733
5733
5733
5732
5731
5730
5729
5729
5729
5728
5726
5725
5722
5722
5720
5719
5717
5717
5716
5716
5715
5714
5714
5714
5713
5713
5713
5712
5711
5711
5711
5710
5709
5709
5709
5708
5707
5706
5704
5703
5702
5702
5701
5701
5700
5699
5698
5696
5696
5695
5695
5694
5693
5693
5689
5689
5684
5683
5682
5682
5680
5679
5679
5679
5678
5678
5678
5676
5676
5675
5675
5673
5673
5673
5672
5671
5669
5668
5664
5663
5662
5662
5661
5660
5660
5659
5659
5657
5655
5654
5654
5654
5653
5652
5651
5651
5650
5648
5648
5645
5643
5641
5639
5639
5636
5636
5633
5632
5632
5631
5629
5629
5629
5628
5627
5627
5624
5622
5622
5619
5619
5618
5618
5618
5618
5617
5617
5613
5612
5611
5611
5611
5610
5609
5608
5608
5604
5602
5602
5602
5600
5600
5598
5597
5597
5595
5595
5594
5594
5593
5589
5589
5588
5587
5586
5584
5583
5582
5581
5580
5579
5578
5577
5572
5572
5571
5571
5571
5571
5569
5568
5568
5568
5568
5567
5565
5565
5565
5565
5564
5564
5561
5559
5555
5555
5554
5554
5553
5549
5548
5548
5548
5548
5548
5547
5547
5546
5545
5545
5543
5542
5540
5540
5540
5535
5534
5534
5534
5533
5532
5532
5532
5532
5531
5531
5530
5530
5527
5527
5526
5525
5525
5523
5522
5521
5517
5517
5516
5514
5513
5512
5511
5510
5510
5510
5509
5508
5507
5506
5506
5506
5505
5504
5504
5503
5501
5500
5499
5499
5498
5498
5497
5497
5496
5494
5494
5493
5493
5493
5492
5492
5492
5491
5490
5490
5488
5487
5486
5485
5485
5484
5484
5484
5484
5484
5483
5483
5481
5480
5480
5478
5477
5474
5473
5472
5470
5469
5467
5467
5467
5466
5466
5464
5464
5463
5463
5463
5461
5459
5458
5458
5458
5458
5456
5456
5454
5454
5454
5453
5453
5452
5452
5450
5450
5450
5449
5449
5449
5446
5444
5443
5443
5443
5442
5442
5441
5440
5439
5439
5439
5438
5438
5436
5435
5434
5432
5432
5431
5431
5430
5429
5429
5429
5428
5427
5426
5425
5425
5425
5424
5423
5423
5422
5422
5422
5421
5420
5420
5419
5418
5417
5417
5416
5412
5412
5412
5411
5411
5410
5409
5408
5408
5407
5406
5405
5403
5403
5401
5401
5401
5400
5399
5399
5397
5397
5397
5397
5397
5397
5396
5393
5391
5390
5390
5389
5389
5389
5387
5386
5385
5384
5384
5384
5380
5380
5378
5378
5378
5378
5377
5373
5373
5373
5373
5373
5372
5372
5372
5371
5370
5369
5369
5369
5369
5368
5368
5367
5366
5365
5362
5362
5360
5359
5359
5358
5358
5355
5355
5354
5353
5352
5351
5350
5350
5349
5349
5349
5347
5347
5346
5346
5345
5343
5343
5343
5342
5341
5341
5340
5340
5339
5339
5338
5338
5338
5338
5338
5336
5333
5333
5333
5332
5332
5331
5331
5331
5330
5330
5329
5326
5324
5324
5322
5321
5320
5320
5319
5319
5319
5319
5318
5317
5316
5315
5315
5314
5313
5313
5312
5312
5312
5312
5312
5311
5311
5310
5309
5309
5308
5308
5308
5307
5307
5306
5305
5305
5305
5304
5304
5304
5303
5302
5302
5300
5299
5299
5298
5298
5297
5296
5295
5295
5294
5294
5294
5293
5292
5291
5291
5290
5289
5289
5289
5289
5288
5287
5287
5287
5285
5285
5284
5283
5282
5282
5282
5281
5281
5281
5280
5280
5279
5279
5279
5277
5277
5276
5273
5273
5272
5271
5271
5270
5269
5267
5266
5266
5264
5264
5262
5261
5260
5260
5258
5258
5257
5256
5255
5254
5254
5253
5252
5251
5251
5250
5250
5247
5246
5246
5246
5245
5244
5244
5243
5242
5242
5240
5240
5238
5238
5238
5238
5237
5237
5237
5236
5236
5236
5235
5235
5235
5234
5233
5233
5233
5233
5233
5232
5231
5230
5229
5228
5228
5228
5228
5227
5224
5223
5221
5218
5218
5218
5217
5217
5217
5216
5216
5216
5215
5215
5214
5214
5211
5211
5211
5211
5211
5209
5209
5208
5208
5208
5206
5202
5202
5201
5200
5200
5200
5200
5200
5197
5197
5197
5197
5197
5197
5196
5194
5194
5194
5193
5193
5193
5192
5192
5191
5191
5190
5190
5189
5189
5187
5187
5186
5186
5186
5185
5184
5184
5183
5182
5180
5179
5179
5179
5179
5179
5178
5177
5176
5176
5176
5175
5175
5174
5173
5172
5172
5172
5172
5172
5171
5171
5170
5169
5168
5168
5167
5167
5166
5166
5164
5163
5162
5161
5159
5159
5157
5157
5157
5156
5156
5156
5156
5155
5154
5153
5152
5151
5151
5150
5149
5149
5149
5148
5147
5147
5144
5143
5142
5141
5140
5140
5139
5139
5139
5138
5138
5137
5137
5135
5135
5134
5134
5134
5134
5130
5129
5129
5128
5126
5124
5124
5123
5122
5120
5120
5119
5119
5119
5118
5118
5116
5116
5116
5115
5114
5114
5114
5113
5112
5111
5111
5110
5110
5106
5106
5106
5106
5105
5105
5105
5102
5100
5100
5100
5099
5098
5098
5097
5097
5096
5096
5095
5095
5094
5093
5093
5093
5091
5091
5091
5090
5089
5088
5088
5087
5087
5086
5086
5084
5084
5084
5083
5083
5083
5082
5082
5081
5081
5081
5081
5080
5079
5078
5078
5078
5077
5076
5076
5076
5075
5074
5074
5073
5073
5071
5071
5071
5070
5069
5066
5064
5064
5064
5063
5063
5063
5063
5061
5061
5061
5060
5057
5057
5057
5056
5055
5055
5053
5052
5052
5051
5051
5051
5050
5050
5049
5049
5048
5047
5047
5046
5046
5046
5045
5045
5045
5044
5044
5043
5043
5042
5042
5042
5041
5041
5040
5040
5039
5039
5038
5038
5038
5038
5037
5037
5036
5035
5033
5033
5033
5033
5032
5031
5031
5030
5030
5030
5030
5028
5028
5027
5027
5026
5024
5024
5024
5023
5023
5022
5021
5021
5020
5019
5018
5018
5018
5017
5017
5017
5016
5016
5016
5015
5015
5015
5015
5013
5013
5013
5013
5012
5011
5010
5010
5009
5009
5008
5008
5008
5007
5005
5004
5003
5003
5001
5001
5001
5000
5000
4999
4998
4998
4997
4997
4997
4996
4994
4994
4994
4993
4992
4992
4991
4990
4989
4988
4988
4988
4988
4987
4987
4986
4985
4985
4983
4982
4982
4982
4981
4981
4981
4980
4980
4980
4979
4978
4978
4978
4977
4976
4975
4974
4973
4971
4970
4970
4969
4968
4968
4968
4968
4967
4966
4966
4966
4965
4964
4964
4963
4963
4963
4962
4961
4961
4960
4959
4959
4958
4958
4958
4958
4957
4956
4956
4955
4955
4955
4952
4952
4952
4951
4949
4947
4947
4946
4945
4945
4943
4942
4941
4937
4937
4937
4936
4935
4935
4934
4934
4934
4931
4931
4930
4930
4930
4929
4928
4928
4928
4928
4928
4928
4928
4927
4926
4926
4923
4922
4921
4919
4919
4918
4917
4916
4915
4915
4914
4912
4912
4911
4911
4910
4910
4909
4909
4909
4906
4906
4906
4905
4902
4902
4902
4902
4901
4901
4900
4899
4899
4898
4897
4897
4897
4895
4894
4894
4894
4893
4892
4891
4890
4889
4889
4888
4888
4886
4886
4885
4885
4883
4883
4882
4882
4881
4881
4880
4880
4879
4876
4876
4876
4876
4874
4873
4873
4872
4871
4870
4868
4868
4867
4866
4865
4865
4865
4865
4864
4863
4863
4860
4860
4860
4858
4858
4858
4858
4857
4857
4857
4856
4856
4855
4854
4854
4853
4853
4853
4853
4852
4852
4852
4852
4852
4852
4852
4851
4849
4849
4849
4848
4848
4847
4846
4846
4845
4845
4845
4845
4844
4843
4843
4843
4843
4842
4841
4841
4841
4839
4838
4838
4838
4837
4835
4835
4834
4834
4833
4833
4831
4830
4829
4829
4828
4827
4827
4826
4826
4826
4826
4825
4823
4823
4823
4821
4821
4821
4820
4820
4819
4819
4819
4817
4814
4813
4813
4811
4811
4810
4810
4809
4809
4809
4809
4809
4809
4807
4807
4807
4807
4806
4805
4804
4804
4804
4804
4804
4803
4803
4800
4800
4800
4800
4799
4799
4799
4798
4798
4796
4796
4796
4795
4795
4793
4791
4791
4790
4790
4789
4789
4788
4787
4787
4787
4786
4786
4785
4785
4784
4784
4784
4784
4783
4782
4782
4781
4779
4778
4778
4777
4777
4775
4774
4773
4773
4773
4773
4773
4773
4773
4772
4772
4772
4772
4772
4771
4771
4771
4771
4770
4769
4768
4768
4768
4765
4764
4763
4763
4762
4762
4761
4761
4761
4761
4761
4760
4760
4760
4760
4759
4759
4759
4759
4758
4758
4758
4757
4757
4756
4755
4754
4753
4753
4753
4751
4750
4749
4748
4746
4745
4745
4744
4742
4742
4742
4742
4742
4741
4741
4740
4739
4738
4737
4737
4736
4736
4736
4735
4735
4734
4734
4734
4732
4731
4731
4730
4730
4730
4729
4729
4728
4728
4728
4728
4727
4725
4724
4723
4723
4722
4722
4722
4722
4721
4720
4720
4720
4720
4718
4718
4717
4716
4715
4714
4714
4712
4712
4712
4711
4711
4711
4710
4707
4707
4705
4705
4704
4704
4704
4704
4704
4703
4703
4703
4702
4701
4701
4700
4699
4699
4699
4698
4698
4697
4696
4695
4695
4694
4693
4692
4692
4691
4691
4691
4690
4689
4689
4688
4687
4686
4685
4685
4684
4683
4682
4682
4681
4679
4678
4677
4676
4674
4673
4673
4673
4670
4670
4670
4669
4668
4668
4667
4666
4665
4664
4664
4662
4662
4662
4662
4661
4661
4661
4660
4660
4659
4659
4658
4658
4657
4657
4657
4655
4655
4653
4652
4651
4650
4650
4650
4648
4647
4647
4647
4647
4647
4646
4644
4643
4643
4643
4642
4641
4641
4640
4639
4639
4638
4638
4637
4637
4637
4637
4637
4637
4637
4636
4636
4635
4635
4634
4634
4632
4632
4631
4630
4629
4629
4629
4628
4627
4627
4626
4625
4624
4624
4623
4622
4622
4621
4621
4620
4619
4619
4618
4618
4617
4617
4616
4615
4614
4614
4614
4614
4611
4611
4610
4610
4609
4609
4609
4609
4608
4608
4607
4607
4606
4606
4604
4602
4602
4601
4601
4600
4600
4600
4600
4599
4598
4597
4597
4596
4595
4595
4594
4594
4594
4593
4592
4592
4592
4592
4591
4591
4590
4589
4587
4587
4587
4587
4587
4583
4582
4582
4580
4580
4580
4580
4580
4580
4579
4579
4579
4579
4578
4577
4576
4575
4573
4571
4571
4571
4570
4570
4570
4569
4569
4568
4568
4567
4567
4566
4566
4566
4563
4563
4563
4563
4561
4561
4561
4561
4561
4561
4561
4559
4558
4557
4557
4556
4555
4552
4552
4551
4551
4551
4551
4551
4550
4550
4549
4548
4547
4547
4547
4546
4545
4544
4544
4543
4543
4543
4542
4542
4542
4542
4541
4541
4540
4539
4539
4538
4538
4537
4537
4536
4536
4536
4536
4535
4535
4534
4534
4533
4532
4532
4532
4531
4531
4531
4531
4530
4530
4530
4530
4529
4528
4528
4527
4527
4526
4526
4525
4524
4524
4524
4524
4524
4523
4523
4523
4522
4521
4520
4519
4519
4518
4518
4518
4518
4518
4518
4518
4517
4517
4517
4517
4516
4515
4515
4515
4514
4513
4513
4512
4512
4511
4510
4510
4509
4509
4509
4509
4507
4507
4506
4505
4505
4504
4503
4503
4502
4501
4501
4501
4501
4501
4500
4499
4498
4498
4498
4498
4498
4497
4497
4496
4495
4494
4494
4493
4493
4492
4492
4492
4490
4490
4490
4489
4488
4488
4488
4487
4486
4486
4485
4485
4485
4484
4484
4483
4483
4482
4481
4481
4481
4481
4481
4480
4480
4477
4477
4476
4474
4474
4474
4471
4471
4471
4471
4470
4468
4468
4467
4466
4465
4465
4464
4464
4464
4463
4463
4462
4461
4461
4459
4459
4459
4459
4458
4458
4458
4457
4456
4456
4456
4455
4455
4454
4454
4453
4453
4453
4452
4452
4452
4451
4450
4450
4450
4450
4449
4449
4448
4448
4448
4448
4447
4447
4447
4446
4446
4445
4445
4445
4445
4444
4444
4443
4442
4441
4441
4440
4440
4440
4439
4438
4437
4437
4437
4437
4436
4436
4435
4434
4434
4434
4433
4433
4433
4430
4430
4430
4430
4429
4429
4429
4428
4426
4425
4425
4424
4423
4423
4422
4421
4421
4420
4419
4419
4419
4418
4417
4417
4416
4416
4416
4414
4414
4414
4413
4413
4411
4411
4408
4408
4408
4408
4408
4407
4406
4406
4406
4406
4406
4405
4405
4404
4404
4404
4404
4404
4404
4402
4401
4400
4400
4400
4399
4399
4399
4398
4398
4398
4397
4397
4396
4396
4396
4395
4395
4392
4392
4392
4391
4389
4389
4389
4389
4387
4387
4387
4386
4386
4386
4383
4382
4382
4382
4381
4381
4380
4380
4379
4379
4379
4378
4378
4378
4378
4377
4376
4376
4375
4374
4374
4374
4373
4373
4373
4372
4372
4372
4372
4371
4371
4370
4370
4369
4369
4369
4368
4368
4367
4367
4366
4366
4365
4364
4364
4364
4364
4363
4363
4362
4362
4361
4361
4360
4359
4359
4359
4358
4357
4356
4356
4356
4355
4354
4354
4354
4353
4353
4353
4353
4353
4351
4351
4350
4350
4350
4348
4348
4348
4347
4347
4346
4346
4345
4344
4344
4343
4343
4343
4343
4342
4341
4341
4341
4341
4341
4340
4340
4340
4339
4338
4336
4335
4335
4335
4335
4335
4334
4334
4334
4334
4333
4333
4332
4331
4330
4330
4329
4329
4328
4328
4328
4328
4327
4327
4327
4325
4325
4324
4324
4324
4324
4323
4322
4322
4322
4322
4321
4319
4317
4317
4316
4316
4316
4315
4315
4314
4313
4313
4312
4312
4312
4312
4311
4311
4310
4310
4309
4308
4307
4306
4306
4306
4305
4304
4304
4303
4303
4303
4302
4302
4302
4301
4300
4300
4299
4299
4299
4298
4297
4297
4296
4296
4295
4294
4294
4293
4292
4292
4292
4291
4291
4291
4290
4290
4288
4288
4288
4288
4287
4287
4286
4286
4286
4286
4285
4285
4285
4284
4284
4283
4283
4283
4280
4280
4280
4280
4279
4279
4279
4278
4277
4276
4276
4276
4276
4275
4275
4275
4275
4275
4275
4274
4274
4274
4273
4273
4273
4272
4271
4271
4271
4271
4268
4267
4267
4266
4266
4266
4263
4263
4263
4263
4262
4262
4262
4262
4262
4261
4261
4261
4261
4261
4260
4260
4260
4260
4260
4260
4259
4259
4258
4258
4257
4257
4257
4257
4257
4256
4256
4256
4255
4255
4254
4254
4253
4253
4252
4252
4252
4252
4250
4249
4248
4248
4248
4247
4247
4245
4244
4243
4242
4242
4242
4241
4241
4240
4240
4240
4240
4240
4239
4238
4237
4236
4235
4235
4235
4234
4234
4233
4233
4232
4232
4232
4232
4231
4231
4231
4230
4229
4229
4229
4229
4228
4228
4228
4227
4226
4226
4226
4225
4224
4223
4222
4222
4221
4221
4220
4220
4218
4216
4215
4215
4215
4215
4214
4212
4210
4210
4210
4210
4210
4209
4207
4207
4206
4206
4206
4206
4206
4205
4204
4204
4204
4204
4203
4203
4203
4201
4201
4200
4199
4199
4198
4198
4198
4197
4197
4197
4196
4196
4195
4194
4194
4193
4193
4190
4190
4189
4189
4189
4189
4189
4189
4188
4188
4187
4187
4187
4187
4186
4185
4185
4184
4184
4184
4184
4183
4183
4183
4182
4182
4182
4181
4181
4180
4180
4179
4179
4179
4179
4178
4178
4178
4177
4177
4176
4176
4176
4175
4174
4174
4173
4173
4173
4172
4172
4171
4170
4170
4170
4169
4169
4169
4168
4168
4167
4167
4167
4166
4166
4166
4165
4164
4164
4163
4163
4161
4161
4160
4160
4159
4158
4158
4158
4157
4156
4156
4156
4154
4154
4154
4154
4154
4153
4153
4152
4152
4151
4151
4150
4150
4150
4150
4149
4149
4149
4148
4146
4145
4145
4144
4143
4143
4143
4142
4142
4141
4141
4140
4139
4138
4138
4137
4137
4137
4136
4136
4135
4135
4135
4134
4134
4133
4133
4133
4132
4132
4131
4131
4130
4130
4129
4128
4127
4126
4126
4126
4126
4123
4122
4121
4120
4119
4119
4117
4117
4114
4114
4113
4113
4113
4112
4112
4112
4112
4111
4111
4111
4111
4110
4110
4109
4109
4109
4108
4107
4106
4106
4106
4106
4106
4106
4105
4105
4105
4104
4104
4103
4103
4103
4102
4102
4102
4102
4102
4101
4101
4101
4100
4100
4100
4100
4099
4099
4098
4098
4096
4096
4096
4096
4095
4095
4094
4094
4094
4093
4093
4092
4091
4091
4091
4091
4090
4090
4088
4088
4087
4087
4087
4086
4086
4086
4085
4085
4083
4083
4083
4082
4082
4082
4082
4080
4080
4080
4078
4078
4076
4075
4075
4075
4074
4074
4074
4074
4074
4074
4072
4071
4071
4069
4069
4069
4069
4069
4068
4067
4067
4067
4067
4067
4067
4066
4066
4066
4066
4065
4065
4065
4065
4063
4063
4062
4062
4062
4062
4062
4062
4061
4061
4061
4061
4060
4060
4060
4059
4059
4058
4058
4057
4057
4057
4056
4056
4056
4055
4055
4055
4054
4053
4053
4053
4052
4050
4050
4050
4050
4049
4049
4049
4049
4049
4048
4048
4048
4046
4046
4046
4046
4045
4045
4045
4045
4044
4044
4043
4043
4043
4043
4042
4042
4042
4040
4040
4040
4039
4038
4038
4038
4038
4037
4037
4037
4037
4037
4037
4037
4036
4035
4035
4035
4034
4034
4032
4032
4031
4031
4030
4030
4029
4028
4028
4026
4026
4026
4026
4025
4025
4025
4025
4024
4024
4024
4023
4022
4022
4022
4022
4022
4021
4019
4019
4019
4019
4018
4017
4017
4017
4016
4016
4016
4016
4016
4015
4014
4014
4014
4013
4013
4012
4011
4011
4010
4010
4009
4009
4008
4008
4007
4006
4006
4006
4006
4006
4006
4005
4004
4004
4003
4003
4003
4003
4003
4003
4002
4002
4002
4002
4002
4002
4002
4001
4001
4000
4000
4000
4000
3999
3999
3998
3998
3998
3998
3998
3998
3998
3997
3997
3997
3997
3996
3996
3996
3994
3994
3994
3994
3993
3993
3993
3993
3992
3992
3991
3991
3991
3991
3990
3989
3989
3989
3989
3989
3989
3988
3987
3986
3986
3986
3985
3985
3985
3985
3984
3984
3984
3983
3983
3982
3982
3981
3981
3981
3981
3981
3980
3980
3980
3979
3979
3978
3978
3977
3976
3975
3975
3975
3974
3974
3974
3973
3973
3972
3972
3971
3971
3971
3970
3970
3970
3969
3968
3968
3968
3968
3967
3967
3966
3966
3966
3966
3966
3966
3965
3965
3965
3965
3964
3964
3964
3964
3964
3962
3962
3961
3961
3960
3960
3958
3958
3957
3956
3956
3955
3955
3954
3954
3954
3954
3954
3953
3953
3953
3953
3953
3952
3951
3951
3950
3950
3949
3948
3948
3948
3946
3946
3946
3946
3945
3944
3944
3944
3944
3944
3944
3944
3944
3944
3943
3943
3943
3943
3942
3942
3941
3941
3940
3940
3940
3940
3940
3939
3938
3938
3938
3937
3937
3934
3934
3934
3933
3933
3933
3933
3933
3933
3933
3932
3932
3931
3931
3931
3930
3930
3929
3929
3929
3929
3928
3926
3926
3926
3925
3925
3924
3924
3924
3924
3922
3922
3922
3922
3922
3922
3922
3921
3921
3920
3919
3919
3918
3917
3916
3916
3916
3916
3916
3915
3915
3915
3915
3915
3914
3914
3911
3911
3910
3910
3910
3910
3910
3909
3909
3909
3908
3908
3908
3907
3907
3906
3906
3906
3905
3905
3905
3905
3904
3903
3903
3903
3902
3901
3900
3900
3900
3898
3898
3897
3896
3896
3895
3895
3895
3894
3893
3893
3893
3892
3892
3891
3891
3891
3889
3889
3889
3888
3888
3888
3888
3887
3886
3886
3886
3885
3885
3884
3883
3883
3883
3883
3883
3882
3882
3881
3881
3881
3881
3880
3880
3879
3879
3879
3879
3878
3878
3878
3877
3877
3877
3876
3876
3876
3876
3875
3875
3875
3875
3875
3874
3874
3874
3874
3873
3872
3871
3871
3870
3870
3870
3869
3869
3869
3869
3869
3868
3868
3868
3868
3867
3867
3867
3866
3866
3866
3866
3866
3865
3865
3864
3864
3864
3864
3864
3864
3864
3864
3863
3863
3863
3863
3863
3862
3862
3862
3862
3861
3861
3860
3860
3860
3860
3859
3859
3859
3858
3857
3857
3856
3855
3854
3854
3854
3854
3853
3852
3852
3852
3851
3850
3850
3850
3849
3849
3849
3848
3848
3848
3848
3847
3847
3846
3845
3845
3844
3844
3843
3843
3843
3843
3843
3843
3843
3842
3842
3842
3841
3841
3841
3840
3840
3840
3839
3839
3837
3837
3836
3836
3836
3836
3835
3835
3833
3832
3831
3830
3830
3830
3830
3830
3829
3829
3829
3829
3829
3829
3829
3829
3828
3828
3828
3827
3827
3826
3825
3825
3824
3824
3823
3823
3823
3823
3822
3822
3821
3820
3819
3819
3819
3818
3818
3818
3817
3817
3816
3816
3814
3814
3814
3814
3813
3813
3813
3811
3811
3811
3810
3810
3809
3809
3808
3808
3808
3808
3808
3807
3807
3807
3807
3807
3806
3806
3806
3805
3805
3804
3804
3804
3804
3804
3803
3803
3802
3802
3802
3802
3802
3801
3800
3800
3800
3800
3800
3800
3799
3799
3799
3799
3798
3798
3798
3798
3798
3798
3797
3797
3796
3796
3796
3796
3795
3794
3794
3793
3793
3792
3792
3790
3789
3789
3789
3789
3788
3787
3787
3787
3787
3786
3786
3786
3786
3786
3785
3785
3785
3785
3785
3785
3783
3783
3783
3783
3783
3783
3783
3782
3782
3782
3782
3782
3781
3781
3781
3781
3780
3779
3779
3778
3778
3777
3777
3777
3776
3776
3776
3776
3776
3774
3774
3773
3773
3773
3773
3773
3772
3772
3772
3772
3772
3772
3771
3771
3771
3771
3771
3771
3771
3769
3769
3769
3769
3769
3769
3768
3768
3767
3767
3767
3767
3766
3766
3766
3766
3766
3765
3765
3765
3765
3764
3764
3764
3764
3763
3762
3762
3762
3761
3761
3761
3761
3760
3760
3760
3760
3759
3759
3759
3759
3759
3759
3758
3758
3757
3757
3757
3756
3756
3756
3755
3755
3755
3754
3754
3754
3753
3753
3752
3752
3752
3752
3752
3751
3751
3751
3751
3750
3750
3749
3748
3748
3748
3747
3747
3746
3746
3745
3745
3745
3745
3745
3744
3744
3744
3743
3743
3743
3742
3741
3741
3741
3740
3740
3740
3739
3739
3739
3739
3738
3738
3738
3738
3736
3736
3736
3736
3735
3734
3734
3734
3734
3734
3734
3733
3733
3733
3732
3732
3732
3732
3732
3731
3731
3731
3731
3730
3730
3730
3730
3730
3729
3729
3729
3728
3728
3727
3727
3727
3727
3727
3726
3726
3726
3725
3724
3724
3723
3723
3723
3721
3721
3720
3720
3720
3719
3719
3719
3719
3718
3718
3717
3716
3716
3716
3716
3714
3714
3714
3714
3713
3712
3712
3711
3711
3710
3709
3709
3709
3708
3708
3708
3707
3706
3705
3705
3705
3704
3703
3703
3703
3702
3702
3702
3701
3701
3700
3700
3699
3698
3697
3697
3696
3695
3695
3694
3693
3693
3693
3693
3692
3692
3692
3690
3690
3690
3689
3689
3689
3688
3688
3688
3688
3686
3686
3685
3685
3685
3685
3684
3683
3683
3683
3683
3683
3682
3682
3682
3681
3681
3680
3680
3679
3679
3678
3678
3678
3678
3678
3678
3678
3677
3677
3677
3677
3676
3676
3676
3676
3676
3676
3676
3675
3675
3675
3674
3674
3674
3674
3674
3673
3673
3673
3672
3672
3672
3672
3671
3670
3670
3670
3669
3668
3668
3667
3667
3667
3667
3667
3666
3666
3666
3666
3666
3666
3665
3665
3664
3664
3663
3663
3663
3662
3662
3662
3662
3662
3660
3660
3660
3659
3659
3658
3658
3657
3656
3656
3656
3656
3656
3655
3655
3654
3654
3653
3653
3653
3653
3653
3652
3652
3651
3650
3650
3650
3650
3650
3649
3649
3649
3648
3648
3647
3647
3647
3647
3646
3646
3646
3645
3645
3645
3644
3644
3643
3643
3642
3642
3642
3642
3641
3641
3641
3641
3640
3639
3639
3639
3638
3638
3638
3637
3637
3637
3637
3637
3636
3636
3635
3635
3635
3635
3635
3634
3634
3634
3634
3633
3633
3633
3632
3632
3631
3631
3631
3630
3630
3630
3630
3629
3629
3629
3628
3628
3628
3628
3628
3628
3627
3627
3627
3627
3626
3625
3625
3625
3624
3624
3623
3623
3623
3622
3620
3620
3620
3620
3620
3619
3619
3619
3618
3618
3618
3617
3617
3617
3617
3616
3616
3615
3615
3615
3615
3615
3615
3614
3614
3613
3613
3613
3613
3613
3613
3612
3611
3610
3610
3610
3610
3610
3609
3609
3609
3609
3609
3608
3607
3607
3607
3607
3607
3607
3607
3607
3607
3606
3606
3606
3606
3606
3605
3605
3605
3604
3604
3603
3603
3602
3602
3601
3601
3601
3600
3600
3600
3600
3599
3598
3598
3597
3597
3596
3596
3596
3596
3595
3595
3594
3594
3594
3594
3593
3592
3592
3592
3592
3591
3591
3591
3591
3591
3589
3589
3589
3589
3588
3588
3588
3588
3588
3588
3587
3587
3587
3587
3587
3586
3586
3585
3585
3585
3584
3584
3583
3583
3582
3582
3582
3582
3581
3581
3581
3581
3581
3580
3580
3579
3578
3578
3577
3577
3577
3576
3576
3576
3575
3575
3575
3575
3575
3574
3574
3574
3574
3573
3573
3573
3572
3572
3572
3572
3572
3571
3571
3571
3571
3570
3570
3570
3570
3570
3570
3568
3568
3568
3567
3567
3567
3567
3567
3566
3565
3565
3565
3565
3564
3564
3563
3563
3562
3562
3562
3561
3560
3560
3560
3560
3560
3560
3559
3558
3558
3558
3558
3557
3557
3557
3557
3557
3557
3556
3556
3556
3555
3555
3554
3554
3554
3553
3553
3553
3553
3553
3552
3551
3550
3550
3550
3549
3549
3549
3548
3548
3548
3548
3548
3548
3547
3547
3546
3546
3545
3545
3544
3544
3544
3543
3542
3542
3542
3542
3541
3541
3541
3541
3541
3541
3541
3540
3540
3539
3538
3538
3538
3537
3537
3537
3536
3535
3535
3535
3534
3534
3533
3532
3532
3532
3531
3530
3530
3529
3529
3529
3529
3528
3528
3528
3527
3527
3526
3525
3525
3525
3525
3525
3524
3524
3524
3523
3523
3522
3522
3522
3522
3521
3521
3521
3521
3520
3520
3520
3519
3519
3519
3518
3518
3518
3518
3517
3517
3517
3517
3516
3515
3514
3514
3514
3514
3514
3513
3513
3513
3513
3513
3513
3511
3511
3510
3510
3510
3509
3509
3509
3509
3508
3508
3508
3507
3507
3507
3506
3506
3506
3505
3504
3503
3503
3503
3502
3502
3502
3501
3501
3501
3500
3500
3499
3499
3498
3498
3498
3498
3498
3497
3497
3497
3496
3495
3495
3494
3494
3494
3494
3493
3493
3493
3492
3491
3491
3491
3490
3490
3490
3489
3489
3489
3489
3488
3488
3488
3488
3487
3487
3486
3485
3485
3485
3484
3484
3483
3483
3483
3482
3482
3481
3480
3480
3480
3480
3480
3479
3479
3479
3479
3479
3479
3478
3478
3478
3478
3477
3477
3477
3475
3475
3474
3474
3474
3474
3474
3473
3473
3473
3473
3473
3473
3473
3473
3473
3473
3472
3472
3472
3472
3471
3471
3471
3471
3470
3470
3470
3469
3469
3469
3469
3468
3468
3468
3468
3467
3467
3467
3466
3466
3466
3465
3465
3465
3465
3465
3464
3464
3464
3463
3463
3462
3462
3462
3461
3461
3461
3461
3460
3460
3460
3460
3459
3459
3459
3459
3458
3458
3457
3457
3457
3456
3456
3456
3456
3455
3455
3455
3455
3454
3454
3454
3454
3454
3453
3452
3452
3452
3452
3451
3451
3450
3450
3450
3450
3450
3450
3449
3449
3449
3449
3449
3449
3448
3448
3448
3448
3447
3447
3447
3447
3447
3446
3446
3446
3445
3445
3445
3445
3445
3444
3444
3444
3443
3443
3442
3442
3442
3442
3442
3441
3441
3440
3440
3440
3440
3439
3439
3438
3438
3437
3437
3437
3437
3436
3436
3435
3435
3435
3435
3434
3434
3434
3433
3432
3432
3432
3432
3431
3431
3431
3430
3430
3430
3430
3430
3430
3429
3428
3427
3427
3427
3427
3427
3427
3427
3426
3426
3426
3426
3425
3425
3424
3423
3423
3423
3423
3422
3422
3422
3421
3421
3420
3420
3420
3420
3420
3419
3419
3419
3417
3417
3417
3416
3415
3415
3414
3414
3413
3413
3412
3411
3410
3410
3410
3410
3410
3409
3408
3408
3407
3407
3407
3407
3407
3407
3406
3406
3406
3406
3406
3405
3405
3405
3405
3405
3405
3404
3403
3402
3402
3402
3402
3401
3401
3401
3401
3400
3400
3400
3400
3400
3399
3399
3399
3399
3398
3398
3398
3398
3398
3398
3397
3397
3397
3396
3396
3396
3396
3396
3396
3395
3395
3395
3395
3394
3394
3394
3394
3394
3393
3393
3393
3393
3393
3393
3393
3392
3392
3391
3391
3391
3391
3391
3390
3390
3390
3390
3390
3389
3389
3388
3388
3388
3388
3388
3388
3387
3387
3387
3387
3387
3386
3386
3386
3385
3385
3385
3384
3384
3383
3383
3383
3382
3382
3381
3381
3381
3381
3381
3381
3380
3380
3380
3380
3378
3378
3378
3378
3377
3377
3376
3376
3375
3375
3375
3375
3374
3374
3374
3373
3373
3372
3372
3372
3372
3372
3372
3372
3372
3372
3371
3371
3371
3370
3370
3370
3370
3370
3369
3369
3369
3368
3368
3368
3367
3367
3367
3367
3366
3366
3366
3365
3365
3365
3364
3364
3364
3364
3364
3363
3363
3363
3363
3362
3362
3362
3362
3361
3361
3361
3360
3360
3360
3359
3359
3358
3358
3357
3357
3356
3356
3356
3356
3356
3355
3355
3355
3355
3354
3354
3354
3353
3353
3353
3352
3352
3351
3351
3351
3351
3351
3350
3350
3349
3349
3348
3348
3348
3348
3348
3348
3347
3347
3347
3347
3346
3345
3345
3345
3345
3345
3345
3344
3344
3344
3344
3344
3344
3344
3343
3343
3343
3342
3342
3341
3341
3341
3341
3341
3341
3340
3339
3339
3339
3339
3339
3339
3338
3338
3338
3336
3336
3336
3335
3335
3335
3334
3334
3333
3333
3333
3333
3332
3332
3332
3332
3332
3331
3331
3331
3331
3330
3330
3330
3329
3328
3327
3327
3326
3325
3325
3325
3325
3324
3324
3324
3323
3323
3323
3323
3323
3323
3323
3323
3323
3323
3322
3322
3322
3322
3322
3321
3321
3321
3321
3321
3320
3320
3320
3320
3320
3319
3319
3319
3319
3318
3318
3318
3318
3317
3317
3316
3316
3315
3315
3315
3315
3315
3315
3315
3315
3314
3313
3312
3312
3311
3311
3310
3310
3310
3310
3310
3309
3309
3309
3309
3308
3308
3308
3308
3307
3307
3307
3307
3306
3306
3306
3306
3306
3305
3305
3305
3305
3305
3305
3304
3304
3304
3304
3304
3304
3304
3303
3303
3303
3302
3301
3300
3300
3300
3300
3299
3299
3299
3299
3299
3298
3298
3298
3298
3298
3298
3297
3297
3296
3296
3296
3295
3295
3294
3294
3292
3292
3292
3292
3291
3291
3291
3291
3290
3290
3290
3289
3289
3289
3289
3288
3288
3288
3288
3288
3288
3288
3288
3287
3287
3287
3287
3287
3286
3286
3285
3285
3285
3285
3285
3285
3285
3285
3285
3284
3284
3284
3284
3284
3284
3284
3284
3283
3283
3283
3283
3283
3283
3282
3282
3281
3281
3281
3280
3280
3280
3280
3279
3279
3279
3278
3278
3278
3278
3278
3277
3277
3277
3276
3276
3275
3275
3275
3274
3274
3274
3274
3274
3273
3272
3272
3272
3272
3271
3271
3271
3271
3271
3270
3270
3270
3270
3270
3269
3269
3268
3268
3268
3268
3267
3267
3267
3267
3267
3266
3266
3266
3266
3265
3264
3264
3264
3264
3263
3262
3262
3262
3262
3261
3261
3261
3260
3260
3260
3259
3259
3259
3259
3259
3259
3258
3258
3258
3258
3257
3257
3257
3257
3257
3257
3256
3256
3255
3255
3255
3255
3255
3254
3253
3253
3252
3252
3252
3252
3251
3251
3250
3250
3250
3248
3248
3248
3248
3247
3247
3247
3246
3246
3246
3245
3245
3245
3245
3245
3245
3245
3245
3244
3244
3244
3244
3243
3243
3243
3243
3243
3243
3242
3242
3241
3241
3241
3241
3241
3240
3240
3240
3240
3240
3239
3239
3238
3238
3238
3237
3236
3236
3236
3235
3235
3234
3234
3233
3233
3233
3233
3232
3232
3231
3231
3230
3230
3229
3229
3228
3228
3228
3227
3227
3227
3227
3226
3226
3226
3226
3225
3224
3224
3224
3224
3223
3223
3223
3222
3222
3222
3222
3222
3222
3222
3222
3221
3221
3221
3221
3220
3220
3220
3219
3219
3219
3219
3219
3218
3218
3218
3218
3218
3218
3218
3217
3217
3217
3216
3216
3216
3216
3216
3216
3216
3215
3215
3215
3215
3215
3214
3214
3214
3214
3214
3214
3213
3213
3213
3213
3212
3212
3212
3211
3211
3211
3210
3210
3209
3209
3209
3209
3209
3209
3208
3208
3208
3208
3207
3207
3207
3207
3207
3206
3206
3206
3206
3206
3205
3205
3205
3204
3204
3204
3204
3204
3204
3203
3203
3203
3202
3202
3202
3202
3202
3202
3202
3201
3201
3201
3201
3201
3201
3200
3200
3200
3200
3199
3199
3199
3198
3198
3198
3198
3198
3198
3198
3198
3197
3197
3196
3196
3196
3195
3195
3195
3194
3194
3194
3194
3193
3193
3192
3192
3191
3191
3191
3191
3190
3190
3190
3189
3189
3189
3188
3188
3188
3187
3186
3186
3186
3186
3185
3185
3185
3185
3185
3185
3185
3185
3184
3184
3184
3184
3182
3182
3182
3182
3182
3181
3181
3180
3180
3180
3180
3180
3180
3179
3179
3179
3178
3178
3178
3178
3178
3177
3177
3177
3177
3176
3176
3176
3176
3175
3175
3174
3174
3173
3173
3173
3173
3173
3173
3172
3172
3172
3172
3172
3171
3171
3170
3170
3170
3170
3169
3169
3169
3169
3168
3168
3168
3168
3167
3167
3167
3166
3166
3166
3166
3166
3166
3165
3165
3165
3165
3164
3164
3164
3163
3163
3163
3163
3163
3162
3162
3162
3162
3162
3162
3162
3162
3161
3161
3160
3160
3160
3160
3160
3160
3160
3160
3160
3160
3158
3158
3157
3156
3156
3155
3154
3154
3154
3154
3154
3153
3152
3152
3152
3152
3151
3150
3150
3150
3150
3150
3150
3150
3149
3149
3149
3149
3149
3149
3148
3148
3147
3147
3147
3147
3147
3147
3146
3146
3146
3146
3146
3146
3145
3145
3145
3145
3145
3144
3144
3144
3144
3144
3144
3144
3144
3143
3143
3142
3142
3141
3141
3141
3141
3141
3140
3140
3140
3140
3140
3140
3140
3139
3139
3139
3139
3138
3137
3136
3135
3135
3135
3134
3134
3134
3134
3134
3133
3132
3132
3132
3132
3132
3132
3131
3131
3131
3130
3130
3130
3130
3129
3129
3129
3129
3129
3129
3128
3128
3128
3128
3127
3127
3127
3126
3126
3126
3126
3126
3126
3126
3126
3125
3125
3125
3125
3124
3124
3124
3123
3123
3122
3122
3122
3122
3122
3122
3121
3121
3121
3121
3121
3121
3121
3120
3119
3119
3119
3118
3118
3118
3117
3117
3117
3117
3116
3116
3116
3116
3115
3114
3113
3113
3113
3113
3112
3112
3112
3111
3111
3111
3111
3111
3110
3110
3109
3109
3109
3108
3108
3108
3108
3107
3107
3107
3107
3107
3107
3107
3106
3106
3106
3105
3105
3105
3105
3105
3104
3104
3104
3104
3104
3103
3103
3103
3103
3102
3102
3102
3101
3101
3101
3101
3101
3100
3100
3100
3100
3099
3099
3099
3099
3099
3099
3098
3098
3098
3098
3098
3097
3097
3097
3097
3097
3097
3096
3095
3095
3095
3095
3094
3094
3094
3094
3094
3092
3092
3091
3091
3091
3091
3091
3091
3090
3089
3089
3088
3088
3088
3087
3087
3087
3087
3087
3087
3086
3086
3086
3086
3086
3086
3085
3085
3085
3085
3084
3083
3083
3082
3082
3082
3082
3081
3081
3080
3080
3080
3079
3079
3079
3078
3077
3077
3077
3077
3077
3077
3076
3076
3076
3076
3076
3075
3075
3075
3075
3074
3074
3074
3073
3073
3073
3073
3073
3073
3072
3072
3072
3072
3072
3072
3071
3071
3070
3070
3070
3070
3070
3070
3070
3069
3069
3069
3069
3069
3069
3069
3068
3068
3067
3066
3066
3066
3066
3065
3065
3065
3065
3065
3064
3064
3064
3063
3063
3063
3063
3063
3063
3063
3063
3062
3062
3062
3062
3062
3061
3061
3061
3061
3061
3061
3061
3061
3060
3060
3060
3060
3060
3059
3059
3059
3059
3058
3058
3058
3057
3057
3057
3057
3057
3057
3057
3057
3056
3056
3056
3056
3056
3056
3055
3054
3054
3054
3054
3053
3053
3053
3053
3053
3052
3052
3052
3052
3052
3052
3052
3051
3051
3051
3051
3050
3050
3049
3048
3048
3048
3047
3047
3047
3047
3047
3047
3047
3047
3046
3046
3045
3045
3045
3045
3045
3044
3044
3044
3044
3043
3042
3042
3042
3042
3041
3041
3041
3040
3040
3040
3040
3039
3039
3039
3039
3039
3039
3038
3038
3038
3038
3038
3038
3037
3037
3037
3037
3036
3036
3036
3036
3036
3035
3035
3035
3035
3034
3034
3034
3033
3033
3032
3032
3032
3032
3031
3031
3031
3031
3031
3031
3031
3031
3031
3030
3030
3030
3030
3029
3029
3029
3029
3029
3029
3029
3028
3028
3028
3028
3028
3028
3028
3027
3027
3027
3026
3026
3026
3025
3025
3025
3025
3025
3025
3025
3024
3024
3024
3024
3023
3023
3023
3023
3023
3023
3023
3023
3022
3022
3022
3022
3022
3021
3020
3020
3019
3019
3019
3019
3019
3019
3019
3019
3019
3018
3018
3018
3018
3018
3018
3018
3017
3017
3016
3016
3016
3016
3016
3015
3015
3015
3014
3013
3013
3012
3012
3011
3011
3011
3011
3011
3011
3011
3011
3010
3010
3010
3010
3010
3010
3010
3009
3009
3009
3009
3008
3008
3008
3008
3007
3007
3007
3007
3006
3006
3006
3005
3004
3004
3003
3003
3003
3002
3002
3002
3001
3001
3001
3001
3001
3000
3000
2999
2998
2998
2997
2997
2996
2996
2996
2996
2996
2996
2996
2995
2995
2995
2995
2994
2993
2993
2993
2993
2993
2993
2993
2993
2992
2992
2992
2992
2992
2992
2991
2991
2991
2991
2990
2990
2989
2989
2989
2989
2989
2989
2989
2988
2988
2988
2987
2987
2987
2987
2986
2986
2986
2985
2985
2985
2985
2984
2984
2984
2984
2983
2983
2983
2983
2983
2982
2982
2982
2982
2982
2981
2981
2981
2981
2981
2980
2980
2980
2980
2979
2979
2979
2979
2979
2979
2979
2979
2978
2978
2978
2977
2977
2977
2977
2977
2977
2977
2977
2977
2976
2976
2976
2975
2975
2975
2974
2973
2973
2973
2973
2973
2972
2972
2972
2972
2971
2971
2970
2970
2970
2969
2969
2969
2969
2969
2968
2967
2967
2967
2967
2967
2967
2967
2967
2966
2966
2966
2965
2965
2965
2965
2964
2964
2963
2963
2963
2963
2963
2963
2962
2962
2962
2962
2962
2962
2961
2961
2960
2960
2960
2959
2959
2959
2959
2958
2958
2957
2957
2957
2957
2957
2957
2957
2956
2956
2956
2956
2956
2956
2955
2954
2954
2954
2954
2954
2953
2953
2953
2953
2952
2952
2951
2951
2950
2950
2950
2950
2950
2950
2950
2949
2949
2949
2948
2947
2947
2947
2947
2946
2946
2946
2946
2946
2946
2946
2946
2946
2945
2945
2945
2944
2944
2943
2943
2943
2943
2943
2943
2943
2943
2942
2942
2942
2942
2942
2941
2941
2941
2941
2940
2940
2940
2940
2940
2940
2940
2939
2939
2939
2939
2938
2938
2938
2937
2937
2937
2937
2937
2937
2937
2936
2935
2935
2935
2935
2935
2935
2934
2934
2934
2934
2933
2933
2932
2932
2932
2932
2932
2932
2932
2932
2932
2932
2932
2932
2932
2931
2931
2931
2931
2931
2931
2931
2930
2930
2930
2930
2929
2929
2928
2928
2928
2928
2928
2927
2927
2927
2927
2926
2926
2926
2926
2926
2926
2926
2926
2926
2926
2925
2925
2925
2925
2924
2924
2923
2923
2923
2923
2923
2922
2922
2922
2922
2922
2922
2921
2921
2921
2921
2921
2920
2920
2920
2920
2920
2920
2919
2919
2919
2919
2919
2919
2918
2918
2918
2918
2918
2917
2917
2917
2916
2916
2916
2916
2916
2915
2915
2915
2915
2915
2915
2914
2914
2914
2914
2914
2914
2914
2913
2913
2913
2913
2913
2912
2912
2911
2911
2911
2911
2910
2910
2910
2910
2909
2909
2909
2909
2909
2908
2908
2908
2907
2907
2907
2907
2907
2907
2907
2907
2906
2906
2906
2905
2905
2905
2905
2905
2905
2904
2904
2904
2904
2903
2903
2902
2902
2902
2902
2902
2901
2901
2901
2901
2901
2900
2899
2899
2898
2898
2898
2898
2898
2898
2898
2897
2897
2897
2897
2897
2897
2897
2897
2897
2895
2895
2895
2894
2894
2894
2893
2893
2892
2892
2892
2892
2892
2892
2891
2891
2891
2891
2891
2890
2890
2890
2890
2890
2890
2889
2889
2889
2888
2888
2888
2887
2887
2887
2887
2887
2886
2886
2886
2886
2886
2886
2886
2885
2885
2885
2885
2885
2885
2884
2884
2884
2883
2883
2883
2883
2883
2883
2882
2882
2881
2881
2881
2881
2880
2880
2880
2880
2880
2879
2879
2879
2879
2879
2879
2878
2878
2878
2878
2877
2877
2877
2877
2876
2876
2876
2875
2875
2874
2874
2874
2874
2874
2873
2873
2873
2872
2872
2872
2871
2871
2871
2871
2871
2870
2870
2869
2869
2869
2869
2869
2869
2869
2869
2868
2868
2868
2868
2867
2866
2866
2866
2866
2865
2865
2865
2865
2864
2864
2864
2864
2864
2864
2864
2864
2863
2863
2863
2862
2862
2862
2862
2862
2862
2862
2860
2860
2859
2859
2859
2859
2859
2859
2859
2859
2857
2857
2857
2857
2857
2857
2857
2856
2856
2855
2855
2855
2855
2854
2854
2854
2854
2854
2853
2853
2853
2852
2852
2852
2852
2852
2851
2851
2851
2851
2850
2850
2850
2850
2850
2850
2849
2849
2849
2849
2849
2849
2849
2849
2848
2848
2848
2848
2848
2848
2848
2848
2847
2847
2847
2847
2847
2847
2846
2846
2846
2846
2846
2846
2846
2846
2846
2846
2845
2845
2845
2845
2844
2843
2843
2843
2843
2843
2842
2842
2842
2842
2841
2841
2841
2841
2841
2840
2840
2840
2840
2840
2839
2839
2839
2839
2839
2838
2838
2838
2838
2838
2838
2837
2837
2837
2836
2836
2836
2836
2836
2836
2834
2833
2833
2833
2833
2833
2832
2832
2832
2832
2832
2831
2831
2831
2831
2831
2830
2830
2830
2830
2830
2829
2829
2829
2829
2829
2828
2828
2828
2827
2827
2827
2827
2827
2827
2826
2826
2825
2825
2824
2824
2824
2824
2824
2823
2823
2823
2823
2823
2823
2822
2822
2822
2822
2822
2822
2822
2821
2821
2821
2821
2821
2820
2820
2820
2820
2819
2819
2819
2819
2819
2819
2818
2818
2818
2818
2817
2817
2817
2817
2817
2817
2817
2816
2816
2816
2816
2816
2815
2815
2815
2815
2814
2814
2814
2814
2813
2813
2813
2813
2813
2812
2812
2812
2812
2812
2812
2811
2811
2811
2811
2810
2810
2810
2810
2810
2810
2810
2810
2810
2809
2809
2809
2809
2809
2809
2808
2808
2808
2808
2808
2808
2808
2807
2807
2807
2807
2807
2807
2806
2806
2806
2806
2806
2804
2804
2804
2804
2804
2804
2804
2804
2803
2803
2803
2802
2802
2802
2802
2801
2801
2801
2801
2801
2800
2800
2800
2800
2800
2800
2799
2799
2799
2799
2799
2799
2798
2798
2798
2797
2797
2797
2796
2796
2796
2796
2796
2796
2796
2795
2794
2794
2794
2793
2793
2793
2793
2793
2792
2792
2792
2792
2792
2791
2791
2791
2790
2790
2789
2789
2789
2788
2788
2788
2787
2787
2787
2787
2787
2786
2786
2786
2786
2786
2786
2786
2785
2785
2785
2785
2785
2785
2784
2784
2784
2783
2783
2782
2782
2782
2782
2782
2782
2782
2782
2781
2781
2781
2781
2781
2780
2780
2780
2780
2780
2780
2779
2779
2779
2779
2779
2779
2778
2778
2778
2778
2777
2777
2777
2777
2776
2776
2775
2775
2774
2774
2774
2774
2774
2774
2774
2773
2773
2773
2773
2773
2772
2772
2772
2772
2772
2771
2771
2771
2771
2771
2770
2770
2770
2769
2769
2769
2768
2768
2768
2768
2768
2768
2768
2767
2767
2767
2767
2767
2766
2766
2766
2766
2766
2766
2766
2766
2766
2765
2765
2765
2765
2765
2765
2764
2764
2764
2764
2764
2764
2764
2764
2764
2763
2763
2763
2763
2762
2762
2762
2762
2762
2762
2762
2761
2761
2761
2761
2760
2760
2760
2760
2760
2759
2759
2759
2759
2759
2759
2759
2759
2758
2758
2758
2758
2758
2758
2758
2758
2757
2757
2757
2757
2757
2757
2757
2757
2757
2757
2756
2756
2756
2756
2755
2755
2755
2755
2755
2754
2754
2754
2754
2754
2754
2754
2753
2753
2753
2753
2753
2752
2752
2752
2752
2752
2752
2751
2751
2751
2751
2751
2751
2750
2750
2750
2750
2750
2750
2750
2750
2750
2749
2749
2749
2749
2749
2748
2748
2748
2748
2748
2748
2748
2748
2748
2747
2747
2747
2747
2746
2746
2746
2746
2746
2746
2746
2746
2746
2746
2746
2745
2745
2744
2744
2744
2744
2744
2744
2743
2743
2743
2743
2743
2742
2742
2742
2742
2742
2742
2742
2742
2741
2741
2741
2741
2741
2741
2740
2740
2740
2740
2740
2740
2740
2740
2739
2739
2739
2738
2738
2738
2738
2738
2737
2737
2737
2737
2736
2736
2736
2736
2736
2735
2735
2735
2735
2735
2735
2735
2734
2734
2734
2733
2733
2733
2732
2732
2732
2732
2732
2731
2731
2731
2731
2730
2730
2730
2730
2730
2730
2729
2729
2729
2729
2728
2728
2728
2728
2728
2728
2728
2728
2727
2727
2727
2727
2727
2727
2726
2726
2726
2726
2726
2726
2725
2725
2725
2725
2725
2724
2724
2724
2724
2724
2724
2724
2723
2723
2723
2723
2723
2723
2722
2722
2722
2722
2722
2722
2721
2721
2721
2721
2721
2721
2721
2721
2721
2721
2720
2720
2720
2720
2720
2720
2720
2719
2719
2719
2719
2719
2719
2718
2718
2718
2718
2718
2717
2717
2717
2717
2717
2717
2717
2717
2716
2716
2716
2716
2716
2716
2715
2715
2715
2714
2714
2714
2714
2714
2714
2714
2714
2713
2713
2713
2713
2713
2713
2713
2712
2712
2711
2711
2711
2711
2711
2710
2710
2710
2710
2709
2709
2709
2709
2708
2708
2708
2708
2708
2708
2708
2708
2708
2708
2707
2707
2707
2707
2707
2707
2707
2706
2706
2706
2706
2705
2705
2705
2705
2705
2705
2705
2704
2704
2704
2704
2704
2703
2703
2703
2703
2702
2702
2702
2701
2701
2701
2701
2701
2701
2700
2700
2699
2699
2699
2699
2699
2698
2698
2698
2698
2698
2697
2697
2697
2697
2697
2697
2697
2697
2697
2697
2697
2696
2696
2696
2696
2696
2696
2696
2696
2696
2696
2695
2695
2695
2695
2695
2695
2695
2694
2694
2694
2694
2694
2694
2694
2693
2693
2693
2693
2693
2693
2693
2692
2692
2692
2692
2692
2692
2692
2692
2692
2691
2691
2691
2691
2690
2690
2689
2689
2689
2689
2689
2689
2689
2689
2689
2688
2688
2688
2688
2688
2688
2688
2687
2687
2687
2687
2687
2687
2687
2687
2686
2686
2686
2686
2686
2686
2685
2685
2685
2685
2685
2685
2684
2684
2684
2684
2684
2684
2683
2683
2683
2683
2683
2683
2683
2683
2683
2683
2682
2682
2682
2682
2682
2682
2682
2682
2681
2681
2680
2680
2680
2680
2680
2680
2679
2679
2679
2679
2679
2678
2678
2678
2677
2677
2677
2676
2676
2676
2676
2676
2676
2675
2675
2675
2675
2675
2675
2674
2674
2674
2674
2674
2674
2674
2674
2674
2674
2674
2674
2673
2673
2673
2673
2673
2673
2673
2672
2672
2672
2672
2672
2672
2672
2672
2672
2672
2672
2671
2671
2671
2671
2671
2671
2671
2671
2671
2670
2670
2670
2670
2670
2669
2669
2669
2669
2669
2669
2668
2668
2668
2668
2668
2668
2668
2668
2667
2667
2667
2667
2667
2666
2666
2666
2666
2665
2665
2665
2665
2665
2665
2665
2664
2664
2664
2664
2664
2664
2664
2663
2663
2663
2663
2663
2663
2663
2663
2663
2663
2663
2662
2662
2662
2662
2662
2662
2662
2662
2662
2662
2661
2661
2661
2661
2661
2660
2660
2660
2660
2660
2660
2659
2659
2659
2659
2659
2659
2659
2659
2658
2658
2658
2658
2657
2657
2657
2657
2657
2657
2657
2657
2657
2656
2656
2656
2656
2656
2655
2655
2655
2655
2655
2655
2654
2654
2653
2653
2653
2653
2653
2652
2652
2652
2651
2651
2651
2651
2651
2651
2650
2650
2650
2650
2649
2649
2648
2648
2648
2648
2647
2647
2647
2647
2647
2646
2646
2646
2646
2646
2646
2646
2646
2645
2645
2645
2645
2645
2645
2645
2644
2644
2644
2644
2644
2643
2643
2643
2643
2643
2643
2643
2642
2642
2642
2641
2641
2641
2641
2640
2640
2640
2640
2640
2640
2640
2639
2639
2639
2639
2639
2639
2638
2638
2638
2637
2637
2637
2637
2637
2636
2636
2636
2635
2635
2635
2635
2635
2635
2635
2634
2634
2634
2634
2634
2634
2633
2633
2633
2633
2633
2633
2633
2632
2632
2632
2632
2632
2632
2631
2631
2631
2631
2631
2630
2630
2630
2630
2630
2630
2630
2630
2629
2629
2629
2629
2629
2629
2629
2629
2629
2629
2629
2629
2628
2628
2628
2628
2628
2628
2627
2627
2627
2627
2626
2626
2626
2625
2625
2625
2625
2625
2625
2624
2624
2624
2624
2623
2623
2623
2623
2623
2623
2623
2623
2623
2623
2622
2622
2622
2622
2622
2621
2621
2621
2621
2621
2620
2620
2620
2620
2620
2620
2620
2619
2619
2619
2618
2618
2618
2618
2618
2618
2618
2618
2618
2618
2618
2617
2617
2617
2617
2617
2617
2616
2616
2616
2616
2616
2616
2615
2615
2615
2615
2615
2614
2614
2614
2614
2614
2613
2613
2613
2613
2612
2612
2612
2612
2612
2612
2612
2611
2611
2611
2611
2611
2611
2611
2610
2610
2609
2609
2609
2609
2609
2609
2609
2608
2608
2608
2608
2608
2608
2608
2607
2607
2607
2607
2607
2606
2606
2606
2606
2606
2606
2606
2606
2606
2606
2605
2605
2605
2605
2605
2605
2604
2604
2604
2604
2604
2604
2603
2603
2603
2603
2603
2603
2603
2603
2602
2602
2602
2602
2602
2602
2602
2602
2602
2601
2601
2600
2600
2600
2600
2600
2600
2599
2599
2599
2599
2599
2599
2599
2599
2599
2599
2599
2599
2599
2598
2598
2598
2597
2597
2597
2596
2596
2596
2596
2596
2596
2595
2595
2595
2595
2595
2595
2594
2594
2594
2594
2594
2594
2594
2594
2593
2593
2593
2593
2593
2592
2592
2592
2591
2591
2591
2591
2591
2590
2590
2590
2590
2590
2590
2590
2589
2589
2589
2589
2589
2589
2588
2588
2588
2588
2588
2587
2587
2587
2587
2587
2587
2587
2587
2586
2586
2586
2586
2586
2586
2586
2586
2586
2585
2585
2585
2585
2585
2585
2584
2584
2584
2584
2584
2584
2584
2583
2583
2583
2583
2583
2583
2583
2583
2583
2583
2582
2582
2582
2581
2581
2581
2580
2580
2580
2580
2580
2580
2580
2580
2579
2579
2579
2579
2579
2579
2579
2578
2578
2578
2578
2578
2578
2578
2578
2577
2577
2577
2577
2577
2577
2576
2576
2576
2576
2576
2576
2576
2576
2575
2575
2575
2575
2575
2575
2575
2575
2574
2574
2574
2574
2574
2574
2574
2574
2573
2573
2573
2573
2573
2573
2573
2573
2572
2572
2572
2572
2572
2572
2572
2572
2571
2571
2571
2571
2571
2571
2571
2570
2570
2570
2570
2570
2570
2570
2570
2570
2570
2570
2570
2569
2569
2569
2569
2568
2568
2568
2568
2568
2568
2568
2568
2567
2567
2567
2567
2567
2567
2566
2566
2566
2566
2566
2566
2566
2565
2565
2565
2565
2565
2564
2564
2564
2564
2564
2564
2564
2564
2564
2563
2563
2563
2563
2562
2562
2562
2562
2561
2561
2561
2561
2560
2560
2560
2560
2560
2560
2560
2560
2560
2560
2560
2559
2559
2559
2559
2559
2559
2559
2558
2558
2558
2558
2558
2558
2558
2557
2556
2556
2556
2556
2555
2555
2555
2555
2555
2555
2555
2554
2554
2554
2554
2553
2553
2553
2553
2552
2552
2552
2552
2551
2551
2551
2551
2551
2550
2550
2550
2549
2549
2549
2549
2548
2548
2548
2548
2547
2547
2547
2547
2547
2547
2547
2547
2546
2546
2546
2546
2546
2546
2546
2545
2545
2545
2545
2545
2545
2545
2545
2544
2544
2544
2544
2544
2544
2543
2543
2543
2543
2543
2543
2543
2542
2542
2542
2542
2541
2541
2541
2541
2541
2541
2540
2539
2539
2539
2539
2539
2539
2539
2539
2539
2539
2538
2538
2538
2538
2538
2538
2537
2537
2537
2537
2537
2537
2537
2537
2536
2536
2536
2536
2536
2536
2536
2536
2536
2535
2535
2535
2535
2535
2534
2534
2534
2534
2533
2533
2533
2533
2533
2533
2533
2533
2533
2532
2532
2532
2532
2531
2531
2531
2530
2530
2530
2530
2530
2530
2529
2529
2529
2529
2529
2529
2528
2528
2528
2527
2527
2527
2527
2527
2527
2527
2527
2527
2527
2526
2526
2526
2526
2526
2526
2526
2526
2526
2525
2525
2525
2525
2524
2524
2524
2523
2523
2523
2523
2522
2522
2522
2522
2522
2522
2522
2521
2521
2521
2520
2520
2520
2520
2520
2520
2520
2519
2519
2519
2519
2519
2519
2519
2518
2518
2518
2518
2518
2518
2518
2517
2517
2517
2516
2516
2516
2516
2516
2516
2515
2515
2515
2515
2515
2515
2514
2514
2514
2514
2514
2514
2514
2514
2514
2513
2513
2513
2513
2513
2513
2512
2512
2512
2512
2512
2511
2511
2511
2511
2511
2510
2510
2509
2509
2509
2509
2508
2508
2508
2508
2508
2508
2507
2507
2507
2507
2507
2506
2506
2506
2506
2505
2505
2505
2505
2504
2504
2504
2503
2503
2503
2503
2503
2502
2502
2502
2502
2502
2502
2501
2501
2501
2501
2501
2501
2501
2501
2500
2500
2500
2500
2500
2500
2500
2500
2500
2500
2499
2499
2499
2498
2498
2498
2498
2497
2497
2497
2497
2497
2497
2496
2496
2496
2496
2496
2496
2495
2495
2495
2495
2495
2495
2494
2494
2494
2494
2494
2494
2494
2494
2493
2493
2493
2493
2492
2492
2492
2492
2492
2492
2491
2491
2491
2491
2491
2490
2490
2490
2490
2490
2490
2489
2489
2489
2488
2488
2488
2488
2488
2488
2488
2487
2487
2487
2487
2487
2487
2487
2487
2487
2487
2486
2486
2486
2486
2486
2486
2485
2485
2484
2484
2484
2484
2484
2484
2484
2484
2484
2483
2483
2483
2482
2482
2482
2482
2482
2482
2482
2482
2481
2481
2480
2480
2480
2480
2480
2480
2479
2479
2479
2479
2478
2478
2478
2478
2478
2478
2478
2478
2477
2477
2477
2477
2477
2477
2477
2476
2476
2476
2476
2476
2476
2476
2476
2476
2475
2475
2475
2474
2474
2474
2474
2474
2474
2473
2473
2473
2473
2473
2473
2472
2472
2472
2472
2471
2471
2471
2471
2471
2471
2471
2471
2470
2470
2470
2470
2469
2469
2469
2469
2469
2469
2469
2469
2468
2468
2468
2468
2468
2468
2468
2468
2468
2468
2468
2468
2468
2468
2467
2467
2467
2467
2466
2466
2466
2466
2466
2466
2466
2466
2466
2466
2465
2465
2465
2465
2465
2465
2464
2464
2464
2464
2464
2464
2464
2464
2463
2463
2463
2463
2463
2463
2462
2462
2461
2461
2461
2461
2461
2460
2460
2460
2460
2460
2460
2460
2460
2460
2459
2459
2459
2459
2459
2459
2458
2458
2458
2458
2458
2458
2457
2457
2457
2457
2456
2456
2456
2456
2456
2456
2456
2455
2455
2455
2455
2455
2454
2454
2454
2454
2454
2454
2453
2453
2453
2453
2453
2453
2453
2452
2452
2452
2452
2452
2451
2451
2451
2450
2450
2450
2450
2450
2450
2450
2450
2450
2449
2449
2449
2449
2449
2449
2449
2449
2448
2448
2448
2448
2448
2448
2448
2447
2447
2447
2447
2446
2446
2446
2446
2446
2446
2445
2445
2445
2445
2445
2445
2445
2445
2445
2445
2445
2445
2445
2444
2444
2444
2444
2444
2444
2444
2443
2443
2443
2443
2443
2443
2443
2442
2442
2442
2442
2442
2442
2442
2442
2441
2441
2441
2441
2441
2440
2440
2440
2440
2440
2440
2439
2439
2439
2439
2439
2439
2438
2438
2438
2438
2438
2438
2438
2437
2437
2437
2436
2436
2436
2436
2436
2436
2435
2434
2434
2434
2434
2434
2434
2434
2433
2433
2433
2433
2433
2433
2432
2432
2432
2432
2431
2431
2431
2431
2431
2431
2431
2431
2431
2430
2430
2430
2430
2430
2429
2429
2429
2428
2428
2428
2427
2427
2427
2427
2427
2426
2426
2426
2426
2426
2426
2426
2426
2426
2426
2425
2425
2425
2425
2425
2425
2425
2424
2424
2424
2424
2423
2423
2423
2423
2423
2423
2423
2423
2423
2423
2423
2423
2422
2422
2422
2422
2422
2422
2422
2422
2422
2422
2421
2421
2421
2421
2421
2421
2421
2420
2420
2420
2420
2420
2420
2420
2420
2419
2419
2419
2419
2419
2418
2418
2418
2418
2418
2418
2417
2417
2417
2417
2416
2416
2416
2416
2416
2416
2415
2415
2415
2415
2415
2414
2414
2414
2414
2414
2414
2414
2414
2413
2413
2413
2413
2413
2412
2412
2412
2412
2412
2412
2412
2412
2411
2411
2411
2411
2411
2410
2410
2410
2410
2410
2410
2410
2410
2409
2409
2409
2409
2409
2408
2408
2408
2408
2408
2408
2408
2408
2408
2408
2408
2407
2407
2407
2406
2406
2406
2406
2406
2406
2406
2406
2406
2406
2405
2405
2405
2405
2405
2404
2404
2404
2404
2404
2404
2403
2403
2403
2403
2402
2402
2402
2402
2402
2402
2401
2401
2401
2401
2401
2401
2401
2400
2400
2400
2400
2400
2400
2399
2399
2399
2399
2399
2399
2399
2399
2398
2398
2398
2398
2398
2398
2398
2398
2398
2397
2397
2397
2397
2397
2397
2396
2396
2396
2396
2396
2396
2395
2395
2394
2394
2394
2394
2393
2393
2393
2393
2393
2393
2393
2393
2393
2392
2392
2392
2392
2392
2392
2392
2392
2392
2392
2392
2392
2392
2391
2391
2391
2391
2391
2391
2391
2391
2391
2390
2390
2390
2390
2390
2390
2389
2389
2389
2389
2389
2388
2388
2388
2388
2388
2388
2388
2388
2388
2388
2388
2388
2388
2387
2387
2387
2387
2387
2386
2386
2386
2386
2386
2386
2386
2385
2385
2385
2385
2385
2385
2385
2385
2385
2385
2385
2385
2385
2385
2384
2384
2384
2384
2384
2384
2384
2384
2383
2383
2383
2383
2382
2382
2382
2382
2382
2382
2382
2382
2382
2381
2381
2381
2380
2380
2380
2380
2380
2380
2380
2380
2380
2380
2379
2379
2379
2379
2378
2378
2378
2378
2378
2378
2377
2377
2377
2377
2377
2377
2377
2377
2376
2376
2376
2376
2376
2376
2375
2375
2375
2375
2375
2375
2375
2375
2375
2374
2374
2374
2374
2373
2373
2373
2373
2373
2373
2373
2372
2372
2372
2372
2372
2372
2372
2372
2372
2372
2371
2371
2371
2371
2371
2371
2370
2370
2370
2370
2370
2370
2370
2370
2370
2370
2370
2370
2370
2370
2370
2369
2369
2369
2369
2369
2368
2368
2368
2368
2368
2368
2368
2368
2368
2368
2367
2367
2367
2367
2367
2367
2367
2367
2366
2366
2366
2366
2366
2366
2365
2365
2365
2365
2364
2364
2364
2364
2364
2364
2363
2363
2363
2363
2363
2362
2362
2362
2362
2362
2362
2362
2361
2361
2360
2360
2360
2360
2360
2359
2359
2359
2359
2358
2358
2358
2358
2358
2358
2358
2358
2357
2357
2357
2357
2357
2357
2357
2356
2356
2356
2356
2356
2356
2356
2355
2355
2355
2355
2355
2355
2355
2355
2355
2355
2354
2354
2354
2354
2354
2354
2354
2354
2354
2354
2354
2353
2353
2353
2353
2353
2353
2353
2353
2352
2352
2352
2352
2352
2352
2352
2352
2351
2351
2351
2351
2351
2351
2351
2351
2351
2350
2350
2350
2349
2349
2349
2349
2349
2349
2348
2348
2348
2348
2348
2348
2347
2347
2347
2347
2347
2347
2347
2347
2347
2347
2346
2346
2346
2346
2345
2345
2345
2345
2345
2345
2344
2344
2344
2344
2344
2343
2343
2343
2343
2343
2343
2342
2342
2342
2342
2342
2342
2342
2342
2342
2342
2342
2342
2342
2342
2341
2341
2341
2341
2341
2341
2341
2341
2341
2341
2341
2340
2340
2340
2340
2340
2339
2339
2339
2339
2339
2339
2339
2339
2338
2338
2338
2338
2338
2338
2338
2338
2338
2338
2337
2337
2337
2337
2337
2337
2336
2336
2336
2336
2336
2336
2336
2336
2336
2335
2335
2335
2335
2335
2335
2334
2334
2334
2334
2334
2334
2334
2334
2333
2333
2333
2333
2333
2333
2333
2332
2332
2332
2332
2332
2331
2331
2331
2331
2331
2331
2330
2330
2330
2330
2330
2329
2329
2329
2329
2329
2329
2328
2328
2328
2327
2327
2327
2327
2327
2327
2327
2327
2327
2326
2326
2326
2326
2326
2326
2326
2326
2325
2325
2325
2325
2325
2325
2325
2325
2325
2324
2324
2324
2324
2324
2324
2323
2323
2323
2323
2323
2323
2323
2323
2322
2322
2322
2322
2322
2322
2322
2322
2322
2321
2321
2321
2321
2321
2320
2320
2320
2320
2320
2320
2319
2319
2319
2319
2319
2319
2319
2319
2319
2319
2319
2318
2318
2318
2318
2318
2318
2318
2318
2318
2317
2317
2317
2317
2317
2317
2317
2316
2316
2316
2316
2316
2316
2316
2316
2316
2315
2315
2315
2315
2315
2315
2315
2315
2315
2315
2315
2314
2314
2314
2314
2314
2313
2313
2313
2313
2313
2313
2313
2313
2313
2313
2312
2312
2312
2312
2312
2312
2311
2311
2310
2310
2310
2310
2310
2310
2310
2310
2310
2310
2309
2309
2309
2309
2309
2309
2308
2308
2308
2307
2307
2307
2307
2307
2307
2307
2306
2306
2306
2306
2306
2306
2306
2306
2305
2305
2305
2305
2305
2305
2305
2304
2304
2304
2304
2304
2303
2303
2303
2303
2303
2303
2303
2302
2302
2302
2302
2302
2302
2302
2302
2301
2301
2301
2301
2301
2301
2300
2300
2300
2300
2300
2300
2300
2300
2299
2299
2299
2299
2299
2299
2299
2299
2299
2299
2299
2299
2298
2298
2298
2298
2298
2298
2297
2297
2297
2297
2297
2296
2296
2296
2296
2296
2296
2296
2296
2296
2296
2296
2296
2295
2295
2295
2295
2295
2295
2295
2295
2295
2295
2294
2294
2294
2294
2294
2294
2293
2293
2293
2293
2293
2293
2293
2293
2293
2293
2293
2293
2292
2292
2292
2292
2292
2292
2292
2292
2291
2291
2291
2291
2291
2291
2291
2291
2291
2290
2290
2290
2290
2290
2290
2290
2290
2289
2289
2289
2289
2289
2289
2289
2289
2289
2288
2288
2288
2288
2288
2287
2287
2287
2286
2286
2286
2286
2286
2286
2286
2285
2285
2285
2285
2285
2285
2285
2284
2284
2284
2284
2284
2284
2284
2284
2283
2283
2283
2283
2283
2283
2283
2283
2282
2282
2282
2282
2281
2281
2281
2281
2281
2281
2281
2280
2280
2280
2280
2280
2280
2279
2279
2279
2279
2279
2279
2279
2278
2278
2278
2278
2278
2277
2277
2277
2277
2277
2277
2277
2276
2276
2276
2276
2276
2276
2276
2275
2275
2275
2275
2275
2275
2274
2274
2274
2274
2274
2274
2274
2274
2274
2273
2273
2273
2273
2273
2273
2273
2273
2273
2273
2272
2272
2272
2271
2271
2271
2271
2271
2271
2271
2270
2270
2270
2270
2270
2269
2269
2268
2268
2268
2268
2268
2268
2268
2268
2268
2267
2267
2267
2267
2267
2267
2266
2266
2266
2266
2266
2265
2265
2265
2265
2265
2265
2265
2264
2264
2264
2264
2264
2264
2264
2264
2264
2263
2263
2263
2263
2263
2263
2263
2263
2263
2263
2263
2263
2263
2262
2262
2262
2262
2262
2262
2261
2261
2261
2261
2261
2261
2261
2261
2261
2261
2260
2260
2260
2260
2260
2260
2260
2260
2260
2260
2259
2259
2259
2259
2259
2259
2258
2258
2258
2258
2258
2258
2257
2257
2257
2257
2257
2256
2256
2256
2256
2255
2255
2255
2255
2254
2254
2254
2254
2254
2254
2254
2254
2253
2253
2253
2253
2253
2253
2253
2253
2253
2253
2253
2252
2251
2251
2251
2251
2251
2251
2251
2251
2251
2251
2251
2250
2250
2250
2250
2250
2250
2250
2249
2249
2249
2249
2249
2249
2248
2248
2248
2248
2248
2248
2248
2247
2247
2247
2247
2246
2246
2246
2246
2246
2246
2246
2246
2246
2246
2245
2245
2245
2245
2245
2245
2245
2245
2245
2244
2244
2244
2244
2244
2244
2244
2244
2243
2243
2243
2243
2243
2242
2242
2242
2242
2242
2242
2242
2242
2242
2241
2241
2241
2241
2241
2241
2241
2240
2240
2240
2240
2240
2240
2240
2240
2239
2239
2238
2238
2238
2238
2238
2238
2238
2238
2238
2238
2238
2238
2238
2238
2238
2238
2237
2237
2237
2237
2237
2237
2237
2237
2237
2237
2237
2236
2236
2236
2236
2236
2236
2236
2235
2235
2235
2235
2234
2234
2234
2234
2234
2234
2233
2233
2233
2233
2233
2233
2232
2232
2232
2232
2232
2231
2231
2231
2231
2231
2231
2231
2231
2231
2231
2231
2230
2230
2230
2230
2230
2230
2230
2230
2229
2229
2229
2229
2229
2229
2229
2229
2228
2228
2228
2227
2227
2227
2227
2227
2227
2226
2226
2226
2226
2226
2226
2226
2226
2225
2225
2225
2225
2225
2225
2224
2224
2224
2224
2224
2224
2224
2224
2224
2224
2224
2224
2223
2223
2223
2223
2223
2223
2223
2223
2223
2223
2223
2222
2222
2222
2222
2221
2221
2221
2221
2221
2221
2220
2220
2220
2220
2220
2220
2220
2219
2219
2219
2219
2219
2219
2218
2218
2218
2218
2218
2217
2217
2217
2217
2217
2216
2216
2216
2216
2216
2216
2216
2216
2216
2216
2215
2215
2215
2215
2215
2215
2215
2215
2215
2214
2213
2213
2213
2213
2213
2213
2213
2213
2213
2213
2213
2212
2212
2212
2212
2211
2211
2211
2211
2210
2210
2210
2210
2210
2210
2210
2210
2210
2210
2210
2209
2209
2209
2209
2209
2209
2209
2208
2208
2208
2208
2208
2208
2208
2208
2208
2208
2208
2207
2207
2207
2207
2207
2207
2207
2207
2207
2207
2207
2207
2207
2207
2207
2206
2206
2206
2206
2206
2206
2206
2206
2206
2206
2205
2205
2205
2205
2205
2205
2205
2204
2204
2204
2204
2204
2204
2203
2203
2203
2203
2203
2203
2203
2203
2203
2202
2202
2202
2202
2201
2201
2201
2201
2201
2201
2200
2200
2200
2200
2200
2200
2199
2199
2199
2199
2199
2199
2199
2198
2198
2198
2198
2198
2198
2198
2198
2197
2197
2197
2197
2197
2197
2197
2196
2196
2196
2196
2196
2196
2195
2195
2195
2195
2194
2194
2194
2194
2194
2194
2194
2194
2194
2193
2193
2193
2193
2193
2193
2193
2193
2193
2193
2193
2192
2192
2192
2192
2192
2192
2192
2192
2192
2192
2192
2192
2191
2191
2190
2190
2190
2190
2189
2189
2189
2189
2189
2189
2189
2189
2189
2189
2188
2188
2188
2188
2188
2188
2188
2188
2188
2187
2187
2187
2187
2187
2187
2187
2187
2187
2187
2187
2187
2186
2186
2186
2186
2186
2186
2186
2185
2185
2185
2185
2185
2185
2185
2185
2185
2185
2185
2184
2184
2184
2184
2184
2184
2184
2184
2183
2183
2183
2183
2183
2183
2182
2182
2182
2181
2181
2181
2181
2181
2180
2180
2180
2180
2180
2180
2180
2180
2179
2179
2179
2179
2179
2179
2179
2179
2179
2179
2179
2178
2178
2178
2178
2178
2178
2178
2178
2178
2178
2177
2177
2177
2177
2177
2177
2177
2177
2177
2177
2177
2176
2176
2176
2175
2175
2175
2175
2175
2175
2175
2175
2175
2174
2174
2174
2174
2174
2174
2174
2174
2174
2174
2174
2174
2174
2173
2173
2173
2173
2173
2173
2173
2173
2173
2173
2173
2172
2172
2172
2172
2171
2171
2171
2171
2171
2171
2171
2171
2170
2170
2170
2170
2170
2169
2169
2169
2169
2169
2169
2169
2169
2168
2168
2168
2168
2168
2168
2168
2168
2168
2167
2167
2167
2167
2166
2166
2166
2166
2166
2166
2166
2166
2166
2165
2165
2165
2165
2165
2165
2165
2165
2165
2164
2164
2164
2164
2164
2164
2164
2163
2163
2163
2163
2163
2163
2163
2163
2162
2162
2162
2162
2162
2162
2162
2162
2161
2161
2161
2161
2161
2161
2161
2161
2161
2161
2160
2160
2160
2160
2160
2160
2159
2159
2159
2159
2159
2159
2159
2159
2158
2158
2158
2158
2158
2158
2158
2158
2158
2158
2157
2157
2157
2157
2157
2157
2157
2157
2157
2156
2156
2156
2156
2156
2155
2155
2155
2155
2154
2154
2154
2154
2154
2154
2153
2153
2153
2153
2153
2153
2153
2153
2153
2153
2153
2153
2153
2153
2152
2152
2152
2152
2152
2152
2152
2152
2152
2151
2151
2151
2151
2151
2151
2151
2151
2151
2151
2151
2151
2150
2150
2150
2150
2150
2150
2150
2150
2150
2150
2150
2149
2149
2149
2149
2149
2149
2149
2149
2149
2149
2149
2149
2148
2148
2148
2148
2148
2148
2148
2147
2147
2147
2147
2147
2147
2147
2146
2146
2146
2146
2146
2146
2146
2146
2146
2145
2145
2145
2145
2145
2145
2144
2144
2144
2144
2144
2144
2144
2143
2143
2143
2143
2143
2143
2143
2143
2142
2142
2142
2142
2142
2142
2142
2141
2141
2141
2141
2141
2140
2140
2140
2140
2140
2140
2140
2140
2140
2139
2139
2139
2139
2139
2139
2139
2139
2139
2138
2138
2138
2138
2138
2138
2138
2138
2138
2137
2137
2137
2137
2137
2137
2137
2136
2136
2136
2136
2136
2136
2135
2135
2135
2135
2135
2135
2135
2135
2135
2135
2134
2134
2134
2134
2134
2134
2133
2133
2133
2133
2133
2132
2132
2132
2131
2131
2131
2131
2131
2131
2131
2131
2131
2131
2130
2130
2130
2130
2130
2130
2130
2129
2129
2129
2129
2129
2129
2128
2128
2128
2128
2128
2128
2128
2128
2127
2127
2127
2127
2127
2127
2127
2127
2126
2126
2126
2126
2126
2126
2126
2126
2126
2126
2125
2125
2125
2125
2125
2125
2125
2125
2125
2124
2124
2124
2124
2124
2124
2124
2124
2124
2124
2124
2124
2123
2123
2123
2123
2123
2123
2123
2122
2122
2122
2122
2122
2122
2122
2122
2122
2122
2121
2121
2121
2121
2121
2121
2121
2120
2120
2120
2120
2120
2120
2120
2120
2120
2120
2119
2119
2119
2119
2119
2119
2119
2119
2119
2119
2118
2118
2118
2118
2118
2118
2118
2118
2118
2117
2117
2117
2117
2117
2117
2116
2116
2116
2116
2116
2116
2116
2115
2115
2115
2115
2115
2115
2114
2114
2114
2114
2114
2114
2114
2113
2113
2113
2113
2113
2113
2113
2112
2112
2112
2112
2112
2112
2112
2112
2111
2111
2111
2111
2111
2111
2111
2111
2111
2110
2110
2110
2109
2109
2109
2109
2109
2109
2109
2108
2108
2108
2108
2108
2108
2108
2108
2108
2107
2107
2107
2107
2107
2107
2106
2106
2106
2106
2106
2106
2105
2105
2105
2105
2105
2105
2104
2104
2104
2104
2104
2104
2104
2104
2103
2103
2103
2103
2103
2103
2103
2102
2102
2102
2102
2102
2102
2102
2102
2102
2101
2101
2101
2101
2101
2101
2101
2101
2101
2101
2101
2101
2101
2101
2101
2100
2100
2100
2100
2100
2099
2099
2099
2099
2099
2099
2099
2099
2099
2098
2098
2098
2098
2098
2098
2098
2098
2098
2097
2097
2097
2097
2097
2097
2097
2097
2096
2096
2096
2096
2096
2096
2096
2096
2096
2095
2095
2095
2095
2095
2095
2095
2095
2095
2094
2094
2094
2094
2094
2094
2094
2094
2094
2093
2093
2093
2093
2093
2093
2092
2092
2092
2092
2092
2092
2092
2092
2091
2091
2091
2091
2091
2091
2090
2090
2090
2090
2090
2090
2090
2090
2090
2090
2090
2090
2089
2089
2089
2089
2089
2089
2089
2089
2089
2089
2089
2088
2088
2088
2088
2088
2088
2088
2087
2087
2087
2087
2087
2087
2087
2087
2087
2086
2086
2086
2086
2086
2086
2086
2086
2086
2086
2085
2085
2085
2085
2085
2085
2085
2085
2085
2085
2085
2085
2084
2084
2084
2084
2084
2084
2084
2084
2084
2084
2084
2083
2083
2083
2083
2082
2082
2082
2082
2082
2082
2082
2082
2082
2082
2082
2082
2081
2081
2081
2081
2080
2080
2080
2080
2080
2080
2080
2080
2080
2080
2079
2079
2079
2079
2079
2079
2079
2079
2078
2078
2078
2078
2078
2078
2078
2078
2078
2078
2078
2078
2077
2077
2077
2077
2077
2077
2077
2077
2076
2076
2076
2076
2076
2076
2076
2076
2075
2075
2075
2075
2075
2075
2075
2075
2075
2075
2075
2074
2074
2074
2074
2073
2073
2073
2073
2073
2073
2073
2073
2073
2073
2073
2073
2072
2072
2072
2072
2072
2072
2072
2072
2071
2071
2071
2071
2071
2071
2070
2070
2070
2069
2069
2069
2069
2069
2069
2069
2068
2068
2068
2068
2068
2068
2068
2067
2067
2067
2067
2067
2067
2067
2067
2067
2066
2066
2066
2066
2066
2066
2066
2066
2066
2065
2065
2065
2065
2065
2065
2064
2064
2064
2064
2064
2064
2064
2064
2064
2063
2063
2063
2063
2063
2063
2063
2063
2063
2062
2062
2062
2062
2062
2062
2062
2062
2062
2062
2061
2061
2061
2061
2060
2060
2060
2060
2060
2060
2059
2059
2059
2059
2059
2059
2059
2058
2058
2058
2058
2058
2058
2058
2057
2057
2057
2057
2057
2057
2057
2057
2057
2057
2056
2056
2056
2056
2056
2056
2056
2056
2056
2056
2056
2056
2056
2056
2056
2056
2055
2055
2055
2055
2055
2055
2055
2055
2055
2055
2055
2055
2055
2054
2054
2054
2054
2054
2054
2054
2054
2054
2054
2053
2053
2053
2053
2053
2053
2052
2052
2052
2052
2052
2052
2052
2052
2052
2052
2052
2051
2051
2051
2051
2051
2051
2051
2051
2050
2050
2050
2050
2050
2050
2050
2050
2049
2049
2049
2049
2049
2049
2049
2049
2049
2049
2049
2048
2048
2048
2048
2048
2047
2047
2047
2047
2047
2047
2047
2047
2046
2046
2046
2046
2046
2046
2046
2046
2046
2046
2045
2045
2045
2045
2045
2045
2045
2045
2044
2044
2044
2044
2044
2044
2044
2044
2044
2044
2044
2044
2044
2043
2043
2043
2043
2043
2043
2043
2043
2043
2042
2042
2042
2042
2042
2042
2042
2042
2042
2042
2041
2041
2041
2041
2041
2041
2041
2041
2041
2041
2041
2041
2041
2040
2040
2040
2040
2040
2040
2040
2040
2040
2040
2040
2040
2040
2039
2039
2039
2039
2039
2039
2039
2039
2039
2039
2039
2039
2039
2039
2038
2038
2038
2038
2038
2038
2038
2038
2038
2037
2037
2037
2037
2037
2037
2037
2037
2037
2037
2037
2036
2036
2036
2036
2036
2036
2036
2036
2036
2035
2035
2035
2035
2035
2035
2035
2035
2034
2034
2034
2034
2034
2034
2034
2034
2034
2034
2034
2034
2034
2033
2033
2033
2033
2033
2033
2033
2033
2033
2033
2033
2033
2033
2033
2033
2032
2032
2032
2032
2032
2032
2032
2032
2032
2032
2031
2031
2031
2031
2031
2031
2031
2031
2031
2031
2031
2030
2030
2030
2030
2030
2030
2030
2030
2030
2030
2030
2029
2029
2029
2029
2029
2029
2029
2029
2029
2029
2028
2028
2028
2028
2028
2028
2028
2028
2028
2028
2027
2027
2027
2027
2027
2026
2026
2026
2026
2026
2026
2026
2026
2026
2026
2026
2025
2025
2025
2025
2025
2025
2024
2024
2024
2024
2024
2024
2023
2023
2023
2023
2023
2022
2022
2022
2022
2022
2022
2022
2022
2022
2022
2022
2022
2022
2021
2021
2021
2021
2021
2021
2021
2021
2021
2021
2021
2021
2020
2020
2020
2020
2020
2020
2020
2020
2020
2020
2019
2019
2019
2019
2019
2019
2019
2019
2019
2019
2019
2019
2019
2019
2019
2019
2018
2018
2018
2018
2018
2018
2018
2018
2017
2017
2017
2017
2017
2017
2017
2017
2017
2016
2016
2016
2016
2016
2016
2016
2015
2015
2015
2015
2015
2015
2014
2014
2014
2014
2014
2014
2014
2014
2014
2014
2014
2014
2014
2013
2013
2013
2013
2013
2013
2013
2013
2012
2012
2012
2012
2012
2012
2012
2012
2012
2012
2012
2011
2011
2011
2011
2011
2011
2011
2011
2011
2011
2011
2011
2011
2011
2011
2011
2010
2010
2010
2010
2010
2010
2010
2010
2010
2010
2009
2009
2009
2009
2009
2009
2009
2009
2009
2008
2008
2008
2008
2008
2008
2008
2008
2008
2008
2008
2008
2007
2007
2007
2007
2007
2007
2007
2007
2007
2007
2007
2007
2007
2006
2006
2006
2006
2006
2006
2006
2006
2006
2006
2006
2006
2006
2005
2005
2005
2005
2005
2005
2005
2005
2005
2005
2005
2004
2004
2004
2004
2004
2004
2004
2004
2004
2004
2004
2003
2003
2003
2003
2003
2002
2002
2002
2002
2002
2002
2002
2002
2002
2002
2001
2001
2001
2001
2001
2001
2001
2001
2001
2001
2000
2000
2000
2000
2000
2000
2000
2000
1999
1999
1999
1999
1999
1999
1999
1999
1998
1998
1998
1998
1998
1998
1997
1997
1997
1997
1997
1997
1997
1997
1996
1996
1996
1996
1996
1996
1996
1996
1996
1996
1996
1996
1996
1995
1995
1995
1995
1995
1995
1995
1995
1995
1995
1995
1995
1995
1995
1995
1995
1995
1995
1994
1994
1994
1994
1994
1994
1994
1994
1994
1994
1993
1993
1993
1993
1993
1993
1993
1993
1993
1993
1993
1992
1992
1992
1992
1992
1992
1992
1992
1991
1991
1991
1991
1991
1991
1991
1991
1991
1991
1991
1991
1991
1990
1990
1990
1990
1990
1990
1990
1990
1990
1990
1989
1989
1989
1989
1989
1989
1989
1989
1989
1989
1988
1988
1988
1988
1988
1988
1988
1987
1987
1987
1987
1987
1987
1987
1987
1987
1986
1986
1986
1986
1986
1986
1986
1986
1985
1985
1985
1985
1985
1985
1985
1985
1985
1985
1985
1985
1984
1984
1984
1984
1984
1984
1984
1984
1984
1984
1984
1984
1984
1984
1984
1983
1983
1983
1983
1983
1983
1983
1983
1983
1983
1983
1983
1982
1982
1982
1982
1982
1982
1982
1982
1982
1982
1982
1981
1981
1981
1981
1981
1981
1981
1981
1981
1981
1981
1981
1981
1981
1981
1981
1980
1980
1980
1980
1980
1979
1979
1979
1979
1979
1979
1979
1979
1979
1979
1979
1979
1979
1979
1979
1979
1979
1978
1978
1978
1978
1978
1978
1978
1978
1977
1977
1977
1977
1977
1977
1977
1977
1977
1976
1976
1976
1976
1976
1976
1976
1976
1976
1976
1976
1976
1976
1975
1975
1975
1975
1975
1975
1975
1975
1975
1975
1975
1975
1975
1974
1974
1974
1974
1974
1974
1974
1974
1974
1973
1973
1973
1973
1973
1972
1972
1972
1972
1972
1972
1972
1972
1972
1972
1971
1971
1971
1971
1971
1971
1971
1971
1971
1971
1971
1970
1970
1970
1970
1970
1970
1970
1970
1970
1970
1970
1970
1970
1969
1969
1969
1969
1969
1969
1969
1969
1969
1969
1968
1968
1968
1968
1968
1968
1968
1968
1967
1967
1967
1967
1967
1967
1967
1967
1967
1967
1967
1967
1967
1966
1966
1966
1966
1966
1966
1966
1966
1965
1965
1965
1965
1965
1964
1964
1964
1964
1964
1964
1964
1964
1964
1964
1964
1964
1964
1964
1964
1964
1963
1963
1963
1963
1963
1963
1963
1963
1963
1963
1963
1963
1963
1963
1963
1962
1962
1962
1962
1962
1962
1962
1962
1962
1962
1962
1961
1961
1961
1961
1961
1961
1961
1961
1961
1961
1960
1960
1960
1960
1960
1960
1960
1960
1960
1960
1960
1960
1960
1960
1959
1959
1959
1959
1959
1958
1958
1958
1958
1958
1958
1958
1958
1957
1957
1957
1957
1957
1957
1957
1957
1957
1957
1957
1956
1956
1956
1956
1956
1956
1956
1955
1955
1955
1955
1955
1955
1954
1954
1954
1954
1954
1954
1954
1954
1954
1953
1953
1953
1953
1953
1953
1952
1952
1952
1952
1952
1952
1952
1952
1952
1952
1952
1952
1952
1951
1951
1951
1951
1951
1951
1951
1951
1951
1951
1951
1950
1950
1950
1950
1950
1950
1949
1949
1949
1949
1949
1949
1948
1948
1948
1948
1948
1948
1948
1948
1948
1948
1947
1947
1947
1947
1947
1947
1947
1947
1947
1947
1946
1946
1946
1946
1946
1946
1946
1946
1946
1945
1945
1945
1945
1945
1945
1945
1945
1945
1944
1944
1944
1944
1944
1944
1944
1944
1943
1943
1943
1943
1943
1943
1943
1943
1943
1942
1942
1942
1942
1942
1942
1942
1942
1942
1941
1941
1941
1941
1941
1941
1941
1941
1941
1941
1941
1941
1941
1940
1940
1940
1940
1940
1940
1940
1939
1939
1939
1939
1939
1939
1939
1939
1938
1938
1938
1937
1937
1937
1937
1937
1937
1936
1936
1936
1936
1936
1936
1936
1936
1936
1936
1935
1935
1935
1935
1935
1935
1935
1935
1935
1935
1934
1934
1934
1934
1934
1934
1934
1934
1934
1934
1934
1933
1933
1933
1933
1933
1933
1933
1933
1933
1933
1933
1933
1933
1933
1933
1933
1933
1933
1932
1932
1932
1932
1932
1932
1931
1931
1931
1931
1931
1931
1931
1931
1931
1931
1930
1930
1930
1930
1930
1930
1930
1930
1930
1929
1929
1929
1929
1929
1929
1929
1929
1929
1929
1929
1928
1928
1928
1928
1928
1928
1928
1928
1928
1928
1928
1927
1927
1927
1927
1927
1927
1927
1926
1926
1926
1926
1926
1926
1926
1926
1926
1926
1926
1926
1925
1925
1925
1925
1925
1925
1925
1925
1925
1925
1925
1925
1925
1925
1924
1924
1924
1924
1924
1924
1924
1924
1924
1924
1924
1924
1923
1923
1923
1923
1923
1923
1923
1923
1923
1922
1922
1922
1922
1922
1921
1921
1921
1921
1921
1921
1921
1921
1921
1921
1920
1920
1920
1920
1920
1920
1920
1920
1920
1920
1919
1919
1919
1919
1919
1919
1919
1919
1919
1919
1919
1919
1919
1918
1918
1918
1918
1918
1918
1918
1918
1917
1917
1917
1917
1917
1917
1917
1917
1916
1916
1916
1916
1916
1916
1915
1915
1915
1915
1915
1915
1915
1915
1914
1914
1914
1914
1914
1913
1913
1913
1913
1913
1913
1913
1912
1912
1912
1912
1912
1912
1912
1911
1911
1911
1911
1911
1911
1911
1911
1911
1910
1910
1910
1910
1910
1910
1909
1909
1909
1909
1909
1909
1909
1909
1908
1908
1908
1908
1908
1908
1908
1908
1908
1908
1907
1907
1907
1907
1907
1907
1907
1907
1907
1907
1907
1906
1906
1906
1906
1906
1906
1906
1906
1906
1905
1905
1905
1905
1905
1905
1905
1905
1905
1905
1905
1905
1904
1904
1904
1904
1904
1904
1904
1904
1904
1904
1903
1903
1903
1903
1903
1903
1903
1902
1902
1902
1902
1902
1902
1902
1901
1901
1901
1901
1901
1901
1901
1901
1901
1900
1900
1900
1900
1900
1900
1899
1899
1899
1899
1899
1899
1899
1899
1899
1899
1899
1899
1898
1898
1898
1898
1898
1898
1898
1898
1898
1898
1898
1898
1898
1898
1898
1897
1897
1897
1897
1897
1897
1897
1897
1896
1896
1896
1896
1896
1896
1896
1896
1896
1895
1895
1895
1895
1895
1895
1895
1895
1895
1895
1894
1894
1894
1894
1894
1894
1894
1894
1894
1894
1894
1894
1894
1894
1893
1893
1893
1893
1893
1893
1893
1892
1892
1892
1892
1892
1892
1892
1892
1892
1892
1892
1892
1892
1892
1891
1891
1891
1891
1891
1891
1891
1891
1891
1891
1891
1891
1891
1891
1891
1890
1890
1890
1890
1890
1890
1890
1890
1890
1890
1890
1889
1889
1889
1889
1889
1889
1889
1889
1888
1888
1888
1888
1888
1888
1888
1888
1888
1888
1888
1888
1888
1888
1888
1888
1888
1888
1888
1888
1888
1887
1887
1887
1887
1887
1887
1887
1887
1887
1886
1886
1886
1886
1886
1886
1886
1885
1885
1885
1885
1885
1885
1884
1884
1884
1884
1884
1884
1884
1884
1883
1883
1883
1883
1883
1883
1883
1883
1883
1882
1882
1882
1882
1882
1882
1882
1882
1882
1882
1881
1881
1881
1881
1881
1881
1881
1881
1881
1881
1880
1880
1880
1880
1880
1880
1880
1879
1879
1879
1879
1879
1879
1879
1879
1879
1879
1879
1879
1879
1879
1879
1878
1878
1878
1878
1878
1878
1878
1878
1878
1878
1878
1877
1877
1877
1877
1877
1877
1877
1876
1876
1876
1876
1876
1876
1876
1876
1876
1876
1876
1876
1876
1876
1875
1875
1875
1875
1875
1875
1875
1875
1875
1875
1875
1875
1875
1875
1875
1875
1875
1874
1874
1874
1874
1874
1874
1874
1874
1874
1874
1874
1874
1873
1873
1873
1873
1873
1873
1873
1873
1873
1873
1873
1873
1873
1873
1873
1873
1873
1872
1872
1872
1872
1872
1872
1872
1872
1872
1872
1872
1871
1871
1871
1871
1871
1871
1871
1871
1871
1870
1870
1870
1870
1870
1870
1869
1869
1869
1869
1869
1869
1869
1868
1868
1868
1868
1868
1868
1868
1868
1868
1868
1867
1867
1867
1867
1867
1867
1867
1867
1867
1867
1867
1866
1866
1866
1866
1866
1866
1866
1866
1866
1866
1865
1865
1865
1865
1865
1865
1865
1864
1864
1864
1864
1864
1864
1864
1864
1864
1863
1863
1863
1863
1863
1863
1863
1863
1863
1863
1862
1862
1862
1862
1862
1862
1862
1862
1862
1862
1862
1862
1861
1861
1861
1861
1861
1861
1861
1861
1861
1861
1861
1860
1860
1860
1860
1860
1860
1860
1860
1860
1860
1860
1860
1860
1859
1859
1859
1859
1859
1859
1859
1859
1859
1859
1859
1859
1859
1859
1859
1859
1859
1859
1858
1858
1858
1858
1858
1858
1858
1858
1858
1858
1858
1858
1858
1858
1857
1857
1857
1857
1857
1857
1857
1857
1857
1857
1856
1856
1856
1856
1856
1856
1856
1856
1856
1856
1856
1856
1856
1856
1855
1855
1855
1855
1855
1855
1855
1855
1855
1855
1855
1855
1855
1855
1854
1854
1854
1854
1854
1853
1853
1853
1853
1853
1853
1853
1853
1853
1853
1853
1853
1853
1852
1852
1852
1852
1852
1852
1852
1851
1851
1851
1851
1851
1851
1851
1851
1851
1851
1851
1851
1850
1850
1850
1850
1850
1850
1850
1850
1850
1850
1850
1850
1849
1849
1849
1849
1849
1849
1849
1849
1848
1848
1848
1848
1848
1848
1848
1848
1848
1848
1848
1847
1847
1847
1847
1847
1847
1847
1846
1846
1846
1846
1846
1846
1846
1846
1846
1845
1845
1845
1845
1845
1845
1845
1845
1845
1845
1845
1844
1844
1844
1844
1844
1844
1844
1844
1844
1844
1844
1844
1844
1844
1844
1844
1844
1843
1843
1843
1843
1843
1843
1843
1843
1843
1843
1843
1843
1843
1843
1843
1843
1842
1842
1842
1842
1841
1841
1841
1841
1841
1841
1841
1841
1841
1841
1840
1840
1840
1840
1840
1840
1839
1839
1839
1839
1839
1839
1839
1838
1838
1838
1838
1838
1838
1838
1838
1838
1838
1838
1838
1837
1837
1837
1837
1837
1837
1837
1837
1837
1837
1837
1837
1836
1836
1836
1836
1836
1836
1836
1836
1836
1836
1836
1836
1836
1836
1836
1835
1835
1835
1835
1835
1835
1834
1834
1834
1834
1834
1834
1834
1834
1834
1834
1834
1833
1833
1833
1833
1833
1833
1833
1833
1833
1833
1832
1832
1832
1832
1832
1832
1832
1832
1832
1832
1831
1831
1831
1831
1831
1831
1831
1831
1831
1831
1831
1831
1830
1830
1830
1830
1830
1830
1830
1830
1830
1830
1830
1829
1829
1829
1829
1829
1829
1829
1829
1829
1828
1828
1828
1828
1828
1828
1828
1828
1828
1828
1828
1827
1827
1827
1827
1827
1827
1827
1827
1827
1827
1827
1827
1827
1827
1827
1826
1826
1826
1826
1826
1825
1825
1825
1825
1825
1825
1825
1825
1825
1825
1825
1825
1824
1824
1824
1824
1824
1824
1824
1824
1824
1824
1824
1823
1823
1823
1823
1823
1823
1823
1823
1823
1823
1823
1823
1822
1822
1822
1822
1822
1822
1822
1822
1822
1822
1822
1822
1822
1822
1821
1821
1821
1821
1821
1821
1821
1820
1820
1820
1820
1820
1820
1820
1820
1820
1820
1820
1820
1820
1820
1820
1819
1819
1819
1819
1818
1818
1818
1818
1818
1818
1818
1818
1818
1818
1818
1818
1817
1817
1817
1817
1817
1817
1817
1817
1816
1816
1816
1816
1816
1816
1816
1816
1816
1815
1815
1815
1815
1815
1815
1814
1814
1814
1814
1814
1814
1814
1814
1814
1814
1814
1814
1814
1814
1813
1813
1813
1813
1813
1813
1813
1813
1813
1813
1813
1812
1812
1812
1812
1812
1812
1812
1812
1812
1812
1812
1811
1811
1811
1811
1811
1811
1811
1811
1811
1811
1811
1811
1811
1811
1811
1810
1810
1810
1810
1810
1810
1810
1810
1810
1810
1810
1810
1809
1809
1809
1809
1809
1809
1809
1809
1809
1809
1809
1808
1808
1808
1808
1808
1808
1808
1808
1808
1808
1808
1808
1807
1807
1807
1807
1807
1807
1807
1807
1807
1807
1807
1807
1807
1807
1807
1806
1806
1806
1806
1806
1806
1806
1806
1806
1805
1805
1805
1805
1805
1805
1805
1805
1805
1805
1805
1805
1805
1805
1805
1805
1805
1805
1805
1805
1804
1804
1804
1804
1804
1804
1804
1804
1804
1804
1803
1803
1803
1803
1802
1802
1802
1802
1802
1802
1802
1802
1802
1802
1802
1802
1801
1801
1801
1801
1801
1801
1801
1801
1801
1801
1801
1801
1801
1800
1800
1800
1800
1800
1800
1800
1800
1800
1800
1800
1799
1799
1799
1799
1799
1799
1799
1799
1799
1799
1798
1798
1798
1798
1798
1798
1798
1798
1798
1798
1798
1798
1798
1797
1797
1797
1797
1797
1797
1797
1797
1796
1796
1796
1796
1796
1796
1796
1796
1796
1796
1795
1795
1795
1795
1795
1795
1795
1795
1795
1795
1795
1795
1795
1795
1794
1794
1794
1794
1794
1794
1794
1794
1794
1794
1793
1793
1793
1793
1793
1793
1793
1793
1793
1793
1793
1792
1792
1792
1792
1792
1792
1792
1792
1792
1792
1792
1792
1792
1791
1791
1791
1791
1791
1791
1791
1791
1791
1791
1791
1791
1791
1791
1790
1790
1790
1790
1790
1790
1790
1790
1790
1790
1790
1790
1790
1790
1790
1789
1789
1789
1789
1789
1789
1789
1789
1789
1789
1789
1789
1788
1788
1788
1788
1788
1787
1787
1787
1787
1787
1787
1787
1787
1787
1787
1786
1786
1786
1786
1786
1786
1786
1786
1786
1786
1786
1786
1785
1785
1785
1785
1785
1785
1785
1785
1785
1785
1785
1785
1784
1784
1784
1784
1784
1784
1784
1784
1784
1784
1784
1784
1783
1783
1783
1783
1783
1783
1783
1783
1783
1783
1783
1783
1782
1782
1782
1782
1782
1782
1782
1782
1782
1781
1781
1781
1781
1781
1781
1781
1781
1781
1781
1781
1780
1780
1780
1780
1780
1780
1780
1780
1780
1780
1779
1779
1779
1779
1779
1779
1778
1778
1778
1778
1778
1778
1778
1778
1778
1778
1778
1778
1778
1777
1777
1777
1777
1777
1777
1777
1777
1777
1777
1777
1777
1777
1777
1777
1777
1777
1777
1776
1776
1776
1776
1776
1776
1776
1776
1776
1776
1776
1776
1776
1776
1776
1776
1776
1776
1775
1775
1775
1775
1775
1775
1775
1775
1775
1775
1775
1775
1775
1775
1774
1774
1774
1774
1774
1774
1774
1774
1774
1774
1774
1774
1774
1774
1773
1773
1773
1773
1773
1773
1772
1772
1772
1772
1772
1772
1772
1772
1772
1772
1772
1772
1772
1772
1771
1771
1771
1771
1771
1771
1771
1771
1771
1771
1771
1771
1770
1770
1770
1770
1770
1770
1770
1769
1769
1769
1769
1769
1769
1769
1769
1769
1769
1769
1769
1769
1768
1768
1768
1768
1768
1768
1768
1768
1768
1768
1768
1767
1767
1767
1767
1767
1767
1767
1767
1767
1767
1767
1767
1766
1766
1766
1766
1766
1766
1766
1766
1766
1766
1766
1766
1765
1765
1765
1765
1765
1765
1765
1765
1765
1765
1764
1764
1764
1764
1764
1764
1764
1764
1764
1764
1764
1764
1763
1763
1763
1763
1763
1763
1763
1763
1763
1763
1763
1762
1762
1762
1762
1762
1762
1762
1761
1761
1761
1761
1761
1761
1761
1761
1761
1761
1761
1760
1760
1760
1760
1760
1760
1760
1760
1760
1760
1760
1760
1760
1759
1759
1759
1759
1759
1759
1759
1759
1759
1759
1759
1759
1759
1759
1759
1758
1758
1758
1758
1758
1758
1758
1758
1758
1758
1758
1758
1758
1758
1758
1757
1757
1757
1757
1757
1757
1757
1757
1757
1757
1757
1757
1757
1757
1756
1756
1756
1756
1756
1756
1756
1755
1755
1755
1755
1755
1755
1755
1755
1755
1755
1755
1754
1754
1754
1754
1754
1754
1754
1754
1754
1753
1753
1753
1753
1753
1753
1753
1753
1753
1753
1753
1753
1753
1753
1753
1753
1752
1752
1752
1752
1752
1752
1752
1752
1752
1752
1752
1752
1752
1752
1752
1752
1751
1751
1751
1751
1751
1751
1751
1750
1750
1750
1750
1750
1750
1750
1749
1749
1749
1749
1749
1749
1749
1749
1749
1749
1749
1749
1748
1748
1748
1748
1748
1748
1748
1747
1747
1747
1747
1747
1747
1747
1747
1747
1747
1747
1747
1747
1747
1746
1746
1746
1746
1746
1746
1746
1746
1746
1746
1746
1746
1746
1746
1746
1746
1746
1745
1745
1745
1745
1745
1745
1745
1745
1745
1745
1745
1745
1745
1745
1745
1745
1745
1744
1744
1744
1744
1744
1744
1744
1744
1744
1744
1744
1743
1743
1743
1743
1743
1743
1743
1743
1743
1743
1742
1742
1742
1742
1742
1742
1742
1742
1742
1742
1742
1742
1742
1742
1742
1742
1742
1741
1741
1741
1741
1741
1741
1741
1741
1741
1741
1741
1741
1741
1741
1741
1741
1741
1740
1740
1740
1740
1740
1740
1740
1740
1740
1740
1740
1740
1740
1740
1740
1740
1739
1739
1739
1739
1739
1739
1739
1739
1739
1739
1739
1738
1738
1738
1738
1738
1738
1738
1738
1738
1738
1738
1737
1737
1737
1737
1737
1737
1737
1737
1737
1736
1736
1736
1736
1736
1736
1736
1735
1735
1735
1735
1735
1735
1735
1735
1735
1735
1735
1735
1734
1734
1734
1734
1734
1734
1734
1734
1734
1734
1734
1734
1734
1734
1733
1733
1733
1733
1733
1733
1733
1733
1733
1733
1733
1733
1733
1733
1732
1732
1732
1732
1732
1732
1732
1732
1731
1731
1731
1731
1731
1731
1730
1730
1730
1730
1730
1730
1730
1730
1730
1730
1730
1729
1729
1729
1729
1729
1729
1729
1729
1729
1729
1729
1729
1729
1729
1729
1728
1728
1728
1728
1728
1728
1728
1728
1728
1728
1728
1728
1727
1727
1727
1727
1727
1727
1727
1727
1727
1727
1726
1726
1726
1726
1726
1726
1726
1726
1726
1725
1725
1725
1725
1725
1725
1725
1725
1725
1725
1725
1725
1724
1724
1724
1724
1724
1724
1724
1723
1723
1723
1723
1723
1723
1723
1723
1723
1723
1723
1723
1723
1723
1723
1723
1722
1722
1722
1722
1722
1722
1722
1722
1722
1722
1722
1722
1722
1722
1721
1721
1721
1721
1721
1721
1721
1721
1721
1721
1721
1721
1720
1720
1720
1720
1720
1720
1720
1720
1720
1720
1720
1719
1719
1719
1719
1719
1719
1719
1719
1719
1719
1719
1718
1718
1718
1718
1718
1718
1718
1718
1718
1718
1718
1718
1717
1717
1717
1717
1717
1717
1717
1716
1716
1716
1716
1716
1716
1716
1716
1716
1716
1716
1716
1715
1715
1715
1715
1715
1715
1715
1715
1715
1715
1715
1714
1714
1714
1714
1714
1714
1714
1714
1714
1714
1714
1714
1714
1713
1713
1713
1713
1713
1713
1712
1712
1712
1712
1712
1712
1712
1712
1712
1712
1712
1712
1711
1711
1711
1711
1711
1711
1711
1711
1711
1711
1711
1711
1711
1711
1711
1711
1711
1711
1711
1710
1710
1710
1710
1710
1710
1710
1710
1709
1709
1709
1709
1709
1709
1709
1709
1709
1708
1708
1708
1708
1708
1708
1708
1708
1708
1708
1708
1707
1707
1707
1707
1707
1707
1707
1707
1707
1707
1707
1707
1707
1707
1707
1706
1706
1706
1706
1706
1706
1706
1706
1705
1705
1705
1705
1705
1705
1705
1705
1705
1705
1704
1704
1704
1704
1704
1704
1704
1704
1704
1704
1704
1704
1704
1704
1704
1704
1704
1704
1704
1703
1703
1703
1703
1703
1703
1703
1703
1703
1703
1703
1703
1703
1703
1703
1703
1703
1702
1702
1702
1702
1702
1702
1702
1702
1702
1702
1701
1701
1701
1701
1701
1701
1701
1701
1701
1701
1701
1701
1701
1701
1701
1701
1701
1701
1701
1701
1701
1701
1700
1700
1700
1700
1700
1700
1700
1700
1700
1700
1699
1699
1699
1699
1699
1699
1699
1699
1699
1698
1698
1698
1698
1698
1698
1698
1698
1698
1698
1698
1698
1698
1698
1698
1697
1697
1697
1697
1697
1697
1697
1697
1697
1697
1697
1697
1697
1697
1697
1697
1697
1696
1696
1696
1696
1696
1696
1696
1696
1696
1696
1696
1696
1696
1696
1695
1695
1695
1695
1695
1694
1694
1694
1694
1694
1694
1694
1693
1693
1693
1693
1693
1693
1693
1693
1693
1693
1692
1692
1692
1692
1692
1692
1692
1692
1692
1692
1691
1691
1691
1691
1691
1691
1691
1691
1691
1691
1691
1690
1690
1690
1690
1690
1690
1690
1690
1690
1690
1690
1690
1690
1690
1689
1689
1689
1689
1689
1689
1689
1689
1689
1689
1689
1689
1689
1689
1688
1688
1688
1688
1688
1688
1688
1688
1688
1688
1688
1688
1688
1688
1688
1687
1687
1687
1687
1687
1687
1687
1687
1687
1687
1687
1687
1686
1686
1686
1686
1686
1686
1686
1686
1686
1686
1686
1686
1685
1685
1685
1685
1685
1685
1685
1684
1684
1684
1684
1684
1684
1684
1684
1684
1684
1684
1684
1684
1684
1683
1683
1683
1683
1683
1683
1683
1683
1683
1683
1683
1683
1683
1683
1683
1683
1683
1683
1682
1682
1682
1682
1682
1682
1682
1682
1682
1681
1681
1681
1681
1681
1681
1681
1681
1681
1681
1681
1680
1680
1680
1680
1680
1680
1680
1680
1680
1680
1680
1680
1680
1679
1679
1679
1679
1679
1679
1679
1679
1679
1679
1679
1679
1679
1678
1678
1678
1678
1678
1678
1678
1678
1678
1678
1678
1677
1677
1677
1677
1677
1677
1677
1677
1677
1677
1677
1677
1677
1677
1676
1676
1676
1676
1676
1676
1676
1676
1676
1676
1675
1675
1675
1675
1675
1675
1675
1675
1675
1675
1675
1675
1675
1674
1674
1674
1674
1674
1674
1674
1674
1674
1673
1673
1673
1673
1673
1673
1673
1673
1673
1673
1673
1673
1673
1673
1673
1673
1673
1672
1672
1672
1672
1672
1672
1672
1672
1672
1672
1672
1672
1672
1672
1671
1671
1671
1671
1671
1671
1671
1671
1671
1671
1671
1671
1671
1671
1671
1670
1670
1670
1670
1670
1670
1670
1670
1670
1670
1670
1670
1669
1669
1669
1669
1669
1669
1669
1669
1669
1669
1669
1669
1668
1668
1668
1668
1668
1668
1668
1668
1668
1668
1667
1667
1667
1667
1667
1667
1667
1667
1667
1667
1667
1667
1667
1667
1666
1666
1666
1666
1666
1666
1666
1666
1666
1666
1666
1666
1666
1666
1665
1665
1665
1665
1665
1665
1665
1665
1665
1665
1665
1665
1665
1665
1664
1664
1664
1664
1664
1663
1663
1663
1663
1663
1663
1663
1663
1663
1663
1663
1663
1663
1663
1663
1663
1662
1662
1662
1662
1662
1662
1662
1662
1662
1662
1662
1662
1662
1661
1661
1661
1661
1661
1661
1661
1661
1661
1661
1660
1660
1660
1660
1660
1660
1660
1660
1660
1660
1659
1659
1659
1659
1659
1659
1659
1659
1659
1659
1659
1659
1659
1659
1659
1659
1659
1658
1658
1658
1658
1658
1658
1658
1658
1658
1658
1658
1658
1658
1657
1657
1657
1657
1657
1657
1657
1657
1657
1657
1656
1656
1656
1656
1656
1656
1656
1656
1656
1656
1656
1656
1656
1656
1656
1656
1656
1656
1656
1656
1655
1655
1655
1655
1655
1655
1654
1654
1654
1654
1654
1654
1654
1654
1654
1654
1654
1654
1654
1654
1654
1653
1653
1653
1653
1653
1653
1653
1653
1653
1653
1652
1652
1652
1652
1652
1652
1652
1652
1652
1652
1652
1651
1651
1651
1651
1651
1651
1651
1651
1651
1651
1651
1651
1651
1651
1650
1650
1650
1650
1650
1650
1649
1649
1649
1649
1649
1649
1649
1649
1649
1649
1649
1649
1649
1649
1649
1649
1649
1649
1649
1648
1648
1648
1648
1648
1648
1648
1648
1648
1648
1647
1647
1647
1647
1647
1647
1647
1647
1647
1647
1647
1647
1647
1646
1646
1646
1646
1646
1646
1646
1646
1646
1646
1646
1646
1646
1646
1646
1646
1646
1645
1645
1645
1645
1645
1645
1645
1645
1645
1645
1645
1644
1644
1644
1644
1644
1644
1644
1644
1644
1644
1644
1644
1644
1644
1644
1644
1644
1643
1643
1643
1643
1643
1643
1643
1643
1643
1643
1642
1642
1642
1642
1642
1642
1642
1642
1642
1642
1641
1641
1641
1641
1641
1641
1641
1641
1641
1641
1641
1641
1641
1641
1641
1641
1641
1641
1641
1641
1640
1640
1640
1640
1640
1640
1640
1640
1640
1640
1640
1640
1640
1639
1639
1639
1639
1639
1639
1639
1639
1639
1639
1639
1639
1639
1639
1638
1638
1638
1638
1638
1637
1637
1637
1637
1637
1637
1637
1637
1637
1637
1637
1637
1637
1637
1637
1637
1637
1637
1637
1637
1636
1636
1636
1636
1636
1636
1636
1636
1636
1636
1636
1636
1635
1635
1635
1635
1635
1635
1635
1634
1634
1634
1634
1634
1634
1634
1634
1634
1633
1633
1633
1633
1633
1633
1633
1633
1633
1633
1633
1632
1632
1632
1632
1632
1632
1632
1632
1632
1632
1632
1632
1631
1631
1631
1631
1631
1631
1631
1631
1631
1631
1631
1631
1631
1631
1630
1630
1630
1630
1630
1630
1630
1630
1629
1629
1629
1629
1629
1629
1629
1629
1629
1629
1629
1629
1629
1628
1628
1628
1628
1628
1628
1628
1628
1628
1628
1628
1628
1628
1628
1627
1627
1627
1627
1627
1627
1627
1627
1627
1626
1626
1626
1626
1626
1626
1626
1626
1626
1626
1626
1626
1626
1626
1626
1626
1626
1625
1625
1625
1625
1625
1625
1625
1625
1625
1625
1625
1625
1625
1624
1624
1624
1624
1624
1624
1624
1624
1624
1624
1624
1624
1624
1624
1623
1623
1623
1623
1623
1623
1623
1623
1623
1623
1623
1623
1623
1623
1622
1622
1622
1622
1622
1622
1622
1622
1622
1622
1622
1621
1621
1621
1621
1621
1621
1621
1620
1620
1620
1620
1620
1620
1620
1620
1620
1620
1620
1620
1620
1620
1619
1619
1619
1619
1619
1619
1619
1619
1619
1619
1619
1618
1618
1618
1618
1618
1618
1618
1618
1618
1618
1618
1618
1617
1617
1617
1617
1617
1617
1617
1617
1617
1616
1616
1616
1616
1616
1616
1616
1616
1616
1616
1616
1616
1616
1616
1616
1615
1615
1615
1615
1615
1615
1615
1615
1615
1615
1615
1614
1614
1614
1614
1614
1614
1614
1614
1614
1614
1614
1614
1614
1613
1613
1613
1613
1613
1613
1613
1613
1613
1613
1613
1613
1613
1613
1613
1613
1613
1612
1612
1612
1612
1612
1612
1612
1612
1612
1612
1612
1612
1612
1612
1612
1612
1612
1612
1611
1611
1611
1611
1611
1611
1611
1611
1611
1611
1611
1611
1611
1611
1611
1611
1611
1611
1610
1610
1610
1610
1610
1610
1610
1610
1610
1610
1610
1610
1609
1609
1609
1609
1609
1609
1609
1609
1609
1609
1609
1609
1609
1609
1609
1609
1608
1608
1608
1608
1608
1608
1608
1608
1608
1608
1608
1608
1608
1608
1608
1608
1608
1607
1607
1607
1607
1607
1607
1606
1606
1606
1606
1606
1606
1606
1606
1606
1606
1606
1606
1606
1606
1605
1605
1605
1605
1605
1605
1605
1605
1605
1605
1605
1605
1605
1605
1605
1605
1605
1604
1604
1604
1604
1604
1604
1604
1604
1604
1604
1604
1604
1604
1604
1603
1603
1603
1603
1603
1603
1603
1603
1603
1603
1603
1603
1603
1603
1602
1602
1602
1602
1602
1602
1602
1602
1602
1602
1602
1602
1602
1602
1602
1602
1602
1602
1602
1602
1602
1602
1602
1602
1601
1601
1601
1601
1601
1601
1601
1601
1601
1601
1601
1601
1601
1601
1600
1600
1600
1600
1600
1600
1600
1600
1600
1600
1600
1600
1600
1600
1599
1599
1599
1599
1599
1599
1599
1599
1599
1599
1599
1599
1598
1598
1598
1598
1598
1598
1598
1598
1598
1598
1597
1597
1597
1597
1597
1597
1597
1597
1597
1597
1597
1597
1597
1597
1597
1597
1597
1597
1597
1597
1596
1596
1596
1596
1596
1596
1596
1596
1596
1596
1596
1596
1596
1595
1595
1595
1595
1595
1595
1595
1595
1595
1595
1595
1595
1595
1595
1595
1595
1595
1595
1595
1594
1594
1594
1594
1594
1594
1594
1594
1594
1594
1594
1594
1594
1593
1593
1593
1593
1593
1593
1593
1593
1593
1593
1593
1593
1593
1593
1593
1593
1593
1593
1593
1593
1592
1592
1592
1592
1592
1592
1592
1592
1592
1592
1592
1592
1592
1591
1591
1591
1591
1591
1591
1591
1591
1591
1591
1591
1591
1591
1591
1591
1591
1590
1590
1590
1590
1590
1590
1590
1590
1590
1590
1590
1590
1589
1589
1589
1589
1589
1589
1589
1589
1589
1588
1588
1588
1588
1588
1588
1588
1588
1588
1588
1588
1588
1587
1587
1587
1587
1587
1587
1587
1587
1587
1587
1587
1586
1586
1586
1586
1586
1586
1586
1586
1586
1586
1586
1586
1586
1586
1585
1585
1585
1585
1585
1585
1585
1585
1585
1585
1585
1585
1585
1585
1585
1585
1585
1584
1584
1584
1584
1584
1584
1584
1584
1584
1584
1584
1583
1583
1583
1583
1583
1583
1583
1583
1583
1583
1583
1583
1582
1582
1582
1582
1582
1582
1582
1582
1582
1582
1582
1581
1581
1581
1581
1581
1581
1581
1581
1581
1581
1581
1581
1581
1581
1581
1581
1580
1580
1580
1580
1580
1580
1580
1580
1580
1580
1580
1580
1580
1580
1580
1580
1580
1580
1580
1580
1580
1580
1579
1579
1579
1579
1579
1579
1579
1579
1579
1579
1579
1579
1579
1579
1579
1579
1578
1578
1578
1578
1578
1578
1578
1578
1578
1578
1577
1577
1577
1577
1577
1577
1577
1577
1577
1577
1577
1577
1577
1576
1576
1576
1576
1576
1576
1576
1576
1576
1576
1576
1575
1575
1575
1575
1575
1575
1575
1575
1575
1575
1575
1575
1575
1574
1574
1574
1574
1574
1574
1574
1574
1574
1574
1574
1574
1574
1573
1573
1573
1573
1573
1573
1573
1573
1572
1572
1572
1572
1572
1572
1572
1572
1572
1572
1572
1572
1572
1571
1571
1571
1571
1571
1571
1571
1571
1571
1571
1571
1571
1571
1571
1571
1571
1571
1571
1570
1570
1570
1570
1570
1570
1570
1570
1570
1570
1570
1570
1570
1570
1570
1570
1569
1569
1569
1569
1569
1569
1569
1569
1569
1569
1569
1569
1569
1569
1569
1568
1568
1568
1568
1568
1568
1568
1568
1568
1568
1568
1568
1568
1568
1568
1568
1568
1568
1568
1568
1568
1568
1568
1567
1567
1567
1567
1567
1567
1567
1567
1567
1567
1567
1567
1567
1567
1567
1567
1567
1566
1566
1566
1566
1566
1566
1566
1566
1566
1566
1566
1566
1566
1566
1565
1565
1565
1565
1565
1565
1565
1565
1565
1565
1565
1565
1565
1565
1565
1564
1564
1564
1564
1564
1564
1564
1564
1564
1564
1564
1563
1563
1563
1563
1563
1563
1563
1563
1563
1563
1563
1563
1563
1562
1562
1562
1562
1562
1562
1562
1562
1562
1562
1562
1562
1561
1561
1561
1561
1561
1561
1561
1561
1561
1561
1561
1561
1561
1561
1561
1561
1561
1561
1561
1560
1560
1560
1560
1560
1560
1560
1560
1560
1560
1560
1560
1560
1560
1559
1559
1559
1559
1559
1559
1559
1559
1559
1559
1558
1558
1558
1558
1558
1558
1558
1558
1558
1558
1558
1558
1558
1557
1557
1557
1557
1557
1557
1557
1557
1557
1556
1556
1556
1556
1556
1556
1556
1556
1556
1556
1556
1556
1556
1555
1555
1555
1555
1555
1555
1555
1555
1555
1555
1555
1555
1555
1555
1555
1554
1554
1554
1554
1554
1554
1554
1554
1554
1554
1554
1554
1554
1553
1553
1553
1553
1553
1553
1553
1553
1553
1553
1553
1553
1552
1552
1552
1552
1552
1552
1552
1552
1552
1552
1552
1552
1552
1552
1551
1551
1551
1551
1551
1551
1551
1551
1551
1551
1551
1550
1550
1550
1550
1550
1550
1550
1550
1550
1550
1550
1550
1550
1549
1549
1549
1549
1549
1549
1549
1549
1549
1549
1549
1549
1549
1549
1549
1549
1549
1549
1549
1549
1549
1549
1549
1548
1548
1548
1548
1548
1548
1548
1548
1548
1548
1548
1548
1548
1548
1548
1548
1548
1548
1548
1548
1548
1547
1547
1547
1547
1547
1547
1547
1547
1547
1547
1547
1547
1547
1547
1547
1546
1546
1546
1546
1546
1546
1546
1546
1546
1546
1546
1546
1546
1546
1546
1545
1545
1545
1545
1545
1545
1545
1545
1545
1545
1544
1544
1544
1544
1544
1544
1544
1544
1543
1543
1543
1543
1543
1543
1543
1543
1543
1543
1543
1543
1543
1543
1543
1543
1543
1543
1542
1542
1542
1542
1542
1542
1542
1542
1542
1542
1542
1542
1542
1542
1542
1541
1541
1541
1541
1541
1541
1541
1541
1541
1541
1541
1541
1541
1541
1541
1541
1541
1541
1541
1540
1540
1540
1540
1540
1540
1540
1540
1540
1540
1540
1540
1540
1540
1540
1540
1540
1540
1540
1539
1539
1539
1539
1539
1539
1539
1539
1539
1539
1539
1539
1539
1539
1539
1539
1538
1538
1538
1538
1538
1538
1538
1538
1538
1538
1537
1537
1537
1537
1537
1537
1537
1537
1537
1537
1537
1537
1537
1537
1537
1537
1537
1537
1537
1537
1537
1537
1536
1536
1536
1536
1536
1536
1536
1536
1536
1536
1536
1536
1536
1536
1536
1536
1535
1535
1535
1535
1535
1535
1535
1535
1535
1535
1535
1535
1535
1535
1535
1534
1534
1534
1534
1534
1534
1534
1534
1534
1534
1534
1534
1534
1534
1533
1533
1533
1533
1533
1533
1533
1533
1533
1533
1533
1533
1532
1532
1532
1532
1532
1532
1532
1532
1532
1532
1532
1532
1532
1531
1531
1531
1531
1531
1531
1531
1531
1531
1531
1531
1531
1531
1531
1531
1531
1531
1531
1531
1530
1530
1530
1530
1530
1530
1530
1530
1530
1530
1530
1530
1530
1530
1530
1530
1530
1530
1530
1529
1529
1529
1529
1529
1529
1529
1529
1529
1529
1529
1529
1529
1529
1529
1529
1529
1529
1528
1528
1528
1528
1528
1528
1528
1528
1528
1528
1528
1528
1528
1528
1528
1528
1527
1527
1527
1527
1527
1527
1527
1527
1527
1527
1527
1526
1526
1526
1526
1526
1526
1526
1526
1526
1526
1526
1526
1526
1526
1525
1525
1525
1525
1525
1525
1525
1525
1525
1525
1525
1525
1525
1525
1525
1525
1524
1524
1524
1524
1524
1524
1524
1524
1524
1524
1524
1524
1524
1524
1524
1524
1524
1524
1524
1524
1524
1523
1523
1523
1523
1523
1523
1523
1523
1523
1522
1522
1522
1522
1522
1522
1522
1522
1522
1522
1522
1522
1522
1522
1522
1522
1522
1521
1521
1521
1521
1521
1521
1521
1521
1521
1521
1521
1520
1520
1520
1520
1520
1520
1520
1520
1520
1520
1520
1520
1520
1520
1519
1519
1519
1519
1519
1519
1519
1519
1519
1519
1519
1519
1519
1519
1519
1519
1519
1518
1518
1518
1518
1518
1518
1518
1518
1518
1518
1518
1518
1517
1517
1517
1517
1517
1517
1517
1517
1517
1517
1516
1516
1516
1516
1516
1516
1516
1516
1516
1516
1516
1516
1516
1516
1516
1516
1516
1515
1515
1515
1515
1515
1515
1515
1515
1515
1515
1515
1515
1515
1515
1515
1515
1515
1515
1514
1514
1514
1514
1514
1514
1514
1514
1514
1514
1514
1514
1514
1514
1514
1513
1513
1513
1513
1513
1513
1513
1513
1513
1513
1513
1513
1513
1512
1512
1512
1512
1512
1512
1512
1512
1512
1512
1511
1511
1511
1511
1511
1511
1511
1511
1511
1511
1511
1511
1511
1511
1511
1511
1511
1510
1510
1510
1510
1510
1510
1510
1510
1510
1510
1510
1510
1510
1510
1510
1510
1510
1510
1510
1510
1510
1510
1509
1509
1509
1509
1509
1509
1509
1509
1509
1509
1509
1509
1509
1509
1509
1508
1508
1508
1508
1508
1508
1508
1508
1508
1508
1507
1507
1507
1507
1507
1507
1507
1507
1507
1507
1507
1507
1507
1507
1507
1507
1507
1507
1507
1507
1506
1506
1506
1506
1506
1506
1506
1506
1506
1506
1506
1506
1506
1506
1506
1506
1506
1505
1505
1505
1505
1505
1505
1505
1505
1505
1505
1505
1505
1505
1505
1505
1505
1505
1505
1505
1505
1505
1505
1505
1505
1505
1505
1505
1504
1504
1504
1504
1504
1504
1504
1504
1504
1504
1504
1504
1504
1504
1504
1504
1504
1504
1504
1504
1504
1504
1504
1503
1503
1503
1503
1503
1503
1503
1503
1503
1503
1503
1503
1502
1502
1502
1502
1502
1502
1502
1502
1502
1502
1502
1502
1502
1502
1502
1502
1502
1502
1501
1501
1501
1501
1501
1501
1501
1501
1501
1501
1501
1501
1501
1501
1501
1501
1501
1501
1501
1501
1500
1500
1500
1500
1500
1500
1500
1500
1500
1500
1500
1500
1500
1500
1500
1499
1499
1499
1499
1499
1499
1499
1499
1499
1499
1499
1499
1499
1498
1498
1498
1498
1498
1498
1498
1498
1498
1498
1498
1498
1498
1498
1497
1497
1497
1497
1497
1497
1497
1497
1497
1497
1497
1497
1497
1497
1497
1497
1497
1497
1497
1496
1496
1496
1496
1496
1496
1496
1496
1496
1496
1496
1496
1496
1496
1496
1496
1496
1496
1496
1496
1496
1495
1495
1495
1495
1495
1495
1495
1495
1495
1495
1495
1495
1495
1495
1494
1494
1494
1494
1494
1494
1494
1494
1494
1494
1494
1494
1494
1494
1494
1494
1493
1493
1493
1493
1493
1493
1493
1493
1493
1493
1493
1493
1493
1493
1493
1492
1492
1492
1492
1492
1492
1492
1492
1492
1492
1492
1492
1492
1491
1491
1491
1491
1491
1491
1491
1491
1491
1491
1491
1491
1491
1491
1491
1491
1490
1490
1490
1490
1490
1490
1490
1490
1490
1490
1490
1490
1490
1490
1490
1489
1489
1489
1489
1489
1489
1489
1489
1489
1489
1489
1489
1489
1489
1489
1489
1489
1489
1488
1488
1488
1488
1488
1488
1488
1488
1488
1488
1488
1488
1487
1487
1487
1487
1487
1487
1487
1487
1487
1487
1487
1487
1486
1486
1486
1486
1486
1486
1486
1486
1486
1486
1485
1485
1485
1485
1485
1485
1485
1485
1485
1485
1485
1485
1485
1485
1485
1485
1484
1484
1484
1484
1484
1484
1484
1484
1484
1484
1484
1484
1484
1484
1484
1484
1484
1484
1484
1484
1484
1484
1484
1483
1483
1483
1483
1483
1483
1483
1483
1483
1483
1483
1483
1483
1483
1483
1483
1483
1483
1483
1483
1483
1483
1483
1483
1482
1482
1482
1482
1482
1482
1482
1482
1482
1482
1482
1482
1482
1482
1482
1481
1481
1481
1481
1481
1481
1481
1481
1481
1481
1481
1481
1481
1481
1481
1480
1480
1480
1480
1480
1480
1480
1480
1480
1480
1480
1480
1480
1480
1480
1480
1480
1480
1480
1480
1480
1480
1480
1480
1480
1479
1479
1479
1479
1479
1479
1479
1479
1479
1479
1479
1479
1479
1479
1479
1479
1479
1479
1479
1479
1479
1478
1478
1478
1478
1478
1478
1478
1478
1478
1478
1478
1478
1478
1478
1478
1477
1477
1477
1477
1477
1477
1477
1477
1477
1477
1477
1477
1477
1477
1477
1477
1477
1477
1477
1476
1476
1476
1476
1476
1476
1476
1476
1476
1476
1476
1476
1476
1476
1476
1476
1476
1476
1476
1476
1476
1476
1475
1475
1475
1475
1475
1475
1475
1475
1475
1475
1475
1475
1475
1475
1475
1474
1474
1474
1474
1474
1474
1474
1474
1474
1474
1474
1474
1474
1473
1473
1473
1473
1473
1473
1473
1473
1473
1473
1473
1473
1473
1473
1473
1473
1472
1472
1472
1472
1472
1472
1472
1472
1472
1472
1472
1472
1472
1472
1472
1472
1472
1472
1472
1471
1471
1471
1471
1471
1471
1471
1471
1471
1471
1471
1471
1471
1471
1470
1470
1470
1470
1470
1470
1470
1470
1470
1470
1470
1470
1470
1470
1470
1470
1469
1469
1469
1469
1469
1469
1469
1469
1469
1469
1469
1469
1469
1469
1469
1469
1469
1468
1468
1468
1468
1468
1468
1468
1468
1468
1468
1468
1468
1468
1468
1468
1468
1468
1468
1468
1468
1468
1467
1467
1467
1467
1467
1467
1467
1467
1467
1467
1467
1467
1467
1467
1467
1467
1467
1466
1466
1466
1466
1466
1466
1466
1466
1466
1466
1466
1466
1466
1466
1465
1465
1465
1465
1465
1465
1465
1465
1465
1465
1465
1465
1465
1465
1465
1464
1464
1464
1464
1464
1464
1464
1464
1464
1464
1464
1464
1464
1464
1464
1464
1464
1463
1463
1463
1463
1463
1463
1463
1463
1463
1463
1463
1463
1463
1463
1463
1463
1463
1463
1462
1462
1462
1462
1462
1462
1462
1462
1462
1462
1462
1462
1462
1461
1461
1461
1461
1461
1461
1461
1461
1461
1461
1461
1461
1461
1461
1461
1461
1461
1461
1461
1461
1460
1460
1460
1460
1460
1460
1460
1460
1460
1460
1460
1460
1460
1459
1459
1459
1459
1459
1459
1459
1459
1459
1459
1459
1459
1459
1459
1459
1459
1459
1459
1458
1458
1458
1458
1458
1458
1458
1458
1458
1458
1458
1458
1458
1458
1458
1457
1457
1457
1457
1457
1457
1457
1457
1457
1457
1457
1457
1457
1457
1457
1457
1457
1457
1457
1456
1456
1456
1456
1456
1456
1456
1456
1456
1456
1456
1456
1456
1456
1455
1455
1455
1455
1455
1455
1455
1455
1455
1455
1455
1455
1455
1455
1455
1455
1454
1454
1454
1454
1454
1454
1454
1454
1454
1454
1454
1454
1454
1453
1453
1453
1453
1453
1453
1453
1453
1453
1453
1453
1453
1453
1453
1453
1453
1452
1452
1452
1452
1452
1452
1452
1452
1452
1452
1452
1452
1452
1452
1452
1452
1452
1452
1452
1451
1451
1451
1451
1451
1451
1451
1451
1451
1451
1451
1451
1451
1451
1451
1451
1451
1450
1450
1450
1450
1450
1450
1450
1450
1450
1450
1450
1450
1450
1450
1450
1450
1450
1450
1449
1449
1449
1449
1449
1449
1449
1449
1449
1449
1449
1449
1449
1449
1449
1449
1448
1448
1448
1448
1448
1448
1448
1448
1448
1448
1448
1448
1448
1448
1448
1448
1448
1447
1447
1447
1447
1447
1447
1447
1447
1447
1447
1447
1447
1447
1447
1447
1447
1446
1446
1446
1446
1446
1446
1446
1446
1446
1446
1445
1445
1445
1445
1445
1445
1445
1445
1445
1445
1445
1445
1445
1445
1445
1445
1445
1445
1444
1444
1444
1444
1444
1444
1444
1444
1444
1444
1444
1443
1443
1443
1443
1443
1443
1443
1443
1443
1443
1443
1443
1443
1443
1443
1443
1443
1443
1443
1443
1442
1442
1442
1442
1442
1442
1442
1442
1442
1442
1442
1442
1442
1442
1442
1442
1441
1441
1441
1441
1441
1441
1441
1441
1441
1441
1441
1441
1441
1441
1441
1441
1441
1441
1441
1440
1440
1440
1440
1440
1440
1440
1440
1440
1440
1440
1440
1439
1439
1439
1439
1439
1439
1439
1439
1439
1439
1439
1439
1439
1439
1439
1439
1439
1439
1439
1439
1439
1439
1439
1439
1438
1438
1438
1438
1438
1438
1438
1438
1438
1438
1438
1438
1438
1438
1438
1438
1438
1438
1438
1438
1438
1438
1438
1437
1437
1437
1437
1437
1437
1437
1437
1437
1437
1437
1437
1437
1437
1437
1437
1437
1436
1436
1436
1436
1436
1436
1436
1436
1436
1436
1436
1436
1436
1436
1436
1436
1436
1436
1436
1436
1436
1436
1436
1436
1436
1436
1435
1435
1435
1435
1435
1435
1435
1435
1435
1435
1435
1435
1435
1435
1434
1434
1434
1434
1434
1434
1434
1434
1434
1434
1434
1434
1434
1434
1434
1434
1434
1434
1434
1434
1434
1434
1433
1433
1433
1433
1433
1433
1433
1433
1433
1433
1433
1433
1433
1433
1433
1433
1433
1433
1433
1433
1433
1433
1432
1432
1432
1432
1432
1432
1432
1432
1432
1432
1432
1432
1432
1432
1432
1432
1431
1431
1431
1431
1431
1431
1431
1431
1431
1431
1431
1431
1431
1431
1431
1431
1431
1431
1431
1431
1430
1430
1430
1430
1430
1430
1430
1430
1430
1430
1430
1430
1429
1429
1429
1429
1429
1429
1429
1429
1429
1429
1429
1429
1429
1429
1429
1429
1429
1429
1429
1429
1429
1429
1429
1429
1428
1428
1428
1428
1428
1428
1428
1428
1428
1428
1428
1428
1428
1428
1428
1428
1427
1427
1427
1427
1427
1427
1427
1427
1427
1427
1427
1427
1427
1427
1427
1427
1427
1427
1427
1427
1427
1427
1427
1427
1426
1426
1426
1426
1426
1426
1426
1426
1426
1426
1426
1426
1426
1426
1426
1426
1426
1425
1425
1425
1425
1425
1425
1425
1425
1425
1425
1425
1425
1425
1425
1425
1425
1425
1424
1424
1424
1424
1424
1424
1424
1424
1424
1424
1424
1424
1424
1424
1424
1424
1424
1424
1423
1423
1423
1423
1423
1423
1423
1423
1423
1423
1423
1423
1423
1423
1423
1422
1422
1422
1422
1422
1422
1422
1422
1422
1422
1422
1422
1422
1422
1422
1422
1422
1422
1422
1421
1421
1421
1421
1421
1421
1421
1421
1421
1421
1421
1421
1420
1420
1420
1420
1420
1420
1420
1420
1420
1420
1420
1420
1420
1420
1420
1420
1420
1420
1419
1419
1419
1419
1419
1419
1419
1419
1419
1419
1419
1419
1419
1419
1419
1419
1419
1419
1419
1419
1418
1418
1418
1418
1418
1418
1418
1418
1418
1418
1418
1418
1418
1418
1418
1417
1417
1417
1417
1417
1417
1417
1417
1417
1417
1417
1417
1417
1417
1417
1417
1417
1417
1417
1416
1416
1416
1416
1416
1416
1416
1416
1415
1415
1415
1415
1415
1415
1415
1415
1415
1415
1415
1415
1415
1415
1415
1415
1414
1414
1414
1414
1414
1414
1414
1414
1414
1414
1414
1414
1414
1414
1414
1414
1414
1414
1414
1413
1413
1413
1413
1413
1413
1413
1413
1413
1413
1413
1413
1413
1412
1412
1412
1412
1412
1412
1412
1412
1412
1412
1412
1412
1412
1412
1412
1412
1412
1412
1412
1412
1411
1411
1411
1411
1411
1411
1411
1411
1411
1411
1411
1411
1410
1410
1410
1410
1410
1410
1410
1410
1410
1410
1410
1410
1410
1410
1410
1410
1410
1410
1410
1410
1409
1409
1409
1409
1409
1409
1409
1409
1409
1409
1409
1409
1409
1409
1409
1409
1409
1409
1409
1409
1409
1409
1408
1408
1408
1408
1408
1408
1408
1408
1408
1408
1408
1408
1408
1408
1408
1407
1407
1407
1407
1407
1407
1407
1407
1407
1407
1407
1407
1407
1407
1407
1407
1407
1406
1406
1406
1406
1406
1406
1406
1406
1406
1406
1406
1406
1406
1406
1406
1406
1406
1406
1406
1406
1405
1405
1405
1405
1405
1405
1405
1405
1405
1404
1404
1404
1404
1404
1404
1404
1404
1404
1404
1404
1404
1403
1403
1403
1403
1403
1403
1403
1403
1403
1403
1403
1403
1403
1403
1403
1403
1403
1403
1403
1403
1403
1403
1403
1403
1402
1402
1402
1402
1402
1402
1402
1402
1402
1402
1402
1402
1402
1402
1402
1402
1402
1402
1402
1402
1401
1401
1401
1401
1401
1401
1401
1401
1401
1401
1401
1401
1401
1401
1401
1401
1401
1401
1401
1401
1401
1400
1400
1400
1400
1400
1400
1400
1400
1400
1400
1399
1399
1399
1399
1399
1399
1399
1399
1399
1399
1399
1399
1399
1399
1399
1399
1399
1399
1398
1398
1398
1398
1398
1398
1398
1398
1398
1398
1398
1398
1398
1398
1397
1397
1397
1397
1397
1397
1397
1397
1397
1397
1397
1397
1397
1396
1396
1396
1396
1396
1396
1396
1396
1396
1396
1396
1396
1396
1396
1396
1395
1395
1395
1395
1395
1395
1395
1395
1395
1395
1395
1395
1395
1394
1394
1394
1394
1394
1394
1394
1394
1394
1394
1394
1394
1394
1394
1394
1393
1393
1393
1393
1393
1393
1393
1393
1393
1393
1393
1393
1393
1393
1393
1393
1393
1393
1393
1393
1393
1393
1392
1392
1392
1392
1392
1392
1392
1392
1392
1392
1392
1392
1392
1392
1392
1392
1392
1391
1391
1391
1391
1391
1391
1391
1391
1391
1391
1391
1391
1391
1391
1391
1391
1390
1390
1390
1390
1390
1390
1390
1390
1390
1390
1390
1390
1390
1390
1390
1389
1389
1389
1389
1389
1389
1389
1389
1389
1389
1389
1389
1389
1389
1389
1389
1389
1388
1388
1388
1388
1388
1388
1388
1388
1388
1388
1388
1388
1388
1388
1388
1387
1387
1387
1387
1387
1387
1387
1387
1387
1387
1387
1387
1387
1387
1387
1387
1387
1386
1386
1386
1386
1386
1386
1386
1386
1386
1386
1386
1386
1386
1386
1386
1386
1386
1385
1385
1385
1385
1385
1385
1385
1385
1385
1385
1385
1385
1385
1385
1385
1385
1385
1385
1384
1384
1384
1384
1384
1384
1384
1384
1384
1384
1384
1384
1384
1384
1384
1384
1384
1384
1384
1384
1384
1384
1384
1384
1383
1383
1383
1383
1383
1383
1383
1383
1383
1383
1383
1383
1383
1383
1383
1383
1382
1382
1382
1382
1382
1382
1382
1382
1382
1382
1382
1382
1382
1382
1382
1382
1382
1382
1382
1382
1382
1382
1381
1381
1381
1381
1381
1381
1381
1381
1381
1381
1381
1381
1381
1381
1381
1380
1380
1380
1380
1380
1380
1380
1380
1380
1380
1380
1380
1380
1380
1380
1380
1380
1380
1379
1379
1379
1379
1379
1379
1379
1379
1379
1379
1379
1379
1379
1379
1379
1379
1379
1379
1379
1379
1379
1379
1378
1378
1378
1378
1378
1378
1378
1378
1378
1378
1378
1378
1378
1378
1378
1378
1377
1377
1377
1377
1377
1377
1377
1377
1377
1377
1377
1377
1377
1377
1377
1377
1377
1377
1376
1376
1376
1376
1376
1376
1376
1376
1376
1376
1376
1376
1376
1376
1376
1376
1376
1376
1376
1376
1375
1375
1375
1375
1375
1375
1375
1375
1375
1375
1375
1375
1375
1375
1375
1375
1375
1375
1375
1374
1374
1374
1374
1374
1374
1374
1374
1374
1374
1374
1374
1374
1374
1374
1373
1373
1373
1373
1373
1373
1373
1373
1373
1373
1373
1373
1373
1373
1373
1373
1373
1373
1373
1373
1373
1373
1373
1373
1372
1372
1372
1372
1372
1372
1372
1372
1372
1372
1372
1372
1372
1372
1372
1372
1372
1372
1372
1372
1372
1372
1371
1371
1371
1371
1371
1371
1371
1371
1371
1371
1371
1371
1371
1371
1371
1371
1371
1371
1371
1371
1371
1371
1371
1371
1371
1371
1371
1371
1371
1370
1370
1370
1370
1370
1370
1370
1370
1370
1370
1370
1370
1370
1370
1370
1370
1370
1369
1369
1369
1369
1369
1369
1369
1369
1369
1369
1369
1369
1369
1369
1369
1369
1369
1369
1368
1368
1368
1368
1368
1368
1368
1368
1368
1368
1368
1368
1368
1368
1368
1368
1368
1367
1367
1367
1367
1367
1367
1367
1367
1367
1367
1367
1367
1367
1367
1367
1367
1367
1367
1366
1366
1366
1366
1366
1366
1366
1366
1366
1366
1366
1366
1366
1366
1365
1365
1365
1365
1365
1365
1365
1365
1365
1365
1365
1365
1365
1365
1365
1365
1365
1365
1365
1365
1364
1364
1364
1364
1364
1364
1364
1364
1364
1364
1364
1364
1364
1364
1364
1364
1363
1363
1363
1363
1363
1363
1363
1363
1363
1363
1363
1363
1363
1363
1363
1363
1363
1362
1362
1362
1362
1362
1362
1362
1362
1362
1362
1362
1362
1362
1362
1362
1362
1362
1362
1362
1362
1362
1362
1362
1362
1362
1362
1361
1361
1361
1361
1361
1361
1361
1361
1361
1361
1361
1361
1361
1361
1361
1361
1361
1360
1360
1360
1360
1360
1360
1360
1360
1360
1360
1360
1360
1360
1360
1360
1359
1359
1359
1359
1359
1359
1359
1359
1359
1359
1359
1359
1359
1359
1359
1359
1359
1358
1358
1358
1358
1358
1358
1358
1358
1358
1358
1358
1358
1358
1358
1358
1358
1358
1358
1357
1357
1357
1357
1357
1357
1357
1357
1357
1357
1357
1357
1357
1357
1357
1357
1357
1357
1357
1357
1357
1357
1357
1356
1356
1356
1356
1356
1356
1356
1356
1356
1356
1356
1356
1356
1355
1355
1355
1355
1355
1355
1355
1355
1355
1355
1355
1355
1355
1355
1355
1355
1355
1355
1355
1355
1354
1354
1354
1354
1354
1354
1354
1354
1354
1354
1354
1354
1354
1353
1353
1353
1353
1353
1353
1353
1353
1353
1353
1353
1353
1353
1353
1353
1353
1353
1353
1353
1353
1353
1353
1353
1353
1352
1352
1352
1352
1352
1352
1352
1352
1352
1352
1352
1352
1352
1352
1352
1352
1352
1352
1351
1351
1351
1351
1351
1351
1351
1351
1351
1351
1351
1351
1351
1351
1351
1351
1351
1351
1351
1351
1351
1351
1351
1351
1351
1350
1350
1350
1350
1350
1350
1350
1350
1350
1350
1350
1350
1350
1350
1350
1350
1350
1350
1350
1350
1350
1349
1349
1349
1349
1349
1349
1349
1349
1349
1349
1349
1349
1349
1349
1349
1349
1349
1349
1349
1349
1349
1348
1348
1348
1348
1348
1348
1348
1348
1348
1348
1348
1348
1348
1348
1348
1348
1348
1347
1347
1347
1347
1347
1347
1347
1347
1347
1347
1347
1347
1347
1347
1347
1347
1347
1347
1346
1346
1346
1346
1346
1346
1346
1346
1346
1346
1346
1346
1346
1346
1346
1346
1346
1346
1346
1345
1345
1345
1345
1345
1345
1345
1345
1345
1345
1345
1345
1344
1344
1344
1344
1344
1344
1344
1344
1344
1343
1343
1343
1343
1343
1343
1343
1343
1343
1343
1343
1343
1343
1342
1342
1342
1342
1342
1342
1342
1342
1342
1342
1342
1342
1342
1342
1342
1342
1342
1342
1342
1341
1341
1341
1341
1341
1341
1341
1341
1341
1341
1341
1341
1341
1341
1341
1341
1341
1341
1341
1341
1341
1341
1341
1341
1340
1340
1340
1340
1340
1340
1340
1340
1340
1340
1340
1340
1340
1340
1339
1339
1339
1339
1339
1339
1339
1339
1339
1339
1339
1339
1339
1339
1339
1339
1339
1339
1338
1338
1338
1338
1338
1338
1338
1338
1338
1338
1338
1338
1338
1338
1338
1338
1338
1338
1337
1337
1337
1337
1337
1337
1337
1337
1337
1337
1337
1337
1337
1337
1336
1336
1336
1336
1336
1336
1336
1336
1336
1336
1336
1336
1336
1336
1336
1336
1336
1336
1336
1336
1336
1336
1336
1335
1335
1335
1335
1335
1335
1335
1335
1335
1335
1335
1335
1335
1335
1335
1335
1335
1335
1335
1335
1335
1335
1335
1335
1334
1334
1334
1334
1334
1334
1334
1334
1334
1334
1334
1334
1334
1334
1334
1334
1334
1334
1334
1334
1333
1333
1333
1333
1333
1333
1333
1333
1333
1333
1333
1333
1333
1333
1333
1333
1333
1333
1333
1333
1333
1332
1332
1332
1332
1332
1332
1332
1332
1332
1332
1332
1332
1332
1332
1332
1332
1332
1332
1331
1331
1331
1331
1331
1331
1331
1331
1331
1331
1331
1331
1331
1331
1331
1331
1331
1331
1331
1331
1331
1330
1330
1330
1330
1330
1330
1330
1330
1330
1330
1330
1330
1330
1330
1330
1330
1330
1330
1330
1330
1330
1329
1329
1329
1329
1329
1329
1329
1329
1329
1329
1329
1329
1329
1329
1329
1328
1328
1328
1328
1328
1328
1328
1328
1328
1328
1328
1328
1328
1328
1328
1328
1328
1328
1328
1327
1327
1327
1327
1327
1327
1327
1327
1327
1327
1327
1327
1327
1327
1327
1327
1327
1327
1326
1326
1326
1326
1326
1326
1326
1326
1326
1326
1326
1326
1326
1326
1326
1326
1326
1326
1325
1325
1325
1325
1325
1325
1325
1325
1325
1325
1325
1325
1325
1325
1325
1325
1324
1324
1324
1324
1324
1324
1324
1324
1324
1324
1324
1324
1324
1324
1324
1324
1324
1324
1324
1324
1324
1324
1324
1324
1323
1323
1323
1323
1323
1323
1323
1323
1323
1323
1323
1323
1323
1323
1323
1323
1323
1323
1323
1323
1322
1322
1322
1322
1322
1322
1322
1322
1322
1322
1322
1322
1322
1322
1322
1322
1322
1322
1322
1322
1322
1322
1322
1322
1322
1322
1321
1321
1321
1321
1321
1321
1321
1321
1321
1321
1321
1321
1321
1321
1321
1321
1320
1320
1320
1320
1320
1320
1320
1320
1320
1320
1320
1320
1320
1320
1320
1320
1320
1320
1319
1319
1319
1319
1319
1319
1319
1319
1319
1319
1319
1319
1319
1319
1319
1319
1319
1319
1319
1319
1318
1318
1318
1318
1318
1318
1318
1318
1318
1318
1318
1318
1318
1318
1318
1318
1318
1318
1318
1318
1318
1318
1318
1318
1317
1317
1317
1317
1317
1317
1317
1317
1317
1317
1317
1317
1317
1317
1317
1317
1317
1317
1317
1317
1316
1316
1316
1316
1316
1316
1316
1316
1316
1316
1316
1316
1316
1316
1316
1315
1315
1315
1315
1315
1315
1315
1315
1315
1315
1315
1315
1315
1315
1315
1315
1315
1315
1315
1315
1314
1314
1314
1314
1314
1314
1314
1314
1314
1314
1314
1314
1314
1314
1314
1314
1314
1314
1314
1314
1313
1313
1313
1313
1313
1313
1313
1313
1313
1313
1313
1313
1313
1313
1313
1313
1313
1313
1313
1313
1312
1312
1312
1312
1312
1312
1312
1312
1312
1312
1312
1312
1311
1311
1311
1311
1311
1311
1311
1311
1311
1311
1311
1311
1311
1311
1311
1311
1311
1311
1311
1311
1311
1311
1311
1311
1311
1310
1310
1310
1310
1310
1310
1310
1310
1310
1310
1310
1310
1310
1309
1309
1309
1309
1309
1309
1309
1309
1309
1309
1309
1309
1309
1309
1309
1309
1309
1309
1309
1308
1308
1308
1308
1308
1308
1308
1308
1308
1308
1308
1308
1308
1308
1308
1308
1308
1308
1307
1307
1307
1307
1307
1307
1307
1307
1307
1307
1307
1307
1307
1307
1307
1307
1307
1307
1307
1307
1307
1307
1307
1307
1307
1307
1306
1306
1306
1306
1306
1306
1306
1306
1306
1306
1306
1306
1306
1306
1306
1306
1306
1306
1306
1305
1305
1305
1305
1305
1305
1305
1305
1305
1305
1305
1305
1305
1305
1305
1305
1305
1305
1305
1304
1304
1304
1304
1304
1304
1304
1304
1304
1304
1304
1304
1304
1304
1303
1303
1303
1303
1303
1303
1303
1303
1303
1303
1303
1303
1303
1303
1303
1303
1303
1303
1303
1303
1303
1303
1303
1303
1303
1303
1302
1302
1302
1302
1302
1302
1302
1302
1302
1302
1302
1302
1302
1302
1302
1302
1302
1302
1302
1301
1301
1301
1301
1301
1301
1301
1301
1301
1301
1301
1301
1301
1301
1301
1301
1301
1301
1300
1300
1300
1300
1300
1300
1300
1300
1300
1300
1300
1300
1300
1300
1300
1300
1300
1300
1300
1300
1300
1299
1299
1299
1299
1299
1299
1299
1299
1299
1299
1299
1299
1299
1299
1299
1298
1298
1298
1298
1298
1298
1298
1298
1298
1298
1298
1298
1298
1298
1298
1298
1298
1298
1297
1297
1297
1297
1297
1297
1297
1297
1297
1297
1297
1297
1297
1297
1297
1297
1297
1297
1297
1297
1297
1297
1297
1297
1296
1296
1296
1296
1296
1296
1296
1296
1296
1296
1296
1296
1296
1296
1296
1295
1295
1295
1295
1295
1295
1295
1295
1295
1295
1295
1295
1295
1295
1295
1295
1295
1295
1295
1295
1295
1294
1294
1294
1294
1294
1294
1294
1294
1294
1294
1294
1294
1294
1294
1294
1294
1294
1294
1294
1294
1294
1293
1293
1293
1293
1293
1293
1293
1293
1293
1293
1293
1293
1293
1292
1292
1292
1292
1292
1292
1292
1292
1292
1292
1292
1292
1292
1292
1292
1291
1291
1291
1291
1291
1291
1291
1291
1291
1291
1291
1291
1291
1291
1291
1291
1291
1291
1291
1291
1291
1291
1291
1291
1291
1291
1291
1291
1290
1290
1290
1290
1290
1290
1290
1290
1290
1290
1290
1290
1290
1290
1290
1290
1290
1290
1290
1290
1290
1290
1289
1289
1289
1289
1289
1289
1289
1289
1289
1289
1289
1289
1289
1289
1289
1289
1289
1288
1288
1288
1288
1288
1288
1288
1288
1288
1288
1288
1288
1288
1288
1288
1288
1288
1288
1288
1288
1288
1288
1288
1288
1288
1287
1287
1287
1287
1287
1287
1287
1287
1287
1287
1287
1287
1287
1287
1287
1287
1287
1287
1287
1287
1287
1287
1287
1287
1286
1286
1286
1286
1286
1286
1286
1286
1286
1286
1286
1286
1286
1286
1286
1285
1285
1285
1285
1285
1285
1285
1285
1285
1285
1285
1285
1285
1285
1285
1285
1285
1285
1285
1285
1285
1285
1285
1285
1284
1284
1284
1284
1284
1284
1284
1284
1284
1284
1284
1284
1284
1284
1284
1284
1284
1284
1283
1283
1283
1283
1283
1283
1283
1283
1283
1283
1283
1283
1283
1283
1283
1283
1283
1283
1283
1283
1283
1283
1283
1283
1283
1282
1282
1282
1282
1282
1282
1282
1282
1282
1282
1282
1282
1282
1281
1281
1281
1281
1281
1281
1281
1281
1281
1281
1281
1281
1281
1281
1281
1281
1281
1281
1281
1280
1280
1280
1280
1280
1280
1280
1280
1280
1280
1280
1280
1280
1280
1280
1280
1280
1280
1280
1280
1280
1280
1280
1280
1280
1279
1279
1279
1279
1279
1279
1279
1279
1279
1279
1279
1279
1279
1279
1279
1279
1279
1279
1279
1279
1278
1278
1278
1278
1278
1278
1278
1278
1278
1278
1278
1278
1278
1278
1278
1278
1278
1278
1278
1278
1278
1278
1278
1277
1277
1277
1277
1277
1277
1277
1277
1277
1277
1277
1277
1277
1277
1277
1277
1277
1276
1276
1276
1276
1276
1276
1276
1276
1276
1276
1276
1275
1275
1275
1275
1275
1275
1275
1275
1275
1275
1275
1275
1275
1275
1275
1275
1275
1275
1275
1275
1274
1274
1274
1274
1274
1274
1274
1274
1274
1274
1274
1274
1274
1274
1274
1274
1274
1274
1274
1274
1274
1273
1273
1273
1273
1273
1273
1273
1273
1273
1273
1273
1273
1273
1273
1273
1273
1273
1273
1273
1273
1273
1273
1273
1273
1273
1273
1272
1272
1272
1272
1272
1272
1272
1272
1272
1272
1272
1272
1272
1272
1272
1272
1271
1271
1271
1271
1271
1271
1271
1271
1271
1271
1271
1271
1271
1271
1271
1270
1270
1270
1270
1270
1270
1270
1270
1270
1270
1270
1270
1270
1270
1270
1270
1269
1269
1269
1269
1269
1269
1269
1269
1269
1269
1269
1269
1269
1269
1268
1268
1268
1268
1268
1268
1268
1268
1268
1268
1268
1268
1268
1268
1268
1268
1268
1268
1268
1268
1268
1267
1267
1267
1267
1267
1267
1267
1267
1267
1267
1267
1267
1267
1267
1267
1267
1267
1267
1267
1267
1267
1267
1267
1267
1266
1266
1266
1266
1266
1266
1266
1266
1266
1266
1266
1266
1265
1265
1265
1265
1265
1265
1265
1265
1265
1265
1265
1265
1265
1265
1265
1265
1265
1265
1265
1265
1265
1265
1265
1265
1265
1264
1264
1264
1264
1264
1264
1264
1264
1264
1264
1264
1264
1264
1264
1264
1264
1264
1264
1264
1264
1264
1264
1264
1264
1264
1263
1263
1263
1263
1263
1263
1263
1263
1263
1263
1263
1263
1263
1263
1263
1263
1263
1263
1263
1263
1263
1263
1263
1263
1263
1263
1263
1262
1262
1262
1262
1262
1262
1262
1262
1262
1262
1262
1262
1262
1262
1262
1262
1262
1262
1261
1261
1261
1261
1261
1261
1261
1261
1261
1261
1261
1261
1261
1261
1261
1261
1261
1261
1261
1261
1261
1261
1261
1261
1261
1261
1261
1260
1260
1260
1260
1260
1260
1260
1260
1260
1260
1260
1260
1260
1260
1260
1260
1260
1260
1260
1260
1260
1260
1259
1259
1259
1259
1259
1259
1259
1259
1259
1259
1259
1259
1259
1259
1259
1259
1259
1259
1259
1259
1259
1259
1259
1259
1259
1259
1259
1259
1259
1258
1258
1258
1258
1258
1258
1258
1258
1258
1258
1258
1258
1258
1258
1258
1258
1258
1257
1257
1257
1257
1257
1257
1257
1257
1257
1257
1257
1257
1257
1257
1257
1257
1257
1257
1257
1257
1257
1257
1257
1257
1257
1256
1256
1256
1256
1256
1256
1256
1256
1256
1256
1256
1256
1256
1256
1256
1256
1256
1256
1256
1256
1256
1256
1256
1255
1255
1255
1255
1255
1255
1255
1255
1255
1255
1255
1255
1255
1255
1255
1255
1255
1255
1255
1255
1254
1254
1254
1254
1254
1254
1254
1254
1254
1254
1254
1254
1254
1254
1254
1254
1254
1254
1254
1254
1254
1254
1254
1254
1254
1253
1253
1253
1253
1253
1253
1253
1253
1253
1253
1253
1253
1253
1253
1253
1253
1253
1253
1253
1253
1252
1252
1252
1252
1252
1252
1252
1252
1252
1252
1252
1252
1252
1252
1252
1252
1251
1251
1251
1251
1251
1251
1251
1251
1251
1251
1251
1251
1251
1251
1251
1251
1251
1251
1251
1251
1251
1251
1250
1250
1250
1250
1250
1250
1250
1250
1250
1250
1250
1250
1250
1250
1250
1250
1250
1250
1250
1250
1250
1250
1250
1250
1250
1250
1250
1250
1250
1250
1249
1249
1249
1249
1249
1249
1249
1249
1249
1249
1249
1249
1249
1249
1249
1249
1249
1249
1249
1249
1248
1248
1248
1248
1248
1248
1248
1248
1248
1248
1248
1248
1248
1248
1248
1248
1247
1247
1247
1247
1247
1247
1247
1247
1247
1247
1247
1247
1247
1247
1247
1247
1247
1247
1247
1246
1246
1246
1246
1246
1246
1246
1246
1246
1246
1246
1246
1246
1246
1246
1246
1246
1246
1246
1246
1246
1245
1245
1245
1245
1245
1245
1245
1245
1245
1245
1245
1245
1245
1245
1244
1244
1244
1244
1244
1244
1244
1244
1244
1244
1244
1244
1244
1244
1244
1244
1244
1244
1244
1243
1243
1243
1243
1243
1243
1243
1243
1243
1243
1243
1243
1243
1243
1243
1243
1243
1243
1243
1243
1243
1243
1242
1242
1242
1242
1242
1242
1242
1242
1242
1242
1242
1242
1242
1242
1242
1242
1242
1242
1242
1242
1242
1242
1242
1241
1241
1241
1241
1241
1241
1241
1241
1241
1241
1241
1241
1241
1241
1241
1241
1241
1241
1241
1241
1240
1240
1240
1240
1240
1240
1240
1240
1240
1240
1240
1240
1240
1240
1240
1240
1239
1239
1239
1239
1239
1239
1239
1239
1239
1239
1239
1239
1239
1239
1239
1239
1239
1239
1238
1238
1238
1238
1238
1238
1238
1238
1238
1238
1238
1238
1238
1238
1238
1238
1238
1238
1238
1238
1238
1238
1237
1237
1237
1237
1237
1237
1237
1237
1237
1237
1237
1237
1237
1237
1237
1236
1236
1236
1236
1236
1236
1236
1236
1236
1236
1236
1236
1236
1236
1236
1236
1236
1236
1236
1236
1235
1235
1235
1235
1235
1235
1235
1235
1235
1235
1235
1235
1235
1235
1235
1235
1235
1235
1235
1235
1235
1234
1234
1234
1234
1234
1234
1234
1234
1234
1234
1234
1234
1234
1234
1234
1234
1234
1234
1234
1234
1234
1234
1233
1233
1233
1233
1233
1233
1233
1233
1233
1233
1233
1233
1233
1233
1233
1233
1233
1233
1233
1233
1233
1233
1233
1233
1232
1232
1232
1232
1232
1232
1232
1232
1232
1232
1232
1232
1232
1232
1232
1232
1232
1232
1232
1232
1232
1231
1231
1231
1231
1231
1231
1231
1231
1231
1231
1231
1231
1231
1231
1231
1231
1231
1231
1231
1231
1231
1231
1230
1230
1230
1230
1230
1230
1230
1230
1230
1230
1230
1230
1230
1230
1230
1230
1230
1230
1230
1230
1230
1230
1230
1230
1229
1229
1229
1229
1229
1229
1229
1229
1229
1229
1229
1229
1229
1229
1229
1229
1229
1229
1229
1229
1229
1229
1229
1229
1229
1229
1228
1228
1228
1228
1228
1228
1228
1228
1228
1228
1228
1228
1228
1228
1228
1228
1228
1228
1228
1228
1228
1228
1228
1228
1228
1228
1227
1227
1227
1227
1227
1227
1227
1227
1227
1227
1227
1227
1227
1227
1227
1227
1227
1227
1227
1227
1227
1227
1226
1226
1226
1226
1226
1226
1226
1226
1226
1226
1226
1226
1226
1226
1226
1226
1226
1226
1226
1226
1226
1226
1225
1225
1225
1225
1225
1225
1225
1225
1225
1225
1225
1225
1225
1225
1225
1225
1225
1225
1225
1225
1224
1224
1224
1224
1224
1224
1224
1224
1224
1224
1224
1224
1224
1224
1224
1224
1224
1224
1224
1224
1224
1223
1223
1223
1223
1223
1223
1223
1223
1223
1223
1223
1223
1223
1223
1223
1223
1223
1223
1223
1223
1223
1223
1223
1223
1223
1223
1223
1223
1223
1222
1222
1222
1222
1222
1222
1222
1222
1222
1222
1222
1222
1222
1222
1222
1222
1222
1222
1222
1222
1222
1222
1222
1222
1222
1222
1222
1222
1222
1222
1221
1221
1221
1221
1221
1221
1221
1221
1221
1221
1221
1221
1221
1221
1221
1221
1221
1221
1221
1221
1221
1220
1220
1220
1220
1220
1220
1220
1220
1220
1220
1220
1220
1220
1220
1220
1220
1220
1220
1220
1220
1219
1219
1219
1219
1219
1219
1219
1219
1219
1219
1219
1219
1219
1219
1219
1219
1219
1219
1219
1219
1219
1219
1219
1219
1219
1218
1218
1218
1218
1218
1218
1218
1218
1218
1218
1218
1218
1218
1218
1218
1218
1218
1218
1218
1218
1218
1218
1218
1218
1218
1218
1218
1218
1217
1217
1217
1217
1217
1217
1217
1217
1217
1217
1217
1217
1217
1217
1217
1217
1217
1217
1217
1217
1217
1217
1217
1217
1217
1216
1216
1216
1216
1216
1216
1216
1216
1216
1216
1216
1216
1216
1216
1216
1216
1216
1216
1216
1216
1216
1216
1216
1216
1215
1215
1215
1215
1215
1215
1215
1215
1215
1215
1215
1215
1215
1215
1215
1215
1215
1215
1215
1215
1215
1215
1214
1214
1214
1214
1214
1214
1214
1214
1214
1214
1214
1214
1214
1214
1214
1214
1214
1214
1214
1214
1214
1214
1213
1213
1213
1213
1213
1213
1213
1213
1213
1213
1213
1213
1213
1213
1213
1213
1213
1213
1213
1213
1213
1213
1213
1213
1213
1213
1213
1213
1213
1213
1212
1212
1212
1212
1212
1212
1212
1212
1212
1212
1212
1212
1212
1212
1212
1212
1212
1212
1212
1212
1212
1212
1212
1212
1212
1212
1212
1211
1211
1211
1211
1211
1211
1211
1211
1211
1211
1211
1211
1211
1211
1211
1211
1211
1211
1211
1211
1211
1210
1210
1210
1210
1210
1210
1210
1210
1210
1210
1210
1210
1210
1210
1210
1210
1210
1210
1210
1210
1210
1210
1210
1210
1210
1210
1210
1210
1210
1210
1209
1209
1209
1209
1209
1209
1209
1209
1209
1209
1209
1209
1209
1209
1209
1209
1209
1209
1209
1208
1208
1208
1208
1208
1208
1208
1208
1208
1208
1208
1208
1208
1208
1208
1208
1208
1208
1208
1208
1208
1208
1208
1208
1208
1207
1207
1207
1207
1207
1207
1207
1207
1207
1207
1207
1207
1207
1207
1207
1207
1207
1207
1207
1207
1207
1207
1207
1207
1206
1206
1206
1206
1206
1206
1206
1206
1206
1206
1206
1206
1206
1206
1206
1206
1206
1206
1206
1206
1205
1205
1205
1205
1205
1205
1205
1205
1205
1205
1205
1205
1205
1205
1205
1205
1205
1205
1205
1205
1205
1204
1204
1204
1204
1204
1204
1204
1204
1204
1204
1204
1204
1204
1204
1204
1204
1204
1204
1204
1204
1204
1204
1204
1204
1204
1204
1204
1203
1203
1203
1203
1203
1203
1203
1203
1203
1203
1203
1203
1203
1203
1203
1202
1202
1202
1202
1202
1202
1202
1202
1202
1202
1202
1202
1202
1202
1202
1202
1202
1202
1202
1202
1202
1202
1201
1201
1201
1201
1201
1201
1201
1201
1201
1201
1201
1201
1201
1201
1201
1201
1201
1201
1201
1201
1200
1200
1200
1200
1200
1200
1200
1200
1200
1200
1200
1200
1200
1200
1200
1200
1200
1200
1200
1200
1199
1199
1199
1199
1199
1199
1199
1199
1199
1199
1199
1199
1199
1199
1199
1199
1199
1199
1199
1199
1199
1199
1199
1198
1198
1198
1198
1198
1198
1198
1198
1198
1198
1198
1198
1198
1198
1198
1198
1198
1198
1198
1198
1198
1198
1197
1197
1197
1197
1197
1197
1197
1197
1197
1197
1197
1197
1197
1197
1197
1197
1197
1197
1197
1197
1197
1197
1197
1197
1196
1196
1196
1196
1196
1196
1196
1196
1196
1196
1196
1196
1196
1196
1196
1196
1196
1196
1196
1196
1196
1196
1196
1195
1195
1195
1195
1195
1195
1195
1195
1195
1195
1195
1195
1195
1195
1195
1195
1195
1195
1195
1195
1195
1195
1195
1195
1194
1194
1194
1194
1194
1194
1194
1194
1194
1194
1194
1194
1194
1194
1194
1194
1194
1194
1194
1194
1194
1194
1194
1194
1193
1193
1193
1193
1193
1193
1193
1193
1193
1193
1193
1193
1193
1193
1193
1193
1193
1193
1193
1193
1193
1193
1193
1192
1192
1192
1192
1192
1192
1192
1192
1192
1192
1192
1192
1192
1192
1192
1192
1192
1192
1192
1191
1191
1191
1191
1191
1191
1191
1191
1191
1191
1191
1191
1191
1191
1191
1191
1191
1191
1191
1191
1191
1191
1191
1191
1190
1190
1190
1190
1190
1190
1190
1190
1190
1190
1190
1190
1190
1190
1190
1190
1190
1190
1190
1190
1190
1190
1189
1189
1189
1189
1189
1189
1189
1189
1189
1189
1189
1189
1189
1189
1189
1189
1189
1189
1189
1189
1189
1189
1189
1189
1189
1189
1189
1189
1189
1188
1188
1188
1188
1188
1188
1188
1188
1188
1188
1188
1188
1188
1188
1188
1188
1188
1188
1188
1188
1188
1188
1188
1188
1187
1187
1187
1187
1187
1187
1187
1187
1187
1187
1187
1187
1187
1187
1187
1187
1187
1187
1187
1187
1186
1186
1186
1186
1186
1186
1186
1186
1186
1186
1186
1186
1186
1185
1185
1185
1185
1185
1185
1185
1185
1185
1185
1185
1185
1185
1185
1185
1185
1184
1184
1184
1184
1184
1184
1184
1184
1184
1184
1184
1184
1183
1183
1183
1183
1183
1183
1183
1183
1183
1183
1183
1183
1183
1183
1183
1183
1183
1183
1182
1182
1182
1182
1182
1182
1182
1182
1182
1182
1182
1182
1182
1182
1182
1182
1182
1182
1182
1182
1182
1182
1182
1182
1182
1182
1181
1181
1181
1181
1181
1181
1181
1181
1181
1181
1181
1181
1181
1181
1181
1181
1181
1181
1181
1181
1181
1181
1181
1181
1181
1181
1180
1180
1180
1180
1180
1180
1180
1180
1180
1180
1180
1180
1180
1180
1180
1180
1180
1180
1180
1180
1180
1179
1179
1179
1179
1179
1179
1179
1179
1179
1179
1179
1179
1179
1179
1179
1179
1179
1179
1179
1179
1179
1178
1178
1178
1178
1178
1178
1178
1178
1178
1178
1178
1178
1178
1178
1178
1178
1178
1178
1178
1178
1178
1178
1178
1178
1178
1178
1177
1177
1177
1177
1177
1177
1177
1177
1177
1177
1177
1177
1177
1177
1177
1177
1177
1177
1177
1177
1177
1177
1177
1177
1177
1177
1177
1177
1177
1177
1176
1176
1176
1176
1176
1176
1176
1176
1176
1176
1176
1176
1176
1176
1176
1176
1176
1176
1176
1176
1176
1176
1175
1175
1175
1175
1175
1175
1175
1175
1175
1175
1175
1175
1175
1175
1175
1175
1175
1175
1175
1175
1175
1175
1175
1175
1175
1175
1175
1175
1175
1175
1175
1175
1174
1174
1174
1174
1174
1174
1174
1174
1174
1174
1174
1174
1174
1174
1174
1174
1174
1174
1174
1174
1174
1174
1173
1173
1173
1173
1173
1173
1173
1173
1173
1173
1173
1173
1173
1173
1173
1173
1173
1172
1172
1172
1172
1172
1172
1172
1172
1172
1172
1172
1172
1172
1172
1172
1172
1172
1172
1172
1172
1172
1172
1171
1171
1171
1171
1171
1171
1171
1171
1171
1171
1171
1171
1171
1171
1171
1171
1171
1171
1171
1171
1171
1171
1171
1170
1170
1170
1170
1170
1170
1170
1170
1170
1170
1170
1170
1170
1170
1170
1170
1170
1170
1170
1170
1170
1170
1170
1170
1170
1170
1170
1170
1170
1170
1169
1169
1169
1169
1169
1169
1169
1169
1169
1169
1169
1169
1169
1169
1169
1169
1169
1169
1169
1169
1169
1169
1169
1169
1168
1168
1168
1168
1168
1168
1168
1168
1168
1168
1168
1168
1168
1168
1168
1168
1168
1168
1168
1168
1167
1167
1167
1167
1167
1167
1167
1167
1167
1167
1167
1167
1167
1167
1167
1167
1167
1167
1167
1167
1167
1167
1167
1167
1166
1166
1166
1166
1166
1166
1166
1166
1166
1166
1166
1166
1166
1166
1166
1166
1166
1166
1166
1166
1166
1166
1166
1166
1166
1166
1166
1166
1165
1165
1165
1165
1165
1165
1165
1165
1165
1165
1165
1165
1165
1165
1165
1165
1165
1165
1165
1165
1165
1165
1165
1165
1165
1165
1164
1164
1164
1164
1164
1164
1164
1164
1164
1164
1164
1164
1164
1164
1164
1164
1164
1164
1164
1164
1164
1164
1164
1164
1164
1163
1163
1163
1163
1163
1163
1163
1163
1163
1163
1163
1163
1163
1163
1163
1163
1163
1163
1163
1162
1162
1162
1162
1162
1162
1162
1162
1162
1162
1162
1162
1162
1162
1162
1162
1162
1162
1162
1162
1162
1162
1162
1162
1161
1161
1161
1161
1161
1161
1161
1161
1161
1161
1161
1161
1161
1161
1161
1161
1161
1161
1161
1160
1160
1160
1160
1160
1160
1160
1160
1160
1160
1160
1160
1160
1160
1160
1160
1160
1160
1160
1160
1159
1159
1159
1159
1159
1159
1159
1159
1159
1159
1159
1159
1159
1159
1159
1159
1159
1159
1159
1159
1159
1159
1159
1158
1158
1158
1158
1158
1158
1158
1158
1158
1158
1158
1158
1158
1158
1158
1158
1158
1158
1158
1158
1158
1158
1158
1157
1157
1157
1157
1157
1157
1157
1157
1157
1157
1157
1157
1157
1157
1157
1157
1157
1157
1157
1157
1157
1157
1157
1157
1157
1156
1156
1156
1156
1156
1156
1156
1156
1156
1156
1156
1156
1156
1156
1156
1156
1156
1156
1156
1156
1156
1156
1156
1156
1156
1156
1156
1156
1156
1156
1156
1155
1155
1155
1155
1155
1155
1155
1155
1155
1155
1155
1155
1155
1155
1155
1155
1155
1155
1155
1155
1154
1154
1154
1154
1154
1154
1154
1154
1154
1154
1154
1154
1154
1154
1154
1154
1154
1154
1154
1154
1154
1153
1153
1153
1153
1153
1153
1153
1153
1153
1153
1153
1153
1153
1153
1153
1153
1153
1153
1153
1153
1153
1153
1153
1152
1152
1152
1152
1152
1152
1152
1152
1152
1152
1152
1152
1152
1152
1152
1152
1152
1152
1152
1152
1152
1152
1152
1152
1152
1151
1151
1151
1151
1151
1151
1151
1151
1151
1151
1151
1151
1151
1151
1151
1151
1151
1151
1151
1151
1151
1151
1151
1151
1151
1151
1151
1150
1150
1150
1150
1150
1150
1150
1150
1150
1150
1150
1150
1150
1150
1150
1150
1150
1150
1150
1149
1149
1149
1149
1149
1149
1149
1149
1149
1149
1149
1149
1149
1149
1149
1149
1149
1149
1149
1149
1148
1148
1148
1148
1148
1148
1148
1148
1148
1148
1148
1148
1148
1148
1148
1148
1148
1148
1148
1148
1148
1148
1148
1148
1148
1148
1148
1147
1147
1147
1147
1147
1147
1147
1147
1147
1147
1147
1147
1147
1147
1147
1147
1147
1147
1147
1147
1147
1147
1147
1147
1146
1146
1146
1146
1146
1146
1146
1146
1146
1146
1146
1146
1146
1146
1146
1146
1146
1146
1146
1146
1146
1145
1145
1145
1145
1145
1145
1145
1145
1145
1145
1145
1145
1145
1145
1145
1145
1145
1145
1145
1145
1145
1145
1145
1145
1145
1145
1144
1144
1144
1144
1144
1144
1144
1144
1144
1144
1144
1144
1144
1144
1144
1144
1144
1144
1144
1143
1143
1143
1143
1143
1143
1143
1143
1143
1143
1143
1143
1143
1143
1143
1143
1143
1143
1143
1143
1143
1143
1143
1143
1143
1143
1143
1142
1142
1142
1142
1142
1142
1142
1142
1142
1142
1142
1142
1142
1142
1142
1142
1142
1142
1142
1142
1142
1142
1142
1142
1141
1141
1141
1141
1141
1141
1141
1141
1141
1141
1141
1141
1141
1141
1141
1141
1141
1141
1140
1140
1140
1140
1140
1140
1140
1140
1140
1140
1140
1140
1140
1140
1140
1140
1140
1140
1140
1140
1140
1140
1140
1140
1140
1140
1140
1139
1139
1139
1139
1139
1139
1139
1139
1139
1139
1139
1139
1139
1139
1139
1139
1139
1139
1139
1139
1139
1139
1139
1139
1139
1139
1139
1139
1139
1139
1139
1139
1138
1138
1138
1138
1138
1138
1138
1138
1138
1138
1138
1138
1138
1138
1138
1138
1138
1138
1138
1138
1138
1138
1138
1138
1138
1137
1137
1137
1137
1137
1137
1137
1137
1137
1137
1137
1137
1137
1137
1137
1137
1137
1137
1137
1137
1137
1136
1136
1136
1136
1136
1136
1136
1136
1136
1136
1136
1136
1136
1136
1136
1136
1136
1136
1136
1136
1136
1136
1136
1135
1135
1135
1135
1135
1135
1135
1135
1135
1135
1135
1135
1135
1135
1135
1135
1135
1135
1135
1135
1135
1135
1135
1135
1134
1134
1134
1134
1134
1134
1134
1134
1134
1134
1134
1134
1134
1134
1134
1134
1134
1134
1134
1134
1134
1134
1134
1134
1134
1134
1134
1134
1133
1133
1133
1133
1133
1133
1133
1133
1133
1133
1133
1133
1133
1133
1133
1133
1133
1133
1133
1133
1133
1133
1133
1133
1133
1133
1133
1132
1132
1132
1132
1132
1132
1132
1132
1132
1132
1132
1132
1132
1132
1132
1132
1132
1132
1131
1131
1131
1131
1131
1131
1131
1131
1131
1131
1131
1131
1131
1131
1131
1131
1131
1131
1131
1131
1131
1130
1130
1130
1130
1130
1130
1130
1130
1130
1130
1130
1130
1130
1130
1130
1130
1130
1130
1130
1129
1129
1129
1129
1129
1129
1129
1129
1129
1129
1129
1129
1129
1129
1129
1129
1129
1128
1128
1128
1128
1128
1128
1128
1128
1128
1128
1128
1128
1128
1128
1128
1128
1128
1128
1128
1128
1127
1127
1127
1127
1127
1127
1127
1127
1127
1127
1127
1127
1127
1127
1127
1127
1127
1127
1127
1127
1127
1127
1127
1127
1126
1126
1126
1126
1126
1126
1126
1126
1126
1126
1126
1126
1126
1126
1126
1126
1126
1126
1126
1126
1126
1126
1126
1126
1126
1126
1125
1125
1125
1125
1125
1125
1125
1125
1125
1125
1125
1125
1125
1125
1125
1125
1125
1125
1125
1125
1125
1125
1125
1125
1125
1124
1124
1124
1124
1124
1124
1124
1124
1124
1124
1124
1124
1124
1124
1124
1124
1124
1124
1124
1124
1124
1124
1124
1123
1123
1123
1123
1123
1123
1123
1123
1123
1123
1123
1123
1123
1123
1123
1123
1123
1123
1123
1123
1123
1123
1123
1123
1122
1122
1122
1122
1122
1122
1122
1122
1122
1122
1122
1122
1122
1122
1122
1122
1122
1122
1122
1122
1121
1121
1121
1121
1121
1121
1121
1121
1121
1121
1121
1121
1121
1121
1121
1121
1121
1121
1121
1121
1120
1120
1120
1120
1120
1120
1120
1120
1120
1120
1120
1120
1120
1120
1120
1120
1120
1120
1120
1120
1120
1120
1120
1120
1120
1120
1119
1119
1119
1119
1119
1119
1119
1119
1119
1119
1119
1119
1119
1119
1119
1119
1119
1119
1119
1119
1119
1119
1119
1119
1119
1119
1119
1119
1119
1119
1119
1118
1118
1118
1118
1118
1118
1118
1118
1118
1118
1118
1118
1118
1118
1118
1118
1117
1117
1117
1117
1117
1117
1117
1117
1117
1117
1117
1117
1117
1117
1117
1117
1117
1117
1117
1117
1117
1117
1117
1117
1117
1117
1116
1116
1116
1116
1116
1116
1116
1116
1116
1116
1116
1116
1116
1116
1116
1116
1116
1116
1116
1116
1116
1116
1116
1116
1116
1116
1116
1116
1116
1116
1116
1116
1116
1116
1115
1115
1115
1115
1115
1115
1115
1115
1115
1115
1115
1115
1115
1115
1115
1115
1115
1115
1115
1115
1115
1115
1115
1115
1115
1115
1115
1115
1115
1114
1114
1114
1114
1114
1114
1114
1114
1114
1114
1114
1114
1114
1114
1114
1114
1114
1114
1114
1114
1114
1114
1114
1114
1114
1114
1114
1114
1114
1114
1113
1113
1113
1113
1113
1113
1113
1113
1113
1113
1113
1113
1113
1113
1113
1113
1113
1113
1113
1113
1113
1113
1113
1113
1113
1113
1113
1113
1113
1113
1113
1113
1112
1112
1112
1112
1112
1112
1112
1112
1112
1112
1112
1112
1112
1112
1112
1112
1112
1112
1112
1112
1112
1112
1112
1112
1112
1112
1112
1112
1112
1111
1111
1111
1111
1111
1111
1111
1111
1111
1111
1111
1111
1111
1111
1111
1111
1111
1111
1111
1111
1111
1111
1111
1111
1110
1110
1110
1110
1110
1110
1110
1110
1110
1110
1110
1110
1110
1110
1110
1109
1109
1109
1109
1109
1109
1109
1109
1109
1109
1109
1109
1109
1109
1109
1109
1109
1109
1109
1109
1109
1109
1109
1109
1109
1108
1108
1108
1108
1108
1108
1108
1108
1108
1108
1108
1108
1108
1108
1108
1108
1108
1108
1108
1108
1108
1108
1108
1107
1107
1107
1107
1107
1107
1107
1107
1107
1107
1107
1107
1107
1107
1107
1107
1107
1107
1107
1107
1107
1107
1107
1107
1107
1106
1106
1106
1106
1106
1106
1106
1106
1106
1106
1106
1106
1106
1106
1106
1106
1106
1106
1106
1105
1105
1105
1105
1105
1105
1105
1105
1105
1105
1105
1105
1105
1105
1105
1105
1105
1105
1105
1105
1104
1104
1104
1104
1104
1104
1104
1104
1104
1104
1104
1104
1104
1104
1104
1104
1104
1104
1104
1104
1104
1104
1104
1104
1103
1103
1103
1103
1103
1103
1103
1103
1103
1103
1103
1103
1103
1103
1103
1103
1103
1103
1103
1103
1103
1103
1103
1103
1103
1103
1103
1103
1103
1102
1102
1102
1102
1102
1102
1102
1102
1102
1102
1102
1102
1102
1102
1102
1102
1102
1102
1102
1102
1102
1102
1102
1101
1101
1101
1101
1101
1101
1101
1101
1101
1101
1101
1101
1101
1101
1101
1101
1101
1101
1101
1101
1101
1100
1100
1100
1100
1100
1100
1100
1100
1100
1100
1100
1100
1100
1100
1100
1100
1100
1100
1100
1100
1100
1100
1100
1100
1100
1100
1099
1099
1099
1099
1099
1099
1099
1099
1099
1099
1099
1099
1099
1099
1099
1099
1099
1099
1099
1099
1099
1098
1098
1098
1098
1098
1098
1098
1098
1098
1098
1098
1098
1098
1098
1098
1098
1098
1098
1098
1098
1098
1098
1098
1098
1098
1098
1098
1098
1098
1098
1097
1097
1097
1097
1097
1097
1097
1097
1097
1097
1097
1097
1097
1097
1097
1097
1097
1097
1096
1096
1096
1096
1096
1096
1096
1096
1096
1096
1096
1096
1096
1096
1096
1096
1096
1096
1096
1096
1096
1096
1096
1096
1096
1096
1096
1096
1096
1096
1095
1095
1095
1095
1095
1095
1095
1095
1095
1095
1095
1095
1095
1095
1095
1095
1095
1095
1095
1095
1095
1095
1095
1095
1095
1095
1095
1095
1094
1094
1094
1094
1094
1094
1094
1094
1094
1094
1094
1094
1094
1094
1094
1094
1094
1094
1094
1094
1094
1094
1093
1093
1093
1093
1093
1093
1093
1093
1093
1093
1093
1093
1093
1093
1093
1093
1093
1093
1093
1093
1093
1093
1093
1093
1093
1093
1093
1093
1093
1093
1092
1092
1092
1092
1092
1092
1092
1092
1092
1092
1092
1092
1092
1092
1092
1092
1092
1092
1092
1092
1092
1091
1091
1091
1091
1091
1091
1091
1091
1091
1091
1091
1091
1091
1091
1091
1091
1091
1091
1091
1091
1091
1091
1091
1091
1091
1090
1090
1090
1090
1090
1090
1090
1090
1090
1090
1090
1090
1090
1090
1090
1090
1090
1090
1090
1090
1090
1090
1090
1090
1090
1090
1090
1090
1089
1089
1089
1089
1089
1089
1089
1089
1089
1089
1089
1089
1089
1089
1089
1089
1089
1089
1089
1089
1089
1089
1089
1089
1089
1089
1089
1088
1088
1088
1088
1088
1088
1088
1088
1088
1088
1088
1088
1088
1088
1088
1088
1088
1088
1088
1088
1088
1088
1088
1088
1088
1088
1088
1088
1088
1088
1088
1088
1088
1088
1088
1088
1087
1087
1087
1087
1087
1087
1087
1087
1087
1087
1087
1087
1087
1087
1087
1087
1087
1087
1087
1087
1087
1087
1087
1087
1087
1086
1086
1086
1086
1086
1086
1086
1086
1086
1086
1086
1086
1086
1086
1086
1086
1086
1086
1086
1086
1086
1086
1086
1085
1085
1085
1085
1085
1085
1085
1085
1085
1085
1085
1085
1085
1085
1085
1085
1085
1085
1085
1085
1085
1085
1085
1085
1085
1085
1084
1084
1084
1084
1084
1084
1084
1084
1084
1084
1084
1084
1084
1084
1084
1084
1084
1084
1084
1084
1084
1084
1084
1083
1083
1083
1083
1083
1083
1083
1083
1083
1083
1083
1083
1083
1083
1083
1083
1083
1083
1083
1083
1083
1083
1083
1083
1082
1082
1082
1082
1082
1082
1082
1082
1082
1082
1082
1082
1082
1082
1082
1082
1082
1082
1082
1082
1082
1082
1082
1081
1081
1081
1081
1081
1081
1081
1081
1081
1081
1081
1081
1081
1081
1081
1081
1081
1081
1081
1081
1081
1081
1081
1081
1081
1081
1081
1081
1080
1080
1080
1080
1080
1080
1080
1080
1080
1080
1080
1080
1080
1080
1080
1080
1080
1080
1080
1080
1080
1080
1080
1080
1080
1080
1080
1080
1080
1080
1080
1080
1080
1080
1080
1080
1080
1080
1080
1080
1079
1079
1079
1079
1079
1079
1079
1079
1079
1079
1079
1079
1079
1079
1079
1079
1079
1079
1079
1079
1079
1079
1079
1079
1079
1079
1079
1079
1079
1079
1079
1079
1079
1078
1078
1078
1078
1078
1078
1078
1078
1078
1078
1078
1078
1078
1078
1078
1078
1078
1078
1078
1078
1078
1078
1077
1077
1077
1077
1077
1077
1077
1077
1077
1077
1077
1077
1077
1077
1077
1077
1077
1077
1077
1077
1077
1076
1076
1076
1076
1076
1076
1076
1076
1076
1076
1076
1076
1076
1076
1076
1076
1076
1076
1076
1076
1076
1076
1076
1075
1075
1075
1075
1075
1075
1075
1075
1075
1075
1075
1075
1075
1075
1075
1075
1075
1075
1075
1075
1074
1074
1074
1074
1074
1074
1074
1074
1074
1074
1074
1074
1074
1074
1074
1074
1074
1074
1074
1074
1074
1074
1074
1074
1074
1074
1074
1074
1074
1074
1074
1074
1074
1073
1073
1073
1073
1073
1073
1073
1073
1073
1073
1073
1073
1073
1073
1073
1073
1073
1073
1073
1073
1073
1073
1073
1073
1072
1072
1072
1072
1072
1072
1072
1072
1072
1072
1072
1072
1072
1072
1072
1072
1072
1072
1072
1072
1072
1072
1072
1072
1072
1072
1071
1071
1071
1071
1071
1071
1071
1071
1071
1071
1071
1071
1071
1071
1071
1071
1070
1070
1070
1070
1070
1070
1070
1070
1070
1070
1070
1070
1070
1070
1070
1070
1070
1070
1070
1070
1070
1070
1070
1070
1070
1070
1070
1070
1070
1070
1069
1069
1069
1069
1069
1069
1069
1069
1069
1069
1069
1069
1069
1069
1069
1069
1069
1069
1069
1069
1069
1069
1069
1069
1069
1068
1068
1068
1068
1068
1068
1068
1068
1068
1068
1068
1068
1068
1068
1068
1068
1068
1068
1068
1068
1068
1068
1068
1068
1068
1068
1068
1068
1068
1068
1068
1068
1068
1068
1067
1067
1067
1067
1067
1067
1067
1067
1067
1067
1067
1067
1067
1067
1067
1067
1067
1067
1067
1067
1067
1067
1067
1067
1067
1067
1067
1067
1067
1066
1066
1066
1066
1066
1066
1066
1066
1066
1066
1066
1066
1066
1066
1066
1066
1066
1066
1066
1066
1066
1066
1066
1066
1066
1066
1066
1066
1066
1066
1066
1066
1066
1065
1065
1065
1065
1065
1065
1065
1065
1065
1065
1065
1065
1065
1065
1065
1065
1065
1065
1065
1065
1065
1065
1065
1065
1065
1065
1065
1065
1065
1065
1065
1065
1065
1064
1064
1064
1064
1064
1064
1064
1064
1064
1064
1064
1064
1064
1064
1064
1064
1064
1064
1064
1064
1064
1064
1064
1064
1064
1064
1064
1064
1064
1063
1063
1063
1063
1063
1063
1063
1063
1063
1063
1063
1063
1063
1063
1063
1063
1063
1063
1063
1063
1063
1063
1063
1062
1062
1062
1062
1062
1062
1062
1062
1062
1062
1062
1062
1062
1062
1062
1062
1062
1062
1062
1062
1062
1062
1062
1062
1061
1061
1061
1061
1061
1061
1061
1061
1061
1061
1061
1061
1061
1061
1061
1061
1061
1061
1061
1061
1061
1061
1060
1060
1060
1060
1060
1060
1060
1060
1060
1060
1060
1060
1060
1060
1060
1060
1060
1060
1060
1060
1060
1060
1060
1060
1060
1060
1060
1060
1060
1060
1060
1060
1060
1059
1059
1059
1059
1059
1059
1059
1059
1059
1059
1059
1059
1059
1059
1059
1059
1059
1059
1059
1059
1059
1059
1059
1059
1059
1059
1059
1059
1059
1059
1058
1058
1058
1058
1058
1058
1058
1058
1058
1058
1058
1058
1058
1058
1058
1058
1058
1058
1058
1058
1058
1058
1058
1058
1058
1058
1058
1058
1057
1057
1057
1057
1057
1057
1057
1057
1057
1057
1057
1057
1057
1057
1057
1057
1057
1057
1057
1057
1057
1057
1057
1057
1057
1057
1056
1056
1056
1056
1056
1056
1056
1056
1056
1056
1056
1056
1056
1056
1056
1056
1056
1056
1056
1056
1056
1056
1056
1056
1056
1056
1056
1056
1056
1056
1056
1055
1055
1055
1055
1055
1055
1055
1055
1055
1055
1055
1055
1055
1055
1055
1055
1055
1055
1055
1055
1055
1055
1055
1055
1054
1054
1054
1054
1054
1054
1054
1054
1054
1054
1054
1054
1054
1054
1054
1054
1054
1054
1054
1054
1054
1054
1054
1054
1054
1053
1053
1053
1053
1053
1053
1053
1053
1053
1053
1053
1053
1053
1053
1053
1053
1053
1053
1053
1053
1053
1053
1053
1053
1053
1053
1052
1052
1052
1052
1052
1052
1052
1052
1052
1052
1052
1052
1052
1052
1052
1052
1052
1052
1052
1052
1052
1052
1052
1052
1052
1052
1052
1052
1052
1052
1052
1052
1052
1052
1052
1052
1051
1051
1051
1051
1051
1051
1051
1051
1051
1051
1051
1051
1051
1051
1051
1051
1051
1051
1051
1051
1051
1051
1050
1050
1050
1050
1050
1050
1050
1050
1050
1050
1050
1050
1050
1050
1050
1050
1050
1050
1050
1050
1050
1050
1050
1050
1050
1050
1050
1050
1050
1049
1049
1049
1049
1049
1049
1049
1049
1049
1049
1049
1049
1049
1049
1049
1049
1049
1049
1049
1049
1049
1049
1049
1049
1049
1049
1049
1049
1049
1049
1048
1048
1048
1048
1048
1048
1048
1048
1048
1048
1048
1048
1048
1048
1048
1048
1048
1048
1048
1048
1048
1048
1048
1048
1047
1047
1047
1047
1047
1047
1047
1047
1047
1047
1047
1047
1047
1047
1047
1047
1047
1047
1047
1047
1047
1047
1047
1047
1046
1046
1046
1046
1046
1046
1046
1046
1046
1046
1046
1046
1046
1046
1046
1046
1046
1046
1046
1046
1046
1046
1046
1046
1046
1046
1046
1046
1046
1046
1046
1046
1046
1046
1046
1046
1046
1046
1045
1045
1045
1045
1045
1045
1045
1045
1045
1045
1045
1045
1045
1045
1045
1045
1045
1045
1045
1045
1045
1045
1045
1045
1045
1045
1045
1045
1045
1045
1045
1044
1044
1044
1044
1044
1044
1044
1044
1044
1044
1044
1044
1044
1044
1044
1044
1044
1044
1044
1044
1044
1044
1044
1044
1044
1044
1044
1044
1043
1043
1043
1043
1043
1043
1043
1043
1043
1043
1043
1043
1043
1043
1043
1043
1043
1043
1043
1043
1043
1043
1043
1043
1043
1043
1043
1043
1043
1043
1043
1042
1042
1042
1042
1042
1042
1042
1042
1042
1042
1042
1042
1042
1042
1042
1042
1042
1042
1042
1042
1042
1042
1042
1041
1041
1041
1041
1041
1041
1041
1041
1041
1041
1041
1041
1041
1041
1041
1041
1041
1041
1041
1041
1041
1041
1041
1041
1041
1041
1041
1041
1041
1040
1040
1040
1040
1040
1040
1040
1040
1040
1040
1040
1040
1040
1040
1040
1040
1040
1040
1040
1040
1040
1040
1040
1040
1040
1040
1040
1040
1040
1040
1040
1040
1040
1040
1040
1040
1039
1039
1039
1039
1039
1039
1039
1039
1039
1039
1039
1039
1039
1039
1039
1039
1039
1039
1039
1039
1039
1039
1038
1038
1038
1038
1038
1038
1038
1038
1038
1038
1038
1038
1038
1038
1038
1038
1038
1038
1038
1038
1038
1038
1038
1038
1038
1038
1038
1038
1037
1037
1037
1037
1037
1037
1037
1037
1037
1037
1037
1037
1037
1037
1037
1037
1037
1037
1037
1037
1037
1037
1037
1037
1037
1037
1037
1037
1036
1036
1036
1036
1036
1036
1036
1036
1036
1036
1036
1036
1036
1036
1036
1036
1036
1036
1036
1036
1036
1036
1036
1036
1036
1036
1036
1036
1036
1036
1036
1035
1035
1035
1035
1035
1035
1035
1035
1035
1035
1035
1035
1035
1035
1035
1035
1035
1035
1035
1035
1035
1035
1035
1035
1035
1035
1035
1035
1034
1034
1034
1034
1034
1034
1034
1034
1034
1034
1034
1034
1034
1034
1034
1034
1034
1034
1034
1034
1034
1034
1034
1034
1034
1034
1034
1034
1034
1034
1034
1034
1034
1034
1034
1034
1034
1033
1033
1033
1033
1033
1033
1033
1033
1033
1033
1033
1033
1033
1033
1033
1033
1033
1033
1033
1033
1033
1033
1033
1033
1033
1033
1033
1032
1032
1032
1032
1032
1032
1032
1032
1032
1032
1032
1032
1032
1032
1032
1032
1032
1032
1032
1032
1032
1032
1032
1032
1032
1032
1032
1032
1031
1031
1031
1031
1031
1031
1031
1031
1031
1031
1031
1031
1031
1031
1031
1031
1031
1031
1031
1031
1031
1031
1031
1031
1031
1031
1031
1031
1031
1031
1031
1030
1030
1030
1030
1030
1030
1030
1030
1030
1030
1030
1030
1030
1030
1030
1030
1030
1030
1030
1030
1030
1030
1030
1030
1030
1030
1030
1030
1030
1030
1030
1030
1029
1029
1029
1029
1029
1029
1029
1029
1029
1029
1029
1029
1029
1029
1029
1029
1029
1029
1029
1029
1029
1028
1028
1028
1028
1028
1028
1028
1028
1028
1028
1028
1028
1028
1028
1028
1028
1028
1028
1028
1028
1028
1028
1028
1028
1028
1028
1028
1028
1027
1027
1027
1027
1027
1027
1027
1027
1027
1027
1027
1027
1027
1027
1027
1027
1027
1027
1027
1027
1027
1027
1027
1027
1027
1027
1027
1027
1027
1027
1027
1027
1027
1027
1027
1027
1027
1027
1027
1027
1027
1026
1026
1026
1026
1026
1026
1026
1026
1026
1026
1026
1026
1026
1026
1026
1026
1026
1026
1026
1026
1026
1026
1026
1026
1026
1026
1026
1026
1026
1026
1026
1026
1026
1026
1026
1026
1026
1025
1025
1025
1025
1025
1025
1025
1025
1025
1025
1025
1025
1025
1025
1025
1025
1025
1025
1025
1025
1025
1025
1025
1025
1025
1025
1025
1025
1025
1025
1024
1024
1024
1024
1024
1024
1024
1024
1024
1024
1024
1024
1024
1024
1024
1024
1024
1024
1023
1023
1023
1023
1023
1023
1023
1023
1023
1023
1023
1023
1023
1023
1023
1023
1023
1023
1023
1023
1023
1023
1023
1023
1023
1023
1023
1023
1023
1023
1022
1022
1022
1022
1022
1022
1022
1022
1022
1022
1022
1022
1022
1022
1022
1022
1022
1022
1022
1022
1022
1022
1022
1022
1022
1022
1022
1022
1022
1022
1022
1021
1021
1021
1021
1021
1021
1021
1021
1021
1021
1021
1021
1021
1021
1021
1021
1021
1021
1021
1021
1021
1021
1021
1021
1021
1021
1021
1021
1021
1021
1020
1020
1020
1020
1020
1020
1020
1020
1020
1020
1020
1020
1020
1020
1020
1020
1020
1020
1020
1020
1020
1020
1020
1020
1020
1020
1019
1019
1019
1019
1019
1019
1019
1019
1019
1019
1019
1019
1019
1019
1019
1019
1019
1019
1019
1019
1019
1019
1019
1019
1019
1019
1019
1019
1019
1019
1018
1018
1018
1018
1018
1018
1018
1018
1018
1018
1018
1018
1018
1018
1018
1018
1018
1018
1018
1018
1018
1018
1018
1018
1018
1018
1018
1018
1018
1017
1017
1017
1017
1017
1017
1017
1017
1017
1017
1017
1017
1017
1017
1017
1017
1017
1017
1017
1017
1017
1017
1017
1017
1017
1017
1017
1017
1016
1016
1016
1016
1016
1016
1016
1016
1016
1016
1016
1016
1016
1016
1016
1016
1016
1016
1016
1016
1016
1016
1016
1016
1016
1015
1015
1015
1015
1015
1015
1015
1015
1015
1015
1015
1015
1015
1015
1015
1015
1015
1015
1015
1015
1015
1015
1015
1015
1015
1015
1015
1015
1014
1014
1014
1014
1014
1014
1014
1014
1014
1014
1014
1014
1014
1014
1014
1014
1014
1014
1014
1014
1014
1014
1014
1014
1014
1014
1013
1013
1013
1013
1013
1013
1013
1013
1013
1013
1013
1013
1013
1013
1013
1013
1013
1013
1013
1012
1012
1012
1012
1012
1012
1012
1012
1012
1012
1012
1012
1012
1012
1012
1012
1012
1012
1012
1012
1012
1012
1012
1012
1012
1012
1012
1012
1012
1011
1011
1011
1011
1011
1011
1011
1011
1011
1011
1011
1011
1011
1011
1011
1011
1011
1011
1011
1011
1011
1011
1011
1011
1011
1011
1011
1011
1011
1011
1011
1010
1010
1010
1010
1010
1010
1010
1010
1010
1010
1010
1010
1010
1010
1010
1010
1010
1010
1010
1010
1010
1010
1010
1010
1010
1010
1009
1009
1009
1009
1009
1009
1009
1009
1009
1009
1009
1009
1009
1009
1009
1009
1009
1009
1009
1009
1009
1009
1009
1009
1009
1009
1009
1009
1009
1009
1009
1009
1009
1009
1009
1008
1008
1008
1008
1008
1008
1008
1008
1008
1008
1008
1008
1008
1008
1008
1008
1008
1008
1008
1008
1008
1008
1008
1008
1008
1008
1007
1007
1007
1007
1007
1007
1007
1007
1007
1007
1007
1007
1007
1007
1007
1007
1007
1007
1007
1007
1007
1007
1007
1007
1007
1007
1007
1007
1007
1007
1007
1007
1007
1006
1006
1006
1006
1006
1006
1006
1006
1006
1006
1006
1006
1006
1006
1006
1006
1006
1006
1006
1006
1006
1006
1006
1006
1006
1006
1006
1006
1006
1006
1005
1005
1005
1005
1005
1005
1005
1005
1005
1005
1005
1005
1005
1005
1005
1005
1005
1005
1005
1005
1005
1005
1005
1005
1005
1004
1004
1004
1004
1004
1004
1004
1004
1004
1004
1004
1004
1004
1004
1004
1004
1004
1004
1004
1004
1004
1004
1004
1004
1003
1003
1003
1003
1003
1003
1003
1003
1003
1003
1003
1003
1003
1003
1003
1003
1003
1003
1003
1003
1003
1003
1003
1003
1003
1003
1003
1003
1003
1003
1003
1003
1003
1003
1003
1003
1003
1003
1002
1002
1002
1002
1002
1002
1002
1002
1002
1002
1002
1002
1002
1002
1002
1002
1002
1002
1002
1002
1002
1002
1002
1001
1001
1001
1001
1001
1001
1001
1001
1001
1001
1001
1001
1001
1001
1001
1001
1001
1001
1001
1001
1001
1001
1001
1001
1001
1001
1001
1001
1001
1001
1001
1001
1001
1001
1001
1001
1000
1000
1000
1000
1000
1000
1000
1000
1000
1000
1000
1000
1000
1000
1000
1000
1000
1000
1000
1000
1000
1000
1000
1000
1000
1000
1000
1000
1000
1000
1000
1000
1000
999
999
999
999
999
999
999
999
999
999
999
999
999
999
999
999
999
999
999
999
999
999
999
999
999
999
999
999
999
998
998
998
998
998
998
998
998
998
998
998
998
998
998
998
998
998
998
998
998
998
998
998
998
998
998
998
998
998
998
998
998
998
998
998
998
998
998
998
998
997
997
997
997
997
997
997
997
997
997
997
997
997
997
997
997
997
997
997
997
997
997
997
997
997
997
997
997
997
997
997
997
996
996
996
996
996
996
996
996
996
996
996
996
996
996
996
996
996
996
996
996
996
996
996
996
996
996
996
996
996
995
995
995
995
995
995
995
995
995
995
995
995
995
995
995
995
995
995
995
995
995
995
995
995
995
995
995
995
994
994
994
994
994
994
994
994
994
994
994
994
994
994
994
994
994
994
994
994
994
994
994
994
994
994
994
994
993
993
993
993
993
993
993
993
993
993
993
993
993
993
993
993
993
993
993
993
993
993
993
993
993
993
993
993
993
993
993
993
993
993
993
993
993
993
993
993
993
993
993
992
992
992
992
992
992
992
992
992
992
992
992
992
992
992
992
992
992
992
992
992
992
992
992
992
992
992
992
992
992
992
992
991
991
991
991
991
991
991
991
991
991
991
991
991
991
991
991
991
991
991
991
991
991
991
991
991
991
991
991
991
991
991
991
991
991
990
990
990
990
990
990
990
990
990
990
990
990
990
990
990
990
990
990
990
990
990
990
990
990
990
990
990
990
990
990
990
990
990
989
989
989
989
989
989
989
989
989
989
989
989
989
989
989
989
989
989
989
989
989
989
989
989
989
989
989
989
989
989
989
989
989
988
988
988
988
988
988
988
988
988
988
988
988
988
988
988
988
988
988
988
988
988
988
988
988
988
988
988
988
988
987
987
987
987
987
987
987
987
987
987
987
987
987
987
987
987
987
987
987
987
987
987
987
987
987
987
987
987
987
987
987
987
986
986
986
986
986
986
986
986
986
986
986
986
986
986
986
986
986
986
986
986
986
986
986
986
986
986
986
986
986
986
986
986
986
986
986
986
986
985
985
985
985
985
985
985
985
985
985
985
985
985
985
985
985
985
985
985
985
985
985
985
985
985
985
985
985
985
985
985
985
984
984
984
984
984
984
984
984
984
984
984
984
984
984
984
984
984
984
984
984
984
984
984
984
984
984
984
983
983
983
983
983
983
983
983
983
983
983
983
983
983
983
983
983
983
983
983
983
983
983
983
983
983
983
983
983
983
983
983
982
982
982
982
982
982
982
982
982
982
982
982
982
982
982
982
982
982
982
982
982
982
982
982
982
982
982
981
981
981
981
981
981
981
981
981
981
981
981
981
981
981
981
981
981
981
981
981
981
981
981
981
981
981
981
981
981
981
980
980
980
980
980
980
980
980
980
980
980
980
980
980
980
980
980
980
980
980
980
980
980
980
980
980
980
980
980
980
980
980
980
980
980
980
980
980
980
980
979
979
979
979
979
979
979
979
979
979
979
979
979
979
979
979
979
979
979
979
979
979
979
979
979
978
978
978
978
978
978
978
978
978
978
978
978
978
978
978
978
978
978
978
978
978
978
978
978
978
978
978
978
978
978
978
978
978
978
978
978
977
977
977
977
977
977
977
977
977
977
977
977
977
977
977
977
977
977
977
977
977
977
977
977
977
977
977
977
977
977
977
977
977
977
977
977
977
977
977
976
976
976
976
976
976
976
976
976
976
976
976
976
976
976
976
976
976
976
976
976
976
976
976
976
976
976
976
975
975
975
975
975
975
975
975
975
975
975
975
975
975
975
975
975
975
975
975
975
975
975
975
975
975
975
975
975
974
974
974
974
974
974
974
974
974
974
974
974
974
974
974
974
974
974
974
974
974
974
974
974
973
973
973
973
973
973
973
973
973
973
973
973
973
973
973
973
973
973
973
973
973
973
973
973
973
973
973
973
973
973
973
973
973
973
972
972
972
972
972
972
972
972
972
972
972
972
972
972
972
972
972
972
972
972
972
972
972
972
972
972
972
972
972
972
972
972
972
972
972
972
972
972
972
971
971
971
971
971
971
971
971
971
971
971
971
971
971
971
971
971
971
971
971
971
971
971
971
971
971
971
971
971
970
970
970
970
970
970
970
970
970
970
970
970
970
970
970
970
970
970
970
970
970
970
970
970
970
970
970
970
970
970
970
970
970
970
970
969
969
969
969
969
969
969
969
969
969
969
969
969
969
969
969
969
969
969
969
969
969
969
969
969
969
969
969
969
969
969
969
969
969
968
968
968
968
968
968
968
968
968
968
968
968
968
968
968
968
968
968
968
968
968
968
968
968
968
968
968
968
968
968
968
968
968
968
967
967
967
967
967
967
967
967
967
967
967
967
967
967
967
967
967
967
967
967
967
967
967
967
967
967
967
967
967
967
966
966
966
966
966
966
966
966
966
966
966
966
966
966
966
966
966
966
966
966
966
966
966
966
965
965
965
965
965
965
965
965
965
965
965
965
965
965
965
965
965
965
965
965
965
965
965
965
965
965
965
965
965
965
965
965
965
965
965
965
965
964
964
964
964
964
964
964
964
964
964
964
964
964
964
964
964
964
964
964
964
964
964
964
964
964
964
964
964
964
964
964
964
964
964
964
963
963
963
963
963
963
963
963
963
963
963
963
963
963
963
963
963
963
963
963
963
963
963
963
963
963
963
963
963
963
963
963
963
963
963
963
963
963
963
963
963
963
963
962
962
962
962
962
962
962
962
962
962
962
962
962
962
962
962
962
962
962
962
962
962
962
962
962
962
962
962
962
962
962
962
962
962
962
962
962
962
962
962
961
961
961
961
961
961
961
961
961
961
961
961
961
961
961
961
961
961
961
961
961
961
961
961
961
961
961
961
961
961
961
961
960
960
960
960
960
960
960
960
960
960
960
960
960
960
960
960
960
960
960
960
960
960
960
960
960
960
960
960
960
960
960
960
959
959
959
959
959
959
959
959
959
959
959
959
959
959
959
959
959
959
959
959
959
959
959
959
959
959
959
959
959
958
958
958
958
958
958
958
958
958
958
958
958
958
958
958
958
958
958
958
958
958
958
958
958
958
958
958
958
958
958
958
958
958
958
958
958
958
958
958
958
958
957
957
957
957
957
957
957
957
957
957
957
957
957
957
957
957
957
957
957
957
957
957
957
957
957
957
957
957
957
957
957
957
957
956
956
956
956
956
956
956
956
956
956
956
956
956
956
956
956
956
956
956
956
956
956
956
956
956
956
956
956
956
956
956
956
956
956
956
955
955
955
955
955
955
955
955
955
955
955
955
955
955
955
955
955
955
955
955
955
955
955
955
955
955
955
955
955
955
955
955
955
954
954
954
954
954
954
954
954
954
954
954
954
954
954
954
954
954
954
954
954
954
954
954
954
954
954
954
954
953
953
953
953
953
953
953
953
953
953
953
953
953
953
953
953
953
953
953
953
953
953
953
952
952
952
952
952
952
952
952
952
952
952
952
952
952
952
952
952
952
952
952
952
952
952
952
952
952
952
952
952
951
951
951
951
951
951
951
951
951
951
951
951
951
951
951
951
951
951
951
951
951
951
951
951
951
951
951
951
951
951
950
950
950
950
950
950
950
950
950
950
950
950
950
950
950
950
950
950
950
950
950
950
950
950
950
950
950
950
950
950
950
950
950
949
949
949
949
949
949
949
949
949
949
949
949
949
949
949
949
949
949
949
949
949
949
949
949
949
949
949
949
949
949
949
949
949
949
949
949
949
949
949
948
948
948
948
948
948
948
948
948
948
948
948
948
948
948
948
948
948
948
948
948
948
948
948
948
948
948
948
948
948
948
948
947
947
947
947
947
947
947
947
947
947
947
947
947
947
947
947
947
947
947
947
947
947
947
947
947
947
947
947
947
947
947
947
947
947
947
946
946
946
946
946
946
946
946
946
946
946
946
946
946
946
946
946
946
946
946
946
946
946
946
946
946
946
946
946
946
946
946
946
946
945
945
945
945
945
945
945
945
945
945
945
945
945
945
945
945
945
945
945
945
945
945
945
945
945
945
944
944
944
944
944
944
944
944
944
944
944
944
944
944
944
944
944
944
944
944
944
944
944
944
944
944
944
944
944
943
943
943
943
943
943
943
943
943
943
943
943
943
943
943
943
943
943
943
943
943
943
943
943
943
943
943
943
942
942
942
942
942
942
942
942
942
942
942
942
942
942
942
942
942
942
942
942
942
942
942
942
942
942
942
942
942
942
942
941
941
941
941
941
941
941
941
941
941
941
941
941
941
941
941
941
941
941
941
941
941
941
941
941
941
941
941
941
940
940
940
940
940
940
940
940
940
940
940
940
940
940
940
940
940
940
940
940
940
940
940
940
940
940
940
940
940
940
940
940
940
940
939
939
939
939
939
939
939
939
939
939
939
939
939
939
939
939
939
939
939
939
939
939
939
939
939
939
939
939
938
938
938
938
938
938
938
938
938
938
938
938
938
938
938
938
938
938
938
938
938
938
938
938
938
938
938
937
937
937
937
937
937
937
937
937
937
937
937
937
937
937
937
937
937
937
937
937
937
937
937
937
937
937
936
936
936
936
936
936
936
936
936
936
936
936
936
936
936
936
936
936
936
936
936
936
936
936
936
936
936
936
936
936
936
936
936
936
936
936
936
936
936
935
935
935
935
935
935
935
935
935
935
935
935
935
935
935
935
935
935
935
935
935
935
935
935
935
935
935
935
935
935
935
935
935
935
935
935
935
934
934
934
934
934
934
934
934
934
934
934
934
934
934
934
934
934
934
934
934
934
934
934
934
934
934
934
933
933
933
933
933
933
933
933
933
933
933
933
933
933
933
933
933
933
933
933
933
933
933
933
933
933
933
933
933
933
933
933
933
932
932
932
932
932
932
932
932
932
932
932
932
932
932
932
932
932
932
932
932
932
932
932
932
932
932
932
932
932
932
932
932
932
932
931
931
931
931
931
931
931
931
931
931
931
931
931
931
931
931
931
931
931
931
931
931
931
931
931
931
931
931
931
931
931
931
931
931
931
931
931
931
931
930
930
930
930
930
930
930
930
930
930
930
930
930
930
930
930
930
930
930
930
930
930
930
930
930
930
930
930
930
930
930
930
930
929
929
929
929
929
929
929
929
929
929
929
929
929
929
929
929
929
929
929
929
929
929
929
929
929
928
928
928
928
928
928
928
928
928
928
928
928
928
928
928
928
928
928
928
928
928
928
928
928
928
928
928
928
928
928
928
928
928
928
927
927
927
927
927
927
927
927
927
927
927
927
927
927
927
927
927
927
927
927
927
927
927
927
927
927
927
927
927
927
927
927
926
926
926
926
926
926
926
926
926
926
926
926
926
926
926
926
926
926
926
926
926
926
926
926
926
926
926
926
925
925
925
925
925
925
925
925
925
925
925
925
925
925
925
925
925
925
925
925
925
925
925
925
925
925
925
925
925
925
925
925
925
924
924
924
924
924
924
924
924
924
924
924
924
924
924
924
924
924
924
924
924
924
924
924
924
924
924
924
924
924
924
924
924
924
924
924
923
923
923
923
923
923
923
923
923
923
923
923
923
923
923
923
923
923
923
923
923
923
923
923
923
923
923
923
923
923
923
923
923
923
923
923
923
923
923
923
922
922
922
922
922
922
922
922
922
922
922
922
922
922
922
922
922
922
922
922
922
922
922
922
922
922
922
922
922
922
922
922
922
922
921
921
921
921
921
921
921
921
921
921
921
921
921
921
921
921
921
921
921
921
921
921
921
921
921
921
921
921
921
921
921
921
921
921
920
920
920
920
920
920
920
920
920
920
920
920
920
920
920
920
920
920
920
920
920
920
920
920
920
920
920
920
920
920
920
920
919
919
919
919
919
919
919
919
919
919
919
919
919
919
919
919
919
919
919
919
919
919
919
919
919
919
919
919
919
919
919
919
919
919
919
918
918
918
918
918
918
918
918
918
918
918
918
918
918
918
918
918
918
918
918
918
918
918
918
918
918
918
918
918
918
918
918
918
918
918
918
918
918
917
917
917
917
917
917
917
917
917
917
917
917
917
917
917
917
917
917
917
917
917
917
917
917
917
917
917
917
917
917
917
917
917
917
916
916
916
916
916
916
916
916
916
916
916
916
916
916
916
916
916
916
916
916
916
916
916
916
916
916
916
916
916
916
916
915
915
915
915
915
915
915
915
915
915
915
915
915
915
915
915
915
915
915
915
915
915
915
915
915
915
914
914
914
914
914
914
914
914
914
914
914
914
914
914
914
914
914
914
914
914
914
914
914
914
914
914
914
914
914
914
914
914
913
913
913
913
913
913
913
913
913
913
913
913
913
913
913
913
913
913
913
913
912
912
912
912
912
912
912
912
912
912
912
912
912
912
912
912
912
912
912
912
912
912
912
912
912
912
912
912
912
912
912
912
912
912
911
911
911
911
911
911
911
911
911
911
911
911
911
911
911
911
911
911
911
911
911
911
911
911
911
911
911
911
911
911
911
911
911
911
911
911
911
911
911
911
911
910
910
910
910
910
910
910
910
910
910
910
910
910
910
910
910
910
910
910
910
910
910
910
910
910
910
910
910
910
910
910
910
910
910
910
910
910
910
910
910
910
910
909
909
909
909
909
909
909
909
909
909
909
909
909
909
909
909
909
909
909
909
909
909
909
909
909
909
909
909
909
909
909
909
909
909
909
909
909
909
908
908
908
908
908
908
908
908
908
908
908
908
908
908
908
908
908
908
908
908
908
908
908
908
908
908
908
908
908
908
908
908
908
907
907
907
907
907
907
907
907
907
907
907
907
907
907
907
907
907
907
907
907
907
907
906
906
906
906
906
906
906
906
906
906
906
906
906
906
906
906
906
906
906
906
906
906
906
906
906
906
906
906
906
906
906
906
905
905
905
905
905
905
905
905
905
905
905
905
905
905
905
905
905
905
905
905
905
905
905
905
905
905
905
905
905
905
904
904
904
904
904
904
904
904
904
904
904
904
904
904
904
904
904
904
904
904
904
904
904
904
904
904
904
904
904
904
904
904
904
904
904
904
904
903
903
903
903
903
903
903
903
903
903
903
903
903
903
903
903
903
903
903
903
903
903
903
903
903
903
903
903
903
903
903
903
903
903
903
902
902
902
902
902
902
902
902
902
902
902
902
902
902
902
902
902
902
902
902
902
902
902
902
902
902
902
902
902
902
902
902
902
902
902
901
901
901
901
901
901
901
901
901
901
901
901
901
901
901
901
901
901
901
901
901
901
901
901
901
901
901
901
901
901
901
901
901
901
901
901
901
901
901
901
901
901
900
900
900
900
900
900
900
900
900
900
900
900
900
900
900
900
900
900
900
900
900
900
900
900
900
900
900
900
900
900
900
900
900
900
900
899
899
899
899
899
899
899
899
899
899
899
899
899
899
899
899
899
899
899
899
899
899
899
899
899
899
899
899
899
899
899
899
899
898
898
898
898
898
898
898
898
898
898
898
898
898
898
898
898
898
898
898
898
898
898
898
898
898
898
898
898
898
898
898
898
898
898
898
898
898
898
898
897
897
897
897
897
897
897
897
897
897
897
897
897
897
897
897
897
897
897
897
897
897
897
897
897
897
897
897
897
897
897
897
897
897
897
897
896
896
896
896
896
896
896
896
896
896
896
896
896
896
896
896
896
896
896
896
896
896
896
896
896
896
896
896
896
896
896
896
896
896
895
895
895
895
895
895
895
895
895
895
895
895
895
895
895
895
895
895
895
895
895
895
895
895
895
895
895
895
895
895
895
895
895
895
895
895
895
895
895
895
895
894
894
894
894
894
894
894
894
894
894
894
894
894
894
894
894
894
894
894
894
894
894
894
894
894
894
894
894
894
894
894
894
894
893
893
893
893
893
893
893
893
893
893
893
893
893
893
893
893
893
893
893
893
893
893
893
893
893
893
893
893
892
892
892
892
892
892
892
892
892
892
892
892
892
892
892
892
892
892
892
892
892
892
892
892
892
892
891
891
891
891
891
891
891
891
891
891
891
891
891
891
891
891
891
891
891
891
891
891
891
891
891
891
891
891
891
891
891
890
890
890
890
890
890
890
890
890
890
890
890
890
890
890
890
890
890
890
890
890
890
890
890
890
890
890
890
890
890
890
890
889
889
889
889
889
889
889
889
889
889
889
889
889
889
889
889
889
889
889
889
889
889
889
888
888
888
888
888
888
888
888
888
888
888
888
888
888
888
888
888
888
888
888
888
888
888
888
888
888
888
888
888
888
888
888
888
888
888
888
888
888
888
888
888
888
888
888
888
888
887
887
887
887
887
887
887
887
887
887
887
887
887
887
887
887
887
887
887
887
887
887
887
887
887
887
887
887
887
887
887
887
887
887
887
887
887
887
887
886
886
886
886
886
886
886
886
886
886
886
886
886
886
886
886
886
886
886
886
886
886
886
886
886
886
886
886
886
886
886
886
886
886
886
885
885
885
885
885
885
885
885
885
885
885
885
885
885
885
885
885
885
885
885
885
885
885
885
885
885
885
885
884
884
884
884
884
884
884
884
884
884
884
884
884
884
884
884
884
884
884
884
884
884
884
884
884
884
884
884
884
884
883
883
883
883
883
883
883
883
883
883
883
883
883
883
883
883
883
883
883
883
883
883
883
883
883
883
883
883
883
883
883
883
883
883
883
883
883
883
883
883
882
882
882
882
882
882
882
882
882
882
882
882
882
882
882
882
882
882
882
882
882
882
882
882
882
882
882
882
882
882
882
882
882
882
882
882
882
882
881
881
881
881
881
881
881
881
881
881
881
881
881
881
881
881
881
881
881
881
881
881
881
881
881
881
881
881
881
881
881
881
881
881
881
881
881
881
881
881
881
881
881
881
881
881
881
881
880
880
880
880
880
880
880
880
880
880
880
880
880
880
880
880
880
880
880
880
880
880
880
880
880
880
880
880
880
880
880
880
880
880
880
880
879
879
879
879
879
879
879
879
879
879
879
879
879
879
879
879
879
879
879
879
879
879
879
879
879
879
879
879
879
879
879
879
879
879
879
878
878
878
878
878
878
878
878
878
878
878
878
878
878
878
878
878
878
878
878
878
878
878
878
878
878
878
878
878
878
878
878
877
877
877
877
877
877
877
877
877
877
877
877
877
877
877
877
877
877
877
877
877
877
877
877
877
877
877
877
877
877
877
877
876
876
876
876
876
876
876
876
876
876
876
876
876
876
876
876
876
876
876
876
876
876
876
876
876
876
876
876
875
875
875
875
875
875
875
875
875
875
875
875
875
875
875
875
875
875
875
875
875
875
875
875
875
875
875
875
875
875
875
875
875
875
875
875
875
875
875
875
875
875
875
875
875
874
874
874
874
874
874
874
874
874
874
874
874
874
874
874
874
874
874
874
874
874
874
874
874
874
874
874
874
874
874
874
874
874
874
874
874
874
874
874
874
873
873
873
873
873
873
873
873
873
873
873
873
873
873
873
873
873
873
873
873
873
873
873
873
873
873
873
873
873
873
873
873
873
873
873
873
873
872
872
872
872
872
872
872
872
872
872
872
872
872
872
872
872
872
872
872
872
872
872
872
872
872
872
872
872
872
872
872
872
872
872
872
872
871
871
871
871
871
871
871
871
871
871
871
871
871
871
871
871
871
871
871
871
871
871
871
871
871
871
871
871
871
871
871
870
870
870
870
870
870
870
870
870
870
870
870
870
870
870
870
870
870
870
870
870
870
870
870
870
870
870
870
870
870
870
870
870
870
870
870
870
870
870
870
870
870
870
870
870
870
870
870
870
870
869
869
869
869
869
869
869
869
869
869
869
869
869
869
869
869
869
869
869
869
869
869
869
869
869
869
869
869
869
869
869
869
869
869
869
869
869
869
869
869
868
868
868
868
868
868
868
868
868
868
868
868
868
868
868
868
868
868
868
868
868
868
868
868
868
868
868
868
868
868
868
868
868
867
867
867
867
867
867
867
867
867
867
867
867
867
867
867
867
867
867
867
867
867
867
867
867
867
867
867
867
867
867
867
867
867
867
867
867
867
866
866
866
866
866
866
866
866
866
866
866
866
866
866
866
866
866
866
866
866
866
866
866
866
866
866
866
866
866
866
866
866
866
866
866
866
866
866
866
866
866
866
866
866
866
866
866
866
866
865
865
865
865
865
865
865
865
865
865
865
865
865
865
865
865
865
865
865
865
865
865
865
865
865
865
865
865
865
865
865
865
865
865
865
864
864
864
864
864
864
864
864
864
864
864
864
864
864
864
864
864
864
864
864
864
864
864
864
864
864
864
864
864
864
864
864
864
864
864
864
864
864
864
863
863
863
863
863
863
863
863
863
863
863
863
863
863
863
863
863
863
863
863
863
863
863
863
863
863
863
863
863
863
863
863
863
863
863
863
863
863
862
862
862
862
862
862
862
862
862
862
862
862
862
862
862
862
862
862
862
862
862
862
862
862
862
862
862
862
862
862
862
862
862
862
862
861
861
861
861
861
861
861
861
861
861
861
861
861
861
861
861
861
861
861
861
861
861
861
861
861
861
861
861
861
861
861
861
861
861
861
861
861
861
861
861
861
861
861
861
860
860
860
860
860
860
860
860
860
860
860
860
860
860
860
860
860
860
860
860
860
860
860
860
860
860
860
860
860
860
860
860
860
860
860
860
860
860
860
859
859
859
859
859
859
859
859
859
859
859
859
859
859
859
859
859
859
859
859
859
859
859
859
859
859
858
858
858
858
858
858
858
858
858
858
858
858
858
858
858
858
858
858
858
858
858
858
858
858
858
858
858
858
858
858
858
858
858
858
858
858
858
857
857
857
857
857
857
857
857
857
857
857
857
857
857
857
857
857
857
857
857
857
857
857
857
857
857
857
857
857
857
857
857
857
857
857
857
857
857
857
857
857
857
856
856
856
856
856
856
856
856
856
856
856
856
856
856
856
856
856
856
856
856
856
856
856
856
856
856
856
856
856
856
856
856
856
856
856
856
855
855
855
855
855
855
855
855
855
855
855
855
855
855
855
855
855
855
855
855
855
855
855
855
855
855
855
855
855
855
855
855
855
855
855
855
855
855
855
855
855
854
854
854
854
854
854
854
854
854
854
854
854
854
854
854
854
854
854
854
854
854
854
854
854
854
854
854
854
854
854
854
854
854
853
853
853
853
853
853
853
853
853
853
853
853
853
853
853
853
853
853
853
853
853
853
853
853
853
853
853
853
853
853
853
853
853
853
853
853
853
853
852
852
852
852
852
852
852
852
852
852
852
852
852
852
852
852
852
852
852
852
852
852
852
852
852
852
852
852
852
852
852
852
852
852
852
852
851
851
851
851
851
851
851
851
851
851
851
851
851
851
851
851
851
851
851
851
851
851
851
851
851
851
851
851
851
851
851
851
851
851
851
851
851
851
851
851
851
850
850
850
850
850
850
850
850
850
850
850
850
850
850
850
850
850
850
850
850
850
850
850
850
850
850
850
850
850
850
850
850
850
850
850
850
850
850
850
850
850
850
850
850
849
849
849
849
849
849
849
849
849
849
849
849
849
849
849
849
849
849
849
849
849
849
849
849
849
849
849
849
849
849
849
849
848
848
848
848
848
848
848
848
848
848
848
848
848
848
848
848
848
848
848
848
848
848
848
848
848
848
848
848
848
848
848
848
848
848
848
848
847
847
847
847
847
847
847
847
847
847
847
847
847
847
847
847
847
847
847
847
847
847
847
847
847
847
847
847
847
847
847
847
847
847
847
847
847
847
847
847
847
847
847
846
846
846
846
846
846
846
846
846
846
846
846
846
846
846
846
846
846
846
846
846
846
846
846
846
846
846
846
846
846
846
846
846
846
846
846
846
845
845
845
845
845
845
845
845
845
845
845
845
845
845
845
845
845
845
845
845
845
845
845
845
845
845
845
845
845
845
845
845
845
845
845
845
844
844
844
844
844
844
844
844
844
844
844
844
844
844
844
844
844
844
844
844
844
844
844
844
844
844
844
844
844
844
844
843
843
843
843
843
843
843
843
843
843
843
843
843
843
843
843
843
843
843
843
843
843
843
843
843
843
843
843
843
843
843
843
843
843
843
843
843
843
842
842
842
842
842
842
842
842
842
842
842
842
842
842
842
842
842
842
842
842
842
842
842
842
842
842
842
842
842
841
841
841
841
841
841
841
841
841
841
841
841
841
841
841
841
841
841
841
841
841
841
841
841
841
841
841
841
841
841
841
841
841
841
841
841
841
841
841
841
841
841
841
840
840
840
840
840
840
840
840
840
840
840
840
840
840
840
840
840
840
840
840
840
840
840
840
840
840
840
840
840
840
840
840
840
840
840
840
839
839
839
839
839
839
839
839
839
839
839
839
839
839
839
839
839
839
839
839
839
839
839
839
839
839
839
839
839
839
839
839
839
839
839
839
839
839
838
838
838
838
838
838
838
838
838
838
838
838
838
838
838
838
838
838
838
838
838
838
838
838
838
838
838
838
838
838
838
838
837
837
837
837
837
837
837
837
837
837
837
837
837
837
837
837
837
837
837
837
837
837
837
837
837
837
837
837
837
837
837
837
837
837
837
837
837
837
837
837
837
837
837
837
837
836
836
836
836
836
836
836
836
836
836
836
836
836
836
836
836
836
836
836
836
836
836
836
836
836
836
836
836
836
836
836
836
836
836
836
836
836
835
835
835
835
835
835
835
835
835
835
835
835
835
835
835
835
835
835
835
835
835
835
835
835
835
835
835
835
834
834
834
834
834
834
834
834
834
834
834
834
834
834
834
834
834
834
834
834
834
834
834
834
834
834
834
834
834
834
834
834
834
834
834
834
834
834
834
834
834
834
834
834
834
833
833
833
833
833
833
833
833
833
833
833
833
833
833
833
833
833
833
833
833
833
833
833
833
833
833
833
833
833
833
833
833
833
833
833
833
833
833
832
832
832
832
832
832
832
832
832
832
832
832
832
832
832
832
832
832
832
832
832
832
832
832
832
832
832
832
832
832
832
832
832
832
832
832
832
832
832
832
831
831
831
831
831
831
831
831
831
831
831
831
831
831
831
831
831
831
831
831
831
831
831
831
831
831
831
831
831
831
831
831
831
831
831
831
831
831
831
831
831
831
831
831
831
831
831
830
830
830
830
830
830
830
830
830
830
830
830
830
830
830
830
830
830
830
830
830
830
830
830
830
830
830
830
830
830
830
830
830
830
830
830
830
830
830
830
830
830
830
830
830
830
830
830
830
830
830
830
830
830
830
830
829
829
829
829
829
829
829
829
829
829
829
829
829
829
829
829
829
829
829
829
829
829
829
829
829
829
829
829
829
829
829
829
829
829
829
829
829
829
828
828
828
828
828
828
828
828
828
828
828
828
828
828
828
828
828
828
828
828
828
828
828
828
828
828
828
828
828
828
828
828
828
828
828
828
828
828
828
828
828
827
827
827
827
827
827
827
827
827
827
827
827
827
827
827
827
827
827
827
827
827
827
827
827
827
827
827
827
827
827
827
827
826
826
826
826
826
826
826
826
826
826
826
826
826
826
826
826
826
826
826
826
826
826
826
826
826
826
826
826
826
826
826
826
826
826
826
826
826
826
826
826
826
826
826
825
825
825
825
825
825
825
825
825
825
825
825
825
825
825
825
825
825
825
825
825
825
825
825
825
825
825
825
825
825
825
825
825
825
825
825
825
824
824
824
824
824
824
824
824
824
824
824
824
824
824
824
824
824
824
824
824
824
824
824
824
824
824
824
824
824
824
824
824
824
824
824
824
824
824
824
824
823
823
823
823
823
823
823
823
823
823
823
823
823
823
823
823
823
823
823
823
823
823
823
823
823
823
823
823
823
823
823
823
823
823
823
822
822
822
822
822
822
822
822
822
822
822
822
822
822
822
822
822
822
822
822
822
822
822
822
822
822
822
822
822
822
822
822
822
822
822
822
822
822
822
822
822
821
821
821
821
821
821
821
821
821
821
821
821
821
821
821
821
821
821
821
821
821
821
821
821
821
821
821
821
821
821
821
821
821
821
821
821
821
821
821
821
821
821
820
820
820
820
820
820
820
820
820
820
820
820
820
820
820
820
820
820
820
820
820
820
820
820
820
820
820
820
820
820
820
820
820
819
819
819
819
819
819
819
819
819
819
819
819
819
819
819
819
819
819
819
819
819
819
819
819
819
819
819
819
819
819
819
819
819
819
819
819
819
819
819
819
818
818
818
818
818
818
818
818
818
818
818
818
818
818
818
818
818
818
818
818
818
818
818
818
818
818
818
818
818
818
818
818
818
818
818
818
818
818
818
817
817
817
817
817
817
817
817
817
817
817
817
817
817
817
817
817
817
817
817
817
817
817
817
817
817
817
817
817
817
817
817
817
817
817
817
817
817
816
816
816
816
816
816
816
816
816
816
816
816
816
816
816
816
816
816
816
816
816
816
816
816
816
816
816
816
816
816
816
816
816
816
816
816
816
816
816
816
816
815
815
815
815
815
815
815
815
815
815
815
815
815
815
815
815
815
815
815
815
815
815
815
815
815
815
815
815
815
815
815
815
815
815
815
815
815
815
815
815
815
815
814
814
814
814
814
814
814
814
814
814
814
814
814
814
814
814
814
814
814
814
814
814
814
814
814
814
814
814
814
814
814
814
814
814
814
814
814
814
814
814
814
814
814
814
814
813
813
813
813
813
813
813
813
813
813
813
813
813
813
813
813
813
813
813
813
813
813
813
813
813
813
813
813
813
813
813
813
813
813
813
813
813
813
813
813
813
813
813
813
813
813
813
813
812
812
812
812
812
812
812
812
812
812
812
812
812
812
812
812
812
812
812
812
812
812
812
812
812
812
812
812
812
812
812
812
812
812
812
812
812
812
812
812
812
812
812
811
811
811
811
811
811
811
811
811
811
811
811
811
811
811
811
811
811
811
811
811
811
811
811
811
811
811
811
811
811
811
811
811
811
811
811
811
811
811
811
811
811
810
810
810
810
810
810
810
810
810
810
810
810
810
810
810
810
810
810
810
810
810
810
810
810
810
810
810
810
810
810
810
810
810
810
810
810
810
810
810
810
810
810
810
810
810
810
810
810
810
809
809
809
809
809
809
809
809
809
809
809
809
809
809
809
809
809
809
809
809
809
809
809
809
809
809
809
809
809
809
809
809
808
808
808
808
808
808
808
808
808
808
808
808
808
808
808
808
808
808
808
808
808
808
808
808
808
808
808
808
808
808
808
808
808
807
807
807
807
807
807
807
807
807
807
807
807
807
807
807
807
807
807
807
807
807
807
807
807
807
807
807
807
807
807
807
807
807
807
807
807
807
807
807
807
807
807
807
806
806
806
806
806
806
806
806
806
806
806
806
806
806
806
806
806
806
806
806
806
806
806
806
806
806
806
806
806
806
806
806
806
806
806
806
806
806
806
806
806
806
806
806
806
806
805
805
805
805
805
805
805
805
805
805
805
805
805
805
805
805
805
805
805
805
805
805
805
805
805
805
805
805
805
805
805
805
805
805
805
804
804
804
804
804
804
804
804
804
804
804
804
804
804
804
804
804
804
804
804
804
804
804
804
804
804
804
804
804
804
804
804
804
804
804
804
804
804
803
803
803
803
803
803
803
803
803
803
803
803
803
803
803
803
803
803
803
803
803
803
803
803
803
803
803
803
803
803
803
803
803
803
803
803
803
803
803
803
802
802
802
802
802
802
802
802
802
802
802
802
802
802
802
802
802
802
802
802
802
802
802
802
802
802
802
802
802
802
802
802
802
802
802
802
802
802
802
802
802
802
802
802
802
802
801
801
801
801
801
801
801
801
801
801
801
801
801
801
801
801
801
801
801
801
801
801
801
801
801
801
801
801
801
801
801
801
801
801
801
801
801
801
801
801
801
801
801
801
801
801
801
800
800
800
800
800
800
800
800
800
800
800
800
800
800
800
800
800
800
800
800
800
800
800
800
800
800
800
800
800
800
800
800
800
800
800
800
800
800
800
800
800
800
800
800
799
799
799
799
799
799
799
799
799
799
799
799
799
799
799
799
799
799
799
799
799
799
799
799
799
799
799
799
799
799
799
799
799
799
799
798
798
798
798
798
798
798
798
798
798
798
798
798
798
798
798
798
798
798
798
798
798
798
798
798
798
798
798
798
798
798
798
798
798
798
798
798
798
798
798
798
798
797
797
797
797
797
797
797
797
797
797
797
797
797
797
797
797
797
797
797
797
797
797
797
797
797
797
797
797
797
797
797
797
797
797
797
797
796
796
796
796
796
796
796
796
796
796
796
796
796
796
796
796
796
796
796
796
796
796
796
796
796
796
796
796
796
796
796
796
796
796
796
796
796
796
796
796
796
796
796
796
795
795
795
795
795
795
795
795
795
795
795
795
795
795
795
795
795
795
795
795
795
795
795
795
795
795
795
795
795
795
795
795
795
795
795
795
795
795
795
795
795
794
794
794
794
794
794
794
794
794
794
794
794
794
794
794
794
794
794
794
794
794
794
794
794
794
794
794
794
794
794
794
794
794
794
794
794
794
794
794
794
794
794
793
793
793
793
793
793
793
793
793
793
793
793
793
793
793
793
793
793
793
793
793
793
793
792
792
792
792
792
792
792
792
792
792
792
792
792
792
792
792
792
792
792
792
792
792
792
792
792
792
792
792
792
792
792
792
792
792
792
792
792
792
792
792
792
792
792
792
792
792
791
791
791
791
791
791
791
791
791
791
791
791
791
791
791
791
791
791
791
791
791
791
791
791
791
791
791
791
791
791
791
791
791
791
791
791
790
790
790
790
790
790
790
790
790
790
790
790
790
790
790
790
790
790
790
790
790
790
790
790
790
790
790
790
790
790
790
790
790
790
790
789
789
789
789
789
789
789
789
789
789
789
789
789
789
789
789
789
789
789
789
789
789
789
789
789
789
789
789
789
789
789
789
788
788
788
788
788
788
788
788
788
788
788
788
788
788
788
788
788
788
788
788
788
788
788
788
788
788
788
788
788
788
788
788
788
788
788
788
788
788
788
788
787
787
787
787
787
787
787
787
787
787
787
787
787
787
787
787
787
787
787
787
787
787
787
787
787
787
787
787
787
787
787
787
787
787
787
787
787
787
787
787
787
786
786
786
786
786
786
786
786
786
786
786
786
786
786
786
786
786
786
786
786
786
786
786
786
786
786
786
786
786
786
786
786
786
786
786
785
785
785
785
785
785
785
785
785
785
785
785
785
785
785
785
785
785
785
785
785
785
785
785
785
785
785
785
785
785
785
785
785
785
785
785
785
785
785
784
784
784
784
784
784
784
784
784
784
784
784
784
784
784
784
784
784
784
784
784
784
784
784
784
784
784
784
784
784
784
784
784
784
784
784
784
784
784
784
784
784
784
784
784
784
783
783
783
783
783
783
783
783
783
783
783
783
783
783
783
783
783
783
783
783
783
783
783
783
783
783
783
783
783
783
783
783
783
783
783
783
783
783
783
783
782
782
782
782
782
782
782
782
782
782
782
782
782
782
782
782
782
782
782
782
782
782
782
782
782
782
782
782
782
782
782
782
782
782
782
782
781
781
781
781
781
781
781
781
781
781
781
781
781
781
781
781
781
781
781
781
781
781
781
781
781
781
781
781
781
781
781
781
781
781
781
781
781
781
781
781
781
781
780
780
780
780
780
780
780
780
780
780
780
780
780
780
780
780
780
780
780
780
780
780
780
780
780
780
780
780
780
780
780
780
780
780
780
780
780
780
780
779
779
779
779
779
779
779
779
779
779
779
779
779
779
779
779
779
779
779
779
779
779
779
779
779
779
779
779
779
779
779
779
779
779
779
779
779
779
779
779
779
779
778
778
778
778
778
778
778
778
778
778
778
778
778
778
778
778
778
778
778
778
778
778
778
778
778
778
778
778
778
778
778
778
778
778
778
778
778
778
778
778
778
778
778
778
778
778
778
778
778
778
778
778
777
777
777
777
777
777
777
777
777
777
777
777
777
777
777
777
777
777
777
777
777
777
777
777
777
777
777
777
777
777
777
777
777
777
777
777
777
777
777
777
777
777
777
777
776
776
776
776
776
776
776
776
776
776
776
776
776
776
776
776
776
776
776
776
776
776
776
776
776
776
776
776
776
776
776
776
776
776
776
776
776
776
776
776
776
776
776
776
776
776
775
775
775
775
775
775
775
775
775
775
775
775
775
775
775
775
775
775
775
775
775
775
775
775
775
775
775
775
775
775
775
775
775
775
775
775
775
775
775
775
775
775
775
775
775
775
775
774
774
774
774
774
774
774
774
774
774
774
774
774
774
774
774
774
774
774
774
774
774
774
774
774
774
774
774
774
774
774
773
773
773
773
773
773
773
773
773
773
773
773
773
773
773
773
773
773
773
773
773
773
773
773
773
773
773
773
773
773
773
773
773
773
773
773
773
773
773
773
773
773
773
773
773
773
773
773
773
773
772
772
772
772
772
772
772
772
772
772
772
772
772
772
772
772
772
772
772
772
772
772
772
772
772
772
772
772
772
772
772
772
772
772
772
772
772
772
772
772
772
772
772
771
771
771
771
771
771
771
771
771
771
771
771
771
771
771
771
771
771
771
771
771
771
771
771
771
771
771
771
771
771
771
771
770
770
770
770
770
770
770
770
770
770
770
770
770
770
770
770
770
770
770
770
770
770
770
770
770
770
770
770
770
770
770
770
770
770
770
770
770
770
770
770
770
770
770
770
770
770
770
770
770
770
770
770
770
770
769
769
769
769
769
769
769
769
769
769
769
769
769
769
769
769
769
769
769
769
769
769
769
769
769
769
769
769
769
769
769
769
769
769
769
769
769
769
769
769
769
769
769
769
769
768
768
768
768
768
768
768
768
768
768
768
768
768
768
768
768
768
768
768
768
768
768
768
768
768
768
768
768
768
768
768
768
768
768
768
768
768
768
768
768
768
768
768
767
767
767
767
767
767
767
767
767
767
767
767
767
767
767
767
767
767
767
767
767
767
767
767
767
767
767
767
767
767
767
767
767
767
767
767
766
766
766
766
766
766
766
766
766
766
766
766
766
766
766
766
766
766
766
766
766
766
766
766
766
766
766
766
766
766
766
766
766
766
766
766
766
766
766
766
766
766
766
766
766
766
766
766
766
766
766
766
766
765
765
765
765
765
765
765
765
765
765
765
765
765
765
765
765
765
765
765
765
765
765
765
765
765
765
765
765
765
765
765
765
765
765
765
765
765
765
765
765
765
765
765
765
765
765
765
765
765
765
765
765
765
765
765
765
765
765
765
765
765
764
764
764
764
764
764
764
764
764
764
764
764
764
764
764
764
764
764
764
764
764
764
764
764
764
764
764
764
764
764
764
764
764
764
764
764
764
764
764
764
764
764
764
764
764
764
764
764
764
764
764
764
763
763
763
763
763
763
763
763
763
763
763
763
763
763
763
763
763
763
763
763
763
763
763
763
763
763
763
763
763
763
763
763
763
763
763
763
763
763
763
763
762
762
762
762
762
762
762
762
762
762
762
762
762
762
762
762
762
762
762
762
762
762
762
762
762
762
762
762
762
762
762
762
762
762
762
762
762
762
762
762
762
762
762
762
761
761
761
761
761
761
761
761
761
761
761
761
761
761
761
761
761
761
761
761
761
761
761
761
761
761
761
761
761
761
761
761
761
761
761
761
761
761
761
761
761
761
761
761
761
761
760
760
760
760
760
760
760
760
760
760
760
760
760
760
760
760
760
760
760
760
760
760
760
760
760
760
760
760
760
760
760
760
760
760
760
760
760
760
760
760
760
760
760
760
760
759
759
759
759
759
759
759
759
759
759
759
759
759
759
759
759
759
759
759
759
759
759
759
759
759
759
759
759
759
759
759
759
759
759
759
759
759
759
759
759
759
759
759
759
759
759
759
758
758
758
758
758
758
758
758
758
758
758
758
758
758
758
758
758
758
758
758
758
758
758
758
758
758
758
758
758
758
758
758
758
758
758
758
758
758
758
758
758
758
758
758
758
758
758
758
758
758
758
758
758
758
758
758
758
758
758
758
757
757
757
757
757
757
757
757
757
757
757
757
757
757
757
757
757
757
757
757
757
757
757
757
757
757
757
757
757
757
757
757
757
757
757
757
757
757
757
757
757
757
757
757
757
757
757
757
756
756
756
756
756
756
756
756
756
756
756
756
756
756
756
756
756
756
756
756
756
756
756
756
756
756
756
756
756
756
756
756
756
756
756
756
756
756
756
756
756
756
756
756
756
755
755
755
755
755
755
755
755
755
755
755
755
755
755
755
755
755
755
755
755
755
755
755
755
755
755
755
755
755
755
755
755
755
755
755
755
755
755
755
755
755
754
754
754
754
754
754
754
754
754
754
754
754
754
754
754
754
754
754
754
754
754
754
754
754
754
754
754
754
754
754
754
754
754
754
754
754
754
754
754
754
754
754
754
754
754
754
754
754
754
753
753
753
753
753
753
753
753
753
753
753
753
753
753
753
753
753
753
753
753
753
753
753
753
753
753
753
753
753
753
753
753
753
753
753
753
753
753
753
753
753
753
753
753
752
752
752
752
752
752
752
752
752
752
752
752
752
752
752
752
752
752
752
752
752
752
752
752
752
752
752
752
752
752
752
752
752
752
752
752
752
752
752
752
752
752
751
751
751
751
751
751
751
751
751
751
751
751
751
751
751
751
751
751
751
751
751
751
751
751
751
751
751
751
751
751
751
751
751
751
751
751
751
751
751
751
751
751
751
751
751
751
751
751
751
751
750
750
750
750
750
750
750
750
750
750
750
750
750
750
750
750
750
750
750
750
750
750
750
750
750
750
750
750
750
750
750
750
750
750
750
750
750
750
749
749
749
749
749
749
749
749
749
749
749
749
749
749
749
749
749
749
749
749
749
749
749
749
749
749
749
749
749
749
749
749
749
749
749
749
749
749
749
749
749
749
749
749
749
749
749
749
748
748
748
748
748
748
748
748
748
748
748
748
748
748
748
748
748
748
748
748
748
748
748
748
748
748
748
748
748
748
748
748
748
748
748
748
748
748
748
748
748
748
748
748
747
747
747
747
747
747
747
747
747
747
747
747
747
747
747
747
747
747
747
747
747
747
747
747
747
747
747
747
747
747
747
747
747
747
747
747
747
747
747
747
747
747
747
747
747
747
747
747
747
747
747
746
746
746
746
746
746
746
746
746
746
746
746
746
746
746
746
746
746
746
746
746
746
746
746
746
746
746
746
746
746
746
746
746
746
746
746
746
746
746
746
746
746
746
746
746
746
746
746
746
745
745
745
745
745
745
745
745
745
745
745
745
745
745
745
745
745
745
745
745
745
745
745
745
745
745
745
745
745
745
745
745
745
745
745
745
745
745
745
745
745
745
745
745
745
745
745
745
745
745
744
744
744
744
744
744
744
744
744
744
744
744
744
744
744
744
744
744
744
744
744
744
744
744
744
744
744
744
744
744
744
744
744
744
743
743
743
743
743
743
743
743
743
743
743
743
743
743
743
743
743
743
743
743
743
743
743
743
743
743
743
743
743
743
743
743
743
743
743
743
743
743
743
743
743
742
742
742
742
742
742
742
742
742
742
742
742
742
742
742
742
742
742
742
742
742
742
742
742
742
742
742
742
742
742
742
742
742
742
742
742
742
742
742
742
742
741
741
741
741
741
741
741
741
741
741
741
741
741
741
741
741
741
741
741
741
741
741
741
741
741
741
741
741
741
741
741
741
741
741
741
741
741
741
741
740
740
740
740
740
740
740
740
740
740
740
740
740
740
740
740
740
740
740
740
740
740
740
740
740
740
740
740
740
740
740
740
740
740
740
740
740
740
740
740
740
740
740
740
740
740
740
740
740
740
740
740
740
740
740
739
739
739
739
739
739
739
739
739
739
739
739
739
739
739
739
739
739
739
739
739
739
739
739
739
739
739
739
739
739
739
739
739
739
739
739
739
739
739
739
739
739
739
739
739
739
739
739
739
738
738
738
738
738
738
738
738
738
738
738
738
738
738
738
738
738
738
738
738
738
738
738
738
738
738
738
738
738
738
738
738
738
738
738
738
738
738
738
738
738
738
738
738
738
738
738
738
738
738
737
737
737
737
737
737
737
737
737
737
737
737
737
737
737
737
737
737
737
737
737
737
737
737
737
737
737
737
737
737
737
737
737
737
737
737
737
737
737
737
737
737
737
737
737
737
736
736
736
736
736
736
736
736
736
736
736
736
736
736
736
736
736
736
736
736
736
736
736
736
736
736
736
736
736
736
736
736
736
736
736
736
736
736
736
736
736
736
736
736
736
736
736
735
735
735
735
735
735
735
735
735
735
735
735
735
735
735
735
735
735
735
735
735
735
735
735
735
735
735
735
735
735
735
735
735
735
735
735
735
735
735
735
734
734
734
734
734
734
734
734
734
734
734
734
734
734
734
734
734
734
734
734
734
734
734
734
734
734
734
734
734
734
734
734
734
734
734
734
734
734
734
734
734
733
733
733
733
733
733
733
733
733
733
733
733
733
733
733
733
733
733
733
733
733
733
733
733
733
733
733
733
733
733
733
733
733
733
733
733
733
733
733
733
733
733
733
733
733
733
732
732
732
732
732
732
732
732
732
732
732
732
732
732
732
732
732
732
732
732
732
732
732
732
732
732
732
732
732
732
732
732
732
732
732
732
732
731
731
731
731
731
731
731
731
731
731
731
731
731
731
731
731
731
731
731
731
731
731
731
731
731
731
731
731
731
731
731
731
731
731
731
731
731
731
731
730
730
730
730
730
730
730
730
730
730
730
730
730
730
730
730
730
730
730
730
730
730
730
730
730
730
730
730
730
730
730
730
730
730
730
730
730
730
730
730
730
730
730
730
730
730
730
730
730
730
730
730
730
730
730
730
729
729
729
729
729
729
729
729
729
729
729
729
729
729
729
729
729
729
729
729
729
729
729
729
729
729
729
729
729
729
729
729
729
729
729
729
729
729
729
729
729
729
729
729
729
728
728
728
728
728
728
728
728
728
728
728
728
728
728
728
728
728
728
728
728
728
728
728
728
728
728
728
728
728
728
728
728
728
728
728
728
728
728
728
728
728
728
728
727
727
727
727
727
727
727
727
727
727
727
727
727
727
727
727
727
727
727
727
727
727
727
727
727
727
727
727
727
727
727
727
727
727
727
727
727
727
727
727
727
727
727
727
727
727
727
727
727
727
726
726
726
726
726
726
726
726
726
726
726
726
726
726
726
726
726
726
726
726
726
726
726
726
726
726
726
726
726
726
726
726
726
725
725
725
725
725
725
725
725
725
725
725
725
725
725
725
725
725
725
725
725
725
725
725
725
725
725
725
725
725
725
725
725
725
725
725
725
725
725
725
725
725
725
725
725
725
725
725
725
725
725
725
725
725
725
725
725
725
724
724
724
724
724
724
724
724
724
724
724
724
724
724
724
724
724
724
724
724
724
724
724
724
724
724
724
724
724
724
724
724
724
724
724
724
724
724
724
724
724
724
724
724
724
723
723
723
723
723
723
723
723
723
723
723
723
723
723
723
723
723
723
723
723
723
723
723
723
723
723
723
723
723
723
723
723
723
723
723
723
723
723
723
723
723
723
723
723
723
723
723
723
723
723
723
723
723
723
722
722
722
722
722
722
722
722
722
722
722
722
722
722
722
722
722
722
722
722
722
722
722
722
722
722
722
722
722
722
722
722
722
722
722
722
722
722
722
722
722
722
722
722
722
721
721
721
721
721
721
721
721
721
721
721
721
721
721
721
721
721
721
721
721
721
721
721
721
721
721
721
721
721
721
721
721
721
721
721
721
721
721
721
721
721
721
721
721
721
721
720
720
720
720
720
720
720
720
720
720
720
720
720
720
720
720
720
720
720
720
720
720
720
720
720
720
720
720
720
720
720
720
720
720
720
720
720
720
720
719
719
719
719
719
719
719
719
719
719
719
719
719
719
719
719
719
719
719
719
719
719
719
719
719
719
719
719
719
719
719
719
719
719
719
719
719
719
719
719
719
719
718
718
718
718
718
718
718
718
718
718
718
718
718
718
718
718
718
718
718
718
718
718
718
718
718
718
718
718
718
718
718
718
718
718
718
718
718
718
718
718
717
717
717
717
717
717
717
717
717
717
717
717
717
717
717
717
717
717
717
717
717
717
717
717
717
717
717
717
717
717
717
717
717
717
717
717
717
717
717
716
716
716
716
716
716
716
716
716
716
716
716
716
716
716
716
716
716
716
716
716
716
716
716
716
716
716
716
716
716
716
716
716
716
716
716
716
716
716
716
716
716
716
716
716
716
716
716
716
716
716
716
716
716
716
716
716
715
715
715
715
715
715
715
715
715
715
715
715
715
715
715
715
715
715
715
715
715
715
715
715
715
715
715
715
715
715
715
715
715
715
715
715
715
715
715
715
715
715
715
715
715
715
715
715
715
715
715
715
715
715
715
715
715
715
715
715
715
715
715
714
714
714
714
714
714
714
714
714
714
714
714
714
714
714
714
714
714
714
714
714
714
714
714
714
714
714
714
714
714
714
714
714
714
714
714
714
714
714
714
714
714
714
714
714
714
714
714
714
714
714
714
714
714
714
714
714
713
713
713
713
713
713
713
713
713
713
713
713
713
713
713
713
713
713
713
713
713
713
713
713
713
713
713
713
713
713
713
713
713
713
713
713
713
713
713
713
713
713
713
712
712
712
712
712
712
712
712
712
712
712
712
712
712
712
712
712
712
712
712
712
712
712
712
712
712
712
712
712
712
712
712
712
712
712
712
712
712
712
712
712
712
712
712
712
712
711
711
711
711
711
711
711
711
711
711
711
711
711
711
711
711
711
711
711
711
711
711
711
711
711
711
711
711
711
711
711
711
711
711
711
711
711
711
711
711
711
711
711
711
711
711
711
711
711
711
711
711
711
711
710
710
710
710
710
710
710
710
710
710
710
710
710
710
710
710
710
710
710
710
710
710
710
710
710
710
710
710
710
710
710
710
710
710
710
710
710
710
710
710
710
710
710
710
709
709
709
709
709
709
709
709
709
709
709
709
709
709
709
709
709
709
709
709
709
709
709
709
709
709
709
709
709
709
709
709
709
709
709
709
709
709
709
708
708
708
708
708
708
708
708
708
708
708
708
708
708
708
708
708
708
708
708
708
708
708
708
708
708
708
708
708
708
708
708
708
708
708
708
708
708
708
708
708
708
708
708
708
708
708
708
708
708
708
708
708
708
708
708
708
708
708
708
708
708
708
707
707
707
707
707
707
707
707
707
707
707
707
707
707
707
707
707
707
707
707
707
707
707
707
707
707
707
707
707
707
707
707
707
707
707
707
707
707
707
707
707
707
707
707
707
707
707
707
707
706
706
706
706
706
706
706
706
706
706
706
706
706
706
706
706
706
706
706
706
706
706
706
706
706
706
706
706
706
706
706
706
706
706
706
706
706
706
706
706
706
706
706
706
706
706
706
706
706
705
705
705
705
705
705
705
705
705
705
705
705
705
705
705
705
705
705
705
705
705
705
705
705
705
705
705
705
705
705
705
705
705
705
705
705
705
705
705
705
705
705
705
705
705
705
705
705
705
705
705
704
704
704
704
704
704
704
704
704
704
704
704
704
704
704
704
704
704
704
704
704
704
704
704
704
704
704
704
704
704
704
704
704
704
704
704
704
704
704
704
704
704
703
703
703
703
703
703
703
703
703
703
703
703
703
703
703
703
703
703
703
703
703
703
703
703
703
703
703
703
703
703
703
703
703
703
703
703
703
703
703
703
703
703
703
703
703
703
703
703
703
702
702
702
702
702
702
702
702
702
702
702
702
702
702
702
702
702
702
702
702
702
702
702
702
702
702
702
702
702
702
702
702
702
702
702
702
702
702
702
702
702
702
702
702
702
702
702
702
701
701
701
701
701
701
701
701
701
701
701
701
701
701
701
701
701
701
701
701
701
701
701
701
701
701
701
701
701
701
701
701
701
701
701
701
701
701
701
701
701
701
701
701
701
701
701
701
701
700
700
700
700
700
700
700
700
700
700
700
700
700
700
700
700
700
700
700
700
700
700
700
700
700
700
700
700
700
700
700
700
700
700
700
700
700
700
700
700
700
700
700
700
700
700
700
700
700
700
700
700
700
700
700
700
700
699
699
699
699
699
699
699
699
699
699
699
699
699
699
699
699
699
699
699
699
699
699
699
699
699
699
699
699
699
699
699
699
699
699
699
699
699
699
699
699
699
699
699
699
699
699
699
699
699
699
699
699
699
698
698
698
698
698
698
698
698
698
698
698
698
698
698
698
698
698
698
698
698
698
698
698
698
698
698
698
698
698
698
698
698
698
698
698
698
698
698
698
698
698
698
698
698
698
698
698
698
698
698
698
698
698
697
697
697
697
697
697
697
697
697
697
697
697
697
697
697
697
697
697
697
697
697
697
697
697
697
697
697
697
697
697
697
697
697
697
697
697
697
697
697
697
697
697
697
697
697
697
697
697
697
696
696
696
696
696
696
696
696
696
696
696
696
696
696
696
696
696
696
696
696
696
696
696
696
696
696
696
696
696
696
696
696
696
696
696
696
696
696
696
696
696
696
696
696
696
696
696
696
696
696
696
696
696
696
696
696
696
696
696
696
696
696
696
695
695
695
695
695
695
695
695
695
695
695
695
695
695
695
695
695
695
695
695
695
695
695
695
695
695
695
695
695
695
695
695
695
695
695
695
695
695
695
695
695
695
695
695
695
695
695
695
694
694
694
694
694
694
694
694
694
694
694
694
694
694
694
694
694
694
694
694
694
694
694
694
694
694
694
694
694
694
694
694
694
694
694
694
694
694
694
694
694
694
694
693
693
693
693
693
693
693
693
693
693
693
693
693
693
693
693
693
693
693
693
693
693
693
693
693
693
693
693
693
693
693
693
693
693
693
693
693
693
693
693
692
692
692
692
692
692
692
692
692
692
692
692
692
692
692
692
692
692
692
692
692
692
692
692
692
692
692
692
692
692
692
692
692
692
692
692
692
692
692
692
692
692
692
692
692
692
692
692
692
691
691
691
691
691
691
691
691
691
691
691
691
691
691
691
691
691
691
691
691
691
691
691
691
691
691
691
691
691
691
691
691
691
691
691
691
691
691
691
691
691
691
691
690
690
690
690
690
690
690
690
690
690
690
690
690
690
690
690
690
690
690
690
690
690
690
690
690
690
690
690
690
690
690
690
690
690
690
690
690
690
690
690
690
690
690
690
690
690
690
689
689
689
689
689
689
689
689
689
689
689
689
689
689
689
689
689
689
689
689
689
689
689
689
689
689
689
689
689
689
689
689
689
689
689
689
689
689
689
689
689
689
689
689
689
688
688
688
688
688
688
688
688
688
688
688
688
688
688
688
688
688
688
688
688
688
688
688
688
688
688
688
688
688
688
688
688
688
688
688
688
688
688
688
688
688
688
688
688
687
687
687
687
687
687
687
687
687
687
687
687
687
687
687
687
687
687
687
687
687
687
687
687
687
687
687
687
687
687
687
687
687
687
687
687
687
687
687
687
687
687
687
687
687
687
686
686
686
686
686
686
686
686
686
686
686
686
686
686
686
686
686
686
686
686
686
686
686
686
686
686
686
686
686
686
686
686
686
686
686
686
686
686
686
686
686
686
686
686
686
686
685
685
685
685
685
685
685
685
685
685
685
685
685
685
685
685
685
685
685
685
685
685
685
685
685
685
685
685
685
685
685
685
685
685
685
685
685
685
685
685
685
685
685
684
684
684
684
684
684
684
684
684
684
684
684
684
684
684
684
684
684
684
684
684
684
684
684
684
684
684
684
684
684
684
684
684
684
684
684
684
684
684
684
684
684
684
683
683
683
683
683
683
683
683
683
683
683
683
683
683
683
683
683
683
683
683
683
683
683
683
683
683
683
683
683
683
683
683
683
683
683
683
683
683
683
682
682
682
682
682
682
682
682
682
682
682
682
682
682
682
682
682
682
682
682
682
682
682
682
682
682
682
682
682
682
682
682
682
682
682
682
682
682
682
682
682
682
682
682
681
681
681
681
681
681
681
681
681
681
681
681
681
681
681
681
681
681
681
681
681
681
681
681
681
681
681
681
681
681
681
681
681
681
681
681
681
681
681
681
681
681
681
681
681
681
681
681
681
681
681
680
680
680
680
680
680
680
680
680
680
680
680
680
680
680
680
680
680
680
680
680
680
680
680
680
680
680
680
680
680
680
680
680
680
680
680
680
680
680
680
680
680
680
680
680
680
680
680
680
680
679
679
679
679
679
679
679
679
679
679
679
679
679
679
679
679
679
679
679
679
679
679
679
679
679
679
679
679
679
679
679
679
679
679
679
679
679
679
679
679
679
679
679
679
679
679
679
679
679
679
679
679
679
679
679
678
678
678
678
678
678
678
678
678
678
678
678
678
678
678
678
678
678
678
678
678
678
678
678
678
678
678
678
678
678
678
678
678
678
678
678
678
678
678
678
678
678
678
678
678
678
678
678
677
677
677
677
677
677
677
677
677
677
677
677
677
677
677
677
677
677
677
677
677
677
677
677
677
677
677
677
677
677
677
677
677
677
677
677
677
677
677
677
677
677
677
677
677
677
677
677
677
677
677
677
677
676
676
676
676
676
676
676
676
676
676
676
676
676
676
676
676
676
676
676
676
676
676
676
676
676
676
676
676
676
676
676
676
676
676
676
676
676
676
676
676
676
676
676
676
676
676
676
676
676
676
675
675
675
675
675
675
675
675
675
675
675
675
675
675
675
675
675
675
675
675
675
675
675
675
675
675
675
675
675
675
675
675
675
675
675
675
675
675
675
675
675
675
675
675
675
675
675
675
675
675
675
675
675
675
674
674
674
674
674
674
674
674
674
674
674
674
674
674
674
674
674
674
674
674
674
674
674
674
674
674
674
674
674
674
674
674
674
674
674
674
674
674
674
674
674
674
674
673
673
673
673
673
673
673
673
673
673
673
673
673
673
673
673
673
673
673
673
673
673
673
673
673
673
673
673
673
673
673
673
673
673
673
673
673
673
673
673
673
673
673
673
673
673
673
673
673
672
672
672
672
672
672
672
672
672
672
672
672
672
672
672
672
672
672
672
672
672
672
672
672
672
672
672
672
672
672
672
672
672
672
672
672
672
672
672
672
672
672
672
672
672
672
672
672
672
672
672
672
672
672
672
672
672
672
672
671
671
671
671
671
671
671
671
671
671
671
671
671
671
671
671
671
671
671
671
671
671
671
671
671
671
671
671
671
671
671
671
671
671
671
671
671
671
671
671
670
670
670
670
670
670
670
670
670
670
670
670
670
670
670
670
670
670
670
670
670
670
670
670
670
670
670
670
670
670
670
670
670
670
670
670
670
670
670
670
670
670
670
670
670
670
670
670
670
670
670
670
670
670
670
670
670
670
670
670
669
669
669
669
669
669
669
669
669
669
669
669
669
669
669
669
669
669
669
669
669
669
669
669
669
669
669
669
669
669
669
669
669
669
669
669
669
669
669
669
669
669
669
669
669
669
669
669
669
669
669
669
669
669
669
669
669
669
669
669
668
668
668
668
668
668
668
668
668
668
668
668
668
668
668
668
668
668
668
668
668
668
668
668
668
668
668
668
668
668
668
668
668
668
668
668
668
668
668
667
667
667
667
667
667
667
667
667
667
667
667
667
667
667
667
667
667
667
667
667
667
667
667
667
667
667
667
667
667
667
667
667
667
667
667
667
667
667
667
667
667
667
667
667
667
667
667
667
667
667
667
667
667
667
667
667
666
666
666
666
666
666
666
666
666
666
666
666
666
666
666
666
666
666
666
666
666
666
666
666
666
666
666
666
666
666
666
666
666
666
666
666
666
666
666
666
666
666
666
666
666
666
666
666
666
666
666
666
666
665
665
665
665
665
665
665
665
665
665
665
665
665
665
665
665
665
665
665
665
665
665
665
665
665
665
665
665
665
665
665
665
665
665
665
665
665
665
665
665
665
665
665
665
665
665
665
665
665
665
664
664
664
664
664
664
664
664
664
664
664
664
664
664
664
664
664
664
664
664
664
664
664
664
664
664
664
664
664
664
664
664
664
664
664
664
664
664
664
664
664
664
664
664
664
664
664
664
664
664
664
664
664
663
663
663
663
663
663
663
663
663
663
663
663
663
663
663
663
663
663
663
663
663
663
663
663
663
663
663
663
663
663
663
663
663
663
663
663
662
662
662
662
662
662
662
662
662
662
662
662
662
662
662
662
662
662
662
662
662
662
662
662
662
662
662
662
662
662
662
662
662
662
662
662
662
662
662
662
662
661
661
661
661
661
661
661
661
661
661
661
661
661
661
661
661
661
661
661
661
661
661
661
661
661
661
661
661
661
661
661
661
661
661
661
661
661
661
661
661
661
661
661
661
661
661
661
661
661
661
661
661
661
661
661
660
660
660
660
660
660
660
660
660
660
660
660
660
660
660
660
660
660
660
660
660
660
660
660
660
660
660
660
660
660
660
660
660
660
660
660
660
660
660
660
660
660
660
660
660
660
660
660
659
659
659
659
659
659
659
659
659
659
659
659
659
659
659
659
659
659
659
659
659
659
659
659
659
659
659
659
659
659
659
659
659
659
659
659
659
659
659
659
659
659
659
659
659
659
659
659
659
659
659
659
659
659
659
659
659
659
659
659
659
659
659
658
658
658
658
658
658
658
658
658
658
658
658
658
658
658
658
658
658
658
658
658
658
658
658
658
658
658
658
658
658
658
658
658
658
658
658
658
658
658
658
658
658
658
658
658
658
658
658
658
658
658
658
658
658
658
658
658
658
657
657
657
657
657
657
657
657
657
657
657
657
657
657
657
657
657
657
657
657
657
657
657
657
657
657
657
657
657
657
657
657
657
657
657
657
657
657
657
657
657
657
657
657
657
657
657
657
657
657
657
657
656
656
656
656
656
656
656
656
656
656
656
656
656
656
656
656
656
656
656
656
656
656
656
656
656
656
656
656
656
656
656
656
656
656
656
656
656
656
656
656
656
655
655
655
655
655
655
655
655
655
655
655
655
655
655
655
655
655
655
655
655
655
655
655
655
655
655
655
655
655
655
655
655
655
655
655
655
655
655
655
655
655
655
655
654
654
654
654
654
654
654
654
654
654
654
654
654
654
654
654
654
654
654
654
654
654
654
654
654
654
654
654
654
654
654
654
654
654
654
654
654
654
654
654
654
654
654
653
653
653
653
653
653
653
653
653
653
653
653
653
653
653
653
653
653
653
653
653
653
653
653
653
653
653
653
653
653
653
653
653
653
653
653
653
653
653
653
653
653
653
653
653
653
653
653
653
653
653
653
653
653
653
653
652
652
652
652
652
652
652
652
652
652
652
652
652
652
652
652
652
652
652
652
652
652
652
652
652
652
652
652
652
652
652
652
652
652
652
652
652
652
652
652
652
652
652
652
652
652
651
651
651
651
651
651
651
651
651
651
651
651
651
651
651
651
651
651
651
651
651
651
651
651
651
651
651
651
651
651
651
651
651
651
651
651
651
651
651
651
651
651
651
651
651
651
651
650
650
650
650
650
650
650
650
650
650
650
650
650
650
650
650
650
650
650
650
650
650
650
650
650
650
650
650
650
650
650
650
650
650
650
650
650
650
650
650
650
650
650
650
650
650
650
650
650
650
650
650
650
650
650
649
649
649
649
649
649
649
649
649
649
649
649
649
649
649
649
649
649
649
649
649
649
649
649
649
649
649
649
649
649
649
649
649
649
649
649
649
649
649
649
649
649
649
649
649
649
649
649
648
648
648
648
648
648
648
648
648
648
648
648
648
648
648
648
648
648
648
648
648
648
648
648
648
648
648
648
648
648
648
648
648
648
648
648
648
648
648
648
648
648
648
648
648
647
647
647
647
647
647
647
647
647
647
647
647
647
647
647
647
647
647
647
647
647
647
647
647
647
647
647
647
647
647
647
647
647
647
647
647
647
647
647
647
647
647
647
646
646
646
646
646
646
646
646
646
646
646
646
646
646
646
646
646
646
646
646
646
646
646
646
646
646
646
646
646
646
646
646
646
646
646
646
646
645
645
645
645
645
645
645
645
645
645
645
645
645
645
645
645
645
645
645
645
645
645
645
645
645
645
645
645
645
645
645
645
645
645
645
645
645
645
645
645
645
645
645
644
644
644
644
644
644
644
644
644
644
644
644
644
644
644
644
644
644
644
644
644
644
644
644
644
644
644
644
644
644
644
644
644
644
644
644
644
644
644
644
644
644
644
644
644
644
644
644
644
644
644
644
644
644
643
643
643
643
643
643
643
643
643
643
643
643
643
643
643
643
643
643
643
643
643
643
643
643
643
643
643
643
643
643
643
643
643
643
643
643
643
643
643
643
643
643
643
643
643
643
643
643
643
643
643
643
643
643
642
642
642
642
642
642
642
642
642
642
642
642
642
642
642
642
642
642
642
642
642
642
642
642
642
642
642
642
642
642
642
642
642
642
642
642
642
642
642
642
642
642
642
641
641
641
641
641
641
641
641
641
641
641
641
641
641
641
641
641
641
641
641
641
641
641
641
641
641
641
641
641
641
641
641
641
641
641
641
641
641
641
641
641
641
641
641
641
641
641
641
641
641
641
641
641
641
641
641
640
640
640
640
640
640
640
640
640
640
640
640
640
640
640
640
640
640
640
640
640
640
640
640
640
640
640
640
640
640
640
640
640
640
640
640
640
640
640
640
640
640
640
640
640
639
639
639
639
639
639
639
639
639
639
639
639
639
639
639
639
639
639
639
639
639
639
639
639
639
639
639
639
639
639
639
639
639
639
639
639
639
639
639
639
639
639
639
639
639
639
639
639
638
638
638
638
638
638
638
638
638
638
638
638
638
638
638
638
638
638
638
638
638
638
638
638
638
638
638
638
638
638
638
638
638
638
638
638
638
638
638
638
638
638
638
638
638
638
638
638
638
638
638
638
638
638
638
638
638
637
637
637
637
637
637
637
637
637
637
637
637
637
637
637
637
637
637
637
637
637
637
637
637
637
637
637
637
637
637
637
637
637
637
637
637
637
637
637
637
637
637
637
637
637
637
637
637
637
637
637
637
637
637
637
637
637
637
637
637
637
637
637
637
636
636
636
636
636
636
636
636
636
636
636
636
636
636
636
636
636
636
636
636
636
636
636
636
636
636
636
636
636
636
636
636
636
636
636
636
636
636
636
636
636
636
636
636
636
636
636
636
636
636
636
636
636
636
636
636
636
636
636
636
636
636
636
635
635
635
635
635
635
635
635
635
635
635
635
635
635
635
635
635
635
635
635
635
635
635
635
635
635
635
635
635
635
635
635
635
635
635
635
635
635
635
635
635
635
635
635
635
635
635
635
635
635
635
634
634
634
634
634
634
634
634
634
634
634
634
634
634
634
634
634
634
634
634
634
634
634
634
634
634
634
634
634
634
634
634
634
634
634
634
634
634
634
634
634
634
634
634
634
633
633
633
633
633
633
633
633
633
633
633
633
633
633
633
633
633
633
633
633
633
633
633
633
633
633
633
633
633
633
633
633
633
633
633
633
633
633
633
633
633
633
633
633
633
633
633
633
633
633
633
633
633
633
632
632
632
632
632
632
632
632
632
632
632
632
632
632
632
632
632
632
632
632
632
632
632
632
632
632
632
632
632
632
632
632
632
632
632
632
632
632
632
632
632
632
632
632
632
631
631
631
631
631
631
631
631
631
631
631
631
631
631
631
631
631
631
631
631
631
631
631
631
631
631
631
631
631
631
631
631
631
631
631
631
631
631
631
631
631
631
631
631
631
631
631
630
630
630
630
630
630
630
630
630
630
630
630
630
630
630
630
630
630
630
630
630
630
630
630
630
630
630
630
630
630
630
630
630
630
630
630
630
630
630
630
630
630
630
630
630
630
630
630
630
629
629
629
629
629
629
629
629
629
629
629
629
629
629
629
629
629
629
629
629
629
629
629
629
629
629
629
629
629
629
629
629
629
629
629
629
629
629
629
628
628
628
628
628
628
628
628
628
628
628
628
628
628
628
628
628
628
628
628
628
628
628
628
628
628
628
628
628
628
628
628
628
628
628
628
628
628
628
628
628
628
628
628
628
628
628
628
628
628
628
628
627
627
627
627
627
627
627
627
627
627
627
627
627
627
627
627
627
627
627
627
627
627
627
627
627
627
627
627
627
627
627
627
627
627
627
627
627
627
627
627
627
627
627
627
627
627
627
627
627
627
627
627
627
626
626
626
626
626
626
626
626
626
626
626
626
626
626
626
626
626
626
626
626
626
626
626
626
626
626
626
626
626
626
626
626
626
626
626
626
626
626
626
626
626
626
626
626
626
626
626
626
626
626
626
626
626
626
625
625
625
625
625
625
625
625
625
625
625
625
625
625
625
625
625
625
625
625
625
625
625
625
625
625
625
625
625
625
625
625
625
625
625
625
625
625
625
625
625
625
625
625
625
625
625
625
625
625
625
625
625
625
625
625
625
624
624
624
624
624
624
624
624
624
624
624
624
624
624
624
624
624
624
624
624
624
624
624
624
624
624
624
624
624
624
624
624
624
624
624
624
624
624
624
624
624
624
624
624
624
624
624
624
624
624
624
624
624
624
624
624
624
624
624
624
624
624
624
624
623
623
623
623
623
623
623
623
623
623
623
623
623
623
623
623
623
623
623
623
623
623
623
623
623
623
623
623
623
623
623
623
623
623
623
623
623
623
623
623
623
623
623
623
623
623
623
623
623
623
623
622
622
622
622
622
622
622
622
622
622
622
622
622
622
622
622
622
622
622
622
622
622
622
622
622
622
622
622
622
622
622
622
622
622
622
622
622
622
622
622
622
622
622
622
622
622
622
622
622
622
622
622
622
622
622
622
622
622
622
622
622
621
621
621
621
621
621
621
621
621
621
621
621
621
621
621
621
621
621
621
621
621
621
621
621
621
621
621
621
621
621
621
621
621
621
621
621
621
621
621
621
621
621
621
621
621
620
620
620
620
620
620
620
620
620
620
620
620
620
620
620
620
620
620
620
620
620
620
620
620
620
620
620
620
620
620
620
620
620
620
620
620
620
620
620
620
620
620
620
620
620
620
620
620
620
620
620
620
619
619
619
619
619
619
619
619
619
619
619
619
619
619
619
619
619
619
619
619
619
619
619
619
619
619
619
619
619
619
619
619
619
619
619
619
619
619
619
619
619
619
619
619
619
619
619
619
619
619
619
619
619
619
619
618
618
618
618
618
618
618
618
618
618
618
618
618
618
618
618
618
618
618
618
618
618
618
618
618
618
618
618
618
618
618
618
618
618
618
618
618
618
618
618
618
617
617
617
617
617
617
617
617
617
617
617
617
617
617
617
617
617
617
617
617
617
617
617
617
617
617
617
617
617
617
617
617
617
617
617
617
617
617
617
617
617
617
617
617
617
617
617
617
617
617
617
617
617
616
616
616
616
616
616
616
616
616
616
616
616
616
616
616
616
616
616
616
616
616
616
616
616
616
616
616
616
616
616
616
616
616
616
616
616
616
616
616
616
616
616
616
616
616
616
616
616
616
616
616
616
616
616
616
616
616
615
615
615
615
615
615
615
615
615
615
615
615
615
615
615
615
615
615
615
615
615
615
615
615
615
615
615
615
615
615
615
615
615
615
615
615
615
615
615
615
615
615
615
615
615
615
615
615
615
615
615
615
615
615
615
615
615
615
615
615
615
614
614
614
614
614
614
614
614
614
614
614
614
614
614
614
614
614
614
614
614
614
614
614
614
614
614
614
614
614
614
614
614
614
614
614
614
614
614
614
614
614
614
614
614
614
614
614
614
614
613
613
613
613
613
613
613
613
613
613
613
613
613
613
613
613
613
613
613
613
613
613
613
613
613
613
613
613
613
613
613
613
613
613
613
613
613
613
613
613
613
613
613
613
613
613
613
612
612
612
612
612
612
612
612
612
612
612
612
612
612
612
612
612
612
612
612
612
612
612
612
612
612
612
612
612
612
612
612
612
612
612
612
612
612
612
612
612
612
612
612
612
612
611
611
611
611
611
611
611
611
611
611
611
611
611
611
611
611
611
611
611
611
611
611
611
611
611
611
611
611
611
611
611
611
611
611
611
611
611
611
611
611
611
611
611
610
610
610
610
610
610
610
610
610
610
610
610
610
610
610
610
610
610
610
610
610
610
610
610
610
610
610
610
610
610
610
610
610
610
610
610
610
610
610
610
610
610
610
610
610
610
610
610
610
610
610
610
610
609
609
609
609
609
609
609
609
609
609
609
609
609
609
609
609
609
609
609
609
609
609
609
609
609
609
609
609
609
609
609
609
609
609
609
609
609
609
609
609
609
609
609
609
609
609
609
609
609
609
609
609
609
609
609
609
609
609
609
609
609
609
608
608
608
608
608
608
608
608
608
608
608
608
608
608
608
608
608
608
608
608
608
608
608
608
608
608
608
608
608
608
608
608
608
608
608
608
608
608
608
608
608
608
608
608
608
608
608
608
608
608
608
608
608
607
607
607
607
607
607
607
607
607
607
607
607
607
607
607
607
607
607
607
607
607
607
607
607
607
607
607
607
607
607
607
607
607
607
607
607
607
607
607
607
607
607
607
607
607
607
607
606
606
606
606
606
606
606
606
606
606
606
606
606
606
606
606
606
606
606
606
606
606
606
606
606
606
606
606
606
606
606
606
606
606
606
606
606
606
606
606
606
606
606
606
606
606
606
606
606
606
606
606
606
606
606
606
605
605
605
605
605
605
605
605
605
605
605
605
605
605
605
605
605
605
605
605
605
605
605
605
605
605
605
605
605
605
605
605
605
605
605
605
605
605
605
605
605
605
605
605
605
605
605
605
605
605
605
605
604
604
604
604
604
604
604
604
604
604
604
604
604
604
604
604
604
604
604
604
604
604
604
604
604
604
604
604
604
604
604
604
604
604
604
604
604
604
604
604
604
604
604
604
604
604
604
604
604
604
604
604
604
604
604
604
603
603
603
603
603
603
603
603
603
603
603
603
603
603
603
603
603
603
603
603
603
603
603
603
603
603
603
603
603
603
603
603
603
603
603
603
603
603
603
603
603
603
603
603
603
603
603
603
603
603
603
603
603
603
603
603
603
602
602
602
602
602
602
602
602
602
602
602
602
602
602
602
602
602
602
602
602
602
602
602
602
602
602
602
602
602
602
602
602
602
602
602
602
602
602
602
602
602
602
602
602
602
602
602
602
601
601
601
601
601
601
601
601
601
601
601
601
601
601
601
601
601
601
601
601
601
601
601
601
601
601
601
601
601
601
601
601
601
601
601
601
601
601
601
601
601
601
601
601
601
601
601
601
601
601
601
601
601
601
601
601
601
601
601
601
601
601
601
601
601
600
600
600
600
600
600
600
600
600
600
600
600
600
600
600
600
600
600
600
600
600
600
600
600
600
600
600
600
600
600
600
600
600
600
600
600
600
600
600
600
600
600
600
600
600
600
600
600
600
600
600
600
600
600
600
599
599
599
599
599
599
599
599
599
599
599
599
599
599
599
599
599
599
599
599
599
599
599
599
599
599
599
599
599
599
599
599
599
599
599
599
599
599
599
599
599
599
599
599
599
599
599
599
598
598
598
598
598
598
598
598
598
598
598
598
598
598
598
598
598
598
598
598
598
598
598
598
598
598
598
598
598
598
598
598
598
598
598
598
598
598
598
598
598
598
598
598
598
598
598
598
598
598
598
597
597
597
597
597
597
597
597
597
597
597
597
597
597
597
597
597
597
597
597
597
597
597
597
597
597
597
597
597
597
597
597
597
597
597
597
597
597
597
597
597
597
597
597
597
597
597
597
597
597
597
597
596
596
596
596
596
596
596
596
596
596
596
596
596
596
596
596
596
596
596
596
596
596
596
596
596
596
596
596
596
596
596
596
596
596
596
596
596
596
596
596
596
596
596
596
596
596
596
596
596
596
596
596
596
596
596
596
596
596
596
595
595
595
595
595
595
595
595
595
595
595
595
595
595
595
595
595
595
595
595
595
595
595
595
595
595
595
595
595
595
595
595
595
595
595
595
595
595
595
595
595
595
595
595
595
595
595
595
595
595
595
595
595
594
594
594
594
594
594
594
594
594
594
594
594
594
594
594
594
594
594
594
594
594
594
594
594
594
594
594
594
594
594
594
594
594
594
594
594
594
594
594
594
594
594
594
594
594
594
594
594
594
594
594
594
594
594
594
594
593
593
593
593
593
593
593
593
593
593
593
593
593
593
593
593
593
593
593
593
593
593
593
593
593
593
593
593
593
593
593
593
593
593
593
593
593
593
593
593
593
593
593
593
593
592
592
592
592
592
592
592
592
592
592
592
592
592
592
592
592
592
592
592
592
592
592
592
592
592
592
592
592
592
592
592
592
592
592
592
592
592
592
592
592
592
592
592
592
592
592
591
591
591
591
591
591
591
591
591
591
591
591
591
591
591
591
591
591
591
591
591
591
591
591
591
591
591
591
591
591
591
591
591
591
591
591
591
591
591
591
591
591
591
591
591
591
591
591
591
591
591
591
591
591
591
591
590
590
590
590
590
590
590
590
590
590
590
590
590
590
590
590
590
590
590
590
590
590
590
590
590
590
590
590
590
590
590
590
590
590
590
590
590
590
590
590
590
590
590
590
590
590
590
590
590
590
590
590
590
590
590
590
590
590
590
590
590
589
589
589
589
589
589
589
589
589
589
589
589
589
589
589
589
589
589
589
589
589
589
589
589
589
589
589
589
589
589
589
589
589
589
589
589
589
589
589
589
589
588
588
588
588
588
588
588
588
588
588
588
588
588
588
588
588
588
588
588
588
588
588
588
588
588
588
588
588
588
588
588
588
588
588
588
588
588
588
588
588
588
588
588
588
588
588
588
588
588
588
588
587
587
587
587
587
587
587
587
587
587
587
587
587
587
587
587
587
587
587
587
587
587
587
587
587
587
587
587
587
587
587
587
587
587
587
587
587
587
587
587
587
587
587
587
587
587
587
587
587
587
587
587
587
587
587
586
586
586
586
586
586
586
586
586
586
586
586
586
586
586
586
586
586
586
586
586
586
586
586
586
586
586
586
586
586
586
586
586
586
586
586
586
586
586
586
586
586
586
586
586
585
585
585
585
585
585
585
585
585
585
585
585
585
585
585
585
585
585
585
585
585
585
585
585
585
585
585
585
585
585
585
585
585
585
585
585
585
585
585
585
585
585
585
585
585
585
585
585
585
585
584
584
584
584
584
584
584
584
584
584
584
584
584
584
584
584
584
584
584
584
584
584
584
584
584
584
584
584
584
584
584
584
584
584
584
584
584
584
584
584
584
584
584
584
584
584
584
584
584
584
584
584
584
584
584
584
584
584
584
584
584
584
584
583
583
583
583
583
583
583
583
583
583
583
583
583
583
583
583
583
583
583
583
583
583
583
583
583
583
583
583
583
583
583
583
583
583
583
583
583
583
583
582
582
582
582
582
582
582
582
582
582
582
582
582
582
582
582
582
582
582
582
582
582
582
582
582
582
582
582
582
582
582
582
582
582
582
582
582
582
582
582
582
582
582
582
582
582
582
582
582
582
582
582
582
582
582
582
582
582
582
581
581
581
581
581
581
581
581
581
581
581
581
581
581
581
581
581
581
581
581
581
581
581
581
581
581
581
581
581
581
581
581
581
581
581
581
581
581
581
581
581
581
581
581
581
581
581
581
581
581
581
581
581
581
581
581
581
581
580
580
580
580
580
580
580
580
580
580
580
580
580
580
580
580
580
580
580
580
580
580
580
580
580
580
580
580
580
580
580
580
580
580
580
580
580
580
580
580
580
580
580
580
580
580
580
580
580
580
580
580
580
580
579
579
579
579
579
579
579
579
579
579
579
579
579
579
579
579
579
579
579
579
579
579
579
579
579
579
579
579
579
579
579
579
579
579
579
579
579
579
579
579
579
579
579
579
579
579
579
579
579
579
579
579
579
579
579
579
579
579
579
579
578
578
578
578
578
578
578
578
578
578
578
578
578
578
578
578
578
578
578
578
578
578
578
578
578
578
578
578
578
578
578
578
578
578
578
578
578
578
578
578
578
578
578
578
578
578
578
578
578
578
578
578
578
578
578
578
578
577
577
577
577
577
577
577
577
577
577
577
577
577
577
577
577
577
577
577
577
577
577
577
577
577
577
577
577
577
577
577
577
577
577
577
577
577
577
577
577
577
577
577
577
577
577
577
577
577
577
577
577
577
577
577
577
577
577
576
576
576
576
576
576
576
576
576
576
576
576
576
576
576
576
576
576
576
576
576
576
576
576
576
576
576
576
576
576
576
576
576
576
576
576
576
576
576
576
576
576
576
576
576
576
576
576
576
576
576
576
576
576
576
576
576
576
575
575
575
575
575
575
575
575
575
575
575
575
575
575
575
575
575
575
575
575
575
575
575
575
575
575
575
575
575
575
575
575
575
575
575
575
575
575
575
575
575
575
575
575
575
575
575
575
575
575
575
575
575
574
574
574
574
574
574
574
574
574
574
574
574
574
574
574
574
574
574
574
574
574
574
574
574
574
574
574
574
574
574
574
574
574
574
574
574
574
574
574
574
574
574
574
574
574
574
574
574
574
574
574
574
574
574
574
574
574
573
573
573
573
573
573
573
573
573
573
573
573
573
573
573
573
573
573
573
573
573
573
573
573
573
573
573
573
573
573
573
573
573
573
573
573
573
573
573
573
573
573
573
572
572
572
572
572
572
572
572
572
572
572
572
572
572
572
572
572
572
572
572
572
572
572
572
572
572
572
572
572
572
572
572
572
572
572
572
572
572
572
572
572
572
572
572
572
572
572
572
572
572
572
572
572
572
572
572
572
572
572
572
572
572
571
571
571
571
571
571
571
571
571
571
571
571
571
571
571
571
571
571
571
571
571
571
571
571
571
571
571
571
571
571
571
571
571
571
571
571
571
571
571
571
571
571
571
571
571
571
571
571
571
571
571
571
571
571
571
571
571
571
571
570
570
570
570
570
570
570
570
570
570
570
570
570
570
570
570
570
570
570
570
570
570
570
570
570
570
570
570
570
570
570
570
570
570
570
570
570
570
570
570
570
570
570
570
570
570
570
570
570
570
570
570
570
570
570
570
569
569
569
569
569
569
569
569
569
569
569
569
569
569
569
569
569
569
569
569
569
569
569
569
569
569
569
569
569
569
569
569
569
569
569
569
569
569
569
569
569
569
569
569
569
569
569
569
569
569
568
568
568
568
568
568
568
568
568
568
568
568
568
568
568
568
568
568
568
568
568
568
568
568
568
568
568
568
568
568
568
568
568
568
568
568
568
568
568
568
568
568
568
568
568
568
568
568
568
568
568
568
568
568
568
568
567
567
567
567
567
567
567
567
567
567
567
567
567
567
567
567
567
567
567
567
567
567
567
567
567
567
567
567
567
567
567
567
567
567
567
567
567
567
567
567
567
567
567
567
567
567
567
566
566
566
566
566
566
566
566
566
566
566
566
566
566
566
566
566
566
566
566
566
566
566
566
566
566
566
566
566
566
566
566
566
566
566
566
566
566
566
566
566
566
566
566
566
566
566
566
566
566
566
566
566
566
566
566
566
566
566
566
566
565
565
565
565
565
565
565
565
565
565
565
565
565
565
565
565
565
565
565
565
565
565
565
565
565
565
565
565
565
565
565
565
565
565
565
565
565
565
565
565
565
565
565
565
565
565
565
565
565
565
565
565
565
565
565
565
565
565
565
565
565
565
564
564
564
564
564
564
564
564
564
564
564
564
564
564
564
564
564
564
564
564
564
564
564
564
564
564
564
564
564
564
564
564
564
564
564
564
564
564
564
564
564
564
564
564
564
564
564
564
564
564
563
563
563
563
563
563
563
563
563
563
563
563
563
563
563
563
563
563
563
563
563
563
563
563
563
563
563
563
563
563
563
563
563
563
563
563
563
563
563
563
563
563
563
563
563
563
563
563
563
563
563
563
563
563
563
563
563
562
562
562
562
562
562
562
562
562
562
562
562
562
562
562
562
562
562
562
562
562
562
562
562
562
562
562
562
562
562
562
562
562
562
562
562
562
562
562
562
562
562
562
562
562
562
562
562
562
562
562
562
562
562
562
561
561
561
561
561
561
561
561
561
561
561
561
561
561
561
561
561
561
561
561
561
561
561
561
561
561
561
561
561
561
561
561
561
561
561
561
561
561
561
561
561
561
561
561
561
561
561
561
561
561
560
560
560
560
560
560
560
560
560
560
560
560
560
560
560
560
560
560
560
560
560
560
560
560
560
560
560
560
560
560
560
560
560
560
560
560
560
560
560
560
560
560
560
560
560
560
560
560
560
560
560
560
560
560
559
559
559
559
559
559
559
559
559
559
559
559
559
559
559
559
559
559
559
559
559
559
559
559
559
559
559
559
559
559
559
559
559
559
559
559
559
559
559
559
559
559
559
559
559
559
559
559
559
559
559
559
558
558
558
558
558
558
558
558
558
558
558
558
558
558
558
558
558
558
558
558
558
558
558
558
558
558
558
558
558
558
558
558
558
558
558
558
558
558
558
558
558
558
558
558
558
558
558
558
557
557
557
557
557
557
557
557
557
557
557
557
557
557
557
557
557
557
557
557
557
557
557
557
557
557
557
557
557
557
557
557
557
557
557
557
557
557
557
557
557
557
557
557
557
557
557
557
557
557
557
557
557
557
557
557
557
557
556
556
556
556
556
556
556
556
556
556
556
556
556
556
556
556
556
556
556
556
556
556
556
556
556
556
556
556
556
556
556
556
556
556
556
556
556
556
556
556
556
556
556
556
556
556
556
556
556
556
556
556
555
555
555
555
555
555
555
555
555
555
555
555
555
555
555
555
555
555
555
555
555
555
555
555
555
555
555
555
555
555
555
555
555
555
555
555
555
555
555
555
555
555
555
555
555
555
555
555
555
555
555
555
555
555
555
555
554
554
554
554
554
554
554
554
554
554
554
554
554
554
554
554
554
554
554
554
554
554
554
554
554
554
554
554
554
554
554
554
554
554
554
554
554
554
554
554
554
554
554
554
554
554
554
554
554
554
554
554
554
554
554
554
554
554
554
553
553
553
553
553
553
553
553
553
553
553
553
553
553
553
553
553
553
553
553
553
553
553
553
553
553
553
553
553
553
553
553
553
553
553
553
553
553
553
553
553
553
553
553
553
553
553
553
553
553
553
553
553
553
553
553
553
553
553
553
553
553
553
553
552
552
552
552
552
552
552
552
552
552
552
552
552
552
552
552
552
552
552
552
552
552
552
552
552
552
552
552
552
552
552
552
552
552
552
552
552
552
552
552
552
552
552
552
552
552
551
551
551
551
551
551
551
551
551
551
551
551
551
551
551
551
551
551
551
551
551
551
551
551
551
551
551
551
551
551
551
551
551
551
551
551
551
551
551
551
551
551
551
551
551
551
551
551
551
551
551
551
551
551
550
550
550
550
550
550
550
550
550
550
550
550
550
550
550
550
550
550
550
550
550
550
550
550
550
550
550
550
550
550
550
550
550
550
550
550
550
550
550
550
550
550
550
550
550
550
550
550
549
549
549
549
549
549
549
549
549
549
549
549
549
549
549
549
549
549
549
549
549
549
549
549
549
549
549
549
549
549
549
549
549
549
549
549
549
549
549
549
549
549
549
549
549
549
549
549
549
549
549
549
549
548
548
548
548
548
548
548
548
548
548
548
548
548
548
548
548
548
548
548
548
548
548
548
548
548
548
548
548
548
548
548
548
548
548
548
548
548
548
548
548
548
548
548
548
548
547
547
547
547
547
547
547
547
547
547
547
547
547
547
547
547
547
547
547
547
547
547
547
547
547
547
547
547
547
547
547
547
547
547
547
547
547
547
547
547
547
547
547
547
547
547
547
547
547
547
546
546
546
546
546
546
546
546
546
546
546
546
546
546
546
546
546
546
546
546
546
546
546
546
546
546
546
546
546
546
546
546
546
546
546
546
546
546
546
546
546
546
546
546
546
546
546
545
545
545
545
545
545
545
545
545
545
545
545
545
545
545
545
545
545
545
545
545
545
545
545
545
545
545
545
545
545
545
545
545
545
545
545
545
545
545
545
545
545
545
545
545
545
545
545
545
544
544
544
544
544
544
544
544
544
544
544
544
544
544
544
544
544
544
544
544
544
544
544
544
544
544
544
544
544
544
544
544
544
544
544
544
544
544
544
544
544
544
544
544
544
544
544
543
543
543
543
543
543
543
543
543
543
543
543
543
543
543
543
543
543
543
543
543
543
543
543
543
543
543
543
543
543
543
543
543
543
543
543
543
543
543
543
543
543
543
543
543
543
543
543
542
542
542
542
542
542
542
542
542
542
542
542
542
542
542
542
542
542
542
542
542
542
542
542
542
542
542
542
542
542
542
542
542
542
542
542
542
542
542
542
542
542
542
542
542
542
541
541
541
541
541
541
541
541
541
541
541
541
541
541
541
541
541
541
541
541
541
541
541
541
541
541
541
541
541
541
541
541
541
541
541
541
541
541
541
541
541
541
541
541
541
541
541
541
541
541
541
541
541
541
541
541
541
541
540
540
540
540
540
540
540
540
540
540
540
540
540
540
540
540
540
540
540
540
540
540
540
540
540
540
540
540
540
540
540
540
540
540
540
540
540
540
540
540
540
540
540
540
540
540
540
540
540
540
540
540
540
540
540
540
540
540
540
540
539
539
539
539
539
539
539
539
539
539
539
539
539
539
539
539
539
539
539
539
539
539
539
539
539
539
539
539
539
539
539
539
539
539
539
539
539
539
539
539
539
539
539
539
539
539
539
539
539
539
539
539
539
539
539
539
539
539
539
539
539
539
539
539
539
539
538
538
538
538
538
538
538
538
538
538
538
538
538
538
538
538
538
538
538
538
538
538
538
538
538
538
538
538
538
538
538
538
538
538
538
538
538
538
538
538
538
538
538
538
538
538
538
538
538
538
538
538
538
538
537
537
537
537
537
537
537
537
537
537
537
537
537
537
537
537
537
537
537
537
537
537
537
537
537
537
537
537
537
537
537
537
537
537
537
537
537
537
537
537
537
537
537
537
537
537
537
537
537
537
536
536
536
536
536
536
536
536
536
536
536
536
536
536
536
536
536
536
536
536
536
536
536
536
536
536
536
536
536
536
536
536
536
536
536
536
536
536
536
536
536
535
535
535
535
535
535
535
535
535
535
535
535
535
535
535
535
535
535
535
535
535
535
535
535
535
535
535
535
535
535
535
535
535
535
535
535
535
535
535
535
535
535
535
535
535
535
535
535
535
535
535
535
534
534
534
534
534
534
534
534
534
534
534
534
534
534
534
534
534
534
534
534
534
534
534
534
534
534
534
534
534
534
534
534
534
534
534
534
534
534
534
534
534
534
534
534
534
534
534
534
534
534
534
534
534
534
534
533
533
533
533
533
533
533
533
533
533
533
533
533
533
533
533
533
533
533
533
533
533
533
533
533
533
533
533
533
533
533
533
533
533
533
533
533
533
533
533
533
533
533
533
533
533
533
533
533
533
533
533
533
532
532
532
532
532
532
532
532
532
532
532
532
532
532
532
532
532
532
532
532
532
532
532
532
532
532
532
532
532
532
532
532
532
532
532
532
532
532
532
532
532
532
532
531
531
531
531
531
531
531
531
531
531
531
531
531
531
531
531
531
531
531
531
531
531
531
531
531
531
531
531
531
531
531
531
531
531
531
531
531
531
531
531
531
531
531
530
530
530
530
530
530
530
530
530
530
530
530
530
530
530
530
530
530
530
530
530
530
530
530
530
530
530
530
530
530
530
530
530
530
530
530
530
530
530
530
530
530
530
530
530
530
530
530
530
530
530
530
530
529
529
529
529
529
529
529
529
529
529
529
529
529
529
529
529
529
529
529
529
529
529
529
529
529
529
529
529
529
529
529
529
529
529
529
529
529
529
529
529
529
529
529
529
529
528
528
528
528
528
528
528
528
528
528
528
528
528
528
528
528
528
528
528
528
528
528
528
528
528
528
528
528
528
528
528
528
528
528
528
528
528
528
528
528
528
528
528
528
528
528
528
527
527
527
527
527
527
527
527
527
527
527
527
527
527
527
527
527
527
527
527
527
527
527
527
527
527
527
527
527
527
527
527
527
527
527
527
527
527
527
527
527
527
527
527
527
527
527
527
527
527
527
527
527
527
527
527
527
526
526
526
526
526
526
526
526
526
526
526
526
526
526
526
526
526
526
526
526
526
526
526
526
526
526
526
526
526
526
526
526
526
526
526
526
526
526
526
526
526
526
526
526
526
526
526
526
526
526
526
526
526
526
526
526
526
526
526
526
526
526
526
526
526
526
525
525
525
525
525
525
525
525
525
525
525
525
525
525
525
525
525
525
525
525
525
525
525
525
525
525
525
525
525
525
525
525
525
525
525
524
524
524
524
524
524
524
524
524
524
524
524
524
524
524
524
524
524
524
524
524
524
524
524
524
524
524
524
524
524
524
524
524
524
524
524
524
524
524
524
524
524
524
524
524
524
524
524
524
524
524
524
523
523
523
523
523
523
523
523
523
523
523
523
523
523
523
523
523
523
523
523
523
523
523
523
523
523
523
523
523
523
523
523
523
523
523
523
523
523
523
523
523
523
523
523
523
523
523
523
523
523
522
522
522
522
522
522
522
522
522
522
522
522
522
522
522
522
522
522
522
522
522
522
522
522
522
522
522
522
522
522
522
522
522
522
522
522
522
522
522
522
522
522
522
522
522
522
522
522
522
521
521
521
521
521
521
521
521
521
521
521
521
521
521
521
521
521
521
521
521
521
521
521
521
521
521
521
521
521
521
521
521
521
521
521
521
521
521
521
521
521
521
521
521
521
521
521
521
521
521
521
521
521
521
521
521
521
520
520
520
520
520
520
520
520
520
520
520
520
520
520
520
520
520
520
520
520
520
520
520
520
520
520
520
520
520
520
520
520
520
520
520
520
520
520
520
520
520
520
520
520
520
520
519
519
519
519
519
519
519
519
519
519
519
519
519
519
519
519
519
519
519
519
519
519
519
519
519
519
519
519
519
519
519
519
519
519
519
519
519
519
519
519
519
518
518
518
518
518
518
518
518
518
518
518
518
518
518
518
518
518
518
518
518
518
518
518
518
518
518
518
518
518
518
518
518
518
518
518
518
518
518
518
518
518
518
518
518
518
518
518
518
518
518
518
518
518
518
518
518
518
518
517
517
517
517
517
517
517
517
517
517
517
517
517
517
517
517
517
517
517
517
517
517
517
517
517
517
517
517
517
517
517
517
517
517
517
517
517
517
517
516
516
516
516
516
516
516
516
516
516
516
516
516
516
516
516
516
516
516
516
516
516
516
516
516
516
516
516
516
516
516
516
516
516
516
516
516
516
516
516
516
516
516
516
516
516
516
516
516
516
516
516
516
516
516
516
516
516
516
516
516
516
516
516
516
516
516
516
516
516
515
515
515
515
515
515
515
515
515
515
515
515
515
515
515
515
515
515
515
515
515
515
515
515
515
515
515
515
515
515
515
515
515
515
515
515
515
515
515
515
515
515
515
515
515
515
515
515
515
515
515
515
515
515
515
515
515
515
515
515
515
515
515
515
514
514
514
514
514
514
514
514
514
514
514
514
514
514
514
514
514
514
514
514
514
514
514
514
514
514
514
514
514
514
514
514
514
514
514
514
514
514
514
514
514
514
514
514
514
514
514
513
513
513
513
513
513
513
513
513
513
513
513
513
513
513
513
513
513
513
513
513
513
513
513
513
513
513
513
513
513
513
513
513
513
513
513
513
513
513
513
513
513
513
513
513
513
513
513
513
513
513
513
513
513
513
513
513
513
513
513
513
513
512
512
512
512
512
512
512
512
512
512
512
512
512
512
512
512
512
512
512
512
512
512
512
512
512
512
512
512
512
512
512
512
512
512
512
512
512
512
512
512
512
512
512
512
512
512
512
512
512
512
512
512
512
512
512
512
512
512
512
512
512
512
512
512
511
511
511
511
511
511
511
511
511
511
511
511
511
511
511
511
511
511
511
511
511
511
511
511
511
511
511
511
511
511
511
511
511
511
511
511
511
511
511
511
511
511
511
511
511
511
511
511
511
511
511
511
511
511
511
511
511
511
511
511
511
511
511
510
510
510
510
510
510
510
510
510
510
510
510
510
510
510
510
510
510
510
510
510
510
510
510
510
510
510
510
510
510
510
510
510
510
510
510
510
510
510
510
510
510
510
510
509
509
509
509
509
509
509
509
509
509
509
509
509
509
509
509
509
509
509
509
509
509
509
509
509
509
509
509
509
509
509
509
509
509
509
509
509
509
509
509
509
509
509
509
509
509
509
509
509
509
509
509
509
509
509
508
508
508
508
508
508
508
508
508
508
508
508
508
508
508
508
508
508
508
508
508
508
508
508
508
508
508
508
508
508
508
508
508
508
508
508
508
508
508
508
508
508
508
508
508
508
508
508
508
508
507
507
507
507
507
507
507
507
507
507
507
507
507
507
507
507
507
507
507
507
507
507
507
507
507
507
507
507
507
507
507
507
507
507
507
507
507
507
507
507
507
507
507
507
506
506
506
506
506
506
506
506
506
506
506
506
506
506
506
506
506
506
506
506
506
506
506
506
506
506
506
506
506
506
506
506
506
506
506
506
506
506
506
506
506
506
506
506
506
506
506
506
506
506
506
506
506
506
506
506
506
505
505
505
505
505
505
505
505
505
505
505
505
505
505
505
505
505
505
505
505
505
505
505
505
505
505
505
505
505
505
505
505
505
505
505
505
505
505
505
505
505
505
505
505
505
505
505
505
505
505
505
505
505
505
505
505
505
505
505
505
505
505
504
504
504
504
504
504
504
504
504
504
504
504
504
504
504
504
504
504
504
504
504
504
504
504
504
504
504
504
504
504
504
504
504
504
504
504
504
504
504
504
504
504
504
504
504
503
503
503
503
503
503
503
503
503
503
503
503
503
503
503
503
503
503
503
503
503
503
503
503
503
503
503
503
503
503
503
503
503
503
503
503
503
503
503
503
503
503
503
503
503
503
503
503
503
503
502
502
502
502
502
502
502
502
502
502
502
502
502
502
502
502
502
502
502
502
502
502
502
502
502
502
502
502
502
502
502
502
502
502
502
502
502
502
502
502
502
502
502
502
502
502
502
502
502
502
502
502
502
502
502
502
502
502
502
502
502
502
501
501
501
501
501
501
501
501
501
501
501
501
501
501
501
501
501
501
501
501
501
501
501
501
501
501
501
501
501
501
501
501
501
501
501
500
500
500
500
500
500
500
500
500
500
500
500
500
500
500
500
500
500
500
500
500
500
500
500
500
500
500
500
500
500
500
500
500
500
500
500
500
500
500
500
500
500
500
500
500
499
499
499
499
499
499
499
499
499
499
499
499
499
499
499
499
499
499
499
499
499
499
499
499
499
499
499
499
499
499
499
499
499
499
499
499
499
499
499
499
499
499
499
499
499
499
498
498
498
498
498
498
498
498
498
498
498
498
498
498
498
498
498
498
498
498
498
498
498
498
498
498
498
498
498
498
498
498
498
498
498
498
498
498
498
498
498
498
498
498
498
498
498
498
498
498
498
498
497
497
497
497
497
497
497
497
497
497
497
497
497
497
497
497
497
497
497
497
497
497
497
497
497
497
497
497
497
497
497
497
497
497
497
497
497
497
497
496
496
496
496
496
496
496
496
496
496
496
496
496
496
496
496
496
496
496
496
496
496
496
496
496
496
496
496
496
496
496
496
496
496
496
496
496
495
495
495
495
495
495
495
495
495
495
495
495
495
495
495
495
495
495
495
495
495
495
495
495
495
495
495
495
495
495
495
495
495
495
495
495
495
495
495
495
495
495
495
495
495
495
495
495
495
495
495
495
495
495
495
495
495
495
494
494
494
494
494
494
494
494
494
494
494
494
494
494
494
494
494
494
494
494
494
494
494
494
494
494
494
494
494
494
494
494
494
494
494
494
494
494
494
494
494
494
494
493
493
493
493
493
493
493
493
493
493
493
493
493
493
493
493
493
493
493
493
493
493
493
493
493
493
493
493
493
493
493
493
493
493
493
493
493
493
493
493
493
492
492
492
492
492
492
492
492
492
492
492
492
492
492
492
492
492
492
492
492
492
492
492
492
492
492
492
492
492
492
492
492
492
492
492
492
492
492
492
492
492
492
492
492
492
492
492
492
492
491
491
491
491
491
491
491
491
491
491
491
491
491
491
491
491
491
491
491
491
491
491
491
491
491
491
491
491
491
491
491
491
491
491
491
491
491
491
491
491
491
491
491
491
491
491
491
490
490
490
490
490
490
490
490
490
490
490
490
490
490
490
490
490
490
490
490
490
490
490
490
490
490
490
490
490
490
490
490
490
490
490
490
490
490
489
489
489
489
489
489
489
489
489
489
489
489
489
489
489
489
489
489
489
489
489
489
489
489
489
489
489
489
489
489
489
489
489
489
489
489
489
489
489
489
489
489
489
489
489
489
489
489
489
489
489
489
489
489
489
489
489
488
488
488
488
488
488
488
488
488
488
488
488
488
488
488
488
488
488
488
488
488
488
488
488
488
488
488
488
488
488
488
488
488
488
488
488
488
488
488
488
488
488
488
488
487
487
487
487
487
487
487
487
487
487
487
487
487
487
487
487
487
487
487
487
487
487
487
487
487
487
487
487
487
487
487
487
487
487
487
487
487
487
487
487
487
487
487
487
487
487
487
487
487
486
486
486
486
486
486
486
486
486
486
486
486
486
486
486
486
486
486
486
486
486
486
486
486
486
486
486
486
486
486
486
486
486
486
486
486
486
486
486
486
486
486
486
486
486
486
486
486
486
486
486
485
485
485
485
485
485
485
485
485
485
485
485
485
485
485
485
485
485
485
485
485
485
485
485
485
485
485
485
485
485
485
485
485
485
485
485
485
485
485
485
485
485
485
485
485
485
485
485
485
484
484
484
484
484
484
484
484
484
484
484
484
484
484
484
484
484
484
484
484
484
484
484
484
484
484
484
484
484
484
484
484
484
484
484
484
484
484
484
484
484
484
484
484
484
483
483
483
483
483
483
483
483
483
483
483
483
483
483
483
483
483
483
483
483
483
483
483
483
483
483
483
483
483
483
483
483
483
483
483
483
483
483
483
483
483
483
483
483
483
482
482
482
482
482
482
482
482
482
482
482
482
482
482
482
482
482
482
482
482
482
482
482
482
482
482
482
482
482
482
482
482
482
482
482
482
482
482
482
482
482
482
482
482
482
482
482
482
482
482
482
482
482
482
482
482
482
482
482
481
481
481
481
481
481
481
481
481
481
481
481
481
481
481
481
481
481
481
481
481
481
481
481
481
481
481
481
481
481
481
481
481
481
481
481
481
481
481
481
481
481
481
481
481
480
480
480
480
480
480
480
480
480
480
480
480
480
480
480
480
480
480
480
480
480
480
480
480
480
480
480
480
480
480
480
480
480
480
480
480
480
480
480
480
480
480
480
480
480
480
480
480
480
480
480
480
480
480
480
479
479
479
479
479
479
479
479
479
479
479
479
479
479
479
479
479
479
479
479
479
479
479
479
479
479
479
479
479
479
479
479
479
479
479
479
479
479
479
479
479
479
479
479
479
479
479
479
479
478
478
478
478
478
478
478
478
478
478
478
478
478
478
478
478
478
478
478
478
478
478
478
478
478
478
478
478
478
478
478
478
478
478
478
478
478
478
478
478
478
478
477
477
477
477
477
477
477
477
477
477
477
477
477
477
477
477
477
477
477
477
477
477
477
477
477
477
477
477
477
477
477
477
477
477
477
477
476
476
476
476
476
476
476
476
476
476
476
476
476
476
476
476
476
476
476
476
476
476
476
476
476
476
476
476
476
476
476
476
476
476
476
476
476
476
476
476
476
476
476
475
475
475
475
475
475
475
475
475
475
475
475
475
475
475
475
475
475
475
475
475
475
475
475
475
475
475
475
475
475
475
475
475
475
475
475
475
475
475
475
475
475
475
475
475
475
475
475
475
475
474
474
474
474
474
474
474
474
474
474
474
474
474
474
474
474
474
474
474
474
474
474
474
474
474
474
474
474
474
474
474
474
474
474
474
474
474
474
473
473
473
473
473
473
473
473
473
473
473
473
473
473
473
473
473
473
473
473
473
473
473
473
473
473
473
473
473
473
473
473
473
473
473
473
473
473
473
473
473
473
473
473
473
473
473
473
473
473
473
472
472
472
472
472
472
472
472
472
472
472
472
472
472
472
472
472
472
472
472
472
472
472
472
472
472
472
472
472
472
472
472
472
472
472
472
472
472
472
472
472
472
472
472
472
472
472
472
471
471
471
471
471
471
471
471
471
471
471
471
471
471
471
471
471
471
471
471
471
471
471
471
471
471
471
471
471
471
471
471
471
471
471
471
471
471
471
471
471
471
471
471
471
471
471
471
471
471
470
470
470
470
470
470
470
470
470
470
470
470
470
470
470
470
470
470
470
470
470
470
470
470
470
470
470
470
470
470
470
470
470
470
470
470
470
470
470
470
469
469
469
469
469
469
469
469
469
469
469
469
469
469
469
469
469
469
469
469
469
469
469
469
469
469
469
469
469
469
469
469
469
469
469
469
469
469
469
469
469
469
469
469
469
468
468
468
468
468
468
468
468
468
468
468
468
468
468
468
468
468
468
468
468
468
468
468
468
468
468
468
468
468
468
468
468
468
468
468
468
468
468
468
468
468
468
468
468
468
468
468
468
468
468
467
467
467
467
467
467
467
467
467
467
467
467
467
467
467
467
467
467
467
467
467
467
467
467
467
467
467
467
467
467
467
466
466
466
466
466
466
466
466
466
466
466
466
466
466
466
466
466
466
466
466
466
466
466
466
466
466
466
466
466
466
466
466
466
466
466
466
466
466
466
466
466
466
466
466
466
466
466
466
466
466
466
465
465
465
465
465
465
465
465
465
465
465
465
465
465
465
465
465
465
465
465
465
465
465
465
465
465
465
465
465
465
465
465
465
465
465
465
465
465
465
465
465
465
464
464
464
464
464
464
464
464
464
464
464
464
464
464
464
464
464
464
464
464
464
464
464
464
464
464
464
464
464
464
464
464
464
464
464
464
464
464
464
464
464
464
464
464
463
463
463
463
463
463
463
463
463
463
463
463
463
463
463
463
463
463
463
463
463
463
463
463
463
463
463
463
463
463
463
463
463
463
463
463
463
463
462
462
462
462
462
462
462
462
462
462
462
462
462
462
462
462
462
462
462
462
462
462
462
462
462
462
462
462
462
462
462
462
462
461
461
461
461
461
461
461
461
461
461
461
461
461
461
461
461
461
461
461
461
461
461
461
461
461
461
461
461
461
461
461
461
461
460
460
460
460
460
460
460
460
460
460
460
460
460
460
460
460
460
460
460
460
460
460
460
460
460
460
460
460
460
460
460
460
460
460
460
460
460
460
460
460
460
460
460
460
460
459
459
459
459
459
459
459
459
459
459
459
459
459
459
459
459
459
459
459
459
459
459
459
459
459
459
459
459
459
459
459
459
459
459
459
459
459
459
459
459
459
458
458
458
458
458
458
458
458
458
458
458
458
458
458
458
458
458
458
458
458
458
458
458
458
458
458
458
458
458
458
458
458
458
458
458
458
458
458
458
458
458
458
458
458
458
458
458
458
458
458
458
458
458
458
457
457
457
457
457
457
457
457
457
457
457
457
457
457
457
457
457
457
457
457
457
457
457
457
457
457
457
457
457
457
457
457
457
457
456
456
456
456
456
456
456
456
456
456
456
456
456
456
456
456
456
456
456
456
456
456
456
456
456
456
456
456
456
456
456
456
456
456
456
456
456
456
456
456
456
456
456
456
456
456
456
456
456
455
455
455
455
455
455
455
455
455
455
455
455
455
455
455
455
455
455
455
455
455
455
455
455
455
455
455
455
455
455
455
455
455
455
455
455
455
455
454
454
454
454
454
454
454
454
454
454
454
454
454
454
454
454
454
454
454
454
454
454
454
454
454
454
454
454
454
454
454
454
454
454
454
454
454
454
454
454
454
453
453
453
453
453
453
453
453
453
453
453
453
453
453
453
453
453
453
453
453
453
453
453
453
453
453
453
453
453
453
453
453
453
453
453
453
453
453
453
453
453
453
453
453
453
452
452
452
452
452
452
452
452
452
452
452
452
452
452
452
452
452
452
452
452
452
452
452
452
452
452
452
452
452
452
452
452
452
452
452
452
452
452
452
452
451
451
451
451
451
451
451
451
451
451
451
451
451
451
451
451
451
451
451
451
451
451
451
451
451
450
450
450
450
450
450
450
450
450
450
450
450
450
450
450
450
450
450
450
450
450
450
450
450
450
450
450
450
450
450
450
450
449
449
449
449
449
449
449
449
449
449
449
449
449
449
449
449
449
449
449
449
449
449
449
449
449
449
449
449
449
449
449
449
449
449
449
449
448
448
448
448
448
448
448
448
448
448
448
448
448
448
448
448
448
448
448
448
448
448
448
448
448
447
447
447
447
447
447
447
447
447
447
447
447
447
447
447
447
447
447
447
447
447
447
447
447
447
447
447
447
446
446
446
446
446
446
446
446
446
446
446
446
446
446
446
446
446
446
446
446
446
446
446
446
446
446
446
446
446
446
446
446
446
446
446
445
445
445
445
445
445
445
445
445
445
445
445
445
445
445
445
445
445
445
445
445
445
445
445
445
445
445
445
445
445
444
444
444
444
444
444
444
444
444
444
444
444
444
444
444
444
444
444
444
444
444
444
444
444
444
444
444
444
444
444
444
444
444
444
444
444
444
444
444
444
444
444
443
443
443
443
443
443
443
443
443
443
443
443
443
443
443
443
443
443
443
443
443
443
443
443
443
443
443
443
443
443
443
443
443
443
443
443
443
443
443
443
443
442
442
442
442
442
442
442
442
442
442
442
442
442
442
442
442
442
442
442
442
442
442
442
442
442
442
442
442
442
442
442
442
442
442
442
442
442
441
441
441
441
441
441
441
441
441
441
441
441
441
441
441
441
441
441
441
441
441
441
441
441
441
441
441
441
441
441
441
441
441
441
441
441
441
441
441
441
441
441
441
440
440
440
440
440
440
440
440
440
440
440
440
440
440
440
440
440
440
440
440
440
440
440
440
440
440
440
440
440
440
440
440
440
439
439
439
439
439
439
439
439
439
439
439
439
439
439
439
439
439
439
439
439
439
439
439
439
439
439
439
439
439
439
439
439
438
438
438
438
438
438
438
438
438
438
438
438
438
438
438
438
438
438
438
438
438
438
438
438
438
438
437
437
437
437
437
437
437
437
437
437
437
437
437
437
437
437
437
437
437
437
437
437
437
437
437
437
437
437
437
437
437
437
437
437
437
437
436
436
436
436
436
436
436
436
436
436
436
436
436
436
436
436
436
436
436
436
436
436
436
435
435
435
435
435
435
435
435
435
435
435
435
435
435
435
435
435
435
435
435
435
435
435
435
435
435
435
435
435
435
435
435
435
435
434
434
434
434
434
434
434
434
434
434
434
434
434
434
434
434
434
434
434
434
434
434
434
434
434
434
434
434
434
434
434
434
434
434
434
434
433
433
433
433
433
433
433
433
433
433
433
433
433
433
433
433
433
433
433
433
433
433
433
433
433
433
433
433
433
433
433
433
433
433
433
432
432
432
432
432
432
432
432
432
432
432
432
432
432
432
432
432
432
432
432
432
432
432
432
432
432
432
432
432
432
432
432
432
432
431
431
431
431
431
431
431
431
431
431
431
431
431
431
431
431
431
431
431
431
431
431
431
431
431
431
431
431
431
431
431
431
431
431
430
430
430
430
430
430
430
430
430
430
430
430
430
430
430
430
430
430
430
430
430
430
430
429
429
429
429
429
429
429
429
429
429
429
429
429
429
429
429
429
429
429
429
429
429
429
429
429
429
429
428
428
428
428
428
428
428
428
428
428
428
428
428
428
428
428
428
428
428
428
428
428
428
428
428
428
428
428
428
428
428
427
427
427
427
427
427
427
427
427
427
427
427
427
427
427
427
427
427
427
427
427
427
427
427
427
427
427
427
427
427
427
427
426
426
426
426
426
426
426
426
426
426
426
426
426
426
426
426
426
426
426
426
426
426
426
426
426
426
426
426
425
425
425
425
425
425
425
425
425
425
425
425
425
425
425
425
425
425
425
425
425
425
425
425
425
425
425
425
425
425
425
425
425
425
425
425
425
424
424
424
424
424
424
424
424
424
424
424
424
424
424
424
424
424
424
424
424
424
424
424
424
424
424
424
424
424
424
424
424
423
423
423
423
423
423
423
423
423
423
423
423
423
423
423
423
423
423
423
423
423
423
423
423
423
422
422
422
422
422
422
422
422
422
422
422
422
422
422
422
422
422
422
422
422
422
422
422
422
422
422
422
422
422
422
422
422
422
422
422
421
421
421
421
421
421
421
421
421
421
421
421
421
421
421
421
421
421
421
421
421
421
421
421
421
421
421
421
421
421
421
421
420
420
420
420
420
420
420
420
420
420
420
420
420
420
420
420
420
420
420
420
420
420
420
420
420
420
420
420
420
419
419
419
419
419
419
419
419
419
419
419
419
419
419
419
419
419
419
419
419
419
419
419
419
419
419
419
419
418
418
418
418
418
418
418
418
418
418
418
418
418
418
418
418
418
418
418
418
418
418
418
418
418
418
418
418
418
418
418
418
418
418
418
418
417
417
417
417
417
417
417
417
417
417
417
417
417
417
417
417
417
417
417
417
417
417
417
417
417
417
417
417
417
417
417
416
416
416
416
416
416
416
416
416
416
416
416
416
416
416
416
416
416
416
416
416
416
416
416
416
416
415
415
415
415
415
415
415
415
415
415
415
415
415
415
415
415
415
415
415
415
415
415
415
415
415
415
415
415
415
415
415
415
415
415
415
415
415
415
415
415
415
415
415
415
415
415
415
414
414
414
414
414
414
414
414
414
414
414
414
414
414
414
414
414
414
414
414
414
414
414
414
414
414
413
413
413
413
413
413
413
413
413
413
413
413
413
413
413
413
413
413
413
413
413
413
413
413
413
413
413
413
413
413
413
413
413
413
412
412
412
412
412
412
412
412
412
412
412
412
412
412
412
412
412
412
412
412
412
412
412
412
412
412
412
412
412
412
412
412
411
411
411
411
411
411
411
411
411
411
411
411
411
411
411
411
411
411
411
411
411
411
411
411
411
411
411
411
411
411
411
411
411
411
410
410
410
410
410
410
410
410
410
410
410
410
410
410
410
410
410
410
410
410
410
410
410
410
410
410
410
410
410
410
410
410
410
410
409
409
409
409
409
409
409
409
409
409
409
409
409
409
409
409
409
409
409
409
409
409
409
409
409
409
409
409
409
408
408
408
408
408
408
408
408
408
408
408
408
408
408
408
408
408
408
408
408
408
408
408
408
408
408
408
408
408
407
407
407
407
407
407
407
407
407
407
407
407
407
407
407
407
407
407
407
407
407
407
407
407
407
407
406
406
406
406
406
406
406
406
406
406
406
406
406
406
406
406
406
406
406
406
406
406
406
405
405
405
405
405
405
405
405
405
405
405
405
405
405
405
405
405
405
405
405
405
405
405
405
405
405
404
404
404
404
404
404
404
404
404
404
404
404
404
404
404
404
404
404
404
404
404
404
404
404
404
404
404
404
403
403
403
403
403
403
403
403
403
403
403
403
403
403
403
403
403
403
403
403
403
403
403
403
403
403
403
403
403
403
403
403
403
402
402
402
402
402
402
402
402
402
402
402
402
402
402
402
402
402
402
402
402
402
402
402
402
402
402
402
402
402
402
402
401
401
401
401
401
401
401
401
401
401
401
401
401
401
401
401
401
401
401
401
401
401
400
400
400
400
400
400
400
400
400
400
400
400
400
400
400
400
400
400
400
400
400
400
400
400
400
400
400
400
400
400
400
400
399
399
399
399
399
399
399
399
399
399
399
399
399
399
399
399
399
399
399
399
399
399
399
399
399
398
398
398
398
398
398
398
398
398
398
398
398
398
398
398
398
398
398
397
397
397
397
397
397
397
397
397
397
397
397
397
397
397
397
397
397
397
397
397
397
397
397
397
397
397
396
396
396
396
396
396
396
396
396
396
396
396
396
395
395
395
395
395
395
395
395
395
395
395
395
395
395
395
395
395
395
395
395
394
394
394
394
394
394
394
394
394
394
394
394
394
394
394
394
394
394
393
393
393
393
393
393
393
393
393
393
393
393
393
393
393
393
393
393
393
393
393
393
393
393
393
393
393
393
393
393
393
393
392
392
392
392
392
392
392
392
392
392
392
392
392
392
392
392
392
392
392
392
392
391
391
391
391
391
391
391
391
391
391
391
391
391
391
391
391
391
391
391
391
391
391
391
391
391
390
390
390
390
390
390
390
390
390
390
390
390
390
390
390
390
390
389
389
389
389
389
389
389
389
389
389
389
389
389
389
389
389
389
389
389
389
389
388
388
388
388
388
388
388
388
388
388
388
388
388
388
388
388
388
388
388
388
388
388
388
387
387
387
387
387
387
387
387
387
387
387
387
387
387
387
387
387
387
387
387
387
387
386
386
386
386
386
386
386
386
386
386
386
386
386
386
385
385
385
385
385
385
385
385
385
385
385
385
385
385
385
385
385
385
385
385
385
385
385
385
385
385
385
385
384
384
384
384
384
384
384
384
384
384
384
384
384
384
384
384
384
384
384
384
383
383
383
383
383
383
383
383
383
383
383
383
383
383
383
383
383
383
383
383
383
382
382
382
382
382
382
382
382
382
382
382
382
382
382
382
382
382
382
382
382
382
382
382
381
381
381
381
381
381
381
381
381
381
381
381
381
381
381
381
381
381
381
381
381
380
380
380
380
380
380
380
380
380
380
380
380
380
380
380
380
380
380
379
379
379
379
379
379
379
379
379
379
379
379
379
378
378
378
378
378
378
378
378
378
378
378
378
378
378
378
378
378
378
378
378
377
377
377
377
377
377
377
377
377
377
377
377
377
377
377
377
377
376
376
376
376
376
376
376
376
376
376
376
376
376
376
376
375
375
375
375
375
375
375
375
375
375
375
375
374
374
374
374
374
374
374
374
374
374
374
374
374
373
373
373
373
373
373
373
373
373
373
373
373
373
373
373
373
373
373
373
373
372
372
372
372
372
372
372
372
372
372
372
372
372
372
372
371
371
371
371
371
371
371
371
371
371
371
371
371
371
371
371
371
371
371
371
371
371
371
370
370
370
370
370
370
370
370
370
370
370
370
370
370
370
370
370
370
369
369
369
369
369
369
369
369
369
369
369
369
369
369
369
368
368
368
368
368
368
368
368
368
368
368
368
368
368
367
367
367
367
367
367
367
367
367
367
367
367
367
367
367
366
366
366
366
366
366
366
366
366
366
366
366
366
366
366
366
366
365
365
365
365
365
365
365
365
365
365
365
365
365
365
365
365
365
365
365
365
364
364
364
364
364
364
364
364
364
364
364
364
364
364
364
364
364
363
363
363
363
363
363
363
363
363
363
363
363
363
363
363
363
363
363
363
363
362
362
362
362
362
362
362
362
362
362
362
362
362
362
362
362
362
362
362
362
362
362
362
362
361
361
361
361
361
361
361
361
361
361
361
361
361
361
361
361
360
360
360
360
360
360
360
360
360
360
360
360
360
360
360
360
360
360
360
359
359
359
359
359
359
359
359
359
359
359
359
359
359
359
359
359
359
358
358
358
358
358
358
358
358
358
358
358
358
358
357
357
357
357
357
357
357
357
357
357
357
357
357
357
357
357
356
356
356
356
356
356
356
356
356
356
356
356
356
356
356
355
355
355
355
355
355
355
355
354
354
354
354
354
354
354
354
354
354
354
354
354
354
354
354
354
354
354
354
353
353
353
353
353
353
353
353
353
353
353
353
353
353
353
352
352
352
352
352
352
352
352
352
352
352
352
352
352
352
352
352
352
351
351
351
351
351
351
351
351
351
351
351
351
351
351
351
351
351
350
350
350
350
350
350
350
350
350
350
350
350
350
350
349
349
349
349
349
349
349
349
349
349
349
349
349
349
348
348
348
348
348
348
348
348
348
348
348
348
348
347
347
347
347
347
347
347
347
347
347
347
347
347
347
346
346
346
346
346
346
346
346
346
346
346
346
346
345
345
345
345
345
345
345
345
345
345
345
345
345
345
344
344
344
344
344
344
344
344
344
344
344
344
344
344
344
343
343
343
343
343
343
343
343
343
343
343
343
343
343
343
342
342
342
342
342
342
342
342
342
342
342
341
341
341
341
341
341
340
340
340
340
340
340
340
340
340
340
340
339
339
339
339
339
338
338
338
338
338
338
338
338
338
338
338
338
338
337
337
337
337
337
337
337
337
336
336
336
336
336
336
336
336
336
336
336
336
336
336
335
335
335
335
335
335
335
335
335
335
335
335
335
335
335
335
335
334
334
334
334
334
334
334
334
334
334
334
334
334
334
334
334
333
333
333
333
333
333
333
333
333
333
333
333
333
332
332
332
332
332
332
332
332
332
332
332
332
332
332
332
332
331
331
331
331
331
331
331
331
331
331
331
331
330
330
330
330
330
330
330
330
330
330
330
330
329
329
329
329
329
329
329
329
329
329
329
329
329
328
328
328
328
328
328
328
328
328
328
328
328
328
328
328
327
327
327
327
327
327
327
327
327
327
327
326
326
326
326
326
326
326
326
326
326
326
326
326
326
326
326
325
325
325
325
325
325
325
325
325
325
325
325
325
325
325
325
325
325
325
324
324
324
324
324
324
324
324
324
324
324
324
324
324
324
324
324
323
323
323
323
323
323
323
323
323
323
323
323
323
323
323
323
323
323
323
323
323
323
322
322
322
322
322
322
322
322
322
322
322
322
321
321
321
321
321
321
321
321
321
321
320
320
320
320
320
320
320
320
320
320
320
320
320
320
320
319
319
319
319
319
319
319
319
318
318
318
318
318
318
318
317
317
317
317
317
317
317
317
317
316
316
316
316
316
316
316
316
316
316
316
316
316
316
316
316
316
316
316
315
315
315
315
315
315
315
315
315
315
314
314
314
314
314
314
314
314
314
314
314
314
313
313
313
313
313
313
313
313
313
313
313
313
313
313
312
312
312
312
312
312
312
312
311
311
311
311
311
311
311
311
310
310
310
310
310
310
310
310
310
309
309
309
309
309
309
309
309
309
308
308
308
308
308
308
308
308
308
308
307
307
307
307
307
307
306
306
306
306
306
306
306
306
306
306
306
306
306
306
306
306
306
306
305
305
305
305
305
305
305
305
305
305
305
304
304
304
304
304
304
304
304
304
304
303
303
303
303
303
303
302
302
302
302
302
302
302
302
302
302
301
301
301
301
301
301
301
301
301
301
301
301
300
300
300
300
300
300
300
300
300
300
300
300
299
299
299
299
299
299
299
299
299
299
299
298
298
298
298
298
298
298
298
298
298
297
297
297
297
297
297
297
297
297
297
297
296
296
296
295
295
295
295
295
295
295
295
294
294
294
294
294
294
294
294
294
294
294
294
293
293
293
293
293
293
293
293
293
293
293
292
292
292
292
292
292
292
291
291
291
291
291
291
291
290
290
290
290
290
290
290
290
290
290
290
290
290
290
290
290
290
290
290
289
289
289
289
289
289
289
289
289
289
289
289
289
288
288
288
288
288
287
287
287
287
287
287
287
286
286
286
286
286
286
286
286
286
285
285
285
285
285
285
284
284
284
284
284
284
284
284
284
284
284
283
283
283
283
283
283
283
283
283
283
282
282
282
282
282
282
282
282
281
281
280
280
280
280
280
280
280
280
279
279
279
279
279
279
279
279
279
278
278
278
278
278
278
278
278
278
278
278
278
278
278
277
277
277
277
277
277
277
277
277
277
277
277
277
276
276
276
276
276
276
276
276
275
275
275
275
275
275
275
275
274
274
274
274
274
274
274
274
274
273
273
273
273
273
273
273
273
273
273
273
273
273
273
273
272
272
272
272
272
272
272
271
271
271
271
271
270
270
270
270
270
270
270
270
270
270
269
269
269
269
269
269
269
269
269
269
269
268
268
268
268
268
268
268
268
268
267
267
267
267
267
267
267
266
266
266
266
266
266
266
265
265
265
265
265
265
265
265
265
264
264
264
264
264
264
264
264
264
263
263
263
263
263
263
263
263
263
262
262
262
262
262
262
262
262
261
261
261
261
261
261
261
261
261
261
261
261
261
260
260
260
260
260
260
260
260
259
259
259
259
259
259
259
259
258
258
258
258
258
257
257
257
257
257
257
257
256
256
256
256
256
255
255
255
255
255
255
255
255
255
255
255
254
254
254
254
254
254
254
253
253
253
253
253
253
253
252
252
252
252
252
252
252
252
251
251
251
251
251
251
251
251
251
251
251
251
250
250
250
250
250
250
250
249
249
249
249
249
249
249
249
249
248
248
248
248
248
248
247
247
247
247
247
247
247
247
247
246
246
246
246
246
246
246
246
246
246
246
246
245
245
244
244
244
244
244
244
244
244
243
243
243
243
243
242
242
242
242
241
241
241
241
241
241
241
241
241
241
241
241
240
240
240
240
240
240
240
240
239
239
239
239
239
238
238
238
238
238
238
238
238
237
237
237
237
237
236
236
236
236
236
236
236
235
235
235
235
235
234
234
234
234
234
233
233
233
233
233
233
232
232
232
232
232
232
232
232
232
232
231
231
231
231
231
231
231
231
231
231
231
231
230
230
230
230
230
229
229
229
229
229
229
229
228
228
228
228
228
227
227
227
227
227
227
227
227
227
226
226
226
226
226
226
226
226
225
225
225
225
225
225
225
225
225
225
225
224
224
224
224
224
224
224
224
224
224
224
223
223
223
223
223
223
223
222
222
222
222
222
222
222
222
222
221
221
221
221
221
220
219
219
219
219
219
218
218
218
218
218
217
217
217
217
217
217
216
216
216
216
216
215
215
215
215
215
215
215
215
215
215
215
215
215
215
215
215
215
215
215
214
214
214
214
213
213
213
213
213
212
212
212
212
212
212
212
212
212
212
212
211
211
211
211
210
210
210
210
210
210
210
210
209
209
209
209
209
209
209
209
209
209
208
208
208
208
208
207
207
207
207
207
207
207
207
207
206
206
206
206
206
206
206
206
206
205
205
205
205
205
205
205
205
205
204
204
204
204
204
204
204
204
204
204
204
204
203
203
203
203
203
203
202
202
202
202
202
202
202
202
202
202
201
201
201
200
200
200
199
199
199
199
199
199
199
199
199
198
198
198
198
198
197
197
197
197
197
197
197
196
196
196
195
195
195
195
195
195
194
194
194
194
194
193
193
193
193
193
192
192
192
192
192
192
192
192
192
191
191
191
191
190
190
190
190
190
190
190
190
190
189
189
189
189
189
189
189
189
189
189
189
189
188
188
188
188
187
187
187
187
187
187
187
186
186
186
186
186
186
185
185
185
185
185
185
184
184
183
183
183
183
183
183
182
182
182
182
182
182
182
182
182
181
181
181
180
180
180
180
180
180
180
180
180
180
180
180
179
179
179
179
179
179
178
178
178
178
178
178
178
178
178
178
177
177
177
177
177
176
176
176
176
176
176
176
176
176
175
175
175
175
175
174
174
174
174
174
174
173
173
173
173
173
172
172
172
172
171
171
171
171
171
171
170
170
170
170
170
170
170
170
170
170
169
169
169
169
169
169
169
169
168
168
168
168
168
168
167
167
167
167
167
167
167
167
166
166
166
166
166
166
166
166
166
165
165
165
165
165
164
164
164
164
164
164
164
164
164
163
163
163
163
163
162
162
162
162
162
162
162
162
162
161
161
161
161
161
161
161
161
161
160
160
160
160
160
160
160
160
160
160
159
159
159
159
159
159
159
158
158
158
158
158
158
158
158
158
157
157
157
156
156
156
156
156
156
156
155
155
155
155
155
154
154
154
154
154
154
154
153
153
153
153
153
153
153
152
152
152
152
152
151
151
151
151
151
151
151
150
150
150
150
150
150
150
150
150
150
149
149
149
149
149
149
148
148
148
148
148
148
147
147
147
147
147
147
146
146
146
146
146
146
146
146
146
145
145
145
145
145
145
145
145
145
144
144
143
143
143
143
143
143
142
142
142
142
142
142
141
141
141
141
141
141
140
140
140
140
140
140
140
140
140
139
139
139
139
139
139
139
139
138
138
138
137
137
137
137
137
137
137
137
136
136
136
136
136
136
136
136
136
136
136
135
135
135
135
135
134
134
134
134
134
134
133
133
133
133
132
132
132
132
132
132
132
132
131
131
131
131
131
131
131
131
130
130
130
130
130
130
130
130
130
130
129
129
129
129
129
129
129
128
128
128
128
128
128
128
127
127
127
127
127
127
126
126
126
126
126
126
126
125
125
125
125
124
124
124
124
124
124
124
124
124
124
123
123
123
123
123
123
122
122
122
122
122
122
122
121
121
121
121
121
121
120
120
120
120
120
120
120
120
120
120
120
120
119
119
119
119
119
118
118
118
118
118
118
118
117
117
117
117
117
117
117
116
116
116
116
116
116
116
116
116
116
116
116
115
115
115
115
115
115
115
114
114
114
114
114
114
114
113
113
113
113
113
112
112
112
112
112
112
112
111
111
111
111
110
110
110
110
110
110
110
110
110
110
110
109
109
109
109
109
109
109
109
109
108
108
108
108
108
107
107
107
107
107
107
107
107
106
106
106
106
106
106
106
106
106
106
105
105
105
105
105
105
105
105
105
105
105
105
104
104
104
104
104
103
103
103
103
103
103
102
102
102
102
102
102
102
102
102
102
102
102
101
101
101
101
101
101
101
101
101
101
100
100
100
100
99
99
99
99
99
99
98
98
98
98
98
98
98
98
98
98
97
97
97
97
97
97
97
97
97
97
97
97
97
96
96
96
96
96
96
96
96
96
95
95
95
95
95
95
95
95
95
95
94
94
94
94
94
94
94
94
93
93
93
93
93
93
93
93
93
93
92
92
92
92
91
91
91
91
91
91
91
91
90
90
90
90
90
90
90
90
90
90
90
90
90
89
89
89
89
89
89
89
88
88
88
88
88
88
87
87
87
87
87
87
87
87
87
87
86
86
86
86
86
86
85
85
85
85
85
85
85
85
85
85
84
84
84
84
84
84
84
84
84
84
84
84
83
83
83
83
83
83
83
83
83
82
82
82
82
82
82
82
82
81
81
81
81
81
81
81
81
81
80
80
80
80
80
80
80
79
79
79
79
79
79
79
78
78
78
78
78
78
78
78
78
78
78
78
77
77
77
77
77
77
77
77
76
76
76
76
76
75
75
75
75
75
75
74
74
74
74
74
73
73
73
73
73
73
73
73
72
72
72
72
72
72
71
71
71
71
71
71
71
70
70
70
70
70
70
70
70
70
70
70
69
69
69
69
68
68
68
68
68
68
68
68
68
68
67
67
67
67
67
67
66
66
66
66
66
66
66
66
66
66
66
66
66
65
65
65
65
65
64
64
64
64
64
64
64
64
64
64
64
64
64
64
63
63
63
63
63
63
63
63
63
63
63
62
62
62
62
62
62
62
62
62
62
62
62
62
62
61
61
61
61
61
61
61
61
61
61
61
61
61
61
61
61
60
60
60
60
60
60
60
60
60
60
60
59
59
59
59
59
59
58
58
58
58
57
57
57
57
57
57
56
56
56
56
56
56
56
56
56
55
55
55
55
55
55
55
55
54
54
54
54
54
54
54
54
54
54
54
53
53
53
53
53
53
53
53
52
52
52
52
52
51
51
51
50
50
50
50
49
49
49
48
48
48
48
48
48
48
48
48
48
48
47
47
47
47
47
47
47
47
47
47
47
46
46
46
46
46
46
46
46
46
45
45
45
45
45
45
45
45
45
45
44
44
44
44
44
44
44
44
44
43
43
43
43
43
43
43
43
43
43
43
43
42
42
42
42
42
42
42
42
42
41
41
41
41
41
41
41
41
41
41
41
41
41
40
40
40
40
40
40
40
40
40
40
40
40
40
40
40
39
39
39
39
39
39
39
39
38
38
38
38
38
38
38
38
37
37
37
37
37
37
37
37
37
37
37
37
36
36
36
36
36
36
36
36
35
35
35
35
35
35
35
35
34
34
34
34
34
34
34
34
34
34
34
34
34
34
34
33
33
33
33
33
33
33
32
32
32
32
32
32
32
32
32
32
31
31
31
31
31
31
31
31
31
31
31
31
30
30
30
30
30
30
30
30
30
30
30
30
29
29
29
29
29
29
29
29
29
29
29
28
28
28
28
28
28
28
28
28
28
28
28
28
28
28
28
27
27
27
27
27
27
27
27
27
27
26
26
26
26
26
26
26
26
26
26
25
25
25
25
25
25
25
25
25
25
25
25
24
24
24
24
24
24
24
23
23
23
23
23
23
22
22
22
22
22
22
22
22
22
22
22
22
22
21
21
21
21
21
21
21
21
21
21
21
21
21
21
21
21
20
20
20
20
20
20
20
20
20
20
20
20
20
20
19
19
19
19
19
19
19
19
19
19
19
19
19
19
19
19
19
19
19
19
18
18
18
18
18
18
18
18
18
18
17
17
17
17
17
17
17
17
17
16
16
16
16
16
16
16
16
16
16
16
16
16
16
16
16
16
16
15
15
15
15
15
15
15
15
15
15
15
15
15
15
14
14
14
14
14
14
14
14
14
14
13
13
13
13
13
13
13
13
13
13
12
12
12
12
12
12
12
12
12
11
11
11
11
11
11
11
11
11
11
11
11
11
11
11
11
10
10
10
10
10
10
10
10
10
10
10
9
9
9
9
9
9
9
9
9
9
9
9
9
9
9
9
9
8
8
8
8
8
8
8
8
8
8
7
7
7
7
7
7
7
7
7
7
7
7
7
7
7
7
7
7
7
7
7
7
7
7
7
6
6
6
6
6
6
6
6
6
6
6
6
6
6
6
6
6
5
5
5
5
5
5
5
5
5
5
5
5
5
5
5
5
5
5
5
5
5
4
4
4
4
4
4
4
4
4
4
4
4
4
4
4
4
4
4
4
4
3
3
3
3
3
3
3
3
3
3
3
3
3
3
3
3
2
2
2
2
2
2
2
2
2
2
2
2
2
2
2
2
2
2
2
2
2
2
2
2
2
1
1
1
1
1
1
1
1
1
1
1
1
1
1
1
1
1
1
1
1
1
1
1
1
1
1
1
1
1
1
1
1
1
