231831
221895
173433
157379
139765
136813
135700
134394
134313
125260
121964
117194
106649
100751
100300
100085
99885
70928
69439
69246
69003
68821
67886
67228
65390
64008
63672
62568
62234
62190
61961
58736
56481
55770
55362
55009
54097
52892
52802
51305
51029
50981
50845
50744
50580
50567
50504
50467
50446
50368
50249
50126
50002
49640
49526
49514
49307
48671
48564
47664
47154
47113
47088
47073
46846
46823
46370
45599
45340
45073
44794
44713
43009
42619
42600
42260
42252
42193
42004
41986
41753
41681
41563
41480
39563
38088
36959
36528
36433
35349
35250
34832
34499
34436
34385
34242
33946
33816
33552
33078
32671
32658
32356
32297
31832
31768
31519
31514
31462
31274
31113
31076
31043
31033
30984
30977
30947
30937
30852
30736
30687
30521
30379
30353
30310
30291
29976
29812
29801
29698
29615
29598
29582
29420
29329
29233
29017
28963
28955
28705
28324
28110
28101
27755
27714
27539
27491
27307
27236
27165
26913
26880
26561
26518
26457
26358
26272
25823
25792
25751
25647
25462
25386
25296
25249
25191
25187
25186
25121
25107
25076
25032
25027
24968
24930
24827
24669
24485
24383
24218
24208
24064
23983
23898
23785
23624
23622
23613
23564
23536
23500
23489
23444
23387
23342
23329
23290
23236
23186
23093
23086
23055
23044
22956
22932
22920
22880
22869
22862
22852
22756
22718
22608
22600
22549
22534
22515
22489
22484
22455
22436
22340
22333
22308
22279
22230
22221
22200
22153
22105
22084
22064
22053
22049
22044
22044
22021
22013
21910
21859
21856
21794
21659
21636
21534
21484
21431
21414
21326
21206
21130
20977
20828
20767
20715
20668
20657
20595
20587
20571
20556
20534
20534
20519
20454
20420
20347
20186
20182
20152
20094
19989
19914
19846
19801
19759
19709
19662
19654
19561
19551
19523
19387
19338
19328
19290
19199
19198
19186
19180
19140
19096
19078
19071
19064
19037
19030
19028
19024
19010
18998
18956
18918
18884
18844
18841
18805
18781
18682
18659
18654
18647
18613
18596
18547
18522
18521
18498
18496
18495
18472
18453
18433
18423
18401
18398
18386
18372
18349
18339
18302
18300
18285
18161
18112
18082
18018
18017
18011
18006
17986
17923
17850
17834
17824
17751
17731
17719
17705
17671
17634
17615
17614
17575
17549
17488
17466
17411
17411
17403
17211
17207
17195
17131
17015
17002
16978
16926
16916
16880
16811
16804
16688
16681
16665
16582
16576
16576
16565
16523
16494
16486
16462
16453
16420
16401
16390
16366
16366
16361
16339
16327
16299
16288
16271
16212
16195
16131
16126
16104
16052
16021
15993
15948
15938
15904
15902
15871
15769
15759
15747
15738
15732
15731
15695
15679
15677
15675
15669
15660
15638
15605
15595
15594
15591
15566
15547
15543
15538
15466
15431
15404
15388
15355
15354
15349
15339
15297
15245
15218
15204
15194
15172
15154
15138
15136
15134
15134
15037
15027
15003
14985
14976
14976
14975
14967
14966
14954
14951
14943
14923
14921
14914
14900
14897
14891
14884
14873
14861
14857
14847
14843
14835
14828
14818
14818
14812
14802
14788
14770
14769
14752
14712
14703
14702
14683
14673
14652
14651
14649
14628
14623
14609
14597
14587
14586
14475
14458
14456
14456
14439
14417
14365
14331
14310
14294
14285
14261
14256
14255
14253
14249
14244
14242
14234
14221
14187
14156
14143
14132
14128
14126
14121
14109
14097
14085
14081
14069
14065
14062
14056
14051
14041
13998
13986
13961
13958
13904
13868
13866
13843
13824
13820
13809
13796
13765
13758
13743
13742
13738
13736
13728
13725
13708
13682
13676
13669
13668
13652
13626
13625
13616
13610
13610
13582
13581
13573
13568
13565
13554
13522
13504
13503
13479
13466
13439
13438
13424
13406
13369
13368
13354
13331
13322
13307
13305
13288
13285
13274
13243
13242
13229
13222
13214
13202
13199
13198
13184
13183
13177
13172
13167
13136
13132
13111
13106
13098
13080
13079
13063
13053
13044
13036
13036
13026
13019
13017
13002
12980
12976
12974
12970
12964
12963
12943
12942
12927
12908
12863
12856
12844
12829
12823
12817
12810
12796
12790
12790
12788
12781
12780
12768
12755
12749
12740
12722
12718
12714
12713
12695
12675
12662
12611
12610
12595
12583
12567
12547
12535
12527
12522
12504
12490
12475
12448
12445
12440
12436
12433
12426
12421
12384
12367
12367
12353
12313
12310
12305
12299
12254
12250
12247
12236
12232
12230
12215
12215
12213
12210
12202
12190
12170
12164
12137
12126
12123
12119
12106
12101
12096
12093
12084
12081
12069
12068
12067
12063
12052
12034
12029
12027
12019
12014
12013
12008
12005
12001
11974
11959
11956
11948
11944
11944
11941
11939
11927
11921
11917
11915
11904
11902
11902
11896
11895
11893
11879
11873
11860
11856
11853
11842
11839
11834
11833
11828
11825
11825
11823
11822
11806
11791
11783
11783
11777
11763
11756
11752
11729
11722
11706
11702
11702
11701
11690
11690
11679
11675
11673
11669
11666
11651
11651
11650
11649
11626
11622
11615
11611
11591
11587
11578
11571
11563
11560
11548
11516
11504
11493
11481
11480
11471
11467
11459
11454
11454
11444
11430
11427
11425
11404
11386
11385
11365
11344
11336
11328
11323
11298
11296
11287
11282
11273
11261
11253
11249
11225
11205
11202
11193
11182
11178
11111
11108
11094
11090
11090
11087
11083
11073
11066
11053
11048
11046
11046
11041
11041
11037
11029
11027
11009
11001
10999
10992
10981
10981
10978
10976
10976
10969
10968
10958
10945
10940
10937
10919
10903
10899
10896
10894
10882
10877
10860
10845
10844
10832
10830
10829
10816
10793
10789
10786
10782
10778
10739
10731
10726
10712
10704
10700
10694
10686
10675
10674
10656
10648
10642
10640
10637
10636
10635
10628
10615
10615
10614
10611
10597
10595
10594
10585
10582
10580
10573
10569
10565
10548
10535
10528
10517
10513
10500
10495
10486
10474
10473
10471
10467
10446
10444
10441
10434
10430
10429
10429
10426
10421
10417
10410
10403
10399
10399
10397
10387
10383
10369
10368
10363
10360
10358
10357
10348
10330
10324
10317
10314
10309
10303
10297
10294
10293
10291
10290
10286
10282
10280
10278
10243
10234
10230
10227
10224
10213
10201
10200
10198
10192
10188
10165
10159
10143
10140
10129
10128
10118
10106
10106
10097
10078
10072
10068
10059
10056
10052
10039
10037
10030
10029
10028
10028
10023
10022
10019
10017
10011
10007
10001
10000
9995
9988
9980
9978
9971
9968
9967
9966
9960
9956
9954
9941
9932
9924
9924
9917
9911
9910
9893
9888
9888
9872
9867
9852
9836
9836
9826
9819
9813
9810
9804
9802
9800
9798
9796
9792
9777
9777
9777
9772
9770
9761
9743
9740
9732
9724
9724
9702
9692
9678
9674
9667
9667
9646
9630
9630
9629
9623
9613
9606
9603
9586
9580
9575
9573
9570
9570
9568
9549
9547
9541
9541
9538
9537
9530
9528
9519
9498
9497
9489
9485
9484
9480
9475
9471
9470
9461
9461
9460
9455
9452
9444
9435
9432
9431
9426
9425
9421
9411
9400
9396
9394
9390
9385
9382
9372
9367
9363
9363
9347
9334
9328
9325
9321
9320
9319
9311
9305
9304
9302
9299
9299
9299
9294
9294
9293
9292
9290
9283
9281
9281
9276
9270
9268
9267
9264
9262
9258
9257
9252
9247
9240
9236
9231
9228
9225
9224
9221
9219
9214
9211
9205
9200
9197
9195
9191
9186
9185
9180
9179
9177
9174
9169
9167
9166
9153
9142
9140
9134
9131
9130
9125
9125
9125
9120
9120
9112
9103
9100
9093
9090
9084
9083
9081
9075
9073
9066
9066
9063
9060
9056
9050
9049
9037
9028
9027
9023
9020
9019
9019
9018
9017
9016
9015
9012
9007
9006
9006
9003
9003
8996
8989
8973
8973
8971
8955
8954
8946
8946
8945
8945
8943
8942
8939
8937
8936
8934
8915
8913
8912
8911
8905
8902
8901
8894
8887
8885
8876
8874
8874
8873
8870
8865
8863
8858
8846
8838
8836
8831
8829
8828
8824
8821
8818
8817
8817
8816
8809
8796
8794
8792
8792
8790
8789
8783
8781
8778
8776
8774
8772
8770
8769
8762
8760
8759
8754
8750
8746
8744
8744
8744
8740
8737
8720
8717
8716
8711
8710
8709
8703
8703
8699
8693
8692
8687
8678
8674
8671
8670
8663
8659
8656
8652
8650
8648
8647
8638
8635
8634
8632
8632
8631
8624
8622
8618
8617
8615
8612
8612
8611
8610
8609
8607
8607
8604
8603
8600
8597
8594
8594
8589
8585
8584
8582
8580
8580
8574
8570
8568
8567
8565
8561
8560
8560
8560
8558
8555
8554
8548
8546
8545
8543
8540
8537
8537
8537
8537
8535
8531
8529
8498
8494
8491
8488
8487
8487
8483
8483
8482
8476
8474
8474
8462
8453
8452
8442
8441
8439
8438
8436
8435
8426
8424
8422
8421
8421
8419
8413
8412
8411
8411
8406
8405
8402
8400
8400
8400
8396
8393
8387
8387
8383
8382
8381
8380
8378
8376
8373
8366
8366
8363
8358
8347
8346
8344
8341
8341
8339
8333
8331
8322
8319
8317
8310
8303
8300
8297
8295
8294
8291
8289
8289
8285
8278
8277
8271
8266
8264
8262
8260
8260
8258
8256
8252
8252
8251
8251
8248
8244
8243
8242
8217
8209
8209
8204
8203
8202
8200
8198
8196
8194
8191
8187
8185
8185
8183
8181
8180
8179
8171
8171
8169
8165
8153
8130
8126
8126
8123
8121
8118
8117
8117
8116
8115
8114
8114
8113
8113
8110
8107
8106
8102
8100
8096
8095
8094
8083
8080
8077
8077
8077
8077
8075
8073
8072
8071
8068
8066
8064
8061
8060
8059
8057
8055
8044
8041
8034
8033
8032
8032
8031
8029
8027
8026
8025
8025
8022
8021
8018
8015
8015
8015
8014
8012
8007
8005
8001
8001
7995
7995
7994
7993
7991
7990
7983
7982
7980
7980
7978
7976
7974
7970
7968
7964
7963
7963
7962
7958
7957
7957
7951
7948
7946
7935
7926
7925
7924
7923
7918
7918
7916
7911
7908
7907
7906
7900
7895
7894
7893
7889
7886
7884
7879
7877
7876
7870
7869
7860
7856
7855
7850
7844
7843
7841
7839
7839
7838
7836
7835
7834
7833
7833
7828
7822
7817
7815
7812
7811
7811
7811
7810
7810
7809
7808
7807
7805
7805
7804
7804
7802
7796
7792
7790
7789
7786
7785
7783
7781
7780
7779
7777
7777
7770
7769
7768
7766
7765
7757
7755
7754
7748
7742
7741
7738
7732
7732
7730
7728
7722
7718
7717
7711
7698
7696
7694
7694
7693
7686
7686
7685
7685
7684
7682
7681
7680
7679
7673
7669
7666
7659
7659
7656
7653
7653
7647
7644
7642
7641
7640
7639
7638
7636
7632
7631
7627
7625
7625
7616
7614
7612
7609
7601
7595
7591
7591
7590
7589
7587
7587
7586
7585
7583
7582
7580
7580
7571
7570
7568
7567
7560
7560
7559
7558
7556
7555
7551
7550
7549
7547
7546
7543
7543
7542
7542
7541
7532
7530
7529
7524
7524
7524
7523
7523
7517
7510
7510
7500
7497
7494
7492
7492
7484
7482
7482
7480
7480
7476
7472
7472
7468
7467
7467
7463
7462
7460
7459
7455
7452
7452
7451
7450
7449
7447
7447
7445
7444
7441
7439
7439
7437
7436
7433
7433
7430
7429
7427
7425
7424
7423
7421
7420
7420
7418
7417
7416
7414
7414
7413
7413
7412
7412
7409
7408
7407
7403
7399
7399
7395
7395
7392
7386
7385
7379
7368
7365
7359
7355
7354
7352
7352
7351
7349
7347
7345
7345
7344
7341
7336
7335
7333
7332
7330
7326
7326
7321
7321
7320
7318
7317
7316
7307
7299
7291
7290
7285
7285
7283
7282
7279
7279
7278
7278
7274
7271
7271
7271
7265
7265
7261
7261
7260
7259
7258
7257
7257
7254
7252
7251
7249
7248
7248
7248
7246
7242
7241
7241
7240
7239
7237
7235
7233
7230
7227
7225
7224
7221
7220
7217
7203
7200
7199
7192
7191
7189
7183
7182
7182
7181
7178
7175
7174
7169
7168
7167
7166
7166
7166
7164
7163
7163
7162
7160
7158
7157
7152
7150
7148
7140
7140
7136
7133
7127
7123
7122
7122
7117
7115
7114
7111
7109
7108
7097
7096
7096
7094
7093
7091
7091
7090
7088
7087
7087
7086
7084
7083
7081
7081
7081
7078
7074
7071
7066
7061
7057
7055
7051
7051
7048
7047
7047
7044
7037
7036
7034
7031
7030
7027
7024
7022
7020
7019
7019
7018
7018
7018
7015
7014
7012
7012
7011
7010
7008
7001
7000
6995
6992
6991
6991
6991
6990
6989
6989
6987
6987
6986
6982
6982
6981
6978
6978
6977
6975
6974
6974
6974
6973
6972
6972
6968
6968
6963
6962
6959
6958
6956
6951
6948
6948
6945
6944
6943
6941
6941
6939
6937
6937
6933
6933
6930
6930
6928
6926
6924
6920
6918
6918
6916
6913
6907
6904
6902
6900
6899
6898
6897
6894
6892
6888
6887
6882
6880
6878
6874
6871
6870
6868
6867
6867
6862
6860
6860
6859
6858
6857
6854
6851
6850
6848
6848
6847
6845
6844
6842
6840
6839
6836
6834
6833
6832
6832
6830
6830
6829
6824
6824
6821
6821
6816
6813
6811
6810
6810
6807
6807
6804
6804
6802
6799
6797
6796
6796
6795
6792
6792
6792
6790
6785
6785
6784
6782
6779
6776
6773
6773
6772
6771
6771
6771
6769
6767
6766
6766
6762
6762
6760
6759
6757
6757
6756
6755
6751
6750
6747
6745
6742
6739
6738
6738
6737
6736
6735
6732
6731
6730
6728
6725
6724
6722
6721
6721
6718
6717
6716
6711
6710
6708
6707
6698
6696
6695
6692
6692
6692
6692
6687
6687
6685
6683
6682
6682
6679
6677
6676
6676
6675
6675
6673
6667
6667
6663
6662
6660
6659
6659
6658
6655
6652
6651
6651
6647
6646
6646
6645
6644
6643
6642
6642
6639
6638
6638
6638
6636
6636
6635
6631
6630
6628
6626
6625
6624
6622
6620
6620
6619
6614
6613
6607
6604
6603
6602
6600
6593
6591
6590
6590
6587
6587
6585
6581
6578
6577
6577
6574
6572
6568
6566
6565
6564
6564
6564
6564
6564
6558
6557
6556
6555
6555
6553
6552
6552
6551
6549
6546
6545
6545
6544
6540
6540
6540
6536
6535
6535
6530
6530
6529
6529
6527
6522
6520
6519
6519
6518
6518
6516
6515
6514
6513
6513
6512
6511
6509
6508
6506
6505
6501
6497
6497
6497
6494
6492
6487
6487
6483
6479
6479
6478
6476
6475
6475
6474
6473
6473
6473
6472
6470
6469
6466
6459
6455
6455
6453
6453
6451
6450
6448
6448
6447
6443
6443
6441
6436
6435
6434
6432
6432
6430
6429
6427
6426
6426
6423
6420
6419
6419
6418
6415
6413
6412
6411
6409
6409
6408
6403
6403
6400
6399
6398
6397
6393
6387
6386
6384
6384
6382
6380
6377
6377
6377
6374
6372
6372
6370
6370
6368
6367
6366
6364
6362
6362
6361
6359
6358
6357
6356
6351
6351
6350
6348
6343
6341
6339
6338
6332
6329
6328
6324
6322
6322
6321
6320
6318
6312
6310
6306
6306
6305
6301
6301
6299
6298
6297
6293
6293
6292
6292
6290
6289
6287
6287
6285
6285
6283
6281
6279
6279
6274
6272
6267
6266
6265
6264
6263
6263
6261
6261
6256
6256
6254
6253
6252
6250
6247
6241
6241
6241
6241
6241
6240
6239
6238
6238
6237
6230
6228
6227
6227
6225
6224
6221
6219
6219
6214
6213
6212
6211
6209
6208
6205
6202
6202
6202
6200
6196
6196
6195
6192
6190
6188
6187
6186
6186
6185
6182
6182
6179
6177
6177
6176
6176
6176
6175
6172
6170
6169
6168
6168
6168
6167
6164
6163
6163
6162
6161
6161
6159
6159
6156
6153
6152
6152
6151
6151
6149
6146
6145
6144
6141
6140
6136
6135
6135
6135
6133
6133
6132
6131
6131
6131
6130
6129
6127
6126
6124
6121
6118
6117
6117
6114
6109
6108
6104
6103
6102
6098
6098
6094
6093
6092
6091
6091
6090
6089
6089
6087
6087
6081
6078
6078
6077
6076
6075
6073
6072
6072
6068
6066
6064
6063
6063
6056
6055
6053
6052
6050
6049
6048
6048
6046
6046
6043
6042
6039
6038
6037
6037
6035
6035
6034
6033
6033
6032
6032
6029
6028
6026
6023
6022
6019
6019
6016
6015
6014
6014
6014
6013
6013
6013
6012
6012
6010
6008
6008
6008
6007
6007
6006
6005
6004
5996
5995
5994
5994
5993
5991
5991
5991
5987
5986
5986
5985
5982
5980
5980
5977
5974
5974
5973
5971
5971
5970
5970
5969
5968
5967
5966
5965
5961
5959
5957
5956
5954
5953
5953
5953
5951
5951
5951
5950
5950
5947
5943
5943
5940
5939
5938
5937
5936
5934
5934
5932
5932
5930
5930
5930
5927
5925
5924
5922
5922
5918
5918
5918
5918
5917
5912
5911
5910
5909
5909
5909
5908
5908
5908
5907
5907
5905
5905
5905
5904
5901
5900
5900
5895
5893
5892
5892
5891
5890
5888
5888
5886
5884
5884
5882
5881
5880
5877
5876
5875
5873
5873
5872
5872
5872
5870
5869
5868
5866
5866
5863
5861
5860
5859
5859
5858
5858
5858
5856
5854
5854
5850
5850
5850
5849
5846
5845
5843
5842
5840
5839
5839
5839
5837
5835
5835
5835
5835
5834
5834
5834
5831
5825
5825
5822
5822
5820
5820
5820
5819
5819
5816
5815
5814
5813
5813
5810
5806
5803
5802
5802
5802
5800
5799
5797
5796
5796
5795
5794
5791
5788
5788
5786
5785
5783
5782
5781
5780
5780
5779
5779
5779
5778
5775
5774
5773
5773
5773
5772
5771
5770
5770
5766
5766
5766
5760
5760
5760
5760
5759
5759
5758
5757
5756
5755
5754
5753
5752
5751
5750
5748
5748
5747
5745
5744
5743
5742
5742
5740
5738
5733
5733
5731
5729
5727
5727
5726
5724
5723
5723
5722
5722
5722
5718
5716
5715
5715
5715
5714
5714
5713
5713
5712
5712
5708
5708
5708
5707
5706
5703
5702
5701
5699
5698
5697
5695
5693
5691
5691
5690
5689
5689
5687
5686
5686
5683
5683
5683
5683
5683
5681
5681
5680
5679
5679
5678
5676
5676
5673
5670
5669
5667
5667
5663
5663
5662
5662
5661
5661
5659
5657
5657
5657
5656
5656
5656
5655
5654
5653
5653
5652
5651
5650
5650
5649
5647
5646
5640
5637
5636
5636
5635
5635
5630
5629
5629
5627
5626
5625
5624
5621
5621
5620
5620
5617
5613
5613
5612
5611
5610
5610
5610
5609
5609
5606
5605
5605
5602
5601
5601
5598
5597
5594
5593
5593
5588
5587
5586
5585
5583
5582
5580
5579
5578
5578
5577
5577
5574
5574
5574
5572
5572
5566
5566
5565
5565
5561
5561
5560
5552
5551
5551
5550
5550
5549
5543
5542
5540
5539
5539
5539
5537
5536
5535
5535
5534
5533
5532
5530
5530
5527
5527
5526
5525
5524
5524
5520
5518
5516
5514
5511
5508
5508
5508
5506
5506
5505
5505
5503
5502
5500
5499
5498
5498
5496
5495
5493
5492
5492
5489
5487
5486
5485
5482
5482
5481
5481
5480
5479
5478
5477
5477
5476
5476
5475
5475
5474
5473
5472
5472
5471
5470
5470
5469
5469
5468
5465
5465
5463
5463
5460
5457
5457
5455
5454
5453
5449
5445
5445
5444
5444
5444
5442
5442
5442
5441
5440
5437
5436
5436
5434
5433
5433
5429
5427
5426
5423
5422
5419
5419
5418
5418
5417
5413
5413
5413
5412
5411
5411
5410
5407
5405
5403
5403
5402
5401
5400
5400
5399
5397
5395
5395
5394
5393
5391
5391
5390
5389
5387
5387
5385
5383
5382
5382
5381
5379
5379
5378
5376
5375
5371
5369
5367
5365
5365
5363
5363
5362
5361
5361
5360
5358
5358
5357
5357
5356
5356
5356
5355
5355
5352
5351
5349
5349
5348
5344
5343
5341
5340
5339
5338
5337
5336
5336
5335
5335
5334
5334
5332
5329
5329
5328
5326
5326
5325
5324
5321
5318
5318
5318
5315
5314
5312
5308
5308
5306
5306
5306
5304
5304
5304
5302
5299
5299
5297
5295
5294
5294
5293
5292
5291
5289
5289
5289
5287
5285
5285
5284
5283
5283
5282
5282
5282
5281
5280
5278
5277
5277
5274
5273
5272
5270
5269
5267
5264
5264
5263
5260
5260
5258
5257
5255
5255
5251
5249
5249
5249
5249
5247
5247
5246
5245
5244
5243
5240
5237
5236
5235
5235
5234
5233
5230
5230
5229
5229
5228
5227
5223
5223
5223
5223
5218
5218
5217
5217
5213
5212
5211
5211
5211
5210
5210
5210
5207
5205
5205
5201
5201
5198
5195
5194
5194
5193
5191
5190
5189
5186
5183
5182
5182
5182
5180
5178
5177
5175
5174
5173
5172
5172
5170
5169
5168
5164
5164
5163
5161
5156
5154
5153
5150
5150
5149
5148
5147
5145
5145
5144
5142
5140
5139
5138
5138
5135
5132
5130
5130
5129
5128
5126
5122
5122
5122
5121
5121
5121
5118
5117
5116
5115
5114
5113
5113
5112
5112
5111
5110
5109
5106
5106
5104
5104
5102
5101
5100
5100
5100
5099
5098
5098
5098
5098
5097
5096
5093
5092
5092
5091
5090
5089
5087
5087
5086
5083
5083
5083
5081
5081
5081
5080
5080
5079
5077
5076
5072
5071
5068
5062
5061
5060
5059
5058
5058
5055
5055
5054
5054
5049
5048
5047
5047
5046
5046
5045
5044
5043
5042
5042
5041
5040
5040
5039
5036
5035
5034
5033
5032
5032
5031
5030
5029
5029
5028
5028
5027
5025
5025
5025
5025
5022
5022
5021
5021
5020
5019
5017
5016
5016
5015
5015
5013
5013
5013
5012
5010
5008
5008
5006
5006
5005
5005
5005
5005
5004
5002
5002
5001
5001
5000
5000
4998
4997
4996
4994
4993
4988
4987
4987
4987
4986
4983
4982
4982
4980
4980
4978
4978
4977
4976
4976
4976
4974
4974
4973
4972
4971
4970
4970
4970
4969
4967
4967
4967
4966
4966
4966
4964
4963
4961
4959
4958
4955
4955
4953
4949
4948
4948
4947
4946
4945
4943
4942
4940
4940
4938
4934
4934
4933
4933
4933
4932
4931
4930
4929
4928
4928
4927
4926
4926
4926
4925
4925
4925
4924
4924
4924
4923
4921
4921
4921
4918
4917
4916
4914
4914
4913
4913
4912
4911
4909
4908
4908
4908
4908
4908
4905
4904
4904
4903
4903
4902
4901
4900
4899
4899
4899
4898
4898
4897
4896
4896
4896
4895
4895
4892
4892
4891
4891
4891
4890
4889
4888
4887
4887
4887
4886
4883
4883
4882
4880
4879
4878
4878
4878
4876
4875
4874
4871
4871
4870
4869
4868
4868
4867
4867
4866
4866
4866
4864
4864
4863
4862
4861
4860
4858
4858
4857
4857
4856
4855
4855
4855
4854
4854
4853
4853
4853
4852
4852
4852
4851
4851
4851
4850
4850
4849
4848
4848
4847
4847
4847
4846
4846
4845
4845
4844
4844
4844
4842
4841
4841
4841
4841
4840
4839
4838
4838
4837
4836
4836
4836
4836
4835
4834
4833
4833
4832
4831
4830
4829
4827
4825
4824
4823
4823
4823
4821
4821
4821
4820
4819
4818
4818
4818
4816
4816
4814
4814
4812
4812
4810
4810
4810
4809
4809
4808
4808
4807
4806
4806
4806
4800
4800
4799
4797
4796
4796
4796
4795
4795
4794
4793
4793
4791
4790
4787
4786
4785
4784
4783
4782
4781
4781
4780
4777
4776
4776
4774
4773
4773
4771
4770
4770
4767
4766
4766
4765
4765
4764
4764
4762
4761
4760
4760
4760
4757
4757
4757
4756
4755
4755
4754
4753
4752
4752
4751
4751
4750
4750
4749
4748
4747
4746
4746
4745
4745
4745
4744
4743
4741
4741
4741
4740
4738
4738
4737
4737
4737
4736
4736
4736
4735
4734
4734
4732
4732
4732
4730
4729
4728
4728
4726
4726
4726
4725
4725
4725
4723
4723
4722
4722
4721
4721
4718
4717
4713
4711
4710
4707
4707
4706
4706
4705
4705
4704
4704
4704
4703
4703
4702
4700
4698
4697
4695
4694
4693
4693
4692
4692
4692
4692
4689
4689
4688
4688
4687
4687
4687
4683
4682
4681
4681
4679
4678
4677
4676
4676
4674
4674
4672
4669
4669
4669
4669
4668
4668
4668
4668
4667
4666
4666
4666
4666
4665
4664
4664
4661
4659
4659
4658
4657
4656
4655
4655
4655
4653
4651
4650
4650
4649
4649
4648
4647
4645
4645
4645
4644
4643
4639
4637
4637
4636
4636
4636
4635
4634
4633
4632
4632
4632
4632
4631
4631
4630
4626
4625
4624
4624
4624
4623
4622
4621
4620
4620
4620
4619
4618
4618
4617
4617
4616
4616
4615
4613
4613
4612
4611
4611
4611
4610
4610
4609
4609
4608
4608
4607
4606
4606
4606
4605
4605
4604
4603
4603
4602
4602
4601
4601
4600
4599
4598
4598
4597
4597
4596
4596
4595
4595
4595
4594
4594
4593
4593
4591
4589
4589
4587
4586
4586
4584
4584
4584
4583
4583
4583
4582
4582
4580
4579
4579
4579
4576
4576
4575
4575
4574
4574
4574
4574
4573
4572
4570
4568
4568
4567
4566
4566
4566
4565
4564
4563
4561
4560
4560
4560
4559
4556
4556
4555
4554
4553
4552
4552
4549
4549
4548
4548
4548
4545
4541
4541
4540
4540
4539
4539
4537
4536
4534
4532
4531
4531
4530
4530
4530
4529
4528
4527
4527
4527
4526
4526
4526
4526
4525
4524
4523
4521
4521
4520
4520
4518
4517
4517
4517
4516
4516
4516
4515
4514
4514
4514
4514
4513
4511
4511
4510
4510
4509
4509
4507
4507
4507
4505
4503
4502
4501
4501
4501
4500
4499
4499
4497
4497
4495
4495
4495
4495
4495
4494
4493
4493
4492
4491
4490
4489
4487
4487
4485
4484
4484
4484
4483
4483
4483
4482
4481
4481
4480
4478
4478
4477
4477
4476
4476
4476
4476
4475
4475
4475
4472
4471
4469
4469
4469
4468
4468
4468
4465
4464
4456
4455
4454
4454
4454
4453
4453
4452
4452
4451
4450
4450
4449
4447
4446
4445
4444
4443
4441
4440
4440
4440
4439
4439
4439
4437
4437
4436
4436
4435
4434
4433
4433
4433
4432
4431
4430
4430
4429
4428
4428
4427
4427
4427
4426
4426
4425
4425
4424
4424
4424
4422
4422
4422
4420
4418
4418
4416
4415
4415
4415
4415
4414
4414
4412
4411
4411
4410
4409
4409
4408
4408
4408
4405
4405
4404
4404
4402
4402
4400
4399
4399
4399
4399
4398
4397
4395
4394
4393
4392
4392
4391
4391
4390
4389
4389
4388
4388
4387
4387
4387
4387
4384
4384
4381
4381
4380
4379
4379
4379
4377
4377
4376
4376
4373
4373
4373
4372
4372
4372
4372
4369
4369
4368
4367
4366
4366
4366
4365
4364
4364
4363
4363
4362
4362
4361
4361
4361
4361
4359
4359
4358
4358
4356
4354
4354
4354
4354
4353
4353
4352
4352
4352
4351
4351
4350
4347
4346
4346
4345
4344
4344
4343
4343
4343
4341
4340
4339
4337
4336
4336
4334
4333
4333
4332
4332
4328
4327
4326
4326
4325
4321
4320
4319
4319
4318
4317
4317
4317
4314
4313
4312
4312
4312
4310
4310
4310
4309
4308
4306
4306
4304
4304
4303
4303
4302
4300
4300
4300
4300
4299
4299
4299
4298
4297
4296
4294
4293
4293
4291
4290
4289
4288
4286
4284
4283
4283
4283
4283
4281
4281
4280
4280
4277
4277
4276
4273
4273
4272
4272
4272
4271
4271
4269
4269
4268
4267
4267
4267
4265
4262
4262
4262
4261
4260
4259
4259
4258
4257
4257
4257
4257
4257
4256
4255
4253
4252
4251
4251
4250
4248
4247
4246
4246
4246
4245
4244
4244
4242
4242
4242
4240
4240
4239
4239
4238
4237
4233
4231
4231
4231
4230
4230
4229
4229
4228
4227
4227
4227
4227
4226
4225
4224
4222
4222
4222
4221
4221
4221
4220
4220
4220
4219
4219
4219
4218
4214
4213
4212
4211
4211
4209
4209
4208
4208
4208
4207
4206
4205
4205
4204
4201
4201
4201
4200
4199
4199
4199
4199
4199
4198
4198
4198
4198
4197
4197
4197
4197
4197
4195
4195
4194
4193
4192
4192
4191
4190
4189
4189
4187
4187
4186
4185
4183
4183
4183
4182
4182
4180
4179
4179
4178
4177
4175
4175
4175
4174
4171
4170
4170
4169
4168
4168
4167
4167
4167
4166
4166
4166
4163
4163
4163
4162
4162
4160
4159
4158
4158
4157
4157
4156
4156
4155
4153
4152
4152
4152
4151
4151
4150
4150
4149
4149
4146
4146
4145
4145
4144
4142
4142
4141
4138
4137
4137
4137
4137
4136
4136
4136
4135
4134
4134
4134
4133
4131
4131
4131
4129
4129
4128
4128
4128
4127
4126
4126
4126
4125
4125
4125
4124
4124
4124
4124
4123
4119
4119
4117
4117
4117
4116
4115
4114
4113
4113
4112
4112
4111
4110
4110
4108
4108
4108
4104
4104
4102
4100
4100
4099
4099
4098
4097
4097
4097
4097
4097
4096
4096
4094
4093
4092
4091
4090
4090
4090
4089
4088
4088
4088
4087
4087
4087
4086
4084
4079
4078
4078
4078
4078
4076
4075
4075
4075
4075
4074
4073
4073
4073
4072
4071
4071
4070
4067
4067
4065
4064
4063
4062
4061
4059
4058
4057
4057
4057
4057
4057
4054
4054
4053
4052
4052
4052
4050
4049
4048
4048
4047
4047
4047
4047
4047
4047
4046
4045
4044
4042
4042
4041
4041
4040
4040
4039
4038
4035
4034
4033
4033
4032
4031
4031
4030
4030
4029
4029
4028
4027
4026
4026
4025
4023
4022
4022
4022
4021
4021
4021
4019
4019
4018
4016
4016
4014
4014
4013
4012
4011
4011
4011
4011
4010
4010
4008
4008
4008
4007
4006
4006
4006
4004
4003
4002
4002
4001
4001
4001
4000
4000
3999
3998
3997
3993
3993
3991
3989
3989
3988
3988
3987
3987
3987
3987
3986
3986
3985
3984
3983
3982
3981
3981
3981
3980
3980
3980
3980
3979
3979
3978
3977
3977
3976
3975
3975
3974
3974
3974
3973
3973
3973
3972
3971
3971
3971
3970
3970
3970
3969
3969
3968
3968
3968
3968
3965
3965
3964
3964
3962
3961
3961
3960
3959
3959
3958
3957
3957
3957
3957
3956
3956
3956
3955
3955
3955
3955
3954
3953
3951
3951
3951
3950
3950
3950
3950
3950
3949
3949
3948
3946
3945
3945
3945
3944
3944
3943
3942
3941
3940
3940
3940
3940
3939
3939
3939
3938
3938
3937
3937
3936
3936
3936
3936
3935
3934
3934
3934
3933
3933
3932
3931
3929
3927
3927
3927
3927
3926
3925
3924
3923
3923
3922
3921
3921
3921
3921
3920
3920
3920
3919
3919
3918
3918
3917
3917
3917
3916
3916
3914
3913
3913
3913
3911
3911
3911
3910
3910
3909
3909
3909
3909
3909
3908
3908
3908
3908
3907
3907
3905
3905
3905
3905
3904
3904
3903
3903
3903
3900
3900
3900
3900
3899
3898
3897
3897
3896
3896
3896
3896
3894
3894
3894
3893
3893
3892
3892
3892
3891
3891
3890
3889
3887
3887
3887
3887
3886
3885
3885
3884
3883
3882
3882
3881
3881
3880
3879
3879
3878
3878
3878
3878
3878
3878
3877
3877
3877
3876
3873
3873
3873
3872
3872
3871
3871
3871
3870
3868
3868
3867
3867
3867
3866
3866
3865
3865
3865
3864
3864
3863
3863
3863
3862
3862
3862
3861
3861
3860
3860
3860
3859
3857
3856
3856
3855
3855
3853
3853
3852
3852
3852
3851
3851
3850
3850
3850
3849
3848
3847
3846
3846
3846
3845
3845
3844
3844
3843
3842
3841
3840
3840
3839
3839
3838
3838
3838
3837
3836
3836
3836
3834
3834
3833
3833
3833
3833
3832
3831
3830
3830
3830
3829
3829
3827
3827
3826
3825
3825
3824
3824
3824
3823
3822
3822
3822
3822
3822
3821
3821
3820
3820
3820
3819
3819
3817
3817
3817
3816
3815
3814
3814
3813
3813
3813
3813
3812
3812
3812
3811
3811
3810
3809
3808
3808
3807
3807
3807
3805
3805
3805
3804
3804
3804
3803
3803
3802
3802
3801
3801
3798
3798
3798
3797
3797
3796
3795
3795
3794
3792
3792
3792
3791
3790
3788
3788
3788
3788
3787
3787
3787
3787
3786
3786
3784
3784
3783
3783
3783
3783
3782
3781
3781
3781
3780
3780
3780
3779
3778
3777
3777
3777
3776
3774
3773
3771
3771
3771
3770
3769
3769
3769
3768
3768
3767
3766
3766
3766
3765
3763
3763
3763
3762
3761
3761
3761
3761
3761
3760
3760
3759
3759
3759
3759
3759
3758
3758
3756
3756
3755
3755
3755
3754
3753
3751
3751
3750
3750
3750
3750
3749
3749
3749
3748
3747
3746
3745
3745
3744
3743
3743
3742
3742
3742
3742
3741
3740
3740
3739
3739
3739
3738
3738
3738
3738
3737
3736
3735
3735
3734
3733
3733
3733
3731
3731
3730
3729
3729
3729
3728
3727
3727
3727
3726
3726
3724
3723
3723
3722
3722
3721
3721
3721
3721
3720
3720
3719
3718
3717
3717
3717
3716
3716
3716
3715
3715
3715
3715
3714
3713
3713
3713
3713
3713
3712
3709
3709
3707
3707
3707
3705
3704
3703
3702
3702
3701
3700
3700
3700
3700
3699
3699
3698
3696
3693
3692
3691
3691
3690
3690
3690
3690
3689
3689
3688
3688
3687
3686
3686
3686
3685
3685
3685
3685
3685
3684
3684
3684
3684
3684
3684
3682
3682
3681
3680
3679
3679
3679
3678
3678
3678
3677
3677
3677
3677
3676
3676
3674
3674
3674
3671
3671
3670
3670
3669
3669
3668
3668
3668
3668
3666
3666
3666
3664
3664
3663
3663
3662
3662
3661
3661
3661
3660
3660
3660
3660
3659
3658
3658
3658
3658
3658
3657
3657
3657
3657
3656
3655
3655
3654
3654
3652
3652
3652
3652
3651
3651
3651
3650
3650
3650
3650
3649
3648
3648
3647
3647
3647
3646
3644
3643
3643
3643
3642
3642
3641
3640
3640
3640
3639
3639
3638
3637
3637
3637
3636
3635
3633
3633
3633
3632
3632
3632
3631
3631
3630
3630
3630
3628
3628
3628
3628
3627
3625
3625
3624
3622
3622
3622
3622
3620
3618
3618
3616
3616
3615
3615
3615
3615
3614
3614
3613
3613
3613
3613
3613
3612
3611
3611
3611
3611
3611
3611
3611
3610
3610
3609
3609
3609
3609
3609
3608
3608
3607
3607
3606
3605
3604
3603
3603
3603
3603
3601
3601
3600
3600
3600
3599
3599
3598
3598
3597
3597
3596
3596
3595
3595
3595
3594
3594
3594
3592
3591
3591
3591
3590
3589
3588
3588
3588
3585
3585
3585
3585
3584
3584
3584
3584
3583
3583
3582
3581
3581
3580
3580
3578
3578
3578
3577
3577
3576
3576
3576
3575
3575
3574
3573
3572
3571
3570
3569
3569
3568
3567
3567
3567
3566
3565
3564
3562
3562
3562
3562
3561
3560
3560
3560
3560
3558
3558
3558
3558
3557
3557
3556
3555
3555
3555
3554
3554
3554
3553
3551
3550
3550
3549
3549
3549
3548
3548
3546
3546
3544
3544
3543
3543
3543
3543
3543
3542
3541
3541
3541
3540
3540
3540
3540
3539
3539
3539
3538
3538
3538
3538
3538
3538
3536
3535
3535
3534
3534
3534
3533
3533
3533
3532
3531
3531
3531
3531
3530
3530
3530
3529
3529
3529
3529
3529
3528
3527
3527
3526
3525
3525
3525
3525
3522
3522
3521
3521
3521
3520
3520
3520
3519
3518
3518
3518
3518
3517
3516
3516
3515
3514
3514
3513
3512
3510
3510
3509
3509
3508
3508
3507
3507
3507
3506
3505
3504
3501
3500
3500
3499
3499
3498
3498
3498
3497
3497
3497
3497
3497
3496
3496
3495
3494
3493
3493
3492
3492
3491
3491
3491
3490
3489
3488
3488
3488
3487
3487
3486
3486
3485
3485
3484
3483
3483
3482
3482
3482
3482
3481
3480
3480
3479
3479
3479
3478
3478
3476
3476
3476
3474
3473
3473
3472
3472
3472
3471
3469
3468
3468
3468
3467
3466
3465
3465
3465
3465
3464
3464
3464
3464
3463
3463
3463
3463
3463
3463
3463
3463
3462
3462
3462
3461
3461
3461
3460
3459
3459
3458
3458
3456
3455
3455
3455
3454
3454
3454
3454
3454
3453
3452
3452
3450
3450
3450
3449
3449
3448
3448
3448
3448
3447
3447
3447
3446
3446
3446
3445
3445
3445
3445
3444
3444
3444
3443
3442
3442
3442
3441
3441
3441
3441
3440
3440
3440
3440
3439
3439
3438
3437
3437
3437
3437
3437
3436
3436
3436
3435
3435
3435
3434
3434
3434
3433
3433
3433
3431
3431
3428
3428
3427
3427
3427
3426
3425
3425
3425
3425
3424
3424
3423
3422
3421
3421
3420
3420
3419
3419
3419
3419
3419
3418
3418
3416
3416
3415
3414
3413
3412
3412
3412
3412
3411
3411
3410
3410
3410
3409
3408
3407
3407
3407
3407
3407
3405
3405
3405
3405
3404
3404
3404
3402
3402
3402
3401
3401
3401
3401
3400
3399
3399
3397
3397
3396
3396
3396
3396
3395
3395
3394
3394
3393
3393
3392
3391
3391
3390
3389
3389
3388
3387
3386
3386
3386
3385
3383
3383
3383
3383
3382
3382
3382
3382
3381
3381
3381
3381
3380
3380
3379
3379
3379
3378
3378
3378
3378
3378
3377
3376
3376
3375
3375
3375
3374
3373
3373
3373
3373
3373
3372
3372
3371
3370
3370
3369
3369
3369
3368
3368
3368
3367
3367
3366
3366
3366
3366
3366
3365
3365
3365
3364
3364
3363
3362
3362
3361
3361
3360
3360
3359
3358
3358
3358
3357
3357
3357
3355
3355
3355
3354
3354
3353
3353
3353
3353
3352
3351
3351
3349
3349
3349
3348
3348
3347
3346
3346
3345
3345
3345
3343
3343
3341
3341
3340
3340
3340
3340
3340
3339
3339
3338
3338
3338
3338
3337
3337
3336
3336
3336
3336
3335
3334
3334
3334
3334
3334
3333
3333
3333
3333
3332
3331
3331
3331
3331
3331
3330
3330
3330
3329
3329
3329
3329
3329
3328
3328
3328
3328
3327
3327
3327
3326
3326
3325
3325
3324
3323
3323
3322
3322
3322
3322
3321
3321
3320
3319
3319
3318
3318
3318
3317
3317
3317
3316
3316
3316
3315
3315
3315
3315
3314
3313
3312
3312
3312
3311
3311
3311
3310
3310
3310
3310
3309
3308
3308
3308
3308
3307
3307
3307
3307
3306
3304
3304
3303
3302
3301
3301
3301
3301
3301
3300
3300
3300
3299
3298
3297
3297
3297
3297
3296
3296
3296
3295
3295
3295
3294
3293
3293
3293
3291
3291
3290
3290
3289
3289
3289
3288
3288
3288
3287
3287
3287
3287
3287
3287
3287
3286
3286
3286
3286
3285
3285
3283
3283
3283
3283
3283
3283
3282
3281
3280
3279
3279
3278
3278
3278
3278
3276
3276
3275
3275
3274
3273
3273
3273
3272
3272
3272
3271
3271
3271
3271
3271
3270
3270
3269
3269
3269
3268
3267
3267
3267
3266
3266
3266
3266
3265
3264
3263
3262
3260
3260
3260
3259
3259
3259
3258
3258
3257
3257
3257
3257
3257
3256
3256
3256
3256
3255
3255
3254
3254
3254
3254
3253
3252
3252
3252
3251
3251
3251
3250
3250
3250
3250
3250
3249
3249
3248
3248
3248
3248
3247
3246
3246
3246
3246
3246
3245
3245
3243
3242
3242
3241
3241
3241
3241
3240
3240
3240
3239
3239
3238
3238
3238
3237
3236
3236
3235
3235
3234
3234
3234
3233
3233
3233
3232
3232
3232
3232
3232
3232
3231
3231
3230
3230
3230
3229
3227
3227
3226
3226
3226
3225
3224
3224
3224
3223
3222
3222
3221
3221
3221
3220
3220
3220
3220
3220
3219
3219
3218
3217
3216
3216
3216
3216
3215
3213
3213
3211
3211
3210
3210
3210
3209
3209
3209
3208
3208
3208
3208
3207
3207
3206
3206
3205
3205
3205
3205
3203
3203
3202
3202
3201
3201
3201
3200
3200
3200
3200
3199
3199
3198
3198
3197
3197
3196
3196
3196
3196
3195
3195
3195
3194
3194
3194
3193
3193
3192
3191
3191
3190
3190
3190
3189
3188
3185
3185
3185
3184
3184
3184
3184
3184
3183
3183
3183
3182
3182
3182
3182
3182
3181
3180
3179
3178
3177
3177
3176
3176
3176
3175
3175
3175
3174
3174
3174
3173
3172
3172
3171
3171
3170
3169
3169
3168
3168
3168
3168
3167
3167
3167
3166
3166
3166
3166
3166
3165
3164
3164
3163
3163
3163
3162
3162
3161
3161
3161
3161
3160
3159
3158
3157
3157
3157
3157
3157
3156
3155
3155
3154
3154
3153
3153
3153
3151
3151
3151
3150
3150
3149
3149
3149
3149
3148
3147
3147
3147
3146
3146
3145
3144
3144
3143
3141
3141
3141
3141
3141
3141
3140
3140
3140
3140
3139
3139
3139
3138
3136
3136
3135
3135
3134
3134
3134
3133
3132
3132
3131
3131
3131
3130
3130
3130
3130
3129
3129
3129
3129
3129
3128
3128
3128
3127
3126
3126
3126
3126
3126
3125
3124
3124
3123
3123
3122
3120
3118
3118
3118
3118
3118
3117
3117
3116
3116
3116
3116
3116
3116
3116
3115
3114
3114
3113
3112
3112
3111
3111
3111
3109
3109
3109
3108
3107
3107
3107
3107
3106
3106
3106
3105
3105
3105
3105
3103
3103
3102
3102
3102
3102
3102
3102
3101
3101
3100
3099
3099
3099
3098
3098
3097
3097
3097
3097
3096
3095
3095
3095
3095
3094
3093
3093
3092
3091
3091
3091
3091
3091
3091
3090
3090
3090
3089
3089
3088
3088
3087
3087
3087
3086
3086
3084
3083
3082
3082
3081
3081
3081
3081
3081
3081
3080
3080
3079
3079
3079
3078
3078
3077
3077
3076
3076
3076
3075
3073
3073
3073
3072
3072
3072
3071
3071
3071
3071
3071
3071
3070
3070
3070
3069
3069
3069
3069
3067
3067
3067
3067
3067
3067
3066
3066
3066
3066
3066
3065
3064
3064
3063
3063
3063
3063
3063
3062
3061
3061
3061
3060
3060
3060
3060
3059
3059
3059
3058
3057
3057
3057
3057
3056
3056
3055
3054
3052
3052
3051
3051
3051
3050
3049
3049
3049
3049
3048
3048
3048
3047
3047
3047
3046
3046
3046
3046
3046
3045
3045
3045
3045
3045
3044
3044
3044
3042
3042
3042
3041
3041
3040
3040
3039
3039
3039
3039
3038
3038
3037
3037
3037
3037
3036
3035
3035
3035
3034
3034
3033
3033
3032
3032
3032
3032
3031
3029
3029
3028
3028
3027
3027
3025
3024
3024
3024
3024
3022
3022
3022
3022
3022
3022
3021
3020
3020
3020
3020
3020
3019
3019
3018
3018
3018
3018
3018
3017
3017
3016
3016
3016
3015
3015
3015
3015
3015
3015
3014
3014
3013
3013
3013
3013
3012
3012
3012
3012
3011
3010
3010
3010
3009
3008
3008
3008
3008
3007
3006
3005
3005
3004
3003
3002
3001
3001
3001
3001
3000
3000
3000
3000
2999
2999
2999
2998
2997
2997
2996
2996
2996
2996
2995
2995
2994
2994
2994
2993
2993
2993
2992
2992
2991
2991
2990
2990
2990
2990
2988
2987
2987
2987
2987
2986
2986
2986
2985
2985
2985
2984
2984
2984
2983
2982
2982
2982
2982
2982
2981
2981
2980
2980
2980
2980
2980
2980
2980
2979
2979
2979
2979
2979
2979
2979
2979
2977
2977
2976
2975
2975
2973
2971
2971
2971
2971
2970
2970
2970
2970
2969
2969
2969
2968
2968
2968
2968
2967
2967
2966
2965
2965
2965
2964
2963
2962
2962
2962
2961
2961
2960
2960
2959
2959
2959
2958
2958
2958
2957
2956
2956
2956
2956
2955
2955
2955
2954
2954
2953
2953
2953
2953
2952
2951
2951
2951
2951
2951
2951
2950
2950
2950
2950
2950
2950
2949
2948
2948
2947
2947
2947
2947
2946
2946
2945
2945
2945
2944
2944
2944
2944
2944
2944
2943
2942
2942
2942
2942
2942
2941
2941
2940
2940
2939
2939
2938
2938
2938
2937
2937
2936
2936
2936
2936
2935
2935
2935
2935
2934
2934
2933
2933
2933
2933
2933
2933
2932
2931
2931
2931
2930
2930
2928
2928
2927
2927
2927
2927
2926
2926
2926
2925
2925
2925
2924
2924
2924
2923
2922
2922
2921
2920
2919
2919
2919
2917
2917
2917
2917
2917
2916
2916
2916
2916
2915
2915
2915
2915
2914
2912
2912
2912
2911
2911
2910
2909
2909
2908
2908
2908
2907
2906
2906
2905
2904
2904
2904
2904
2903
2902
2901
2901
2901
2901
2901
2900
2900
2899
2898
2898
2898
2898
2897
2897
2897
2896
2896
2895
2894
2894
2893
2892
2892
2892
2891
2891
2890
2889
2888
2888
2887
2887
2887
2887
2886
2886
2886
2885
2885
2884
2884
2883
2883
2882
2882
2882
2882
2882
2881
2880
2880
2880
2880
2879
2879
2878
2878
2878
2877
2877
2877
2876
2876
2876
2876
2876
2875
2873
2873
2873
2873
2872
2872
2872
2872
2872
2872
2871
2870
2870
2869
2867
2867
2866
2866
2866
2865
2865
2865
2864
2864
2864
2863
2863
2863
2862
2861
2861
2861
2861
2861
2861
2860
2860
2860
2859
2859
2859
2858
2858
2858
2858
2857
2857
2856
2855
2855
2854
2853
2853
2853
2851
2851
2850
2850
2849
2849
2849
2849
2849
2848
2848
2848
2848
2848
2847
2846
2845
2845
2845
2845
2844
2844
2844
2844
2843
2843
2843
2842
2841
2841
2840
2840
2840
2840
2840
2839
2838
2838
2838
2837
2836
2835
2834
2834
2834
2833
2832
2830
2830
2829
2828
2828
2828
2828
2828
2828
2827
2827
2827
2826
2826
2825
2825
2824
2823
2823
2823
2823
2823
2823
2821
2821
2821
2821
2821
2820
2820
2820
2819
2818
2817
2817
2817
2817
2816
2816
2816
2814
2814
2814
2814
2814
2813
2813
2813
2812
2812
2812
2811
2811
2811
2810
2810
2810
2810
2809
2809
2809
2809
2808
2807
2807
2806
2806
2806
2805
2805
2805
2803
2803
2803
2803
2803
2803
2803
2802
2802
2802
2802
2801
2801
2801
2801
2800
2800
2800
2800
2799
2798
2797
2797
2797
2796
2796
2795
2795
2795
2793
2793
2793
2793
2793
2791
2790
2790
2790
2789
2789
2788
2788
2788
2788
2788
2787
2787
2787
2786
2786
2786
2786
2785
2785
2785
2784
2784
2784
2784
2783
2783
2782
2782
2782
2782
2782
2781
2781
2781
2781
2781
2780
2780
2779
2779
2778
2777
2777
2777
2777
2776
2776
2775
2775
2775
2775
2775
2775
2774
2774
2774
2774
2773
2773
2773
2773
2772
2772
2772
2771
2771
2770
2770
2770
2769
2769
2768
2768
2768
2767
2767
2766
2766
2766
2765
2765
2765
2763
2763
2763
2763
2763
2763
2762
2762
2762
2761
2760
2760
2760
2760
2759
2759
2759
2759
2758
2758
2757
2757
2757
2756
2756
2756
2755
2755
2755
2755
2755
2754
2754
2753
2753
2753
2753
2753
2752
2752
2752
2752
2751
2751
2751
2751
2751
2750
2750
2750
2749
2749
2749
2748
2748
2748
2748
2747
2747
2747
2746
2746
2746
2746
2745
2745
2744
2744
2744
2744
2744
2744
2744
2744
2744
2744
2743
2742
2742
2741
2741
2741
2740
2740
2739
2738
2738
2738
2738
2737
2737
2737
2737
2737
2736
2736
2736
2736
2735
2735
2735
2735
2735
2734
2734
2734
2734
2733
2733
2733
2732
2731
2731
2731
2731
2730
2730
2730
2729
2729
2729
2729
2729
2729
2728
2728
2728
2728
2728
2727
2727
2727
2727
2727
2726
2726
2726
2726
2725
2725
2724
2724
2724
2724
2723
2723
2722
2722
2721
2721
2721
2721
2720
2719
2719
2719
2718
2718
2718
2718
2717
2717
2717
2717
2716
2716
2716
2715
2715
2715
2715
2714
2714
2714
2714
2713
2713
2713
2713
2712
2712
2712
2712
2712
2712
2712
2711
2711
2711
2711
2710
2710
2710
2710
2710
2708
2708
2708
2708
2708
2706
2705
2705
2705
2705
2704
2704
2704
2704
2704
2704
2703
2703
2703
2702
2701
2701
2701
2701
2701
2701
2701
2700
2700
2699
2699
2699
2698
2698
2697
2697
2697
2697
2696
2696
2696
2696
2695
2695
2694
2694
2694
2694
2694
2693
2690
2690
2690
2690
2690
2690
2690
2690
2690
2689
2689
2688
2688
2688
2688
2687
2687
2687
2686
2685
2685
2684
2684
2684
2684
2684
2683
2683
2683
2682
2682
2682
2682
2681
2681
2681
2681
2681
2680
2680
2680
2680
2679
2679
2679
2678
2678
2678
2677
2677
2677
2676
2676
2676
2676
2676
2676
2675
2674
2673
2672
2672
2671
2671
2670
2670
2670
2670
2670
2670
2669
2669
2669
2669
2668
2668
2668
2667
2667
2667
2666
2666
2666
2665
2665
2665
2665
2665
2665
2664
2664
2662
2662
2662
2661
2660
2660
2660
2659
2659
2659
2658
2658
2658
2658
2658
2657
2657
2657
2656
2656
2655
2655
2655
2655
2654
2654
2654
2653
2653
2653
2652
2652
2652
2652
2652
2651
2651
2651
2649
2649
2649
2649
2649
2649
2649
2648
2648
2648
2648
2647
2647
2646
2646
2646
2646
2645
2645
2645
2645
2644
2643
2643
2643
2642
2642
2642
2642
2642
2642
2642
2642
2641
2641
2641
2641
2640
2640
2640
2640
2639
2639
2639
2639
2638
2638
2637
2637
2637
2637
2636
2636
2636
2635
2635
2635
2634
2634
2634
2633
2633
2633
2633
2632
2632
2632
2632
2631
2631
2630
2630
2629
2629
2629
2629
2628
2627
2627
2627
2627
2626
2626
2626
2626
2624
2624
2624
2623
2623
2623
2622
2622
2622
2622
2622
2622
2621
2621
2621
2620
2620
2620
2620
2619
2619
2619
2618
2618
2618
2617
2616
2616
2616
2616
2616
2614
2614
2613
2613
2612
2612
2612
2612
2611
2611
2611
2610
2610
2610
2610
2609
2609
2609
2609
2608
2608
2608
2608
2608
2608
2607
2607
2607
2607
2606
2606
2606
2606
2605
2605
2604
2604
2603
2603
2603
2603
2603
2601
2601
2601
2601
2601
2600
2600
2600
2600
2599
2599
2598
2598
2598
2598
2597
2597
2597
2597
2597
2596
2596
2596
2595
2594
2594
2593
2593
2592
2592
2591
2590
2590
2590
2590
2590
2589
2589
2589
2587
2587
2587
2587
2586
2585
2585
2585
2585
2585
2584
2584
2584
2584
2582
2582
2582
2582
2581
2581
2581
2581
2580
2580
2580
2580
2579
2579
2579
2578
2578
2578
2577
2577
2577
2576
2576
2576
2576
2575
2575
2574
2574
2573
2572
2571
2571
2571
2571
2571
2570
2570
2569
2569
2569
2567
2567
2567
2567
2566
2566
2566
2566
2566
2566
2566
2565
2565
2564
2564
2563
2563
2563
2563
2562
2562
2562
2561
2561
2561
2560
2560
2560
2560
2560
2559
2559
2559
2558
2558
2558
2558
2558
2557
2557
2557
2556
2556
2556
2556
2556
2556
2555
2555
2554
2554
2554
2553
2553
2553
2553
2553
2552
2552
2551
2551
2551
2550
2550
2550
2549
2549
2548
2548
2548
2547
2546
2546
2546
2546
2545
2545
2545
2545
2545
2545
2544
2543
2543
2543
2543
2542
2542
2541
2541
2541
2540
2540
2540
2540
2539
2539
2539
2539
2539
2539
2539
2538
2538
2538
2538
2538
2538
2537
2537
2537
2537
2536
2536
2536
2535
2535
2534
2534
2533
2533
2532
2532
2531
2531
2531
2530
2530
2529
2529
2529
2528
2528
2528
2528
2528
2528
2527
2527
2527
2526
2526
2526
2525
2525
2525
2524
2524
2524
2523
2523
2523
2523
2523
2522
2522
2522
2522
2522
2521
2521
2521
2520
2520
2520
2519
2519
2519
2518
2518
2517
2517
2517
2517
2516
2515
2515
2515
2514
2514
2514
2514
2514
2514
2514
2514
2514
2513
2513
2513
2512
2512
2512
2511
2511
2510
2510
2510
2510
2509
2508
2508
2508
2507
2507
2507
2507
2506
2506
2505
2505
2505
2505
2505
2504
2503
2503
2503
2502
2502
2502
2501
2501
2501
2501
2501
2501
2500
2499
2498
2498
2498
2497
2497
2497
2497
2497
2495
2495
2495
2494
2494
2494
2494
2493
2492
2492
2492
2491
2491
2491
2491
2491
2491
2491
2491
2490
2490
2490
2490
2490
2489
2489
2489
2488
2488
2487
2487
2487
2486
2486
2485
2485
2485
2484
2484
2483
2483
2483
2482
2482
2482
2482
2481
2481
2481
2481
2481
2481
2481
2481
2481
2480
2479
2478
2478
2477
2477
2477
2477
2477
2476
2476
2476
2476
2476
2475
2475
2474
2474
2474
2474
2473
2473
2473
2473
2472
2472
2472
2472
2472
2471
2471
2471
2471
2470
2470
2470
2470
2470
2470
2469
2469
2469
2469
2469
2469
2468
2468
2468
2467
2466
2466
2465
2465
2465
2464
2464
2464
2464
2464
2464
2464
2464
2463
2463
2463
2462
2462
2461
2461
2461
2460
2460
2459
2459
2459
2458
2458
2458
2458
2457
2457
2457
2456
2456
2455
2455
2454
2454
2454
2454
2453
2453
2453
2453
2452
2452
2452
2452
2452
2452
2451
2451
2451
2451
2449
2449
2449
2449
2448
2448
2448
2448
2448
2448
2447
2447
2447
2447
2447
2447
2446
2446
2446
2446
2446
2445
2445
2445
2444
2444
2444
2444
2444
2444
2443
2443
2443
2442
2442
2441
2441
2441
2441
2440
2439
2439
2439
2439
2438
2437
2437
2437
2437
2437
2436
2436
2436
2435
2435
2435
2435
2434
2433
2433
2433
2432
2432
2432
2431
2431
2431
2431
2431
2430
2430
2429
2429
2428
2427
2427
2427
2426
2426
2426
2425
2425
2425
2425
2424
2423
2423
2423
2423
2423
2423
2423
2423
2422
2422
2422
2421
2421
2421
2421
2420
2420
2420
2420
2419
2419
2419
2418
2418
2417
2417
2417
2417
2416
2416
2415
2415
2415
2415
2414
2414
2413
2413
2413
2413
2412
2412
2412
2412
2411
2410
2410
2409
2409
2409
2409
2409
2408
2408
2408
2407
2407
2407
2407
2406
2406
2405
2404
2404
2404
2404
2403
2403
2403
2403
2403
2402
2402
2402
2402
2401
2401
2400
2400
2400
2400
2400
2400
2400
2399
2398
2398
2398
2398
2398
2398
2397
2396
2396
2396
2396
2396
2395
2395
2395
2394
2394
2394
2394
2394
2394
2393
2393
2393
2393
2393
2393
2393
2392
2391
2391
2391
2391
2391
2391
2390
2390
2389
2389
2389
2389
2388
2388
2388
2388
2388
2387
2387
2387
2387
2387
2386
2386
2386
2386
2385
2385
2385
2384
2384
2384
2384
2384
2383
2383
2382
2382
2382
2382
2381
2381
2380
2380
2380
2380
2379
2379
2379
2379
2377
2377
2376
2376
2376
2376
2376
2375
2375
2375
2375
2375
2375
2375
2374
2374
2374
2374
2374
2374
2373
2373
2372
2372
2371
2371
2371
2370
2370
2370
2370
2370
2370
2369
2369
2368
2368
2366
2366
2366
2366
2366
2366
2365
2365
2365
2365
2365
2365
2365
2364
2364
2364
2364
2364
2364
2364
2363
2363
2363
2363
2363
2363
2363
2362
2362
2362
2362
2361
2361
2361
2361
2361
2360
2360
2360
2360
2359
2358
2358
2357
2357
2356
2356
2356
2356
2355
2355
2355
2355
2355
2354
2354
2354
2354
2353
2353
2353
2353
2353
2353
2353
2353
2352
2351
2351
2351
2350
2350
2349
2349
2349
2348
2348
2348
2347
2347
2347
2347
2347
2346
2346
2346
2346
2346
2346
2344
2344
2343
2342
2342
2342
2342
2342
2342
2341
2341
2341
2340
2340
2340
2340
2339
2339
2339
2339
2339
2339
2339
2338
2338
2338
2338
2338
2337
2337
2337
2336
2335
2335
2335
2335
2335
2335
2335
2334
2334
2334
2333
2333
2332
2332
2332
2332
2332
2332
2332
2331
2331
2331
2331
2330
2330
2330
2330
2330
2329
2329
2329
2329
2329
2328
2327
2327
2327
2327
2327
2327
2327
2327
2326
2326
2326
2326
2325
2325
2325
2324
2323
2323
2323
2323
2322
2322
2322
2322
2322
2321
2321
2321
2321
2321
2321
2321
2320
2320
2320
2320
2319
2319
2318
2318
2318
2318
2317
2317
2317
2317
2316
2316
2315
2315
2315
2315
2314
2313
2313
2313
2312
2312
2312
2312
2311
2311
2310
2310
2310
2310
2309
2308
2308
2308
2308
2308
2308
2307
2307
2307
2307
2307
2306
2306
2306
2306
2306
2306
2305
2305
2305
2305
2304
2304
2304
2304
2303
2303
2303
2302
2301
2301
2300
2300
2300
2300
2299
2299
2299
2299
2299
2299
2298
2298
2298
2297
2297
2297
2297
2297
2297
2297
2297
2296
2296
2296
2296
2295
2295
2295
2295
2295
2295
2294
2294
2294
2294
2294
2294
2293
2293
2293
2293
2293
2292
2292
2292
2291
2291
2291
2291
2291
2290
2290
2290
2290
2290
2290
2290
2289
2288
2288
2287
2287
2287
2287
2287
2286
2285
2285
2285
2284
2284
2284
2284
2283
2283
2282
2282
2282
2282
2281
2281
2281
2280
2280
2280
2280
2280
2279
2279
2278
2278
2278
2277
2277
2277
2277
2277
2277
2276
2275
2275
2275
2275
2275
2275
2274
2274
2273
2273
2273
2273
2273
2273
2272
2272
2271
2271
2271
2271
2270
2270
2270
2269
2269
2269
2269
2268
2268
2268
2268
2267
2267
2267
2267
2267
2267
2267
2266
2266
2266
2265
2265
2265
2264
2264
2264
2263
2263
2263
2263
2262
2262
2262
2262
2262
2262
2262
2261
2261
2260
2260
2260
2260
2259
2259
2259
2258
2258
2258
2258
2257
2257
2257
2257
2257
2257
2257
2256
2256
2256
2256
2255
2255
2255
2255
2255
2254
2254
2254
2254
2254
2253
2253
2253
2253
2253
2253
2253
2252
2252
2252
2252
2251
2251
2251
2251
2250
2248
2248
2248
2248
2247
2247
2247
2246
2246
2245
2245
2244
2243
2243
2243
2243
2243
2242
2241
2241
2241
2240
2240
2240
2239
2239
2239
2239
2238
2238
2238
2238
2238
2237
2237
2237
2237
2236
2236
2236
2236
2236
2236
2235
2235
2235
2235
2235
2234
2234
2234
2233
2233
2232
2232
2232
2232
2231
2230
2230
2230
2230
2229
2229
2228
2227
2227
2227
2226
2226
2226
2225
2225
2224
2224
2224
2223
2223
2223
2223
2222
2222
2222
2222
2221
2221
2221
2221
2221
2221
2221
2220
2220
2220
2220
2219
2219
2218
2218
2218
2217
2217
2217
2217
2217
2217
2217
2216
2215
2215
2215
2214
2214
2214
2214
2214
2214
2214
2213
2213
2212
2212
2212
2212
2211
2211
2211
2211
2211
2210
2210
2210
2210
2210
2209
2209
2209
2208
2207
2207
2207
2206
2206
2206
2206
2206
2205
2204
2204
2204
2204
2203
2203
2203
2203
2203
2201
2201
2201
2200
2200
2200
2199
2199
2199
2199
2199
2199
2199
2199
2199
2198
2198
2198
2198
2198
2198
2197
2197
2197
2196
2196
2196
2196
2196
2195
2195
2194
2194
2194
2194
2194
2194
2193
2192
2192
2192
2192
2192
2190
2190
2190
2190
2189
2189
2189
2189
2188
2188
2188
2188
2187
2187
2187
2187
2187
2187
2186
2186
2186
2186
2186
2185
2185
2184
2183
2182
2182
2182
2182
2182
2182
2182
2182
2181
2181
2181
2181
2181
2180
2180
2180
2180
2179
2179
2178
2178
2178
2177
2177
2177
2177
2176
2176
2176
2176
2175
2174
2174
2174
2174
2174
2174
2173
2173
2172
2172
2172
2171
2171
2171
2171
2171
2171
2170
2169
2169
2169
2169
2169
2169
2168
2168
2167
2167
2167
2167
2167
2166
2166
2166
2166
2166
2165
2164
2164
2164
2164
2163
2163
2163
2163
2162
2162
2161
2161
2161
2161
2161
2160
2160
2160
2160
2160
2160
2159
2159
2159
2159
2159
2158
2158
2158
2158
2157
2157
2157
2157
2157
2156
2156
2156
2156
2156
2155
2155
2154
2154
2154
2154
2154
2152
2152
2152
2151
2151
2151
2151
2151
2151
2150
2150
2150
2150
2150
2149
2149
2149
2149
2149
2148
2148
2148
2147
2147
2147
2147
2147
2146
2145
2145
2145
2144
2144
2144
2144
2144
2144
2143
2143
2143
2143
2142
2142
2142
2142
2142
2142
2142
2141
2141
2141
2141
2140
2140
2139
2139
2138
2138
2138
2137
2136
2136
2136
2136
2135
2135
2135
2135
2135
2135
2135
2135
2134
2134
2133
2132
2132
2132
2132
2132
2131
2131
2131
2131
2131
2131
2130
2130
2130
2130
2130
2130
2129
2129
2129
2129
2129
2129
2128
2128
2128
2128
2128
2127
2127
2127
2126
2126
2125
2125
2125
2124
2124
2124
2123
2123
2123
2122
2122
2122
2122
2122
2121
2121
2121
2121
2120
2120
2120
2120
2120
2119
2119
2119
2118
2118
2118
2118
2118
2117
2117
2117
2117
2117
2116
2116
2116
2116
2116
2116
2115
2115
2114
2114
2114
2113
2113
2111
2111
2111
2111
2110
2109
2109
2109
2109
2109
2108
2108
2108
2108
2108
2108
2107
2107
2107
2107
2107
2106
2106
2106
2106
2106
2106
2105
2105
2105
2104
2104
2103
2103
2103
2103
2102
2102
2101
2101
2101
2101
2101
2101
2101
2100
2100
2100
2100
2100
2100
2100
2100
2100
2098
2097
2097
2097
2097
2097
2096
2096
2096
2096
2095
2095
2095
2094
2094
2094
2093
2093
2093
2093
2093
2093
2093
2093
2092
2092
2092
2092
2092
2092
2092
2092
2091
2091
2090
2090
2089
2089
2089
2089
2089
2089
2088
2088
2088
2087
2087
2087
2086
2086
2086
2085
2085
2085
2085
2084
2084
2084
2084
2083
2083
2083
2083
2082
2082
2082
2082
2081
2081
2081
2081
2081
2081
2081
2081
2080
2080
2080
2080
2080
2079
2079
2079
2079
2079
2079
2079
2078
2078
2078
2077
2077
2076
2076
2076
2076
2076
2076
2075
2075
2075
2075
2075
2075
2075
2075
2074
2074
2073
2073
2073
2072
2072
2072
2072
2071
2071
2070
2070
2070
2070
2069
2069
2069
2069
2069
2068
2068
2068
2068
2068
2067
2067
2067
2067
2067
2067
2067
2066
2066
2066
2066
2066
2065
2065
2065
2065
2065
2065
2064
2064
2064
2063
2062
2062
2062
2062
2062
2061
2060
2060
2060
2059
2058
2058
2058
2058
2058
2058
2058
2057
2057
2057
2057
2056
2056
2056
2055
2055
2055
2055
2055
2054
2054
2054
2054
2053
2053
2053
2053
2053
2053
2052
2052
2051
2051
2051
2051
2050
2049
2049
2049
2049
2049
2048
2048
2048
2047
2047
2047
2047
2047
2046
2046
2046
2046
2045
2045
2045
2044
2044
2043
2043
2043
2043
2042
2042
2042
2041
2040
2039
2039
2039
2039
2038
2038
2038
2038
2038
2037
2037
2037
2037
2037
2036
2036
2036
2036
2036
2036
2036
2035
2035
2035
2035
2035
2034
2034
2034
2034
2034
2034
2033
2033
2033
2033
2032
2032
2032
2032
2032
2032
2032
2032
2031
2031
2031
2031
2031
2031
2031
2031
2030
2030
2030
2030
2029
2029
2029
2029
2029
2029
2029
2029
2028
2028
2028
2028
2028
2027
2027
2027
2026
2026
2026
2026
2025
2025
2025
2024
2024
2023
2023
2023
2022
2022
2021
2021
2021
2020
2020
2020
2020
2020
2019
2019
2019
2018
2018
2018
2018
2018
2018
2017
2016
2016
2016
2015
2015
2015
2015
2014
2014
2014
2014
2014
2014
2013
2013
2013
2012
2012
2012
2012
2012
2012
2012
2012
2012
2012
2011
2011
2010
2010
2009
2009
2009
2009
2009
2009
2009
2009
2009
2008
2008
2008
2008
2008
2007
2007
2007
2007
2007
2006
2006
2006
2005
2005
2005
2004
2004
2004
2004
2004
2004
2003
2003
2003
2002
2002
2002
2002
2002
2001
2001
2001
2001
2001
2001
2000
2000
2000
2000
1999
1999
1999
1999
1998
1998
1998
1997
1997
1997
1997
1997
1997
1996
1996
1996
1996
1996
1996
1996
1994
1993
1993
1993
1993
1992
1992
1992
1992
1992
1992
1991
1991
1991
1991
1991
1991
1991
1991
1990
1990
1990
1990
1990
1989
1989
1989
1989
1988
1988
1988
1988
1988
1987
1987
1987
1986
1986
1986
1986
1986
1986
1985
1985
1985
1985
1985
1984
1984
1984
1984
1983
1983
1983
1982
1982
1982
1982
1982
1982
1981
1981
1981
1981
1980
1980
1979
1979
1979
1978
1978
1978
1978
1978
1978
1977
1977
1977
1977
1977
1977
1976
1975
1975
1975
1975
1975
1975
1974
1974
1974
1974
1974
1973
1973
1973
1972
1972
1972
1972
1972
1972
1972
1971
1971
1971
1971
1971
1971
1971
1971
1970
1970
1970
1969
1969
1969
1968
1968
1968
1968
1967
1967
1967
1967
1967
1967
1967
1967
1966
1966
1966
1966
1965
1965
1964
1964
1964
1964
1964
1963
1963
1963
1963
1962
1962
1961
1961
1960
1960
1960
1960
1959
1959
1959
1959
1958
1958
1958
1957
1957
1957
1957
1956
1956
1956
1955
1955
1955
1953
1953
1952
1952
1952
1952
1952
1951
1951
1951
1951
1951
1951
1951
1951
1951
1951
1951
1951
1950
1950
1950
1950
1950
1949
1949
1949
1948
1948
1948
1948
1948
1948
1947
1947
1947
1946
1946
1946
1946
1946
1946
1946
1945
1945
1944
1943
1943
1943
1943
1943
1942
1942
1942
1942
1942
1942
1942
1941
1941
1940
1940
1940
1940
1939
1939
1939
1939
1939
1938
1938
1938
1938
1938
1937
1937
1936
1936
1936
1936
1936
1936
1936
1935
1935
1935
1934
1934
1933
1933
1933
1932
1932
1932
1932
1932
1932
1932
1931
1931
1931
1931
1931
1931
1930
1930
1930
1930
1929
1929
1929
1929
1929
1929
1928
1928
1928
1928
1927
1927
1927
1927
1927
1927
1927
1927
1926
1926
1926
1925
1925
1925
1925
1925
1924
1924
1924
1924
1923
1923
1923
1923
1922
1922
1922
1921
1921
1921
1921
1921
1920
1919
1919
1919
1919
1919
1919
1918
1918
1917
1917
1917
1917
1916
1916
1916
1916
1916
1915
1915
1915
1914
1914
1913
1913
1913
1912
1912
1912
1912
1911
1910
1910
1910
1910
1910
1909
1909
1909
1908
1908
1908
1908
1908
1907
1907
1907
1906
1906
1906
1906
1906
1906
1905
1904
1904
1904
1904
1904
1903
1903
1903
1903
1903
1902
1902
1901
1901
1901
1900
1900
1900
1900
1899
1899
1899
1899
1899
1899
1898
1898
1898
1897
1897
1897
1897
1897
1897
1897
1896
1896
1896
1896
1895
1895
1895
1894
1894
1894
1894
1894
1893
1893
1893
1893
1893
1893
1893
1893
1892
1892
1892
1892
1891
1891
1891
1890
1890
1890
1890
1890
1890
1890
1890
1890
1889
1889
1889
1889
1889
1889
1888
1888
1887
1887
1887
1886
1886
1886
1885
1885
1885
1885
1885
1884
1884
1884
1884
1884
1884
1884
1884
1883
1883
1882
1882
1882
1882
1882
1881
1881
1881
1881
1881
1881
1881
1881
1881
1881
1881
1880
1880
1880
1879
1879
1879
1878
1878
1878
1878
1878
1878
1877
1877
1877
1877
1877
1877
1876
1876
1876
1876
1876
1875
1875
1875
1874
1873
1873
1873
1873
1873
1873
1873
1873
1872
1872
1872
1871
1870
1870
1869
1869
1869
1868
1868
1868
1868
1868
1868
1868
1868
1867
1867
1867
1867
1867
1867
1866
1866
1866
1866
1866
1866
1866
1866
1866
1866
1865
1865
1865
1865
1865
1865
1864
1864
1864
1864
1864
1863
1863
1863
1863
1863
1862
1862
1862
1862
1862
1862
1862
1862
1861
1861
1861
1861
1860
1860
1860
1860
1860
1860
1859
1859
1859
1859
1859
1859
1858
1858
1858
1858
1857
1857
1857
1857
1857
1857
1857
1856
1856
1855
1855
1855
1854
1853
1853
1851
1850
1850
1850
1850
1850
1850
1850
1850
1850
1849
1849
1848
1848
1848
1848
1848
1848
1847
1847
1847
1846
1846
1846
1846
1845
1845
1844
1844
1844
1843
1843
1842
1842
1842
1842
1842
1842
1840
1840
1840
1840
1839
1839
1839
1839
1839
1839
1839
1838
1838
1838
1838
1838
1837
1837
1836
1836
1836
1836
1836
1835
1835
1835
1834
1834
1834
1834
1834
1833
1833
1832
1832
1832
1832
1832
1832
1832
1831
1830
1830
1830
1830
1830
1829
1829
1829
1828
1828
1828
1828
1827
1827
1827
1827
1827
1826
1826
1826
1823
1823
1823
1823
1823
1823
1823
1822
1822
1822
1822
1822
1822
1821
1821
1821
1821
1821
1821
1821
1821
1820
1820
1820
1820
1819
1819
1819
1818
1818
1818
1818
1818
1818
1818
1817
1817
1817
1817
1816
1815
1815
1815
1814
1814
1814
1813
1813
1813
1813
1813
1813
1812
1812
1812
1811
1811
1811
1811
1811
1811
1811
1810
1810
1810
1810
1810
1810
1810
1809
1809
1809
1809
1809
1809
1808
1808
1808
1808
1808
1808
1808
1808
1807
1807
1807
1807
1807
1806
1806
1806
1805
1805
1804
1804
1804
1804
1804
1804
1803
1803
1803
1802
1802
1802
1801
1801
1801
1801
1801
1799
1798
1797
1797
1797
1797
1797
1797
1796
1796
1796
1796
1796
1796
1795
1795
1795
1795
1795
1795
1795
1795
1794
1793
1793
1792
1792
1792
1792
1792
1792
1791
1791
1791
1791
1791
1791
1790
1790
1790
1790
1790
1789
1789
1789
1788
1788
1788
1788
1788
1787
1787
1787
1787
1786
1786
1785
1785
1785
1785
1784
1784
1784
1784
1784
1784
1784
1783
1783
1783
1783
1783
1782
1782
1782
1782
1781
1781
1780
1780
1780
1780
1779
1779
1779
1779
1779
1778
1778
1778
1778
1777
1777
1776
1776
1776
1776
1776
1775
1775
1775
1775
1775
1775
1775
1774
1773
1773
1773
1773
1773
1773
1773
1773
1772
1772
1772
1772
1771
1771
1771
1770
1770
1770
1770
1770
1770
1770
1769
1769
1769
1768
1768
1768
1768
1767
1767
1767
1766
1766
1766
1766
1765
1765
1764
1764
1764
1764
1764
1763
1763
1763
1763
1762
1762
1762
1761
1761
1761
1761
1761
1761
1761
1760
1760
1760
1760
1760
1760
1759
1759
1759
1759
1759
1758
1758
1757
1757
1757
1756
1756
1756
1756
1755
1755
1755
1755
1755
1755
1755
1755
1754
1754
1754
1754
1753
1753
1753
1752
1752
1751
1750
1750
1750
1749
1749
1749
1749
1748
1748
1748
1748
1747
1747
1747
1746
1745
1745
1745
1745
1745
1744
1744
1744
1744
1744
1743
1743
1742
1742
1741
1741
1741
1741
1740
1740
1740
1739
1739
1739
1739
1739
1739
1739
1738
1738
1738
1737
1737
1737
1736
1736
1735
1735
1735
1735
1735
1735
1735
1734
1734
1734
1734
1734
1734
1733
1733
1733
1732
1732
1732
1731
1731
1731
1731
1731
1731
1731
1730
1730
1730
1730
1730
1729
1729
1729
1729
1729
1728
1728
1728
1728
1727
1727
1727
1727
1727
1727
1727
1726
1726
1726
1725
1725
1725
1725
1725
1724
1724
1724
1723
1723
1723
1723
1723
1723
1723
1722
1722
1722
1722
1721
1721
1721
1721
1721
1721
1720
1720
1719
1719
1719
1719
1719
1719
1718
1718
1718
1718
1717
1717
1717
1717
1717
1717
1716
1716
1716
1715
1715
1715
1715
1714
1714
1714
1713
1713
1713
1713
1713
1713
1713
1712
1712
1712
1712
1712
1712
1712
1712
1712
1712
1711
1711
1711
1711
1710
1710
1710
1709
1709
1709
1709
1709
1708
1708
1707
1707
1707
1707
1707
1707
1707
1705
1705
1704
1704
1704
1704
1704
1704
1703
1703
1703
1703
1703
1702
1702
1702
1702
1702
1701
1701
1700
1700
1700
1700
1699
1699
1699
1699
1699
1699
1698
1698
1698
1698
1698
1698
1698
1697
1697
1697
1697
1697
1697
1697
1697
1697
1697
1696
1696
1696
1696
1696
1695
1695
1695
1694
1694
1694
1694
1694
1694
1694
1693
1693
1693
1692
1692
1692
1692
1691
1691
1691
1691
1690
1690
1690
1690
1690
1690
1690
1689
1689
1689
1688
1688
1688
1688
1688
1687
1687
1687
1687
1687
1687
1686
1686
1686
1686
1685
1685
1685
1684
1684
1684
1684
1684
1684
1683
1683
1683
1683
1683
1683
1682
1682
1682
1682
1682
1682
1682
1682
1682
1682
1682
1681
1681
1681
1681
1680
1680
1680
1680
1680
1680
1679
1679
1679
1679
1679
1678
1678
1678
1678
1678
1678
1678
1678
1678
1678
1678
1677
1677
1677
1676
1676
1676
1676
1676
1675
1675
1675
1675
1675
1675
1675
1675
1674
1674
1674
1674
1674
1673
1673
1673
1673
1673
1673
1672
1672
1672
1672
1672
1672
1671
1671
1670
1670
1670
1670
1670
1670
1669
1669
1669
1669
1669
1669
1669
1669
1669
1669
1669
1668
1668
1668
1668
1668
1668
1668
1668
1667
1667
1667
1667
1667
1667
1667
1666
1666
1666
1666
1666
1666
1665
1665
1665
1665
1665
1665
1665
1665
1665
1665
1665
1664
1664
1664
1664
1663
1663
1663
1663
1662
1662
1661
1661
1661
1661
1661
1660
1660
1660
1660
1660
1660
1659
1659
1659
1659
1659
1658
1658
1658
1658
1658
1657
1657
1657
1657
1657
1657
1656
1656
1656
1656
1656
1656
1656
1655
1655
1655
1655
1655
1654
1654
1654
1653
1653
1653
1652
1652
1652
1652
1652
1652
1652
1652
1651
1651
1651
1651
1651
1650
1650
1650
1650
1650
1650
1649
1649
1649
1649
1648
1648
1648
1648
1648
1648
1648
1648
1647
1647
1647
1647
1647
1647
1647
1647
1647
1647
1647
1647
1646
1646
1646
1646
1646
1646
1646
1646
1645
1645
1645
1645
1645
1644
1644
1644
1644
1644
1644
1644
1644
1643
1643
1643
1643
1642
1642
1642
1642
1642
1642
1641
1641
1641
1641
1641
1641
1640
1640
1640
1640
1640
1639
1639
1639
1639
1639
1639
1638
1638
1638
1638
1638
1638
1638
1637
1637
1637
1637
1637
1636
1636
1636
1635
1635
1634
1634
1634
1634
1634
1634
1634
1634
1634
1633
1633
1633
1633
1633
1633
1633
1632
1632
1632
1632
1632
1631
1631
1631
1631
1631
1630
1630
1630
1630
1630
1630
1630
1630
1629
1629
1629
1629
1628
1628
1627
1627
1627
1627
1627
1627
1626
1626
1625
1625
1625
1624
1624
1624
1624
1624
1623
1623
1623
1623
1623
1623
1623
1622
1622
1622
1622
1622
1622
1622
1621
1621
1621
1621
1620
1620
1620
1620
1620
1620
1619
1619
1619
1619
1619
1619
1618
1618
1618
1618
1618
1618
1618
1618
1617
1617
1617
1617
1617
1617
1617
1617
1617
1616
1616
1616
1616
1616
1616
1616
1616
1616
1615
1615
1615
1615
1615
1615
1615
1615
1615
1614
1614
1614
1614
1614
1614
1614
1614
1613
1613
1613
1613
1613
1613
1613
1613
1613
1613
1612
1612
1612
1612
1612
1612
1612
1611
1611
1611
1611
1611
1611
1611
1611
1611
1611
1610
1610
1610
1610
1610
1609
1609
1609
1609
1609
1609
1608
1608
1608
1608
1607
1607
1607
1607
1607
1607
1607
1607
1607
1607
1607
1606
1606
1606
1606
1606
1606
1606
1606
1606
1606
1606
1605
1605
1604
1604
1604
1604
1604
1604
1603
1603
1603
1603
1603
1603
1603
1602
1602
1602
1602
1602
1602
1602
1601
1601
1601
1601
1600
1600
1600
1600
1600
1600
1600
1600
1600
1599
1599
1599
1599
1598
1598
1598
1598
1598
1598
1598
1598
1597
1597
1597
1596
1596
1596
1596
1596
1595
1595
1595
1595
1595
1595
1595
1595
1595
1595
1594
1594
1594
1594
1593
1593
1593
1593
1593
1592
1592
1592
1591
1591
1591
1591
1591
1591
1590
1590
1590
1590
1590
1590
1589
1589
1589
1589
1588
1588
1588
1588
1588
1587
1587
1587
1587
1586
1586
1586
1586
1586
1586
1586
1586
1586
1586
1585
1585
1585
1585
1584
1584
1584
1584
1584
1584
1584
1584
1583
1583
1583
1583
1583
1583
1582
1582
1581
1581
1581
1581
1581
1581
1580
1580
1579
1579
1578
1578
1578
1578
1578
1578
1577
1577
1577
1577
1576
1576
1576
1576
1575
1575
1575
1575
1575
1575
1575
1574
1574
1574
1574
1574
1574
1574
1574
1574
1573
1573
1573
1573
1573
1573
1572
1572
1572
1572
1572
1572
1571
1571
1571
1571
1571
1571
1571
1571
1571
1571
1570
1570
1570
1570
1570
1570
1570
1570
1570
1570
1569
1569
1568
1568
1568
1568
1568
1567
1567
1567
1566
1566
1566
1566
1565
1565
1564
1564
1563
1563
1563
1563
1563
1563
1563
1563
1563
1563
1563
1562
1562
1562
1562
1562
1562
1561
1561
1561
1561
1561
1561
1561
1560
1560
1560
1560
1560
1560
1560
1560
1559
1559
1559
1559
1559
1559
1559
1559
1559
1559
1558
1558
1558
1558
1558
1558
1558
1558
1558
1557
1557
1557
1557
1557
1556
1556
1556
1555
1555
1555
1555
1554
1554
1554
1554
1554
1554
1554
1553
1553
1553
1553
1552
1552
1552
1552
1552
1552
1552
1552
1551
1551
1551
1551
1551
1550
1550
1550
1550
1550
1550
1550
1550
1550
1549
1549
1549
1549
1549
1549
1549
1549
1549
1549
1548
1548
1548
1548
1548
1548
1548
1548
1548
1548
1548
1547
1547
1547
1547
1547
1547
1547
1547
1546
1546
1546
1546
1546
1546
1546
1545
1545
1545
1545
1544
1544
1544
1544
1544
1544
1544
1544
1544
1544
1543
1543
1543
1543
1543
1543
1543
1542
1542
1542
1542
1542
1542
1542
1542
1542
1542
1541
1541
1541
1541
1541
1541
1540
1540
1540
1540
1540
1540
1540
1539
1539
1539
1539
1539
1539
1538
1538
1538
1538
1538
1537
1537
1537
1537
1537
1537
1537
1537
1537
1537
1536
1536
1536
1536
1536
1536
1536
1536
1535
1535
1535
1535
1535
1535
1535
1534
1534
1534
1534
1534
1534
1534
1534
1533
1533
1533
1533
1533
1532
1532
1532
1532
1532
1532
1532
1532
1532
1532
1532
1531
1531
1531
1531
1531
1531
1531
1531
1530
1530
1530
1530
1530
1530
1529
1529
1529
1529
1529
1529
1528
1528
1528
1528
1527
1527
1527
1527
1527
1527
1527
1526
1526
1526
1526
1526
1526
1526
1526
1525
1525
1525
1525
1525
1525
1524
1524
1524
1524
1524
1523
1523
1523
1523
1523
1522
1522
1522
1522
1522
1522
1522
1522
1522
1522
1521
1521
1521
1521
1521
1520
1520
1519
1519
1519
1519
1519
1519
1519
1519
1518
1518
1518
1518
1518
1518
1518
1517
1517
1517
1517
1516
1516
1516
1516
1516
1516
1516
1515
1515
1515
1515
1515
1515
1515
1515
1515
1514
1514
1514
1514
1514
1514
1514
1514
1513
1513
1513
1513
1513
1513
1513
1513
1513
1512
1511
1511
1511
1511
1511
1511
1510
1510
1510
1510
1510
1510
1510
1509
1509
1509
1509
1508
1508
1508
1508
1508
1508
1508
1508
1508
1507
1507
1507
1507
1507
1507
1506
1506
1506
1506
1505
1505
1505
1505
1505
1505
1505
1505
1505
1504
1504
1504
1504
1504
1504
1503
1503
1503
1502
1502
1502
1502
1502
1502
1502
1502
1501
1501
1501
1501
1501
1500
1500
1500
1500
1500
1500
1500
1500
1499
1499
1499
1499
1499
1499
1499
1499
1498
1498
1498
1498
1498
1498
1498
1498
1498
1498
1497
1497
1497
1497
1497
1497
1497
1497
1497
1497
1496
1496
1496
1496
1496
1495
1495
1495
1495
1495
1495
1495
1495
1494
1494
1494
1494
1494
1494
1494
1493
1493
1493
1493
1493
1493
1493
1493
1492
1492
1492
1492
1492
1492
1492
1491
1491
1491
1490
1490
1490
1490
1490
1490
1490
1490
1490
1490
1490
1489
1489
1489
1489
1488
1488
1488
1488
1488
1488
1487
1487
1487
1487
1487
1487
1487
1487
1486
1486
1486
1486
1486
1486
1486
1486
1485
1485
1485
1485
1485
1485
1485
1485
1484
1484
1484
1484
1484
1484
1483
1483
1483
1483
1482
1482
1482
1482
1482
1482
1482
1482
1481
1481
1481
1481
1481
1480
1480
1479
1479
1479
1478
1478
1478
1477
1477
1477
1477
1477
1477
1477
1476
1476
1476
1476
1476
1476
1476
1476
1475
1475
1475
1475
1475
1475
1475
1474
1474
1474
1474
1473
1473
1473
1473
1473
1473
1473
1472
1472
1472
1472
1472
1471
1471
1471
1471
1471
1471
1471
1471
1470
1470
1470
1470
1470
1470
1470
1470
1470
1470
1469
1469
1469
1469
1469
1469
1468
1468
1468
1468
1467
1467
1467
1467
1467
1467
1466
1466
1465
1465
1465
1465
1464
1464
1464
1464
1464
1464
1464
1463
1462
1462
1462
1462
1462
1462
1461
1460
1460
1460
1460
1460
1459
1459
1459
1459
1459
1459
1458
1458
1458
1458
1457
1457
1457
1457
1457
1457
1457
1457
1456
1456
1456
1456
1456
1456
1456
1455
1455
1455
1455
1455
1454
1454
1454
1454
1454
1454
1453
1453
1453
1453
1453
1453
1453
1453
1453
1452
1452
1452
1452
1452
1452
1452
1452
1452
1451
1451
1451
1451
1451
1451
1451
1450
1450
1450
1450
1450
1450
1450
1449
1449
1449
1449
1449
1449
1448
1448
1448
1448
1448
1448
1447
1447
1447
1447
1447
1446
1446
1446
1446
1446
1446
1446
1445
1445
1445
1445
1444
1444
1444
1444
1444
1444
1444
1444
1443
1443
1443
1443
1443
1443
1442
1442
1442
1442
1442
1442
1442
1442
1442
1441
1441
1440
1440
1440
1439
1439
1439
1439
1439
1439
1438
1438
1438
1438
1438
1438
1438
1437
1437
1437
1437
1437
1437
1437
1437
1436
1436
1436
1436
1436
1436
1435
1435
1435
1435
1435
1434
1434
1434
1434
1434
1434
1433
1433
1433
1433
1433
1433
1433
1432
1432
1432
1432
1432
1432
1432
1432
1432
1431
1431
1431
1431
1431
1431
1431
1431
1431
1431
1430
1430
1430
1430
1430
1430
1429
1429
1429
1429
1429
1429
1429
1429
1429
1429
1428
1428
1428
1428
1428
1428
1428
1428
1427
1427
1427
1427
1427
1427
1427
1427
1426
1426
1426
1426
1426
1426
1426
1426
1426
1425
1425
1425
1425
1425
1425
1425
1425
1425
1425
1425
1424
1424
1424
1424
1424
1424
1423
1423
1423
1423
1423
1422
1422
1422
1422
1422
1421
1421
1421
1421
1421
1421
1421
1420
1420
1420
1420
1420
1420
1420
1420
1420
1419
1419
1419
1419
1419
1419
1419
1419
1419
1418
1418
1418
1418
1418
1418
1417
1417
1417
1417
1417
1417
1417
1417
1417
1417
1417
1416
1416
1416
1416
1416
1416
1415
1415
1415
1415
1414
1414
1414
1414
1414
1414
1414
1413
1413
1413
1412
1412
1412
1411
1411
1411
1411
1411
1411
1410
1410
1410
1410
1410
1410
1410
1410
1410
1410
1410
1410
1409
1409
1409
1409
1409
1409
1409
1409
1409
1408
1408
1408
1408
1408
1408
1408
1408
1407
1407
1407
1407
1407
1407
1407
1407
1407
1406
1406
1406
1406
1406
1406
1405
1405
1405
1405
1405
1405
1405
1405
1405
1405
1404
1404
1404
1404
1403
1403
1403
1403
1403
1403
1403
1403
1402
1402
1402
1402
1402
1402
1402
1401
1401
1401
1401
1401
1401
1400
1400
1400
1400
1400
1400
1400
1400
1400
1400
1399
1399
1399
1399
1399
1399
1399
1399
1399
1399
1399
1399
1399
1399
1398
1398
1398
1398
1397
1397
1397
1396
1396
1396
1396
1396
1396
1395
1395
1395
1394
1393
1393
1393
1393
1393
1393
1393
1392
1392
1392
1392
1392
1392
1392
1391
1391
1391
1391
1391
1391
1390
1390
1390
1390
1390
1390
1390
1390
1390
1389
1389
1389
1388
1388
1388
1388
1388
1388
1388
1388
1387
1387
1387
1387
1387
1387
1386
1386
1386
1386
1386
1386
1386
1386
1386
1386
1386
1386
1385
1385
1385
1385
1384
1384
1384
1384
1384
1384
1384
1384
1383
1383
1383
1383
1383
1383
1383
1383
1382
1382
1382
1382
1382
1382
1382
1381
1381
1381
1381
1381
1380
1380
1379
1379
1379
1379
1379
1378
1378
1378
1378
1378
1378
1378
1378
1378
1378
1377
1377
1377
1377
1377
1377
1377
1377
1377
1377
1377
1377
1377
1377
1376
1376
1376
1376
1376
1376
1376
1376
1375
1375
1375
1374
1374
1374
1374
1374
1373
1373
1373
1372
1372
1372
1371
1371
1371
1371
1371
1371
1371
1371
1371
1371
1370
1370
1370
1370
1370
1369
1369
1369
1369
1369
1368
1368
1368
1368
1368
1368
1367
1367
1367
1367
1367
1366
1366
1366
1366
1366
1366
1366
1366
1366
1365
1365
1365
1365
1365
1365
1364
1364
1364
1364
1364
1364
1364
1364
1363
1363
1363
1363
1363
1362
1362
1362
1362
1361
1361
1361
1361
1361
1361
1360
1360
1360
1360
1360
1360
1360
1360
1359
1359
1359
1359
1359
1359
1359
1359
1358
1358
1358
1358
1358
1358
1358
1358
1358
1358
1358
1357
1357
1357
1357
1357
1356
1356
1356
1356
1356
1356
1356
1355
1355
1355
1355
1355
1354
1354
1354
1354
1354
1354
1354
1354
1354
1353
1353
1353
1353
1353
1352
1352
1352
1352
1352
1351
1351
1351
1351
1351
1351
1351
1351
1351
1350
1350
1350
1350
1350
1350
1350
1350
1350
1350
1349
1349
1348
1348
1348
1348
1348
1347
1347
1347
1347
1347
1347
1346
1346
1346
1346
1346
1346
1346
1346
1345
1345
1345
1345
1345
1345
1345
1345
1345
1344
1344
1344
1344
1344
1344
1344
1343
1343
1343
1343
1343
1343
1343
1343
1343
1342
1342
1342
1342
1342
1342
1342
1342
1342
1342
1341
1341
1341
1341
1341
1340
1340
1340
1340
1340
1340
1340
1340
1339
1339
1339
1339
1339
1339
1339
1339
1338
1338
1338
1338
1338
1337
1337
1337
1337
1337
1337
1336
1336
1336
1336
1336
1335
1335
1335
1335
1335
1334
1334
1334
1334
1334
1334
1334
1334
1333
1333
1333
1333
1333
1333
1333
1333
1333
1332
1332
1332
1332
1332
1331
1331
1331
1331
1331
1331
1331
1330
1330
1330
1330
1330
1329
1329
1329
1329
1328
1328
1328
1328
1328
1328
1328
1328
1328
1327
1327
1327
1327
1326
1326
1326
1326
1326
1326
1326
1326
1325
1325
1325
1324
1324
1323
1323
1323
1323
1323
1323
1322
1322
1322
1321
1321
1321
1321
1320
1320
1320
1320
1320
1320
1319
1319
1319
1319
1319
1319
1319
1319
1318
1318
1318
1318
1318
1318
1318
1317
1317
1317
1317
1317
1317
1317
1316
1316
1315
1315
1315
1315
1315
1315
1315
1314
1314
1314
1314
1314
1314
1314
1313
1313
1313
1313
1313
1313
1313
1312
1312
1312
1312
1312
1312
1312
1312
1311
1311
1311
1311
1311
1311
1311
1311
1311
1311
1310
1310
1310
1310
1310
1310
1310
1310
1310
1310
1309
1309
1309
1309
1309
1308
1308
1308
1308
1308
1308
1308
1307
1307
1307
1307
1307
1307
1307
1307
1306
1306
1306
1306
1306
1306
1306
1306
1305
1305
1305
1305
1305
1305
1305
1305
1305
1305
1305
1305
1305
1305
1305
1304
1304
1304
1304
1304
1304
1304
1304
1304
1304
1303
1303
1303
1303
1303
1303
1303
1303
1303
1303
1302
1302
1302
1302
1302
1301
1301
1301
1301
1301
1300
1300
1300
1300
1299
1299
1299
1299
1299
1299
1299
1299
1298
1298
1298
1298
1298
1298
1298
1298
1297
1297
1297
1297
1297
1297
1296
1296
1296
1296
1295
1295
1295
1295
1295
1295
1295
1294
1294
1294
1294
1294
1294
1294
1293
1293
1293
1293
1293
1293
1293
1293
1293
1292
1292
1292
1292
1292
1292
1291
1291
1291
1291
1291
1291
1291
1291
1291
1291
1290
1290
1290
1290
1290
1290
1290
1289
1289
1289
1289
1289
1289
1289
1289
1289
1289
1289
1289
1288
1288
1288
1288
1288
1288
1288
1288
1287
1286
1286
1286
1286
1285
1285
1285
1285
1285
1285
1285
1284
1284
1284
1284
1284
1284
1284
1284
1284
1284
1283
1283
1283
1283
1283
1283
1283
1283
1283
1283
1282
1282
1282
1282
1282
1282
1281
1281
1281
1281
1281
1281
1281
1281
1281
1281
1280
1280
1280
1279
1279
1279
1279
1279
1279
1279
1278
1278
1278
1278
1278
1278
1278
1278
1277
1277
1277
1277
1277
1277
1277
1277
1277
1276
1276
1276
1276
1276
1276
1275
1275
1275
1275
1275
1275
1275
1275
1275
1274
1274
1274
1274
1274
1274
1274
1273
1273
1273
1273
1273
1273
1273
1273
1273
1272
1272
1272
1272
1272
1272
1272
1272
1272
1272
1272
1271
1271
1271
1271
1271
1271
1271
1271
1271
1270
1270
1270
1270
1270
1270
1269
1269
1269
1269
1269
1269
1268
1268
1268
1268
1268
1268
1268
1268
1267
1267
1267
1267
1267
1267
1267
1267
1267
1266
1266
1266
1266
1265
1265
1265
1264
1264
1264
1264
1264
1264
1264
1264
1263
1263
1263
1263
1263
1263
1263
1263
1263
1262
1262
1262
1262
1261
1261
1261
1261
1261
1261
1261
1260
1260
1260
1260
1260
1260
1260
1260
1259
1259
1259
1259
1259
1259
1259
1259
1259
1259
1258
1258
1258
1258
1258
1258
1258
1258
1258
1257
1257
1257
1257
1257
1257
1257
1256
1256
1256
1256
1256
1256
1256
1256
1256
1256
1256
1256
1256
1256
1256
1255
1255
1255
1255
1255
1255
1255
1255
1255
1255
1254
1254
1254
1254
1253
1253
1253
1253
1253
1253
1252
1252
1252
1252
1252
1252
1251
1251
1251
1251
1251
1251
1251
1251
1251
1251
1251
1250
1250
1250
1250
1250
1250
1250
1250
1250
1249
1249
1249
1249
1249
1249
1249
1249
1249
1248
1248
1248
1248
1248
1248
1248
1248
1248
1247
1247
1247
1247
1247
1247
1247
1247
1246
1246
1246
1246
1246
1246
1245
1245
1245
1245
1245
1245
1245
1245
1245
1245
1245
1244
1244
1244
1244
1244
1244
1244
1244
1244
1244
1244
1244
1244
1244
1243
1243
1243
1243
1242
1242
1242
1242
1242
1241
1241
1241
1241
1241
1241
1241
1241
1241
1241
1240
1240
1240
1240
1240
1240
1239
1239
1239
1239
1239
1239
1239
1239
1239
1238
1238
1238
1238
1238
1238
1238
1238
1238
1237
1237
1237
1237
1237
1236
1236
1236
1236
1236
1236
1236
1236
1236
1235
1235
1235
1235
1235
1235
1235
1235
1235
1235
1235
1235
1235
1235
1234
1234
1234
1234
1234
1234
1234
1234
1234
1234
1233
1233
1233
1233
1233
1233
1232
1232
1232
1232
1232
1232
1232
1232
1231
1231
1231
1231
1231
1231
1231
1231
1231
1231
1231
1230
1230
1230
1229
1229
1229
1228
1228
1228
1228
1228
1228
1228
1228
1228
1227
1227
1227
1227
1227
1227
1227
1227
1227
1227
1227
1227
1227
1227
1226
1226
1226
1226
1226
1226
1226
1225
1225
1225
1225
1225
1225
1224
1224
1224
1223
1223
1223
1223
1223
1223
1223
1223
1223
1222
1222
1222
1222
1222
1222
1222
1222
1221
1221
1221
1221
1221
1221
1221
1221
1221
1220
1220
1220
1220
1219
1219
1219
1219
1219
1219
1219
1219
1219
1219
1219
1219
1218
1218
1218
1218
1218
1218
1218
1218
1217
1217
1217
1217
1217
1217
1217
1217
1217
1217
1217
1217
1217
1216
1216
1216
1216
1215
1215
1215
1215
1215
1215
1214
1214
1214
1214
1214
1214
1214
1214
1214
1214
1214
1214
1213
1213
1213
1212
1212
1212
1212
1212
1211
1211
1211
1211
1211
1211
1210
1210
1210
1210
1210
1210
1210
1210
1210
1210
1210
1210
1210
1209
1209
1209
1209
1209
1209
1209
1209
1209
1209
1208
1208
1208
1208
1208
1208
1208
1208
1208
1208
1208
1208
1208
1208
1208
1207
1207
1207
1207
1207
1206
1206
1206
1206
1206
1206
1206
1206
1206
1206
1206
1205
1205
1205
1205
1205
1205
1205
1205
1205
1205
1205
1205
1204
1204
1204
1204
1204
1203
1203
1203
1203
1202
1202
1202
1202
1202
1202
1202
1202
1201
1201
1201
1201
1201
1201
1200
1200
1200
1200
1200
1200
1200
1200
1200
1200
1200
1199
1199
1199
1198
1198
1198
1198
1198
1198
1198
1198
1198
1197
1196
1196
1196
1196
1196
1196
1196
1195
1195
1195
1195
1195
1195
1195
1195
1195
1194
1194
1194
1194
1194
1194
1194
1194
1193
1193
1193
1193
1193
1193
1193
1193
1193
1193
1193
1192
1192
1192
1192
1192
1192
1191
1191
1191
1191
1191
1191
1191
1190
1190
1190
1190
1190
1190
1190
1189
1189
1189
1189
1189
1189
1189
1189
1188
1188
1188
1188
1188
1187
1187
1187
1187
1187
1187
1187
1186
1186
1186
1186
1186
1186
1186
1186
1186
1185
1185
1185
1185
1185
1184
1184
1184
1184
1183
1183
1183
1183
1183
1183
1183
1183
1182
1182
1182
1182
1182
1182
1182
1182
1182
1181
1181
1181
1180
1180
1180
1180
1180
1180
1180
1179
1179
1179
1179
1179
1179
1178
1178
1178
1178
1178
1178
1178
1178
1178
1177
1177
1177
1177
1177
1177
1176
1176
1176
1176
1176
1176
1176
1176
1176
1176
1176
1176
1176
1176
1176
1176
1176
1175
1175
1175
1175
1175
1175
1175
1174
1174
1174
1174
1174
1174
1174
1174
1174
1174
1173
1173
1173
1173
1173
1173
1173
1172
1172
1172
1172
1172
1172
1171
1171
1171
1171
1171
1171
1170
1170
1170
1170
1170
1170
1169
1169
1169
1169
1169
1169
1169
1169
1169
1169
1169
1169
1169
1169
1169
1169
1169
1169
1168
1168
1168
1168
1168
1168
1168
1168
1168
1168
1167
1167
1167
1167
1166
1166
1166
1166
1166
1166
1165
1165
1165
1165
1165
1165
1165
1165
1165
1164
1164
1164
1164
1164
1164
1164
1164
1164
1164
1164
1164
1163
1163
1163
1163
1163
1163
1162
1162
1162
1162
1162
1162
1161
1161
1161
1161
1161
1161
1161
1161
1161
1161
1160
1160
1160
1160
1160
1160
1160
1160
1160
1159
1159
1159
1159
1159
1159
1159
1159
1159
1159
1158
1158
1158
1157
1157
1157
1157
1157
1157
1157
1157
1157
1157
1156
1156
1156
1156
1156
1156
1156
1155
1155
1155
1155
1155
1155
1155
1155
1155
1155
1155
1155
1154
1154
1154
1154
1154
1154
1154
1153
1153
1153
1153
1153
1153
1153
1153
1153
1153
1152
1152
1152
1152
1152
1152
1152
1152
1152
1152
1151
1151
1151
1151
1151
1151
1151
1150
1150
1150
1150
1150
1149
1149
1149
1149
1149
1148
1148
1148
1148
1147
1147
1147
1147
1147
1147
1147
1146
1146
1146
1146
1146
1146
1146
1146
1146
1146
1146
1146
1146
1146
1145
1145
1145
1145
1145
1145
1145
1145
1144
1144
1144
1144
1144
1144
1144
1144
1144
1144
1143
1143
1143
1143
1142
1142
1142
1142
1142
1142
1142
1141
1141
1141
1141
1141
1141
1141
1141
1140
1140
1140
1139
1139
1139
1138
1138
1138
1138
1138
1138
1138
1138
1137
1137
1137
1137
1137
1137
1137
1137
1136
1136
1136
1135
1135
1135
1135
1135
1135
1135
1135
1135
1135
1134
1134
1134
1134
1134
1134
1134
1134
1134
1133
1133
1133
1133
1133
1133
1133
1133
1133
1133
1133
1132
1132
1132
1132
1132
1132
1132
1132
1132
1132
1132
1132
1131
1131
1131
1131
1131
1131
1131
1131
1131
1131
1130
1130
1130
1130
1129
1129
1129
1129
1129
1128
1128
1128
1128
1128
1128
1127
1127
1127
1127
1127
1127
1126
1126
1126
1126
1126
1125
1125
1125
1125
1125
1125
1124
1124
1124
1124
1124
1124
1124
1123
1123
1123
1123
1123
1123
1123
1123
1123
1123
1123
1123
1122
1122
1122
1122
1122
1121
1121
1121
1121
1121
1120
1120
1120
1120
1120
1120
1120
1120
1119
1119
1119
1119
1119
1118
1118
1118
1118
1118
1118
1118
1118
1118
1117
1117
1117
1117
1117
1116
1116
1116
1116
1116
1115
1115
1115
1115
1115
1115
1115
1115
1114
1114
1114
1114
1114
1114
1114
1114
1114
1113
1113
1113
1113
1113
1113
1113
1113
1113
1113
1112
1112
1112
1112
1112
1112
1112
1112
1112
1111
1111
1111
1111
1111
1111
1111
1110
1110
1110
1110
1110
1110
1110
1110
1109
1109
1109
1109
1109
1109
1109
1108
1108
1108
1108
1108
1108
1107
1107
1107
1107
1107
1107
1107
1107
1106
1106
1106
1106
1106
1106
1106
1106
1106
1105
1105
1105
1105
1105
1104
1104
1104
1103
1103
1103
1103
1103
1103
1103
1103
1102
1102
1102
1102
1102
1102
1102
1101
1101
1101
1101
1101
1101
1101
1101
1101
1100
1100
1100
1100
1100
1100
1100
1100
1100
1100
1099
1099
1099
1099
1099
1099
1099
1098
1098
1098
1098
1098
1098
1098
1097
1096
1096
1096
1096
1096
1096
1096
1096
1095
1095
1095
1095
1095
1095
1095
1095
1095
1095
1094
1094
1094
1094
1094
1094
1094
1094
1094
1094
1094
1094
1094
1094
1093
1093
1093
1093
1092
1092
1092
1092
1092
1092
1092
1092
1092
1091
1091
1091
1090
1090
1090
1090
1090
1090
1090
1090
1090
1090
1090
1089
1089
1089
1089
1089
1089
1089
1089
1089
1088
1088
1088
1088
1088
1088
1088
1088
1088
1088
1088
1088
1087
1087
1087
1087
1087
1086
1086
1086
1086
1086
1086
1086
1086
1086
1086
1086
1086
1086
1085
1085
1085
1085
1085
1085
1085
1085
1085
1085
1084
1084
1083
1083
1083
1083
1083
1083
1083
1083
1083
1082
1082
1082
1082
1082
1082
1081
1081
1081
1081
1081
1081
1080
1080
1080
1080
1080
1080
1079
1079
1079
1079
1079
1079
1079
1079
1079
1079
1079
1079
1078
1078
1078
1078
1078
1078
1078
1078
1077
1077
1077
1077
1077
1077
1077
1077
1077
1077
1077
1077
1077
1077
1077
1077
1077
1077
1076
1076
1076
1076
1076
1076
1076
1075
1075
1075
1075
1075
1075
1075
1074
1074
1074
1074
1074
1074
1074
1074
1074
1073
1073
1073
1073
1073
1073
1073
1072
1072
1072
1072
1072
1072
1072
1071
1071
1071
1071
1071
1070
1070
1070
1070
1069
1069
1069
1069
1069
1069
1069
1069
1069
1068
1068
1068
1068
1068
1068
1068
1068
1068
1068
1068
1067
1066
1066
1066
1066
1065
1065
1065
1065
1065
1065
1065
1064
1064
1064
1064
1064
1064
1064
1064
1064
1064
1064
1064
1064
1064
1063
1063
1063
1063
1063
1063
1062
1062
1062
1062
1062
1062
1062
1062
1061
1061
1061
1061
1060
1060
1060
1060
1060
1060
1060
1059
1059
1059
1059
1058
1058
1058
1058
1058
1058
1058
1058
1057
1057
1057
1057
1057
1056
1056
1056
1056
1056
1056
1056
1056
1056
1055
1055
1055
1055
1055
1055
1055
1055
1054
1054
1054
1054
1054
1054
1054
1054
1054
1053
1053
1053
1053
1053
1053
1053
1053
1053
1052
1052
1052
1052
1052
1052
1052
1051
1051
1051
1051
1050
1050
1050
1050
1050
1050
1049
1049
1049
1049
1049
1048
1048
1048
1047
1047
1047
1047
1047
1047
1047
1047
1047
1046
1046
1046
1046
1046
1046
1046
1046
1046
1045
1045
1045
1045
1045
1045
1045
1045
1044
1044
1044
1044
1044
1044
1044
1044
1044
1044
1044
1043
1043
1043
1043
1043
1042
1042
1042
1042
1042
1042
1042
1042
1042
1042
1042
1042
1041
1041
1041
1041
1041
1040
1040
1040
1040
1040
1040
1039
1039
1039
1039
1039
1039
1039
1038
1038
1038
1038
1038
1038
1038
1037
1037
1037
1037
1037
1037
1037
1037
1037
1036
1036
1036
1036
1036
1036
1036
1036
1035
1035
1035
1035
1035
1035
1035
1035
1035
1035
1035
1034
1034
1034
1034
1034
1033
1033
1033
1033
1033
1033
1033
1033
1033
1033
1032
1032
1032
1032
1032
1032
1032
1032
1032
1032
1032
1032
1031
1031
1031
1031
1031
1031
1031
1031
1031
1031
1030
1030
1030
1030
1030
1030
1030
1030
1030
1030
1030
1030
1030
1029
1029
1029
1029
1029
1029
1029
1029
1029
1029
1029
1028
1028
1028
1028
1028
1028
1028
1028
1028
1028
1028
1028
1028
1027
1027
1027
1027
1026
1026
1026
1026
1026
1026
1026
1026
1026
1026
1025
1025
1025
1025
1025
1025
1024
1024
1024
1024
1024
1024
1023
1023
1023
1023
1023
1022
1022
1022
1022
1022
1022
1022
1021
1021
1021
1021
1021
1021
1021
1021
1021
1021
1021
1020
1020
1020
1020
1020
1020
1020
1020
1020
1020
1019
1019
1019
1019
1019
1019
1019
1019
1019
1019
1018
1018
1018
1018
1018
1018
1018
1018
1018
1018
1018
1018
1018
1018
1017
1017
1017
1017
1017
1017
1017
1016
1016
1016
1016
1016
1016
1016
1016
1016
1015
1015
1015
1015
1015
1015
1015
1015
1014
1014
1014
1014
1014
1014
1013
1013
1013
1013
1013
1013
1013
1013
1013
1013
1013
1012
1012
1012
1012
1012
1012
1012
1012
1012
1012
1012
1012
1012
1012
1012
1012
1011
1011
1011
1011
1011
1011
1011
1011
1011
1011
1011
1011
1011
1010
1010
1010
1010
1010
1010
1010
1010
1010
1009
1009
1009
1009
1009
1009
1009
1009
1009
1009
1009
1008
1008
1008
1008
1008
1008
1008
1008
1007
1007
1007
1007
1007
1007
1007
1007
1007
1007
1007
1007
1007
1007
1007
1006
1006
1006
1006
1006
1006
1006
1006
1006
1006
1006
1006
1006
1006
1006
1006
1005
1005
1005
1005
1005
1005
1005
1005
1004
1004
1004
1004
1004
1004
1004
1004
1004
1004
1004
1004
1004
1003
1003
1003
1003
1003
1002
1002
1002
1002
1002
1002
1001
1001
1001
1001
1001
1001
1001
1001
1001
1001
1000
1000
1000
1000
1000
1000
1000
1000
1000
1000
1000
999
999
999
999
999
999
999
999
999
999
998
998
998
998
998
998
998
998
998
997
997
997
997
997
997
997
997
997
997
996
996
996
996
996
996
996
996
996
996
996
996
996
996
996
995
995
995
995
995
995
994
994
994
994
994
994
994
994
994
994
994
993
993
993
993
993
993
993
993
993
993
993
992
992
992
992
992
992
992
992
992
991
991
991
991
991
991
991
991
991
991
990
990
990
990
990
990
990
990
990
990
990
990
990
989
989
989
989
989
988
988
988
988
988
988
988
988
988
988
988
987
987
987
987
987
987
987
987
987
987
987
987
987
986
986
986
986
986
986
986
986
986
986
986
986
985
985
985
985
985
985
985
985
985
985
985
985
984
984
984
984
984
984
984
983
983
983
983
983
983
983
983
983
982
982
982
982
982
982
982
982
982
981
981
981
981
981
981
981
980
980
980
980
980
980
980
980
980
980
980
980
980
979
979
979
979
979
979
979
979
979
979
979
979
979
978
978
978
978
978
978
978
978
977
977
977
977
977
977
977
977
976
976
976
976
976
976
976
976
976
975
975
975
975
975
975
975
975
975
975
975
975
975
974
974
974
974
974
973
973
973
973
973
973
973
972
972
972
972
972
972
972
972
971
971
971
971
971
971
971
971
971
970
970
970
970
970
970
969
969
969
969
969
969
969
968
968
968
968
968
967
967
967
967
967
967
967
967
967
967
967
967
966
966
966
966
966
966
966
966
965
965
965
965
965
965
965
965
965
965
965
964
964
964
964
964
964
964
964
964
963
963
963
963
963
962
962
962
962
962
962
962
962
962
961
961
961
961
961
961
961
961
961
961
960
960
960
960
960
960
960
960
960
960
960
959
959
959
959
959
959
959
959
959
959
959
959
958
958
958
958
958
958
958
957
957
957
957
957
957
957
957
957
957
957
956
956
956
956
956
956
956
956
956
956
956
956
956
956
955
955
955
955
955
955
955
955
954
954
954
954
954
954
954
954
953
953
953
953
953
952
952
952
952
952
952
952
952
952
952
952
951
951
951
951
951
951
951
951
951
951
951
951
950
950
950
950
950
950
950
950
950
950
950
949
949
949
949
949
949
949
949
949
949
949
949
949
948
948
948
948
948
948
948
947
947
947
947
947
947
947
947
947
947
947
946
946
946
946
946
946
946
946
946
946
946
945
945
945
945
945
945
945
945
945
945
945
945
945
944
944
944
944
944
944
943
943
943
943
943
943
943
943
943
943
942
942
942
942
942
942
942
941
941
941
941
941
941
941
941
941
940
940
940
940
940
940
940
940
940
940
940
940
940
939
939
939
939
939
939
939
939
939
939
939
938
938
938
938
938
938
938
938
938
938
937
937
937
937
937
937
937
937
937
937
937
936
936
936
936
936
936
936
936
936
935
935
935
935
935
935
935
935
935
935
935
934
934
934
934
934
934
934
934
934
934
934
934
934
934
934
934
933
933
933
933
933
933
933
933
933
933
932
932
932
932
932
932
932
932
932
932
932
932
932
932
932
931
931
931
931
931
931
931
931
931
931
931
931
931
931
931
930
930
930
929
929
929
929
929
929
929
929
929
928
928
928
928
928
928
928
928
928
928
928
928
928
927
927
927
927
927
927
927
927
927
926
926
926
926
926
926
926
926
926
925
925
925
925
925
925
925
925
925
925
925
925
925
925
925
925
924
924
924
924
924
924
924
923
923
923
923
923
923
923
923
923
923
923
922
922
922
922
922
922
922
922
922
922
922
922
921
921
921
921
921
921
921
921
921
921
920
920
920
920
920
920
920
920
920
919
919
919
919
919
919
919
919
919
919
919
919
918
918
918
918
918
918
918
918
918
918
918
918
918
918
918
918
918
917
917
917
917
917
917
916
916
916
916
916
916
916
916
916
915
915
915
915
915
915
915
915
915
914
914
914
914
914
914
914
914
913
913
913
913
913
913
913
913
913
913
913
912
912
912
912
912
912
912
912
911
911
911
911
911
911
911
911
911
911
911
910
910
910
910
910
910
910
910
910
909
909
909
909
909
909
909
909
909
909
909
909
909
909
908
908
908
908
908
908
908
908
908
908
908
907
907
907
907
907
907
907
907
907
907
907
907
907
907
907
906
906
906
906
906
906
906
906
905
905
905
905
905
905
905
904
904
904
904
904
904
904
904
904
904
903
903
903
903
903
903
902
902
902
902
902
902
902
902
902
902
901
901
901
901
901
901
901
901
901
901
901
901
901
901
901
900
900
900
900
900
900
900
900
900
900
900
899
899
899
899
899
899
899
899
899
899
899
899
899
899
899
898
898
898
898
898
898
898
898
897
897
897
897
897
897
897
896
896
896
896
896
896
896
896
896
896
896
896
896
896
895
895
895
895
895
895
894
894
894
894
894
894
894
894
893
893
893
893
893
893
893
893
893
893
892
892
892
892
892
892
892
892
892
891
891
891
891
891
891
891
891
891
891
890
890
890
890
890
890
890
890
890
889
889
889
889
889
889
889
889
889
889
889
889
889
888
888
888
888
888
888
888
888
888
888
888
888
887
887
887
887
887
887
887
887
887
887
886
886
886
886
886
886
886
886
885
885
885
885
885
885
885
885
885
885
885
885
884
884
884
884
884
884
884
884
884
883
883
883
883
883
883
883
883
883
883
882
882
882
882
882
882
881
881
881
881
881
881
881
881
881
881
881
881
880
880
880
880
880
880
880
880
879
879
879
879
879
879
879
879
879
879
879
879
879
878
878
878
878
878
878
878
878
878
877
877
877
877
877
877
877
877
877
876
876
876
876
876
876
876
876
876
876
876
876
876
875
875
875
875
875
875
875
875
875
874
874
874
874
874
874
874
873
873
873
873
873
873
873
873
873
873
873
872
872
872
872
872
872
872
872
872
871
871
871
871
871
871
871
870
870
870
870
870
870
870
870
870
870
870
870
869
869
869
869
869
869
869
869
869
869
869
869
868
868
868
868
868
868
868
868
868
868
868
868
868
868
868
868
867
867
867
867
867
867
866
866
866
866
866
866
866
866
866
866
865
865
865
865
865
865
865
865
865
865
865
865
865
864
864
864
864
864
864
864
864
864
864
864
863
863
863
863
863
863
863
863
863
863
863
863
863
863
863
862
862
862
862
862
862
862
862
862
862
862
861
861
861
861
861
861
861
861
861
861
860
860
860
860
859
859
859
859
859
859
859
859
859
859
859
859
858
858
858
858
858
858
858
858
858
858
858
858
858
858
858
858
858
857
857
857
857
857
857
857
857
857
857
856
856
856
856
856
856
856
856
856
856
856
856
855
855
855
855
855
855
855
855
855
854
854
854
854
854
854
854
854
854
854
854
854
854
853
853
853
853
853
853
853
853
853
852
852
852
852
852
852
852
852
852
852
852
852
852
852
851
851
851
851
851
851
851
851
851
851
851
850
850
850
850
850
850
850
850
850
850
850
850
850
850
850
850
850
850
849
849
849
849
849
849
849
849
849
849
848
848
848
848
848
848
848
847
847
847
847
847
847
847
847
847
847
847
847
847
847
847
846
846
846
846
846
846
846
846
846
846
846
846
846
845
845
845
845
845
845
845
845
845
845
845
845
845
845
844
844
844
844
844
843
843
843
843
843
843
843
842
842
842
842
842
842
842
841
841
841
841
841
841
841
841
841
840
840
840
840
840
840
840
840
839
839
839
839
839
839
839
839
839
839
839
838
838
838
838
838
838
838
838
838
837
837
837
837
837
837
837
837
837
837
837
837
837
837
836
836
836
836
836
836
836
836
836
836
836
836
835
835
835
835
835
835
834
834
834
834
834
834
834
834
834
834
834
834
834
834
834
834
833
833
833
833
833
833
832
832
832
832
832
832
832
832
832
832
832
831
831
831
831
831
831
831
831
831
831
831
830
830
830
830
830
830
830
830
830
830
830
830
829
829
829
829
829
829
829
829
829
829
829
829
829
829
829
828
828
828
828
828
828
828
828
828
828
828
828
828
828
828
828
828
828
828
827
827
827
827
827
827
827
827
826
826
826
826
826
826
826
826
826
826
826
826
826
826
826
826
826
825
825
825
825
825
825
824
824
824
824
824
824
823
823
823
823
823
823
823
823
823
823
823
823
823
823
822
822
822
822
822
822
822
822
822
821
821
821
821
821
821
821
821
821
821
821
820
820
820
820
820
820
820
820
820
820
820
819
819
819
819
819
819
819
819
819
818
818
818
818
818
818
818
818
818
818
817
817
817
817
817
817
817
817
817
817
817
816
816
816
816
816
816
816
816
816
816
816
815
815
815
815
815
815
815
815
815
815
815
815
815
815
815
815
814
814
814
814
814
814
814
814
814
814
814
814
814
814
814
814
814
813
813
813
813
813
813
813
812
812
812
812
812
812
812
812
811
811
811
811
811
811
811
811
811
811
810
810
810
810
810
810
810
810
810
810
810
810
810
810
810
810
809
809
809
809
809
809
809
809
809
809
808
808
808
808
808
808
808
808
808
808
808
808
808
808
808
808
807
807
807
807
807
807
807
807
807
807
807
807
806
806
806
806
806
806
806
805
805
805
805
805
805
805
805
804
804
804
804
804
804
804
804
804
804
804
803
803
803
803
803
803
803
803
803
803
803
803
802
802
802
802
802
802
802
802
801
801
801
801
801
801
801
801
801
801
801
801
800
800
800
800
800
800
800
800
800
800
800
800
800
800
800
800
799
799
799
799
799
799
799
799
799
799
799
799
799
799
798
798
798
798
798
798
798
798
798
798
798
798
798
798
798
797
797
797
797
797
797
796
796
796
796
796
796
796
796
796
796
796
795
795
795
795
795
795
795
794
794
794
794
794
794
794
794
794
794
793
793
793
793
793
793
793
793
792
792
792
792
792
792
792
792
792
791
791
791
791
791
791
791
791
791
791
791
791
791
791
791
790
790
790
790
790
790
790
790
790
790
790
790
790
790
790
789
789
789
789
789
789
789
789
789
789
789
789
789
788
788
788
788
788
788
788
788
788
788
788
788
788
788
787
787
787
787
787
787
787
787
787
787
787
786
786
786
786
786
786
786
786
786
786
786
786
786
786
786
785
785
785
785
785
785
785
785
785
784
784
784
784
784
784
784
784
784
784
784
784
784
784
784
784
783
783
783
783
783
783
783
783
783
783
783
783
783
783
782
782
782
782
782
782
782
782
782
782
782
781
781
781
781
781
781
781
781
780
780
780
780
780
780
780
780
780
780
780
780
780
780
780
780
780
780
780
779
779
779
779
779
779
779
779
779
778
778
778
778
778
778
778
778
778
778
778
778
778
778
778
778
777
777
777
777
777
777
777
777
777
777
777
776
776
776
776
776
776
776
776
776
776
775
775
775
775
775
775
775
775
775
775
775
774
774
774
774
774
774
774
774
773
773
773
773
773
773
773
773
773
773
772
772
772
772
772
772
772
772
772
772
772
772
772
772
771
771
771
771
771
771
771
771
771
771
771
771
771
771
771
771
771
770
770
770
770
770
770
770
770
770
770
770
769
769
769
769
769
769
769
769
769
769
769
768
768
768
768
768
768
768
768
768
768
768
768
768
768
768
768
768
768
768
768
767
767
767
767
767
767
767
767
767
766
766
766
766
766
766
766
766
766
766
766
766
766
765
765
765
765
765
765
765
765
765
765
764
764
764
764
764
764
764
764
764
764
764
764
764
764
764
764
763
763
763
763
763
763
763
763
763
763
763
763
763
763
762
762
762
762
762
762
762
762
762
762
762
762
762
761
761
761
761
761
761
761
761
761
761
761
761
761
761
761
761
761
760
760
760
760
760
760
760
760
760
759
759
759
759
759
759
759
759
759
759
759
758
758
758
758
758
758
758
758
758
758
758
758
758
758
758
758
758
758
757
757
757
757
757
757
757
757
757
757
757
757
757
757
757
757
757
756
756
756
756
756
756
756
756
756
756
756
756
755
755
755
755
755
755
755
755
755
754
754
754
754
754
754
754
754
754
754
754
754
754
754
754
754
754
754
754
753
753
753
753
753
753
753
753
753
753
752
752
752
752
752
752
752
752
752
752
752
752
752
752
752
752
752
752
751
751
751
751
751
751
751
751
751
751
750
750
750
750
750
750
750
750
749
749
749
749
749
749
749
749
749
749
749
749
748
748
748
748
748
748
748
748
748
748
748
748
748
748
748
748
748
747
747
747
747
747
747
747
747
747
747
747
746
746
746
746
746
746
746
746
746
746
746
746
746
746
746
746
746
746
745
745
745
745
745
745
745
745
745
745
745
745
745
745
745
745
745
744
744
744
744
744
744
744
744
744
744
744
744
744
744
743
743
743
743
743
743
743
743
743
743
743
742
742
742
742
742
742
742
742
742
742
742
742
742
741
741
741
741
741
741
741
741
741
741
741
741
741
741
741
740
740
740
740
740
740
740
740
740
740
740
740
740
740
740
740
740
740
740
740
739
739
739
739
739
739
739
739
739
739
739
739
739
739
739
739
739
738
738
738
738
738
738
738
738
738
738
738
738
737
737
737
737
737
737
737
737
737
737
737
737
737
736
736
736
736
736
736
736
736
736
736
736
736
736
735
735
735
735
735
735
735
735
735
735
735
735
735
735
735
735
735
735
734
734
734
734
734
734
734
734
734
734
734
734
734
734
734
734
734
734
734
734
733
733
733
733
733
733
733
733
733
733
733
733
733
733
732
732
732
732
732
732
732
732
732
732
732
732
731
731
731
731
731
731
731
731
731
731
731
731
731
731
731
731
731
731
731
731
731
731
731
730
730
730
730
730
730
730
730
730
730
730
730
730
730
730
729
729
729
729
729
729
729
729
729
729
729
729
729
729
728
728
728
728
728
728
728
728
728
728
728
728
728
728
727
727
727
727
727
727
727
727
727
727
727
727
727
727
727
726
726
726
726
726
726
726
726
726
726
726
726
726
726
726
725
725
725
725
725
725
725
725
725
725
725
725
725
725
724
724
724
724
724
724
724
724
724
724
724
724
724
724
724
724
724
724
723
723
723
723
723
723
723
723
723
722
722
722
722
722
722
722
722
722
722
722
722
722
722
722
722
722
722
722
721
721
721
721
721
721
721
721
721
721
721
721
720
720
720
720
720
720
720
720
720
720
720
719
719
719
719
719
719
719
719
719
719
719
719
718
718
718
718
718
718
718
718
718
718
718
718
718
717
717
717
717
717
717
717
717
717
717
717
717
717
716
716
716
716
716
716
716
716
716
716
716
716
716
716
716
716
716
715
715
715
715
715
715
715
715
715
715
715
715
715
714
714
714
714
714
714
714
714
714
714
714
714
714
714
714
714
714
713
713
713
713
713
713
713
713
713
713
713
713
713
713
712
712
712
712
712
712
712
712
711
711
711
711
711
711
711
711
711
711
711
711
711
711
711
711
711
711
710
710
710
710
710
710
710
710
710
710
710
710
709
709
709
709
709
709
709
709
709
709
709
709
709
709
709
708
708
708
708
708
708
708
708
708
708
708
708
708
707
707
707
707
707
707
707
707
707
706
706
706
706
706
706
706
706
706
706
706
706
706
706
706
706
706
706
705
705
705
705
705
705
705
705
705
705
704
704
704
704
704
704
704
704
703
703
703
703
703
703
703
703
703
703
703
703
703
703
703
703
703
702
702
702
702
702
702
702
702
702
702
702
702
702
702
702
702
702
701
701
701
701
701
701
701
701
701
701
700
700
700
700
700
700
700
700
700
700
700
700
700
700
700
700
700
700
700
700
700
700
700
700
700
700
699
699
699
699
699
699
699
699
699
699
699
699
699
699
698
698
698
698
698
698
698
698
698
698
698
698
698
698
698
697
697
697
697
697
697
697
697
697
697
697
697
697
697
697
697
696
696
696
696
696
696
696
696
696
696
696
696
696
695
695
695
695
695
695
695
695
695
695
695
695
694
694
694
694
694
694
694
694
694
694
694
694
694
694
694
694
694
693
693
693
693
693
693
693
693
693
693
693
692
692
692
692
692
692
692
692
692
692
692
692
692
692
692
692
692
692
692
691
691
691
691
691
691
691
691
691
691
691
691
691
691
691
691
691
690
690
690
690
690
690
690
690
690
690
689
689
689
689
689
689
689
688
688
688
688
688
688
688
688
688
688
688
688
688
688
688
688
688
688
688
688
687
687
687
687
687
687
687
687
687
687
687
687
687
687
686
686
686
686
686
686
686
686
686
686
686
686
686
686
686
685
685
685
685
685
685
685
685
685
685
685
684
684
684
684
684
684
684
684
684
684
684
684
684
684
684
684
684
684
684
683
683
683
683
683
683
683
683
683
682
682
682
682
682
682
682
682
682
682
682
682
682
682
682
681
681
681
681
681
681
681
681
681
681
681
681
680
680
680
680
680
680
680
680
680
680
680
679
679
679
679
679
679
679
679
679
679
679
679
679
679
679
678
678
678
678
678
678
678
678
678
678
678
678
678
678
677
677
677
677
677
677
677
677
677
677
677
677
677
677
676
676
676
676
676
676
676
676
676
676
676
676
675
675
675
675
675
675
675
675
675
675
675
675
675
674
674
674
674
674
674
674
674
674
674
674
674
674
674
673
673
673
673
673
673
673
673
673
673
673
673
673
673
673
673
673
673
672
672
672
672
672
672
672
672
672
672
672
672
672
671
671
671
671
671
671
671
671
671
671
671
671
671
671
671
671
670
670
670
670
670
670
670
670
670
670
670
670
670
670
669
669
669
669
669
669
669
669
669
669
669
669
669
669
669
669
669
669
668
668
668
668
668
668
668
668
668
668
667
667
667
667
667
667
667
667
667
667
667
666
666
666
666
666
666
666
666
666
666
666
666
666
666
666
666
665
665
665
665
665
665
665
665
665
664
664
664
664
664
664
664
664
664
664
664
663
663
663
663
663
663
663
663
663
663
663
663
663
663
663
663
663
663
662
662
662
662
662
662
662
662
662
662
662
662
662
662
662
661
661
661
661
661
661
661
661
661
661
661
661
661
661
661
661
661
661
661
661
661
660
660
660
660
660
660
660
660
660
660
660
660
660
660
659
659
659
659
659
659
659
659
659
659
659
659
659
659
659
658
658
658
658
658
658
658
658
658
658
658
658
658
658
657
657
657
657
657
657
657
657
657
657
657
657
657
656
656
656
656
656
656
656
656
656
656
656
656
656
656
656
655
655
655
655
655
655
655
655
655
655
655
655
655
655
655
655
654
654
654
654
654
654
654
654
654
654
654
654
654
654
654
654
654
654
654
653
653
653
653
653
653
653
653
653
653
653
653
653
653
653
653
652
652
652
652
652
652
652
652
652
652
652
652
652
652
652
652
651
651
651
651
651
651
651
651
651
651
651
651
651
651
651
651
651
651
651
651
651
650
650
650
650
650
650
650
650
650
650
650
650
650
650
650
650
650
650
650
650
649
649
649
649
649
649
649
649
649
649
649
649
649
649
649
649
648
648
648
648
648
648
648
648
648
648
648
648
648
648
648
647
647
647
647
647
647
647
646
646
646
646
646
646
646
646
646
646
646
645
645
645
645
645
645
645
645
645
645
645
645
644
644
644
644
644
644
644
644
644
644
644
643
643
643
643
643
643
643
643
643
643
643
643
643
643
643
643
642
642
642
642
642
642
642
642
642
642
642
642
642
642
642
642
642
642
642
642
642
642
641
641
641
641
641
641
641
641
641
641
641
641
641
641
641
641
640
640
640
640
640
640
640
640
640
640
640
640
640
640
640
640
640
640
640
640
639
639
639
639
639
639
639
639
639
639
638
638
638
638
638
638
638
638
638
638
638
638
638
638
638
638
638
638
637
637
637
637
637
637
637
637
637
637
637
637
637
637
637
637
637
637
637
637
637
637
636
636
636
636
636
636
636
636
636
636
636
636
636
636
636
636
636
636
636
635
635
635
635
635
635
635
635
635
635
635
635
635
635
635
635
635
634
634
634
634
634
634
634
634
634
634
634
634
634
634
634
634
634
634
633
633
633
633
633
633
633
633
633
633
633
633
632
632
632
632
632
632
632
632
632
632
632
632
632
632
632
632
632
632
632
632
632
631
631
631
631
631
631
631
631
631
631
631
631
630
630
630
630
630
630
630
630
630
630
630
630
630
630
630
630
630
630
630
630
630
629
629
629
629
629
629
629
629
629
629
629
629
629
629
629
629
629
629
629
629
629
629
629
628
628
628
628
628
628
628
628
628
628
628
628
628
628
628
628
628
628
628
628
628
628
628
628
627
627
627
627
627
627
627
627
627
627
627
627
627
627
626
626
626
626
626
626
626
626
626
626
626
626
626
626
626
626
626
626
626
626
626
625
625
625
625
625
625
625
625
625
625
625
625
625
625
625
625
625
625
625
625
624
624
624
624
624
624
624
624
624
624
623
623
623
623
623
623
623
623
623
623
623
623
623
623
622
622
622
622
622
622
622
622
622
622
622
622
621
621
621
621
621
621
621
621
621
621
621
621
621
621
621
621
621
621
620
620
620
620
620
620
620
620
620
620
620
620
620
620
620
620
620
620
620
620
620
619
619
619
619
619
619
619
619
619
619
619
619
619
619
619
619
619
619
619
618
618
618
618
618
618
618
618
618
618
618
618
618
618
618
618
618
618
618
618
617
617
617
617
617
617
617
617
617
617
617
617
617
617
617
617
617
617
617
617
617
617
616
616
616
616
616
616
616
616
616
616
616
616
616
616
616
616
615
615
615
615
615
615
615
615
615
615
615
615
615
615
615
615
615
615
614
614
614
614
614
614
614
614
614
614
614
614
614
614
613
613
613
613
613
613
613
613
613
613
613
613
613
613
613
613
613
613
613
612
612
612
612
612
612
612
612
612
612
612
612
612
612
612
612
612
612
611
611
611
611
611
611
611
611
611
611
611
611
611
611
610
610
610
610
610
610
610
610
610
610
610
610
610
610
610
610
610
610
610
609
609
609
609
609
609
609
609
609
609
609
609
609
609
609
609
608
608
608
608
608
608
608
608
608
608
608
608
608
608
608
608
608
607
607
607
607
607
607
607
607
607
607
607
607
607
607
607
607
607
607
607
606
606
606
606
606
606
606
606
606
606
606
606
606
606
606
606
606
605
605
605
605
605
605
605
605
605
605
604
604
604
604
604
604
604
604
604
604
604
604
604
604
604
604
604
604
604
604
604
603
603
603
603
603
603
603
603
603
603
603
603
603
603
602
602
602
602
602
602
602
602
602
602
602
602
602
602
602
602
602
602
602
602
602
602
601
601
601
601
601
601
601
601
601
601
601
601
601
601
601
601
601
601
601
600
600
600
600
600
600
600
600
600
600
600
600
600
600
600
600
599
599
599
599
599
599
599
599
599
599
599
599
599
599
599
599
599
599
599
599
599
599
599
599
599
599
599
599
599
599
599
599
598
598
598
598
598
598
598
598
598
598
597
597
597
597
597
597
597
597
597
597
597
597
597
597
596
596
596
596
596
596
596
596
596
596
596
596
596
596
596
596
596
596
596
596
595
595
595
595
595
595
595
595
595
595
595
595
595
595
595
595
595
594
594
594
594
594
594
594
594
594
594
594
594
594
594
594
594
594
594
594
594
594
594
593
593
593
593
593
593
593
593
593
593
593
593
593
593
593
593
593
593
593
593
593
593
593
592
592
592
592
592
592
592
592
592
592
592
592
592
592
592
592
592
592
592
592
592
592
592
592
592
591
591
591
591
591
591
591
591
591
591
591
591
591
591
591
591
591
590
590
590
590
590
590
590
590
590
590
590
590
590
590
590
590
590
590
590
590
590
590
589
589
589
589
589
589
589
589
589
589
589
589
589
589
589
589
588
588
588
588
588
588
588
588
588
588
588
588
588
588
588
588
587
587
587
587
587
587
587
587
587
587
587
587
587
587
587
587
587
587
587
587
587
587
587
586
586
586
586
586
586
586
586
586
586
586
586
586
586
586
586
586
586
586
586
586
585
585
585
585
585
585
585
585
585
585
585
585
585
585
585
585
585
585
585
585
585
585
585
585
585
585
585
584
584
584
584
584
584
584
584
584
584
584
584
584
584
584
584
584
583
583
583
583
583
583
583
583
583
583
583
583
583
583
583
583
583
583
583
583
583
582
582
582
582
582
582
582
582
582
582
582
582
582
582
582
582
582
582
582
582
582
582
582
581
581
581
581
581
581
581
581
581
581
581
581
581
580
580
580
580
580
580
580
580
580
580
580
580
579
579
579
579
579
579
579
579
579
579
579
579
579
579
579
579
579
579
579
579
579
579
579
579
579
579
579
579
578
578
578
578
578
578
578
578
578
578
578
578
578
578
578
578
578
578
577
577
577
577
577
577
577
577
577
577
577
577
577
577
577
577
577
577
576
576
576
576
576
576
576
576
576
576
576
576
576
576
576
576
576
576
576
576
576
575
575
575
575
575
575
575
575
575
575
575
575
575
575
575
575
575
575
575
575
575
575
575
575
575
574
574
574
574
574
574
574
574
574
574
574
574
574
574
574
574
574
574
574
574
574
574
573
573
573
573
573
573
573
573
573
573
573
572
572
572
572
572
572
572
572
572
572
572
572
572
572
572
572
572
571
571
571
571
571
571
571
571
571
571
571
571
571
571
571
571
571
571
571
571
571
571
571
570
570
570
570
570
570
570
570
570
570
570
570
570
570
569
569
569
569
569
569
569
569
569
569
569
569
569
569
569
569
569
569
569
569
568
568
568
568
568
568
568
568
568
568
568
568
568
568
568
568
568
568
568
568
568
567
567
567
567
567
567
567
567
567
567
567
567
567
567
567
567
567
567
567
567
567
566
566
566
566
566
566
566
566
566
566
566
566
566
566
566
565
565
565
565
565
565
565
565
565
565
565
565
565
565
565
565
565
565
565
565
564
564
564
564
564
564
564
564
564
564
564
564
564
564
564
564
564
564
564
564
564
564
564
564
564
563
563
563
563
563
563
563
563
563
563
563
563
563
563
563
562
562
562
562
562
562
562
562
562
562
562
562
562
562
562
562
562
561
561
561
561
561
561
561
561
561
561
561
561
561
561
561
561
561
561
561
561
561
561
561
560
560
560
560
560
560
560
560
560
560
560
560
560
560
560
560
560
560
560
560
560
559
559
559
559
559
559
559
559
559
559
559
559
559
559
558
558
558
558
558
558
558
558
558
558
558
558
558
558
558
558
558
558
558
558
558
558
558
558
558
558
558
558
558
558
558
558
558
558
558
557
557
557
557
557
557
557
557
557
557
557
557
557
557
557
557
557
557
557
557
557
557
556
556
556
556
556
556
556
556
556
556
556
556
556
556
556
556
556
556
556
556
556
555
555
555
555
555
555
555
555
555
555
555
555
555
555
555
555
555
555
554
554
554
554
554
554
554
554
554
554
554
554
554
554
554
554
554
553
553
553
553
553
553
553
553
553
553
553
553
553
553
553
553
553
553
553
553
553
553
553
553
553
553
553
553
553
552
552
552
552
552
552
552
552
552
552
552
552
552
552
552
552
551
551
551
551
551
551
551
551
551
551
551
551
551
551
551
551
551
551
551
551
551
551
551
551
551
550
550
550
550
550
550
550
550
550
550
550
550
550
550
550
550
550
550
550
550
550
550
550
550
549
549
549
549
549
549
549
549
549
549
549
549
549
549
549
549
549
549
549
549
548
548
548
548
548
548
548
548
548
548
548
548
548
548
548
548
548
548
548
548
548
547
547
547
547
547
547
547
547
547
547
547
547
547
547
547
547
547
547
547
547
547
547
547
547
547
547
547
547
547
546
546
546
546
546
546
546
546
546
546
546
546
546
546
546
546
546
546
546
545
545
545
545
545
545
545
545
545
545
545
545
545
544
544
544
544
544
544
544
544
544
544
544
544
544
544
544
544
544
544
543
543
543
543
543
543
543
543
543
543
543
543
543
543
543
543
543
543
543
543
543
543
543
543
542
542
542
542
542
542
542
542
542
542
542
542
542
542
542
542
542
542
542
542
542
542
542
542
542
542
542
542
542
542
541
541
541
541
541
541
541
541
541
541
541
540
540
540
540
540
540
540
540
540
540
540
540
540
540
540
540
540
540
540
540
540
540
540
540
540
540
540
539
539
539
539
539
539
539
539
539
539
539
539
539
539
539
539
539
539
539
539
539
539
539
539
539
539
539
538
538
538
538
538
538
538
538
538
538
538
538
538
538
538
538
538
538
537
537
537
537
537
537
537
537
537
537
537
537
537
537
537
537
537
536
536
536
536
536
536
536
536
536
536
536
536
536
536
536
536
536
536
536
536
536
536
536
536
536
536
536
535
535
535
535
535
535
535
535
535
535
535
535
535
535
535
535
535
535
535
535
535
535
534
534
534
534
534
534
534
534
534
534
534
534
534
534
534
534
534
534
534
534
533
533
533
533
533
533
533
533
533
533
533
533
533
533
533
533
533
533
533
533
533
533
532
532
532
532
532
532
532
532
532
532
532
532
532
532
532
532
532
532
532
532
532
531
531
531
531
531
531
531
531
531
531
531
531
531
531
531
531
531
531
531
531
531
530
530
530
530
530
530
530
530
530
530
530
530
530
530
530
530
530
530
530
530
529
529
529
529
529
529
529
529
529
529
529
529
529
529
529
529
529
529
529
529
529
529
529
528
528
528
528
528
528
528
528
528
528
528
528
528
528
528
528
528
528
528
528
528
527
527
527
527
527
527
527
527
527
527
527
527
527
527
527
527
527
526
526
526
526
526
526
526
526
526
526
526
526
526
526
526
526
526
526
526
526
526
526
526
526
526
526
526
525
525
525
525
525
525
525
525
525
525
525
525
525
525
525
525
525
525
525
525
525
525
525
525
524
524
524
524
524
524
524
524
524
524
524
524
524
524
524
524
524
524
524
523
523
523
523
523
523
523
523
523
523
523
523
523
523
523
523
523
523
523
523
522
522
522
522
522
522
522
522
522
522
522
522
522
522
522
522
522
522
521
521
521
521
521
521
521
521
521
521
521
521
521
521
521
521
521
521
521
521
521
521
520
520
520
520
520
520
520
520
520
520
520
520
520
520
520
520
520
520
520
520
520
520
520
520
520
519
519
519
519
519
519
519
519
519
519
519
519
519
519
519
519
519
519
519
519
519
519
519
518
518
518
518
518
518
518
518
518
518
518
518
518
518
518
518
518
518
518
518
518
518
517
517
517
517
517
517
517
517
517
517
517
517
517
517
517
517
517
517
517
517
516
516
516
516
516
516
516
516
516
516
516
516
516
516
516
516
515
515
515
515
515
515
515
515
515
515
515
515
515
515
515
515
515
515
515
515
515
515
515
515
515
515
514
514
514
514
514
514
514
514
514
514
514
514
513
513
513
513
513
513
513
513
513
513
513
513
513
513
513
513
513
513
513
513
512
512
512
512
512
512
512
512
512
512
512
512
512
512
512
512
512
512
512
512
512
512
512
512
512
511
511
511
511
511
511
511
511
511
511
511
511
511
511
511
511
511
511
511
511
511
511
511
511
511
511
511
511
510
510
510
510
510
510
510
510
510
510
510
510
510
510
510
510
510
510
510
510
510
510
510
510
509
509
509
509
509
509
509
509
509
509
509
509
509
509
509
509
509
509
509
509
509
509
509
508
508
508
508
508
508
508
508
508
508
508
508
508
508
508
508
508
508
508
508
508
508
507
507
507
507
507
507
507
507
507
507
507
507
507
507
507
507
507
507
507
507
507
507
507
507
507
507
507
506
506
506
506
506
506
506
506
506
506
506
506
506
506
506
506
506
506
506
506
506
506
505
505
505
505
505
505
505
505
505
505
505
505
505
505
505
505
505
505
504
504
504
504
504
504
504
504
504
504
504
504
504
504
504
504
504
504
504
504
504
504
504
504
504
504
504
504
503
503
503
503
503
503
503
503
503
503
503
503
503
503
503
503
503
503
503
503
503
503
503
503
503
503
503
503
502
502
502
502
502
502
502
502
502
502
502
502
502
502
502
502
502
502
502
502
502
502
502
502
502
502
501
501
501
501
501
501
501
501
501
501
501
501
501
501
501
501
501
501
501
501
501
501
501
501
501
501
501
501
501
501
500
500
500
500
500
500
500
500
500
500
500
500
500
500
500
500
500
500
500
500
500
500
499
499
499
499
499
499
499
499
499
499
499
499
499
499
499
499
499
499
499
499
499
499
499
499
499
499
499
499
499
499
498
498
498
498
498
498
498
498
498
498
498
498
498
498
498
498
498
498
498
498
498
498
498
498
498
498
498
498
498
498
498
498
498
497
497
497
497
497
497
497
497
497
497
497
497
497
497
497
497
497
496
496
496
496
496
496
496
496
496
496
496
496
496
496
496
496
496
496
496
496
496
496
496
496
496
496
496
496
496
496
495
495
495
495
495
495
495
495
495
495
495
495
495
495
495
495
495
495
495
495
495
495
495
495
495
495
495
495
494
494
494
494
494
494
494
494
494
494
494
494
494
494
494
494
494
494
494
494
494
494
494
494
493
493
493
493
493
493
493
493
493
493
493
493
493
493
493
493
493
493
493
493
493
493
493
493
493
493
492
492
492
492
492
492
492
492
492
492
492
492
492
492
492
492
492
492
492
492
492
492
492
492
492
492
492
492
492
492
492
492
492
492
491
491
491
491
491
491
491
491
491
491
491
491
491
491
491
491
491
491
491
491
491
491
491
491
491
491
491
490
490
490
490
490
490
490
490
490
490
490
490
490
490
490
490
490
490
490
490
490
490
490
490
489
489
489
489
489
489
489
489
489
489
489
489
489
489
489
489
489
489
489
489
489
489
489
489
489
489
488
488
488
488
488
488
488
488
488
488
488
488
488
488
488
488
488
488
488
488
488
488
488
488
488
488
488
488
488
488
488
488
488
488
488
488
488
488
488
488
488
487
487
487
487
487
487
487
487
487
487
487
487
487
487
487
487
487
487
487
487
487
487
487
486
486
486
486
486
486
486
486
486
486
486
486
486
486
486
486
486
486
486
486
486
486
486
486
486
486
486
486
486
486
486
486
486
486
486
486
486
486
486
486
485
485
485
485
485
485
485
485
485
485
485
485
485
485
485
485
485
485
485
485
485
485
485
485
485
485
485
485
485
485
485
484
484
484
484
484
484
484
484
484
484
484
484
484
484
484
484
484
484
484
484
484
484
484
484
484
484
484
484
484
484
484
484
484
484
484
484
483
483
483
483
483
483
483
483
483
483
483
483
483
483
483
483
483
483
483
483
483
483
483
483
483
483
482
482
482
482
482
482
482
482
482
482
482
482
482
482
482
482
482
482
482
482
482
482
482
481
481
481
481
481
481
481
481
481
481
481
481
481
481
481
481
481
481
481
481
481
481
481
481
481
481
481
481
481
481
481
481
480
480
480
480
480
480
480
480
480
480
480
480
480
480
480
480
480
480
480
480
480
480
480
480
480
479
479
479
479
479
479
479
479
479
479
479
479
479
479
479
479
478
478
478
478
478
478
478
478
478
478
478
478
478
478
478
478
478
478
478
478
478
478
478
478
478
478
478
478
477
477
477
477
477
477
477
477
477
477
477
477
477
477
477
477
477
477
477
477
477
477
477
477
477
477
477
477
477
476
476
476
476
476
476
476
476
476
476
476
476
476
476
476
476
476
476
476
476
476
476
476
476
476
476
475
475
475
475
475
475
475
475
475
475
475
475
475
475
475
475
475
475
475
475
475
474
474
474
474
474
474
474
474
474
474
474
474
474
474
474
474
474
474
474
474
474
474
474
474
474
474
474
473
473
473
473
473
473
473
473
473
473
473
473
473
473
473
473
473
473
473
473
473
473
473
473
473
473
473
473
473
472
472
472
472
472
472
472
472
472
472
472
472
472
472
472
472
472
472
472
472
472
472
472
472
472
472
472
472
472
472
472
472
472
471
471
471
471
471
471
471
471
471
471
471
471
471
471
471
471
471
471
471
471
471
470
470
470
470
470
470
470
470
470
470
470
470
470
470
470
470
470
469
469
469
469
469
469
469
469
469
469
469
469
469
469
469
469
469
469
469
469
469
469
469
469
468
468
468
468
468
468
468
468
468
468
468
468
468
468
467
467
467
467
467
467
467
467
467
467
467
467
467
467
467
467
467
467
467
467
467
467
467
467
467
467
467
467
467
466
466
466
466
466
466
466
466
466
466
466
466
466
466
466
466
466
466
466
466
466
466
466
466
466
466
466
466
466
466
466
466
466
466
466
465
465
465
465
465
465
465
465
465
465
465
465
465
465
465
465
465
465
465
465
465
465
465
465
465
465
465
465
465
465
465
464
464
464
464
464
464
464
464
464
464
464
464
464
464
464
464
464
464
464
464
464
464
464
464
464
464
464
464
463
463
463
463
463
463
463
463
463
463
463
463
463
463
463
463
463
463
463
463
463
463
463
463
463
463
463
463
463
463
462
462
462
462
462
462
462
462
462
462
462
462
462
462
462
462
462
462
462
462
462
462
462
462
462
462
462
462
462
462
462
462
462
462
461
461
461
461
461
461
461
461
461
461
461
461
461
461
461
461
461
461
461
461
461
461
461
461
461
461
461
461
461
460
460
460
460
460
460
460
460
460
460
460
460
460
460
460
460
460
460
460
460
460
460
460
460
460
460
460
459
459
459
459
459
459
459
459
459
459
459
459
459
459
459
459
459
459
459
459
459
459
459
459
459
458
458
458
458
458
458
458
458
458
458
458
458
458
458
458
458
458
458
458
458
458
458
457
457
457
457
457
457
457
457
457
457
457
457
457
457
457
457
457
457
457
457
457
457
457
457
457
457
457
457
457
457
457
457
457
456
456
456
456
456
456
456
456
456
456
456
456
456
456
456
456
456
456
456
456
455
455
455
455
455
455
455
455
455
455
455
455
455
455
455
455
455
455
455
455
455
455
455
455
455
455
455
455
455
455
455
455
455
455
454
454
454
454
454
454
454
454
454
454
454
454
454
454
454
454
454
454
454
454
454
454
454
454
454
454
454
454
453
453
453
453
453
453
453
453
453
453
453
453
453
453
453
453
453
453
453
453
453
453
453
453
452
452
452
452
452
452
452
452
452
452
452
452
452
452
452
452
452
452
452
452
452
452
451
451
451
451
451
451
451
451
451
451
451
451
451
451
451
451
451
451
451
451
451
451
451
450
450
450
450
450
450
450
450
450
450
450
450
450
450
450
450
450
450
450
450
450
450
450
450
450
450
450
450
450
450
449
449
449
449
449
449
449
449
449
449
449
449
449
449
449
449
449
449
449
449
449
449
449
449
449
449
449
449
449
449
448
448
448
448
448
448
448
448
448
448
448
448
448
448
448
448
448
448
448
448
448
448
448
448
448
448
448
448
448
448
448
448
447
447
447
447
447
447
447
447
447
447
447
447
447
447
447
447
447
447
447
447
447
447
447
447
447
447
447
446
446
446
446
446
446
446
446
446
446
446
446
446
446
446
446
446
446
446
446
446
446
446
446
446
446
446
446
446
446
446
445
445
445
445
445
445
445
445
445
445
445
445
445
445
445
445
445
445
445
445
445
445
445
445
445
445
445
445
444
444
444
444
444
444
444
444
444
444
444
444
444
444
444
444
444
444
444
444
444
444
444
444
444
444
444
443
443
443
443
443
443
443
443
443
443
443
443
443
443
443
443
443
443
443
443
443
443
443
443
443
443
442
442
442
442
442
442
442
442
442
442
442
442
442
442
442
442
442
442
442
442
442
442
442
442
442
442
442
442
442
442
442
442
441
441
441
441
441
441
441
441
441
441
441
441
441
441
441
441
441
441
441
441
441
441
441
441
441
441
441
441
441
441
441
441
441
440
440
440
440
440
440
440
440
440
440
440
440
440
440
440
440
440
440
440
440
440
440
439
439
439
439
439
439
439
439
439
439
439
439
439
439
439
439
439
439
439
439
439
439
439
439
438
438
438
438
438
438
438
438
438
438
438
438
438
438
438
438
438
438
438
438
438
438
438
438
438
438
438
438
438
438
438
438
437
437
437
437
437
437
437
437
437
437
437
437
437
437
437
437
437
437
437
437
437
437
437
437
437
437
436
436
436
436
436
436
436
436
436
436
436
436
436
436
436
436
436
436
436
436
436
436
436
436
436
436
436
436
436
435
435
435
435
435
435
435
435
435
435
435
435
435
435
435
435
435
435
435
435
435
435
435
435
435
435
435
435
435
435
434
434
434
434
434
434
434
434
434
434
434
434
434
434
434
434
434
434
434
434
434
433
433
433
433
433
433
433
433
433
433
433
433
433
433
433
433
433
433
433
433
433
433
433
433
433
433
433
432
432
432
432
432
432
432
432
432
432
432
432
432
432
432
432
432
432
432
432
432
432
432
432
432
432
432
431
431
431
431
431
431
431
431
431
431
431
431
431
431
431
431
431
431
431
431
431
431
431
431
431
431
431
431
431
431
430
430
430
430
430
430
430
430
430
430
430
430
430
430
430
430
430
430
430
430
429
429
429
429
429
429
429
429
429
429
429
429
429
429
429
429
429
429
429
429
429
429
429
429
429
429
429
429
429
429
429
428
428
428
428
428
428
428
428
428
428
428
428
428
428
428
428
428
428
428
428
428
428
428
428
428
428
428
428
428
428
428
427
427
427
427
427
427
427
427
427
427
427
427
427
427
427
427
427
427
427
427
427
427
427
427
427
427
427
427
427
427
427
426
426
426
426
426
426
426
426
426
426
426
426
426
426
426
426
426
426
426
426
426
426
426
426
426
426
426
426
425
425
425
425
425
425
425
425
425
425
425
425
425
425
425
425
425
425
425
425
424
424
424
424
424
424
424
424
424
424
424
424
424
424
424
424
424
424
424
424
424
424
423
423
423
423
423
423
423
423
423
423
423
423
423
423
423
423
423
423
423
423
423
423
423
423
423
423
423
423
423
423
422
422
422
422
422
422
422
422
422
422
422
422
422
422
422
422
422
422
422
422
422
422
422
422
422
422
422
422
422
422
422
421
421
421
421
421
421
421
421
421
421
421
421
421
421
421
421
421
421
421
421
421
421
421
421
421
421
421
421
421
421
421
421
421
421
421
421
421
421
421
421
421
421
421
421
421
420
420
420
420
420
420
420
420
420
420
420
420
420
420
420
420
420
420
420
420
420
420
420
420
420
420
420
420
420
420
420
420
420
420
420
420
420
420
419
419
419
419
419
419
419
419
419
419
419
419
419
419
419
419
419
419
419
419
419
419
419
419
419
419
419
419
419
419
418
418
418
418
418
418
418
418
418
418
418
418
418
418
418
418
418
418
418
418
418
418
418
418
418
418
418
418
418
418
418
418
418
418
418
418
418
417
417
417
417
417
417
417
417
417
417
417
417
417
417
417
417
417
417
417
417
417
417
417
417
417
416
416
416
416
416
416
416
416
416
416
416
416
416
416
416
416
416
416
416
416
416
416
416
416
416
416
416
416
416
416
416
416
416
416
416
416
416
416
416
416
415
415
415
415
415
415
415
415
415
415
415
415
415
415
415
415
415
415
415
415
415
415
415
415
415
415
415
414
414
414
414
414
414
414
414
414
414
414
414
414
414
413
413
413
413
413
413
413
413
413
413
413
413
413
413
413
413
413
413
413
413
413
413
413
413
413
413
413
413
412
412
412
412
412
412
412
412
412
412
412
412
412
412
412
412
412
412
412
412
412
412
412
411
411
411
411
411
411
411
411
411
411
411
411
411
411
411
411
411
411
411
411
411
411
411
411
411
411
411
411
410
410
410
410
410
410
410
410
410
410
410
410
410
410
410
410
410
410
410
410
410
410
410
410
410
410
409
409
409
409
409
409
409
409
409
409
409
409
409
409
409
409
409
409
409
409
409
409
409
409
409
409
408
408
408
408
408
408
408
408
408
408
408
408
408
408
408
408
408
408
408
408
408
408
408
408
408
408
408
408
408
408
408
407
407
407
407
407
407
407
407
407
407
407
407
407
407
407
407
407
407
407
407
407
407
407
407
407
407
406
406
406
406
406
406
406
406
406
406
406
406
406
406
406
406
406
406
406
406
406
406
406
406
406
406
406
406
405
405
405
405
405
405
405
405
405
405
405
405
405
405
405
405
405
405
405
405
405
405
405
405
405
405
405
405
405
405
405
405
405
405
405
404
404
404
404
404
404
404
404
404
404
404
404
404
404
404
404
404
404
404
404
404
404
404
404
404
404
404
404
404
404
404
403
403
403
403
403
403
403
403
403
403
403
403
403
403
403
403
403
403
403
403
403
403
403
403
403
403
403
403
403
403
402
402
402
402
402
402
402
402
402
402
402
402
402
402
402
402
402
402
402
402
402
402
402
402
402
402
402
402
402
402
402
402
402
401
401
401
401
401
401
401
401
401
401
401
401
401
401
401
401
401
401
401
401
401
401
401
401
401
401
401
401
401
401
401
400
400
400
400
400
400
400
400
400
400
400
400
400
400
400
400
400
400
400
400
400
400
400
400
400
400
400
400
400
400
399
399
399
399
399
399
399
399
399
399
399
399
399
399
399
399
399
399
399
399
399
399
399
399
399
399
399
398
398
398
398
398
398
398
398
398
398
398
398
398
398
398
398
398
398
398
398
398
398
398
398
398
398
398
398
398
398
397
397
397
397
397
397
397
397
397
397
397
397
397
397
397
397
397
397
397
397
397
397
397
397
397
397
397
397
397
397
397
397
396
396
396
396
396
396
396
396
396
396
396
396
396
396
396
396
396
396
396
396
396
396
396
395
395
395
395
395
395
395
395
395
395
395
395
395
395
395
395
395
395
395
395
395
395
394
394
394
394
394
394
394
394
394
394
394
394
394
394
394
394
394
394
394
394
394
394
394
394
394
393
393
393
393
393
393
393
393
393
393
393
393
393
393
393
393
393
393
393
393
393
393
393
393
393
393
393
393
393
393
393
393
393
393
392
392
392
392
392
392
392
392
392
392
392
392
392
392
392
392
392
392
392
392
392
392
392
392
392
392
392
392
392
392
392
392
392
392
391
391
391
391
391
391
391
391
391
391
391
391
391
391
391
391
391
391
391
391
391
391
390
390
390
390
390
390
390
390
390
390
390
390
390
390
390
390
390
390
390
390
390
390
390
390
390
390
390
390
389
389
389
389
389
389
389
389
389
389
389
389
389
389
389
389
389
389
389
389
389
389
389
389
389
389
389
389
389
389
389
389
389
389
389
389
389
389
388
388
388
388
388
388
388
388
388
388
388
388
388
388
388
388
388
388
388
388
388
388
388
388
388
388
388
388
388
388
388
388
388
388
388
387
387
387
387
387
387
387
387
387
387
387
387
387
387
387
387
387
387
387
387
387
387
387
387
387
387
387
387
387
387
387
387
387
387
387
386
386
386
386
386
386
386
386
386
386
386
386
386
386
386
386
386
386
386
386
386
386
386
386
386
385
385
385
385
385
385
385
385
385
385
385
385
385
385
385
385
385
385
385
385
385
385
385
385
385
385
385
385
385
385
385
385
385
385
385
385
385
385
385
385
384
384
384
384
384
384
384
384
384
384
384
384
384
384
384
384
384
384
384
384
384
384
384
384
384
384
384
384
383
383
383
383
383
383
383
383
383
383
383
383
383
383
383
383
383
383
383
383
383
383
383
383
383
383
383
383
382
382
382
382
382
382
382
382
382
382
382
382
382
382
382
382
382
382
382
382
382
382
382
382
382
382
382
382
382
382
381
381
381
381
381
381
381
381
381
381
381
381
381
381
381
381
381
381
381
381
381
381
381
381
381
381
381
381
380
380
380
380
380
380
380
380
380
380
380
380
380
380
380
380
380
380
380
380
380
380
380
380
380
380
380
380
380
380
380
380
380
380
380
380
380
379
379
379
379
379
379
379
379
379
379
379
379
379
379
379
379
379
379
379
379
379
379
379
379
379
379
379
379
379
379
379
378
378
378
378
378
378
378
378
378
378
378
378
378
378
378
378
378
378
378
378
378
378
378
378
378
378
378
378
378
378
378
378
378
378
378
377
377
377
377
377
377
377
377
377
377
377
377
377
377
377
377
377
377
377
377
377
377
377
377
377
377
377
377
377
377
377
377
377
377
377
377
377
377
377
377
377
377
377
377
377
376
376
376
376
376
376
376
376
376
376
376
376
376
376
376
376
376
376
376
376
376
376
376
376
376
376
376
376
376
376
376
376
376
376
376
375
375
375
375
375
375
375
375
375
375
375
375
375
375
375
375
375
375
375
375
375
375
375
375
375
375
375
375
375
375
375
374
374
374
374
374
374
374
374
374
374
374
374
374
374
374
374
374
374
374
374
374
374
374
374
374
374
374
374
374
373
373
373
373
373
373
373
373
373
373
373
373
373
373
373
373
373
373
373
373
373
373
373
373
373
373
372
372
372
372
372
372
372
372
372
372
372
372
372
372
372
372
372
372
372
372
372
372
372
372
372
372
372
372
372
372
372
372
372
372
372
372
371
371
371
371
371
371
371
371
371
371
371
371
371
371
371
371
371
371
371
371
371
371
371
371
371
371
371
371
371
371
371
371
371
371
371
371
371
370
370
370
370
370
370
370
370
370
370
370
370
370
370
370
370
370
370
370
370
370
370
370
370
370
370
370
370
370
370
370
370
370
370
370
370
370
369
369
369
369
369
369
369
369
369
369
369
369
369
369
369
369
369
369
369
369
369
369
369
369
369
369
369
369
368
368
368
368
368
368
368
368
368
368
368
368
368
368
368
368
368
368
368
368
368
368
368
368
368
368
368
368
368
368
367
367
367
367
367
367
367
367
367
367
367
367
367
367
367
367
367
367
367
367
367
367
367
367
367
367
367
367
367
367
367
367
367
367
367
367
367
367
367
366
366
366
366
366
366
366
366
366
366
366
366
366
366
366
366
366
366
366
366
366
366
366
366
366
366
366
366
366
366
366
366
366
366
366
366
366
365
365
365
365
365
365
365
365
365
365
365
365
365
365
365
365
365
365
365
365
365
365
365
365
365
365
365
365
365
364
364
364
364
364
364
364
364
364
364
364
364
364
364
364
364
364
364
364
364
364
364
364
364
364
364
364
364
363
363
363
363
363
363
363
363
363
363
363
363
363
363
363
363
363
363
363
363
363
363
363
363
363
363
363
363
363
362
362
362
362
362
362
362
362
362
362
362
362
362
362
362
362
362
362
362
362
362
362
362
362
362
362
362
362
362
362
361
361
361
361
361
361
361
361
361
361
361
361
361
361
361
361
361
361
361
361
361
361
361
361
361
361
361
361
361
361
361
361
361
361
361
361
361
361
361
361
360
360
360
360
360
360
360
360
360
360
360
360
360
360
360
360
360
360
360
360
360
360
360
360
359
359
359
359
359
359
359
359
359
359
359
359
359
359
359
359
359
359
359
359
359
358
358
358
358
358
358
358
358
358
358
358
358
358
358
358
358
358
358
358
358
358
358
358
358
358
358
358
358
358
358
357
357
357
357
357
357
357
357
357
357
357
357
357
357
357
357
357
357
357
357
357
357
357
357
357
357
357
357
357
357
357
357
357
357
356
356
356
356
356
356
356
356
356
356
356
356
356
356
356
356
356
356
356
356
356
356
356
356
356
356
356
356
356
356
356
356
356
356
356
356
356
356
356
356
355
355
355
355
355
355
355
355
355
355
355
355
355
355
355
355
355
355
355
355
355
355
355
355
355
355
355
355
355
355
355
355
355
355
355
355
355
354
354
354
354
354
354
354
354
354
354
354
354
354
354
354
354
354
354
354
354
354
354
354
354
354
354
354
354
354
353
353
353
353
353
353
353
353
353
353
353
353
353
353
353
353
353
353
353
353
353
353
353
353
353
353
353
353
353
353
353
352
352
352
352
352
352
352
352
352
352
352
352
352
352
352
352
352
352
352
352
352
352
352
352
352
352
352
352
352
352
352
352
352
352
352
352
352
351
351
351
351
351
351
351
351
351
351
351
351
351
351
351
351
351
351
351
351
351
351
351
351
351
351
351
351
351
351
351
351
351
350
350
350
350
350
350
350
350
350
350
350
350
350
350
350
350
350
350
350
350
350
350
350
350
350
350
350
350
350
350
350
350
350
350
350
350
350
349
349
349
349
349
349
349
349
349
349
349
349
349
349
349
349
349
349
349
349
349
349
349
349
349
349
349
349
349
349
349
349
349
349
349
348
348
348
348
348
348
348
348
348
348
348
348
348
348
348
348
348
348
348
348
348
347
347
347
347
347
347
347
347
347
347
347
347
347
347
347
347
347
347
347
347
347
347
347
347
347
347
347
346
346
346
346
346
346
346
346
346
346
346
346
346
346
346
346
346
346
346
346
346
346
346
346
346
346
346
346
346
346
346
346
346
346
346
346
346
346
346
346
346
346
346
346
346
345
345
345
345
345
345
345
345
345
345
345
345
345
345
345
345
345
345
345
345
345
345
345
345
345
345
345
345
345
345
345
345
345
345
345
345
345
345
344
344
344
344
344
344
344
344
344
344
344
344
344
344
344
344
344
344
344
344
344
344
344
344
344
344
344
344
344
344
344
344
344
344
344
344
344
344
344
344
344
344
344
344
343
343
343
343
343
343
343
343
343
343
343
343
343
343
343
343
343
343
343
343
343
343
343
343
343
343
343
343
343
343
343
343
343
343
342
342
342
342
342
342
342
342
342
342
342
342
342
342
342
342
342
342
342
342
342
342
342
342
342
342
342
342
342
342
342
342
342
342
342
341
341
341
341
341
341
341
341
341
341
341
341
341
341
341
341
341
341
341
341
341
341
341
341
341
341
341
341
341
341
341
341
341
341
341
341
341
341
341
341
341
341
340
340
340
340
340
340
340
340
340
340
340
340
340
340
340
340
340
340
340
340
340
340
340
340
340
340
340
340
340
340
340
340
340
340
340
340
340
340
340
340
340
339
339
339
339
339
339
339
339
339
339
339
339
339
339
339
339
339
339
339
339
339
339
339
339
339
339
339
339
339
339
339
339
338
338
338
338
338
338
338
338
338
338
338
338
338
338
338
338
338
338
338
338
338
338
338
338
338
338
337
337
337
337
337
337
337
337
337
337
337
337
337
337
337
337
337
337
337
337
337
337
337
337
337
337
337
337
337
336
336
336
336
336
336
336
336
336
336
336
336
336
336
336
336
336
336
336
336
336
336
336
336
336
336
336
336
336
336
336
336
336
336
336
336
336
336
336
336
336
336
336
336
336
336
336
335
335
335
335
335
335
335
335
335
335
335
335
335
335
335
335
335
335
335
335
335
335
335
335
335
335
335
335
334
334
334
334
334
334
334
334
334
334
334
334
334
334
334
334
334
334
334
334
334
334
334
334
334
334
334
334
334
334
334
334
334
334
334
334
334
333
333
333
333
333
333
333
333
333
333
333
333
333
333
333
333
333
333
333
333
333
333
333
333
333
333
333
333
333
333
333
333
333
332
332
332
332
332
332
332
332
332
332
332
332
332
332
332
332
332
332
332
332
332
332
332
332
332
332
332
332
332
332
332
332
332
332
332
331
331
331
331
331
331
331
331
331
331
331
331
331
331
331
331
331
331
331
331
331
331
331
331
331
331
331
331
331
331
330
330
330
330
330
330
330
330
330
330
330
330
330
330
330
330
330
330
330
330
330
330
330
330
330
330
330
330
330
330
330
330
330
330
330
329
329
329
329
329
329
329
329
329
329
329
329
329
329
329
329
329
329
329
329
329
329
329
329
329
329
329
329
329
329
329
329
329
328
328
328
328
328
328
328
328
328
328
328
328
328
328
328
328
328
328
328
328
328
328
328
328
328
328
328
328
328
328
328
327
327
327
327
327
327
327
327
327
327
327
327
327
327
327
327
327
327
327
327
327
327
327
327
327
327
327
326
326
326
326
326
326
326
326
326
326
326
326
326
326
326
326
326
326
326
326
326
326
326
326
326
326
326
326
326
326
326
326
326
326
326
326
326
326
326
326
325
325
325
325
325
325
325
325
325
325
325
325
325
325
325
325
325
325
325
325
325
325
325
325
325
325
325
325
325
325
325
325
324
324
324
324
324
324
324
324
324
324
324
324
324
324
324
324
324
324
324
324
324
324
324
324
324
324
324
324
324
324
324
324
324
324
324
324
323
323
323
323
323
323
323
323
323
323
323
323
323
323
323
323
323
323
323
323
323
323
323
323
323
323
323
323
323
323
323
323
323
323
323
322
322
322
322
322
322
322
322
322
322
322
322
322
322
322
322
322
322
322
322
322
322
322
322
322
322
322
322
322
322
322
322
322
322
321
321
321
321
321
321
321
321
321
321
321
321
321
321
321
321
321
321
321
321
321
321
321
321
321
321
320
320
320
320
320
320
320
320
320
320
320
320
320
320
320
320
320
320
320
320
320
320
320
320
320
320
320
320
320
320
320
320
320
320
320
320
320
320
320
320
320
320
320
320
320
320
320
319
319
319
319
319
319
319
319
319
319
319
319
319
319
319
319
319
319
319
319
319
319
319
319
319
319
319
319
319
319
319
319
319
319
319
318
318
318
318
318
318
318
318
318
318
318
318
318
318
318
318
318
318
318
318
318
318
318
318
318
318
318
318
318
318
318
318
318
318
318
318
318
318
318
318
317
317
317
317
317
317
317
317
317
317
317
317
317
317
317
317
317
317
317
317
317
317
317
317
317
317
317
317
317
317
317
317
317
317
317
317
317
317
317
316
316
316
316
316
316
316
316
316
316
316
316
316
316
316
316
316
316
316
316
316
316
316
316
316
316
316
316
316
316
316
316
316
316
316
316
316
316
316
316
316
316
316
316
316
316
315
315
315
315
315
315
315
315
315
315
315
315
315
315
315
315
315
315
315
315
315
315
315
315
315
315
315
315
315
315
315
315
315
315
315
314
314
314
314
314
314
314
314
314
314
314
314
314
314
314
314
314
314
314
314
314
314
314
314
314
313
313
313
313
313
313
313
313
313
313
313
313
313
313
313
313
313
313
313
313
313
313
313
313
313
313
313
313
313
313
313
313
313
313
313
313
313
313
313
313
313
313
313
312
312
312
312
312
312
312
312
312
312
312
312
312
312
312
312
312
312
312
312
312
312
312
312
312
312
312
312
312
312
312
312
311
311
311
311
311
311
311
311
311
311
311
311
311
311
311
311
311
311
311
311
311
311
311
311
311
311
311
311
311
311
311
311
311
310
310
310
310
310
310
310
310
310
310
310
310
310
310
310
310
310
310
310
310
310
310
310
310
310
310
310
310
310
310
310
310
310
310
310
310
310
310
310
310
310
310
310
310
310
310
310
310
310
310
310
310
310
310
310
310
310
310
310
309
309
309
309
309
309
309
309
309
309
309
309
309
309
309
309
309
309
309
309
309
309
309
309
309
309
309
309
309
309
309
309
309
309
309
309
309
308
308
308
308
308
308
308
308
308
308
308
308
308
308
308
308
308
308
308
308
308
308
308
308
308
308
308
308
308
308
308
308
308
308
308
308
308
307
307
307
307
307
307
307
307
307
307
307
307
307
307
307
307
307
307
307
307
307
307
307
307
307
307
307
307
307
307
307
307
307
307
307
307
307
307
307
307
307
307
307
307
307
307
307
307
307
307
307
307
307
306
306
306
306
306
306
306
306
306
306
306
306
306
306
306
306
306
306
306
306
306
306
306
306
306
306
306
306
306
306
306
306
305
305
305
305
305
305
305
305
305
305
305
305
305
305
305
305
305
305
305
305
305
305
305
305
305
305
305
305
305
305
305
305
305
305
305
305
305
305
305
305
304
304
304
304
304
304
304
304
304
304
304
304
304
304
304
304
304
304
304
304
304
304
304
304
304
304
304
304
304
304
303
303
303
303
303
303
303
303
303
303
303
303
303
303
303
303
303
303
303
303
303
303
303
303
303
303
303
303
303
303
303
303
303
303
303
303
303
303
303
303
303
302
302
302
302
302
302
302
302
302
302
302
302
302
302
302
302
302
302
302
302
302
302
302
302
302
302
302
302
302
302
302
301
301
301
301
301
301
301
301
301
301
301
301
301
301
301
301
301
301
301
301
301
301
301
301
301
301
301
301
301
301
301
301
301
301
301
300
300
300
300
300
300
300
300
300
300
300
300
300
300
300
300
300
300
300
300
300
300
300
300
300
300
300
300
300
300
300
300
300
300
300
300
300
300
300
300
300
300
300
300
300
300
300
300
300
300
299
299
299
299
299
299
299
299
299
299
299
299
299
299
299
299
299
299
299
299
299
299
299
299
299
299
299
299
299
299
299
299
299
299
299
299
299
298
298
298
298
298
298
298
298
298
298
298
298
298
298
298
298
298
298
298
298
298
298
298
298
298
298
298
298
298
298
298
298
298
298
298
298
298
298
298
298
298
298
298
297
297
297
297
297
297
297
297
297
297
297
297
297
297
297
297
297
297
297
297
297
297
297
297
297
297
297
297
297
297
297
297
297
297
297
297
297
297
297
297
297
297
297
297
297
297
297
297
297
297
296
296
296
296
296
296
296
296
296
296
296
296
296
296
296
296
296
296
296
296
296
296
296
296
296
296
296
296
296
296
296
296
296
296
296
296
296
295
295
295
295
295
295
295
295
295
295
295
295
295
295
295
295
295
295
295
295
295
295
295
295
295
295
295
295
295
295
295
295
295
295
295
295
295
295
295
295
295
295
295
294
294
294
294
294
294
294
294
294
294
294
294
294
294
294
294
294
294
294
294
294
294
294
294
294
294
294
294
294
294
294
294
294
294
294
294
294
294
294
294
294
294
294
294
293
293
293
293
293
293
293
293
293
293
293
293
293
293
293
293
293
293
293
293
293
293
293
293
293
293
293
293
293
293
293
293
293
292
292
292
292
292
292
292
292
292
292
292
292
292
292
292
292
292
292
292
292
292
292
292
292
292
292
292
292
292
292
292
292
292
292
292
292
292
292
292
292
291
291
291
291
291
291
291
291
291
291
291
291
291
291
291
291
291
291
291
291
291
291
291
291
291
291
291
291
291
291
291
291
291
291
291
291
291
291
291
291
291
290
290
290
290
290
290
290
290
290
290
290
290
290
290
290
290
290
290
290
290
290
290
290
290
290
290
290
290
290
290
290
290
290
290
290
290
290
290
290
290
290
290
290
289
289
289
289
289
289
289
289
289
289
289
289
289
289
289
289
289
289
289
289
289
289
289
289
289
289
289
289
289
289
289
289
289
289
289
289
289
289
289
288
288
288
288
288
288
288
288
288
288
288
288
288
288
288
288
288
288
288
288
288
288
288
288
288
288
288
288
288
288
288
288
288
288
288
287
287
287
287
287
287
287
287
287
287
287
287
287
287
287
287
287
287
287
287
287
287
287
287
287
287
287
287
287
287
287
287
287
287
287
287
287
287
287
287
287
287
287
286
286
286
286
286
286
286
286
286
286
286
286
286
286
286
286
286
286
286
286
286
286
286
286
286
286
286
286
286
286
286
286
286
286
286
286
286
286
286
286
286
286
286
286
286
286
286
286
286
286
286
286
286
286
286
286
286
286
285
285
285
285
285
285
285
285
285
285
285
285
285
285
285
285
285
285
285
285
285
285
285
285
285
285
285
285
285
285
285
285
285
285
285
285
285
285
285
284
284
284
284
284
284
284
284
284
284
284
284
284
284
284
284
284
284
284
284
284
284
284
284
284
284
284
284
284
283
283
283
283
283
283
283
283
283
283
283
283
283
283
283
283
283
283
283
283
283
283
283
283
283
283
283
283
283
283
283
283
283
282
282
282
282
282
282
282
282
282
282
282
282
282
282
282
282
282
282
282
282
282
282
282
282
282
282
282
282
282
282
282
282
282
282
282
282
282
282
282
282
281
281
281
281
281
281
281
281
281
281
281
281
281
281
281
281
281
281
281
281
281
281
281
281
281
281
281
281
281
281
281
281
281
281
281
281
281
281
281
281
281
281
281
281
281
281
281
281
281
281
280
280
280
280
280
280
280
280
280
280
280
280
280
280
280
280
280
280
280
280
280
280
280
280
280
280
280
280
280
280
279
279
279
279
279
279
279
279
279
279
279
279
279
279
279
279
279
279
279
279
279
279
279
279
279
279
279
279
279
279
279
279
279
279
279
279
279
279
279
278
278
278
278
278
278
278
278
278
278
278
278
278
278
278
278
278
278
278
278
278
278
278
278
278
278
278
278
278
278
278
278
278
278
278
278
278
278
278
278
278
278
278
278
277
277
277
277
277
277
277
277
277
277
277
277
277
277
277
277
277
277
277
277
277
277
277
277
277
277
277
277
277
277
277
277
277
277
277
277
277
277
277
277
276
276
276
276
276
276
276
276
276
276
276
276
276
276
276
276
276
276
276
276
276
276
276
276
276
276
276
276
276
276
276
276
276
276
276
276
276
276
276
276
276
276
276
276
276
276
276
276
276
276
276
276
276
276
275
275
275
275
275
275
275
275
275
275
275
275
275
275
275
275
275
275
275
275
275
275
275
275
275
275
275
275
275
275
275
275
275
275
275
275
275
275
274
274
274
274
274
274
274
274
274
274
274
274
274
274
274
274
274
274
274
274
274
274
274
274
274
274
274
274
274
274
274
274
274
274
274
274
274
274
274
274
274
274
274
274
274
274
273
273
273
273
273
273
273
273
273
273
273
273
273
273
273
273
273
273
273
273
273
273
273
273
273
273
273
273
273
273
273
273
273
273
273
273
273
273
273
273
272
272
272
272
272
272
272
272
272
272
272
272
272
272
272
272
272
272
272
272
272
272
272
272
272
272
272
271
271
271
271
271
271
271
271
271
271
271
271
271
271
271
271
271
271
271
271
271
271
271
271
271
271
271
271
271
271
271
271
271
271
271
271
271
271
271
271
271
271
271
271
271
271
271
271
271
271
270
270
270
270
270
270
270
270
270
270
270
270
270
270
270
270
270
270
270
270
270
270
270
270
270
270
270
270
270
270
270
270
270
270
270
269
269
269
269
269
269
269
269
269
269
269
269
269
269
269
269
269
269
269
269
269
269
269
269
269
269
269
269
269
269
269
269
269
269
269
269
269
269
269
269
269
269
268
268
268
268
268
268
268
268
268
268
268
268
268
268
268
268
268
268
268
268
268
268
268
268
268
268
268
268
268
268
268
268
268
268
268
268
268
268
268
268
268
268
268
268
268
268
268
268
268
268
268
268
268
267
267
267
267
267
267
267
267
267
267
267
267
267
267
267
267
267
267
267
267
267
267
267
267
267
267
267
267
267
267
267
267
267
267
267
267
267
267
267
267
267
267
267
267
266
266
266
266
266
266
266
266
266
266
266
266
266
266
266
266
266
266
266
266
266
266
266
266
266
266
266
266
266
266
266
266
266
266
266
266
266
266
266
266
266
266
266
266
266
266
266
266
266
265
265
265
265
265
265
265
265
265
265
265
265
265
265
265
265
265
265
265
265
265
265
265
265
265
265
265
265
265
265
265
265
265
265
265
265
265
265
265
265
265
265
265
265
265
265
264
264
264
264
264
264
264
264
264
264
264
264
264
264
264
264
264
264
264
264
264
264
264
264
264
264
264
264
264
264
264
264
264
264
264
264
264
264
264
264
264
264
264
263
263
263
263
263
263
263
263
263
263
263
263
263
263
263
263
263
263
263
263
263
263
263
263
263
263
263
263
263
263
263
263
263
263
263
263
263
263
263
263
263
263
263
263
263
263
263
263
263
263
263
263
262
262
262
262
262
262
262
262
262
262
262
262
262
262
262
262
262
262
262
262
262
262
262
262
262
262
262
262
262
262
262
262
262
262
262
262
262
262
262
262
262
262
262
262
262
262
262
262
262
262
262
262
262
262
262
261
261
261
261
261
261
261
261
261
261
261
261
261
261
261
261
261
261
261
261
261
261
261
261
261
261
261
261
261
261
261
261
261
261
261
261
261
261
261
261
261
261
261
261
261
260
260
260
260
260
260
260
260
260
260
260
260
260
260
260
260
260
260
260
260
260
260
260
260
260
260
260
260
260
260
260
260
260
260
260
260
260
260
260
260
260
260
260
260
260
260
260
260
260
260
260
260
260
260
259
259
259
259
259
259
259
259
259
259
259
259
259
259
259
259
259
259
259
259
259
259
259
259
259
259
259
259
259
259
259
259
259
259
259
259
259
259
259
259
259
259
259
259
259
259
259
258
258
258
258
258
258
258
258
258
258
258
258
258
258
258
258
258
258
258
258
258
258
258
258
258
258
258
258
258
258
258
258
258
258
257
257
257
257
257
257
257
257
257
257
257
257
257
257
257
257
257
257
257
257
257
257
257
257
257
257
257
257
257
257
257
257
257
257
257
257
257
257
257
257
257
257
257
257
257
257
257
257
257
257
257
257
256
256
256
256
256
256
256
256
256
256
256
256
256
256
256
256
256
256
256
256
256
256
256
256
256
256
256
256
256
256
256
256
256
256
256
256
256
256
256
256
256
256
256
256
255
255
255
255
255
255
255
255
255
255
255
255
255
255
255
255
255
255
255
255
255
255
255
255
255
255
255
255
255
255
255
255
255
255
255
255
255
255
255
255
255
255
255
255
255
255
255
255
255
255
255
255
255
255
255
255
255
255
255
255
255
254
254
254
254
254
254
254
254
254
254
254
254
254
254
254
254
254
254
254
254
254
254
254
254
254
254
254
254
254
254
254
254
254
254
254
254
254
254
254
254
254
254
254
254
254
254
254
254
254
254
253
253
253
253
253
253
253
253
253
253
253
253
253
253
253
253
253
253
253
253
253
253
253
253
253
253
253
253
253
253
253
253
253
253
253
253
253
253
253
253
253
253
253
253
253
253
253
253
253
253
253
253
253
253
253
253
253
253
252
252
252
252
252
252
252
252
252
252
252
252
252
252
252
252
252
252
252
252
252
252
252
252
252
252
252
252
252
252
252
252
252
252
252
252
252
252
252
252
252
252
252
252
252
252
251
251
251
251
251
251
251
251
251
251
251
251
251
251
251
251
251
251
251
251
251
251
251
251
251
251
251
251
251
251
251
251
251
251
251
251
251
251
250
250
250
250
250
250
250
250
250
250
250
250
250
250
250
250
250
250
250
250
250
250
250
250
250
250
250
250
250
250
250
250
250
250
250
250
250
250
250
250
250
250
250
250
250
250
250
249
249
249
249
249
249
249
249
249
249
249
249
249
249
249
249
249
249
249
249
249
249
249
249
249
249
249
249
249
249
249
249
249
249
249
249
249
249
249
249
249
249
249
249
249
249
248
248
248
248
248
248
248
248
248
248
248
248
248
248
248
248
248
248
248
248
248
248
248
248
248
248
248
248
248
248
248
248
248
248
248
248
248
248
248
247
247
247
247
247
247
247
247
247
247
247
247
247
247
247
247
247
247
247
247
247
247
247
247
247
247
247
247
247
247
247
247
247
247
247
247
247
247
247
247
247
247
247
247
247
247
246
246
246
246
246
246
246
246
246
246
246
246
246
246
246
246
246
246
246
246
246
246
246
246
246
246
246
246
246
246
246
246
246
246
246
246
246
246
246
246
246
246
245
245
245
245
245
245
245
245
245
245
245
245
245
245
245
245
245
245
245
245
245
245
245
245
245
245
245
245
245
245
245
245
245
245
245
245
245
245
245
245
245
245
245
244
244
244
244
244
244
244
244
244
244
244
244
244
244
244
244
244
244
244
244
244
244
244
244
244
244
244
244
244
244
244
244
244
244
244
244
244
244
244
244
244
244
244
244
244
244
244
244
244
244
244
244
244
244
244
244
244
244
244
243
243
243
243
243
243
243
243
243
243
243
243
243
243
243
243
243
243
243
243
243
243
243
243
243
243
243
243
243
243
243
243
243
243
242
242
242
242
242
242
242
242
242
242
242
242
242
242
242
242
242
242
242
242
242
242
242
242
242
242
242
242
242
242
242
242
242
242
242
242
242
242
242
242
242
242
242
242
242
242
242
242
242
242
242
241
241
241
241
241
241
241
241
241
241
241
241
241
241
241
241
241
241
241
241
241
241
241
241
241
241
241
241
241
241
241
241
241
241
241
241
241
241
241
241
241
241
241
241
241
241
241
241
241
241
240
240
240
240
240
240
240
240
240
240
240
240
240
240
240
240
240
240
240
240
240
240
240
240
240
240
240
240
240
240
240
240
240
240
240
240
240
240
240
240
240
240
240
240
240
240
240
240
240
240
240
240
240
240
240
240
239
239
239
239
239
239
239
239
239
239
239
239
239
239
239
239
239
239
239
239
239
239
239
239
239
239
239
239
239
239
239
239
239
239
239
239
239
239
239
239
239
239
239
239
239
239
239
239
239
239
239
239
239
239
239
239
238
238
238
238
238
238
238
238
238
238
238
238
238
238
238
238
238
238
238
238
238
238
238
238
238
238
238
238
238
238
238
238
238
238
238
238
238
238
238
238
238
238
238
238
238
238
238
238
238
238
238
237
237
237
237
237
237
237
237
237
237
237
237
237
237
237
237
237
237
237
237
237
237
237
237
237
237
237
237
237
237
237
237
237
237
237
237
237
237
237
237
237
237
237
237
237
237
237
237
237
236
236
236
236
236
236
236
236
236
236
236
236
236
236
236
236
236
236
236
236
236
236
236
236
236
236
236
236
236
236
236
236
236
236
236
236
236
236
236
236
236
236
236
236
236
236
236
236
236
236
236
235
235
235
235
235
235
235
235
235
235
235
235
235
235
235
235
235
235
235
235
235
235
235
235
235
235
235
235
235
235
235
235
235
235
235
235
235
235
235
235
235
235
235
235
235
235
235
235
235
235
235
235
234
234
234
234
234
234
234
234
234
234
234
234
234
234
234
234
234
234
234
234
234
234
234
234
234
234
234
234
234
234
234
234
234
234
234
234
234
234
234
234
234
234
234
234
234
234
234
234
234
234
234
234
234
234
234
234
234
234
234
234
234
233
233
233
233
233
233
233
233
233
233
233
233
233
233
233
233
233
233
233
233
233
233
233
233
233
233
233
233
233
233
233
233
233
233
233
233
233
233
233
233
233
233
233
233
233
233
233
233
233
233
233
232
232
232
232
232
232
232
232
232
232
232
232
232
232
232
232
232
232
232
232
232
232
232
232
232
232
232
232
232
232
232
232
232
232
232
232
232
232
232
232
232
232
232
232
232
232
232
232
232
232
232
232
232
232
231
231
231
231
231
231
231
231
231
231
231
231
231
231
231
231
231
231
231
231
231
231
231
231
231
231
231
231
231
231
231
231
231
231
231
231
231
231
231
231
231
231
231
231
231
231
231
231
231
231
231
231
231
231
231
231
231
231
230
230
230
230
230
230
230
230
230
230
230
230
230
230
230
230
230
230
230
230
230
230
230
230
230
230
230
230
230
230
230
230
230
230
230
230
230
230
230
230
230
230
230
230
230
230
230
230
230
230
230
230
229
229
229
229
229
229
229
229
229
229
229
229
229
229
229
229
229
229
229
229
229
229
229
229
229
229
229
229
229
229
229
229
229
229
229
229
229
229
229
229
229
229
229
229
229
229
229
229
229
229
229
229
229
229
229
229
229
229
229
229
229
229
229
229
229
228
228
228
228
228
228
228
228
228
228
228
228
228
228
228
228
228
228
228
228
228
228
228
228
228
228
228
228
228
228
228
228
228
228
228
228
228
228
228
228
228
228
228
228
228
228
228
228
228
228
228
228
228
228
228
228
228
228
228
228
228
228
228
228
228
228
227
227
227
227
227
227
227
227
227
227
227
227
227
227
227
227
227
227
227
227
227
227
227
227
227
227
227
227
227
227
227
227
227
227
227
227
227
227
227
227
227
227
227
227
227
227
227
227
227
227
227
227
227
227
227
227
227
227
227
226
226
226
226
226
226
226
226
226
226
226
226
226
226
226
226
226
226
226
226
226
226
226
226
226
226
226
226
226
226
226
226
226
226
226
226
226
226
226
226
226
226
226
226
226
226
226
226
226
226
226
226
226
226
226
226
226
226
226
226
226
226
226
225
225
225
225
225
225
225
225
225
225
225
225
225
225
225
225
225
225
225
225
225
225
225
225
225
225
225
225
225
225
225
225
225
225
225
225
225
225
225
225
225
225
225
225
225
225
225
225
225
225
225
225
225
225
225
225
225
225
225
225
225
225
225
225
225
225
225
225
224
224
224
224
224
224
224
224
224
224
224
224
224
224
224
224
224
224
224
224
224
224
224
224
224
224
224
224
224
224
224
224
224
224
224
224
224
224
224
224
224
224
224
224
224
224
224
224
224
224
224
224
224
224
224
224
223
223
223
223
223
223
223
223
223
223
223
223
223
223
223
223
223
223
223
223
223
223
223
223
223
223
223
223
223
223
223
223
223
223
223
223
223
223
223
223
223
223
223
223
223
223
223
223
223
223
223
223
223
223
223
223
223
223
223
223
223
222
222
222
222
222
222
222
222
222
222
222
222
222
222
222
222
222
222
222
222
222
222
222
222
222
222
222
222
222
222
222
222
222
222
222
222
222
222
222
222
222
222
222
222
222
222
222
222
222
221
221
221
221
221
221
221
221
221
221
221
221
221
221
221
221
221
221
221
221
221
221
221
221
221
221
221
221
221
221
221
221
221
221
221
221
221
221
221
221
221
221
221
221
221
221
221
221
221
221
221
221
221
221
221
221
221
221
221
221
221
221
221
221
221
220
220
220
220
220
220
220
220
220
220
220
220
220
220
220
220
220
220
220
220
220
220
220
220
220
220
220
220
220
220
220
220
220
220
220
220
220
220
220
220
220
220
220
220
220
220
220
220
220
220
220
220
220
220
220
220
220
220
220
220
220
220
220
220
220
220
220
220
220
220
219
219
219
219
219
219
219
219
219
219
219
219
219
219
219
219
219
219
219
219
219
219
219
219
219
219
219
219
219
219
219
219
219
219
219
219
219
219
219
219
219
219
219
219
219
219
219
219
219
219
219
219
219
219
219
219
219
219
219
219
219
219
219
219
219
218
218
218
218
218
218
218
218
218
218
218
218
218
218
218
218
218
218
218
218
218
218
218
218
218
218
218
218
218
218
218
218
218
218
218
218
218
218
218
218
218
218
218
218
218
218
218
218
218
218
218
218
218
218
218
218
218
218
218
218
218
218
218
218
218
218
218
217
217
217
217
217
217
217
217
217
217
217
217
217
217
217
217
217
217
217
217
217
217
217
217
217
217
217
217
217
217
217
217
217
217
217
217
217
217
217
217
217
217
217
217
217
217
217
217
217
217
217
217
217
217
217
217
217
217
217
217
217
217
217
217
217
217
217
217
217
217
217
217
217
217
217
217
217
217
217
217
217
217
217
216
216
216
216
216
216
216
216
216
216
216
216
216
216
216
216
216
216
216
216
216
216
216
216
216
216
216
216
216
216
216
216
216
216
216
216
216
216
216
216
216
216
216
216
216
216
216
216
216
216
216
216
216
216
216
216
216
216
216
216
216
216
216
216
216
216
216
216
215
215
215
215
215
215
215
215
215
215
215
215
215
215
215
215
215
215
215
215
215
215
215
215
215
215
215
215
215
215
215
215
215
215
215
215
215
215
215
215
215
215
215
215
215
215
215
215
215
215
215
215
215
215
215
215
215
215
214
214
214
214
214
214
214
214
214
214
214
214
214
214
214
214
214
214
214
214
214
214
214
214
214
214
214
214
214
214
214
214
214
214
214
214
214
214
214
214
214
214
214
214
214
214
214
214
214
214
214
214
214
214
214
214
214
214
214
214
214
214
213
213
213
213
213
213
213
213
213
213
213
213
213
213
213
213
213
213
213
213
213
213
213
213
213
213
213
213
213
213
213
213
213
213
213
213
213
213
213
213
213
213
213
213
213
213
213
213
213
213
212
212
212
212
212
212
212
212
212
212
212
212
212
212
212
212
212
212
212
212
212
212
212
212
212
212
212
212
212
212
212
212
212
212
212
212
212
212
212
212
212
212
212
212
212
212
212
212
212
212
212
212
212
212
212
212
212
211
211
211
211
211
211
211
211
211
211
211
211
211
211
211
211
211
211
211
211
211
211
211
211
211
211
211
211
211
211
211
211
211
211
211
211
211
211
211
211
211
211
211
211
211
211
211
211
211
211
211
211
211
211
211
211
211
211
211
211
211
211
211
211
211
211
211
210
210
210
210
210
210
210
210
210
210
210
210
210
210
210
210
210
210
210
210
210
210
210
210
210
210
210
210
210
210
210
210
210
210
210
210
210
210
210
210
210
210
210
210
210
210
210
210
210
210
210
210
210
210
210
210
210
210
209
209
209
209
209
209
209
209
209
209
209
209
209
209
209
209
209
209
209
209
209
209
209
209
209
209
209
209
209
209
209
209
209
209
209
209
209
209
209
209
209
209
209
209
209
209
209
209
209
209
209
209
209
209
209
209
209
209
209
209
209
209
209
209
209
209
209
209
209
209
208
208
208
208
208
208
208
208
208
208
208
208
208
208
208
208
208
208
208
208
208
208
208
208
208
208
208
208
208
208
208
208
208
208
208
208
208
208
208
208
208
208
208
208
208
208
208
208
208
208
208
208
208
208
208
208
208
208
208
208
208
208
208
208
208
208
208
208
208
208
208
208
208
208
208
208
208
208
208
207
207
207
207
207
207
207
207
207
207
207
207
207
207
207
207
207
207
207
207
207
207
207
207
207
207
207
207
207
207
207
207
207
207
207
207
207
207
207
207
207
207
207
207
207
207
207
207
207
207
207
207
207
207
207
207
207
207
207
207
207
207
207
207
207
207
207
207
207
207
207
207
207
207
206
206
206
206
206
206
206
206
206
206
206
206
206
206
206
206
206
206
206
206
206
206
206
206
206
206
206
206
206
206
206
206
206
206
206
206
206
206
206
206
206
206
206
206
206
206
206
206
206
206
206
206
206
206
206
206
206
206
206
206
206
206
206
206
206
206
206
206
206
206
206
206
206
205
205
205
205
205
205
205
205
205
205
205
205
205
205
205
205
205
205
205
205
205
205
205
205
205
205
205
205
205
205
205
205
205
205
205
205
205
205
205
205
205
205
205
205
205
205
205
205
205
205
205
205
205
205
205
205
205
205
205
205
205
205
205
205
205
205
205
205
205
205
205
205
205
205
205
205
205
205
205
205
205
204
204
204
204
204
204
204
204
204
204
204
204
204
204
204
204
204
204
204
204
204
204
204
204
204
204
204
204
204
204
204
204
204
204
204
204
204
204
204
204
204
204
204
204
204
204
204
204
204
204
204
204
204
204
204
204
204
204
204
204
204
204
204
204
204
204
204
204
203
203
203
203
203
203
203
203
203
203
203
203
203
203
203
203
203
203
203
203
203
203
203
203
203
203
203
203
203
203
203
203
203
203
203
203
203
203
203
203
203
203
203
203
203
203
203
203
203
203
203
203
203
203
203
203
203
203
203
203
203
203
203
202
202
202
202
202
202
202
202
202
202
202
202
202
202
202
202
202
202
202
202
202
202
202
202
202
202
202
202
202
202
202
202
202
202
202
202
202
202
202
202
202
202
202
202
202
202
202
202
202
202
202
202
202
202
202
202
202
202
202
202
202
202
202
202
202
202
202
201
201
201
201
201
201
201
201
201
201
201
201
201
201
201
201
201
201
201
201
201
201
201
201
201
201
201
201
201
201
201
201
201
201
201
201
201
201
201
201
201
201
201
201
201
201
201
201
201
201
201
201
201
201
201
201
201
201
201
201
201
201
201
201
201
201
201
201
201
201
201
201
201
201
200
200
200
200
200
200
200
200
200
200
200
200
200
200
200
200
200
200
200
200
200
200
200
200
200
200
200
200
200
200
200
200
200
200
200
200
200
200
200
200
200
200
200
200
200
200
200
200
200
200
200
200
200
200
200
200
200
200
199
199
199
199
199
199
199
199
199
199
199
199
199
199
199
199
199
199
199
199
199
199
199
199
199
199
199
199
199
199
199
199
199
199
199
199
199
199
199
199
199
199
199
199
199
199
199
199
199
199
199
199
199
199
199
199
199
199
199
199
199
199
199
199
199
199
199
199
199
199
199
198
198
198
198
198
198
198
198
198
198
198
198
198
198
198
198
198
198
198
198
198
198
198
198
198
198
198
198
198
198
198
198
198
198
198
198
198
198
198
198
198
198
198
198
198
198
198
198
198
198
198
198
198
198
198
198
198
198
198
198
198
198
198
198
198
198
198
198
198
198
198
198
198
198
198
198
198
198
198
197
197
197
197
197
197
197
197
197
197
197
197
197
197
197
197
197
197
197
197
197
197
197
197
197
197
197
197
197
197
197
197
197
197
197
197
197
197
197
197
197
197
197
197
197
197
197
197
197
197
197
197
197
197
197
197
197
197
197
197
197
197
197
197
197
197
197
197
197
197
197
197
197
197
197
197
197
197
197
197
197
197
197
196
196
196
196
196
196
196
196
196
196
196
196
196
196
196
196
196
196
196
196
196
196
196
196
196
196
196
196
196
196
196
196
196
196
196
196
196
196
196
196
196
196
196
196
196
196
196
196
196
196
196
196
196
196
196
196
196
196
196
196
196
196
196
196
196
196
196
196
196
196
196
196
196
196
196
196
196
195
195
195
195
195
195
195
195
195
195
195
195
195
195
195
195
195
195
195
195
195
195
195
195
195
195
195
195
195
195
195
195
195
195
195
195
195
195
195
195
195
195
195
195
195
195
195
195
195
195
195
195
195
195
195
195
195
195
195
195
195
194
194
194
194
194
194
194
194
194
194
194
194
194
194
194
194
194
194
194
194
194
194
194
194
194
194
194
194
194
194
194
194
194
194
194
194
194
194
194
194
194
194
194
194
194
194
194
194
194
194
194
194
194
194
194
194
194
194
194
194
194
194
194
194
194
194
194
194
194
194
194
194
194
194
194
194
194
194
194
194
194
194
193
193
193
193
193
193
193
193
193
193
193
193
193
193
193
193
193
193
193
193
193
193
193
193
193
193
193
193
193
193
193
193
193
193
193
193
193
193
193
193
193
193
193
193
193
193
193
193
193
193
193
193
193
193
193
193
193
193
193
193
193
193
193
193
193
193
193
193
193
193
193
193
193
193
193
193
193
193
192
192
192
192
192
192
192
192
192
192
192
192
192
192
192
192
192
192
192
192
192
192
192
192
192
192
192
192
192
192
192
192
192
192
192
192
192
192
192
192
192
192
192
192
192
192
192
192
192
192
192
192
192
192
192
192
192
192
192
192
192
192
192
192
192
192
192
192
192
192
192
192
192
192
192
192
192
192
192
191
191
191
191
191
191
191
191
191
191
191
191
191
191
191
191
191
191
191
191
191
191
191
191
191
191
191
191
191
191
191
191
191
191
191
191
191
191
191
191
191
191
191
191
191
191
191
191
191
191
191
191
191
191
191
191
191
191
191
191
191
191
191
191
191
191
191
191
191
191
191
191
191
191
191
191
191
191
191
191
190
190
190
190
190
190
190
190
190
190
190
190
190
190
190
190
190
190
190
190
190
190
190
190
190
190
190
190
190
190
190
190
190
190
190
190
190
190
190
190
190
190
190
190
190
190
190
190
190
190
190
190
190
190
190
190
190
190
190
190
190
190
190
190
190
190
190
190
190
190
190
190
190
190
189
189
189
189
189
189
189
189
189
189
189
189
189
189
189
189
189
189
189
189
189
189
189
189
189
189
189
189
189
189
189
189
189
189
189
189
189
189
189
189
189
189
189
189
189
189
189
189
189
189
189
189
189
189
189
189
189
189
189
189
189
189
189
189
189
188
188
188
188
188
188
188
188
188
188
188
188
188
188
188
188
188
188
188
188
188
188
188
188
188
188
188
188
188
188
188
188
188
188
188
188
188
188
188
188
188
188
188
188
188
188
188
188
188
188
188
188
188
188
188
188
188
188
188
188
188
188
188
188
188
188
188
188
188
188
188
188
188
188
188
188
188
188
188
188
188
188
188
188
188
188
188
188
188
188
188
188
188
188
188
188
188
188
187
187
187
187
187
187
187
187
187
187
187
187
187
187
187
187
187
187
187
187
187
187
187
187
187
187
187
187
187
187
187
187
187
187
187
187
187
187
187
187
187
187
187
187
187
187
187
187
187
187
187
187
187
187
187
187
187
187
187
187
187
187
187
187
187
187
187
187
186
186
186
186
186
186
186
186
186
186
186
186
186
186
186
186
186
186
186
186
186
186
186
186
186
186
186
186
186
186
186
186
186
186
186
186
186
186
186
186
186
186
186
186
186
186
186
186
186
186
186
186
186
186
186
186
186
186
186
186
186
186
186
186
186
186
185
185
185
185
185
185
185
185
185
185
185
185
185
185
185
185
185
185
185
185
185
185
185
185
185
185
185
185
185
185
185
185
185
185
185
185
185
185
185
185
185
185
185
185
185
185
185
185
185
185
185
185
185
185
185
185
185
185
185
185
185
185
185
185
185
185
185
185
185
185
185
185
185
185
185
184
184
184
184
184
184
184
184
184
184
184
184
184
184
184
184
184
184
184
184
184
184
184
184
184
184
184
184
184
184
184
184
184
184
184
184
184
184
184
184
184
184
184
184
184
184
184
184
184
184
184
184
184
184
184
184
184
184
184
184
184
184
184
184
184
184
184
184
184
184
184
184
184
184
184
184
184
184
184
184
184
184
183
183
183
183
183
183
183
183
183
183
183
183
183
183
183
183
183
183
183
183
183
183
183
183
183
183
183
183
183
183
183
183
183
183
183
183
183
183
183
183
183
183
183
183
183
183
183
183
183
183
183
183
183
183
183
183
183
183
183
183
183
183
183
183
183
183
183
183
183
183
183
183
183
183
183
183
183
183
183
183
183
183
183
183
183
183
183
183
183
183
183
182
182
182
182
182
182
182
182
182
182
182
182
182
182
182
182
182
182
182
182
182
182
182
182
182
182
182
182
182
182
182
182
182
182
182
182
182
182
182
182
182
182
182
182
182
182
182
182
182
182
182
182
182
182
182
182
182
182
182
182
182
182
182
182
182
182
182
182
182
182
182
182
182
182
182
182
182
182
182
182
181
181
181
181
181
181
181
181
181
181
181
181
181
181
181
181
181
181
181
181
181
181
181
181
181
181
181
181
181
181
181
181
181
181
181
181
181
181
181
181
181
181
181
181
181
181
181
181
181
181
181
181
181
181
181
181
181
181
181
181
181
181
181
181
181
181
181
181
181
181
181
181
181
181
181
181
181
181
181
181
181
181
181
181
181
181
181
181
181
181
181
181
180
180
180
180
180
180
180
180
180
180
180
180
180
180
180
180
180
180
180
180
180
180
180
180
180
180
180
180
180
180
180
180
180
180
180
180
180
180
180
180
180
180
180
180
180
180
180
180
180
180
180
180
180
180
180
180
180
180
180
180
180
180
180
180
180
180
180
180
180
180
180
180
180
180
180
180
180
180
180
180
180
180
179
179
179
179
179
179
179
179
179
179
179
179
179
179
179
179
179
179
179
179
179
179
179
179
179
179
179
179
179
179
179
179
179
179
179
179
179
179
179
179
179
179
179
179
179
179
179
179
179
179
179
179
179
179
179
179
179
179
179
179
179
179
179
179
179
179
179
179
179
179
179
179
179
179
179
179
179
179
179
179
178
178
178
178
178
178
178
178
178
178
178
178
178
178
178
178
178
178
178
178
178
178
178
178
178
178
178
178
178
178
178
178
178
178
178
178
178
178
178
178
178
178
178
178
178
178
178
178
178
178
178
178
178
178
178
178
178
178
178
178
178
178
178
178
178
178
178
178
178
178
178
178
178
178
178
178
178
178
178
178
178
178
178
178
177
177
177
177
177
177
177
177
177
177
177
177
177
177
177
177
177
177
177
177
177
177
177
177
177
177
177
177
177
177
177
177
177
177
177
177
177
177
177
177
177
177
177
177
177
177
177
177
177
177
177
177
177
177
177
177
177
177
177
177
177
177
177
177
177
177
177
177
177
177
177
177
177
177
177
177
177
177
177
177
177
177
177
177
177
177
177
177
177
177
177
177
176
176
176
176
176
176
176
176
176
176
176
176
176
176
176
176
176
176
176
176
176
176
176
176
176
176
176
176
176
176
176
176
176
176
176
176
176
176
176
176
176
176
176
176
176
176
176
176
176
176
176
176
176
176
176
176
176
176
176
176
176
176
176
176
176
176
176
176
176
176
176
176
176
176
176
176
176
176
176
176
176
176
176
176
176
176
176
176
175
175
175
175
175
175
175
175
175
175
175
175
175
175
175
175
175
175
175
175
175
175
175
175
175
175
175
175
175
175
175
175
175
175
175
175
175
175
175
175
175
175
175
175
175
175
175
175
175
175
175
175
175
175
175
175
175
175
175
175
175
175
175
175
175
175
175
175
175
175
175
175
175
175
175
175
174
174
174
174
174
174
174
174
174
174
174
174
174
174
174
174
174
174
174
174
174
174
174
174
174
174
174
174
174
174
174
174
174
174
174
174
174
174
174
174
174
174
174
174
174
174
174
174
174
174
174
174
174
174
174
174
174
174
174
174
174
174
174
174
174
174
174
174
174
174
174
174
174
174
174
174
174
174
174
174
174
174
174
174
174
174
174
174
174
174
174
174
174
174
174
174
174
174
174
174
174
174
174
174
174
173
173
173
173
173
173
173
173
173
173
173
173
173
173
173
173
173
173
173
173
173
173
173
173
173
173
173
173
173
173
173
173
173
173
173
173
173
173
173
173
173
173
173
173
173
173
173
173
173
173
173
173
173
173
173
173
173
173
173
173
173
173
173
173
173
173
173
173
173
173
173
173
173
173
173
173
173
173
173
173
173
173
173
173
173
173
173
173
173
173
173
173
173
173
173
173
173
173
173
173
173
173
173
172
172
172
172
172
172
172
172
172
172
172
172
172
172
172
172
172
172
172
172
172
172
172
172
172
172
172
172
172
172
172
172
172
172
172
172
172
172
172
172
172
172
172
172
172
172
172
172
172
172
172
172
172
172
172
172
172
172
172
172
172
172
172
172
172
172
172
172
172
172
172
172
172
172
172
172
172
172
172
172
172
172
172
172
172
172
172
172
172
172
171
171
171
171
171
171
171
171
171
171
171
171
171
171
171
171
171
171
171
171
171
171
171
171
171
171
171
171
171
171
171
171
171
171
171
171
171
171
171
171
171
171
171
171
171
171
171
171
171
171
171
171
171
171
171
171
171
171
171
171
171
171
171
171
171
171
171
171
171
171
171
171
171
171
171
171
171
171
171
171
171
171
171
171
171
171
171
171
171
171
171
170
170
170
170
170
170
170
170
170
170
170
170
170
170
170
170
170
170
170
170
170
170
170
170
170
170
170
170
170
170
170
170
170
170
170
170
170
170
170
170
170
170
170
170
170
170
170
170
170
170
170
170
170
170
170
170
170
170
170
170
170
170
170
170
170
170
170
170
170
170
170
170
170
170
170
170
170
170
170
170
170
170
170
169
169
169
169
169
169
169
169
169
169
169
169
169
169
169
169
169
169
169
169
169
169
169
169
169
169
169
169
169
169
169
169
169
169
169
169
169
169
169
169
169
169
169
169
169
169
169
169
169
169
169
169
169
169
169
169
169
169
169
169
169
169
169
169
169
169
169
169
169
169
169
169
169
169
169
169
169
169
169
169
169
169
169
169
169
169
169
168
168
168
168
168
168
168
168
168
168
168
168
168
168
168
168
168
168
168
168
168
168
168
168
168
168
168
168
168
168
168
168
168
168
168
168
168
168
168
168
168
168
168
168
168
168
168
168
168
168
168
168
168
168
168
168
168
168
168
168
168
168
168
168
168
168
168
168
168
168
168
168
168
168
168
168
168
168
168
168
168
168
168
168
168
168
168
168
168
168
168
168
168
168
168
167
167
167
167
167
167
167
167
167
167
167
167
167
167
167
167
167
167
167
167
167
167
167
167
167
167
167
167
167
167
167
167
167
167
167
167
167
167
167
167
167
167
167
167
167
167
167
167
167
167
167
167
167
167
167
167
167
167
167
167
167
167
167
167
167
167
167
167
167
167
167
167
167
167
167
167
167
167
167
167
167
167
167
167
167
167
167
167
167
167
167
166
166
166
166
166
166
166
166
166
166
166
166
166
166
166
166
166
166
166
166
166
166
166
166
166
166
166
166
166
166
166
166
166
166
166
166
166
166
166
166
166
166
166
166
166
166
166
166
166
166
166
166
166
166
166
166
166
166
166
166
166
166
166
166
166
166
166
166
166
166
166
166
166
166
166
166
166
166
166
166
166
166
166
166
165
165
165
165
165
165
165
165
165
165
165
165
165
165
165
165
165
165
165
165
165
165
165
165
165
165
165
165
165
165
165
165
165
165
165
165
165
165
165
165
165
165
165
165
165
165
165
165
165
165
165
165
165
165
165
165
165
165
165
165
165
165
165
165
165
165
165
165
165
165
165
165
165
165
165
165
165
165
165
165
165
165
165
165
165
165
165
165
165
165
165
165
165
165
165
165
165
165
165
165
165
165
165
164
164
164
164
164
164
164
164
164
164
164
164
164
164
164
164
164
164
164
164
164
164
164
164
164
164
164
164
164
164
164
164
164
164
164
164
164
164
164
164
164
164
164
164
164
164
164
164
164
164
164
164
164
164
164
164
164
164
164
164
164
164
164
164
164
164
164
164
164
164
164
164
164
164
164
164
164
164
164
164
164
164
164
164
164
164
164
164
164
164
164
164
164
164
164
164
164
164
164
164
164
164
164
163
163
163
163
163
163
163
163
163
163
163
163
163
163
163
163
163
163
163
163
163
163
163
163
163
163
163
163
163
163
163
163
163
163
163
163
163
163
163
163
163
163
163
163
163
163
163
163
163
163
163
163
163
163
163
163
163
163
163
163
163
163
163
163
163
163
163
163
163
163
163
163
163
163
163
163
163
163
163
163
163
163
163
163
163
163
163
163
163
163
163
163
163
163
163
163
162
162
162
162
162
162
162
162
162
162
162
162
162
162
162
162
162
162
162
162
162
162
162
162
162
162
162
162
162
162
162
162
162
162
162
162
162
162
162
162
162
162
162
162
162
162
162
162
162
162
162
162
162
162
162
162
162
162
162
162
162
162
162
162
162
162
162
162
162
162
162
162
162
162
162
162
162
162
162
162
162
162
162
162
162
162
162
162
162
162
162
162
162
162
162
162
162
162
162
162
162
162
162
162
162
162
162
162
162
162
162
162
162
162
162
162
162
162
162
162
162
162
162
162
162
162
162
162
161
161
161
161
161
161
161
161
161
161
161
161
161
161
161
161
161
161
161
161
161
161
161
161
161
161
161
161
161
161
161
161
161
161
161
161
161
161
161
161
161
161
161
161
161
161
161
161
161
161
161
161
161
161
161
161
161
161
161
161
161
161
161
161
161
161
161
161
161
161
161
161
161
161
161
161
161
161
161
161
161
161
161
161
160
160
160
160
160
160
160
160
160
160
160
160
160
160
160
160
160
160
160
160
160
160
160
160
160
160
160
160
160
160
160
160
160
160
160
160
160
160
160
160
160
160
160
160
160
160
160
160
160
160
160
160
160
160
160
160
160
160
160
160
160
160
160
160
160
160
160
160
160
160
160
160
160
160
160
160
160
160
160
160
160
160
160
160
160
160
159
159
159
159
159
159
159
159
159
159
159
159
159
159
159
159
159
159
159
159
159
159
159
159
159
159
159
159
159
159
159
159
159
159
159
159
159
159
159
159
159
159
159
159
159
159
159
159
159
159
159
159
159
159
159
159
159
159
159
159
159
159
159
159
159
159
159
159
159
159
159
159
159
159
159
159
159
159
159
159
159
159
159
159
159
159
159
159
159
159
159
159
158
158
158
158
158
158
158
158
158
158
158
158
158
158
158
158
158
158
158
158
158
158
158
158
158
158
158
158
158
158
158
158
158
158
158
158
158
158
158
158
158
158
158
158
158
158
158
158
158
158
158
158
158
158
158
158
158
158
158
158
158
158
158
158
158
158
158
158
158
158
158
158
158
158
158
158
158
158
158
158
158
158
158
158
158
158
158
158
158
158
158
158
157
157
157
157
157
157
157
157
157
157
157
157
157
157
157
157
157
157
157
157
157
157
157
157
157
157
157
157
157
157
157
157
157
157
157
157
157
157
157
157
157
157
157
157
157
157
157
157
157
157
157
157
157
157
157
157
157
157
157
157
157
157
157
157
157
157
157
157
157
157
157
157
157
157
157
157
157
157
157
157
157
157
157
157
157
157
157
157
157
157
157
157
157
157
157
157
157
157
156
156
156
156
156
156
156
156
156
156
156
156
156
156
156
156
156
156
156
156
156
156
156
156
156
156
156
156
156
156
156
156
156
156
156
156
156
156
156
156
156
156
156
156
156
156
156
156
156
156
156
156
156
156
156
156
156
156
156
156
156
156
156
156
156
156
156
156
156
156
156
156
156
156
156
156
156
156
156
156
156
156
156
156
156
156
156
156
156
155
155
155
155
155
155
155
155
155
155
155
155
155
155
155
155
155
155
155
155
155
155
155
155
155
155
155
155
155
155
155
155
155
155
155
155
155
155
155
155
155
155
155
155
155
155
155
155
155
155
155
155
155
155
155
155
155
155
155
155
155
155
155
155
155
155
155
155
155
155
155
155
155
155
155
155
155
155
155
155
155
155
155
155
155
155
155
155
155
155
155
155
155
155
155
155
155
155
155
155
155
155
155
155
154
154
154
154
154
154
154
154
154
154
154
154
154
154
154
154
154
154
154
154
154
154
154
154
154
154
154
154
154
154
154
154
154
154
154
154
154
154
154
154
154
154
154
154
154
154
154
154
154
154
154
154
154
154
154
154
154
154
154
154
154
154
154
154
154
154
154
154
154
154
154
154
154
154
154
154
154
154
154
154
154
154
154
154
154
154
154
154
154
154
154
154
154
154
154
154
154
154
154
154
154
154
154
154
154
154
154
154
154
154
154
154
154
154
154
154
153
153
153
153
153
153
153
153
153
153
153
153
153
153
153
153
153
153
153
153
153
153
153
153
153
153
153
153
153
153
153
153
153
153
153
153
153
153
153
153
153
153
153
153
153
153
153
153
153
153
153
153
153
153
153
153
153
153
153
153
153
153
153
153
153
153
153
153
153
153
153
153
153
153
153
153
153
153
153
153
153
153
153
153
153
153
153
153
153
153
153
153
153
153
153
153
153
152
152
152
152
152
152
152
152
152
152
152
152
152
152
152
152
152
152
152
152
152
152
152
152
152
152
152
152
152
152
152
152
152
152
152
152
152
152
152
152
152
152
152
152
152
152
152
152
152
152
152
152
152
152
152
152
152
152
152
152
152
152
152
152
152
152
152
152
152
152
152
152
152
152
152
152
152
152
152
152
152
152
152
152
152
152
152
152
152
152
152
152
152
152
152
152
152
152
152
152
152
152
152
152
152
151
151
151
151
151
151
151
151
151
151
151
151
151
151
151
151
151
151
151
151
151
151
151
151
151
151
151
151
151
151
151
151
151
151
151
151
151
151
151
151
151
151
151
151
151
151
151
151
151
151
151
151
151
151
151
151
151
151
151
151
151
151
151
151
151
151
151
151
151
151
151
151
151
151
151
151
151
151
151
151
151
151
151
151
151
151
151
151
151
151
151
151
151
151
151
151
151
151
151
151
151
151
151
151
151
151
151
151
151
151
151
151
151
150
150
150
150
150
150
150
150
150
150
150
150
150
150
150
150
150
150
150
150
150
150
150
150
150
150
150
150
150
150
150
150
150
150
150
150
150
150
150
150
150
150
150
150
150
150
150
150
150
150
150
150
150
150
150
150
150
150
150
150
150
150
150
150
150
150
150
150
150
150
150
150
150
150
150
150
150
150
150
150
150
150
150
150
150
150
150
150
150
150
150
150
149
149
149
149
149
149
149
149
149
149
149
149
149
149
149
149
149
149
149
149
149
149
149
149
149
149
149
149
149
149
149
149
149
149
149
149
149
149
149
149
149
149
149
149
149
149
149
149
149
149
149
149
149
149
149
149
149
149
149
149
149
149
149
149
149
149
149
149
149
149
149
149
149
149
149
149
149
149
149
149
149
149
149
149
149
149
149
149
149
149
149
149
149
149
149
149
149
149
149
149
149
149
149
149
149
149
149
149
149
149
149
149
149
149
148
148
148
148
148
148
148
148
148
148
148
148
148
148
148
148
148
148
148
148
148
148
148
148
148
148
148
148
148
148
148
148
148
148
148
148
148
148
148
148
148
148
148
148
148
148
148
148
148
148
148
148
148
148
148
148
148
148
148
148
148
148
148
148
148
148
148
148
148
148
148
148
148
148
148
148
148
148
148
148
148
148
148
148
148
148
148
148
148
148
148
148
148
148
148
148
148
148
148
148
148
148
148
148
148
148
148
148
148
148
148
147
147
147
147
147
147
147
147
147
147
147
147
147
147
147
147
147
147
147
147
147
147
147
147
147
147
147
147
147
147
147
147
147
147
147
147
147
147
147
147
147
147
147
147
147
147
147
147
147
147
147
147
147
147
147
147
147
147
147
147
147
147
147
147
147
147
147
147
147
147
147
147
147
147
147
147
147
147
147
147
147
147
147
147
147
147
147
147
147
147
147
147
147
147
147
147
147
147
147
147
147
147
147
147
147
146
146
146
146
146
146
146
146
146
146
146
146
146
146
146
146
146
146
146
146
146
146
146
146
146
146
146
146
146
146
146
146
146
146
146
146
146
146
146
146
146
146
146
146
146
146
146
146
146
146
146
146
146
146
146
146
146
146
146
146
146
146
146
146
146
146
146
146
146
146
146
146
146
146
146
146
146
146
146
146
146
146
146
146
146
146
146
146
146
146
146
146
146
146
146
146
146
146
146
145
145
145
145
145
145
145
145
145
145
145
145
145
145
145
145
145
145
145
145
145
145
145
145
145
145
145
145
145
145
145
145
145
145
145
145
145
145
145
145
145
145
145
145
145
145
145
145
145
145
145
145
145
145
145
145
145
145
145
145
145
145
145
145
145
145
145
145
145
145
145
145
145
145
145
145
145
145
145
145
145
145
145
145
145
145
145
145
145
145
145
145
145
145
145
145
145
145
145
145
145
145
144
144
144
144
144
144
144
144
144
144
144
144
144
144
144
144
144
144
144
144
144
144
144
144
144
144
144
144
144
144
144
144
144
144
144
144
144
144
144
144
144
144
144
144
144
144
144
144
144
144
144
144
144
144
144
144
144
144
144
144
144
144
144
144
144
144
144
144
144
144
144
144
144
144
144
144
144
144
144
144
144
144
144
144
144
144
144
144
144
144
144
144
144
144
144
144
144
144
144
144
144
144
144
144
144
144
144
144
144
144
144
144
144
144
144
144
144
144
144
144
144
143
143
143
143
143
143
143
143
143
143
143
143
143
143
143
143
143
143
143
143
143
143
143
143
143
143
143
143
143
143
143
143
143
143
143
143
143
143
143
143
143
143
143
143
143
143
143
143
143
143
143
143
143
143
143
143
143
143
143
143
143
143
143
143
143
143
143
143
143
143
143
143
143
143
143
143
143
143
143
143
143
143
143
143
143
143
143
143
143
143
143
143
143
143
143
143
143
143
143
143
143
143
143
143
143
143
143
142
142
142
142
142
142
142
142
142
142
142
142
142
142
142
142
142
142
142
142
142
142
142
142
142
142
142
142
142
142
142
142
142
142
142
142
142
142
142
142
142
142
142
142
142
142
142
142
142
142
142
142
142
142
142
142
142
142
142
142
142
142
142
142
142
142
142
142
142
142
142
142
142
142
142
142
142
142
142
142
142
142
142
142
142
142
142
142
142
142
142
142
142
142
142
142
142
142
142
142
142
142
142
142
142
142
141
141
141
141
141
141
141
141
141
141
141
141
141
141
141
141
141
141
141
141
141
141
141
141
141
141
141
141
141
141
141
141
141
141
141
141
141
141
141
141
141
141
141
141
141
141
141
141
141
141
141
141
141
141
141
141
141
141
141
141
141
141
141
141
141
141
141
141
141
141
141
141
141
141
141
141
141
141
141
141
141
141
141
141
141
141
141
141
141
141
141
141
141
141
141
141
141
141
141
141
141
140
140
140
140
140
140
140
140
140
140
140
140
140
140
140
140
140
140
140
140
140
140
140
140
140
140
140
140
140
140
140
140
140
140
140
140
140
140
140
140
140
140
140
140
140
140
140
140
140
140
140
140
140
140
140
140
140
140
140
140
140
140
140
140
140
140
140
140
140
140
140
140
140
140
140
140
140
140
140
140
140
140
140
140
140
140
140
140
140
140
140
140
140
140
140
140
140
140
140
140
140
140
140
139
139
139
139
139
139
139
139
139
139
139
139
139
139
139
139
139
139
139
139
139
139
139
139
139
139
139
139
139
139
139
139
139
139
139
139
139
139
139
139
139
139
139
139
139
139
139
139
139
139
139
139
139
139
139
139
139
139
139
139
139
139
139
139
139
139
139
139
139
139
139
139
139
139
139
139
139
139
139
139
139
139
139
139
139
139
139
139
139
139
139
139
139
139
139
139
139
139
139
139
139
139
139
139
139
139
139
139
139
139
139
139
139
139
139
139
139
139
139
139
139
139
139
139
139
138
138
138
138
138
138
138
138
138
138
138
138
138
138
138
138
138
138
138
138
138
138
138
138
138
138
138
138
138
138
138
138
138
138
138
138
138
138
138
138
138
138
138
138
138
138
138
138
138
138
138
138
138
138
138
138
138
138
138
138
138
138
138
138
138
138
138
138
138
138
138
138
138
138
138
138
138
138
138
138
138
138
138
138
138
138
138
138
138
138
138
138
138
138
138
138
138
138
138
138
138
138
138
138
138
138
138
138
138
138
138
138
138
138
138
138
138
138
138
138
138
138
138
138
138
138
138
138
138
137
137
137
137
137
137
137
137
137
137
137
137
137
137
137
137
137
137
137
137
137
137
137
137
137
137
137
137
137
137
137
137
137
137
137
137
137
137
137
137
137
137
137
137
137
137
137
137
137
137
137
137
137
137
137
137
137
137
137
137
137
137
137
137
137
137
137
137
137
137
137
137
137
137
137
137
137
137
137
137
137
137
137
137
137
137
137
137
137
137
137
137
137
137
137
137
137
137
137
137
137
137
137
137
137
137
137
137
137
137
137
137
137
137
137
137
137
137
137
137
137
137
137
137
137
137
137
137
137
137
137
137
137
137
137
137
137
136
136
136
136
136
136
136
136
136
136
136
136
136
136
136
136
136
136
136
136
136
136
136
136
136
136
136
136
136
136
136
136
136
136
136
136
136
136
136
136
136
136
136
136
136
136
136
136
136
136
136
136
136
136
136
136
136
136
136
136
136
136
136
136
136
136
136
136
136
136
136
136
136
136
136
136
136
136
136
136
136
136
136
136
136
136
136
136
136
136
136
136
136
136
136
136
136
136
136
136
136
136
136
136
136
136
136
135
135
135
135
135
135
135
135
135
135
135
135
135
135
135
135
135
135
135
135
135
135
135
135
135
135
135
135
135
135
135
135
135
135
135
135
135
135
135
135
135
135
135
135
135
135
135
135
135
135
135
135
135
135
135
135
135
135
135
135
135
135
135
135
135
135
135
135
135
135
135
135
135
135
135
135
135
135
135
135
135
135
135
135
135
135
135
135
135
135
135
135
135
135
135
135
135
135
135
135
135
135
134
134
134
134
134
134
134
134
134
134
134
134
134
134
134
134
134
134
134
134
134
134
134
134
134
134
134
134
134
134
134
134
134
134
134
134
134
134
134
134
134
134
134
134
134
134
134
134
134
134
134
134
134
134
134
134
134
134
134
134
134
134
134
134
134
134
134
134
134
134
134
134
134
134
134
134
134
134
134
134
134
134
134
134
134
134
134
134
134
134
134
134
134
134
134
134
134
134
134
134
134
134
134
134
134
134
134
134
134
134
134
134
134
134
134
134
134
134
134
134
134
134
134
134
134
134
134
134
134
134
134
134
134
134
134
134
134
134
134
134
134
134
134
133
133
133
133
133
133
133
133
133
133
133
133
133
133
133
133
133
133
133
133
133
133
133
133
133
133
133
133
133
133
133
133
133
133
133
133
133
133
133
133
133
133
133
133
133
133
133
133
133
133
133
133
133
133
133
133
133
133
133
133
133
133
133
133
133
133
133
133
133
133
133
133
133
133
133
133
133
133
133
133
133
133
133
133
133
133
133
133
133
133
133
133
133
133
133
133
133
133
133
133
133
133
133
133
133
133
133
133
133
133
133
133
133
133
133
133
132
132
132
132
132
132
132
132
132
132
132
132
132
132
132
132
132
132
132
132
132
132
132
132
132
132
132
132
132
132
132
132
132
132
132
132
132
132
132
132
132
132
132
132
132
132
132
132
132
132
132
132
132
132
132
132
132
132
132
132
132
132
132
132
132
132
132
132
132
132
132
132
132
132
132
132
132
132
132
132
132
132
132
132
132
132
132
132
132
132
132
132
132
132
132
132
132
132
132
132
132
132
132
132
132
132
132
132
132
132
132
132
132
132
132
132
132
132
132
132
132
132
132
132
132
132
132
132
132
132
132
132
132
132
131
131
131
131
131
131
131
131
131
131
131
131
131
131
131
131
131
131
131
131
131
131
131
131
131
131
131
131
131
131
131
131
131
131
131
131
131
131
131
131
131
131
131
131
131
131
131
131
131
131
131
131
131
131
131
131
131
131
131
131
131
131
131
131
131
131
131
131
131
131
131
131
131
131
131
131
131
131
131
131
131
131
131
131
131
131
131
131
131
131
131
131
131
131
131
131
131
131
131
131
131
131
131
131
131
131
131
131
131
131
131
131
131
131
131
131
131
131
131
131
131
131
131
131
131
131
131
131
131
131
131
131
130
130
130
130
130
130
130
130
130
130
130
130
130
130
130
130
130
130
130
130
130
130
130
130
130
130
130
130
130
130
130
130
130
130
130
130
130
130
130
130
130
130
130
130
130
130
130
130
130
130
130
130
130
130
130
130
130
130
130
130
130
130
130
130
130
130
130
130
130
130
130
130
130
130
130
130
130
130
130
130
130
130
130
130
130
130
130
130
130
130
130
130
130
130
130
130
130
130
130
130
130
130
130
130
130
130
130
130
130
130
130
129
129
129
129
129
129
129
129
129
129
129
129
129
129
129
129
129
129
129
129
129
129
129
129
129
129
129
129
129
129
129
129
129
129
129
129
129
129
129
129
129
129
129
129
129
129
129
129
129
129
129
129
129
129
129
129
129
129
129
129
129
129
129
129
129
129
129
129
129
129
129
129
129
129
129
129
129
129
129
129
129
129
129
129
129
129
129
129
129
129
129
129
129
129
129
129
129
129
129
129
129
129
129
129
129
129
129
129
129
129
129
129
129
129
129
129
129
129
129
129
128
128
128
128
128
128
128
128
128
128
128
128
128
128
128
128
128
128
128
128
128
128
128
128
128
128
128
128
128
128
128
128
128
128
128
128
128
128
128
128
128
128
128
128
128
128
128
128
128
128
128
128
128
128
128
128
128
128
128
128
128
128
128
128
128
128
128
128
128
128
128
128
128
128
128
128
128
128
128
128
128
128
128
128
128
128
128
128
128
128
128
128
128
128
128
128
128
128
128
128
128
128
128
128
128
128
128
128
128
128
128
128
128
128
128
128
128
128
128
128
128
128
128
128
128
128
128
128
128
128
128
128
128
128
127
127
127
127
127
127
127
127
127
127
127
127
127
127
127
127
127
127
127
127
127
127
127
127
127
127
127
127
127
127
127
127
127
127
127
127
127
127
127
127
127
127
127
127
127
127
127
127
127
127
127
127
127
127
127
127
127
127
127
127
127
127
127
127
127
127
127
127
127
127
127
127
127
127
127
127
127
127
127
127
127
127
127
127
127
127
127
127
127
127
127
127
127
127
127
127
127
127
127
127
127
127
127
127
127
127
127
127
127
127
127
127
127
127
127
127
127
127
127
127
127
127
127
127
127
126
126
126
126
126
126
126
126
126
126
126
126
126
126
126
126
126
126
126
126
126
126
126
126
126
126
126
126
126
126
126
126
126
126
126
126
126
126
126
126
126
126
126
126
126
126
126
126
126
126
126
126
126
126
126
126
126
126
126
126
126
126
126
126
126
126
126
126
126
126
126
126
126
126
126
126
126
126
126
126
126
126
126
126
126
126
126
126
126
126
126
126
126
126
126
126
126
126
126
126
126
126
126
126
126
126
126
126
126
126
126
126
126
126
126
126
126
126
126
126
126
126
126
126
125
125
125
125
125
125
125
125
125
125
125
125
125
125
125
125
125
125
125
125
125
125
125
125
125
125
125
125
125
125
125
125
125
125
125
125
125
125
125
125
125
125
125
125
125
125
125
125
125
125
125
125
125
125
125
125
125
125
125
125
125
125
125
125
125
125
125
125
125
125
125
125
125
125
125
125
125
125
125
125
125
125
125
125
125
125
125
125
125
125
125
125
125
125
125
125
125
125
125
125
125
125
125
125
125
125
125
125
125
125
125
125
125
125
125
125
125
125
125
125
125
125
125
125
125
124
124
124
124
124
124
124
124
124
124
124
124
124
124
124
124
124
124
124
124
124
124
124
124
124
124
124
124
124
124
124
124
124
124
124
124
124
124
124
124
124
124
124
124
124
124
124
124
124
124
124
124
124
124
124
124
124
124
124
124
124
124
124
124
124
124
124
124
124
124
124
124
124
124
124
124
124
124
124
124
124
124
124
124
124
124
124
124
124
124
124
124
124
124
124
124
124
124
124
124
124
124
124
124
124
124
124
124
124
124
124
124
124
124
124
124
124
124
124
124
124
124
124
124
124
124
124
124
124
124
124
124
124
123
123
123
123
123
123
123
123
123
123
123
123
123
123
123
123
123
123
123
123
123
123
123
123
123
123
123
123
123
123
123
123
123
123
123
123
123
123
123
123
123
123
123
123
123
123
123
123
123
123
123
123
123
123
123
123
123
123
123
123
123
123
123
123
123
123
123
123
123
123
123
123
123
123
123
123
123
123
123
123
123
123
123
123
123
123
123
123
123
123
123
123
123
123
123
123
123
123
123
123
123
123
123
123
123
123
123
123
123
123
123
123
123
123
123
123
123
123
123
123
123
123
123
122
122
122
122
122
122
122
122
122
122
122
122
122
122
122
122
122
122
122
122
122
122
122
122
122
122
122
122
122
122
122
122
122
122
122
122
122
122
122
122
122
122
122
122
122
122
122
122
122
122
122
122
122
122
122
122
122
122
122
122
122
122
122
122
122
122
122
122
122
122
122
122
122
122
122
122
122
122
122
122
122
122
122
122
122
122
122
122
122
122
122
122
122
122
122
122
122
122
122
122
122
122
122
122
122
122
122
122
122
122
122
122
122
122
122
122
122
122
122
122
122
122
122
122
122
122
122
122
122
122
122
122
122
122
122
122
122
122
122
121
121
121
121
121
121
121
121
121
121
121
121
121
121
121
121
121
121
121
121
121
121
121
121
121
121
121
121
121
121
121
121
121
121
121
121
121
121
121
121
121
121
121
121
121
121
121
121
121
121
121
121
121
121
121
121
121
121
121
121
121
121
121
121
121
121
121
121
121
121
121
121
121
121
121
121
121
121
121
121
121
121
121
121
121
121
121
121
121
121
121
121
121
121
121
121
121
121
121
121
121
121
121
121
121
121
121
121
121
121
121
121
121
121
121
121
121
121
121
121
121
121
121
121
121
120
120
120
120
120
120
120
120
120
120
120
120
120
120
120
120
120
120
120
120
120
120
120
120
120
120
120
120
120
120
120
120
120
120
120
120
120
120
120
120
120
120
120
120
120
120
120
120
120
120
120
120
120
120
120
120
120
120
120
120
120
120
120
120
120
120
120
120
120
120
120
120
120
120
120
120
120
120
120
120
120
120
120
120
120
120
120
120
120
120
120
120
120
120
120
120
120
120
120
120
120
120
120
120
120
120
120
120
120
120
120
120
120
120
120
120
120
120
120
120
120
120
120
120
120
120
120
120
120
120
120
120
120
120
120
120
120
120
120
120
120
120
120
120
120
120
120
120
120
120
120
120
120
120
119
119
119
119
119
119
119
119
119
119
119
119
119
119
119
119
119
119
119
119
119
119
119
119
119
119
119
119
119
119
119
119
119
119
119
119
119
119
119
119
119
119
119
119
119
119
119
119
119
119
119
119
119
119
119
119
119
119
119
119
119
119
119
119
119
119
119
119
119
119
119
119
119
119
119
119
119
119
119
119
119
119
119
119
119
119
119
119
119
119
119
119
119
119
119
119
119
119
119
119
119
119
119
119
119
119
119
119
119
119
119
119
119
119
119
119
119
119
119
119
119
119
119
119
119
119
119
119
119
118
118
118
118
118
118
118
118
118
118
118
118
118
118
118
118
118
118
118
118
118
118
118
118
118
118
118
118
118
118
118
118
118
118
118
118
118
118
118
118
118
118
118
118
118
118
118
118
118
118
118
118
118
118
118
118
118
118
118
118
118
118
118
118
118
118
118
118
118
118
118
118
118
118
118
118
118
118
118
118
118
118
118
118
118
118
118
118
118
118
118
118
118
118
118
118
118
118
118
118
118
118
118
118
118
118
118
118
118
118
118
118
118
118
118
118
118
118
118
118
118
118
118
118
118
118
118
118
118
118
118
118
118
118
118
118
118
118
118
118
118
118
118
117
117
117
117
117
117
117
117
117
117
117
117
117
117
117
117
117
117
117
117
117
117
117
117
117
117
117
117
117
117
117
117
117
117
117
117
117
117
117
117
117
117
117
117
117
117
117
117
117
117
117
117
117
117
117
117
117
117
117
117
117
117
117
117
117
117
117
117
117
117
117
117
117
117
117
117
117
117
117
117
117
117
117
117
117
117
117
117
117
117
117
117
117
117
117
117
117
117
117
117
117
117
117
117
117
117
117
117
117
117
117
117
117
117
117
117
117
116
116
116
116
116
116
116
116
116
116
116
116
116
116
116
116
116
116
116
116
116
116
116
116
116
116
116
116
116
116
116
116
116
116
116
116
116
116
116
116
116
116
116
116
116
116
116
116
116
116
116
116
116
116
116
116
116
116
116
116
116
116
116
116
116
116
116
116
116
116
116
116
116
116
116
116
116
116
116
116
116
116
116
116
116
116
116
116
116
116
116
116
116
116
116
116
116
116
116
116
116
116
116
116
116
116
116
116
116
116
116
116
116
116
116
116
116
116
116
116
116
116
116
116
116
116
116
116
116
116
116
115
115
115
115
115
115
115
115
115
115
115
115
115
115
115
115
115
115
115
115
115
115
115
115
115
115
115
115
115
115
115
115
115
115
115
115
115
115
115
115
115
115
115
115
115
115
115
115
115
115
115
115
115
115
115
115
115
115
115
115
115
115
115
115
115
115
115
115
115
115
115
115
115
115
115
115
115
115
115
115
115
115
115
115
115
115
115
115
115
115
115
115
115
115
115
115
115
115
115
115
115
115
115
115
115
115
115
115
115
115
115
115
115
115
115
115
115
115
115
115
115
115
115
115
115
115
115
115
115
115
115
115
115
115
114
114
114
114
114
114
114
114
114
114
114
114
114
114
114
114
114
114
114
114
114
114
114
114
114
114
114
114
114
114
114
114
114
114
114
114
114
114
114
114
114
114
114
114
114
114
114
114
114
114
114
114
114
114
114
114
114
114
114
114
114
114
114
114
114
114
114
114
114
114
114
114
114
114
114
114
114
114
114
114
114
114
114
114
114
114
114
114
114
114
114
114
114
114
114
114
114
114
114
114
114
114
114
114
114
114
114
114
114
114
114
114
114
114
114
114
114
114
114
114
114
114
114
114
114
114
114
114
114
114
114
113
113
113
113
113
113
113
113
113
113
113
113
113
113
113
113
113
113
113
113
113
113
113
113
113
113
113
113
113
113
113
113
113
113
113
113
113
113
113
113
113
113
113
113
113
113
113
113
113
113
113
113
113
113
113
113
113
113
113
113
113
113
113
113
113
113
113
113
113
113
113
113
113
113
113
113
113
113
113
113
113
113
113
113
113
113
113
113
113
113
113
113
113
113
113
113
113
113
113
113
113
113
113
113
113
113
113
113
113
113
113
113
113
113
113
113
113
113
113
113
113
113
113
113
113
113
113
113
113
113
113
113
113
113
113
113
113
113
113
113
113
113
113
113
113
113
112
112
112
112
112
112
112
112
112
112
112
112
112
112
112
112
112
112
112
112
112
112
112
112
112
112
112
112
112
112
112
112
112
112
112
112
112
112
112
112
112
112
112
112
112
112
112
112
112
112
112
112
112
112
112
112
112
112
112
112
112
112
112
112
112
112
112
112
112
112
112
112
112
112
112
112
112
112
112
112
112
112
112
112
112
112
112
112
112
112
112
112
112
112
112
112
112
112
112
112
112
112
112
112
112
112
112
112
112
112
112
112
112
112
112
112
112
112
112
112
112
112
112
112
112
112
112
112
112
112
112
112
112
112
112
112
112
112
112
112
112
112
112
112
112
112
112
112
112
112
112
112
112
112
112
112
112
112
112
112
112
112
112
112
111
111
111
111
111
111
111
111
111
111
111
111
111
111
111
111
111
111
111
111
111
111
111
111
111
111
111
111
111
111
111
111
111
111
111
111
111
111
111
111
111
111
111
111
111
111
111
111
111
111
111
111
111
111
111
111
111
111
111
111
111
111
111
111
111
111
111
111
111
111
111
111
111
111
111
111
111
111
111
111
111
111
111
111
111
111
111
111
111
111
111
111
111
111
111
111
111
111
111
111
111
111
111
111
111
111
111
111
111
111
111
111
111
111
111
111
111
111
111
111
111
111
111
111
111
111
111
111
110
110
110
110
110
110
110
110
110
110
110
110
110
110
110
110
110
110
110
110
110
110
110
110
110
110
110
110
110
110
110
110
110
110
110
110
110
110
110
110
110
110
110
110
110
110
110
110
110
110
110
110
110
110
110
110
110
110
110
110
110
110
110
110
110
110
110
110
110
110
110
110
110
110
110
110
110
110
110
110
110
110
110
110
110
110
110
110
110
110
110
110
110
110
110
110
110
110
110
110
110
110
110
110
110
110
110
110
110
110
110
110
110
110
110
110
110
110
110
110
110
110
110
110
110
110
110
110
110
110
110
110
110
110
110
110
110
110
110
110
110
110
110
110
110
110
110
110
110
110
110
110
110
110
110
109
109
109
109
109
109
109
109
109
109
109
109
109
109
109
109
109
109
109
109
109
109
109
109
109
109
109
109
109
109
109
109
109
109
109
109
109
109
109
109
109
109
109
109
109
109
109
109
109
109
109
109
109
109
109
109
109
109
109
109
109
109
109
109
109
109
109
109
109
109
109
109
109
109
109
109
109
109
109
109
109
109
109
109
109
109
109
109
109
109
109
109
109
109
109
109
109
109
109
109
109
109
109
109
109
109
109
109
109
109
109
109
109
109
109
109
109
109
109
109
109
109
109
109
109
109
109
109
109
109
108
108
108
108
108
108
108
108
108
108
108
108
108
108
108
108
108
108
108
108
108
108
108
108
108
108
108
108
108
108
108
108
108
108
108
108
108
108
108
108
108
108
108
108
108
108
108
108
108
108
108
108
108
108
108
108
108
108
108
108
108
108
108
108
108
108
108
108
108
108
108
108
108
108
108
108
108
108
108
108
108
108
108
108
108
108
108
108
108
108
108
108
108
108
108
108
108
108
108
108
108
108
108
108
108
108
108
108
108
108
108
108
108
108
108
108
108
108
108
108
108
108
108
108
108
108
108
108
108
108
108
108
107
107
107
107
107
107
107
107
107
107
107
107
107
107
107
107
107
107
107
107
107
107
107
107
107
107
107
107
107
107
107
107
107
107
107
107
107
107
107
107
107
107
107
107
107
107
107
107
107
107
107
107
107
107
107
107
107
107
107
107
107
107
107
107
107
107
107
107
107
107
107
107
107
107
107
107
107
107
107
107
107
107
107
107
107
107
107
107
107
107
107
107
107
107
107
107
107
107
107
107
107
107
107
107
107
107
107
107
107
107
107
107
107
107
107
107
107
107
107
107
107
107
107
107
107
107
107
107
107
107
107
107
107
107
107
107
107
107
107
107
107
107
107
107
107
107
107
107
107
107
107
107
107
107
107
106
106
106
106
106
106
106
106
106
106
106
106
106
106
106
106
106
106
106
106
106
106
106
106
106
106
106
106
106
106
106
106
106
106
106
106
106
106
106
106
106
106
106
106
106
106
106
106
106
106
106
106
106
106
106
106
106
106
106
106
106
106
106
106
106
106
106
106
106
106
106
106
106
106
106
106
106
106
106
106
106
106
106
106
106
106
106
106
106
106
106
106
106
106
106
106
106
106
106
106
106
106
106
106
106
106
106
106
106
106
106
106
106
106
106
106
106
106
106
106
106
106
106
106
106
106
106
106
106
106
106
106
106
106
106
106
106
106
106
106
106
106
106
105
105
105
105
105
105
105
105
105
105
105
105
105
105
105
105
105
105
105
105
105
105
105
105
105
105
105
105
105
105
105
105
105
105
105
105
105
105
105
105
105
105
105
105
105
105
105
105
105
105
105
105
105
105
105
105
105
105
105
105
105
105
105
105
105
105
105
105
105
105
105
105
105
105
105
105
105
105
105
105
105
105
105
105
105
105
105
105
105
105
105
105
105
105
105
105
105
105
105
105
105
105
105
105
105
105
105
105
105
105
105
105
105
105
105
105
105
105
105
105
105
105
105
105
105
105
105
105
105
105
105
105
105
105
105
105
105
105
105
105
105
105
105
105
105
105
105
105
105
105
105
105
105
105
105
105
105
105
105
105
105
105
105
105
105
105
105
104
104
104
104
104
104
104
104
104
104
104
104
104
104
104
104
104
104
104
104
104
104
104
104
104
104
104
104
104
104
104
104
104
104
104
104
104
104
104
104
104
104
104
104
104
104
104
104
104
104
104
104
104
104
104
104
104
104
104
104
104
104
104
104
104
104
104
104
104
104
104
104
104
104
104
104
104
104
104
104
104
104
104
104
104
104
104
104
104
104
104
104
104
104
104
104
104
104
104
104
104
104
104
104
104
104
104
104
104
104
104
104
104
104
104
104
104
104
104
104
104
104
104
104
104
104
104
104
104
104
104
104
104
104
104
104
104
104
104
104
104
104
104
104
104
104
104
104
104
104
104
104
104
104
104
104
104
103
103
103
103
103
103
103
103
103
103
103
103
103
103
103
103
103
103
103
103
103
103
103
103
103
103
103
103
103
103
103
103
103
103
103
103
103
103
103
103
103
103
103
103
103
103
103
103
103
103
103
103
103
103
103
103
103
103
103
103
103
103
103
103
103
103
103
103
103
103
103
103
103
103
103
103
103
103
103
103
103
103
103
103
103
103
103
103
103
103
103
103
103
103
103
103
103
103
103
103
103
103
103
103
103
103
103
103
103
103
103
103
103
103
103
103
103
103
103
103
103
103
103
103
103
103
103
103
103
103
103
103
103
103
103
103
103
103
103
103
103
103
103
103
103
103
103
103
103
103
103
103
103
103
103
103
103
103
103
103
103
103
103
103
103
103
103
103
103
103
103
103
103
103
103
103
103
103
103
103
103
102
102
102
102
102
102
102
102
102
102
102
102
102
102
102
102
102
102
102
102
102
102
102
102
102
102
102
102
102
102
102
102
102
102
102
102
102
102
102
102
102
102
102
102
102
102
102
102
102
102
102
102
102
102
102
102
102
102
102
102
102
102
102
102
102
102
102
102
102
102
102
102
102
102
102
102
102
102
102
102
102
102
102
102
102
102
102
102
102
102
102
102
102
102
102
102
102
102
102
102
102
102
102
102
102
102
102
102
102
102
102
102
102
102
102
102
102
102
102
102
102
102
102
102
102
102
102
102
102
102
102
102
102
102
102
102
102
102
102
102
102
102
102
102
102
102
102
102
102
102
102
102
102
102
102
102
102
102
101
101
101
101
101
101
101
101
101
101
101
101
101
101
101
101
101
101
101
101
101
101
101
101
101
101
101
101
101
101
101
101
101
101
101
101
101
101
101
101
101
101
101
101
101
101
101
101
101
101
101
101
101
101
101
101
101
101
101
101
101
101
101
101
101
101
101
101
101
101
101
101
101
101
101
101
101
101
101
101
101
101
101
101
101
101
101
101
101
101
101
101
101
101
101
101
101
101
101
101
101
101
101
101
101
101
101
101
101
101
101
101
101
101
101
101
101
101
101
101
101
101
101
101
101
101
101
101
101
101
101
101
101
101
101
101
101
101
101
101
101
101
101
101
101
101
101
101
101
100
100
100
100
100
100
100
100
100
100
100
100
100
100
100
100
100
100
100
100
100
100
100
100
100
100
100
100
100
100
100
100
100
100
100
100
100
100
100
100
100
100
100
100
100
100
100
100
100
100
100
100
100
100
100
100
100
100
100
100
100
100
100
100
100
100
100
100
100
100
100
100
100
100
100
100
100
100
100
100
100
100
100
100
100
100
100
100
100
100
100
100
100
100
100
100
100
100
100
100
100
100
100
100
100
100
100
100
100
100
100
100
100
100
100
100
100
100
100
100
100
100
100
100
100
100
100
100
100
100
100
100
100
100
100
100
100
100
100
100
100
100
100
100
100
100
100
100
100
100
100
100
100
100
100
100
100
100
100
100
100
99
99
99
99
99
99
99
99
99
99
99
99
99
99
99
99
99
99
99
99
99
99
99
99
99
99
99
99
99
99
99
99
99
99
99
99
99
99
99
99
99
99
99
99
99
99
99
99
99
99
99
99
99
99
99
99
99
99
99
99
99
99
99
99
99
99
99
99
99
99
99
99
99
99
99
99
99
99
99
99
99
99
99
99
99
99
99
99
99
99
99
99
99
99
99
99
99
99
99
99
99
99
99
99
99
99
99
99
99
99
99
99
99
99
99
99
99
99
99
99
99
99
99
99
99
99
99
99
99
99
99
99
99
99
99
99
99
99
99
99
99
99
99
99
99
99
99
99
99
99
99
99
99
99
99
99
99
99
99
99
99
99
99
99
99
99
99
99
99
99
99
98
98
98
98
98
98
98
98
98
98
98
98
98
98
98
98
98
98
98
98
98
98
98
98
98
98
98
98
98
98
98
98
98
98
98
98
98
98
98
98
98
98
98
98
98
98
98
98
98
98
98
98
98
98
98
98
98
98
98
98
98
98
98
98
98
98
98
98
98
98
98
98
98
98
98
98
98
98
98
98
98
98
98
98
98
98
98
98
98
98
98
98
98
98
98
98
98
98
98
98
98
98
98
98
98
98
98
98
98
98
98
98
98
98
98
98
98
98
98
98
98
98
98
98
98
98
98
98
98
98
98
98
98
98
98
98
98
98
98
98
98
98
98
98
98
98
98
98
98
98
98
98
98
98
98
98
98
98
98
98
98
98
98
98
98
98
98
98
98
98
98
98
98
98
98
98
98
98
98
98
98
97
97
97
97
97
97
97
97
97
97
97
97
97
97
97
97
97
97
97
97
97
97
97
97
97
97
97
97
97
97
97
97
97
97
97
97
97
97
97
97
97
97
97
97
97
97
97
97
97
97
97
97
97
97
97
97
97
97
97
97
97
97
97
97
97
97
97
97
97
97
97
97
97
97
97
97
97
97
97
97
97
97
97
97
97
97
97
97
97
97
97
97
97
97
97
97
97
97
97
97
97
97
97
97
97
97
97
97
97
97
97
97
97
97
97
97
97
97
97
97
97
97
97
97
97
97
97
97
97
97
97
97
97
97
97
97
97
97
97
97
97
97
97
97
97
97
97
97
97
97
97
97
97
97
97
97
97
97
97
97
97
97
97
97
97
97
97
97
97
97
97
97
96
96
96
96
96
96
96
96
96
96
96
96
96
96
96
96
96
96
96
96
96
96
96
96
96
96
96
96
96
96
96
96
96
96
96
96
96
96
96
96
96
96
96
96
96
96
96
96
96
96
96
96
96
96
96
96
96
96
96
96
96
96
96
96
96
96
96
96
96
96
96
96
96
96
96
96
96
96
96
96
96
96
96
96
96
96
96
96
96
96
96
96
96
96
96
96
96
96
96
96
96
96
96
96
96
96
96
96
96
96
96
96
96
96
96
96
96
96
96
96
96
96
96
96
96
96
96
96
96
96
96
96
96
96
96
96
96
96
96
96
96
96
96
96
95
95
95
95
95
95
95
95
95
95
95
95
95
95
95
95
95
95
95
95
95
95
95
95
95
95
95
95
95
95
95
95
95
95
95
95
95
95
95
95
95
95
95
95
95
95
95
95
95
95
95
95
95
95
95
95
95
95
95
95
95
95
95
95
95
95
95
95
95
95
95
95
95
95
95
95
95
95
95
95
95
95
95
95
95
95
95
95
95
95
95
95
95
95
95
95
95
95
95
95
95
95
95
95
95
95
95
95
95
95
95
95
95
95
95
95
95
95
95
95
95
95
95
95
95
95
95
95
95
95
95
95
95
95
95
95
95
95
95
95
95
95
95
95
95
95
95
95
95
95
95
95
95
95
95
95
95
95
95
95
95
95
95
95
95
95
95
95
95
95
95
94
94
94
94
94
94
94
94
94
94
94
94
94
94
94
94
94
94
94
94
94
94
94
94
94
94
94
94
94
94
94
94
94
94
94
94
94
94
94
94
94
94
94
94
94
94
94
94
94
94
94
94
94
94
94
94
94
94
94
94
94
94
94
94
94
94
94
94
94
94
94
94
94
94
94
94
94
94
94
94
94
94
94
94
94
94
94
94
94
94
94
94
94
94
94
94
94
94
94
94
94
94
94
94
94
94
94
94
94
94
94
94
94
94
94
94
94
94
94
94
94
94
94
94
94
94
94
94
94
94
94
94
94
94
94
94
94
94
94
94
94
94
94
94
94
94
94
94
94
94
94
94
94
94
94
94
94
94
94
94
94
94
94
94
94
94
94
94
94
94
94
94
94
93
93
93
93
93
93
93
93
93
93
93
93
93
93
93
93
93
93
93
93
93
93
93
93
93
93
93
93
93
93
93
93
93
93
93
93
93
93
93
93
93
93
93
93
93
93
93
93
93
93
93
93
93
93
93
93
93
93
93
93
93
93
93
93
93
93
93
93
93
93
93
93
93
93
93
93
93
93
93
93
93
93
93
93
93
93
93
93
93
93
93
93
93
93
93
93
93
93
93
93
93
93
93
93
93
93
93
93
93
93
93
93
93
93
93
93
93
93
93
93
93
93
93
93
93
93
93
93
93
93
93
93
93
93
93
93
93
93
93
93
93
93
93
93
93
93
93
93
93
93
93
93
93
93
93
93
93
93
93
93
93
93
93
93
93
93
93
93
93
93
93
93
93
93
93
92
92
92
92
92
92
92
92
92
92
92
92
92
92
92
92
92
92
92
92
92
92
92
92
92
92
92
92
92
92
92
92
92
92
92
92
92
92
92
92
92
92
92
92
92
92
92
92
92
92
92
92
92
92
92
92
92
92
92
92
92
92
92
92
92
92
92
92
92
92
92
92
92
92
92
92
92
92
92
92
92
92
92
92
92
92
92
92
92
92
92
92
92
92
92
92
92
92
92
92
92
92
92
92
92
92
92
92
92
92
92
92
92
92
92
92
92
92
92
92
92
92
92
92
92
92
92
92
92
92
92
92
92
92
92
92
92
92
92
92
92
92
92
92
92
92
92
92
92
92
92
92
92
92
92
92
92
92
92
92
92
92
92
92
92
92
92
92
92
92
92
92
92
92
91
91
91
91
91
91
91
91
91
91
91
91
91
91
91
91
91
91
91
91
91
91
91
91
91
91
91
91
91
91
91
91
91
91
91
91
91
91
91
91
91
91
91
91
91
91
91
91
91
91
91
91
91
91
91
91
91
91
91
91
91
91
91
91
91
91
91
91
91
91
91
91
91
91
91
91
91
91
91
91
91
91
91
91
91
91
91
91
91
91
91
91
91
91
91
91
91
91
91
91
91
91
91
91
91
91
91
91
91
91
91
91
91
91
91
91
91
91
91
91
91
91
91
91
91
91
91
91
91
91
91
91
91
91
91
91
91
91
91
91
91
91
91
91
91
91
91
91
91
91
91
91
91
91
91
91
91
91
91
91
91
91
91
91
91
91
91
91
91
91
91
91
91
91
91
90
90
90
90
90
90
90
90
90
90
90
90
90
90
90
90
90
90
90
90
90
90
90
90
90
90
90
90
90
90
90
90
90
90
90
90
90
90
90
90
90
90
90
90
90
90
90
90
90
90
90
90
90
90
90
90
90
90
90
90
90
90
90
90
90
90
90
90
90
90
90
90
90
90
90
90
90
90
90
90
90
90
90
90
90
90
90
90
90
90
90
90
90
90
90
90
90
90
90
90
90
90
90
90
90
90
90
90
90
90
90
90
90
90
90
90
90
90
90
90
90
90
90
90
90
90
90
90
90
90
90
90
90
90
90
90
90
90
90
90
90
90
90
90
90
90
90
90
90
90
90
90
90
90
90
90
90
90
90
90
90
90
90
90
90
90
89
89
89
89
89
89
89
89
89
89
89
89
89
89
89
89
89
89
89
89
89
89
89
89
89
89
89
89
89
89
89
89
89
89
89
89
89
89
89
89
89
89
89
89
89
89
89
89
89
89
89
89
89
89
89
89
89
89
89
89
89
89
89
89
89
89
89
89
89
89
89
89
89
89
89
89
89
89
89
89
89
89
89
89
89
89
89
89
89
89
89
89
89
89
89
89
89
89
89
89
89
89
89
89
89
89
89
89
89
89
89
89
89
89
89
89
89
89
89
89
89
89
89
89
89
89
89
89
89
89
89
89
89
89
89
89
89
89
89
89
89
89
89
89
89
89
89
89
89
89
89
89
89
89
89
89
89
89
89
89
89
89
89
89
89
89
89
89
89
88
88
88
88
88
88
88
88
88
88
88
88
88
88
88
88
88
88
88
88
88
88
88
88
88
88
88
88
88
88
88
88
88
88
88
88
88
88
88
88
88
88
88
88
88
88
88
88
88
88
88
88
88
88
88
88
88
88
88
88
88
88
88
88
88
88
88
88
88
88
88
88
88
88
88
88
88
88
88
88
88
88
88
88
88
88
88
88
88
88
88
88
88
88
88
88
88
88
88
88
88
88
88
88
88
88
88
88
88
88
88
88
88
88
88
88
88
88
88
88
88
88
88
88
88
88
88
88
88
88
88
88
88
88
88
88
88
88
88
88
88
88
88
88
88
88
88
88
88
88
88
88
88
88
88
88
88
88
88
88
88
88
88
88
88
88
88
88
88
88
88
88
88
88
88
88
88
88
88
88
88
88
88
88
88
88
88
88
88
88
88
87
87
87
87
87
87
87
87
87
87
87
87
87
87
87
87
87
87
87
87
87
87
87
87
87
87
87
87
87
87
87
87
87
87
87
87
87
87
87
87
87
87
87
87
87
87
87
87
87
87
87
87
87
87
87
87
87
87
87
87
87
87
87
87
87
87
87
87
87
87
87
87
87
87
87
87
87
87
87
87
87
87
87
87
87
87
87
87
87
87
87
87
87
87
87
87
87
87
87
87
87
87
87
87
87
87
87
87
87
87
87
87
87
87
87
87
87
87
87
87
87
87
87
87
87
87
87
87
87
87
87
87
87
87
87
87
87
87
87
87
87
87
87
87
87
87
87
87
87
87
87
87
87
87
87
87
87
87
87
87
87
87
87
87
87
87
87
87
87
87
87
87
87
87
87
87
87
87
87
87
87
87
87
87
87
87
87
87
87
87
87
87
87
87
86
86
86
86
86
86
86
86
86
86
86
86
86
86
86
86
86
86
86
86
86
86
86
86
86
86
86
86
86
86
86
86
86
86
86
86
86
86
86
86
86
86
86
86
86
86
86
86
86
86
86
86
86
86
86
86
86
86
86
86
86
86
86
86
86
86
86
86
86
86
86
86
86
86
86
86
86
86
86
86
86
86
86
86
86
86
86
86
86
86
86
86
86
86
86
86
86
86
86
86
86
86
86
86
86
86
86
86
86
86
86
86
86
86
86
86
86
86
86
86
86
86
86
86
86
86
86
86
86
86
86
86
86
86
86
86
86
86
86
86
86
86
86
86
86
86
86
86
86
86
86
86
86
86
86
86
86
86
86
86
86
86
86
86
86
86
86
86
86
86
86
86
86
86
86
86
86
86
86
86
86
86
86
86
86
86
86
86
86
86
86
86
86
86
86
86
86
86
86
86
85
85
85
85
85
85
85
85
85
85
85
85
85
85
85
85
85
85
85
85
85
85
85
85
85
85
85
85
85
85
85
85
85
85
85
85
85
85
85
85
85
85
85
85
85
85
85
85
85
85
85
85
85
85
85
85
85
85
85
85
85
85
85
85
85
85
85
85
85
85
85
85
85
85
85
85
85
85
85
85
85
85
85
85
85
85
85
85
85
85
85
85
85
85
85
85
85
85
85
85
85
85
85
85
85
85
85
85
85
85
85
85
85
85
85
85
85
85
85
85
85
85
85
85
85
85
85
85
85
85
85
85
85
85
85
85
85
85
85
85
85
85
85
85
85
85
85
85
85
85
85
85
85
85
85
85
85
85
85
85
85
85
85
85
85
85
85
85
85
85
85
85
85
85
85
85
85
85
85
85
84
84
84
84
84
84
84
84
84
84
84
84
84
84
84
84
84
84
84
84
84
84
84
84
84
84
84
84
84
84
84
84
84
84
84
84
84
84
84
84
84
84
84
84
84
84
84
84
84
84
84
84
84
84
84
84
84
84
84
84
84
84
84
84
84
84
84
84
84
84
84
84
84
84
84
84
84
84
84
84
84
84
84
84
84
84
84
84
84
84
84
84
84
84
84
84
84
84
84
84
84
84
84
84
84
84
84
84
84
84
84
84
84
84
84
84
84
84
84
84
84
84
84
84
84
84
84
84
84
84
84
84
84
84
84
84
84
84
84
84
84
84
84
84
84
84
84
84
84
84
84
84
84
84
84
84
84
84
84
84
84
84
84
84
84
84
84
84
84
84
84
83
83
83
83
83
83
83
83
83
83
83
83
83
83
83
83
83
83
83
83
83
83
83
83
83
83
83
83
83
83
83
83
83
83
83
83
83
83
83
83
83
83
83
83
83
83
83
83
83
83
83
83
83
83
83
83
83
83
83
83
83
83
83
83
83
83
83
83
83
83
83
83
83
83
83
83
83
83
83
83
83
83
83
83
83
83
83
83
83
83
83
83
83
83
83
83
83
83
83
83
83
83
83
83
83
83
83
83
83
83
83
83
83
83
83
83
83
83
83
83
83
83
83
83
83
83
83
83
83
83
83
83
83
83
83
83
83
83
83
83
83
83
83
83
83
83
83
83
83
83
83
83
83
83
83
83
83
83
83
83
83
83
83
83
83
83
83
83
83
83
83
83
83
83
83
83
83
83
83
83
83
83
83
83
83
83
83
83
83
83
83
83
83
83
83
83
83
83
83
83
83
82
82
82
82
82
82
82
82
82
82
82
82
82
82
82
82
82
82
82
82
82
82
82
82
82
82
82
82
82
82
82
82
82
82
82
82
82
82
82
82
82
82
82
82
82
82
82
82
82
82
82
82
82
82
82
82
82
82
82
82
82
82
82
82
82
82
82
82
82
82
82
82
82
82
82
82
82
82
82
82
82
82
82
82
82
82
82
82
82
82
82
82
82
82
82
82
82
82
82
82
82
82
82
82
82
82
82
82
82
82
82
82
82
82
82
82
82
82
82
82
82
82
82
82
82
82
82
82
82
82
82
82
82
82
82
82
82
82
82
82
82
82
82
82
82
82
82
82
82
82
82
82
82
82
82
82
82
82
82
82
82
82
82
82
82
82
82
82
82
82
82
82
82
82
82
82
82
82
82
82
82
82
82
82
82
82
82
82
82
82
82
82
82
82
82
82
82
82
82
82
82
82
82
82
82
82
82
82
82
82
82
82
82
82
82
81
81
81
81
81
81
81
81
81
81
81
81
81
81
81
81
81
81
81
81
81
81
81
81
81
81
81
81
81
81
81
81
81
81
81
81
81
81
81
81
81
81
81
81
81
81
81
81
81
81
81
81
81
81
81
81
81
81
81
81
81
81
81
81
81
81
81
81
81
81
81
81
81
81
81
81
81
81
81
81
81
81
81
81
81
81
81
81
81
81
81
81
81
81
81
81
81
81
81
81
81
81
81
81
81
81
81
81
81
81
81
81
81
81
81
81
81
81
81
81
81
81
81
81
81
81
81
81
81
81
81
81
81
81
81
81
81
81
81
81
81
81
81
81
81
81
81
81
81
81
81
81
81
81
81
81
81
81
81
81
81
81
81
81
81
81
81
81
81
81
81
81
81
81
81
81
81
81
81
81
81
81
81
81
81
81
81
81
81
81
81
81
81
81
81
81
81
81
81
81
81
81
81
81
81
81
81
81
81
81
81
81
81
81
81
81
81
81
81
81
81
81
81
81
81
81
81
81
81
80
80
80
80
80
80
80
80
80
80
80
80
80
80
80
80
80
80
80
80
80
80
80
80
80
80
80
80
80
80
80
80
80
80
80
80
80
80
80
80
80
80
80
80
80
80
80
80
80
80
80
80
80
80
80
80
80
80
80
80
80
80
80
80
80
80
80
80
80
80
80
80
80
80
80
80
80
80
80
80
80
80
80
80
80
80
80
80
80
80
80
80
80
80
80
80
80
80
80
80
80
80
80
80
80
80
80
80
80
80
80
80
80
80
80
80
80
80
80
80
80
80
80
80
80
80
80
80
80
80
80
80
80
80
80
80
80
80
80
80
80
80
80
80
80
80
80
80
80
80
80
80
80
80
80
80
80
80
80
80
80
80
80
80
80
80
80
80
80
80
80
80
80
80
80
80
80
80
80
80
80
80
80
80
80
80
80
80
80
80
80
80
80
80
79
79
79
79
79
79
79
79
79
79
79
79
79
79
79
79
79
79
79
79
79
79
79
79
79
79
79
79
79
79
79
79
79
79
79
79
79
79
79
79
79
79
79
79
79
79
79
79
79
79
79
79
79
79
79
79
79
79
79
79
79
79
79
79
79
79
79
79
79
79
79
79
79
79
79
79
79
79
79
79
79
79
79
79
79
79
79
79
79
79
79
79
79
79
79
79
79
79
79
79
79
79
79
79
79
79
79
79
79
79
79
79
79
79
79
79
79
79
79
79
79
79
79
79
79
79
79
79
79
79
79
79
79
79
79
79
79
79
79
79
79
79
79
79
79
79
79
79
79
79
79
79
79
79
79
79
79
79
79
79
79
79
79
79
79
79
79
79
79
79
79
79
79
79
79
79
79
79
79
79
79
79
79
79
79
79
79
79
79
79
79
79
79
79
79
79
79
79
78
78
78
78
78
78
78
78
78
78
78
78
78
78
78
78
78
78
78
78
78
78
78
78
78
78
78
78
78
78
78
78
78
78
78
78
78
78
78
78
78
78
78
78
78
78
78
78
78
78
78
78
78
78
78
78
78
78
78
78
78
78
78
78
78
78
78
78
78
78
78
78
78
78
78
78
78
78
78
78
78
78
78
78
78
78
78
78
78
78
78
78
78
78
78
78
78
78
78
78
78
78
78
78
78
78
78
78
78
78
78
78
78
78
78
78
78
78
78
78
78
78
78
78
78
78
78
78
78
78
78
78
78
78
78
78
78
78
78
78
78
78
78
78
78
78
78
78
78
78
78
78
78
78
78
78
78
78
78
78
78
78
78
78
78
78
78
78
78
78
78
78
78
78
78
78
78
78
78
78
78
78
78
78
78
77
77
77
77
77
77
77
77
77
77
77
77
77
77
77
77
77
77
77
77
77
77
77
77
77
77
77
77
77
77
77
77
77
77
77
77
77
77
77
77
77
77
77
77
77
77
77
77
77
77
77
77
77
77
77
77
77
77
77
77
77
77
77
77
77
77
77
77
77
77
77
77
77
77
77
77
77
77
77
77
77
77
77
77
77
77
77
77
77
77
77
77
77
77
77
77
77
77
77
77
77
77
77
77
77
77
77
77
77
77
77
77
77
77
77
77
77
77
77
77
77
77
77
77
77
77
77
77
77
77
77
77
77
77
77
77
77
77
77
77
77
77
77
77
77
77
77
77
77
77
77
77
77
77
77
77
77
77
77
77
77
77
77
77
77
77
77
77
77
77
77
77
77
77
77
77
77
77
77
77
77
77
77
77
77
77
77
77
77
77
77
77
77
77
76
76
76
76
76
76
76
76
76
76
76
76
76
76
76
76
76
76
76
76
76
76
76
76
76
76
76
76
76
76
76
76
76
76
76
76
76
76
76
76
76
76
76
76
76
76
76
76
76
76
76
76
76
76
76
76
76
76
76
76
76
76
76
76
76
76
76
76
76
76
76
76
76
76
76
76
76
76
76
76
76
76
76
76
76
76
76
76
76
76
76
76
76
76
76
76
76
76
76
76
76
76
76
76
76
76
76
76
76
76
76
76
76
76
76
76
76
76
76
76
76
76
76
76
76
76
76
76
76
76
76
76
76
76
76
76
76
76
76
76
76
76
76
76
76
76
76
76
76
76
76
76
76
76
76
76
76
76
76
76
76
76
76
76
76
76
76
76
76
76
76
76
76
76
76
76
76
76
76
76
76
76
76
76
76
76
76
76
76
76
76
76
76
76
76
76
76
76
76
76
76
76
76
76
76
76
76
76
76
75
75
75
75
75
75
75
75
75
75
75
75
75
75
75
75
75
75
75
75
75
75
75
75
75
75
75
75
75
75
75
75
75
75
75
75
75
75
75
75
75
75
75
75
75
75
75
75
75
75
75
75
75
75
75
75
75
75
75
75
75
75
75
75
75
75
75
75
75
75
75
75
75
75
75
75
75
75
75
75
75
75
75
75
75
75
75
75
75
75
75
75
75
75
75
75
75
75
75
75
75
75
75
75
75
75
75
75
75
75
75
75
75
75
75
75
75
75
75
75
75
75
75
75
75
75
75
75
75
75
75
75
75
75
75
75
75
75
75
75
75
75
75
75
75
75
75
75
75
75
75
75
75
75
75
75
75
75
75
75
75
75
75
75
75
75
75
75
75
75
75
75
75
75
75
75
75
75
75
75
75
75
75
75
75
75
75
75
75
75
75
75
75
75
75
75
75
75
75
75
75
75
75
75
75
75
75
75
75
75
75
75
75
75
75
75
74
74
74
74
74
74
74
74
74
74
74
74
74
74
74
74
74
74
74
74
74
74
74
74
74
74
74
74
74
74
74
74
74
74
74
74
74
74
74
74
74
74
74
74
74
74
74
74
74
74
74
74
74
74
74
74
74
74
74
74
74
74
74
74
74
74
74
74
74
74
74
74
74
74
74
74
74
74
74
74
74
74
74
74
74
74
74
74
74
74
74
74
74
74
74
74
74
74
74
74
74
74
74
74
74
74
74
74
74
74
74
74
74
74
74
74
74
74
74
74
74
74
74
74
74
74
74
74
74
74
74
74
74
74
74
74
74
74
74
74
74
74
74
74
74
74
74
74
74
74
74
74
74
74
74
74
74
74
74
74
74
74
74
74
74
74
74
74
74
74
74
74
74
74
74
74
74
74
74
74
74
74
74
74
74
74
74
74
74
74
74
73
73
73
73
73
73
73
73
73
73
73
73
73
73
73
73
73
73
73
73
73
73
73
73
73
73
73
73
73
73
73
73
73
73
73
73
73
73
73
73
73
73
73
73
73
73
73
73
73
73
73
73
73
73
73
73
73
73
73
73
73
73
73
73
73
73
73
73
73
73
73
73
73
73
73
73
73
73
73
73
73
73
73
73
73
73
73
73
73
73
73
73
73
73
73
73
73
73
73
73
73
73
73
73
73
73
73
73
73
73
73
73
73
73
73
73
73
73
73
73
73
73
73
73
73
73
73
73
73
73
73
73
73
73
73
73
73
73
73
73
73
73
73
73
73
73
73
73
73
73
73
73
73
73
73
73
73
73
73
73
73
73
73
73
73
73
73
73
73
73
73
73
73
73
73
73
73
73
73
73
73
73
73
73
73
73
73
73
73
73
73
73
73
73
73
73
73
73
73
73
73
73
73
73
73
73
73
73
73
73
72
72
72
72
72
72
72
72
72
72
72
72
72
72
72
72
72
72
72
72
72
72
72
72
72
72
72
72
72
72
72
72
72
72
72
72
72
72
72
72
72
72
72
72
72
72
72
72
72
72
72
72
72
72
72
72
72
72
72
72
72
72
72
72
72
72
72
72
72
72
72
72
72
72
72
72
72
72
72
72
72
72
72
72
72
72
72
72
72
72
72
72
72
72
72
72
72
72
72
72
72
72
72
72
72
72
72
72
72
72
72
72
72
72
72
72
72
72
72
72
72
72
72
72
72
72
72
72
72
72
72
72
72
72
72
72
72
72
72
72
72
72
72
72
72
72
72
72
72
72
72
72
72
72
72
72
72
72
72
72
72
72
72
72
72
72
72
72
72
72
72
72
72
72
72
72
72
72
72
72
72
72
72
72
72
72
72
72
72
72
72
72
72
72
72
72
72
72
72
72
72
72
72
72
72
72
72
72
72
72
72
72
72
72
72
72
72
72
72
72
72
72
72
72
72
72
72
71
71
71
71
71
71
71
71
71
71
71
71
71
71
71
71
71
71
71
71
71
71
71
71
71
71
71
71
71
71
71
71
71
71
71
71
71
71
71
71
71
71
71
71
71
71
71
71
71
71
71
71
71
71
71
71
71
71
71
71
71
71
71
71
71
71
71
71
71
71
71
71
71
71
71
71
71
71
71
71
71
71
71
71
71
71
71
71
71
71
71
71
71
71
71
71
71
71
71
71
71
71
71
71
71
71
71
71
71
71
71
71
71
71
71
71
71
71
71
71
71
71
71
71
71
71
71
71
71
71
71
71
71
71
71
71
71
71
71
71
71
71
71
71
71
71
71
71
71
71
71
71
71
71
71
71
71
71
71
71
71
71
71
71
71
71
71
71
71
71
71
71
71
71
71
71
71
71
71
71
71
71
71
71
71
71
71
71
71
71
71
71
71
71
71
71
71
71
71
71
71
71
71
71
71
71
71
71
71
71
71
71
71
71
71
71
71
71
70
70
70
70
70
70
70
70
70
70
70
70
70
70
70
70
70
70
70
70
70
70
70
70
70
70
70
70
70
70
70
70
70
70
70
70
70
70
70
70
70
70
70
70
70
70
70
70
70
70
70
70
70
70
70
70
70
70
70
70
70
70
70
70
70
70
70
70
70
70
70
70
70
70
70
70
70
70
70
70
70
70
70
70
70
70
70
70
70
70
70
70
70
70
70
70
70
70
70
70
70
70
70
70
70
70
70
70
70
70
70
70
70
70
70
70
70
70
70
70
70
70
70
70
70
70
70
70
70
70
70
70
70
70
70
70
70
70
70
70
70
70
70
70
70
70
70
70
70
70
70
70
70
70
70
70
70
70
70
70
70
70
70
70
70
70
70
70
70
70
70
70
70
70
70
70
70
70
70
70
70
70
70
70
70
70
70
70
70
70
70
70
70
70
70
70
70
70
70
70
70
70
70
70
70
70
70
70
70
70
70
70
70
70
70
70
70
70
70
70
70
70
70
70
70
70
70
70
70
70
69
69
69
69
69
69
69
69
69
69
69
69
69
69
69
69
69
69
69
69
69
69
69
69
69
69
69
69
69
69
69
69
69
69
69
69
69
69
69
69
69
69
69
69
69
69
69
69
69
69
69
69
69
69
69
69
69
69
69
69
69
69
69
69
69
69
69
69
69
69
69
69
69
69
69
69
69
69
69
69
69
69
69
69
69
69
69
69
69
69
69
69
69
69
69
69
69
69
69
69
69
69
69
69
69
69
69
69
69
69
69
69
69
69
69
69
69
69
69
69
69
69
69
69
69
69
69
69
69
69
69
69
69
69
69
69
69
69
69
69
69
69
69
69
69
69
69
69
69
69
69
69
69
69
69
69
69
69
69
69
69
69
69
69
69
69
69
69
69
69
69
69
69
69
69
69
69
69
69
69
69
69
69
69
69
69
69
69
69
69
69
69
69
69
69
69
69
69
69
69
69
69
69
69
69
69
69
69
69
69
69
69
69
69
69
69
69
69
69
69
69
68
68
68
68
68
68
68
68
68
68
68
68
68
68
68
68
68
68
68
68
68
68
68
68
68
68
68
68
68
68
68
68
68
68
68
68
68
68
68
68
68
68
68
68
68
68
68
68
68
68
68
68
68
68
68
68
68
68
68
68
68
68
68
68
68
68
68
68
68
68
68
68
68
68
68
68
68
68
68
68
68
68
68
68
68
68
68
68
68
68
68
68
68
68
68
68
68
68
68
68
68
68
68
68
68
68
68
68
68
68
68
68
68
68
68
68
68
68
68
68
68
68
68
68
68
68
68
68
68
68
68
68
68
68
68
68
68
68
68
68
68
68
68
68
68
68
68
68
68
68
68
68
68
68
68
68
68
68
68
68
68
68
68
68
68
68
68
68
68
68
68
68
68
68
68
68
68
68
68
68
68
68
68
68
68
68
68
68
68
68
68
68
68
68
68
68
68
68
68
68
68
68
68
68
68
68
68
68
68
68
68
68
68
68
68
68
68
68
68
68
68
68
68
68
68
68
68
68
68
68
67
67
67
67
67
67
67
67
67
67
67
67
67
67
67
67
67
67
67
67
67
67
67
67
67
67
67
67
67
67
67
67
67
67
67
67
67
67
67
67
67
67
67
67
67
67
67
67
67
67
67
67
67
67
67
67
67
67
67
67
67
67
67
67
67
67
67
67
67
67
67
67
67
67
67
67
67
67
67
67
67
67
67
67
67
67
67
67
67
67
67
67
67
67
67
67
67
67
67
67
67
67
67
67
67
67
67
67
67
67
67
67
67
67
67
67
67
67
67
67
67
67
67
67
67
67
67
67
67
67
67
67
67
67
67
67
67
67
67
67
67
67
67
67
67
67
67
67
67
67
67
67
67
67
67
67
67
67
67
67
67
67
67
67
67
67
67
67
67
67
67
67
67
67
67
67
67
67
67
67
67
67
67
67
67
67
67
67
67
67
67
67
67
67
67
67
67
67
67
67
67
67
67
67
67
67
67
67
67
67
67
67
67
67
67
67
67
67
67
67
66
66
66
66
66
66
66
66
66
66
66
66
66
66
66
66
66
66
66
66
66
66
66
66
66
66
66
66
66
66
66
66
66
66
66
66
66
66
66
66
66
66
66
66
66
66
66
66
66
66
66
66
66
66
66
66
66
66
66
66
66
66
66
66
66
66
66
66
66
66
66
66
66
66
66
66
66
66
66
66
66
66
66
66
66
66
66
66
66
66
66
66
66
66
66
66
66
66
66
66
66
66
66
66
66
66
66
66
66
66
66
66
66
66
66
66
66
66
66
66
66
66
66
66
66
66
66
66
66
66
66
66
66
66
66
66
66
66
66
66
66
66
66
66
66
66
66
66
66
66
66
66
66
66
66
66
66
66
66
66
66
66
66
66
66
66
66
66
66
66
66
66
66
66
66
66
66
66
66
66
66
66
66
66
66
66
66
66
66
66
66
66
66
66
66
66
66
66
66
66
66
66
66
66
66
66
66
66
66
66
66
66
66
66
66
66
66
66
66
66
66
66
66
66
66
66
66
66
66
66
66
66
66
66
66
66
66
66
66
66
66
66
66
66
66
66
66
66
66
66
66
66
66
65
65
65
65
65
65
65
65
65
65
65
65
65
65
65
65
65
65
65
65
65
65
65
65
65
65
65
65
65
65
65
65
65
65
65
65
65
65
65
65
65
65
65
65
65
65
65
65
65
65
65
65
65
65
65
65
65
65
65
65
65
65
65
65
65
65
65
65
65
65
65
65
65
65
65
65
65
65
65
65
65
65
65
65
65
65
65
65
65
65
65
65
65
65
65
65
65
65
65
65
65
65
65
65
65
65
65
65
65
65
65
65
65
65
65
65
65
65
65
65
65
65
65
65
65
65
65
65
65
65
65
65
65
65
65
65
65
65
65
65
65
65
65
65
65
65
65
65
65
65
65
65
65
65
65
65
65
65
65
65
65
65
65
65
65
65
65
65
65
65
65
65
65
65
65
65
65
65
65
65
65
65
65
65
65
65
65
65
65
65
65
65
65
65
65
65
65
65
65
65
65
65
65
65
65
65
65
65
65
65
65
65
65
65
65
64
64
64
64
64
64
64
64
64
64
64
64
64
64
64
64
64
64
64
64
64
64
64
64
64
64
64
64
64
64
64
64
64
64
64
64
64
64
64
64
64
64
64
64
64
64
64
64
64
64
64
64
64
64
64
64
64
64
64
64
64
64
64
64
64
64
64
64
64
64
64
64
64
64
64
64
64
64
64
64
64
64
64
64
64
64
64
64
64
64
64
64
64
64
64
64
64
64
64
64
64
64
64
64
64
64
64
64
64
64
64
64
64
64
64
64
64
64
64
64
64
64
64
64
64
64
64
64
64
64
64
64
64
64
64
64
64
64
64
64
64
64
64
64
64
64
64
64
64
64
64
64
64
64
64
64
64
64
64
64
64
64
64
64
64
64
64
64
64
64
64
64
64
64
64
64
64
64
64
64
64
64
64
64
64
64
64
64
64
64
64
64
64
64
64
64
64
64
64
64
64
64
64
64
64
64
64
64
64
64
64
64
64
64
64
64
64
64
63
63
63
63
63
63
63
63
63
63
63
63
63
63
63
63
63
63
63
63
63
63
63
63
63
63
63
63
63
63
63
63
63
63
63
63
63
63
63
63
63
63
63
63
63
63
63
63
63
63
63
63
63
63
63
63
63
63
63
63
63
63
63
63
63
63
63
63
63
63
63
63
63
63
63
63
63
63
63
63
63
63
63
63
63
63
63
63
63
63
63
63
63
63
63
63
63
63
63
63
63
63
63
63
63
63
63
63
63
63
63
63
63
63
63
63
63
63
63
63
63
63
63
63
63
63
63
63
63
63
63
63
63
63
63
63
63
63
63
63
63
63
63
63
63
63
63
63
63
63
63
63
63
63
63
63
63
63
63
63
63
63
63
63
63
63
63
63
63
63
63
63
63
63
63
63
63
63
63
63
63
63
63
63
63
63
63
63
63
63
63
63
63
63
63
63
63
63
63
63
63
63
63
63
63
63
63
62
62
62
62
62
62
62
62
62
62
62
62
62
62
62
62
62
62
62
62
62
62
62
62
62
62
62
62
62
62
62
62
62
62
62
62
62
62
62
62
62
62
62
62
62
62
62
62
62
62
62
62
62
62
62
62
62
62
62
62
62
62
62
62
62
62
62
62
62
62
62
62
62
62
62
62
62
62
62
62
62
62
62
62
62
62
62
62
62
62
62
62
62
62
62
62
62
62
62
62
62
62
62
62
62
62
62
62
62
62
62
62
62
62
62
62
62
62
62
62
62
62
62
62
62
62
62
62
62
62
62
62
62
62
62
62
62
62
62
62
62
62
62
62
62
62
62
62
62
62
62
62
62
62
62
62
62
62
62
62
62
62
62
62
62
62
62
62
62
62
62
62
62
62
62
62
62
62
62
62
62
62
62
62
62
62
62
62
62
62
62
62
62
62
62
62
62
62
62
62
62
62
62
62
62
62
62
62
62
62
62
62
62
62
62
62
62
62
62
62
62
62
62
62
62
62
62
62
62
62
62
61
61
61
61
61
61
61
61
61
61
61
61
61
61
61
61
61
61
61
61
61
61
61
61
61
61
61
61
61
61
61
61
61
61
61
61
61
61
61
61
61
61
61
61
61
61
61
61
61
61
61
61
61
61
61
61
61
61
61
61
61
61
61
61
61
61
61
61
61
61
61
61
61
61
61
61
61
61
61
61
61
61
61
61
61
61
61
61
61
61
61
61
61
61
61
61
61
61
61
61
61
61
61
61
61
61
61
61
61
61
61
61
61
61
61
61
61
61
61
61
61
61
61
61
61
61
61
61
61
61
61
61
61
61
61
61
61
61
61
61
61
61
61
61
61
61
61
61
61
61
61
61
61
61
61
61
61
61
61
61
61
61
61
61
61
61
61
61
61
61
61
61
61
61
61
61
61
61
61
61
61
61
61
61
61
61
61
61
61
61
61
61
61
61
61
61
61
61
61
61
61
61
61
61
61
61
61
61
61
61
61
61
61
61
61
61
61
61
61
61
61
61
61
61
61
61
61
61
61
61
61
61
61
60
60
60
60
60
60
60
60
60
60
60
60
60
60
60
60
60
60
60
60
60
60
60
60
60
60
60
60
60
60
60
60
60
60
60
60
60
60
60
60
60
60
60
60
60
60
60
60
60
60
60
60
60
60
60
60
60
60
60
60
60
60
60
60
60
60
60
60
60
60
60
60
60
60
60
60
60
60
60
60
60
60
60
60
60
60
60
60
60
60
60
60
60
60
60
60
60
60
60
60
60
60
60
60
60
60
60
60
60
60
60
60
60
60
60
60
60
60
60
60
60
60
60
60
60
60
60
60
60
60
60
60
60
60
60
60
60
60
60
60
60
60
60
60
60
60
60
60
60
60
60
60
60
60
60
60
60
60
60
60
60
60
60
60
60
60
60
60
60
60
60
60
60
60
60
60
60
60
60
60
60
60
60
60
60
60
60
60
60
60
60
60
60
60
60
60
60
60
60
60
60
60
60
60
60
60
60
60
60
60
60
60
60
60
60
60
60
60
60
60
60
60
60
60
60
60
60
60
60
60
60
60
60
60
60
60
60
60
60
60
60
60
60
60
60
60
60
60
60
60
60
60
60
60
60
60
60
60
60
60
60
60
60
60
60
60
60
60
60
60
59
59
59
59
59
59
59
59
59
59
59
59
59
59
59
59
59
59
59
59
59
59
59
59
59
59
59
59
59
59
59
59
59
59
59
59
59
59
59
59
59
59
59
59
59
59
59
59
59
59
59
59
59
59
59
59
59
59
59
59
59
59
59
59
59
59
59
59
59
59
59
59
59
59
59
59
59
59
59
59
59
59
59
59
59
59
59
59
59
59
59
59
59
59
59
59
59
59
59
59
59
59
59
59
59
59
59
59
59
59
59
59
59
59
59
59
59
59
59
59
59
59
59
59
59
59
59
59
59
59
59
59
59
59
59
59
59
59
59
59
59
59
59
59
59
59
59
59
59
59
59
59
59
59
59
59
59
59
59
59
59
59
59
59
59
59
59
59
59
59
59
59
59
59
59
59
59
59
59
59
59
59
59
59
59
59
59
59
59
59
59
59
59
59
59
59
59
59
59
59
59
59
59
59
59
59
59
59
59
59
59
59
59
59
59
59
59
59
59
59
59
59
59
59
59
59
59
59
59
59
59
59
59
59
59
59
59
59
59
59
59
59
59
59
59
59
59
58
58
58
58
58
58
58
58
58
58
58
58
58
58
58
58
58
58
58
58
58
58
58
58
58
58
58
58
58
58
58
58
58
58
58
58
58
58
58
58
58
58
58
58
58
58
58
58
58
58
58
58
58
58
58
58
58
58
58
58
58
58
58
58
58
58
58
58
58
58
58
58
58
58
58
58
58
58
58
58
58
58
58
58
58
58
58
58
58
58
58
58
58
58
58
58
58
58
58
58
58
58
58
58
58
58
58
58
58
58
58
58
58
58
58
58
58
58
58
58
58
58
58
58
58
58
58
58
58
58
58
58
58
58
58
58
58
58
58
58
58
58
58
58
58
58
58
58
58
58
58
58
58
58
58
58
58
58
58
58
58
58
58
58
58
58
58
58
58
58
58
58
58
58
58
58
58
58
58
58
58
58
58
58
58
58
58
58
58
58
58
58
58
58
58
58
58
58
58
58
58
58
58
58
58
58
58
58
58
58
58
58
58
58
58
58
58
58
58
58
58
58
58
58
58
58
58
58
58
58
58
58
58
58
58
58
58
58
57
57
57
57
57
57
57
57
57
57
57
57
57
57
57
57
57
57
57
57
57
57
57
57
57
57
57
57
57
57
57
57
57
57
57
57
57
57
57
57
57
57
57
57
57
57
57
57
57
57
57
57
57
57
57
57
57
57
57
57
57
57
57
57
57
57
57
57
57
57
57
57
57
57
57
57
57
57
57
57
57
57
57
57
57
57
57
57
57
57
57
57
57
57
57
57
57
57
57
57
57
57
57
57
57
57
57
57
57
57
57
57
57
57
57
57
57
57
57
57
57
57
57
57
57
57
57
57
57
57
57
57
57
57
57
57
57
57
57
57
57
57
57
57
57
57
57
57
57
57
57
57
57
57
57
57
57
57
57
57
57
57
57
57
57
57
57
57
57
57
57
57
57
57
57
57
57
57
57
57
57
57
57
57
57
57
57
57
57
57
57
57
57
57
57
57
57
57
57
57
57
57
57
57
57
57
57
57
57
57
57
57
57
57
57
57
57
57
57
57
57
57
57
57
57
57
57
57
57
57
57
57
57
57
57
57
57
57
57
57
56
56
56
56
56
56
56
56
56
56
56
56
56
56
56
56
56
56
56
56
56
56
56
56
56
56
56
56
56
56
56
56
56
56
56
56
56
56
56
56
56
56
56
56
56
56
56
56
56
56
56
56
56
56
56
56
56
56
56
56
56
56
56
56
56
56
56
56
56
56
56
56
56
56
56
56
56
56
56
56
56
56
56
56
56
56
56
56
56
56
56
56
56
56
56
56
56
56
56
56
56
56
56
56
56
56
56
56
56
56
56
56
56
56
56
56
56
56
56
56
56
56
56
56
56
56
56
56
56
56
56
56
56
56
56
56
56
56
56
56
56
56
56
56
56
56
56
56
56
56
56
56
56
56
56
56
56
56
56
56
56
56
56
56
56
56
56
56
56
56
56
56
56
56
56
56
56
56
56
56
56
56
56
56
56
56
56
56
56
56
56
56
56
56
56
56
56
56
56
56
56
56
56
56
56
56
56
56
56
56
56
56
56
56
56
56
56
56
56
56
56
56
56
56
56
56
56
56
56
56
56
56
56
56
56
55
55
55
55
55
55
55
55
55
55
55
55
55
55
55
55
55
55
55
55
55
55
55
55
55
55
55
55
55
55
55
55
55
55
55
55
55
55
55
55
55
55
55
55
55
55
55
55
55
55
55
55
55
55
55
55
55
55
55
55
55
55
55
55
55
55
55
55
55
55
55
55
55
55
55
55
55
55
55
55
55
55
55
55
55
55
55
55
55
55
55
55
55
55
55
55
55
55
55
55
55
55
55
55
55
55
55
55
55
55
55
55
55
55
55
55
55
55
55
55
55
55
55
55
55
55
55
55
55
55
55
55
55
55
55
55
55
55
55
55
55
55
55
55
55
55
55
55
55
55
55
55
55
55
55
55
55
55
55
55
55
55
55
55
55
55
55
55
55
55
55
55
55
55
55
55
55
55
55
55
55
55
55
55
55
55
55
55
55
55
55
55
55
55
55
55
55
55
55
55
55
55
55
55
55
55
55
55
55
55
55
55
55
55
55
55
55
55
55
55
55
55
55
55
55
55
55
55
55
55
55
55
55
55
55
55
55
55
55
55
55
55
55
54
54
54
54
54
54
54
54
54
54
54
54
54
54
54
54
54
54
54
54
54
54
54
54
54
54
54
54
54
54
54
54
54
54
54
54
54
54
54
54
54
54
54
54
54
54
54
54
54
54
54
54
54
54
54
54
54
54
54
54
54
54
54
54
54
54
54
54
54
54
54
54
54
54
54
54
54
54
54
54
54
54
54
54
54
54
54
54
54
54
54
54
54
54
54
54
54
54
54
54
54
54
54
54
54
54
54
54
54
54
54
54
54
54
54
54
54
54
54
54
54
54
54
54
54
54
54
54
54
54
54
54
54
54
54
54
54
54
54
54
54
54
54
54
54
54
54
54
54
54
54
54
54
54
54
54
54
54
54
54
54
54
54
54
54
54
54
54
54
54
54
54
54
54
54
54
54
54
54
54
54
54
54
54
54
54
54
54
54
54
54
54
54
54
54
54
54
54
54
54
54
54
54
54
54
54
54
54
54
54
54
54
54
54
54
54
54
54
54
54
54
54
54
54
54
54
54
54
54
54
54
54
54
54
54
53
53
53
53
53
53
53
53
53
53
53
53
53
53
53
53
53
53
53
53
53
53
53
53
53
53
53
53
53
53
53
53
53
53
53
53
53
53
53
53
53
53
53
53
53
53
53
53
53
53
53
53
53
53
53
53
53
53
53
53
53
53
53
53
53
53
53
53
53
53
53
53
53
53
53
53
53
53
53
53
53
53
53
53
53
53
53
53
53
53
53
53
53
53
53
53
53
53
53
53
53
53
53
53
53
53
53
53
53
53
53
53
53
53
53
53
53
53
53
53
53
53
53
53
53
53
53
53
53
53
53
53
53
53
53
53
53
53
53
53
53
53
53
53
53
53
53
53
53
53
53
53
53
53
53
53
53
53
53
53
53
53
53
53
53
53
53
53
53
53
53
53
53
53
53
53
53
53
53
53
53
53
53
53
53
53
53
53
53
53
53
53
53
53
53
53
53
53
53
53
53
53
53
53
53
53
53
53
53
53
53
53
53
53
53
53
53
53
53
53
53
53
53
53
53
53
53
53
53
53
53
53
53
53
53
53
53
53
53
53
53
53
52
52
52
52
52
52
52
52
52
52
52
52
52
52
52
52
52
52
52
52
52
52
52
52
52
52
52
52
52
52
52
52
52
52
52
52
52
52
52
52
52
52
52
52
52
52
52
52
52
52
52
52
52
52
52
52
52
52
52
52
52
52
52
52
52
52
52
52
52
52
52
52
52
52
52
52
52
52
52
52
52
52
52
52
52
52
52
52
52
52
52
52
52
52
52
52
52
52
52
52
52
52
52
52
52
52
52
52
52
52
52
52
52
52
52
52
52
52
52
52
52
52
52
52
52
52
52
52
52
52
52
52
52
52
52
52
52
52
52
52
52
52
52
52
52
52
52
52
52
52
52
52
52
52
52
52
52
52
52
52
52
52
52
52
52
52
52
52
52
52
52
52
52
52
52
52
52
52
52
52
52
52
52
52
52
52
52
52
52
52
52
52
52
52
52
52
52
52
52
52
52
52
52
52
52
52
52
52
52
52
52
52
52
52
52
52
52
52
52
52
52
52
52
52
52
52
52
52
52
52
52
52
52
52
52
52
52
52
52
52
52
52
52
52
52
52
52
52
52
52
52
52
52
52
52
51
51
51
51
51
51
51
51
51
51
51
51
51
51
51
51
51
51
51
51
51
51
51
51
51
51
51
51
51
51
51
51
51
51
51
51
51
51
51
51
51
51
51
51
51
51
51
51
51
51
51
51
51
51
51
51
51
51
51
51
51
51
51
51
51
51
51
51
51
51
51
51
51
51
51
51
51
51
51
51
51
51
51
51
51
51
51
51
51
51
51
51
51
51
51
51
51
51
51
51
51
51
51
51
51
51
51
51
51
51
51
51
51
51
51
51
51
51
51
51
51
51
51
51
51
51
51
51
51
51
51
51
51
51
51
51
51
51
51
51
51
51
51
51
51
51
51
51
51
51
51
51
51
51
51
51
51
51
51
51
51
51
51
51
51
51
51
51
51
51
51
51
51
51
51
51
51
51
51
51
51
51
51
51
51
51
51
51
51
51
51
51
51
51
51
51
51
51
51
51
51
51
51
51
51
51
51
51
51
51
51
51
51
51
51
51
51
50
50
50
50
50
50
50
50
50
50
50
50
50
50
50
50
50
50
50
50
50
50
50
50
50
50
50
50
50
50
50
50
50
50
50
50
50
50
50
50
50
50
50
50
50
50
50
50
50
50
50
50
50
50
50
50
50
50
50
50
50
50
50
50
50
50
50
50
50
50
50
50
50
50
50
50
50
50
50
50
50
50
50
50
50
50
50
50
50
50
50
50
50
50
50
50
50
50
50
50
50
50
50
50
50
50
50
50
50
50
50
50
50
50
50
50
50
50
50
50
50
50
50
50
50
50
50
50
50
50
50
50
50
50
50
50
50
50
50
50
50
50
50
50
50
50
50
50
50
50
50
50
50
50
50
50
50
50
50
50
50
50
50
50
50
50
50
50
50
50
50
50
50
50
50
50
50
50
50
50
50
50
50
50
50
50
50
50
50
50
50
50
50
50
50
50
50
50
50
50
50
50
50
50
50
50
50
50
50
50
50
50
50
50
50
50
50
50
50
49
49
49
49
49
49
49
49
49
49
49
49
49
49
49
49
49
49
49
49
49
49
49
49
49
49
49
49
49
49
49
49
49
49
49
49
49
49
49
49
49
49
49
49
49
49
49
49
49
49
49
49
49
49
49
49
49
49
49
49
49
49
49
49
49
49
49
49
49
49
49
49
49
49
49
49
49
49
49
49
49
49
49
49
49
49
49
49
49
49
49
49
49
49
49
49
49
49
49
49
49
49
49
49
49
49
49
49
49
49
49
49
49
49
49
49
49
49
49
49
49
49
49
49
49
49
49
49
49
49
49
49
49
49
49
49
49
49
49
49
49
49
49
49
49
49
49
49
49
49
49
49
49
49
49
49
49
49
49
49
49
49
49
49
49
49
49
49
49
49
49
49
49
49
49
49
49
49
49
49
49
49
49
49
49
49
49
49
49
49
49
49
49
49
49
49
49
49
49
49
49
49
49
49
49
49
49
49
49
49
49
49
49
49
49
49
49
49
49
49
49
48
48
48
48
48
48
48
48
48
48
48
48
48
48
48
48
48
48
48
48
48
48
48
48
48
48
48
48
48
48
48
48
48
48
48
48
48
48
48
48
48
48
48
48
48
48
48
48
48
48
48
48
48
48
48
48
48
48
48
48
48
48
48
48
48
48
48
48
48
48
48
48
48
48
48
48
48
48
48
48
48
48
48
48
48
48
48
48
48
48
48
48
48
48
48
48
48
48
48
48
48
48
48
48
48
48
48
48
48
48
48
48
48
48
48
48
48
48
48
48
48
48
48
48
48
48
48
48
48
48
48
48
48
48
48
48
48
48
48
48
48
48
48
48
48
48
48
48
48
48
48
48
48
48
48
48
48
48
48
48
48
48
48
48
48
48
48
48
48
48
48
48
48
48
48
48
48
48
48
48
48
48
48
48
48
48
48
48
48
48
48
48
48
48
48
48
48
48
48
48
48
48
48
48
48
48
48
48
48
48
48
48
48
48
48
48
48
48
48
48
48
48
48
48
48
48
48
48
48
48
48
48
47
47
47
47
47
47
47
47
47
47
47
47
47
47
47
47
47
47
47
47
47
47
47
47
47
47
47
47
47
47
47
47
47
47
47
47
47
47
47
47
47
47
47
47
47
47
47
47
47
47
47
47
47
47
47
47
47
47
47
47
47
47
47
47
47
47
47
47
47
47
47
47
47
47
47
47
47
47
47
47
47
47
47
47
47
47
47
47
47
47
47
47
47
47
47
47
47
47
47
47
47
47
47
47
47
47
47
47
47
47
47
47
47
47
47
47
47
47
47
47
47
47
47
47
47
47
47
47
47
47
47
47
47
47
47
47
47
47
47
47
47
47
47
47
47
47
47
47
47
47
47
47
47
47
47
47
47
47
47
47
47
47
47
47
47
47
47
47
47
47
47
47
47
47
47
47
47
47
47
47
47
47
47
47
47
47
47
47
47
47
47
47
47
47
47
47
47
47
47
47
47
47
47
47
47
47
47
47
47
47
47
47
47
47
47
47
47
47
47
47
47
47
47
47
47
47
47
47
47
47
47
47
47
47
47
47
47
47
47
47
46
46
46
46
46
46
46
46
46
46
46
46
46
46
46
46
46
46
46
46
46
46
46
46
46
46
46
46
46
46
46
46
46
46
46
46
46
46
46
46
46
46
46
46
46
46
46
46
46
46
46
46
46
46
46
46
46
46
46
46
46
46
46
46
46
46
46
46
46
46
46
46
46
46
46
46
46
46
46
46
46
46
46
46
46
46
46
46
46
46
46
46
46
46
46
46
46
46
46
46
46
46
46
46
46
46
46
46
46
46
46
46
46
46
46
46
46
46
46
46
46
46
46
46
46
46
46
46
46
46
46
46
46
46
46
46
46
46
46
46
46
46
46
46
46
46
46
46
46
46
46
46
46
46
46
46
46
46
46
46
46
46
46
46
46
46
46
46
46
46
46
46
46
46
46
46
46
46
46
46
46
46
46
46
46
46
46
46
46
46
46
46
46
46
46
46
46
46
46
46
46
46
46
46
46
46
46
46
46
46
46
46
46
46
46
46
46
46
46
46
46
46
46
46
46
46
46
46
46
46
46
46
46
46
46
46
46
46
46
46
46
46
46
46
46
46
46
46
46
46
46
46
46
46
46
45
45
45
45
45
45
45
45
45
45
45
45
45
45
45
45
45
45
45
45
45
45
45
45
45
45
45
45
45
45
45
45
45
45
45
45
45
45
45
45
45
45
45
45
45
45
45
45
45
45
45
45
45
45
45
45
45
45
45
45
45
45
45
45
45
45
45
45
45
45
45
45
45
45
45
45
45
45
45
45
45
45
45
45
45
45
45
45
45
45
45
45
45
45
45
45
45
45
45
45
45
45
45
45
45
45
45
45
45
45
45
45
45
45
45
45
45
45
45
45
45
45
45
45
45
45
45
45
45
45
45
45
45
45
45
45
45
45
45
45
45
45
45
45
45
45
45
45
45
45
45
45
45
45
45
45
45
45
45
45
45
45
45
45
45
45
45
45
45
45
45
45
45
45
45
45
45
45
45
45
45
45
45
45
45
45
45
45
45
45
45
45
45
45
45
45
45
45
45
45
45
45
45
45
45
45
45
45
45
45
45
45
45
45
45
45
45
45
45
45
45
45
45
45
45
45
45
45
45
45
45
45
45
45
45
44
44
44
44
44
44
44
44
44
44
44
44
44
44
44
44
44
44
44
44
44
44
44
44
44
44
44
44
44
44
44
44
44
44
44
44
44
44
44
44
44
44
44
44
44
44
44
44
44
44
44
44
44
44
44
44
44
44
44
44
44
44
44
44
44
44
44
44
44
44
44
44
44
44
44
44
44
44
44
44
44
44
44
44
44
44
44
44
44
44
44
44
44
44
44
44
44
44
44
44
44
44
44
44
44
44
44
44
44
44
44
44
44
44
44
44
44
44
44
44
44
44
44
44
44
44
44
44
44
44
44
44
44
44
44
44
44
44
44
44
44
44
44
44
44
44
44
44
44
44
44
44
44
44
44
44
44
44
44
44
44
44
44
44
44
44
44
44
44
44
44
44
44
44
44
44
44
44
44
44
44
44
44
44
44
44
44
44
44
44
44
44
44
44
44
44
44
44
44
44
44
44
44
44
44
44
44
44
44
44
44
44
44
44
44
44
44
44
44
44
44
44
44
44
44
44
44
44
44
44
44
44
44
44
44
44
44
44
43
43
43
43
43
43
43
43
43
43
43
43
43
43
43
43
43
43
43
43
43
43
43
43
43
43
43
43
43
43
43
43
43
43
43
43
43
43
43
43
43
43
43
43
43
43
43
43
43
43
43
43
43
43
43
43
43
43
43
43
43
43
43
43
43
43
43
43
43
43
43
43
43
43
43
43
43
43
43
43
43
43
43
43
43
43
43
43
43
43
43
43
43
43
43
43
43
43
43
43
43
43
43
43
43
43
43
43
43
43
43
43
43
43
43
43
43
43
43
43
43
43
43
43
43
43
43
43
43
43
43
43
43
43
43
43
43
43
43
43
43
43
43
43
43
43
43
43
43
43
43
43
43
43
43
43
43
43
43
43
43
43
43
43
43
43
43
43
43
43
43
43
43
43
43
43
43
43
43
43
43
43
43
43
43
43
43
43
43
43
43
43
43
43
43
43
43
43
43
43
43
43
43
43
43
43
43
43
43
43
43
43
43
43
43
43
43
43
43
43
43
43
43
43
43
43
43
43
43
43
43
43
43
43
43
43
43
43
43
42
42
42
42
42
42
42
42
42
42
42
42
42
42
42
42
42
42
42
42
42
42
42
42
42
42
42
42
42
42
42
42
42
42
42
42
42
42
42
42
42
42
42
42
42
42
42
42
42
42
42
42
42
42
42
42
42
42
42
42
42
42
42
42
42
42
42
42
42
42
42
42
42
42
42
42
42
42
42
42
42
42
42
42
42
42
42
42
42
42
42
42
42
42
42
42
42
42
42
42
42
42
42
42
42
42
42
42
42
42
42
42
42
42
42
42
42
42
42
42
42
42
42
42
42
42
42
42
42
42
42
42
42
42
42
42
42
42
42
42
42
42
42
42
42
42
42
42
42
42
42
42
42
42
42
42
42
42
42
42
42
42
42
42
42
42
42
42
42
42
42
42
42
42
42
42
42
42
42
42
42
42
42
42
42
42
42
42
42
42
42
42
42
42
42
42
42
42
42
42
42
42
42
42
42
42
42
42
42
42
42
42
42
42
42
42
42
42
42
42
42
42
42
42
42
42
42
42
42
42
42
42
41
41
41
41
41
41
41
41
41
41
41
41
41
41
41
41
41
41
41
41
41
41
41
41
41
41
41
41
41
41
41
41
41
41
41
41
41
41
41
41
41
41
41
41
41
41
41
41
41
41
41
41
41
41
41
41
41
41
41
41
41
41
41
41
41
41
41
41
41
41
41
41
41
41
41
41
41
41
41
41
41
41
41
41
41
41
41
41
41
41
41
41
41
41
41
41
41
41
41
41
41
41
41
41
41
41
41
41
41
41
41
41
41
41
41
41
41
41
41
41
41
41
41
41
41
41
41
41
41
41
41
41
41
41
41
41
41
41
41
41
41
41
41
41
41
41
41
41
41
41
41
41
41
41
41
41
41
41
41
41
41
41
41
41
41
41
41
41
41
41
41
41
41
41
41
41
41
41
41
41
41
41
41
41
41
41
41
41
41
41
41
41
41
41
41
41
41
41
41
41
41
41
41
41
41
41
41
41
41
41
41
41
41
41
41
41
41
41
41
41
41
41
41
41
41
41
41
41
41
41
41
41
41
41
41
41
41
41
41
41
41
41
41
41
41
41
40
40
40
40
40
40
40
40
40
40
40
40
40
40
40
40
40
40
40
40
40
40
40
40
40
40
40
40
40
40
40
40
40
40
40
40
40
40
40
40
40
40
40
40
40
40
40
40
40
40
40
40
40
40
40
40
40
40
40
40
40
40
40
40
40
40
40
40
40
40
40
40
40
40
40
40
40
40
40
40
40
40
40
40
40
40
40
40
40
40
40
40
40
40
40
40
40
40
40
40
40
40
40
40
40
40
40
40
40
40
40
40
40
40
40
40
40
40
40
40
40
40
40
40
40
40
40
40
40
40
40
40
40
40
40
40
40
40
40
40
40
40
40
40
40
40
40
40
40
40
40
40
40
40
40
40
40
40
40
40
40
40
40
40
40
40
40
40
40
40
40
40
40
40
40
40
40
40
40
40
40
40
40
40
40
40
40
40
40
40
40
40
40
40
40
40
40
40
40
40
40
40
40
40
40
40
40
40
40
40
40
40
40
40
40
40
40
40
40
40
40
40
40
40
40
40
40
40
40
40
40
40
40
40
40
40
40
40
40
40
39
39
39
39
39
39
39
39
39
39
39
39
39
39
39
39
39
39
39
39
39
39
39
39
39
39
39
39
39
39
39
39
39
39
39
39
39
39
39
39
39
39
39
39
39
39
39
39
39
39
39
39
39
39
39
39
39
39
39
39
39
39
39
39
39
39
39
39
39
39
39
39
39
39
39
39
39
39
39
39
39
39
39
39
39
39
39
39
39
39
39
39
39
39
39
39
39
39
39
39
39
39
39
39
39
39
39
39
39
39
39
39
39
39
39
39
39
39
39
39
39
39
39
39
39
39
39
39
39
39
39
39
39
39
39
39
39
39
39
39
39
39
39
39
39
39
39
39
39
39
39
39
39
39
39
39
39
39
39
39
39
39
39
39
39
39
39
39
39
39
39
39
39
39
39
39
39
39
39
39
39
39
39
39
39
39
39
39
39
39
39
39
39
39
39
39
39
39
39
39
39
39
39
39
39
39
39
39
39
39
39
39
38
38
38
38
38
38
38
38
38
38
38
38
38
38
38
38
38
38
38
38
38
38
38
38
38
38
38
38
38
38
38
38
38
38
38
38
38
38
38
38
38
38
38
38
38
38
38
38
38
38
38
38
38
38
38
38
38
38
38
38
38
38
38
38
38
38
38
38
38
38
38
38
38
38
38
38
38
38
38
38
38
38
38
38
38
38
38
38
38
38
38
38
38
38
38
38
38
38
38
38
38
38
38
38
38
38
38
38
38
38
38
38
38
38
38
38
38
38
38
38
38
38
38
38
38
38
38
38
38
38
38
38
38
38
38
38
38
38
38
38
38
38
38
38
38
38
38
38
38
38
38
38
38
38
38
38
38
38
38
38
38
38
38
38
38
38
38
38
38
38
38
38
38
38
38
38
38
38
38
38
38
38
38
38
38
38
38
38
38
38
38
38
38
38
38
38
38
38
38
38
38
38
38
38
38
38
38
38
38
38
38
38
38
38
38
38
38
38
38
38
38
38
38
38
38
38
38
38
38
38
38
38
38
38
38
38
38
38
38
38
38
37
37
37
37
37
37
37
37
37
37
37
37
37
37
37
37
37
37
37
37
37
37
37
37
37
37
37
37
37
37
37
37
37
37
37
37
37
37
37
37
37
37
37
37
37
37
37
37
37
37
37
37
37
37
37
37
37
37
37
37
37
37
37
37
37
37
37
37
37
37
37
37
37
37
37
37
37
37
37
37
37
37
37
37
37
37
37
37
37
37
37
37
37
37
37
37
37
37
37
37
37
37
37
37
37
37
37
37
37
37
37
37
37
37
37
37
37
37
37
37
37
37
37
37
37
37
37
37
37
37
37
37
37
37
37
37
37
37
37
37
37
37
37
37
37
37
37
37
37
37
37
37
37
37
37
37
37
37
37
37
37
37
37
37
37
37
37
37
37
37
37
37
37
37
37
37
37
37
37
37
37
37
37
37
37
37
37
37
37
37
37
37
37
37
37
37
37
37
37
37
37
37
37
37
37
37
37
37
37
37
37
37
37
37
37
37
37
37
37
37
37
37
37
37
37
37
37
37
37
37
37
37
37
37
37
37
37
36
36
36
36
36
36
36
36
36
36
36
36
36
36
36
36
36
36
36
36
36
36
36
36
36
36
36
36
36
36
36
36
36
36
36
36
36
36
36
36
36
36
36
36
36
36
36
36
36
36
36
36
36
36
36
36
36
36
36
36
36
36
36
36
36
36
36
36
36
36
36
36
36
36
36
36
36
36
36
36
36
36
36
36
36
36
36
36
36
36
36
36
36
36
36
36
36
36
36
36
36
36
36
36
36
36
36
36
36
36
36
36
36
36
36
36
36
36
36
36
36
36
36
36
36
36
36
36
36
36
36
36
36
36
36
36
36
36
36
36
36
36
36
36
36
36
36
36
36
36
36
36
36
36
36
36
36
36
36
36
36
36
36
36
36
36
36
36
36
36
36
36
36
36
36
36
36
36
36
36
36
36
36
36
36
36
36
36
36
36
36
36
36
36
36
36
36
36
36
36
36
36
36
36
36
36
36
36
36
36
36
36
36
36
36
36
36
36
36
36
36
36
36
36
36
36
36
36
36
36
36
36
36
36
36
36
36
36
36
36
36
36
36
36
36
36
36
36
36
36
36
36
36
36
36
36
36
36
36
36
35
35
35
35
35
35
35
35
35
35
35
35
35
35
35
35
35
35
35
35
35
35
35
35
35
35
35
35
35
35
35
35
35
35
35
35
35
35
35
35
35
35
35
35
35
35
35
35
35
35
35
35
35
35
35
35
35
35
35
35
35
35
35
35
35
35
35
35
35
35
35
35
35
35
35
35
35
35
35
35
35
35
35
35
35
35
35
35
35
35
35
35
35
35
35
35
35
35
35
35
35
35
35
35
35
35
35
35
35
35
35
35
35
35
35
35
35
35
35
35
35
35
35
35
35
35
35
35
35
35
35
35
35
35
35
35
35
35
35
35
35
35
35
35
35
35
35
35
35
35
35
35
35
35
35
35
35
35
35
35
35
35
35
35
35
35
35
35
35
35
35
35
35
35
35
35
35
35
35
35
35
35
35
35
35
35
35
35
35
35
35
35
35
35
35
35
35
35
35
35
35
35
35
35
35
35
35
35
35
35
35
35
35
35
35
35
35
35
35
35
35
35
35
35
34
34
34
34
34
34
34
34
34
34
34
34
34
34
34
34
34
34
34
34
34
34
34
34
34
34
34
34
34
34
34
34
34
34
34
34
34
34
34
34
34
34
34
34
34
34
34
34
34
34
34
34
34
34
34
34
34
34
34
34
34
34
34
34
34
34
34
34
34
34
34
34
34
34
34
34
34
34
34
34
34
34
34
34
34
34
34
34
34
34
34
34
34
34
34
34
34
34
34
34
34
34
34
34
34
34
34
34
34
34
34
34
34
34
34
34
34
34
34
34
34
34
34
34
34
34
34
34
34
34
34
34
34
34
34
34
34
34
34
34
34
34
34
34
34
34
34
34
34
34
34
34
34
34
34
34
34
34
34
34
34
34
34
34
34
34
34
34
34
34
34
34
34
34
34
34
34
34
34
34
34
34
34
34
34
34
34
34
34
34
34
34
34
34
34
34
34
34
34
34
34
34
34
34
34
34
34
34
34
34
34
34
34
33
33
33
33
33
33
33
33
33
33
33
33
33
33
33
33
33
33
33
33
33
33
33
33
33
33
33
33
33
33
33
33
33
33
33
33
33
33
33
33
33
33
33
33
33
33
33
33
33
33
33
33
33
33
33
33
33
33
33
33
33
33
33
33
33
33
33
33
33
33
33
33
33
33
33
33
33
33
33
33
33
33
33
33
33
33
33
33
33
33
33
33
33
33
33
33
33
33
33
33
33
33
33
33
33
33
33
33
33
33
33
33
33
33
33
33
33
33
33
33
33
33
33
33
33
33
33
33
33
33
33
33
33
33
33
33
33
33
33
33
33
33
33
33
33
33
33
33
33
33
33
33
33
33
33
33
33
33
33
33
33
33
33
33
33
33
33
33
33
33
33
33
33
33
33
33
33
33
33
33
33
33
33
33
33
33
33
33
33
33
33
33
33
33
33
33
33
33
33
33
33
33
33
33
33
33
33
33
33
33
33
33
33
33
33
33
33
33
33
33
33
33
33
33
33
33
33
33
33
33
33
33
33
33
32
32
32
32
32
32
32
32
32
32
32
32
32
32
32
32
32
32
32
32
32
32
32
32
32
32
32
32
32
32
32
32
32
32
32
32
32
32
32
32
32
32
32
32
32
32
32
32
32
32
32
32
32
32
32
32
32
32
32
32
32
32
32
32
32
32
32
32
32
32
32
32
32
32
32
32
32
32
32
32
32
32
32
32
32
32
32
32
32
32
32
32
32
32
32
32
32
32
32
32
32
32
32
32
32
32
32
32
32
32
32
32
32
32
32
32
32
32
32
32
32
32
32
32
32
32
32
32
32
32
32
32
32
32
32
32
32
32
32
32
32
32
32
32
32
32
32
32
32
32
32
32
32
32
32
32
32
32
32
32
32
32
32
32
32
32
32
32
32
32
32
32
32
32
32
32
32
32
32
32
32
32
32
32
32
32
32
32
32
32
32
32
32
32
32
32
32
32
32
32
32
32
32
32
32
32
32
32
32
32
32
32
32
32
32
32
32
32
32
32
32
32
32
32
32
32
32
32
32
32
32
32
32
32
32
32
32
32
32
32
32
32
32
32
32
32
32
32
32
32
32
32
32
32
31
31
31
31
31
31
31
31
31
31
31
31
31
31
31
31
31
31
31
31
31
31
31
31
31
31
31
31
31
31
31
31
31
31
31
31
31
31
31
31
31
31
31
31
31
31
31
31
31
31
31
31
31
31
31
31
31
31
31
31
31
31
31
31
31
31
31
31
31
31
31
31
31
31
31
31
31
31
31
31
31
31
31
31
31
31
31
31
31
31
31
31
31
31
31
31
31
31
31
31
31
31
31
31
31
31
31
31
31
31
31
31
31
31
31
31
31
31
31
31
31
31
31
31
31
31
31
31
31
31
31
31
31
31
31
31
31
31
31
31
31
31
31
31
31
31
31
31
31
31
31
31
31
31
31
31
31
31
31
31
31
31
31
31
31
31
31
31
31
31
31
31
31
31
31
31
31
31
31
31
31
31
31
31
31
31
31
31
31
31
31
31
31
31
31
31
31
31
31
31
31
31
31
31
31
31
31
31
31
31
31
31
31
31
31
31
31
31
31
31
31
31
31
30
30
30
30
30
30
30
30
30
30
30
30
30
30
30
30
30
30
30
30
30
30
30
30
30
30
30
30
30
30
30
30
30
30
30
30
30
30
30
30
30
30
30
30
30
30
30
30
30
30
30
30
30
30
30
30
30
30
30
30
30
30
30
30
30
30
30
30
30
30
30
30
30
30
30
30
30
30
30
30
30
30
30
30
30
30
30
30
30
30
30
30
30
30
30
30
30
30
30
30
30
30
30
30
30
30
30
30
30
30
30
30
30
30
30
30
30
30
30
30
30
30
30
30
30
30
30
30
30
30
30
30
30
30
30
30
30
30
30
30
30
30
30
30
30
30
30
30
30
30
30
30
30
30
30
30
30
30
30
30
30
30
30
30
30
30
30
30
30
30
30
30
30
30
30
30
30
30
30
30
30
30
30
30
30
30
30
30
30
30
30
30
30
30
30
30
30
30
30
30
30
30
30
30
30
30
30
30
30
30
30
30
30
30
30
30
30
30
30
30
29
29
29
29
29
29
29
29
29
29
29
29
29
29
29
29
29
29
29
29
29
29
29
29
29
29
29
29
29
29
29
29
29
29
29
29
29
29
29
29
29
29
29
29
29
29
29
29
29
29
29
29
29
29
29
29
29
29
29
29
29
29
29
29
29
29
29
29
29
29
29
29
29
29
29
29
29
29
29
29
29
29
29
29
29
29
29
29
29
29
29
29
29
29
29
29
29
29
29
29
29
29
29
29
29
29
29
29
29
29
29
29
29
29
29
29
29
29
29
29
29
29
29
29
29
29
29
29
29
29
29
29
29
29
29
29
29
29
29
29
29
29
29
29
29
29
29
29
29
29
29
29
29
29
29
29
29
29
29
29
29
29
29
29
29
29
29
29
29
29
29
29
29
29
29
29
29
29
29
29
29
29
29
29
29
29
29
29
29
29
29
29
29
29
29
29
29
29
29
29
29
29
29
29
29
28
28
28
28
28
28
28
28
28
28
28
28
28
28
28
28
28
28
28
28
28
28
28
28
28
28
28
28
28
28
28
28
28
28
28
28
28
28
28
28
28
28
28
28
28
28
28
28
28
28
28
28
28
28
28
28
28
28
28
28
28
28
28
28
28
28
28
28
28
28
28
28
28
28
28
28
28
28
28
28
28
28
28
28
28
28
28
28
28
28
28
28
28
28
28
28
28
28
28
28
28
28
28
28
28
28
28
28
28
28
28
28
28
28
28
28
28
28
28
28
28
28
28
28
28
28
28
28
28
28
28
28
28
28
28
28
28
28
28
28
28
28
28
28
28
28
28
28
28
28
28
28
28
28
28
28
28
28
28
28
28
28
28
28
28
28
28
28
28
28
28
28
28
28
28
28
28
28
28
28
28
28
28
28
28
28
28
28
28
28
28
28
28
28
28
28
28
28
28
28
28
28
28
28
28
28
28
28
28
28
28
28
28
28
28
28
28
28
28
28
28
28
28
28
28
28
28
28
28
28
28
28
28
28
28
28
28
28
28
28
28
27
27
27
27
27
27
27
27
27
27
27
27
27
27
27
27
27
27
27
27
27
27
27
27
27
27
27
27
27
27
27
27
27
27
27
27
27
27
27
27
27
27
27
27
27
27
27
27
27
27
27
27
27
27
27
27
27
27
27
27
27
27
27
27
27
27
27
27
27
27
27
27
27
27
27
27
27
27
27
27
27
27
27
27
27
27
27
27
27
27
27
27
27
27
27
27
27
27
27
27
27
27
27
27
27
27
27
27
27
27
27
27
27
27
27
27
27
27
27
27
27
27
27
27
27
27
27
27
27
27
27
27
27
27
27
27
27
27
27
27
27
27
27
27
27
27
27
27
27
27
27
27
27
27
27
27
27
27
27
27
27
27
27
27
27
27
27
27
27
27
27
27
27
27
27
27
27
27
27
27
27
27
27
27
27
27
27
27
27
27
27
27
27
27
27
27
27
27
27
27
27
27
27
27
27
27
27
27
27
27
27
27
27
27
27
27
27
27
27
27
27
27
27
27
27
27
27
27
26
26
26
26
26
26
26
26
26
26
26
26
26
26
26
26
26
26
26
26
26
26
26
26
26
26
26
26
26
26
26
26
26
26
26
26
26
26
26
26
26
26
26
26
26
26
26
26
26
26
26
26
26
26
26
26
26
26
26
26
26
26
26
26
26
26
26
26
26
26
26
26
26
26
26
26
26
26
26
26
26
26
26
26
26
26
26
26
26
26
26
26
26
26
26
26
26
26
26
26
26
26
26
26
26
26
26
26
26
26
26
26
26
26
26
26
26
26
26
26
26
26
26
26
26
26
26
26
26
26
26
26
26
26
26
26
26
26
26
26
26
26
26
26
26
26
26
26
26
26
26
26
26
26
26
26
26
26
26
26
26
26
26
26
26
26
26
26
26
26
26
26
26
26
26
26
26
26
26
26
26
26
26
26
26
26
26
26
26
26
26
26
26
26
26
26
26
26
26
26
26
26
26
26
26
26
26
26
26
26
26
26
26
26
26
26
26
26
26
25
25
25
25
25
25
25
25
25
25
25
25
25
25
25
25
25
25
25
25
25
25
25
25
25
25
25
25
25
25
25
25
25
25
25
25
25
25
25
25
25
25
25
25
25
25
25
25
25
25
25
25
25
25
25
25
25
25
25
25
25
25
25
25
25
25
25
25
25
25
25
25
25
25
25
25
25
25
25
25
25
25
25
25
25
25
25
25
25
25
25
25
25
25
25
25
25
25
25
25
25
25
25
25
25
25
25
25
25
25
25
25
25
25
25
25
25
25
25
25
25
25
25
25
25
25
25
25
25
25
25
25
25
25
25
25
25
25
25
25
25
25
25
25
25
25
25
25
25
25
25
25
25
25
25
25
25
25
25
25
25
25
25
25
25
25
25
25
25
25
25
25
25
25
25
25
25
25
25
25
25
25
25
25
25
25
25
25
25
25
25
25
25
25
25
25
25
25
25
25
25
25
25
25
25
25
25
25
25
24
24
24
24
24
24
24
24
24
24
24
24
24
24
24
24
24
24
24
24
24
24
24
24
24
24
24
24
24
24
24
24
24
24
24
24
24
24
24
24
24
24
24
24
24
24
24
24
24
24
24
24
24
24
24
24
24
24
24
24
24
24
24
24
24
24
24
24
24
24
24
24
24
24
24
24
24
24
24
24
24
24
24
24
24
24
24
24
24
24
24
24
24
24
24
24
24
24
24
24
24
24
24
24
24
24
24
24
24
24
24
24
24
24
24
24
24
24
24
24
24
24
24
24
24
24
24
24
24
24
24
24
24
24
24
24
24
24
24
24
24
24
24
24
24
24
24
24
24
24
24
24
24
24
24
24
24
24
24
24
24
24
24
24
24
24
24
24
24
24
24
24
24
24
24
24
24
24
24
24
24
24
24
24
24
24
24
24
24
24
24
24
24
24
24
24
24
24
24
24
24
24
24
24
24
24
24
24
24
24
24
24
24
24
24
24
24
24
24
24
24
24
24
24
24
24
24
24
24
24
24
23
23
23
23
23
23
23
23
23
23
23
23
23
23
23
23
23
23
23
23
23
23
23
23
23
23
23
23
23
23
23
23
23
23
23
23
23
23
23
23
23
23
23
23
23
23
23
23
23
23
23
23
23
23
23
23
23
23
23
23
23
23
23
23
23
23
23
23
23
23
23
23
23
23
23
23
23
23
23
23
23
23
23
23
23
23
23
23
23
23
23
23
23
23
23
23
23
23
23
23
23
23
23
23
23
23
23
23
23
23
23
23
23
23
23
23
23
23
23
23
23
23
23
23
23
23
23
23
23
23
23
23
23
23
23
23
23
23
23
23
23
23
23
23
23
23
23
23
23
23
23
23
23
23
23
23
23
23
23
23
23
23
23
23
23
23
23
23
23
23
23
23
23
23
23
23
23
23
23
23
23
23
23
23
23
23
23
23
23
23
23
23
23
23
23
23
23
23
23
23
23
23
23
23
23
23
23
23
23
23
23
23
23
23
23
22
22
22
22
22
22
22
22
22
22
22
22
22
22
22
22
22
22
22
22
22
22
22
22
22
22
22
22
22
22
22
22
22
22
22
22
22
22
22
22
22
22
22
22
22
22
22
22
22
22
22
22
22
22
22
22
22
22
22
22
22
22
22
22
22
22
22
22
22
22
22
22
22
22
22
22
22
22
22
22
22
22
22
22
22
22
22
22
22
22
22
22
22
22
22
22
22
22
22
22
22
22
22
22
22
22
22
22
22
22
22
22
22
22
22
22
22
22
22
22
22
22
22
22
22
22
22
22
22
22
22
22
22
22
22
22
22
22
22
22
22
22
22
22
22
22
22
22
22
22
22
22
22
22
22
22
22
22
22
22
22
22
22
22
22
22
22
22
22
22
22
22
22
22
22
22
22
22
22
22
22
22
22
22
22
22
22
22
22
22
22
22
22
22
22
22
22
22
22
22
22
22
22
22
22
22
22
22
22
21
21
21
21
21
21
21
21
21
21
21
21
21
21
21
21
21
21
21
21
21
21
21
21
21
21
21
21
21
21
21
21
21
21
21
21
21
21
21
21
21
21
21
21
21
21
21
21
21
21
21
21
21
21
21
21
21
21
21
21
21
21
21
21
21
21
21
21
21
21
21
21
21
21
21
21
21
21
21
21
21
21
21
21
21
21
21
21
21
21
21
21
21
21
21
21
21
21
21
21
21
21
21
21
21
21
21
21
21
21
21
21
21
21
21
21
21
21
21
21
21
21
21
21
21
21
21
21
21
21
21
21
21
21
21
21
21
21
21
21
21
21
21
21
21
21
21
21
21
21
21
21
21
21
21
21
21
21
21
21
21
21
21
21
21
21
21
21
21
21
21
21
21
21
21
21
21
21
21
21
21
21
21
21
21
21
21
21
21
21
21
21
21
21
20
20
20
20
20
20
20
20
20
20
20
20
20
20
20
20
20
20
20
20
20
20
20
20
20
20
20
20
20
20
20
20
20
20
20
20
20
20
20
20
20
20
20
20
20
20
20
20
20
20
20
20
20
20
20
20
20
20
20
20
20
20
20
20
20
20
20
20
20
20
20
20
20
20
20
20
20
20
20
20
20
20
20
20
20
20
20
20
20
20
20
20
20
20
20
20
20
20
20
20
20
20
20
20
20
20
20
20
20
20
20
20
20
20
20
20
20
20
20
20
20
20
20
20
20
20
20
20
20
20
20
20
20
20
20
20
20
20
20
20
20
20
20
20
20
20
20
20
20
20
20
20
20
20
20
20
20
20
20
20
20
20
20
20
20
20
20
20
20
20
20
20
20
20
20
20
20
20
20
20
20
20
20
20
20
20
20
20
20
20
20
19
19
19
19
19
19
19
19
19
19
19
19
19
19
19
19
19
19
19
19
19
19
19
19
19
19
19
19
19
19
19
19
19
19
19
19
19
19
19
19
19
19
19
19
19
19
19
19
19
19
19
19
19
19
19
19
19
19
19
19
19
19
19
19
19
19
19
19
19
19
19
19
19
19
19
19
19
19
19
19
19
19
19
19
19
19
19
19
19
19
19
19
19
19
19
19
19
19
19
19
19
19
19
19
19
19
19
19
19
19
19
19
19
19
19
19
19
19
19
19
19
19
19
19
19
19
19
19
19
19
19
19
19
19
19
19
19
19
19
19
19
19
19
19
19
19
19
19
19
19
19
19
19
19
19
19
19
19
19
19
19
19
19
19
19
19
19
19
19
19
19
19
19
19
19
19
19
19
19
19
19
19
19
19
19
19
19
19
19
19
18
18
18
18
18
18
18
18
18
18
18
18
18
18
18
18
18
18
18
18
18
18
18
18
18
18
18
18
18
18
18
18
18
18
18
18
18
18
18
18
18
18
18
18
18
18
18
18
18
18
18
18
18
18
18
18
18
18
18
18
18
18
18
18
18
18
18
18
18
18
18
18
18
18
18
18
18
18
18
18
18
18
18
18
18
18
18
18
18
18
18
18
18
18
18
18
18
18
18
18
18
18
18
18
18
18
18
18
18
18
18
18
18
18
18
18
18
18
18
18
18
18
18
18
18
18
18
18
18
18
18
18
18
18
18
18
18
18
18
18
18
18
18
18
18
18
18
18
18
18
18
18
18
18
18
18
18
18
18
18
18
18
18
18
18
17
17
17
17
17
17
17
17
17
17
17
17
17
17
17
17
17
17
17
17
17
17
17
17
17
17
17
17
17
17
17
17
17
17
17
17
17
17
17
17
17
17
17
17
17
17
17
17
17
17
17
17
17
17
17
17
17
17
17
17
17
17
17
17
17
17
17
17
17
17
17
17
17
17
17
17
17
17
17
17
17
17
17
17
17
17
17
17
17
17
17
17
17
17
17
17
17
17
17
17
17
17
17
17
17
17
17
17
17
17
17
17
17
17
17
17
17
17
17
17
17
17
17
17
17
17
17
17
17
17
17
17
17
17
17
17
17
17
17
17
17
17
17
17
17
17
17
17
17
17
17
17
17
17
17
17
17
17
17
17
17
17
17
17
17
17
17
17
17
17
17
17
17
17
17
17
17
17
17
17
17
17
17
16
16
16
16
16
16
16
16
16
16
16
16
16
16
16
16
16
16
16
16
16
16
16
16
16
16
16
16
16
16
16
16
16
16
16
16
16
16
16
16
16
16
16
16
16
16
16
16
16
16
16
16
16
16
16
16
16
16
16
16
16
16
16
16
16
16
16
16
16
16
16
16
16
16
16
16
16
16
16
16
16
16
16
16
16
16
16
16
16
16
16
16
16
16
16
16
16
16
16
16
16
16
16
16
16
16
16
16
16
16
16
16
16
16
16
16
16
16
16
16
16
16
16
16
16
16
16
16
16
16
16
16
16
16
16
16
16
16
16
16
16
16
16
16
16
16
16
16
16
16
15
15
15
15
15
15
15
15
15
15
15
15
15
15
15
15
15
15
15
15
15
15
15
15
15
15
15
15
15
15
15
15
15
15
15
15
15
15
15
15
15
15
15
15
15
15
15
15
15
15
15
15
15
15
15
15
15
15
15
15
15
15
15
15
15
15
15
15
15
15
15
15
15
15
15
15
15
15
15
15
15
15
15
15
15
15
15
15
15
15
15
15
15
15
15
15
15
15
15
15
15
15
15
15
15
15
15
15
15
15
15
15
15
15
15
15
15
15
15
15
15
15
15
15
15
15
15
15
15
15
15
15
15
15
15
15
15
15
15
15
15
15
15
15
15
15
15
15
15
15
15
15
15
15
15
15
15
15
15
15
15
15
15
15
15
15
15
15
15
14
14
14
14
14
14
14
14
14
14
14
14
14
14
14
14
14
14
14
14
14
14
14
14
14
14
14
14
14
14
14
14
14
14
14
14
14
14
14
14
14
14
14
14
14
14
14
14
14
14
14
14
14
14
14
14
14
14
14
14
14
14
14
14
14
14
14
14
14
14
14
14
14
14
14
14
14
14
14
14
14
14
14
14
14
14
14
14
14
14
14
14
14
14
14
14
14
14
14
14
14
14
14
14
14
14
14
14
14
14
14
14
14
14
14
14
14
14
14
14
14
14
14
14
14
14
14
14
14
14
14
14
14
14
14
14
14
14
14
14
14
14
14
14
14
14
14
14
14
14
14
14
14
14
14
14
14
14
14
14
14
14
14
14
14
14
14
13
13
13
13
13
13
13
13
13
13
13
13
13
13
13
13
13
13
13
13
13
13
13
13
13
13
13
13
13
13
13
13
13
13
13
13
13
13
13
13
13
13
13
13
13
13
13
13
13
13
13
13
13
13
13
13
13
13
13
13
13
13
13
13
13
13
13
13
13
13
13
13
13
13
13
13
13
13
13
13
13
13
13
13
13
13
13
13
13
13
13
13
13
13
13
13
13
13
13
13
13
13
13
13
13
13
13
13
13
13
13
13
13
13
13
13
13
13
13
13
13
13
13
13
12
12
12
12
12
12
12
12
12
12
12
12
12
12
12
12
12
12
12
12
12
12
12
12
12
12
12
12
12
12
12
12
12
12
12
12
12
12
12
12
12
12
12
12
12
12
12
12
12
12
12
12
12
12
12
12
12
12
12
12
12
12
12
12
12
12
12
12
12
12
12
12
12
12
12
12
12
12
12
12
12
12
12
12
12
12
12
12
12
12
12
12
12
12
12
12
12
12
12
12
12
12
12
12
12
12
12
12
12
12
12
12
12
12
12
12
12
12
12
12
12
12
12
12
12
12
12
12
12
12
12
12
12
12
12
12
12
12
12
12
12
12
12
12
12
12
12
12
11
11
11
11
11
11
11
11
11
11
11
11
11
11
11
11
11
11
11
11
11
11
11
11
11
11
11
11
11
11
11
11
11
11
11
11
11
11
11
11
11
11
11
11
11
11
11
11
11
11
11
11
11
11
11
11
11
11
11
11
11
11
11
11
11
11
11
11
11
11
11
11
11
11
11
11
11
11
11
11
11
11
11
11
11
11
11
11
11
11
11
11
11
11
11
11
11
11
11
11
11
11
11
11
11
11
11
11
11
11
11
11
11
11
11
11
11
11
11
11
11
11
11
11
11
11
11
11
11
11
11
11
11
11
11
11
10
10
10
10
10
10
10
10
10
10
10
10
10
10
10
10
10
10
10
10
10
10
10
10
10
10
10
10
10
10
10
10
10
10
10
10
10
10
10
10
10
10
10
10
10
10
10
10
10
10
10
10
10
10
10
10
10
10
10
10
10
10
10
10
10
10
10
10
10
10
10
10
10
10
10
10
10
10
10
10
10
10
10
10
10
10
10
10
10
10
10
10
10
10
10
10
10
10
10
10
10
10
10
10
10
10
10
10
10
10
10
10
10
10
10
10
10
10
10
10
10
10
10
10
10
10
10
10
10
10
10
10
10
10
10
10
10
10
10
10
10
10
10
10
10
9
9
9
9
9
9
9
9
9
9
9
9
9
9
9
9
9
9
9
9
9
9
9
9
9
9
9
9
9
9
9
9
9
9
9
9
9
9
9
9
9
9
9
9
9
9
9
9
9
9
9
9
9
9
9
9
9
9
9
9
9
9
9
9
9
9
9
9
9
9
9
9
9
9
9
9
9
9
9
9
9
9
9
9
9
9
9
9
9
9
9
9
9
9
9
9
9
9
9
9
9
9
9
9
9
9
9
9
9
9
9
9
8
8
8
8
8
8
8
8
8
8
8
8
8
8
8
8
8
8
8
8
8
8
8
8
8
8
8
8
8
8
8
8
8
8
8
8
8
8
8
8
8
8
8
8
8
8
8
8
8
8
8
8
8
8
8
8
8
8
8
8
8
8
8
8
8
8
8
8
8
8
8
8
8
8
8
8
8
8
8
8
8
8
8
8
8
8
8
8
8
8
8
8
8
8
8
8
8
8
8
8
8
8
8
8
7
7
7
7
7
7
7
7
7
7
7
7
7
7
7
7
7
7
7
7
7
7
7
7
7
7
7
7
7
7
7
7
7
7
7
7
7
7
7
7
7
7
7
7
7
7
7
7
7
7
7
7
7
7
7
7
7
7
7
7
7
7
7
7
7
7
7
7
7
7
7
7
7
7
7
7
7
7
7
7
6
6
6
6
6
6
6
6
6
6
6
6
6
6
6
6
6
6
6
6
6
6
6
6
6
6
6
6
6
6
6
6
6
6
6
6
6
6
6
6
6
6
6
6
6
6
6
6
6
6
6
6
6
6
6
6
6
6
6
6
6
6
6
6
6
6
6
6
6
6
6
6
6
6
6
5
5
5
5
5
5
5
5
5
5
5
5
5
5
5
5
5
5
5
5
5
5
5
5
5
5
5
5
5
5
5
5
5
5
5
5
5
5
5
5
5
5
5
5
5
5
5
5
5
5
5
5
5
5
5
5
5
5
5
5
5
5
5
5
5
5
5
5
4
4
4
4
4
4
4
4
4
4
4
4
4
4
4
4
4
4
4
4
4
4
4
4
4
4
4
4
4
4
4
3
3
3
3
3
3
3
3
3
3
3
3
3
3
3
3
3
3
3
3
3
3
3
3
3
3
3
3
3
3
3
3
3
3
2
2
2
2
2
2
2
2
2
2
2
2
2
1
1
1
1
1
1
1
1
1
1
