506568
432655
382939
343288
312229
293316
288850
274964
263689
255166
244541
236482
235569
234899
225567
207962
205160
203874
199483
199051
198778
196846
196758
196001
195355
189987
189080
181763
180199
176994
176693
170822
167440
163517
162716
162409
158609
156671
153799
147923
147438
146380
144141
141819
140267
140142
136666
133916
131431
129585
129416
127860
125370
125360
124960
122335
121960
121078
119003
116886
115824
114780
114373
113704
113351
113190
112586
108918
108313
107618
107083
105774
104196
104062
102952
101494
100442
100338
98107
97454
96848
96158
93977
93741
93566
92737
92387
91187
90753
90149
89870
89495
88721
86884
86481
85395
85155
84813
84572
82783
81973
80857
80536
80324
79364
78444
76625
76055
75631
75385
74673
74172
73683
73547
73388
72669
72454
71339
71230
71158
70988
70868
70738
70179
70090
69656
69588
69386
69065
67710
66161
65936
65791
65509
65478
65074
64787
64336
64065
64018
63389
63056
62990
62098
61231
60872
60543
60523
60448
60396
60389
59458
59411
58890
58795
58699
58599
58540
58378
58251
58249
57906
57589
57574
57254
57175
57039
56994
56960
56942
56862
56408
56364
56267
56099
55781
55176
55090
55088
54937
54563
54388
54150
54139
53929
53867
53851
53766
53740
53680
53525
53497
53226
53135
53059
52948
52924
52608
52425
52371
52364
52267
52250
52196
52036
51863
51656
51650
51630
51470
51320
51311
51308
51210
51174
51032
50834
50739
50572
50500
50460
50133
49905
49754
49580
49340
49322
49293
49269
49210
49204
49016
49014
48926
48750
48663
48638
48385
48225
48112
48072
47995
47745
47374
47282
46958
46905
46853
46835
46800
46793
46720
46608
46536
46527
46471
45872
45841
45665
45514
45470
45446
45411
45362
45246
45198
45193
45174
44981
44546
44530
44100
43777
43771
43695
43583
43568
43538
43395
43395
43346
43304
43170
43127
43096
43058
42996
42982
42980
42921
42904
42892
42827
42778
42635
42547
42432
42377
42304
42148
42139
42056
42006
41949
41908
41894
41885
41650
41444
41441
41356
41307
41032
41005
40978
40906
40904
40879
40830
40752
40705
40661
40594
40520
40479
40462
40445
40315
40194
40103
40055
40007
39866
39825
39822
39771
39562
39544
39487
39354
39345
39243
39219
39012
38986
38954
38914
38894
38885
38883
38874
38848
38838
38831
38829
38818
38780
38766
38679
38622
38601
38434
38423
38356
38283
38250
38044
37954
37920
37797
37735
37702
37674
37619
37596
37584
37576
37563
37432
37312
37292
37289
37235
37201
37122
36997
36939
36861
36847
36842
36804
36796
36714
36685
36612
36604
36547
36530
36389
36310
36269
36266
36215
36198
36165
36153
36012
35967
35907
35831
35789
35727
35667
35666
35621
35569
35484
35444
35435
35387
35293
35286
35250
35228
35194
35114
34986
34952
34908
34903
34888
34877
34876
34867
34859
34850
34816
34650
34649
34626
34571
34554
34549
34443
34435
34249
34196
34169
34142
34139
34123
34102
34042
34025
34013
33868
33836
33759
33674
33668
33644
33505
33406
33343
33342
33311
33290
33290
33270
33230
33177
33164
33133
33122
33082
33039
32944
32909
32753
32735
32454
32397
32370
32351
32251
32146
32125
32110
32026
32022
32020
31942
31937
31924
31801
31791
31753
31699
31697
31679
31539
31538
31514
31513
31486
31382
31306
31306
31272
31265
31238
31208
31179
31141
31087
31059
31038
31001
30974
30965
30943
30939
30935
30905
30887
30883
30845
30833
30829
30753
30736
30729
30685
30644
30544
30248
30246
30233
30233
30204
30156
30142
30065
30053
29990
29962
29916
29902
29897
29885
29874
29870
29850
29779
29773
29717
29682
29671
29657
29635
29618
29600
29589
29566
29545
29542
29512
29507
29466
29459
29447
29434
29360
29358
29319
29310
29275
29236
29234
29232
29144
29124
29112
29106
29104
29072
29038
29037
28987
28965
28937
28936
28852
28838
28822
28813
28802
28786
28721
28685
28677
28603
28574
28530
28504
28488
28473
28457
28421
28411
28411
28405
28398
28381
28370
28342
28333
28226
28225
28199
28125
28107
28104
28067
27989
27919
27898
27877
27856
27851
27816
27806
27774
27647
27620
27575
27568
27546
27543
27469
27453
27420
27417
27410
27369
27366
27349
27290
27228
27218
27189
27185
27172
27159
27140
27131
27079
27040
27017
26990
26974
26964
26926
26851
26823
26818
26812
26778
26765
26749
26696
26615
26597
26594
26527
26506
26477
26424
26424
26403
26364
26343
26251
26239
26193
26171
26138
26130
26120
26091
26069
26054
26023
25972
25945
25932
25901
25864
25863
25853
25781
25754
25753
25748
25747
25737
25734
25729
25709
25673
25649
25648
25644
25641
25634
25610
25603
25600
25599
25583
25551
25549
25540
25509
25499
25495
25456
25443
25434
25420
25373
25320
25288
25249
25205
25150
25149
25137
25116
25115
25100
25023
25016
24976
24970
24966
24900
24886
24832
24790
24762
24735
24733
24726
24673
24656
24646
24599
24599
24586
24546
24514
24510
24506
24492
24486
24471
24471
24463
24460
24438
24408
24391
24339
24328
24317
24313
24312
24312
24310
24266
24236
24217
24199
24184
24175
24169
24144
24091
24088
24076
24024
23982
23974
23957
23948
23914
23894
23886
23832
23812
23810
23795
23768
23755
23738
23725
23704
23679
23665
23661
23656
23647
23633
23607
23606
23581
23571
23551
23507
23460
23443
23442
23421
23412
23409
23399
23387
23381
23372
23327
23322
23316
23312
23284
23281
23263
23258
23207
23199
23186
23182
23168
23153
23146
23131
23129
23082
23059
23057
23041
23039
23033
23027
23019
23018
23002
22990
22989
22988
22982
22976
22973
22967
22952
22945
22931
22895
22864
22859
22854
22838
22828
22824
22799
22789
22763
22753
22734
22714
22709
22700
22694
22670
22658
22633
22611
22561
22553
22549
22544
22539
22505
22502
22492
22488
22483
22476
22469
22445
22431
22408
22402
22400
22397
22385
22384
22382
22379
22376
22349
22318
22317
22312
22288
22271
22240
22230
22226
22226
22199
22193
22175
22163
22161
22158
22156
22150
22139
22108
22098
22091
22089
22066
22057
22040
22005
21985
21985
21938
21924
21869
21833
21830
21816
21790
21788
21776
21774
21768
21751
21731
21726
21721
21676
21673
21663
21660
21656
21654
21648
21647
21644
21636
21625
21621
21613
21603
21588
21579
21552
21537
21526
21474
21457
21436
21412
21390
21386
21383
21319
21316
21313
21289
21279
21272
21266
21256
21253
21252
21250
21250
21245
21244
21243
21223
21189
21172
21149
21093
21067
21063
21057
21051
21023
21014
21009
20955
20931
20907
20895
20889
20883
20883
20878
20872
20858
20847
20844
20842
20826
20804
20788
20778
20773
20767
20750
20727
20726
20721
20705
20700
20688
20683
20677
20647
20640
20632
20616
20596
20582
20576
20529
20517
20513
20497
20491
20471
20459
20449
20437
20434
20418
20402
20394
20383
20382
20380
20375
20354
20334
20299
20295
20287
20258
20228
20218
20207
20181
20169
20169
20151
20125
20116
20090
20077
20074
20059
20023
20011
19996
19977
19971
19964
19963
19940
19937
19934
19924
19921
19895
19869
19864
19864
19845
19843
19839
19828
19803
19800
19792
19790
19785
19782
19765
19758
19753
19733
19724
19724
19720
19690
19689
19673
19660
19659
19618
19614
19588
19587
19573
19551
19533
19529
19507
19491
19489
19486
19476
19469
19454
19451
19431
19429
19428
19425
19414
19372
19367
19349
19332
19320
19317
19307
19305
19303
19301
19300
19294
19293
19292
19288
19270
19261
19251
19229
19224
19202
19191
19161
19124
19123
19068
19056
19050
19043
19033
19023
19009
18996
18986
18966
18952
18952
18951
18914
18913
18905
18886
18886
18810
18807
18796
18785
18785
18771
18768
18756
18756
18749
18742
18735
18715
18703
18696
18652
18648
18638
18633
18629
18628
18590
18588
18587
18575
18559
18551
18543
18502
18492
18476
18461
18459
18451
18444
18441
18430
18415
18389
18385
18371
18363
18359
18351
18344
18342
18318
18317
18309
18261
18250
18245
18245
18224
18211
18202
18139
18133
18117
18115
18112
18109
18103
18102
18093
18082
18071
18068
18068
18066
18061
18054
18033
18031
18024
17999
17998
17998
17995
17990
17986
17983
17977
17976
17950
17941
17931
17928
17919
17894
17887
17880
17879
17849
17849
17846
17840
17838
17830
17827
17814
17813
17802
17783
17777
17774
17756
17744
17735
17719
17713
17711
17709
17684
17670
17660
17656
17646
17640
17629
17629
17626
17616
17578
17573
17570
17549
17534
17524
17516
17512
17510
17507
17495
17456
17454
17452
17451
17443
17440
17439
17429
17428
17423
17407
17395
17380
17365
17355
17354
17346
17326
17307
17300
17298
17284
17282
17278
17273
17256
17248
17247
17243
17241
17233
17230
17229
17215
17215
17208
17190
17187
17187
17176
17161
17157
17156
17135
17126
17118
17114
17110
17101
17101
17100
17099
17095
17093
17072
17065
17054
17053
17026
17022
17018
17018
16977
16966
16956
16950
16937
16927
16926
16918
16893
16883
16857
16857
16856
16852
16848
16835
16833
16816
16800
16777
16761
16759
16757
16723
16704
16691
16677
16677
16676
16675
16669
16666
16645
16644
16642
16639
16636
16616
16612
16608
16604
16599
16596
16590
16579
16572
16571
16554
16547
16538
16527
16527
16525
16512
16512
16488
16483
16468
16460
16455
16450
16449
16427
16421
16410
16401
16380
16375
16371
16357
16332
16330
16329
16316
16315
16297
16297
16292
16273
16270
16257
16254
16243
16216
16215
16198
16175
16171
16171
16164
16163
16160
16155
16145
16143
16129
16128
16125
16115
16113
16102
16102
16098
16098
16088
16087
16079
16072
16069
16051
16046
16041
16034
16032
16013
15997
15985
15985
15980
15979
15978
15926
15923
15914
15904
15886
15878
15865
15855
15854
15836
15833
15826
15809
15802
15791
15788
15786
15780
15777
15764
15762
15752
15746
15738
15738
15735
15726
15725
15724
15719
15719
15719
15714
15712
15700
15697
15697
15693
15681
15661
15646
15643
15635
15624
15613
15607
15604
15597
15587
15583
15571
15568
15551
15539
15537
15533
15523
15520
15518
15518
15512
15500
15499
15480
15480
15478
15469
15467
15466
15466
15451
15447
15438
15431
15430
15424
15421
15419
15418
15416
15409
15402
15389
15380
15378
15378
15371
15369
15369
15362
15362
15359
15356
15341
15339
15334
15318
15307
15289
15285
15277
15275
15274
15251
15251
15249
15242
15242
15240
15237
15235
15221
15219
15216
15214
15208
15201
15194
15189
15189
15186
15183
15179
15174
15163
15158
15148
15144
15139
15123
15119
15108
15105
15103
15092
15088
15079
15076
15067
15058
15047
15046
15028
15027
15022
15008
15004
14997
14996
14994
14987
14972
14953
14948
14942
14941
14940
14938
14937
14935
14932
14931
14911
14907
14901
14900
14897
14892
14890
14880
14865
14851
14838
14835
14828
14820
14819
14813
14784
14774
14771
14763
14747
14733
14726
14718
14712
14698
14697
14695
14680
14672
14658
14653
14647
14641
14635
14635
14615
14613
14610
14610
14596
14585
14580
14577
14575
14574
14573
14569
14567
14559
14556
14545
14541
14540
14536
14527
14523
14519
14511
14509
14505
14493
14478
14475
14474
14473
14468
14460
14445
14439
14437
14427
14424
14421
14415
14403
14397
14394
14382
14382
14376
14374
14372
14369
14362
14360
14360
14354
14347
14346
14342
14340
14336
14332
14328
14325
14319
14311
14309
14309
14301
14289
14285
14279
14278
14277
14264
14262
14256
14250
14241
14241
14240
14237
14233
14230
14218
14218
14218
14201
14200
14196
14189
14186
14179
14178
14171
14169
14169
14169
14161
14157
14153
14153
14151
14150
14134
14131
14118
14113
14113
14104
14104
14099
14096
14087
14084
14079
14063
14056
14056
14052
14050
14049
14049
14041
14038
14034
14017
14009
14005
13996
13961
13960
13956
13954
13953
13948
13947
13922
13919
13916
13914
13903
13897
13885
13882
13871
13865
13864
13863
13861
13860
13854
13852
13842
13841
13841
13817
13808
13798
13795
13788
13786
13773
13752
13751
13750
13747
13747
13732
13728
13708
13707
13706
13705
13692
13688
13683
13682
13676
13669
13661
13661
13656
13652
13641
13635
13634
13634
13623
13619
13615
13615
13604
13590
13574
13572
13569
13562
13559
13547
13539
13537
13536
13535
13531
13527
13521
13518
13514
13509
13506
13506
13502
13487
13484
13478
13474
13471
13463
13461
13456
13454
13451
13449
13448
13446
13436
13434
13425
13419
13415
13414
13405
13405
13398
13383
13381
13363
13358
13347
13339
13337
13324
13315
13303
13303
13302
13290
13288
13286
13285
13284
13284
13278
13277
13274
13269
13261
13259
13257
13251
13241
13227
13210
13200
13197
13196
13191
13191
13182
13182
13181
13177
13162
13161
13159
13145
13144
13136
13136
13131
13128
13128
13127
13121
13117
13110
13107
13106
13101
13096
13095
13093
13085
13085
13084
13084
13082
13081
13079
13077
13074
13074
13059
13054
13051
13048
13047
13043
13041
13041
13031
13013
13010
13009
13002
12988
12987
12987
12986
12985
12982
12979
12969
12958
12953
12952
12952
12945
12940
12939
12934
12933
12931
12930
12930
12924
12910
12910
12910
12909
12903
12899
12897
12897
12894
12892
12887
12875
12869
12864
12864
12862
12861
12855
12849
12845
12838
12819
12819
12813
12799
12798
12791
12781
12772
12769
12766
12762
12762
12756
12752
12752
12750
12750
12748
12732
12730
12728
12726
12726
12725
12721
12719
12714
12711
12709
12708
12694
12694
12683
12669
12660
12658
12645
12645
12637
12633
12631
12628
12625
12622
12616
12612
12609
12608
12607
12605
12604
12597
12595
12595
12580
12572
12570
12568
12560
12559
12556
12556
12547
12537
12531
12527
12522
12513
12510
12510
12507
12505
12504
12490
12486
12485
12478
12471
12470
12468
12467
12458
12449
12448
12436
12434
12434
12433
12427
12426
12425
12423
12421
12419
12416
12411
12411
12406
12405
12404
12396
12396
12391
12389
12384
12383
12374
12372
12371
12368
12365
12359
12355
12349
12344
12341
12320
12315
12312
12312
12303
12293
12293
12289
12286
12281
12281
12278
12274
12271
12270
12268
12268
12261
12260
12252
12247
12245
12231
12228
12228
12222
12214
12213
12200
12197
12193
12186
12185
12185
12183
12176
12155
12155
12155
12155
12148
12142
12142
12141
12135
12133
12121
12110
12108
12105
12103
12103
12098
12096
12089
12088
12086
12085
12082
12081
12074
12073
12068
12067
12066
12062
12039
12026
12025
12022
12016
12014
12005
11992
11990
11985
11984
11984
11975
11972
11969
11959
11957
11956
11956
11955
11954
11950
11949
11948
11946
11944
11939
11938
11935
11932
11926
11922
11918
11914
11905
11904
11901
11900
11898
11895
11891
11883
11883
11878
11873
11872
11872
11869
11862
11855
11855
11848
11845
11844
11842
11840
11836
11834
11820
11819
11805
11803
11797
11794
11792
11784
11782
11781
11780
11775
11774
11768
11750
11748
11747
11743
11738
11735
11735
11734
11734
11730
11725
11720
11715
11713
11712
11711
11708
11707
11706
11687
11684
11680
11678
11673
11671
11660
11649
11647
11645
11644
11644
11643
11642
11640
11640
11637
11633
11628
11624
11610
11607
11607
11598
11590
11588
11586
11583
11582
11580
11574
11570
11569
11566
11563
11561
11553
11553
11543
11542
11542
11538
11535
11535
11533
11532
11532
11527
11521
11520
11517
11515
11513
11508
11503
11498
11488
11482
11479
11478
11477
11470
11459
11448
11445
11444
11443
11436
11433
11426
11423
11419
11419
11418
11410
11409
11390
11387
11386
11385
11385
11377
11367
11367
11367
11365
11362
11357
11356
11356
11351
11334
11331
11325
11321
11320
11318
11315
11307
11305
11302
11300
11299
11289
11287
11286
11282
11276
11271
11263
11263
11262
11255
11253
11252
11251
11251
11249
11246
11246
11245
11245
11244
11243
11242
11236
11234
11233
11229
11226
11226
11221
11220
11219
11213
11211
11210
11207
11199
11195
11192
11188
11188
11187
11181
11175
11174
11172
11172
11170
11169
11168
11163
11157
11152
11150
11147
11145
11143
11141
11138
11130
11129
11126
11124
11121
11116
11112
11111
11110
11110
11109
11103
11098
11095
11092
11085
11083
11077
11077
11076
11067
11066
11060
11057
11055
11052
11043
11042
11040
11036
11035
11034
11032
11027
11024
11016
11015
11010
11004
11003
11001
10988
10987
10980
10979
10979
10978
10977
10977
10976
10974
10972
10970
10967
10964
10958
10956
10949
10948
10943
10938
10933
10919
10919
10916
10915
10904
10902
10902
10902
10901
10901
10900
10897
10891
10891
10889
10887
10887
10882
10876
10876
10875
10872
10869
10868
10867
10866
10865
10864
10860
10858
10858
10857
10854
10852
10851
10850
10846
10846
10842
10839
10835
10832
10831
10831
10830
10828
10823
10822
10820
10820
10806
10805
10797
10794
10789
10780
10779
10775
10771
10768
10763
10761
10759
10750
10746
10746
10745
10740
10739
10735
10732
10729
10726
10725
10719
10717
10715
10714
10710
10701
10693
10691
10690
10688
10686
10680
10675
10674
10672
10667
10667
10665
10664
10660
10659
10658
10656
10635
10626
10625
10616
10612
10612
10612
10609
10609
10609
10608
10600
10594
10592
10591
10589
10588
10587
10583
10583
10582
10582
10581
10580
10580
10576
10567
10566
10566
10565
10561
10560
10553
10545
10544
10542
10540
10537
10536
10536
10521
10520
10520
10520
10519
10519
10518
10518
10509
10507
10506
10505
10505
10504
10501
10486
10486
10485
10484
10480
10475
10473
10473
10464
10457
10453
10452
10452
10448
10448
10434
10432
10429
10429
10424
10420
10419
10415
10413
10411
10411
10410
10409
10402
10399
10395
10394
10391
10391
10385
10382
10377
10375
10375
10371
10369
10362
10360
10360
10358
10355
10354
10353
10352
10349
10348
10346
10345
10339
10336
10335
10334
10328
10324
10317
10317
10307
10306
10305
10304
10303
10300
10295
10295
10288
10286
10285
10283
10282
10280
10280
10272
10271
10271
10269
10268
10265
10264
10264
10262
10261
10259
10258
10257
10255
10255
10252
10247
10240
10239
10237
10229
10227
10226
10224
10221
10221
10204
10197
10197
10192
10185
10184
10183
10178
10173
10166
10160
10160
10157
10151
10147
10142
10141
10138
10135
10131
10130
10126
10125
10124
10124
10123
10118
10110
10106
10105
10104
10103
10101
10099
10098
10096
10094
10093
10092
10089
10082
10080
10080
10079
10074
10071
10062
10061
10061
10060
10058
10057
10056
10054
10048
10045
10038
10036
10033
10032
10031
10025
10025
10025
10018
10006
9999
9998
9997
9995
9990
9990
9988
9988
9983
9981
9966
9959
9957
9956
9950
9945
9944
9943
9938
9932
9931
9931
9930
9917
9917
9916
9915
9914
9909
9908
9902
9899
9899
9898
9898
9894
9887
9875
9873
9867
9860
9854
9852
9847
9835
9832
9832
9830
9830
9825
9817
9813
9807
9805
9804
9800
9791
9790
9788
9785
9784
9784
9784
9780
9779
9772
9772
9765
9764
9764
9763
9760
9755
9755
9749
9747
9742
9741
9741
9739
9739
9738
9735
9735
9733
9733
9731
9730
9729
9725
9724
9718
9718
9717
9716
9715
9715
9710
9709
9706
9705
9704
9701
9699
9697
9695
9695
9690
9685
9683
9681
9679
9677
9674
9669
9666
9666
9664
9660
9658
9656
9653
9651
9651
9648
9648
9646
9645
9642
9642
9638
9633
9626
9622
9621
9619
9619
9610
9605
9602
9599
9597
9595
9595
9594
9588
9584
9584
9583
9582
9580
9577
9577
9576
9571
9568
9567
9566
9558
9556
9555
9553
9549
9546
9540
9539
9538
9537
9534
9532
9531
9527
9524
9516
9513
9511
9511
9511
9509
9509
9507
9506
9499
9491
9491
9491
9488
9488
9487
9486
9481
9479
9479
9477
9477
9476
9473
9473
9465
9462
9459
9456
9454
9449
9448
9442
9442
9442
9439
9439
9437
9436
9432
9429
9426
9426
9423
9423
9422
9421
9421
9419
9412
9410
9410
9409
9403
9402
9398
9397
9393
9387
9384
9382
9378
9375
9374
9374
9371
9369
9367
9366
9364
9354
9352
9349
9346
9345
9344
9343
9341
9340
9338
9338
9337
9337
9335
9335
9334
9332
9332
9331
9326
9322
9316
9315
9315
9314
9312
9304
9303
9302
9302
9300
9299
9296
9286
9285
9278
9277
9274
9258
9256
9256
9255
9254
9253
9252
9251
9246
9245
9245
9238
9235
9234
9232
9231
9225
9224
9223
9223
9222
9221
9221
9218
9217
9216
9216
9215
9212
9211
9211
9210
9210
9209
9205
9202
9195
9193
9192
9191
9187
9186
9185
9184
9184
9183
9182
9178
9178
9175
9175
9173
9171
9171
9169
9160
9160
9154
9153
9152
9152
9151
9143
9143
9134
9132
9131
9130
9127
9125
9122
9116
9116
9113
9111
9110
9110
9109
9107
9105
9105
9104
9103
9103
9101
9097
9097
9093
9089
9088
9082
9082
9081
9081
9080
9079
9079
9077
9076
9076
9073
9072
9070
9070
9070
9064
9063
9059
9059
9053
9050
9048
9047
9047
9044
9042
9040
9037
9036
9030
9029
9028
9028
9026
9025
9024
9023
9018
9018
9016
9014
9013
9011
9010
9009
9008
9004
9004
9003
9003
9001
9000
8999
8997
8993
8993
8992
8989
8986
8984
8980
8974
8972
8972
8971
8969
8968
8967
8966
8965
8963
8961
8961
8961
8959
8959
8954
8953
8951
8949
8946
8946
8945
8945
8944
8942
8927
8927
8927
8927
8925
8922
8921
8921
8913
8912
8911
8908
8907
8903
8902
8900
8900
8897
8897
8896
8895
8895
8894
8893
8891
8886
8886
8885
8883
8883
8882
8880
8880
8878
8877
8875
8874
8868
8865
8860
8858
8857
8845
8840
8836
8834
8833
8824
8822
8821
8820
8819
8818
8815
8812
8812
8807
8807
8805
8805
8802
8801
8800
8796
8792
8791
8790
8787
8783
8782
8782
8776
8776
8775
8773
8772
8770
8769
8767
8767
8763
8762
8760
8759
8758
8757
8756
8756
8755
8754
8752
8752
8752
8751
8749
8745
8743
8741
8741
8739
8738
8735
8733
8729
8726
8721
8719
8714
8713
8712
8711
8710
8710
8709
8706
8706
8702
8701
8701
8694
8693
8693
8692
8692
8691
8689
8687
8686
8685
8685
8682
8682
8681
8681
8681
8680
8678
8675
8674
8672
8670
8669
8668
8666
8663
8661
8660
8660
8656
8653
8651
8651
8651
8648
8647
8644
8643
8642
8639
8639
8637
8636
8633
8632
8631
8629
8628
8621
8621
8619
8615
8615
8614
8614
8611
8611
8609
8609
8604
8602
8601
8596
8596
8591
8591
8586
8586
8583
8579
8577
8577
8574
8572
8567
8567
8565
8564
8564
8563
8557
8556
8555
8552
8552
8550
8543
8543
8543
8541
8536
8535
8535
8535
8532
8528
8528
8528
8527
8525
8525
8521
8517
8517
8514
8509
8508
8507
8505
8501
8493
8493
8492
8489
8487
8484
8482
8482
8475
8474
8473
8472
8469
8468
8463
8462
8461
8458
8458
8457
8457
8456
8455
8455
8454
8454
8453
8452
8450
8448
8447
8445
8439
8438
8437
8435
8435
8435
8433
8433
8430
8429
8427
8427
8425
8423
8423
8422
8419
8417
8415
8415
8414
8412
8408
8408
8406
8406
8405
8403
8401
8401
8396
8395
8394
8393
8392
8388
8386
8385
8384
8383
8380
8375
8375
8373
8372
8370
8369
8369
8369
8368
8368
8367
8366
8365
8364
8363
8363
8362
8361
8359
8357
8350
8348
8348
8343
8340
8339
8338
8337
8337
8336
8335
8331
8330
8328
8327
8326
8326
8326
8320
8315
8310
8309
8309
8308
8306
8305
8301
8301
8299
8298
8295
8294
8294
8291
8288
8287
8282
8281
8277
8275
8275
8275
8274
8273
8272
8269
8267
8265
8257
8254
8249
8249
8248
8247
8245
8241
8240
8237
8234
8232
8230
8229
8228
8224
8223
8222
8220
8219
8217
8214
8213
8211
8207
8205
8203
8203
8202
8199
8196
8191
8191
8186
8185
8185
8184
8180
8177
8176
8172
8168
8167
8165
8164
8163
8162
8159
8159
8157
8154
8153
8153
8152
8149
8145
8143
8140
8138
8136
8134
8134
8133
8132
8130
8129
8128
8128
8127
8127
8124
8123
8122
8120
8120
8118
8112
8111
8111
8111
8111
8105
8104
8103
8101
8100
8097
8094
8094
8093
8091
8090
8090
8089
8087
8087
8086
8086
8085
8083
8081
8081
8079
8078
8078
8078
8077
8074
8070
8068
8064
8062
8061
8060
8059
8058
8057
8057
8056
8056
8055
8052
8051
8047
8047
8047
8046
8045
8044
8043
8040
8040
8039
8039
8036
8034
8032
8029
8028
8024
8024
8019
8019
8017
8016
8010
8009
8009
8008
8008
8007
8007
8006
8002
8002
8000
7997
7994
7993
7992
7990
7988
7988
7988
7987
7983
7982
7981
7980
7977
7975
7973
7973
7971
7967
7967
7967
7966
7965
7965
7964
7963
7961
7961
7959
7957
7956
7952
7949
7949
7948
7943
7943
7942
7942
7941
7940
7937
7936
7935
7935
7935
7935
7934
7929
7929
7929
7928
7926
7923
7921
7921
7920
7920
7918
7917
7914
7913
7910
7908
7906
7899
7899
7896
7895
7894
7891
7890
7886
7886
7884
7882
7881
7881
7878
7874
7874
7871
7871
7870
7869
7869
7865
7864
7863
7863
7860
7858
7858
7858
7857
7855
7852
7852
7852
7847
7847
7844
7844
7844
7844
7843
7841
7840
7836
7829
7827
7824
7824
7823
7820
7817
7815
7812
7812
7809
7807
7805
7805
7802
7799
7799
7798
7797
7797
7796
7795
7795
7793
7793
7787
7787
7786
7782
7782
7782
7780
7777
7776
7775
7774
7774
7773
7772
7771
7770
7768
7767
7767
7765
7764
7760
7760
7760
7756
7755
7753
7753
7752
7748
7743
7741
7740
7740
7736
7735
7733
7731
7731
7726
7721
7721
7715
7713
7711
7710
7706
7705
7704
7700
7699
7695
7693
7692
7691
7691
7690
7689
7689
7685
7683
7681
7679
7678
7676
7674
7673
7672
7669
7664
7661
7660
7660
7660
7659
7658
7658
7657
7654
7651
7650
7647
7646
7646
7645
7644
7643
7640
7640
7639
7638
7637
7637
7635
7633
7632
7632
7631
7630
7628
7626
7626
7625
7622
7621
7620
7619
7619
7618
7618
7618
7617
7616
7615
7614
7613
7611
7611
7610
7605
7604
7602
7601
7601
7599
7598
7595
7594
7593
7592
7587
7581
7578
7577
7572
7572
7571
7570
7569
7561
7561
7560
7560
7557
7556
7556
7555
7555
7553
7552
7552
7550
7547
7547
7546
7546
7544
7542
7541
7536
7536
7533
7533
7533
7533
7528
7527
7526
7526
7524
7521
7519
7518
7515
7513
7512
7512
7510
7509
7508
7507
7506
7506
7505
7504
7503
7503
7503
7501
7501
7498
7498
7495
7491
7490
7490
7489
7488
7488
7487
7487
7486
7486
7483
7479
7479
7478
7478
7478
7478
7477
7475
7473
7469
7468
7466
7466
7464
7463
7463
7460
7459
7458
7454
7452
7448
7448
7447
7447
7446
7445
7444
7444
7443
7441
7437
7437
7437
7436
7432
7432
7431
7430
7429
7428
7426
7425
7424
7424
7422
7421
7420
7419
7418
7417
7416
7414
7412
7412
7412
7410
7409
7407
7403
7403
7402
7397
7396
7391
7390
7389
7389
7389
7388
7383
7383
7382
7381
7379
7378
7377
7377
7373
7372
7371
7370
7370
7369
7366
7363
7362
7360
7360
7358
7357
7355
7355
7354
7352
7350
7349
7348
7348
7347
7346
7346
7345
7344
7340
7339
7339
7338
7337
7337
7337
7334
7333
7332
7332
7332
7331
7328
7328
7327
7326
7323
7323
7321
7319
7316
7316
7315
7313
7313
7312
7311
7311
7310
7307
7306
7306
7306
7305
7304
7303
7301
7300
7295
7295
7294
7293
7293
7291
7288
7288
7286
7284
7284
7280
7277
7276
7271
7270
7268
7267
7265
7264
7264
7263
7258
7256
7255
7255
7254
7254
7254
7246
7244
7242
7242
7241
7240
7237
7237
7235
7235
7234
7232
7231
7229
7229
7229
7229
7229
7225
7221
7220
7218
7215
7214
7213
7210
7210
7210
7209
7209
7208
7207
7206
7205
7204
7203
7201
7198
7198
7198
7193
7191
7191
7190
7190
7188
7186
7185
7185
7182
7180
7179
7179
7179
7179
7174
7172
7172
7168
7168
7168
7167
7166
7165
7164
7160
7159
7159
7157
7157
7157
7156
7156
7154
7154
7154
7154
7151
7149
7146
7145
7143
7143
7139
7139
7138
7138
7137
7136
7136
7134
7133
7131
7131
7129
7127
7125
7122
7120
7119
7119
7118
7115
7115
7113
7109
7109
7108
7103
7103
7103
7102
7099
7096
7096
7094
7091
7090
7090
7089
7084
7083
7082
7080
7079
7077
7076
7076
7076
7076
7073
7073
7071
7070
7069
7069
7069
7067
7065
7063
7061
7060
7056
7050
7049
7048
7046
7046
7045
7043
7043
7041
7041
7039
7038
7036
7034
7033
7033
7032
7030
7030
7026
7024
7024
7023
7023
7023
7022
7022
7022
7020
7018
7018
7017
7015
7014
7010
7009
7007
7005
7004
7002
7001
6999
6999
6995
6995
6992
6992
6990
6989
6984
6982
6979
6977
6975
6974
6972
6971
6971
6970
6970
6970
6968
6963
6962
6958
6956
6954
6953
6953
6952
6951
6950
6949
6947
6944
6944
6942
6940
6930
6925
6924
6923
6920
6918
6917
6915
6915
6914
6912
6912
6910
6910
6909
6908
6907
6907
6905
6904
6904
6903
6901
6896
6894
6893
6889
6889
6888
6887
6886
6885
6885
6883
6882
6880
6879
6876
6876
6876
6873
6872
6870
6870
6870
6867
6867
6867
6867
6864
6861
6860
6860
6856
6855
6855
6851
6850
6848
6848
6847
6846
6845
6844
6844
6843
6843
6843
6842
6841
6840
6839
6838
6837
6837
6835
6834
6833
6833
6831
6830
6829
6829
6825
6825
6825
6825
6823
6823
6823
6821
6819
6819
6819
6818
6818
6817
6816
6815
6815
6813
6811
6811
6810
6809
6807
6805
6804
6802
6802
6798
6797
6797
6796
6795
6793
6793
6792
6790
6788
6788
6788
6786
6786
6785
6785
6784
6784
6784
6783
6778
6777
6775
6773
6772
6772
6769
6768
6768
6767
6766
6765
6765
6764
6764
6762
6762
6762
6758
6756
6755
6755
6753
6752
6749
6747
6747
6746
6746
6746
6745
6744
6740
6739
6739
6738
6737
6737
6734
6733
6728
6728
6728
6724
6724
6724
6723
6722
6721
6721
6719
6715
6715
6714
6714
6712
6712
6711
6710
6709
6707
6706
6704
6703
6701
6701
6701
6697
6697
6695
6695
6695
6690
6689
6688
6687
6687
6686
6686
6685
6684
6682
6680
6680
6675
6675
6673
6671
6669
6669
6668
6667
6666
6666
6664
6664
6662
6662
6660
6658
6657
6654
6653
6652
6652
6652
6652
6652
6651
6651
6651
6649
6648
6647
6647
6647
6646
6646
6643
6643
6642
6642
6641
6640
6639
6639
6639
6637
6637
6635
6634
6634
6633
6633
6632
6632
6629
6627
6624
6624
6623
6623
6620
6620
6619
6619
6618
6617
6617
6616
6616
6615
6611
6610
6610
6609
6609
6608
6607
6598
6598
6597
6596
6596
6596
6591
6590
6590
6586
6585
6585
6584
6583
6582
6582
6581
6581
6579
6578
6577
6575
6574
6572
6570
6569
6568
6565
6565
6565
6562
6560
6559
6557
6555
6555
6555
6555
6555
6555
6551
6550
6548
6547
6547
6545
6545
6545
6545
6543
6541
6540
6539
6539
6539
6538
6538
6538
6538
6537
6537
6534
6531
6528
6528
6525
6523
6522
6522
6521
6520
6519
6517
6517
6517
6516
6515
6515
6514
6514
6514
6511
6508
6507
6506
6504
6504
6502
6501
6500
6500
6497
6496
6495
6495
6494
6493
6493
6491
6490
6489
6489
6488
6488
6487
6487
6486
6486
6485
6484
6483
6483
6483
6481
6481
6476
6476
6475
6475
6475
6475
6474
6469
6469
6469
6469
6468
6468
6466
6466
6464
6464
6464
6462
6461
6460
6459
6458
6457
6455
6454
6453
6452
6450
6450
6447
6446
6445
6443
6443
6441
6440
6440
6440
6439
6439
6436
6436
6435
6434
6433
6432
6432
6431
6428
6428
6428
6427
6426
6426
6423
6422
6421
6420
6419
6418
6417
6414
6414
6413
6411
6410
6406
6405
6404
6402
6401
6398
6398
6397
6396
6394
6386
6386
6386
6386
6385
6383
6383
6381
6380
6380
6378
6377
6376
6375
6374
6373
6373
6372
6371
6371
6371
6370
6368
6368
6366
6366
6362
6362
6360
6360
6359
6358
6357
6357
6356
6355
6353
6352
6350
6350
6350
6350
6349
6349
6348
6347
6345
6344
6344
6344
6344
6343
6342
6341
6341
6340
6338
6337
6336
6335
6335
6332
6329
6328
6328
6327
6327
6326
6323
6320
6320
6320
6319
6318
6316
6316
6315
6313
6313
6310
6310
6309
6307
6305
6301
6298
6296
6296
6294
6294
6293
6291
6291
6291
6291
6290
6289
6285
6283
6282
6279
6276
6275
6274
6274
6270
6270
6269
6267
6266
6266
6266
6266
6264
6263
6262
6261
6259
6259
6257
6256
6256
6255
6254
6253
6252
6251
6250
6250
6250
6249
6248
6247
6247
6246
6245
6243
6241
6240
6240
6240
6239
6238
6238
6238
6237
6236
6235
6235
6234
6232
6230
6229
6228
6227
6227
6227
6226
6225
6225
6224
6223
6223
6223
6222
6222
6219
6214
6213
6209
6208
6206
6206
6205
6205
6205
6203
6203
6203
6203
6202
6201
6201
6200
6200
6200
6199
6198
6198
6194
6194
6191
6191
6191
6188
6186
6186
6184
6184
6184
6183
6182
6181
6181
6181
6181
6181
6180
6179
6176
6175
6173
6173
6172
6172
6169
6167
6166
6166
6166
6166
6165
6165
6164
6163
6163
6162
6161
6160
6160
6159
6158
6157
6157
6157
6157
6156
6155
6155
6154
6154
6152
6149
6148
6147
6146
6146
6144
6143
6143
6142
6142
6142
6142
6142
6140
6140
6140
6140
6138
6138
6138
6138
6138
6138
6137
6135
6134
6133
6132
6131
6130
6128
6127
6127
6126
6126
6125
6125
6124
6123
6122
6122
6120
6120
6119
6117
6116
6115
6113
6113
6112
6112
6112
6112
6111
6105
6104
6104
6103
6103
6102
6102
6101
6101
6101
6100
6100
6100
6100
6098
6098
6097
6094
6093
6093
6092
6091
6090
6089
6089
6089
6087
6085
6085
6084
6083
6082
6081
6081
6080
6079
6079
6078
6077
6077
6074
6073
6073
6072
6070
6070
6069
6067
6067
6066
6065
6065
6065
6064
6063
6063
6061
6057
6056
6055
6054
6054
6054
6054
6054
6054
6053
6052
6052
6051
6049
6049
6048
6047
6046
6044
6043
6043
6043
6042
6042
6040
6040
6036
6036
6033
6032
6031
6030
6029
6029
6028
6026
6026
6025
6024
6023
6023
6022
6020
6019
6019
6019
6017
6017
6017
6016
6015
6015
6014
6014
6014
6012
6011
6011
6009
6008
6008
6006
6005
6005
6004
6003
6003
6002
6000
5999
5997
5997
5996
5996
5995
5995
5994
5994
5993
5992
5991
5989
5988
5987
5985
5982
5982
5979
5979
5979
5978
5977
5977
5976
5975
5975
5975
5975
5974
5974
5973
5971
5968
5968
5968
5967
5966
5965
5962
5959
5958
5955
5954
5954
5953
5951
5951
5951
5950
5949
5949
5948
5948
5944
5943
5942
5941
5940
5938
5937
5936
5935
5935
5935
5933
5933
5932
5932
5932
5931
5931
5929
5928
5927
5925
5922
5922
5922
5919
5919
5918
5918
5917
5917
5917
5917
5917
5916
5915
5912
5912
5912
5911
5910
5910
5910
5909
5906
5906
5906
5906
5905
5904
5903
5902
5902
5901
5901
5894
5892
5891
5891
5885
5885
5884
5884
5884
5883
5882
5880
5879
5878
5878
5877
5874
5874
5872
5871
5868
5867
5867
5865
5865
5863
5862
5861
5861
5859
5859
5859
5858
5858
5857
5856
5856
5855
5855
5854
5853
5851
5851
5850
5848
5846
5845
5845
5842
5841
5840
5839
5839
5838
5838
5836
5836
5835
5834
5833
5831
5831
5830
5829
5828
5825
5824
5823
5822
5822
5821
5820
5820
5817
5816
5816
5815
5814
5814
5813
5812
5812
5811
5808
5808
5807
5806
5804
5802
5802
5801
5799
5798
5795
5795
5794
5794
5793
5793
5791
5790
5789
5789
5788
5787
5787
5786
5785
5785
5785
5783
5783
5781
5781
5780
5780
5779
5778
5778
5778
5777
5777
5775
5775
5775
5774
5774
5774
5773
5772
5771
5769
5769
5769
5769
5768
5768
5767
5766
5766
5766
5765
5765
5765
5764
5764
5763
5762
5762
5762
5761
5761
5761
5760
5760
5759
5757
5756
5755
5754
5754
5752
5752
5751
5751
5750
5750
5749
5749
5748
5747
5744
5742
5742
5741
5741
5740
5737
5736
5735
5734
5734
5734
5733
5729
5728
5727
5727
5725
5724
5724
5723
5722
5721
5720
5720
5719
5719
5719
5718
5718
5717
5716
5716
5716
5715
5713
5713
5712
5711
5711
5710
5709
5709
5707
5707
5707
5705
5705
5705
5704
5704
5704
5702
5701
5700
5700
5698
5696
5695
5695
5693
5691
5690
5689
5688
5686
5686
5684
5683
5681
5681
5680
5680
5679
5679
5679
5678
5678
5678
5677
5677
5677
5676
5676
5676
5675
5673
5673
5673
5671
5671
5670
5670
5669
5669
5669
5668
5667
5667
5667
5666
5666
5665
5664
5662
5661
5661
5658
5657
5657
5657
5656
5656
5655
5654
5654
5651
5650
5649
5649
5648
5648
5648
5646
5644
5643
5642
5642
5641
5640
5638
5638
5637
5636
5636
5635
5634
5634
5634
5633
5633
5633
5632
5632
5632
5631
5629
5628
5628
5627
5627
5626
5625
5622
5622
5621
5620
5619
5618
5618
5618
5618
5617
5616
5615
5615
5615
5615
5614
5612
5612
5611
5611
5611
5610
5610
5607
5607
5607
5606
5605
5604
5604
5603
5603
5602
5600
5600
5599
5599
5599
5598
5598
5597
5597
5597
5596
5596
5595
5593
5590
5590
5590
5587
5587
5584
5583
5583
5582
5582
5582
5581
5581
5580
5580
5578
5574
5574
5573
5572
5571
5571
5570
5569
5568
5566
5565
5563
5563
5562
5562
5562
5559
5558
5558
5557
5556
5555
5555
5553
5553
5552
5552
5551
5551
5551
5551
5550
5550
5548
5547
5546
5545
5544
5544
5544
5543
5542
5542
5541
5541
5541
5541
5541
5541
5540
5538
5538
5537
5537
5536
5535
5531
5530
5530
5530
5528
5528
5527
5527
5527
5525
5524
5524
5524
5523
5523
5523
5522
5522
5522
5522
5521
5521
5520
5520
5519
5519
5518
5518
5517
5515
5515
5514
5514
5513
5512
5509
5509
5509
5508
5508
5507
5503
5503
5503
5502
5502
5502
5500
5500
5499
5499
5498
5497
5496
5493
5493
5493
5493
5493
5492
5491
5490
5489
5489
5489
5488
5488
5487
5484
5484
5481
5481
5481
5480
5480
5478
5476
5476
5475
5474
5474
5474
5474
5473
5472
5469
5468
5467
5466
5465
5464
5462
5461
5461
5460
5460
5460
5460
5459
5458
5458
5458
5458
5454
5454
5453
5453
5453
5452
5452
5452
5451
5450
5450
5450
5447
5445
5443
5443
5442
5440
5437
5436
5436
5436
5433
5433
5432
5432
5429
5428
5428
5428
5427
5427
5426
5425
5425
5423
5423
5423
5423
5421
5421
5420
5420
5419
5419
5418
5415
5415
5415
5415
5414
5414
5414
5414
5412
5412
5411
5410
5410
5409
5408
5407
5407
5407
5407
5406
5403
5402
5402
5402
5402
5401
5401
5400
5400
5400
5399
5398
5397
5396
5395
5395
5395
5395
5394
5394
5393
5392
5391
5391
5390
5388
5387
5386
5385
5385
5383
5383
5383
5382
5382
5380
5380
5379
5378
5378
5378
5377
5376
5375
5373
5373
5372
5372
5371
5371
5370
5369
5367
5366
5365
5365
5365
5364
5364
5363
5363
5362
5362
5361
5360
5360
5359
5358
5358
5357
5357
5356
5356
5355
5355
5354
5354
5353
5353
5352
5352
5352
5352
5351
5351
5351
5349
5348
5347
5347
5346
5346
5346
5343
5342
5342
5340
5339
5337
5336
5335
5334
5334
5334
5333
5333
5332
5331
5331
5330
5329
5329
5329
5328
5327
5327
5326
5326
5326
5326
5325
5324
5324
5324
5323
5323
5323
5322
5319
5318
5318
5315
5315
5314
5314
5313
5313
5312
5312
5311
5311
5311
5310
5310
5308
5306
5306
5305
5305
5304
5303
5303
5302
5301
5299
5299
5299
5297
5296
5296
5295
5294
5293
5293
5293
5292
5292
5291
5289
5289
5287
5286
5283
5282
5282
5282
5282
5281
5281
5281
5279
5278
5277
5277
5275
5275
5275
5274
5274
5273
5273
5272
5271
5271
5271
5270
5270
5269
5269
5268
5268
5267
5267
5267
5266
5266
5265
5265
5264
5264
5263
5262
5262
5261
5261
5260
5260
5259
5258
5258
5254
5254
5253
5252
5252
5252
5251
5251
5250
5249
5249
5249
5247
5246
5246
5245
5244
5244
5244
5243
5242
5241
5240
5240
5240
5239
5239
5239
5238
5237
5237
5236
5235
5232
5231
5231
5230
5230
5230
5229
5228
5228
5228
5228
5227
5226
5226
5225
5225
5224
5224
5223
5223
5223
5223
5222
5221
5220
5220
5220
5216
5216
5216
5215
5213
5212
5211
5210
5210
5209
5209
5208
5208
5206
5205
5205
5204
5202
5201
5201
5201
5200
5200
5199
5198
5198
5196
5195
5195
5195
5194
5192
5191
5191
5191
5190
5189
5189
5188
5188
5188
5187
5186
5185
5185
5185
5184
5184
5184
5184
5184
5184
5183
5183
5182
5181
5181
5181
5180
5180
5180
5178
5177
5176
5176
5176
5175
5174
5173
5173
5172
5171
5171
5170
5169
5168
5168
5168
5166
5166
5165
5165
5165
5164
5164
5164
5163
5163
5163
5163
5162
5162
5162
5162
5160
5160
5159
5159
5159
5158
5158
5157
5156
5155
5155
5155
5154
5153
5152
5152
5150
5149
5149
5149
5148
5148
5148
5148
5146
5146
5145
5144
5144
5142
5142
5141
5141
5140
5140
5138
5137
5133
5131
5131
5130
5130
5128
5126
5125
5124
5123
5123
5122
5122
5121
5120
5119
5119
5119
5117
5115
5114
5113
5113
5112
5112
5112
5112
5111
5111
5110
5110
5109
5107
5107
5105
5104
5103
5101
5100
5099
5099
5097
5095
5095
5093
5092
5091
5090
5089
5089
5088
5088
5088
5087
5087
5087
5086
5086
5085
5085
5084
5084
5083
5081
5080
5080
5079
5079
5078
5077
5077
5077
5077
5076
5076
5076
5076
5074
5074
5074
5071
5071
5071
5069
5069
5069
5068
5068
5067
5065
5065
5065
5065
5064
5063
5063
5063
5062
5061
5060
5060
5059
5058
5058
5056
5056
5056
5056
5055
5055
5054
5054
5052
5052
5052
5051
5051
5049
5047
5047
5046
5046
5046
5045
5045
5044
5044
5043
5043
5043
5042
5042
5042
5041
5041
5039
5039
5039
5039
5038
5037
5037
5037
5036
5035
5035
5035
5034
5034
5033
5033
5032
5032
5031
5029
5029
5027
5026
5023
5023
5022
5022
5022
5021
5021
5021
5021
5019
5019
5019
5019
5018
5018
5017
5016
5016
5015
5014
5014
5013
5013
5011
5010
5009
5009
5009
5007
5007
5006
5005
5004
5002
5001
5001
5000
5000
4999
4999
4998
4998
4998
4997
4997
4996
4996
4995
4994
4994
4993
4993
4993
4993
4993
4992
4991
4991
4990
4989
4989
4988
4988
4988
4987
4987
4986
4985
4985
4983
4983
4982
4982
4981
4980
4979
4978
4978
4978
4978
4978
4977
4977
4975
4975
4974
4974
4973
4972
4972
4971
4971
4971
4970
4970
4969
4969
4969
4968
4968
4968
4966
4965
4965
4965
4964
4964
4964
4963
4962
4961
4961
4961
4961
4960
4960
4960
4960
4960
4959
4958
4958
4958
4957
4957
4956
4956
4955
4954
4952
4951
4951
4948
4948
4947
4947
4947
4946
4946
4945
4944
4944
4943
4942
4942
4942
4942
4941
4940
4940
4939
4939
4939
4939
4939
4939
4938
4936
4936
4933
4933
4932
4932
4932
4931
4931
4931
4931
4927
4927
4927
4926
4926
4926
4925
4924
4924
4923
4923
4922
4920
4918
4918
4918
4917
4916
4914
4914
4913
4912
4912
4912
4911
4909
4908
4908
4908
4907
4907
4907
4907
4906
4904
4904
4901
4900
4900
4900
4900
4898
4898
4898
4898
4897
4897
4897
4895
4895
4895
4895
4894
4893
4893
4893
4892
4890
4890
4890
4890
4890
4889
4889
4888
4888
4886
4885
4884
4884
4883
4883
4883
4882
4881
4880
4879
4878
4875
4874
4872
4872
4872
4872
4871
4869
4869
4869
4869
4868
4868
4867
4866
4866
4866
4865
4865
4865
4863
4863
4863
4861
4861
4860
4859
4859
4858
4858
4857
4857
4856
4856
4855
4854
4854
4853
4853
4852
4851
4851
4851
4850
4850
4850
4850
4849
4849
4849
4848
4848
4848
4848
4848
4848
4846
4846
4846
4846
4845
4844
4844
4844
4842
4842
4842
4841
4841
4840
4840
4840
4840
4839
4839
4839
4839
4839
4838
4838
4837
4837
4837
4836
4836
4836
4835
4834
4833
4833
4832
4832
4832
4831
4831
4831
4831
4830
4829
4828
4827
4827
4824
4824
4824
4823
4823
4823
4823
4822
4821
4821
4820
4820
4819
4818
4817
4817
4817
4817
4817
4815
4815
4815
4815
4814
4813
4813
4813
4812
4811
4810
4810
4809
4809
4806
4805
4804
4803
4803
4802
4801
4800
4800
4799
4799
4798
4798
4797
4797
4796
4795
4795
4795
4794
4794
4794
4794
4793
4792
4792
4792
4792
4791
4790
4790
4790
4790
4788
4786
4786
4786
4786
4786
4785
4785
4785
4784
4783
4781
4780
4780
4780
4780
4779
4779
4777
4777
4776
4776
4776
4776
4775
4774
4774
4773
4772
4770
4769
4766
4765
4765
4765
4764
4764
4763
4763
4763
4762
4762
4761
4761
4760
4760
4759
4759
4759
4759
4759
4759
4758
4756
4755
4755
4754
4754
4753
4753
4752
4752
4752
4752
4752
4751
4751
4751
4751
4750
4750
4750
4749
4747
4746
4745
4745
4745
4745
4744
4744
4743
4742
4742
4741
4741
4741
4740
4740
4739
4739
4738
4738
4736
4735
4734
4731
4731
4731
4731
4731
4730
4728
4728
4727
4727
4727
4725
4725
4725
4723
4723
4723
4722
4722
4721
4721
4721
4721
4720
4718
4718
4718
4717
4715
4714
4714
4713
4713
4713
4712
4712
4712
4711
4710
4710
4708
4708
4708
4707
4706
4704
4704
4704
4704
4702
4702
4701
4701
4700
4700
4698
4696
4695
4695
4694
4694
4693
4692
4692
4691
4691
4691
4690
4688
4688
4688
4687
4687
4686
4686
4686
4685
4685
4684
4684
4683
4683
4682
4681
4680
4680
4680
4678
4678
4677
4677
4677
4677
4674
4673
4673
4673
4672
4672
4671
4671
4671
4670
4670
4670
4668
4668
4668
4666
4664
4662
4662
4662
4662
4661
4661
4661
4661
4661
4660
4660
4659
4658
4657
4657
4656
4655
4654
4654
4654
4654
4652
4652
4652
4650
4650
4649
4648
4648
4648
4647
4647
4646
4646
4646
4645
4645
4645
4644
4644
4642
4641
4639
4639
4639
4638
4638
4638
4638
4636
4635
4635
4635
4634
4633
4633
4631
4630
4630
4629
4629
4629
4628
4628
4627
4627
4626
4626
4625
4625
4625
4625
4624
4624
4623
4623
4623
4622
4622
4621
4621
4620
4620
4619
4618
4618
4614
4614
4614
4613
4613
4612
4612
4611
4611
4610
4610
4609
4609
4607
4607
4607
4606
4606
4604
4604
4604
4603
4603
4603
4602
4602
4601
4601
4600
4599
4599
4599
4599
4598
4598
4598
4597
4595
4595
4594
4594
4594
4593
4592
4591
4590
4590
4589
4588
4588
4588
4587
4587
4587
4587
4587
4586
4586
4586
4584
4584
4584
4583
4583
4582
4582
4582
4582
4582
4580
4579
4579
4579
4578
4578
4578
4577
4577
4577
4577
4577
4577
4576
4576
4575
4574
4574
4574
4574
4574
4573
4572
4572
4571
4570
4569
4567
4567
4566
4566
4565
4564
4564
4563
4563
4562
4561
4560
4560
4560
4560
4559
4559
4558
4558
4557
4557
4557
4556
4556
4556
4556
4556
4555
4555
4555
4554
4554
4554
4554
4554
4553
4553
4553
4553
4551
4550
4550
4550
4549
4549
4548
4548
4548
4548
4548
4547
4545
4545
4545
4545
4544
4544
4544
4543
4541
4541
4540
4539
4539
4539
4539
4539
4537
4537
4536
4536
4536
4536
4535
4535
4535
4535
4534
4533
4533
4531
4531
4531
4531
4530
4530
4530
4529
4528
4527
4527
4525
4524
4523
4522
4522
4521
4521
4521
4521
4521
4520
4519
4519
4518
4518
4518
4517
4517
4517
4517
4516
4516
4515
4515
4514
4514
4513
4513
4513
4513
4513
4512
4512
4511
4511
4510
4510
4508
4508
4508
4507
4507
4507
4507
4506
4506
4506
4505
4505
4504
4503
4503
4502
4501
4500
4500
4500
4500
4499
4499
4498
4498
4498
4498
4497
4497
4497
4496
4495
4494
4494
4494
4494
4494
4493
4492
4492
4492
4492
4492
4491
4491
4491
4491
4491
4491
4491
4490
4490
4490
4490
4490
4489
4489
4489
4489
4489
4488
4488
4487
4487
4486
4484
4484
4484
4483
4482
4482
4482
4481
4481
4481
4480
4480
4479
4478
4478
4478
4477
4477
4477
4477
4477
4476
4476
4475
4475
4474
4473
4472
4472
4471
4471
4470
4470
4470
4469
4469
4469
4469
4468
4466
4466
4466
4465
4465
4464
4464
4464
4464
4463
4462
4462
4462
4461
4461
4460
4460
4460
4460
4459
4459
4459
4459
4458
4458
4457
4457
4456
4456
4455
4454
4454
4454
4454
4453
4453
4452
4451
4451
4450
4450
4450
4449
4449
4448
4447
4447
4446
4446
4444
4443
4442
4441
4438
4438
4438
4438
4438
4437
4437
4437
4437
4436
4435
4434
4431
4431
4430
4428
4428
4428
4427
4427
4427
4427
4426
4426
4426
4426
4426
4425
4425
4425
4425
4423
4423
4423
4422
4422
4421
4421
4420
4420
4419
4419
4419
4418
4418
4417
4417
4417
4417
4416
4416
4415
4414
4414
4413
4412
4411
4410
4410
4409
4409
4408
4408
4407
4407
4407
4406
4406
4406
4406
4406
4405
4405
4405
4405
4404
4404
4404
4404
4404
4402
4402
4402
4401
4401
4401
4401
4401
4400
4399
4399
4399
4398
4397
4397
4397
4396
4396
4396
4396
4395
4394
4394
4394
4394
4393
4392
4392
4391
4390
4390
4390
4390
4390
4390
4390
4390
4389
4388
4388
4387
4386
4386
4385
4384
4384
4384
4383
4383
4382
4382
4382
4382
4381
4380
4380
4380
4379
4377
4377
4377
4377
4376
4375
4375
4374
4374
4374
4373
4372
4372
4370
4370
4369
4369
4368
4368
4366
4364
4364
4364
4363
4362
4361
4361
4361
4361
4360
4360
4360
4359
4359
4359
4358
4358
4355
4355
4354
4353
4353
4353
4353
4352
4352
4352
4351
4351
4350
4350
4349
4349
4349
4348
4348
4348
4348
4348
4347
4347
4346
4346
4344
4344
4344
4343
4343
4342
4342
4341
4340
4339
4338
4338
4337
4337
4336
4335
4335
4335
4334
4333
4332
4332
4331
4330
4330
4330
4329
4329
4327
4327
4327
4326
4325
4325
4324
4324
4324
4324
4323
4323
4323
4323
4323
4321
4321
4321
4320
4320
4320
4320
4319
4319
4319
4319
4318
4318
4316
4316
4315
4315
4315
4314
4313
4313
4312
4312
4312
4312
4312
4312
4310
4310
4309
4308
4308
4308
4308
4307
4306
4306
4306
4306
4305
4305
4304
4304
4304
4304
4304
4303
4303
4303
4302
4302
4302
4302
4302
4301
4300
4300
4299
4299
4299
4298
4298
4298
4297
4296
4296
4296
4294
4294
4294
4294
4292
4291
4290
4289
4289
4289
4288
4288
4287
4286
4286
4285
4283
4283
4283
4282
4282
4282
4281
4281
4281
4281
4281
4281
4281
4281
4280
4280
4279
4279
4279
4278
4278
4278
4277
4276
4276
4275
4275
4274
4274
4273
4273
4272
4272
4272
4272
4272
4271
4270
4269
4269
4268
4267
4267
4266
4266
4266
4265
4265
4265
4265
4265
4265
4264
4263
4263
4263
4262
4261
4260
4260
4260
4260
4260
4260
4259
4258
4258
4258
4258
4258
4258
4256
4256
4256
4256
4254
4252
4251
4251
4250
4250
4250
4250
4249
4249
4249
4247
4246
4245
4245
4244
4243
4243
4242
4242
4242
4242
4241
4241
4241
4240
4240
4240
4240
4240
4239
4239
4239
4239
4239
4238
4238
4238
4237
4237
4237
4237
4236
4235
4233
4233
4233
4233
4232
4232
4232
4231
4231
4230
4230
4230
4229
4229
4228
4228
4228
4226
4226
4226
4224
4224
4223
4222
4222
4222
4221
4221
4220
4220
4219
4219
4219
4219
4218
4218
4217
4217
4216
4216
4216
4215
4215
4215
4214
4214
4214
4213
4211
4211
4210
4209
4209
4208
4208
4207
4207
4207
4206
4206
4206
4205
4203
4202
4202
4201
4201
4200
4199
4199
4198
4198
4197
4197
4196
4195
4194
4193
4193
4193
4192
4192
4192
4191
4190
4190
4190
4190
4190
4190
4189
4188
4187
4185
4185
4185
4185
4184
4184
4184
4183
4183
4183
4182
4182
4182
4181
4180
4180
4180
4179
4178
4178
4178
4178
4177
4177
4177
4177
4177
4176
4176
4176
4176
4176
4175
4175
4175
4174
4173
4172
4171
4170
4170
4170
4170
4168
4168
4168
4167
4166
4166
4164
4164
4163
4163
4162
4161
4161
4161
4160
4160
4160
4160
4159
4159
4159
4158
4158
4158
4158
4158
4157
4157
4157
4156
4156
4155
4154
4153
4153
4152
4152
4151
4151
4151
4150
4149
4149
4148
4148
4147
4147
4146
4146
4145
4145
4145
4144
4144
4144
4144
4142
4141
4141
4140
4139
4139
4138
4138
4138
4137
4136
4136
4136
4135
4135
4135
4134
4134
4133
4133
4133
4131
4131
4131
4131
4130
4130
4130
4129
4129
4129
4129
4128
4128
4128
4128
4128
4128
4128
4128
4126
4126
4125
4125
4125
4124
4123
4123
4123
4122
4122
4122
4122
4121
4121
4121
4121
4121
4120
4120
4119
4119
4118
4118
4116
4116
4116
4116
4116
4114
4114
4114
4113
4113
4113
4112
4112
4112
4111
4111
4111
4110
4110
4109
4109
4109
4109
4109
4109
4109
4108
4108
4108
4108
4108
4107
4107
4106
4105
4105
4104
4104
4103
4103
4103
4103
4102
4102
4102
4102
4101
4101
4101
4101
4101
4100
4099
4099
4099
4099
4098
4098
4097
4097
4097
4096
4096
4096
4096
4096
4094
4094
4093
4093
4092
4091
4091
4091
4091
4091
4091
4090
4090
4090
4090
4090
4089
4089
4088
4088
4087
4087
4087
4087
4087
4087
4087
4087
4086
4086
4086
4085
4085
4085
4084
4084
4084
4084
4083
4083
4083
4082
4082
4082
4082
4082
4082
4081
4081
4080
4080
4080
4079
4078
4078
4077
4076
4076
4076
4075
4074
4074
4074
4074
4073
4073
4072
4072
4072
4071
4071
4070
4070
4070
4069
4069
4069
4069
4068
4068
4068
4068
4067
4067
4066
4065
4065
4065
4064
4064
4064
4063
4063
4063
4062
4061
4061
4061
4061
4060
4060
4059
4059
4058
4058
4058
4058
4058
4058
4057
4056
4056
4055
4055
4055
4053
4053
4053
4052
4051
4051
4050
4049
4049
4048
4048
4048
4047
4047
4047
4046
4046
4045
4045
4044
4044
4044
4044
4044
4043
4043
4043
4042
4041
4041
4040
4040
4040
4039
4039
4038
4038
4038
4038
4038
4037
4036
4036
4035
4035
4034
4034
4034
4033
4033
4032
4032
4032
4031
4031
4031
4031
4030
4030
4030
4029
4029
4027
4027
4027
4027
4026
4025
4025
4024
4024
4024
4023
4022
4021
4020
4020
4020
4019
4019
4019
4019
4018
4018
4017
4017
4016
4016
4016
4016
4016
4016
4014
4014
4013
4013
4013
4012
4012
4012
4011
4011
4011
4010
4010
4010
4009
4009
4008
4008
4008
4008
4007
4006
4006
4006
4006
4005
4005
4004
4004
4003
4002
4002
4002
4002
4001
4001
4001
4000
3999
3999
3998
3998
3998
3997
3997
3996
3996
3996
3996
3994
3993
3992
3992
3992
3991
3991
3990
3990
3990
3990
3989
3989
3989
3989
3989
3988
3988
3988
3987
3987
3985
3985
3984
3984
3983
3983
3983
3981
3981
3981
3981
3980
3980
3979
3979
3978
3977
3976
3976
3976
3975
3975
3975
3975
3974
3973
3973
3973
3973
3972
3972
3972
3972
3971
3970
3970
3970
3969
3969
3968
3968
3968
3967
3967
3967
3966
3965
3965
3965
3965
3964
3964
3964
3964
3964
3963
3963
3963
3963
3962
3962
3962
3961
3961
3961
3959
3958
3957
3957
3957
3956
3956
3956
3956
3955
3955
3955
3955
3953
3953
3952
3952
3952
3952
3952
3952
3952
3951
3951
3951
3951
3951
3951
3951
3951
3950
3949
3949
3949
3949
3949
3948
3948
3948
3948
3948
3947
3947
3947
3947
3946
3946
3946
3946
3946
3946
3945
3945
3944
3943
3943
3943
3942
3941
3941
3941
3940
3940
3940
3940
3939
3939
3939
3939
3939
3939
3939
3938
3938
3938
3937
3937
3937
3937
3935
3935
3934
3934
3934
3933
3933
3933
3932
3932
3931
3931
3931
3930
3930
3930
3930
3930
3929
3928
3928
3928
3928
3927
3927
3927
3926
3925
3925
3925
3925
3925
3924
3924
3924
3924
3923
3923
3923
3923
3923
3922
3922
3922
3921
3921
3921
3921
3921
3920
3920
3920
3919
3918
3917
3917
3917
3917
3917
3916
3915
3914
3913
3913
3912
3912
3912
3912
3911
3911
3910
3910
3908
3906
3906
3906
3906
3905
3905
3904
3903
3903
3903
3903
3903
3902
3901
3900
3900
3899
3898
3898
3896
3896
3896
3895
3895
3894
3894
3894
3893
3893
3892
3892
3891
3891
3891
3890
3890
3890
3890
3889
3889
3889
3889
3889
3889
3888
3888
3888
3888
3888
3887
3887
3886
3886
3886
3886
3885
3885
3884
3884
3884
3884
3884
3883
3883
3883
3882
3882
3882
3882
3882
3882
3881
3881
3880
3879
3879
3879
3879
3878
3878
3877
3877
3877
3877
3877
3876
3876
3876
3876
3875
3875
3875
3875
3874
3874
3874
3874
3873
3873
3873
3872
3872
3872
3872
3872
3872
3872
3871
3871
3871
3871
3870
3869
3869
3869
3869
3869
3867
3867
3866
3866
3865
3864
3863
3863
3862
3861
3861
3861
3860
3860
3860
3858
3858
3858
3857
3857
3857
3857
3856
3856
3856
3855
3855
3854
3854
3854
3853
3852
3852
3852
3851
3851
3851
3850
3850
3850
3850
3850
3850
3849
3849
3848
3848
3847
3847
3847
3847
3846
3846
3846
3845
3842
3842
3842
3841
3840
3840
3840
3840
3840
3839
3839
3839
3839
3838
3838
3837
3837
3837
3837
3836
3835
3835
3835
3835
3835
3834
3834
3833
3833
3832
3832
3830
3830
3829
3829
3829
3828
3828
3828
3828
3827
3826
3824
3823
3823
3822
3822
3821
3820
3820
3819
3819
3818
3818
3818
3818
3817
3817
3816
3815
3815
3814
3814
3814
3814
3814
3813
3813
3811
3811
3811
3811
3811
3811
3810
3810
3810
3810
3809
3808
3808
3808
3807
3807
3807
3807
3807
3807
3806
3806
3806
3806
3805
3805
3805
3805
3805
3804
3804
3804
3803
3803
3803
3802
3802
3801
3801
3801
3800
3800
3800
3800
3800
3799
3799
3799
3798
3798
3797
3797
3796
3796
3795
3795
3795
3794
3794
3794
3793
3792
3792
3791
3791
3790
3790
3790
3789
3789
3789
3788
3787
3787
3786
3786
3786
3786
3786
3785
3785
3784
3784
3784
3784
3783
3783
3783
3783
3783
3782
3782
3781
3781
3781
3781
3781
3781
3781
3780
3779
3779
3779
3779
3779
3778
3778
3778
3778
3777
3777
3776
3776
3775
3775
3775
3775
3775
3775
3774
3774
3774
3774
3774
3774
3774
3773
3773
3772
3772
3772
3772
3772
3771
3771
3771
3771
3771
3771
3770
3770
3770
3770
3769
3769
3769
3768
3768
3767
3767
3766
3765
3765
3764
3764
3764
3764
3763
3763
3763
3762
3761
3761
3760
3760
3760
3760
3759
3759
3759
3758
3757
3756
3756
3756
3756
3756
3755
3755
3755
3754
3754
3753
3753
3753
3752
3752
3752
3752
3752
3751
3751
3751
3750
3750
3750
3750
3749
3749
3749
3749
3749
3748
3748
3747
3747
3747
3747
3747
3747
3746
3746
3746
3746
3745
3745
3744
3744
3744
3744
3744
3743
3743
3743
3743
3743
3743
3742
3742
3741
3741
3741
3740
3740
3739
3738
3737
3736
3736
3736
3735
3735
3734
3734
3734
3734
3733
3732
3731
3730
3730
3729
3729
3729
3729
3729
3729
3728
3728
3727
3727
3727
3726
3725
3725
3725
3725
3725
3724
3724
3724
3723
3722
3722
3721
3721
3721
3721
3720
3720
3720
3720
3720
3719
3719
3719
3719
3719
3718
3718
3718
3718
3717
3717
3716
3716
3716
3716
3715
3715
3715
3715
3715
3715
3715
3714
3714
3714
3714
3714
3714
3714
3714
3714
3713
3713
3712
3711
3711
3710
3710
3710
3710
3710
3710
3709
3709
3709
3709
3708
3708
3708
3708
3707
3706
3705
3704
3704
3704
3704
3704
3704
3703
3703
3701
3701
3701
3701
3701
3701
3700
3699
3697
3697
3697
3696
3696
3695
3695
3695
3695
3695
3695
3694
3694
3694
3694
3694
3693
3693
3691
3691
3691
3691
3691
3691
3690
3690
3689
3689
3688
3688
3688
3688
3687
3687
3687
3686
3686
3685
3685
3685
3685
3685
3684
3684
3684
3684
3683
3683
3683
3683
3683
3682
3682
3682
3681
3680
3680
3680
3679
3678
3678
3677
3677
3677
3676
3676
3676
3675
3675
3675
3674
3674
3673
3673
3673
3673
3673
3672
3671
3671
3671
3671
3671
3670
3670
3670
3670
3669
3668
3668
3668
3667
3667
3666
3666
3665
3664
3664
3664
3663
3663
3663
3662
3662
3662
3661
3661
3660
3660
3660
3660
3660
3659
3659
3659
3659
3659
3659
3658
3658
3658
3658
3657
3656
3656
3654
3654
3654
3654
3654
3654
3654
3653
3653
3653
3653
3652
3652
3652
3651
3651
3651
3651
3651
3651
3650
3650
3650
3650
3649
3649
3648
3648
3648
3648
3648
3648
3648
3646
3646
3646
3645
3645
3644
3643
3643
3642
3642
3642
3641
3641
3641
3641
3641
3641
3641
3640
3640
3640
3639
3638
3638
3638
3638
3638
3637
3636
3636
3635
3635
3635
3635
3634
3634
3633
3632
3632
3632
3631
3631
3630
3630
3630
3629
3628
3628
3628
3628
3628
3627
3627
3626
3626
3626
3626
3625
3625
3625
3625
3625
3624
3624
3624
3623
3623
3623
3622
3622
3622
3622
3621
3621
3621
3621
3620
3620
3620
3620
3620
3619
3618
3618
3618
3617
3617
3617
3616
3616
3616
3616
3615
3615
3615
3615
3615
3615
3614
3614
3614
3614
3614
3613
3613
3613
3612
3611
3611
3611
3610
3610
3610
3610
3610
3609
3609
3609
3609
3609
3609
3609
3609
3608
3608
3608
3607
3607
3606
3606
3606
3606
3606
3606
3605
3604
3604
3604
3604
3604
3603
3603
3603
3602
3602
3601
3601
3601
3601
3601
3601
3601
3600
3600
3600
3600
3600
3599
3599
3598
3598
3598
3598
3597
3597
3597
3597
3597
3597
3597
3596
3596
3596
3596
3595
3595
3595
3595
3595
3594
3594
3594
3593
3593
3593
3591
3591
3591
3590
3590
3590
3589
3589
3589
3589
3589
3589
3589
3588
3588
3588
3586
3586
3586
3586
3586
3586
3586
3586
3585
3585
3585
3585
3585
3584
3584
3583
3583
3583
3583
3583
3582
3582
3581
3581
3580
3580
3580
3580
3579
3579
3579
3579
3577
3577
3577
3577
3576
3576
3576
3575
3574
3574
3573
3573
3573
3572
3571
3571
3571
3571
3570
3570
3569
3569
3569
3569
3569
3569
3569
3568
3568
3568
3567
3567
3567
3566
3566
3566
3565
3565
3564
3564
3564
3564
3564
3564
3564
3563
3563
3563
3563
3562
3561
3561
3561
3561
3560
3560
3559
3559
3559
3558
3558
3558
3558
3557
3557
3557
3556
3556
3556
3556
3554
3553
3553
3553
3552
3552
3551
3551
3551
3551
3550
3550
3550
3549
3549
3548
3548
3548
3548
3548
3547
3547
3547
3547
3546
3546
3546
3545
3544
3544
3544
3543
3543
3542
3542
3542
3542
3541
3541
3541
3541
3541
3541
3540
3540
3540
3539
3539
3538
3538
3538
3537
3537
3537
3536
3536
3536
3535
3534
3534
3534
3534
3534
3533
3533
3533
3533
3532
3532
3532
3531
3530
3529
3529
3528
3528
3528
3527
3526
3526
3526
3526
3525
3525
3525
3525
3525
3525
3524
3524
3524
3523
3523
3523
3523
3523
3523
3522
3522
3522
3522
3522
3522
3521
3521
3521
3520
3520
3520
3519
3519
3519
3518
3518
3518
3518
3518
3517
3517
3517
3517
3516
3516
3516
3516
3515
3515
3515
3514
3514
3514
3512
3512
3512
3511
3511
3511
3510
3510
3510
3510
3509
3509
3509
3509
3509
3508
3506
3506
3506
3506
3506
3506
3505
3505
3504
3503
3503
3503
3503
3502
3502
3502
3501
3501
3501
3500
3500
3500
3500
3500
3499
3499
3499
3499
3499
3498
3498
3497
3497
3497
3497
3496
3496
3496
3496
3496
3496
3496
3496
3496
3495
3494
3494
3494
3494
3494
3493
3493
3493
3492
3492
3492
3492
3492
3491
3491
3491
3491
3491
3491
3491
3491
3490
3490
3490
3489
3489
3489
3489
3488
3488
3487
3487
3486
3486
3486
3485
3485
3484
3483
3483
3483
3483
3483
3482
3482
3482
3482
3482
3481
3481
3481
3480
3480
3480
3480
3480
3480
3479
3479
3478
3478
3478
3478
3478
3477
3477
3477
3477
3477
3476
3476
3476
3476
3476
3475
3475
3474
3474
3474
3474
3474
3474
3471
3471
3471
3471
3470
3470
3469
3469
3469
3469
3468
3468
3468
3468
3468
3467
3467
3467
3466
3466
3466
3466
3466
3466
3465
3464
3464
3464
3464
3463
3463
3463
3463
3462
3462
3462
3462
3462
3462
3461
3461
3461
3461
3460
3460
3459
3459
3459
3458
3456
3456
3456
3456
3456
3455
3455
3455
3454
3454
3454
3454
3454
3454
3453
3453
3453
3453
3453
3452
3452
3452
3452
3452
3451
3451
3451
3451
3450
3449
3449
3448
3447
3447
3447
3447
3447
3446
3446
3445
3444
3443
3443
3443
3443
3443
3443
3442
3442
3442
3442
3442
3440
3440
3439
3439
3438
3438
3438
3437
3436
3436
3436
3435
3435
3435
3434
3434
3434
3434
3434
3434
3433
3432
3432
3432
3432
3432
3432
3431
3431
3431
3431
3431
3430
3429
3429
3428
3428
3428
3427
3427
3427
3427
3426
3426
3425
3425
3425
3425
3425
3423
3423
3423
3422
3422
3422
3422
3422
3422
3420
3420
3420
3420
3420
3419
3419
3419
3419
3419
3418
3418
3418
3418
3418
3418
3418
3418
3417
3417
3417
3417
3417
3416
3416
3416
3416
3416
3415
3415
3415
3414
3414
3414
3413
3413
3413
3413
3412
3412
3412
3411
3411
3411
3411
3411
3411
3411
3411
3409
3409
3409
3408
3408
3408
3408
3408
3407
3407
3407
3406
3405
3405
3405
3404
3404
3404
3404
3403
3402
3402
3402
3401
3401
3401
3401
3401
3400
3400
3400
3400
3400
3400
3400
3399
3399
3399
3399
3399
3398
3398
3398
3397
3396
3395
3395
3395
3395
3394
3393
3393
3393
3392
3392
3392
3392
3392
3392
3392
3392
3391
3391
3391
3391
3391
3391
3391
3391
3390
3390
3390
3389
3389
3389
3389
3389
3389
3389
3387
3387
3387
3387
3387
3387
3386
3386
3386
3386
3385
3385
3385
3385
3384
3384
3384
3383
3383
3383
3382
3382
3382
3382
3381
3381
3381
3381
3381
3380
3380
3379
3378
3378
3378
3378
3377
3377
3376
3376
3376
3375
3375
3375
3375
3374
3374
3373
3373
3372
3372
3372
3372
3371
3371
3371
3371
3370
3370
3370
3369
3369
3369
3369
3368
3368
3368
3368
3368
3368
3367
3367
3367
3366
3366
3366
3366
3366
3365
3365
3365
3364
3364
3363
3363
3363
3362
3362
3362
3362
3361
3361
3361
3361
3361
3360
3360
3360
3359
3359
3359
3359
3359
3359
3359
3358
3358
3358
3358
3358
3358
3358
3357
3356
3356
3355
3355
3355
3355
3354
3354
3353
3353
3351
3351
3351
3350
3350
3350
3350
3350
3350
3350
3350
3350
3349
3349
3349
3348
3348
3347
3347
3347
3347
3346
3346
3346
3345
3345
3345
3345
3344
3344
3344
3344
3344
3344
3344
3343
3343
3343
3342
3341
3341
3340
3340
3340
3340
3340
3339
3339
3339
3339
3339
3338
3338
3337
3337
3337
3337
3336
3336
3335
3335
3335
3335
3335
3334
3334
3334
3333
3333
3333
3333
3332
3332
3332
3332
3332
3332
3331
3331
3331
3330
3330
3329
3329
3329
3329
3328
3328
3328
3328
3328
3327
3327
3327
3326
3326
3326
3326
3326
3325
3325
3325
3324
3324
3324
3324
3324
3324
3324
3323
3323
3322
3322
3322
3322
3321
3320
3320
3319
3319
3319
3319
3318
3318
3318
3318
3317
3316
3316
3315
3315
3315
3314
3314
3313
3313
3313
3313
3312
3312
3311
3311
3310
3310
3310
3310
3309
3309
3309
3308
3308
3308
3308
3307
3307
3307
3307
3307
3307
3306
3306
3306
3306
3306
3306
3306
3305
3305
3305
3305
3305
3305
3304
3304
3304
3303
3303
3303
3303
3302
3302
3302
3302
3300
3300
3300
3300
3299
3299
3299
3299
3298
3298
3298
3298
3298
3297
3297
3296
3296
3295
3295
3295
3295
3295
3295
3294
3294
3294
3294
3293
3293
3293
3292
3292
3292
3292
3292
3292
3292
3291
3291
3290
3290
3290
3289
3289
3289
3289
3288
3288
3288
3288
3287
3287
3287
3286
3286
3286
3285
3285
3285
3285
3284
3284
3283
3283
3283
3282
3282
3282
3282
3282
3282
3282
3281
3281
3281
3280
3280
3280
3279
3279
3279
3279
3278
3277
3277
3277
3277
3277
3277
3277
3276
3276
3276
3276
3275
3274
3274
3274
3274
3273
3273
3273
3273
3273
3272
3272
3272
3272
3271
3271
3271
3271
3270
3270
3270
3270
3270
3270
3269
3269
3269
3269
3269
3268
3268
3268
3267
3267
3267
3266
3266
3266
3265
3265
3265
3264
3264
3264
3264
3264
3263
3263
3262
3261
3261
3261
3261
3260
3260
3260
3259
3259
3259
3258
3258
3257
3257
3257
3257
3257
3257
3257
3256
3256
3255
3255
3254
3254
3254
3254
3254
3253
3252
3252
3252
3251
3250
3250
3250
3250
3250
3250
3249
3249
3249
3249
3249
3249
3248
3247
3247
3247
3247
3247
3247
3246
3246
3245
3245
3245
3245
3245
3245
3245
3244
3244
3244
3244
3243
3243
3243
3242
3242
3242
3242
3242
3242
3241
3241
3241
3241
3241
3240
3240
3239
3239
3239
3239
3239
3239
3238
3238
3238
3238
3238
3238
3237
3237
3236
3235
3235
3235
3234
3233
3233
3233
3233
3233
3232
3232
3232
3232
3232
3231
3231
3231
3230
3230
3230
3230
3229
3229
3229
3229
3229
3229
3229
3229
3228
3227
3227
3227
3227
3226
3226
3225
3225
3225
3225
3225
3224
3224
3224
3224
3224
3223
3223
3223
3223
3223
3222
3222
3222
3221
3221
3221
3220
3220
3220
3220
3219
3218
3218
3217
3217
3217
3217
3217
3217
3216
3216
3216
3216
3216
3215
3215
3214
3213
3213
3213
3213
3213
3213
3213
3212
3212
3212
3212
3212
3211
3210
3210
3209
3209
3209
3209
3208
3208
3208
3208
3207
3207
3207
3207
3207
3207
3207
3207
3207
3207
3205
3205
3205
3205
3205
3204
3203
3203
3203
3203
3203
3203
3202
3202
3201
3201
3201
3201
3201
3201
3201
3200
3200
3200
3200
3200
3200
3200
3200
3199
3199
3199
3198
3198
3198
3198
3197
3197
3197
3197
3197
3196
3196
3195
3195
3195
3194
3194
3194
3194
3193
3192
3192
3192
3192
3192
3191
3191
3191
3190
3190
3190
3190
3190
3189
3189
3189
3189
3188
3188
3188
3188
3188
3188
3188
3187
3186
3186
3186
3186
3185
3185
3184
3184
3184
3184
3184
3183
3183
3183
3183
3182
3182
3182
3182
3182
3181
3181
3181
3180
3180
3180
3180
3180
3180
3180
3179
3179
3178
3178
3178
3177
3177
3177
3177
3177
3177
3177
3176
3176
3175
3175
3175
3174
3174
3174
3174
3173
3173
3173
3172
3172
3172
3172
3171
3171
3171
3171
3171
3170
3170
3170
3170
3170
3170
3170
3170
3170
3169
3169
3168
3168
3168
3168
3168
3167
3167
3167
3167
3167
3166
3166
3166
3166
3165
3165
3165
3164
3164
3164
3164
3164
3164
3164
3164
3163
3162
3162
3162
3162
3162
3161
3161
3161
3160
3160
3159
3159
3159
3159
3158
3158
3158
3158
3158
3157
3157
3157
3156
3156
3156
3156
3156
3155
3155
3155
3155
3155
3155
3155
3154
3154
3153
3153
3153
3152
3152
3152
3152
3151
3151
3150
3150
3149
3149
3149
3149
3148
3148
3148
3148
3147
3147
3146
3146
3146
3146
3146
3145
3144
3144
3144
3143
3143
3143
3142
3141
3141
3141
3141
3140
3140
3140
3140
3140
3140
3140
3139
3139
3139
3138
3137
3137
3137
3137
3137
3136
3135
3135
3135
3135
3135
3135
3134
3134
3134
3134
3134
3134
3134
3133
3133
3133
3133
3133
3133
3132
3132
3132
3131
3131
3131
3131
3131
3130
3130
3130
3130
3130
3130
3130
3129
3129
3129
3129
3129
3129
3128
3128
3128
3128
3128
3128
3128
3128
3128
3127
3127
3127
3127
3127
3127
3126
3126
3126
3126
3125
3125
3124
3124
3124
3124
3124
3124
3122
3122
3122
3122
3122
3121
3121
3121
3121
3120
3119
3119
3118
3118
3118
3118
3117
3116
3116
3116
3115
3114
3114
3113
3113
3113
3112
3112
3112
3112
3112
3112
3112
3111
3111
3110
3110
3110
3110
3109
3109
3109
3109
3109
3108
3108
3108
3108
3107
3107
3106
3106
3106
3106
3105
3104
3104
3104
3104
3104
3104
3104
3103
3103
3103
3102
3102
3102
3101
3101
3101
3101
3101
3101
3101
3101
3100
3100
3100
3100
3100
3100
3100
3100
3100
3099
3099
3099
3099
3099
3099
3099
3098
3098
3097
3097
3096
3096
3096
3096
3095
3095
3095
3095
3095
3095
3095
3095
3094
3094
3094
3094
3093
3093
3093
3093
3093
3093
3093
3093
3092
3092
3092
3092
3092
3091
3090
3090
3090
3090
3090
3089
3089
3089
3089
3088
3088
3088
3087
3087
3087
3086
3086
3086
3086
3086
3086
3085
3085
3085
3085
3084
3084
3084
3084
3083
3083
3083
3082
3082
3082
3082
3082
3081
3081
3081
3081
3081
3080
3080
3080
3080
3080
3079
3079
3079
3079
3078
3078
3077
3077
3077
3076
3076
3076
3076
3076
3076
3075
3075
3075
3075
3075
3074
3074
3074
3073
3073
3073
3072
3072
3072
3072
3072
3072
3072
3072
3072
3071
3071
3071
3071
3070
3070
3070
3070
3070
3069
3069
3069
3069
3069
3069
3068
3068
3068
3068
3068
3068
3068
3067
3067
3067
3067
3066
3066
3066
3066
3066
3066
3065
3065
3065
3065
3065
3064
3064
3064
3064
3064
3063
3063
3063
3063
3063
3063
3063
3063
3063
3063
3063
3063
3062
3062
3062
3062
3061
3061
3060
3060
3060
3060
3060
3060
3059
3059
3059
3059
3058
3058
3058
3058
3058
3058
3057
3057
3057
3057
3057
3057
3056
3056
3055
3054
3054
3053
3053
3053
3053
3053
3053
3052
3052
3052
3051
3051
3051
3051
3051
3050
3050
3050
3050
3050
3050
3050
3050
3050
3049
3049
3048
3048
3048
3048
3048
3048
3048
3047
3047
3047
3047
3047
3046
3046
3046
3046
3046
3046
3046
3045
3045
3045
3045
3045
3045
3045
3044
3044
3044
3044
3044
3043
3043
3043
3043
3043
3043
3042
3041
3041
3041
3041
3041
3040
3040
3040
3040
3039
3039
3039
3039
3039
3039
3038
3038
3038
3037
3037
3037
3037
3036
3036
3036
3036
3036
3036
3036
3036
3035
3034
3034
3034
3034
3034
3034
3033
3033
3033
3033
3032
3032
3032
3032
3032
3031
3031
3031
3031
3030
3030
3030
3030
3030
3030
3030
3029
3029
3029
3029
3029
3029
3029
3029
3029
3028
3028
3028
3028
3028
3028
3027
3027
3027
3027
3027
3027
3027
3026
3025
3025
3025
3025
3025
3025
3024
3024
3024
3024
3023
3023
3023
3023
3023
3022
3022
3022
3022
3021
3021
3020
3020
3020
3020
3019
3019
3019
3018
3018
3018
3018
3018
3017
3017
3017
3016
3016
3016
3016
3015
3015
3015
3015
3014
3014
3014
3014
3013
3013
3013
3013
3013
3013
3012
3012
3012
3012
3012
3012
3011
3011
3011
3011
3010
3010
3010
3009
3009
3009
3009
3008
3008
3008
3007
3007
3007
3007
3007
3007
3006
3006
3006
3006
3006
3006
3005
3005
3005
3005
3005
3005
3005
3004
3004
3004
3004
3004
3003
3003
3003
3003
3002
3002
3002
3002
3002
3002
3002
3002
3002
3002
3001
3001
3001
3001
3000
3000
2999
2999
2999
2999
2999
2999
2999
2999
2999
2999
2999
2999
2999
2998
2998
2998
2997
2997
2997
2997
2997
2997
2997
2995
2995
2995
2995
2995
2995
2994
2994
2994
2994
2994
2994
2993
2993
2993
2992
2992
2992
2991
2991
2991
2991
2991
2991
2991
2990
2990
2990
2990
2990
2990
2989
2989
2989
2989
2988
2988
2987
2987
2987
2987
2987
2987
2987
2987
2985
2985
2985
2985
2985
2985
2985
2985
2984
2984
2984
2983
2983
2983
2983
2983
2982
2982
2981
2981
2981
2980
2980
2980
2980
2980
2980
2979
2979
2979
2979
2979
2978
2978
2978
2978
2977
2977
2977
2977
2976
2975
2975
2975
2975
2975
2975
2975
2974
2974
2974
2973
2973
2973
2973
2972
2972
2971
2971
2971
2970
2970
2970
2970
2970
2970
2969
2968
2968
2968
2968
2968
2968
2968
2968
2968
2967
2967
2967
2967
2966
2966
2965
2965
2965
2965
2965
2965
2964
2964
2964
2964
2964
2964
2964
2963
2963
2963
2963
2963
2963
2963
2963
2963
2963
2962
2962
2962
2962
2962
2962
2962
2961
2961
2961
2961
2961
2960
2960
2960
2960
2960
2959
2959
2959
2959
2959
2959
2958
2958
2958
2958
2957
2957
2957
2956
2956
2956
2956
2956
2956
2955
2955
2955
2954
2954
2953
2953
2952
2951
2951
2950
2950
2950
2950
2949
2949
2949
2949
2949
2948
2948
2948
2948
2948
2948
2948
2947
2947
2947
2947
2947
2947
2947
2947
2946
2946
2946
2946
2946
2946
2946
2946
2945
2945
2945
2945
2944
2944
2944
2943
2943
2943
2943
2942
2942
2942
2942
2942
2941
2941
2940
2940
2939
2939
2939
2939
2937
2937
2937
2936
2936
2936
2936
2936
2935
2935
2935
2935
2935
2934
2934
2934
2934
2934
2934
2933
2933
2933
2932
2932
2932
2932
2932
2932
2932
2931
2931
2931
2931
2930
2930
2930
2929
2929
2929
2929
2929
2928
2928
2928
2928
2927
2927
2927
2927
2927
2926
2926
2926
2926
2926
2926
2926
2925
2925
2924
2924
2924
2923
2923
2923
2922
2922
2922
2922
2921
2920
2920
2920
2920
2920
2920
2918
2918
2917
2917
2917
2917
2916
2916
2916
2916
2915
2915
2915
2915
2915
2915
2914
2914
2914
2914
2914
2914
2914
2913
2913
2913
2913
2913
2912
2912
2912
2911
2911
2911
2911
2911
2911
2911
2911
2910
2910
2910
2910
2910
2909
2909
2909
2909
2909
2909
2909
2909
2909
2908
2908
2908
2908
2908
2908
2907
2907
2907
2907
2907
2907
2907
2906
2906
2906
2906
2906
2906
2906
2906
2905
2905
2905
2904
2904
2904
2904
2904
2904
2904
2903
2903
2903
2903
2903
2903
2902
2902
2902
2902
2902
2902
2901
2901
2901
2900
2900
2899
2899
2899
2898
2898
2898
2898
2898
2898
2898
2898
2898
2897
2897
2897
2897
2896
2896
2896
2896
2895
2895
2895
2894
2894
2894
2894
2894
2894
2894
2893
2893
2893
2893
2893
2892
2892
2892
2892
2892
2892
2892
2891
2891
2891
2890
2890
2890
2890
2889
2889
2889
2888
2888
2887
2887
2887
2887
2886
2886
2885
2885
2885
2884
2884
2884
2884
2884
2884
2884
2883
2883
2883
2883
2882
2882
2882
2882
2882
2882
2881
2881
2881
2881
2881
2881
2881
2880
2880
2880
2880
2880
2880
2880
2879
2879
2879
2879
2878
2878
2878
2878
2878
2878
2878
2877
2877
2877
2876
2876
2875
2875
2875
2875
2875
2875
2875
2875
2875
2874
2874
2874
2874
2874
2874
2873
2873
2873
2873
2873
2873
2873
2872
2872
2872
2872
2872
2872
2871
2871
2871
2871
2870
2870
2869
2869
2869
2869
2869
2868
2868
2868
2868
2868
2868
2867
2867
2867
2867
2867
2866
2866
2866
2866
2866
2865
2865
2865
2865
2865
2864
2864
2864
2864
2864
2864
2863
2863
2863
2863
2863
2863
2863
2862
2862
2862
2862
2862
2862
2862
2861
2861
2861
2861
2861
2861
2861
2861
2861
2861
2860
2860
2860
2860
2860
2859
2859
2859
2858
2858
2857
2857
2857
2856
2856
2856
2856
2856
2856
2855
2855
2855
2855
2855
2855
2855
2854
2854
2854
2854
2854
2854
2854
2853
2853
2853
2853
2852
2852
2852
2852
2852
2852
2851
2851
2851
2851
2851
2851
2851
2850
2850
2850
2850
2849
2849
2848
2848
2848
2848
2847
2847
2847
2846
2846
2846
2846
2846
2846
2845
2845
2845
2845
2845
2845
2845
2845
2845
2845
2845
2844
2844
2844
2844
2844
2843
2843
2843
2842
2842
2842
2842
2842
2842
2842
2841
2841
2841
2841
2841
2840
2840
2840
2840
2840
2839
2838
2838
2838
2838
2838
2838
2838
2838
2837
2837
2837
2836
2836
2836
2836
2836
2835
2835
2835
2835
2835
2835
2834
2834
2833
2833
2833
2833
2832
2832
2832
2832
2832
2832
2832
2832
2831
2831
2831
2831
2830
2830
2830
2830
2829
2829
2829
2829
2829
2828
2828
2828
2828
2827
2827
2826
2826
2826
2826
2826
2826
2826
2826
2826
2825
2825
2825
2825
2824
2824
2824
2824
2824
2824
2824
2824
2824
2823
2823
2823
2822
2822
2822
2822
2822
2822
2821
2821
2821
2821
2820
2820
2820
2820
2820
2819
2819
2819
2819
2819
2819
2819
2819
2819
2818
2817
2817
2817
2816
2816
2816
2816
2816
2815
2815
2815
2815
2815
2815
2814
2814
2814
2814
2814
2814
2814
2814
2814
2813
2813
2813
2813
2813
2812
2812
2812
2812
2812
2811
2811
2811
2811
2811
2810
2810
2810
2809
2809
2808
2808
2808
2808
2808
2807
2807
2807
2807
2807
2807
2807
2807
2807
2807
2807
2806
2806
2806
2805
2805
2805
2804
2804
2804
2803
2803
2803
2803
2803
2802
2802
2802
2802
2802
2801
2801
2801
2801
2801
2801
2800
2800
2800
2800
2800
2800
2800
2799
2799
2799
2799
2799
2799
2798
2798
2798
2797
2797
2797
2797
2797
2796
2796
2796
2796
2796
2796
2796
2796
2796
2796
2796
2795
2795
2795
2795
2794
2794
2794
2794
2794
2794
2793
2793
2793
2792
2792
2792
2792
2792
2792
2792
2792
2791
2791
2791
2791
2790
2790
2790
2790
2790
2790
2790
2789
2789
2788
2788
2788
2788
2788
2788
2787
2787
2787
2787
2787
2787
2786
2786
2786
2786
2786
2786
2786
2786
2786
2786
2786
2785
2785
2785
2785
2784
2784
2784
2784
2784
2784
2784
2784
2784
2784
2784
2783
2783
2782
2782
2781
2781
2781
2781
2781
2781
2780
2780
2779
2779
2779
2779
2779
2778
2778
2778
2778
2778
2778
2778
2778
2777
2777
2777
2777
2776
2776
2776
2776
2776
2776
2776
2776
2775
2775
2775
2775
2774
2774
2774
2774
2774
2774
2774
2774
2773
2773
2773
2772
2772
2772
2772
2772
2772
2772
2771
2771
2771
2771
2771
2771
2771
2771
2771
2771
2771
2770
2770
2770
2770
2770
2770
2769
2769
2769
2769
2769
2768
2768
2768
2768
2768
2767
2767
2767
2767
2767
2767
2767
2766
2766
2766
2766
2766
2765
2765
2765
2764
2763
2763
2763
2763
2762
2762
2762
2762
2762
2762
2761
2761
2761
2761
2761
2761
2761
2761
2761
2760
2760
2760
2760
2759
2759
2759
2759
2759
2759
2758
2758
2758
2758
2757
2757
2757
2757
2757
2757
2756
2756
2756
2756
2756
2756
2756
2756
2756
2755
2755
2754
2754
2754
2754
2754
2754
2753
2753
2753
2753
2753
2752
2752
2752
2752
2752
2752
2752
2751
2751
2751
2751
2751
2751
2751
2750
2750
2750
2750
2750
2750
2750
2750
2750
2749
2749
2749
2749
2748
2748
2748
2748
2748
2747
2747
2747
2747
2747
2746
2746
2746
2746
2746
2745
2745
2745
2745
2744
2744
2744
2744
2744
2743
2743
2743
2743
2743
2743
2743
2742
2742
2742
2742
2742
2742
2742
2741
2741
2741
2741
2741
2741
2741
2740
2740
2740
2740
2740
2740
2739
2739
2739
2738
2738
2738
2737
2737
2737
2736
2736
2736
2736
2736
2736
2735
2735
2735
2735
2734
2734
2734
2734
2734
2734
2734
2733
2733
2732
2732
2732
2732
2732
2731
2731
2731
2731
2731
2731
2731
2731
2731
2731
2731
2730
2730
2730
2729
2729
2728
2728
2728
2728
2728
2727
2727
2727
2727
2727
2727
2727
2727
2727
2726
2726
2726
2726
2725
2725
2725
2725
2725
2725
2724
2724
2724
2724
2724
2723
2723
2723
2723
2723
2723
2723
2722
2722
2722
2721
2721
2721
2721
2721
2721
2721
2720
2720
2720
2720
2720
2720
2719
2719
2719
2719
2719
2718
2718
2718
2718
2718
2718
2717
2717
2717
2717
2717
2716
2716
2716
2716
2715
2715
2715
2715
2715
2715
2715
2714
2714
2714
2714
2714
2714
2714
2714
2714
2713
2713
2713
2713
2713
2713
2713
2713
2713
2712
2712
2712
2711
2711
2711
2711
2711
2711
2711
2711
2711
2711
2711
2710
2710
2709
2709
2709
2708
2708
2708
2708
2708
2708
2707
2707
2707
2707
2707
2707
2707
2706
2706
2706
2706
2706
2706
2706
2705
2705
2705
2705
2705
2705
2704
2704
2704
2704
2704
2704
2704
2703
2703
2703
2703
2702
2702
2702
2702
2702
2702
2701
2701
2701
2701
2701
2701
2701
2701
2701
2700
2700
2700
2700
2700
2700
2700
2700
2699
2699
2699
2698
2698
2698
2698
2698
2697
2697
2697
2696
2696
2696
2696
2695
2695
2695
2695
2695
2695
2695
2694
2694
2694
2693
2693
2693
2693
2693
2693
2693
2692
2692
2692
2692
2692
2691
2691
2691
2691
2691
2691
2690
2690
2690
2690
2690
2690
2689
2689
2689
2688
2688
2688
2688
2688
2687
2687
2687
2687
2687
2686
2686
2686
2686
2686
2685
2685
2685
2685
2685
2685
2685
2684
2684
2684
2684
2684
2684
2684
2684
2683
2683
2683
2683
2683
2682
2682
2682
2681
2681
2680
2680
2680
2680
2680
2680
2679
2679
2679
2678
2677
2677
2677
2677
2677
2677
2677
2676
2676
2676
2676
2676
2676
2676
2676
2675
2675
2675
2675
2674
2674
2674
2674
2673
2673
2673
2672
2671
2671
2671
2671
2671
2671
2670
2670
2669
2669
2669
2668
2668
2668
2668
2668
2667
2666
2666
2666
2666
2666
2666
2666
2666
2666
2665
2665
2665
2665
2665
2665
2665
2665
2664
2664
2663
2662
2662
2662
2662
2662
2662
2662
2662
2662
2661
2661
2661
2661
2660
2660
2660
2660
2660
2660
2660
2660
2659
2659
2659
2659
2659
2658
2658
2658
2658
2657
2657
2657
2656
2656
2656
2656
2655
2655
2655
2654
2654
2654
2654
2653
2653
2653
2652
2652
2652
2652
2652
2652
2651
2651
2651
2651
2651
2651
2651
2651
2651
2650
2650
2650
2650
2649
2649
2649
2648
2648
2648
2648
2648
2648
2648
2648
2647
2647
2647
2646
2646
2646
2646
2646
2646
2645
2645
2645
2645
2644
2644
2644
2644
2644
2644
2644
2644
2643
2643
2643
2643
2643
2642
2642
2642
2642
2642
2641
2641
2641
2641
2641
2641
2641
2640
2640
2640
2640
2639
2639
2639
2639
2638
2638
2638
2638
2638
2637
2637
2637
2637
2637
2637
2637
2636
2636
2636
2636
2636
2635
2635
2635
2635
2635
2635
2635
2635
2635
2634
2634
2634
2634
2634
2634
2633
2633
2633
2633
2632
2632
2632
2632
2631
2631
2631
2631
2631
2630
2630
2630
2630
2630
2630
2629
2629
2629
2629
2629
2629
2628
2628
2627
2627
2627
2627
2627
2627
2627
2627
2626
2626
2626
2626
2626
2626
2625
2625
2625
2625
2625
2624
2624
2624
2624
2624
2624
2624
2623
2623
2623
2623
2623
2623
2623
2623
2622
2622
2622
2621
2621
2621
2621
2620
2620
2620
2620
2620
2620
2619
2619
2619
2619
2619
2619
2619
2619
2618
2618
2618
2618
2617
2617
2617
2617
2617
2617
2617
2616
2616
2616
2616
2615
2615
2614
2614
2614
2614
2614
2614
2614
2614
2614
2614
2614
2613
2613
2613
2613
2613
2613
2613
2612
2612
2612
2612
2612
2612
2612
2612
2611
2611
2611
2611
2611
2610
2610
2610
2610
2610
2610
2610
2609
2609
2609
2609
2609
2608
2608
2608
2608
2608
2607
2607
2607
2607
2606
2606
2606
2606
2606
2606
2606
2605
2605
2605
2605
2605
2604
2604
2604
2603
2602
2602
2602
2602
2602
2602
2601
2601
2601
2601
2600
2600
2600
2600
2600
2599
2599
2599
2599
2599
2599
2599
2599
2599
2599
2599
2598
2598
2598
2598
2598
2598
2598
2598
2598
2598
2597
2597
2597
2597
2597
2597
2597
2596
2596
2595
2595
2595
2595
2594
2594
2594
2594
2594
2593
2593
2593
2593
2593
2593
2593
2592
2592
2592
2592
2591
2591
2591
2591
2591
2590
2590
2590
2589
2589
2589
2589
2589
2588
2588
2588
2588
2588
2588
2588
2587
2587
2587
2587
2587
2587
2587
2587
2586
2586
2586
2586
2585
2585
2585
2585
2585
2585
2585
2584
2584
2584
2584
2584
2583
2583
2583
2582
2582
2582
2581
2581
2581
2581
2581
2581
2581
2581
2581
2580
2580
2580
2580
2580
2579
2579
2579
2579
2579
2578
2578
2578
2578
2578
2578
2578
2577
2577
2577
2577
2577
2577
2576
2576
2576
2576
2575
2575
2575
2575
2574
2574
2574
2574
2574
2574
2573
2573
2573
2573
2573
2573
2572
2572
2572
2572
2572
2572
2572
2571
2571
2571
2571
2571
2571
2571
2571
2571
2571
2570
2570
2570
2570
2570
2570
2569
2569
2569
2569
2569
2569
2568
2568
2568
2568
2568
2568
2567
2567
2567
2567
2567
2567
2567
2566
2566
2566
2566
2566
2566
2565
2565
2564
2564
2564
2564
2564
2564
2564
2563
2563
2563
2563
2563
2563
2563
2563
2563
2563
2563
2563
2563
2562
2562
2562
2562
2562
2562
2562
2561
2561
2561
2561
2560
2560
2560
2560
2559
2559
2559
2559
2559
2558
2558
2558
2558
2558
2558
2558
2558
2558
2557
2557
2557
2556
2556
2556
2556
2555
2555
2555
2555
2555
2555
2554
2554
2554
2554
2553
2553
2553
2553
2553
2553
2553
2553
2552
2552
2552
2552
2551
2551
2551
2551
2551
2551
2551
2550
2550
2550
2550
2550
2550
2550
2550
2549
2549
2549
2549
2549
2549
2548
2548
2548
2548
2548
2548
2548
2547
2547
2547
2547
2547
2547
2547
2546
2546
2546
2546
2546
2546
2545
2545
2545
2545
2545
2545
2545
2545
2545
2544
2544
2544
2544
2544
2544
2544
2544
2543
2543
2543
2543
2543
2543
2543
2543
2543
2542
2542
2542
2542
2542
2542
2542
2541
2541
2541
2541
2541
2541
2541
2541
2541
2540
2540
2539
2539
2539
2539
2538
2538
2538
2538
2538
2538
2538
2538
2538
2537
2537
2537
2537
2537
2537
2536
2536
2536
2535
2535
2535
2535
2535
2535
2535
2535
2535
2535
2534
2534
2534
2534
2534
2534
2533
2533
2533
2533
2533
2533
2532
2532
2532
2532
2532
2531
2531
2531
2531
2531
2531
2531
2531
2531
2531
2530
2530
2530
2530
2530
2530
2530
2530
2530
2530
2529
2529
2529
2529
2529
2528
2528
2528
2528
2527
2527
2527
2527
2527
2527
2527
2526
2526
2526
2526
2525
2525
2525
2525
2525
2525
2524
2524
2524
2524
2524
2523
2523
2523
2523
2523
2522
2522
2522
2522
2522
2521
2521
2521
2521
2521
2521
2521
2521
2520
2520
2520
2520
2520
2520
2520
2519
2519
2519
2519
2519
2519
2518
2518
2518
2517
2517
2517
2517
2517
2517
2517
2517
2517
2517
2517
2516
2516
2516
2516
2516
2515
2515
2515
2515
2515
2515
2515
2515
2515
2514
2514
2514
2514
2514
2514
2514
2514
2513
2513
2513
2513
2512
2512
2512
2512
2512
2512
2512
2512
2512
2511
2511
2511
2511
2511
2511
2511
2510
2510
2510
2510
2510
2510
2509
2509
2509
2509
2508
2508
2508
2508
2508
2508
2508
2508
2508
2508
2507
2507
2507
2507
2507
2507
2507
2506
2506
2506
2506
2506
2506
2506
2506
2506
2506
2505
2505
2505
2505
2504
2504
2504
2504
2504
2504
2503
2503
2503
2503
2502
2502
2502
2502
2502
2502
2502
2502
2502
2502
2502
2501
2501
2501
2501
2501
2500
2500
2500
2500
2500
2500
2500
2499
2499
2499
2499
2499
2499
2498
2498
2498
2497
2497
2497
2497
2496
2496
2496
2496
2496
2496
2496
2495
2495
2495
2495
2495
2495
2495
2495
2494
2494
2494
2494
2493
2493
2493
2493
2493
2493
2493
2493
2492
2492
2492
2492
2492
2492
2492
2491
2491
2491
2491
2491
2491
2491
2491
2491
2491
2491
2491
2490
2490
2490
2489
2489
2489
2489
2489
2489
2489
2489
2488
2488
2488
2487
2487
2487
2487
2487
2487
2487
2486
2486
2486
2486
2486
2486
2486
2485
2485
2485
2485
2485
2485
2484
2484
2484
2483
2483
2483
2483
2483
2482
2482
2482
2482
2482
2481
2481
2481
2481
2481
2480
2480
2480
2480
2480
2480
2480
2479
2479
2479
2479
2479
2479
2478
2478
2478
2478
2478
2478
2478
2478
2478
2478
2478
2478
2478
2477
2477
2477
2477
2477
2477
2477
2476
2476
2475
2474
2474
2474
2474
2474
2474
2474
2473
2473
2473
2473
2472
2472
2472
2472
2472
2472
2472
2472
2472
2472
2472
2471
2471
2471
2471
2471
2471
2471
2471
2470
2470
2470
2470
2470
2469
2469
2469
2469
2469
2469
2469
2469
2468
2468
2468
2468
2468
2468
2468
2467
2467
2467
2467
2467
2466
2466
2466
2466
2466
2466
2466
2465
2465
2465
2465
2465
2465
2464
2464
2464
2464
2464
2464
2464
2463
2463
2463
2463
2463
2463
2463
2463
2462
2462
2462
2462
2462
2462
2462
2462
2461
2461
2461
2461
2461
2460
2460
2460
2460
2460
2460
2459
2459
2459
2458
2458
2458
2458
2458
2458
2458
2457
2457
2457
2457
2457
2457
2457
2456
2456
2456
2456
2455
2455
2455
2454
2454
2454
2454
2454
2454
2454
2454
2454
2453
2453
2453
2453
2453
2453
2453
2453
2452
2452
2452
2452
2452
2452
2451
2451
2451
2451
2450
2450
2450
2450
2449
2449
2449
2449
2449
2448
2448
2448
2448
2448
2448
2447
2447
2447
2447
2446
2446
2446
2446
2446
2446
2445
2445
2445
2445
2445
2445
2445
2444
2444
2444
2443
2443
2443
2443
2443
2442
2442
2442
2442
2442
2442
2442
2442
2442
2441
2441
2441
2440
2440
2440
2440
2440
2440
2440
2439
2439
2439
2439
2439
2439
2439
2438
2438
2438
2437
2437
2437
2437
2437
2437
2437
2436
2436
2436
2436
2436
2436
2436
2436
2435
2435
2435
2435
2434
2434
2434
2434
2434
2434
2434
2434
2433
2433
2433
2433
2433
2433
2433
2432
2432
2432
2432
2432
2431
2431
2431
2431
2431
2431
2431
2430
2430
2430
2430
2430
2430
2430
2430
2430
2429
2429
2429
2429
2429
2429
2428
2428
2428
2428
2427
2427
2427
2427
2426
2425
2425
2425
2425
2425
2425
2425
2425
2424
2424
2424
2424
2424
2424
2423
2423
2423
2423
2422
2422
2422
2422
2422
2422
2422
2422
2422
2422
2421
2421
2421
2420
2420
2420
2420
2420
2420
2420
2420
2420
2420
2419
2419
2419
2419
2419
2418
2418
2418
2418
2418
2417
2417
2417
2417
2416
2416
2416
2416
2416
2416
2416
2415
2415
2415
2414
2414
2414
2414
2414
2414
2413
2413
2413
2413
2412
2412
2412
2412
2412
2412
2412
2411
2411
2411
2411
2411
2411
2411
2411
2411
2410
2410
2410
2410
2410
2410
2410
2409
2409
2409
2409
2409
2409
2408
2408
2408
2408
2408
2408
2407
2407
2407
2406
2406
2406
2406
2406
2406
2405
2405
2405
2405
2405
2405
2404
2404
2404
2404
2404
2404
2404
2404
2404
2404
2404
2403
2403
2403
2403
2403
2403
2403
2403
2403
2402
2402
2402
2402
2402
2402
2402
2401
2401
2401
2401
2401
2401
2401
2400
2400
2400
2400
2400
2400
2399
2399
2399
2399
2399
2399
2399
2399
2399
2399
2399
2399
2399
2399
2398
2398
2398
2398
2397
2397
2397
2397
2397
2397
2396
2396
2396
2396
2396
2396
2395
2395
2395
2395
2395
2395
2395
2395
2395
2394
2394
2394
2394
2394
2394
2393
2393
2393
2393
2393
2393
2393
2393
2392
2392
2392
2391
2391
2391
2391
2390
2390
2390
2390
2390
2390
2390
2390
2389
2389
2389
2389
2389
2389
2389
2389
2389
2388
2387
2387
2387
2387
2387
2387
2387
2387
2387
2386
2386
2386
2386
2386
2386
2386
2386
2386
2386
2385
2385
2385
2385
2385
2385
2385
2385
2385
2385
2384
2384
2384
2384
2384
2383
2383
2383
2383
2383
2383
2383
2382
2382
2382
2382
2382
2382
2382
2382
2381
2381
2381
2381
2381
2381
2381
2381
2381
2381
2381
2380
2380
2379
2379
2379
2379
2379
2379
2379
2379
2378
2378
2378
2378
2378
2378
2378
2377
2377
2377
2376
2376
2375
2375
2375
2375
2375
2375
2375
2375
2375
2375
2374
2374
2374
2374
2374
2374
2373
2373
2373
2373
2373
2372
2372
2372
2372
2372
2372
2371
2371
2371
2371
2371
2371
2371
2371
2370
2370
2370
2369
2369
2369
2368
2368
2368
2368
2368
2368
2368
2367
2367
2367
2367
2367
2367
2367
2367
2366
2366
2366
2366
2366
2365
2365
2365
2365
2365
2365
2365
2365
2365
2365
2365
2364
2364
2364
2364
2364
2364
2364
2363
2363
2363
2363
2363
2363
2363
2363
2363
2363
2362
2362
2362
2362
2362
2362
2362
2362
2362
2361
2361
2361
2361
2361
2360
2360
2360
2360
2360
2360
2359
2359
2359
2359
2359
2358
2358
2358
2358
2358
2358
2358
2358
2358
2357
2357
2356
2356
2356
2356
2356
2356
2356
2356
2356
2356
2356
2355
2355
2355
2355
2355
2355
2355
2355
2355
2355
2354
2354
2354
2354
2353
2353
2353
2353
2353
2352
2352
2352
2352
2352
2352
2351
2351
2351
2351
2351
2351
2351
2351
2351
2351
2350
2350
2350
2350
2350
2350
2350
2350
2350
2349
2349
2348
2348
2348
2348
2348
2348
2348
2348
2348
2347
2347
2347
2347
2347
2347
2347
2346
2346
2346
2346
2346
2346
2346
2345
2345
2345
2345
2345
2345
2344
2344
2344
2344
2344
2344
2344
2344
2344
2344
2344
2344
2344
2343
2343
2343
2343
2343
2343
2343
2342
2342
2342
2342
2342
2342
2341
2341
2341
2341
2341
2341
2341
2340
2340
2340
2340
2339
2339
2339
2339
2339
2339
2339
2339
2339
2339
2339
2339
2338
2338
2338
2338
2337
2337
2337
2336
2336
2336
2336
2336
2336
2335
2335
2335
2335
2335
2335
2335
2335
2334
2334
2334
2334
2334
2334
2334
2334
2334
2334
2334
2334
2333
2333
2333
2333
2333
2332
2332
2332
2332
2332
2332
2332
2332
2331
2331
2331
2331
2331
2331
2331
2331
2331
2331
2331
2331
2330
2330
2330
2330
2330
2329
2329
2329
2329
2329
2329
2329
2329
2329
2329
2328
2328
2328
2328
2328
2328
2328
2327
2327
2327
2327
2326
2326
2326
2325
2325
2325
2325
2325
2325
2325
2324
2324
2324
2324
2324
2324
2324
2323
2323
2323
2323
2323
2323
2323
2323
2322
2322
2322
2322
2322
2322
2322
2322
2322
2322
2321
2321
2321
2321
2321
2321
2321
2320
2320
2320
2320
2320
2319
2319
2319
2319
2319
2319
2319
2319
2318
2318
2318
2318
2318
2318
2317
2317
2317
2317
2316
2316
2316
2316
2316
2316
2316
2315
2315
2315
2315
2315
2315
2315
2315
2315
2314
2314
2314
2314
2314
2313
2313
2313
2313
2313
2313
2313
2313
2313
2312
2312
2312
2312
2312
2312
2312
2311
2311
2310
2310
2310
2310
2310
2310
2310
2310
2310
2310
2310
2310
2310
2309
2309
2309
2309
2309
2309
2309
2308
2308
2308
2308
2308
2308
2307
2307
2307
2307
2307
2306
2306
2306
2305
2305
2305
2305
2305
2305
2304
2304
2304
2304
2304
2304
2304
2303
2303
2303
2303
2303
2303
2303
2303
2302
2302
2302
2302
2302
2302
2302
2302
2301
2301
2301
2301
2301
2301
2301
2301
2300
2300
2300
2300
2300
2300
2299
2299
2299
2299
2299
2299
2299
2299
2298
2298
2298
2298
2298
2298
2298
2298
2297
2297
2297
2297
2297
2297
2297
2297
2297
2297
2297
2297
2297
2297
2297
2296
2296
2296
2296
2296
2296
2296
2296
2296
2296
2295
2295
2295
2295
2295
2295
2295
2294
2294
2294
2294
2294
2294
2293
2293
2293
2293
2293
2292
2292
2292
2292
2292
2292
2292
2292
2292
2291
2291
2291
2291
2291
2291
2291
2291
2291
2291
2290
2290
2290
2290
2290
2290
2290
2290
2290
2289
2289
2289
2289
2289
2289
2288
2288
2288
2288
2288
2288
2288
2287
2287
2287
2287
2287
2286
2286
2286
2285
2285
2285
2285
2285
2285
2284
2284
2284
2284
2284
2284
2284
2284
2284
2283
2283
2283
2283
2283
2283
2283
2283
2282
2282
2282
2282
2282
2282
2281
2281
2281
2281
2281
2281
2281
2281
2281
2280
2280
2280
2279
2279
2279
2279
2279
2279
2279
2279
2279
2279
2279
2279
2278
2278
2278
2278
2278
2278
2278
2278
2278
2278
2278
2277
2277
2277
2277
2277
2277
2277
2277
2276
2276
2276
2276
2276
2276
2276
2276
2276
2276
2275
2275
2275
2275
2275
2275
2275
2274
2274
2274
2273
2273
2272
2272
2272
2272
2272
2272
2271
2271
2271
2271
2271
2271
2271
2270
2270
2270
2270
2270
2270
2270
2270
2270
2270
2269
2269
2269
2269
2269
2269
2269
2269
2268
2268
2268
2268
2268
2268
2268
2267
2267
2267
2267
2267
2267
2267
2267
2266
2266
2266
2266
2266
2266
2266
2266
2266
2265
2265
2265
2265
2265
2265
2265
2265
2264
2264
2264
2264
2264
2263
2263
2262
2262
2262
2262
2262
2262
2262
2262
2261
2261
2261
2261
2260
2260
2260
2260
2259
2259
2259
2259
2259
2259
2258
2258
2258
2258
2258
2258
2258
2257
2257
2257
2257
2256
2256
2256
2256
2256
2256
2256
2256
2256
2255
2255
2255
2255
2255
2255
2255
2254
2254
2254
2254
2254
2254
2254
2254
2253
2253
2253
2253
2253
2253
2253
2252
2252
2252
2252
2251
2251
2251
2251
2250
2250
2250
2250
2250
2250
2249
2249
2249
2249
2249
2249
2249
2249
2248
2248
2248
2248
2248
2248
2247
2247
2247
2247
2247
2247
2247
2247
2247
2247
2246
2246
2246
2246
2246
2246
2245
2245
2245
2245
2245
2244
2244
2244
2244
2244
2244
2244
2244
2244
2244
2244
2244
2243
2243
2243
2243
2243
2243
2243
2243
2243
2243
2243
2242
2242
2242
2242
2242
2242
2242
2242
2242
2242
2241
2241
2241
2241
2241
2241
2241
2240
2240
2240
2240
2240
2240
2240
2240
2240
2240
2240
2239
2239
2239
2239
2239
2239
2239
2239
2239
2239
2239
2239
2239
2239
2239
2239
2239
2238
2238
2238
2238
2238
2238
2238
2238
2238
2237
2237
2237
2237
2237
2237
2237
2236
2236
2236
2236
2236
2235
2235
2235
2235
2234
2234
2234
2234
2234
2234
2234
2234
2234
2233
2233
2233
2233
2233
2233
2233
2233
2233
2233
2232
2232
2232
2232
2232
2232
2232
2232
2231
2231
2231
2231
2231
2231
2231
2231
2230
2230
2230
2230
2230
2230
2229
2229
2229
2229
2228
2228
2228
2228
2228
2228
2227
2227
2227
2226
2226
2226
2226
2226
2226
2226
2226
2226
2226
2225
2225
2225
2225
2225
2225
2224
2224
2224
2224
2224
2224
2224
2224
2223
2223
2223
2223
2223
2223
2223
2223
2222
2222
2222
2222
2222
2222
2222
2222
2221
2221
2221
2221
2221
2221
2220
2220
2220
2220
2219
2219
2219
2219
2219
2219
2219
2219
2219
2219
2219
2218
2218
2218
2218
2218
2218
2218
2218
2218
2218
2218
2218
2218
2218
2217
2217
2216
2216
2216
2216
2216
2216
2216
2216
2216
2216
2215
2215
2215
2215
2215
2214
2214
2214
2213
2213
2213
2213
2213
2213
2213
2213
2213
2213
2212
2212
2212
2212
2212
2211
2211
2211
2210
2210
2210
2210
2210
2210
2210
2210
2210
2210
2210
2209
2209
2209
2209
2209
2208
2208
2208
2208
2208
2208
2208
2208
2208
2207
2207
2207
2207
2207
2207
2207
2207
2206
2206
2206
2206
2206
2206
2206
2206
2206
2206
2205
2205
2205
2205
2205
2205
2205
2205
2205
2204
2204
2204
2204
2203
2203
2203
2202
2202
2202
2202
2202
2202
2201
2201
2201
2201
2201
2201
2201
2201
2201
2201
2200
2200
2200
2200
2200
2200
2200
2200
2200
2199
2199
2199
2199
2199
2199
2199
2199
2199
2199
2198
2198
2198
2198
2198
2198
2198
2198
2198
2198
2198
2198
2197
2197
2197
2197
2197
2197
2197
2197
2197
2196
2196
2196
2196
2196
2196
2195
2195
2195
2195
2195
2195
2195
2195
2194
2194
2194
2194
2194
2194
2194
2194
2194
2194
2194
2194
2194
2193
2193
2193
2193
2193
2193
2193
2193
2193
2193
2193
2193
2193
2193
2192
2192
2192
2192
2192
2192
2192
2192
2192
2192
2191
2191
2191
2191
2191
2191
2191
2191
2191
2191
2191
2190
2190
2190
2190
2190
2190
2189
2189
2189
2189
2189
2189
2189
2188
2188
2188
2188
2188
2188
2188
2188
2188
2188
2188
2187
2187
2187
2187
2187
2187
2187
2187
2187
2186
2186
2186
2186
2186
2185
2185
2185
2185
2185
2185
2185
2185
2184
2184
2184
2184
2184
2184
2183
2183
2183
2183
2183
2183
2183
2183
2183
2182
2182
2182
2182
2182
2182
2182
2181
2181
2181
2181
2181
2181
2181
2180
2180
2180
2180
2180
2180
2179
2179
2179
2179
2179
2179
2179
2179
2179
2178
2178
2178
2178
2178
2178
2178
2178
2178
2177
2177
2177
2177
2177
2176
2176
2176
2176
2176
2175
2175
2175
2175
2175
2175
2175
2175
2175
2174
2174
2174
2174
2174
2174
2173
2173
2173
2173
2172
2172
2172
2172
2172
2172
2171
2171
2171
2171
2171
2171
2171
2171
2171
2171
2171
2171
2171
2170
2170
2170
2170
2170
2170
2170
2169
2169
2169
2169
2169
2169
2169
2169
2169
2168
2168
2168
2168
2168
2168
2168
2168
2167
2167
2167
2167
2166
2166
2166
2166
2166
2166
2166
2166
2165
2165
2165
2165
2165
2165
2165
2165
2164
2164
2164
2164
2164
2164
2164
2164
2164
2164
2163
2163
2163
2163
2163
2163
2163
2163
2163
2162
2162
2162
2162
2162
2162
2162
2162
2162
2161
2161
2161
2161
2161
2161
2161
2161
2160
2160
2160
2160
2160
2160
2160
2159
2159
2159
2159
2159
2159
2159
2159
2158
2158
2158
2158
2158
2157
2157
2157
2157
2157
2157
2157
2157
2157
2156
2156
2156
2156
2156
2156
2156
2156
2156
2156
2156
2156
2155
2155
2155
2155
2155
2155
2155
2155
2155
2155
2155
2154
2154
2154
2154
2154
2154
2154
2154
2154
2153
2153
2153
2153
2153
2153
2153
2153
2153
2153
2153
2153
2152
2152
2152
2152
2152
2152
2152
2152
2152
2152
2151
2151
2151
2150
2150
2150
2150
2150
2150
2150
2150
2149
2149
2149
2149
2149
2149
2149
2149
2149
2149
2148
2148
2148
2148
2148
2148
2148
2148
2148
2148
2148
2147
2147
2147
2147
2147
2147
2146
2146
2146
2146
2146
2146
2146
2146
2146
2145
2145
2145
2145
2145
2145
2144
2144
2144
2144
2144
2144
2144
2144
2144
2144
2144
2144
2144
2143
2143
2143
2143
2143
2143
2143
2143
2143
2143
2143
2143
2142
2142
2142
2142
2142
2141
2141
2141
2141
2141
2141
2140
2140
2140
2140
2140
2140
2140
2140
2140
2140
2140
2140
2140
2140
2140
2140
2140
2140
2140
2140
2140
2139
2139
2139
2139
2139
2139
2139
2139
2139
2138
2138
2138
2138
2138
2138
2138
2137
2137
2137
2137
2137
2137
2137
2136
2136
2136
2136
2136
2135
2135
2135
2135
2135
2135
2135
2134
2134
2134
2134
2134
2134
2134
2134
2134
2134
2134
2133
2133
2133
2133
2133
2133
2133
2132
2132
2132
2132
2132
2132
2132
2131
2131
2131
2131
2131
2131
2131
2130
2130
2130
2130
2130
2130
2130
2129
2129
2129
2129
2129
2129
2128
2128
2128
2128
2128
2128
2128
2128
2128
2127
2127
2127
2127
2127
2127
2127
2127
2127
2127
2127
2126
2126
2126
2126
2126
2126
2126
2126
2126
2126
2126
2125
2125
2125
2125
2124
2124
2124
2124
2124
2124
2124
2124
2124
2124
2124
2124
2124
2124
2123
2123
2123
2123
2123
2123
2123
2123
2122
2122
2122
2122
2122
2122
2122
2122
2122
2122
2122
2122
2122
2122
2122
2121
2121
2121
2121
2121
2121
2120
2120
2120
2120
2120
2120
2120
2120
2119
2119
2119
2119
2119
2119
2119
2118
2118
2118
2118
2118
2118
2117
2117
2117
2117
2117
2117
2117
2117
2117
2117
2117
2117
2116
2116
2116
2116
2116
2116
2116
2116
2116
2116
2116
2115
2115
2115
2115
2114
2114
2114
2114
2114
2114
2114
2113
2113
2113
2113
2113
2113
2113
2113
2113
2113
2113
2112
2112
2112
2112
2112
2112
2112
2112
2112
2112
2112
2112
2112
2111
2111
2111
2111
2110
2110
2110
2110
2110
2110
2110
2110
2110
2110
2109
2109
2109
2109
2109
2109
2109
2109
2109
2109
2109
2109
2108
2108
2108
2108
2108
2108
2108
2108
2107
2107
2107
2107
2107
2107
2107
2107
2107
2106
2106
2106
2106
2106
2106
2106
2105
2105
2105
2105
2104
2104
2104
2104
2104
2104
2104
2103
2103
2103
2103
2103
2103
2103
2103
2103
2102
2102
2102
2102
2102
2101
2101
2101
2101
2101
2101
2101
2100
2100
2100
2100
2099
2099
2099
2099
2099
2099
2099
2099
2098
2098
2098
2098
2098
2098
2098
2098
2097
2097
2097
2097
2097
2097
2097
2097
2097
2097
2097
2097
2097
2097
2096
2096
2096
2096
2096
2096
2096
2096
2095
2095
2095
2095
2095
2095
2095
2095
2095
2095
2094
2094
2094
2094
2094
2093
2093
2093
2093
2093
2093
2092
2092
2092
2092
2092
2092
2092
2091
2091
2091
2091
2091
2091
2091
2091
2091
2091
2091
2091
2090
2090
2090
2090
2090
2090
2090
2090
2090
2090
2090
2090
2090
2089
2089
2089
2089
2089
2089
2089
2089
2088
2088
2088
2088
2088
2088
2088
2088
2088
2087
2087
2087
2087
2087
2087
2087
2087
2087
2087
2087
2086
2086
2086
2086
2086
2086
2086
2086
2086
2086
2086
2086
2086
2086
2086
2086
2086
2086
2085
2085
2085
2085
2085
2085
2085
2085
2085
2084
2084
2084
2084
2084
2084
2084
2084
2084
2084
2084
2083
2083
2083
2083
2083
2083
2083
2083
2083
2083
2083
2083
2082
2082
2082
2082
2082
2082
2082
2082
2082
2082
2082
2082
2082
2081
2081
2081
2081
2081
2081
2080
2080
2080
2080
2080
2080
2080
2080
2079
2079
2079
2079
2079
2079
2079
2079
2078
2078
2078
2078
2078
2078
2078
2078
2078
2078
2077
2077
2077
2077
2077
2077
2077
2077
2077
2077
2077
2077
2076
2076
2076
2076
2076
2076
2076
2075
2075
2075
2075
2075
2075
2075
2075
2074
2074
2074
2074
2074
2074
2074
2074
2073
2073
2073
2073
2073
2073
2073
2073
2073
2073
2073
2073
2072
2072
2072
2072
2072
2072
2072
2071
2071
2071
2071
2071
2071
2071
2070
2070
2070
2070
2070
2070
2070
2069
2069
2069
2069
2069
2069
2069
2069
2068
2068
2068
2068
2068
2068
2067
2067
2067
2067
2067
2067
2066
2066
2066
2066
2066
2066
2066
2066
2066
2066
2066
2065
2065
2065
2065
2065
2065
2065
2065
2065
2065
2065
2064
2064
2064
2064
2064
2064
2064
2064
2063
2063
2063
2063
2063
2063
2063
2063
2062
2062
2062
2062
2062
2062
2062
2061
2061
2061
2061
2061
2061
2061
2061
2061
2061
2060
2060
2060
2060
2060
2060
2060
2060
2060
2060
2060
2059
2059
2059
2059
2059
2059
2059
2059
2059
2059
2059
2059
2058
2058
2058
2058
2058
2058
2058
2058
2058
2058
2058
2058
2058
2058
2058
2058
2058
2057
2057
2057
2057
2057
2056
2056
2056
2056
2055
2055
2055
2055
2055
2055
2055
2055
2054
2054
2054
2054
2054
2054
2054
2053
2053
2053
2053
2053
2053
2053
2053
2053
2053
2053
2052
2052
2052
2052
2052
2052
2052
2052
2052
2052
2051
2051
2051
2051
2051
2051
2051
2051
2051
2051
2051
2051
2051
2051
2050
2050
2050
2050
2050
2050
2050
2050
2050
2050
2050
2050
2049
2049
2049
2049
2049
2049
2049
2049
2049
2048
2048
2048
2048
2048
2048
2048
2048
2048
2048
2048
2048
2048
2048
2048
2047
2047
2047
2047
2047
2047
2047
2047
2047
2047
2047
2046
2046
2046
2046
2046
2046
2045
2045
2045
2045
2045
2045
2045
2045
2045
2044
2044
2044
2044
2044
2043
2043
2043
2043
2043
2043
2043
2042
2042
2042
2042
2042
2041
2041
2041
2041
2041
2041
2041
2041
2041
2041
2040
2040
2040
2040
2040
2040
2040
2040
2040
2040
2039
2039
2039
2039
2039
2039
2039
2039
2039
2039
2038
2038
2038
2038
2038
2038
2038
2038
2038
2038
2037
2037
2037
2037
2037
2037
2037
2037
2037
2036
2036
2036
2036
2036
2036
2036
2036
2036
2036
2035
2035
2035
2035
2035
2035
2035
2035
2035
2035
2035
2034
2034
2034
2034
2034
2034
2034
2033
2033
2033
2033
2033
2033
2033
2033
2033
2033
2032
2032
2031
2031
2031
2031
2031
2031
2031
2031
2031
2030
2030
2030
2030
2030
2030
2029
2029
2029
2029
2029
2029
2029
2029
2029
2029
2028
2028
2028
2028
2028
2028
2028
2028
2028
2028
2028
2027
2027
2027
2027
2027
2027
2027
2027
2027
2027
2027
2027
2026
2026
2026
2026
2026
2026
2026
2026
2026
2026
2026
2026
2026
2025
2025
2025
2025
2025
2025
2025
2025
2025
2025
2025
2025
2024
2024
2024
2024
2024
2024
2024
2024
2024
2024
2023
2023
2023
2022
2022
2022
2022
2022
2022
2021
2021
2021
2021
2021
2021
2021
2021
2021
2021
2021
2021
2020
2020
2020
2020
2020
2020
2020
2020
2020
2020
2019
2019
2019
2019
2019
2019
2019
2019
2019
2019
2019
2019
2019
2019
2019
2018
2018
2018
2018
2018
2018
2018
2018
2018
2018
2017
2017
2017
2017
2017
2017
2017
2017
2017
2017
2017
2017
2016
2016
2016
2016
2016
2016
2016
2016
2016
2015
2015
2015
2015
2015
2015
2015
2015
2015
2014
2014
2014
2014
2014
2014
2014
2013
2013
2013
2013
2013
2013
2012
2012
2012
2012
2012
2012
2011
2011
2011
2011
2011
2011
2011
2011
2010
2010
2010
2010
2010
2010
2010
2010
2010
2010
2010
2010
2009
2009
2009
2009
2009
2009
2009
2008
2008
2008
2008
2008
2008
2008
2008
2008
2007
2007
2007
2007
2007
2006
2006
2006
2006
2006
2006
2006
2006
2006
2006
2005
2005
2005
2005
2005
2005
2005
2005
2005
2005
2005
2005
2005
2005
2004
2004
2004
2004
2004
2004
2004
2004
2004
2004
2003
2003
2003
2003
2003
2003
2003
2003
2003
2003
2003
2003
2002
2002
2002
2002
2002
2002
2002
2002
2001
2001
2001
2001
2001
2001
2001
2001
2001
2001
2001
2001
2001
2001
2001
2000
2000
2000
2000
2000
2000
2000
2000
2000
2000
2000
2000
1999
1999
1999
1999
1999
1999
1999
1999
1999
1999
1999
1998
1998
1998
1998
1998
1998
1998
1998
1998
1998
1998
1997
1997
1997
1997
1997
1997
1997
1996
1996
1996
1996
1996
1996
1996
1996
1996
1996
1996
1996
1995
1995
1995
1995
1995
1995
1995
1995
1995
1995
1995
1994
1994
1994
1994
1994
1994
1993
1993
1993
1993
1993
1993
1993
1993
1993
1993
1993
1993
1992
1992
1992
1992
1992
1992
1992
1992
1992
1992
1991
1991
1991
1991
1991
1991
1991
1991
1991
1990
1990
1990
1990
1990
1990
1990
1990
1990
1989
1989
1989
1989
1989
1988
1988
1988
1988
1988
1988
1988
1988
1987
1987
1987
1987
1987
1987
1987
1987
1986
1986
1986
1986
1986
1986
1986
1985
1985
1985
1985
1985
1985
1985
1985
1985
1985
1984
1984
1984
1984
1984
1984
1984
1984
1984
1984
1983
1983
1983
1983
1983
1983
1983
1983
1983
1983
1983
1983
1982
1982
1982
1982
1982
1982
1982
1982
1982
1982
1981
1981
1981
1981
1981
1981
1981
1981
1981
1981
1981
1980
1980
1980
1979
1979
1979
1979
1979
1979
1979
1979
1978
1978
1978
1978
1978
1978
1978
1978
1978
1978
1977
1977
1977
1977
1977
1977
1977
1977
1976
1976
1976
1976
1976
1976
1975
1975
1975
1975
1975
1975
1975
1975
1975
1975
1975
1975
1975
1974
1974
1974
1974
1974
1974
1974
1974
1974
1974
1974
1974
1974
1974
1974
1973
1973
1973
1973
1973
1973
1973
1973
1973
1973
1972
1972
1972
1972
1972
1972
1972
1972
1972
1972
1972
1971
1971
1971
1971
1971
1971
1971
1971
1970
1970
1970
1970
1970
1970
1970
1970
1970
1970
1970
1970
1969
1969
1969
1969
1969
1969
1969
1969
1968
1968
1968
1968
1968
1968
1967
1967
1967
1967
1967
1967
1967
1967
1966
1966
1966
1966
1966
1966
1966
1966
1966
1966
1965
1965
1965
1965
1965
1965
1965
1965
1965
1965
1965
1965
1965
1965
1965
1964
1964
1964
1964
1964
1964
1964
1963
1963
1963
1963
1963
1963
1963
1963
1963
1963
1963
1963
1963
1963
1963
1962
1962
1962
1962
1962
1962
1962
1962
1962
1961
1961
1961
1961
1961
1961
1961
1961
1961
1961
1961
1961
1961
1961
1961
1960
1960
1960
1960
1960
1960
1960
1960
1960
1960
1959
1959
1959
1959
1959
1959
1959
1959
1959
1959
1959
1959
1958
1958
1958
1958
1958
1958
1958
1958
1958
1958
1958
1958
1958
1958
1958
1958
1958
1958
1957
1957
1957
1957
1957
1957
1957
1957
1957
1956
1956
1956
1956
1956
1956
1956
1956
1956
1956
1956
1956
1956
1956
1956
1956
1956
1956
1956
1955
1955
1955
1955
1955
1955
1955
1955
1955
1955
1955
1955
1955
1954
1954
1954
1954
1954
1954
1954
1954
1954
1954
1954
1954
1954
1953
1953
1953
1953
1953
1953
1953
1953
1953
1953
1953
1953
1953
1952
1952
1952
1952
1952
1952
1952
1952
1952
1952
1952
1952
1952
1952
1951
1951
1951
1951
1951
1951
1951
1951
1951
1950
1950
1950
1950
1950
1950
1950
1950
1949
1949
1949
1949
1949
1949
1949
1949
1949
1949
1949
1949
1949
1949
1948
1948
1948
1948
1948
1947
1947
1947
1947
1947
1947
1947
1947
1947
1947
1947
1946
1946
1946
1946
1946
1946
1946
1946
1946
1946
1946
1945
1945
1945
1945
1945
1945
1945
1944
1944
1944
1944
1944
1944
1943
1943
1943
1943
1943
1943
1943
1943
1943
1943
1943
1942
1942
1942
1942
1942
1942
1942
1942
1942
1942
1942
1941
1941
1941
1941
1941
1941
1941
1941
1941
1940
1940
1940
1939
1939
1939
1939
1939
1939
1939
1939
1939
1939
1939
1939
1939
1938
1938
1938
1938
1938
1938
1937
1937
1937
1937
1937
1937
1937
1937
1937
1936
1936
1936
1936
1936
1936
1936
1936
1936
1936
1936
1936
1936
1936
1936
1936
1936
1936
1936
1936
1935
1935
1935
1935
1935
1935
1935
1935
1935
1935
1935
1935
1934
1934
1934
1934
1934
1934
1934
1934
1934
1933
1933
1933
1933
1933
1933
1933
1933
1933
1933
1933
1932
1932
1932
1932
1932
1932
1932
1932
1932
1931
1931
1931
1931
1931
1931
1931
1931
1931
1931
1931
1930
1930
1930
1930
1930
1929
1929
1929
1929
1929
1929
1929
1929
1929
1928
1928
1928
1928
1928
1928
1928
1927
1927
1927
1927
1927
1927
1927
1927
1927
1927
1926
1926
1926
1926
1926
1926
1926
1926
1926
1926
1926
1926
1925
1925
1925
1925
1925
1925
1925
1924
1924
1924
1924
1924
1924
1924
1924
1924
1924
1924
1924
1924
1923
1923
1923
1923
1923
1923
1923
1923
1923
1923
1922
1922
1922
1922
1922
1922
1922
1922
1922
1922
1922
1922
1921
1921
1921
1921
1921
1921
1921
1921
1921
1920
1920
1920
1920
1920
1920
1920
1920
1920
1920
1919
1919
1919
1919
1919
1919
1919
1919
1918
1918
1918
1918
1918
1918
1918
1917
1917
1917
1917
1917
1917
1917
1916
1916
1916
1916
1916
1916
1916
1916
1916
1916
1916
1916
1916
1915
1915
1915
1915
1915
1915
1915
1915
1915
1915
1915
1914
1914
1914
1914
1914
1914
1914
1914
1914
1914
1914
1914
1914
1914
1914
1914
1914
1913
1913
1913
1913
1913
1913
1913
1913
1913
1913
1913
1912
1912
1912
1912
1912
1912
1912
1912
1912
1912
1911
1911
1911
1911
1911
1911
1911
1911
1911
1911
1911
1911
1910
1910
1910
1910
1910
1910
1910
1910
1910
1910
1910
1910
1910
1909
1909
1909
1909
1909
1909
1909
1909
1909
1909
1908
1908
1908
1908
1908
1908
1908
1908
1907
1907
1907
1907
1907
1907
1907
1907
1907
1907
1906
1906
1906
1906
1906
1906
1906
1906
1906
1906
1905
1905
1905
1905
1905
1905
1905
1905
1905
1905
1905
1904
1904
1904
1904
1904
1904
1904
1904
1904
1904
1903
1903
1903
1903
1903
1903
1903
1903
1903
1902
1902
1902
1902
1902
1902
1902
1902
1902
1902
1902
1902
1902
1901
1901
1901
1901
1901
1901
1901
1901
1901
1901
1901
1901
1901
1901
1901
1900
1900
1900
1900
1900
1900
1900
1900
1900
1900
1900
1900
1900
1900
1900
1899
1899
1899
1899
1899
1899
1899
1899
1899
1899
1899
1899
1899
1899
1899
1898
1898
1898
1898
1898
1898
1898
1898
1898
1898
1897
1897
1897
1897
1897
1897
1897
1897
1897
1897
1897
1897
1897
1896
1896
1896
1896
1896
1896
1896
1896
1896
1896
1896
1896
1896
1896
1896
1896
1895
1895
1895
1895
1895
1895
1895
1895
1895
1895
1895
1895
1894
1894
1894
1894
1893
1893
1893
1893
1893
1893
1892
1892
1892
1892
1892
1892
1892
1892
1891
1891
1891
1891
1891
1891
1891
1891
1891
1891
1890
1890
1890
1890
1890
1890
1890
1890
1890
1890
1890
1890
1890
1890
1889
1889
1889
1889
1889
1889
1889
1889
1889
1889
1889
1889
1889
1888
1888
1888
1888
1888
1887
1887
1887
1887
1887
1887
1887
1887
1886
1886
1886
1886
1886
1886
1886
1886
1886
1886
1886
1886
1885
1885
1885
1885
1885
1885
1885
1885
1885
1885
1885
1885
1885
1885
1885
1885
1885
1884
1884
1884
1883
1883
1883
1883
1883
1883
1883
1883
1883
1883
1883
1883
1883
1883
1883
1883
1882
1882
1882
1882
1882
1882
1881
1881
1881
1881
1881
1881
1881
1881
1881
1880
1880
1880
1880
1880
1880
1880
1880
1879
1879
1879
1879
1879
1879
1879
1879
1879
1879
1879
1879
1879
1878
1878
1878
1878
1878
1878
1878
1878
1878
1877
1877
1877
1877
1877
1877
1877
1877
1877
1877
1876
1876
1876
1876
1876
1876
1876
1876
1876
1876
1876
1876
1876
1876
1875
1875
1875
1875
1875
1875
1875
1875
1875
1875
1875
1875
1875
1875
1874
1874
1874
1874
1874
1874
1874
1874
1874
1874
1873
1873
1873
1873
1873
1873
1873
1873
1873
1873
1873
1873
1872
1872
1872
1872
1872
1872
1872
1872
1872
1872
1872
1872
1872
1872
1871
1871
1871
1871
1871
1871
1871
1871
1871
1871
1871
1871
1871
1871
1870
1870
1870
1870
1870
1870
1870
1870
1870
1870
1870
1870
1869
1869
1869
1869
1869
1869
1869
1869
1868
1868
1868
1868
1868
1868
1868
1868
1868
1868
1867
1867
1867
1867
1867
1867
1867
1867
1867
1867
1867
1867
1867
1867
1866
1866
1866
1866
1866
1866
1866
1866
1866
1866
1866
1866
1866
1866
1866
1866
1865
1865
1865
1865
1865
1865
1865
1864
1864
1864
1864
1864
1864
1864
1864
1864
1864
1864
1864
1864
1864
1863
1863
1863
1863
1863
1863
1863
1863
1863
1862
1862
1862
1862
1862
1862
1861
1861
1861
1861
1861
1861
1861
1861
1861
1861
1860
1860
1860
1860
1860
1860
1860
1860
1860
1860
1860
1860
1860
1859
1859
1859
1859
1859
1859
1859
1859
1859
1859
1859
1859
1859
1859
1859
1859
1858
1858
1858
1858
1858
1858
1858
1858
1858
1858
1858
1857
1857
1857
1857
1857
1857
1857
1857
1857
1856
1856
1856
1856
1856
1856
1856
1856
1856
1856
1856
1856
1856
1856
1855
1855
1855
1855
1855
1855
1855
1855
1855
1855
1855
1855
1855
1854
1854
1854
1854
1854
1854
1854
1853
1853
1853
1853
1853
1853
1853
1852
1852
1852
1852
1852
1852
1852
1852
1852
1851
1851
1851
1851
1851
1851
1851
1851
1851
1851
1851
1850
1850
1850
1850
1850
1850
1850
1850
1850
1850
1849
1849
1849
1849
1849
1849
1849
1849
1849
1848
1848
1848
1848
1848
1848
1848
1848
1848
1848
1848
1847
1847
1847
1847
1847
1847
1847
1847
1846
1846
1846
1846
1846
1846
1846
1846
1846
1846
1846
1845
1845
1845
1845
1845
1845
1845
1845
1845
1845
1845
1845
1844
1844
1844
1844
1844
1844
1844
1844
1844
1844
1844
1844
1843
1843
1843
1843
1843
1843
1843
1843
1843
1843
1842
1842
1842
1842
1842
1842
1842
1842
1842
1841
1841
1841
1841
1841
1841
1841
1841
1841
1840
1840
1840
1840
1840
1840
1840
1840
1840
1839
1839
1839
1839
1839
1839
1839
1839
1839
1839
1839
1839
1839
1839
1839
1839
1839
1839
1838
1838
1838
1838
1838
1838
1838
1838
1838
1838
1838
1838
1838
1838
1837
1837
1837
1837
1837
1837
1837
1836
1836
1836
1836
1836
1836
1836
1836
1836
1836
1836
1836
1836
1836
1836
1836
1835
1835
1835
1835
1835
1835
1835
1835
1835
1835
1834
1834
1834
1834
1834
1834
1834
1834
1834
1833
1833
1833
1833
1833
1833
1833
1833
1833
1833
1832
1832
1832
1832
1832
1832
1832
1832
1832
1832
1831
1831
1831
1831
1831
1831
1831
1831
1831
1831
1831
1831
1831
1831
1830
1830
1830
1830
1830
1830
1830
1829
1829
1829
1829
1829
1829
1829
1829
1829
1829
1829
1829
1829
1828
1828
1828
1828
1828
1828
1828
1828
1828
1828
1828
1828
1828
1827
1827
1827
1827
1827
1827
1827
1827
1827
1827
1827
1827
1827
1827
1827
1827
1826
1826
1826
1826
1826
1826
1826
1825
1825
1825
1825
1825
1825
1825
1825
1825
1825
1825
1825
1824
1824
1824
1824
1824
1824
1824
1824
1824
1824
1824
1824
1824
1823
1823
1823
1823
1823
1823
1823
1822
1822
1822
1821
1821
1821
1821
1821
1821
1821
1821
1821
1821
1821
1821
1821
1821
1821
1821
1820
1820
1820
1820
1820
1820
1820
1820
1820
1819
1819
1819
1819
1819
1819
1819
1819
1819
1819
1819
1819
1818
1818
1818
1818
1818
1818
1818
1818
1818
1818
1817
1817
1817
1817
1817
1817
1817
1817
1817
1817
1817
1817
1817
1816
1816
1816
1816
1816
1816
1816
1816
1816
1815
1815
1815
1815
1815
1815
1815
1815
1815
1814
1814
1814
1814
1814
1814
1814
1814
1813
1813
1813
1813
1813
1813
1813
1813
1812
1812
1812
1812
1812
1812
1812
1812
1812
1812
1811
1811
1811
1811
1811
1811
1811
1811
1810
1810
1810
1810
1810
1810
1810
1810
1810
1810
1809
1809
1809
1809
1809
1809
1809
1809
1809
1809
1809
1808
1808
1808
1808
1808
1808
1808
1808
1808
1808
1808
1808
1808
1808
1807
1807
1807
1807
1807
1807
1807
1807
1807
1807
1807
1806
1806
1806
1806
1806
1806
1806
1806
1806
1806
1806
1806
1806
1806
1806
1805
1805
1805
1805
1805
1805
1805
1805
1805
1805
1804
1804
1804
1804
1804
1804
1804
1804
1804
1804
1804
1804
1804
1804
1804
1803
1803
1803
1803
1803
1803
1803
1803
1803
1802
1802
1802
1802
1802
1802
1802
1802
1802
1802
1802
1801
1801
1801
1801
1801
1801
1801
1801
1801
1801
1801
1801
1801
1801
1801
1801
1801
1801
1800
1800
1800
1800
1800
1800
1800
1800
1800
1800
1799
1799
1799
1799
1799
1799
1799
1799
1798
1798
1798
1798
1798
1798
1798
1798
1798
1798
1798
1798
1798
1798
1798
1797
1797
1797
1797
1797
1797
1797
1797
1797
1797
1797
1797
1797
1796
1796
1796
1796
1796
1796
1796
1796
1796
1796
1796
1796
1795
1795
1795
1795
1795
1795
1795
1795
1795
1795
1795
1795
1795
1794
1794
1794
1794
1794
1794
1794
1794
1794
1794
1794
1794
1794
1794
1793
1793
1793
1793
1793
1793
1793
1792
1792
1792
1792
1792
1792
1792
1792
1791
1791
1791
1791
1791
1791
1791
1791
1791
1791
1791
1791
1791
1791
1791
1791
1791
1791
1790
1790
1790
1790
1790
1790
1790
1790
1790
1790
1790
1790
1790
1790
1790
1790
1790
1789
1789
1789
1789
1789
1789
1789
1789
1789
1789
1788
1788
1788
1788
1788
1788
1788
1788
1788
1788
1788
1788
1788
1788
1788
1788
1788
1787
1787
1787
1787
1787
1787
1787
1787
1787
1787
1787
1787
1787
1787
1787
1787
1786
1786
1786
1786
1786
1786
1786
1786
1786
1786
1786
1786
1786
1785
1785
1785
1785
1785
1785
1785
1785
1785
1785
1784
1784
1784
1784
1784
1784
1784
1784
1784
1784
1784
1784
1784
1784
1783
1783
1783
1783
1783
1783
1783
1782
1782
1782
1782
1782
1782
1782
1782
1782
1781
1781
1781
1781
1781
1781
1781
1781
1781
1781
1781
1781
1781
1781
1781
1781
1781
1780
1780
1780
1780
1780
1780
1780
1780
1779
1779
1779
1779
1779
1779
1779
1779
1779
1779
1778
1778
1778
1778
1778
1778
1778
1778
1778
1778
1778
1778
1778
1778
1778
1777
1777
1777
1777
1777
1777
1777
1777
1777
1777
1777
1776
1776
1776
1776
1776
1776
1776
1776
1776
1776
1776
1776
1776
1776
1776
1775
1775
1775
1775
1775
1775
1775
1775
1775
1775
1775
1775
1775
1775
1775
1775
1775
1775
1774
1774
1774
1774
1774
1774
1774
1774
1774
1773
1773
1773
1773
1773
1773
1773
1773
1773
1773
1773
1773
1772
1772
1772
1772
1772
1772
1772
1771
1771
1771
1771
1771
1771
1771
1771
1771
1771
1771
1771
1771
1771
1771
1771
1771
1770
1770
1770
1770
1770
1770
1770
1770
1770
1770
1770
1770
1770
1770
1769
1769
1769
1769
1769
1769
1769
1769
1769
1769
1769
1769
1769
1769
1769
1769
1768
1768
1768
1768
1768
1768
1768
1768
1768
1768
1768
1768
1767
1767
1767
1767
1767
1767
1767
1767
1767
1767
1767
1766
1766
1766
1766
1766
1766
1766
1765
1765
1765
1765
1765
1765
1764
1764
1764
1764
1764
1764
1764
1764
1764
1764
1763
1763
1763
1763
1763
1763
1763
1762
1762
1762
1762
1762
1762
1762
1762
1762
1762
1762
1762
1762
1762
1762
1762
1761
1761
1761
1761
1761
1761
1761
1761
1761
1761
1761
1760
1760
1760
1760
1760
1760
1760
1760
1760
1760
1760
1760
1760
1760
1760
1759
1759
1759
1759
1759
1759
1759
1759
1759
1759
1759
1759
1759
1759
1759
1759
1759
1758
1758
1758
1758
1758
1758
1758
1757
1757
1757
1757
1757
1757
1757
1757
1757
1757
1757
1757
1756
1756
1756
1756
1756
1756
1756
1756
1756
1755
1755
1755
1755
1755
1755
1755
1755
1755
1755
1754
1754
1754
1754
1754
1754
1754
1754
1754
1753
1753
1753
1753
1753
1753
1753
1753
1753
1753
1753
1753
1753
1753
1753
1753
1752
1752
1752
1752
1752
1751
1751
1751
1751
1751
1751
1751
1751
1751
1751
1751
1751
1751
1751
1751
1751
1751
1751
1750
1750
1750
1750
1750
1750
1750
1750
1750
1750
1750
1750
1749
1749
1749
1749
1749
1749
1749
1749
1749
1749
1749
1748
1748
1748
1748
1748
1748
1748
1748
1748
1747
1747
1747
1747
1747
1747
1747
1747
1747
1747
1747
1747
1746
1746
1746
1746
1746
1746
1746
1746
1746
1746
1746
1745
1745
1745
1745
1745
1745
1745
1745
1745
1745
1745
1745
1745
1745
1745
1745
1745
1745
1745
1744
1744
1744
1744
1744
1744
1744
1744
1744
1743
1743
1743
1743
1743
1743
1743
1743
1743
1743
1743
1743
1743
1743
1743
1742
1742
1742
1742
1742
1742
1742
1742
1742
1742
1742
1742
1742
1742
1742
1741
1741
1741
1741
1741
1741
1741
1741
1740
1740
1740
1740
1740
1740
1740
1740
1740
1740
1740
1739
1739
1739
1739
1739
1739
1739
1739
1739
1739
1739
1739
1739
1738
1738
1738
1738
1738
1738
1738
1738
1738
1738
1737
1737
1737
1737
1737
1737
1737
1737
1737
1737
1737
1737
1736
1736
1736
1736
1736
1736
1736
1736
1736
1735
1735
1735
1735
1735
1735
1735
1734
1734
1734
1734
1733
1733
1733
1733
1733
1733
1733
1733
1733
1733
1733
1733
1733
1733
1733
1732
1732
1732
1732
1732
1732
1732
1732
1732
1732
1732
1732
1731
1731
1731
1731
1731
1731
1731
1731
1731
1731
1731
1731
1731
1731
1730
1730
1730
1730
1730
1730
1730
1730
1730
1730
1730
1730
1730
1730
1730
1730
1730
1730
1730
1730
1729
1729
1729
1729
1729
1729
1729
1729
1729
1729
1729
1728
1728
1728
1728
1728
1728
1728
1728
1728
1727
1727
1727
1727
1727
1727
1727
1727
1727
1727
1727
1727
1727
1727
1727
1727
1726
1726
1726
1726
1726
1726
1726
1726
1726
1725
1725
1725
1725
1725
1725
1725
1725
1725
1725
1725
1725
1725
1725
1725
1725
1725
1725
1725
1724
1724
1724
1724
1724
1724
1724
1724
1724
1723
1723
1723
1723
1723
1723
1723
1723
1723
1723
1723
1722
1722
1722
1722
1722
1722
1722
1721
1721
1721
1721
1721
1721
1721
1721
1721
1721
1721
1721
1720
1720
1720
1720
1720
1720
1719
1719
1719
1719
1719
1719
1719
1719
1719
1719
1719
1718
1718
1718
1718
1718
1718
1718
1718
1718
1718
1718
1718
1717
1717
1717
1717
1717
1717
1717
1716
1716
1716
1716
1716
1716
1716
1716
1715
1715
1715
1715
1714
1714
1714
1714
1714
1714
1714
1714
1714
1714
1714
1714
1714
1714
1713
1713
1713
1713
1712
1712
1712
1712
1712
1712
1712
1712
1712
1712
1712
1712
1712
1712
1712
1711
1711
1711
1711
1711
1711
1711
1711
1710
1710
1710
1710
1710
1710
1710
1710
1710
1710
1710
1709
1709
1709
1709
1709
1709
1709
1709
1709
1709
1709
1708
1708
1708
1708
1708
1708
1708
1708
1708
1708
1708
1708
1708
1707
1707
1707
1707
1707
1707
1707
1707
1707
1707
1707
1707
1706
1706
1706
1706
1706
1706
1706
1706
1706
1706
1706
1706
1705
1705
1705
1705
1705
1705
1705
1705
1705
1705
1705
1705
1705
1704
1704
1704
1704
1704
1704
1704
1704
1704
1704
1704
1704
1704
1704
1704
1704
1704
1704
1704
1704
1703
1703
1703
1703
1703
1703
1703
1703
1703
1703
1703
1703
1703
1702
1702
1702
1702
1702
1702
1702
1702
1702
1702
1702
1702
1702
1702
1702
1702
1701
1701
1701
1701
1701
1701
1701
1701
1701
1701
1701
1701
1701
1701
1701
1701
1700
1700
1700
1700
1700
1700
1700
1700
1700
1700
1700
1700
1700
1700
1700
1700
1700
1700
1700
1699
1699
1699
1699
1699
1699
1699
1699
1699
1699
1699
1699
1699
1699
1699
1698
1698
1698
1698
1698
1698
1698
1698
1698
1698
1698
1698
1697
1697
1697
1697
1697
1697
1697
1697
1697
1697
1697
1697
1697
1697
1696
1696
1696
1696
1696
1696
1696
1695
1695
1695
1695
1695
1695
1695
1695
1695
1695
1695
1695
1695
1695
1695
1695
1695
1695
1694
1694
1694
1694
1694
1694
1694
1694
1694
1694
1694
1694
1694
1693
1693
1693
1693
1693
1693
1693
1693
1693
1693
1693
1693
1693
1692
1692
1692
1692
1692
1692
1692
1692
1692
1692
1692
1692
1692
1692
1692
1692
1691
1691
1691
1691
1691
1691
1691
1691
1691
1691
1691
1691
1691
1691
1691
1690
1690
1690
1690
1690
1690
1690
1690
1690
1690
1689
1689
1689
1689
1689
1689
1689
1689
1689
1689
1689
1689
1689
1689
1689
1689
1688
1688
1688
1688
1688
1688
1688
1688
1688
1688
1688
1688
1688
1688
1688
1688
1687
1687
1687
1687
1687
1687
1687
1687
1687
1687
1687
1687
1687
1687
1687
1686
1686
1686
1686
1686
1686
1686
1686
1686
1686
1686
1686
1685
1685
1685
1685
1685
1685
1685
1685
1685
1685
1685
1684
1684
1684
1684
1684
1684
1684
1684
1684
1684
1684
1684
1684
1684
1684
1683
1683
1683
1683
1683
1683
1683
1683
1683
1683
1683
1683
1683
1683
1682
1682
1682
1682
1682
1682
1682
1682
1682
1682
1682
1682
1682
1682
1682
1682
1682
1682
1682
1681
1681
1681
1681
1681
1681
1681
1681
1681
1681
1681
1681
1681
1681
1681
1681
1681
1681
1681
1680
1680
1680
1680
1680
1680
1680
1680
1680
1679
1679
1679
1679
1679
1679
1679
1679
1679
1679
1679
1678
1678
1678
1678
1678
1678
1678
1678
1678
1678
1678
1678
1678
1678
1678
1677
1677
1677
1677
1677
1677
1677
1677
1677
1677
1677
1677
1677
1677
1676
1676
1676
1676
1676
1676
1676
1676
1676
1675
1675
1675
1675
1675
1675
1675
1675
1675
1675
1675
1675
1675
1674
1674
1674
1674
1674
1674
1674
1674
1674
1673
1673
1673
1673
1673
1673
1673
1673
1673
1673
1673
1673
1673
1672
1672
1672
1672
1672
1672
1672
1672
1672
1672
1672
1672
1672
1672
1672
1672
1672
1672
1671
1671
1671
1671
1671
1671
1671
1671
1671
1671
1671
1671
1670
1670
1670
1670
1670
1670
1670
1670
1670
1670
1670
1670
1669
1669
1669
1669
1669
1669
1669
1669
1669
1669
1669
1669
1669
1669
1669
1669
1669
1669
1669
1668
1668
1668
1668
1668
1668
1668
1668
1668
1668
1668
1668
1667
1667
1667
1667
1667
1667
1667
1667
1667
1667
1667
1667
1667
1667
1667
1667
1667
1666
1666
1666
1666
1666
1666
1666
1666
1666
1666
1666
1666
1666
1666
1665
1665
1665
1665
1665
1665
1665
1665
1665
1665
1665
1665
1664
1664
1664
1664
1664
1664
1664
1664
1664
1664
1664
1663
1663
1663
1663
1663
1663
1663
1663
1663
1662
1662
1662
1662
1662
1662
1662
1662
1662
1662
1662
1662
1661
1661
1661
1661
1661
1661
1661
1661
1661
1661
1661
1661
1661
1661
1661
1661
1661
1661
1660
1660
1660
1660
1660
1660
1660
1660
1660
1660
1659
1659
1659
1659
1659
1659
1659
1659
1659
1659
1659
1659
1658
1658
1658
1658
1658
1658
1658
1658
1658
1658
1658
1658
1658
1658
1658
1658
1658
1658
1658
1658
1657
1657
1657
1657
1657
1657
1657
1657
1657
1657
1657
1657
1657
1656
1656
1656
1656
1656
1656
1656
1656
1656
1656
1656
1656
1655
1655
1655
1655
1655
1655
1655
1655
1655
1655
1654
1654
1654
1654
1654
1654
1654
1654
1654
1654
1654
1654
1654
1654
1653
1653
1653
1653
1653
1653
1653
1653
1653
1653
1653
1653
1652
1652
1652
1652
1652
1652
1652
1652
1652
1651
1651
1651
1651
1651
1651
1651
1651
1651
1651
1651
1651
1651
1650
1650
1650
1650
1650
1650
1650
1650
1650
1650
1650
1649
1649
1649
1649
1649
1649
1649
1649
1649
1649
1649
1649
1649
1649
1649
1649
1649
1649
1648
1648
1648
1648
1648
1648
1648
1648
1648
1648
1648
1648
1648
1647
1647
1647
1647
1647
1647
1647
1647
1647
1647
1647
1646
1646
1646
1646
1646
1646
1646
1646
1646
1646
1646
1646
1645
1645
1645
1645
1645
1645
1645
1645
1645
1645
1645
1645
1645
1644
1644
1644
1644
1644
1644
1644
1644
1644
1644
1644
1644
1644
1644
1644
1643
1643
1643
1643
1643
1643
1643
1643
1643
1643
1643
1643
1643
1643
1643
1643
1643
1643
1642
1642
1642
1642
1642
1642
1642
1642
1642
1642
1642
1641
1641
1641
1641
1641
1641
1641
1641
1641
1641
1641
1641
1641
1640
1640
1640
1640
1640
1640
1640
1640
1640
1640
1640
1640
1640
1640
1640
1639
1639
1639
1639
1639
1639
1639
1639
1639
1639
1639
1639
1639
1639
1639
1639
1638
1638
1638
1638
1638
1638
1638
1638
1638
1638
1638
1638
1637
1637
1637
1637
1637
1637
1637
1637
1637
1637
1636
1636
1636
1636
1636
1636
1636
1636
1636
1636
1636
1636
1636
1636
1636
1635
1635
1635
1635
1635
1635
1635
1635
1635
1635
1635
1635
1635
1635
1635
1634
1634
1634
1634
1634
1634
1634
1634
1634
1634
1634
1634
1633
1633
1633
1633
1633
1633
1633
1633
1632
1632
1632
1632
1632
1632
1632
1632
1632
1632
1632
1632
1631
1631
1631
1631
1631
1631
1631
1631
1631
1631
1631
1631
1631
1631
1631
1631
1630
1630
1630
1630
1630
1630
1630
1630
1630
1629
1629
1629
1629
1629
1629
1629
1629
1629
1629
1629
1629
1629
1628
1628
1628
1628
1628
1628
1628
1628
1628
1627
1627
1627
1627
1627
1627
1627
1627
1627
1627
1627
1627
1627
1627
1627
1627
1627
1627
1626
1626
1626
1626
1626
1626
1626
1626
1626
1626
1626
1626
1626
1625
1625
1625
1625
1625
1625
1625
1625
1625
1625
1625
1625
1625
1625
1625
1625
1625
1624
1624
1624
1624
1624
1624
1624
1624
1624
1624
1624
1623
1623
1623
1623
1623
1623
1623
1623
1623
1623
1623
1623
1623
1622
1622
1622
1622
1622
1622
1622
1622
1622
1622
1622
1622
1622
1622
1621
1621
1621
1621
1621
1621
1620
1620
1620
1620
1620
1620
1620
1620
1620
1620
1620
1620
1619
1619
1619
1619
1619
1619
1619
1619
1619
1619
1619
1619
1619
1619
1619
1619
1619
1619
1618
1618
1618
1618
1618
1618
1618
1618
1618
1618
1618
1618
1618
1618
1618
1618
1618
1618
1617
1617
1617
1617
1617
1617
1617
1617
1617
1617
1617
1617
1617
1617
1617
1617
1617
1617
1617
1616
1616
1616
1616
1616
1616
1616
1616
1616
1616
1616
1616
1615
1615
1615
1615
1615
1615
1615
1615
1615
1615
1615
1615
1615
1615
1615
1615
1614
1614
1614
1614
1614
1614
1614
1614
1614
1614
1614
1614
1614
1613
1613
1613
1613
1613
1613
1613
1613
1613
1613
1613
1613
1613
1613
1613
1612
1612
1612
1612
1612
1612
1612
1612
1612
1612
1612
1612
1612
1612
1612
1611
1611
1611
1611
1611
1611
1611
1610
1610
1610
1610
1610
1610
1610
1609
1609
1609
1609
1609
1609
1609
1609
1609
1609
1609
1608
1608
1608
1608
1608
1608
1608
1608
1608
1608
1608
1608
1608
1608
1608
1608
1608
1608
1607
1607
1607
1607
1607
1607
1607
1607
1606
1606
1606
1606
1606
1606
1606
1606
1606
1606
1606
1605
1605
1605
1605
1605
1605
1605
1605
1605
1605
1605
1605
1605
1605
1605
1605
1604
1604
1604
1604
1604
1604
1604
1604
1604
1604
1604
1604
1604
1604
1604
1604
1604
1604
1604
1604
1603
1603
1603
1603
1603
1603
1603
1603
1603
1603
1603
1603
1603
1603
1603
1603
1603
1603
1603
1603
1603
1603
1603
1603
1602
1602
1602
1602
1602
1602
1602
1602
1602
1602
1602
1601
1601
1601
1601
1601
1601
1601
1601
1600
1600
1600
1600
1600
1600
1600
1600
1600
1600
1600
1600
1600
1600
1600
1599
1599
1599
1599
1599
1599
1599
1599
1599
1599
1599
1599
1599
1599
1599
1599
1598
1598
1598
1598
1598
1598
1598
1598
1598
1598
1598
1598
1598
1598
1598
1598
1598
1597
1597
1597
1597
1597
1597
1597
1597
1597
1597
1596
1596
1596
1596
1596
1596
1596
1596
1596
1596
1596
1595
1595
1595
1595
1595
1595
1595
1595
1595
1595
1595
1595
1595
1594
1594
1594
1594
1594
1594
1594
1594
1594
1594
1594
1594
1594
1594
1594
1593
1593
1593
1593
1593
1593
1593
1593
1593
1593
1593
1593
1593
1593
1592
1592
1592
1592
1592
1592
1592
1592
1592
1592
1592
1592
1592
1592
1592
1592
1592
1591
1591
1591
1591
1591
1591
1591
1591
1591
1591
1591
1591
1591
1591
1591
1591
1590
1590
1590
1590
1590
1590
1590
1589
1589
1589
1589
1589
1589
1589
1589
1589
1589
1588
1588
1588
1588
1588
1588
1588
1588
1588
1588
1588
1588
1588
1588
1588
1588
1587
1587
1587
1587
1587
1587
1587
1587
1587
1587
1586
1586
1586
1586
1586
1586
1586
1586
1585
1585
1585
1585
1585
1585
1585
1585
1585
1585
1585
1585
1585
1585
1585
1585
1585
1585
1584
1584
1584
1584
1584
1584
1584
1584
1584
1584
1584
1584
1584
1584
1584
1584
1584
1584
1584
1584
1584
1584
1584
1583
1583
1583
1583
1583
1583
1583
1583
1583
1583
1583
1583
1583
1583
1582
1582
1582
1582
1582
1582
1582
1582
1582
1582
1582
1582
1582
1581
1581
1581
1581
1581
1581
1581
1581
1581
1581
1581
1581
1581
1580
1580
1580
1580
1580
1580
1580
1580
1580
1580
1580
1580
1580
1580
1580
1579
1579
1579
1579
1579
1579
1579
1579
1579
1579
1579
1579
1578
1578
1578
1578
1578
1578
1578
1578
1578
1578
1578
1577
1577
1577
1577
1577
1577
1577
1577
1577
1577
1577
1576
1576
1576
1576
1576
1576
1576
1576
1576
1576
1576
1576
1576
1576
1576
1576
1576
1576
1575
1575
1575
1575
1575
1575
1575
1575
1575
1575
1575
1575
1575
1575
1575
1574
1574
1574
1574
1574
1574
1574
1574
1574
1574
1573
1573
1573
1573
1573
1573
1573
1573
1573
1572
1572
1572
1572
1572
1572
1572
1572
1572
1572
1572
1572
1572
1571
1571
1571
1571
1571
1571
1571
1571
1571
1571
1571
1571
1571
1570
1570
1570
1570
1570
1570
1570
1570
1570
1570
1569
1569
1569
1569
1569
1569
1569
1569
1569
1568
1568
1568
1568
1568
1568
1568
1568
1568
1567
1567
1567
1567
1567
1567
1567
1567
1567
1567
1567
1567
1567
1566
1566
1566
1566
1566
1566
1565
1565
1565
1565
1565
1565
1564
1564
1564
1564
1564
1564
1564
1564
1564
1564
1564
1564
1564
1564
1564
1563
1563
1563
1563
1563
1563
1563
1563
1563
1563
1563
1563
1563
1563
1563
1563
1563
1563
1563
1563
1562
1562
1562
1562
1562
1562
1562
1562
1562
1562
1562
1562
1562
1562
1561
1561
1561
1561
1561
1561
1561
1561
1561
1561
1561
1560
1560
1560
1560
1560
1560
1560
1560
1560
1560
1560
1560
1560
1560
1560
1560
1560
1559
1559
1559
1559
1559
1559
1559
1559
1559
1559
1559
1559
1559
1559
1559
1559
1559
1559
1559
1559
1558
1558
1558
1558
1558
1558
1558
1558
1558
1558
1558
1558
1557
1557
1557
1557
1557
1557
1557
1557
1557
1557
1557
1557
1557
1557
1556
1556
1556
1556
1556
1556
1556
1556
1556
1555
1555
1555
1555
1555
1555
1555
1555
1555
1555
1555
1555
1555
1554
1554
1554
1554
1554
1554
1554
1554
1554
1554
1554
1554
1554
1553
1553
1553
1553
1553
1553
1553
1553
1553
1553
1553
1553
1553
1553
1553
1553
1552
1552
1552
1552
1552
1552
1552
1552
1552
1552
1552
1552
1551
1551
1551
1551
1551
1551
1551
1551
1551
1551
1551
1551
1551
1551
1551
1551
1551
1550
1550
1550
1550
1550
1550
1550
1550
1550
1550
1550
1550
1550
1549
1549
1549
1549
1549
1549
1549
1549
1549
1549
1549
1549
1549
1549
1548
1548
1548
1548
1548
1548
1548
1548
1548
1548
1548
1548
1548
1548
1548
1548
1547
1547
1547
1547
1547
1546
1546
1546
1546
1546
1546
1546
1546
1546
1546
1546
1546
1546
1545
1545
1545
1545
1545
1545
1545
1545
1545
1545
1545
1545
1545
1545
1545
1545
1545
1545
1544
1544
1544
1544
1544
1544
1544
1544
1544
1544
1543
1543
1543
1543
1543
1543
1543
1543
1543
1543
1543
1543
1542
1542
1542
1542
1542
1542
1542
1542
1542
1542
1542
1542
1542
1542
1542
1542
1542
1541
1541
1541
1541
1541
1541
1541
1541
1541
1541
1541
1541
1541
1541
1541
1541
1541
1541
1540
1540
1540
1540
1540
1540
1540
1540
1540
1540
1540
1540
1540
1540
1540
1540
1540
1540
1539
1539
1539
1539
1539
1539
1539
1539
1539
1539
1539
1539
1539
1539
1539
1538
1538
1538
1538
1538
1538
1538
1538
1538
1538
1538
1538
1538
1538
1538
1537
1537
1537
1537
1537
1537
1537
1537
1537
1537
1537
1537
1537
1537
1537
1536
1536
1536
1536
1536
1536
1536
1536
1536
1536
1536
1535
1535
1535
1535
1535
1535
1535
1535
1535
1535
1535
1535
1535
1535
1534
1534
1534
1534
1534
1534
1534
1534
1534
1534
1534
1534
1533
1533
1533
1533
1533
1533
1533
1533
1533
1532
1532
1532
1532
1532
1532
1532
1532
1532
1532
1532
1532
1532
1532
1532
1531
1531
1531
1531
1531
1531
1531
1531
1531
1531
1531
1531
1531
1531
1530
1530
1530
1530
1530
1530
1530
1530
1530
1530
1530
1530
1530
1530
1530
1530
1530
1530
1530
1529
1529
1529
1529
1529
1529
1529
1529
1529
1529
1529
1528
1528
1528
1528
1528
1528
1528
1528
1528
1528
1528
1528
1527
1527
1527
1527
1527
1527
1527
1527
1527
1527
1527
1527
1527
1526
1526
1526
1526
1526
1526
1526
1526
1526
1526
1526
1525
1525
1525
1525
1525
1525
1525
1525
1525
1524
1524
1524
1524
1524
1524
1524
1524
1524
1524
1524
1524
1524
1524
1524
1524
1524
1524
1524
1524
1524
1523
1523
1523
1523
1523
1523
1523
1523
1523
1523
1523
1523
1522
1522
1522
1522
1522
1522
1522
1522
1522
1522
1522
1522
1521
1521
1521
1521
1521
1521
1521
1521
1520
1520
1520
1520
1520
1520
1520
1520
1520
1520
1520
1520
1520
1520
1519
1519
1519
1519
1519
1519
1519
1519
1519
1519
1519
1519
1519
1519
1519
1518
1518
1518
1518
1518
1518
1518
1518
1518
1518
1518
1518
1518
1518
1518
1518
1517
1517
1517
1517
1517
1517
1517
1517
1517
1517
1517
1517
1517
1517
1517
1517
1517
1517
1516
1516
1516
1516
1516
1516
1516
1516
1516
1516
1516
1516
1516
1516
1516
1516
1516
1516
1516
1516
1515
1515
1515
1515
1515
1515
1515
1515
1515
1515
1515
1515
1515
1515
1515
1514
1514
1514
1514
1514
1514
1514
1514
1514
1514
1514
1514
1514
1513
1513
1513
1513
1513
1513
1513
1513
1513
1513
1513
1513
1513
1513
1513
1513
1513
1513
1512
1512
1512
1512
1512
1512
1512
1512
1512
1512
1512
1512
1512
1512
1512
1512
1512
1512
1512
1511
1511
1511
1511
1511
1511
1511
1511
1511
1511
1511
1511
1511
1511
1511
1511
1511
1510
1510
1510
1510
1510
1510
1510
1510
1510
1510
1510
1510
1510
1510
1509
1509
1509
1509
1509
1509
1509
1509
1509
1509
1509
1509
1509
1508
1508
1508
1508
1508
1508
1508
1508
1508
1508
1508
1508
1508
1508
1507
1507
1507
1507
1507
1507
1507
1507
1507
1507
1507
1506
1506
1506
1506
1506
1506
1506
1506
1506
1506
1506
1506
1506
1506
1506
1506
1506
1505
1505
1505
1505
1505
1505
1505
1505
1505
1505
1505
1505
1505
1504
1504
1504
1504
1504
1504
1504
1504
1504
1504
1504
1504
1504
1504
1504
1504
1504
1504
1504
1504
1503
1503
1503
1503
1503
1503
1503
1503
1503
1503
1503
1503
1503
1502
1502
1502
1502
1502
1502
1502
1502
1502
1502
1502
1502
1502
1502
1502
1502
1502
1501
1501
1501
1501
1501
1501
1501
1501
1501
1501
1500
1500
1500
1500
1500
1500
1500
1500
1500
1500
1500
1499
1499
1499
1499
1499
1499
1499
1499
1499
1499
1499
1499
1498
1498
1498
1498
1498
1498
1498
1498
1498
1498
1498
1498
1498
1498
1498
1497
1497
1497
1497
1497
1497
1497
1497
1497
1497
1497
1497
1496
1496
1496
1496
1496
1496
1496
1496
1496
1496
1496
1496
1496
1496
1496
1496
1496
1496
1496
1495
1495
1495
1495
1495
1495
1495
1495
1495
1495
1495
1494
1494
1494
1494
1494
1494
1494
1494
1494
1494
1494
1493
1493
1493
1493
1493
1493
1493
1493
1493
1493
1493
1493
1493
1493
1493
1492
1492
1492
1492
1492
1492
1492
1492
1492
1492
1492
1492
1492
1492
1492
1492
1492
1492
1492
1492
1492
1492
1492
1492
1491
1491
1491
1491
1491
1491
1491
1491
1491
1491
1491
1491
1491
1491
1491
1491
1491
1491
1491
1491
1491
1490
1490
1490
1490
1490
1490
1490
1490
1490
1490
1490
1490
1490
1490
1490
1490
1489
1489
1489
1489
1489
1488
1488
1488
1488
1488
1488
1488
1488
1488
1488
1488
1488
1488
1488
1488
1488
1488
1488
1487
1487
1487
1487
1487
1487
1487
1487
1487
1487
1487
1487
1487
1487
1486
1486
1486
1486
1486
1486
1486
1486
1486
1486
1486
1486
1486
1485
1485
1485
1485
1485
1485
1485
1485
1485
1485
1485
1485
1485
1485
1485
1485
1485
1485
1485
1485
1485
1485
1485
1484
1484
1484
1484
1484
1484
1484
1484
1484
1484
1484
1484
1484
1484
1484
1484
1484
1483
1483
1483
1483
1483
1483
1483
1483
1483
1483
1483
1483
1483
1482
1482
1482
1482
1482
1482
1482
1482
1482
1482
1482
1482
1482
1482
1481
1481
1481
1481
1481
1481
1481
1481
1481
1481
1481
1481
1481
1481
1481
1481
1481
1481
1481
1481
1480
1480
1480
1480
1480
1480
1480
1480
1480
1480
1480
1480
1480
1480
1480
1480
1480
1479
1479
1479
1479
1479
1479
1479
1479
1479
1479
1479
1479
1479
1479
1479
1479
1479
1478
1478
1478
1478
1478
1478
1478
1478
1478
1478
1478
1478
1478
1478
1478
1478
1478
1477
1477
1477
1477
1477
1477
1477
1477
1477
1477
1477
1477
1477
1477
1477
1477
1477
1477
1476
1476
1476
1476
1476
1476
1476
1476
1476
1476
1476
1476
1475
1475
1475
1475
1475
1475
1475
1475
1475
1475
1475
1475
1475
1475
1475
1475
1475
1474
1474
1474
1474
1474
1474
1474
1474
1474
1474
1473
1473
1473
1473
1473
1473
1473
1473
1473
1473
1473
1473
1473
1473
1473
1473
1472
1472
1472
1472
1472
1472
1472
1472
1472
1472
1472
1472
1472
1472
1472
1472
1472
1472
1471
1471
1471
1471
1471
1471
1471
1471
1471
1471
1471
1471
1471
1471
1471
1471
1471
1471
1471
1471
1471
1471
1471
1471
1470
1470
1470
1470
1470
1469
1469
1469
1469
1469
1469
1469
1469
1469
1469
1469
1469
1469
1469
1468
1468
1468
1468
1468
1468
1468
1468
1468
1468
1468
1468
1468
1468
1467
1467
1467
1467
1467
1467
1467
1467
1467
1467
1467
1467
1467
1467
1467
1466
1466
1466
1466
1466
1466
1466
1466
1466
1466
1466
1466
1466
1466
1466
1466
1466
1465
1465
1465
1465
1465
1465
1465
1465
1465
1465
1465
1465
1465
1465
1464
1464
1464
1464
1464
1464
1464
1464
1464
1464
1464
1464
1464
1464
1464
1463
1463
1463
1463
1463
1463
1463
1463
1463
1463
1463
1463
1463
1463
1463
1463
1463
1463
1463
1462
1462
1462
1462
1462
1462
1462
1462
1462
1462
1462
1462
1461
1461
1461
1461
1461
1461
1461
1461
1461
1461
1461
1461
1461
1461
1461
1461
1460
1460
1460
1460
1460
1460
1460
1460
1460
1460
1460
1460
1460
1460
1460
1460
1460
1459
1459
1459
1459
1459
1459
1459
1459
1459
1459
1459
1459
1459
1459
1459
1459
1459
1459
1459
1458
1458
1458
1458
1458
1458
1458
1458
1458
1458
1458
1458
1458
1458
1458
1458
1458
1458
1458
1457
1457
1457
1457
1457
1457
1457
1457
1457
1457
1457
1457
1456
1456
1456
1456
1456
1456
1456
1456
1456
1456
1456
1456
1456
1456
1456
1456
1456
1456
1456
1456
1456
1456
1455
1455
1455
1455
1455
1455
1455
1455
1455
1455
1455
1454
1454
1454
1454
1454
1454
1454
1454
1454
1454
1454
1454
1454
1454
1454
1454
1454
1453
1453
1453
1453
1453
1453
1453
1453
1453
1453
1453
1453
1453
1453
1453
1453
1453
1452
1452
1452
1452
1452
1452
1452
1452
1452
1452
1452
1452
1452
1452
1452
1452
1452
1452
1452
1452
1452
1452
1452
1451
1451
1451
1451
1451
1451
1451
1451
1451
1451
1451
1451
1450
1450
1450
1450
1450
1450
1450
1450
1450
1450
1450
1450
1450
1450
1450
1450
1450
1449
1449
1449
1449
1449
1449
1449
1449
1449
1449
1449
1449
1449
1449
1449
1448
1448
1448
1448
1448
1448
1448
1448
1448
1448
1448
1448
1448
1448
1448
1447
1447
1447
1447
1447
1447
1447
1447
1447
1447
1447
1447
1447
1447
1447
1447
1447
1447
1447
1447
1447
1446
1446
1446
1446
1446
1446
1446
1446
1446
1446
1446
1446
1446
1446
1446
1446
1446
1446
1445
1445
1445
1445
1445
1445
1445
1445
1445
1445
1445
1445
1445
1445
1445
1445
1445
1445
1445
1445
1445
1444
1444
1444
1444
1444
1444
1444
1444
1444
1444
1444
1444
1443
1443
1443
1443
1443
1443
1443
1443
1443
1442
1442
1442
1442
1442
1442
1442
1442
1442
1442
1442
1442
1441
1441
1441
1441
1441
1441
1441
1441
1441
1441
1441
1441
1441
1441
1441
1441
1441
1441
1441
1441
1440
1440
1440
1440
1440
1440
1440
1440
1440
1440
1439
1439
1439
1439
1439
1439
1439
1439
1439
1439
1439
1439
1438
1438
1438
1438
1438
1438
1438
1438
1438
1438
1438
1438
1437
1437
1437
1437
1437
1437
1437
1437
1437
1437
1437
1437
1437
1437
1437
1437
1437
1436
1436
1436
1436
1436
1436
1436
1436
1436
1436
1436
1436
1436
1435
1435
1435
1435
1435
1435
1435
1435
1435
1435
1435
1435
1435
1435
1435
1435
1434
1434
1434
1434
1434
1434
1434
1434
1434
1434
1434
1433
1433
1433
1433
1433
1433
1433
1433
1433
1433
1433
1433
1433
1433
1433
1433
1432
1432
1432
1432
1432
1432
1432
1432
1432
1432
1432
1432
1432
1432
1432
1432
1432
1432
1431
1431
1431
1431
1431
1431
1431
1431
1431
1431
1431
1431
1431
1431
1431
1431
1431
1431
1430
1430
1430
1430
1430
1430
1430
1430
1430
1430
1430
1430
1430
1430
1429
1429
1429
1429
1429
1429
1429
1429
1429
1429
1429
1429
1429
1429
1429
1429
1429
1429
1428
1428
1428
1428
1428
1428
1428
1428
1428
1428
1428
1428
1428
1428
1428
1428
1428
1428
1427
1427
1427
1427
1427
1427
1427
1427
1427
1427
1427
1427
1427
1426
1426
1426
1426
1426
1426
1426
1426
1426
1426
1426
1426
1425
1425
1425
1425
1425
1425
1425
1425
1425
1425
1425
1425
1425
1425
1425
1425
1425
1425
1425
1425
1425
1425
1425
1425
1424
1424
1424
1424
1424
1424
1424
1424
1424
1424
1424
1424
1424
1424
1424
1424
1423
1423
1423
1423
1423
1423
1423
1423
1423
1423
1423
1423
1423
1423
1423
1423
1422
1422
1422
1422
1422
1422
1422
1422
1422
1422
1422
1422
1422
1422
1422
1422
1422
1422
1422
1421
1421
1421
1421
1421
1421
1421
1421
1421
1421
1421
1420
1420
1420
1420
1420
1420
1420
1420
1420
1420
1420
1420
1420
1420
1420
1420
1420
1420
1420
1420
1420
1420
1420
1420
1419
1419
1419
1419
1419
1419
1419
1419
1419
1419
1419
1419
1419
1419
1418
1418
1418
1418
1418
1418
1418
1418
1418
1418
1418
1418
1418
1418
1418
1418
1418
1418
1418
1418
1418
1418
1418
1417
1417
1417
1417
1417
1417
1417
1417
1417
1417
1417
1417
1417
1417
1417
1417
1417
1416
1416
1416
1416
1416
1416
1416
1416
1416
1416
1416
1416
1416
1416
1416
1416
1415
1415
1415
1415
1415
1415
1415
1415
1415
1415
1415
1415
1415
1415
1415
1415
1415
1415
1415
1415
1414
1414
1414
1414
1414
1414
1414
1414
1414
1414
1414
1413
1413
1413
1413
1413
1413
1413
1413
1413
1413
1413
1413
1413
1413
1413
1413
1412
1412
1412
1412
1412
1412
1412
1412
1412
1412
1412
1412
1412
1412
1412
1411
1411
1411
1411
1411
1411
1411
1411
1411
1411
1411
1411
1411
1411
1411
1411
1411
1411
1411
1411
1411
1411
1410
1410
1410
1410
1410
1410
1410
1410
1410
1410
1410
1410
1410
1409
1409
1409
1409
1409
1409
1409
1409
1409
1409
1409
1409
1409
1409
1409
1409
1409
1409
1409
1408
1408
1408
1408
1408
1408
1408
1408
1408
1408
1408
1408
1408
1408
1408
1408
1408
1408
1408
1408
1408
1408
1407
1407
1407
1407
1407
1407
1407
1407
1407
1407
1407
1407
1407
1407
1407
1407
1407
1407
1407
1407
1407
1407
1406
1406
1406
1406
1406
1406
1406
1406
1406
1406
1406
1405
1405
1405
1405
1405
1405
1405
1405
1405
1405
1405
1404
1404
1404
1404
1404
1404
1404
1404
1404
1404
1404
1404
1404
1404
1404
1404
1404
1404
1403
1403
1403
1403
1403
1403
1403
1403
1402
1402
1402
1402
1402
1402
1402
1402
1402
1402
1402
1402
1401
1401
1401
1401
1401
1401
1401
1401
1401
1401
1401
1401
1401
1401
1401
1401
1401
1401
1401
1401
1400
1400
1400
1400
1400
1400
1400
1400
1400
1400
1400
1400
1400
1400
1400
1400
1400
1400
1400
1400
1400
1400
1399
1399
1399
1399
1399
1399
1399
1399
1399
1399
1399
1399
1399
1399
1399
1399
1399
1399
1399
1399
1399
1399
1399
1398
1398
1398
1398
1398
1398
1398
1398
1398
1398
1398
1397
1397
1397
1397
1397
1397
1397
1397
1397
1397
1397
1397
1397
1397
1397
1397
1397
1397
1397
1397
1397
1396
1396
1396
1396
1396
1396
1396
1396
1396
1396
1396
1396
1396
1396
1396
1396
1396
1396
1395
1395
1395
1395
1395
1395
1395
1395
1395
1395
1395
1395
1395
1395
1395
1395
1395
1394
1394
1394
1394
1394
1394
1394
1394
1394
1394
1394
1394
1394
1394
1394
1393
1393
1393
1393
1393
1393
1393
1393
1393
1393
1393
1393
1393
1393
1393
1393
1393
1393
1393
1393
1393
1393
1393
1393
1392
1392
1392
1392
1392
1392
1392
1392
1392
1392
1392
1392
1392
1392
1392
1392
1392
1392
1392
1392
1392
1391
1391
1391
1391
1391
1391
1391
1391
1391
1391
1391
1391
1391
1390
1390
1390
1390
1390
1390
1390
1390
1390
1390
1390
1390
1390
1390
1390
1390
1390
1390
1389
1389
1389
1389
1389
1389
1389
1389
1389
1389
1389
1389
1389
1389
1388
1388
1388
1388
1388
1388
1388
1388
1388
1388
1388
1388
1388
1388
1388
1388
1388
1388
1387
1387
1387
1387
1387
1387
1387
1387
1387
1387
1387
1387
1387
1387
1387
1387
1386
1386
1386
1386
1386
1386
1386
1386
1386
1386
1386
1386
1385
1385
1385
1385
1385
1385
1385
1385
1385
1385
1385
1385
1385
1384
1384
1384
1384
1384
1384
1384
1384
1384
1384
1384
1384
1384
1384
1384
1384
1384
1384
1383
1383
1383
1383
1383
1383
1383
1383
1383
1383
1383
1383
1383
1383
1383
1383
1383
1383
1383
1382
1382
1382
1382
1382
1382
1382
1382
1382
1382
1382
1382
1382
1382
1382
1382
1382
1382
1382
1381
1381
1381
1381
1381
1381
1381
1381
1381
1381
1381
1381
1381
1381
1381
1381
1381
1380
1380
1380
1380
1380
1380
1380
1380
1380
1380
1380
1380
1380
1380
1380
1380
1380
1380
1380
1380
1379
1379
1379
1379
1379
1379
1379
1379
1379
1379
1379
1379
1379
1379
1379
1379
1378
1378
1378
1378
1378
1378
1378
1378
1378
1378
1378
1378
1378
1378
1378
1378
1378
1378
1378
1378
1378
1377
1377
1377
1377
1377
1377
1377
1377
1377
1376
1376
1376
1376
1376
1376
1376
1376
1376
1376
1376
1376
1376
1376
1376
1376
1376
1375
1375
1375
1375
1375
1375
1375
1375
1375
1375
1375
1375
1375
1375
1375
1375
1374
1374
1374
1374
1374
1374
1374
1374
1374
1374
1374
1374
1374
1374
1374
1374
1373
1373
1373
1373
1373
1373
1373
1373
1373
1373
1373
1373
1373
1373
1372
1372
1372
1372
1372
1372
1372
1372
1372
1372
1372
1372
1372
1372
1372
1372
1372
1372
1372
1372
1372
1372
1371
1371
1371
1371
1371
1371
1371
1371
1371
1371
1371
1371
1371
1371
1371
1370
1370
1370
1370
1370
1370
1370
1370
1370
1370
1370
1370
1370
1370
1370
1370
1370
1370
1370
1370
1370
1370
1370
1370
1370
1370
1369
1369
1369
1369
1369
1369
1369
1369
1369
1369
1369
1369
1369
1369
1368
1368
1368
1368
1368
1368
1368
1368
1368
1368
1368
1368
1368
1368
1368
1368
1368
1368
1368
1368
1368
1367
1367
1367
1367
1367
1367
1367
1367
1367
1367
1367
1367
1367
1367
1367
1366
1366
1366
1366
1366
1366
1366
1365
1365
1365
1365
1365
1365
1365
1365
1365
1365
1365
1365
1365
1365
1365
1365
1365
1365
1365
1365
1365
1364
1364
1364
1364
1364
1364
1364
1364
1364
1364
1364
1364
1364
1364
1364
1364
1364
1364
1364
1364
1364
1364
1364
1364
1363
1363
1363
1363
1363
1363
1363
1363
1363
1363
1363
1363
1363
1363
1363
1363
1363
1362
1362
1362
1362
1362
1362
1362
1362
1362
1362
1362
1362
1362
1362
1362
1362
1362
1362
1362
1362
1362
1362
1361
1361
1361
1361
1361
1361
1361
1361
1361
1361
1361
1361
1361
1361
1361
1361
1361
1361
1361
1361
1361
1361
1360
1360
1360
1360
1360
1360
1360
1360
1360
1360
1360
1360
1360
1360
1359
1359
1359
1359
1359
1359
1359
1359
1359
1359
1359
1359
1359
1359
1359
1359
1359
1359
1358
1358
1358
1358
1358
1358
1358
1358
1358
1358
1358
1358
1357
1357
1357
1357
1357
1357
1357
1357
1357
1357
1357
1357
1357
1357
1357
1357
1356
1356
1356
1356
1356
1356
1356
1356
1356
1356
1356
1356
1356
1356
1356
1356
1356
1356
1356
1356
1356
1356
1355
1355
1355
1355
1355
1355
1354
1354
1354
1354
1354
1354
1354
1354
1354
1354
1354
1354
1354
1354
1354
1354
1353
1353
1353
1353
1353
1353
1353
1353
1353
1353
1353
1353
1353
1353
1353
1353
1353
1353
1353
1353
1353
1353
1353
1353
1353
1353
1353
1352
1352
1352
1352
1352
1352
1352
1352
1352
1352
1352
1352
1352
1352
1352
1351
1351
1351
1351
1351
1351
1351
1351
1351
1351
1351
1351
1351
1351
1351
1351
1351
1350
1350
1350
1350
1350
1350
1350
1350
1349
1349
1349
1349
1349
1349
1349
1349
1349
1349
1349
1349
1349
1349
1349
1349
1349
1349
1349
1349
1349
1349
1349
1348
1348
1348
1348
1348
1348
1348
1348
1348
1348
1348
1348
1348
1348
1348
1348
1348
1348
1348
1348
1348
1347
1347
1347
1347
1347
1347
1347
1347
1347
1347
1347
1347
1347
1347
1347
1347
1347
1347
1347
1347
1346
1346
1346
1346
1346
1346
1346
1346
1346
1346
1346
1346
1346
1346
1346
1345
1345
1345
1345
1345
1345
1345
1345
1345
1345
1345
1345
1345
1345
1345
1345
1345
1345
1345
1345
1344
1344
1344
1344
1344
1344
1344
1344
1344
1344
1344
1344
1344
1344
1344
1343
1343
1343
1343
1343
1343
1343
1343
1343
1343
1343
1343
1343
1342
1342
1342
1342
1342
1342
1342
1342
1342
1342
1342
1342
1341
1341
1341
1341
1341
1341
1341
1341
1341
1341
1341
1341
1341
1341
1340
1340
1340
1340
1340
1340
1340
1340
1340
1340
1340
1340
1340
1340
1340
1340
1340
1340
1339
1339
1339
1339
1339
1339
1339
1339
1339
1339
1339
1339
1339
1339
1339
1339
1339
1338
1338
1338
1338
1338
1338
1338
1338
1338
1338
1338
1337
1337
1337
1337
1337
1337
1337
1337
1337
1337
1337
1337
1337
1337
1336
1336
1336
1336
1336
1336
1336
1336
1336
1336
1336
1336
1336
1336
1336
1336
1336
1336
1336
1336
1336
1336
1336
1336
1336
1336
1336
1336
1336
1336
1336
1335
1335
1335
1335
1335
1335
1335
1335
1335
1335
1335
1335
1335
1335
1334
1334
1334
1334
1334
1334
1334
1334
1334
1334
1334
1334
1334
1334
1333
1333
1333
1333
1333
1333
1333
1333
1333
1333
1333
1333
1333
1333
1333
1333
1333
1333
1333
1333
1333
1332
1332
1332
1332
1332
1332
1332
1332
1332
1332
1332
1332
1332
1332
1332
1332
1332
1332
1332
1332
1332
1332
1332
1332
1332
1332
1331
1331
1331
1331
1331
1331
1331
1331
1331
1331
1331
1331
1331
1330
1330
1330
1330
1330
1330
1330
1330
1330
1330
1330
1329
1329
1329
1329
1329
1329
1329
1329
1329
1329
1329
1329
1329
1329
1329
1329
1329
1329
1329
1329
1329
1329
1329
1329
1329
1329
1329
1328
1328
1328
1328
1328
1328
1328
1328
1328
1328
1328
1328
1328
1328
1327
1327
1327
1327
1327
1327
1327
1327
1327
1327
1327
1327
1327
1326
1326
1326
1326
1326
1326
1326
1326
1326
1326
1326
1326
1326
1326
1326
1325
1325
1325
1325
1325
1325
1325
1325
1325
1325
1325
1325
1325
1325
1325
1325
1325
1325
1325
1325
1325
1324
1324
1324
1324
1324
1324
1324
1324
1324
1324
1324
1324
1324
1324
1324
1324
1324
1324
1324
1323
1323
1323
1323
1323
1323
1323
1323
1323
1323
1323
1323
1323
1323
1323
1323
1323
1322
1322
1322
1322
1322
1322
1322
1322
1322
1322
1322
1322
1322
1321
1321
1321
1321
1321
1321
1321
1321
1321
1321
1321
1321
1321
1321
1321
1321
1321
1321
1320
1320
1320
1320
1320
1320
1320
1320
1320
1320
1320
1320
1320
1320
1320
1320
1320
1320
1320
1320
1320
1320
1320
1319
1319
1319
1319
1319
1319
1319
1319
1319
1319
1319
1319
1319
1319
1319
1319
1319
1319
1319
1319
1319
1319
1319
1319
1319
1318
1318
1318
1318
1318
1318
1318
1318
1318
1318
1318
1318
1318
1318
1318
1317
1317
1317
1317
1317
1317
1317
1317
1317
1317
1317
1317
1316
1316
1316
1316
1316
1316
1316
1316
1316
1316
1315
1315
1315
1315
1315
1315
1315
1315
1315
1315
1315
1315
1315
1315
1315
1315
1315
1315
1315
1315
1314
1314
1314
1314
1314
1314
1314
1314
1314
1314
1314
1314
1314
1314
1314
1314
1314
1314
1314
1314
1314
1314
1313
1313
1313
1313
1313
1313
1313
1313
1313
1313
1313
1313
1313
1313
1313
1313
1313
1313
1313
1312
1312
1312
1312
1312
1312
1312
1312
1312
1312
1312
1312
1312
1312
1312
1312
1311
1311
1311
1311
1311
1311
1311
1311
1311
1311
1311
1311
1311
1311
1311
1311
1311
1311
1311
1310
1310
1310
1310
1310
1310
1310
1310
1310
1310
1310
1310
1310
1310
1310
1309
1309
1309
1309
1309
1309
1309
1309
1309
1309
1309
1309
1309
1309
1309
1309
1309
1309
1309
1308
1308
1308
1308
1308
1308
1308
1308
1308
1308
1308
1308
1308
1308
1308
1308
1308
1308
1308
1307
1307
1307
1307
1307
1307
1307
1307
1307
1307
1307
1307
1307
1307
1307
1307
1307
1307
1307
1307
1307
1307
1306
1306
1306
1306
1306
1306
1306
1306
1306
1306
1306
1306
1306
1306
1306
1306
1306
1305
1305
1305
1305
1305
1305
1305
1305
1305
1305
1305
1305
1305
1305
1305
1305
1305
1305
1305
1305
1305
1304
1304
1304
1304
1304
1304
1304
1304
1304
1304
1304
1304
1304
1304
1304
1304
1303
1303
1303
1303
1303
1303
1303
1303
1303
1303
1303
1303
1303
1303
1303
1303
1303
1303
1303
1303
1303
1303
1303
1302
1302
1302
1302
1302
1302
1302
1302
1302
1302
1302
1302
1302
1302
1302
1301
1301
1301
1301
1301
1301
1301
1301
1301
1301
1301
1301
1301
1301
1301
1301
1300
1300
1300
1300
1300
1300
1300
1300
1300
1300
1300
1300
1300
1300
1300
1300
1300
1300
1300
1300
1300
1300
1299
1299
1299
1299
1299
1299
1299
1299
1299
1299
1299
1298
1298
1298
1298
1298
1298
1298
1298
1298
1298
1298
1298
1298
1298
1298
1298
1298
1298
1298
1298
1298
1298
1298
1298
1298
1297
1297
1297
1297
1297
1297
1297
1297
1297
1297
1297
1297
1297
1297
1297
1297
1297
1297
1297
1297
1297
1297
1297
1297
1297
1297
1297
1297
1297
1297
1296
1296
1296
1296
1296
1296
1296
1296
1296
1296
1296
1296
1296
1295
1295
1295
1295
1295
1295
1295
1295
1295
1295
1295
1295
1295
1295
1295
1295
1295
1295
1295
1295
1295
1295
1295
1295
1295
1295
1295
1295
1295
1295
1295
1295
1295
1294
1294
1294
1294
1294
1294
1294
1294
1294
1294
1294
1294
1294
1294
1294
1293
1293
1293
1293
1293
1293
1293
1293
1293
1293
1293
1293
1293
1293
1293
1293
1292
1292
1292
1292
1292
1292
1292
1292
1292
1292
1292
1292
1292
1292
1292
1292
1292
1292
1292
1292
1292
1292
1291
1291
1291
1291
1291
1291
1291
1291
1291
1291
1291
1291
1291
1291
1291
1291
1291
1291
1291
1291
1291
1291
1291
1290
1290
1290
1290
1290
1290
1290
1290
1290
1290
1290
1290
1290
1290
1290
1290
1290
1290
1290
1290
1289
1289
1289
1289
1289
1289
1289
1289
1289
1289
1289
1289
1289
1289
1289
1289
1289
1289
1289
1288
1288
1288
1288
1288
1288
1288
1288
1288
1288
1288
1288
1288
1288
1288
1288
1288
1288
1288
1288
1288
1287
1287
1287
1287
1287
1287
1287
1287
1287
1287
1287
1287
1287
1287
1287
1287
1287
1287
1286
1286
1286
1286
1286
1286
1286
1286
1286
1286
1286
1286
1286
1286
1286
1286
1286
1286
1285
1285
1285
1285
1285
1285
1285
1285
1285
1285
1285
1285
1285
1285
1285
1285
1285
1285
1285
1284
1284
1284
1284
1284
1284
1284
1284
1284
1284
1284
1284
1284
1284
1284
1284
1283
1283
1283
1283
1283
1283
1283
1283
1283
1283
1283
1283
1283
1283
1283
1283
1283
1283
1282
1282
1282
1282
1282
1282
1282
1282
1282
1282
1282
1282
1282
1282
1281
1281
1281
1281
1281
1281
1281
1281
1281
1281
1281
1280
1280
1280
1280
1280
1280
1280
1280
1280
1280
1280
1280
1279
1279
1279
1279
1279
1279
1279
1279
1279
1279
1279
1279
1279
1279
1279
1279
1279
1278
1278
1278
1278
1278
1278
1278
1278
1278
1278
1278
1278
1278
1278
1278
1277
1277
1277
1277
1277
1277
1277
1277
1277
1277
1277
1277
1277
1277
1277
1277
1277
1277
1277
1277
1277
1277
1276
1276
1276
1276
1276
1276
1276
1276
1276
1276
1276
1276
1276
1276
1276
1276
1276
1276
1276
1276
1276
1275
1275
1275
1275
1275
1275
1275
1275
1275
1275
1275
1275
1275
1275
1275
1275
1275
1275
1275
1275
1275
1275
1274
1274
1274
1274
1274
1274
1274
1274
1274
1274
1274
1274
1274
1274
1274
1274
1274
1274
1274
1274
1274
1274
1273
1273
1273
1273
1273
1273
1273
1273
1273
1273
1273
1273
1273
1273
1273
1273
1273
1273
1273
1273
1272
1272
1272
1272
1272
1272
1272
1272
1272
1272
1272
1272
1272
1272
1272
1272
1272
1272
1272
1272
1272
1272
1271
1271
1271
1271
1271
1271
1271
1271
1271
1271
1271
1271
1271
1271
1271
1271
1271
1271
1271
1271
1270
1270
1270
1270
1270
1270
1270
1270
1270
1270
1270
1270
1270
1270
1270
1270
1270
1270
1270
1270
1270
1270
1270
1270
1270
1270
1270
1269
1269
1269
1269
1269
1269
1269
1269
1269
1269
1269
1269
1269
1269
1269
1269
1269
1269
1269
1269
1269
1268
1268
1268
1268
1268
1268
1268
1268
1268
1268
1268
1268
1268
1268
1268
1268
1268
1268
1268
1268
1268
1267
1267
1267
1267
1267
1267
1267
1267
1267
1267
1267
1267
1267
1267
1267
1267
1267
1267
1267
1267
1267
1267
1267
1267
1266
1266
1266
1266
1266
1266
1266
1266
1266
1266
1266
1266
1266
1266
1266
1266
1266
1266
1266
1266
1266
1266
1266
1266
1266
1266
1265
1265
1265
1265
1265
1265
1265
1265
1265
1265
1265
1265
1265
1265
1265
1265
1265
1265
1265
1265
1265
1265
1265
1265
1265
1265
1265
1264
1264
1264
1264
1264
1264
1264
1264
1264
1264
1264
1264
1264
1264
1264
1264
1264
1264
1264
1264
1264
1264
1264
1263
1263
1263
1263
1263
1263
1263
1263
1263
1263
1263
1263
1263
1263
1263
1263
1263
1263
1263
1263
1262
1262
1262
1262
1262
1262
1262
1262
1262
1262
1262
1262
1261
1261
1261
1261
1261
1261
1261
1261
1261
1261
1261
1261
1261
1261
1261
1261
1261
1261
1260
1260
1260
1260
1260
1260
1260
1260
1260
1260
1260
1260
1260
1260
1260
1260
1260
1260
1260
1260
1260
1260
1260
1260
1260
1260
1260
1260
1260
1260
1259
1259
1259
1259
1259
1259
1259
1259
1259
1259
1259
1259
1259
1259
1259
1259
1259
1259
1259
1259
1258
1258
1258
1258
1258
1258
1258
1258
1258
1258
1258
1258
1258
1258
1258
1258
1258
1258
1258
1258
1258
1257
1257
1257
1257
1257
1257
1257
1257
1257
1257
1257
1257
1257
1257
1257
1256
1256
1256
1256
1256
1256
1256
1256
1256
1256
1256
1256
1256
1255
1255
1255
1255
1255
1255
1255
1255
1255
1255
1255
1255
1255
1255
1255
1255
1255
1255
1255
1255
1255
1255
1255
1255
1254
1254
1254
1254
1254
1254
1254
1254
1254
1254
1254
1254
1254
1254
1254
1254
1254
1254
1254
1254
1254
1254
1254
1254
1253
1253
1253
1253
1253
1253
1253
1253
1253
1253
1253
1253
1253
1253
1253
1253
1253
1253
1253
1253
1253
1253
1253
1253
1253
1253
1253
1253
1252
1252
1252
1252
1252
1252
1252
1252
1252
1252
1252
1252
1252
1252
1252
1252
1252
1252
1252
1252
1252
1251
1251
1251
1251
1251
1251
1251
1251
1251
1251
1251
1251
1251
1251
1251
1251
1251
1250
1250
1250
1250
1250
1250
1250
1250
1250
1250
1250
1250
1250
1250
1250
1250
1250
1250
1250
1250
1250
1250
1250
1249
1249
1249
1249
1249
1249
1249
1249
1249
1249
1249
1249
1249
1249
1249
1249
1248
1248
1248
1248
1248
1248
1248
1248
1248
1248
1248
1248
1248
1248
1248
1248
1248
1248
1248
1248
1248
1248
1247
1247
1247
1247
1247
1247
1247
1247
1247
1247
1247
1247
1247
1247
1247
1247
1247
1247
1247
1247
1247
1246
1246
1246
1246
1246
1246
1246
1246
1246
1246
1246
1246
1246
1246
1246
1246
1246
1246
1246
1246
1245
1245
1245
1245
1245
1245
1245
1245
1245
1245
1245
1245
1245
1245
1245
1245
1244
1244
1244
1244
1244
1244
1244
1244
1244
1244
1244
1244
1244
1244
1244
1244
1244
1244
1244
1244
1244
1244
1244
1244
1244
1244
1244
1244
1243
1243
1243
1243
1243
1243
1243
1243
1243
1243
1243
1243
1243
1243
1243
1243
1243
1243
1243
1243
1242
1242
1242
1242
1242
1242
1242
1242
1242
1242
1242
1242
1242
1241
1241
1241
1241
1241
1241
1241
1241
1241
1241
1241
1241
1241
1241
1241
1241
1241
1241
1241
1241
1241
1241
1241
1241
1240
1240
1240
1240
1240
1240
1240
1240
1240
1240
1240
1239
1239
1239
1239
1239
1239
1239
1239
1239
1239
1239
1239
1239
1239
1239
1239
1239
1239
1239
1239
1239
1238
1238
1238
1238
1238
1238
1238
1238
1238
1238
1238
1238
1238
1238
1238
1238
1238
1238
1238
1237
1237
1237
1237
1237
1237
1237
1237
1237
1237
1237
1237
1237
1237
1236
1236
1236
1236
1236
1236
1236
1236
1236
1236
1236
1236
1236
1236
1236
1236
1236
1236
1236
1236
1236
1235
1235
1235
1235
1235
1235
1235
1235
1235
1235
1235
1235
1235
1235
1234
1234
1234
1234
1234
1234
1234
1234
1234
1234
1234
1234
1234
1234
1234
1233
1233
1233
1233
1233
1233
1233
1233
1233
1233
1233
1233
1233
1233
1233
1233
1233
1233
1233
1233
1233
1233
1233
1233
1233
1233
1233
1233
1232
1232
1232
1232
1232
1232
1232
1232
1232
1232
1232
1232
1232
1232
1232
1232
1232
1232
1232
1231
1231
1231
1231
1231
1231
1231
1231
1231
1231
1231
1231
1231
1231
1231
1231
1231
1231
1230
1230
1230
1230
1230
1230
1230
1230
1230
1230
1229
1229
1229
1229
1229
1229
1229
1229
1229
1229
1229
1229
1229
1229
1229
1229
1229
1229
1228
1228
1228
1228
1228
1228
1228
1228
1228
1228
1228
1228
1228
1228
1228
1228
1227
1227
1227
1227
1227
1227
1227
1227
1227
1227
1227
1227
1227
1227
1227
1227
1227
1227
1227
1226
1226
1226
1226
1226
1226
1226
1226
1226
1226
1226
1226
1226
1226
1226
1226
1225
1225
1225
1225
1225
1225
1225
1225
1225
1225
1225
1225
1225
1225
1225
1225
1225
1225
1224
1224
1224
1224
1224
1224
1224
1224
1224
1224
1224
1224
1224
1224
1224
1224
1223
1223
1223
1223
1223
1223
1223
1223
1223
1223
1223
1223
1223
1223
1223
1223
1223
1223
1223
1222
1222
1222
1222
1222
1222
1222
1222
1222
1222
1222
1222
1222
1222
1222
1221
1221
1221
1221
1221
1221
1221
1221
1221
1221
1221
1221
1221
1221
1221
1220
1220
1220
1220
1220
1220
1220
1220
1220
1220
1220
1220
1220
1220
1220
1220
1220
1220
1219
1219
1219
1219
1219
1219
1219
1219
1219
1219
1219
1219
1219
1219
1219
1219
1219
1219
1219
1219
1219
1219
1219
1219
1218
1218
1218
1218
1218
1218
1218
1218
1218
1218
1218
1218
1218
1218
1218
1218
1218
1218
1218
1218
1218
1218
1218
1218
1218
1218
1218
1218
1217
1217
1217
1217
1217
1217
1217
1217
1217
1217
1217
1217
1217
1217
1217
1217
1217
1217
1216
1216
1216
1216
1216
1216
1216
1216
1216
1216
1216
1216
1216
1216
1216
1216
1216
1216
1216
1216
1216
1216
1216
1215
1215
1215
1215
1215
1215
1215
1215
1215
1215
1215
1215
1215
1215
1215
1215
1214
1214
1214
1214
1214
1214
1214
1214
1214
1214
1214
1214
1213
1213
1213
1213
1213
1213
1213
1213
1213
1213
1213
1213
1213
1213
1213
1213
1213
1213
1213
1213
1213
1213
1213
1213
1213
1213
1213
1212
1212
1212
1212
1212
1212
1212
1212
1212
1212
1212
1212
1212
1212
1212
1212
1212
1212
1212
1212
1212
1212
1212
1212
1212
1212
1212
1212
1212
1211
1211
1211
1211
1211
1211
1211
1211
1211
1211
1211
1211
1211
1211
1211
1211
1211
1210
1210
1210
1210
1210
1210
1210
1210
1210
1210
1210
1210
1210
1210
1210
1210
1210
1210
1210
1210
1210
1210
1209
1209
1209
1209
1209
1209
1209
1209
1209
1209
1209
1209
1209
1209
1209
1209
1208
1208
1208
1208
1208
1208
1208
1208
1208
1208
1208
1208
1208
1208
1208
1208
1208
1208
1208
1208
1207
1207
1207
1207
1207
1207
1207
1207
1207
1207
1207
1207
1207
1207
1207
1207
1207
1207
1207
1207
1207
1206
1206
1206
1206
1206
1206
1206
1206
1206
1206
1206
1206
1206
1206
1206
1206
1206
1206
1206
1205
1205
1205
1205
1205
1205
1205
1205
1205
1205
1205
1205
1205
1205
1205
1205
1205
1205
1204
1204
1204
1204
1204
1204
1204
1204
1204
1204
1204
1204
1204
1204
1204
1204
1204
1204
1204
1204
1204
1204
1204
1204
1204
1204
1204
1203
1203
1203
1203
1203
1203
1203
1203
1203
1203
1203
1203
1203
1203
1203
1203
1203
1203
1203
1203
1203
1202
1202
1202
1202
1202
1202
1202
1202
1202
1202
1202
1202
1202
1202
1202
1202
1202
1202
1202
1202
1202
1202
1202
1202
1201
1201
1201
1201
1201
1201
1201
1201
1201
1201
1201
1201
1201
1201
1201
1201
1201
1201
1201
1201
1200
1200
1200
1200
1200
1200
1200
1200
1200
1200
1200
1200
1200
1200
1200
1200
1200
1200
1199
1199
1199
1199
1199
1199
1199
1199
1199
1199
1199
1199
1199
1198
1198
1198
1198
1198
1198
1198
1198
1198
1198
1198
1198
1198
1198
1198
1198
1198
1197
1197
1197
1197
1197
1197
1197
1197
1197
1197
1197
1197
1197
1197
1197
1197
1196
1196
1196
1196
1196
1196
1196
1196
1196
1196
1196
1196
1196
1196
1196
1196
1196
1195
1195
1195
1195
1195
1195
1195
1195
1195
1195
1195
1195
1195
1195
1195
1195
1195
1195
1195
1195
1195
1195
1195
1194
1194
1194
1194
1194
1194
1194
1194
1194
1194
1194
1194
1194
1194
1194
1194
1194
1194
1194
1194
1194
1194
1193
1193
1193
1193
1193
1193
1193
1193
1193
1193
1193
1193
1193
1193
1193
1193
1193
1193
1193
1193
1193
1193
1193
1192
1192
1192
1192
1192
1192
1192
1192
1192
1192
1192
1192
1192
1192
1192
1192
1192
1192
1192
1192
1192
1192
1192
1191
1191
1191
1191
1191
1191
1191
1191
1191
1191
1191
1191
1191
1191
1191
1191
1191
1191
1190
1190
1190
1190
1190
1190
1190
1190
1190
1190
1190
1190
1190
1190
1190
1190
1190
1190
1190
1190
1190
1190
1190
1189
1189
1189
1189
1189
1189
1189
1189
1189
1189
1189
1189
1189
1189
1189
1189
1189
1188
1188
1188
1188
1188
1188
1188
1188
1188
1188
1188
1188
1188
1188
1188
1188
1188
1188
1188
1188
1188
1188
1188
1188
1188
1188
1188
1187
1187
1187
1187
1187
1187
1187
1187
1187
1187
1187
1187
1187
1187
1187
1187
1187
1187
1187
1187
1187
1187
1187
1187
1187
1187
1187
1186
1186
1186
1186
1186
1186
1186
1186
1186
1186
1186
1186
1186
1186
1186
1186
1186
1186
1186
1186
1186
1186
1186
1186
1186
1186
1186
1185
1185
1185
1185
1185
1185
1185
1185
1185
1185
1185
1185
1185
1185
1185
1185
1185
1185
1185
1185
1184
1184
1184
1184
1184
1184
1184
1184
1184
1184
1184
1184
1184
1184
1184
1184
1184
1184
1184
1184
1184
1183
1183
1183
1183
1183
1183
1183
1183
1183
1183
1183
1183
1183
1183
1183
1183
1183
1183
1183
1183
1183
1183
1183
1183
1183
1183
1182
1182
1182
1182
1182
1182
1182
1182
1182
1182
1182
1182
1182
1182
1182
1182
1182
1182
1182
1182
1182
1182
1182
1182
1182
1181
1181
1181
1181
1181
1181
1181
1181
1181
1181
1181
1181
1181
1181
1181
1180
1180
1180
1180
1180
1180
1180
1180
1180
1180
1180
1180
1180
1180
1180
1180
1180
1180
1180
1180
1180
1180
1180
1180
1180
1180
1180
1180
1179
1179
1179
1179
1179
1179
1179
1179
1179
1179
1179
1179
1179
1179
1179
1179
1179
1179
1179
1179
1179
1179
1179
1179
1178
1178
1178
1178
1178
1178
1178
1178
1178
1178
1178
1178
1178
1178
1178
1178
1178
1178
1178
1178
1178
1178
1178
1177
1177
1177
1177
1177
1177
1177
1177
1177
1177
1177
1177
1177
1177
1177
1177
1177
1177
1177
1177
1177
1177
1177
1177
1177
1177
1177
1177
1176
1176
1176
1176
1176
1176
1176
1176
1176
1176
1176
1176
1176
1176
1176
1176
1176
1176
1176
1176
1176
1175
1175
1175
1175
1175
1175
1175
1175
1175
1175
1175
1175
1175
1175
1175
1174
1174
1174
1174
1174
1174
1174
1174
1174
1174
1174
1174
1174
1174
1173
1173
1173
1173
1173
1173
1173
1173
1173
1173
1173
1173
1173
1173
1173
1173
1173
1173
1173
1173
1173
1173
1173
1173
1173
1172
1172
1172
1172
1172
1172
1172
1172
1172
1172
1172
1172
1172
1172
1172
1172
1172
1172
1171
1171
1171
1171
1171
1171
1171
1171
1171
1171
1171
1171
1171
1171
1171
1171
1171
1171
1171
1171
1171
1171
1171
1170
1170
1170
1170
1170
1170
1170
1170
1170
1170
1170
1170
1170
1170
1170
1170
1170
1170
1170
1170
1170
1170
1170
1170
1170
1170
1169
1169
1169
1169
1169
1169
1169
1169
1169
1169
1169
1169
1169
1169
1169
1169
1169
1169
1168
1168
1168
1168
1168
1168
1168
1168
1168
1168
1168
1168
1168
1168
1168
1168
1168
1168
1168
1168
1168
1168
1168
1168
1168
1168
1167
1167
1167
1167
1167
1167
1167
1167
1167
1167
1167
1167
1167
1167
1167
1166
1166
1166
1166
1166
1166
1166
1166
1166
1166
1166
1166
1166
1166
1166
1166
1166
1166
1165
1165
1165
1165
1165
1165
1165
1165
1165
1165
1165
1165
1165
1165
1165
1165
1165
1165
1165
1165
1165
1165
1165
1165
1164
1164
1164
1164
1164
1164
1164
1164
1164
1164
1164
1164
1164
1164
1164
1164
1164
1164
1164
1164
1163
1163
1163
1163
1163
1163
1163
1163
1163
1163
1163
1163
1163
1163
1163
1163
1163
1163
1163
1163
1162
1162
1162
1162
1162
1162
1162
1162
1162
1162
1162
1162
1162
1162
1162
1162
1162
1162
1162
1162
1162
1162
1162
1162
1162
1162
1162
1161
1161
1161
1161
1161
1161
1161
1161
1161
1161
1161
1161
1161
1161
1161
1161
1161
1161
1161
1161
1161
1161
1160
1160
1160
1160
1160
1160
1160
1160
1160
1160
1160
1160
1160
1160
1160
1160
1160
1160
1160
1160
1160
1160
1160
1160
1160
1160
1160
1160
1160
1160
1160
1160
1159
1159
1159
1159
1159
1159
1159
1159
1159
1159
1159
1159
1159
1159
1159
1159
1159
1159
1159
1159
1158
1158
1158
1158
1158
1158
1158
1158
1158
1158
1158
1158
1158
1158
1158
1158
1158
1158
1157
1157
1157
1157
1157
1157
1157
1157
1157
1157
1157
1157
1157
1157
1157
1157
1157
1157
1157
1157
1156
1156
1156
1156
1156
1156
1156
1156
1156
1156
1156
1156
1156
1156
1156
1156
1156
1156
1156
1156
1156
1156
1156
1156
1156
1156
1156
1156
1155
1155
1155
1155
1155
1155
1155
1155
1155
1155
1155
1155
1155
1155
1155
1155
1155
1155
1155
1155
1155
1155
1155
1155
1155
1155
1155
1154
1154
1154
1154
1154
1154
1154
1154
1154
1154
1154
1154
1154
1154
1154
1154
1154
1154
1154
1154
1153
1153
1153
1153
1153
1153
1153
1153
1153
1153
1153
1153
1153
1153
1153
1153
1153
1153
1153
1153
1153
1153
1153
1153
1153
1153
1153
1153
1153
1152
1152
1152
1152
1152
1152
1152
1152
1152
1152
1152
1152
1152
1152
1152
1152
1152
1152
1152
1152
1152
1151
1151
1151
1151
1151
1151
1151
1151
1151
1151
1151
1151
1151
1151
1151
1151
1151
1151
1151
1151
1151
1151
1151
1151
1150
1150
1150
1150
1150
1150
1150
1150
1150
1150
1150
1150
1150
1150
1150
1150
1150
1150
1150
1150
1149
1149
1149
1149
1149
1149
1149
1149
1149
1149
1149
1149
1149
1149
1149
1149
1149
1149
1149
1149
1149
1149
1149
1149
1149
1149
1149
1148
1148
1148
1148
1148
1148
1148
1148
1148
1148
1148
1148
1148
1148
1148
1148
1147
1147
1147
1147
1147
1147
1147
1147
1147
1147
1147
1147
1147
1147
1147
1147
1147
1147
1147
1147
1147
1147
1146
1146
1146
1146
1146
1146
1146
1146
1146
1146
1146
1146
1146
1146
1146
1146
1146
1146
1146
1146
1146
1146
1146
1146
1146
1145
1145
1145
1145
1145
1145
1145
1145
1145
1145
1145
1145
1145
1145
1145
1145
1145
1145
1145
1145
1145
1144
1144
1144
1144
1144
1144
1144
1144
1144
1144
1144
1144
1144
1144
1144
1144
1144
1144
1144
1144
1144
1144
1144
1144
1144
1144
1144
1143
1143
1143
1143
1143
1143
1143
1143
1143
1143
1143
1143
1143
1143
1143
1143
1143
1143
1143
1143
1143
1143
1143
1143
1143
1143
1143
1143
1143
1142
1142
1142
1142
1142
1142
1142
1142
1142
1142
1142
1142
1142
1142
1142
1142
1142
1142
1142
1142
1142
1142
1142
1142
1142
1142
1142
1142
1142
1141
1141
1141
1141
1141
1141
1141
1141
1141
1141
1141
1141
1141
1141
1141
1141
1141
1141
1141
1141
1141
1141
1141
1141
1141
1140
1140
1140
1140
1140
1140
1140
1140
1140
1140
1140
1140
1140
1140
1140
1140
1140
1140
1140
1140
1140
1140
1140
1140
1139
1139
1139
1139
1139
1139
1139
1139
1139
1139
1139
1139
1139
1139
1139
1139
1139
1139
1139
1139
1139
1139
1139
1139
1139
1139
1139
1139
1139
1138
1138
1138
1138
1138
1138
1138
1138
1138
1138
1138
1138
1138
1138
1138
1138
1138
1138
1138
1138
1138
1138
1138
1137
1137
1137
1137
1137
1137
1137
1137
1137
1137
1137
1137
1137
1137
1137
1137
1137
1137
1137
1137
1137
1137
1137
1137
1137
1136
1136
1136
1136
1136
1136
1136
1136
1136
1136
1136
1136
1136
1136
1136
1136
1136
1136
1136
1136
1136
1136
1136
1136
1136
1136
1136
1135
1135
1135
1135
1135
1135
1135
1135
1135
1135
1135
1135
1135
1135
1135
1135
1135
1135
1135
1135
1135
1135
1134
1134
1134
1134
1134
1134
1134
1134
1134
1134
1134
1134
1134
1134
1134
1134
1134
1134
1134
1134
1134
1133
1133
1133
1133
1133
1133
1133
1133
1133
1133
1133
1133
1133
1133
1133
1133
1133
1133
1133
1133
1133
1133
1133
1133
1133
1132
1132
1132
1132
1132
1132
1132
1132
1132
1132
1132
1132
1132
1132
1132
1132
1132
1132
1132
1132
1132
1132
1132
1132
1132
1132
1131
1131
1131
1131
1131
1131
1131
1131
1131
1131
1131
1131
1131
1131
1131
1131
1130
1130
1130
1130
1130
1130
1130
1130
1130
1130
1130
1130
1130
1130
1130
1130
1130
1130
1130
1130
1130
1129
1129
1129
1129
1129
1129
1129
1129
1129
1129
1129
1129
1129
1129
1129
1129
1129
1129
1129
1129
1129
1129
1129
1128
1128
1128
1128
1128
1128
1128
1128
1128
1128
1128
1128
1128
1128
1128
1128
1127
1127
1127
1127
1127
1127
1127
1127
1127
1127
1127
1127
1127
1127
1127
1127
1127
1127
1127
1127
1127
1127
1127
1127
1127
1126
1126
1126
1126
1126
1126
1126
1126
1126
1126
1126
1126
1126
1126
1126
1126
1126
1126
1126
1126
1125
1125
1125
1125
1125
1125
1125
1125
1125
1125
1125
1125
1125
1125
1125
1125
1125
1125
1125
1125
1125
1125
1124
1124
1124
1124
1124
1124
1124
1124
1124
1124
1124
1124
1124
1124
1124
1124
1124
1124
1123
1123
1123
1123
1123
1123
1123
1123
1123
1123
1123
1123
1123
1123
1123
1123
1123
1123
1123
1123
1123
1123
1122
1122
1122
1122
1122
1122
1122
1122
1122
1122
1122
1122
1122
1122
1122
1122
1122
1122
1122
1122
1122
1122
1122
1122
1122
1122
1122
1122
1122
1122
1122
1122
1122
1122
1122
1122
1122
1121
1121
1121
1121
1121
1121
1121
1121
1121
1121
1121
1121
1121
1121
1121
1121
1121
1120
1120
1120
1120
1120
1120
1120
1120
1120
1120
1120
1120
1120
1120
1120
1120
1120
1120
1120
1120
1120
1120
1120
1120
1120
1120
1120
1120
1120
1120
1119
1119
1119
1119
1119
1119
1119
1119
1119
1119
1119
1119
1119
1119
1119
1119
1119
1119
1119
1119
1119
1119
1119
1119
1119
1119
1118
1118
1118
1118
1118
1118
1118
1118
1118
1118
1118
1118
1118
1118
1118
1118
1118
1118
1118
1118
1118
1118
1118
1118
1118
1118
1118
1118
1118
1118
1118
1118
1117
1117
1117
1117
1117
1117
1117
1117
1117
1117
1117
1117
1117
1117
1117
1117
1117
1117
1117
1117
1117
1117
1117
1117
1116
1116
1116
1116
1116
1116
1116
1116
1116
1116
1116
1116
1116
1116
1116
1116
1116
1116
1116
1116
1116
1116
1115
1115
1115
1115
1115
1115
1115
1115
1115
1115
1115
1115
1115
1115
1115
1115
1115
1115
1115
1115
1115
1115
1115
1115
1115
1115
1115
1115
1114
1114
1114
1114
1114
1114
1114
1114
1114
1114
1114
1114
1114
1114
1114
1114
1114
1114
1114
1114
1114
1114
1113
1113
1113
1113
1113
1113
1113
1113
1113
1113
1113
1113
1113
1113
1113
1113
1113
1113
1113
1113
1113
1113
1113
1113
1112
1112
1112
1112
1112
1112
1112
1112
1112
1112
1112
1112
1112
1112
1112
1112
1112
1112
1112
1112
1112
1112
1112
1112
1112
1112
1112
1112
1112
1112
1112
1112
1112
1112
1112
1112
1112
1112
1112
1112
1111
1111
1111
1111
1111
1111
1111
1111
1111
1111
1111
1111
1111
1111
1111
1111
1111
1111
1111
1111
1111
1111
1111
1111
1111
1111
1111
1111
1111
1110
1110
1110
1110
1110
1110
1110
1110
1110
1110
1110
1110
1110
1110
1110
1110
1110
1110
1110
1110
1110
1110
1110
1110
1110
1110
1110
1110
1109
1109
1109
1109
1109
1109
1109
1109
1109
1109
1109
1109
1109
1109
1109
1109
1109
1109
1109
1109
1109
1109
1109
1109
1109
1109
1109
1109
1109
1108
1108
1108
1108
1108
1108
1108
1108
1108
1108
1108
1108
1108
1108
1108
1108
1108
1108
1108
1108
1108
1108
1108
1108
1108
1108
1108
1108
1108
1108
1108
1108
1108
1108
1108
1108
1108
1108
1108
1107
1107
1107
1107
1107
1107
1107
1107
1107
1107
1107
1107
1107
1107
1107
1107
1107
1107
1107
1107
1107
1107
1107
1107
1106
1106
1106
1106
1106
1106
1106
1106
1106
1106
1106
1106
1106
1106
1106
1106
1106
1106
1106
1106
1106
1105
1105
1105
1105
1105
1105
1105
1105
1105
1105
1105
1105
1105
1105
1105
1105
1105
1105
1105
1105
1105
1105
1105
1105
1104
1104
1104
1104
1104
1104
1104
1104
1104
1104
1104
1104
1104
1104
1104
1104
1104
1104
1103
1103
1103
1103
1103
1103
1103
1103
1103
1103
1103
1103
1103
1103
1103
1103
1103
1103
1103
1103
1103
1103
1103
1103
1103
1102
1102
1102
1102
1102
1102
1102
1102
1102
1102
1102
1102
1102
1102
1102
1102
1102
1102
1102
1102
1102
1102
1102
1102
1102
1101
1101
1101
1101
1101
1101
1101
1101
1101
1101
1101
1101
1101
1101
1101
1101
1101
1101
1101
1101
1101
1101
1101
1101
1101
1101
1101
1101
1101
1101
1101
1101
1100
1100
1100
1100
1100
1100
1100
1100
1100
1100
1100
1100
1100
1100
1100
1100
1100
1100
1100
1099
1099
1099
1099
1099
1099
1099
1099
1099
1099
1099
1099
1099
1099
1099
1099
1099
1099
1099
1099
1099
1099
1099
1099
1099
1099
1099
1099
1098
1098
1098
1098
1098
1098
1098
1098
1098
1098
1098
1098
1098
1098
1098
1098
1098
1098
1098
1098
1098
1098
1098
1098
1098
1097
1097
1097
1097
1097
1097
1097
1097
1097
1097
1097
1097
1097
1097
1097
1097
1097
1097
1096
1096
1096
1096
1096
1096
1096
1096
1096
1096
1096
1096
1096
1096
1096
1096
1096
1096
1096
1096
1096
1096
1096
1096
1096
1095
1095
1095
1095
1095
1095
1095
1095
1095
1095
1095
1095
1095
1095
1095
1095
1095
1095
1095
1095
1095
1095
1094
1094
1094
1094
1094
1094
1094
1094
1094
1094
1094
1094
1094
1094
1094
1094
1094
1094
1094
1094
1094
1094
1094
1094
1094
1094
1094
1094
1094
1094
1094
1094
1094
1094
1094
1093
1093
1093
1093
1093
1093
1093
1093
1093
1093
1093
1093
1093
1093
1093
1093
1093
1093
1093
1093
1093
1093
1093
1092
1092
1092
1092
1092
1092
1092
1092
1092
1092
1092
1092
1092
1092
1092
1092
1092
1092
1092
1092
1092
1092
1092
1092
1092
1092
1092
1092
1091
1091
1091
1091
1091
1091
1091
1091
1091
1091
1091
1091
1091
1091
1091
1091
1091
1091
1091
1091
1091
1091
1091
1091
1091
1091
1091
1091
1091
1091
1090
1090
1090
1090
1090
1090
1090
1090
1090
1090
1090
1090
1090
1090
1090
1090
1090
1090
1090
1090
1090
1090
1090
1090
1090
1090
1090
1090
1090
1090
1089
1089
1089
1089
1089
1089
1089
1089
1089
1089
1089
1089
1089
1089
1089
1089
1089
1089
1089
1089
1089
1089
1089
1088
1088
1088
1088
1088
1088
1088
1088
1088
1088
1088
1088
1088
1088
1088
1088
1088
1088
1088
1088
1088
1088
1088
1088
1088
1087
1087
1087
1087
1087
1087
1087
1087
1087
1087
1087
1087
1087
1087
1087
1087
1087
1087
1087
1087
1087
1087
1087
1087
1086
1086
1086
1086
1086
1086
1086
1086
1086
1086
1086
1086
1086
1086
1086
1086
1086
1086
1086
1086
1086
1086
1086
1086
1086
1085
1085
1085
1085
1085
1085
1085
1085
1085
1085
1085
1085
1085
1085
1085
1085
1085
1085
1085
1085
1085
1085
1085
1085
1085
1085
1085
1085
1085
1085
1085
1085
1085
1084
1084
1084
1084
1084
1084
1084
1084
1084
1084
1084
1084
1084
1084
1084
1084
1084
1084
1084
1084
1084
1084
1084
1084
1084
1084
1084
1084
1084
1084
1084
1084
1084
1083
1083
1083
1083
1083
1083
1083
1083
1083
1083
1083
1083
1083
1083
1083
1083
1083
1083
1083
1083
1083
1082
1082
1082
1082
1082
1082
1082
1082
1082
1082
1082
1082
1082
1082
1082
1082
1082
1082
1082
1082
1082
1081
1081
1081
1081
1081
1081
1081
1081
1081
1081
1081
1081
1081
1081
1081
1081
1081
1081
1080
1080
1080
1080
1080
1080
1080
1080
1080
1080
1080
1080
1080
1080
1080
1080
1080
1080
1080
1080
1080
1080
1080
1080
1080
1080
1080
1080
1080
1079
1079
1079
1079
1079
1079
1079
1079
1079
1079
1079
1079
1079
1079
1079
1079
1079
1079
1079
1079
1078
1078
1078
1078
1078
1078
1078
1078
1078
1078
1078
1078
1078
1078
1078
1078
1078
1078
1078
1078
1078
1078
1078
1078
1078
1078
1078
1078
1078
1078
1078
1078
1078
1078
1078
1077
1077
1077
1077
1077
1077
1077
1077
1077
1077
1077
1077
1077
1077
1077
1077
1077
1077
1077
1077
1077
1077
1077
1077
1077
1077
1077
1077
1077
1077
1077
1076
1076
1076
1076
1076
1076
1076
1076
1076
1076
1076
1076
1076
1076
1076
1076
1076
1076
1076
1076
1076
1076
1076
1076
1076
1076
1076
1076
1075
1075
1075
1075
1075
1075
1075
1075
1075
1075
1075
1075
1075
1075
1075
1075
1075
1075
1075
1075
1075
1075
1075
1075
1074
1074
1074
1074
1074
1074
1074
1074
1074
1074
1074
1074
1074
1074
1074
1074
1074
1074
1074
1074
1074
1074
1074
1074
1074
1074
1074
1073
1073
1073
1073
1073
1073
1073
1073
1073
1073
1073
1073
1073
1073
1073
1073
1073
1073
1073
1073
1073
1073
1073
1072
1072
1072
1072
1072
1072
1072
1072
1072
1072
1072
1072
1072
1072
1072
1072
1072
1072
1072
1072
1072
1072
1072
1072
1072
1072
1072
1072
1071
1071
1071
1071
1071
1071
1071
1071
1071
1071
1071
1071
1071
1071
1071
1071
1071
1071
1071
1071
1070
1070
1070
1070
1070
1070
1070
1070
1070
1070
1070
1070
1070
1070
1070
1070
1070
1070
1070
1070
1070
1070
1070
1070
1070
1070
1070
1070
1070
1069
1069
1069
1069
1069
1069
1069
1069
1069
1069
1069
1069
1069
1069
1069
1069
1069
1069
1069
1069
1069
1069
1069
1069
1069
1069
1069
1069
1069
1069
1068
1068
1068
1068
1068
1068
1068
1068
1068
1068
1068
1068
1068
1068
1068
1068
1068
1068
1068
1068
1068
1067
1067
1067
1067
1067
1067
1067
1067
1067
1067
1067
1067
1067
1067
1067
1067
1067
1067
1067
1067
1067
1067
1067
1066
1066
1066
1066
1066
1066
1066
1066
1066
1066
1066
1066
1066
1066
1066
1066
1066
1066
1066
1066
1066
1065
1065
1065
1065
1065
1065
1065
1065
1065
1065
1065
1065
1065
1065
1065
1065
1065
1065
1065
1064
1064
1064
1064
1064
1064
1064
1064
1064
1064
1064
1064
1064
1064
1064
1064
1064
1064
1064
1064
1064
1064
1064
1064
1064
1064
1064
1064
1064
1063
1063
1063
1063
1063
1063
1063
1063
1063
1063
1063
1063
1063
1063
1063
1063
1063
1062
1062
1062
1062
1062
1062
1062
1062
1062
1062
1062
1062
1062
1062
1062
1062
1062
1062
1062
1062
1062
1062
1062
1062
1062
1062
1062
1062
1062
1061
1061
1061
1061
1061
1061
1061
1061
1061
1061
1061
1061
1061
1061
1061
1061
1061
1061
1061
1061
1061
1061
1061
1061
1061
1061
1061
1060
1060
1060
1060
1060
1060
1060
1060
1060
1060
1060
1060
1060
1060
1060
1060
1060
1060
1060
1060
1060
1060
1060
1060
1060
1060
1060
1059
1059
1059
1059
1059
1059
1059
1059
1059
1059
1059
1059
1059
1059
1059
1059
1059
1059
1059
1058
1058
1058
1058
1058
1058
1058
1058
1058
1058
1058
1058
1058
1058
1058
1057
1057
1057
1057
1057
1057
1057
1057
1057
1057
1057
1057
1057
1057
1057
1057
1057
1057
1056
1056
1056
1056
1056
1056
1056
1056
1056
1056
1056
1056
1056
1056
1056
1056
1056
1056
1056
1056
1056
1056
1056
1056
1056
1055
1055
1055
1055
1055
1055
1055
1055
1055
1055
1055
1055
1055
1055
1055
1055
1055
1055
1055
1055
1055
1055
1055
1055
1055
1055
1055
1055
1055
1055
1055
1055
1055
1054
1054
1054
1054
1054
1054
1054
1054
1054
1054
1054
1054
1054
1054
1054
1054
1054
1054
1054
1054
1054
1054
1054
1054
1054
1054
1054
1054
1054
1054
1054
1054
1054
1054
1054
1053
1053
1053
1053
1053
1053
1053
1053
1053
1053
1053
1053
1053
1053
1053
1053
1053
1053
1053
1053
1053
1053
1053
1053
1053
1053
1053
1053
1053
1053
1053
1053
1053
1053
1053
1053
1052
1052
1052
1052
1052
1052
1052
1052
1052
1052
1052
1052
1052
1052
1052
1052
1052
1052
1052
1052
1052
1052
1052
1052
1052
1052
1052
1052
1051
1051
1051
1051
1051
1051
1051
1051
1051
1051
1051
1051
1051
1051
1051
1051
1051
1051
1051
1051
1051
1051
1050
1050
1050
1050
1050
1050
1050
1050
1050
1050
1050
1050
1050
1050
1050
1050
1050
1050
1050
1050
1050
1050
1050
1050
1050
1050
1050
1050
1050
1050
1050
1050
1050
1050
1050
1050
1050
1049
1049
1049
1049
1049
1049
1049
1049
1049
1049
1049
1049
1049
1049
1049
1049
1049
1049
1049
1049
1048
1048
1048
1048
1048
1048
1048
1048
1048
1048
1048
1048
1048
1048
1048
1048
1048
1048
1048
1048
1048
1048
1048
1047
1047
1047
1047
1047
1047
1047
1047
1047
1047
1047
1047
1047
1047
1047
1047
1047
1047
1047
1047
1047
1047
1047
1047
1047
1047
1047
1047
1047
1047
1047
1046
1046
1046
1046
1046
1046
1046
1046
1046
1046
1046
1046
1046
1046
1046
1046
1046
1046
1046
1046
1046
1045
1045
1045
1045
1045
1045
1045
1045
1045
1045
1045
1045
1045
1045
1045
1045
1045
1045
1045
1045
1045
1045
1044
1044
1044
1044
1044
1044
1044
1044
1044
1044
1044
1044
1044
1044
1044
1044
1044
1044
1044
1044
1044
1044
1044
1044
1044
1043
1043
1043
1043
1043
1043
1043
1043
1043
1043
1043
1043
1043
1043
1043
1043
1043
1043
1042
1042
1042
1042
1042
1042
1042
1042
1042
1042
1042
1042
1042
1042
1042
1042
1042
1042
1042
1042
1042
1042
1042
1042
1042
1042
1042
1042
1041
1041
1041
1041
1041
1041
1041
1041
1041
1041
1041
1041
1041
1041
1041
1041
1041
1041
1041
1041
1041
1041
1041
1041
1041
1041
1041
1040
1040
1040
1040
1040
1040
1040
1040
1040
1040
1040
1040
1040
1040
1040
1040
1040
1040
1040
1040
1040
1040
1040
1040
1040
1040
1039
1039
1039
1039
1039
1039
1039
1039
1039
1039
1039
1039
1039
1039
1039
1039
1039
1039
1038
1038
1038
1038
1038
1038
1038
1038
1038
1038
1038
1038
1038
1038
1037
1037
1037
1037
1037
1037
1037
1037
1037
1037
1037
1037
1037
1037
1037
1037
1036
1036
1036
1036
1036
1036
1036
1036
1036
1036
1036
1036
1036
1036
1036
1036
1036
1036
1036
1035
1035
1035
1035
1035
1035
1035
1035
1035
1035
1035
1035
1035
1035
1035
1035
1035
1035
1035
1035
1035
1035
1035
1035
1034
1034
1034
1034
1034
1034
1034
1034
1034
1034
1034
1034
1034
1034
1034
1033
1033
1033
1033
1033
1033
1033
1033
1033
1033
1033
1033
1033
1033
1033
1033
1033
1033
1033
1033
1033
1033
1033
1033
1033
1033
1033
1033
1033
1032
1032
1032
1032
1032
1032
1032
1032
1032
1032
1032
1032
1032
1032
1032
1032
1032
1032
1032
1032
1032
1032
1032
1032
1032
1032
1032
1032
1032
1032
1032
1032
1032
1032
1032
1031
1031
1031
1031
1031
1031
1031
1031
1031
1031
1031
1031
1031
1031
1031
1031
1031
1031
1031
1031
1031
1031
1031
1031
1031
1031
1031
1031
1030
1030
1030
1030
1030
1030
1030
1030
1030
1030
1030
1030
1030
1030
1030
1030
1030
1030
1030
1030
1030
1030
1030
1030
1029
1029
1029
1029
1029
1029
1029
1029
1029
1029
1029
1029
1029
1029
1029
1029
1029
1029
1029
1029
1029
1029
1029
1029
1028
1028
1028
1028
1028
1028
1028
1028
1028
1028
1028
1028
1028
1028
1028
1028
1028
1028
1028
1028
1028
1028
1028
1028
1028
1028
1027
1027
1027
1027
1027
1027
1027
1027
1027
1027
1027
1027
1027
1027
1027
1027
1027
1027
1027
1027
1027
1027
1027
1027
1027
1027
1027
1027
1027
1027
1027
1026
1026
1026
1026
1026
1026
1026
1026
1026
1026
1026
1026
1026
1026
1026
1026
1026
1026
1026
1026
1026
1026
1026
1026
1026
1026
1026
1026
1026
1026
1026
1026
1025
1025
1025
1025
1025
1025
1025
1025
1025
1025
1025
1025
1025
1025
1025
1025
1025
1025
1025
1025
1025
1025
1025
1025
1024
1024
1024
1024
1024
1024
1024
1024
1024
1024
1024
1024
1024
1024
1024
1024
1024
1024
1024
1023
1023
1023
1023
1023
1023
1023
1023
1023
1023
1023
1023
1023
1023
1023
1023
1023
1023
1023
1023
1023
1023
1022
1022
1022
1022
1022
1022
1022
1022
1022
1022
1022
1022
1022
1022
1022
1022
1022
1022
1022
1022
1022
1022
1022
1022
1022
1022
1022
1022
1022
1022
1022
1022
1021
1021
1021
1021
1021
1021
1021
1021
1021
1021
1021
1021
1021
1021
1021
1021
1021
1021
1021
1021
1021
1021
1021
1021
1021
1021
1021
1020
1020
1020
1020
1020
1020
1020
1020
1020
1020
1020
1020
1020
1020
1020
1020
1020
1020
1020
1020
1020
1020
1020
1020
1020
1020
1020
1019
1019
1019
1019
1019
1019
1019
1019
1019
1019
1019
1019
1019
1019
1019
1019
1019
1019
1019
1019
1019
1019
1018
1018
1018
1018
1018
1018
1018
1018
1018
1018
1018
1018
1018
1018
1018
1018
1018
1018
1018
1018
1018
1018
1018
1018
1018
1018
1018
1018
1018
1018
1017
1017
1017
1017
1017
1017
1017
1017
1017
1017
1017
1017
1017
1017
1017
1017
1017
1017
1017
1017
1017
1017
1017
1017
1017
1017
1016
1016
1016
1016
1016
1016
1016
1016
1016
1016
1016
1016
1016
1016
1016
1016
1016
1016
1016
1016
1016
1016
1016
1016
1016
1016
1016
1016
1016
1016
1015
1015
1015
1015
1015
1015
1015
1015
1015
1015
1015
1015
1015
1015
1015
1015
1015
1015
1015
1015
1015
1015
1015
1015
1015
1015
1015
1015
1015
1015
1015
1015
1015
1015
1014
1014
1014
1014
1014
1014
1014
1014
1014
1014
1014
1014
1014
1014
1014
1014
1014
1014
1014
1014
1014
1014
1014
1014
1014
1014
1014
1014
1014
1014
1014
1014
1014
1014
1013
1013
1013
1013
1013
1013
1013
1013
1013
1013
1013
1013
1013
1013
1013
1013
1013
1013
1013
1013
1013
1013
1013
1012
1012
1012
1012
1012
1012
1012
1012
1012
1012
1012
1012
1012
1012
1012
1012
1012
1012
1012
1012
1012
1012
1012
1011
1011
1011
1011
1011
1011
1011
1011
1011
1011
1011
1011
1011
1011
1011
1011
1011
1011
1011
1011
1011
1011
1011
1011
1011
1011
1011
1011
1011
1011
1011
1010
1010
1010
1010
1010
1010
1010
1010
1010
1010
1010
1010
1010
1010
1010
1010
1010
1010
1010
1010
1010
1010
1010
1010
1010
1010
1010
1010
1010
1010
1010
1010
1009
1009
1009
1009
1009
1009
1009
1009
1009
1009
1009
1009
1009
1009
1009
1009
1009
1009
1009
1009
1009
1009
1009
1009
1009
1009
1009
1009
1009
1009
1009
1009
1008
1008
1008
1008
1008
1008
1008
1008
1008
1008
1008
1008
1008
1008
1008
1008
1008
1008
1008
1008
1008
1008
1008
1008
1008
1008
1008
1008
1008
1008
1008
1008
1008
1007
1007
1007
1007
1007
1007
1007
1007
1007
1007
1007
1007
1007
1007
1007
1007
1007
1007
1007
1007
1007
1007
1007
1007
1007
1007
1007
1007
1007
1007
1006
1006
1006
1006
1006
1006
1006
1006
1006
1006
1006
1006
1006
1006
1006
1006
1006
1006
1006
1006
1006
1006
1006
1006
1006
1006
1006
1005
1005
1005
1005
1005
1005
1005
1005
1005
1005
1005
1005
1005
1005
1005
1005
1005
1005
1005
1005
1005
1005
1005
1005
1005
1005
1005
1005
1005
1005
1004
1004
1004
1004
1004
1004
1004
1004
1004
1004
1004
1004
1004
1004
1004
1004
1004
1004
1004
1004
1004
1004
1004
1004
1004
1004
1004
1004
1003
1003
1003
1003
1003
1003
1003
1003
1003
1003
1003
1003
1003
1003
1003
1003
1003
1003
1003
1003
1003
1003
1003
1003
1003
1003
1003
1003
1003
1003
1003
1003
1003
1003
1003
1003
1003
1002
1002
1002
1002
1002
1002
1002
1002
1002
1002
1002
1002
1002
1002
1002
1002
1002
1002
1002
1002
1002
1002
1002
1002
1002
1002
1002
1002
1002
1001
1001
1001
1001
1001
1001
1001
1001
1001
1001
1001
1001
1001
1001
1001
1001
1001
1001
1001
1001
1001
1000
1000
1000
1000
1000
1000
1000
1000
1000
1000
1000
1000
1000
1000
1000
1000
1000
1000
1000
1000
1000
1000
1000
999
999
999
999
999
999
999
999
999
999
999
999
999
999
999
999
999
999
999
999
999
999
999
999
999
999
999
999
999
999
999
999
999
999
998
998
998
998
998
998
998
998
998
998
998
998
998
998
998
998
997
997
997
997
997
997
997
997
997
997
997
997
997
997
997
997
996
996
996
996
996
996
996
996
996
996
996
996
996
996
996
996
996
996
996
996
996
996
996
996
996
996
996
996
996
996
996
996
996
996
996
996
996
996
995
995
995
995
995
995
995
995
995
995
995
995
995
995
995
995
995
995
995
995
995
995
995
995
995
995
995
994
994
994
994
994
994
994
994
994
994
994
994
994
994
994
994
994
994
994
994
994
994
994
994
994
994
994
994
994
994
994
994
994
994
994
994
994
994
993
993
993
993
993
993
993
993
993
993
993
993
993
993
993
993
993
993
993
993
993
993
993
993
993
993
993
992
992
992
992
992
992
992
992
992
992
992
992
992
992
992
992
992
992
992
992
992
992
992
992
992
992
992
992
991
991
991
991
991
991
991
991
991
991
991
991
991
991
991
991
991
991
991
991
991
990
990
990
990
990
990
990
990
990
990
990
990
990
990
990
990
990
990
990
990
990
990
990
990
990
990
989
989
989
989
989
989
989
989
989
989
989
989
989
989
989
989
989
989
989
989
989
989
989
989
989
989
989
989
989
989
989
989
989
989
989
988
988
988
988
988
988
988
988
988
988
988
988
988
988
988
988
988
988
988
988
988
988
988
988
988
988
988
988
988
988
988
988
988
987
987
987
987
987
987
987
987
987
987
987
987
987
987
987
987
987
987
987
987
987
987
987
987
987
987
987
987
987
987
987
987
987
986
986
986
986
986
986
986
986
986
986
986
986
986
986
986
986
986
986
986
986
986
986
986
986
986
986
986
986
986
986
986
985
985
985
985
985
985
985
985
985
985
985
985
985
985
985
985
985
985
985
985
985
985
985
985
985
984
984
984
984
984
984
984
984
984
984
984
984
984
984
984
984
984
984
984
984
984
984
984
984
984
984
984
984
984
984
984
984
983
983
983
983
983
983
983
983
983
983
983
983
983
983
983
983
983
983
983
983
983
983
983
983
983
983
983
983
983
982
982
982
982
982
982
982
982
982
982
982
982
982
982
982
982
982
982
982
982
982
982
982
982
982
982
982
981
981
981
981
981
981
981
981
981
981
981
981
981
981
981
981
981
981
981
981
981
981
981
981
981
981
981
981
981
981
981
981
980
980
980
980
980
980
980
980
980
980
980
980
980
980
980
980
980
980
980
980
980
980
980
980
980
980
980
980
980
980
979
979
979
979
979
979
979
979
979
979
979
979
979
979
979
978
978
978
978
978
978
978
978
978
978
978
978
978
978
978
978
978
978
978
978
978
978
978
978
978
977
977
977
977
977
977
977
977
977
977
977
977
977
977
977
977
977
977
977
977
977
977
977
977
977
977
977
977
977
977
977
977
977
977
976
976
976
976
976
976
976
976
976
976
976
976
976
976
976
976
976
976
976
976
976
976
976
975
975
975
975
975
975
975
975
975
975
975
975
975
975
975
975
975
975
975
975
975
975
975
975
975
975
975
975
975
975
974
974
974
974
974
974
974
974
974
974
974
974
974
974
974
974
974
974
974
974
974
974
974
974
974
973
973
973
973
973
973
973
973
973
973
973
973
973
973
973
973
973
973
973
972
972
972
972
972
972
972
972
972
972
972
972
972
972
972
972
972
972
972
972
972
972
972
972
972
972
972
972
972
972
971
971
971
971
971
971
971
971
971
971
971
971
971
971
971
971
971
971
971
971
971
971
971
971
971
971
971
971
971
971
971
971
970
970
970
970
970
970
970
970
970
970
970
970
970
970
970
970
970
970
970
970
970
970
970
970
970
970
970
970
970
970
970
970
969
969
969
969
969
969
969
969
969
969
969
969
969
969
969
969
969
969
969
969
969
969
969
969
969
969
969
969
969
969
969
969
969
969
969
968
968
968
968
968
968
968
968
968
968
968
968
968
968
968
968
968
968
968
968
968
968
968
968
968
968
968
968
968
968
968
968
968
968
968
968
968
968
968
967
967
967
967
967
967
967
967
967
967
967
967
967
967
967
967
967
967
967
967
967
967
967
967
967
967
967
967
967
967
967
967
967
967
967
967
966
966
966
966
966
966
966
966
966
966
966
966
966
966
966
966
966
966
966
966
966
966
966
966
966
966
966
966
966
966
966
966
965
965
965
965
965
965
965
965
965
965
965
965
965
965
965
965
965
965
965
965
965
965
965
965
965
965
965
965
965
964
964
964
964
964
964
964
964
964
964
964
964
964
964
964
964
964
964
964
964
964
964
964
964
964
964
964
964
964
964
964
964
964
964
963
963
963
963
963
963
963
963
963
963
963
963
963
963
963
963
963
963
963
963
963
963
963
963
963
963
963
963
963
963
963
963
963
963
963
963
963
963
963
963
963
963
963
963
962
962
962
962
962
962
962
962
962
962
962
962
962
962
962
962
962
962
962
962
962
962
962
962
962
962
962
962
962
962
962
962
962
962
962
962
962
962
962
962
962
961
961
961
961
961
961
961
961
961
961
961
961
961
961
961
961
961
961
961
961
961
961
961
961
961
961
961
961
961
961
961
961
960
960
960
960
960
960
960
960
960
960
960
960
960
960
960
960
960
960
960
960
960
960
960
960
960
960
960
960
960
960
960
959
959
959
959
959
959
959
959
959
959
959
959
959
959
959
959
959
959
959
959
959
959
959
959
959
959
959
959
959
959
959
959
959
959
959
959
959
959
959
959
959
959
959
958
958
958
958
958
958
958
958
958
958
958
958
958
958
958
958
958
958
958
958
958
958
958
958
958
958
958
957
957
957
957
957
957
957
957
957
957
957
957
957
957
957
957
957
957
957
957
957
957
957
957
957
957
957
957
957
957
957
957
957
957
956
956
956
956
956
956
956
956
956
956
956
956
956
956
956
956
956
956
956
956
956
956
956
956
956
956
956
956
956
956
956
955
955
955
955
955
955
955
955
955
955
955
955
955
955
955
955
955
955
955
955
955
955
955
955
955
954
954
954
954
954
954
954
954
954
954
954
954
954
954
954
954
954
954
954
954
954
954
954
954
954
953
953
953
953
953
953
953
953
953
953
953
953
953
953
953
953
953
953
953
953
953
953
953
953
953
953
953
953
953
953
953
952
952
952
952
952
952
952
952
952
952
952
952
952
952
952
952
952
952
952
952
952
952
952
952
952
952
952
952
952
952
952
952
952
951
951
951
951
951
951
951
951
951
951
951
951
951
951
951
951
951
951
951
951
951
951
951
951
951
951
951
951
951
951
951
951
951
950
950
950
950
950
950
950
950
950
950
950
950
950
950
950
950
950
950
950
950
950
950
950
950
950
950
950
950
950
950
950
950
950
950
950
949
949
949
949
949
949
949
949
949
949
949
949
949
949
949
949
949
949
949
949
949
949
949
949
949
949
948
948
948
948
948
948
948
948
948
948
948
948
948
948
948
948
948
948
948
948
948
948
948
948
948
948
948
948
948
947
947
947
947
947
947
947
947
947
947
947
947
947
947
947
947
947
947
947
947
947
947
946
946
946
946
946
946
946
946
946
946
946
946
946
946
946
946
946
946
946
946
946
946
946
946
946
946
946
946
945
945
945
945
945
945
945
945
945
945
945
945
945
945
945
945
945
945
945
945
945
945
945
944
944
944
944
944
944
944
944
944
944
944
944
944
944
944
944
944
944
944
944
944
944
944
944
944
944
944
944
944
944
944
944
944
944
943
943
943
943
943
943
943
943
943
943
943
943
943
943
943
943
943
943
943
943
943
943
943
943
943
943
943
943
943
942
942
942
942
942
942
942
942
942
942
942
942
942
942
942
942
942
942
942
942
942
942
942
942
942
942
942
942
942
942
942
942
941
941
941
941
941
941
941
941
941
941
941
941
941
941
941
941
941
941
941
941
941
941
941
941
941
941
941
940
940
940
940
940
940
940
940
940
940
940
940
940
940
940
940
940
940
940
940
940
940
940
940
940
940
940
939
939
939
939
939
939
939
939
939
939
939
939
939
939
939
939
939
939
939
939
939
939
939
939
939
939
939
939
939
939
939
939
938
938
938
938
938
938
938
938
938
938
938
938
938
938
938
938
938
938
938
938
938
938
938
938
938
938
938
938
938
938
938
938
938
938
938
938
938
937
937
937
937
937
937
937
937
937
937
937
937
937
937
937
937
937
937
937
937
937
937
937
937
937
937
937
937
937
937
937
937
936
936
936
936
936
936
936
936
936
936
936
936
936
936
936
936
936
936
936
936
936
936
936
936
936
936
936
936
936
936
936
935
935
935
935
935
935
935
935
935
935
935
935
935
935
935
935
935
935
935
935
935
935
935
935
935
935
935
935
934
934
934
934
934
934
934
934
934
934
934
934
934
934
934
934
934
934
934
934
934
934
934
934
934
934
934
934
934
934
934
933
933
933
933
933
933
933
933
933
933
933
933
933
933
933
933
933
933
933
933
933
933
933
933
933
933
933
933
933
933
933
933
933
932
932
932
932
932
932
932
932
932
932
932
932
932
932
932
932
932
932
932
932
932
932
932
932
932
932
932
932
932
932
932
932
932
932
931
931
931
931
931
931
931
931
931
931
931
931
931
931
931
931
931
931
931
931
931
931
931
931
931
931
931
930
930
930
930
930
930
930
930
930
930
930
930
930
930
930
930
930
930
930
930
930
930
930
930
930
930
930
930
930
930
930
930
930
930
930
930
930
930
930
930
929
929
929
929
929
929
929
929
929
929
929
929
929
929
929
929
929
929
929
929
929
929
929
929
929
929
929
929
929
929
929
929
929
928
928
928
928
928
928
928
928
928
928
928
928
928
928
928
928
928
928
928
928
928
928
928
928
928
928
928
928
928
928
928
928
928
928
928
928
928
928
928
928
928
927
927
927
927
927
927
927
927
927
927
927
927
927
927
927
927
927
927
927
927
927
927
927
927
927
927
927
927
927
927
927
927
927
927
927
926
926
926
926
926
926
926
926
926
926
926
926
926
926
926
926
926
926
926
926
926
926
926
926
926
926
926
926
926
926
926
926
925
925
925
925
925
925
925
925
925
925
925
925
925
925
925
925
925
925
925
925
925
925
925
925
925
925
925
925
925
925
925
925
925
925
924
924
924
924
924
924
924
924
924
924
924
924
924
924
924
924
924
924
924
924
924
924
924
924
924
924
924
924
924
924
924
924
923
923
923
923
923
923
923
923
923
923
923
923
923
923
923
923
923
923
923
923
923
923
923
923
923
923
923
923
923
923
923
923
923
923
923
923
923
923
923
923
922
922
922
922
922
922
922
922
922
922
922
922
922
922
922
922
922
922
922
922
922
922
922
922
922
922
922
922
922
922
922
922
922
922
922
922
922
922
921
921
921
921
921
921
921
921
921
921
921
921
921
921
921
921
921
921
921
921
921
921
921
921
921
921
921
921
921
921
921
921
921
921
921
921
921
920
920
920
920
920
920
920
920
920
920
920
920
920
920
920
920
920
920
920
920
920
920
920
920
920
920
919
919
919
919
919
919
919
919
919
919
919
919
919
919
919
919
919
919
919
919
919
919
919
919
919
919
919
919
919
919
919
919
919
919
919
919
919
918
918
918
918
918
918
918
918
918
918
918
918
918
918
918
918
918
918
918
918
918
918
918
918
918
918
918
918
918
918
918
918
918
918
917
917
917
917
917
917
917
917
917
917
917
917
917
917
917
917
917
917
917
917
917
917
917
917
917
917
917
917
917
917
917
917
917
916
916
916
916
916
916
916
916
916
916
916
916
916
916
916
916
916
916
916
916
916
916
916
916
916
916
916
915
915
915
915
915
915
915
915
915
915
915
915
915
915
915
915
915
915
915
915
915
915
915
915
915
915
915
915
915
914
914
914
914
914
914
914
914
914
914
914
914
914
914
914
914
914
914
914
914
914
914
914
914
914
914
914
914
914
914
914
914
914
914
914
913
913
913
913
913
913
913
913
913
913
913
913
913
913
913
913
913
913
913
913
913
913
913
913
913
913
913
913
913
913
913
913
913
913
912
912
912
912
912
912
912
912
912
912
912
912
912
912
912
912
912
912
912
912
912
912
912
912
912
912
912
911
911
911
911
911
911
911
911
911
911
911
911
911
911
911
911
911
911
911
911
911
911
911
911
911
911
911
911
911
911
911
911
911
911
910
910
910
910
910
910
910
910
910
910
910
910
910
910
910
910
910
910
910
910
910
910
910
910
910
910
910
910
910
910
910
910
909
909
909
909
909
909
909
909
909
909
909
909
909
909
909
909
909
909
909
909
909
909
909
909
909
909
909
909
908
908
908
908
908
908
908
908
908
908
908
908
908
908
908
908
908
908
908
908
908
908
908
908
908
908
908
908
908
908
908
908
908
908
908
908
908
908
908
908
908
908
907
907
907
907
907
907
907
907
907
907
907
907
907
907
907
907
907
907
907
907
907
907
907
907
907
907
907
907
907
907
907
907
907
907
907
907
906
906
906
906
906
906
906
906
906
906
906
906
906
906
906
906
906
906
906
906
906
906
906
906
906
906
906
906
906
906
906
906
906
906
906
906
906
906
906
906
906
905
905
905
905
905
905
905
905
905
905
905
905
905
905
905
905
905
905
905
905
905
905
905
905
905
905
905
904
904
904
904
904
904
904
904
904
904
904
904
904
904
904
904
904
904
904
904
904
904
904
904
904
904
904
904
904
904
903
903
903
903
903
903
903
903
903
903
903
903
903
903
903
903
903
903
903
903
903
903
903
903
903
903
903
903
903
903
902
902
902
902
902
902
902
902
902
902
902
902
902
902
902
902
902
902
902
902
902
902
902
902
902
902
902
902
902
902
902
902
902
901
901
901
901
901
901
901
901
901
901
901
901
901
901
901
901
901
901
901
901
901
901
901
901
901
901
901
901
901
901
900
900
900
900
900
900
900
900
900
900
900
900
900
900
900
900
900
900
900
900
900
900
900
900
900
900
900
900
900
900
900
900
900
900
899
899
899
899
899
899
899
899
899
899
899
899
899
899
899
899
899
899
899
899
899
899
899
899
899
899
899
899
899
899
899
899
899
898
898
898
898
898
898
898
898
898
898
898
898
898
898
898
898
898
898
898
898
898
898
898
898
898
898
898
898
898
898
898
898
898
898
898
897
897
897
897
897
897
897
897
897
897
897
897
897
897
897
897
897
897
897
897
897
897
897
897
897
897
897
897
897
897
897
897
897
897
897
896
896
896
896
896
896
896
896
896
896
896
896
896
896
896
896
896
896
896
896
896
896
896
896
896
896
896
896
896
896
896
896
896
896
896
896
896
896
895
895
895
895
895
895
895
895
895
895
895
895
895
895
895
895
895
895
895
895
895
895
895
895
895
895
895
895
895
895
895
895
895
895
895
895
894
894
894
894
894
894
894
894
894
894
894
894
894
894
894
894
894
894
894
894
894
894
894
894
894
893
893
893
893
893
893
893
893
893
893
893
893
893
893
893
893
893
893
893
893
893
892
892
892
892
892
892
892
892
892
892
892
892
892
892
892
892
892
892
892
892
892
892
892
892
892
892
892
892
891
891
891
891
891
891
891
891
891
891
891
891
891
891
891
891
891
891
891
891
891
891
891
891
891
891
891
891
891
891
891
891
891
891
891
891
891
890
890
890
890
890
890
890
890
890
890
890
890
890
890
890
890
890
890
890
890
890
890
890
890
890
890
890
890
890
890
890
890
890
890
890
890
890
890
890
890
890
889
889
889
889
889
889
889
889
889
889
889
889
889
889
889
889
889
889
889
889
889
889
889
889
889
889
889
889
889
889
889
889
889
889
889
889
889
889
889
888
888
888
888
888
888
888
888
888
888
888
888
888
888
888
888
888
888
888
888
888
888
888
888
888
888
888
888
888
888
888
888
888
888
888
888
888
887
887
887
887
887
887
887
887
887
887
887
887
887
887
887
887
887
887
887
887
887
887
887
887
887
887
887
887
887
887
887
887
887
887
887
887
887
887
887
887
886
886
886
886
886
886
886
886
886
886
886
886
886
886
886
886
886
886
886
886
886
886
886
886
886
886
886
886
886
886
886
886
885
885
885
885
885
885
885
885
885
885
885
885
885
885
885
885
885
885
885
885
885
885
885
885
885
885
885
885
885
885
885
884
884
884
884
884
884
884
884
884
884
884
884
884
884
884
884
884
884
884
884
884
884
884
884
884
884
884
884
884
884
884
883
883
883
883
883
883
883
883
883
883
883
883
883
883
883
883
883
883
883
883
883
883
883
883
883
883
883
883
883
883
883
883
883
883
883
882
882
882
882
882
882
882
882
882
882
882
882
882
882
882
882
882
882
882
882
882
882
882
882
882
882
882
882
882
882
882
882
882
882
882
882
882
882
882
881
881
881
881
881
881
881
881
881
881
881
881
881
881
881
881
881
881
881
881
881
881
881
881
881
881
881
881
881
881
881
881
881
881
881
881
880
880
880
880
880
880
880
880
880
880
880
880
880
880
880
880
880
880
880
880
880
880
880
880
880
880
880
880
880
880
880
880
880
880
880
880
880
880
880
879
879
879
879
879
879
879
879
879
879
879
879
879
879
879
879
879
879
879
879
879
879
879
879
879
879
879
879
879
879
879
879
879
879
879
879
879
879
879
879
879
879
879
879
879
879
879
878
878
878
878
878
878
878
878
878
878
878
878
878
878
878
878
878
878
878
878
878
878
878
878
878
878
878
878
878
878
878
877
877
877
877
877
877
877
877
877
877
877
877
877
877
877
877
877
877
877
877
877
877
877
877
877
877
877
877
877
877
877
877
877
877
877
876
876
876
876
876
876
876
876
876
876
876
876
876
876
876
876
876
876
876
876
876
876
876
876
876
876
876
876
876
876
876
876
876
875
875
875
875
875
875
875
875
875
875
875
875
875
875
875
875
875
875
875
875
875
874
874
874
874
874
874
874
874
874
874
874
874
874
874
874
874
874
874
874
874
874
874
874
874
874
874
874
874
874
874
874
874
874
874
873
873
873
873
873
873
873
873
873
873
873
873
873
873
873
873
873
873
873
873
873
873
873
873
873
873
873
873
873
873
873
873
873
872
872
872
872
872
872
872
872
872
872
872
872
872
872
872
872
872
872
872
872
872
872
872
872
872
872
872
872
872
872
872
872
872
872
872
872
872
872
872
872
872
872
872
872
872
872
871
871
871
871
871
871
871
871
871
871
871
871
871
871
871
871
871
871
871
871
871
871
871
871
871
871
871
871
871
871
871
871
871
871
870
870
870
870
870
870
870
870
870
870
870
870
870
870
870
870
870
870
870
870
870
870
870
870
870
870
870
870
870
870
870
870
870
870
870
870
870
870
870
870
870
870
870
870
870
870
869
869
869
869
869
869
869
869
869
869
869
869
869
869
869
869
869
869
869
869
869
869
869
869
869
869
869
869
869
869
869
869
869
869
869
869
869
869
869
869
869
868
868
868
868
868
868
868
868
868
868
868
868
868
868
868
868
868
868
868
868
868
868
868
868
868
868
868
868
867
867
867
867
867
867
867
867
867
867
867
867
867
867
867
867
867
867
867
867
867
867
867
867
867
867
867
867
867
867
867
867
867
866
866
866
866
866
866
866
866
866
866
866
866
866
866
866
866
866
866
866
866
866
866
866
866
866
866
866
866
866
866
866
866
866
865
865
865
865
865
865
865
865
865
865
865
865
865
865
865
865
865
865
865
865
865
865
865
865
865
865
865
865
865
865
865
865
865
864
864
864
864
864
864
864
864
864
864
864
864
864
864
864
864
864
864
864
864
864
864
864
864
864
864
864
864
864
864
864
864
864
864
863
863
863
863
863
863
863
863
863
863
863
863
863
863
863
863
863
863
863
863
863
863
863
863
863
863
863
863
863
863
863
863
863
863
863
863
863
863
863
863
863
863
863
863
863
863
862
862
862
862
862
862
862
862
862
862
862
862
862
862
862
862
862
862
862
862
862
862
862
862
862
862
862
862
862
862
862
862
862
862
862
862
862
862
862
862
861
861
861
861
861
861
861
861
861
861
861
861
861
861
861
861
861
861
861
861
861
861
861
861
861
861
861
861
861
861
861
861
861
861
860
860
860
860
860
860
860
860
860
860
860
860
860
860
860
860
860
860
860
860
860
860
860
860
860
860
860
860
860
860
860
860
860
860
859
859
859
859
859
859
859
859
859
859
859
859
859
859
859
859
859
859
859
859
859
859
859
859
859
859
859
859
859
858
858
858
858
858
858
858
858
858
858
858
858
858
858
858
858
858
858
858
858
858
858
858
858
858
858
858
858
858
858
858
858
858
858
858
858
858
858
858
858
858
858
858
858
857
857
857
857
857
857
857
857
857
857
857
857
857
857
857
857
857
857
857
857
857
857
857
857
857
857
857
857
857
857
857
857
857
857
857
857
857
857
856
856
856
856
856
856
856
856
856
856
856
856
856
856
856
856
856
856
856
856
856
856
856
856
856
856
856
856
856
856
856
856
856
856
856
855
855
855
855
855
855
855
855
855
855
855
855
855
855
855
855
855
855
855
855
855
855
855
855
855
855
855
855
855
855
855
855
855
855
854
854
854
854
854
854
854
854
854
854
854
854
854
854
854
854
854
854
854
854
854
854
854
854
854
854
854
854
854
854
854
854
854
854
853
853
853
853
853
853
853
853
853
853
853
853
853
853
853
853
853
853
853
853
853
853
853
853
853
853
853
853
853
853
853
853
853
853
853
853
852
852
852
852
852
852
852
852
852
852
852
852
852
852
852
852
852
852
852
852
852
852
852
852
852
852
852
852
851
851
851
851
851
851
851
851
851
851
851
851
851
851
851
851
851
851
851
851
851
851
851
851
851
851
851
851
851
851
851
851
851
851
851
851
851
851
851
851
850
850
850
850
850
850
850
850
850
850
850
850
850
850
850
850
850
850
850
850
850
850
850
850
850
850
850
850
850
850
850
850
850
850
850
850
850
850
850
850
850
850
850
850
850
850
850
850
850
850
850
849
849
849
849
849
849
849
849
849
849
849
849
849
849
849
849
849
849
849
849
849
849
849
849
849
849
849
849
849
848
848
848
848
848
848
848
848
848
848
848
848
848
848
848
848
848
848
848
848
848
848
848
848
848
848
848
848
848
848
848
848
848
848
847
847
847
847
847
847
847
847
847
847
847
847
847
847
847
847
847
847
847
847
847
847
847
847
847
847
847
847
847
847
847
847
847
847
847
847
847
847
847
847
846
846
846
846
846
846
846
846
846
846
846
846
846
846
846
846
846
846
846
846
846
846
846
846
846
846
846
846
846
846
846
846
846
846
846
846
846
845
845
845
845
845
845
845
845
845
845
845
845
845
845
845
845
845
845
845
845
845
845
845
845
845
845
844
844
844
844
844
844
844
844
844
844
844
844
844
844
844
844
844
844
844
844
844
844
844
844
844
844
843
843
843
843
843
843
843
843
843
843
843
843
843
843
843
843
843
843
843
843
843
843
843
843
843
843
843
843
843
843
843
843
843
843
843
843
843
843
843
843
843
843
843
843
842
842
842
842
842
842
842
842
842
842
842
842
842
842
842
842
842
842
842
842
842
842
842
842
842
842
842
842
842
842
842
842
842
842
842
842
841
841
841
841
841
841
841
841
841
841
841
841
841
841
841
841
841
841
841
841
841
841
841
841
841
841
841
841
841
841
841
840
840
840
840
840
840
840
840
840
840
840
840
840
840
840
840
840
840
840
840
840
840
840
840
840
840
840
840
840
840
840
840
840
840
839
839
839
839
839
839
839
839
839
839
839
839
839
839
839
839
839
839
839
839
839
839
839
839
839
839
839
839
839
839
838
838
838
838
838
838
838
838
838
838
838
838
838
838
838
838
838
838
838
838
838
838
838
838
838
838
838
838
838
838
838
838
838
838
837
837
837
837
837
837
837
837
837
837
837
837
837
837
837
837
837
837
837
837
837
837
837
837
837
837
837
837
837
837
837
837
837
837
837
837
837
837
836
836
836
836
836
836
836
836
836
836
836
836
836
836
836
836
836
836
836
836
836
836
836
836
836
836
836
836
836
836
836
836
836
836
836
835
835
835
835
835
835
835
835
835
835
835
835
835
835
835
835
835
835
835
835
835
835
835
835
835
835
835
835
835
835
835
835
835
835
835
835
834
834
834
834
834
834
834
834
834
834
834
834
834
834
834
834
834
834
834
834
834
834
834
834
834
834
834
834
834
834
833
833
833
833
833
833
833
833
833
833
833
833
833
833
833
833
833
833
833
833
833
833
833
833
833
833
833
833
833
833
833
833
832
832
832
832
832
832
832
832
832
832
832
832
832
832
832
832
832
832
832
832
832
832
832
832
832
832
832
832
832
831
831
831
831
831
831
831
831
831
831
831
831
831
831
831
831
831
831
831
831
831
831
831
831
831
831
831
831
831
831
831
831
831
831
831
831
831
831
831
831
831
831
830
830
830
830
830
830
830
830
830
830
830
830
830
830
830
830
830
830
830
830
830
830
830
830
830
830
830
830
830
830
830
830
830
830
830
830
830
830
830
830
830
830
830
830
829
829
829
829
829
829
829
829
829
829
829
829
829
829
829
829
829
829
829
829
829
829
829
829
829
829
829
829
828
828
828
828
828
828
828
828
828
828
828
828
828
828
828
828
828
828
828
828
828
828
828
828
828
828
828
828
828
828
828
828
828
828
828
828
828
828
827
827
827
827
827
827
827
827
827
827
827
827
827
827
827
827
827
827
827
827
827
827
827
827
827
827
827
827
827
827
827
827
827
827
827
827
826
826
826
826
826
826
826
826
826
826
826
826
826
826
826
826
826
826
826
826
826
826
826
826
826
826
826
826
826
826
826
826
826
826
826
826
826
826
825
825
825
825
825
825
825
825
825
825
825
825
825
825
825
825
825
825
825
825
825
825
825
825
825
825
825
825
825
825
825
825
824
824
824
824
824
824
824
824
824
824
824
824
824
824
824
824
824
824
824
824
824
824
824
824
824
824
824
823
823
823
823
823
823
823
823
823
823
823
823
823
823
823
823
823
823
823
823
823
823
823
823
823
823
823
823
823
823
823
823
823
823
823
823
823
823
823
823
823
822
822
822
822
822
822
822
822
822
822
822
822
822
822
822
822
822
822
822
822
822
822
822
822
822
822
822
822
822
822
822
822
822
822
821
821
821
821
821
821
821
821
821
821
821
821
821
821
821
821
821
821
821
821
821
821
821
821
821
821
821
821
821
821
821
821
821
821
821
821
821
821
821
821
821
821
821
821
821
821
821
821
821
821
821
820
820
820
820
820
820
820
820
820
820
820
820
820
820
820
820
820
820
820
820
820
820
820
820
820
820
820
820
820
819
819
819
819
819
819
819
819
819
819
819
819
819
819
819
819
819
819
819
819
819
819
819
819
819
819
819
819
819
819
819
819
819
819
819
819
818
818
818
818
818
818
818
818
818
818
818
818
818
818
818
818
818
818
818
818
818
818
818
818
818
818
818
818
818
818
818
818
818
818
818
817
817
817
817
817
817
817
817
817
817
817
817
817
817
817
817
817
817
817
817
817
817
817
817
817
817
817
817
817
817
817
817
817
817
817
817
817
817
816
816
816
816
816
816
816
816
816
816
816
816
816
816
816
816
816
816
816
816
816
816
816
816
816
816
816
816
816
816
816
816
816
816
815
815
815
815
815
815
815
815
815
815
815
815
815
815
815
815
815
815
815
815
815
815
815
815
815
815
815
815
814
814
814
814
814
814
814
814
814
814
814
814
814
814
814
814
814
814
814
814
814
814
814
814
814
813
813
813
813
813
813
813
813
813
813
813
813
813
813
813
813
813
813
813
813
813
813
813
813
813
813
813
813
813
813
813
813
813
813
812
812
812
812
812
812
812
812
812
812
812
812
812
812
812
812
812
812
812
812
812
812
812
812
812
812
812
812
812
812
812
812
812
812
812
812
812
812
812
812
812
812
811
811
811
811
811
811
811
811
811
811
811
811
811
811
811
811
811
811
811
811
811
811
811
811
811
810
810
810
810
810
810
810
810
810
810
810
810
810
810
810
810
810
810
810
810
810
810
810
810
810
810
810
810
810
810
810
810
810
810
810
810
810
810
809
809
809
809
809
809
809
809
809
809
809
809
809
809
809
809
809
809
809
809
809
809
809
809
809
809
809
809
809
809
809
809
809
809
809
809
809
809
809
809
809
809
809
809
809
809
808
808
808
808
808
808
808
808
808
808
808
808
808
808
808
808
808
808
808
808
808
808
808
808
808
808
808
808
808
808
808
808
808
808
808
808
807
807
807
807
807
807
807
807
807
807
807
807
807
807
807
807
807
807
807
807
807
807
807
807
807
807
807
807
807
807
807
807
807
807
807
807
807
807
807
807
807
806
806
806
806
806
806
806
806
806
806
806
806
806
806
806
806
806
806
806
806
806
806
806
806
806
806
806
806
806
806
806
806
806
806
806
806
806
806
805
805
805
805
805
805
805
805
805
805
805
805
805
805
805
805
805
805
805
805
805
805
805
805
805
805
805
805
805
805
805
805
805
805
805
805
805
805
805
805
805
805
805
805
805
805
805
804
804
804
804
804
804
804
804
804
804
804
804
804
804
804
804
804
804
804
804
804
804
804
804
804
804
804
804
804
804
804
804
804
804
804
804
804
803
803
803
803
803
803
803
803
803
803
803
803
803
803
803
803
803
803
803
803
803
803
803
803
803
803
803
803
803
803
803
803
803
803
803
803
803
803
803
803
803
803
803
802
802
802
802
802
802
802
802
802
802
802
802
802
802
802
802
802
802
802
802
802
802
802
802
802
802
802
802
802
802
802
802
802
802
802
802
802
802
802
802
802
802
802
802
801
801
801
801
801
801
801
801
801
801
801
801
801
801
801
801
801
801
801
801
801
801
801
801
801
801
801
801
801
801
801
801
801
801
801
800
800
800
800
800
800
800
800
800
800
800
800
800
800
800
800
800
800
800
800
800
800
800
800
800
800
800
800
800
800
800
800
800
800
800
800
799
799
799
799
799
799
799
799
799
799
799
799
799
799
799
799
799
799
799
799
799
799
799
799
799
799
799
799
799
799
799
799
799
798
798
798
798
798
798
798
798
798
798
798
798
798
798
798
798
798
798
798
798
798
798
798
798
798
798
798
798
798
798
798
798
798
798
798
798
798
798
798
798
798
797
797
797
797
797
797
797
797
797
797
797
797
797
797
797
797
797
797
797
797
797
797
797
797
797
797
797
796
796
796
796
796
796
796
796
796
796
796
796
796
796
796
796
796
796
796
796
796
796
796
796
796
796
796
796
796
796
796
796
796
796
796
795
795
795
795
795
795
795
795
795
795
795
795
795
795
795
795
795
795
795
795
795
795
795
795
795
795
795
795
795
794
794
794
794
794
794
794
794
794
794
794
794
794
794
794
794
794
794
794
794
794
794
794
794
794
794
794
794
794
794
794
794
794
794
794
793
793
793
793
793
793
793
793
793
793
793
793
793
793
793
793
793
793
793
793
793
793
793
793
793
793
793
793
793
793
793
793
793
792
792
792
792
792
792
792
792
792
792
792
792
792
792
792
792
792
792
792
792
792
792
792
792
792
792
792
792
792
792
792
792
792
792
792
792
792
792
792
792
792
792
792
792
792
792
792
792
792
792
791
791
791
791
791
791
791
791
791
791
791
791
791
791
791
791
791
791
791
791
791
791
791
791
791
791
791
791
791
791
791
791
791
791
791
791
791
791
791
791
790
790
790
790
790
790
790
790
790
790
790
790
790
790
790
790
790
790
790
790
790
790
790
790
790
790
790
790
790
790
790
790
790
789
789
789
789
789
789
789
789
789
789
789
789
789
789
789
789
789
789
789
789
789
789
789
789
789
789
789
789
789
789
789
789
789
789
789
789
789
789
789
789
789
789
789
789
788
788
788
788
788
788
788
788
788
788
788
788
788
788
788
788
788
788
788
788
788
788
788
788
788
788
788
788
788
788
788
788
788
788
788
788
788
788
787
787
787
787
787
787
787
787
787
787
787
787
787
787
787
787
787
787
787
787
787
787
787
787
787
787
787
787
787
787
787
787
787
787
787
787
787
787
787
787
787
786
786
786
786
786
786
786
786
786
786
786
786
786
786
786
786
786
786
786
786
786
786
786
786
786
786
786
786
786
786
786
786
786
786
786
786
786
786
786
786
786
786
786
786
786
786
786
786
786
786
786
786
785
785
785
785
785
785
785
785
785
785
785
785
785
785
785
785
785
785
785
785
785
785
785
785
785
785
785
785
785
785
785
785
784
784
784
784
784
784
784
784
784
784
784
784
784
784
784
784
784
784
784
784
784
784
784
784
784
784
784
784
784
784
784
784
784
784
784
784
784
784
784
784
784
784
784
784
784
784
783
783
783
783
783
783
783
783
783
783
783
783
783
783
783
783
783
783
783
783
783
783
783
783
783
783
783
783
783
783
783
783
783
783
783
783
783
783
783
783
783
783
783
783
783
783
783
783
783
783
783
783
783
782
782
782
782
782
782
782
782
782
782
782
782
782
782
782
782
782
782
782
782
782
782
782
782
782
782
782
782
782
782
782
782
782
782
782
782
782
782
782
782
782
781
781
781
781
781
781
781
781
781
781
781
781
781
781
781
781
781
781
781
781
781
781
781
781
781
780
780
780
780
780
780
780
780
780
780
780
780
780
780
780
780
780
780
780
780
780
780
780
780
780
780
780
780
780
780
780
780
780
780
780
780
780
780
780
780
780
780
780
780
780
780
779
779
779
779
779
779
779
779
779
779
779
779
779
779
779
779
779
779
779
779
779
779
779
779
779
779
779
779
779
779
779
779
779
779
779
779
779
779
779
779
778
778
778
778
778
778
778
778
778
778
778
778
778
778
778
778
778
778
778
778
778
778
778
778
778
778
778
778
778
778
778
777
777
777
777
777
777
777
777
777
777
777
777
777
777
777
777
777
777
777
777
777
777
777
777
777
777
777
777
777
777
777
777
777
777
777
777
777
776
776
776
776
776
776
776
776
776
776
776
776
776
776
776
776
776
776
776
776
776
776
776
776
776
776
776
776
776
776
776
776
776
776
776
776
776
776
776
775
775
775
775
775
775
775
775
775
775
775
775
775
775
775
775
775
775
775
775
775
775
775
775
775
775
775
775
775
775
775
775
775
775
775
775
775
775
775
775
775
775
775
775
775
775
775
775
775
775
774
774
774
774
774
774
774
774
774
774
774
774
774
774
774
774
774
774
774
774
774
774
774
774
774
774
774
774
774
774
774
774
774
774
774
774
774
773
773
773
773
773
773
773
773
773
773
773
773
773
773
773
773
773
773
773
773
773
773
773
773
773
773
773
773
773
773
773
773
773
773
773
773
773
773
773
773
773
773
773
772
772
772
772
772
772
772
772
772
772
772
772
772
772
772
772
772
772
772
772
772
772
772
772
772
772
772
772
772
772
772
772
772
772
772
772
771
771
771
771
771
771
771
771
771
771
771
771
771
771
771
771
771
771
771
771
771
771
771
771
771
771
771
771
771
771
771
771
771
770
770
770
770
770
770
770
770
770
770
770
770
770
770
770
770
770
770
770
770
770
770
770
770
770
770
770
770
770
770
770
770
770
769
769
769
769
769
769
769
769
769
769
769
769
769
769
769
769
769
769
769
769
769
769
769
769
769
769
769
769
769
769
769
769
769
769
769
769
769
769
769
768
768
768
768
768
768
768
768
768
768
768
768
768
768
768
768
768
768
768
768
768
768
768
768
768
768
768
768
768
768
768
768
768
768
767
767
767
767
767
767
767
767
767
767
767
767
767
767
767
767
767
767
767
767
767
767
767
767
767
767
767
767
767
767
767
767
767
767
767
767
767
767
767
767
767
767
767
767
767
766
766
766
766
766
766
766
766
766
766
766
766
766
766
766
766
766
766
766
766
766
766
766
766
766
766
766
766
766
766
766
766
766
766
766
766
766
766
766
766
766
766
766
765
765
765
765
765
765
765
765
765
765
765
765
765
765
765
765
765
765
765
765
765
765
765
765
765
765
765
765
765
765
765
765
765
765
765
765
765
765
765
765
765
765
765
765
765
765
765
765
765
764
764
764
764
764
764
764
764
764
764
764
764
764
764
764
764
764
764
764
764
764
764
764
764
764
764
764
764
764
764
764
764
764
764
764
764
764
764
764
764
764
764
764
764
764
764
764
764
763
763
763
763
763
763
763
763
763
763
763
763
763
763
763
763
763
763
763
763
763
763
763
763
763
763
763
763
763
763
763
763
763
763
763
763
763
763
763
763
763
762
762
762
762
762
762
762
762
762
762
762
762
762
762
762
762
762
762
762
762
762
762
762
762
762
762
762
762
762
762
762
762
762
762
762
762
762
762
762
762
762
762
762
762
762
762
762
762
762
762
761
761
761
761
761
761
761
761
761
761
761
761
761
761
761
761
761
761
761
761
761
761
761
761
761
761
761
761
761
760
760
760
760
760
760
760
760
760
760
760
760
760
760
760
760
760
760
760
760
760
760
760
760
760
760
760
760
760
760
760
760
760
760
760
760
760
760
759
759
759
759
759
759
759
759
759
759
759
759
759
759
759
759
759
759
759
759
759
759
759
759
759
759
759
759
759
759
759
759
759
759
759
759
759
758
758
758
758
758
758
758
758
758
758
758
758
758
758
758
758
758
758
758
758
758
758
758
758
758
758
758
758
758
758
758
758
758
758
758
758
758
758
758
758
757
757
757
757
757
757
757
757
757
757
757
757
757
757
757
757
757
757
757
757
757
757
757
757
757
757
757
757
757
757
757
757
757
757
757
757
757
757
757
757
757
757
757
757
756
756
756
756
756
756
756
756
756
756
756
756
756
756
756
756
756
756
756
756
756
756
756
756
756
756
756
756
756
756
756
756
756
756
756
756
756
756
756
756
756
756
756
756
756
755
755
755
755
755
755
755
755
755
755
755
755
755
755
755
755
755
755
755
755
755
755
755
755
755
755
755
755
755
755
755
755
755
755
755
755
755
755
755
755
755
755
755
755
755
755
755
755
755
755
755
755
755
755
755
755
754
754
754
754
754
754
754
754
754
754
754
754
754
754
754
754
754
754
754
754
754
754
754
754
754
754
754
754
754
754
754
754
754
753
753
753
753
753
753
753
753
753
753
753
753
753
753
753
753
753
753
753
753
753
753
753
753
753
753
753
753
753
753
753
753
753
753
753
753
753
753
753
753
753
753
753
753
753
753
753
753
753
753
752
752
752
752
752
752
752
752
752
752
752
752
752
752
752
752
752
752
752
752
752
752
752
752
752
752
752
752
752
752
752
752
752
752
752
752
752
752
752
752
752
752
752
752
752
752
752
752
751
751
751
751
751
751
751
751
751
751
751
751
751
751
751
751
751
751
751
751
751
751
751
751
751
751
751
751
751
751
751
751
751
751
751
751
751
751
751
751
751
751
751
750
750
750
750
750
750
750
750
750
750
750
750
750
750
750
750
750
750
750
750
750
750
750
750
750
750
750
750
750
750
750
750
750
750
750
750
750
750
750
750
749
749
749
749
749
749
749
749
749
749
749
749
749
749
749
749
749
749
749
749
749
749
749
749
749
749
749
749
749
749
749
749
749
749
749
749
749
749
749
749
748
748
748
748
748
748
748
748
748
748
748
748
748
748
748
748
748
748
748
748
748
748
748
748
748
748
748
748
748
748
748
748
748
748
748
748
748
748
748
748
748
748
748
748
748
748
748
748
748
748
748
748
747
747
747
747
747
747
747
747
747
747
747
747
747
747
747
747
747
747
747
747
747
747
747
747
747
747
747
747
747
747
747
747
747
747
747
747
747
747
747
747
747
746
746
746
746
746
746
746
746
746
746
746
746
746
746
746
746
746
746
746
746
746
746
746
746
746
746
746
746
746
746
746
746
746
746
745
745
745
745
745
745
745
745
745
745
745
745
745
745
745
745
745
745
745
745
745
745
745
745
745
745
745
745
745
745
745
745
745
745
745
745
745
745
745
745
745
744
744
744
744
744
744
744
744
744
744
744
744
744
744
744
744
744
744
744
744
744
744
744
744
744
744
744
744
744
744
744
744
744
744
744
744
744
744
744
743
743
743
743
743
743
743
743
743
743
743
743
743
743
743
743
743
743
743
743
743
743
743
743
743
743
743
743
743
743
743
743
743
743
743
743
743
743
743
743
743
743
743
743
743
743
742
742
742
742
742
742
742
742
742
742
742
742
742
742
742
742
742
742
742
742
742
742
742
742
742
742
742
742
742
742
742
742
742
742
742
742
742
742
742
742
742
742
741
741
741
741
741
741
741
741
741
741
741
741
741
741
741
741
741
741
741
741
741
741
741
741
741
741
741
741
741
741
741
741
741
741
741
741
741
741
741
741
741
741
741
741
741
740
740
740
740
740
740
740
740
740
740
740
740
740
740
740
740
740
740
740
740
740
740
740
740
740
740
740
740
740
740
740
740
740
740
740
740
740
740
740
740
740
739
739
739
739
739
739
739
739
739
739
739
739
739
739
739
739
739
739
739
739
739
739
739
739
739
739
739
739
739
739
739
739
739
739
739
739
739
739
739
738
738
738
738
738
738
738
738
738
738
738
738
738
738
738
738
738
738
738
738
738
738
738
738
738
738
738
738
738
738
738
738
738
738
738
738
738
738
738
738
738
738
738
738
738
738
737
737
737
737
737
737
737
737
737
737
737
737
737
737
737
737
737
737
737
737
737
737
737
737
737
737
737
737
737
737
737
737
737
737
737
737
737
737
737
737
737
736
736
736
736
736
736
736
736
736
736
736
736
736
736
736
736
736
736
736
736
736
736
736
736
736
736
736
736
736
736
736
736
736
736
736
736
736
736
736
736
736
736
736
736
735
735
735
735
735
735
735
735
735
735
735
735
735
735
735
735
735
735
735
735
735
735
735
735
735
735
735
735
735
735
735
735
735
735
735
735
735
735
735
735
735
735
735
735
734
734
734
734
734
734
734
734
734
734
734
734
734
734
734
734
734
734
734
734
734
734
734
734
734
734
734
734
734
734
734
734
734
734
734
734
733
733
733
733
733
733
733
733
733
733
733
733
733
733
733
733
733
733
733
733
733
733
733
733
733
733
733
733
733
733
733
733
733
733
733
733
733
733
733
733
733
733
733
733
733
733
733
733
733
732
732
732
732
732
732
732
732
732
732
732
732
732
732
732
732
732
732
732
732
732
732
732
732
732
732
732
732
732
732
732
732
732
732
732
732
731
731
731
731
731
731
731
731
731
731
731
731
731
731
731
731
731
731
731
731
731
731
731
731
731
731
731
731
731
731
731
731
731
731
731
731
731
731
731
731
731
731
731
731
731
731
731
731
730
730
730
730
730
730
730
730
730
730
730
730
730
730
730
730
730
730
730
730
730
730
730
730
730
730
730
730
730
730
730
730
730
730
730
730
730
730
730
730
730
730
730
730
730
730
730
730
729
729
729
729
729
729
729
729
729
729
729
729
729
729
729
729
729
729
729
729
729
729
729
729
729
729
729
729
729
729
729
729
729
729
729
729
729
729
729
729
729
729
729
729
729
729
728
728
728
728
728
728
728
728
728
728
728
728
728
728
728
728
728
728
728
728
728
728
728
728
728
728
728
728
728
728
728
728
728
728
728
728
727
727
727
727
727
727
727
727
727
727
727
727
727
727
727
727
727
727
727
727
727
727
727
727
727
727
727
727
727
727
727
727
727
727
727
727
727
726
726
726
726
726
726
726
726
726
726
726
726
726
726
726
726
726
726
726
726
726
726
726
726
726
726
726
726
726
726
726
726
726
726
725
725
725
725
725
725
725
725
725
725
725
725
725
725
725
725
725
725
725
725
725
725
725
725
725
725
725
725
725
725
725
725
725
725
725
725
725
725
725
725
725
725
725
725
725
725
725
725
725
725
724
724
724
724
724
724
724
724
724
724
724
724
724
724
724
724
724
724
724
724
724
724
724
724
724
724
724
724
724
724
724
724
724
724
723
723
723
723
723
723
723
723
723
723
723
723
723
723
723
723
723
723
723
723
723
723
723
723
723
723
723
723
723
723
723
723
723
723
723
723
723
723
723
723
723
723
723
723
722
722
722
722
722
722
722
722
722
722
722
722
722
722
722
722
722
722
722
722
722
722
722
722
722
722
722
722
722
722
722
722
722
722
722
722
722
722
722
722
722
722
722
722
722
722
721
721
721
721
721
721
721
721
721
721
721
721
721
721
721
721
721
721
721
721
721
721
721
721
721
721
721
721
721
721
721
721
721
721
721
721
721
721
721
721
721
721
720
720
720
720
720
720
720
720
720
720
720
720
720
720
720
720
720
720
720
720
720
720
720
720
720
720
720
720
720
720
720
720
720
720
720
720
720
720
720
720
720
720
720
719
719
719
719
719
719
719
719
719
719
719
719
719
719
719
719
719
719
719
719
719
719
719
719
719
719
719
719
719
719
719
719
719
719
719
719
718
718
718
718
718
718
718
718
718
718
718
718
718
718
718
718
718
718
718
718
718
718
718
718
718
718
718
718
718
718
718
718
718
718
718
718
718
718
718
718
718
718
718
718
717
717
717
717
717
717
717
717
717
717
717
717
717
717
717
717
717
717
717
717
717
717
717
717
717
717
717
717
717
717
717
717
717
717
717
717
716
716
716
716
716
716
716
716
716
716
716
716
716
716
716
716
716
716
716
716
716
716
716
716
716
716
716
716
716
716
716
716
716
716
716
716
716
716
716
716
716
716
716
716
716
716
715
715
715
715
715
715
715
715
715
715
715
715
715
715
715
715
715
715
715
715
715
715
715
715
715
715
715
715
715
715
715
715
715
715
715
715
715
715
715
715
715
715
715
715
715
715
715
714
714
714
714
714
714
714
714
714
714
714
714
714
714
714
714
714
714
714
714
714
714
714
714
714
714
714
714
714
714
714
714
714
714
714
714
714
714
714
714
713
713
713
713
713
713
713
713
713
713
713
713
713
713
713
713
713
713
713
713
713
713
713
713
713
713
713
713
713
713
713
713
713
713
713
713
713
713
713
713
713
713
713
713
713
713
713
713
713
712
712
712
712
712
712
712
712
712
712
712
712
712
712
712
712
712
712
712
712
712
712
712
712
712
712
711
711
711
711
711
711
711
711
711
711
711
711
711
711
711
711
711
711
711
711
711
711
711
711
711
711
711
711
711
711
711
711
711
711
711
711
711
711
711
711
711
711
711
711
711
711
710
710
710
710
710
710
710
710
710
710
710
710
710
710
710
710
710
710
710
710
710
710
710
710
710
710
710
710
710
710
710
710
710
710
710
710
710
710
710
710
710
709
709
709
709
709
709
709
709
709
709
709
709
709
709
709
709
709
709
709
709
709
709
709
709
709
709
709
709
709
709
709
709
709
709
709
709
709
709
709
709
708
708
708
708
708
708
708
708
708
708
708
708
708
708
708
708
708
708
708
708
708
708
708
708
708
708
708
708
708
708
708
708
708
708
708
708
708
708
708
708
708
708
708
708
708
708
708
708
707
707
707
707
707
707
707
707
707
707
707
707
707
707
707
707
707
707
707
707
707
707
707
707
707
707
707
707
707
707
707
707
707
707
707
707
707
707
707
707
707
707
707
707
707
707
707
707
707
707
706
706
706
706
706
706
706
706
706
706
706
706
706
706
706
706
706
706
706
706
706
706
706
706
706
706
706
706
706
706
706
706
706
706
706
706
706
706
706
706
706
706
706
706
706
706
706
706
706
706
705
705
705
705
705
705
705
705
705
705
705
705
705
705
705
705
705
705
705
705
705
705
705
705
705
705
705
705
705
705
705
705
705
705
705
705
705
705
705
705
705
705
705
704
704
704
704
704
704
704
704
704
704
704
704
704
704
704
704
704
704
704
704
704
704
704
704
704
704
704
704
704
704
704
704
704
703
703
703
703
703
703
703
703
703
703
703
703
703
703
703
703
703
703
703
703
703
703
703
703
703
703
703
703
703
703
703
703
703
703
703
703
703
703
703
703
703
702
702
702
702
702
702
702
702
702
702
702
702
702
702
702
702
702
702
702
702
702
702
702
702
702
702
702
702
702
702
702
702
702
702
702
702
702
702
702
702
702
702
702
702
702
702
702
702
702
702
702
701
701
701
701
701
701
701
701
701
701
701
701
701
701
701
701
701
701
701
701
701
701
701
701
701
701
701
701
701
701
701
701
701
701
701
700
700
700
700
700
700
700
700
700
700
700
700
700
700
700
700
700
700
700
700
700
700
700
700
700
700
700
700
700
700
700
700
700
700
700
700
700
700
700
700
700
700
700
700
700
700
700
699
699
699
699
699
699
699
699
699
699
699
699
699
699
699
699
699
699
699
699
699
699
699
699
699
699
699
699
699
699
699
699
699
699
699
699
699
699
699
699
699
699
698
698
698
698
698
698
698
698
698
698
698
698
698
698
698
698
698
698
698
698
698
698
698
698
698
698
698
698
698
698
698
698
698
698
698
698
698
698
698
698
698
698
698
698
698
698
698
698
698
698
697
697
697
697
697
697
697
697
697
697
697
697
697
697
697
697
697
697
697
697
697
697
697
697
697
697
697
697
697
697
697
697
696
696
696
696
696
696
696
696
696
696
696
696
696
696
696
696
696
696
696
696
696
696
696
696
696
696
696
696
696
696
696
696
696
696
696
696
696
696
696
696
696
696
696
696
696
696
696
696
696
696
696
696
696
695
695
695
695
695
695
695
695
695
695
695
695
695
695
695
695
695
695
695
695
695
695
695
695
695
695
695
695
695
695
695
695
695
695
695
695
695
695
694
694
694
694
694
694
694
694
694
694
694
694
694
694
694
694
694
694
694
694
694
694
694
694
694
694
694
694
694
694
694
694
694
694
694
694
694
694
694
694
694
694
693
693
693
693
693
693
693
693
693
693
693
693
693
693
693
693
693
693
693
693
693
693
693
693
693
693
693
693
693
693
693
693
693
693
693
693
693
693
693
692
692
692
692
692
692
692
692
692
692
692
692
692
692
692
692
692
692
692
692
692
692
692
692
692
692
692
692
692
692
692
692
692
692
692
692
692
692
692
692
692
692
692
692
692
692
692
692
691
691
691
691
691
691
691
691
691
691
691
691
691
691
691
691
691
691
691
691
691
691
691
691
691
691
691
691
691
691
691
690
690
690
690
690
690
690
690
690
690
690
690
690
690
690
690
690
690
690
690
690
690
690
690
690
690
690
690
690
690
690
690
690
690
690
690
690
690
690
690
690
689
689
689
689
689
689
689
689
689
689
689
689
689
689
689
689
689
689
689
689
689
689
689
689
689
689
689
689
689
689
689
689
689
689
689
689
689
689
689
689
689
689
689
689
689
689
689
689
689
689
688
688
688
688
688
688
688
688
688
688
688
688
688
688
688
688
688
688
688
688
688
688
688
688
688
688
688
688
688
688
688
688
688
688
688
688
688
688
688
688
688
688
688
688
688
688
688
688
687
687
687
687
687
687
687
687
687
687
687
687
687
687
687
687
687
687
687
687
687
687
687
687
687
687
687
687
687
687
687
687
687
687
687
687
687
687
687
687
687
687
687
687
687
687
687
687
686
686
686
686
686
686
686
686
686
686
686
686
686
686
686
686
686
686
686
686
686
686
686
686
686
686
686
686
686
686
686
686
686
686
686
686
686
686
686
686
686
685
685
685
685
685
685
685
685
685
685
685
685
685
685
685
685
685
685
685
685
685
685
685
685
685
685
685
685
685
685
685
685
685
685
685
685
685
685
685
685
685
685
685
685
685
685
685
685
685
685
685
685
684
684
684
684
684
684
684
684
684
684
684
684
684
684
684
684
684
684
684
684
684
684
684
684
684
684
684
684
684
684
684
684
684
684
684
684
684
684
684
684
683
683
683
683
683
683
683
683
683
683
683
683
683
683
683
683
683
683
683
683
683
683
683
683
683
683
683
683
683
683
683
683
683
683
683
683
683
683
683
683
683
683
683
683
683
683
683
682
682
682
682
682
682
682
682
682
682
682
682
682
682
682
682
682
682
682
682
682
682
682
682
682
682
682
682
682
682
682
682
682
682
682
681
681
681
681
681
681
681
681
681
681
681
681
681
681
681
681
681
681
681
681
681
681
681
681
681
681
681
681
681
681
681
681
681
681
681
681
681
681
681
681
681
681
681
680
680
680
680
680
680
680
680
680
680
680
680
680
680
680
680
680
680
680
680
680
680
680
680
680
680
680
680
680
680
680
680
680
680
680
680
679
679
679
679
679
679
679
679
679
679
679
679
679
679
679
679
679
679
679
679
679
679
679
679
679
679
679
679
679
679
679
679
679
679
679
679
679
679
678
678
678
678
678
678
678
678
678
678
678
678
678
678
678
678
678
678
678
678
678
678
678
678
678
678
678
678
678
678
678
678
678
678
678
678
678
678
678
678
678
678
678
677
677
677
677
677
677
677
677
677
677
677
677
677
677
677
677
677
677
677
677
677
677
677
677
677
677
677
677
677
677
677
677
677
677
677
677
677
677
677
677
677
677
677
677
677
676
676
676
676
676
676
676
676
676
676
676
676
676
676
676
676
676
676
676
676
676
676
676
676
676
676
676
676
676
676
676
676
676
676
676
676
676
676
676
676
676
676
675
675
675
675
675
675
675
675
675
675
675
675
675
675
675
675
675
675
675
675
675
675
675
675
675
675
675
675
675
675
675
675
675
675
675
675
675
675
675
674
674
674
674
674
674
674
674
674
674
674
674
674
674
674
674
674
674
674
674
674
674
674
674
674
674
674
674
674
674
674
674
674
674
674
674
674
674
674
674
674
674
674
674
674
674
674
674
674
674
674
674
674
674
674
674
674
674
674
674
674
674
673
673
673
673
673
673
673
673
673
673
673
673
673
673
673
673
673
673
673
673
673
673
673
673
673
673
673
673
673
673
673
673
673
673
673
673
673
673
673
673
673
673
673
673
673
672
672
672
672
672
672
672
672
672
672
672
672
672
672
672
672
672
672
672
672
672
672
672
672
672
672
672
672
672
672
672
672
671
671
671
671
671
671
671
671
671
671
671
671
671
671
671
671
671
671
671
671
671
671
671
671
671
671
671
671
671
671
671
671
671
671
671
671
671
671
671
671
671
671
671
671
671
671
671
671
671
671
671
671
671
671
671
671
670
670
670
670
670
670
670
670
670
670
670
670
670
670
670
670
670
670
670
670
670
670
670
670
670
670
670
670
670
670
670
670
670
670
670
670
670
670
670
670
670
670
670
670
670
670
670
670
670
670
670
670
669
669
669
669
669
669
669
669
669
669
669
669
669
669
669
669
669
669
669
669
669
669
669
669
669
669
669
669
669
669
669
669
669
669
669
669
669
669
669
669
669
669
669
669
669
669
669
669
668
668
668
668
668
668
668
668
668
668
668
668
668
668
668
668
668
668
668
668
668
668
668
668
668
668
668
668
668
668
668
668
668
668
668
668
668
668
668
668
668
668
668
668
667
667
667
667
667
667
667
667
667
667
667
667
667
667
667
667
667
667
667
667
667
667
667
667
667
667
667
667
667
667
667
667
667
667
667
667
667
667
667
667
667
667
667
667
667
667
667
667
667
667
667
666
666
666
666
666
666
666
666
666
666
666
666
666
666
666
666
666
666
666
666
666
666
666
666
666
666
666
666
666
666
666
666
666
666
666
666
666
666
666
666
666
666
666
666
666
666
666
666
666
666
666
666
666
666
666
666
666
665
665
665
665
665
665
665
665
665
665
665
665
665
665
665
665
665
665
665
665
665
665
665
665
665
665
665
665
665
665
665
665
665
665
665
665
665
665
665
665
665
665
665
665
665
665
664
664
664
664
664
664
664
664
664
664
664
664
664
664
664
664
664
664
664
664
664
664
664
664
664
664
664
664
664
664
664
664
664
664
664
664
664
664
664
664
664
664
664
664
664
664
663
663
663
663
663
663
663
663
663
663
663
663
663
663
663
663
663
663
663
663
663
663
663
663
663
663
663
663
663
663
663
663
663
663
663
663
663
663
663
663
663
663
663
663
663
663
663
663
663
663
663
663
663
662
662
662
662
662
662
662
662
662
662
662
662
662
662
662
662
662
662
662
662
662
662
662
662
662
662
662
662
662
662
662
662
662
662
662
662
662
662
662
662
662
662
662
662
662
662
662
661
661
661
661
661
661
661
661
661
661
661
661
661
661
661
661
661
661
661
661
661
661
661
661
661
661
661
661
661
661
661
661
660
660
660
660
660
660
660
660
660
660
660
660
660
660
660
660
660
660
660
660
660
660
660
660
660
660
660
660
660
660
660
660
660
660
660
660
660
659
659
659
659
659
659
659
659
659
659
659
659
659
659
659
659
659
659
659
659
659
659
659
659
659
659
659
659
659
659
659
659
659
659
659
659
659
659
659
659
659
659
659
659
659
659
659
659
659
659
659
659
659
659
659
659
659
659
659
658
658
658
658
658
658
658
658
658
658
658
658
658
658
658
658
658
658
658
658
658
658
658
658
658
658
658
658
658
658
658
658
658
658
658
658
658
658
658
658
658
658
658
658
658
658
658
658
658
658
658
658
658
658
658
658
658
658
657
657
657
657
657
657
657
657
657
657
657
657
657
657
657
657
657
657
657
657
657
657
657
657
657
657
657
657
657
657
657
657
657
657
657
657
657
657
657
657
657
657
657
656
656
656
656
656
656
656
656
656
656
656
656
656
656
656
656
656
656
656
656
656
656
656
656
656
656
656
656
656
656
656
656
656
656
656
656
656
656
656
656
656
656
656
656
656
656
656
656
656
656
656
656
656
656
656
655
655
655
655
655
655
655
655
655
655
655
655
655
655
655
655
655
655
655
655
655
655
655
655
655
655
655
655
655
655
655
655
655
655
655
655
655
655
655
655
655
655
655
655
655
655
655
655
655
655
655
655
655
655
655
654
654
654
654
654
654
654
654
654
654
654
654
654
654
654
654
654
654
654
654
654
654
654
654
654
654
654
654
654
654
654
654
654
654
654
654
654
654
654
654
654
654
654
654
654
654
653
653
653
653
653
653
653
653
653
653
653
653
653
653
653
653
653
653
653
653
653
653
653
653
653
653
653
653
653
653
653
653
653
653
653
653
653
653
653
653
653
653
653
653
653
653
653
653
653
653
653
653
653
653
653
653
653
653
653
653
653
653
653
653
653
653
653
653
653
653
653
652
652
652
652
652
652
652
652
652
652
652
652
652
652
652
652
652
652
652
652
652
652
652
652
652
652
652
652
652
652
652
652
652
652
652
652
652
652
652
652
652
652
652
651
651
651
651
651
651
651
651
651
651
651
651
651
651
651
651
651
651
651
651
651
651
651
651
651
651
651
651
651
651
651
651
651
651
651
651
651
651
651
651
651
651
651
651
651
651
651
651
650
650
650
650
650
650
650
650
650
650
650
650
650
650
650
650
650
650
650
650
650
650
650
650
650
650
650
650
650
650
650
650
650
650
650
650
650
650
650
650
650
650
650
650
650
650
650
650
650
650
650
649
649
649
649
649
649
649
649
649
649
649
649
649
649
649
649
649
649
649
649
649
649
649
649
649
649
649
649
649
649
649
649
649
649
649
649
649
649
649
649
649
649
649
648
648
648
648
648
648
648
648
648
648
648
648
648
648
648
648
648
648
648
648
648
648
648
648
648
648
648
648
648
648
648
648
648
648
648
648
648
648
648
648
648
648
648
648
648
647
647
647
647
647
647
647
647
647
647
647
647
647
647
647
647
647
647
647
647
647
647
647
647
647
647
647
647
647
647
647
647
647
647
647
647
647
647
647
647
647
647
647
647
647
646
646
646
646
646
646
646
646
646
646
646
646
646
646
646
646
646
646
646
646
646
646
646
646
646
646
646
646
646
646
646
646
646
646
646
646
646
646
646
646
646
646
646
646
646
646
645
645
645
645
645
645
645
645
645
645
645
645
645
645
645
645
645
645
645
645
645
645
645
645
645
645
645
645
645
645
645
645
645
645
645
645
645
645
645
645
645
645
645
645
645
645
645
645
645
645
645
645
645
645
644
644
644
644
644
644
644
644
644
644
644
644
644
644
644
644
644
644
644
644
644
644
644
644
644
644
644
644
644
644
644
644
644
644
644
644
644
644
644
644
644
644
644
644
644
644
644
644
644
644
644
644
644
644
644
644
644
643
643
643
643
643
643
643
643
643
643
643
643
643
643
643
643
643
643
643
643
643
643
643
643
643
643
643
643
643
643
643
643
643
643
643
643
643
643
643
643
643
643
643
642
642
642
642
642
642
642
642
642
642
642
642
642
642
642
642
642
642
642
642
642
642
642
642
642
642
642
642
642
642
642
641
641
641
641
641
641
641
641
641
641
641
641
641
641
641
641
641
641
641
641
641
641
641
641
641
641
641
641
641
641
641
641
641
641
641
641
641
641
641
641
641
641
641
641
641
641
641
641
641
641
640
640
640
640
640
640
640
640
640
640
640
640
640
640
640
640
640
640
640
640
640
640
640
640
640
640
640
640
640
640
640
640
640
640
640
640
640
640
640
640
640
640
639
639
639
639
639
639
639
639
639
639
639
639
639
639
639
639
639
639
639
639
639
639
639
639
639
639
639
639
639
639
639
639
639
639
639
639
639
639
639
639
639
639
639
639
639
639
639
639
639
639
639
639
638
638
638
638
638
638
638
638
638
638
638
638
638
638
638
638
638
638
638
638
638
638
638
638
638
638
638
638
638
638
638
638
638
638
638
638
638
638
638
638
638
638
638
638
638
638
638
638
638
638
638
638
638
638
638
637
637
637
637
637
637
637
637
637
637
637
637
637
637
637
637
637
637
637
637
637
637
637
637
637
637
637
637
637
637
637
637
636
636
636
636
636
636
636
636
636
636
636
636
636
636
636
636
636
636
636
636
636
636
636
636
636
636
636
636
636
636
636
636
636
636
636
636
636
636
636
636
636
636
636
636
636
636
636
636
636
636
636
636
636
636
636
636
636
635
635
635
635
635
635
635
635
635
635
635
635
635
635
635
635
635
635
635
635
635
635
635
635
635
635
635
635
635
635
635
635
635
635
635
635
635
635
635
635
635
634
634
634
634
634
634
634
634
634
634
634
634
634
634
634
634
634
634
634
634
634
634
634
634
634
634
634
634
634
634
634
634
634
634
634
634
634
634
634
634
633
633
633
633
633
633
633
633
633
633
633
633
633
633
633
633
633
633
633
633
633
633
633
633
633
633
633
633
633
633
633
633
633
633
633
633
633
633
633
633
633
633
633
633
633
633
633
633
632
632
632
632
632
632
632
632
632
632
632
632
632
632
632
632
632
632
632
632
632
632
632
632
632
632
632
632
632
632
632
632
632
632
632
632
632
632
632
632
632
632
632
632
632
632
632
632
632
632
632
632
631
631
631
631
631
631
631
631
631
631
631
631
631
631
631
631
631
631
631
631
631
631
631
631
631
631
631
631
631
631
631
631
631
631
631
631
631
631
631
631
631
631
631
631
630
630
630
630
630
630
630
630
630
630
630
630
630
630
630
630
630
630
630
630
630
630
630
630
630
630
630
630
630
630
630
630
630
630
630
630
629
629
629
629
629
629
629
629
629
629
629
629
629
629
629
629
629
629
629
629
629
629
629
629
629
629
629
629
629
629
629
629
629
629
629
629
629
629
629
629
629
629
629
629
629
629
628
628
628
628
628
628
628
628
628
628
628
628
628
628
628
628
628
628
628
628
628
628
628
628
628
628
628
628
628
628
628
628
628
628
628
628
628
628
628
628
628
628
628
628
628
628
628
628
628
628
628
628
628
628
628
628
628
628
628
627
627
627
627
627
627
627
627
627
627
627
627
627
627
627
627
627
627
627
627
627
627
627
627
627
627
627
627
627
627
627
627
627
627
627
627
627
627
626
626
626
626
626
626
626
626
626
626
626
626
626
626
626
626
626
626
626
626
626
626
626
626
626
626
626
626
626
626
626
626
626
626
626
626
626
626
626
626
626
626
626
626
626
626
626
626
626
626
625
625
625
625
625
625
625
625
625
625
625
625
625
625
625
625
625
625
625
625
625
625
625
625
625
625
625
625
625
625
625
625
625
625
625
625
625
625
624
624
624
624
624
624
624
624
624
624
624
624
624
624
624
624
624
624
624
624
624
624
624
624
624
624
624
624
624
624
624
624
624
624
624
624
624
624
624
624
624
624
624
624
624
624
624
624
624
623
623
623
623
623
623
623
623
623
623
623
623
623
623
623
623
623
623
623
623
623
623
623
623
623
623
623
623
623
623
623
623
623
623
623
623
623
623
623
623
623
623
623
623
623
622
622
622
622
622
622
622
622
622
622
622
622
622
622
622
622
622
622
622
622
622
622
622
622
622
622
622
622
622
622
622
622
622
622
622
622
622
622
622
622
622
622
621
621
621
621
621
621
621
621
621
621
621
621
621
621
621
621
621
621
621
621
621
621
621
621
621
621
621
621
621
621
621
621
621
621
621
621
621
621
621
621
621
621
621
621
621
621
621
621
620
620
620
620
620
620
620
620
620
620
620
620
620
620
620
620
620
620
620
620
620
620
620
620
620
620
620
620
620
620
620
620
620
620
620
620
620
620
620
620
620
620
620
620
620
620
620
620
619
619
619
619
619
619
619
619
619
619
619
619
619
619
619
619
619
619
619
619
619
619
619
619
619
619
619
619
619
619
619
619
619
619
619
619
619
619
619
619
619
619
619
619
619
619
619
619
618
618
618
618
618
618
618
618
618
618
618
618
618
618
618
618
618
618
618
618
618
618
618
618
618
618
618
618
618
618
618
618
617
617
617
617
617
617
617
617
617
617
617
617
617
617
617
617
617
617
617
617
617
617
617
617
617
617
617
617
617
617
617
617
617
617
617
617
617
617
617
617
616
616
616
616
616
616
616
616
616
616
616
616
616
616
616
616
616
616
616
616
616
616
616
616
616
616
616
616
616
616
616
616
616
616
616
616
616
616
616
616
616
616
616
616
616
616
616
616
616
615
615
615
615
615
615
615
615
615
615
615
615
615
615
615
615
615
615
615
615
615
615
615
615
615
615
615
615
615
615
615
615
615
615
615
615
615
615
615
615
615
615
615
615
615
615
615
615
615
615
614
614
614
614
614
614
614
614
614
614
614
614
614
614
614
614
614
614
614
614
614
614
614
614
614
614
614
614
614
614
614
614
614
614
614
614
614
613
613
613
613
613
613
613
613
613
613
613
613
613
613
613
613
613
613
613
613
613
613
613
613
613
613
613
613
613
613
613
613
613
613
613
613
613
613
613
613
613
613
613
613
613
613
613
613
613
613
613
613
612
612
612
612
612
612
612
612
612
612
612
612
612
612
612
612
612
612
612
612
612
612
612
612
612
612
612
612
612
612
612
612
612
612
612
612
611
611
611
611
611
611
611
611
611
611
611
611
611
611
611
611
611
611
611
611
611
611
611
611
611
611
611
611
611
611
611
611
611
611
611
611
611
611
611
611
611
611
611
610
610
610
610
610
610
610
610
610
610
610
610
610
610
610
610
610
610
610
610
610
610
610
610
610
610
610
610
610
610
610
610
610
610
610
610
610
610
610
610
610
610
610
609
609
609
609
609
609
609
609
609
609
609
609
609
609
609
609
609
609
609
609
609
609
609
609
609
609
609
609
609
609
609
609
609
609
609
609
609
609
609
609
609
609
609
609
609
609
609
609
609
608
608
608
608
608
608
608
608
608
608
608
608
608
608
608
608
608
608
608
608
608
608
608
608
608
608
608
608
608
608
608
608
608
608
608
608
608
608
608
608
608
608
608
608
608
608
608
608
608
608
608
608
607
607
607
607
607
607
607
607
607
607
607
607
607
607
607
607
607
607
607
607
607
607
607
607
607
607
607
607
607
607
607
607
607
607
607
607
607
607
607
606
606
606
606
606
606
606
606
606
606
606
606
606
606
606
606
606
606
606
606
606
606
606
606
606
606
606
606
606
606
606
606
606
606
606
606
606
606
606
606
606
606
606
606
606
606
606
606
606
606
606
606
605
605
605
605
605
605
605
605
605
605
605
605
605
605
605
605
605
605
605
605
605
605
605
605
605
605
605
605
605
605
605
605
605
605
605
605
605
605
605
605
605
605
605
605
605
605
605
605
605
605
605
604
604
604
604
604
604
604
604
604
604
604
604
604
604
604
604
604
604
604
604
604
604
604
604
604
604
604
604
604
604
604
604
604
604
604
604
604
604
604
604
604
604
604
604
604
604
604
604
604
604
604
603
603
603
603
603
603
603
603
603
603
603
603
603
603
603
603
603
603
603
603
603
603
603
603
603
603
603
603
603
603
603
603
603
603
603
603
603
603
603
603
603
603
603
603
603
603
603
603
603
603
603
603
603
603
603
603
603
603
603
603
602
602
602
602
602
602
602
602
602
602
602
602
602
602
602
602
602
602
602
602
602
602
602
602
602
602
602
602
602
602
602
602
602
602
602
602
602
602
602
602
601
601
601
601
601
601
601
601
601
601
601
601
601
601
601
601
601
601
601
601
601
601
601
601
601
601
601
601
601
601
601
601
601
601
601
601
601
601
601
601
601
601
601
601
601
601
601
601
601
601
601
601
601
601
600
600
600
600
600
600
600
600
600
600
600
600
600
600
600
600
600
600
600
600
600
600
600
600
600
600
600
600
600
600
600
600
600
600
600
600
600
600
600
600
600
600
600
600
600
600
600
600
600
600
600
600
600
600
600
599
599
599
599
599
599
599
599
599
599
599
599
599
599
599
599
599
599
599
599
599
599
599
599
599
599
599
599
599
599
599
599
599
599
599
599
599
599
599
599
599
599
599
599
599
599
599
599
599
598
598
598
598
598
598
598
598
598
598
598
598
598
598
598
598
598
598
598
598
598
598
598
598
598
598
598
598
598
598
598
598
598
598
598
598
598
598
598
598
598
598
598
598
598
598
598
598
598
598
598
597
597
597
597
597
597
597
597
597
597
597
597
597
597
597
597
597
597
597
597
597
597
597
597
597
597
597
597
597
597
597
597
597
597
597
597
597
597
597
597
597
597
597
597
597
597
597
597
597
597
597
597
596
596
596
596
596
596
596
596
596
596
596
596
596
596
596
596
596
596
596
596
596
596
596
596
596
596
596
596
596
596
596
596
596
596
596
595
595
595
595
595
595
595
595
595
595
595
595
595
595
595
595
595
595
595
595
595
595
595
595
595
595
595
595
595
595
595
595
595
595
595
595
595
595
595
595
595
595
595
595
595
594
594
594
594
594
594
594
594
594
594
594
594
594
594
594
594
594
594
594
594
594
594
594
594
594
594
594
594
594
594
594
594
594
594
594
594
594
594
594
594
594
594
594
594
594
594
594
594
594
593
593
593
593
593
593
593
593
593
593
593
593
593
593
593
593
593
593
593
593
593
593
593
593
593
593
593
593
593
593
593
593
593
593
593
593
593
593
593
593
593
593
593
593
593
592
592
592
592
592
592
592
592
592
592
592
592
592
592
592
592
592
592
592
592
592
592
592
592
592
592
592
592
592
592
592
592
592
592
592
592
592
592
592
592
592
592
592
592
591
591
591
591
591
591
591
591
591
591
591
591
591
591
591
591
591
591
591
591
591
591
591
591
591
591
591
591
591
591
591
591
591
591
591
591
591
591
591
591
591
591
591
591
591
591
591
591
591
591
591
591
591
591
591
591
590
590
590
590
590
590
590
590
590
590
590
590
590
590
590
590
590
590
590
590
590
590
590
590
590
590
590
590
590
590
590
590
590
590
590
590
590
590
590
590
590
590
590
590
590
590
590
590
590
589
589
589
589
589
589
589
589
589
589
589
589
589
589
589
589
589
589
589
589
589
589
589
589
589
589
589
589
589
589
589
589
589
589
589
589
589
589
589
589
589
589
589
589
589
589
589
588
588
588
588
588
588
588
588
588
588
588
588
588
588
588
588
588
588
588
588
588
588
588
588
588
588
588
588
588
588
588
588
588
588
588
588
588
588
588
588
588
588
588
588
588
588
588
588
588
588
588
587
587
587
587
587
587
587
587
587
587
587
587
587
587
587
587
587
587
587
587
587
587
587
587
587
587
587
587
587
587
587
587
587
587
587
587
587
587
587
587
587
587
587
587
587
587
587
587
587
587
587
587
586
586
586
586
586
586
586
586
586
586
586
586
586
586
586
586
586
586
586
586
586
586
586
586
586
586
586
586
586
586
586
586
586
586
586
586
586
586
586
586
586
586
586
586
586
586
586
586
586
586
586
585
585
585
585
585
585
585
585
585
585
585
585
585
585
585
585
585
585
585
585
585
585
585
585
585
585
585
585
585
585
585
585
585
585
585
585
585
585
585
585
585
585
585
585
585
584
584
584
584
584
584
584
584
584
584
584
584
584
584
584
584
584
584
584
584
584
584
584
584
584
584
584
584
584
584
584
584
584
584
584
584
584
584
584
584
584
584
584
584
584
584
584
584
584
584
583
583
583
583
583
583
583
583
583
583
583
583
583
583
583
583
583
583
583
583
583
583
583
583
583
583
583
583
583
583
583
583
583
583
583
583
583
583
583
583
583
583
583
583
582
582
582
582
582
582
582
582
582
582
582
582
582
582
582
582
582
582
582
582
582
582
582
582
582
582
582
582
582
582
582
582
582
582
582
582
582
582
582
582
581
581
581
581
581
581
581
581
581
581
581
581
581
581
581
581
581
581
581
581
581
581
581
581
581
581
581
581
581
581
581
581
581
581
581
581
581
581
581
581
581
581
581
581
581
581
581
580
580
580
580
580
580
580
580
580
580
580
580
580
580
580
580
580
580
580
580
580
580
580
580
580
580
580
580
580
580
580
580
580
580
580
580
580
580
580
580
580
580
580
580
579
579
579
579
579
579
579
579
579
579
579
579
579
579
579
579
579
579
579
579
579
579
579
579
579
579
579
579
579
579
579
579
579
579
579
579
579
579
579
579
579
579
579
579
579
579
579
579
579
579
579
579
578
578
578
578
578
578
578
578
578
578
578
578
578
578
578
578
578
578
578
578
578
578
578
578
578
578
578
578
578
578
578
578
578
578
578
578
578
578
578
578
578
578
578
578
578
578
578
578
578
578
578
578
577
577
577
577
577
577
577
577
577
577
577
577
577
577
577
577
577
577
577
577
577
577
577
577
577
577
577
577
577
577
577
577
577
577
577
577
577
577
577
577
577
577
577
577
577
577
577
577
577
577
576
576
576
576
576
576
576
576
576
576
576
576
576
576
576
576
576
576
576
576
576
576
576
576
576
576
576
576
576
576
576
576
576
576
576
576
576
576
576
576
576
576
576
576
576
576
576
576
576
576
576
576
576
576
576
575
575
575
575
575
575
575
575
575
575
575
575
575
575
575
575
575
575
575
575
575
575
575
575
575
575
575
575
575
575
575
575
575
575
575
575
575
575
575
575
575
575
575
575
575
575
575
575
575
575
575
575
575
575
575
575
575
575
575
574
574
574
574
574
574
574
574
574
574
574
574
574
574
574
574
574
574
574
574
574
574
574
574
574
574
574
574
574
574
574
574
574
574
574
574
574
574
574
574
574
574
574
574
574
574
574
573
573
573
573
573
573
573
573
573
573
573
573
573
573
573
573
573
573
573
573
573
573
573
573
573
573
573
573
573
573
573
573
573
573
573
573
573
573
573
573
573
573
573
573
573
573
573
573
573
573
573
572
572
572
572
572
572
572
572
572
572
572
572
572
572
572
572
572
572
572
572
572
572
572
572
572
572
572
572
572
572
572
572
572
572
572
572
572
572
572
572
572
572
572
572
571
571
571
571
571
571
571
571
571
571
571
571
571
571
571
571
571
571
571
571
571
571
571
571
571
571
571
571
571
571
571
571
571
571
571
571
571
571
571
571
571
571
571
571
571
571
571
571
571
571
571
571
571
571
570
570
570
570
570
570
570
570
570
570
570
570
570
570
570
570
570
570
570
570
570
570
570
570
570
570
570
570
570
570
570
570
570
570
570
570
570
570
570
570
570
570
570
570
570
570
570
570
569
569
569
569
569
569
569
569
569
569
569
569
569
569
569
569
569
569
569
569
569
569
569
569
569
569
569
569
569
569
569
569
569
569
569
569
569
569
569
569
569
569
569
569
569
569
569
569
569
569
569
569
568
568
568
568
568
568
568
568
568
568
568
568
568
568
568
568
568
568
568
568
568
568
568
568
568
568
568
568
568
568
568
568
568
568
568
568
568
568
568
568
568
568
568
568
567
567
567
567
567
567
567
567
567
567
567
567
567
567
567
567
567
567
567
567
567
567
567
567
567
567
567
567
567
567
567
567
567
567
567
567
567
567
567
567
567
567
567
567
567
567
567
567
567
566
566
566
566
566
566
566
566
566
566
566
566
566
566
566
566
566
566
566
566
566
566
566
566
566
566
566
566
566
566
566
566
566
566
566
566
566
566
566
566
566
566
566
566
566
566
566
566
566
566
566
566
566
565
565
565
565
565
565
565
565
565
565
565
565
565
565
565
565
565
565
565
565
565
565
565
565
565
565
565
565
565
565
565
565
565
565
565
565
565
565
565
564
564
564
564
564
564
564
564
564
564
564
564
564
564
564
564
564
564
564
564
564
564
564
564
564
564
564
564
564
564
564
564
564
564
564
564
564
564
564
564
564
564
564
564
564
564
564
564
564
564
564
564
564
564
564
564
564
564
564
564
564
564
564
564
564
564
564
564
563
563
563
563
563
563
563
563
563
563
563
563
563
563
563
563
563
563
563
563
563
563
563
563
563
563
563
563
563
563
563
563
563
563
563
563
563
563
563
563
563
563
563
563
563
563
563
563
563
563
563
563
563
562
562
562
562
562
562
562
562
562
562
562
562
562
562
562
562
562
562
562
562
562
562
562
562
562
562
562
562
562
562
562
562
562
562
562
562
562
562
562
562
562
562
562
562
562
562
561
561
561
561
561
561
561
561
561
561
561
561
561
561
561
561
561
561
561
561
561
561
561
561
561
561
561
561
561
561
561
561
561
561
561
561
561
561
561
561
561
561
561
561
561
561
561
561
561
561
561
560
560
560
560
560
560
560
560
560
560
560
560
560
560
560
560
560
560
560
560
560
560
560
560
560
560
560
560
560
560
560
560
560
560
560
560
560
560
560
560
560
560
560
560
560
560
560
559
559
559
559
559
559
559
559
559
559
559
559
559
559
559
559
559
559
559
559
559
559
559
559
559
559
559
559
559
559
559
559
559
559
559
559
559
559
559
559
559
559
559
559
559
559
559
559
559
559
559
559
559
559
559
559
559
559
559
559
559
559
559
558
558
558
558
558
558
558
558
558
558
558
558
558
558
558
558
558
558
558
558
558
558
558
558
558
558
558
558
558
558
558
558
558
558
558
558
558
558
558
558
558
558
558
558
558
558
558
558
558
558
558
558
558
558
558
558
558
558
558
557
557
557
557
557
557
557
557
557
557
557
557
557
557
557
557
557
557
557
557
557
557
557
557
557
557
557
557
557
557
557
557
557
557
557
557
557
557
557
557
557
557
557
557
557
557
557
557
557
557
557
557
557
557
557
557
557
557
557
556
556
556
556
556
556
556
556
556
556
556
556
556
556
556
556
556
556
556
556
556
556
556
556
556
556
556
556
556
556
556
556
556
556
556
556
556
556
556
556
556
556
556
556
556
556
556
556
555
555
555
555
555
555
555
555
555
555
555
555
555
555
555
555
555
555
555
555
555
555
555
555
555
555
554
554
554
554
554
554
554
554
554
554
554
554
554
554
554
554
554
554
554
554
554
554
554
554
554
554
554
554
554
554
554
554
554
554
554
554
554
554
554
554
554
554
554
554
554
554
554
554
554
554
554
554
554
554
553
553
553
553
553
553
553
553
553
553
553
553
553
553
553
553
553
553
553
553
553
553
553
553
553
553
553
553
553
553
553
553
553
553
553
553
553
553
553
553
553
553
553
553
553
553
552
552
552
552
552
552
552
552
552
552
552
552
552
552
552
552
552
552
552
552
552
552
552
552
552
552
552
552
552
552
552
552
552
552
552
552
552
552
552
552
552
552
552
552
552
552
552
552
551
551
551
551
551
551
551
551
551
551
551
551
551
551
551
551
551
551
551
551
551
551
551
551
551
551
551
551
551
551
551
551
551
551
551
551
551
551
551
551
551
551
550
550
550
550
550
550
550
550
550
550
550
550
550
550
550
550
550
550
550
550
550
550
550
550
550
550
550
550
550
550
550
550
550
550
550
550
550
550
550
550
550
550
550
550
550
550
550
550
549
549
549
549
549
549
549
549
549
549
549
549
549
549
549
549
549
549
549
549
549
549
549
549
549
549
549
549
549
549
549
549
549
549
549
549
549
549
549
549
549
549
549
549
549
549
549
549
548
548
548
548
548
548
548
548
548
548
548
548
548
548
548
548
548
548
548
548
548
548
548
548
548
548
548
548
548
548
548
548
548
548
548
548
548
548
548
548
548
548
548
548
548
548
548
548
548
548
548
548
548
547
547
547
547
547
547
547
547
547
547
547
547
547
547
547
547
547
547
547
547
547
547
547
547
547
547
547
547
547
547
547
547
547
547
547
547
547
547
547
547
547
547
547
547
547
547
546
546
546
546
546
546
546
546
546
546
546
546
546
546
546
546
546
546
546
546
546
546
546
546
546
546
546
546
546
546
546
546
546
546
546
546
546
546
546
546
545
545
545
545
545
545
545
545
545
545
545
545
545
545
545
545
545
545
545
545
545
545
545
545
545
545
545
545
545
545
545
545
545
545
545
545
545
545
545
545
545
545
545
545
545
544
544
544
544
544
544
544
544
544
544
544
544
544
544
544
544
544
544
544
544
544
544
544
544
544
544
544
544
544
544
544
544
544
544
544
544
544
544
544
544
544
544
544
544
543
543
543
543
543
543
543
543
543
543
543
543
543
543
543
543
543
543
543
543
543
543
543
543
543
543
543
543
543
543
543
543
543
543
543
543
543
543
543
543
543
543
543
543
543
543
543
543
543
543
543
543
543
543
543
543
543
543
543
543
543
543
543
543
543
543
543
543
543
542
542
542
542
542
542
542
542
542
542
542
542
542
542
542
542
542
542
542
542
542
542
542
542
542
542
542
542
542
542
542
542
542
542
542
542
542
542
542
542
542
542
542
542
542
542
542
542
542
542
542
542
541
541
541
541
541
541
541
541
541
541
541
541
541
541
541
541
541
541
541
541
541
541
541
541
541
541
541
541
541
541
541
541
541
541
541
541
541
541
541
541
541
541
541
541
540
540
540
540
540
540
540
540
540
540
540
540
540
540
540
540
540
540
540
540
540
540
540
540
540
540
540
540
540
540
540
540
540
540
540
540
540
540
540
540
540
540
540
540
540
540
540
540
540
539
539
539
539
539
539
539
539
539
539
539
539
539
539
539
539
539
539
539
539
539
539
539
539
539
539
539
539
539
539
539
539
539
539
539
539
539
539
539
539
539
539
539
538
538
538
538
538
538
538
538
538
538
538
538
538
538
538
538
538
538
538
538
538
538
538
538
538
538
538
538
538
538
538
538
538
538
538
538
538
538
538
538
538
538
538
538
538
537
537
537
537
537
537
537
537
537
537
537
537
537
537
537
537
537
537
537
537
537
537
537
537
537
537
537
537
537
537
537
537
537
537
537
537
536
536
536
536
536
536
536
536
536
536
536
536
536
536
536
536
536
536
536
536
536
536
536
536
536
536
536
536
536
536
536
536
536
536
536
536
536
536
536
536
536
536
536
535
535
535
535
535
535
535
535
535
535
535
535
535
535
535
535
535
535
535
535
535
535
535
535
535
535
535
535
535
535
535
535
535
535
535
535
535
535
535
535
535
535
535
535
534
534
534
534
534
534
534
534
534
534
534
534
534
534
534
534
534
534
534
534
534
534
534
534
534
534
534
534
534
534
534
534
534
534
534
534
534
534
534
534
534
534
534
534
534
534
534
534
534
534
534
533
533
533
533
533
533
533
533
533
533
533
533
533
533
533
533
533
533
533
533
533
533
533
533
533
533
533
533
533
533
533
533
533
533
533
533
533
533
533
533
533
533
533
533
533
533
533
533
533
533
533
533
533
533
532
532
532
532
532
532
532
532
532
532
532
532
532
532
532
532
532
532
532
532
532
532
532
532
532
532
532
532
532
532
532
532
532
532
532
532
532
532
532
532
532
532
532
532
532
532
532
532
532
532
532
532
531
531
531
531
531
531
531
531
531
531
531
531
531
531
531
531
531
531
531
531
531
531
531
531
531
531
531
531
531
531
531
531
531
531
530
530
530
530
530
530
530
530
530
530
530
530
530
530
530
530
530
530
530
530
530
530
530
530
530
530
530
530
530
530
530
530
530
530
530
530
530
530
530
530
530
530
530
530
530
530
530
530
530
530
530
529
529
529
529
529
529
529
529
529
529
529
529
529
529
529
529
529
529
529
529
529
529
529
529
529
529
529
529
529
529
529
529
529
529
529
529
529
529
529
529
529
529
529
529
529
529
529
529
529
529
529
529
529
529
529
528
528
528
528
528
528
528
528
528
528
528
528
528
528
528
528
528
528
528
528
528
528
528
528
528
528
528
528
528
528
528
528
528
528
528
528
528
528
528
528
528
528
528
528
528
528
528
528
528
528
528
527
527
527
527
527
527
527
527
527
527
527
527
527
527
527
527
527
527
527
527
527
527
527
527
527
527
527
527
527
527
527
527
527
527
527
527
527
527
527
527
527
527
527
527
527
527
527
527
527
527
527
526
526
526
526
526
526
526
526
526
526
526
526
526
526
526
526
526
526
526
526
526
526
526
526
526
526
526
526
526
526
526
526
526
526
526
526
526
526
526
526
526
526
526
526
526
526
526
526
526
526
525
525
525
525
525
525
525
525
525
525
525
525
525
525
525
525
525
525
525
525
525
525
525
525
525
525
525
525
525
525
525
525
525
525
525
525
525
525
525
525
525
525
525
525
525
525
525
525
525
525
524
524
524
524
524
524
524
524
524
524
524
524
524
524
524
524
524
524
524
524
524
524
524
524
524
524
524
524
524
524
524
524
524
524
524
524
524
524
524
524
524
524
524
524
524
524
524
524
524
524
524
524
524
524
523
523
523
523
523
523
523
523
523
523
523
523
523
523
523
523
523
523
523
523
523
523
523
523
523
523
523
523
523
523
523
523
523
523
523
523
523
523
523
523
523
523
523
523
523
523
523
523
523
522
522
522
522
522
522
522
522
522
522
522
522
522
522
522
522
522
522
522
522
522
522
522
522
522
522
522
522
522
522
522
522
522
522
522
522
522
522
522
522
522
522
522
522
522
522
522
522
522
522
522
522
521
521
521
521
521
521
521
521
521
521
521
521
521
521
521
521
521
521
521
521
521
521
521
521
521
521
521
521
521
521
521
521
521
521
521
521
521
521
521
521
521
521
521
521
521
521
521
521
521
521
521
520
520
520
520
520
520
520
520
520
520
520
520
520
520
520
520
520
520
520
520
520
520
520
520
520
520
520
520
520
520
520
520
520
520
520
520
520
520
520
520
520
520
520
520
520
520
520
520
520
519
519
519
519
519
519
519
519
519
519
519
519
519
519
519
519
519
519
519
519
519
519
519
519
519
519
519
519
519
519
519
519
519
519
519
519
519
519
519
519
519
519
519
519
519
519
519
519
519
519
519
519
519
519
519
519
519
519
519
518
518
518
518
518
518
518
518
518
518
518
518
518
518
518
518
518
518
518
518
518
518
518
518
518
518
518
518
518
518
518
518
518
518
518
518
518
518
518
518
518
518
518
518
518
518
518
518
518
518
518
518
518
518
517
517
517
517
517
517
517
517
517
517
517
517
517
517
517
517
517
517
517
517
517
517
517
517
517
517
517
517
517
517
517
517
517
517
517
517
517
517
517
517
517
517
517
517
517
516
516
516
516
516
516
516
516
516
516
516
516
516
516
516
516
516
516
516
516
516
516
516
516
516
516
516
516
516
516
516
516
516
516
516
516
516
516
516
516
516
516
516
516
516
516
516
516
515
515
515
515
515
515
515
515
515
515
515
515
515
515
515
515
515
515
515
515
515
515
515
515
515
515
515
515
515
515
515
515
515
515
515
515
515
515
515
515
515
515
515
515
515
515
515
515
515
514
514
514
514
514
514
514
514
514
514
514
514
514
514
514
514
514
514
514
514
514
514
514
514
514
514
514
514
514
514
514
514
514
514
514
514
514
514
514
514
514
514
514
514
514
514
514
514
514
514
514
514
514
514
513
513
513
513
513
513
513
513
513
513
513
513
513
513
513
513
513
513
513
513
513
513
513
513
513
513
513
513
513
513
513
513
513
513
513
513
513
513
513
513
513
513
513
513
513
513
513
513
513
513
513
513
513
513
513
513
512
512
512
512
512
512
512
512
512
512
512
512
512
512
512
512
512
512
512
512
512
512
512
512
512
512
512
512
512
512
512
512
512
512
512
512
512
512
512
512
512
512
512
512
512
512
512
512
512
512
512
512
512
512
511
511
511
511
511
511
511
511
511
511
511
511
511
511
511
511
511
511
511
511
511
511
511
511
511
511
511
511
511
511
511
511
511
511
511
511
511
511
511
511
511
511
511
511
511
511
511
511
511
511
510
510
510
510
510
510
510
510
510
510
510
510
510
510
510
510
510
510
510
510
510
510
510
510
510
510
510
510
510
510
510
510
510
510
510
510
510
510
510
510
510
510
510
510
510
509
509
509
509
509
509
509
509
509
509
509
509
509
509
509
509
509
509
509
509
509
509
509
509
509
509
509
509
509
509
509
509
509
509
509
509
509
509
509
509
509
509
509
509
509
509
509
509
508
508
508
508
508
508
508
508
508
508
508
508
508
508
508
508
508
508
508
508
508
508
508
508
508
508
508
508
508
508
508
508
508
508
508
508
508
508
508
508
508
508
508
508
507
507
507
507
507
507
507
507
507
507
507
507
507
507
507
507
507
507
507
507
507
507
507
507
507
507
507
507
507
507
507
507
507
507
507
507
507
507
507
507
507
507
507
507
507
507
507
507
507
507
507
507
507
507
507
507
507
507
507
507
506
506
506
506
506
506
506
506
506
506
506
506
506
506
506
506
506
506
506
506
506
506
506
506
506
506
506
506
506
506
506
506
506
506
506
506
506
506
506
506
506
505
505
505
505
505
505
505
505
505
505
505
505
505
505
505
505
505
505
505
505
505
505
505
505
505
505
505
505
505
505
505
505
505
505
505
505
505
505
505
505
505
505
505
505
505
505
504
504
504
504
504
504
504
504
504
504
504
504
504
504
504
504
504
504
504
504
504
504
504
504
504
504
504
504
504
504
504
504
503
503
503
503
503
503
503
503
503
503
503
503
503
503
503
503
503
503
503
503
503
503
503
503
503
503
503
503
503
503
503
503
503
503
503
503
503
503
503
503
503
503
503
503
503
503
503
503
503
503
503
503
503
502
502
502
502
502
502
502
502
502
502
502
502
502
502
502
502
502
502
502
502
502
502
502
502
502
502
502
502
502
502
502
502
502
502
502
502
502
502
502
502
502
502
502
502
502
502
502
502
502
502
502
501
501
501
501
501
501
501
501
501
501
501
501
501
501
501
501
501
501
501
501
501
501
501
501
501
501
501
501
501
501
501
501
501
501
501
501
501
501
501
501
501
501
501
501
501
501
501
501
501
501
501
501
501
501
501
501
501
500
500
500
500
500
500
500
500
500
500
500
500
500
500
500
500
500
500
500
500
500
500
500
500
500
500
500
500
500
500
500
500
500
500
500
500
500
500
500
500
500
500
500
500
499
499
499
499
499
499
499
499
499
499
499
499
499
499
499
499
499
499
499
499
499
499
499
499
499
499
499
499
499
499
499
499
499
499
499
499
499
499
499
499
499
499
499
499
498
498
498
498
498
498
498
498
498
498
498
498
498
498
498
498
498
498
498
498
498
498
498
498
498
498
498
498
498
498
498
498
498
498
498
498
498
498
498
498
497
497
497
497
497
497
497
497
497
497
497
497
497
497
497
497
497
497
497
497
497
497
497
497
497
497
497
497
497
497
497
497
497
497
497
497
497
497
497
497
497
497
497
497
497
497
497
497
497
497
497
497
497
496
496
496
496
496
496
496
496
496
496
496
496
496
496
496
496
496
496
496
496
496
496
496
496
496
496
496
496
496
496
496
496
496
496
496
496
496
496
496
496
496
496
496
496
496
496
496
496
496
495
495
495
495
495
495
495
495
495
495
495
495
495
495
495
495
495
495
495
495
495
495
495
495
495
495
495
495
495
495
495
495
495
495
495
495
495
495
495
495
494
494
494
494
494
494
494
494
494
494
494
494
494
494
494
494
494
494
494
494
494
494
494
494
494
494
494
494
494
494
494
494
494
494
494
494
494
494
494
494
494
494
494
494
494
494
494
494
493
493
493
493
493
493
493
493
493
493
493
493
493
493
493
493
493
493
493
493
493
493
493
493
493
493
493
493
493
493
493
493
493
493
493
493
493
493
493
493
493
492
492
492
492
492
492
492
492
492
492
492
492
492
492
492
492
492
492
492
492
492
492
492
492
492
492
492
492
492
492
492
492
492
492
492
492
492
492
492
492
492
492
492
492
492
492
492
492
492
491
491
491
491
491
491
491
491
491
491
491
491
491
491
491
491
491
491
491
491
491
491
491
491
491
491
491
491
491
491
491
491
491
491
491
491
491
491
491
491
491
491
491
491
491
491
491
491
491
491
491
491
490
490
490
490
490
490
490
490
490
490
490
490
490
490
490
490
490
490
490
490
490
490
490
490
490
490
490
490
490
490
490
490
490
490
490
490
490
490
490
490
490
490
490
490
490
490
490
490
490
490
490
490
490
490
490
490
490
490
490
490
490
490
489
489
489
489
489
489
489
489
489
489
489
489
489
489
489
489
489
489
489
489
489
489
489
489
489
489
489
489
489
489
489
489
489
489
489
489
489
489
489
489
489
489
489
489
489
489
489
489
489
489
489
489
489
489
488
488
488
488
488
488
488
488
488
488
488
488
488
488
488
488
488
488
488
488
488
488
488
488
488
488
488
488
488
488
488
488
488
488
488
488
488
488
488
488
488
488
488
488
488
488
488
488
488
488
488
488
488
488
488
488
488
488
488
488
488
488
488
488
488
488
488
487
487
487
487
487
487
487
487
487
487
487
487
487
487
487
487
487
487
487
487
487
487
487
487
487
487
487
487
487
487
487
487
487
487
487
487
487
487
487
487
487
487
487
487
487
486
486
486
486
486
486
486
486
486
486
486
486
486
486
486
486
486
486
486
486
486
486
486
486
486
486
486
486
486
486
486
486
486
486
486
486
486
486
486
486
486
486
486
486
486
486
486
486
486
486
486
486
486
485
485
485
485
485
485
485
485
485
485
485
485
485
485
485
485
485
485
485
485
485
485
485
485
485
485
485
485
485
485
485
485
485
485
485
485
485
485
485
485
485
485
485
485
485
484
484
484
484
484
484
484
484
484
484
484
484
484
484
484
484
484
484
484
484
484
484
484
484
484
484
484
484
484
484
484
484
484
484
484
484
484
484
484
484
484
484
484
484
484
483
483
483
483
483
483
483
483
483
483
483
483
483
483
483
483
483
483
483
483
483
483
483
483
483
483
483
483
483
483
483
483
483
483
483
483
483
483
483
483
483
483
482
482
482
482
482
482
482
482
482
482
482
482
482
482
482
482
482
482
482
482
482
482
482
482
482
482
482
482
482
482
482
482
482
482
482
482
482
482
482
482
482
482
482
482
482
482
482
482
482
482
482
482
482
481
481
481
481
481
481
481
481
481
481
481
481
481
481
481
481
481
481
481
481
481
481
481
481
481
481
481
481
481
481
481
481
481
481
481
481
481
481
481
480
480
480
480
480
480
480
480
480
480
480
480
480
480
480
480
480
480
480
480
480
480
480
480
480
480
480
480
480
480
480
480
480
480
480
480
480
480
480
480
480
480
480
480
480
480
480
480
480
480
479
479
479
479
479
479
479
479
479
479
479
479
479
479
479
479
479
479
479
479
479
479
479
479
479
479
479
479
479
479
479
479
479
479
479
479
479
479
479
479
479
479
479
479
479
479
479
479
479
479
479
478
478
478
478
478
478
478
478
478
478
478
478
478
478
478
478
478
478
478
478
478
478
478
478
478
478
478
478
478
478
478
478
478
478
478
478
478
478
478
478
478
478
478
478
478
478
478
478
478
478
478
478
477
477
477
477
477
477
477
477
477
477
477
477
477
477
477
477
477
477
477
477
477
477
477
477
477
477
477
477
477
477
477
477
477
477
477
477
477
477
477
477
477
477
477
477
477
476
476
476
476
476
476
476
476
476
476
476
476
476
476
476
476
476
476
476
476
476
476
476
476
476
476
476
476
476
476
476
476
476
476
476
476
476
476
476
476
476
476
476
476
476
476
476
476
476
475
475
475
475
475
475
475
475
475
475
475
475
475
475
475
475
475
475
475
475
475
475
475
475
475
475
475
475
475
475
475
475
475
475
475
475
475
475
475
475
475
475
475
475
474
474
474
474
474
474
474
474
474
474
474
474
474
474
474
474
474
474
474
474
474
474
474
474
474
474
474
474
474
474
474
474
474
474
474
474
474
474
474
473
473
473
473
473
473
473
473
473
473
473
473
473
473
473
473
473
473
473
473
473
473
473
473
473
473
473
473
473
473
473
473
473
472
472
472
472
472
472
472
472
472
472
472
472
472
472
472
472
472
472
472
472
472
472
472
472
472
472
472
472
472
472
472
472
472
472
472
472
472
472
472
472
472
472
472
471
471
471
471
471
471
471
471
471
471
471
471
471
471
471
471
471
471
471
471
471
471
471
471
471
471
471
471
471
471
471
471
471
471
471
471
471
471
471
471
471
471
471
471
471
471
470
470
470
470
470
470
470
470
470
470
470
470
470
470
470
470
470
470
470
470
470
470
470
470
470
470
470
470
470
470
470
470
470
470
470
470
470
470
470
470
470
470
470
470
469
469
469
469
469
469
469
469
469
469
469
469
469
469
469
469
469
469
469
469
469
469
469
469
469
469
469
469
469
469
469
469
469
469
469
469
469
469
469
469
469
469
469
469
469
469
469
469
469
468
468
468
468
468
468
468
468
468
468
468
468
468
468
468
468
468
468
468
468
468
468
468
468
468
468
468
468
468
468
468
468
468
468
468
468
468
468
468
468
468
468
468
468
468
468
468
468
468
468
468
468
468
468
468
468
467
467
467
467
467
467
467
467
467
467
467
467
467
467
467
467
467
467
467
467
467
467
467
467
467
467
467
467
467
467
467
467
467
467
467
467
467
467
467
467
467
467
467
467
467
467
467
467
467
467
467
466
466
466
466
466
466
466
466
466
466
466
466
466
466
466
466
466
466
466
466
466
466
466
466
466
466
466
466
466
466
466
466
466
466
466
466
466
466
466
466
466
466
466
466
466
466
466
466
466
466
466
466
466
466
466
465
465
465
465
465
465
465
465
465
465
465
465
465
465
465
465
465
465
465
465
465
465
465
465
465
465
465
465
465
465
465
465
465
465
465
465
465
465
465
465
465
465
465
465
465
465
465
465
464
464
464
464
464
464
464
464
464
464
464
464
464
464
464
464
464
464
464
464
464
464
464
464
464
464
464
464
464
464
464
464
464
464
464
464
464
464
464
464
464
464
464
464
464
463
463
463
463
463
463
463
463
463
463
463
463
463
463
463
463
463
463
463
463
463
463
463
463
463
463
463
463
463
463
463
463
463
463
463
463
463
463
463
463
463
463
463
463
462
462
462
462
462
462
462
462
462
462
462
462
462
462
462
462
462
462
462
462
462
462
462
462
462
462
462
462
462
462
462
462
462
462
462
462
462
462
462
462
462
462
462
462
462
462
462
462
462
462
462
461
461
461
461
461
461
461
461
461
461
461
461
461
461
461
461
461
461
461
461
461
461
461
461
461
461
461
461
461
461
461
461
461
461
461
461
461
461
461
461
461
461
461
460
460
460
460
460
460
460
460
460
460
460
460
460
460
460
460
460
460
460
460
460
460
460
460
460
460
460
460
460
460
460
460
460
460
460
460
460
460
460
460
460
460
460
460
460
460
460
460
460
460
460
460
460
460
460
460
460
460
460
460
460
460
460
460
460
459
459
459
459
459
459
459
459
459
459
459
459
459
459
459
459
459
459
459
459
459
459
459
459
459
459
459
459
459
459
459
459
459
459
459
459
459
459
459
459
459
459
459
459
459
459
459
459
459
459
459
459
459
459
459
459
458
458
458
458
458
458
458
458
458
458
458
458
458
458
458
458
458
458
458
458
458
458
458
458
458
458
458
458
458
458
458
458
458
458
458
458
458
458
458
458
458
458
458
458
458
458
458
457
457
457
457
457
457
457
457
457
457
457
457
457
457
457
457
457
457
457
457
457
457
457
457
457
457
457
457
457
457
457
457
457
457
457
457
457
457
457
457
457
457
457
457
457
457
456
456
456
456
456
456
456
456
456
456
456
456
456
456
456
456
456
456
456
456
456
456
456
456
456
456
456
456
456
456
456
456
456
456
456
456
456
455
455
455
455
455
455
455
455
455
455
455
455
455
455
455
455
455
455
455
455
455
455
455
455
455
455
455
455
455
455
455
455
455
455
455
455
455
455
455
455
455
455
455
455
455
455
455
455
455
455
454
454
454
454
454
454
454
454
454
454
454
454
454
454
454
454
454
454
454
454
454
454
454
454
454
454
454
454
454
454
454
454
454
454
454
454
454
454
454
453
453
453
453
453
453
453
453
453
453
453
453
453
453
453
453
453
453
453
453
453
453
453
453
453
453
453
453
453
453
453
453
453
453
453
453
453
453
453
453
453
453
453
453
453
453
453
453
453
453
452
452
452
452
452
452
452
452
452
452
452
452
452
452
452
452
452
452
452
452
452
452
452
452
452
452
452
452
452
452
452
452
452
452
452
452
452
452
452
452
452
452
452
452
452
452
452
452
452
451
451
451
451
451
451
451
451
451
451
451
451
451
451
451
451
451
451
451
451
451
451
451
451
451
451
451
451
451
451
451
451
451
451
451
451
451
451
451
451
451
451
451
450
450
450
450
450
450
450
450
450
450
450
450
450
450
450
450
450
450
450
450
450
450
450
450
450
450
450
450
450
450
450
450
450
450
450
450
450
450
450
450
450
450
450
450
450
450
450
450
450
450
450
450
450
450
450
449
449
449
449
449
449
449
449
449
449
449
449
449
449
449
449
449
449
449
449
449
449
449
449
449
449
449
449
449
449
449
449
449
449
449
449
449
449
449
449
448
448
448
448
448
448
448
448
448
448
448
448
448
448
448
448
448
448
448
448
448
448
448
448
448
448
448
448
448
448
448
448
448
448
448
448
448
448
448
448
448
448
448
448
448
448
448
448
448
448
447
447
447
447
447
447
447
447
447
447
447
447
447
447
447
447
447
447
447
447
447
447
447
447
447
447
447
447
447
447
447
447
447
447
447
447
447
447
447
447
447
447
447
447
447
446
446
446
446
446
446
446
446
446
446
446
446
446
446
446
446
446
446
446
446
446
446
446
446
446
446
446
446
446
446
446
446
446
446
446
446
446
446
446
446
446
446
446
446
446
446
446
446
446
446
446
445
445
445
445
445
445
445
445
445
445
445
445
445
445
445
445
445
445
445
445
445
445
445
445
445
445
445
445
445
445
445
445
445
445
445
445
445
445
445
445
445
445
445
445
445
445
445
445
445
445
445
445
444
444
444
444
444
444
444
444
444
444
444
444
444
444
444
444
444
444
444
444
444
444
444
444
444
444
444
444
444
444
444
444
444
444
444
444
444
444
444
444
444
444
444
444
444
444
444
444
444
444
443
443
443
443
443
443
443
443
443
443
443
443
443
443
443
443
443
443
443
443
443
443
443
443
443
443
443
443
443
443
443
443
443
443
443
443
443
443
443
443
443
442
442
442
442
442
442
442
442
442
442
442
442
442
442
442
442
442
442
442
442
442
442
442
442
442
442
442
442
442
442
442
442
442
442
442
442
442
441
441
441
441
441
441
441
441
441
441
441
441
441
441
441
441
441
441
441
441
441
441
441
441
441
441
441
441
441
441
441
441
441
441
441
441
441
441
441
441
441
441
441
441
441
441
441
441
441
441
441
441
440
440
440
440
440
440
440
440
440
440
440
440
440
440
440
440
440
440
440
440
440
440
440
440
440
440
440
440
440
440
440
440
440
440
440
440
440
440
440
440
440
440
439
439
439
439
439
439
439
439
439
439
439
439
439
439
439
439
439
439
439
439
439
439
439
439
439
439
439
439
439
439
439
439
439
439
439
439
439
439
439
439
439
439
439
439
439
439
439
439
439
439
439
439
439
439
439
439
439
438
438
438
438
438
438
438
438
438
438
438
438
438
438
438
438
438
438
438
438
438
438
438
438
438
438
438
438
438
438
438
438
438
438
438
438
438
438
438
437
437
437
437
437
437
437
437
437
437
437
437
437
437
437
437
437
437
437
437
437
437
437
437
437
437
437
437
437
437
437
437
437
437
437
437
437
437
437
437
437
437
437
436
436
436
436
436
436
436
436
436
436
436
436
436
436
436
436
436
436
436
436
436
436
436
436
436
436
436
436
436
436
436
436
436
436
436
436
436
436
436
436
436
436
436
436
436
436
435
435
435
435
435
435
435
435
435
435
435
435
435
435
435
435
435
435
435
435
435
435
435
435
435
435
435
435
435
435
435
435
435
435
435
435
434
434
434
434
434
434
434
434
434
434
434
434
434
434
434
434
434
434
434
434
434
434
434
434
434
434
434
434
434
434
434
434
434
433
433
433
433
433
433
433
433
433
433
433
433
433
433
433
433
433
433
433
433
433
433
433
433
433
433
433
433
433
433
433
433
433
433
433
433
433
433
433
433
433
433
433
433
433
433
433
433
432
432
432
432
432
432
432
432
432
432
432
432
432
432
432
432
432
432
432
432
432
432
432
432
432
432
432
432
432
432
432
432
432
432
432
432
432
432
432
432
432
432
432
432
432
432
432
432
431
431
431
431
431
431
431
431
431
431
431
431
431
431
431
431
431
431
431
431
431
431
431
431
431
431
431
431
431
431
431
431
431
431
431
431
431
431
431
431
431
431
431
431
431
431
430
430
430
430
430
430
430
430
430
430
430
430
430
430
430
430
430
430
430
430
430
430
430
430
430
430
430
430
430
430
430
430
430
430
430
430
430
430
430
430
430
429
429
429
429
429
429
429
429
429
429
429
429
429
429
429
429
429
429
429
429
429
429
429
429
429
429
429
429
429
429
429
429
429
429
429
429
429
429
429
428
428
428
428
428
428
428
428
428
428
428
428
428
428
428
428
428
428
428
428
428
428
428
428
428
428
428
428
428
428
428
428
428
428
428
428
428
428
427
427
427
427
427
427
427
427
427
427
427
427
427
427
427
427
427
427
427
427
427
427
427
427
427
427
427
427
427
427
427
427
427
427
426
426
426
426
426
426
426
426
426
426
426
426
426
426
426
426
426
426
426
426
426
426
426
426
426
426
426
426
426
426
426
426
426
426
426
426
426
426
426
426
426
426
426
426
426
426
426
426
425
425
425
425
425
425
425
425
425
425
425
425
425
425
425
425
425
425
425
425
425
425
425
425
425
425
425
425
425
425
425
425
425
425
425
425
425
425
425
425
424
424
424
424
424
424
424
424
424
424
424
424
424
424
424
424
424
424
424
424
424
424
424
424
424
424
424
424
424
424
424
424
424
423
423
423
423
423
423
423
423
423
423
423
423
423
423
423
423
423
423
423
423
423
423
423
423
423
423
423
423
423
423
423
423
423
423
423
423
423
423
423
423
423
423
423
422
422
422
422
422
422
422
422
422
422
422
422
422
422
422
422
422
422
422
422
422
422
422
422
422
422
422
422
422
422
422
422
422
422
422
422
422
422
422
422
422
422
422
422
422
422
422
422
422
422
422
422
421
421
421
421
421
421
421
421
421
421
421
421
421
421
421
421
421
421
421
421
421
421
421
421
421
421
421
421
421
421
421
421
421
421
421
421
421
421
421
421
421
421
421
421
421
420
420
420
420
420
420
420
420
420
420
420
420
420
420
420
420
420
420
420
420
420
420
420
420
420
420
420
420
420
420
420
420
419
419
419
419
419
419
419
419
419
419
419
419
419
419
419
419
419
419
419
419
419
419
419
419
419
419
419
419
419
419
419
419
419
419
419
419
419
419
419
419
419
419
419
419
419
419
419
418
418
418
418
418
418
418
418
418
418
418
418
418
418
418
418
418
418
418
418
418
418
418
418
418
418
418
418
418
418
418
417
417
417
417
417
417
417
417
417
417
417
417
417
417
417
417
417
417
417
417
417
417
417
417
417
417
417
417
417
417
417
417
417
417
417
417
417
417
417
417
417
417
416
416
416
416
416
416
416
416
416
416
416
416
416
416
416
416
416
416
416
416
416
416
416
416
416
416
416
416
416
416
416
416
416
416
416
416
416
416
416
415
415
415
415
415
415
415
415
415
415
415
415
415
415
415
415
415
415
415
415
415
415
415
415
415
415
415
415
415
415
415
415
415
415
415
415
415
415
415
415
415
415
415
415
415
415
414
414
414
414
414
414
414
414
414
414
414
414
414
414
414
414
414
414
414
414
414
414
414
414
414
414
414
414
414
414
414
414
414
414
414
414
414
414
413
413
413
413
413
413
413
413
413
413
413
413
413
413
413
413
413
413
413
413
413
413
413
413
413
413
412
412
412
412
412
412
412
412
412
412
412
412
412
412
412
412
412
412
412
412
412
412
412
412
412
412
412
412
412
412
412
412
412
412
412
412
412
412
412
412
412
411
411
411
411
411
411
411
411
411
411
411
411
411
411
411
411
411
411
411
411
411
411
411
411
411
411
411
411
411
411
411
411
411
411
411
411
411
411
411
411
411
411
411
411
410
410
410
410
410
410
410
410
410
410
410
410
410
410
410
410
410
410
410
410
410
410
410
410
410
410
410
410
410
410
410
410
410
409
409
409
409
409
409
409
409
409
409
409
409
409
409
409
409
409
409
409
409
409
409
409
409
409
409
409
409
409
409
409
409
408
408
408
408
408
408
408
408
408
408
408
408
408
408
408
408
408
408
408
408
408
408
408
408
408
408
408
408
408
408
408
408
408
408
408
408
408
408
408
408
408
408
408
407
407
407
407
407
407
407
407
407
407
407
407
407
407
407
407
407
407
407
407
407
407
407
407
407
407
407
407
407
407
407
407
406
406
406
406
406
406
406
406
406
406
406
406
406
406
406
406
406
406
406
406
406
406
406
406
406
406
406
406
406
406
406
406
406
406
406
405
405
405
405
405
405
405
405
405
405
405
405
405
405
405
405
405
405
405
405
405
405
405
405
405
405
405
405
405
405
405
405
405
405
405
405
404
404
404
404
404
404
404
404
404
404
404
404
404
404
404
404
404
404
404
404
404
404
404
404
404
404
404
404
404
404
404
404
404
404
403
403
403
403
403
403
403
403
403
403
403
403
403
403
403
403
403
403
403
403
403
403
403
403
403
403
403
403
403
403
403
403
403
403
403
403
403
402
402
402
402
402
402
402
402
402
402
402
402
402
402
402
402
402
402
402
402
402
402
402
402
402
402
402
402
402
402
402
402
402
402
402
402
402
402
402
402
402
402
402
402
401
401
401
401
401
401
401
401
401
401
401
401
401
401
401
401
401
401
401
401
401
401
401
401
401
401
401
401
401
401
401
401
401
401
401
401
401
401
401
401
401
401
401
401
401
401
400
400
400
400
400
400
400
400
400
400
400
400
400
400
400
400
400
400
400
400
400
400
400
400
400
400
400
400
400
400
400
400
400
400
400
400
399
399
399
399
399
399
399
399
399
399
399
399
399
399
399
399
399
399
399
399
399
399
399
399
399
399
399
399
399
399
399
399
399
399
399
399
399
399
399
399
398
398
398
398
398
398
398
398
398
398
398
398
398
398
398
398
398
398
398
398
398
398
398
398
398
398
398
398
397
397
397
397
397
397
397
397
397
397
397
397
397
397
397
397
397
397
397
397
397
397
397
397
397
397
397
397
397
397
397
397
396
396
396
396
396
396
396
396
396
396
396
396
396
396
396
396
396
396
396
396
396
396
396
396
396
396
396
396
396
396
396
396
396
396
396
396
396
396
396
396
396
395
395
395
395
395
395
395
395
395
395
395
395
395
395
395
395
395
395
395
395
395
395
395
395
395
395
395
395
395
395
395
395
395
395
395
395
395
395
395
394
394
394
394
394
394
394
394
394
394
394
394
394
394
394
394
394
394
394
394
394
394
394
394
394
394
394
394
394
394
394
394
394
393
393
393
393
393
393
393
393
393
393
393
393
393
393
393
393
393
393
393
393
393
393
393
393
393
393
393
393
393
393
393
393
393
393
393
393
393
393
392
392
392
392
392
392
392
392
392
392
392
392
392
392
392
392
392
392
392
392
392
392
392
392
392
392
392
392
392
392
392
392
392
392
392
392
392
392
392
392
392
391
391
391
391
391
391
391
391
391
391
391
391
391
391
391
391
391
391
391
391
391
391
391
391
391
391
391
391
391
391
391
391
391
391
391
391
391
391
391
390
390
390
390
390
390
390
390
390
390
390
390
390
390
390
390
390
390
390
390
390
390
390
390
390
390
390
390
390
390
390
390
390
390
390
389
389
389
389
389
389
389
389
389
389
389
389
389
389
389
389
389
389
389
389
389
389
389
389
389
389
389
389
389
389
389
389
389
389
389
389
389
389
389
388
388
388
388
388
388
388
388
388
388
388
388
388
388
388
388
388
388
388
388
388
388
388
388
388
388
388
387
387
387
387
387
387
387
387
387
387
387
387
387
387
387
387
387
387
387
387
387
387
387
387
387
387
386
386
386
386
386
386
386
386
386
386
386
386
386
386
386
386
386
386
386
386
386
386
386
386
386
386
386
386
386
386
386
386
386
386
386
386
386
385
385
385
385
385
385
385
385
385
385
385
385
385
385
385
385
385
385
385
385
385
385
385
384
384
384
384
384
384
384
384
384
384
384
384
384
384
384
384
384
384
384
384
384
384
384
384
384
384
384
384
384
384
384
384
383
383
383
383
383
383
383
383
383
383
383
383
383
383
383
383
383
383
383
383
383
383
383
383
383
383
383
383
383
382
382
382
382
382
382
382
382
382
382
382
382
382
382
382
382
382
382
382
382
382
382
382
382
382
382
382
382
382
382
382
382
381
381
381
381
381
381
381
381
381
381
381
381
381
381
381
381
381
381
381
381
381
381
381
381
381
381
381
381
381
381
381
380
380
380
380
380
380
380
380
380
380
380
380
380
380
380
380
380
380
380
380
380
380
380
380
380
380
380
380
380
380
380
380
379
379
379
379
379
379
379
379
379
379
379
379
379
379
379
379
379
379
379
379
379
379
379
378
378
378
378
378
378
378
378
378
378
378
378
378
378
378
378
378
378
378
378
378
378
378
378
377
377
377
377
377
377
377
377
377
377
377
377
377
377
377
377
377
377
377
377
377
377
377
377
377
377
377
377
377
377
377
377
376
376
376
376
376
376
376
376
376
376
376
376
376
376
376
376
376
376
376
376
376
376
376
376
376
376
376
376
376
376
376
376
376
376
376
375
375
375
375
375
375
375
375
375
375
375
375
375
375
375
375
375
375
375
375
375
375
375
375
375
375
374
374
374
374
374
374
374
374
374
374
374
374
374
374
374
374
374
374
374
374
374
374
374
374
374
374
374
374
374
374
374
374
373
373
373
373
373
373
373
373
373
373
373
373
373
373
373
373
373
373
373
373
373
373
373
373
373
373
373
373
372
372
372
372
372
372
372
372
372
372
372
372
372
372
372
372
372
372
372
372
372
372
372
372
372
372
372
372
372
372
372
371
371
371
371
371
371
371
371
371
371
371
371
371
371
371
371
371
371
371
371
371
371
371
371
370
370
370
370
370
370
370
370
370
370
370
370
370
370
370
370
370
370
370
370
370
370
370
370
370
370
370
370
370
370
369
369
369
369
369
369
369
369
369
369
369
369
369
369
369
369
369
369
369
369
369
369
369
369
369
369
369
369
368
368
368
368
368
368
368
368
368
368
368
368
368
368
368
368
368
368
368
368
368
368
368
368
368
367
367
367
367
367
367
367
367
367
367
367
367
367
367
367
367
367
367
367
367
367
367
367
367
367
367
367
367
367
367
367
367
367
366
366
366
366
366
366
366
366
366
366
366
366
366
366
366
366
366
366
366
366
366
366
366
366
365
365
365
365
365
365
365
365
365
365
365
365
365
365
365
365
365
365
365
365
365
365
365
365
365
365
365
365
365
365
365
365
365
365
364
364
364
364
364
364
364
364
364
364
364
364
364
364
364
364
364
364
364
364
364
364
364
364
363
363
363
363
363
363
363
363
363
363
363
363
363
363
363
363
363
363
363
363
363
363
363
363
362
362
362
362
362
362
362
362
362
362
362
362
362
362
362
362
362
362
362
362
362
362
362
362
362
361
361
361
361
361
361
361
361
361
361
361
361
361
361
361
361
361
361
361
361
361
361
361
361
361
361
361
360
360
360
360
360
360
360
360
360
360
360
360
360
360
360
360
360
360
360
360
360
360
360
360
360
360
360
360
360
360
360
360
360
360
360
359
359
359
359
359
359
359
359
359
359
359
359
359
359
359
359
359
359
359
359
359
358
358
358
358
358
358
358
358
358
358
358
358
358
358
358
358
358
358
358
358
358
358
358
358
358
357
357
357
357
357
357
357
357
357
357
357
357
357
357
357
357
357
357
357
357
357
357
357
357
357
357
357
357
357
357
357
357
357
357
356
356
356
356
356
356
356
356
356
356
356
356
356
356
356
356
356
356
356
356
356
356
356
356
356
356
356
356
356
355
355
355
355
355
355
355
355
355
355
355
355
355
355
355
355
355
355
355
355
355
355
355
355
355
355
355
355
354
354
354
354
354
354
354
354
354
354
354
354
354
354
354
354
354
354
353
353
353
353
353
353
353
353
353
353
353
353
353
353
353
353
353
353
353
353
353
353
353
352
352
352
352
352
352
352
352
352
352
352
352
352
352
352
352
352
352
352
352
352
352
352
352
352
352
352
352
352
351
351
351
351
351
351
351
351
351
351
351
351
351
351
351
351
351
351
351
351
351
350
350
350
350
350
350
350
350
350
350
350
350
350
350
350
350
350
350
350
350
350
350
350
350
349
349
349
349
349
349
349
349
349
349
349
348
348
348
348
348
348
348
348
348
348
348
348
348
348
348
348
348
348
348
348
348
348
348
348
348
348
348
348
348
347
347
347
347
347
347
347
347
347
347
347
347
347
347
347
347
347
347
347
347
347
346
346
346
346
346
346
346
346
346
346
346
346
346
346
346
346
346
346
346
346
346
346
345
345
345
345
345
345
345
345
345
345
345
345
345
344
344
344
344
344
344
344
344
344
344
344
344
344
344
344
344
344
344
344
344
344
344
344
344
344
344
343
343
343
343
343
343
343
343
343
343
343
343
343
343
343
343
343
343
343
343
343
343
343
343
343
343
343
343
343
343
343
343
343
342
342
342
342
342
342
342
342
342
342
342
342
342
342
342
342
342
342
342
342
342
342
341
341
341
341
341
341
341
341
341
341
341
341
341
341
341
341
341
341
341
341
341
341
341
341
341
341
341
341
340
340
340
340
340
340
340
340
340
340
340
340
340
340
340
340
340
340
340
340
340
340
340
340
340
340
340
340
340
340
339
339
339
339
339
339
339
339
339
339
339
339
339
339
339
339
339
339
339
339
339
338
338
338
338
338
338
338
338
338
338
338
338
338
338
338
338
338
338
338
338
337
337
337
337
337
337
337
337
337
337
337
337
337
337
337
337
337
337
337
337
337
337
337
336
336
336
336
336
336
336
336
336
336
336
336
336
336
336
336
336
336
336
336
336
336
336
336
336
336
336
336
336
336
336
336
336
335
335
335
335
335
335
335
335
335
335
335
335
335
335
335
335
335
335
335
335
335
335
334
334
334
334
334
334
334
334
334
334
334
334
334
334
334
333
333
333
333
333
333
333
333
333
333
333
333
333
333
333
333
333
333
333
333
333
332
332
332
332
332
332
332
332
332
332
332
332
332
332
332
332
332
332
332
332
331
331
331
331
331
331
331
331
331
331
331
331
331
331
331
331
331
331
331
331
330
330
330
330
330
330
330
330
330
330
330
330
330
330
330
330
330
330
330
329
329
329
329
329
329
329
329
329
329
329
329
329
329
329
329
329
329
329
329
328
328
328
328
328
328
328
328
328
328
328
328
328
328
328
328
328
328
328
328
328
328
328
328
328
328
328
328
328
328
328
328
328
327
327
327
327
327
327
327
327
327
327
327
327
327
327
327
327
327
326
326
326
326
326
326
326
326
326
326
326
326
326
326
326
325
325
325
325
325
325
325
325
325
325
325
325
325
325
325
325
325
325
325
325
325
325
325
325
325
324
324
324
324
324
324
324
324
324
324
324
324
324
324
323
323
323
323
323
323
323
323
323
323
323
323
323
323
323
323
323
323
322
322
322
322
322
322
322
322
322
322
322
322
322
322
322
322
322
322
322
321
321
321
321
321
321
321
321
321
321
321
321
321
321
320
320
320
320
320
320
320
320
320
320
320
320
320
320
320
320
320
320
320
319
319
319
319
319
319
319
319
319
319
319
319
319
319
319
319
319
319
319
318
318
318
318
318
318
318
318
318
318
318
318
318
318
318
318
317
317
317
317
317
317
317
317
317
317
317
317
317
317
317
317
317
317
317
317
316
316
316
316
316
316
316
316
316
316
315
315
315
315
315
315
315
315
315
315
315
315
315
315
315
315
315
315
315
315
315
315
314
314
314
314
314
314
314
314
314
314
314
314
314
314
314
314
314
313
313
313
313
313
313
313
313
313
313
313
313
313
313
313
313
313
313
313
313
313
312
312
312
312
312
312
312
312
312
312
312
312
312
312
312
312
312
311
311
311
311
311
311
311
311
311
311
311
311
311
311
311
311
311
311
311
311
311
311
311
311
311
311
311
311
311
310
310
310
310
310
310
310
310
310
310
310
310
310
310
310
310
310
310
310
310
310
309
309
309
309
309
309
309
309
309
309
309
309
309
308
308
308
308
308
308
308
308
308
308
308
308
308
308
308
307
307
307
307
307
307
307
307
307
307
307
307
307
307
306
306
306
306
306
306
306
306
306
306
306
306
306
306
306
306
306
306
305
305
305
305
305
305
305
305
305
305
305
305
305
305
305
304
304
304
304
304
304
304
304
304
304
304
303
303
303
303
303
303
303
303
303
303
303
303
303
303
303
303
303
303
303
303
303
303
303
303
303
303
303
303
303
303
303
303
303
302
302
302
302
302
302
302
302
302
302
302
302
302
301
301
301
301
301
301
301
301
301
301
301
301
301
301
301
300
300
300
300
300
300
300
300
300
300
300
300
300
300
300
300
299
299
299
299
299
299
299
299
299
299
298
298
298
298
298
298
298
298
298
298
298
298
297
297
297
297
297
297
297
297
297
297
297
297
297
297
297
297
297
297
297
296
296
296
296
296
296
296
296
296
296
296
296
296
295
295
295
295
295
295
295
295
295
295
295
295
295
295
294
294
294
294
294
294
294
294
294
294
294
294
294
294
294
294
294
294
293
293
293
293
293
293
293
293
293
293
293
292
292
292
292
292
292
292
292
291
291
291
291
291
291
291
291
291
291
291
291
290
290
290
290
290
290
290
290
290
290
290
290
290
290
290
290
290
289
289
289
289
289
289
289
289
289
289
289
288
288
288
288
288
288
288
288
288
288
288
288
288
288
288
288
288
288
288
288
288
288
288
288
287
287
287
287
287
287
287
287
287
287
287
287
287
286
286
286
286
286
286
286
286
286
286
286
286
286
285
285
285
285
285
285
285
285
285
285
285
285
285
284
284
284
284
284
284
284
284
284
284
284
284
284
284
284
284
283
283
283
283
283
283
283
283
283
283
282
282
282
282
282
282
282
282
282
282
282
282
282
282
281
281
281
281
281
281
281
281
281
281
281
281
281
281
281
280
280
280
280
280
280
280
280
280
280
280
279
279
279
279
279
279
279
279
279
279
279
279
279
279
279
278
278
278
278
278
278
278
278
278
278
278
278
278
278
277
277
277
277
277
277
277
277
277
277
277
277
277
277
276
276
276
276
276
276
276
276
276
276
276
276
275
275
275
275
275
275
275
275
275
275
275
275
275
275
275
275
275
275
275
275
274
274
274
274
274
274
274
274
274
274
274
274
273
273
273
273
273
273
273
273
273
273
273
273
272
272
272
272
272
272
272
272
272
272
272
271
271
271
271
271
271
271
271
271
271
271
271
270
270
270
270
270
270
270
270
269
269
269
269
269
269
269
269
269
269
269
269
269
269
269
269
269
269
268
268
268
268
268
268
268
268
268
268
268
267
267
267
267
267
267
267
267
267
267
267
267
267
267
267
266
266
266
266
266
266
266
265
265
265
265
265
265
265
265
265
264
264
264
264
264
264
264
264
263
263
263
263
263
263
263
263
263
263
263
263
263
263
263
263
263
263
262
262
262
262
262
261
261
261
261
261
261
261
261
261
261
261
261
261
261
261
261
260
260
260
260
260
260
260
260
260
259
259
259
259
259
259
259
259
259
259
258
258
258
258
258
257
257
257
257
257
257
257
257
257
257
257
257
257
257
257
256
256
256
256
256
256
256
256
256
256
256
256
256
256
256
255
255
255
254
254
254
254
254
254
254
254
254
254
254
254
253
253
253
253
253
253
253
253
253
253
253
253
253
253
253
253
253
253
252
252
252
252
252
252
252
252
252
251
251
251
251
251
251
251
251
250
250
250
250
250
250
250
250
250
250
250
249
249
249
249
249
249
249
249
249
249
249
248
248
248
248
248
248
248
248
248
248
247
247
247
247
247
247
247
247
247
247
246
246
246
246
246
246
246
246
246
246
245
245
245
245
245
244
244
244
244
244
244
244
244
244
244
243
243
243
243
243
243
243
243
243
243
243
242
242
242
242
242
242
242
242
241
241
241
241
241
241
241
241
240
240
240
240
240
240
240
240
240
240
240
240
239
239
239
239
239
239
239
239
239
239
239
239
239
239
239
239
239
239
239
238
238
238
238
238
238
238
238
238
237
237
237
237
237
237
237
236
236
236
236
236
236
236
236
236
236
235
235
235
235
235
235
235
235
235
235
235
235
235
234
234
234
234
234
234
234
234
234
233
233
233
233
233
233
233
233
233
233
233
233
233
233
233
232
232
232
232
232
232
232
232
232
232
232
232
232
232
232
232
231
231
231
231
231
231
231
230
230
230
230
230
230
230
230
230
230
230
229
229
229
229
229
229
229
229
229
229
229
229
228
228
228
228
228
228
228
228
228
228
228
228
228
227
227
227
227
227
227
227
227
227
227
227
226
226
226
226
226
226
226
226
226
226
226
226
225
225
225
225
225
225
225
225
224
224
224
224
224
224
224
224
223
223
223
223
223
223
223
223
223
223
223
223
223
223
222
222
222
222
222
222
222
222
222
222
222
222
222
222
222
222
221
221
221
221
221
221
221
221
221
221
220
220
220
220
220
220
220
220
219
219
219
219
219
219
219
219
218
218
218
218
218
218
218
218
218
218
218
218
218
218
218
218
217
217
217
217
217
217
217
217
217
217
217
217
216
216
216
216
216
216
216
216
216
216
216
216
216
215
215
215
215
215
215
215
215
215
215
215
215
215
215
215
214
214
214
214
214
214
214
214
214
214
214
214
214
214
214
214
213
213
213
213
213
213
213
213
213
213
213
212
212
212
212
212
212
212
212
212
212
211
211
211
211
210
210
210
210
210
210
210
210
210
210
210
209
209
209
209
209
209
209
209
209
209
209
208
208
208
208
208
208
207
207
207
207
207
207
207
207
207
207
206
206
206
206
206
206
206
206
206
206
206
205
205
205
205
205
205
205
205
205
205
205
204
204
204
204
204
204
204
204
204
203
203
203
203
203
203
203
203
202
202
202
202
202
202
202
201
201
201
201
201
201
201
201
201
201
201
200
200
200
200
200
200
200
200
200
200
199
199
199
199
199
199
199
199
199
199
199
198
198
198
198
198
198
198
198
198
198
197
197
197
197
197
197
197
197
196
196
196
196
196
196
196
195
195
195
195
195
195
195
195
195
195
195
195
195
195
194
194
193
193
193
193
193
193
193
193
193
193
193
192
192
192
192
192
192
192
192
191
191
191
191
191
191
191
191
191
191
191
191
191
191
191
190
190
190
190
190
190
190
190
190
190
190
189
189
189
189
189
189
189
189
189
189
189
189
189
189
189
189
189
189
189
188
188
188
188
188
188
188
188
187
187
187
187
187
187
187
187
187
186
186
186
186
186
186
186
185
185
185
185
185
185
185
185
185
185
185
185
184
184
183
183
183
183
183
183
182
182
182
182
182
182
182
182
182
182
182
182
182
182
181
181
181
181
181
181
181
181
181
181
181
181
181
181
180
180
180
180
180
180
179
179
179
179
179
179
179
179
179
179
179
179
178
178
178
178
178
178
177
177
177
177
177
176
176
176
176
176
176
176
176
176
175
175
175
175
175
175
175
175
174
174
174
174
174
174
174
174
174
174
174
174
173
173
173
173
173
173
173
173
173
173
172
172
172
172
172
171
171
171
171
171
171
171
171
171
171
171
171
171
171
170
170
170
170
170
169
169
169
169
169
169
168
168
168
168
168
168
167
167
167
167
167
167
166
166
166
166
166
166
166
166
166
166
165
165
165
165
165
165
164
164
164
164
164
164
164
164
164
163
163
163
163
163
163
163
162
162
162
162
162
162
162
162
162
162
162
161
161
161
161
161
161
161
161
161
161
161
161
161
160
160
160
160
160
160
159
159
159
159
159
159
158
158
158
158
158
158
158
158
158
158
158
157
157
157
157
157
157
157
157
157
156
156
156
156
156
156
156
156
156
156
156
156
155
155
155
155
155
155
155
154
154
154
154
154
154
154
153
153
153
153
153
153
153
152
152
152
152
152
152
152
152
152
152
152
151
151
151
151
151
151
151
151
151
151
151
150
150
150
150
150
150
150
150
150
150
150
150
149
149
149
149
149
149
149
149
149
149
149
148
148
148
148
148
148
148
148
148
148
147
147
147
147
147
147
147
147
146
146
146
146
146
146
146
146
145
145
145
145
145
145
145
145
145
145
145
145
145
145
145
144
144
144
144
144
144
144
143
143
143
143
143
143
143
143
143
143
143
143
143
142
142
142
142
142
141
141
141
141
141
141
141
141
141
140
140
140
140
140
140
140
140
140
139
139
139
139
139
138
138
138
138
138
138
138
137
137
137
137
137
137
137
137
137
137
137
137
137
136
136
136
136
136
136
136
136
136
135
135
135
134
134
134
134
134
134
134
134
133
133
133
133
133
133
133
133
133
133
133
132
132
132
132
132
132
132
132
132
132
132
132
131
131
131
131
131
130
130
130
130
130
130
129
129
129
129
129
129
129
129
129
129
129
128
128
128
128
128
128
128
128
128
128
128
128
128
127
126
126
126
126
126
126
126
126
125
125
125
125
125
125
125
125
125
125
125
125
124
124
124
124
124
124
124
124
124
123
123
123
123
123
123
123
123
123
123
123
123
123
122
122
122
122
122
122
122
122
122
122
121
121
121
121
121
121
121
121
120
120
120
120
120
120
120
120
120
120
120
120
120
120
120
120
119
119
119
119
119
119
119
119
118
118
118
118
118
118
118
118
117
117
117
117
117
117
117
117
117
117
117
117
117
116
116
116
116
116
116
116
116
116
115
115
115
115
115
115
115
115
115
114
114
114
114
114
114
114
114
114
114
113
113
113
113
113
113
113
112
112
112
112
112
112
112
112
112
112
112
112
112
112
111
111
111
111
111
111
111
111
111
111
111
111
111
111
110
110
110
110
110
110
110
110
110
110
110
110
109
109
108
108
108
108
108
108
108
108
108
108
108
108
108
107
107
107
107
107
107
106
106
106
106
106
106
106
106
106
106
105
105
105
105
105
105
105
105
105
105
105
105
105
104
104
104
104
104
104
104
104
104
104
104
104
104
104
103
103
103
103
103
103
103
103
103
103
102
102
102
102
102
102
102
101
101
101
101
101
101
101
101
101
101
101
100
100
100
100
100
100
100
100
100
100
100
100
100
100
100
100
100
100
99
99
99
99
99
99
99
99
99
99
99
99
99
98
98
98
98
97
97
97
97
97
97
97
97
97
97
97
97
96
96
96
96
96
96
96
96
96
96
96
96
96
95
95
95
95
95
95
95
95
95
95
95
95
95
95
94
94
94
94
94
94
94
94
93
93
93
93
93
93
93
93
92
92
92
92
92
92
92
92
92
92
92
91
91
91
91
91
91
91
91
91
91
91
91
91
90
90
90
90
90
90
90
90
90
90
90
89
89
89
89
89
89
89
89
88
88
88
88
88
88
88
88
88
88
87
87
87
87
87
87
87
87
86
86
86
86
86
85
85
85
85
85
85
85
85
85
85
85
85
84
84
84
84
84
84
84
84
84
84
84
84
83
83
83
83
83
83
83
83
82
82
82
82
82
82
82
82
82
82
82
82
82
81
81
81
81
81
81
81
81
81
81
81
81
80
80
80
80
80
80
80
80
80
80
79
79
79
79
79
79
79
79
78
78
78
78
77
77
77
77
77
77
77
76
76
76
76
76
76
75
75
75
75
75
75
75
75
75
75
74
74
74
74
74
74
74
74
73
73
73
73
73
73
73
73
73
73
73
73
73
73
72
72
72
72
72
72
72
72
72
71
71
71
71
71
71
70
70
70
70
70
70
70
70
69
69
69
69
69
69
68
68
68
68
68
68
68
68
68
67
67
67
67
67
67
67
67
67
67
67
67
66
66
66
66
66
66
66
66
66
66
66
66
66
66
66
65
65
65
65
65
65
65
65
65
64
64
64
64
64
64
64
64
63
63
63
63
63
63
63
63
63
63
63
63
63
62
62
62
62
62
62
62
62
62
62
62
61
61
61
61
61
61
61
61
61
61
61
60
60
60
60
60
60
60
60
59
59
59
59
59
59
58
58
58
58
58
58
58
57
57
57
57
57
57
57
57
57
56
56
56
56
56
56
56
56
56
56
56
56
56
56
56
56
56
55
55
55
55
55
55
55
55
55
55
55
55
55
55
55
55
54
54
54
54
54
54
54
53
53
53
53
53
53
53
53
53
52
52
52
52
52
52
52
52
51
51
51
51
51
51
51
51
51
51
51
51
50
50
50
50
50
50
50
50
50
50
50
50
50
50
49
49
49
49
49
49
49
49
49
49
49
48
48
48
48
48
48
48
48
48
48
47
47
47
47
47
47
46
46
46
46
46
46
46
46
46
46
45
45
45
45
45
45
44
44
44
44
44
44
44
44
44
44
43
43
43
43
43
43
43
42
42
42
42
42
42
42
42
42
42
42
41
41
41
41
41
41
41
41
41
40
40
40
40
40
40
40
40
40
39
39
39
39
39
39
39
39
39
39
39
39
39
39
38
38
38
38
38
38
38
38
37
37
37
37
37
37
37
37
37
37
37
37
36
36
36
36
36
36
36
36
36
36
36
36
35
35
35
35
35
35
35
35
35
35
35
35
34
34
34
34
34
34
34
34
34
33
33
33
33
33
33
33
33
33
32
32
32
32
32
32
32
32
32
32
31
31
31
31
31
31
31
30
30
30
30
30
30
30
30
30
30
30
30
30
30
30
30
29
29
29
29
29
29
29
29
29
29
28
28
28
28
28
28
28
28
28
28
28
28
28
28
28
28
27
27
27
27
27
27
27
27
27
27
27
27
26
26
26
26
26
26
26
25
25
25
25
25
25
25
25
25
24
24
24
24
24
24
24
24
24
24
24
24
23
23
23
23
23
23
22
22
22
22
22
22
22
22
22
22
21
21
21
21
21
21
21
21
21
21
21
20
20
20
20
20
20
20
20
20
20
20
20
20
20
19
19
19
19
19
19
19
19
19
19
19
18
18
18
18
18
18
18
18
18
18
18
18
18
18
18
18
18
18
17
17
17
17
17
17
17
17
17
16
16
16
16
16
16
16
16
16
16
16
16
16
16
15
15
15
15
15
15
15
15
15
15
15
15
15
14
14
14
14
14
14
14
14
14
14
14
14
14
14
13
13
13
13
13
13
13
12
12
12
12
12
12
12
11
11
11
11
11
11
11
11
11
11
10
10
10
10
10
10
10
10
10
10
10
10
10
10
10
10
9
9
9
9
9
9
9
9
9
9
9
9
9
9
9
9
9
9
9
8
8
8
8
8
8
8
8
8
8
8
8
8
8
8
8
8
7
7
7
7
7
7
7
7
7
7
7
7
7
7
7
7
7
7
7
6
6
6
6
6
6
6
6
6
6
6
6
6
6
6
6
6
6
5
5
5
5
5
5
5
5
5
5
5
5
5
5
5
5
5
5
5
5
5
5
5
4
4
4
4
4
4
4
4
4
4
4
4
4
4
4
4
4
4
4
4
4
4
4
4
4
4
4
4
4
4
4
4
4
3
3
3
3
3
3
3
3
3
3
3
3
3
3
3
3
2
2
2
2
2
2
2
2
2
2
2
2
2
2
2
2
2
2
2
2
2
2
2
2
2
2
2
2
2
2
2
2
2
2
2
2
1
1
1
1
1
1
1
1
1
1
1
1
1
1
1
1
1
1
1
1
1
1
1
1
1
1
1
1
1
1
1
1
1
1
1
1
1
1
1
1
1
1
1
1
